project_code,project_name,sector,ministry,implementing_agency,state,original_cost,revised_cost,expenditure,physical_progress,sanction_date,original_doc,revised_doc,snapshot_date,target_final_delay_months,target_cost_overrun_pct,target_is_high_risk
PAIM-617727,Orvakal Industrial Area (NICDC) (617727),Infrastructure & Highways,Ministry of Coal,617727,Andhra Pradesh,2848.12,2848.12,1269.07,44.6,2022-03-01,2028-12-31,2029-12-31,2026-04-01,0,0.0,0
PAIM-617729,Kopparthy Industrial Area (NICDC) (617729),Infrastructure & Highways,Ministry of Coal,617729,Andhra Pradesh,632.93,632.93,174.24,27.5,2022-03-01,2027-12-31,2029-12-31,2026-04-01,6,0.0,0
PAIM-701668,Development of Palakkad Node under extension of CBIC to Kochi (National Industrial Corridor Development Corporation) (70,Infrastructure & Highways,Ministry of Coal,701668,Andhra Pradesh,3254.15,3254.15,2372.48,72.9,2024-03-01,2028-12-31,2028-12-31,2026-04-01,24,0.0,0
PAIM-601812,Development of Zaheerabad Node under Hyderabad Nagpur Industrial Corridor (National Industrial Corridor Development Corp,Infrastructure & Highways,Ministry of Coal,601812,Uttar Pradesh,3542.45,3542.45,2690.52,76.0,2024-03-01,2028-12-31,2027-12-31,2026-04-01,6,0.0,0
PAIM-707419,IMC at Prayagraj (National Industrial Corridor Development Corporation) (707419),Infrastructure & Highways,Ministry of Coal,707419,Uttar Pradesh,1737.12,1737.12,707.01,40.7,2021-03-01,2026-12-31,2028-12-31,2026-04-01,24,0.0,0
PAIM-611961,"Construction of IIT Bhubaneswar -Phase III (Indian Institute of Technology, Bhubaneshwar) (611961)",Infrastructure & Highways,Ministry of Coal,611961,Odisha,2208.38,2208.38,467.49,21.2,2024-03-01,2027-12-31,2027-12-31,2026-04-01,18,0.0,0
PAIM-617764,North Dhadu Western Part OCP (NLC India Limited [NLCIL]) (617764),Infrastructure & Highways,Ministry of Coal,617764,Odisha,3140.73,3140.73,1157.72,36.9,2024-03-01,2027-12-31,2029-12-31,2026-04-01,0,0.0,0
PAIM-618981,810 MW Solar Power Project - Rajasthan (NLC India Limited [NLCIL]) (618981),Infrastructure & Highways,Ministry of Coal,618981,Rajasthan,3926.01,3926.01,2805.33,71.5,2022-03-01,2027-12-31,2029-12-31,2026-04-01,6,0.0,0
PAIM-612878,Bangalore Metro Rail Project - PHASE-3 (Bengaluru Metro Rail) (612878),Infrastructure & Highways,Ministry of Coal,612878,Karnataka,3442.34,3442.34,646.77,18.8,2021-03-01,2026-12-31,2028-12-31,2026-04-01,24,0.0,0
PAIM-702958,Lucknow Sewerage Management Infrastructure Project (Ministry of Housing & Urban Affairs) (702958),Infrastructure & Highways,Ministry of Coal,702958,Karnataka,4196.41,4196.41,1431.9,34.1,2022-03-01,2027-12-31,2027-12-31,2026-04-01,6,0.0,0
PAIM-619313,Consumption at MR (MinistryofPetroleumNaturalGas) (619313),Infrastructure & Highways,Ministry of Coal,619313,Maharashtra,2214.76,2214.76,1348.88,60.9,2021-03-01,2026-12-31,2027-12-31,2026-04-01,36,0.0,0
PAIM-619316,"Group Gathering Station, Lakwagaon (Ministry of Petroleum & Natural Gas) (619316)",Infrastructure & Highways,Ministry of Coal,619316,Maharashtra,4242.82,4242.82,2176.42,51.3,2021-03-01,2026-12-31,2027-12-31,2026-04-01,18,0.0,0
PAIM-619314,Pipeline Replacement Project- PRP-IX (Ministry of Petroleum & Natural Gas) (619314),Infrastructure & Highways,Ministry of Coal,619314,Uttar Pradesh,3121.39,3121.39,589.82,18.9,2021-03-01,2026-12-31,2027-12-31,2026-04-01,12,0.0,0
PAIM-619312,Bulk Loading Hub- Kanpur (MinistryofPetroleumNaturalGas) (619312),Infrastructure & Highways,Ministry of Coal,619312,Uttar Pradesh,2707.44,2707.44,384.06,14.2,2022-03-01,2026-12-31,2027-12-31,2026-04-01,36,0.0,0
PAIM-619311,Kalai-II Hydro Electric Project [1200 MW] (THDC India Limited) (619311),Infrastructure & Highways,Ministry of Coal,619311,Uttar Pradesh,2202.31,2202.31,327.5,14.9,2024-03-01,2028-12-31,2027-12-31,2026-04-01,18,0.0,0
PAIM-611716,700 MW Tato-II HE Project (North Eastern Electric Power Corporation Limited) (611716),Infrastructure & Highways,Ministry of Coal,611716,Odisha,211.33,211.33,90.4,42.8,2022-03-01,2027-12-31,2028-12-31,2026-04-01,18,0.0,0
PAIM-619056,"Darlipali Super Thermal Power Project, Stage-II [1x800 MW] (National Thermal Power Corporation [NTPC]) (619056)",Infrastructure & Highways,Ministry of Coal,619056,Odisha,2370.75,2370.75,1678.77,70.8,2024-03-01,2027-12-31,2027-12-31,2026-04-01,12,0.0,0
PAIM-615336,phase-III Part-D Phase-II (Power Grid Corporation of India Limited [POWERGRID]) (615336),Infrastructure & Highways,Ministry of Coal,615336,Rajasthan,1155.19,1155.19,920.45,79.7,2022-03-01,2026-12-31,2029-12-31,2026-04-01,12,0.0,0
PAIM-619228,Davanagere [0.25 GW] and Bellary [2.75 GW] (Power Grid Corporation of India Limited [POWERGRID]) (619228),Infrastructure & Highways,Ministry of Railways,619228,Maharashtra,3790.37,3790.37,919.43,24.3,2022-03-01,2027-12-31,2027-12-31,2026-04-01,36,0.0,0
PAIM-619227,Pune Region-I [765/400kV AIS Pune East] (Power Grid Corporation of India Limited [POWERGRID]) (619227),Infrastructure & Highways,Ministry of Railways,619227,Maharashtra,1148.97,1148.97,781.79,68.0,2023-03-01,2027-12-31,2029-12-31,2026-04-01,36,0.0,0
PAIM-617239,KM (East Central Railway [ECR] - I) (617239),Infrastructure & Highways,Ministry of Railways,617239,Bihar,955.6,955.6,104.43,10.9,2021-03-01,2027-12-31,2029-12-31,2026-04-01,0,0.0,0
PAIM-706865,Chandargaon - Cansaulium Rail Flyover Project [16 Km] (South Western Railway [SWR] - II) (706865),Infrastructure & Highways,Ministry of Railways,706865,Gujarat,4434.12,4434.12,2508.75,56.6,2021-03-01,2028-12-31,2028-12-31,2026-04-01,24,0.0,0
PAIM-617880,Desalpar-Hajipir-Luna and Vayor-Lakhpat New Line (Western Railway [WR] - II) (617880),Infrastructure & Highways,Ministry of Railways,617880,Gujarat,1295.39,1295.39,490.76,37.9,2023-03-01,2027-12-31,2028-12-31,2026-04-01,24,0.0,0
PAIM-616983,Kosamba Umarpada GC PROJECT (Ministry of Railways-) (616983),Infrastructure & Highways,Ministry of Railways,616983,Gujarat,1187.91,1187.91,618.69,52.1,2022-03-01,2027-12-31,2027-12-31,2026-04-01,12,0.0,0
PAIM-705747,Parasnath-Madhuban-Giridih new line (East Central Railway [ECR] - I) (705747),Infrastructure & Highways,Ministry of Railways,705747,Gujarat,4022.3,4022.3,2731.96,67.9,2021-03-01,2028-12-31,2029-12-31,2026-04-01,0,0.0,0
PAIM-705762,Construction of New BG line between Hassan [Alur] to Belur [ Km 27.34] (South Western Railway [SWR] - II) (705762),Infrastructure & Highways,Ministry of Railways,705762,Karnataka,889.68,889.68,403.81,45.4,2023-03-01,2026-12-31,2028-12-31,2026-04-01,24,0.0,0
PAIM-705493,Hubli-Ankola New Line Project [164.44 km] (South Western Railway [SWR] - II) (705493),Infrastructure & Highways,Ministry of Railways,705493,Karnataka,2900.87,2900.87,715.76,24.7,2022-03-01,2026-12-31,2028-12-31,2026-04-01,18,0.0,0
PAIM-705464,[142 Km] (South Western Railway [SWR] - II) (705464),Infrastructure & Highways,Ministry of Railways,705464,Maharashtra,344.61,344.61,290.12,84.2,2022-03-01,2026-12-31,2029-12-31,2026-04-01,18,0.0,0
PAIM-612845,Kms] (Central Railway [CR] - II) (612845),Infrastructure & Highways,Ministry of Railways,612845,Maharashtra,1975.15,1975.15,294.56,14.9,2023-03-01,2026-12-31,2027-12-31,2026-04-01,24,0.0,0
PAIM-705497,Wardha - Yavatmal Nanded Railway Line Project (Central Railways) (705497),Infrastructure & Highways,Ministry of Railways,705497,Maharashtra,428.16,428.16,201.98,47.2,2023-03-01,2026-12-31,2027-12-31,2026-04-01,12,0.0,0
PAIM-705396,Byrnihat-Shillong New Rail Line- 108 km (Northeast Frontier Railway [NFR]) (705396),Infrastructure & Highways,Ministry of Railways,705396,Maharashtra,3101.97,3101.97,465.9,15.0,2024-03-01,2026-12-31,2027-12-31,2026-04-01,36,0.0,0
PAIM-705394,Tetlia-Byrnihat New Railway Line (Northeast Frontier Railway [NFR]) (705394),Infrastructure & Highways,Ministry of Railways,705394,Odisha,1785.27,1785.27,219.74,12.3,2022-03-01,2027-12-31,2029-12-31,2026-04-01,18,0.0,0
PAIM-615915,Rourkela-Bondamunda A-Cabin 5th line [9.6 km] (CAO/C/SER) (615915),Infrastructure & Highways,Ministry of Railways,615915,Odisha,3899.3,3899.3,1773.08,45.5,2022-03-01,2027-12-31,2027-12-31,2026-04-01,36,0.0,0
PAIM-616839,Naupada-Gunupur - New line upto Theruvali [73.62 km] (Indian Railway) (616839),Infrastructure & Highways,Ministry of Railways,616839,Odisha,694.53,694.53,217.62,31.3,2023-03-01,2028-12-31,2029-12-31,2026-04-01,6,0.0,0
PAIM-607653,Ludhiana Mullanpur 21Km Doubling Railway project (CAO/C/NR) (607653),Infrastructure & Highways,Ministry of Railways,607653,Odisha,3419.83,3419.83,2113.01,61.8,2024-03-01,2027-12-31,2029-12-31,2026-04-01,36,0.0,0
PAIM-706836,Dedicated Test Track for RDSO /Phase-II Project (North Western Railway [NWR]) (706836),Infrastructure & Highways,Ministry of Railways,706836,Tamil Nadu,1851.19,1851.19,796.13,43.0,2022-03-01,2027-12-31,2029-12-31,2026-04-01,6,0.0,0
PAIM-705489,Madurai- Tuticorin New Line (Ministry of Railways) (705489),Infrastructure & Highways,Ministry of Railways,705489,Tamil Nadu,2150.79,2150.79,1255.52,58.4,2022-03-01,2026-12-31,2029-12-31,2026-04-01,0,0.0,0
PAIM-619102,section (National Highways Authority of India [NHAI]) (619102),Infrastructure & Highways,Ministry of Railways,619102,Andhra Pradesh,3232.86,3232.86,1192.47,36.9,2022-03-01,2027-12-31,2029-12-31,2026-04-01,0,0.0,0
PAIM-618633,section (National Highways Authority of India [NHAI]) (618633),Infrastructure & Highways,Ministry of Railways,618633,Andhra Pradesh,3611.09,3611.09,2222.72,61.6,2024-03-01,2028-12-31,2027-12-31,2026-04-01,36,0.0,0
PAIM-619014,Km in the state of Arunachal Pradesh on EPC mode Pkg-2 (NHIDCL) (619014),Infrastructure & Highways,Ministry of Railways,619014,Bihar,3756.29,3756.29,1884.25,50.2,2023-03-01,2026-12-31,2027-12-31,2026-04-01,12,0.0,0
PAIM-619320,Muzaffarpur - Sonbarsa Section of NH-77 from km 2.800 to km 89.000 (NHAI) (619320),Infrastructure & Highways,Ministry of Railways,619320,Bihar,4304.11,4304.11,2444.76,56.8,2024-03-01,2026-12-31,2027-12-31,2026-04-01,0,0.0,0
PAIM-618742,"196700 to Km 198600, as part of the Amas-Darbhanga. (National Highways Authority of India [NHAI]) (618742)",Infrastructure & Highways,Ministry of Railways,618742,Bihar,1263.51,1263.51,799.62,63.3,2022-03-01,2028-12-31,2028-12-31,2026-04-01,18,0.0,0
PAIM-618790,under Bharatmalapariyona (National Highways Authority of India [NHAI]) (618790),Infrastructure & Highways,Ministry of Railways,618790,Bihar,3917.77,3917.77,1425.56,36.4,2022-03-01,2028-12-31,2028-12-31,2026-04-01,24,0.0,0
PAIM-619317,E-W Corridor at Km. 515045 (NHAI) (619317),Infrastructure & Highways,Ministry of Railways,619317,Bihar,779.11,779.11,611.82,78.5,2021-03-01,2028-12-31,2027-12-31,2026-04-01,36,0.0,0
PAIM-618253,Bridge on back water of Govindsagar and its approaches in Himachal Pradesh. (MoRTH) (618253),Infrastructure & Highways,Ministry of Railways,618253,Multi-State,3789.26,3789.26,1024.93,27.0,2024-03-01,2027-12-31,2027-12-31,2026-04-01,12,0.0,0
PAIM-617951,Mode under NHO Annual Plan 2022-23. NH-69-KNT-2022-23-989 dated 24.03.2023 (MoRTH) (617951),Infrastructure & Highways,Ministry of Railways,617951,Karnataka,1546.62,1546.62,506.93,32.8,2023-03-01,2028-12-31,2027-12-31,2026-04-01,0,0.0,0
PAIM-618044,Pradesh (MoRTH) (618044),Infrastructure & Highways,Ministry of Railways,618044,Madhya Pradesh,2092.95,2092.95,1442.62,68.9,2022-03-01,2027-12-31,2028-12-31,2026-04-01,6,0.0,0
PAIM-618662,chainage km 81240  to Design Chainage km 88361 existing chainage km 110.315 (National Highways Authority of India [NHAI],Infrastructure & Highways,Ministry of Railways,618662,Maharashtra,4200.41,4200.41,1610.92,38.4,2021-03-01,2026-12-31,2027-12-31,2026-04-01,18,0.0,0
PAIM-617937,Udgir Raavi Degloor Aadampur phata to Sagroli fata (MoRTH) (617937),Infrastructure & Highways,Ministry of Railways,617937,Maharashtra,549.71,549.71,399.99,72.8,2022-03-01,2026-12-31,2028-12-31,2026-04-01,18,0.0,0
PAIM-618705,NH149 & at Km.84.000 to Km.86.100 of NH55 (National Highways Authority of India [NHAI]) (618705),Infrastructure & Highways,Ministry of Railways,618705,Odisha,853.43,853.43,643.28,75.4,2023-03-01,2026-12-31,2029-12-31,2026-04-01,18,0.0,0
PAIM-619318,Km. 37.7 including spur to Kharar with Ludhiana bypass of NH-205K Pkg-1 (National Highways Authority of India [NHAI]) (6,Infrastructure & Highways,Ministry of Railways,619318,Punjab,1352.58,1352.58,148.27,11.0,2023-03-01,2026-12-31,2028-12-31,2026-04-01,12,0.0,0
PAIM-619253,State of Telangara on EPC under Annual Plan 2024 -25 (MoRTH) (619253),Infrastructure & Highways,Ministry of Railways,619253,Telangana,841.75,841.75,582.13,69.2,2023-03-01,2026-12-31,2028-12-31,2026-04-01,0,0.0,0
PAIM-619009,Telangana on EPC Mode under Annual Plan 2022-23 (MoRTH) (619009),Infrastructure & Highways,Ministry of Railways,619009,Telangana,1355.53,1355.53,1118.95,82.5,2021-03-01,2028-12-31,2028-12-31,2026-04-01,24,0.0,0
PAIM-618114,the State of Uttar Pradesh (MoRTH) (618114),Infrastructure & Highways,Ministry of Railways,618114,Uttar Pradesh,402.5,402.5,46.33,11.5,2021-03-01,2027-12-31,2028-12-31,2026-04-01,18,0.0,0
PAIM-618768,144.60 to Km. 28.000 near Asroi village in Hathras of NH-509 Package-I (National Highways Authority of India [NHAI]) (61,Infrastructure & Highways,Ministry of Railways,618768,Uttar Pradesh,299.32,299.32,137.48,45.9,2022-03-01,2026-12-31,2029-12-31,2026-04-01,36,0.0,0
PAIM-706724,Guwahati Airport New Integrated Terminal Building Construction Project (Adani Airport Holdings Limited) (706724),Infrastructure & Highways,Ministry of Civil Aviation,706724,Assam,1525.64,1525.64,922.74,60.5,2024-03-01,2028-12-31,2029-12-31,2026-04-01,24,0.0,0
PAIM-706718,C/o NITB Imphal Airport (Airport Authority of India [AAI]) (706718),Infrastructure & Highways,Ministry of Civil Aviation,706718,Assam,4339.39,4339.39,2672.69,61.6,2021-03-01,2028-12-31,2028-12-31,2026-04-01,12,0.0,0
PAIM-612793,with integrated 10 years maintenance. (Airport Authority of India [AAI]) (612793),Infrastructure & Highways,Ministry of Civil Aviation,612793,Assam,1071.79,1071.79,433.66,40.5,2022-03-01,2028-12-31,2028-12-31,2026-04-01,12,0.0,0
PAIM-615820,TIKAK EXTENSION OCP (MIS MoCoal Integration Logins) (615820),Infrastructure & Highways,Ministry of Civil Aviation,615820,Assam,3213.53,3213.53,1273.8,39.6,2021-03-01,2026-12-31,2027-12-31,2026-04-01,12,0.0,0
PAIM-615821,TIRAP OCP (MIS MoCoal Integration Logins) (615821),Infrastructure & Highways,Ministry of Civil Aviation,615821,Assam,4387.4,4387.4,2844.25,64.8,2024-03-01,2027-12-31,2028-12-31,2026-04-01,12,0.0,0
PAIM-612898,"Pradesh (National Institute of Technology, Arunachal Pradesh) (612898)",Infrastructure & Highways,Ministry of Civil Aviation,612898,Assam,3048.59,3048.59,1640.48,53.8,2021-03-01,2027-12-31,2028-12-31,2026-04-01,0,0.0,0
PAIM-606112,Tezpur University Projects (Tezpur University) (606112),Infrastructure & Highways,Ministry of Civil Aviation,606112,Assam,4468.66,4468.66,1101.6,24.7,2023-03-01,2026-12-31,2029-12-31,2026-04-01,24,0.0,0
PAIM-612885,"Permanent Campus at Sohra (National Institute of Technology, Meghalaya) (612885)",Infrastructure & Highways,Ministry of Civil Aviation,612885,Multi-State,1776.76,1776.76,1117.34,62.9,2021-03-01,2026-12-31,2029-12-31,2026-04-01,12,0.0,0
PAIM-612876,"Construction of Permanent Campus for NIT Mizoram at Lengpui, Aizawl (NIT Mizoram) (612876)",Infrastructure & Highways,Ministry of Civil Aviation,612876,Multi-State,2907.78,2907.78,1636.75,56.3,2022-03-01,2026-12-31,2028-12-31,2026-04-01,36,0.0,0
PAIM-613013,Establishment of NIT Nagaland (NIT Nagaland) (613013),Infrastructure & Highways,Ministry of Civil Aviation,613013,Multi-State,3410.61,3410.61,2132.82,62.5,2024-03-01,2026-12-31,2027-12-31,2026-04-01,24,0.0,0
PAIM-609736,Sikkim (Sikkim University) (609736),Infrastructure & Highways,Ministry of Civil Aviation,609736,Multi-State,285.18,285.18,175.61,61.6,2023-03-01,2028-12-31,2028-12-31,2026-04-01,12,0.0,0
PAIM-612883,District (NIT Sikkim) (612883),Infrastructure & Highways,Ministry of Civil Aviation,612883,Multi-State,2927.02,2927.02,1266.32,43.3,2024-03-01,2026-12-31,2028-12-31,2026-04-01,0,0.0,0
PAIM-400081,"National Sports University [NSU], Imphal [Manipur] (Department of Sports & Youth Affairs) (400081)",Infrastructure & Highways,Ministry of Civil Aviation,400081,Multi-State,2493.21,2493.21,1407.99,56.5,2022-03-01,2026-12-31,2028-12-31,2026-04-01,0,0.0,0
PAIM-602182,Dibang Multipurpose Project (National Hydroelectric Power Corporation Limited [NHPC]) (602182),Infrastructure & Highways,Ministry of Civil Aviation,602182,Multi-State,671.05,671.05,291.47,43.4,2023-03-01,2028-12-31,2029-12-31,2026-04-01,6,0.0,0
PAIM-611698,240MW Heo HE Project (North Eastern Electric Power Corporation Limited) (611698),Infrastructure & Highways,Ministry of Civil Aviation,611698,Multi-State,3305.16,3305.16,1654.51,50.1,2021-03-01,2028-12-31,2029-12-31,2026-04-01,0,0.0,0
PAIM-611699,186 MW Tato-I H E Project (North Eastern Electric Power Corporation Limited) (611699),Infrastructure & Highways,Ministry of Civil Aviation,611699,Multi-State,1349.41,1349.41,536.8,39.8,2024-03-01,2028-12-31,2027-12-31,2026-04-01,18,0.0,0
PAIM-602096,Subansiri Lower HE Project [2000 MW] (National Hydroelectric Power Corporation Limited [NHPC]) (602096),Infrastructure & Highways,Ministry of Civil Aviation,602096,Assam,3416.69,3416.69,1218.82,35.7,2021-03-01,2026-12-31,2028-12-31,2026-04-01,12,0.0,0
PAIM-602181,through NCLT] (National Hydroelectric Power Corporation Limited [NHPC]) (602181),Infrastructure & Highways,Ministry of Civil Aviation,602181,Multi-State,2101.82,2101.82,537.6,25.6,2021-03-01,2028-12-31,2028-12-31,2026-04-01,24,0.0,0
PAIM-605156,A wholly owned subsidiary of NHPC Ltd. acquired through NCLT (National Hydroelectric Power Corporation Limited [NHPC]) (,Infrastructure & Highways,Ministry of Civil Aviation,605156,Multi-State,1187.15,1187.15,875.7,73.8,2024-03-01,2028-12-31,2028-12-31,2026-04-01,36,0.0,0
PAIM-617375,North Eastern Region Expansion Scheme-XXIII [NERES-XXIII] (Power Grid Corporation of India Limited [POWERGRID]) (617375),Infrastructure & Highways,Ministry of Petroleum & Natural Gas,617375,Multi-State,992.65,992.65,748.74,75.4,2021-03-01,2028-12-31,2029-12-31,2026-04-01,18,0.0,0
PAIM-602223,[T&D] Systems [CSST&DS] in Arunachal Pradesh and Sikkim (Power Grid Corporation of India Limited [POWERGRID]) (602223),Infrastructure & Highways,Ministry of Petroleum & Natural Gas,602223,Multi-State,613.33,613.33,134.25,21.9,2022-03-01,2027-12-31,2028-12-31,2026-04-01,12,0.0,0
PAIM-607709,[NERPSIP] (Power Grid Corporation of India Limited [POWERGRID]) (607709),Infrastructure & Highways,Ministry of Petroleum & Natural Gas,607709,Assam,3831.91,3831.91,2603.11,67.9,2022-03-01,2027-12-31,2027-12-31,2026-04-01,36,0.0,0
PAIM-709755,"Setting up of new rail fed POL facility at Kamardanga, Assam (Hindustan Petroleum Corporation Limited [HPCL]) (709755)",Infrastructure & Highways,Ministry of Petroleum & Natural Gas,709755,Assam,1913.93,1913.93,1541.02,80.5,2023-03-01,2028-12-31,2029-12-31,2026-04-01,6,0.0,0
PAIM-709754,"Construction of LPG Facilities at Kamardanga, Assam (Hindustan Petroleum Corporation Limited) (709754)",Infrastructure & Highways,Ministry of Petroleum & Natural Gas,709754,Assam,3192.51,3192.51,2483.17,77.8,2022-03-01,2027-12-31,2028-12-31,2026-04-01,0,0.0,0
PAIM-701349,[COIT] at Paradip (Ministry of Petroleum & Natural Gas) (701349),Infrastructure & Highways,Ministry of Petroleum & Natural Gas,701349,Assam,2133.75,2133.75,1773.19,83.1,2021-03-01,2026-12-31,2029-12-31,2026-04-01,24,0.0,0
PAIM-11407,(10/2026) 10228 (11407) 10912.42 92.4,Infrastructure & Highways,Ministry of Petroleum & Natural Gas,11407,Assam,10912.42,92.4,4140.23,100.0,2021-03-01,2028-12-31,2028-12-31,2026-04-01,24,0.0,0
PAIM-617829,LPG Bottling Plant at Mualkhang (Ministry of Petroleum & Natural Gas) (617829),Infrastructure & Highways,Ministry of Petroleum & Natural Gas,617829,Assam,2974.53,2974.53,2135.65,71.8,2024-03-01,2027-12-31,2027-12-31,2026-04-01,24,0.0,0
PAIM-400035,Dharmanagar Depot (Indian Oil Corporation Limited [IOCL]) (400035),Infrastructure & Highways,Ministry of Petroleum & Natural Gas,400035,Multi-State,778.24,778.24,217.9,28.0,2022-03-01,2026-12-31,2028-12-31,2026-04-01,18,0.0,0
PAIM-709865,Scheme (NRL) (709865),Infrastructure & Highways,Ministry of Petroleum & Natural Gas,709865,Assam,954.23,954.23,388.72,40.7,2023-03-01,2028-12-31,2028-12-31,2026-04-01,6,0.0,0
PAIM-709864,DCU Revamp Project (NRL) (709864),Infrastructure & Highways,Ministry of Petroleum & Natural Gas,709864,Assam,725.33,725.33,467.64,64.5,2022-03-01,2027-12-31,2028-12-31,2026-04-01,24,0.0,0
PAIM-709850,Borholla GGS Life Extension Project [BLEP] (Ministry of Petroleum & Natural Gas) (709850),Infrastructure & Highways,Ministry of Petroleum & Natural Gas,709850,Assam,1828.97,1828.97,1125.86,61.6,2024-03-01,2026-12-31,2029-12-31,2026-04-01,0,0.0,0
PAIM-709847,Pipeline Network Project Rudrasagar (Ministry of Petroleum & Natural Gas) (709847),Infrastructure & Highways,Ministry of Petroleum & Natural Gas,709847,Assam,4496.8,4496.8,3662.63,81.4,2024-03-01,2028-12-31,2027-12-31,2026-04-01,36,0.0,0
PAIM-604791,Numaligarh Refinery Expansion Project (Ministry of Petroleum & Natural Gas) (604791),Infrastructure & Highways,Ministry of Petroleum & Natural Gas,604791,Assam,2588.62,2588.62,2091.46,80.8,2024-03-01,2026-12-31,2028-12-31,2026-04-01,12,0.0,0
PAIM-22494,(03/2027) 12366 (22494) 19522.33 84.6,Infrastructure & Highways,Ministry of Petroleum & Natural Gas,22494,Assam,19522.33,84.6,8040.06,100.0,2022-03-01,2026-12-31,2029-12-31,2026-04-01,6,0.0,0
PAIM-604863,Natural Gas from Nadua and East Khagorija (Ministry of Petroleum & Natural Gas) (604863),Infrastructure & Highways,Ministry of Petroleum & Natural Gas,604863,Assam,1090.31,1090.31,470.01,43.1,2024-03-01,2028-12-31,2028-12-31,2026-04-01,18,0.0,0
PAIM-709779,Capacity Expansion of Digboi Refinery from 0.65 to 1.0 MMTPA (MinistryofPetroleumNaturalGas) (709779),Infrastructure & Highways,Ministry of Petroleum & Natural Gas,709779,Assam,2629.88,2629.88,933.92,35.5,2021-03-01,2026-12-31,2029-12-31,2026-04-01,0,0.0,0
PAIM-607701,Guwahati Refinery (Ministry of Petroleum & Natural Gas) (607701),Infrastructure & Highways,Ministry of Petroleum & Natural Gas,607701,Assam,2153.96,2153.96,1800.59,83.6,2022-03-01,2027-12-31,2028-12-31,2026-04-01,12,0.0,0
PAIM-709776,Augmentation/Revamping of Facilities at existing Guwahati Terminal at Betkuchi (MinistryofPetroleumNaturalGas) (709776),Infrastructure & Highways,Ministry of Petroleum & Natural Gas,709776,Assam,1669.7,1669.7,548.71,32.9,2022-03-01,2027-12-31,2029-12-31,2026-04-01,36,0.0,0
PAIM-616858,processing & transportation of natural Gas to be produced from Baghjan Field (Ministry of Petroleum & Natural Gas) (6168,Infrastructure & Highways,Ministry of Petroleum & Natural Gas,616858,Assam,951.32,951.32,750.69,78.9,2023-03-01,2026-12-31,2027-12-31,2026-04-01,0,0.0,0
PAIM-617827,"Pipeline Rehabilitation Project, Phase-II (Ministry of Petroleum & Natural Gas) (617827)",Infrastructure & Highways,Ministry of Petroleum & Natural Gas,617827,Assam,641.34,641.34,251.41,39.2,2024-03-01,2027-12-31,2027-12-31,2026-04-01,36,0.0,0
PAIM-617836,Coke Drum Structure Package (Ministry of Petroleum & Natural Gas) (617836),Infrastructure & Highways,Ministry of Petroleum & Natural Gas,617836,Assam,497.74,497.74,232.52,46.7,2021-03-01,2026-12-31,2027-12-31,2026-04-01,6,0.0,0
PAIM-701346,North East Gas Grid (Ministry of Petroleum & Natural Gas) (701346),Infrastructure & Highways,Ministry of Petroleum & Natural Gas,701346,Assam,1256.75,1256.75,977.77,77.8,2024-03-01,2028-12-31,2027-12-31,2026-04-01,24,0.0,0
PAIM-709786,"Augmentation/ Revamping of Dimapur Depot, Dimapur (MinistryofPetroleumNaturalGas) (709786)",Infrastructure & Highways,Ministry of Petroleum & Natural Gas,709786,Assam,1106.8,1106.8,117.46,10.6,2024-03-01,2026-12-31,2028-12-31,2026-04-01,6,0.0,0
PAIM-709837,"Creation of Gas Dehydration  Facilities, Tripura Asset (Oil and Natural Gas Corporation Limited [ONGC]) (709837)",Infrastructure & Highways,Ministry of Petroleum & Natural Gas,709837,Multi-State,3988.76,3988.76,1099.0,27.6,2021-03-01,2028-12-31,2028-12-31,2026-04-01,12,0.0,0
PAIM-707039,"Establishment of new GMC Gangtok (Medical Education, Ministry of Health and Family Welfare) (707039)",Infrastructure & Highways,Ministry of Health & Family Welfare,707039,Multi-State,1583.67,1583.67,1111.32,70.2,2021-03-01,2026-12-31,2028-12-31,2026-04-01,6,0.0,0
PAIM-612201,"Construction of 200 bedded ESIC Hospital with 62 Nos Staff quarters , Beltola (Employee's State Insurance Company [ESIC]",Infrastructure & Highways,Ministry of Health & Family Welfare,612201,Assam,1137.47,1137.47,642.47,56.5,2023-03-01,2027-12-31,2027-12-31,2026-04-01,24,0.0,0
PAIM-705572,Doubling of New Bonggigaon to Kamakhya via Goalpara - 176 km (Northeast Frontier Railway [NFR]) (705572),Infrastructure & Highways,Ministry of Health & Family Welfare,705572,Assam,3679.9,3679.9,848.03,23.0,2021-03-01,2027-12-31,2028-12-31,2026-04-01,6,0.0,0
PAIM-706922,Guwahati-Dibrugarh via Tinsukia & Simaluguri-Dibrugarh (Central Organisation for Railway Electrification [CORE]) (706922,Infrastructure & Highways,Ministry of Health & Family Welfare,706922,Assam,3473.44,3473.44,1302.43,37.5,2022-03-01,2026-12-31,2029-12-31,2026-04-01,0,0.0,0
PAIM-706940,"Mariani-Jorhat, Tinsukia-Dangri and Makum -TirapTrack Electrification Project (GM/C/ NFR) (706940)",Infrastructure & Highways,Ministry of Health & Family Welfare,706940,Assam,3900.38,3900.38,731.55,18.8,2024-03-01,2027-12-31,2028-12-31,2026-04-01,6,0.0,0
PAIM-706942,Harmuty-Murkongselek Branch Line Electrification Project (GM/C/ NFR) (706942),Infrastructure & Highways,Ministry of Health & Family Welfare,706942,Assam,1110.64,1110.64,285.77,25.7,2023-03-01,2028-12-31,2027-12-31,2026-04-01,6,0.0,0
PAIM-618986,Furkating-New Tinsukia[194 Km] (Northeast Frontier Railway [NFR]) (618986),Infrastructure & Highways,Ministry of Health & Family Welfare,618986,Assam,2915.35,2915.35,575.28,19.7,2022-03-01,2026-12-31,2029-12-31,2026-04-01,18,0.0,0
PAIM-705391,Jiribam-Imphal new line project (Northeast Frontier Railway [NFR]) (705391),Infrastructure & Highways,Ministry of Health & Family Welfare,705391,Assam,2817.14,2817.14,1356.25,48.1,2023-03-01,2027-12-31,2028-12-31,2026-04-01,0,0.0,0
PAIM-705401,Murkongselek-Pasighat (Northeast Frontier Railway [NFR] - II) (705401),Infrastructure & Highways,Ministry of Health & Family Welfare,705401,Assam,2924.36,2924.36,674.63,23.1,2021-03-01,2027-12-31,2027-12-31,2026-04-01,6,0.0,0
PAIM-705392,Dimapur [Dhansiri]-Sukhobi Kohima [Zubza] NL [82.5 Km] (Northeast Frontier Railway [NFR] - II) (705392),Infrastructure & Highways,Ministry of Health & Family Welfare,705392,Assam,3916.93,3916.93,1317.15,33.6,2021-03-01,2027-12-31,2028-12-31,2026-04-01,6,0.0,0
PAIM-616701,Lumding Furkating Doubling Project 140 km (Northeast Frontier Railway [NFR]) (616701),Infrastructure & Highways,Ministry of Health & Family Welfare,616701,Assam,1560.9,1560.9,384.7,24.6,2023-03-01,2026-12-31,2029-12-31,2026-04-01,0,0.0,0
PAIM-705432,Sivok-Rangpo New Rail Line (Indian Railway Construction International Limited [IRCON]) (705432),Infrastructure & Highways,Ministry of Health & Family Welfare,705432,Assam,914.94,914.94,722.61,79.0,2023-03-01,2028-12-31,2027-12-31,2026-04-01,36,0.0,0
PAIM-11775,(12/2027) 7877 (11775) 10770.42 93,Infrastructure & Highways,Ministry of Health & Family Welfare,11775,Multi-State,10770.42,10770.42,4110.63,38.2,2024-03-01,2028-12-31,2027-12-31,2026-04-01,12,0.0,0
PAIM-617892,SARDP-NE/P-P/Pkg-A/NH-13/Ar.Pr./PWD/2018-19/116] (MoRTH) (617892),Infrastructure & Highways,Ministry of Health & Family Welfare,617892,Multi-State,2639.1,2639.1,529.46,20.1,2024-03-01,2026-12-31,2027-12-31,2026-04-01,12,0.0,0
PAIM-618033,415/Ar. P/2020-21/031 (MoRTH) (618033),Infrastructure & Highways,Ministry of Health & Family Welfare,618033,Multi-State,3891.25,3891.25,887.03,22.8,2021-03-01,2027-12-31,2029-12-31,2026-04-01,18,0.0,0
PAIM-618445,Balance Work (NHIDCL) (618445),Infrastructure & Highways,Ministry of Health & Family Welfare,618445,Multi-State,3447.14,3447.14,1338.43,38.8,2021-03-01,2026-12-31,2028-12-31,2026-04-01,12,0.0,0
PAIM-618401,on EPC Mode Pkg-3 (NHIDCL) (618401),Infrastructure & Highways,Ministry of Health & Family Welfare,618401,Multi-State,1474.56,1474.56,632.42,42.9,2024-03-01,2028-12-31,2029-12-31,2026-04-01,0,0.0,0
PAIM-618402,Package-I (NHIDCL) (618402),Infrastructure & Highways,Ministry of Health & Family Welfare,618402,Multi-State,4140.38,4140.38,2374.55,57.4,2023-03-01,2026-12-31,2028-12-31,2026-04-01,0,0.0,0
PAIM-618403,NHO-NE (NHIDCL) (618403),Infrastructure & Highways,Ministry of Health & Family Welfare,618403,Multi-State,822.94,822.94,221.76,26.9,2024-03-01,2027-12-31,2029-12-31,2026-04-01,36,0.0,0
PAIM-618404,Vijaynagar along China border in state of Arunachal pradesh on EPC mode (NHIDCL) (618404),Infrastructure & Highways,Ministry of Health & Family Welfare,618404,Multi-State,1481.7,1481.7,1232.07,83.2,2024-03-01,2026-12-31,2028-12-31,2026-04-01,24,0.0,0
PAIM-618405,the State of Arunachal Pradesh on EPC mode Pkg-1 (NHIDCL) (618405),Infrastructure & Highways,Ministry of Health & Family Welfare,618405,Multi-State,2966.59,2966.59,637.75,21.5,2024-03-01,2028-12-31,2028-12-31,2026-04-01,24,0.0,0
PAIM-618434,Roing-Hunli Road Greenfield Alignment Project (NHIDCL) (618434),Infrastructure & Highways,Ministry of Health & Family Welfare,618434,Multi-State,2209.53,2209.53,1418.5,64.2,2022-03-01,2027-12-31,2027-12-31,2026-04-01,6,0.0,0
PAIM-618433,Arunachal Pradesh on EPC Mode under SARDP-NE Pkg-7 (NHIDCL) (618433),Infrastructure & Highways,Ministry of Health & Family Welfare,618433,Multi-State,2462.5,2462.5,1710.55,69.5,2021-03-01,2026-12-31,2028-12-31,2026-04-01,0,0.0,0
PAIM-618432,Km 70.000 in the state of Arunachal Pradesh under SARDP-NE Pkg-3 (NHIDCL) (618432),Infrastructure & Highways,Ministry of Health & Family Welfare,618432,Multi-State,4490.67,4490.67,1479.44,32.9,2024-03-01,2028-12-31,2028-12-31,2026-04-01,18,0.0,0
PAIM-618444,Mode in the state of Assam  Pkg-IV Structures & Toll Plaza (NHIDCL) (618444),Infrastructure & Highways,Ministry of Health & Family Welfare,618444,Assam,3951.73,3951.73,1754.47,44.4,2023-03-01,2026-12-31,2027-12-31,2026-04-01,24,0.0,0
PAIM-618454,from Jogighopa Railway Station to MMLP (NHIDCL) (618454),Infrastructure & Highways,Ministry of Health & Family Welfare,618454,Assam,2341.75,2341.75,1404.67,60.0,2023-03-01,2028-12-31,2028-12-31,2026-04-01,0,0.0,0
PAIM-618455,Mode Package-I Road and Utility Works (NHIDCL) (618455),Infrastructure & Highways,Ministry of Health & Family Welfare,618455,Assam,3434.97,3434.97,2069.72,60.3,2022-03-01,2028-12-31,2028-12-31,2026-04-01,12,0.0,0
PAIM-618576,at Jagiroad on stretches of NH 36 and NH 27 (National Highways Authority of India [NHAI]) (618576),Infrastructure & Highways,Ministry of Health & Family Welfare,618576,Assam,3132.05,3132.05,491.41,15.7,2023-03-01,2027-12-31,2029-12-31,2026-04-01,6,0.0,0
PAIM-618934,Guwahati Ring Road in the State of Assam (National Highways Authority of India [NHAI]) (618934),Infrastructure & Highways,Ministry of Health & Family Welfare,618934,Assam,2302.22,2302.22,1876.08,81.5,2022-03-01,2026-12-31,2028-12-31,2026-04-01,24,0.0,0
PAIM-618958,Myanmar (National Highways Authority of India [NHAI]) (618958),Infrastructure & Highways,Ministry of Health & Family Welfare,618958,Assam,747.59,747.59,479.65,64.2,2023-03-01,2026-12-31,2029-12-31,2026-04-01,18,0.0,0
PAIM-618373,NH-127B under JICA ODA Loan assistance Phase-III (NHIDCL) (618373),Infrastructure & Highways,Ministry of Health & Family Welfare,618373,Assam,3567.86,3567.86,1158.66,32.5,2021-03-01,2027-12-31,2028-12-31,2026-04-01,12,0.0,0
PAIM-618372,Pkg-2] (NHIDCL) (618372),Infrastructure & Highways,Ministry of Health & Family Welfare,618372,Assam,3545.69,3545.69,1142.17,32.2,2022-03-01,2028-12-31,2029-12-31,2026-04-01,0,0.0,0
PAIM-618371,Km under JICA ODA Loan assistance Phase-V -Balance work (NHIDCL) (618371),Infrastructure & Highways,Ministry of Health & Family Welfare,618371,Assam,1987.13,1987.13,621.84,31.3,2021-03-01,2027-12-31,2027-12-31,2026-04-01,24,0.0,0
PAIM-618443,under EPC Mode in the state of Assam Pkg-II Road Works (NHIDCL) (618443),Infrastructure & Highways,Ministry of Health & Family Welfare,618443,Assam,3159.62,3159.62,2248.64,71.2,2022-03-01,2028-12-31,2029-12-31,2026-04-01,18,0.0,0
PAIM-618442,under EPC Mode in the state of Assam Pkg-III Road Works (NHIDCL) (618442),Infrastructure & Highways,Ministry of Health & Family Welfare,618442,Assam,1679.45,1679.45,363.09,21.6,2021-03-01,2026-12-31,2028-12-31,2026-04-01,12,0.0,0
PAIM-618441,under EPC Mode in the state of Assam Pkg-I Road Works (NHIDCL) (618441),Infrastructure & Highways,Ministry of Health & Family Welfare,618441,Assam,2060.31,2060.31,1194.75,58.0,2023-03-01,2027-12-31,2029-12-31,2026-04-01,12,0.0,0
PAIM-618440,the state of Assam Pkg- IV Structures & Toll Plaza (NHIDCL) (618440),Infrastructure & Highways,Ministry of Health & Family Welfare,618440,Assam,447.39,447.39,94.99,21.2,2024-03-01,2028-12-31,2029-12-31,2026-04-01,24,0.0,0
PAIM-618439,EPC Mode in the state of Assam Pkg-I Road Works (NHIDCL) (618439),Infrastructure & Highways,Ministry of Health & Family Welfare,618439,Assam,2211.61,2211.61,1289.43,58.3,2024-03-01,2026-12-31,2027-12-31,2026-04-01,36,0.0,0
PAIM-619013,under EPC Mode in the state of Assam Pkg-II Road Works (NHIDCL) (619013),Infrastructure & Highways,Ministry of Health & Family Welfare,619013,Assam,2459.73,2459.73,2019.58,82.1,2023-03-01,2028-12-31,2029-12-31,2026-04-01,36,0.0,0
PAIM-619057,Pariyojana in Economic Corridors Silchar- Churaibari Pkg-3 (NHIDCL) (619057),Infrastructure & Highways,Ministry of Health & Family Welfare,619057,Assam,1505.86,1505.86,1032.78,68.6,2024-03-01,2026-12-31,2027-12-31,2026-04-01,18,0.0,0
PAIM-618438,"SARDP-NE, Phase 'A' in the State of Assam on EPC mode (NHIDCL) (618438)",Infrastructure & Highways,Ministry of Health & Family Welfare,618438,Assam,2969.18,2969.18,1364.48,46.0,2022-03-01,2027-12-31,2028-12-31,2026-04-01,12,0.0,0
PAIM-618437,works & Toll Plaza (NHIDCL) (618437),Infrastructure & Highways,Ministry of Health & Family Welfare,618437,Assam,3866.86,3866.86,1562.26,40.4,2021-03-01,2028-12-31,2027-12-31,2026-04-01,36,0.0,0
PAIM-619060,under EPC Mode in the state of Assam Pkg-III Road Works (NHIDCL) (619060),Infrastructure & Highways,Ministry of Health & Family Welfare,619060,Assam,2699.93,2699.93,1587.15,58.8,2023-03-01,2026-12-31,2028-12-31,2026-04-01,12,0.0,0
PAIM-619089,Km 0.000 to Km 49.230 of NH-27 (NHAI) (619089),Infrastructure & Highways,Ministry of Health & Family Welfare,619089,Assam,2216.45,2216.45,1148.37,51.8,2022-03-01,2026-12-31,2028-12-31,2026-04-01,36,0.0,0
PAIM-618436,to Km 208.000 of NH-52 on EPC mode in state of Assam under SARDP-NE (NHIDCL) (618436),Infrastructure & Highways,Ministry of Health & Family Welfare,618436,Assam,1453.69,1453.69,389.44,26.8,2022-03-01,2028-12-31,2027-12-31,2026-04-01,36,0.0,0
PAIM-618435,NH-37 on EPC basis under SARDP-NE in state of Assam (NHIDCL) (618435),Infrastructure & Highways,Ministry of Health & Family Welfare,618435,Assam,1089.8,1089.8,219.18,20.1,2023-03-01,2028-12-31,2028-12-31,2026-04-01,36,0.0,0
PAIM-617896,31/AS/ 2023-24/265 (MoRTH) (617896),Infrastructure & Highways,Ministry of Health & Family Welfare,617896,Assam,3104.01,3104.01,385.61,12.4,2023-03-01,2026-12-31,2027-12-31,2026-04-01,18,0.0,0
PAIM-617895,15/AS/2021-22/234 (MoRTH) (617895),Infrastructure & Highways,Ministry of Health & Family Welfare,617895,Assam,4092.64,4092.64,1874.53,45.8,2023-03-01,2026-12-31,2029-12-31,2026-04-01,0,0.0,0
PAIM-618354,km 116.550 near Hangrum Package-7 on EPC mode Package7 (NHIDCL) (618354),Infrastructure & Highways,Ministry of Health & Family Welfare,618354,Assam,3259.17,3259.17,544.79,16.7,2022-03-01,2026-12-31,2028-12-31,2026-04-01,18,0.0,0
PAIM-618353,Package 8 (NHIDCL) (618353),Infrastructure & Highways,Ministry of Health & Family Welfare,618353,Assam,2473.14,2473.14,754.0,30.5,2024-03-01,2028-12-31,2028-12-31,2026-04-01,36,0.0,0
PAIM-618352,9 (NHIDCL) (618352),Infrastructure & Highways,Ministry of Health & Family Welfare,618352,Assam,2907.24,2907.24,1927.48,66.3,2021-03-01,2028-12-31,2027-12-31,2026-04-01,6,0.0,0
PAIM-618351,Package-10 (NHIDCL) (618351),Infrastructure & Highways,Ministry of Health & Family Welfare,618351,Assam,1057.32,1057.32,805.81,76.2,2023-03-01,2027-12-31,2027-12-31,2026-04-01,18,0.0,0
PAIM-618034,No.427/AS/2022-23/245 (MoRTH) (618034),Infrastructure & Highways,Ministry of Health & Family Welfare,618034,Assam,1700.75,1700.75,252.03,14.8,2024-03-01,2028-12-31,2027-12-31,2026-04-01,12,0.0,0
PAIM-618159,20.479 km in the State of Assam Job No. 715K/AS/2023-24/256 (MoRTH) (618159),Infrastructure & Highways,Ministry of Health & Family Welfare,618159,Assam,1912.98,1912.98,1572.77,82.2,2022-03-01,2028-12-31,2027-12-31,2026-04-01,0,0.0,0
PAIM-618160,Job no. 715/AS/2020-21/213 (MoRTH) (618160),Infrastructure & Highways,Ministry of Health & Family Welfare,618160,Assam,1116.4,1116.4,756.17,67.7,2022-03-01,2028-12-31,2028-12-31,2026-04-01,24,0.0,0
PAIM-618282,4-L Bilasipara-Guwahati Package-10 (NHIDCL) (618282),Infrastructure & Highways,Ministry of Health & Family Welfare,618282,Assam,3142.82,3142.82,2011.7,64.0,2023-03-01,2027-12-31,2027-12-31,2026-04-01,18,0.0,0
PAIM-618283,4-L Bilasipara-Guwahati Package-9 (NHIDCL) (618283),Infrastructure & Highways,Ministry of Health & Family Welfare,618283,Assam,893.38,893.38,587.82,65.8,2023-03-01,2026-12-31,2029-12-31,2026-04-01,6,0.0,0
PAIM-618284,NHO-NE Package-8 (NHIDCL) (618284),Infrastructure & Highways,Ministry of Health & Family Welfare,618284,Assam,453.49,453.49,126.29,27.8,2022-03-01,2026-12-31,2027-12-31,2026-04-01,0,0.0,0
PAIM-618285,on EPC Package-7 (NHIDCL) (618285),Infrastructure & Highways,Ministry of Health & Family Welfare,618285,Assam,2751.14,2751.14,623.07,22.6,2022-03-01,2026-12-31,2027-12-31,2026-04-01,0,0.0,0
PAIM-618286,4385 across River Brahmaputra on NH-17 at Jogighopa in Assam on EPC mode (NHIDCL) (618286),Infrastructure & Highways,Ministry of Health & Family Welfare,618286,Assam,4307.12,4307.12,1637.02,38.0,2022-03-01,2028-12-31,2028-12-31,2026-04-01,24,0.0,0
PAIM-618287,NE Package-2 (NHIDCL) (618287),Infrastructure & Highways,Ministry of Health & Family Welfare,618287,Assam,1356.06,1356.06,756.56,55.8,2024-03-01,2027-12-31,2029-12-31,2026-04-01,18,0.0,0
PAIM-618288,"Mowatari, before Chapar Bypass  in the state ol Assam on HAM mode Package-1 (NHIDCL) (618288)",Infrastructure & Highways,Ministry of Health & Family Welfare,618288,Assam,2473.02,2473.02,851.77,34.4,2021-03-01,2026-12-31,2029-12-31,2026-04-01,6,0.0,0
PAIM-618289,and Design Km 0.000 to km 14.660 under BMP on EPC mode (NHIDCL) (618289),Infrastructure & Highways,Ministry of Health & Family Welfare,618289,Assam,2013.88,2013.88,975.54,48.4,2024-03-01,2026-12-31,2028-12-31,2026-04-01,0,0.0,0
PAIM-618308,Pariyojana in Economic Corridors Silchar- Churaibari Package-2 (NHIDCL) (618308),Infrastructure & Highways,Ministry of Health & Family Welfare,618308,Assam,4030.0,4030.0,3107.67,77.1,2022-03-01,2026-12-31,2027-12-31,2026-04-01,24,0.0,0
PAIM-618309,Mode Package-4 (NHIDCL) (618309),Infrastructure & Highways,Ministry of Health & Family Welfare,618309,Assam,4112.26,4112.26,663.58,16.1,2024-03-01,2028-12-31,2029-12-31,2026-04-01,24,0.0,0
PAIM-618310,Border on Silchar-Churaibari  in the State of Assam on HAM Mode Package-7 (NHIDCL) (618310),Infrastructure & Highways,Ministry of Health & Family Welfare,618310,Assam,3257.77,3257.77,1960.93,60.2,2021-03-01,2027-12-31,2029-12-31,2026-04-01,0,0.0,0
PAIM-618311,border in the state of Assam on HAM Mode Package-6 (NHIDCL) (618311),Infrastructure & Highways,Ministry of Health & Family Welfare,618311,Assam,3301.74,3301.74,2281.75,69.1,2022-03-01,2028-12-31,2029-12-31,2026-04-01,24,0.0,0
PAIM-618312,NH-8 on Silchar-Churaibari in the state of Assam on HAM Mode Package-5 (NHIDCL) (618312),Infrastructure & Highways,Ministry of Health & Family Welfare,618312,Assam,1620.07,1620.07,1369.75,84.5,2021-03-01,2027-12-31,2027-12-31,2026-04-01,0,0.0,0
PAIM-618313,Kalinagar Pt I on NH-37 in Assam on HAM Mode Pkg-1 (NHIDCL) (618313),Infrastructure & Highways,Ministry of Health & Family Welfare,618313,Assam,3586.94,3586.94,1326.27,37.0,2024-03-01,2026-12-31,2029-12-31,2026-04-01,6,0.0,0
PAIM-618314,Pariyojna on EPC mode. Project Length 29.360 km under NHO-NE Package-2 (NHIDCL) (618314),Infrastructure & Highways,Ministry of Health & Family Welfare,618314,Assam,480.67,480.67,199.87,41.6,2024-03-01,2027-12-31,2028-12-31,2026-04-01,12,0.0,0
PAIM-618315,EPC mode Package-1 (NHIDCL) (618315),Infrastructure & Highways,Ministry of Health & Family Welfare,618315,Assam,1796.69,1796.69,945.1,52.6,2021-03-01,2027-12-31,2027-12-31,2026-04-01,18,0.0,0
PAIM-618325,Dillai to Lahorijan Package-7 (NHIDCL) (618325),Infrastructure & Highways,Ministry of Health & Family Welfare,618325,Assam,1867.53,1867.53,393.23,21.1,2023-03-01,2027-12-31,2028-12-31,2026-04-01,36,0.0,0
PAIM-618326,Daboka-Parokhaowa of NH 29 on EPC under NHO-NE Package-1 (NHIDCL) (618326),Infrastructure & Highways,Ministry of Health & Family Welfare,618326,Assam,3756.37,3756.37,2169.15,57.7,2023-03-01,2027-12-31,2027-12-31,2026-04-01,24,0.0,0
PAIM-618327,Section in Assam on EPC Package-6 (NHIDCL) (618327),Infrastructure & Highways,Ministry of Health & Family Welfare,618327,Assam,3079.96,3079.96,1692.34,54.9,2023-03-01,2026-12-31,2028-12-31,2026-04-01,0,0.0,0
PAIM-618330,'Phase-A' on EPC mode Assam Portion (NHIDCL) (618330),Infrastructure & Highways,Ministry of Health & Family Welfare,618330,Assam,1877.16,1877.16,894.72,47.7,2024-03-01,2027-12-31,2029-12-31,2026-04-01,0,0.0,0
PAIM-618331,Package Silchar-Jiribam Pkg-1 in the state of Assam on HAM Mode (NHIDCL) (618331),Infrastructure & Highways,Ministry of Health & Family Welfare,618331,Assam,3174.84,3174.84,2652.57,83.5,2021-03-01,2028-12-31,2029-12-31,2026-04-01,18,0.0,0
PAIM-618339,NH-38 in Tinsukia District under NHO- NE Package-4 (NHIDCL) (618339),Infrastructure & Highways,Ministry of Health & Family Welfare,618339,Assam,2255.09,2255.09,712.24,31.6,2023-03-01,2026-12-31,2029-12-31,2026-04-01,18,0.0,0
PAIM-618340,EPCMode under NHO-NE Package-3 (NHIDCL) (618340),Infrastructure & Highways,Ministry of Health & Family Welfare,618340,Assam,1462.33,1462.33,782.44,53.5,2021-03-01,2028-12-31,2027-12-31,2026-04-01,18,0.0,0
PAIM-618333,PKG-7 (NHIDCL) (618333),Infrastructure & Highways,Ministry of Health & Family Welfare,618333,Multi-State,4074.17,4074.17,3080.65,75.6,2021-03-01,2028-12-31,2028-12-31,2026-04-01,0,0.0,0
PAIM-618334,NHO-TSP PKG-6 (NHIDCL) (618334),Infrastructure & Highways,Ministry of Health & Family Welfare,618334,Multi-State,1745.64,1745.64,1449.93,83.1,2023-03-01,2028-12-31,2028-12-31,2026-04-01,12,0.0,0
PAIM-618335,Puilon Kambiron Village on EPC Mode in Manipur PKG-5 (NHIDCL) (618335),Infrastructure & Highways,Ministry of Health & Family Welfare,618335,Multi-State,3483.0,3483.0,815.44,23.4,2023-03-01,2028-12-31,2028-12-31,2026-04-01,0,0.0,0
PAIM-618336,km 103.557 on EPC Mode in Manipur PKG-4 (NHIDCL) (618336),Infrastructure & Highways,Ministry of Health & Family Welfare,618336,Multi-State,3085.95,3085.95,2601.52,84.3,2023-03-01,2026-12-31,2028-12-31,2026-04-01,6,0.0,0
PAIM-618358,EPC Mode Package-6 (NHIDCL) (618358),Infrastructure & Highways,Ministry of Health & Family Welfare,618358,Multi-State,1875.22,1875.22,461.94,24.6,2023-03-01,2027-12-31,2028-12-31,2026-04-01,0,0.0,0
PAIM-618357,Mandeu on EPC Mode Package 5 (NHIDCL) (618357),Infrastructure & Highways,Ministry of Health & Family Welfare,618357,Multi-State,1021.01,1021.01,815.66,79.9,2024-03-01,2028-12-31,2028-12-31,2026-04-01,24,0.0,0
PAIM-618356,near Phelong on EPC Mode Package-3 (NHIDCL) (618356),Infrastructure & Highways,Ministry of Health & Family Welfare,618356,Multi-State,3948.74,3948.74,2332.15,59.1,2024-03-01,2028-12-31,2027-12-31,2026-04-01,18,0.0,0
PAIM-618355,Package-2 (NHIDCL) (618355),Infrastructure & Highways,Ministry of Health & Family Welfare,618355,Multi-State,3809.19,3809.19,795.16,20.9,2024-03-01,2028-12-31,2029-12-31,2026-04-01,36,0.0,0
PAIM-618306,"under Bharatmala Pariyojana, under NHO-NE  Package-5 (NHIDCL) (618306)",Infrastructure & Highways,Ministry of Health & Family Welfare,618306,Multi-State,1215.78,1215.78,827.57,68.1,2022-03-01,2027-12-31,2029-12-31,2026-04-01,24,0.0,0
PAIM-618305,mode under Bharatmala Pariyojana under NHO-NE  Package-6 (NHIDCL) (618305),Infrastructure & Highways,Ministry of Health & Family Welfare,618305,Multi-State,1625.38,1625.38,840.9,51.7,2021-03-01,2026-12-31,2027-12-31,2026-04-01,36,0.0,0
PAIM-618304,"Bharatmala Pariyojana, under NHO-NE Package-7 (NHIDCL) (618304)",Infrastructure & Highways,Ministry of Health & Family Welfare,618304,Multi-State,4019.93,4019.93,742.67,18.5,2021-03-01,2028-12-31,2029-12-31,2026-04-01,36,0.0,0
PAIM-618303,state of Manipur on EPC mode Package-1 (NHIDCL) (618303),Infrastructure & Highways,Ministry of Health & Family Welfare,618303,Multi-State,959.73,959.73,225.53,23.5,2021-03-01,2028-12-31,2028-12-31,2026-04-01,12,0.0,0
PAIM-618302,state of Manipur on EPC mode Package-2 (NHIDCL) (618302),Infrastructure & Highways,Ministry of Health & Family Welfare,618302,Multi-State,4277.43,4277.43,1969.7,46.0,2024-03-01,2028-12-31,2028-12-31,2026-04-01,6,0.0,0
PAIM-618301,297.700 of NH-39 New NH-02 in state of Manipur on EPC mode Pkg-5A (NHIDCL) (618301),Infrastructure & Highways,Ministry of Health & Family Welfare,618301,Multi-State,3203.95,3203.95,2578.12,80.5,2024-03-01,2028-12-31,2027-12-31,2026-04-01,24,0.0,0
PAIM-618300,from Km 262175 to Km 274610 in the state of Manipur on EPC mode Pkg-4A (NHIDCL) (618300),Infrastructure & Highways,Ministry of Health & Family Welfare,618300,Multi-State,2282.42,2282.42,259.56,11.4,2022-03-01,2026-12-31,2027-12-31,2026-04-01,36,0.0,0
PAIM-618299,from Km 274610 to Km 287000 in the state of Manipur on EPC mode Pkg-4B (NHIDCL) (618299),Infrastructure & Highways,Ministry of Health & Family Welfare,618299,Multi-State,1555.77,1555.77,672.27,43.2,2023-03-01,2027-12-31,2029-12-31,2026-04-01,18,0.0,0
PAIM-618387,EPC mode under NHO-NE Package-2 (NHIDCL) (618387),Infrastructure & Highways,Ministry of Health & Family Welfare,618387,Multi-State,1993.9,1993.9,687.13,34.5,2024-03-01,2027-12-31,2027-12-31,2026-04-01,6,0.0,0
PAIM-618388,of Manipur on EPC mode under NHO-TSP Package -3 (NHIDCL) (618388),Infrastructure & Highways,Ministry of Health & Family Welfare,618388,Multi-State,2890.46,2890.46,877.51,30.4,2023-03-01,2026-12-31,2029-12-31,2026-04-01,36,0.0,0
PAIM-618389,of Manipur on EPC mode under NHO-TSP Package -4 (NHIDCL) (618389),Infrastructure & Highways,Ministry of Health & Family Welfare,618389,Multi-State,3620.52,3620.52,2642.43,73.0,2022-03-01,2027-12-31,2029-12-31,2026-04-01,0,0.0,0
PAIM-618298,Pkg-5B (NHIDCL) (618298),Infrastructure & Highways,Ministry of Health & Family Welfare,618298,Multi-State,1626.29,1626.29,1153.98,71.0,2022-03-01,2027-12-31,2027-12-31,2026-04-01,18,0.0,0
PAIM-618337,33.395 to km 67.496 on EPC Mode in Manipur PKG-3 (NHIDCL) (618337),Infrastructure & Highways,Ministry of Health & Family Welfare,618337,Multi-State,4053.57,4053.57,1888.58,46.6,2023-03-01,2026-12-31,2028-12-31,2026-04-01,36,0.0,0
PAIM-618338,Balance Works & Rectification works (NHIDCL) (618338),Infrastructure & Highways,Ministry of Health & Family Welfare,618338,Multi-State,1631.42,1631.42,212.45,13.0,2022-03-01,2028-12-31,2029-12-31,2026-04-01,12,0.0,0
PAIM-618349,Package-4A in the State of Manipur on EPC Mode (NHIDCL) (618349),Infrastructure & Highways,Ministry of Health & Family Welfare,618349,Multi-State,2802.33,2802.33,1364.69,48.7,2021-03-01,2026-12-31,2028-12-31,2026-04-01,0,0.0,0
PAIM-618348,State of Manipur on EPC Mode (NHIDCL) (618348),Infrastructure & Highways,Ministry of Health & Family Welfare,618348,Multi-State,208.41,208.41,36.09,17.3,2024-03-01,2027-12-31,2027-12-31,2026-04-01,24,0.0,0
PAIM-618415,40.000 km on NH-129A in the State of Manipur on EPC mode (NHIDCL) (618415),Infrastructure & Highways,Ministry of Health & Family Welfare,618415,Multi-State,4291.4,4291.4,2454.3,57.2,2021-03-01,2028-12-31,2027-12-31,2026-04-01,36,0.0,0
PAIM-618416,22.340 km on NH-129A in the State of Manipur on EPC mode (NHIDCL) (618416),Infrastructure & Highways,Ministry of Health & Family Welfare,618416,Multi-State,4164.35,4164.35,3476.67,83.5,2024-03-01,2028-12-31,2027-12-31,2026-04-01,6,0.0,0
PAIM-618347,NHO Package-1B (NHIDCL) (618347),Infrastructure & Highways,Ministry of Health & Family Welfare,618347,Multi-State,2463.48,2463.48,406.99,16.5,2021-03-01,2028-12-31,2028-12-31,2026-04-01,6,0.0,0
PAIM-618346,NHO Package-2A (NHIDCL) (618346),Infrastructure & Highways,Ministry of Health & Family Welfare,618346,Multi-State,2013.54,2013.54,863.93,42.9,2024-03-01,2026-12-31,2029-12-31,2026-04-01,12,0.0,0
PAIM-618345,Package-2B (NHIDCL) (618345),Infrastructure & Highways,Ministry of Health & Family Welfare,618345,Multi-State,3901.95,3901.95,1326.13,34.0,2023-03-01,2028-12-31,2028-12-31,2026-04-01,12,0.0,0
PAIM-618344,on EPC mode Package-3 (NHIDCL) (618344),Infrastructure & Highways,Ministry of Health & Family Welfare,618344,Multi-State,4250.62,4250.62,989.47,23.3,2024-03-01,2026-12-31,2028-12-31,2026-04-01,18,0.0,0
PAIM-617885,NE  ong-Don-Maw/MG/2020-21/294 (MoRTH) (617885),Infrastructure & Highways,Ministry of Health & Family Welfare,617885,Multi-State,4328.38,4328.38,536.16,12.4,2024-03-01,2026-12-31,2029-12-31,2026-04-01,12,0.0,0
PAIM-618421,Meghalaya on EPC Mode Greenfield alignment (NHIDCL) (618421),Infrastructure & Highways,Ministry of Health & Family Welfare,618421,Multi-State,2646.84,2646.84,1177.82,44.5,2023-03-01,2028-12-31,2029-12-31,2026-04-01,0,0.0,0
PAIM-618076,31.500 Goeragre to km 63.224 Package-II in state of Meghalaya (MoRTH) (618076),Infrastructure & Highways,Ministry of Health & Family Welfare,618076,Multi-State,880.72,880.72,422.74,48.0,2023-03-01,2028-12-31,2027-12-31,2026-04-01,12,0.0,0
PAIM-618294,of NH-1278 under Bharatmala Pariyojana Lot-1 Pkg-1B Meghalaya portion (NHIDCL) (618294),Infrastructure & Highways,Ministry of Health & Family Welfare,618294,Multi-State,514.74,514.74,335.01,65.1,2021-03-01,2026-12-31,2027-12-31,2026-04-01,12,0.0,0
PAIM-618295,Km 8600 to Km 53000 of Old NH-62 under BMP Lot-1 Pkg-1B Meghalaya portion (NHIDCL) (618295),Infrastructure & Highways,Ministry of Health & Family Welfare,618295,Multi-State,1304.42,1304.42,947.86,72.7,2023-03-01,2026-12-31,2028-12-31,2026-04-01,0,0.0,0
PAIM-618420,of Meghalaya on EPC Mode (NHIDCL) (618420),Infrastructure & Highways,Ministry of Health & Family Welfare,618420,Multi-State,3407.16,3407.16,1132.08,33.2,2022-03-01,2028-12-31,2027-12-31,2026-04-01,12,0.0,0
PAIM-618419,state of Meghalaya on EPC Mode Greenfield alignment (NHIDCL) (618419),Infrastructure & Highways,Ministry of Health & Family Welfare,618419,Assam,1368.58,1368.58,525.1,38.4,2022-03-01,2028-12-31,2027-12-31,2026-04-01,18,0.0,0
PAIM-618418,NE in the State of Meghalaya  Package-1 (NHIDCL) (618418),Infrastructure & Highways,Ministry of Health & Family Welfare,618418,Assam,1902.4,1902.4,983.15,51.7,2023-03-01,2028-12-31,2029-12-31,2026-04-01,0,0.0,0
PAIM-618374,assistance Phase-II Pkg-5 -Balance work (NHIDCL) (618374),Infrastructure & Highways,Ministry of Health & Family Welfare,618374,Multi-State,4236.91,4236.91,1897.59,44.8,2022-03-01,2026-12-31,2028-12-31,2026-04-01,18,0.0,0
PAIM-618375,Balance work Pkg-4 (NHIDCL) (618375),Infrastructure & Highways,Ministry of Health & Family Welfare,618375,Multi-State,2269.91,2269.91,1448.36,63.8,2024-03-01,2027-12-31,2029-12-31,2026-04-01,12,0.0,0
PAIM-618376,ODA Loan assistance Phase-II -Balance Work-Pkg-2 (NHIDCL) (618376),Infrastructure & Highways,Ministry of Health & Family Welfare,618376,Multi-State,1712.18,1712.18,1107.89,64.7,2022-03-01,2028-12-31,2028-12-31,2026-04-01,0,0.0,0
PAIM-618377,under JICA ODA Loan assistance Phase-II -Balance Work Pkg-1 (NHIDCL) (618377),Infrastructure & Highways,Ministry of Health & Family Welfare,618377,Multi-State,1264.93,1264.93,348.38,27.5,2023-03-01,2027-12-31,2029-12-31,2026-04-01,18,0.0,0
PAIM-618316,Pariyojna under NHO-NE. Package-1&2 in Assam state (NHIDCL) (618316),Infrastructure & Highways,Ministry of Health & Family Welfare,618316,Assam,3142.08,3142.08,1527.19,48.6,2022-03-01,2027-12-31,2027-12-31,2026-04-01,6,0.0,0
PAIM-618317,Pariyojna on EPC mode Vairengte - Sairang Pkg-4 (NHIDCL) (618317),Infrastructure & Highways,Ministry of Health & Family Welfare,618317,Multi-State,2036.97,2036.97,840.38,41.3,2022-03-01,2026-12-31,2029-12-31,2026-04-01,36,0.0,0
PAIM-618318,under NHO-NE Vairengte - Sairang Pkg-5 (NHIDCL) (618318),Infrastructure & Highways,Ministry of Health & Family Welfare,618318,Multi-State,3127.45,3127.45,1702.37,54.4,2022-03-01,2026-12-31,2027-12-31,2026-04-01,24,0.0,0
PAIM-618319,"on Silchar-Vairengte- Sairang road, Vairengte - Sairang Pkg-6 (NHIDCL) (618319)",Infrastructure & Highways,Ministry of Health & Family Welfare,618319,Multi-State,3881.08,3881.08,1626.9,41.9,2023-03-01,2027-12-31,2029-12-31,2026-04-01,36,0.0,0
PAIM-618320,Sairang road in the State of Mizoram on EPC mode (NHIDCL) (618320),Infrastructure & Highways,Ministry of Health & Family Welfare,618320,Multi-State,2488.96,2488.96,1045.74,42.0,2024-03-01,2028-12-31,2027-12-31,2026-04-01,6,0.0,0
PAIM-618321,Pariyojna on EPC mode under NHO-NE Package-8 (NHIDCL) (618321),Infrastructure & Highways,Ministry of Health & Family Welfare,618321,Multi-State,2908.89,2908.89,599.06,20.6,2021-03-01,2026-12-31,2028-12-31,2026-04-01,18,0.0,0
PAIM-618323,2 (NHIDCL) (618323),Infrastructure & Highways,Ministry of Health & Family Welfare,618323,Multi-State,3505.9,3505.9,450.5,12.8,2022-03-01,2026-12-31,2028-12-31,2026-04-01,18,0.0,0
PAIM-618324,Pariyojna on EPC Mode under NHO-NE (NHIDCL) (618324),Infrastructure & Highways,Ministry of Health & Family Welfare,618324,Multi-State,948.33,948.33,231.49,24.4,2024-03-01,2028-12-31,2029-12-31,2026-04-01,6,0.0,0
PAIM-618341,Tuivai Pkg-2 (NHIDCL) (618341),Infrastructure & Highways,Ministry of Health & Family Welfare,618341,Multi-State,1120.0,1120.0,478.94,42.8,2021-03-01,2026-12-31,2028-12-31,2026-04-01,18,0.0,0
PAIM-618342,state  of Mizoram under Bharatmala Pariyojana on EPC mode (NHIDCL) (618342),Infrastructure & Highways,Ministry of Health & Family Welfare,618342,Multi-State,253.37,253.37,38.93,15.4,2024-03-01,2027-12-31,2029-12-31,2026-04-01,24,0.0,0
PAIM-618343,Mizoram under Bharatmala Pariyojna on EPC Mode Seling-Dulte - III (NHIDCL) (618343),Infrastructure & Highways,Ministry of Health & Family Welfare,618343,Multi-State,4090.28,4090.28,1350.34,33.0,2021-03-01,2028-12-31,2029-12-31,2026-04-01,36,0.0,0
PAIM-618362,A (NHIDCL) (618362),Infrastructure & Highways,Ministry of Health & Family Welfare,618362,Multi-State,2201.14,2201.14,849.97,38.6,2022-03-01,2026-12-31,2027-12-31,2026-04-01,12,0.0,0
PAIM-618363,under Bharatmala Pariyojana on EPC mode [Pkg-B] (NHIDCL) (618363),Infrastructure & Highways,Ministry of Health & Family Welfare,618363,Multi-State,2080.33,2080.33,1065.91,51.2,2021-03-01,2028-12-31,2029-12-31,2026-04-01,24,0.0,0
PAIM-619010,NHO-NE Package-3  Keifang- Tuivai Pkg-3 (NHIDCL) (619010),Infrastructure & Highways,Ministry of Health & Family Welfare,619010,Multi-State,2547.43,2547.43,578.74,22.7,2022-03-01,2026-12-31,2029-12-31,2026-04-01,18,0.0,0
PAIM-618379,Tuipang Section of NH-54 in the State of Mizoram Package-5 (NHIDCL) (618379),Infrastructure & Highways,Ministry of Health & Family Welfare,618379,Multi-State,2959.14,2959.14,739.03,25.0,2024-03-01,2028-12-31,2027-12-31,2026-04-01,24,0.0,0
PAIM-618452,"in the State of Mizoram on EPC mode under NHO-NE, stretch of IMBR (NHIDCL) (618452)",Infrastructure & Highways,Ministry of Health & Family Welfare,618452,Multi-State,436.24,436.24,87.5,20.1,2022-03-01,2028-12-31,2027-12-31,2026-04-01,18,0.0,0
PAIM-618384,Tuipang Section of NH-54 in the State of Mizoram Package-4 (NHIDCL) (618384),Infrastructure & Highways,Ministry of Health & Family Welfare,618384,Multi-State,1833.44,1833.44,971.78,53.0,2024-03-01,2028-12-31,2029-12-31,2026-04-01,0,0.0,0
PAIM-618380,Tuipang Section of NH-54 in the State of Mizoram Package-3 (NHIDCL) (618380),Infrastructure & Highways,Ministry of Health & Family Welfare,618380,Multi-State,1220.41,1220.41,304.99,25.0,2022-03-01,2027-12-31,2028-12-31,2026-04-01,24,0.0,0
PAIM-618383,section under JICA ODA Loan assistance Phase-I Package-8 (NHIDCL) (618383),Infrastructure & Highways,Ministry of Health & Family Welfare,618383,Multi-State,430.01,430.01,213.06,49.5,2022-03-01,2026-12-31,2027-12-31,2026-04-01,0,0.0,0
PAIM-618382,section under JICA ODA Loan assistance Phase-I Package-7 (NHIDCL) (618382),Infrastructure & Highways,Ministry of Health & Family Welfare,618382,Multi-State,2672.13,2672.13,1260.33,47.2,2022-03-01,2028-12-31,2027-12-31,2026-04-01,0,0.0,0
PAIM-618381,Tuipang section under JICA ODA Loan assistance Phase-I Package-6 (NHIDCL) (618381),Infrastructure & Highways,Ministry of Health & Family Welfare,618381,Multi-State,4047.28,4047.28,3338.73,82.5,2021-03-01,2027-12-31,2027-12-31,2026-04-01,24,0.0,0
PAIM-618359,EPC mode under Bharatmala Pariyojna of Length 27.514 Km Package-3 (NHIDCL) (618359),Infrastructure & Highways,Ministry of Health & Family Welfare,618359,Assam,637.98,637.98,310.89,48.7,2022-03-01,2027-12-31,2028-12-31,2026-04-01,36,0.0,0
PAIM-618072,Km 220.00 of NH-61 New NH-02 in the state of Nagaland. (MoRTH) (618072),Infrastructure & Highways,Ministry of Health & Family Welfare,618072,Multi-State,3240.26,3240.26,898.01,27.7,2021-03-01,2028-12-31,2027-12-31,2026-04-01,18,0.0,0
PAIM-618422,SARDP-NE package-V  Balance work (NHIDCL) (618422),Infrastructure & Highways,Ministry of Health & Family Welfare,618422,Multi-State,3977.59,3977.59,1100.48,27.7,2024-03-01,2028-12-31,2028-12-31,2026-04-01,24,0.0,0
PAIM-618290,State of Nagaland under SARDP-NE on EPC Mode Package-IV (NHIDCL) (618290),Infrastructure & Highways,Ministry of Health & Family Welfare,618290,Multi-State,1342.23,1342.23,222.25,16.6,2023-03-01,2028-12-31,2028-12-31,2026-04-01,36,0.0,0
PAIM-618291,state of Nagaland Under SARDP-NE on EPC Mode Package- 3 (NHIDCL) (618291),Infrastructure & Highways,Ministry of Health & Family Welfare,618291,Multi-State,1803.22,1803.22,763.81,42.4,2022-03-01,2026-12-31,2029-12-31,2026-04-01,24,0.0,0
PAIM-618292,state of Nagaland Under SARDP-NE on EPC Mode Package-2 (NHIDCL) (618292),Infrastructure & Highways,Ministry of Health & Family Welfare,618292,Multi-State,1244.48,1244.48,720.29,57.9,2022-03-01,2026-12-31,2027-12-31,2026-04-01,0,0.0,0
PAIM-618293,on EPC Mode Package-1 -Balance work (NHIDCL) (618293),Infrastructure & Highways,Ministry of Health & Family Welfare,618293,Multi-State,4363.58,4363.58,2053.88,47.1,2023-03-01,2027-12-31,2027-12-31,2026-04-01,24,0.0,0
PAIM-618423,Balance work (NHIDCL) (618423),Infrastructure & Highways,Ministry of Health & Family Welfare,618423,Multi-State,290.61,290.61,188.38,64.8,2022-03-01,2028-12-31,2029-12-31,2026-04-01,24,0.0,0
PAIM-618296,on EPC Mode Package-V under NHO (NHIDCL) (618296),Infrastructure & Highways,Ministry of Health & Family Welfare,618296,Multi-State,2038.67,2038.67,1340.87,65.8,2022-03-01,2028-12-31,2028-12-31,2026-04-01,6,0.0,0
PAIM-618297,Mode under NHO Package-II -Balance work (NHIDCL) (618297),Infrastructure & Highways,Ministry of Health & Family Welfare,618297,Multi-State,1349.06,1349.06,872.47,64.7,2023-03-01,2027-12-31,2029-12-31,2026-04-01,0,0.0,0
PAIM-618414,in the state of Nagaland on EPC mode under NHO-TSP Package-II (NHIDCL) (618414),Infrastructure & Highways,Ministry of Health & Family Welfare,618414,Multi-State,1371.47,1371.47,1002.66,73.1,2021-03-01,2027-12-31,2027-12-31,2026-04-01,0,0.0,0
PAIM-618413,Nagaland on EPC mode under NHO-TSP Package-III (NHIDCL) (618413),Infrastructure & Highways,Ministry of Health & Family Welfare,618413,Multi-State,2010.48,2010.48,1480.22,73.6,2022-03-01,2026-12-31,2027-12-31,2026-04-01,6,0.0,0
PAIM-618328,Bypass under SARDP-NE Package-III (NHIDCL) (618328),Infrastructure & Highways,Ministry of Health & Family Welfare,618328,Multi-State,1963.63,1963.63,1515.16,77.2,2022-03-01,2028-12-31,2027-12-31,2026-04-01,0,0.0,0
PAIM-618329,SARDP-NE (NHIDCL) (618329),Infrastructure & Highways,Ministry of Health & Family Welfare,618329,Multi-State,3345.14,3345.14,1356.21,40.5,2022-03-01,2026-12-31,2027-12-31,2026-04-01,6,0.0,0
PAIM-617886,to Km 125 of NH 61 (MoRTH) (617886),Infrastructure & Highways,Ministry of Health & Family Welfare,617886,Multi-State,4038.53,4038.53,1195.63,29.6,2024-03-01,2028-12-31,2028-12-31,2026-04-01,18,0.0,0
PAIM-618002,Chare via Dikhu in the state of Nagaland on EPC mode (MoRTH) (618002),Infrastructure & Highways,Ministry of Health & Family Welfare,618002,Multi-State,2204.07,2204.07,1423.78,64.6,2024-03-01,2026-12-31,2029-12-31,2026-04-01,24,0.0,0
PAIM-618364,on EPC mode under NH O-NE (NHIDCL) (618364),Infrastructure & Highways,Ministry of Health & Family Welfare,618364,Multi-State,3432.25,3432.25,1519.16,44.3,2022-03-01,2028-12-31,2028-12-31,2026-04-01,18,0.0,0
PAIM-618365,Nagaland on EPC mode under NHO-NE (NHIDCL) (618365),Infrastructure & Highways,Ministry of Health & Family Welfare,618365,Multi-State,1087.97,1087.97,425.89,39.1,2023-03-01,2028-12-31,2028-12-31,2026-04-01,18,0.0,0
PAIM-618366,on EPC mode under NHO-NE (NHIDCL) (618366),Infrastructure & Highways,Ministry of Health & Family Welfare,618366,Multi-State,4269.99,4269.99,2017.74,47.3,2021-03-01,2027-12-31,2029-12-31,2026-04-01,0,0.0,0
PAIM-619059,SARDP-NE  PKG-IV Balance work (NHIDCL) (619059),Infrastructure & Highways,Ministry of Health & Family Welfare,619059,Multi-State,782.06,782.06,115.25,14.7,2023-03-01,2026-12-31,2027-12-31,2026-04-01,36,0.0,0
PAIM-618446,Rongli to Chochenpheri of NH 717B Pkg-II C (NHIDCL) (618446),Infrastructure & Highways,Ministry of Health & Family Welfare,618446,Multi-State,1567.9,1567.9,996.6,63.6,2023-03-01,2027-12-31,2029-12-31,2026-04-01,36,0.0,0
PAIM-618428,Bridge of 680 m in the State of Sikkim on EPC Mode-COS work (NHIDCL) (618428),Infrastructure & Highways,Ministry of Health & Family Welfare,618428,Multi-State,1403.18,1403.18,669.93,47.7,2021-03-01,2028-12-31,2028-12-31,2026-04-01,0,0.0,0
PAIM-618426,State of Sikkim (NHIDCL) (618426),Infrastructure & Highways,Ministry of Health & Family Welfare,618426,Multi-State,2646.51,2646.51,436.87,16.5,2023-03-01,2028-12-31,2028-12-31,2026-04-01,18,0.0,0
PAIM-618447,Sikkim. (NHIDCL) (618447),Infrastructure & Highways,Ministry of Health & Family Welfare,618447,Multi-State,2038.92,2038.92,1700.8,83.4,2024-03-01,2028-12-31,2029-12-31,2026-04-01,18,0.0,0
PAIM-618448,the State of Sikkim. (NHIDCL) (618448),Infrastructure & Highways,Ministry of Health & Family Welfare,618448,Multi-State,779.51,779.51,269.06,34.5,2021-03-01,2026-12-31,2027-12-31,2026-04-01,36,0.0,0
PAIM-618449,spur NH-717B on EPC Mode under SARDP-NE Phase-A in Sikkim Pkg-II B (NHIDCL) (618449),Infrastructure & Highways,Ministry of Health & Family Welfare,618449,Multi-State,3196.86,3196.86,1008.75,31.6,2021-03-01,2027-12-31,2029-12-31,2026-04-01,12,0.0,0
PAIM-618450,km58.840 under SARDP-NE Phase A  Pkg- IV (NHIDCL) (618450),Infrastructure & Highways,Ministry of Health & Family Welfare,618450,Multi-State,2733.43,2733.43,1736.13,63.5,2021-03-01,2026-12-31,2028-12-31,2026-04-01,24,0.0,0
PAIM-618071,Ranipool to Burtuk Ch 0.00 Km to 23.316 L23.316 Km in the State of Sikkim (MoRTH) (618071),Infrastructure & Highways,Ministry of Health & Family Welfare,618071,Multi-State,266.93,266.93,42.72,16.0,2022-03-01,2026-12-31,2029-12-31,2026-04-01,12,0.0,0
PAIM-618350,state of Tripura on EPC basis under NHO-NE (NHIDCL) (618350),Infrastructure & Highways,Ministry of Health & Family Welfare,618350,Multi-State,2225.17,2225.17,1414.06,63.5,2024-03-01,2027-12-31,2028-12-31,2026-04-01,0,0.0,0
PAIM-618385,with paved shoulder on EPC basis under NHO Package-III- Balance Work (NHIDCL) (618385),Infrastructure & Highways,Ministry of Health & Family Welfare,618385,Multi-State,2866.42,2866.42,1755.6,61.2,2021-03-01,2027-12-31,2029-12-31,2026-04-01,36,0.0,0
PAIM-618386,shoulder on EPC bais under NHO (NHIDCL) (618386),Infrastructure & Highways,Ministry of Health & Family Welfare,618386,Multi-State,2673.11,2673.11,426.14,15.9,2024-03-01,2027-12-31,2028-12-31,2026-04-01,0,0.0,0
PAIM-618411,and overlay from Km 20.30 to Km 22.00 1.7 Km Total Length  13.2 Km (NHIDCL) (618411),Infrastructure & Highways,Ministry of Health & Family Welfare,618411,Multi-State,1082.75,1082.75,329.95,30.5,2021-03-01,2026-12-31,2028-12-31,2026-04-01,0,0.0,0
PAIM-618417,state of Tripura on EPC basis under NHO-NE (NHIDCL) (618417),Infrastructure & Highways,Ministry of Health & Family Welfare,618417,Multi-State,2907.55,2907.55,2163.66,74.4,2023-03-01,2027-12-31,2028-12-31,2026-04-01,0,0.0,0
PAIM-618367,JICA ODA Loan Phase VI Package-4 (NHIDCL) (618367),Infrastructure & Highways,Ministry of Health & Family Welfare,618367,Multi-State,3650.27,3650.27,2916.47,79.9,2023-03-01,2027-12-31,2029-12-31,2026-04-01,6,0.0,0
PAIM-618368,under JICA ODA Loan Phase VI Package-3 (NHIDCL) (618368),Infrastructure & Highways,Ministry of Health & Family Welfare,618368,Multi-State,2696.28,2696.28,1972.31,73.1,2024-03-01,2028-12-31,2028-12-31,2026-04-01,24,0.0,0
PAIM-618369,the state of Tripura on EPC mode under JICA ODA Loan Phase VI Package-2 (NHIDCL) (618369),Infrastructure & Highways,Ministry of Health & Family Welfare,618369,Multi-State,3343.45,3343.45,2230.53,66.7,2023-03-01,2028-12-31,2028-12-31,2026-04-01,0,0.0,0
PAIM-618370,JICA ODA Loan Phase VI Package-1 (NHIDCL) (618370),Infrastructure & Highways,Ministry of Health & Family Welfare,618370,Multi-State,2668.77,2668.77,2117.85,79.4,2023-03-01,2027-12-31,2029-12-31,2026-04-01,0,0.0,0
PAIM-701598,Highways of Meghalaya (Department of Telecommunications) (701598),Infrastructure & Highways,Ministry of Health & Family Welfare,701598,Assam,1752.39,1752.39,1285.61,73.4,2022-03-01,2027-12-31,2027-12-31,2026-04-01,36,0.0,0
PAIM-701597,2 Districts of Assam (Department of Telecommunications) (701597),Infrastructure & Highways,Ministry of Health & Family Welfare,701597,Assam,3704.19,3704.19,865.66,23.4,2021-03-01,2027-12-31,2028-12-31,2026-04-01,12,0.0,0
PAIM-701370,"Borolia Irrigation Project (Department of Water Resources, River Development & GR) (701370)",Infrastructure & Highways,Ministry of Health & Family Welfare,701370,Assam,3618.31,3618.31,1941.14,53.6,2021-03-01,2028-12-31,2029-12-31,2026-04-01,36,0.0,0
PAIM-701400,Thoubal Multipurpose Project (Water Resources Department-MN) (701400),Infrastructure & Highways,Ministry of Health & Family Welfare,701400,Assam,2279.84,2279.84,659.63,28.9,2023-03-01,2027-12-31,2028-12-31,2026-04-01,0,0.0,0
PAIM-612786,"including maintenance, operations and AICMC at Kadapa Airport (Airport Authority of India [AAI]) (612786)",Infrastructure & Highways,Ministry of Civil Aviation,612786,Andhra Pradesh,2448.25,2448.25,463.31,18.9,2021-03-01,2026-12-31,2029-12-31,2026-04-01,36,0.0,0
PAIM-701107,Airport. (Airport Authority of India [AAI]) (701107),Infrastructure & Highways,Ministry of Civil Aviation,701107,Andhra Pradesh,534.15,534.15,206.44,38.6,2022-03-01,2028-12-31,2029-12-31,2026-04-01,24,0.0,0
PAIM-701121,Construction of New  Domestic Terminal Building  at Rajahmundry Airport. (Airport Authority of India [AAI]) (701121),Infrastructure & Highways,Ministry of Civil Aviation,701121,Andhra Pradesh,813.51,813.51,472.72,58.1,2022-03-01,2026-12-31,2028-12-31,2026-04-01,12,0.0,0
PAIM-612183,Development of New Civil Enclave at Bihta (Airport Authority of India [AAI]) (612183),Infrastructure & Highways,Ministry of Civil Aviation,612183,Bihar,3331.98,3331.98,1197.18,35.9,2023-03-01,2028-12-31,2029-12-31,2026-04-01,24,0.0,0
PAIM-612194,Development of New Civil Enclave and associated works at Darbhanga Airport (Airport Authority of India [AAI]) (612194),Infrastructure & Highways,Ministry of Civil Aviation,612194,Bihar,4477.28,4477.28,3014.53,67.3,2022-03-01,2028-12-31,2028-12-31,2026-04-01,36,0.0,0
PAIM-701101,"structures at JPNI Airport, Patna (Airport Authority of India [AAI]) (701101)",Infrastructure & Highways,Ministry of Civil Aviation,701101,Bihar,4172.6,4172.6,1320.81,31.7,2023-03-01,2026-12-31,2028-12-31,2026-04-01,24,0.0,0
PAIM-701105,Goa Airport Terminal Building Extension Project (Airport Authority of India [AAI]) (701105),Infrastructure & Highways,Ministry of Civil Aviation,701105,Gujarat,4389.46,4389.46,1457.15,33.2,2024-03-01,2026-12-31,2029-12-31,2026-04-01,6,0.0,0
PAIM-619054,Development of Keshod Airport. (Airport Authority of India [AAI]) (619054),Infrastructure & Highways,Ministry of Civil Aviation,619054,Gujarat,431.59,431.59,113.92,26.4,2022-03-01,2026-12-31,2028-12-31,2026-04-01,24,0.0,0
PAIM-701126,"Development of Dholera International Greenfield Airport , Gujarat (Airport Authority of India [AAI]) (701126)",Infrastructure & Highways,Ministry of Civil Aviation,701126,Gujarat,1474.23,1474.23,920.38,62.4,2024-03-01,2028-12-31,2029-12-31,2026-04-01,0,0.0,0
PAIM-611047,works and electrical & mechanical installations towards Tawi River side at CA Jammu. (Airport Authority of India [AAI]) ,Infrastructure & Highways,Ministry of Civil Aviation,611047,Multi-State,3714.74,3714.74,1179.32,31.7,2022-03-01,2028-12-31,2027-12-31,2026-04-01,36,0.0,0
PAIM-612787,Airport (Airport Authority of India [AAI]) (612787),Infrastructure & Highways,Ministry of Civil Aviation,612787,Karnataka,3206.48,3206.48,1095.58,34.2,2024-03-01,2027-12-31,2028-12-31,2026-04-01,0,0.0,0
PAIM-612788,Belagavi Airport. (Airport Authority of India [AAI]) (612788),Infrastructure & Highways,Ministry of Civil Aviation,612788,Karnataka,2150.49,2150.49,1484.69,69.0,2021-03-01,2027-12-31,2029-12-31,2026-04-01,18,0.0,0
PAIM-612789,works for additional RESA on either end on Runway 10-28 (Airport Authority of India [AAI]) (612789),Infrastructure & Highways,Ministry of Civil Aviation,612789,Multi-State,592.85,592.85,182.79,30.8,2023-03-01,2028-12-31,2027-12-31,2026-04-01,18,0.0,0
PAIM-400010,"Construction of Terminal Building & Associated works at Leh Airport, Ladakh (Airport Authority of India [AAI]) (400010)",Infrastructure & Highways,Ministry of Civil Aviation,400010,Multi-State,974.73,974.73,185.33,19.0,2023-03-01,2028-12-31,2028-12-31,2026-04-01,0,0.0,0
PAIM-611570,"Navi Mumbai, Jewar [earlier MOPA, without ASMGCS], HIAL & BIAL (Airport Authority of India [AAI]) (611570)",Infrastructure & Highways,Ministry of Civil Aviation,611570,Maharashtra,383.54,383.54,106.62,27.8,2023-03-01,2027-12-31,2028-12-31,2026-04-01,6,0.0,0
PAIM-618977,"Development of New Greenfield Airport at Bundi, Kota Rajasthan. (Airport Authority of India [AAI]) (618977)",Infrastructure & Highways,Ministry of Civil Aviation,618977,Rajasthan,4086.8,4086.8,822.01,20.1,2022-03-01,2026-12-31,2029-12-31,2026-04-01,18,0.0,0
PAIM-10781,(Airport Authority of India [AAI]) (618977) (-) (10781),Infrastructure & Highways,Ministry of Civil Aviation,10781,Rajasthan,1622.41,1622.41,1079.07,66.5,2022-03-01,2027-12-31,2029-12-31,2026-04-01,12,0.0,0
PAIM-701127,Airport. (Airport Authority of India [AAI]) (701127),Infrastructure & Highways,Ministry of Civil Aviation,701127,Rajasthan,2060.53,2060.53,974.32,47.3,2023-03-01,2026-12-31,2029-12-31,2026-04-01,12,0.0,0
PAIM-701128,Construction of New Integrated Passenger Terminal Building at Udaipur Airport (Airport Authority of India [AAI]) (701128,Infrastructure & Highways,Ministry of Civil Aviation,701128,Rajasthan,1121.45,1121.45,207.98,18.5,2022-03-01,2027-12-31,2028-12-31,2026-04-01,18,0.0,0
PAIM-611602,"Modernization of Chennai Airport, Phase II, Part 2 (Airport Authority of India [AAI]) (611602)",Infrastructure & Highways,Ministry of Coal,611602,Tamil Nadu,2017.64,2017.64,954.58,47.3,2024-03-01,2026-12-31,2029-12-31,2026-04-01,0,0.0,0
PAIM-701113,"Terminal Building, Apron Extension, Runway Extension, PTT and allied works. (Airport Authority of India [AAI]) (701113)",Infrastructure & Highways,Ministry of Coal,701113,Uttar Pradesh,1378.77,1378.77,294.8,21.4,2023-03-01,2028-12-31,2028-12-31,2026-04-01,24,0.0,0
PAIM-701122,Development of New Integrated Civil Enclave at Agra Airport (Airport Authority of India [AAI]) (701122),Infrastructure & Highways,Ministry of Coal,701122,Uttar Pradesh,2194.82,2194.82,727.33,33.1,2021-03-01,2028-12-31,2027-12-31,2026-04-01,24,0.0,0
PAIM-611495,Development of New Civil Enclave at Bagdogra Airport (Airport Authority of India [AAI]) (611495),Infrastructure & Highways,Ministry of Coal,611495,Uttar Pradesh,219.52,219.52,162.48,74.0,2023-03-01,2028-12-31,2028-12-31,2026-04-01,6,0.0,0
PAIM-612791,Strengthening of C Taxiway at NSCBI Airport Kolkata. (Airport Authority of India [AAI]) (612791),Infrastructure & Highways,Ministry of Coal,612791,West Bengal,4415.25,4415.25,1082.66,24.5,2024-03-01,2026-12-31,2028-12-31,2026-04-01,36,0.0,0
PAIM-400144,PORDA CHIMTAPANI OCP [10 MTY] (South Eastern Coalfields Limited [SECL]) (400144),Infrastructure & Highways,Ministry of Coal,400144,Assam,3402.8,3402.8,2739.47,80.5,2024-03-01,2027-12-31,2029-12-31,2026-04-01,24,0.0,0
PAIM-400149,BAROUD OC EXPANSION [3.0-10.0M (South Eastern Coalfields Limited [SECL]) (400149),Infrastructure & Highways,Ministry of Coal,400149,Multi-State,2761.61,2761.61,845.62,30.6,2021-03-01,2028-12-31,2029-12-31,2026-04-01,36,0.0,0
PAIM-400354,DIPKA EXPANSION OCP [40 MTY] (South Eastern Coalfields Limited [SECL]) (400354),Infrastructure & Highways,Ministry of Coal,400354,Multi-State,3468.62,3468.62,2213.54,63.8,2021-03-01,2028-12-31,2028-12-31,2026-04-01,12,0.0,0
PAIM-400424,GEVRA OC [70 MTY] (South Eastern Coalfields Limited [SECL]) (400424),Infrastructure & Highways,Ministry of Coal,400424,Multi-State,445.52,445.52,234.12,52.5,2022-03-01,2028-12-31,2029-12-31,2026-04-01,36,0.0,0
PAIM-613798,AMERA OC RCE [1.0 MTY] (South Eastern Coalfields Limited [SECL]) (613798),Infrastructure & Highways,Ministry of Coal,613798,Multi-State,3493.54,3493.54,2121.66,60.7,2021-03-01,2027-12-31,2027-12-31,2026-04-01,36,0.0,0
PAIM-613799,AMGAON OC RCE [1.0 MTY] (South Eastern Coalfields Limited [SECL]) (613799),Infrastructure & Highways,Ministry of Coal,613799,Multi-State,2565.02,2565.02,860.45,33.5,2022-03-01,2027-12-31,2028-12-31,2026-04-01,18,0.0,0
PAIM-613800,JAGANNATHPUR OC RCE PROJECT (South Eastern Coalfields Limited [SECL]) (613800),Infrastructure & Highways,Ministry of Coal,613800,Multi-State,1288.33,1288.33,853.57,66.3,2023-03-01,2028-12-31,2027-12-31,2026-04-01,6,0.0,0
PAIM-613801,MAHAMAYA OCP [1.50 MTY] (South Eastern Coalfields Limited [SECL]) (613801),Infrastructure & Highways,Ministry of Coal,613801,Multi-State,2562.63,2562.63,898.58,35.1,2023-03-01,2026-12-31,2028-12-31,2026-04-01,18,0.0,0
PAIM-615191,KATKONA RO UG MINE (South Eastern Coalfields Limited [SECL]) (615191),Infrastructure & Highways,Ministry of Coal,615191,Multi-State,4401.83,4401.83,2100.63,47.7,2024-03-01,2026-12-31,2028-12-31,2026-04-01,18,0.0,0
PAIM-616234,PELMA OC MDO (South Eastern Coalfields Limited [SECL]) (616234),Infrastructure & Highways,Ministry of Coal,616234,Multi-State,4232.72,4232.72,2689.98,63.6,2023-03-01,2028-12-31,2029-12-31,2026-04-01,12,0.0,0
PAIM-617287,KUSMUNDA OC EXPANSION PROJECT (SECL - CIL) (617287),Infrastructure & Highways,Ministry of Coal,617287,Multi-State,4314.22,4314.22,1291.47,29.9,2022-03-01,2028-12-31,2027-12-31,2026-04-01,36,0.0,0
PAIM-617288,MANIKPUR OC EXPANSION PROJECT (South Eastern Coalfields Limited [SECL]) (617288),Infrastructure & Highways,Ministry of Coal,617288,Multi-State,2633.06,2633.06,1262.71,48.0,2023-03-01,2028-12-31,2029-12-31,2026-04-01,6,0.0,0
PAIM-619171,RPR FOR DURGAPUR OCP 10 MTY (SECL - CIL) (619171),Infrastructure & Highways,Ministry of Coal,619171,Multi-State,2218.21,2218.21,1019.56,46.0,2022-03-01,2028-12-31,2029-12-31,2026-04-01,12,0.0,0
PAIM-11842,(SECL - CIL) (619171) (-) (11842),Infrastructure & Highways,Ministry of Coal,11842,Multi-State,2605.02,2605.02,2161.42,83.0,2023-03-01,2027-12-31,2027-12-31,2026-04-01,6,0.0,0
PAIM-619172,MADANNAGAR OCP 12 MTY - MDO (SECL - CIL) (619172),Infrastructure & Highways,Ministry of Coal,619172,Multi-State,3650.82,3650.82,2377.72,65.1,2021-03-01,2026-12-31,2029-12-31,2026-04-01,12,0.0,0
PAIM-11856,(SECL - CIL) (619172) (-) (11856),Infrastructure & Highways,Ministry of Coal,11856,Multi-State,3952.0,3952.0,2899.84,73.4,2021-03-01,2028-12-31,2028-12-31,2026-04-01,6,0.0,0
PAIM-400018,HURA C OCP (ECL - CIL) (400018),Infrastructure & Highways,Ministry of Coal,400018,Multi-State,1786.51,1786.51,344.47,19.3,2024-03-01,2027-12-31,2027-12-31,2026-04-01,24,0.0,0
PAIM-400073,KONAR EXPANSION OCP (Ministry of Coal) (400073),Infrastructure & Highways,Ministry of Coal,400073,Multi-State,3479.19,3479.19,2498.13,71.8,2021-03-01,2027-12-31,2028-12-31,2026-04-01,36,0.0,0
PAIM-400074,KARO EXPANSION OCP (Ministry of Coal) (400074),Infrastructure & Highways,Ministry of Coal,400074,Multi-State,2059.85,2059.85,749.06,36.4,2023-03-01,2028-12-31,2028-12-31,2026-04-01,6,0.0,0
PAIM-400136,SANGHMITRA OC (Ministry of Coal) (400136),Infrastructure & Highways,Ministry of Coal,400136,Multi-State,1862.24,1862.24,1574.53,84.6,2021-03-01,2028-12-31,2027-12-31,2026-04-01,6,0.0,0
PAIM-400138,CHANDRAGUPT OCP (Ministry of Coal) (400138),Infrastructure & Highways,Ministry of Coal,400138,Multi-State,2310.57,2310.57,290.63,12.6,2021-03-01,2026-12-31,2028-12-31,2026-04-01,6,0.0,0
PAIM-400139,KOTRE BASANTPUR PACHMO OCP (Ministry of Coal) (400139),Infrastructure & Highways,Ministry of Coal,400139,Multi-State,3501.6,3501.6,2020.21,57.7,2023-03-01,2028-12-31,2029-12-31,2026-04-01,36,0.0,0
PAIM-400142,Pachwara South Coal Block (NLC India Limited [NLCIL]) (400142),Infrastructure & Highways,Ministry of Coal,400142,Multi-State,2611.24,2611.24,673.55,25.8,2024-03-01,2027-12-31,2029-12-31,2026-04-01,36,0.0,0
PAIM-400150,RPR MAGADH EXP OCP (Ministry of Coal) (400150),Infrastructure & Highways,Ministry of Coal,400150,Multi-State,4239.56,4239.56,1117.65,26.4,2023-03-01,2027-12-31,2028-12-31,2026-04-01,36,0.0,0
PAIM-400151,NORTH URIMARI EXPANSION OCP (Ministry of Coal) (400151),Infrastructure & Highways,Ministry of Coal,400151,Multi-State,2819.82,2819.82,2227.88,79.0,2021-03-01,2028-12-31,2027-12-31,2026-04-01,12,0.0,0
PAIM-400153,EPR ROHINI - KARKETTA OCP (Ministry of Coal) (400153),Infrastructure & Highways,Ministry of Coal,400153,Multi-State,3895.33,3895.33,651.56,16.7,2024-03-01,2026-12-31,2029-12-31,2026-04-01,12,0.0,0
PAIM-400154,EPR PUNDI OCP (Ministry of Coal) (400154),Infrastructure & Highways,Ministry of Coal,400154,Multi-State,371.7,371.7,234.58,63.1,2022-03-01,2028-12-31,2027-12-31,2026-04-01,24,0.0,0
PAIM-400155,EPR ASHOK OC (Ministry of Coal) (400155),Infrastructure & Highways,Ministry of Coal,400155,Multi-State,2994.1,2994.1,2530.92,84.5,2024-03-01,2026-12-31,2027-12-31,2026-04-01,24,0.0,0
PAIM-400156,EPR AMRAPALI OCP (Ministry of Coal) (400156),Infrastructure & Highways,Ministry of Coal,400156,Multi-State,332.19,332.19,245.66,74.0,2022-03-01,2027-12-31,2028-12-31,2026-04-01,18,0.0,0
PAIM-400160,RAJRAPPA RCE OCP (Ministry of Coal) (400160),Infrastructure & Highways,Ministry of Coal,400160,Multi-State,4466.89,4466.89,1730.12,38.7,2022-03-01,2026-12-31,2027-12-31,2026-04-01,24,0.0,0
PAIM-400172,CHITRA EAST OC (Eastern Coal Fields Limited [ECL]) (400172),Infrastructure & Highways,Ministry of Coal,400172,Multi-State,4313.04,4313.04,600.22,13.9,2023-03-01,2027-12-31,2027-12-31,2026-04-01,0,0.0,0
PAIM-400352,JHARKHAND-LAIYO OCP (Ministry of Coal) (400352),Infrastructure & Highways,Ministry of Coal,400352,Multi-State,3011.17,3011.17,2206.62,73.3,2023-03-01,2026-12-31,2027-12-31,2026-04-01,36,0.0,0
PAIM-400425,MOONIDIH XV SEAM UG (Bharat Coking Coal Limited (BCCL)) (400425),Infrastructure & Highways,Ministry of Coal,400425,Multi-State,1614.06,1614.06,641.67,39.8,2022-03-01,2028-12-31,2027-12-31,2026-04-01,6,0.0,0
PAIM-611017,2.5 MTPA PATHERDIH NLW WASHERY (Ministry of Coal) (611017),Infrastructure & Highways,Ministry of Coal,611017,Multi-State,1303.58,1303.58,957.87,73.5,2023-03-01,2027-12-31,2028-12-31,2026-04-01,24,0.0,0
PAIM-611864,AMALAGAMATED NTST KUJAMA OCP 8.5MTY (Bharat Coking Coal Limited (BCCL)) (611864),Infrastructure & Highways,Ministry of Coal,611864,Multi-State,331.5,331.5,246.74,74.4,2021-03-01,2028-12-31,2028-12-31,2026-04-01,0,0.0,0
PAIM-613808,MURAIDIH UG PROJECT (Bharat Coking Coal Limited (BCCL)) (613808),Infrastructure & Highways,Ministry of Coal,613808,Multi-State,3094.88,3094.88,2225.81,71.9,2022-03-01,2028-12-31,2029-12-31,2026-04-01,12,0.0,0
PAIM-615349,TAPIN SOUTH EXPN (Ministry of Coal) (615349),Infrastructure & Highways,Ministry of Coal,615349,Multi-State,2909.36,2909.36,611.44,21.0,2023-03-01,2027-12-31,2029-12-31,2026-04-01,0,0.0,0
PAIM-615822,SIRKA OC (Ministry of Coal) (615822),Infrastructure & Highways,Ministry of Coal,615822,Multi-State,2748.86,2748.86,879.86,32.0,2021-03-01,2028-12-31,2027-12-31,2026-04-01,6,0.0,0
PAIM-615843,TETARIAKHAR OC (Ministry of Coal) (615843),Infrastructure & Highways,Ministry of Coal,615843,Multi-State,1697.99,1697.99,1266.79,74.6,2022-03-01,2028-12-31,2029-12-31,2026-04-01,36,0.0,0
PAIM-616225,CHUPERBHITA SIMLONG OCP MDO 6 (Eastern Coal Fields Limited [ECL]) (616225),Infrastructure & Highways,Ministry of Coal,616225,Multi-State,1413.45,1413.45,626.38,44.3,2024-03-01,2026-12-31,2028-12-31,2026-04-01,12,0.0,0
PAIM-616236,JARANGDIH EXPN. OCP 1.5 MTY (CCL - CIL) (616236),Infrastructure & Highways,Ministry of Coal,616236,Multi-State,4494.82,4494.82,1077.73,24.0,2023-03-01,2028-12-31,2029-12-31,2026-04-01,6,0.0,0
PAIM-616253,BLOCK E OCP (Ministry of Coal) (616253),Infrastructure & Highways,Ministry of Coal,616253,Multi-State,2307.18,2307.18,871.91,37.8,2021-03-01,2027-12-31,2027-12-31,2026-04-01,36,0.0,0
PAIM-617416,affected families in Jharia Coalfield- Reg. (Bharat Coking Coal Limited [BCCL]) (617416),Infrastructure & Highways,Ministry of Coal,617416,Multi-State,4026.92,4026.92,2677.5,66.5,2023-03-01,2028-12-31,2027-12-31,2026-04-01,12,0.0,0
PAIM-400148,AMADAND OCP[4.0MTY] (Ministry of Coal) (400148),Infrastructure & Highways,Ministry of Coal,400148,Madhya Pradesh,4132.81,4132.81,2944.44,71.2,2024-03-01,2026-12-31,2029-12-31,2026-04-01,12,0.0,0
PAIM-400162,BLOCK B EXPANSION  [3.5 TO 8.0 (Northern Coalfields Limited [NCL]) (400162),Infrastructure & Highways,Ministry of Coal,400162,Madhya Pradesh,618.93,618.93,356.61,57.6,2023-03-01,2026-12-31,2029-12-31,2026-04-01,6,0.0,0
PAIM-400321,NIGAHI EXPANSION [15 TO 25 MTP (Northern Coalfields Limited [NCL]) (400321),Infrastructure & Highways,Ministry of Coal,400321,Madhya Pradesh,963.94,963.94,760.15,78.9,2022-03-01,2028-12-31,2027-12-31,2026-04-01,0,0.0,0
PAIM-613802,KANCHAN OC EXP (South Eastern Coalfields Limited [SECL]) (613802),Infrastructure & Highways,Ministry of Coal,613802,Madhya Pradesh,1759.6,1759.6,432.56,24.6,2021-03-01,2026-12-31,2029-12-31,2026-04-01,6,0.0,0
PAIM-613803,JHIRIA WEST OCP [1.5 MTY] (South Eastern Coalfields Limited [SECL]) (613803),Infrastructure & Highways,Ministry of Coal,613803,Madhya Pradesh,2141.59,2141.59,1119.6,52.3,2021-03-01,2026-12-31,2029-12-31,2026-04-01,18,0.0,0
PAIM-613804,RPR TAWA-III UG 0.84 MTY (Western Coalfields Limited [WCL]) (613804),Infrastructure & Highways,Ministry of Coal,613804,Madhya Pradesh,1578.38,1578.38,671.1,42.5,2024-03-01,2028-12-31,2027-12-31,2026-04-01,12,0.0,0
PAIM-615185,AMALGAMATED DHANKASA & JAMUNIA (Western Coalfields Limited [WCL]) (615185),Infrastructure & Highways,Ministry of Coal,615185,Madhya Pradesh,2414.97,2414.97,1047.88,43.4,2023-03-01,2027-12-31,2028-12-31,2026-04-01,24,0.0,0
PAIM-615187,RPR OF VISHNUPURI UG TO OC (Western Coalfields Limited [WCL]) (615187),Infrastructure & Highways,Ministry of Coal,615187,Madhya Pradesh,1291.85,1291.85,647.56,50.1,2022-03-01,2028-12-31,2029-12-31,2026-04-01,6,0.0,0
PAIM-615194,URDHAN EXPANSION OC COST PLUS (Western Coalfields Limited [WCL]) (615194),Infrastructure & Highways,Ministry of Coal,615194,Madhya Pradesh,3238.59,3238.59,1819.83,56.2,2022-03-01,2026-12-31,2027-12-31,2026-04-01,12,0.0,0
PAIM-615195,SHARDA UG MINE (Western Coalfields Limited [WCL]) (615195),Infrastructure & Highways,Ministry of Coal,615195,Madhya Pradesh,2257.59,2257.59,604.26,26.8,2024-03-01,2027-12-31,2029-12-31,2026-04-01,18,0.0,0
PAIM-615206,GANDHIGRAM UG MINE (Western Coalfields Limited [WCL]) (615206),Infrastructure & Highways,Ministry of Coal,615206,Madhya Pradesh,276.41,276.41,171.26,62.0,2021-03-01,2026-12-31,2027-12-31,2026-04-01,18,0.0,0
PAIM-619032,JAYANT EXPN. [20 TO 38 MTPA] (Northern Coalfields Limited [NCL]) (619032),Infrastructure & Highways,Ministry of Coal,619032,Madhya Pradesh,2643.23,2643.23,1575.32,59.6,2024-03-01,2027-12-31,2029-12-31,2026-04-01,24,0.0,0
PAIM-11593,(Northern Coalfields Limited [NCL]) (619032) (-) (11593),Infrastructure & Highways,Ministry of Coal,11593,Madhya Pradesh,4322.33,4322.33,2082.8,48.2,2022-03-01,2028-12-31,2028-12-31,2026-04-01,12,0.0,0
PAIM-619053,RPR FOR RAMPUR BATURA OCP (SECL - CIL) (619053),Infrastructure & Highways,Ministry of Coal,619053,Maharashtra,548.26,548.26,224.59,41.0,2024-03-01,2028-12-31,2027-12-31,2026-04-01,0,0.0,0
PAIM-11612,(SECL - CIL) (619053) (-) (11612),Infrastructure & Highways,Ministry of Coal,11612,Maharashtra,3826.12,3826.12,858.41,22.4,2024-03-01,2028-12-31,2028-12-31,2026-04-01,36,0.0,0
PAIM-400033,BHATADI EXPANSION OC (Western Coalfields Limited [WCL]) (400033),Infrastructure & Highways,Ministry of Coal,400033,Maharashtra,1468.35,1468.35,1199.11,81.7,2022-03-01,2028-12-31,2028-12-31,2026-04-01,0,0.0,0
PAIM-400177,AMALGAMATED YEKONA I & YEKONA (Western Coalfields Limited [WCL]) (400177),Infrastructure & Highways,Ministry of Coal,400177,Maharashtra,3854.71,3854.71,2849.48,73.9,2024-03-01,2026-12-31,2028-12-31,2026-04-01,0,0.0,0
PAIM-400178,DINESH[MAKARDHOKRA-III] OC (Western Coalfields Limited [WCL]) (400178),Infrastructure & Highways,Ministry of Coal,400178,Maharashtra,343.84,343.84,151.86,44.2,2023-03-01,2028-12-31,2028-12-31,2026-04-01,0,0.0,0
PAIM-400353,DHUPTALA OC [SASTI UG TO OC ] (Western Coalfields Limited [WCL]) (400353),Infrastructure & Highways,Ministry of Coal,400353,Maharashtra,2632.77,2632.77,1011.57,38.4,2023-03-01,2027-12-31,2027-12-31,2026-04-01,18,0.0,0
PAIM-615184,SAONER UG MINE -1 EXPANSION 1. (Western Coalfields Limited [WCL]) (615184),Infrastructure & Highways,Ministry of Coal,615184,Maharashtra,2139.41,2139.41,355.83,16.6,2024-03-01,2027-12-31,2028-12-31,2026-04-01,24,0.0,0
PAIM-615186,SASTI  EXPANSION OPENCAST (Western Coalfields Limited [WCL]) (615186),Infrastructure & Highways,Ministry of Coal,615186,Maharashtra,2870.54,2870.54,605.14,21.1,2022-03-01,2028-12-31,2028-12-31,2026-04-01,0,0.0,0
PAIM-615188,NEW MAJRI UG TO OC 3 MTY COST (Western Coalfields Limited [WCL]) (615188),Infrastructure & Highways,Ministry of Coal,615188,Maharashtra,4013.71,4013.71,708.87,17.7,2023-03-01,2027-12-31,2028-12-31,2026-04-01,12,0.0,0
PAIM-615189,MAKARDHOKRA EXPN OC 4.9 MTY (Western Coalfields Limited [WCL]) (615189),Infrastructure & Highways,Ministry of Coal,615189,Maharashtra,2370.24,2370.24,279.9,11.8,2024-03-01,2027-12-31,2028-12-31,2026-04-01,24,0.0,0
PAIM-615190,SINGHORI DEEP OC MIN 2.0 MTY (Western Coalfields Limited [WCL]) (615190),Infrastructure & Highways,Ministry of Coal,615190,Maharashtra,941.05,941.05,700.81,74.5,2022-03-01,2026-12-31,2027-12-31,2026-04-01,36,0.0,0
PAIM-615192,GOKUL EXTENSION OC MINE (Western Coalfields Limited [WCL]) (615192),Infrastructure & Highways,Ministry of Coal,615192,Maharashtra,3593.72,3593.72,1303.26,36.3,2024-03-01,2027-12-31,2027-12-31,2026-04-01,6,0.0,0
PAIM-615199,KOLGAON EXPANSION DEEP OC MINE (Western Coalfields Limited [WCL]) (615199),Infrastructure & Highways,Ministry of Coal,615199,Maharashtra,1095.93,1095.93,389.24,35.5,2021-03-01,2028-12-31,2029-12-31,2026-04-01,36,0.0,0
PAIM-615330,BALLARPUR NORTH WEST OC MINE (Western Coalfields Limited [WCL]) (615330),Infrastructure & Highways,Ministry of Coal,615330,Maharashtra,1152.73,1152.73,820.37,71.2,2022-03-01,2026-12-31,2029-12-31,2026-04-01,6,0.0,0
PAIM-615331,GADEGAON OC 3 MTY (Western Coalfields Limited [WCL]) (615331),Infrastructure & Highways,Ministry of Coal,615331,Maharashtra,2589.71,2589.71,2011.7,77.7,2022-03-01,2028-12-31,2028-12-31,2026-04-01,18,0.0,0
PAIM-615914,GHONSA EXPANSION DEEP OC MINE (Western Coalfields Limited [WCL]) (615914),Infrastructure & Highways,Ministry of Coal,615914,Maharashtra,3540.04,3540.04,648.89,18.3,2024-03-01,2026-12-31,2029-12-31,2026-04-01,36,0.0,0
PAIM-615916,AMLG GAURI PAUNI EXPANSION OC (Western Coalfields Limited [WCL]) (615916),Infrastructure & Highways,Ministry of Coal,615916,Maharashtra,1625.86,1625.86,558.57,34.4,2022-03-01,2028-12-31,2027-12-31,2026-04-01,0,0.0,0
PAIM-615917,GAURIDEEP/GAURI CENTRAL OCP 7. (Western Coalfields Limited [WCL]) (615917),Infrastructure & Highways,Ministry of Coal,615917,Maharashtra,3456.81,3456.81,436.26,12.6,2022-03-01,2026-12-31,2027-12-31,2026-04-01,18,0.0,0
PAIM-615918,RPR OF BHANEGAON OC (Western Coalfields Limited [WCL]) (615918),Infrastructure & Highways,Ministry of Coal,615918,Maharashtra,2486.31,2486.31,1434.18,57.7,2024-03-01,2027-12-31,2028-12-31,2026-04-01,18,0.0,0
PAIM-615919,N. EXTN. MUNGOLI NIRGUDA D OCP (Western Coalfields Limited [WCL]) (615919),Infrastructure & Highways,Ministry of Coal,615919,Maharashtra,466.38,466.38,286.02,61.3,2021-03-01,2027-12-31,2028-12-31,2026-04-01,24,0.0,0
PAIM-615982,NILJAI EXPANSION DEEP  OCP (Western Coalfields Limited [WCL]) (615982),Infrastructure & Highways,Ministry of Coal,615982,Maharashtra,1298.43,1298.43,986.54,76.0,2022-03-01,2027-12-31,2027-12-31,2026-04-01,12,0.0,0
PAIM-616044,UKNI DEEP OC MINE -COST PLUS (Western Coalfields Limited [WCL]) (616044),Infrastructure & Highways,Ministry of Coal,616044,Maharashtra,3236.87,3236.87,1226.92,37.9,2021-03-01,2027-12-31,2029-12-31,2026-04-01,12,0.0,0
PAIM-616050,AMALGAMATED INDER-KAMPTEE DEEP (Western Coalfields Limited [WCL]) (616050),Infrastructure & Highways,Ministry of Coal,616050,Maharashtra,2498.24,2498.24,1923.57,77.0,2023-03-01,2026-12-31,2029-12-31,2026-04-01,12,0.0,0
PAIM-616223,ADASA UG TO OC MINE (Western Coalfields Limited [WCL]) (616223),Infrastructure & Highways,Ministry of Coal,616223,Maharashtra,2789.41,2789.41,532.89,19.1,2023-03-01,2028-12-31,2028-12-31,2026-04-01,6,0.0,0
PAIM-616229,AMAL GONDEGAON GHATROHANA EXPN (Western Coalfields Limited [WCL]) (616229),Infrastructure & Highways,Ministry of Coal,616229,Maharashtra,454.91,454.91,179.37,39.4,2024-03-01,2028-12-31,2028-12-31,2026-04-01,18,0.0,0
PAIM-617233,WAGHODA UG MINE [1.02 MTY] (Western Coalfields Limited [WCL]) (617233),Infrastructure & Highways,Ministry of Coal,617233,Maharashtra,1227.25,1227.25,965.01,78.6,2022-03-01,2026-12-31,2029-12-31,2026-04-01,18,0.0,0
PAIM-617278,KOLARPIMPRI EXPANSION OC [2.5 (Western Coalfields Limited [WCL]) (617278),Infrastructure & Highways,Ministry of Coal,617278,Maharashtra,1615.63,1615.63,720.95,44.6,2021-03-01,2028-12-31,2028-12-31,2026-04-01,0,0.0,0
PAIM-619055,SAONER-III EXPN UG MINE 1.54 (Western Coalfields Limited [WCL]) (619055),Infrastructure & Highways,Ministry of Coal,619055,Maharashtra,2079.87,2079.87,853.0,41.0,2021-03-01,2026-12-31,2028-12-31,2026-04-01,18,0.0,0
PAIM-400369,BINA KAKRI AMALGAMATION EXPANS (Northern Coalfields Limited [NCL]) (400369),Infrastructure & Highways,Ministry of Coal,400369,Uttar Pradesh,3087.36,3087.36,2272.82,73.6,2024-03-01,2028-12-31,2029-12-31,2026-04-01,0,0.0,0
PAIM-615183,KHADIA EXPANSION [10 TO 16 MTP (Northern Coalfields Limited [NCL]) (615183),Infrastructure & Highways,Ministry of Coal,615183,Uttar Pradesh,3421.78,3421.78,1645.01,48.1,2023-03-01,2027-12-31,2029-12-31,2026-04-01,36,0.0,0
PAIM-400165,SUBHADRA OCP (Mahanadi Coalfields Limited [MCL]) (400165),Infrastructure & Highways,Ministry of Coal,400165,Odisha,1212.98,1212.98,884.92,73.0,2021-03-01,2026-12-31,2029-12-31,2026-04-01,6,0.0,0
PAIM-400166,SIARMAL OCP (Mahanadi Coalfields Limited [MCL]) (400166),Infrastructure & Highways,Ministry of Coal,400166,Odisha,2704.75,2704.75,2185.98,80.8,2022-03-01,2027-12-31,2028-12-31,2026-04-01,18,0.0,0
PAIM-400183,BALARAM EXPANSION OCP (Mahanadi Coalfields Limited [MCL]) (400183),Infrastructure & Highways,Ministry of Coal,400183,Odisha,2955.33,2955.33,2018.54,68.3,2021-03-01,2028-12-31,2028-12-31,2026-04-01,6,0.0,0
PAIM-400185,GOPALJI KANIHA OCP [10 TO 30 M (MCL - CIL) (400185),Infrastructure & Highways,Ministry of Coal,400185,Odisha,363.64,363.64,228.29,62.8,2022-03-01,2028-12-31,2028-12-31,2026-04-01,0,0.0,0
PAIM-400187,INTEGRATED LAKHANPUR-BELPAHAR- (Mahanadi Coalfields Limited [MCL]) (400187),Infrastructure & Highways,Ministry of Coal,400187,Odisha,2036.76,2036.76,1353.84,66.5,2024-03-01,2028-12-31,2027-12-31,2026-04-01,0,0.0,0
PAIM-400392,BHARATPUR RE-ORGANIZATION OCP (Mahanadi Coalfields Limited [MCL]) (400392),Infrastructure & Highways,Ministry of Coal,400392,Odisha,4332.03,4332.03,3639.74,84.0,2022-03-01,2026-12-31,2029-12-31,2026-04-01,12,0.0,0
PAIM-615193,BASUNDHARA WEST EXTENSION OPEN (MCL - CIL) (615193),Infrastructure & Highways,Ministry of Coal,615193,Odisha,3444.97,3444.97,1174.17,34.1,2022-03-01,2028-12-31,2028-12-31,2026-04-01,6,0.0,0
PAIM-615857,Naini Coal Mine (Singareni Collieries Company Limited [SCCL]) (615857),Infrastructure & Highways,Ministry of Coal,615857,Odisha,4268.29,4268.29,1478.99,34.7,2023-03-01,2027-12-31,2028-12-31,2026-04-01,0,0.0,0
PAIM-616226,INTEGRATED KULDA GARJANBAHAL O (Mahanadi Coalfields Limited [MCL]) (616226),Infrastructure & Highways,Ministry of Coal,616226,Odisha,2727.22,2727.22,1107.5,40.6,2021-03-01,2028-12-31,2027-12-31,2026-04-01,12,0.0,0
PAIM-616231,BHUBANESWARI EXPN OCP 50 MTY (MCL - CIL) (616231),Infrastructure & Highways,Ministry of Coal,616231,Odisha,1441.96,1441.96,1081.55,75.0,2023-03-01,2027-12-31,2028-12-31,2026-04-01,6,0.0,0
PAIM-616232,HINGULA II OC EXPN PH III 15 M (MCL - CIL) (616232),Infrastructure & Highways,Ministry of Coal,616232,Odisha,4084.52,4084.52,2972.44,72.8,2022-03-01,2026-12-31,2027-12-31,2026-04-01,36,0.0,0
PAIM-616233,BALABHADRA OCP (MCL - CIL) (616233),Infrastructure & Highways,Ministry of Coal,616233,Odisha,3172.55,3172.55,765.8,24.1,2024-03-01,2028-12-31,2029-12-31,2026-04-01,18,0.0,0
PAIM-618982,Talabira II & III OCP - FMC (NLC India Limited [NLCIL]) (618982),Infrastructure & Highways,Ministry of Coal,618982,Odisha,698.97,698.97,371.4,53.1,2022-03-01,2027-12-31,2029-12-31,2026-04-01,6,0.0,0
PAIM-10777,(NLC India Limited [NLCIL]) (618982) (-) (10777),Infrastructure & Highways,Ministry of Coal,10777,Odisha,2194.92,2194.92,642.78,29.3,2022-03-01,2026-12-31,2029-12-31,2026-04-01,18,0.0,0
PAIM-615818,Jawahar Khani Open Cast Mine (Singareni Collieries Company Limited [SCCL]) (615818),Infrastructure & Highways,Ministry of Coal,615818,Odisha,1530.24,1530.24,507.08,33.1,2023-03-01,2028-12-31,2027-12-31,2026-04-01,6,0.0,0
PAIM-615858,Kalyanikhani Opencast Project (Singareni Collieries Company Limited [SCCL]) (615858),Infrastructure & Highways,Ministry of Coal,615858,Telangana,2198.8,2198.8,1649.58,75.0,2024-03-01,2028-12-31,2029-12-31,2026-04-01,36,0.0,0
PAIM-615860,Godavarikhani Coal Mine - 5 (Singareni Collieries Company Limited [SCCL]) (615860),Infrastructure & Highways,Ministry of Coal,615860,Telangana,3762.51,3762.51,754.18,20.0,2022-03-01,2027-12-31,2027-12-31,2026-04-01,12,0.0,0
PAIM-615861,Indaram Opencast Project (Singareni Collieries Company Limited [SCCL]) (615861),Infrastructure & Highways,Ministry of Coal,615861,Telangana,3271.4,3271.4,940.43,28.7,2023-03-01,2026-12-31,2029-12-31,2026-04-01,12,0.0,0
PAIM-615862,Goleti Opencast Mine (Singareni Collieries Company Limited [SCCL]) (615862),Infrastructure & Highways,Ministry of Coal,615862,Telangana,3849.7,3849.7,520.02,13.5,2022-03-01,2028-12-31,2027-12-31,2026-04-01,0,0.0,0
PAIM-615863,Venkatesh Khani Coal Mine (Singareni Collieries Company Limited [SCCL]) (615863),Infrastructure & Highways,Ministry of Coal,615863,Telangana,3164.36,3164.36,1331.24,42.1,2023-03-01,2028-12-31,2027-12-31,2026-04-01,18,0.0,0
PAIM-615865,Kakatiyakhani OC - 2 Project (Singareni Collieries Company Limited [SCCL]) (615865),Infrastructure & Highways,Ministry of Coal,615865,Telangana,4116.45,4116.45,882.07,21.4,2021-03-01,2028-12-31,2028-12-31,2026-04-01,0,0.0,0
PAIM-400173,MOHANPUR EXPANSION OC -PHASE I (Eastern Coal Fields Limited [ECL]) (400173),Infrastructure & Highways,Ministry of Coal,400173,West Bengal,4050.34,4050.34,913.65,22.6,2023-03-01,2026-12-31,2029-12-31,2026-04-01,24,0.0,0
PAIM-400180,BONJEMEHARI EXPANSION OCP (Eastern Coal Fields Limited [ECL]) (400180),Infrastructure & Highways,Ministry of Coal,400180,West Bengal,776.06,776.06,304.41,39.2,2022-03-01,2027-12-31,2027-12-31,2026-04-01,24,0.0,0
PAIM-400181,NAKRAKONDA KUMARDIH- B OCP (Eastern Coal Fields Limited [ECL]) (400181),Infrastructure & Highways,Ministry of Coal,400181,West Bengal,2527.46,2527.46,508.54,20.1,2024-03-01,2027-12-31,2028-12-31,2026-04-01,36,0.0,0
PAIM-400182,SIDULI [OC & UG] (ECL - CIL) (400182),Infrastructure & Highways,Ministry of Coal,400182,West Bengal,4127.17,4127.17,2648.65,64.2,2021-03-01,2027-12-31,2027-12-31,2026-04-01,36,0.0,0
PAIM-400186,TILABONI UG (Eastern Coal Fields Limited [ECL]) (400186),Infrastructure & Highways,Ministry of Coal,400186,West Bengal,905.84,905.84,687.78,75.9,2022-03-01,2026-12-31,2027-12-31,2026-04-01,24,0.0,0
PAIM-400312,JHANJRA EXPANSION UG (Eastern Coal Fields Limited [ECL]) (400312),Infrastructure & Highways,Ministry of Coal,400312,West Bengal,2890.07,2890.07,1679.91,58.1,2021-03-01,2027-12-31,2027-12-31,2026-04-01,18,0.0,0
PAIM-400315,SONEPUR BAZARI EXPANSION OCP [ (Eastern Coal Fields Limited [ECL]) (400315),Infrastructure & Highways,Ministry of Coal,400315,West Bengal,1820.37,1820.37,612.24,33.6,2023-03-01,2028-12-31,2027-12-31,2026-04-01,12,0.0,0
PAIM-611016,2.0 MTPA BHOJUDIH NLW WASHERY (Ministry of Coal) (611016),Infrastructure & Highways,Ministry of Coal,611016,West Bengal,2630.62,2630.62,1862.67,70.8,2021-03-01,2026-12-31,2028-12-31,2026-04-01,18,0.0,0
PAIM-612816,ITAPARA OCP (Eastern Coal Fields Limited [ECL]) (612816),Infrastructure & Highways,Ministry of Coal,612816,West Bengal,516.74,516.74,329.1,63.7,2022-03-01,2028-12-31,2029-12-31,2026-04-01,0,0.0,0
PAIM-613793,SHYAMSUNDARPUR UG INCLUDING SA (Eastern Coal Fields Limited [ECL]) (613793),Infrastructure & Highways,Ministry of Coal,613793,West Bengal,718.11,718.11,435.48,60.6,2022-03-01,2028-12-31,2028-12-31,2026-04-01,6,0.0,0
PAIM-613794,PARASEA-BELBAID UG PROJECT (Eastern Coal Fields Limited [ECL]) (613794),Infrastructure & Highways,Ministry of Coal,613794,West Bengal,2398.72,2398.72,1237.26,51.6,2021-03-01,2027-12-31,2029-12-31,2026-04-01,6,0.0,0
PAIM-616230,PARASCOLE JAMBAD OCP (Eastern Coal Fields Limited [ECL]) (616230),Infrastructure & Highways,Ministry of Coal,616230,West Bengal,705.01,705.01,574.43,81.5,2024-03-01,2028-12-31,2027-12-31,2026-04-01,36,0.0,0
PAIM-617299,50 MW Wind Power Project (NLC India Limited [NLCIL]) (617299),Infrastructure & Highways,Ministry of Coal,617299,Gujarat,3466.4,3466.4,598.97,17.3,2023-03-01,2026-12-31,2029-12-31,2026-04-01,36,0.0,0
PAIM-617730,600 MW Khavda Solar Power Project (NLC India Limited [NLCIL]) (617730),Infrastructure & Highways,Ministry of Coal,617730,Gujarat,235.87,235.87,101.17,42.9,2023-03-01,2026-12-31,2029-12-31,2026-04-01,0,0.0,0
PAIM-10775,(NLC India Limited [NLCIL]) (617730) (-) (10775),Infrastructure & Highways,Ministry of Coal,10775,Gujarat,2262.29,2262.29,558.24,24.7,2023-03-01,2026-12-31,2027-12-31,2026-04-01,24,0.0,0
PAIM-618991,200 MW SPP part of 510 MW CPSU scheme (NLC India Limited [NLCIL]) (618991),Infrastructure & Highways,Ministry of Coal,618991,Gujarat,1462.37,1462.37,1002.59,68.6,2021-03-01,2027-12-31,2027-12-31,2026-04-01,12,0.0,0
PAIM-10796,(NLC India Limited [NLCIL]) (618991) (-) (10796),Infrastructure & Highways,Ministry of Coal,10796,Gujarat,1064.07,1064.07,898.85,84.5,2024-03-01,2028-12-31,2029-12-31,2026-04-01,36,0.0,0
PAIM-618992,100 MW SPP part of SECI 150 MW Hybrid (NLC India Limited [NLCIL]) (618992),Infrastructure & Highways,Ministry of Coal,618992,Odisha,318.12,318.12,58.07,18.3,2024-03-01,2026-12-31,2028-12-31,2026-04-01,18,0.0,0
PAIM-400231,NLC Talabira Thermal Power Project (NLC India Limited [NLCIL]) (400231),Infrastructure & Highways,Ministry of Coal,400231,Odisha,1549.02,1549.02,1128.13,72.8,2022-03-01,2026-12-31,2028-12-31,2026-04-01,12,0.0,0
PAIM-27213,(-) 27212.96 (27213) 3454.06 2.1,Infrastructure & Highways,Ministry of Coal,27213,Odisha,3454.06,2.1,1953.18,100.0,2021-03-01,2026-12-31,2027-12-31,2026-04-01,6,0.0,0
PAIM-612819,300 MW SPP part of 510 MW CPSU scheme (NLC India Limited [NLCIL]) (612819),Infrastructure & Highways,Ministry of Coal,612819,Odisha,1157.64,1157.64,120.2,10.4,2024-03-01,2027-12-31,2027-12-31,2026-04-01,18,0.0,0
PAIM-10776,(NLC India Limited [NLCIL]) (618981) (-) (10776),Infrastructure & Highways,Ministry of Coal,10776,Tamil Nadu,2879.9,2879.9,1248.87,43.4,2024-03-01,2026-12-31,2029-12-31,2026-04-01,6,0.0,0
PAIM-615327,50 MW Solar PP Minedout Area (NLC India Limited [NLCIL]) (615327),Infrastructure & Highways,Ministry of Coal,615327,Tamil Nadu,468.19,468.19,164.24,35.1,2023-03-01,2028-12-31,2029-12-31,2026-04-01,18,0.0,0
PAIM-400259,Ghatampur Thermal Power Plant 3 X 660 MW (NLC India Limited [NLCIL]) (400259),Infrastructure & Highways,Ministry of Coal,400259,Tamil Nadu,568.96,568.96,399.75,70.3,2023-03-01,2026-12-31,2029-12-31,2026-04-01,18,0.0,0
PAIM-400203,Dharamjaigarh-Korba (Railway) (400203),Infrastructure & Highways,Ministry of Coal,400203,Uttar Pradesh,2904.8,2904.8,362.06,12.5,2022-03-01,2026-12-31,2027-12-31,2026-04-01,24,0.0,0
PAIM-400416,line] (Ministry of Coal) (400416),Infrastructure & Highways,Ministry of Coal,400416,Multi-State,2122.73,2122.73,590.92,27.8,2023-03-01,2026-12-31,2028-12-31,2026-04-01,12,0.0,0
PAIM-400192,Tubed Coal Mine (Damodar Valley Corporation) (400192),Infrastructure & Highways,Ministry of Coal,400192,Multi-State,1774.64,1774.64,1367.52,77.1,2022-03-01,2026-12-31,2029-12-31,2026-04-01,6,0.0,0
PAIM-603293,Badam Coal Mining project of NTPC (National Thermal Power Corporation [NTPC]) (603293),Infrastructure & Highways,Ministry of Coal,603293,Multi-State,1745.99,1745.99,423.22,24.2,2021-03-01,2026-12-31,2027-12-31,2026-04-01,0,0.0,0
PAIM-12136,(THDC India Limited) (619311) (-) (12136),Infrastructure & Highways,Ministry of Coal,12136,Multi-State,2927.1,2927.1,1632.2,55.8,2021-03-01,2028-12-31,2029-12-31,2026-04-01,6,0.0,0
PAIM-602579,Buxar Thermal Power Project [1320 MW] (Satluj Jal Vidyut Nigam [SJVN] Thermal Limited) (602579),Infrastructure & Highways,Ministry of Coal,602579,Bihar,1227.2,1227.2,402.35,32.8,2023-03-01,2026-12-31,2028-12-31,2026-04-01,12,0.0,0
PAIM-619051,"Nabinagar Super Thermal Power Project, Stage-II [3x800 MW] (National Thermal Power Corporation [NTPC]) (619051)",Infrastructure & Highways,Ministry of Coal,619051,Bihar,3790.18,3790.18,2430.61,64.1,2024-03-01,2027-12-31,2029-12-31,2026-04-01,0,0.0,0
PAIM-29948,(-) 29948 (29948) 2676.55 10.17,Infrastructure & Highways,Ministry of Coal,29948,Bihar,2676.55,10.17,1928.69,100.0,2023-03-01,2028-12-31,2028-12-31,2026-04-01,36,0.0,0
PAIM-611930,Lara Super Thermal Power Project Stage-II [2 x 800 MW] (National Thermal Power Corporation [NTPC]) (611930),Infrastructure & Highways,Ministry of Coal,611930,Bihar,1630.17,1630.17,492.15,30.2,2024-03-01,2027-12-31,2027-12-31,2026-04-01,12,0.0,0
PAIM-16106,(09/2028) 15530 (16106) 4787.3 28.6,Infrastructure & Highways,Ministry of Coal,16106,Multi-State,4787.3,28.6,3421.56,100.0,2024-03-01,2027-12-31,2029-12-31,2026-04-01,6,0.0,0
PAIM-617188,"Sipat Super Thermal Power Project, Stage-III [1x800 MW] (National Thermal Power Corporation [NTPC]) (617188)",Infrastructure & Highways,Ministry of Coal,617188,Multi-State,3288.49,3288.49,633.02,19.2,2021-03-01,2028-12-31,2027-12-31,2026-04-01,24,0.0,0
PAIM-709747,Bagodara Solar Power Project (Satluj Jal Vidyut Nigam [SJVN] Thermal Limited) (709747),Infrastructure & Highways,Ministry of Coal,709747,Gujarat,2785.28,2785.28,2253.97,80.9,2024-03-01,2027-12-31,2027-12-31,2026-04-01,12,0.0,0
PAIM-602582,Dhaulasidh Hydro Electric Project [66 MW] (Satluj Jal Vidyut Nigam [SJVN] Thermal Limited) (602582),Infrastructure & Highways,Ministry of Coal,602582,Gujarat,2420.82,2420.82,1366.49,56.4,2021-03-01,2027-12-31,2027-12-31,2026-04-01,0,0.0,0
PAIM-602593,Luhri Stage-I Hydro Electric Project [210 MW] (Satluj Jal Vidyut Nigam [SJVN] Thermal Limited) (602593),Infrastructure & Highways,Ministry of Coal,602593,Multi-State,2670.19,2670.19,1723.69,64.6,2021-03-01,2026-12-31,2027-12-31,2026-04-01,18,0.0,0
PAIM-611586,Sunni Dam Hydro Electric Project [382 MW] (Satluj Jal Vidyut Nigam [SJVN] Thermal Limited) (611586),Infrastructure & Highways,Ministry of Coal,611586,Multi-State,3083.92,3083.92,701.44,22.7,2023-03-01,2028-12-31,2029-12-31,2026-04-01,6,0.0,0
PAIM-602525,"Pakal Dul [Drangdhuran] Hydroelectric Project, 1000 MW (National Hydroelectric Power Corporation Limited [NHPC]) (602525",Infrastructure & Highways,Ministry of Coal,602525,Multi-State,3038.84,3038.84,761.54,25.1,2022-03-01,2027-12-31,2029-12-31,2026-04-01,36,0.0,0
PAIM-12728,(12/2026) 8112.12 (12728) 9114.12 80.5,Infrastructure & Highways,Ministry of Coal,12728,Multi-State,9114.12,80.5,3965.88,100.0,2022-03-01,2028-12-31,2028-12-31,2026-04-01,6,0.0,0
PAIM-602532,Kiru HE Project (National Hydroelectric Power Corporation Limited [NHPC]) (602532),Infrastructure & Highways,Ministry of Coal,602532,Multi-State,4088.03,4088.03,1144.26,28.0,2024-03-01,2028-12-31,2027-12-31,2026-04-01,18,0.0,0
PAIM-602535,"Ratle HE Project - 850 MW, Ratle Hydroelectric Power Corporation Limited. (National Hydroelectric Power Corporation Limi",Infrastructure & Highways,Ministry of Coal,602535,Multi-State,3616.54,3616.54,1373.2,38.0,2022-03-01,2028-12-31,2029-12-31,2026-04-01,24,0.0,0
PAIM-605155,Kwar HE Project (National Hydroelectric Power Corporation Limited [NHPC]) (605155),Infrastructure & Highways,Ministry of Coal,605155,Multi-State,2725.82,2725.82,2223.33,81.6,2023-03-01,2027-12-31,2029-12-31,2026-04-01,6,0.0,0
PAIM-400261,Patratu Thermal Power Station Expansion Project Phase-I [3x800 MW] (National Thermal Power Corporation [NTPC]) (400261),Infrastructure & Highways,Ministry of Coal,400261,Multi-State,2135.68,2135.68,1527.67,71.5,2021-03-01,2028-12-31,2028-12-31,2026-04-01,12,0.0,0
PAIM-20302,(02/2027) 18668 (20302) 18690 88.74,Infrastructure & Highways,Ministry of Coal,20302,Multi-State,88.74,88.74,35.36,39.8,2021-03-01,2027-12-31,2029-12-31,2026-04-01,36,0.0,0
PAIM-611509,"Koderma Thermal Power Station Phase II [2X800 MW] At Koderma, Jharkhand (Damodar Valley Corporation) (611509)",Infrastructure & Highways,Ministry of Coal,611509,Multi-State,1047.84,1047.84,370.87,35.4,2023-03-01,2027-12-31,2029-12-31,2026-04-01,18,0.0,0
PAIM-14358,(-) 14358 (14358) 1890.03 11,Infrastructure & Highways,Ministry of Coal,14358,Madhya Pradesh,1890.03,1890.03,858.14,45.4,2022-03-01,2028-12-31,2027-12-31,2026-04-01,12,0.0,0
PAIM-618976,"Gadarwara Super Thermal Power Project, Stage-II [2x800 MW] (National Thermal Power Corporation [NTPC]) (618976)",Infrastructure & Highways,Ministry of Coal,618976,Madhya Pradesh,4177.24,4177.24,3369.0,80.7,2022-03-01,2028-12-31,2029-12-31,2026-04-01,36,0.0,0
PAIM-10793,(National Thermal Power Corporation [NTPC]) (618976) (-) (10793),Infrastructure & Highways,Ministry of Coal,10793,Madhya Pradesh,3104.16,3104.16,887.93,28.6,2023-03-01,2026-12-31,2027-12-31,2026-04-01,12,0.0,0
PAIM-20446,(-) 20446 (20446) 1721.18 7.5,Infrastructure & Highways,Ministry of Coal,20446,Madhya Pradesh,1721.18,7.5,751.62,100.0,2023-03-01,2026-12-31,2029-12-31,2026-04-01,0,0.0,0
PAIM-602961,Talcher Thermal Power Station Stage III [2 x 660 MW] Expansion (National Thermal Power Corporation [NTPC]) (602961),Infrastructure & Highways,Ministry of Coal,602961,Odisha,239.58,239.58,133.82,55.9,2023-03-01,2026-12-31,2028-12-31,2026-04-01,12,0.0,0
PAIM-12543,(03/2028) 11843.75 (12543) 6454.35 50.2,Infrastructure & Highways,Ministry of Coal,12543,Odisha,6454.35,50.2,4910.26,100.0,2022-03-01,2027-12-31,2027-12-31,2026-04-01,6,0.0,0
PAIM-11131,(-) 11131 (11131) 460.85 1.95,Infrastructure & Highways,Ministry of Coal,11131,Odisha,460.85,1.95,322.83,100.0,2024-03-01,2028-12-31,2029-12-31,2026-04-01,12,0.0,0
PAIM-612142,"Singrauli Super Thermal Power Project, Stage-III [2x800 MW] (National Thermal Power Corporation [NTPC]) (612142)",Infrastructure & Highways,Ministry of Coal,612142,Uttar Pradesh,2369.78,2369.78,1513.72,63.9,2022-03-01,2028-12-31,2028-12-31,2026-04-01,12,0.0,0
PAIM-17195,(-) 17195 (17195) 3306.21 19.8,Infrastructure & Highways,Ministry of Coal,17195,Uttar Pradesh,3306.21,19.8,1642.86,100.0,2024-03-01,2027-12-31,2027-12-31,2026-04-01,6,0.0,0
PAIM-602185,Tapovan-Vishnugad HEP [4x130 MW] (National Thermal Power Corporation [NTPC]) (602185),Infrastructure & Highways,Ministry of Coal,602185,Uttar Pradesh,3083.69,3083.69,1849.44,60.0,2023-03-01,2026-12-31,2027-12-31,2026-04-01,36,0.0,0
PAIM-602195,Vishnugad Pipalkoti Hydro Electric Project [444 MW] (THDC India Limited) (602195),Infrastructure & Highways,Ministry of Coal,602195,Multi-State,2555.05,2555.05,1390.84,54.4,2024-03-01,2027-12-31,2029-12-31,2026-04-01,6,0.0,0
PAIM-400062,West Bengal (Damodar Valley Corporation) (400062),Infrastructure & Highways,Ministry of Coal,400062,West Bengal,640.02,640.02,475.28,74.3,2022-03-01,2026-12-31,2029-12-31,2026-04-01,6,0.0,0
PAIM-17673,(-) 17673 (17673) 1950.25 9.4,Infrastructure & Highways,Ministry of Coal,17673,West Bengal,1950.25,9.4,795.59,100.0,2021-03-01,2028-12-31,2027-12-31,2026-04-01,18,0.0,0
PAIM-602184,Rammam-III HEPP [3x40 MW] (National Thermal Power Corporation [NTPC]) (602184),Infrastructure & Highways,Ministry of Coal,602184,West Bengal,3434.59,3434.59,2464.59,71.8,2021-03-01,2026-12-31,2028-12-31,2026-04-01,18,0.0,0
PAIM-602538,Installation of FGD for 4x210 & 2x250 MW MTPS U 1-6 (Damodar Valley Corporation) (602538),Infrastructure & Highways,Ministry of Coal,602538,West Bengal,2019.12,2019.12,1332.86,66.0,2023-03-01,2027-12-31,2027-12-31,2026-04-01,18,0.0,0
PAIM-611967,1000MW (Power Grid Corporation of India Limited [POWERGRID]) (611967),Infrastructure & Highways,Ministry of Coal,611967,Andhra Pradesh,3467.6,3467.6,922.34,26.6,2024-03-01,2027-12-31,2027-12-31,2026-04-01,18,0.0,0
PAIM-617183,generation projects [POWERGRID Kurnool III PS RE Transmission Limited] (Power Grid Corporation of India Limited [POWERGR,Infrastructure & Highways,Ministry of Coal,617183,Andhra Pradesh,3616.82,3616.82,1003.95,27.8,2022-03-01,2028-12-31,2027-12-31,2026-04-01,12,0.0,0
PAIM-11862,(Power Grid Corporation of India Limited [POWERGRID]) (615336) (-) (11862),Infrastructure & Highways,Ministry of Coal,11862,Rajasthan,4361.2,4361.2,2604.87,59.7,2024-03-01,2026-12-31,2029-12-31,2026-04-01,36,0.0,0
PAIM-612139,park under Phase-III Part B [Vataman Transmission Limited] (Power Grid Corporation of India Limited [POWERGRID]) (612139,Infrastructure & Highways,Ministry of Coal,612139,Gujarat,656.71,656.71,382.97,58.3,2021-03-01,2028-12-31,2028-12-31,2026-04-01,24,0.0,0
PAIM-612855,in Khavda Area of Gujarat under Ph-IV [7GW] Part E2 (Power Grid Corporation of India Limited [POWERGRID]) (612855),Infrastructure & Highways,Ministry of Coal,612855,Gujarat,317.4,317.4,55.27,17.4,2021-03-01,2026-12-31,2027-12-31,2026-04-01,6,0.0,0
PAIM-615342,POWERGRID Jam Khambhaliya Transmission Limited] (Power Grid Corporation of India Limited [POWERGRID]) (615342),Infrastructure & Highways,Ministry of Coal,615342,Gujarat,1429.05,1429.05,391.99,27.4,2021-03-01,2028-12-31,2028-12-31,2026-04-01,6,0.0,0
PAIM-615343,Khavda Pooling station 3 [KPS3] (Power Grid Corporation of India Limited [POWERGRID]) (615343),Infrastructure & Highways,Ministry of Coal,615343,Gujarat,1038.88,1038.88,181.19,17.4,2022-03-01,2026-12-31,2028-12-31,2026-04-01,24,0.0,0
PAIM-615345,South Olpad Transmission Limited] (Power Grid Corporation of India Limited [POWERGRID]) (615345),Infrastructure & Highways,Ministry of Coal,615345,Gujarat,2268.35,2268.35,1464.95,64.6,2024-03-01,2026-12-31,2029-12-31,2026-04-01,0,0.0,0
PAIM-617069,Transmission Limited] (Power Grid Corporation of India Limited [POWERGRID]) (617069),Infrastructure & Highways,Ministry of Coal,617069,Gujarat,2909.17,2909.17,2251.64,77.4,2024-03-01,2028-12-31,2027-12-31,2026-04-01,6,0.0,0
PAIM-617182,Transco Limited] (Power Grid Corporation of India Limited [POWERGRID]) (617182),Infrastructure & Highways,Ministry of Coal,617182,Gujarat,319.54,319.54,115.04,36.0,2023-03-01,2027-12-31,2027-12-31,2026-04-01,6,0.0,0
PAIM-617391,Augmentation of Transformation Capacity at Bhuj-II PS [GIS] (Power Grid Corporation of India Limited [POWERGRID]) (61739,Infrastructure & Highways,Ministry of Coal,617391,Gujarat,3796.13,3796.13,2688.9,70.8,2022-03-01,2026-12-31,2027-12-31,2026-04-01,24,0.0,0
PAIM-617405,Jamnagar Transmission Limited (Adani Transmission Limited) (617405),Infrastructure & Highways,Ministry of Coal,617405,Gujarat,2121.16,2121.16,1684.66,79.4,2021-03-01,2027-12-31,2027-12-31,2026-04-01,12,0.0,0
PAIM-617801,Provision of ICT Augmentation & Bus Reactor at Bhuj-II PS (Power Grid Corporation of India Limited [POWERGRID]) (617801),Infrastructure & Highways,Ministry of Coal,617801,Gujarat,3510.16,3510.16,2753.72,78.4,2022-03-01,2026-12-31,2028-12-31,2026-04-01,18,0.0,0
PAIM-619026,KPSIII HVDC Transmission Limited (Adani Transmission Limited) (619026),Infrastructure & Highways,Ministry of Coal,619026,Gujarat,1177.37,1177.37,669.53,56.9,2022-03-01,2026-12-31,2027-12-31,2026-04-01,6,0.0,0
PAIM-11610,(Adani Transmission Limited) (619026) (-) (11610),Infrastructure & Highways,Ministry of Coal,11610,Gujarat,3115.22,3115.22,2345.46,75.3,2021-03-01,2028-12-31,2028-12-31,2026-04-01,18,0.0,0
PAIM-19000,(-) 19000 (19000) 20 1,Infrastructure & Highways,Ministry of Coal,19000,Gujarat,731.59,731.59,84.51,11.6,2024-03-01,2028-12-31,2028-12-31,2026-04-01,36,0.0,0
PAIM-619029,Transmission System for Reliable Power Supply to Dholera (Power Grid Corporation of India Limited [POWERGRID]) (619029),Infrastructure & Highways,Ministry of Coal,619029,Gujarat,915.74,915.74,488.8,53.4,2022-03-01,2026-12-31,2027-12-31,2026-04-01,24,0.0,0
PAIM-619049,Khavda IVA Power Transmission Limited (Adani Transmission Limited) (619049),Infrastructure & Highways,Ministry of Coal,619049,Gujarat,1196.21,1196.21,583.74,48.8,2023-03-01,2027-12-31,2029-12-31,2026-04-01,6,0.0,0
PAIM-12526,(Adani Transmission Limited) (619049) (-) (12526),Infrastructure & Highways,Ministry of Coal,12526,Gujarat,4084.05,4084.05,2187.39,53.6,2024-03-01,2028-12-31,2028-12-31,2026-04-01,36,0.0,0
PAIM-617179,MW] Part B (Power Grid Corporation of India Limited [POWERGRID]) (617179),Infrastructure & Highways,Ministry of Coal,617179,Multi-State,3079.17,3079.17,381.79,12.4,2024-03-01,2028-12-31,2028-12-31,2026-04-01,6,0.0,0
PAIM-617326,Project (Power Grid Corporation of India Limited [POWERGRID]) (617326),Infrastructure & Highways,Ministry of Coal,617326,Multi-State,3789.31,3789.31,983.41,26.0,2021-03-01,2028-12-31,2027-12-31,2026-04-01,36,0.0,0
PAIM-612140,TRANSMISSION LIMITED] (Power Grid Corporation of India Limited [POWERGRID]) (612140),Infrastructure & Highways,Ministry of Coal,612140,Karnataka,3801.92,3801.92,1355.89,35.7,2024-03-01,2028-12-31,2028-12-31,2026-04-01,0,0.0,0
PAIM-616672,Limited] (Power Grid Corporation of India Limited [POWERGRID]) (616672),Infrastructure & Highways,Ministry of Coal,616672,Karnataka,1769.7,1769.7,556.9,31.5,2024-03-01,2028-12-31,2029-12-31,2026-04-01,12,0.0,0
PAIM-617068,Augmentation Transmission Limited] (Power Grid Corporation of India Limited [POWERGRID]) (617068),Infrastructure & Highways,Ministry of Coal,617068,Karnataka,3777.67,3777.67,1294.21,34.3,2022-03-01,2028-12-31,2029-12-31,2026-04-01,24,0.0,0
PAIM-617184,Karnataka  [POWERGRID Chitradurga Bellary REZ Transmission Limited] (Power Grid Corporation of India Limited [POWERGRID],Infrastructure & Highways,Ministry of Coal,617184,Karnataka,3564.21,3564.21,1335.54,37.5,2021-03-01,2027-12-31,2028-12-31,2026-04-01,18,0.0,0
PAIM-617803,[SPV Name - POWERGRID Davanagere Power Transmission Limited] (Power Grid Corporation of India Limited [POWERGRID]) (6178,Infrastructure & Highways,Ministry of Coal,617803,Karnataka,2510.94,2510.94,1637.47,65.2,2023-03-01,2026-12-31,2029-12-31,2026-04-01,18,0.0,0
PAIM-11953,(Power Grid Corporation of India Limited [POWERGRID]) (619228) (-) (11953),Infrastructure & Highways,Ministry of Coal,11953,Karnataka,913.14,913.14,404.57,44.3,2022-03-01,2026-12-31,2028-12-31,2026-04-01,24,0.0,0
PAIM-619028,Kerala (Power Grid Corporation of India Limited [POWERGRID]) (619028),Infrastructure & Highways,Ministry of Coal,619028,Rajasthan,1514.22,1514.22,170.76,11.3,2024-03-01,2026-12-31,2029-12-31,2026-04-01,6,0.0,0
PAIM-615344,TRANSMISSION LIMITED] (Power Grid Corporation of India Limited [POWERGRID]) (615344),Infrastructure & Highways,Ministry of Coal,615344,Rajasthan,2027.53,2027.53,830.97,41.0,2021-03-01,2028-12-31,2028-12-31,2026-04-01,36,0.0,0
PAIM-615346,Transmission Limited] (Power Grid Corporation of India Limited [POWERGRID]) (615346),Infrastructure & Highways,Ministry of Coal,615346,Rajasthan,4068.33,4068.33,532.43,13.1,2022-03-01,2028-12-31,2029-12-31,2026-04-01,36,0.0,0
PAIM-617272,Hindalco Switchyard (Power Grid Corporation of India Limited [POWERGRID]) (617272),Infrastructure & Highways,Ministry of Coal,617272,Madhya Pradesh,1561.01,1561.01,1315.9,84.3,2024-03-01,2026-12-31,2027-12-31,2026-04-01,18,0.0,0
PAIM-617279,Transmission Limited] (Power Grid Corporation of India Limited [POWERGRID]) (617279),Infrastructure & Highways,Ministry of Coal,617279,Madhya Pradesh,3871.03,3871.03,673.43,17.4,2022-03-01,2027-12-31,2027-12-31,2026-04-01,12,0.0,0
PAIM-617802,Transmission Limited] (Power Grid Corporation of India Limited [POWERGRID]) (617802),Infrastructure & Highways,Ministry of Coal,617802,Madhya Pradesh,2220.47,2220.47,1850.74,83.3,2024-03-01,2028-12-31,2028-12-31,2026-04-01,6,0.0,0
PAIM-619024,Mahan Transmission Limited (Adani Transmission Limited) (619024),Infrastructure & Highways,Ministry of Coal,619024,Gujarat,658.65,658.65,317.19,48.2,2024-03-01,2028-12-31,2027-12-31,2026-04-01,6,0.0,0
PAIM-11556,(Adani Transmission Limited) (619024) (-) (11556),Infrastructure & Highways,Ministry of Coal,11556,Gujarat,2650.4,2650.4,2033.67,76.7,2023-03-01,2028-12-31,2027-12-31,2026-04-01,24,0.0,0
PAIM-611966,of Gujarat under phase IV 7GW-Part E4 (Power Grid Corporation of India Limited [POWERGRID]) (611966),Infrastructure & Highways,Ministry of Coal,611966,Maharashtra,3295.34,3295.34,832.43,25.3,2022-03-01,2027-12-31,2028-12-31,2026-04-01,12,0.0,0
PAIM-619027,WRNES Talegaon Power Transmission Limited (Adani Transmission Limited) (619027),Infrastructure & Highways,Ministry of Coal,619027,Maharashtra,3403.35,3403.35,1849.73,54.4,2023-03-01,2026-12-31,2029-12-31,2026-04-01,0,0.0,0
PAIM-11611,(Adani Transmission Limited) (619027) (-) (11611),Infrastructure & Highways,Ministry of Coal,11611,Maharashtra,696.74,696.74,491.34,70.5,2023-03-01,2027-12-31,2029-12-31,2026-04-01,0,0.0,0
PAIM-11952,(Power Grid Corporation of India Limited [POWERGRID]) (619227) (-) (11952),Infrastructure & Highways,Ministry of Coal,11952,Maharashtra,4262.28,4262.28,1662.0,39.0,2024-03-01,2026-12-31,2029-12-31,2026-04-01,6,0.0,0
PAIM-617185,[POWERGRID Kurnool-IV Transmission Limited] (Power Grid Corporation of India Limited [POWERGRID]) (617185),Infrastructure & Highways,Ministry of Coal,617185,Karnataka,1833.21,1833.21,1057.01,57.7,2021-03-01,2027-12-31,2027-12-31,2026-04-01,36,0.0,0
PAIM-617806,Name Anantapuram 2 REZ Transmission Ltd (Sterlite Power) (617806),Infrastructure & Highways,Ministry of Coal,617806,Karnataka,1992.15,1992.15,736.89,37.0,2023-03-01,2027-12-31,2029-12-31,2026-04-01,12,0.0,0
PAIM-619030,Inter-Regional Strengthening between SR Grid and ER Grid (Power Grid Corporation of India Limited [POWERGRID]) (619030),Infrastructure & Highways,Ministry of Coal,619030,Odisha,3086.07,3086.07,1258.52,40.8,2022-03-01,2027-12-31,2027-12-31,2026-04-01,18,0.0,0
PAIM-11590,(Power Grid Corporation of India Limited [POWERGRID]) (619030) (-) (11590),Infrastructure & Highways,Ministry of Coal,11590,Odisha,4369.33,4369.33,2036.5,46.6,2021-03-01,2028-12-31,2027-12-31,2026-04-01,24,0.0,0
PAIM-900808,Part-B (Power Grid Corporation of India Limited [POWERGRID]) (900808),Infrastructure & Highways,Ministry of Coal,900808,Telangana,1224.61,1224.61,234.17,19.1,2022-03-01,2026-12-31,2027-12-31,2026-04-01,6,0.0,0
PAIM-617271,Eastern Region  Expansion Scheme-43 [ERES-43] (Power Grid Corporation of India Limited [POWERGRID]) (617271),Infrastructure & Highways,Ministry of Coal,617271,Odisha,1435.27,1435.27,577.97,40.3,2023-03-01,2027-12-31,2029-12-31,2026-04-01,18,0.0,0
PAIM-617807,765 kV Vindhyachal-Varanasi D/c line (Power Grid Corporation of India Limited [POWERGRID]) (617807),Infrastructure & Highways,Ministry of Coal,617807,Bihar,2933.59,2933.59,321.94,11.0,2024-03-01,2026-12-31,2029-12-31,2026-04-01,18,0.0,0
PAIM-10787,(Power Grid Corporation of India Limited [POWERGRID]) (617807) (-) (10787),Infrastructure & Highways,Ministry of Coal,10787,Bihar,1581.47,1581.47,456.12,28.8,2023-03-01,2028-12-31,2029-12-31,2026-04-01,36,0.0,0
PAIM-617270,Eastern Region  Expansion Scheme-44 [ERES-44] (Power Grid Corporation of India Limited [POWERGRID]) (617270),Infrastructure & Highways,Ministry of Coal,617270,Bihar,2140.77,2140.77,690.08,32.2,2022-03-01,2028-12-31,2028-12-31,2026-04-01,18,0.0,0
PAIM-400005,Transmission Network Expansion in Gujarat to increase its ATC from ISTS Part B (Power Grid Corporation of India Limited ,Infrastructure & Highways,Ministry of Coal,400005,Maharashtra,962.03,962.03,421.82,43.8,2022-03-01,2027-12-31,2028-12-31,2026-04-01,24,0.0,0
PAIM-611735,Phase-III Part J (Power Grid Corporation of India Limited [POWERGRID]) (611735),Infrastructure & Highways,Ministry of Coal,611735,Rajasthan,2164.75,2164.75,1784.42,82.4,2022-03-01,2026-12-31,2029-12-31,2026-04-01,18,0.0,0
PAIM-612132,Phase-III Part D Phase I [Sikar Khetri Transmission Ltd] (Power Grid Corporation of India Limited [POWERGRID]) (612132),Infrastructure & Highways,Ministry of Coal,612132,Rajasthan,299.85,299.85,201.07,67.1,2021-03-01,2028-12-31,2029-12-31,2026-04-01,24,0.0,0
PAIM-615347,[8 GW] PART A   [SPV Name POWERGRID West Central Transmission Limited] (Power Grid Corporation of India Limited [POWERGR,Infrastructure & Highways,Ministry of Coal,615347,Maharashtra,1946.89,1946.89,883.76,45.4,2024-03-01,2028-12-31,2027-12-31,2026-04-01,0,0.0,0
PAIM-24819,(-) 24819 (24819) 2481.9 9.67,Infrastructure & Highways,Ministry of Coal,24819,Maharashtra,2481.9,9.67,1300.74,100.0,2023-03-01,2027-12-31,2029-12-31,2026-04-01,36,0.0,0
PAIM-615339,Limited] (Power Grid Corporation of India Limited [POWERGRID]) (615339),Infrastructure & Highways,Ministry of Coal,615339,Rajasthan,3218.43,3218.43,1327.88,41.3,2022-03-01,2028-12-31,2027-12-31,2026-04-01,18,0.0,0
PAIM-615340,POWERGRID Siwani Transmission Limited] (Power Grid Corporation of India Limited [POWERGRID]) (615340),Infrastructure & Highways,Ministry of Coal,615340,Rajasthan,3051.59,3051.59,1333.25,43.7,2022-03-01,2027-12-31,2028-12-31,2026-04-01,6,0.0,0
PAIM-617808,Inter-Regional Strengthening between SR Grid and WR Grid (Power Grid Corporation of India Limited [POWERGRID]) (617808),Infrastructure & Highways,Ministry of Coal,617808,Maharashtra,3385.86,3385.86,1765.25,52.1,2023-03-01,2027-12-31,2027-12-31,2026-04-01,12,0.0,0
PAIM-10788,(Power Grid Corporation of India Limited [POWERGRID]) (617808) (-) (10788),Infrastructure & Highways,Ministry of Coal,10788,Maharashtra,1867.59,1867.59,1128.7,60.4,2022-03-01,2027-12-31,2028-12-31,2026-04-01,6,0.0,0
PAIM-612138,Transmission Ltd] (Power Grid Corporation of India Limited [POWERGRID]) (612138),Infrastructure & Highways,Ministry of Coal,612138,Karnataka,2323.45,2323.45,607.25,26.1,2023-03-01,2028-12-31,2027-12-31,2026-04-01,6,0.0,0
PAIM-615333,Mandsaur Transmission Limited] (Power Grid Corporation of India Limited [POWERGRID]) (615333),Infrastructure & Highways,Ministry of Coal,615333,Rajasthan,1513.93,1513.93,1262.75,83.4,2023-03-01,2027-12-31,2028-12-31,2026-04-01,0,0.0,0
PAIM-615334,Transmission Limited] (Power Grid Corporation of India Limited [POWERGRID]) (615334),Infrastructure & Highways,Ministry of Coal,615334,Rajasthan,1030.44,1030.44,169.57,16.5,2021-03-01,2027-12-31,2029-12-31,2026-04-01,24,0.0,0
PAIM-617186,Transmission Limited] (Power Grid Corporation of India Limited [POWERGRID]) (617186),Infrastructure & Highways,Ministry of Coal,617186,Rajasthan,4441.62,4441.62,1790.0,40.3,2022-03-01,2026-12-31,2029-12-31,2026-04-01,36,0.0,0
PAIM-619025,RAJASTHAN PART I POWER TRANSMISSION LIMITED (Adani Transmission Limited) (619025),Infrastructure & Highways,Ministry of Coal,619025,Rajasthan,4175.49,4175.49,1611.35,38.6,2022-03-01,2026-12-31,2029-12-31,2026-04-01,36,0.0,0
PAIM-11607,(Adani Transmission Limited) (619025) (-) (11607),Infrastructure & Highways,Ministry of Coal,11607,Rajasthan,297.98,297.98,44.81,15.0,2022-03-01,2026-12-31,2029-12-31,2026-04-01,12,0.0,0
PAIM-25000,(-) 25000 (25000) 230.05 2,Infrastructure & Highways,Ministry of Coal,25000,Rajasthan,230.05,230.05,183.78,79.9,2022-03-01,2027-12-31,2029-12-31,2026-04-01,36,0.0,0
PAIM-612133,[Bikaner Complex] Part D [Neemrana Bareilly Transmission Ltd] (Power Grid Corporation of India Limited [POWERGRID]) (612,Infrastructure & Highways,Ministry of Coal,612133,Rajasthan,2804.44,2804.44,1854.99,66.1,2024-03-01,2028-12-31,2029-12-31,2026-04-01,12,0.0,0
PAIM-616670,GW] Part A  [SPV name POWERGRID Ghiror Transmission Limited] (Power Grid Corporation of India Limited [POWERGRID]) (6166,Infrastructure & Highways,Ministry of Coal,616670,Rajasthan,2935.98,2935.98,1516.01,51.6,2021-03-01,2028-12-31,2027-12-31,2026-04-01,12,0.0,0
PAIM-611947,Phase III- Part E2 (Power Grid Corporation of India Limited [POWERGRID]) (611947),Infrastructure & Highways,Ministry of Coal,611947,Rajasthan,826.09,826.09,410.14,49.6,2022-03-01,2027-12-31,2027-12-31,2026-04-01,24,0.0,0
PAIM-611948,Phase-III part H (Power Grid Corporation of India Limited [POWERGRID]) (611948),Infrastructure & Highways,Ministry of Coal,611948,Rajasthan,1030.55,1030.55,633.63,61.5,2021-03-01,2026-12-31,2027-12-31,2026-04-01,24,0.0,0
PAIM-611949,Phase-III part C1 (Power Grid Corporation of India Limited [POWERGRID]) (611949),Infrastructure & Highways,Ministry of Coal,611949,Rajasthan,2179.3,2179.3,1199.56,55.0,2021-03-01,2027-12-31,2028-12-31,2026-04-01,36,0.0,0
PAIM-612134,[Bikaner Complex] Part A [Bikaner Neemrana  Transmission Ltd] (Power Grid Corporation of India Limited [POWERGRID]) (612,Infrastructure & Highways,Ministry of Coal,612134,Rajasthan,3264.69,3264.69,1300.82,39.8,2021-03-01,2028-12-31,2029-12-31,2026-04-01,36,0.0,0
PAIM-615332,Transmission Limited] (Power Grid Corporation of India Limited [POWERGRID]) (615332),Infrastructure & Highways,Ministry of Housing & Urban Affairs,615332,Rajasthan,3992.03,3992.03,2477.99,62.1,2022-03-01,2028-12-31,2029-12-31,2026-04-01,18,0.0,0
PAIM-615335,Complex [SPV Name POWERGRID BHADLA BIKANER TRANSMISSION LIMITED] (Power Grid Corporation of India Limited [POWERGRID]) (,Infrastructure & Highways,Ministry of Housing & Urban Affairs,615335,Rajasthan,1115.9,1115.9,934.99,83.8,2021-03-01,2026-12-31,2028-12-31,2026-04-01,0,0.0,0
PAIM-615337,Power Transmission Limited] (Power Grid Corporation of India Limited [POWERGRID]) (615337),Infrastructure & Highways,Ministry of Housing & Urban Affairs,615337,Rajasthan,1747.93,1747.93,846.68,48.4,2022-03-01,2026-12-31,2029-12-31,2026-04-01,6,0.0,0
PAIM-615338,Name POWERGRID BARMER I TRANSMISSION LIMITED] (Power Grid Corporation of India Limited [POWERGRID]) (615338),Infrastructure & Highways,Ministry of Housing & Urban Affairs,615338,Rajasthan,537.67,537.67,58.13,10.8,2024-03-01,2026-12-31,2028-12-31,2026-04-01,24,0.0,0
PAIM-617181,[POWERGRID Fatehgarh Barmer Augmentation Transmission Limited] (Power Grid Corporation of India Limited [POWERGRID]) (61,Infrastructure & Highways,Ministry of Housing & Urban Affairs,617181,Rajasthan,1497.05,1497.05,770.56,51.5,2023-03-01,2028-12-31,2027-12-31,2026-04-01,6,0.0,0
PAIM-616671,[2x1000 MW]  [SPV Name POWERGRID Kudankulam Tarnsmission Limited] (Power Grid Corporation of India Limited [POWERGRID]) ,Infrastructure & Highways,Ministry of Housing & Urban Affairs,616671,Tamil Nadu,2804.75,2804.75,521.18,18.6,2024-03-01,2028-12-31,2027-12-31,2026-04-01,18,0.0,0
PAIM-617269,Bhadla/Bikaner Complex (Power Grid Corporation of India Limited [POWERGRID]) (617269),Infrastructure & Highways,Ministry of Housing & Urban Affairs,617269,Uttar Pradesh,3082.01,3082.01,1786.49,58.0,2023-03-01,2026-12-31,2028-12-31,2026-04-01,12,0.0,0
PAIM-617412,"Commissionerates of Central Tax at Khajaguda, Serilingampally, Hyderabad. (Central Public Works Department - CPWD) (6174",Infrastructure & Highways,Ministry of Housing & Urban Affairs,617412,Telangana,2679.51,2679.51,1376.26,51.4,2022-03-01,2026-12-31,2028-12-31,2026-04-01,0,0.0,0
PAIM-707229,"Port, Ship Service, Smart Solid Waste Management, Smart Public Transport System (ministry of housing and urban affairs) ",Infrastructure & Highways,Ministry of Housing & Urban Affairs,707229,Delhi,3087.99,3087.99,1187.56,38.5,2021-03-01,2027-12-31,2029-12-31,2026-04-01,12,0.0,0
PAIM-400188,in Delhi (National Buildings Construction Corporation [NBCC]) (400188),Infrastructure & Highways,Ministry of Housing & Urban Affairs,400188,Delhi,2121.29,2121.29,1223.93,57.7,2022-03-01,2027-12-31,2028-12-31,2026-04-01,0,0.0,0
PAIM-32841,(12/2025) 32850 (32841) 13885.72 46.8,Infrastructure & Highways,Ministry of Housing & Urban Affairs,32841,Gujarat,13885.72,46.8,3084.83,100.0,2023-03-01,2028-12-31,2028-12-31,2026-04-01,6,0.0,0
PAIM-701719,Rehablitation in Junavadaj Area Smart City Project (ministry of housing and urban affairs) (701719),Infrastructure & Highways,Ministry of Housing & Urban Affairs,701719,Gujarat,1357.59,1357.59,334.34,24.6,2021-03-01,2027-12-31,2029-12-31,2026-04-01,0,0.0,0
PAIM-701766,Green Building Development Project (ministry of housing and urban affairs) (701766),Infrastructure & Highways,Ministry of Housing & Urban Affairs,701766,Gujarat,4471.77,4471.77,3119.42,69.8,2023-03-01,2026-12-31,2027-12-31,2026-04-01,12,0.0,0
PAIM-702627,Patna Metro Rail Project (Patna Metro Rail Corporation Ltd. [PMRCL]) (702627),Infrastructure & Highways,Ministry of Housing & Urban Affairs,702627,Bihar,3273.59,3273.59,1603.98,49.0,2023-03-01,2028-12-31,2028-12-31,2026-04-01,12,0.0,0
PAIM-617207,Delhi Metro Rail Phase-IV [2 Corridors] (Delhi Metro Rail Corporation Limited [DMRC]) (617207),Infrastructure & Highways,Ministry of Housing & Urban Affairs,617207,Bihar,298.21,298.21,195.28,65.5,2023-03-01,2026-12-31,2027-12-31,2026-04-01,18,0.0,0
PAIM-619031,Delhi Metro Rail Phase V A (Delhi Metro Rail Corporation Limited [DMRC]) (619031),Infrastructure & Highways,Ministry of Housing & Urban Affairs,619031,Delhi,2309.83,2309.83,1513.7,65.5,2023-03-01,2028-12-31,2028-12-31,2026-04-01,12,0.0,0
PAIM-11591,(Delhi Metro Rail Corporation Limited [DMRC]) (619031) (-) (11591),Infrastructure & Highways,Ministry of Housing & Urban Affairs,11591,Delhi,2663.59,2663.59,1999.03,75.1,2022-03-01,2028-12-31,2028-12-31,2026-04-01,36,0.0,0
PAIM-702632,DMRTS Phase - IV [3 Priority Corridors] (Delhi Metro Rail Corporation Limited [DMRC]) (702632),Infrastructure & Highways,Ministry of Housing & Urban Affairs,702632,Delhi,4307.15,4307.15,530.28,12.3,2023-03-01,2026-12-31,2029-12-31,2026-04-01,12,0.0,0
PAIM-702630,Surat Metro Rail Project (Gujarat Metro Rail Corporation Limited [GMRCL]) (702630),Infrastructure & Highways,Ministry of Housing & Urban Affairs,702630,Gujarat,2055.57,2055.57,1535.53,74.7,2022-03-01,2027-12-31,2029-12-31,2026-04-01,36,0.0,0
PAIM-702639,Ahmedabad Metro Rail Project [Phase-I] (Gujarat Metro Rail Corporation Limited [GMRCL]) (702639),Infrastructure & Highways,Ministry of Housing & Urban Affairs,702639,Gujarat,2414.56,2414.56,1478.53,61.2,2021-03-01,2028-12-31,2029-12-31,2026-04-01,18,0.0,0
PAIM-619022,"Expressway, Gurugram. (Gurugram Metro Rail Limited [GMRL]) (619022)",Infrastructure & Highways,Ministry of Housing & Urban Affairs,619022,Karnataka,2286.82,2286.82,358.77,15.7,2024-03-01,2026-12-31,2029-12-31,2026-04-01,18,0.0,0
PAIM-11535,(Gurugram Metro Rail Limited [GMRL]) (619022) (-) (11535),Infrastructure & Highways,Ministry of Housing & Urban Affairs,11535,Karnataka,702.54,702.54,184.73,26.3,2022-03-01,2028-12-31,2027-12-31,2026-04-01,36,0.0,0
PAIM-15611,(-) 15611 (15611) 0 0,Infrastructure & Highways,Ministry of Housing & Urban Affairs,15611,Karnataka,1322.46,1322.46,435.96,33.0,2024-03-01,2026-12-31,2029-12-31,2026-04-01,24,0.0,0
PAIM-702635,Construction of Bangalore Metro Rail Project Phase 2. (Bengaluru Metro Rail) (702635),Infrastructure & Highways,Ministry of Housing & Urban Affairs,702635,Karnataka,2720.34,2720.34,476.75,17.5,2023-03-01,2028-12-31,2027-12-31,2026-04-01,36,0.0,0
PAIM-702665,Construction Bangalore Metro Rail Project Phase-2A & 2B (Bengaluru Metro Rail) (702665),Infrastructure & Highways,Ministry of Housing & Urban Affairs,702665,Karnataka,2619.48,2619.48,537.37,20.5,2021-03-01,2028-12-31,2028-12-31,2026-04-01,24,0.0,0
PAIM-702664,Kochi Metro Rail Phase 2 Development  Project (CSPCC Projects) (702664),Infrastructure & Highways,Ministry of Housing & Urban Affairs,702664,Karnataka,3746.29,3746.29,1831.38,48.9,2024-03-01,2026-12-31,2028-12-31,2026-04-01,0,0.0,0
PAIM-702625,Bhopal Metro Rail Project (Madhya Pradesh Metro Rail Co Limited [MPMRCL]) (702625),Infrastructure & Highways,Ministry of Housing & Urban Affairs,702625,Madhya Pradesh,1295.71,1295.71,493.53,38.1,2024-03-01,2028-12-31,2029-12-31,2026-04-01,36,0.0,0
PAIM-702626,Indore Metro Rail Project (Madhya Pradesh Metro Rail Co Limited [MPMRCL]) (702626),Infrastructure & Highways,Ministry of Housing & Urban Affairs,702626,Maharashtra,3286.16,3286.16,1497.87,45.6,2024-03-01,2026-12-31,2028-12-31,2026-04-01,0,0.0,0
PAIM-617225,PCMC To Nigdi- Extension Of North South Corridor Of Phase-1 (Maharashtra Metro Rail Corporation Limited [MMRCL]) (617225,Infrastructure & Highways,Ministry of Housing & Urban Affairs,617225,Maharashtra,1070.58,1070.58,701.89,65.6,2022-03-01,2026-12-31,2027-12-31,2026-04-01,0,0.0,0
PAIM-617226,Pune Metro Phase-1 Extension line towards south from Swargate to Katraj (Maharashtra Metro Rail Corporation Limited [MMR,Infrastructure & Highways,Ministry of Housing & Urban Affairs,617226,Maharashtra,3591.61,3591.61,2163.08,60.2,2021-03-01,2027-12-31,2028-12-31,2026-04-01,6,0.0,0
PAIM-617327,Thane Integral Ring Metro Rail Project (Maharashtra Metro Rail Corporation Limited [MMRCL]) (617327),Infrastructure & Highways,Ministry of Housing & Urban Affairs,617327,Maharashtra,3705.12,3705.12,2767.64,74.7,2023-03-01,2028-12-31,2027-12-31,2026-04-01,18,0.0,0
PAIM-618971,2B Ramwadi to Wagholi/Vitthalwadi (Maharashtra Metro Rail Corporation Limited [MMRCL]) (618971),Infrastructure & Highways,Ministry of Housing & Urban Affairs,618971,Maharashtra,2653.97,2653.97,1466.25,55.2,2023-03-01,2026-12-31,2027-12-31,2026-04-01,12,0.0,0
PAIM-10784,(Maharashtra Metro Rail Corporation Limited [MMRCL]) (618971) (-) (10784),Infrastructure & Highways,Ministry of Housing & Urban Affairs,10784,Maharashtra,419.1,419.1,94.51,22.6,2022-03-01,2027-12-31,2027-12-31,2026-04-01,6,0.0,0
PAIM-618985,Nal Stop - Warje - Manikbaug (Maharashtra Metro Rail Corporation Limited [MMRCL]) (618985),Infrastructure & Highways,Ministry of Housing & Urban Affairs,618985,Maharashtra,1094.77,1094.77,198.86,18.2,2021-03-01,2026-12-31,2028-12-31,2026-04-01,24,0.0,0
PAIM-10785,(Maharashtra Metro Rail Corporation Limited [MMRCL]) (618985) (-) (10785),Infrastructure & Highways,Ministry of Housing & Urban Affairs,10785,Maharashtra,4144.65,4144.65,3502.23,84.5,2023-03-01,2028-12-31,2027-12-31,2026-04-01,0,0.0,0
PAIM-701745,New Suburba Station Development Project (ministry of housing and urban affairs) (701745),Infrastructure & Highways,Ministry of Housing & Urban Affairs,701745,Maharashtra,4273.52,4273.52,794.39,18.6,2023-03-01,2028-12-31,2027-12-31,2026-04-01,36,0.0,0
PAIM-701991,Kalyan Station Precinct Imporvement Project (ministry of housing and urban affairs) (701991),Infrastructure & Highways,Ministry of Housing & Urban Affairs,701991,Maharashtra,2353.74,2353.74,1706.57,72.5,2023-03-01,2028-12-31,2029-12-31,2026-04-01,12,0.0,0
PAIM-702637,Mumbai Metro Line 3 (Mumbai Metro Rail Corporation Limited [MMRC]) (702637),Infrastructure & Highways,Ministry of Housing & Urban Affairs,702637,Maharashtra,1421.89,1421.89,719.35,50.6,2022-03-01,2027-12-31,2029-12-31,2026-04-01,6,0.0,0
PAIM-37276,(08/2025) 23136 (37276) 33526.69 97.79,Infrastructure & Highways,Ministry of Housing & Urban Affairs,37276,Maharashtra,33526.69,97.79,5402.94,100.0,2022-03-01,2027-12-31,2028-12-31,2026-04-01,12,0.0,0
PAIM-702658,Nagpur Metro Rail Phase II Development Project (Maharashtra Metro Rail Corporation Limited [MMRCL]) (702658),Infrastructure & Highways,Ministry of Housing & Urban Affairs,702658,Maharashtra,3964.25,3964.25,2889.06,72.9,2021-03-01,2028-12-31,2028-12-31,2026-04-01,18,0.0,0
PAIM-617206,Delhi Metro Rail Phase-IV [Rithala - Kundli Corridor] (Delhi Metro Rail Corporation Limited [DMRC]) (617206),Infrastructure & Highways,Ministry of Housing & Urban Affairs,617206,Maharashtra,4080.82,4080.82,1104.21,27.1,2022-03-01,2027-12-31,2027-12-31,2026-04-01,18,0.0,0
PAIM-702668,Chennai Metro Rail Phase-II Development Project (Chennai Metro Rail Limited [CMRL]) (702668),Infrastructure & Highways,Ministry of Housing & Urban Affairs,702668,Tamil Nadu,3630.29,3630.29,868.15,23.9,2024-03-01,2027-12-31,2027-12-31,2026-04-01,24,0.0,0
PAIM-63246,(-) 63246 (63246) 33129.33 52.55,Infrastructure & Highways,Ministry of Housing & Urban Affairs,63246,Tamil Nadu,33129.33,52.55,12957.57,100.0,2022-03-01,2028-12-31,2029-12-31,2026-04-01,6,0.0,0
PAIM-619052,LUCKNOW METRO RAIL PROJECT PHASE-1B EAST WEST CORRIDOR (Uttar Pradesh metro rail corporation [UPMRC]) (619052),Infrastructure & Highways,Ministry of Housing & Urban Affairs,619052,Tamil Nadu,2856.23,2856.23,356.67,12.5,2024-03-01,2026-12-31,2028-12-31,2026-04-01,0,0.0,0
PAIM-11609,(Uttar Pradesh metro rail corporation [UPMRC]) (619052) (-) (11609),Infrastructure & Highways,Ministry of Housing & Urban Affairs,11609,Tamil Nadu,4089.35,4089.35,1959.37,47.9,2021-03-01,2027-12-31,2028-12-31,2026-04-01,6,0.0,0
PAIM-702628,Kanpur Metro Rail Project (Uttar Pradesh metro rail corporation [UPMRC]) (702628),Infrastructure & Highways,Ministry of Housing & Urban Affairs,702628,Uttar Pradesh,763.94,763.94,382.71,50.1,2023-03-01,2027-12-31,2027-12-31,2026-04-01,24,0.0,0
PAIM-702629,Agra Metro Rail Project (Uttar Pradesh metro rail corporation [UPMRC]) (702629),Infrastructure & Highways,Ministry of Housing & Urban Affairs,702629,Uttar Pradesh,1655.4,1655.4,731.39,44.2,2023-03-01,2028-12-31,2029-12-31,2026-04-01,6,0.0,0
PAIM-702674,"nos. upgrading of feeder mains, pumping station etc. - Phase II (Ministry of Housing & Urban Affairs) (702674)",Infrastructure & Highways,Ministry of Housing & Urban Affairs,702674,Andhra Pradesh,2714.91,2714.91,1829.43,67.4,2021-03-01,2027-12-31,2028-12-31,2026-04-01,6,0.0,0
PAIM-702699,Muzaffarpur Storm Water Drainage Phase-I Project (Ministry of Housing & Urban Affairs) (702699),Infrastructure & Highways,Ministry of Housing & Urban Affairs,702699,Bihar,2510.4,2510.4,373.54,14.9,2024-03-01,2026-12-31,2027-12-31,2026-04-01,0,0.0,0
PAIM-702355,Storm water drainag Development Project (ministry of housing and urban affairs) (702355),Infrastructure & Highways,Ministry of Housing & Urban Affairs,702355,Bihar,3177.67,3177.67,1310.48,41.2,2022-03-01,2026-12-31,2028-12-31,2026-04-01,18,0.0,0
PAIM-702734,Sewerage Management Scheme Part-3 Implementation (Ministry of Housing & Urban Affairs) (702734),Infrastructure & Highways,Ministry of Housing & Urban Affairs,702734,Haryana,1106.07,1106.07,455.48,41.2,2023-03-01,2026-12-31,2029-12-31,2026-04-01,18,0.0,0
PAIM-702741,Dhanbad Water Supply Infrastructure Project (Ministry of Housing & Urban Affairs) (702741),Infrastructure & Highways,Ministry of Housing & Urban Affairs,702741,Haryana,1877.48,1877.48,1084.46,57.8,2022-03-01,2028-12-31,2028-12-31,2026-04-01,12,0.0,0
PAIM-702742,SAAP-3 Water Supply Infrastructure SAAP-3 Project (Ministry of Housing & Urban Affairs) (702742),Infrastructure & Highways,Ministry of Housing & Urban Affairs,702742,Multi-State,3920.52,3920.52,2705.84,69.0,2023-03-01,2028-12-31,2029-12-31,2026-04-01,36,0.0,0
PAIM-702746,Augmentation and Strenghthning of Urban Water Supply Phase 1 - SAAP 3 (Ministry of Housing & Urban Affairs) (702746),Infrastructure & Highways,Ministry of Housing & Urban Affairs,702746,Multi-State,3597.9,3597.9,1362.1,37.9,2024-03-01,2028-12-31,2029-12-31,2026-04-01,36,0.0,0
PAIM-702760,Belgavi Improvement in Sewerage System Project (Ministry of Housing & Urban Affairs) (702760),Infrastructure & Highways,Ministry of Housing & Urban Affairs,702760,Karnataka,2802.64,2802.64,563.7,20.1,2023-03-01,2027-12-31,2027-12-31,2026-04-01,12,0.0,0
PAIM-702793,Indore Water Supply Infrastructure Project (Ministry of Housing & Urban Affairs) (702793),Infrastructure & Highways,Ministry of Housing & Urban Affairs,702793,Karnataka,2446.28,2446.28,1015.88,41.5,2023-03-01,2028-12-31,2029-12-31,2026-04-01,24,0.0,0
PAIM-702808,Satna Sewerage Management and Treatment Infrastructure Project (Ministry of Housing & Urban Affairs) (702808),Infrastructure & Highways,Ministry of Housing & Urban Affairs,702808,Madhya Pradesh,2448.02,2448.02,1226.22,50.1,2024-03-01,2028-12-31,2029-12-31,2026-04-01,24,0.0,0
PAIM-702810,Singrauli Sewerage Management and Treatment Infrastructure Project (Ministry of Housing & Urban Affairs) (702810),Infrastructure & Highways,Ministry of Housing & Urban Affairs,702810,Madhya Pradesh,2582.66,2582.66,1635.31,63.3,2021-03-01,2027-12-31,2028-12-31,2026-04-01,18,0.0,0
PAIM-702833,Kalyan-Dombivali Water Supply Infrastructure Project (Ministry of Housing & Urban Affairs) (702833),Infrastructure & Highways,Ministry of Housing & Urban Affairs,702833,Maharashtra,4421.22,4421.22,3058.92,69.2,2022-03-01,2027-12-31,2028-12-31,2026-04-01,18,0.0,0
PAIM-702840,Mira-Bhayandar Water Supply Infrastructure Project (Ministry of Housing & Urban Affairs) (702840),Infrastructure & Highways,Ministry of Housing & Urban Affairs,702840,Maharashtra,3756.37,3756.37,2278.75,60.7,2021-03-01,2028-12-31,2028-12-31,2026-04-01,0,0.0,0
PAIM-702851,Pune Water Supply Infrastructure Project (Ministry of Housing & Urban Affairs) (702851),Infrastructure & Highways,Ministry of Housing & Urban Affairs,702851,Maharashtra,1143.33,1143.33,359.13,31.4,2023-03-01,2026-12-31,2027-12-31,2026-04-01,6,0.0,0
PAIM-702854,Solapur Sewerage Management Infrastructure Project (Ministry of Housing & Urban Affairs) (702854),Infrastructure & Highways,Ministry of Housing & Urban Affairs,702854,Maharashtra,973.39,973.39,443.2,45.5,2023-03-01,2026-12-31,2029-12-31,2026-04-01,0,0.0,0
PAIM-703021,Jalandhar Water Supply Infrastructure Project (Ministry of Housing & Urban Affairs) (703021),Infrastructure & Highways,Ministry of Housing & Urban Affairs,703021,Maharashtra,370.34,370.34,125.66,33.9,2023-03-01,2027-12-31,2028-12-31,2026-04-01,24,0.0,0
PAIM-703057,Patiala Water Supply Infrastructure Part-2 Project (Ministry of Housing & Urban Affairs) (703057),Infrastructure & Highways,Ministry of Housing & Urban Affairs,703057,Punjab,4008.27,4008.27,2838.02,70.8,2024-03-01,2028-12-31,2028-12-31,2026-04-01,24,0.0,0
PAIM-702949,Jhansi Water Supply Infrastructure Phase-II Project (Ministry of Housing & Urban Affairs) (702949),Infrastructure & Highways,Ministry of Housing & Urban Affairs,702949,Uttar Pradesh,4209.65,4209.65,3559.06,84.5,2024-03-01,2027-12-31,2028-12-31,2026-04-01,24,0.0,0
PAIM-617280,"Director General, GSI Building at plot No.GN-40, Sector-V, Salt Lake, Kolkata (Central Public Works Department [CPWD]) (",Infrastructure & Highways,Ministry of Mines,617280,West Bengal,1915.59,1915.59,223.93,11.7,2022-03-01,2026-12-31,2027-12-31,2026-04-01,18,0.0,0
PAIM-400426,Expansion of Malanjkhand Copper Project (Hindustan Copper Limited [HCL]) (400426),Infrastructure & Highways,Ministry of Mines,400426,West Bengal,3999.44,3999.44,1068.16,26.7,2024-03-01,2026-12-31,2027-12-31,2026-04-01,12,0.0,0
PAIM-400141,enhancement of 1.0 Million Tonee Per Annum (National Aluminium Company Limited [NALCO]) (400141),Infrastructure & Highways,Ministry of Mines,400141,Odisha,1036.59,1036.59,198.92,19.2,2024-03-01,2027-12-31,2029-12-31,2026-04-01,36,0.0,0
PAIM-400299,Pottangi Bauxite Mines Project (National Aluminium Company Limited [NALCO]) (400299),Infrastructure & Highways,Ministry of Mines,400299,Odisha,3636.42,3636.42,1200.27,33.0,2021-03-01,2028-12-31,2028-12-31,2026-04-01,18,0.0,0
PAIM-709831,REFINERY FROM SOUTH BLOCK MINING LEASE OF PANCHPATMAILI MINES (National Aluminium Company Limited [NALCO]) (709831),Infrastructure & Highways,Ministry of Mines,709831,Odisha,4485.46,4485.46,1992.75,44.4,2024-03-01,2028-12-31,2029-12-31,2026-04-01,18,0.0,0
PAIM-709832,25.5 MW WIND POWER PROJECT AT KAYATHAR IN TAMILNADU (National Aluminium Company Limited [NALCO]) (709832),Infrastructure & Highways,Ministry of Mines,709832,Odisha,2322.14,2322.14,1786.51,76.9,2021-03-01,2027-12-31,2029-12-31,2026-04-01,0,0.0,0
PAIM-613008,Phase-1 (Central Tribal University of Andhra Pradesh) (613008),Infrastructure & Highways,Ministry of Mines,613008,Andhra Pradesh,402.03,402.03,179.79,44.7,2023-03-01,2027-12-31,2027-12-31,2026-04-01,0,0.0,0
PAIM-606013,Additional Campus  of NITPatna (NIT Patna) (606013),Infrastructure & Highways,Ministry of Mines,606013,Bihar,3463.73,3463.73,1085.61,31.3,2023-03-01,2028-12-31,2028-12-31,2026-04-01,18,0.0,0
PAIM-617877,"Phase B Construction of Permanent Campus of IIT Bhilai (Indian Institute of Technology, Bhilai) (617877)",Infrastructure & Highways,Ministry of Mines,617877,Bihar,2939.1,2939.1,1076.17,36.6,2021-03-01,2027-12-31,2028-12-31,2026-04-01,12,0.0,0
PAIM-10102,"(Indian Institute of Technology, Bhilai) (617877) (-) (10102)",Infrastructure & Highways,Ministry of Mines,10102,Bihar,1346.54,1346.54,924.81,68.7,2021-03-01,2028-12-31,2029-12-31,2026-04-01,24,0.0,0
PAIM-612851,"Campus on Engineering, Procurement and Construction basis (National Institute of Technology Delhi) (612851)",Infrastructure & Highways,Ministry of Mines,612851,Delhi,2115.07,2115.07,1734.91,82.0,2021-03-01,2028-12-31,2027-12-31,2026-04-01,24,0.0,0
PAIM-616886,Delhi University Eastern Campus at Surajmal Vihar (Delhi University) (616886),Infrastructure & Highways,Ministry of Mines,616886,Gujarat,551.02,551.02,220.69,40.1,2023-03-01,2028-12-31,2027-12-31,2026-04-01,12,0.0,0
PAIM-612916,"kundhela, Dist. Vadodara, Gujarat. (Central University of Gujarat) (612916)",Infrastructure & Highways,Ministry of Mines,612916,Gujarat,4249.77,4249.77,2022.62,47.6,2024-03-01,2027-12-31,2028-12-31,2026-04-01,0,0.0,0
PAIM-602099,"Establishment of Permanent campus Phase 1 of IIM Sirmaur (Indian Institute of Management, Sirmaur) (602099)",Infrastructure & Highways,Ministry of Mines,602099,Gujarat,2954.66,2954.66,2255.06,76.3,2024-03-01,2027-12-31,2027-12-31,2026-04-01,6,0.0,0
PAIM-612128,"Hostel blocks & dining hall block (Indian Institute of Technology, Mandi) (612128)",Infrastructure & Highways,Ministry of Mines,612128,Multi-State,982.35,982.35,582.24,59.3,2022-03-01,2027-12-31,2027-12-31,2026-04-01,24,0.0,0
PAIM-612894,"Mode 1] Basis. (Central University, Himachal Pradesh) (612894)",Infrastructure & Highways,Ministry of Mines,612894,Multi-State,3811.48,3811.48,905.14,23.7,2021-03-01,2028-12-31,2027-12-31,2026-04-01,36,0.0,0
PAIM-602098,"Jammu, J&K (Indian Institute of Management, Jammu) (602098)",Infrastructure & Highways,Ministry of Mines,602098,Multi-State,3124.55,3124.55,2267.64,72.6,2024-03-01,2026-12-31,2027-12-31,2026-04-01,6,0.0,0
PAIM-606431,1A (INDIAN INSTITUTE OF TECHNOLOGY PALAKKAD) (606431),Infrastructure & Highways,Ministry of Mines,606431,Multi-State,2189.1,2189.1,1125.2,51.4,2024-03-01,2028-12-31,2028-12-31,2026-04-01,24,0.0,0
PAIM-617878,Phase B of Construction of Permanent Campus of IIT Palakkad (INDIAN INSTITUTE OF TECHNOLOGY PALAKKAD) (617878),Infrastructure & Highways,Ministry of Mines,617878,Multi-State,3586.71,3586.71,3022.95,84.3,2022-03-01,2027-12-31,2029-12-31,2026-04-01,36,0.0,0
PAIM-10104,(INDIAN INSTITUTE OF TECHNOLOGY PALAKKAD) (617878) (-) (10104),Infrastructure & Highways,Ministry of Mines,10104,Multi-State,4453.98,4453.98,2983.49,67.0,2023-03-01,2027-12-31,2029-12-31,2026-04-01,36,0.0,0
PAIM-611957,"excellence] (Indian Institute of Technology, Indore) (611957)",Infrastructure & Highways,Ministry of Mines,611957,Madhya Pradesh,3439.64,3439.64,1558.97,45.3,2022-03-01,2028-12-31,2029-12-31,2026-04-01,36,0.0,0
PAIM-610315,"IISER BERHAMPUR (Indian Institutes of Science Education and Research, Behrampur) (610315)",Infrastructure & Highways,Ministry of Mines,610315,Odisha,1927.31,1927.31,703.25,36.5,2023-03-01,2027-12-31,2027-12-31,2026-04-01,6,0.0,0
PAIM-619033,and Faculty Residence - 72 nos. Flats (NIT Rourkela) (619033),Infrastructure & Highways,Ministry of Mines,619033,Odisha,2342.44,2342.44,1893.66,80.8,2022-03-01,2026-12-31,2027-12-31,2026-04-01,6,0.0,0
PAIM-612877,"Establishment of NIT Puducherry Permanent Campus [Phase-I and Phase-II] (National Institute of Technology, Puducherry) (",Infrastructure & Highways,Ministry of Mines,612877,Odisha,3166.59,3166.59,1163.45,36.7,2024-03-01,2026-12-31,2028-12-31,2026-04-01,0,0.0,0
PAIM-605292,"Punjab, Phase-I (Indian intitue of Management, Amritsar) (605292)",Infrastructure & Highways,Ministry of Mines,605292,Punjab,431.65,431.65,73.44,17.0,2022-03-01,2026-12-31,2027-12-31,2026-04-01,36,0.0,0
PAIM-617221,"International Hostel 100 seater, VC Residence and Purchase of Equipment (Central University of Punjab) (617221)",Infrastructure & Highways,Ministry of Mines,617221,Punjab,771.02,771.02,258.68,33.6,2023-03-01,2026-12-31,2029-12-31,2026-04-01,0,0.0,0
PAIM-609996,"Construction of Precast housing and hostels at IIT Hyderabad (Indian Institute of Technology, Hyderabad) (609996)",Infrastructure & Highways,Ministry of Mines,609996,Telangana,3565.21,3565.21,2116.74,59.4,2022-03-01,2026-12-31,2029-12-31,2026-04-01,12,0.0,0
PAIM-606479,Banaras Hindu University [ Kayakalp of Institute of Medical Sciences] (Banaras Hindu University) (606479),Infrastructure & Highways,Ministry of Mines,606479,Uttar Pradesh,2224.43,2224.43,1731.59,77.8,2022-03-01,2026-12-31,2027-12-31,2026-04-01,0,0.0,0
PAIM-611963,"Uttarakhand at Sumari, Pauri Garhwal (National Institute of Technology Uttarakhand) (611963)",Infrastructure & Highways,Ministry of Mines,611963,Multi-State,243.51,243.51,144.73,59.4,2023-03-01,2028-12-31,2028-12-31,2026-04-01,36,0.0,0
PAIM-609019,"buildings, class room complex and other campus facilities in IIT Kharagpur (Indian Institute of Technology, Kharagpur) (",Infrastructure & Highways,Ministry of Mines,609019,West Bengal,591.3,591.3,287.8,48.7,2021-03-01,2027-12-31,2029-12-31,2026-04-01,24,0.0,0
PAIM-617839,MMTPA (Ministry of Petroleum & Natural Gas) (617839),Infrastructure & Highways,Ministry of Petroleum & Natural Gas,617839,Maharashtra,1564.65,1564.65,865.38,55.3,2024-03-01,2028-12-31,2028-12-31,2026-04-01,24,0.0,0
PAIM-604833,"Andheri Residential Towers, Mumbai (Ministry of Petroleum & Natural Gas) (604833)",Infrastructure & Highways,Ministry of Petroleum & Natural Gas,604833,Maharashtra,3727.96,3727.96,2546.22,68.3,2024-03-01,2026-12-31,2029-12-31,2026-04-01,12,0.0,0
PAIM-701343,Srikakulam Angul Gas Pipeline Project (Ministry of Petroleum & Natural Gas) (701343),Infrastructure & Highways,Ministry of Petroleum & Natural Gas,701343,Odisha,3425.49,3425.49,2029.66,59.3,2024-03-01,2028-12-31,2028-12-31,2026-04-01,12,0.0,0
PAIM-400078,New Mundra Panipat Crude Oil Pipeline (Ministry of Petroleum & Natural Gas) (400078),Infrastructure & Highways,Ministry of Petroleum & Natural Gas,400078,Odisha,1347.6,1347.6,300.81,22.3,2021-03-01,2027-12-31,2027-12-31,2026-04-01,24,0.0,0
PAIM-400012,Kandla Gorakhpur LPG Pipeline (Ministry of Petroleum & Natural Gas) (400012),Infrastructure & Highways,Ministry of Petroleum & Natural Gas,400012,Gujarat,2026.62,2026.62,622.02,30.7,2021-03-01,2027-12-31,2028-12-31,2026-04-01,12,0.0,0
PAIM-10088,(06/2026) 10088 (10088) 8529.58 95.2,Infrastructure & Highways,Ministry of Petroleum & Natural Gas,10088,Gujarat,8529.58,95.2,3723.45,100.0,2022-03-01,2028-12-31,2029-12-31,2026-04-01,12,0.0,0
PAIM-400301,"Multi Product Pipeline from Irugur to Devangonthi (Department of Water Resources, River Development & GR) (400301)",Infrastructure & Highways,Ministry of Petroleum & Natural Gas,400301,Karnataka,2581.78,2581.78,952.23,36.9,2022-03-01,2027-12-31,2027-12-31,2026-04-01,0,0.0,0
PAIM-701263,Rajasthan Refinery Project (MinistryofPetroleumNaturalGas) (701263),Infrastructure & Highways,Ministry of Petroleum & Natural Gas,701263,Karnataka,838.7,838.7,688.62,82.1,2021-03-01,2028-12-31,2028-12-31,2026-04-01,24,0.0,0
PAIM-79459,(06/2026) 43129 (79459) 69202.21 91.9,Infrastructure & Highways,Ministry of Petroleum & Natural Gas,79459,Rajasthan,69202.21,91.9,35023.29,100.0,2022-03-01,2027-12-31,2027-12-31,2026-04-01,36,0.0,0
PAIM-709759,"Petrochemical evacuation marketing terminal at Barmer, Rajasthan (Hindustan Petroleum Corporation Limited [HPCL]) (70975",Infrastructure & Highways,Ministry of Petroleum & Natural Gas,709759,Rajasthan,4263.84,4263.84,487.73,11.4,2021-03-01,2027-12-31,2027-12-31,2026-04-01,0,0.0,0
PAIM-400043,Vallur [Chennai] (Ministry of Petroleum & Natural Gas) (400043),Infrastructure & Highways,Ministry of Petroleum & Natural Gas,400043,Tamil Nadu,3962.83,3962.83,463.25,11.7,2021-03-01,2026-12-31,2028-12-31,2026-04-01,12,0.0,0
PAIM-604852,"Grass-root Terminal at Mirzapur, Uttar Pradesh (Ministry of Petroleum & Natural Gas) (604852)",Infrastructure & Highways,Ministry of Petroleum & Natural Gas,604852,Uttar Pradesh,2996.5,2996.5,2041.54,68.1,2022-03-01,2028-12-31,2028-12-31,2026-04-01,36,0.0,0
PAIM-400120,KG-DWN-98/2 Cluster - II Development Project - NELP Block (Oil and Natural Gas Corporation Limited [ONGC]) (400120),Infrastructure & Highways,Ministry of Petroleum & Natural Gas,400120,Andhra Pradesh,886.07,886.07,189.09,21.3,2024-03-01,2027-12-31,2027-12-31,2026-04-01,24,0.0,0
PAIM-34012,(09/2026) 34012 (34012) 33006.7 96.5,Infrastructure & Highways,Ministry of Petroleum & Natural Gas,34012,Andhra Pradesh,33006.7,96.5,23109.17,100.0,2022-03-01,2027-12-31,2027-12-31,2026-04-01,36,0.0,0
PAIM-619226,Provision of four bitumen tanks with capacity of 5 TMT each at Visakh Refinery (Ministry of Petroleum and Natural Gas) (,Infrastructure & Highways,Ministry of Petroleum & Natural Gas,619226,Andhra Pradesh,1447.46,1447.46,483.04,33.4,2021-03-01,2027-12-31,2028-12-31,2026-04-01,0,0.0,0
PAIM-709752,HP-COAT [Crude to Olefins and Aromatics Technology] demo unit at Visakh Refinery (Hindustan Petroleum Corporation Limite,Infrastructure & Highways,Ministry of Petroleum & Natural Gas,709752,Andhra Pradesh,339.77,339.77,265.41,78.1,2021-03-01,2027-12-31,2029-12-31,2026-04-01,12,0.0,0
PAIM-10009,(Ministry of Petroleum & Natural Gas) (617836) (-) (10009),Infrastructure & Highways,Ministry of Petroleum & Natural Gas,10009,Assam,3209.22,3209.22,2721.7,84.8,2022-03-01,2028-12-31,2028-12-31,2026-04-01,12,0.0,0
PAIM-617304,"Setting up of LPG Plant with Rail Unloading Facility at Hathua, Dist. Gopalganj, Bihar (MinistryofPetroleumNaturalGas) (",Infrastructure & Highways,Ministry of Petroleum & Natural Gas,617304,Bihar,1878.26,1878.26,813.25,43.3,2021-03-01,2027-12-31,2028-12-31,2026-04-01,0,0.0,0
PAIM-701324,Barauni Refinery Capacity Expansion from 6.0 to 9.0 MMTPA (Ministry of Petroleum & Natural Gas) (701324),Infrastructure & Highways,Ministry of Petroleum & Natural Gas,701324,Bihar,793.03,793.03,349.29,44.0,2024-03-01,2028-12-31,2029-12-31,2026-04-01,36,0.0,0
PAIM-16724,(08/2026) 14810 (16724) 12872.04 90.9,Infrastructure & Highways,Ministry of Petroleum & Natural Gas,16724,Bihar,12872.04,90.9,4381.61,100.0,2022-03-01,2028-12-31,2027-12-31,2026-04-01,36,0.0,0
PAIM-709777,Refinery (MinistryofPetroleumNaturalGas) (709777),Infrastructure & Highways,Ministry of Petroleum & Natural Gas,709777,Bihar,2751.2,2751.2,2218.13,80.6,2021-03-01,2028-12-31,2028-12-31,2026-04-01,6,0.0,0
PAIM-709792,Sheohar districts (Bharat Petroleum Corporation Limited [BPCL]) (709792),Infrastructure & Highways,Ministry of Petroleum & Natural Gas,709792,Bihar,2854.89,2854.89,1406.8,49.3,2021-03-01,2028-12-31,2027-12-31,2026-04-01,0,0.0,0
PAIM-709793,Champaran and Deoria districts (Bharat Petroleum Corporation Limited [BPCL]) (709793),Infrastructure & Highways,Ministry of Petroleum & Natural Gas,709793,Bihar,687.7,687.7,148.06,21.5,2021-03-01,2026-12-31,2027-12-31,2026-04-01,36,0.0,0
PAIM-617819,Bijapur & Dantewada GA (Ministry of Petroleum & Natural Gas) (617819),Infrastructure & Highways,Ministry of Petroleum & Natural Gas,617819,Multi-State,1699.68,1699.68,911.18,53.6,2023-03-01,2026-12-31,2028-12-31,2026-04-01,0,0.0,0
PAIM-400087,Redevelopment of Sobhasan Complex (Oil and Natural Gas Corporation Limited [ONGC]) (400087),Infrastructure & Highways,Ministry of Petroleum & Natural Gas,400087,Gujarat,226.98,226.98,161.34,71.1,2024-03-01,2026-12-31,2027-12-31,2026-04-01,24,0.0,0
PAIM-400167,Redevelopment of Santhal Field [Onshore-Mehsana Asset] (Oil and Natural Gas Corporation Limited [ONGC]) (400167),Infrastructure & Highways,Ministry of Petroleum & Natural Gas,400167,Gujarat,1862.73,1862.73,531.63,28.5,2022-03-01,2026-12-31,2029-12-31,2026-04-01,36,0.0,0
PAIM-400169,Redevelopment of Linch Field (Oil and Natural Gas Corporation Limited [ONGC]) (400169),Infrastructure & Highways,Ministry of Petroleum & Natural Gas,400169,Gujarat,1778.58,1778.58,739.59,41.6,2023-03-01,2026-12-31,2029-12-31,2026-04-01,0,0.0,0
PAIM-701329,Petrochemical and Lube Integration Project at Gujarat Refinery (Ministry of Petroleum & Natural Gas) (701329),Infrastructure & Highways,Ministry of Petroleum & Natural Gas,701329,Gujarat,4214.16,4214.16,1561.01,37.0,2023-03-01,2027-12-31,2029-12-31,2026-04-01,12,0.0,0
PAIM-17825,(11/2026) 18936 (17825) 13579.35 88.3,Infrastructure & Highways,Ministry of Petroleum & Natural Gas,17825,Gujarat,13579.35,88.3,11506.12,100.0,2024-03-01,2028-12-31,2027-12-31,2026-04-01,6,0.0,0
PAIM-709778,Installation of new Biturox Unit along with allied facilities at Gujarat Refinery (MinistryofPetroleumNaturalGas) (70977,Infrastructure & Highways,Ministry of Petroleum & Natural Gas,709778,Gujarat,4317.99,4317.99,2260.92,52.4,2024-03-01,2028-12-31,2028-12-31,2026-04-01,36,0.0,0
PAIM-709838,Commercial Polymer Flooding Project in Bechraji field (Oil and Natural Gas Corporation Limited [ONGC]) (709838),Infrastructure & Highways,Ministry of Petroleum & Natural Gas,709838,Gujarat,1087.84,1087.84,182.94,16.8,2021-03-01,2026-12-31,2028-12-31,2026-04-01,0,0.0,0
PAIM-709840,"Restoration of Gas Terminal, Phase-I [Part-A], Hazira (Oil and Natural Gas Corporation Limited [ONGC]) (709840)",Infrastructure & Highways,Ministry of Petroleum & Natural Gas,709840,Gujarat,3739.41,3739.41,1818.38,48.6,2023-03-01,2028-12-31,2029-12-31,2026-04-01,0,0.0,0
PAIM-709841,Old Pipe Line Replacement [OPRP] Group-A (Oil and Natural Gas Corporation Limited [ONGC]) (709841),Infrastructure & Highways,Ministry of Petroleum & Natural Gas,709841,Gujarat,3098.14,3098.14,838.49,27.1,2021-03-01,2027-12-31,2029-12-31,2026-04-01,18,0.0,0
PAIM-709842,"Kalol Redevelopment Project, Ahmedabad Asset (Oil and Natural Gas Corporation Limited [ONGC]) (709842)",Infrastructure & Highways,Ministry of Petroleum & Natural Gas,709842,Gujarat,2631.11,2631.11,682.01,25.9,2024-03-01,2028-12-31,2027-12-31,2026-04-01,36,0.0,0
PAIM-709845,"Revamping of SV Stations, Gas Terminal & Kribhco Terminal (Oil and Natural Gas Corporation Limited [ONGC]) (709845)",Infrastructure & Highways,Ministry of Petroleum & Natural Gas,709845,Gujarat,2959.5,2959.5,1536.61,51.9,2021-03-01,2028-12-31,2028-12-31,2026-04-01,18,0.0,0
PAIM-604853,Faridabad (Ministry of Petroleum & Natural Gas) (604853),Infrastructure & Highways,Ministry of Petroleum & Natural Gas,604853,Gujarat,4300.39,4300.39,2965.9,69.0,2022-03-01,2028-12-31,2028-12-31,2026-04-01,18,0.0,0
PAIM-611917,Poly Butadiene Rubber plant at Panipat (Indian Oil Corporation Limited [IOCL]) (611917),Infrastructure & Highways,Ministry of Petroleum & Natural Gas,611917,Haryana,2244.95,2244.95,891.74,39.7,2022-03-01,2026-12-31,2027-12-31,2026-04-01,24,0.0,0
PAIM-619196,from Crude oil to Product (IOCL) (619196),Infrastructure & Highways,Ministry of Petroleum & Natural Gas,619196,Haryana,579.42,579.42,265.02,45.7,2022-03-01,2028-12-31,2028-12-31,2026-04-01,36,0.0,0
PAIM-701289,Capacity Expansion of Panipat Refinery from 15 to 25 MMTPA (Ministry of Petroleum & Natural Gas) (701289),Infrastructure & Highways,Ministry of Petroleum & Natural Gas,701289,Haryana,1913.82,1913.82,537.94,28.1,2022-03-01,2026-12-31,2028-12-31,2026-04-01,24,0.0,0
PAIM-36225,(12/2026) 34627 (36225) 27035.45 93.2,Infrastructure & Highways,Ministry of Petroleum & Natural Gas,36225,Haryana,27035.45,93.2,14176.84,100.0,2021-03-01,2028-12-31,2029-12-31,2026-04-01,36,0.0,0
PAIM-709783,and Petrochemical Complex. (MinistryofPetroleumNaturalGas) (709783),Infrastructure & Highways,Ministry of Petroleum & Natural Gas,709783,Haryana,1204.51,1204.51,257.97,21.4,2023-03-01,2028-12-31,2027-12-31,2026-04-01,24,0.0,0
PAIM-709773,Districts (MinistryofPetroleumNaturalGas) (709773),Infrastructure & Highways,Ministry of Petroleum & Natural Gas,709773,Haryana,4096.57,4096.57,421.69,10.3,2021-03-01,2027-12-31,2029-12-31,2026-04-01,12,0.0,0
PAIM-610984,Development of Jharia CBM Block [Phase-1] (Oil and Natural Gas Corporation Limited [ONGC]) (610984),Infrastructure & Highways,Ministry of Petroleum & Natural Gas,610984,Multi-State,259.85,259.85,143.16,55.1,2022-03-01,2028-12-31,2029-12-31,2026-04-01,12,0.0,0
PAIM-709785,Laying of Natural Gas Pipeline from Hazaribagh to Ranchi [HRPL] (MinistryofPetroleumNaturalGas) (709785),Infrastructure & Highways,Ministry of Petroleum & Natural Gas,709785,Multi-State,1359.67,1359.67,1077.32,79.2,2024-03-01,2027-12-31,2029-12-31,2026-04-01,6,0.0,0
PAIM-612790,Power System Upgradation Project (Mangalore Refinary and Petrochemicals Limited) (612790),Infrastructure & Highways,Ministry of Petroleum & Natural Gas,612790,Karnataka,3824.81,3824.81,2539.82,66.4,2021-03-01,2027-12-31,2027-12-31,2026-04-01,0,0.0,0
PAIM-616879,Demo Bio-ATF Project (Ministry of Petroleum & Natural Gas) (616879),Infrastructure & Highways,Ministry of Petroleum & Natural Gas,616879,Karnataka,843.89,843.89,540.16,64.0,2021-03-01,2027-12-31,2029-12-31,2026-04-01,0,0.0,0
PAIM-709774,Revamping/ Augmentation of facilities at existing port terminal at Mangalore (Ministry of Petroleum & Natural Gas) (7097,Infrastructure & Highways,Ministry of Petroleum & Natural Gas,709774,Karnataka,3405.72,3405.72,936.68,27.5,2023-03-01,2027-12-31,2027-12-31,2026-04-01,12,0.0,0
PAIM-617838,Palakkad TOP (Ministry of Petroleum & Natural Gas) (617838),Infrastructure & Highways,Ministry of Petroleum & Natural Gas,617838,Karnataka,4082.24,4082.24,2065.72,50.6,2023-03-01,2027-12-31,2028-12-31,2026-04-01,24,0.0,0
PAIM-10010,(Ministry of Petroleum & Natural Gas) (617838) (-) (10010),Infrastructure & Highways,Ministry of Petroleum & Natural Gas,10010,Multi-State,3626.34,3626.34,1144.96,31.6,2021-03-01,2027-12-31,2028-12-31,2026-04-01,12,0.0,0
PAIM-709799,Setting up Polypropylene Unit at Kochi Refinery (MinistryofPetroleumNaturalGas) (709799),Infrastructure & Highways,Ministry of Petroleum & Natural Gas,709799,Madhya Pradesh,926.81,926.81,554.03,59.8,2023-03-01,2026-12-31,2028-12-31,2026-04-01,18,0.0,0
PAIM-617830,C2/C3 Vijaipur Pata Pipeline (Ministry of Petroleum & Natural Gas) (617830),Infrastructure & Highways,Ministry of Petroleum & Natural Gas,617830,Madhya Pradesh,2794.85,2794.85,2147.4,76.8,2023-03-01,2027-12-31,2028-12-31,2026-04-01,0,0.0,0
PAIM-10000,(Ministry of Petroleum & Natural Gas) (617830) (-) (10000),Infrastructure & Highways,Ministry of Petroleum & Natural Gas,10000,Madhya Pradesh,1583.56,1583.56,1308.26,82.6,2022-03-01,2026-12-31,2028-12-31,2026-04-01,36,0.0,0
PAIM-709798,and expansion of Refinery (MinistryofPetroleumNaturalGas) (709798),Infrastructure & Highways,Ministry of Petroleum & Natural Gas,709798,Madhya Pradesh,2157.18,2157.18,1464.53,67.9,2024-03-01,2027-12-31,2027-12-31,2026-04-01,12,0.0,0
PAIM-11306,(MinistryofPetroleumNaturalGas) (709798) (N16000518) (11306),Infrastructure & Highways,Ministry of Petroleum & Natural Gas,N16000518,Madhya Pradesh,803.29,803.29,430.39,53.6,2023-03-01,2028-12-31,2028-12-31,2026-04-01,24,0.0,0
PAIM-43367,(05/2028) 43367 (43367) 4802.7 25.5,Infrastructure & Highways,Ministry of Petroleum & Natural Gas,43367,Madhya Pradesh,4802.7,25.5,987.27,100.0,2022-03-01,2028-12-31,2028-12-31,2026-04-01,0,0.0,0
PAIM-400168,"500 KTA PDHPP Project, Usar (Ministry of Petroleum & Natural Gas) (400168)",Infrastructure & Highways,Ministry of Petroleum & Natural Gas,400168,Maharashtra,1204.11,1204.11,312.8,26.0,2024-03-01,2027-12-31,2029-12-31,2026-04-01,0,0.0,0
PAIM-11256,(04/2027) 8797 (11256) 8003.66 90.7,Infrastructure & Highways,Ministry of Petroleum & Natural Gas,11256,Maharashtra,8003.66,90.7,1791.77,100.0,2022-03-01,2026-12-31,2027-12-31,2026-04-01,0,0.0,0
PAIM-616933,Lube Modernization & Bottom Upgradation Project at Mumbai Refinery (Ministry of Petroleum and Natural Gas) (616933),Infrastructure & Highways,Ministry of Petroleum & Natural Gas,616933,Maharashtra,3319.68,3319.68,633.91,19.1,2023-03-01,2026-12-31,2028-12-31,2026-04-01,12,0.0,0
PAIM-619223,Mumbai Refinery (Ministry of Petroleum & Natural Gas) (619223),Infrastructure & Highways,Ministry of Petroleum & Natural Gas,619223,Maharashtra,3175.86,3175.86,1077.86,33.9,2024-03-01,2027-12-31,2027-12-31,2026-04-01,36,0.0,0
PAIM-11911,(Ministry of Petroleum & Natural Gas) (619223) (-) (11911),Infrastructure & Highways,Ministry of Petroleum & Natural Gas,11911,Maharashtra,4390.21,4390.21,2735.74,62.3,2021-03-01,2028-12-31,2027-12-31,2026-04-01,0,0.0,0
PAIM-13626,(09/2029) 13626 (13626) 55.4 4.4,Infrastructure & Highways,Ministry of Petroleum & Natural Gas,13626,Maharashtra,55.4,4.4,7.69,100.0,2022-03-01,2027-12-31,2027-12-31,2026-04-01,36,0.0,0
PAIM-619224,Augmentation of DUPL-DPPL Pipeline (Ministry of Petroleum & Natural Gas) (619224),Infrastructure & Highways,Ministry of Petroleum & Natural Gas,619224,Maharashtra,3465.2,3465.2,1028.29,29.7,2021-03-01,2027-12-31,2027-12-31,2026-04-01,12,0.0,0
PAIM-11913,(Ministry of Petroleum & Natural Gas) (619224) (-) (11913),Infrastructure & Highways,Ministry of Petroleum & Natural Gas,11913,Maharashtra,1835.73,1835.73,1434.76,78.2,2021-03-01,2027-12-31,2027-12-31,2026-04-01,12,0.0,0
PAIM-619225,Installation of Compression facility at GAIL Usar (Ministry of Petroleum & Natural Gas) (619225),Infrastructure & Highways,Ministry of Petroleum & Natural Gas,619225,Maharashtra,417.79,417.79,154.47,37.0,2023-03-01,2028-12-31,2028-12-31,2026-04-01,36,0.0,0
PAIM-709760,HP TDAE Unit in Mumbai Refinery (Hindustan Petroleum Corporation Limited) (709760),Infrastructure & Highways,Ministry of Petroleum & Natural Gas,709760,Maharashtra,284.86,284.86,52.55,18.4,2021-03-01,2026-12-31,2029-12-31,2026-04-01,36,0.0,0
PAIM-709771,"City Gas Distribution Project at Beed, Jalgaon and Jalna Districts (MinistryofPetroleumNaturalGas) (709771)",Infrastructure & Highways,Ministry of Petroleum & Natural Gas,709771,Maharashtra,4263.11,4263.11,3067.18,71.9,2024-03-01,2026-12-31,2029-12-31,2026-04-01,6,0.0,0
PAIM-709780,Construction of Additional Tankages and Allied Facilities at JNPT Terminal (MinistryofPetroleumNaturalGas) (709780),Infrastructure & Highways,Ministry of Petroleum & Natural Gas,709780,Maharashtra,921.19,921.19,298.24,32.4,2022-03-01,2027-12-31,2027-12-31,2026-04-01,12,0.0,0
PAIM-709782,ATF Pipeline from Jawaharlal Nehru Port Trust to Navi Mumbai International Airport (Indian Oil Corporation Limited [IOCL,Infrastructure & Highways,Ministry of Petroleum & Natural Gas,709782,Maharashtra,681.34,681.34,486.26,71.4,2021-03-01,2026-12-31,2027-12-31,2026-04-01,18,0.0,0
PAIM-709797,POL & LOBS Installations with Receipt Pipelines at Rasayani (Bharat Petroleum Corporation Limited [BPCL]) (709797),Infrastructure & Highways,Ministry of Petroleum & Natural Gas,709797,Maharashtra,1280.95,1280.95,573.99,44.8,2021-03-01,2028-12-31,2029-12-31,2026-04-01,6,0.0,0
PAIM-616254,Visakh Raipur Pipeline Project (Ministry of Petroleum and Natural Gas) (616254),Infrastructure & Highways,Ministry of Petroleum & Natural Gas,616254,Maharashtra,3007.35,3007.35,509.03,16.9,2022-03-01,2027-12-31,2028-12-31,2026-04-01,6,0.0,0
PAIM-10800,(Ministry of Petroleum & Natural Gas) (617827) (-) (10800),Infrastructure & Highways,Ministry of Petroleum & Natural Gas,10800,West Bengal,2394.15,2394.15,830.75,34.7,2024-03-01,2027-12-31,2027-12-31,2026-04-01,6,0.0,0
PAIM-709757,"CGD Project in Banka, Dumka, Godda, Jamtara, Pakur, Sahibganj GA ID 11A.02 (Hindustan Petroleum Corporation Limited) (70",Infrastructure & Highways,Ministry of Petroleum & Natural Gas,709757,West Bengal,2037.25,2037.25,618.88,30.4,2021-03-01,2027-12-31,2028-12-31,2026-04-01,36,0.0,0
PAIM-701354,Mumbai Nagpur Jharsuguda Pipeline Project (Ministry of Petroleum & Natural Gas) (701354),Infrastructure & Highways,Ministry of Petroleum & Natural Gas,701354,Maharashtra,1570.44,1570.44,911.61,58.0,2024-03-01,2027-12-31,2029-12-31,2026-04-01,6,0.0,0
PAIM-701330,Mehsana-Bhatinda & Bhatinda-Jammu Natural Gas Pipeline (Ministry of Petroleum & Natural Gas) (701330),Infrastructure & Highways,Ministry of Petroleum & Natural Gas,701330,Maharashtra,708.75,708.75,243.38,34.3,2021-03-01,2028-12-31,2028-12-31,2026-04-01,6,0.0,0
PAIM-612853,Gurdaspur Jammu Pipeline (Gas Authority of India Limited [GAIL]) (612853),Infrastructure & Highways,Ministry of Petroleum & Natural Gas,612853,Gujarat,2153.71,2153.71,1230.28,57.1,2022-03-01,2027-12-31,2027-12-31,2026-04-01,12,0.0,0
PAIM-701228,Kochi - Koottanad - Bangalore - Mangalore Pipeline Phase-II (Ministry of Petroleum & Natural Gas) (701228),Infrastructure & Highways,Ministry of Petroleum & Natural Gas,701228,Maharashtra,2541.17,2541.17,1039.71,40.9,2021-03-01,2026-12-31,2027-12-31,2026-04-01,18,0.0,0
PAIM-701338,City Gas Distribution Maharashtra Natural Gas Limited (Ministry of Petroleum & Natural Gas) (701338),Infrastructure & Highways,Ministry of Petroleum & Natural Gas,701338,Maharashtra,2269.01,2269.01,1642.04,72.4,2021-03-01,2026-12-31,2028-12-31,2026-04-01,12,0.0,0
PAIM-701344,Dhamra Haldia Pipeline Project (Ministry of Petroleum & Natural Gas) (701344),Infrastructure & Highways,Ministry of Petroleum & Natural Gas,701344,Maharashtra,1646.65,1646.65,631.0,38.3,2024-03-01,2028-12-31,2029-12-31,2026-04-01,24,0.0,0
PAIM-709794,and Hanumangarh districts (Bharat Petroleum Corporation Limited [BPCL]) (709794),Infrastructure & Highways,Ministry of Petroleum & Natural Gas,709794,Rajasthan,3293.22,3293.22,1798.91,54.6,2024-03-01,2028-12-31,2028-12-31,2026-04-01,0,0.0,0
PAIM-604859,Refinery (Ministry of Petroleum & Natural Gas) (604859),Infrastructure & Highways,Ministry of Petroleum & Natural Gas,604859,Odisha,1207.77,1207.77,644.92,53.4,2024-03-01,2028-12-31,2029-12-31,2026-04-01,0,0.0,0
PAIM-11783,(08/2026) 13805 (11783) 8450.45 93.9,Infrastructure & Highways,Ministry of Petroleum & Natural Gas,11783,Odisha,8450.45,93.9,4529.55,100.0,2022-03-01,2027-12-31,2027-12-31,2026-04-01,18,0.0,0
PAIM-617818,"City Gas Distribution [CGD] Project in Gajapati, Kandhamal, Boudh, & Sonepur GA (Ministry of Petroleum & Natural Gas) (6",Infrastructure & Highways,Ministry of Petroleum & Natural Gas,617818,Odisha,1184.45,1184.45,279.12,23.6,2021-03-01,2027-12-31,2028-12-31,2026-04-01,0,0.0,0
PAIM-709800,"CUF POL Depot at Sadashibpur [Meramundali], Odisha (MinistryofPetroleumNaturalGas) (709800)",Infrastructure & Highways,Ministry of Petroleum & Natural Gas,709800,Odisha,810.01,810.01,234.5,29.0,2023-03-01,2027-12-31,2028-12-31,2026-04-01,6,0.0,0
PAIM-400119,Life Extension of 48 well platforms of Mumbai High & Heera Fields (Oil and Natural Gas Corporation Limited [ONGC]) (4001,Infrastructure & Highways,Ministry of Petroleum & Natural Gas,400119,Odisha,1746.9,1746.9,339.4,19.4,2021-03-01,2026-12-31,2027-12-31,2026-04-01,18,0.0,0
PAIM-616950,PRP-VIII [Group-A] (Ministry of Petroleum & Natural Gas) (616950),Infrastructure & Highways,Ministry of Petroleum & Natural Gas,616950,Multi-State,2387.64,2387.64,1989.6,83.3,2022-03-01,2026-12-31,2028-12-31,2026-04-01,12,0.0,0
PAIM-12147,(Ministry of Petroleum & Natural Gas) (619314) (-) (12147),Infrastructure & Highways,Ministry of Petroleum & Natural Gas,12147,Multi-State,3129.35,3129.35,669.25,21.4,2024-03-01,2026-12-31,2027-12-31,2026-04-01,12,0.0,0
PAIM-709839,Daman Upside Development Project (Oil and Natural Gas Corporation Limited [ONGC]) (709839),Infrastructure & Highways,Ministry of Petroleum & Natural Gas,709839,Multi-State,4144.03,4144.03,3079.13,74.3,2024-03-01,2028-12-31,2027-12-31,2026-04-01,0,0.0,0
PAIM-709848,MHN TCPP PGC BGC Project [MTPBP] (Ministry of Petroleum & Natural Gas) (709848),Infrastructure & Highways,Ministry of Petroleum & Natural Gas,709848,Multi-State,987.36,987.36,812.93,82.3,2023-03-01,2026-12-31,2029-12-31,2026-04-01,36,0.0,0
PAIM-709849,PRP-VIII Group B [NH & BS Asset] (Ministry of Petroleum & Natural Gas) (709849),Infrastructure & Highways,Ministry of Petroleum & Natural Gas,709849,Multi-State,3834.03,3834.03,900.07,23.5,2021-03-01,2027-12-31,2029-12-31,2026-04-01,36,0.0,0
PAIM-709851,Integrated Development of 4 Contract Areas under DSF-II (Ministry of Petroleum & Natural Gas) (709851),Infrastructure & Highways,Ministry of Petroleum & Natural Gas,709851,Multi-State,3682.52,3682.52,2598.81,70.6,2021-03-01,2028-12-31,2029-12-31,2026-04-01,12,0.0,0
PAIM-400171,2G Ethanol Biorefinery at Bathinda (Hindustan Petroleum Corporation Limited [HPCL]) (400171),Infrastructure & Highways,Ministry of Petroleum & Natural Gas,400171,Punjab,1291.57,1291.57,342.96,26.6,2021-03-01,2027-12-31,2029-12-31,2026-04-01,0,0.0,0
PAIM-709770,City Gas Distribution Project at Pathankot District (MinistryofPetroleumNaturalGas) (709770),Infrastructure & Highways,Ministry of Petroleum & Natural Gas,709770,Tamil Nadu,3813.58,3813.58,1602.85,42.0,2024-03-01,2028-12-31,2028-12-31,2026-04-01,24,0.0,0
PAIM-604795,CBR 9 MMTPA Project (Chennai Petroleum Corporation Limited [CPCL]) (604795),Infrastructure & Highways,Ministry of Petroleum & Natural Gas,604795,Tamil Nadu,2890.54,2890.54,715.37,24.7,2022-03-01,2027-12-31,2028-12-31,2026-04-01,12,0.0,0
PAIM-36354,(10/2028) 31580 (36354) 1570.83 10.2,Infrastructure & Highways,Ministry of Petroleum & Natural Gas,36354,Tamil Nadu,1570.83,10.2,195.65,100.0,2024-03-01,2027-12-31,2029-12-31,2026-04-01,18,0.0,0
PAIM-709750,between CPCL Manali Refinery and CPCL Desalination plant at Ennore (Chennai Petroleum Corporation Limited [CPCL]) (70975,Infrastructure & Highways,Ministry of Petroleum & Natural Gas,709750,Tamil Nadu,2225.26,2225.26,1292.82,58.1,2022-03-01,2028-12-31,2029-12-31,2026-04-01,36,0.0,0
PAIM-709796,City Gas Distribution Projects at the Nilgiris and Erode districts (Bharat Petroleum Corporation Limited [BPCL]) (709796,Infrastructure & Highways,Ministry of Petroleum & Natural Gas,709796,Tamil Nadu,2233.29,2233.29,497.1,22.3,2023-03-01,2028-12-31,2027-12-31,2026-04-01,18,0.0,0
PAIM-617822,airport (MinistryofPetroleumNaturalGas) (617822),Infrastructure & Highways,Ministry of Petroleum & Natural Gas,617822,Tamil Nadu,1611.15,1611.15,742.81,46.1,2022-03-01,2027-12-31,2027-12-31,2026-04-01,6,0.0,0
PAIM-619191,Kanpur LPG Bottling Plant (MinistryofPetroleumNaturalGas) (619191),Infrastructure & Highways,Ministry of Petroleum & Natural Gas,619191,Uttar Pradesh,1334.66,1334.66,1103.19,82.7,2022-03-01,2028-12-31,2027-12-31,2026-04-01,0,0.0,0
PAIM-709781,Revamping / Augmentation of Facilities at Mathura Bitumen Plant (MinistryofPetroleumNaturalGas) (709781),Infrastructure & Highways,Ministry of Petroleum & Natural Gas,709781,Uttar Pradesh,1429.97,1429.97,894.8,62.6,2024-03-01,2027-12-31,2029-12-31,2026-04-01,24,0.0,0
PAIM-709795,"Shravasti,Balrampur, Siddharth Nagar & Maharajganj districts (Bharat Petroleum Corporation Limited [BPCL]) (709795)",Infrastructure & Highways,Ministry of Petroleum & Natural Gas,709795,Uttar Pradesh,2597.33,2597.33,2051.57,79.0,2023-03-01,2026-12-31,2027-12-31,2026-04-01,36,0.0,0
PAIM-16654,(06/2030) 16654 (16654) 713.77 17.9,Infrastructure & Highways,Ministry of Petroleum & Natural Gas,16654,Uttar Pradesh,713.77,17.9,349.31,100.0,2021-03-01,2027-12-31,2028-12-31,2026-04-01,6,0.0,0
PAIM-617302,Durgapur - Haldia Pipeline [Section-3B of JHBDPL Project] (Ministry of Petroleum & Natural Gas) (617302),Infrastructure & Highways,Ministry of Petroleum & Natural Gas,617302,West Bengal,4326.13,4326.13,1786.02,41.3,2022-03-01,2027-12-31,2029-12-31,2026-04-01,0,0.0,0
PAIM-617828,Siliguri-Jhapa Pipeline Project (Indian Oil Corporation Limited [IOCL]) (617828),Infrastructure & Highways,Ministry of Petroleum & Natural Gas,617828,West Bengal,2757.08,2757.08,583.52,21.2,2022-03-01,2027-12-31,2027-12-31,2026-04-01,24,0.0,0
PAIM-617837,Siliguri Marketing Terminal [SMT] Capacity Augmentation Project (Ministry of Petroleum & Natural Gas) (617837),Infrastructure & Highways,Ministry of Petroleum & Natural Gas,617837,West Bengal,1907.84,1907.84,1054.34,55.3,2024-03-01,2027-12-31,2029-12-31,2026-04-01,0,0.0,0
PAIM-709753,Haldia Panagarh Pipeline Project (Hindustan Petroleum Corporation Limited) (709753),Infrastructure & Highways,Ministry of Petroleum & Natural Gas,709753,West Bengal,382.89,382.89,253.05,66.1,2024-03-01,2028-12-31,2027-12-31,2026-04-01,24,0.0,0
PAIM-709758,"CGD Project in Malda, Birbhum, Murshidabad, Dakshin Dinajpur GA ID 11A.03 (Hindustan Petroleum Corporation Limited) (709",Infrastructure & Highways,Ministry of Petroleum & Natural Gas,709758,West Bengal,3024.38,3024.38,1724.88,57.0,2021-03-01,2028-12-31,2029-12-31,2026-04-01,12,0.0,0
PAIM-709772,"City Gas Distribution Project at East Mednipore, West Mednipore & Jhargram Districts (MinistryofPetroleumNaturalGas) (70",Infrastructure & Highways,Ministry of Petroleum & Natural Gas,709772,West Bengal,2729.37,2729.37,1081.78,39.6,2021-03-01,2027-12-31,2028-12-31,2026-04-01,6,0.0,0
PAIM-709791,City Gas Distribution Projects at Alipurduar and Cooch Behar (Bharat Petroleum Corporation Limited [BPCL]) (709791),Infrastructure & Highways,Ministry of Petroleum & Natural Gas,709791,West Bengal,4225.77,4225.77,1207.4,28.6,2023-03-01,2026-12-31,2029-12-31,2026-04-01,36,0.0,0
PAIM-701172,AIIMS Darbhanga (PMSSY AND Institute of NATIONAL Importance) (701172),Infrastructure & Highways,Ministry of Petroleum & Natural Gas,701172,Bihar,2236.76,2236.76,318.79,14.3,2022-03-01,2027-12-31,2029-12-31,2026-04-01,24,0.0,0
PAIM-707020,"Establishment of new GMC Jamui (Medical Education, Ministry of Health and Family Welfare) (707020)",Infrastructure & Highways,Ministry of Petroleum & Natural Gas,707020,Bihar,3163.51,3163.51,1924.8,60.8,2022-03-01,2026-12-31,2029-12-31,2026-04-01,18,0.0,0
PAIM-10127,"(Medical Education, Ministry of Health and Family Welfare) (707020) (-) (10127)",Infrastructure & Highways,Ministry of Petroleum & Natural Gas,10127,Bihar,566.77,566.77,453.37,80.0,2024-03-01,2028-12-31,2029-12-31,2026-04-01,6,0.0,0
PAIM-707044,"Establishment of new GMC Korba (Medical Education, Ministry of Health and Family Welfare) (707044)",Infrastructure & Highways,Ministry of Petroleum & Natural Gas,707044,Bihar,2430.45,2430.45,491.58,20.2,2023-03-01,2027-12-31,2028-12-31,2026-04-01,0,0.0,0
PAIM-707045,"Establishment of new GMC Mahasamund (Medical Education, Ministry of Health and Family Welfare) (707045)",Infrastructure & Highways,Ministry of Petroleum & Natural Gas,707045,Multi-State,4357.97,4357.97,1966.01,45.1,2022-03-01,2026-12-31,2029-12-31,2026-04-01,12,0.0,0
PAIM-707046,"Establishment of new GMC Kanker (Medical Education, Ministry of Health and Family Welfare) (707046)",Infrastructure & Highways,Ministry of Petroleum & Natural Gas,707046,Delhi,2581.22,2581.22,870.46,33.7,2023-03-01,2026-12-31,2028-12-31,2026-04-01,12,0.0,0
PAIM-617882,Delhi (PMSSY AND Institute of NATIONAL Importance) (617882),Infrastructure & Highways,Ministry of Petroleum & Natural Gas,617882,Delhi,2565.0,2565.0,886.95,34.6,2023-03-01,2028-12-31,2029-12-31,2026-04-01,12,0.0,0
PAIM-617883,"campuses of AIIMS, New Delhi (PMSSY AND Institute of NATIONAL Importance) (617883)",Infrastructure & Highways,Ministry of Petroleum & Natural Gas,617883,Gujarat,3427.16,3427.16,1018.43,29.7,2023-03-01,2027-12-31,2028-12-31,2026-04-01,12,0.0,0
PAIM-10791,(PMSSY AND Institute of NATIONAL Importance) (617883) (-) (10791),Infrastructure & Highways,Ministry of Petroleum & Natural Gas,10791,Gujarat,837.96,837.96,221.28,26.4,2023-03-01,2027-12-31,2028-12-31,2026-04-01,6,0.0,0
PAIM-701170,AIIMS Rajkot (PMSSY AND Institute of NATIONAL Importance) (701170),Infrastructure & Highways,Ministry of Petroleum & Natural Gas,701170,Gujarat,3586.05,3586.05,1664.58,46.4,2021-03-01,2026-12-31,2028-12-31,2026-04-01,24,0.0,0
PAIM-707049,"Establishment of new GMC Panchmahal (Medical Education, Ministry of Health and Family Welfare) (707049)",Infrastructure & Highways,Ministry of Petroleum & Natural Gas,707049,Gujarat,3365.85,3365.85,1952.07,58.0,2024-03-01,2027-12-31,2028-12-31,2026-04-01,0,0.0,0
PAIM-10708,"(Medical Education, Ministry of Health and Family Welfare) (707049) (-) (10708)",Infrastructure & Highways,Ministry of Petroleum & Natural Gas,10708,Gujarat,1572.1,1572.1,325.43,20.7,2023-03-01,2028-12-31,2028-12-31,2026-04-01,24,0.0,0
PAIM-707050,"Establishment of new GMC Porbandar (Medical Education, Ministry of Health and Family Welfare) (707050)",Infrastructure & Highways,Ministry of Petroleum & Natural Gas,707050,Gujarat,1066.19,1066.19,776.81,72.9,2021-03-01,2027-12-31,2029-12-31,2026-04-01,36,0.0,0
PAIM-10710,"(Medical Education, Ministry of Health and Family Welfare) (707050) (-) (10710)",Infrastructure & Highways,Ministry of Petroleum & Natural Gas,10710,Gujarat,4443.63,4443.63,2842.56,64.0,2022-03-01,2027-12-31,2028-12-31,2026-04-01,24,0.0,0
PAIM-701173,AIIMS Majra Rewari Haryana (PMSSY AND Institute of NATIONAL Importance) (701173),Infrastructure & Highways,Ministry of Petroleum & Natural Gas,701173,Gujarat,2242.59,2242.59,1152.92,51.4,2023-03-01,2027-12-31,2027-12-31,2026-04-01,36,0.0,0
PAIM-701167,AIIMS Kashmir at Awantipora Jammu & Kashmir (PMSSY AND Institute of NATIONAL Importance) (701167),Infrastructure & Highways,Ministry of Petroleum & Natural Gas,701167,Haryana,1991.38,1991.38,453.17,22.8,2023-03-01,2026-12-31,2027-12-31,2026-04-01,18,0.0,0
PAIM-707021,"Establishment of new GMC Koderma (Medical Education, Ministry of Health and Family Welfare) (707021)",Infrastructure & Highways,Ministry of Petroleum & Natural Gas,707021,Multi-State,1990.23,1990.23,338.86,17.0,2022-03-01,2026-12-31,2027-12-31,2026-04-01,0,0.0,0
PAIM-10126,"(Medical Education, Ministry of Health and Family Welfare) (707021) (-) (10126)",Infrastructure & Highways,Ministry of Petroleum & Natural Gas,10126,Multi-State,2790.71,2790.71,2147.67,77.0,2021-03-01,2026-12-31,2028-12-31,2026-04-01,12,0.0,0
PAIM-707022,"Establishment of new GMC Chaibasa [Singhbhum] (Medical Education, Ministry of Health and Family Welfare) (707022)",Infrastructure & Highways,Ministry of Petroleum & Natural Gas,707022,Multi-State,2081.92,2081.92,969.44,46.6,2023-03-01,2028-12-31,2029-12-31,2026-04-01,36,0.0,0
PAIM-707058,"Establishment of new GMC Rajgarh (Medical Education, Ministry of Health and Family Welfare) (707058)",Infrastructure & Highways,Ministry of Health and Family Welfare,707058,Madhya Pradesh,1383.7,1383.7,335.77,24.3,2024-03-01,2028-12-31,2027-12-31,2026-04-01,24,0.0,0
PAIM-707059,"Establishment of new GMC Mandla (Medical Education, Ministry of Health and Family Welfare) (707059)",Infrastructure & Highways,Ministry of Health and Family Welfare,707059,Madhya Pradesh,1562.33,1562.33,756.95,48.5,2022-03-01,2027-12-31,2027-12-31,2026-04-01,36,0.0,0
PAIM-707069,"Establishment of new GMC Kapurthala (Medical Education, Ministry of Health and Family Welfare) (707069)",Infrastructure & Highways,Ministry of Health and Family Welfare,707069,Madhya Pradesh,635.01,635.01,241.01,38.0,2021-03-01,2028-12-31,2027-12-31,2026-04-01,12,0.0,0
PAIM-11345,"(Medical Education, Ministry of Health and Family Welfare) (707069) (-) (11345)",Infrastructure & Highways,Ministry of Health and Family Welfare,11345,Madhya Pradesh,4418.2,4418.2,3211.88,72.7,2022-03-01,2026-12-31,2027-12-31,2026-04-01,24,0.0,0
PAIM-707070,"Establishment of new GMC Hoshiarpur (Medical Education, Ministry of Health and Family Welfare) (707070)",Infrastructure & Highways,Ministry of Health and Family Welfare,707070,Punjab,2367.88,2367.88,249.57,10.5,2021-03-01,2026-12-31,2027-12-31,2026-04-01,6,0.0,0
PAIM-11583,"(Medical Education, Ministry of Health and Family Welfare) (707039) (-) (11583)",Infrastructure & Highways,Ministry of Health and Family Welfare,11583,Punjab,1223.56,1223.56,911.16,74.5,2022-03-01,2026-12-31,2029-12-31,2026-04-01,12,0.0,0
PAIM-701168,ALL India Institute of Medical Sciences-AIIMS  Madurai (PMSSY AND Institute of NATIONAL Importance) (701168),Infrastructure & Highways,Ministry of Health and Family Welfare,701168,Tamil Nadu,3400.76,3400.76,2259.27,66.4,2023-03-01,2026-12-31,2027-12-31,2026-04-01,0,0.0,0
PAIM-701171,AIIMS Bibinagar (PMSSY AND Institute of NATIONAL Importance) (701171),Infrastructure & Highways,Ministry of Health and Family Welfare,701171,Tamil Nadu,2524.51,2524.51,1839.6,72.9,2021-03-01,2027-12-31,2027-12-31,2026-04-01,18,0.0,0
PAIM-707086,"Establishment of new GMC Rudrapur (Medical Education, Ministry of Health and Family Welfare) (707086)",Infrastructure & Highways,Ministry of Health and Family Welfare,707086,Telangana,3526.83,3526.83,2160.58,61.3,2021-03-01,2028-12-31,2029-12-31,2026-04-01,12,0.0,0
PAIM-707087,"Establishment of new GMC Pithoragarh (Medical Education, Ministry of Health and Family Welfare) (707087)",Infrastructure & Highways,Ministry of Health and Family Welfare,707087,Multi-State,2756.44,2756.44,381.83,13.9,2023-03-01,2026-12-31,2029-12-31,2026-04-01,0,0.0,0
PAIM-11579,"(Medical Education, Ministry of Health and Family Welfare) (707087) (-) (11579)",Infrastructure & Highways,Ministry of Health and Family Welfare,11579,Multi-State,1645.26,1645.26,1038.68,63.1,2021-03-01,2027-12-31,2028-12-31,2026-04-01,18,0.0,0
PAIM-612167,"Visakhapatnam, Andhra Pradesh (Employee's State Insurance Company [ESIC]) (612167)",Infrastructure & Highways,Ministry of Health and Family Welfare,612167,Andhra Pradesh,2544.34,2544.34,1267.92,49.8,2023-03-01,2026-12-31,2028-12-31,2026-04-01,0,0.0,0
PAIM-612186,350 Bedded [Upgradable to 500 beds] ESI Hospital at Sanand (Employee's State Insurance Company [ESIC]) (612186),Infrastructure & Highways,Ministry of Health and Family Welfare,612186,Gujarat,2320.85,2320.85,952.9,41.1,2021-03-01,2028-12-31,2029-12-31,2026-04-01,36,0.0,0
PAIM-612211,to 150 beds. (Employee's State Insurance Company [ESIC]) (612211),Infrastructure & Highways,Ministry of Health and Family Welfare,612211,Gujarat,4451.8,4451.8,856.32,19.2,2024-03-01,2028-12-31,2027-12-31,2026-04-01,6,0.0,0
PAIM-612745,"Construction of 200 bed ESI Hospital at Bommasandra, Karnataka (Employee's State Insurance Company [ESIC]) (612745)",Infrastructure & Highways,Ministry of Health and Family Welfare,612745,Gujarat,848.84,848.84,85.54,10.1,2024-03-01,2026-12-31,2027-12-31,2026-04-01,24,0.0,0
PAIM-612748,Karnataka (Employee's State Insurance Company [ESIC]) (612748),Infrastructure & Highways,Ministry of Health and Family Welfare,612748,Karnataka,4066.42,4066.42,1211.97,29.8,2023-03-01,2026-12-31,2027-12-31,2026-04-01,12,0.0,0
PAIM-612188,"ESIC Hospital at Bibewadi, Pune (Employee's State Insurance Company [ESIC]) (612188)",Infrastructure & Highways,Ministry of Health and Family Welfare,612188,Maharashtra,2182.41,2182.41,1032.92,47.3,2023-03-01,2026-12-31,2028-12-31,2026-04-01,12,0.0,0
PAIM-612213,"Construction of 200 Bedded ESIC Hospital at Butibori, Nagpur, Maharashtra. (Employee's State Insurance Company [ESIC]) (",Infrastructure & Highways,Ministry of Health and Family Welfare,612213,Maharashtra,2056.05,2056.05,962.37,46.8,2022-03-01,2028-12-31,2027-12-31,2026-04-01,18,0.0,0
PAIM-616691,"Housing for ESIC Hospital at Andheri, Mumbai (Employee's State Insurance Company [ESIC]) (616691)",Infrastructure & Highways,Ministry of Health and Family Welfare,616691,Maharashtra,771.91,771.91,516.49,66.9,2023-03-01,2026-12-31,2028-12-31,2026-04-01,6,0.0,0
PAIM-612513,"Construction of 100 Bedded ESI Hospital at Duburi, Odisha. (Employee's State Insurance Company [ESIC]) (612513)",Infrastructure & Highways,Ministry of Health and Family Welfare,612513,Maharashtra,4082.59,4082.59,751.9,18.4,2024-03-01,2027-12-31,2027-12-31,2026-04-01,0,0.0,0
PAIM-612259,CONSTRUCTION OF 300 BEDDED HOSPITAL AT HARIDWAR (Employee's State Insurance Company [ESIC]) (612259),Infrastructure & Highways,Ministry of Health and Family Welfare,612259,Odisha,3743.63,3743.63,1848.0,49.4,2023-03-01,2026-12-31,2028-12-31,2026-04-01,18,0.0,0
PAIM-701565,Jal Marg Vikas Project (Inland Waterways Authority of India [IWAI]) (701565),Infrastructure & Highways,Ministry of Ports,701565,Uttar Pradesh,4148.91,4148.91,693.01,16.7,2022-03-01,2026-12-31,2028-12-31,2026-04-01,18,0.0,0
PAIM-609424,Under PPP Mode (Deendayal Port Trust) (609424),Infrastructure & Highways,Ministry of Ports,609424,Gujarat,1024.07,1024.07,522.48,51.0,2023-03-01,2028-12-31,2027-12-31,2026-04-01,18,0.0,0
PAIM-701570,"Replacement and revamping of pipeline projects in oil jetty area, Kandla (Deendayal Port Trust [DPT]) (701570)",Infrastructure & Highways,Ministry of Ports,701570,Gujarat,1912.75,1912.75,913.32,47.7,2022-03-01,2027-12-31,2027-12-31,2026-04-01,18,0.0,0
PAIM-617804,basis - Phase II (New Mangalore Port Authority) (617804),Infrastructure & Highways,Ministry of Ports,617804,Maharashtra,2562.56,2562.56,1732.03,67.6,2024-03-01,2026-12-31,2027-12-31,2026-04-01,18,0.0,0
PAIM-400382,Rewas Port Project (Reliance Industries Ltd) (400382),Infrastructure & Highways,Ministry of Ports,400382,Maharashtra,974.07,974.07,523.03,53.7,2023-03-01,2026-12-31,2027-12-31,2026-04-01,18,0.0,0
PAIM-701574,Western Dock on BOT basis to handle Cape size vessels (Paradip Port Trust [PPT]) (701574),Infrastructure & Highways,Ministry of Ports,701574,Odisha,4220.43,4220.43,1146.81,27.2,2023-03-01,2028-12-31,2027-12-31,2026-04-01,6,0.0,0
PAIM-707215,National Maritime Heritage Complex [NMHC] Phase-I (Indian Port Rail & Ropeway Corporation Ltd. [IPRCL]) (707215),Infrastructure & Highways,Ministry of Ports,707215,Gujarat,2611.14,2611.14,2088.63,80.0,2024-03-01,2027-12-31,2029-12-31,2026-04-01,6,0.0,0
PAIM-707410,Infrastructure Development Phase 1 (National Highways & Infrastructure Development Corporation Ltd. [NHIDCL]) (707410),Infrastructure & Highways,Ministry of Ports,707410,Andhra Pradesh,784.24,784.24,342.58,43.7,2023-03-01,2027-12-31,2028-12-31,2026-04-01,24,0.0,0
PAIM-701658,Krishnapatnam Node - Phase 1 - Roads and Services Development (National Industrial Corridor Development Corporation) (70,Infrastructure & Highways,Ministry of Ports,701658,Andhra Pradesh,1098.83,1098.83,498.69,45.4,2023-03-01,2027-12-31,2027-12-31,2026-04-01,18,0.0,0
PAIM-701657,Tumakuru Node - Phase 1 - Roads and Services Development (National Highways & Infrastructure Development Corporation Ltd,Infrastructure & Highways,Ministry of Ports,701657,Karnataka,2623.44,2623.44,678.91,25.9,2023-03-01,2026-12-31,2028-12-31,2026-04-01,6,0.0,0
PAIM-615202,Capacity expansion of Deposit-14 and 14 NMZ at Kirandul (National Mineral Development Corporation Limited [NMDC]) (61520,Infrastructure & Highways,Ministry of Ports,615202,Multi-State,1808.64,1808.64,1475.34,81.6,2021-03-01,2026-12-31,2027-12-31,2026-04-01,18,0.0,0
PAIM-617243,Replacement of Hot Leveller No.1 of Plate Mill at Bhilai Steel Plant (Steel Authority of India Limited [SAIL]) (617243),Infrastructure & Highways,Ministry of Railways,617243,Multi-State,2669.75,2669.75,1411.38,52.9,2022-03-01,2027-12-31,2028-12-31,2026-04-01,12,0.0,0
PAIM-617255,Secondary Emission at Bhilai Steel Plant (Steel Authority of India Limited [SAIL]) (617255),Infrastructure & Highways,Ministry of Railways,617255,Multi-State,1494.05,1494.05,952.79,63.8,2024-03-01,2026-12-31,2027-12-31,2026-04-01,24,0.0,0
PAIM-617256,Rebuilding of Coke Oven Battery No.7 & 8 at Bhilai Steel Plant (Steel Authority of India Limited [SAIL]) (617256),Infrastructure & Highways,Ministry of Railways,617256,Multi-State,1998.38,1998.38,817.51,40.9,2022-03-01,2026-12-31,2029-12-31,2026-04-01,6,0.0,0
PAIM-706811,NMDC Slurry Pipeline Project Phase-1 (National Mineral Development Corporation Limited [NMDC]) (706811),Infrastructure & Highways,Ministry of Railways,706811,Multi-State,3615.6,3615.6,382.64,10.6,2024-03-01,2028-12-31,2027-12-31,2026-04-01,24,0.0,0
PAIM-709826,SCREENING PLANT-III AT KIRANDUL (National Mineral Development Corporation Limited [NMDC]) (709826),Infrastructure & Highways,Ministry of Railways,709826,Multi-State,2480.99,2480.99,736.97,29.7,2024-03-01,2028-12-31,2027-12-31,2026-04-01,6,0.0,0
PAIM-400174,"New Sinter Plant at BSL, SAIL (Steel Authority of India Limited [SAIL]) (400174)",Infrastructure & Highways,Ministry of Railways,400174,Multi-State,3403.46,3403.46,1511.16,44.4,2023-03-01,2026-12-31,2029-12-31,2026-04-01,0,0.0,0
PAIM-617249,Replacement of existing Grinders in CRM-I & II at Bokaro Steel Plant (Steel Authority of India Limited [SAIL]) (617249),Infrastructure & Highways,Ministry of Railways,617249,Multi-State,3206.63,3206.63,1585.4,49.4,2024-03-01,2028-12-31,2029-12-31,2026-04-01,36,0.0,0
PAIM-617250,Secondary Emission Control in Converters of SMS-II at Bokaro Steel Plant (Steel Authority of India Limited [SAIL]) (6172,Infrastructure & Highways,Ministry of Railways,617250,Multi-State,3888.27,3888.27,1412.89,36.3,2023-03-01,2026-12-31,2028-12-31,2026-04-01,36,0.0,0
PAIM-617253,Revamping of old sub-systems of Blast Furnace 3 at Bokaro Steel Plant (Steel Authority of India Limited [SAIL]) (617253),Infrastructure & Highways,Ministry of Railways,617253,Multi-State,2665.84,2665.84,1401.95,52.6,2022-03-01,2027-12-31,2028-12-31,2026-04-01,18,0.0,0
PAIM-617254,Plant-1 at Bokaro Steel Plant (Steel Authority of India Limited [SAIL]) (617254),Infrastructure & Highways,Ministry of Railways,617254,Multi-State,2948.41,2948.41,403.53,13.7,2021-03-01,2026-12-31,2028-12-31,2026-04-01,24,0.0,0
PAIM-617257,Rebuilding of Coke Oven Battery No.6 at Bokaro Steel Plant (Steel Authority of India Limited [SAIL]) (617257),Infrastructure & Highways,Ministry of Railways,617257,Multi-State,2457.58,2457.58,1162.56,47.3,2023-03-01,2028-12-31,2029-12-31,2026-04-01,18,0.0,0
PAIM-400121,"Complex of NMDC Limited at Ballari Dt, Karnataka. (National Mineral Development Corporation Limited [NMDC]) (400121)",Infrastructure & Highways,Ministry of Railways,400121,Karnataka,3373.98,3373.98,1570.45,46.5,2024-03-01,2026-12-31,2028-12-31,2026-04-01,6,0.0,0
PAIM-612781,Rebuilding of COB 4 at Durgapur Steel Plant (Steel Authority of India Limited [SAIL]) (612781),Infrastructure & Highways,Ministry of Railways,612781,Karnataka,671.55,671.55,314.66,46.9,2024-03-01,2028-12-31,2029-12-31,2026-04-01,18,0.0,0
PAIM-617242,Installation of New Bar Mill at Durgapur Steel Plant (Steel Authority of India Limited [SAIL]) (617242),Infrastructure & Highways,Ministry of Railways,617242,West Bengal,1914.06,1914.06,1478.92,77.3,2024-03-01,2027-12-31,2028-12-31,2026-04-01,24,0.0,0
PAIM-617246,Up-gradation of Blast Furnace No. 3 at Durgapur Steel Plant (Steel Authority of India Limited [SAIL]) (617246),Infrastructure & Highways,Ministry of Railways,617246,West Bengal,4258.29,4258.29,3045.31,71.5,2023-03-01,2026-12-31,2028-12-31,2026-04-01,24,0.0,0
PAIM-617248,Third Ladle Furnace in Secondary Refinery Unit at IISCO Steel Plant (Steel Authority of India Limited [SAIL]) (617248),Infrastructure & Highways,Ministry of Railways,617248,West Bengal,360.11,360.11,137.39,38.2,2023-03-01,2027-12-31,2029-12-31,2026-04-01,12,0.0,0
PAIM-617251,Revamping of Air Pollution Control Systems of SP-1 at Durgapur Steel Plant (Steel Authority of India Limited [SAIL]) (61,Infrastructure & Highways,Ministry of Railways,617251,West Bengal,1983.25,1983.25,1159.02,58.4,2024-03-01,2027-12-31,2027-12-31,2026-04-01,0,0.0,0
PAIM-617338,Stamp Charge Battery No.12 Battery Proper at IISCO Steel Plant (Steel Authority of India Limited [SAIL]) (617338),Infrastructure & Highways,Ministry of Railways,617338,West Bengal,798.72,798.72,588.43,73.7,2024-03-01,2028-12-31,2027-12-31,2026-04-01,6,0.0,0
PAIM-400298,Nadikudi - Srikalahasti New Line (South Central Railway [SCR] - II) (400298),Infrastructure & Highways,Ministry of Railways,400298,Andhra Pradesh,1480.92,1480.92,696.04,47.0,2024-03-01,2027-12-31,2028-12-31,2026-04-01,0,0.0,0
PAIM-611752,GOOTY-PENDEKALLU DOUBLING  29.225 Km (South Central Railway [SCR] - II) (611752),Infrastructure & Highways,Ministry of Railways,611752,Andhra Pradesh,1279.98,1279.98,804.61,62.9,2022-03-01,2026-12-31,2028-12-31,2026-04-01,6,0.0,0
PAIM-611754,GUNTAKAL WEST-MALLAPPA GATE RAIL OVER RAIL - ROR TRACK (South Central Railway [SCR] - II) (611754),Infrastructure & Highways,Ministry of Railways,611754,Andhra Pradesh,271.52,271.52,120.58,44.4,2022-03-01,2026-12-31,2029-12-31,2026-04-01,18,0.0,0
PAIM-611927,Kurnool - Setting up facilities for coach midlife rehabilitation workshop (WPO/Patna) (611927),Infrastructure & Highways,Ministry of Railways,611927,Andhra Pradesh,2370.36,2370.36,1380.72,58.2,2024-03-01,2027-12-31,2028-12-31,2026-04-01,0,0.0,0
PAIM-612827,Simhachalam  7.135 km    PB 73 of 2023  24 NR (East Coast Railway [ECoR] - II) (612827),Infrastructure & Highways,Ministry of Railways,612827,Andhra Pradesh,2320.34,2320.34,532.32,22.9,2023-03-01,2028-12-31,2028-12-31,2026-04-01,36,0.0,0
PAIM-616697,to Gangavaram port (East Coast Railway [ECoR] - II) (616697),Infrastructure & Highways,Ministry of Railways,616697,Andhra Pradesh,1044.8,1044.8,679.07,65.0,2021-03-01,2027-12-31,2029-12-31,2026-04-01,0,0.0,0
PAIM-617210,Tiupati Katpadi 104.39 kms (South Central Railway [SCR] - II) (617210),Infrastructure & Highways,Ministry of Railways,617210,Andhra Pradesh,902.7,902.7,477.25,52.9,2022-03-01,2028-12-31,2028-12-31,2026-04-01,24,0.0,0
PAIM-617216,3rd Line between Gudur Renigunta 83.17 Km (South Central Railway [SCR] - II) (617216),Infrastructure & Highways,Ministry of Railways,617216,Andhra Pradesh,3298.26,3298.26,973.13,29.5,2023-03-01,2027-12-31,2028-12-31,2026-04-01,24,0.0,0
PAIM-705253,Kurnool Coach Midlife Rehabilitation Project (South Central Railway [SCR] - II) (705253),Infrastructure & Highways,Ministry of Railways,705253,Andhra Pradesh,3620.85,3620.85,2587.82,71.5,2024-03-01,2026-12-31,2028-12-31,2026-04-01,18,0.0,0
PAIM-705436,Kotapalli - Narasapur New Line (South Central Railway [SCR] - II) (705436),Infrastructure & Highways,Ministry of Railways,705436,Andhra Pradesh,1339.91,1339.91,375.23,28.0,2024-03-01,2027-12-31,2027-12-31,2026-04-01,36,0.0,0
PAIM-705633,Guntur-Guntakal Doubling Project (South Central Railway [SCR] - II) (705633),Infrastructure & Highways,Ministry of Railways,705633,Andhra Pradesh,2733.74,2733.74,629.85,23.0,2023-03-01,2028-12-31,2027-12-31,2026-04-01,0,0.0,0
PAIM-705648,Vijaywada-Gudur 3rd Line (RVNL - II) (705648),Infrastructure & Highways,Ministry of Railways,705648,Assam,2705.82,2705.82,1331.2,49.2,2022-03-01,2027-12-31,2028-12-31,2026-04-01,24,0.0,0
PAIM-10768,(Northeast Frontier Railway [NFR]) (618986) (-) (10768),Infrastructure & Highways,Ministry of Railways,10768,Assam,2164.48,2164.48,337.16,15.6,2024-03-01,2027-12-31,2027-12-31,2026-04-01,18,0.0,0
PAIM-400254,Sakri -Hasanpur [via Harnagar - Kusheshwar Asthan] New Railway line (East Central Railway [ECR] - I) (400254),Infrastructure & Highways,Ministry of Railways,400254,Bihar,1961.92,1961.92,284.52,14.5,2022-03-01,2026-12-31,2028-12-31,2026-04-01,0,0.0,0
PAIM-617231,Construction of Bulb line at Nabinagar  Ankorah of East Central Railway (East Central Railway [ECR] - I) (617231),Infrastructure & Highways,Ministry of Railways,617231,Bihar,3909.8,3909.8,1987.42,50.8,2021-03-01,2026-12-31,2029-12-31,2026-04-01,0,0.0,0
PAIM-705364,Khagaria-Kusheshwar Asthan [42Km] new line project (East Central Railway [ECR] - I) (705364),Infrastructure & Highways,Ministry of Railways,705364,Bihar,3930.4,3930.4,2706.79,68.9,2022-03-01,2026-12-31,2028-12-31,2026-04-01,6,0.0,0
PAIM-705366,Hajipur-Sagauli New line (East Central Railway [ECR] - I) (705366),Infrastructure & Highways,Ministry of Railways,705366,Bihar,2491.37,2491.37,269.02,10.8,2021-03-01,2026-12-31,2029-12-31,2026-04-01,0,0.0,0
PAIM-705368,Araria Supaul New BG Line (East Central Railway [ECR] - I) (705368),Infrastructure & Highways,Ministry of Railways,705368,Bihar,1192.18,1192.18,345.89,29.0,2021-03-01,2028-12-31,2028-12-31,2026-04-01,36,0.0,0
PAIM-705373,"Biharsharif, Biharsharif to Barbigha , Barbigha to Shekhpura (East Central Railway [ECR] - I) (705373)",Infrastructure & Highways,Ministry of Railways,705373,Bihar,2185.28,2185.28,1167.16,53.4,2023-03-01,2027-12-31,2027-12-31,2026-04-01,18,0.0,0
PAIM-705450,Jogbani-Biratnagar New Rail Line project (Indian Railway Construction International Limited [IRCON]) (705450),Infrastructure & Highways,Ministry of Railways,705450,Bihar,516.67,516.67,221.41,42.9,2024-03-01,2026-12-31,2029-12-31,2026-04-01,18,0.0,0
PAIM-705526,Samastipur-Darbhanga Doubling Railway Project (East Central Railway [ECR] - I) (705526),Infrastructure & Highways,Ministry of Railways,705526,Bihar,2904.05,2904.05,542.06,18.7,2022-03-01,2028-12-31,2028-12-31,2026-04-01,6,0.0,0
PAIM-705527,Sagauli-Valmiknagar (East Central Railway [ECR] - I) (705527),Infrastructure & Highways,Ministry of Railways,705527,Bihar,856.29,856.29,566.88,66.2,2022-03-01,2026-12-31,2027-12-31,2026-04-01,18,0.0,0
PAIM-705528,Muzaffarpur-Sugauli (East Central Railway [ECR] - I) (705528),Infrastructure & Highways,Ministry of Railways,705528,Bihar,870.56,870.56,335.77,38.6,2022-03-01,2028-12-31,2027-12-31,2026-04-01,0,0.0,0
PAIM-706759,Rampur Dumra-Tal-Rajendrapul Additional Bridge and Railway Line Doubling (Indian Railway Construction International Limi,Infrastructure & Highways,Ministry of Railways,706759,Bihar,2212.53,2212.53,1216.27,55.0,2022-03-01,2026-12-31,2028-12-31,2026-04-01,6,0.0,0
PAIM-706860,Barauni-Bachwara [16 km] - 3rd & 4th line incl. Barauni yard remodelling [32 km] (East Central Railway [ECR] - I) (70686,Infrastructure & Highways,Ministry of Railways,706860,Bihar,1276.09,1276.09,619.28,48.5,2022-03-01,2027-12-31,2028-12-31,2026-04-01,0,0.0,0
PAIM-900874,JHAJHA - BATIA (East Central Railway [ECR] - I) (900874),Infrastructure & Highways,Ministry of Railways,900874,Bihar,3372.14,3372.14,2221.9,65.9,2024-03-01,2026-12-31,2029-12-31,2026-04-01,12,0.0,0
PAIM-400220,Kharsia-Dharamjaygarh with Spur line [East Corridor-Phase 1] (Indian Railway Construction International Limited [IRCON]),Infrastructure & Highways,Ministry of Railways,400220,Bihar,4318.81,4318.81,473.52,11.0,2021-03-01,2027-12-31,2027-12-31,2026-04-01,36,0.0,0
PAIM-400291,Doubling of Kirandul-Jagdalpur Line [150 km] (East Coast Railway [ECoR] - II) (400291),Infrastructure & Highways,Ministry of Railways,400291,Multi-State,3958.19,3958.19,1342.67,33.9,2021-03-01,2026-12-31,2028-12-31,2026-04-01,36,0.0,0
PAIM-602792,Kms - 2nd Material Modification to Raipur Titlagarh doubling. (SECR) (602792),Infrastructure & Highways,Ministry of Railways,602792,Multi-State,2416.64,2416.64,1272.58,52.7,2023-03-01,2026-12-31,2027-12-31,2026-04-01,0,0.0,0
PAIM-612815,4th line between Nipania Bhatapara 14.4 Km (South East Central Railway [SECR] - II) (612815),Infrastructure & Highways,Ministry of Railways,612815,Multi-State,1579.5,1579.5,1135.76,71.9,2023-03-01,2026-12-31,2028-12-31,2026-04-01,0,0.0,0
PAIM-617200,KHARSIA- NAYA RAIPUR-PARMALKASA 5th and 6th Line [278KM] (CAO/C/SECR) (617200),Infrastructure & Highways,Ministry of Railways,617200,Multi-State,3536.97,3536.97,1847.46,52.2,2024-03-01,2026-12-31,2027-12-31,2026-04-01,0,0.0,0
PAIM-617374,"Dallirajhara - Rowghat New Rail Line Project, Phase-I (Rail Vikas Nigam Limited) (617374)",Infrastructure & Highways,Ministry of Railways,617374,Multi-State,316.81,316.81,200.2,63.2,2021-03-01,2027-12-31,2027-12-31,2026-04-01,24,0.0,0
PAIM-705433,Dallirajhra- Rowghat New Railway Line - Phase I [95 km] (Rail Vikas Nigam Limited) (705433),Infrastructure & Highways,Ministry of Railways,705433,Multi-State,1736.85,1736.85,357.51,20.6,2023-03-01,2028-12-31,2027-12-31,2026-04-01,0,0.0,0
PAIM-705444,Gevra Road-Pendra Road New Railway Line [135 km] (Indian Railway Construction International Limited [IRCON]) (705444),Infrastructure & Highways,Ministry of Railways,705444,Multi-State,787.96,787.96,246.97,31.3,2024-03-01,2026-12-31,2028-12-31,2026-04-01,18,0.0,0
PAIM-706854,Boridand - Ambikapur Doubling Line Project (South East Central Railway [SECR] - II) (706854),Infrastructure & Highways,Ministry of Railways,706854,Multi-State,1659.49,1659.49,493.18,29.7,2021-03-01,2028-12-31,2028-12-31,2026-04-01,6,0.0,0
PAIM-709815,4TH LINE - BHATAPARA-HATHBAND [8.8 KM] [PB-72/NR/2022-23] (SECR) (709815),Infrastructure & Highways,Ministry of Railways,709815,Multi-State,1676.9,1676.9,1397.48,83.3,2021-03-01,2028-12-31,2028-12-31,2026-04-01,18,0.0,0
PAIM-709816,4TH LINE - BHILAI-BHILAI NAGAR [8.8 KM] [PB-72/NR/2022-23] (SECR) (709816),Infrastructure & Highways,Ministry of Railways,709816,Multi-State,3561.23,3561.23,1784.96,50.1,2021-03-01,2028-12-31,2029-12-31,2026-04-01,24,0.0,0
PAIM-709817,4TH LINE - DADHAPARA-BELHA [9.2 KM] [PB-72/NR/2022-23] (SECR) (709817),Infrastructure & Highways,Ministry of Railways,709817,Multi-State,1242.32,1242.32,598.98,48.2,2022-03-01,2028-12-31,2027-12-31,2026-04-01,6,0.0,0
PAIM-709818,4TH LINE RAJNANDGAON-DONGARHGARH [31.2 KM] [PB-72/NR/2022-23] (SECR) (709818),Infrastructure & Highways,Ministry of Railways,709818,Multi-State,1394.18,1394.18,439.17,31.5,2022-03-01,2027-12-31,2027-12-31,2026-04-01,0,0.0,0
PAIM-709819,3RD AND 4TH LINE - SARAGBUNDIA AND MADWARANI (SECR) (709819),Infrastructure & Highways,Ministry of Railways,709819,Delhi,4040.03,4040.03,3208.93,79.4,2023-03-01,2027-12-31,2028-12-31,2026-04-01,24,0.0,0
PAIM-613785,infrastructure (Rail Land Development Authority) (613785),Infrastructure & Highways,Ministry of Railways,613785,Delhi,2133.91,2133.91,1806.29,84.6,2023-03-01,2027-12-31,2028-12-31,2026-04-01,12,0.0,0
PAIM-617379,Development of New Bijwasan Railway Terminal (Northern Railways) (617379),Infrastructure & Highways,Ministry of Railways,617379,Delhi,2025.29,2025.29,613.56,30.3,2024-03-01,2028-12-31,2028-12-31,2026-04-01,18,0.0,0
PAIM-705583,Anand Vihar-Tilak Bridge 3rd & 4th line (CAO/C/NR) (705583),Infrastructure & Highways,Ministry of Railways,705583,Delhi,226.27,226.27,142.0,62.8,2022-03-01,2026-12-31,2028-12-31,2026-04-01,12,0.0,0
PAIM-611918,Kosamba Umarpada 70 Km (PCE/WR) (611918),Infrastructure & Highways,Ministry of Railways,611918,Gujarat,2445.53,2445.53,1995.73,81.6,2023-03-01,2028-12-31,2027-12-31,2026-04-01,24,0.0,0
PAIM-611943,New Broad Gauge line between Naliya to Jakhau Port (Western Railway [WR] - II) (611943),Infrastructure & Highways,Ministry of Railways,611943,Gujarat,1473.48,1473.48,869.87,59.0,2024-03-01,2027-12-31,2027-12-31,2026-04-01,12,0.0,0
PAIM-611945,Petlad Bhadran 23 Kms (Western Railway) (611945),Infrastructure & Highways,Ministry of Railways,611945,Gujarat,216.35,216.35,144.69,66.9,2024-03-01,2028-12-31,2029-12-31,2026-04-01,18,0.0,0
PAIM-611970,Samlaya Timba Road 54 km (PCE/WR) (611970),Infrastructure & Highways,Ministry of Railways,611970,Gujarat,4080.5,4080.5,1404.32,34.4,2024-03-01,2026-12-31,2027-12-31,2026-04-01,24,0.0,0
PAIM-611971,Samni Jambusar 24 km (PCE/WR) (611971),Infrastructure & Highways,Ministry of Railways,611971,Gujarat,3006.7,3006.7,2090.3,69.5,2021-03-01,2028-12-31,2027-12-31,2026-04-01,24,0.0,0
PAIM-611974,Western Railway Samakhiali Gandhidham Quadrupiling 53 Kms (Western Railway [WR] - II) (611974),Infrastructure & Highways,Ministry of Railways,611974,Gujarat,906.55,906.55,261.45,28.8,2023-03-01,2028-12-31,2028-12-31,2026-04-01,12,0.0,0
PAIM-611977,Manufacturing  at (PCE/WR) (611977),Infrastructure & Highways,Ministry of Railways,611977,Gujarat,2073.88,2073.88,815.08,39.3,2024-03-01,2026-12-31,2028-12-31,2026-04-01,36,0.0,0
PAIM-611978,Dahod Rolling Stock Workshop Provision of Infrastructure for CBS at (PCE/WR) (611978),Infrastructure & Highways,Ministry of Railways,611978,Gujarat,3369.29,3369.29,990.72,29.4,2022-03-01,2028-12-31,2027-12-31,2026-04-01,24,0.0,0
PAIM-611979,Sabarmati  Setting up of Maintenance Facilities for Train Sets Phase ii (Western Railway [WR] - II) (611979),Infrastructure & Highways,Ministry of Railways,611979,Gujarat,1571.7,1571.7,1173.28,74.7,2021-03-01,2027-12-31,2027-12-31,2026-04-01,18,0.0,0
PAIM-612072,4th LINE BETWEEN BAREJADI NANDEJ-SANAND-AHMEDABAD BYPASS (Western Railway WR - II) (612072),Infrastructure & Highways,Ministry of Railways,612072,Gujarat,2492.82,2492.82,577.81,23.2,2024-03-01,2026-12-31,2028-12-31,2026-04-01,6,0.0,0
PAIM-613786,"engineering, procurement and construction mode (Rail Land Development Authority) (613786)",Infrastructure & Highways,Ministry of Railways,613786,Gujarat,1156.65,1156.65,469.68,40.6,2023-03-01,2028-12-31,2028-12-31,2026-04-01,12,0.0,0
PAIM-10790,(Western Railway [WR] - II) (617880) (-) (10790),Infrastructure & Highways,Ministry of Railways,10790,Gujarat,1207.51,1207.51,476.95,39.5,2023-03-01,2028-12-31,2029-12-31,2026-04-01,6,0.0,0
PAIM-618972,Devbhumi Dwarka [Okha] - Kanalus Doubling (Western Railway [WR] - II) (618972),Infrastructure & Highways,Ministry of Railways,618972,Gujarat,789.69,789.69,379.83,48.1,2021-03-01,2028-12-31,2028-12-31,2026-04-01,6,0.0,0
PAIM-10792,(Western Railway [WR] - II) (618972) (-) (10792),Infrastructure & Highways,Ministry of Railways,10792,Gujarat,3116.28,3116.28,2599.88,83.4,2021-03-01,2027-12-31,2029-12-31,2026-04-01,6,0.0,0
PAIM-705458,Miyagam-Karjan-Dabhoi-Samlaya [GC] (Western Railway [WR] - II) (705458),Infrastructure & Highways,Ministry of Railways,705458,Gujarat,1138.47,1138.47,307.29,27.0,2023-03-01,2026-12-31,2027-12-31,2026-04-01,36,0.0,0
PAIM-706757,Modasa-Shamlaji Road Railway Line Project (Western Railway WR - II) (706757),Infrastructure & Highways,Ministry of Railways,706757,Gujarat,367.88,367.88,230.85,62.8,2023-03-01,2026-12-31,2027-12-31,2026-04-01,18,0.0,0
PAIM-706763,Rajkot - Kanalus Doubling Project [111.2 Kms] (Western Railway WR - II) (706763),Infrastructure & Highways,Ministry of Railways,706763,Gujarat,2697.06,2697.06,2209.73,81.9,2024-03-01,2026-12-31,2029-12-31,2026-04-01,12,0.0,0
PAIM-709812,NADIAD-PETLAD [37.26 KM] (Railway) (709812),Infrastructure & Highways,Ministry of Railways,709812,Gujarat,901.25,901.25,257.22,28.5,2024-03-01,2028-12-31,2028-12-31,2026-04-01,6,0.0,0
PAIM-709813,BOTAD-AHMEDABAD [16.51 KM] (Western Railway [WR] - II) (709813),Infrastructure & Highways,Ministry of Railways,709813,Gujarat,2646.78,2646.78,296.66,11.2,2023-03-01,2028-12-31,2029-12-31,2026-04-01,0,0.0,0
PAIM-611884,Bhiwani - Dobh Bahali Doubling Project [42.30 Km] (North Western Railway [NWR]) (611884),Infrastructure & Highways,Ministry of Railways,611884,Gujarat,3264.38,3264.38,2546.24,78.0,2021-03-01,2028-12-31,2027-12-31,2026-04-01,0,0.0,0
PAIM-617372,Doubling between Pradhankunta-Patherih-Bhojudih of East Central Railway (East Central Railway [ECR] - I) (617372),Infrastructure & Highways,Ministry of Railways,617372,Multi-State,3130.95,3130.95,570.19,18.2,2022-03-01,2028-12-31,2027-12-31,2026-04-01,12,0.0,0
PAIM-617832,Koderma-Arigada Doubling 133.38 Km of East Central Railway (East Central Railway [ECR] - I) (617832),Infrastructure & Highways,Ministry of Railways,617832,Multi-State,2019.48,2019.48,699.81,34.7,2023-03-01,2028-12-31,2028-12-31,2026-04-01,24,0.0,0
PAIM-10780,(East Central Railway [ECR] - I) (617832) (-) (10780),Infrastructure & Highways,Ministry of Railways,10780,Multi-State,654.87,654.87,128.9,19.7,2024-03-01,2026-12-31,2027-12-31,2026-04-01,6,0.0,0
PAIM-705765,Gomoh - Flyover for DN trains (East Central Railway [ECR] - I) (705765),Infrastructure & Highways,Ministry of Railways,705765,Multi-State,3926.84,3926.84,2981.74,75.9,2021-03-01,2028-12-31,2029-12-31,2026-04-01,12,0.0,0
PAIM-705785,Lodhma - Piska - Link Line bypassing Hatia/Ranchi with Y connection (South Eastern Railway [SER] - I) (705785),Infrastructure & Highways,Ministry of Railways,705785,Multi-State,1507.57,1507.57,662.06,43.9,2022-03-01,2028-12-31,2027-12-31,2026-04-01,36,0.0,0
PAIM-706837,Pradhan Kuntha Jn Line Doubling Project (East Central Railway [ECR] - I) (706837),Infrastructure & Highways,Ministry of Railways,706837,Multi-State,516.79,516.79,244.99,47.4,2024-03-01,2028-12-31,2027-12-31,2026-04-01,24,0.0,0
PAIM-400023,Construction of New BG line between Hassan to Belur [27 Km] (South Western Railway [SWR] - II) (400023),Infrastructure & Highways,Ministry of Railways,400023,Karnataka,4110.04,4110.04,452.85,11.0,2024-03-01,2026-12-31,2028-12-31,2026-04-01,0,0.0,0
PAIM-703585,Yeshvanthpur - Channasandra Doubling Project [21.70 Km] (Karnataka Rail Infrastructure Development Company Limited [K-RI,Infrastructure & Highways,Ministry of Railways,703585,Karnataka,3092.24,3092.24,885.24,28.6,2024-03-01,2026-12-31,2028-12-31,2026-04-01,18,0.0,0
PAIM-705434,New Railway Line between Ginigera and Raichur [165.57 km] (South Western Railway [SWR] - II) (705434),Infrastructure & Highways,Ministry of Railways,705434,Karnataka,3274.59,3274.59,725.16,22.1,2023-03-01,2027-12-31,2029-12-31,2026-04-01,0,0.0,0
PAIM-705490,Gadag-Wadi New Railway Line [257 km] (South Western Railway [SWR] - II) (705490),Infrastructure & Highways,Ministry of Railways,705490,Karnataka,2293.91,2293.91,947.72,41.3,2022-03-01,2028-12-31,2029-12-31,2026-04-01,36,0.0,0
PAIM-705492,Kadur - Chickamagalur - Sakleshpur [93km] (South Western Railway [SWR] - II) (705492),Infrastructure & Highways,Ministry of Railways,705492,Karnataka,1741.04,1741.04,330.45,19.0,2021-03-01,2028-12-31,2027-12-31,2026-04-01,0,0.0,0
PAIM-705495,Bagalkot-Kudachi New Railway Line [142 km] (South Western Railway [SWR] - II) (705495),Infrastructure & Highways,Ministry of Railways,705495,Karnataka,752.33,752.33,265.26,35.3,2023-03-01,2027-12-31,2029-12-31,2026-04-01,12,0.0,0
PAIM-705496,Tumkur-Chitradurga-Davangere New Rail Line Project [191 km] (South Western Railway [SWR] - II) (705496),Infrastructure & Highways,Ministry of Railways,705496,Karnataka,1468.1,1468.1,933.61,63.6,2024-03-01,2027-12-31,2028-12-31,2026-04-01,6,0.0,0
PAIM-705663,Bangalore-Whitefield-Bangalore City-Krishnarajapuram [23.08 km] - Quadrupling (South Western Railway [SWR] - II) (705663,Infrastructure & Highways,Ministry of Railways,705663,Karnataka,445.33,445.33,324.62,72.9,2023-03-01,2028-12-31,2027-12-31,2026-04-01,0,0.0,0
PAIM-705761,SHIMOGA - SHIKARIPURA - RANEBENNUR [96 Km] (South Western Railway [SWR] - II) (705761),Infrastructure & Highways,Ministry of Railways,705761,Karnataka,1935.3,1935.3,669.85,34.6,2021-03-01,2026-12-31,2027-12-31,2026-04-01,24,0.0,0
PAIM-705941,Bangalore Suburban Railway Project (Karnataka Rail Infrastructure Development Company Limited [K-RIDE]) (705941),Infrastructure & Highways,Ministry of Railways,705941,Karnataka,2769.7,2769.7,1899.99,68.6,2022-03-01,2028-12-31,2027-12-31,2026-04-01,6,0.0,0
PAIM-15767,(03/2030) 15767 (15767) 3224.09 19.95,Infrastructure & Highways,Ministry of Railways,15767,Karnataka,3224.09,19.95,2271.01,100.0,2024-03-01,2027-12-31,2028-12-31,2026-04-01,36,0.0,0
PAIM-706835,Belgaum-Dharwad via Kittur [73.10Km] (South Western Railway [SWR] - II) (706835),Infrastructure & Highways,Ministry of Railways,706835,Karnataka,3613.22,3613.22,380.53,10.5,2023-03-01,2027-12-31,2028-12-31,2026-04-01,0,0.0,0
PAIM-705638,Kumbalam-Turavur doubling project [15.59 Km] (Ministry of Railways) (705638),Infrastructure & Highways,Ministry of Railways,705638,Karnataka,2258.67,2258.67,281.88,12.5,2023-03-01,2026-12-31,2028-12-31,2026-04-01,24,0.0,0
PAIM-705639,Ernakulam-Kumbalam doubling project [7.71 Km] (SR-ERS) (705639),Infrastructure & Highways,Ministry of Railways,705639,Multi-State,850.62,850.62,245.46,28.9,2022-03-01,2028-12-31,2028-12-31,2026-04-01,24,0.0,0
PAIM-705480,"Lalitpur-Satna, Rewa-Singrauli & Mahoba-Khajuraho (North Central Railway) (705480)",Infrastructure & Highways,Ministry of Railways,705480,Madhya Pradesh,2562.22,2562.22,1107.68,43.2,2023-03-01,2028-12-31,2027-12-31,2026-04-01,6,0.0,0
PAIM-705659,Satna-Rewa Railway Line Doubling Project (West Central Railway [WCR] - II) (705659),Infrastructure & Highways,Ministry of Railways,705659,Madhya Pradesh,3292.66,3292.66,1898.39,57.7,2022-03-01,2027-12-31,2028-12-31,2026-04-01,36,0.0,0
PAIM-705660,Doubling of Katni - Singrauli Railway Line [261 km] (Indian Railway Construction International Limited [IRCON]) (705660),Infrastructure & Highways,Ministry of Railways,705660,Madhya Pradesh,2093.39,2093.39,1226.29,58.6,2022-03-01,2026-12-31,2027-12-31,2026-04-01,0,0.0,0
PAIM-705661,Katni Grade Separator/Bye Pass (Indian Railway Construction International Limited [IRCON]) (705661),Infrastructure & Highways,Ministry of Railways,705661,Madhya Pradesh,1373.65,1373.65,659.56,48.0,2023-03-01,2026-12-31,2027-12-31,2026-04-01,24,0.0,0
PAIM-705763,Indore - Budni New Railway Line [198 kms] (RVNL - II) (705763),Infrastructure & Highways,Ministry of Railways,705763,Madhya Pradesh,3607.8,3607.8,1787.2,49.5,2021-03-01,2027-12-31,2029-12-31,2026-04-01,12,0.0,0
PAIM-705933,Nimach-Ratlam Doubling [133 Km] (Western Railway [WR] - II) (705933),Infrastructure & Highways,Ministry of Railways,705933,Madhya Pradesh,3322.92,3322.92,408.5,12.3,2022-03-01,2028-12-31,2028-12-31,2026-04-01,12,0.0,0
PAIM-400019,DHULE [BORVIHIR] - NARDANA NEW LINE [50.60 KMS] (Central Railway) (400019),Infrastructure & Highways,Ministry of Railways,400019,Maharashtra,2137.39,2137.39,375.34,17.6,2021-03-01,2027-12-31,2029-12-31,2026-04-01,18,0.0,0
PAIM-400271,Wardha-Nanded Via Yavatmal New BG Line (Central Railway [CR] - II) (400271),Infrastructure & Highways,Ministry of Railways,400271,Maharashtra,318.51,318.51,173.57,54.5,2022-03-01,2028-12-31,2029-12-31,2026-04-01,0,0.0,0
PAIM-611751,AURANGABAD-ANKAI - DOUBLING PROJECT 98.25 Km (South Central Railway [SCR] - II) (611751),Infrastructure & Highways,Ministry of Railways,611751,Maharashtra,4165.84,4165.84,1086.27,26.1,2022-03-01,2028-12-31,2027-12-31,2026-04-01,36,0.0,0
PAIM-613015,associated infrastructure (Rail Land Development Authority) (613015),Infrastructure & Highways,Ministry of Railways,613015,Maharashtra,2715.28,2715.28,1896.68,69.9,2024-03-01,2027-12-31,2028-12-31,2026-04-01,18,0.0,0
PAIM-617201,Gondia-Balharshah [Chanda Fort] Doubling [240 Km] (South East Central Railway) (617201),Infrastructure & Highways,Ministry of Railways,617201,Maharashtra,205.0,205.0,164.79,80.4,2023-03-01,2026-12-31,2028-12-31,2026-04-01,18,0.0,0
PAIM-617215,Doubling between Parbhani  Parli Vaijanath stations  64.71 Km (South Central Railway [SCR] - II) (617215),Infrastructure & Highways,Ministry of Railways,617215,Maharashtra,2639.81,2639.81,1225.61,46.4,2023-03-01,2027-12-31,2029-12-31,2026-04-01,24,0.0,0
PAIM-617361,Babupeth - Sasti New Rail Line [13.114 KMs] (CentralRailway) (617361),Infrastructure & Highways,Ministry of Railways,617361,Maharashtra,374.95,374.95,202.06,53.9,2022-03-01,2026-12-31,2028-12-31,2026-04-01,36,0.0,0
PAIM-617364,Double Chord line Between Nilaje-Kopar (CentralRailway) (617364),Infrastructure & Highways,Ministry of Railways,617364,Maharashtra,2844.71,2844.71,803.05,28.2,2021-03-01,2027-12-31,2027-12-31,2026-04-01,0,0.0,0
PAIM-705356,km] (Central Railway [CR] - II) (705356),Infrastructure & Highways,Ministry of Railways,705356,Maharashtra,2979.29,2979.29,2371.07,79.6,2023-03-01,2028-12-31,2027-12-31,2026-04-01,18,0.0,0
PAIM-705357,Baramati Lonand New Line Project (Central Railway) (705357),Infrastructure & Highways,Ministry of Railways,705357,Maharashtra,4282.06,4282.06,1230.44,28.7,2022-03-01,2027-12-31,2029-12-31,2026-04-01,12,0.0,0
PAIM-705479,Wadsa-Gadchiroli (South East Central Railway) (705479),Infrastructure & Highways,Ministry of Railways,705479,Maharashtra,3557.21,3557.21,1158.32,32.6,2021-03-01,2026-12-31,2029-12-31,2026-04-01,12,0.0,0
PAIM-705498,3rd Line Kalyan - Kasara [67.35 Kilometres] (Central Railway) (705498),Infrastructure & Highways,Ministry of Railways,705498,Maharashtra,975.13,975.13,105.03,10.8,2024-03-01,2027-12-31,2027-12-31,2026-04-01,36,0.0,0
PAIM-705500,3rd Line Wardha - Sewagram - Nagpur (Central Railway [CR] - II) (705500),Infrastructure & Highways,Ministry of Railways,705500,Maharashtra,4320.87,4320.87,2247.96,52.0,2022-03-01,2027-12-31,2027-12-31,2026-04-01,12,0.0,0
PAIM-705502,3rd Line Wardha - Ballarshah [132 Kilometres] (Central Railway [CR] - II) (705502),Infrastructure & Highways,Ministry of Railways,705502,Maharashtra,3882.32,3882.32,2978.55,76.7,2023-03-01,2027-12-31,2028-12-31,2026-04-01,12,0.0,0
PAIM-705504,Doubling of Daund Manmad Line [247.6 km] (Central Railway) (705504),Infrastructure & Highways,Ministry of Railways,705504,Maharashtra,2544.76,2544.76,1501.08,59.0,2023-03-01,2026-12-31,2027-12-31,2026-04-01,36,0.0,0
PAIM-705505,4th Line Wardha - Nagpur [78.7 Kilometres] (Central Railway [CR] - II) (705505),Infrastructure & Highways,Ministry of Railways,705505,Maharashtra,2830.88,2830.88,2212.31,78.1,2024-03-01,2027-12-31,2029-12-31,2026-04-01,6,0.0,0
PAIM-705506,3rd Line Manmad - Jalgaon [160 Kilometres] (Central Railway [CR] - II) (705506),Infrastructure & Highways,Ministry of Railways,705506,Maharashtra,1629.86,1629.86,170.14,10.4,2022-03-01,2027-12-31,2029-12-31,2026-04-01,18,0.0,0
PAIM-705735,Solapur-tuljapur-Osmanabad (Central Railway) (705735),Infrastructure & Highways,Ministry of Railways,705735,Maharashtra,3586.47,3586.47,722.71,20.2,2024-03-01,2027-12-31,2028-12-31,2026-04-01,6,0.0,0
PAIM-705799,Nagpur- Nagbhir Railway Line Gauge Conversion Project (MRIDC) (705799),Infrastructure & Highways,Ministry of Railways,705799,Maharashtra,557.41,557.41,240.39,43.1,2023-03-01,2026-12-31,2027-12-31,2026-04-01,12,0.0,0
PAIM-706779,Mumbai Urban Transport Project [MUTP] - PHASE II (Mumbai Rail Vikas Corporation Ltd.[MRVC]) (706779),Infrastructure & Highways,Ministry of Railways,706779,Maharashtra,2869.73,2869.73,1048.37,36.5,2024-03-01,2027-12-31,2027-12-31,2026-04-01,24,0.0,0
PAIM-706780,Mumbai Urban Transport Project [MUTP]  Phase-IIIA (Mumbai Rail Vikas Corporation Ltd.[MRVC]) (706780),Infrastructure & Highways,Ministry of Railways,706780,Maharashtra,1839.54,1839.54,332.32,18.1,2023-03-01,2026-12-31,2028-12-31,2026-04-01,24,0.0,0
PAIM-33690,(12/2027) 33690 (33690) 3577.36 22,Infrastructure & Highways,Ministry of Railways,33690,Maharashtra,3577.36,3577.36,1982.26,55.4,2023-03-01,2028-12-31,2029-12-31,2026-04-01,6,0.0,0
PAIM-706781,Mumbai Urban Transport Project Phase-III (Mumbai Rail Vikas Corporation Ltd.[MRVC]) (706781),Infrastructure & Highways,Ministry of Railways,706781,Maharashtra,2409.34,2409.34,1175.23,48.8,2024-03-01,2026-12-31,2028-12-31,2026-04-01,0,0.0,0
PAIM-10947,(12/2026) 10947 (10947) 6609.95 75,Infrastructure & Highways,Ministry of Railways,10947,Maharashtra,6609.95,6609.95,2452.85,37.1,2021-03-01,2027-12-31,2029-12-31,2026-04-01,12,0.0,0
PAIM-705491,Marikuppam - Kuppam New Line Project [23.70 Km] (South Western Railway [SWR] - II) (705491),Infrastructure & Highways,Ministry of Railways,705491,Karnataka,3711.22,3711.22,1346.07,36.3,2022-03-01,2028-12-31,2029-12-31,2026-04-01,18,0.0,0
PAIM-705494,Rayadurg-Tumkur via Kalyandurg New Line [207 km] (South Western Railway [SWR] - II) (705494),Infrastructure & Highways,Ministry of Railways,705494,Karnataka,2928.6,2928.6,819.84,28.0,2024-03-01,2026-12-31,2028-12-31,2026-04-01,0,0.0,0
PAIM-705610,"Renigunta, Wadi & Gooty Bypass Railway Project (South Central Railway [SCR] - II) (705610)",Infrastructure & Highways,Ministry of Railways,705610,Karnataka,1923.33,1923.33,949.3,49.4,2024-03-01,2027-12-31,2027-12-31,2026-04-01,36,0.0,0
PAIM-617212,Doubling between Mudkhed  Medchal & Mahbubnagar  Dhone section 417.88 Km (South Central Railway [SCR] - II) (617212),Infrastructure & Highways,Ministry of Railways,617212,Maharashtra,255.51,255.51,113.27,44.3,2024-03-01,2028-12-31,2028-12-31,2026-04-01,12,0.0,0
PAIM-400253,Vizianagaram - Titlagarh 3rd line  [272 Km including By - pass line of 7.68 KM] (RVNL - II) (400253),Infrastructure & Highways,Ministry of Railways,400253,Maharashtra,4474.94,4474.94,2537.31,56.7,2023-03-01,2026-12-31,2028-12-31,2026-04-01,0,0.0,0
PAIM-705512,Doubling of Kottavalasa-Koraput Rail Line [189 KM] (East Coast Railway [ECoR] - II) (705512),Infrastructure & Highways,Ministry of Railways,705512,Odisha,3160.46,3160.46,1171.62,37.1,2023-03-01,2026-12-31,2027-12-31,2026-04-01,6,0.0,0
PAIM-400275,Tindivanam-Nagari New Line Project [184.5 km] (Ministry of Railways) (400275),Infrastructure & Highways,Ministry of Railways,400275,Odisha,2132.46,2132.46,685.77,32.2,2021-03-01,2027-12-31,2029-12-31,2026-04-01,36,0.0,0
PAIM-616857,Motumari - 10.877 Km (South Central Railway [SCR] - II) (616857),Infrastructure & Highways,Ministry of Railways,616857,Telangana,552.71,552.71,106.57,19.3,2023-03-01,2026-12-31,2029-12-31,2026-04-01,6,0.0,0
PAIM-617211,Doubling of Guntur Bibinagar 239 Km (South Central Railway [SCR] - II) (617211),Infrastructure & Highways,Ministry of Railways,617211,Telangana,3897.46,3897.46,2109.66,54.1,2024-03-01,2026-12-31,2028-12-31,2026-04-01,12,0.0,0
PAIM-617214,Rail Connectivity to Errupalem Amravati Namburu 57 Km (South Central Railway [SCR] - II) (617214),Infrastructure & Highways,Ministry of Railways,617214,Telangana,1306.92,1306.92,341.02,26.1,2023-03-01,2028-12-31,2027-12-31,2026-04-01,18,0.0,0
PAIM-705612,Kazipet-Vijayawada 3rd line with electrification [220 km] (South Central Railway [SCR] - II) (705612),Infrastructure & Highways,Ministry of Railways,705612,Telangana,440.92,440.92,266.85,60.5,2024-03-01,2026-12-31,2029-12-31,2026-04-01,18,0.0,0
PAIM-705632,Vijayawada - Kazipet Byepass line (South Central Railway [SCR] - II) (705632),Infrastructure & Highways,Ministry of Railways,705632,Telangana,579.44,579.44,378.37,65.3,2022-03-01,2028-12-31,2028-12-31,2026-04-01,24,0.0,0
PAIM-705794,New Delhi- Howrah Speed Booster[160Kmph] Project (PCE/NCR) (705794),Infrastructure & Highways,Ministry of Railways,705794,Bihar,4372.14,4372.14,2497.2,57.1,2021-03-01,2028-12-31,2027-12-31,2026-04-01,0,0.0,0
PAIM-616699,Multi tracking of Son Nagar-Andal 374.53 rkm & 814.38 tkm (East Central Railway [ECR] - I) (616699),Infrastructure & Highways,Ministry of Railways,616699,Bihar,2474.92,2474.92,1230.02,49.7,2023-03-01,2027-12-31,2027-12-31,2026-04-01,0,0.0,0
PAIM-705375,Koderma-Tilaiya New Line (East Central Railway [ECR] - I) (705375),Infrastructure & Highways,Ministry of Railways,705375,Bihar,3817.34,3817.34,1516.67,39.7,2021-03-01,2027-12-31,2027-12-31,2026-04-01,6,0.0,0
PAIM-705385,Pirpainti - Jasidih [100.52 Km] New BG line (Eastern Railway [ER] - I) (705385),Infrastructure & Highways,Ministry of Railways,705385,Bihar,2368.94,2368.94,1164.2,49.1,2024-03-01,2026-12-31,2029-12-31,2026-04-01,12,0.0,0
PAIM-611669,Gramin & Burhwal Jn [Excl]  Sitapur Jn section of high density routes (North Eastern Railway [NER]) (611669),Infrastructure & Highways,Ministry of Railways,611669,Bihar,4087.82,4087.82,1398.44,34.2,2022-03-01,2028-12-31,2028-12-31,2026-04-01,36,0.0,0
PAIM-617224,Gorakhpur-Valmikinagar Doubling project (NER) (617224),Infrastructure & Highways,Ministry of Railways,617224,Bihar,3834.62,3834.62,814.26,21.2,2022-03-01,2027-12-31,2027-12-31,2026-04-01,36,0.0,0
PAIM-705562,Chhapra-Ballia Patch Doubling (North Eastern Railway [NER]) (705562),Infrastructure & Highways,Ministry of Railways,705562,Bihar,2466.7,2466.7,504.49,20.5,2021-03-01,2026-12-31,2027-12-31,2026-04-01,12,0.0,0
PAIM-617245,Katihar Kumedpur & Katihar Mukuria BG Doubling Project (Northeast Frontier Railway [NFR]) (617245),Infrastructure & Highways,Ministry of Railways,617245,Bihar,2144.98,2144.98,949.89,44.3,2023-03-01,2026-12-31,2028-12-31,2026-04-01,24,0.0,0
PAIM-618978,Gondia - Dongargarh 4th line [84 Km] (South Eastern Central Railway) (618978),Infrastructure & Highways,Ministry of Railways,618978,Maharashtra,3302.87,3302.87,1176.25,35.6,2022-03-01,2027-12-31,2027-12-31,2026-04-01,6,0.0,0
PAIM-10723,(South Eastern Central Railway) (618978) (-) (10723),Infrastructure & Highways,Ministry of Railways,10723,Maharashtra,347.63,347.63,179.64,51.7,2024-03-01,2027-12-31,2027-12-31,2026-04-01,0,0.0,0
PAIM-705617,Rajnandgaon - Nagpur [Kalumna] Third Railway Line [228.30 km] (South East Central Railway [SECR] - II) (705617),Infrastructure & Highways,Ministry of Railways,705617,Maharashtra,2941.82,2941.82,1144.63,38.9,2021-03-01,2027-12-31,2029-12-31,2026-04-01,0,0.0,0
PAIM-617390,Sardega -Bhalumuda New Double line [37.24 Km] (SECR) (617390),Infrastructure & Highways,Ministry of Railways,617390,Maharashtra,782.49,782.49,82.55,10.5,2021-03-01,2027-12-31,2028-12-31,2026-04-01,0,0.0,0
PAIM-705511,Jagdalpur-Koraput (East Coast Railway [ECoR] - II) (705511),Infrastructure & Highways,Ministry of Railways,705511,Odisha,2833.28,2833.28,2096.37,74.0,2023-03-01,2027-12-31,2029-12-31,2026-04-01,12,0.0,0
PAIM-705616,Jharsuguda-Bilaspur Fourth Railway Line [206 km] (SECR) (705616),Infrastructure & Highways,Ministry of Railways,705616,Odisha,3394.15,3394.15,2211.26,65.1,2022-03-01,2027-12-31,2029-12-31,2026-04-01,18,0.0,0
PAIM-705728,Mumbai-Ahmedabad High Speed Rail Project- 508 km (National High Speed Rail Corporation [NHSRC]) (705728),Infrastructure & Highways,Ministry of Railways,705728,Maharashtra,2602.6,2602.6,1704.51,65.5,2022-03-01,2028-12-31,2028-12-31,2026-04-01,6,0.0,0
PAIM-108000,(12/2029) 108000 (108000) 90501.89 59.86,Infrastructure & Highways,Ministry of Railways,108000,Maharashtra,90501.89,59.86,67524.27,100.0,2021-03-01,2027-12-31,2027-12-31,2026-04-01,24,0.0,0
PAIM-705793,Vadodara-Ahmedabad (PCE/WR) (705793),Infrastructure & Highways,Ministry of Railways,705793,Maharashtra,3238.41,3238.41,817.57,25.2,2023-03-01,2027-12-31,2029-12-31,2026-04-01,36,0.0,0
PAIM-705650,Hospet - Tinaighat - Vasco Rail Doubling Project (RVNL - II) (705650),Infrastructure & Highways,Ministry of Railways,705650,Maharashtra,2035.97,2035.97,794.02,39.0,2021-03-01,2026-12-31,2027-12-31,2026-04-01,24,0.0,0
PAIM-706950,Hospet-Hubli-Vasco da Gama Line Electrification Project (RVNL) (706950),Infrastructure & Highways,Ministry of Railways,706950,Karnataka,849.0,849.0,475.77,56.0,2021-03-01,2027-12-31,2028-12-31,2026-04-01,12,0.0,0
PAIM-705237,Western Dedicated Freight Corridor (DFCCIL) (705237),Infrastructure & Highways,Ministry of Railways,705237,Maharashtra,2393.86,2393.86,1354.33,56.6,2024-03-01,2026-12-31,2028-12-31,2026-04-01,36,0.0,0
PAIM-124005,(12/2025) 51101 (124005) 124623 96,Infrastructure & Highways,Ministry of Railways,124005,Maharashtra,760.44,760.44,230.12,30.3,2022-03-01,2026-12-31,2027-12-31,2026-04-01,12,0.0,0
PAIM-705453,"New line Dahod-Indore via Sardarpur, Jabuwa and Dhar (Western Railway [WR] - II) (705453)",Infrastructure & Highways,Ministry of Railways,705453,Gujarat,2248.44,2248.44,368.46,16.4,2021-03-01,2027-12-31,2029-12-31,2026-04-01,6,0.0,0
PAIM-705454,Chhota Udaipur - Dhar New Line Project [157 km] (Western Railway [WR] - II) (705454),Infrastructure & Highways,Ministry of Railways,705454,Gujarat,1252.96,1252.96,559.77,44.7,2023-03-01,2027-12-31,2027-12-31,2026-04-01,12,0.0,0
PAIM-611452,SYSTEM 500 RKM (Western Railway) (611452),Infrastructure & Highways,Ministry of Railways,611452,Maharashtra,1202.65,1202.65,978.51,81.4,2022-03-01,2027-12-31,2027-12-31,2026-04-01,6,0.0,0
PAIM-400022,Taranga Hill-Abu Road via Ambaji (North Western Railway [NWR]) (400022),Infrastructure & Highways,Ministry of Railways,400022,Maharashtra,3960.37,3960.37,1018.92,25.7,2021-03-01,2027-12-31,2028-12-31,2026-04-01,0,0.0,0
PAIM-616842,LUNI- SAMDARI- BHILDI DOUBLING (North Western Railway [NWR]) (616842),Infrastructure & Highways,Ministry of Railways,616842,Gujarat,2807.51,2807.51,2163.55,77.1,2023-03-01,2028-12-31,2028-12-31,2026-04-01,6,0.0,0
PAIM-705424,Chandigarh-Baddi New Rail Line- 36 km (Northen Railway [NR]) (705424),Infrastructure & Highways,Ministry of Railways,705424,Gujarat,693.21,693.21,344.3,49.7,2023-03-01,2027-12-31,2028-12-31,2026-04-01,6,0.0,0
PAIM-611861,Rewari - Kathuwas Doubling Project [27.72 Km] (North Western Railway [NWR]) (611861),Infrastructure & Highways,Ministry of Railways,611861,Rajasthan,3711.64,3711.64,602.7,16.2,2022-03-01,2028-12-31,2029-12-31,2026-04-01,6,0.0,0
PAIM-705410,Mukerian-Talwara [29 KM] (Northen Railway [NR]) (705410),Infrastructure & Highways,Ministry of Railways,705410,Rajasthan,3968.14,3968.14,2726.81,68.7,2021-03-01,2028-12-31,2029-12-31,2026-04-01,0,0.0,0
PAIM-705428,Bhanupalli-Bilaspur-Beri New Railway Line Project (RVNL - II) (705428),Infrastructure & Highways,Ministry of Railways,705428,Punjab,1270.84,1270.84,504.04,39.7,2022-03-01,2027-12-31,2028-12-31,2026-04-01,0,0.0,0
PAIM-13447,(12/2027) 13447 (13447) 7558.16 63,Infrastructure & Highways,Ministry of Railways,13447,Odisha,7558.16,7558.16,2579.94,34.1,2021-03-01,2028-12-31,2029-12-31,2026-04-01,18,0.0,0
PAIM-705628,Doubling of Hatia [Ranchi]-Bondamunda Rail Line - 159 km (South Eastern Railway - JH) (705628),Infrastructure & Highways,Ministry of Railways,705628,Odisha,2677.54,2677.54,1415.66,52.9,2024-03-01,2026-12-31,2028-12-31,2026-04-01,12,0.0,0
PAIM-616588,Buramara-Chakulia new line [59.96 km] (South Eastern Railway [SER] - I) (616588),Infrastructure & Highways,Ministry of Railways,616588,Odisha,2217.46,2217.46,1380.72,62.3,2023-03-01,2027-12-31,2028-12-31,2026-04-01,24,0.0,0
PAIM-616227,Chandil - Anara - Damodar - 3rd line [121.26 km] (CAO/C/SER) (616227),Infrastructure & Highways,Ministry of Railways,616227,Odisha,2317.33,2317.33,893.58,38.6,2022-03-01,2027-12-31,2028-12-31,2026-04-01,24,0.0,0
PAIM-705668,KHARAGPUR-ADITYAPUR THIRD RAIL LINE- 132 KM (RVNL - I) (705668),Infrastructure & Highways,Ministry of Railways,705668,Karnataka,1319.34,1319.34,394.67,29.9,2023-03-01,2026-12-31,2027-12-31,2026-04-01,6,0.0,0
PAIM-703586,Baiyyappanahalli - Hosur Doubling Project [48 km] (Karnataka Rail Infrastructure Development Company Limited [K-RIDE]) (,Infrastructure & Highways,Ministry of Railways,703586,Karnataka,3385.37,3385.37,2797.75,82.6,2021-03-01,2028-12-31,2028-12-31,2026-04-01,24,0.0,0
PAIM-705635,Trivandrum- Kanyakumari (Southern Railway [SR] - I) (705635),Infrastructure & Highways,Ministry of Railways,705635,Karnataka,4427.95,4427.95,739.26,16.7,2022-03-01,2028-12-31,2027-12-31,2026-04-01,0,0.0,0
PAIM-705457,Ratlam-Mhow-Khandwa-Akola Gauge Conversion (Western Railway [WR] - II) (705457),Infrastructure & Highways,Ministry of Railways,705457,Maharashtra,4498.65,4498.65,3220.11,71.6,2023-03-01,2027-12-31,2028-12-31,2026-04-01,36,0.0,0
PAIM-705507,Itarsi - Nagpur Third Railway Line [280 km] (Central Railway [CR] - II) (705507),Infrastructure & Highways,Ministry of Railways,705507,Maharashtra,3343.22,3343.22,1477.95,44.2,2022-03-01,2028-12-31,2027-12-31,2026-04-01,24,0.0,0
PAIM-617406,RATLAM- DUNGARPUR VIA BANSWARA NEW LINE PROJECT (North Western Railway [NWR]) (617406),Infrastructure & Highways,Ministry of Railways,617406,Maharashtra,1474.32,1474.32,1181.56,80.1,2023-03-01,2027-12-31,2027-12-31,2026-04-01,36,0.0,0
PAIM-705419,Gwalior - Seopurkala with extension to Kota [Gauge Conversion] (North Central Railway) (705419),Infrastructure & Highways,Ministry of Railways,705419,Rajasthan,2168.68,2168.68,1059.89,48.9,2023-03-01,2028-12-31,2028-12-31,2026-04-01,18,0.0,0
PAIM-705481,Ramganjmandi-Bhopal New Line Project [276.50 km] (West Central Railway [WCR] - II) (705481),Infrastructure & Highways,Ministry of Railways,705481,Rajasthan,2082.96,2082.96,319.71,15.3,2022-03-01,2026-12-31,2027-12-31,2026-04-01,6,0.0,0
PAIM-705764,Nimach-Badi Sadri  New Rail Line Project (Western Railway [WR] - II) (705764),Infrastructure & Highways,Ministry of Railways,705764,Rajasthan,1996.32,1996.32,823.39,41.2,2023-03-01,2026-12-31,2028-12-31,2026-04-01,18,0.0,0
PAIM-705667,Mathura-Jhansi Third Railway Line [274 Km] (RVNL - II) (705667),Infrastructure & Highways,Ministry of Railways,705667,Rajasthan,3581.04,3581.04,1994.83,55.7,2024-03-01,2026-12-31,2029-12-31,2026-04-01,24,0.0,0
PAIM-705598,Jhansi - Bina Third Railway Line [153 Km] (CAO/C/NCR) (705598),Infrastructure & Highways,Ministry of Railways,705598,Uttar Pradesh,3814.41,3814.41,1185.85,31.1,2024-03-01,2027-12-31,2027-12-31,2026-04-01,24,0.0,0
PAIM-705608,Jhansi-Khairar-Manikpur & Khirar-Bhimsen (North Central Railway) (705608),Infrastructure & Highways,Ministry of Railways,705608,Uttar Pradesh,1413.09,1413.09,595.57,42.1,2021-03-01,2027-12-31,2027-12-31,2026-04-01,36,0.0,0
PAIM-705613,Third Line [new] between Kazipet - Balharshah  with electrification [201.04 Km] (South Central Railway [SCR] - II) (7056,Infrastructure & Highways,Ministry of Railways,705613,Maharashtra,2533.07,2533.07,1033.82,40.8,2024-03-01,2026-12-31,2028-12-31,2026-04-01,36,0.0,0
PAIM-705629,Narayangarh-Bhadrak 3rd line (South Eastern Railway [SER] - I) (705629),Infrastructure & Highways,Ministry of Railways,705629,Maharashtra,534.76,534.76,323.59,60.5,2024-03-01,2028-12-31,2028-12-31,2026-04-01,0,0.0,0
PAIM-400223,Nagapattinam-Tiruturaipundi and Karaikal-Peralam New Line (Ministry of Railways) (400223),Infrastructure & Highways,Ministry of Railways,400223,Odisha,574.13,574.13,150.14,26.2,2021-03-01,2026-12-31,2029-12-31,2026-04-01,18,0.0,0
PAIM-602797,"Sainthia, Sitarampur, Mughalsarai, Allahabad & Etawah - Bypass Line Project (Eastern Railway [ER] - I) (602797)",Infrastructure & Highways,Ministry of Railways,602797,Multi-State,2590.51,2590.51,1422.91,54.9,2022-03-01,2028-12-31,2028-12-31,2026-04-01,24,0.0,0
PAIM-400006,Barpali. (South Eastern Railway [SER] - I) (400006),Infrastructure & Highways,Ministry of Railways,400006,Odisha,2521.57,2521.57,597.87,23.7,2021-03-01,2028-12-31,2027-12-31,2026-04-01,0,0.0,0
PAIM-400045,Under Deposit Scheme. (East Coast Railway [ECoR] - II) (400045),Infrastructure & Highways,Ministry of Railways,400045,Odisha,890.98,890.98,228.97,25.7,2021-03-01,2027-12-31,2027-12-31,2026-04-01,36,0.0,0
PAIM-400047,exchange yard and NTPC Block Cabin. (East Coast Railway [ECoR] - II) (400047),Infrastructure & Highways,Ministry of Railways,400047,Odisha,2529.73,2529.73,1600.55,63.3,2022-03-01,2027-12-31,2028-12-31,2026-04-01,0,0.0,0
PAIM-400048,Doubling of lines connecting the loading spurs in Talcher Yard. (East Coast Railway [ECoR] - II) (400048),Infrastructure & Highways,Ministry of Railways,400048,Odisha,584.5,584.5,282.49,48.3,2022-03-01,2027-12-31,2028-12-31,2026-04-01,36,0.0,0
PAIM-400232,Brundamal-Jharsuguda- flyover connection for joining downline (East Coast Railway [ECoR] - II) (400232),Infrastructure & Highways,Ministry of Railways,400232,Odisha,284.15,284.15,108.49,38.2,2023-03-01,2027-12-31,2029-12-31,2026-04-01,6,0.0,0
PAIM-612834,3rd & 4th line between Sarla - Sason [8 km] [PB 73/2023-24/NR] (East Coast Railway [ECoR] - II) (612834),Infrastructure & Highways,Ministry of Railways,612834,Odisha,829.3,829.3,151.44,18.3,2021-03-01,2028-12-31,2028-12-31,2026-04-01,24,0.0,0
PAIM-616586,Bangriposi-Gorumahisani new line [ 85.60 km ] (CAO/C/SER) (616586),Infrastructure & Highways,Ministry of Railways,616586,Odisha,1933.5,1933.5,850.3,44.0,2023-03-01,2026-12-31,2028-12-31,2026-04-01,12,0.0,0
PAIM-616587,Badampahar-Kendujhargarh new line [82.06 km] (CAO/C/SER) (616587),Infrastructure & Highways,Ministry of Railways,616587,Odisha,2779.38,2779.38,1908.72,68.7,2022-03-01,2027-12-31,2029-12-31,2026-04-01,6,0.0,0
PAIM-616694,Flyover between Siju and Paradeep coaching Yard to avoid Surface crossing of trains (East Coast Railway [ECoR] - II) (61,Infrastructure & Highways,Ministry of Railways,616694,Odisha,2696.68,2696.68,1345.12,49.9,2023-03-01,2028-12-31,2029-12-31,2026-04-01,6,0.0,0
PAIM-616695,Paradeep - Badabandha 3rd & 4th Line / 18.51kms (East Coast Railway [ECoR] - II) (616695),Infrastructure & Highways,Ministry of Railways,616695,Odisha,666.84,666.84,109.33,16.4,2023-03-01,2026-12-31,2028-12-31,2026-04-01,6,0.0,0
PAIM-618995,New Line between Junagarh - Nabarangpur [116.21 Km] (Indian Railway) (618995),Infrastructure & Highways,Ministry of Railways,618995,Odisha,2966.8,2966.8,2146.5,72.4,2024-03-01,2028-12-31,2029-12-31,2026-04-01,6,0.0,0
PAIM-10798,(Indian Railway) (618995) (-) (10798),Infrastructure & Highways,Ministry of Railways,10798,Odisha,1432.27,1432.27,1089.87,76.1,2024-03-01,2026-12-31,2029-12-31,2026-04-01,0,0.0,0
PAIM-705358,Khurda-Bolangir New Broad Gauge Rail Link [301km] (East Coast Railway [ECoR] - II) (705358),Infrastructure & Highways,Ministry of Railways,705358,Odisha,2540.6,2540.6,2106.52,82.9,2021-03-01,2026-12-31,2029-12-31,2026-04-01,24,0.0,0
PAIM-705359,Talcher-Bimlagarh New Railway Line (East Coast Railway [ECoR] - II) (705359),Infrastructure & Highways,Ministry of Railways,705359,Odisha,3420.9,3420.9,1874.18,54.8,2023-03-01,2028-12-31,2029-12-31,2026-04-01,12,0.0,0
PAIM-705510,Bhadrak-Nergundi Third Line (East Coast Railway [ECoR] - II) (705510),Infrastructure & Highways,Ministry of Railways,705510,Odisha,1017.75,1017.75,833.49,81.9,2023-03-01,2027-12-31,2028-12-31,2026-04-01,18,0.0,0
PAIM-705513,Koraput - Singapur Railway Doubling (East Coast Railway [ECoR] - II) (705513),Infrastructure & Highways,Ministry of Railways,705513,Odisha,1831.57,1831.57,731.56,39.9,2023-03-01,2027-12-31,2028-12-31,2026-04-01,0,0.0,0
PAIM-705514,Jarapada- Budhapank with flyover at Talcher road 3rd and 4th Line (East Coast Railway [ECoR] - II) (705514),Infrastructure & Highways,Ministry of Railways,705514,Odisha,1900.28,1900.28,1440.48,75.8,2023-03-01,2026-12-31,2027-12-31,2026-04-01,6,0.0,0
PAIM-705515,3rd & 4th Railway Line Project from Salegaon to Budhapank via Rajathgarh. (East Coast Railway [ECoR] - II) (705515),Infrastructure & Highways,Ministry of Railways,705515,Odisha,691.46,691.46,163.55,23.7,2023-03-01,2028-12-31,2027-12-31,2026-04-01,0,0.0,0
PAIM-705741,Jeypore-Navarangpur New  Rail Line Project (East Coast Railway [ECoR] - II) (705741),Infrastructure & Highways,Ministry of Railways,705741,Odisha,1348.42,1348.42,616.57,45.7,2023-03-01,2028-12-31,2027-12-31,2026-04-01,0,0.0,0
PAIM-705742,Jeypore-Malkanagiri New Railway Line Project (East Coast Railway [ECoR] - II) (705742),Infrastructure & Highways,Ministry of Railways,705742,Odisha,1283.65,1283.65,848.88,66.1,2021-03-01,2027-12-31,2028-12-31,2026-04-01,24,0.0,0
PAIM-706898,Khurda Road - Balangir Electrification of Railway Track Project (Ministry of Railways) (706898),Infrastructure & Highways,Ministry of Railways,706898,Odisha,4083.04,4083.04,1615.92,39.6,2023-03-01,2026-12-31,2029-12-31,2026-04-01,18,0.0,0
PAIM-709811,GANDHAMARDAN IRON ORE MINES TO GOALDIH STATION/12.76kms (East Coast Railway [ECoR] - II) (709811),Infrastructure & Highways,Ministry of Railways,709811,Odisha,3188.22,3188.22,2498.03,78.4,2022-03-01,2028-12-31,2027-12-31,2026-04-01,36,0.0,0
PAIM-705362,"Jaynagar-Bijalpura, incl. extn. Bet, Bijalpura-Bardibas [Nepal] (East Central Railway [ECR] - I) (705362)",Infrastructure & Highways,Ministry of Railways,705362,Odisha,3487.71,3487.71,732.25,21.0,2024-03-01,2026-12-31,2027-12-31,2026-04-01,12,0.0,0
PAIM-705298,North Region Video Surveillance Project (RCIL) (705298),Infrastructure & Highways,Ministry of Railways,705298,Punjab,2775.63,2775.63,1655.12,59.6,2024-03-01,2026-12-31,2027-12-31,2026-04-01,0,0.0,0
PAIM-705783,Ludhiana- Killa Raipur Railway  Doubling Project (Railway) (705783),Infrastructure & Highways,Ministry of Railways,705783,Punjab,916.63,916.63,541.8,59.1,2024-03-01,2027-12-31,2027-12-31,2026-04-01,0,0.0,0
PAIM-611855,Gauge Conversion [152 Km] (North Western Railway [NWR]) (611855),Infrastructure & Highways,Ministry of Railways,611855,Rajasthan,3539.81,3539.81,2172.85,61.4,2023-03-01,2027-12-31,2027-12-31,2026-04-01,12,0.0,0
PAIM-611929,under WTA 527 (WPO/Patna) (611929),Infrastructure & Highways,Ministry of Railways,611929,Rajasthan,1677.9,1677.9,968.8,57.7,2024-03-01,2028-12-31,2027-12-31,2026-04-01,0,0.0,0
PAIM-616841,PUSHKAR- MERTA CITY NEW LINE (North Western Railway [NWR]) (616841),Infrastructure & Highways,Ministry of Railways,616841,Rajasthan,2851.21,2851.21,558.32,19.6,2024-03-01,2026-12-31,2029-12-31,2026-04-01,24,0.0,0
PAIM-616843,AJMER- CHANDERIYA DOUBLING (North Western Railway [NWR]) (616843),Infrastructure & Highways,Ministry of Railways,616843,Rajasthan,1573.0,1573.0,327.65,20.8,2022-03-01,2028-12-31,2027-12-31,2026-04-01,6,0.0,0
PAIM-617403,SADULPUR - CHURU  DOUBLING PROJECT (North Western Railway [NWR]) (617403),Infrastructure & Highways,Ministry of Railways,617403,Rajasthan,1004.17,1004.17,343.0,34.2,2024-03-01,2026-12-31,2028-12-31,2026-04-01,18,0.0,0
PAIM-617404,POKHRAN - RAMDEVRA New Line (North Western Railway [NWR]) (617404),Infrastructure & Highways,Ministry of Railways,617404,Rajasthan,3705.61,3705.61,3045.64,82.2,2021-03-01,2027-12-31,2029-12-31,2026-04-01,6,0.0,0
PAIM-617408,NATHDWARA- NATHDWARA TOWN NL (North Western Railway [NWR]) (617408),Infrastructure & Highways,Ministry of Railways,617408,Rajasthan,259.3,259.3,217.57,83.9,2021-03-01,2027-12-31,2027-12-31,2026-04-01,0,0.0,0
PAIM-705482,Dholpur - Sirmuttra Gauge Conversion (North Central Railway) (705482),Infrastructure & Highways,Ministry of Railways,705482,Rajasthan,585.77,585.77,292.13,49.9,2021-03-01,2027-12-31,2028-12-31,2026-04-01,0,0.0,0
PAIM-705752,Gudha-Thatha Mithri Construction of Railway Track Project (North Western Railway [NWR]) (705752),Infrastructure & Highways,Ministry of Railways,705752,Rajasthan,805.5,805.5,630.11,78.2,2023-03-01,2028-12-31,2028-12-31,2026-04-01,0,0.0,0
PAIM-705912,Sawai Madhopur-Jaipur Railway Line Project (North Western Railway [NWR]) (705912),Infrastructure & Highways,Ministry of Railways,705912,Rajasthan,1964.15,1964.15,472.67,24.1,2021-03-01,2028-12-31,2027-12-31,2026-04-01,24,0.0,0
PAIM-705919,Agra Fort-Bandikui Doubling Line Project (CAO/C/NCR) (705919),Infrastructure & Highways,Ministry of Railways,705919,Rajasthan,3714.03,3714.03,1664.28,44.8,2024-03-01,2027-12-31,2027-12-31,2026-04-01,12,0.0,0
PAIM-706866,Sawaimadhopur Bye Pass Line Project (North Western Railway [NWR]) (706866),Infrastructure & Highways,Ministry of Railways,706866,Rajasthan,4187.26,4187.26,887.42,21.2,2023-03-01,2026-12-31,2028-12-31,2026-04-01,18,0.0,0
PAIM-400280,Phase II extension of MRTS from Velachery to St Thomas Mount (Ministry of Railways) (400280),Infrastructure & Highways,Ministry of Railways,400280,Tamil Nadu,2869.79,2869.79,503.01,17.5,2023-03-01,2028-12-31,2027-12-31,2026-04-01,18,0.0,0
PAIM-613002,Redevelopment of Chennai Egmore Station (Ministry of Railways) (613002),Infrastructure & Highways,Ministry of Railways,613002,Tamil Nadu,2644.41,2644.41,648.25,24.5,2023-03-01,2026-12-31,2027-12-31,2026-04-01,36,0.0,0
PAIM-705244,Coach Production Factory Upgradation Project (CPM/ICF) (705244),Infrastructure & Highways,Ministry of Railways,705244,Tamil Nadu,3708.29,3708.29,1875.29,50.6,2024-03-01,2027-12-31,2029-12-31,2026-04-01,0,0.0,0
PAIM-616856,Doubling between Bhadrachalam Road and Dornakal (South Central Railway [SCR] - II) (616856),Infrastructure & Highways,Ministry of Railways,616856,Tamil Nadu,2131.51,2131.51,238.21,11.2,2021-03-01,2027-12-31,2027-12-31,2026-04-01,12,0.0,0
PAIM-617409,Railway Manufacturing Unit (RVNL - II) (617409),Infrastructure & Highways,Ministry of Railways,617409,Telangana,754.88,754.88,136.08,18.0,2024-03-01,2028-12-31,2027-12-31,2026-04-01,12,0.0,0
PAIM-705252,Kazipet Wagon Overhauling Project (RVNL) (705252),Infrastructure & Highways,Ministry of Railways,705252,Telangana,2733.04,2733.04,1710.11,62.6,2024-03-01,2026-12-31,2028-12-31,2026-04-01,36,0.0,0
PAIM-705437,Manoharabad-Kothapalli New Rail Line [151 km] (South Central Railway [SCR] - II) (705437),Infrastructure & Highways,Ministry of Railways,705437,Telangana,2406.04,2406.04,1354.48,56.3,2022-03-01,2026-12-31,2029-12-31,2026-04-01,12,0.0,0
PAIM-400204,Bahraich-Shravasti-Balrampur-Siddharthnagar -Santkabir nagar (North Eastern Railway [NER]) (400204),Infrastructure & Highways,Ministry of Railways,400204,Uttar Pradesh,2469.75,2469.75,1491.7,60.4,2024-03-01,2028-12-31,2027-12-31,2026-04-01,0,0.0,0
PAIM-400205,Sahjanwa-Dohrighat (North Eastern Railway [NER]) (400205),Infrastructure & Highways,Ministry of Railways,400205,Uttar Pradesh,4210.73,4210.73,1201.97,28.5,2022-03-01,2028-12-31,2027-12-31,2026-04-01,18,0.0,0
PAIM-617213,Rail-cum-Road Bridge across Ganga River. (Northern Railways) (617213),Infrastructure & Highways,Ministry of Railways,617213,Uttar Pradesh,3385.94,3385.94,2388.6,70.5,2024-03-01,2027-12-31,2028-12-31,2026-04-01,12,0.0,0
PAIM-617252,Anandnagar - Ghugli via Maharajganj New line 52.7 km (Construction NER) (617252),Infrastructure & Highways,Ministry of Railways,617252,Uttar Pradesh,2592.17,2592.17,2063.55,79.6,2024-03-01,2028-12-31,2028-12-31,2026-04-01,18,0.0,0
PAIM-617284,Chunar-Chopan doubling project (North Central Railway) (617284),Infrastructure & Highways,Ministry of Railways,617284,Uttar Pradesh,4465.45,4465.45,3396.46,76.1,2022-03-01,2028-12-31,2029-12-31,2026-04-01,18,0.0,0
PAIM-617333,Surface triangle line bet. Bhadura stn and new crossing stn Karma (East Central Railway [ECR] - I) (617333),Infrastructure & Highways,Ministry of Railways,617333,Uttar Pradesh,403.31,403.31,336.04,83.3,2022-03-01,2028-12-31,2028-12-31,2026-04-01,24,0.0,0
PAIM-617370,Doubling between Jaunpur Jn - Zaffarabad 6.28 km (M/S SRC company Infra Private Limited) (617370),Infrastructure & Highways,Ministry of Railways,617370,Uttar Pradesh,2634.85,2634.85,1683.7,63.9,2021-03-01,2026-12-31,2027-12-31,2026-04-01,12,0.0,0
PAIM-705567,Burhwal Gonda 3rd line (North Eastern Railway [NER]) (705567),Infrastructure & Highways,Ministry of Railways,705567,Uttar Pradesh,3091.26,3091.26,2153.0,69.6,2023-03-01,2028-12-31,2027-12-31,2026-04-01,24,0.0,0
PAIM-705588,Janghai-Pratapgarh- Amethi (CAO/C/II/NR) (705588),Infrastructure & Highways,Ministry of Railways,705588,Uttar Pradesh,2979.62,2979.62,1060.7,35.6,2021-03-01,2028-12-31,2027-12-31,2026-04-01,6,0.0,0
PAIM-705766,Lalitpur-Birari with flyover at Lalitpur- 16 Km (North Central Railway) (705766),Infrastructure & Highways,Ministry of Railways,705766,Uttar Pradesh,1587.93,1587.93,747.12,47.0,2021-03-01,2028-12-31,2027-12-31,2026-04-01,18,0.0,0
PAIM-705771,Allahabad-Bamhrauli Flyover Construction & 4th Railway Line Project (North Central Railway) (705771),Infrastructure & Highways,Ministry of Railways,705771,Uttar Pradesh,3868.22,3868.22,2588.61,66.9,2024-03-01,2028-12-31,2028-12-31,2026-04-01,0,0.0,0
PAIM-705772,"Mughalsarai-Allahabad, 3rd line (North Central Railway) (705772)",Infrastructure & Highways,Ministry of Railways,705772,Uttar Pradesh,1328.4,1328.4,471.85,35.5,2022-03-01,2028-12-31,2028-12-31,2026-04-01,0,0.0,0
PAIM-705774,Aligarh -Daud Khan Flyover Construction & 3rd Railway Line Project (CAO/C/NCR) (705774),Infrastructure & Highways,Ministry of Railways,705774,Uttar Pradesh,2773.86,2773.86,2218.02,80.0,2022-03-01,2028-12-31,2029-12-31,2026-04-01,12,0.0,0
PAIM-705777,Bhandai - Flyover for Etawah bound down train- 10 Km (North Central Railway [NCR] - II) (705777),Infrastructure & Highways,Ministry of Railways,705777,Uttar Pradesh,3004.54,3004.54,1925.15,64.1,2024-03-01,2026-12-31,2029-12-31,2026-04-01,12,0.0,0
PAIM-10080,(North Central Railway [NCR] - II) (705777) (N22000564) (10080),Infrastructure & Highways,Ministry of Railways,N22000564,Uttar Pradesh,321.8,321.8,161.04,50.0,2022-03-01,2026-12-31,2029-12-31,2026-04-01,36,0.0,0
PAIM-705780,Bhatni-Aurnihar with electrification excluding Indara-Mau (RVNL - I) (705780),Infrastructure & Highways,Ministry of Railways,705780,Uttar Pradesh,1648.39,1648.39,753.28,45.7,2023-03-01,2026-12-31,2027-12-31,2026-04-01,18,0.0,0
PAIM-705782,Barabanki-Malhaur 3rd & 4th Railway Line Project (Ministry of Railways) (705782),Infrastructure & Highways,Ministry of Railways,705782,Uttar Pradesh,3921.93,3921.93,2040.39,52.0,2021-03-01,2026-12-31,2029-12-31,2026-04-01,18,0.0,0
PAIM-705918,Allahabad division - Aligarh - Harduaganj Flyover (North Central Railway) (705918),Infrastructure & Highways,Ministry of Railways,705918,Uttar Pradesh,877.84,877.84,608.17,69.3,2021-03-01,2027-12-31,2028-12-31,2026-04-01,0,0.0,0
PAIM-705429,Rishikesh-Karnaprayag New Rail Line- 125 km (RVNL - II) (705429),Infrastructure & Highways,Ministry of Railways,705429,Uttar Pradesh,2013.42,2013.42,271.05,13.5,2023-03-01,2026-12-31,2028-12-31,2026-04-01,12,0.0,0
PAIM-38953,(12/2028) 38953 (38953) 28286.15 74,Infrastructure & Highways,Ministry of Railways,38953,West Bengal,28286.15,28286.15,6743.89,23.8,2021-03-01,2027-12-31,2029-12-31,2026-04-01,36,0.0,0
PAIM-400247,And Naihati-Ranaghat 3rd Line. (Eastern Railway [ER] - I) (400247),Infrastructure & Highways,Ministry of Railways,400247,West Bengal,2350.08,2350.08,429.99,18.3,2023-03-01,2028-12-31,2028-12-31,2026-04-01,36,0.0,0
PAIM-400273,Tarakeshwar-Bishnupur New Line [82.47 km] (Eastern Railway [ER] - I) (400273),Infrastructure & Highways,Ministry of Railways,400273,West Bengal,3389.88,3389.88,1388.0,40.9,2024-03-01,2026-12-31,2028-12-31,2026-04-01,12,0.0,0
PAIM-400277,Dum Dum Airport-New Garia via Rajarhat-Construction of Metro Railway (RVNL - II) (400277),Infrastructure & Highways,Ministry of Railways,400277,West Bengal,4211.75,4211.75,537.29,12.8,2024-03-01,2026-12-31,2027-12-31,2026-04-01,18,0.0,0
PAIM-612096,Construction of Balurghat-Hilli new BG Line (Northeast Frontier Railway [NFR]) (612096),Infrastructure & Highways,Ministry of Railways,612096,West Bengal,1582.3,1582.3,477.05,30.1,2022-03-01,2028-12-31,2028-12-31,2026-04-01,12,0.0,0
PAIM-617345,Car maintenance cum workshop depot. (South Eastern Railway - JH) (617345),Infrastructure & Highways,Ministry of Railways,617345,West Bengal,2264.77,2264.77,1290.61,57.0,2022-03-01,2026-12-31,2028-12-31,2026-04-01,18,0.0,0
PAIM-705730,Joka-BBD Bag new metro project (RVNL - II) (705730),Infrastructure & Highways,Ministry of Railways,705730,West Bengal,2150.64,2150.64,567.51,26.4,2024-03-01,2028-12-31,2029-12-31,2026-04-01,0,0.0,0
PAIM-10362,(12/2029) 4835 (10362) 4932.47 51,Infrastructure & Highways,Ministry of Railways,10362,West Bengal,4932.47,4932.47,1045.67,21.2,2023-03-01,2027-12-31,2029-12-31,2026-04-01,36,0.0,0
PAIM-706776,"Noapara-Barasat via Bimanbandar - Construction of Metro railway [18 km] (Metro Railway, Kolkata) (706776)",Infrastructure & Highways,Ministry of Railways,706776,West Bengal,2071.09,2071.09,291.96,14.1,2021-03-01,2027-12-31,2027-12-31,2026-04-01,6,0.0,0
PAIM-706777,Baranagar-Barrackpore and Dakshineshwar- Construction of Metro Railway (RVNL - II) (706777),Infrastructure & Highways,Ministry of Railways,706777,West Bengal,3089.37,3089.37,2190.46,70.9,2021-03-01,2028-12-31,2027-12-31,2026-04-01,24,0.0,0
PAIM-619184,Rangat of NH-04 in UT of A&N on EPC Package-IIIA (NHIDCL) (619184),Infrastructure & Highways,Ministry of Railways,619184,Multi-State,3897.03,3897.03,1171.09,30.1,2023-03-01,2026-12-31,2028-12-31,2026-04-01,36,0.0,0
PAIM-619185,Package-III.B Balance work (NHIDCL) (619185),Infrastructure & Highways,Ministry of Railways,619185,Multi-State,1691.42,1691.42,1145.11,67.7,2024-03-01,2028-12-31,2029-12-31,2026-04-01,24,0.0,0
PAIM-619186,the Union Territory of Andaman & Nicobar Islands on EPC basis (NHIDCL) (619186),Infrastructure & Highways,Ministry of Railways,619186,Multi-State,610.69,610.69,119.61,19.6,2024-03-01,2026-12-31,2027-12-31,2026-04-01,36,0.0,0
PAIM-617907,mode. (MoRTH) (617907),Infrastructure & Highways,Ministry of Railways,617907,Andhra Pradesh,3778.29,3778.29,1230.36,32.6,2022-03-01,2027-12-31,2028-12-31,2026-04-01,12,0.0,0
PAIM-617949,of AP state under NHO on EPC Mode under Annual Plan 2022-23 (MoRTH) (617949),Infrastructure & Highways,Ministry of Railways,617949,Andhra Pradesh,3298.48,3298.48,1648.22,50.0,2021-03-01,2028-12-31,2029-12-31,2026-04-01,36,0.0,0
PAIM-617984,"Gudivada Town 2 RoB, and Road improvement NH-165 (MoRTH) (617984)",Infrastructure & Highways,Ministry of Railways,617984,Andhra Pradesh,4162.68,4162.68,1383.95,33.2,2022-03-01,2026-12-31,2027-12-31,2026-04-01,18,0.0,0
PAIM-617985,Akiveedu (MoRTH) (617985),Infrastructure & Highways,Ministry of Railways,617985,Andhra Pradesh,3888.1,3888.1,1427.77,36.7,2022-03-01,2026-12-31,2027-12-31,2026-04-01,0,0.0,0
PAIM-10158,(MoRTH) (617985) (N24000983) (10158),Infrastructure & Highways,Ministry of Railways,N24000983,Andhra Pradesh,1614.54,1614.54,1051.67,65.1,2021-03-01,2027-12-31,2029-12-31,2026-04-01,6,0.0,0
PAIM-617986,248010 to km 269900 to 2 (MoRTH) (617986),Infrastructure & Highways,Ministry of Railways,617986,Andhra Pradesh,939.3,939.3,362.7,38.6,2021-03-01,2028-12-31,2028-12-31,2026-04-01,12,0.0,0
PAIM-617987,250/000Design Ch.186000 to 248010 to 2LPS (MoRTH) (617987),Infrastructure & Highways,Ministry of Railways,617987,Andhra Pradesh,274.78,274.78,145.6,53.0,2023-03-01,2028-12-31,2027-12-31,2026-04-01,12,0.0,0
PAIM-10159,(MoRTH) (617987) (-) (10159),Infrastructure & Highways,Ministry of Railways,10159,Andhra Pradesh,4307.06,4307.06,1204.39,28.0,2022-03-01,2026-12-31,2029-12-31,2026-04-01,12,0.0,0
PAIM-617988,section   including Nandyal Bypass      from Km 143/6 to 185/9       NH-167K (MoRTH) (617988),Infrastructure & Highways,Ministry of Railways,617988,Andhra Pradesh,3288.15,3288.15,1309.86,39.8,2023-03-01,2027-12-31,2029-12-31,2026-04-01,36,0.0,0
PAIM-10160,(MoRTH) (617988) (-) (10160),Infrastructure & Highways,Ministry of Railways,10160,Andhra Pradesh,3554.71,3554.71,378.54,10.6,2024-03-01,2026-12-31,2029-12-31,2026-04-01,36,0.0,0
PAIM-617990,road from km.62/700 to 71/400 in Kurnool District in the State of Andhra Pradesh. (MoRTH) (617990),Infrastructure & Highways,Ministry of Railways,617990,Andhra Pradesh,1499.79,1499.79,433.04,28.9,2021-03-01,2028-12-31,2029-12-31,2026-04-01,12,0.0,0
PAIM-617991,"State of Andhra Pradesh under Corridor Approach through Engineering, Procurement (MoRTH) (617991)",Infrastructure & Highways,Ministry of Railways,617991,Andhra Pradesh,2100.82,2100.82,618.31,29.4,2021-03-01,2026-12-31,2028-12-31,2026-04-01,36,0.0,0
PAIM-618013,4-laning of  Puttaparthi-Koduru Section of NH-342 (MoRTH) (618013),Infrastructure & Highways,Ministry of Railways,618013,Andhra Pradesh,3538.6,3538.6,1420.27,40.1,2022-03-01,2026-12-31,2029-12-31,2026-04-01,12,0.0,0
PAIM-10164,(MoRTH) (618013) (-) (10164),Infrastructure & Highways,Ministry of Railways,10164,Andhra Pradesh,3443.9,3443.9,1996.66,58.0,2021-03-01,2028-12-31,2029-12-31,2026-04-01,0,0.0,0
PAIM-618037,section of NH-440 in the State of Andhra Pradesh on EPC mode. (MoRTH) (618037),Infrastructure & Highways,Ministry of Railways,618037,Andhra Pradesh,1979.04,1979.04,790.44,39.9,2023-03-01,2028-12-31,2029-12-31,2026-04-01,6,0.0,0
PAIM-618052,Andhra Pradesh (MoRTH) (618052),Infrastructure & Highways,Ministry of Railways,618052,Andhra Pradesh,287.43,287.43,223.88,77.9,2022-03-01,2028-12-31,2028-12-31,2026-04-01,36,0.0,0
PAIM-10169,(MoRTH) (618052) (-) (10169),Infrastructure & Highways,Ministry of Railways,10169,Andhra Pradesh,2340.46,2340.46,1934.24,82.6,2022-03-01,2028-12-31,2028-12-31,2026-04-01,36,0.0,0
PAIM-618053,Km    in the State of Andhra Pradesh on EPC mode Job no. 741 (MoRTH) (618053),Infrastructure & Highways,Ministry of Railways,618053,Andhra Pradesh,354.97,354.97,90.3,25.4,2023-03-01,2027-12-31,2028-12-31,2026-04-01,24,0.0,0
PAIM-10170,(MoRTH) (618053) (-) (10170),Infrastructure & Highways,Ministry of Railways,10170,Andhra Pradesh,570.61,570.61,348.15,61.0,2023-03-01,2027-12-31,2029-12-31,2026-04-01,6,0.0,0
PAIM-618062,NH-765 Package-2 (MoRTH) (618062),Infrastructure & Highways,Ministry of Railways,618062,Andhra Pradesh,2163.59,2163.59,1366.9,63.2,2022-03-01,2027-12-31,2027-12-31,2026-04-01,6,0.0,0
PAIM-618101,to 4LPS (MoRTH) (618101),Infrastructure & Highways,Ministry of Railways,618101,Andhra Pradesh,1745.45,1745.45,1301.1,74.5,2021-03-01,2027-12-31,2027-12-31,2026-04-01,18,0.0,0
PAIM-10181,(MoRTH) (618101) (-) (10181),Infrastructure & Highways,Ministry of Railways,10181,Andhra Pradesh,2457.33,2457.33,918.69,37.4,2022-03-01,2028-12-31,2028-12-31,2026-04-01,18,0.0,0
PAIM-618103,Shoulder in (MoRTH) (618103),Infrastructure & Highways,Ministry of Railways,618103,Andhra Pradesh,1085.32,1085.32,792.56,73.0,2023-03-01,2027-12-31,2029-12-31,2026-04-01,0,0.0,0
PAIM-618125,paved Shoulders in the State of Andhra Pradesh under NHO on EPC Mode (MoRTH) (618125),Infrastructure & Highways,Ministry of Railways,618125,Odisha,1870.28,1870.28,206.92,11.1,2024-03-01,2027-12-31,2029-12-31,2026-04-01,18,0.0,0
PAIM-618145,mode Job No. 737 (MoRTH) (618145),Infrastructure & Highways,Ministry of Railways,618145,Andhra Pradesh,3143.02,3143.02,570.82,18.2,2021-03-01,2028-12-31,2027-12-31,2026-04-01,12,0.0,0
PAIM-10190,(MoRTH) (618145) (N24001263) (10190),Infrastructure & Highways,Ministry of Railways,N24001263,Andhra Pradesh,1954.47,1954.47,681.8,34.9,2023-03-01,2027-12-31,2029-12-31,2026-04-01,6,0.0,0
PAIM-618161,no. 742 (MoRTH) (618161),Infrastructure & Highways,Ministry of Railways,618161,Andhra Pradesh,2400.71,2400.71,952.98,39.7,2024-03-01,2026-12-31,2029-12-31,2026-04-01,0,0.0,0
PAIM-10194,(MoRTH) (618161) (N24001416) (10194),Infrastructure & Highways,Ministry of Railways,N24001416,Andhra Pradesh,1967.4,1967.4,907.77,46.1,2023-03-01,2028-12-31,2029-12-31,2026-04-01,6,0.0,0
PAIM-618191,shoulders in the state of Andhra Pradesh job-729 (MoRTH) (618191),Infrastructure & Highways,Ministry of Railways,618191,Andhra Pradesh,1669.88,1669.88,1077.2,64.5,2021-03-01,2026-12-31,2028-12-31,2026-04-01,12,0.0,0
PAIM-618192,from in the State of Andhra Pradesh on EPC mode (MoRTH) (618192),Infrastructure & Highways,Ministry of Railways,618192,Andhra Pradesh,1918.03,1918.03,1266.13,66.0,2024-03-01,2028-12-31,2027-12-31,2026-04-01,0,0.0,0
PAIM-618193,Under Annual Plan 2023-24 through EPC Mode (MoRTH) (618193),Infrastructure & Highways,Ministry of Railways,618193,Andhra Pradesh,2418.98,2418.98,1951.08,80.7,2022-03-01,2028-12-31,2029-12-31,2026-04-01,0,0.0,0
PAIM-618194,to 102/20 of Kalyandrg - Molakalmuru Section (MoRTH) (618194),Infrastructure & Highways,Ministry of Railways,618194,Andhra Pradesh,3277.6,3277.6,1088.17,33.2,2024-03-01,2028-12-31,2028-12-31,2026-04-01,24,0.0,0
PAIM-618236,NH (MoRTH) (618236),Infrastructure & Highways,Ministry of Railways,618236,Andhra Pradesh,995.22,995.22,689.11,69.2,2022-03-01,2026-12-31,2028-12-31,2026-04-01,12,0.0,0
PAIM-618237,Andhra Pradesh under NHDP-IV (MoRTH) (618237),Infrastructure & Highways,Ministry of Railways,618237,Andhra Pradesh,3591.99,3591.99,2213.18,61.6,2021-03-01,2028-12-31,2029-12-31,2026-04-01,18,0.0,0
PAIM-618238,the state of Andhra Pradesh under NHDP-IV (MoRTH) (618238),Infrastructure & Highways,Ministry of Railways,618238,Andhra Pradesh,4401.99,4401.99,3262.36,74.1,2021-03-01,2027-12-31,2029-12-31,2026-04-01,0,0.0,0
PAIM-618239,EPC mode. (MoRTH) (618239),Infrastructure & Highways,Ministry of Railways,618239,Andhra Pradesh,500.98,500.98,415.17,82.9,2022-03-01,2028-12-31,2029-12-31,2026-04-01,6,0.0,0
PAIM-618254,on NH-516E (MoRTH) (618254),Infrastructure & Highways,Ministry of Railways,618254,Andhra Pradesh,2515.94,2515.94,1301.99,51.7,2021-03-01,2026-12-31,2027-12-31,2026-04-01,12,0.0,0
PAIM-618255,Two laning with paved shoulders of Lambasingi to Paderusection  of NH 516E (MoRTH) (618255),Infrastructure & Highways,Ministry of Railways,618255,Andhra Pradesh,4036.21,4036.21,3007.64,74.5,2024-03-01,2028-12-31,2027-12-31,2026-04-01,18,0.0,0
PAIM-618256,with the loan assistance of World Bank on EPC mode (MoRTH) (618256),Infrastructure & Highways,Ministry of Railways,618256,Andhra Pradesh,2297.19,2297.19,1694.32,73.8,2022-03-01,2028-12-31,2027-12-31,2026-04-01,24,0.0,0
PAIM-618257,with the loan assistance of World Bank on EPC mode (MoRTH) (618257),Infrastructure & Highways,Ministry of Railways,618257,Andhra Pradesh,1860.47,1860.47,1442.16,77.5,2022-03-01,2027-12-31,2028-12-31,2026-04-01,12,0.0,0
PAIM-618258,516E (MoRTH) (618258),Infrastructure & Highways,Ministry of Railways,618258,Andhra Pradesh,3719.63,3719.63,2898.89,77.9,2021-03-01,2028-12-31,2028-12-31,2026-04-01,18,0.0,0
PAIM-618259,Two laning with paved shoulders of Paderu to GundigudaSection  of NH 516E (MoRTH) (618259),Infrastructure & Highways,Ministry of Railways,618259,Andhra Pradesh,1296.17,1296.17,742.98,57.3,2024-03-01,2027-12-31,2027-12-31,2026-04-01,36,0.0,0
PAIM-618412,PMDP (NHIDCL) (618412),Infrastructure & Highways,Ministry of Railways,618412,Andhra Pradesh,2357.07,2357.07,1751.99,74.3,2021-03-01,2027-12-31,2028-12-31,2026-04-01,12,0.0,0
PAIM-10304,(NHIDCL) (618412) (N24001256) (10304),Infrastructure & Highways,Ministry of Railways,N24001256,Andhra Pradesh,4116.48,4116.48,2451.03,59.5,2024-03-01,2027-12-31,2028-12-31,2026-04-01,12,0.0,0
PAIM-618475,Baireddypalle to Bangarupalem section (National Highways Authority of India [NHAI]) (618475),Infrastructure & Highways,Ministry of Railways,618475,Andhra Pradesh,394.62,394.62,72.33,18.3,2022-03-01,2028-12-31,2029-12-31,2026-04-01,36,0.0,0
PAIM-10334,(National Highways Authority of India [NHAI]) (618475) (N24001985) (10334),Infrastructure & Highways,Ministry of Railways,N24001985,Andhra Pradesh,1036.78,1036.78,805.59,77.7,2023-03-01,2028-12-31,2029-12-31,2026-04-01,36,0.0,0
PAIM-618476,Bangarupalem to Gudipala section (National Highways Authority of India [NHAI]) (618476),Infrastructure & Highways,Ministry of Railways,618476,Andhra Pradesh,3400.08,3400.08,2134.52,62.8,2021-03-01,2026-12-31,2029-12-31,2026-04-01,36,0.0,0
PAIM-10335,(National Highways Authority of India [NHAI]) (618476) (N24001821) (10335),Infrastructure & Highways,Ministry of Railways,N24001821,Andhra Pradesh,1466.64,1466.64,1157.99,79.0,2023-03-01,2028-12-31,2029-12-31,2026-04-01,18,0.0,0
PAIM-618524,Andhra Pradesh on EPC Mode under NHO. (National Highways Authority of India [NHAI]) (618524),Infrastructure & Highways,Ministry of Railways,618524,Andhra Pradesh,2440.47,2440.47,392.97,16.1,2022-03-01,2028-12-31,2029-12-31,2026-04-01,36,0.0,0
PAIM-618525,on EPC mode under NHO (National Highways Authority of India [NHAI]) (618525),Infrastructure & Highways,Ministry of Railways,618525,Andhra Pradesh,2239.2,2239.2,1252.81,55.9,2022-03-01,2028-12-31,2029-12-31,2026-04-01,24,0.0,0
PAIM-618526,New NH-16 (National Highways Authority of India [NHAI]) (618526),Infrastructure & Highways,Ministry of Railways,618526,Andhra Pradesh,2580.39,2580.39,1045.74,40.5,2022-03-01,2027-12-31,2029-12-31,2026-04-01,18,0.0,0
PAIM-10377,(National Highways Authority of India [NHAI]) (618526) (-) (10377),Infrastructure & Highways,Ministry of Railways,10377,Andhra Pradesh,3105.28,3105.28,940.86,30.3,2024-03-01,2028-12-31,2028-12-31,2026-04-01,18,0.0,0
PAIM-618527,Gundugolanu Section from km. 30.00 to km. 47.881 Pkg-IV (National Highways Authority of India [NHAI]) (618527),Infrastructure & Highways,Ministry of Railways,618527,Andhra Pradesh,2623.1,2623.1,2038.63,77.7,2024-03-01,2028-12-31,2029-12-31,2026-04-01,0,0.0,0
PAIM-10378,(National Highways Authority of India [NHAI]) (618527) (N24001301) (10378),Infrastructure & Highways,Ministry of Railways,N24001301,Andhra Pradesh,3011.05,3011.05,618.31,20.5,2023-03-01,2026-12-31,2028-12-31,2026-04-01,18,0.0,0
PAIM-618579,NH-16 (National Highways Authority of India [NHAI]) (618579),Infrastructure & Highways,Ministry of Railways,618579,Andhra Pradesh,1810.57,1810.57,1254.03,69.3,2023-03-01,2026-12-31,2029-12-31,2026-04-01,0,0.0,0
PAIM-10415,(National Highways Authority of India [NHAI]) (618579) (-) (10415),Infrastructure & Highways,Ministry of Railways,10415,Andhra Pradesh,1394.74,1394.74,539.45,38.7,2024-03-01,2027-12-31,2028-12-31,2026-04-01,6,0.0,0
PAIM-618629,Nandigama Bypass and Kanchikacherla bypass (National Highways Authority of India [NHAI]) (618629),Infrastructure & Highways,Ministry of Railways,618629,Andhra Pradesh,622.15,622.15,520.14,83.6,2021-03-01,2026-12-31,2028-12-31,2026-04-01,36,0.0,0
PAIM-12088,(National Highways Authority of India [NHAI]) (618633) (-) (12088),Infrastructure & Highways,Ministry of Railways,12088,Andhra Pradesh,223.06,223.06,36.21,16.2,2023-03-01,2026-12-31,2027-12-31,2026-04-01,0,0.0,0
PAIM-618682,Pkg-3 (National Highways Authority of India [NHAI]) (618682),Infrastructure & Highways,Ministry of Railways,618682,Andhra Pradesh,2507.58,2507.58,1071.3,42.7,2023-03-01,2028-12-31,2028-12-31,2026-04-01,12,0.0,0
PAIM-10485,(National Highways Authority of India [NHAI]) (618682) (-) (10485),Infrastructure & Highways,Ministry of Railways,10485,Andhra Pradesh,3752.89,3752.89,2242.68,59.8,2022-03-01,2028-12-31,2027-12-31,2026-04-01,18,0.0,0
PAIM-618700,Renigunta - Poyya - Naidupeta km 124.60 to km 183.4 of NH 71 (National Highways Authority of India [NHAI]) (618700),Infrastructure & Highways,Ministry of Railways,618700,Andhra Pradesh,2882.51,2882.51,2258.37,78.3,2024-03-01,2026-12-31,2027-12-31,2026-04-01,12,0.0,0
PAIM-10500,(National Highways Authority of India [NHAI]) (618700) (N24001824) (10500),Infrastructure & Highways,Ministry of Railways,N24001824,Andhra Pradesh,1897.3,1897.3,927.41,48.9,2022-03-01,2028-12-31,2028-12-31,2026-04-01,18,0.0,0
PAIM-618712,24300 of [NH-544G]  Package-1 (National Highways Authority of India [NHAI]) (618712),Infrastructure & Highways,Ministry of Railways,618712,Andhra Pradesh,1792.86,1792.86,1295.66,72.3,2021-03-01,2028-12-31,2029-12-31,2026-04-01,18,0.0,0
PAIM-10507,(National Highways Authority of India [NHAI]) (618712) (N24001841) (10507),Infrastructure & Highways,Ministry of Railways,N24001841,Andhra Pradesh,4206.91,4206.91,1597.34,38.0,2021-03-01,2027-12-31,2027-12-31,2026-04-01,36,0.0,0
PAIM-618713,Audireddipalle Ch. 160000 of [NH  544G]  Package-6 (National Highways Authority of India [NHAI]) (618713),Infrastructure & Highways,Ministry of Railways,618713,Andhra Pradesh,3005.85,3005.85,1199.35,39.9,2022-03-01,2028-12-31,2027-12-31,2026-04-01,6,0.0,0
PAIM-10508,(National Highways Authority of India [NHAI]) (618713) (N24001846) (10508),Infrastructure & Highways,Ministry of Railways,N24001846,Andhra Pradesh,3162.81,3162.81,2074.29,65.6,2024-03-01,2028-12-31,2027-12-31,2026-04-01,12,0.0,0
PAIM-618714,Yerragudipadu Ch. 129000 of [NH-544G]  Package-5 (National Highways Authority of India [NHAI]) (618714),Infrastructure & Highways,Ministry of Railways,618714,Andhra Pradesh,4466.04,4466.04,3571.64,80.0,2022-03-01,2026-12-31,2029-12-31,2026-04-01,6,0.0,0
PAIM-10509,(National Highways Authority of India [NHAI]) (618714) (N24001845) (10509),Infrastructure & Highways,Ministry of Railways,N24001845,Andhra Pradesh,1943.43,1943.43,665.55,34.2,2023-03-01,2027-12-31,2028-12-31,2026-04-01,0,0.0,0
PAIM-618715,palli Ch. 96300 of [NH-544G]Package-4 (National Highways Authority of India [NHAI]) (618715),Infrastructure & Highways,Ministry of Railways,618715,Andhra Pradesh,3334.47,3334.47,2587.04,77.6,2022-03-01,2028-12-31,2028-12-31,2026-04-01,12,0.0,0
PAIM-10510,(National Highways Authority of India [NHAI]) (618715) (N24001844) (10510),Infrastructure & Highways,Ministry of Railways,N24001844,Andhra Pradesh,2041.77,2041.77,394.5,19.3,2021-03-01,2028-12-31,2029-12-31,2026-04-01,12,0.0,0
PAIM-618716,Ch. 72000 of [NH-544G]Package-3 (National Highways Authority of India [NHAI]) (618716),Infrastructure & Highways,Ministry of Railways,618716,Andhra Pradesh,1566.33,1566.33,1326.33,84.7,2021-03-01,2028-12-31,2028-12-31,2026-04-01,0,0.0,0
PAIM-10511,(National Highways Authority of India [NHAI]) (618716) (N24001843) (10511),Infrastructure & Highways,Ministry of Railways,N24001843,Andhra Pradesh,3801.03,3801.03,2210.85,58.2,2021-03-01,2026-12-31,2029-12-31,2026-04-01,12,0.0,0
PAIM-618717,Ch. 45700 of [NH-544G]  Package-2 (National Highways Authority of India [NHAI]) (618717),Infrastructure & Highways,Ministry of Railways,618717,Andhra Pradesh,4173.45,4173.45,1155.15,27.7,2022-03-01,2026-12-31,2028-12-31,2026-04-01,6,0.0,0
PAIM-10512,(National Highways Authority of India [NHAI]) (618717) (N24001842) (10512),Infrastructure & Highways,Ministry of Railways,N24001842,Andhra Pradesh,3993.97,3993.97,2921.63,73.2,2022-03-01,2028-12-31,2029-12-31,2026-04-01,24,0.0,0
PAIM-618718,Narayanmpet Ch. 203500Package-09 (National Highways Authority of India [NHAI]) (618718),Infrastructure & Highways,Ministry of Railways,618718,Andhra Pradesh,3551.1,3551.1,1540.2,43.4,2023-03-01,2028-12-31,2028-12-31,2026-04-01,12,0.0,0
PAIM-10513,(National Highways Authority of India [NHAI]) (618718) (-) (10513),Infrastructure & Highways,Ministry of Railways,10513,Andhra Pradesh,331.97,331.97,277.71,83.7,2023-03-01,2028-12-31,2029-12-31,2026-04-01,18,0.0,0
PAIM-618719,Kavulakuntla Ch. 196000 Package-08 (National Highways Authority of India [NHAI]) (618719),Infrastructure & Highways,Ministry of Railways,618719,Andhra Pradesh,2432.6,2432.6,1435.63,59.0,2021-03-01,2027-12-31,2028-12-31,2026-04-01,0,0.0,0
PAIM-10514,(National Highways Authority of India [NHAI]) (618719) (N24001848) (10514),Infrastructure & Highways,Ministry of Railways,N24001848,Andhra Pradesh,1118.93,1118.93,939.03,83.9,2022-03-01,2026-12-31,2028-12-31,2026-04-01,18,0.0,0
PAIM-618720,Mallapalle Ch. 176000Package-07 (National Highways Authority of India [NHAI]) (618720),Infrastructure & Highways,Ministry of Railways,618720,Andhra Pradesh,247.46,247.46,167.83,67.8,2022-03-01,2027-12-31,2029-12-31,2026-04-01,18,0.0,0
PAIM-10515,(National Highways Authority of India [NHAI]) (618720) (N24001847) (10515),Infrastructure & Highways,Ministry of Railways,N24001847,Andhra Pradesh,3576.71,3576.71,746.43,20.9,2023-03-01,2026-12-31,2027-12-31,2026-04-01,6,0.0,0
PAIM-618721,Polavaram Ch. 260000of [NH-544G] Package-11 (National Highways Authority of India [NHAI]) (618721),Infrastructure & Highways,Ministry of Railways,618721,Andhra Pradesh,3445.24,3445.24,2312.16,67.1,2021-03-01,2027-12-31,2028-12-31,2026-04-01,12,0.0,0
PAIM-10516,(National Highways Authority of India [NHAI]) (618721) (N24002123) (10516),Infrastructure & Highways,Ministry of Railways,N24002123,Andhra Pradesh,771.29,771.29,268.04,34.8,2023-03-01,2027-12-31,2029-12-31,2026-04-01,0,0.0,0
PAIM-618748,to Gurvaygudem village Design Chainage 105236 to 132664] (National Highways Authority of India [NHAI]) (618748),Infrastructure & Highways,Ministry of Railways,618748,Andhra Pradesh,642.75,642.75,371.69,57.8,2021-03-01,2028-12-31,2029-12-31,2026-04-01,36,0.0,0
PAIM-10535,(National Highways Authority of India [NHAI]) (618748) (N24001476) (10535),Infrastructure & Highways,Ministry of Railways,N24001476,Andhra Pradesh,2269.36,2269.36,696.79,30.7,2022-03-01,2027-12-31,2028-12-31,2026-04-01,6,0.0,0
PAIM-618749,village to Devarapalle village Design Chainage 132664 to 162126 (National Highways Authority of India [NHAI]) (618749),Infrastructure & Highways,Ministry of Railways,618749,Andhra Pradesh,794.34,794.34,411.28,51.8,2024-03-01,2028-12-31,2027-12-31,2026-04-01,18,0.0,0
PAIM-10536,(National Highways Authority of India [NHAI]) (618749) (N24001477) (10536),Infrastructure & Highways,Ministry of Railways,N24001477,Andhra Pradesh,652.14,652.14,550.57,84.4,2023-03-01,2028-12-31,2028-12-31,2026-04-01,24,0.0,0
PAIM-618759,4L PS Mydukur - Badvel from Km 585.820 to Km 630.960 of NH-67 (National Highways Authority of India [NHAI]) (618759),Infrastructure & Highways,Ministry of Railways,618759,Andhra Pradesh,1515.23,1515.23,225.47,14.9,2023-03-01,2027-12-31,2027-12-31,2026-04-01,0,0.0,0
PAIM-10541,(National Highways Authority of India [NHAI]) (618759) (N24001849) (10541),Infrastructure & Highways,Ministry of Railways,N24001849,Andhra Pradesh,2185.17,2185.17,793.56,36.3,2023-03-01,2026-12-31,2027-12-31,2026-04-01,24,0.0,0
PAIM-618777,95.717 of NH-71Package-II (National Highways Authority of India [NHAI]) (618777),Infrastructure & Highways,Ministry of Railways,618777,Andhra Pradesh,1577.99,1577.99,1015.94,64.4,2022-03-01,2028-12-31,2029-12-31,2026-04-01,0,0.0,0
PAIM-10553,(National Highways Authority of India [NHAI]) (618777) (N24001986) (10553),Infrastructure & Highways,Ministry of Railways,N24001986,Andhra Pradesh,3976.0,3976.0,1769.3,44.5,2024-03-01,2027-12-31,2028-12-31,2026-04-01,6,0.0,0
PAIM-618778,4L of Madanapalle to Pileru Section from Km 0.000 to Km 55.900 of NH-71Package-I (National Highways Authority of India [,Infrastructure & Highways,Ministry of Railways,618778,Andhra Pradesh,2393.84,2393.84,1780.11,74.4,2023-03-01,2026-12-31,2027-12-31,2026-04-01,12,0.0,0
PAIM-10554,(National Highways Authority of India [NHAI]) (618778) (N24001823) (10554),Infrastructure & Highways,Ministry of Railways,N24001823,Andhra Pradesh,3777.82,3777.82,2878.86,76.2,2024-03-01,2028-12-31,2027-12-31,2026-04-01,6,0.0,0
PAIM-618803,Kakinada Port Connectivity to NH-16 Rajanagaram Junction in East Godavari District (National Highways Authority of India,Infrastructure & Highways,Ministry of Railways,618803,Andhra Pradesh,1330.48,1330.48,758.72,57.0,2022-03-01,2026-12-31,2029-12-31,2026-04-01,36,0.0,0
PAIM-10572,(National Highways Authority of India [NHAI]) (618803) (N24001856) (10572),Infrastructure & Highways,Ministry of Railways,N24001856,Andhra Pradesh,3659.76,3659.76,2377.1,65.0,2024-03-01,2028-12-31,2029-12-31,2026-04-01,24,0.0,0
PAIM-618804,Dedicated Port road to Krishnapatnam Port Package-I from Km. 0.000 to Km. 18.000 (National Highways Authority of India [,Infrastructure & Highways,Ministry of Railways,618804,Andhra Pradesh,3183.87,3183.87,992.32,31.2,2021-03-01,2028-12-31,2027-12-31,2026-04-01,24,0.0,0
PAIM-618805,6L Connectivity to Port Road from Sabbavaram Sheelanagar-NH516C (National Highways Authority of India [NHAI]) (618805),Infrastructure & Highways,Ministry of Railways,618805,Andhra Pradesh,2383.63,2383.63,1889.66,79.3,2021-03-01,2026-12-31,2028-12-31,2026-04-01,0,0.0,0
PAIM-11880,(National Highways Authority of India [NHAI]) (618805) (-) (11880),Infrastructure & Highways,Ministry of Railways,11880,Andhra Pradesh,1014.0,1014.0,738.25,72.8,2021-03-01,2027-12-31,2028-12-31,2026-04-01,36,0.0,0
PAIM-618806,connectivity road from Convent junction to Sheelanagar Junction (National Highways Authority of India [NHAI]) (618806),Infrastructure & Highways,Ministry of Railways,618806,Andhra Pradesh,3932.23,3932.23,1990.05,50.6,2021-03-01,2026-12-31,2028-12-31,2026-04-01,18,0.0,0
PAIM-10573,(National Highways Authority of India [NHAI]) (618806) (-) (10573),Infrastructure & Highways,Ministry of Railways,10573,Andhra Pradesh,1839.89,1839.89,1290.84,70.2,2022-03-01,2027-12-31,2029-12-31,2026-04-01,24,0.0,0
PAIM-618807,"Part I & 6L  extension of dedicated port road of NH-67 Km 18.0 to Km 19.3, Part II (National Highways Authority of India",Infrastructure & Highways,Ministry of Railways,618807,Andhra Pradesh,4025.05,4025.05,663.69,16.5,2023-03-01,2026-12-31,2029-12-31,2026-04-01,24,0.0,0
PAIM-10574,(National Highways Authority of India [NHAI]) (618807) (N24001979) (10574),Infrastructure & Highways,Ministry of Railways,N24001979,Andhra Pradesh,3943.12,3943.12,1717.04,43.5,2021-03-01,2026-12-31,2028-12-31,2026-04-01,6,0.0,0
PAIM-618826,Pkg-1 (National Highways Authority of India [NHAI]) (618826),Infrastructure & Highways,Ministry of Railways,618826,Andhra Pradesh,1296.53,1296.53,564.92,43.6,2024-03-01,2028-12-31,2028-12-31,2026-04-01,24,0.0,0
PAIM-10590,(National Highways Authority of India [NHAI]) (618826) (N24001980) (10590),Infrastructure & Highways,Ministry of Railways,N24001980,Andhra Pradesh,1010.76,1010.76,487.84,48.3,2021-03-01,2027-12-31,2028-12-31,2026-04-01,6,0.0,0
PAIM-618827,Pkg-2 (National Highways Authority of India [NHAI]) (618827),Infrastructure & Highways,Ministry of Railways,618827,Andhra Pradesh,1490.2,1490.2,238.56,16.0,2023-03-01,2026-12-31,2028-12-31,2026-04-01,18,0.0,0
PAIM-10591,(National Highways Authority of India [NHAI]) (618827) (N24001983) (10591),Infrastructure & Highways,Ministry of Railways,N24001983,Andhra Pradesh,4348.02,4348.02,2747.53,63.2,2022-03-01,2026-12-31,2027-12-31,2026-04-01,6,0.0,0
PAIM-618919,Km.73.000/Design Km 66.115 of NH340C  Package2 (National Highways Authority of India [NHAI]) (618919),Infrastructure & Highways,Ministry of Railways,618919,Andhra Pradesh,1472.38,1472.38,732.35,49.7,2023-03-01,2028-12-31,2029-12-31,2026-04-01,18,0.0,0
PAIM-10665,(National Highways Authority of India [NHAI]) (618919) (N24001984) (10665),Infrastructure & Highways,Ministry of Railways,N24001984,Andhra Pradesh,2968.52,2968.52,2434.32,82.0,2021-03-01,2026-12-31,2027-12-31,2026-04-01,12,0.0,0
PAIM-618920,with Paved Shoulders from Mallavaram to Renigunta (National Highways Authority of India [NHAI]) (618920),Infrastructure & Highways,Ministry of Railways,618920,Andhra Pradesh,3203.52,3203.52,2216.08,69.2,2024-03-01,2027-12-31,2028-12-31,2026-04-01,36,0.0,0
PAIM-10666,(National Highways Authority of India [NHAI]) (618920) (-) (10666),Infrastructure & Highways,Ministry of Railways,10666,Andhra Pradesh,3999.98,3999.98,2831.66,70.8,2022-03-01,2028-12-31,2028-12-31,2026-04-01,0,0.0,0
PAIM-619076,Gundugolanu Section from km. 0.00 to km. 30.00 Pkg-III (National Highways Authority of India [NHAI]) (619076),Infrastructure & Highways,Ministry of Railways,619076,Andhra Pradesh,3384.2,3384.2,2530.54,74.8,2023-03-01,2028-12-31,2028-12-31,2026-04-01,6,0.0,0
PAIM-11766,(National Highways Authority of India [NHAI]) (619076) (-) (11766),Infrastructure & Highways,Ministry of Railways,11766,Andhra Pradesh,2647.32,2647.32,1007.34,38.1,2021-03-01,2028-12-31,2028-12-31,2026-04-01,18,0.0,0
PAIM-12087,(National Highways Authority of India [NHAI]) (619102) (-) (12087),Infrastructure & Highways,Ministry of Railways,12087,Andhra Pradesh,2911.85,2911.85,1681.63,57.8,2022-03-01,2027-12-31,2029-12-31,2026-04-01,36,0.0,0
PAIM-619111,2 (National Highways Authority of India [NHAI]) (619111),Infrastructure & Highways,Ministry of Railways,619111,Andhra Pradesh,1152.9,1152.9,858.48,74.5,2021-03-01,2026-12-31,2028-12-31,2026-04-01,18,0.0,0
PAIM-11785,(National Highways Authority of India [NHAI]) (619111) (N24001837) (11785),Infrastructure & Highways,Ministry of Railways,N24001837,Andhra Pradesh,1195.6,1195.6,517.07,43.2,2021-03-01,2027-12-31,2029-12-31,2026-04-01,12,0.0,0
PAIM-619112,464.662 Pkg-4 (National Highways Authority of India [NHAI]) (619112),Infrastructure & Highways,Ministry of Railways,619112,Andhra Pradesh,2686.46,2686.46,1539.03,57.3,2024-03-01,2026-12-31,2029-12-31,2026-04-01,24,0.0,0
PAIM-11786,(National Highways Authority of India [NHAI]) (619112) (N24001836) (11786),Infrastructure & Highways,Ministry of Railways,N24001836,Andhra Pradesh,448.21,448.21,72.86,16.3,2024-03-01,2028-12-31,2029-12-31,2026-04-01,18,0.0,0
PAIM-619123,Chandrasekharpuram Ch. 228000Package-10 (National Highways Authority of India [NHAI]) (619123),Infrastructure & Highways,Ministry of Railways,619123,Andhra Pradesh,3557.8,3557.8,1306.6,36.7,2022-03-01,2028-12-31,2028-12-31,2026-04-01,36,0.0,0
PAIM-11792,(National Highways Authority of India [NHAI]) (619123) (N24002122) (11792),Infrastructure & Highways,Ministry of Railways,N24002122,Andhra Pradesh,1397.67,1397.67,237.8,17.0,2023-03-01,2028-12-31,2027-12-31,2026-04-01,6,0.0,0
PAIM-619124,Ch. 285500 of [NH-544G]Package-12 (National Highways Authority of India [NHAI]) (619124),Infrastructure & Highways,Ministry of Railways,619124,Andhra Pradesh,4270.19,4270.19,458.23,10.7,2022-03-01,2026-12-31,2028-12-31,2026-04-01,12,0.0,0
PAIM-11793,(National Highways Authority of India [NHAI]) (619124) (N24002124) (11793),Infrastructure & Highways,Ministry of Railways,N24002124,Andhra Pradesh,1231.01,1231.01,991.51,80.5,2022-03-01,2026-12-31,2027-12-31,2026-04-01,36,0.0,0
PAIM-619125,Muppavaram Ch.343240 of [NH-544G] Package-14 (National Highways Authority of India [NHAI]) (619125),Infrastructure & Highways,Ministry of Railways,619125,Andhra Pradesh,4312.34,4312.34,683.36,15.8,2022-03-01,2026-12-31,2029-12-31,2026-04-01,6,0.0,0
PAIM-11794,(National Highways Authority of India [NHAI]) (619125) (N24002126) (11794),Infrastructure & Highways,Ministry of Railways,N24002126,Andhra Pradesh,1469.56,1469.56,928.1,63.2,2024-03-01,2026-12-31,2029-12-31,2026-04-01,6,0.0,0
PAIM-619126,Somavarappadu Ch. 314600 of [NH-544G] Package-13 (National Highways Authority of India [NHAI]) (619126),Infrastructure & Highways,Ministry of Railways,619126,Andhra Pradesh,981.15,981.15,181.95,18.5,2022-03-01,2026-12-31,2029-12-31,2026-04-01,12,0.0,0
PAIM-11795,(National Highways Authority of India [NHAI]) (619126) (N24002125) (11795),Infrastructure & Highways,Ministry of Railways,N24002125,Andhra Pradesh,4029.99,4029.99,679.06,16.9,2022-03-01,2026-12-31,2027-12-31,2026-04-01,12,0.0,0
PAIM-619140,6L of Naidupeta Junction - Turpukanupur Section from km 57.046 to km 91.927 (National Highways Authority of India [NHAI],Infrastructure & Highways,Ministry of Railways,619140,Andhra Pradesh,4079.43,4079.43,2906.2,71.2,2021-03-01,2027-12-31,2027-12-31,2026-04-01,12,0.0,0
PAIM-11806,(National Highways Authority of India [NHAI]) (619140) (N24001981) (11806),Infrastructure & Highways,Ministry of Railways,N24001981,Andhra Pradesh,385.24,385.24,287.44,74.6,2024-03-01,2027-12-31,2027-12-31,2026-04-01,12,0.0,0
PAIM-619141,on HAM Mode under Bharatmala Pariyojana Phase I (National Highways Authority of India [NHAI]) (619141),Infrastructure & Highways,Ministry of Railways,619141,Andhra Pradesh,1816.54,1816.54,417.27,23.0,2022-03-01,2026-12-31,2029-12-31,2026-04-01,6,0.0,0
PAIM-11807,(National Highways Authority of India [NHAI]) (619141) (N24002033) (11807),Infrastructure & Highways,Ministry of Railways,N24002033,Andhra Pradesh,974.84,974.84,380.29,39.0,2024-03-01,2027-12-31,2029-12-31,2026-04-01,0,0.0,0
PAIM-619160,Balance works in AP Portion and punch list items in TN & AP portion of NH-205 (National Highways Authority of India [NHA,Infrastructure & Highways,Ministry of Railways,619160,Andhra Pradesh,342.95,342.95,277.01,80.8,2022-03-01,2026-12-31,2028-12-31,2026-04-01,36,0.0,0
PAIM-10300,(NHIDCL) (618401) (-) (10300),Infrastructure & Highways,Ministry of Railways,10300,Multi-State,2671.3,2671.3,1716.99,64.3,2022-03-01,2028-12-31,2029-12-31,2026-04-01,0,0.0,0
PAIM-10301,(NHIDCL) (618402) (N24002222) (10301),Infrastructure & Highways,Ministry of Railways,N24002222,Multi-State,3321.12,3321.12,1385.02,41.7,2021-03-01,2026-12-31,2029-12-31,2026-04-01,12,0.0,0
PAIM-10302,(NHIDCL) (618404) (-) (10302),Infrastructure & Highways,Ministry of Railways,10302,Multi-State,3087.0,3087.0,1327.39,43.0,2024-03-01,2027-12-31,2028-12-31,2026-04-01,0,0.0,0
PAIM-10303,(NHIDCL) (618405) (N24002224) (10303),Infrastructure & Highways,Ministry of Railways,N24002224,Multi-State,3989.65,3989.65,2093.54,52.5,2021-03-01,2028-12-31,2027-12-31,2026-04-01,18,0.0,0
PAIM-10309,(NHIDCL) (618434) (N24000946) (10309),Infrastructure & Highways,Ministry of Railways,N24000946,Multi-State,779.68,779.68,596.41,76.5,2021-03-01,2028-12-31,2029-12-31,2026-04-01,6,0.0,0
PAIM-10132,(MoRTH) (617895) (N24001840) (10132),Infrastructure & Highways,Ministry of Railways,N24001840,Assam,2556.8,2556.8,479.24,18.7,2021-03-01,2026-12-31,2028-12-31,2026-04-01,24,0.0,0
PAIM-10237,(NHIDCL) (618282) (N24002023) (10237),Infrastructure & Highways,Ministry of Railways,N24002023,Assam,4128.74,4128.74,1065.53,25.8,2023-03-01,2026-12-31,2029-12-31,2026-04-01,24,0.0,0
PAIM-10238,(NHIDCL) (618283) (N24002022) (10238),Infrastructure & Highways,Ministry of Railways,N24002022,Assam,2232.37,2232.37,1798.73,80.6,2021-03-01,2026-12-31,2028-12-31,2026-04-01,24,0.0,0
PAIM-10239,(NHIDCL) (618284) (N24002021) (10239),Infrastructure & Highways,Ministry of Railways,N24002021,Assam,822.63,822.63,582.02,70.8,2021-03-01,2027-12-31,2027-12-31,2026-04-01,24,0.0,0
PAIM-10240,(NHIDCL) (618286) (N24001434) (10240),Infrastructure & Highways,Ministry of Railways,N24001434,Assam,1806.35,1806.35,1260.12,69.8,2022-03-01,2027-12-31,2028-12-31,2026-04-01,12,0.0,0
PAIM-10241,(NHIDCL) (618287) (N24002229) (10241),Infrastructure & Highways,Ministry of Railways,N24002229,Assam,515.52,515.52,219.0,42.5,2024-03-01,2026-12-31,2028-12-31,2026-04-01,12,0.0,0
PAIM-10242,(NHIDCL) (618288) (N24002225) (10242),Infrastructure & Highways,Ministry of Railways,N24002225,Assam,1776.69,1776.69,944.53,53.2,2022-03-01,2027-12-31,2028-12-31,2026-04-01,18,0.0,0
PAIM-10247,(NHIDCL) (618308) (N24002154) (10247),Infrastructure & Highways,Ministry of Railways,N24002154,Assam,3994.43,3994.43,2160.82,54.1,2022-03-01,2028-12-31,2028-12-31,2026-04-01,36,0.0,0
PAIM-10248,(NHIDCL) (618309) (-) (10248),Infrastructure & Highways,Ministry of Railways,10248,Assam,2697.51,2697.51,722.36,26.8,2023-03-01,2026-12-31,2029-12-31,2026-04-01,6,0.0,0
PAIM-10249,(NHIDCL) (618310) (N24002231) (10249),Infrastructure & Highways,Ministry of Railways,N24002231,Assam,1346.0,1346.0,862.12,64.1,2024-03-01,2026-12-31,2028-12-31,2026-04-01,18,0.0,0
PAIM-10250,(NHIDCL) (618311) (N24002230) (10250),Infrastructure & Highways,Ministry of Railways,N24002230,Assam,3470.75,3470.75,2461.06,70.9,2021-03-01,2027-12-31,2029-12-31,2026-04-01,12,0.0,0
PAIM-10251,(NHIDCL) (618312) (N24002243) (10251),Infrastructure & Highways,Ministry of Railways,N24002243,Assam,1016.39,1016.39,790.83,77.8,2021-03-01,2026-12-31,2028-12-31,2026-04-01,6,0.0,0
PAIM-10252,(NHIDCL) (618313) (-) (10252),Infrastructure & Highways,Ministry of Railways,10252,Assam,3296.48,3296.48,1395.12,42.3,2023-03-01,2028-12-31,2027-12-31,2026-04-01,6,0.0,0
PAIM-10253,(NHIDCL) (618314) (N24002128) (10253),Infrastructure & Highways,Ministry of Railways,N24002128,Assam,2849.21,2849.21,1651.35,58.0,2023-03-01,2028-12-31,2027-12-31,2026-04-01,0,0.0,0
PAIM-10254,(NHIDCL) (618315) (N24002127) (10254),Infrastructure & Highways,Ministry of Railways,N24002127,Assam,486.34,486.34,293.5,60.3,2022-03-01,2028-12-31,2027-12-31,2026-04-01,36,0.0,0
PAIM-10261,(NHIDCL) (618326) (N24001450) (10261),Infrastructure & Highways,Ministry of Railways,N24001450,Assam,544.64,544.64,316.85,58.2,2021-03-01,2028-12-31,2027-12-31,2026-04-01,36,0.0,0
PAIM-10262,(NHIDCL) (618327) (N24001450) (10262),Infrastructure & Highways,Ministry of Railways,N24001450,Assam,2093.55,2093.55,1350.93,64.5,2024-03-01,2026-12-31,2028-12-31,2026-04-01,6,0.0,0
PAIM-10265,(NHIDCL) (618330) (N24001263) (10265),Infrastructure & Highways,Ministry of Railways,N24001263,Assam,1694.69,1694.69,262.69,15.5,2021-03-01,2027-12-31,2027-12-31,2026-04-01,24,0.0,0
PAIM-10266,(NHIDCL) (618331) (N24002226) (10266),Infrastructure & Highways,Ministry of Railways,N24002226,Assam,1841.75,1841.75,230.06,12.5,2021-03-01,2026-12-31,2028-12-31,2026-04-01,6,0.0,0
PAIM-10273,(NHIDCL) (618351) (N24001971) (10273),Infrastructure & Highways,Ministry of Railways,N24001971,Assam,1801.49,1801.49,540.3,30.0,2023-03-01,2026-12-31,2027-12-31,2026-04-01,12,0.0,0
PAIM-10274,(NHIDCL) (618352) (N24001970) (10274),Infrastructure & Highways,Ministry of Railways,N24001970,Assam,2997.21,2997.21,1963.36,65.5,2021-03-01,2027-12-31,2028-12-31,2026-04-01,12,0.0,0
PAIM-10275,(NHIDCL) (618353) (N24001969) (10275),Infrastructure & Highways,Ministry of Railways,N24001969,Assam,2488.34,2488.34,1150.35,46.2,2023-03-01,2028-12-31,2027-12-31,2026-04-01,12,0.0,0
PAIM-10276,(NHIDCL) (618354) (N24002130) (10276),Infrastructure & Highways,Ministry of Railways,N24002130,Assam,1432.57,1432.57,930.11,64.9,2023-03-01,2026-12-31,2029-12-31,2026-04-01,6,0.0,0
PAIM-10285,(NHIDCL) (618371) (N24001831) (10285),Infrastructure & Highways,Ministry of Railways,N24001831,Assam,1538.58,1538.58,827.25,53.8,2024-03-01,2027-12-31,2028-12-31,2026-04-01,18,0.0,0
PAIM-10286,(NHIDCL) (618372) (N24001544) (10286),Infrastructure & Highways,Ministry of Railways,N24001544,Assam,1128.49,1128.49,732.2,64.9,2023-03-01,2028-12-31,2028-12-31,2026-04-01,18,0.0,0
PAIM-10287,(NHIDCL) (618373) (N24001326) (10287),Infrastructure & Highways,Ministry of Railways,N24001326,Assam,3995.54,3995.54,698.15,17.5,2022-03-01,2027-12-31,2028-12-31,2026-04-01,0,0.0,0
PAIM-10310,(NHIDCL) (618436) (N24000431) (10310),Infrastructure & Highways,Ministry of Railways,N24000431,Assam,4063.84,4063.84,2807.88,69.1,2023-03-01,2028-12-31,2029-12-31,2026-04-01,12,0.0,0
PAIM-10313,(NHIDCL) (618454) (N24002030) (10313),Infrastructure & Highways,Ministry of Railways,N24002030,Assam,3747.14,3747.14,617.68,16.5,2023-03-01,2028-12-31,2028-12-31,2026-04-01,12,0.0,0
PAIM-10314,(NHIDCL) (618455) (N24002030) (10314),Infrastructure & Highways,Ministry of Railways,N24002030,Assam,2741.06,2741.06,335.42,12.2,2021-03-01,2026-12-31,2027-12-31,2026-04-01,6,0.0,0
PAIM-10693,(National Highways Authority of India [NHAI]) (618958) (-) (10693),Infrastructure & Highways,Ministry of Railways,10693,Assam,4497.78,4497.78,829.83,18.4,2022-03-01,2028-12-31,2028-12-31,2026-04-01,24,0.0,0
PAIM-10807,(NHIDCL) (619013) (N24000320) (10807),Infrastructure & Highways,Ministry of Railways,N24000320,Assam,2232.23,2232.23,1159.97,52.0,2024-03-01,2027-12-31,2028-12-31,2026-04-01,6,0.0,0
PAIM-11755,(NHIDCL) (619057) (N24002129) (11755),Infrastructure & Highways,Ministry of Railways,N24002129,Assam,522.71,522.71,201.78,38.6,2022-03-01,2028-12-31,2027-12-31,2026-04-01,0,0.0,0
PAIM-11756,(NHIDCL) (619060) (N24000320) (11756),Infrastructure & Highways,Ministry of Railways,N24000320,Assam,3887.83,3887.83,2516.64,64.7,2023-03-01,2026-12-31,2028-12-31,2026-04-01,18,0.0,0
PAIM-11770,(NHAI) (619089) (N24001547) (11770),Infrastructure & Highways,Ministry of Railways,N24001547,Bihar,2648.28,2648.28,456.48,17.2,2024-03-01,2027-12-31,2029-12-31,2026-04-01,36,0.0,0
PAIM-617897,EPC mode connecting NH 19 to 85 origin (MoRTH) (617897),Infrastructure & Highways,Ministry of Railways,617897,Bihar,2240.7,2240.7,1067.76,47.7,2024-03-01,2026-12-31,2029-12-31,2026-04-01,24,0.0,0
PAIM-617958,Widening & Strenthening from km132.895 to km 190.15 NH-80 (MoRTH) (617958),Infrastructure & Highways,Ministry of Railways,617958,Bihar,1429.93,1429.93,930.51,65.1,2022-03-01,2028-12-31,2029-12-31,2026-04-01,0,0.0,0
PAIM-10151,(MoRTH) (617958) (N24001876) (10151),Infrastructure & Highways,Ministry of Railways,N24001876,Bihar,1869.11,1869.11,888.94,47.6,2022-03-01,2028-12-31,2028-12-31,2026-04-01,12,0.0,0
PAIM-617959,on EPC Mode in the State of Bihar. (MoRTH) (617959),Infrastructure & Highways,Ministry of Railways,617959,Bihar,1857.58,1857.58,1250.79,67.3,2024-03-01,2026-12-31,2027-12-31,2026-04-01,0,0.0,0
PAIM-617961,Gaya-Hisua-Rajgir-Nalanda-Biharsharif section km0.00 to 92.935 NH-82 (MoRTH) (617961),Infrastructure & Highways,Ministry of Railways,617961,Bihar,3165.51,3165.51,754.24,23.8,2024-03-01,2027-12-31,2029-12-31,2026-04-01,18,0.0,0
PAIM-10152,(MoRTH) (617961) (N24000579) (10152),Infrastructure & Highways,Ministry of Railways,N24000579,Bihar,4458.69,4458.69,663.51,14.9,2023-03-01,2027-12-31,2027-12-31,2026-04-01,24,0.0,0
PAIM-617966,NHIIP-BR-106-7 [NHIIP-BR-106-7] (MoRTH) (617966),Infrastructure & Highways,Ministry of Railways,617966,Bihar,2781.75,2781.75,1874.51,67.4,2024-03-01,2026-12-31,2028-12-31,2026-04-01,18,0.0,0
PAIM-10153,(MoRTH) (617966) (N24000382) (10153),Infrastructure & Highways,Ministry of Railways,N24000382,Bihar,2584.11,2584.11,1634.47,63.3,2023-03-01,2026-12-31,2028-12-31,2026-04-01,24,0.0,0
PAIM-617969,Islampur IPR section in the state of Bihar on EPC mode. (MoRTH) (617969),Infrastructure & Highways,Ministry of Railways,617969,Bihar,646.78,646.78,487.37,75.4,2022-03-01,2028-12-31,2027-12-31,2026-04-01,6,0.0,0
PAIM-618004,16.150 Kmunder EPC mode in the state of Bihar (MoRTH) (618004),Infrastructure & Highways,Ministry of Railways,618004,Bihar,2622.79,2622.79,1277.87,48.7,2022-03-01,2028-12-31,2028-12-31,2026-04-01,0,0.0,0
PAIM-618005,Sheohar-Sitamarhi Section km 40.000 to 79.400 km Lot-I (MoRTH) (618005),Infrastructure & Highways,Ministry of Railways,618005,Bihar,3631.85,3631.85,1038.19,28.6,2023-03-01,2028-12-31,2029-12-31,2026-04-01,24,0.0,0
PAIM-618006,Sitamarhi-Jaynagar Section km 79.400 to km 156.500 Lot-II (MoRTH) (618006),Infrastructure & Highways,Ministry of Railways,618006,Bihar,3170.6,3170.6,1862.08,58.7,2024-03-01,2027-12-31,2028-12-31,2026-04-01,0,0.0,0
PAIM-10161,(MoRTH) (618006) (N24001590) (10161),Infrastructure & Highways,Ministry of Railways,N24001590,Bihar,3867.72,3867.72,979.81,25.3,2024-03-01,2027-12-31,2027-12-31,2026-04-01,6,0.0,0
PAIM-618007,Jaynagar-Narahia Section km 156.500 to km 219.945 Lot-III (MoRTH) (618007),Infrastructure & Highways,Ministry of Railways,618007,Bihar,4449.91,4449.91,3496.46,78.6,2021-03-01,2026-12-31,2028-12-31,2026-04-01,24,0.0,0
PAIM-10162,(MoRTH) (618007) (N24001792) (10162),Infrastructure & Highways,Ministry of Railways,N24001792,Bihar,1732.49,1732.49,233.72,13.5,2024-03-01,2028-12-31,2027-12-31,2026-04-01,0,0.0,0
PAIM-618073,Km 29.730 of NH 122 B in the State of Bihar. (MoRTH) (618073),Infrastructure & Highways,Ministry of Railways,618073,Bihar,211.95,211.95,29.83,14.1,2022-03-01,2027-12-31,2027-12-31,2026-04-01,6,0.0,0
PAIM-618074,under EPC mode (MoRTH) (618074),Infrastructure & Highways,Ministry of Railways,618074,Bihar,2980.79,2980.79,2404.86,80.7,2023-03-01,2028-12-31,2027-12-31,2026-04-01,18,0.0,0
PAIM-10173,(MoRTH) (618074) (N24001870) (10173),Infrastructure & Highways,Ministry of Railways,N24001870,Bihar,1615.39,1615.39,476.51,29.5,2022-03-01,2028-12-31,2029-12-31,2026-04-01,24,0.0,0
PAIM-618080,under EPC mode in the state of Bihar (MoRTH) (618080),Infrastructure & Highways,Ministry of Railways,618080,Bihar,1977.9,1977.9,1263.91,63.9,2023-03-01,2026-12-31,2027-12-31,2026-04-01,0,0.0,0
PAIM-618120,Package - 2 in the State of Bihar on EPC Mode. (MoRTH) (618120),Infrastructure & Highways,Ministry of Railways,618120,Bihar,3525.34,3525.34,1414.2,40.1,2024-03-01,2028-12-31,2027-12-31,2026-04-01,6,0.0,0
PAIM-618121,state of Bihar under EPC mode (MoRTH) (618121),Infrastructure & Highways,Ministry of Railways,618121,Bihar,2464.43,2464.43,1856.26,75.3,2024-03-01,2026-12-31,2028-12-31,2026-04-01,24,0.0,0
PAIM-618126,length-14.359 Km to two lane with paved shoulders standard in State of Bihar. (MoRTH) (618126),Infrastructure & Highways,Ministry of Railways,618126,Bihar,956.58,956.58,571.63,59.8,2021-03-01,2026-12-31,2027-12-31,2026-04-01,24,0.0,0
PAIM-618146,from km 3.500 to 43.000 of NH 527 E on EPC mode in State of Bihar (MoRTH) (618146),Infrastructure & Highways,Ministry of Railways,618146,Bihar,1159.53,1159.53,642.85,55.4,2022-03-01,2028-12-31,2029-12-31,2026-04-01,6,0.0,0
PAIM-618228,0.00 to km 14.500 across river Ganga on NH-19 at Patna in the state of Bihar. (MoRTH) (618228),Infrastructure & Highways,Ministry of Railways,618228,Bihar,2542.16,2542.16,1324.35,52.1,2024-03-01,2026-12-31,2029-12-31,2026-04-01,12,0.0,0
PAIM-10221,(MoRTH) (618228) (N24001201) (10221),Infrastructure & Highways,Ministry of Railways,N24001201,Bihar,3569.86,3569.86,1917.18,53.7,2022-03-01,2026-12-31,2027-12-31,2026-04-01,18,0.0,0
PAIM-618234,EPC mode (MoRTH) (618234),Infrastructure & Highways,Ministry of Railways,618234,Bihar,625.62,625.62,368.2,58.9,2023-03-01,2026-12-31,2028-12-31,2026-04-01,24,0.0,0
PAIM-10223,(MoRTH) (618234) (N24000943) (10223),Infrastructure & Highways,Ministry of Railways,N24000943,Bihar,2120.09,2120.09,774.05,36.5,2021-03-01,2028-12-31,2029-12-31,2026-04-01,6,0.0,0
PAIM-618246,Bihar (MoRTH) (618246),Infrastructure & Highways,Ministry of Railways,618246,Bihar,4286.72,4286.72,751.44,17.5,2021-03-01,2027-12-31,2029-12-31,2026-04-01,12,0.0,0
PAIM-10226,(MoRTH) (618246) (N24001877) (10226),Infrastructure & Highways,Ministry of Railways,N24001877,Bihar,213.37,213.37,142.7,66.9,2021-03-01,2028-12-31,2027-12-31,2026-04-01,0,0.0,0
PAIM-618250,Bihar (MoRTH) (618250),Infrastructure & Highways,Ministry of Railways,618250,Bihar,3456.55,3456.55,2080.84,60.2,2022-03-01,2028-12-31,2027-12-31,2026-04-01,12,0.0,0
PAIM-10228,(MoRTH) (618250) (N24002194) (10228),Infrastructure & Highways,Ministry of Railways,N24002194,Bihar,1332.18,1332.18,760.17,57.1,2021-03-01,2028-12-31,2029-12-31,2026-04-01,18,0.0,0
PAIM-618251,Annuity Model HAM basis (MoRTH) (618251),Infrastructure & Highways,Ministry of Railways,618251,Bihar,1540.88,1540.88,640.15,41.5,2022-03-01,2028-12-31,2027-12-31,2026-04-01,0,0.0,0
PAIM-10229,(MoRTH) (618251) (-) (10229),Infrastructure & Highways,Ministry of Railways,10229,Bihar,1664.16,1664.16,1010.71,60.7,2021-03-01,2028-12-31,2028-12-31,2026-04-01,18,0.0,0
PAIM-618569,Balance work - WB-10 Gandak Bridge Km 402.00 to Km 440.00 Devanpur - Kotwa (National Highways Authority of India [NHAI]),Infrastructure & Highways,Ministry of Railways,618569,Bihar,623.35,623.35,335.04,53.7,2023-03-01,2026-12-31,2029-12-31,2026-04-01,18,0.0,0
PAIM-618570,384.000 to Km. 386.750 on NH-27 (National Highways Authority of India [NHAI]) (618570),Infrastructure & Highways,Ministry of Railways,618570,Bihar,3657.88,3657.88,2413.19,66.0,2022-03-01,2026-12-31,2028-12-31,2026-04-01,36,0.0,0
PAIM-618571,km.520.000 Total length 80.00Km (National Highways Authority of India [NHAI]) (618571),Infrastructure & Highways,Ministry of Railways,618571,Bihar,3124.1,3124.1,1395.02,44.7,2021-03-01,2026-12-31,2028-12-31,2026-04-01,24,0.0,0
PAIM-618582,NH327E (National Highways Authority of India [NHAI]) (618582),Infrastructure & Highways,Ministry of Railways,618582,Bihar,2714.42,2714.42,1619.76,59.7,2023-03-01,2026-12-31,2027-12-31,2026-04-01,0,0.0,0
PAIM-10418,(National Highways Authority of India [NHAI]) (618582) (-) (10418),Infrastructure & Highways,Ministry of Railways,10418,Bihar,2994.86,2994.86,638.08,21.3,2024-03-01,2026-12-31,2027-12-31,2026-04-01,36,0.0,0
PAIM-618583,327E (National Highways Authority of India [NHAI]) (618583),Infrastructure & Highways,Ministry of Railways,618583,Bihar,2111.2,2111.2,960.35,45.5,2022-03-01,2028-12-31,2029-12-31,2026-04-01,6,0.0,0
PAIM-10419,(National Highways Authority of India [NHAI]) (618583) (-) (10419),Infrastructure & Highways,Ministry of Railways,10419,Bihar,3241.09,3241.09,2157.35,66.6,2023-03-01,2026-12-31,2029-12-31,2026-04-01,24,0.0,0
PAIM-618725,Anarbansalea village From KM. 116000 to KM. 151200 Package-6 (National Highways Authority of India [NHAI]) (618725),Infrastructure & Highways,Ministry of Railways,618725,Bihar,244.81,244.81,92.97,38.0,2022-03-01,2026-12-31,2028-12-31,2026-04-01,12,0.0,0
PAIM-10520,(National Highways Authority of India [NHAI]) (618725) (-) (10520),Infrastructure & Highways,Ministry of Railways,10520,Bihar,2009.16,2009.16,428.42,21.3,2024-03-01,2028-12-31,2028-12-31,2026-04-01,6,0.0,0
PAIM-618726,village from Km. 27.000 to Km. 54.000 Pkg-2 (National Highways Authority of India [NHAI]) (618726),Infrastructure & Highways,Ministry of Railways,618726,Bihar,2707.12,2707.12,382.97,14.1,2022-03-01,2026-12-31,2028-12-31,2026-04-01,18,0.0,0
PAIM-10521,(National Highways Authority of India [NHAI]) (618726) (-) (10521),Infrastructure & Highways,Ministry of Railways,10521,Bihar,1518.06,1518.06,901.35,59.4,2024-03-01,2027-12-31,2029-12-31,2026-04-01,24,0.0,0
PAIM-618727,road in Bhairopur village to Konki village From KM. 54.000 to KM. 90.000Pkg-3 (National Highways Authority of India [NHA,Infrastructure & Highways,Ministry of Railways,618727,Bihar,2945.81,2945.81,1094.77,37.2,2023-03-01,2026-12-31,2028-12-31,2026-04-01,18,0.0,0
PAIM-10522,(National Highways Authority of India [NHAI]) (618727) (-) (10522),Infrastructure & Highways,Ministry of Railways,10522,Bihar,1344.31,1344.31,1108.77,82.5,2024-03-01,2026-12-31,2027-12-31,2026-04-01,0,0.0,0
PAIM-618738,131G starting from Km 8.480 near Sherpur to Km 23.000 near Dighwara (National Highways Authority of India [NHAI]) (61873,Infrastructure & Highways,Ministry of Railways,618738,Bihar,998.5,998.5,250.28,25.1,2024-03-01,2026-12-31,2027-12-31,2026-04-01,0,0.0,0
PAIM-10527,(National Highways Authority of India [NHAI]) (618738) (N24002062) (10527),Infrastructure & Highways,Ministry of Railways,N24002062,Bihar,1570.05,1570.05,315.96,20.1,2021-03-01,2027-12-31,2028-12-31,2026-04-01,18,0.0,0
PAIM-618739,119 D Pkg-I (National Highways Authority of India [NHAI]) (618739),Infrastructure & Highways,Ministry of Railways,618739,Bihar,669.41,669.41,328.33,49.0,2022-03-01,2028-12-31,2029-12-31,2026-04-01,0,0.0,0
PAIM-10528,(National Highways Authority of India [NHAI]) (618739) (N24002065) (10528),Infrastructure & Highways,Ministry of Railways,N24002065,Bihar,2529.19,2529.19,1443.97,57.1,2024-03-01,2026-12-31,2028-12-31,2026-04-01,18,0.0,0
PAIM-618740,109.300 of NH 119 D Pkg-II (National Highways Authority of India [NHAI]) (618740),Infrastructure & Highways,Ministry of Railways,618740,Bihar,268.66,268.66,192.55,71.7,2024-03-01,2028-12-31,2027-12-31,2026-04-01,0,0.0,0
PAIM-10529,(National Highways Authority of India [NHAI]) (618740) (N24002066) (10529),Infrastructure & Highways,Ministry of Railways,N24002066,Bihar,2250.37,2250.37,758.34,33.7,2022-03-01,2027-12-31,2027-12-31,2026-04-01,24,0.0,0
PAIM-618741,4L  Greenfield Alignment from Kalyanapur to Tal Dashraha of NH-119D Pkg-III (NHAI) (618741),Infrastructure & Highways,Ministry of Railways,618741,Bihar,1665.62,1665.62,624.16,37.5,2023-03-01,2026-12-31,2027-12-31,2026-04-01,6,0.0,0
PAIM-10530,(NHAI) (618741) (N24001697) (10530),Infrastructure & Highways,Ministry of Railways,N24001697,Bihar,2941.98,2941.98,1809.91,61.5,2024-03-01,2027-12-31,2027-12-31,2026-04-01,18,0.0,0
PAIM-12151,(National Highways Authority of India [NHAI]) (618742) (-) (12151),Infrastructure & Highways,Ministry of Railways,12151,Bihar,1332.22,1332.22,823.4,61.8,2021-03-01,2027-12-31,2029-12-31,2026-04-01,0,0.0,0
PAIM-618774,Ara - Mohania Pkg-II (National Highways Authority of India [NHAI]) (618774),Infrastructure & Highways,Ministry of Railways,618774,Bihar,1918.69,1918.69,1379.84,71.9,2024-03-01,2027-12-31,2029-12-31,2026-04-01,0,0.0,0
PAIM-10551,(National Highways Authority of India [NHAI]) (618774) (N24001712) (10551),Infrastructure & Highways,Ministry of Railways,N24001712,Bihar,3601.98,3601.98,644.85,17.9,2021-03-01,2026-12-31,2029-12-31,2026-04-01,0,0.0,0
PAIM-618775,Ara Bypass (National Highways Authority of India [NHAI]) (618775),Infrastructure & Highways,Ministry of Railways,618775,Bihar,1884.95,1884.95,1089.65,57.8,2024-03-01,2027-12-31,2028-12-31,2026-04-01,12,0.0,0
PAIM-618779,4L of Aurangabad-Paithan (NHAI) (618779),Infrastructure & Highways,Ministry of Railways,618779,Bihar,1315.25,1315.25,905.35,68.8,2021-03-01,2027-12-31,2027-12-31,2026-04-01,36,0.0,0
PAIM-10564,(National Highways Authority of India [NHAI]) (618790) (-) (10564),Infrastructure & Highways,Ministry of Railways,10564,Bihar,3097.11,3097.11,779.71,25.2,2022-03-01,2028-12-31,2027-12-31,2026-04-01,6,0.0,0
PAIM-618791,4L PS under NH configuration of Manikpur-Sahebganj of NH-139W (National Highways Authority of India [NHAI]) (618791),Infrastructure & Highways,Ministry of Railways,618791,Bihar,3296.79,3296.79,2539.28,77.0,2022-03-01,2027-12-31,2027-12-31,2026-04-01,12,0.0,0
PAIM-618839,Aunta - Simaria including Ganga Bridge (National Highways Authority of India [NHAI]) (618839),Infrastructure & Highways,Ministry of Railways,618839,Bihar,4115.73,4115.73,600.74,14.6,2024-03-01,2028-12-31,2027-12-31,2026-04-01,0,0.0,0
PAIM-10601,(National Highways Authority of India [NHAI]) (618839) (N24000696) (10601),Infrastructure & Highways,Ministry of Railways,N24000696,Bihar,4274.25,4274.25,1056.17,24.7,2023-03-01,2027-12-31,2028-12-31,2026-04-01,0,0.0,0
PAIM-618840,Simaria Km. 206.050 to Khagaria Km. 266.282 (National Highways Authority of India [NHAI]) (618840),Infrastructure & Highways,Ministry of Railways,618840,Bihar,2164.59,2164.59,407.85,18.8,2024-03-01,2026-12-31,2027-12-31,2026-04-01,12,0.0,0
PAIM-10602,(National Highways Authority of India [NHAI]) (618840) (N24000480) (10602),Infrastructure & Highways,Ministry of Railways,N24000480,Bihar,3173.84,3173.84,2565.9,80.8,2021-03-01,2027-12-31,2029-12-31,2026-04-01,18,0.0,0
PAIM-618841,section  from Km. 221.047 to Km. 225.302 of NH-31 (National Highways Authority of India [NHAI]) (618841),Infrastructure & Highways,Ministry of Railways,618841,Bihar,1392.21,1392.21,227.64,16.4,2024-03-01,2026-12-31,2027-12-31,2026-04-01,12,0.0,0
PAIM-618861,Bakhtiyarpur-Rajauli Pkg-II from km. 54.405 to km.101.630 (National Highways Authority of India [NHAI]) (618861),Infrastructure & Highways,Ministry of Railways,618861,Bihar,3392.9,3392.9,1743.52,51.4,2021-03-01,2027-12-31,2029-12-31,2026-04-01,12,0.0,0
PAIM-10616,(National Highways Authority of India [NHAI]) (618861) (N24001709) (10616),Infrastructure & Highways,Ministry of Railways,N24001709,Bihar,2754.09,2754.09,998.99,36.3,2023-03-01,2027-12-31,2028-12-31,2026-04-01,24,0.0,0
PAIM-618862,Bakhtiyarpur-Rajauli Pkg-III from km. 101.630 to km.152.520 (National Highways Authority of India [NHAI]) (618862),Infrastructure & Highways,Ministry of Railways,618862,Bihar,3809.28,3809.28,396.87,10.4,2021-03-01,2028-12-31,2029-12-31,2026-04-01,18,0.0,0
PAIM-10617,(National Highways Authority of India [NHAI]) (618862) (-) (10617),Infrastructure & Highways,Ministry of Railways,10617,Bihar,3759.49,3759.49,906.33,24.1,2023-03-01,2028-12-31,2028-12-31,2026-04-01,24,0.0,0
PAIM-618902,Maheshkunt-Saharsa-Purnea Pkg I km 0.00 to km. 90.00 of NH-107 (National Highways Authority of India [NHAI]) (618902),Infrastructure & Highways,Ministry of Railways,618902,Bihar,2520.84,2520.84,1383.05,54.9,2024-03-01,2028-12-31,2027-12-31,2026-04-01,6,0.0,0
PAIM-10651,(National Highways Authority of India [NHAI]) (618902) (N24000723) (10651),Infrastructure & Highways,Ministry of Railways,N24000723,Bihar,3617.02,3617.02,1130.18,31.2,2023-03-01,2028-12-31,2027-12-31,2026-04-01,0,0.0,0
PAIM-618903,Maheshkunt -Saharsa-Purnea Pkg II (National Highways Authority of India [NHAI]) (618903),Infrastructure & Highways,Ministry of Railways,618903,Bihar,3636.0,3636.0,938.92,25.8,2023-03-01,2027-12-31,2029-12-31,2026-04-01,36,0.0,0
PAIM-10652,(National Highways Authority of India [NHAI]) (618903) (N24000665) (10652),Infrastructure & Highways,Ministry of Railways,N24000665,Bihar,1542.56,1542.56,710.52,46.1,2024-03-01,2028-12-31,2027-12-31,2026-04-01,18,0.0,0
PAIM-618904,Chhapra - Hajipur from km. 143.200 to km. 209.200 (National Highways Authority of India [NHAI]) (618904),Infrastructure & Highways,Ministry of Railways,618904,Bihar,239.86,239.86,85.65,35.7,2022-03-01,2028-12-31,2029-12-31,2026-04-01,18,0.0,0
PAIM-10653,(National Highways Authority of India [NHAI]) (618904) (N24000187) (10653),Infrastructure & Highways,Ministry of Railways,N24000187,Bihar,3870.46,3870.46,2301.74,59.5,2023-03-01,2028-12-31,2028-12-31,2026-04-01,0,0.0,0
PAIM-618905,143.200 to Km. 159.255 Pkg-1 (National Highways Authority of India [NHAI]) (618905),Infrastructure & Highways,Ministry of Railways,618905,Bihar,2789.94,2789.94,556.51,19.9,2021-03-01,2026-12-31,2028-12-31,2026-04-01,6,0.0,0
PAIM-10654,(National Highways Authority of India [NHAI]) (618905) (-) (10654),Infrastructure & Highways,Ministry of Railways,10654,Bihar,3716.22,3716.22,791.92,21.3,2023-03-01,2028-12-31,2027-12-31,2026-04-01,6,0.0,0
PAIM-618914,section (National Highways Authority of India [NHAI]) (618914),Infrastructure & Highways,Ministry of Railways,618914,Bihar,786.54,786.54,406.56,51.7,2023-03-01,2027-12-31,2028-12-31,2026-04-01,0,0.0,0
PAIM-10661,(National Highways Authority of India [NHAI]) (618914) (-) (10661),Infrastructure & Highways,Ministry of Railways,10661,Bihar,2123.83,2123.83,1519.16,71.5,2021-03-01,2027-12-31,2029-12-31,2026-04-01,18,0.0,0
PAIM-618915,83 (National Highways Authority of India [NHAI]) (618915),Infrastructure & Highways,Ministry of Railways,618915,Bihar,207.55,207.55,120.52,58.1,2021-03-01,2026-12-31,2028-12-31,2026-04-01,12,0.0,0
PAIM-10662,(National Highways Authority of India [NHAI]) (618915) (N24001304) (10662),Infrastructure & Highways,Ministry of Railways,N24001304,Bihar,2607.28,2607.28,872.83,33.5,2022-03-01,2026-12-31,2027-12-31,2026-04-01,0,0.0,0
PAIM-618916,NH-83 (National Highways Authority of India [NHAI]) (618916),Infrastructure & Highways,Ministry of Railways,618916,Bihar,1032.61,1032.61,276.98,26.8,2022-03-01,2027-12-31,2028-12-31,2026-04-01,18,0.0,0
PAIM-10663,(National Highways Authority of India [NHAI]) (618916) (N24001305) (10663),Infrastructure & Highways,Ministry of Railways,N24001305,Bihar,2971.11,2971.11,1881.84,63.3,2022-03-01,2026-12-31,2027-12-31,2026-04-01,6,0.0,0
PAIM-618917,point of Patna-Gaya-Dobhi Section of NH-83 (National Highways Authority of India [NHAI]) (618917),Infrastructure & Highways,Ministry of Railways,618917,Bihar,1875.52,1875.52,772.23,41.2,2021-03-01,2027-12-31,2027-12-31,2026-04-01,12,0.0,0
PAIM-618926,NH-227A (National Highways Authority of India [NHAI]) (618926),Infrastructure & Highways,Ministry of Railways,618926,Bihar,1508.78,1508.78,1056.24,70.0,2024-03-01,2026-12-31,2027-12-31,2026-04-01,24,0.0,0
PAIM-10670,(National Highways Authority of India [NHAI]) (618926) (-) (10670),Infrastructure & Highways,Ministry of Railways,10670,Bihar,836.24,836.24,203.86,24.4,2024-03-01,2027-12-31,2027-12-31,2026-04-01,24,0.0,0
PAIM-618953,Umagaon-Saharsa Package-IV Koshi Bridge & approach Road - Bheja-Bakaur (NHAI) (618953),Infrastructure & Highways,Ministry of Railways,618953,Bihar,1258.15,1258.15,549.52,43.7,2024-03-01,2027-12-31,2029-12-31,2026-04-01,6,0.0,0
PAIM-10689,(NHAI) (618953) (N24001371) (10689),Infrastructure & Highways,Ministry of Railways,N24001371,Bihar,1513.4,1513.4,1232.1,81.4,2022-03-01,2027-12-31,2029-12-31,2026-04-01,12,0.0,0
PAIM-618954,KM to 15.00KM of NH527ABideshwarsthan-Bheja0.000KM to 25.915KM of NH527A. (NHAI) (618954),Infrastructure & Highways,Ministry of Railways,618954,Bihar,1173.76,1173.76,465.69,39.7,2021-03-01,2026-12-31,2028-12-31,2026-04-01,12,0.0,0
PAIM-10690,(NHAI) (618954) (-) (10690),Infrastructure & Highways,Ministry of Railways,10690,Bihar,825.92,825.92,568.67,68.9,2024-03-01,2027-12-31,2028-12-31,2026-04-01,24,0.0,0
PAIM-618955,2L PS of Majhauli to Charout section from km. 0.00 to km. 63.655 (NHAI) (618955),Infrastructure & Highways,Ministry of Railways,618955,Bihar,1247.68,1247.68,181.81,14.6,2023-03-01,2028-12-31,2029-12-31,2026-04-01,24,0.0,0
PAIM-10691,(NHAI) (618955) (N24000813) (10691),Infrastructure & Highways,Ministry of Railways,N24000813,Bihar,2998.31,2998.31,1006.96,33.6,2023-03-01,2026-12-31,2029-12-31,2026-04-01,0,0.0,0
PAIM-618956,Approaches from Design km.16.500 to km.21.500 (NHAI) (618956),Infrastructure & Highways,Ministry of Railways,618956,Bihar,2221.49,2221.49,1353.06,60.9,2021-03-01,2027-12-31,2028-12-31,2026-04-01,6,0.0,0
PAIM-619127,Nawda Section  of NH-119D (NHAI) (619127),Infrastructure & Highways,Ministry of Railways,619127,Bihar,3555.05,3555.05,2527.61,71.1,2022-03-01,2027-12-31,2027-12-31,2026-04-01,6,0.0,0
PAIM-11796,(NHAI) (619127) (-) (11796),Infrastructure & Highways,Ministry of Railways,11796,Bihar,2292.22,2292.22,846.04,36.9,2022-03-01,2028-12-31,2029-12-31,2026-04-01,6,0.0,0
PAIM-619136,No 227F to 2 lane with paved shoulders from Design Ch.0.000 to Ch. 34.566 (National Highways Authority of India [NHAI]) ,Infrastructure & Highways,Ministry of Railways,619136,Bihar,3094.69,3094.69,2399.36,77.5,2021-03-01,2026-12-31,2029-12-31,2026-04-01,12,0.0,0
PAIM-11803,(National Highways Authority of India [NHAI]) (619136) (-) (11803),Infrastructure & Highways,Ministry of Railways,11803,Bihar,1551.94,1551.94,1204.91,77.6,2021-03-01,2027-12-31,2029-12-31,2026-04-01,12,0.0,0
PAIM-619152,Bakhtiyarpur Km 153.300 to Mokama Km 197.900 (National Highways Authority of India [NHAI]) (619152),Infrastructure & Highways,Ministry of Railways,619152,Bihar,2519.07,2519.07,567.34,22.5,2024-03-01,2028-12-31,2028-12-31,2026-04-01,12,0.0,0
PAIM-619166,Umagaon-Saharsa Package-V Bakaur-Parsarma-Bangaon-Bariyahi & Spur to Mahishi (NHAI) (619166),Infrastructure & Highways,Ministry of Railways,619166,Bihar,3614.77,3614.77,1502.44,41.6,2022-03-01,2027-12-31,2028-12-31,2026-04-01,6,0.0,0
PAIM-11820,(NHAI) (619166) (-) (11820),Infrastructure & Highways,Ministry of Railways,11820,Bihar,327.11,327.11,227.36,69.5,2022-03-01,2026-12-31,2028-12-31,2026-04-01,0,0.0,0
PAIM-619289,69520 to Km 95580 Pkg-1 (NHAI) (619289),Infrastructure & Highways,Ministry of Railways,619289,Bihar,4287.3,4287.3,3615.25,84.3,2024-03-01,2027-12-31,2028-12-31,2026-04-01,36,0.0,0
PAIM-12091,(NHAI) (619289) (-) (12091),Infrastructure & Highways,Ministry of Railways,12091,Bihar,1349.78,1349.78,307.21,22.8,2023-03-01,2027-12-31,2029-12-31,2026-04-01,24,0.0,0
PAIM-619301,Munger Ghat  NH-333 B (NHAI) (619301),Infrastructure & Highways,Ministry of Railways,619301,Bihar,1127.03,1127.03,440.38,39.1,2021-03-01,2026-12-31,2028-12-31,2026-04-01,0,0.0,0
PAIM-619305,from Km 125000 to Km 157350 Pkg-3 (NHAI) (619305),Infrastructure & Highways,Ministry of Railways,619305,Bihar,1317.48,1317.48,560.44,42.5,2023-03-01,2027-12-31,2029-12-31,2026-04-01,6,0.0,0
PAIM-12095,(NHAI) (619305) (-) (12095),Infrastructure & Highways,Ministry of Railways,12095,Bihar,4016.69,4016.69,1607.08,40.0,2022-03-01,2028-12-31,2027-12-31,2026-04-01,18,0.0,0
PAIM-619306,4L of Munger  Mirzachauki section from Km 95580 to Km 125000 Pkg-2 (NHAI) (619306),Infrastructure & Highways,Ministry of Railways,619306,Bihar,2265.62,2265.62,959.07,42.3,2021-03-01,2026-12-31,2027-12-31,2026-04-01,12,0.0,0
PAIM-12096,(NHAI) (619306) (-) (12096),Infrastructure & Highways,Ministry of Railways,12096,Bihar,1051.57,1051.57,426.13,40.5,2023-03-01,2028-12-31,2028-12-31,2026-04-01,6,0.0,0
PAIM-617908,Bemetara Bypass NH 30 (MoRTH) (617908),Infrastructure & Highways,Ministry of Railways,617908,Bihar,1768.8,1768.8,627.42,35.5,2022-03-01,2026-12-31,2029-12-31,2026-04-01,24,0.0,0
PAIM-617919,2017-18-56 (MoRTH) (617919),Infrastructure & Highways,Ministry of Railways,617919,Multi-State,3283.46,3283.46,2509.58,76.4,2023-03-01,2026-12-31,2029-12-31,2026-04-01,12,0.0,0
PAIM-617971,retained    on NH-130D under EPC mode in the State Chhattisgarh. (MoRTH) (617971),Infrastructure & Highways,Ministry of Railways,617971,Multi-State,1751.0,1751.0,820.97,46.9,2022-03-01,2026-12-31,2028-12-31,2026-04-01,18,0.0,0
PAIM-617972,NH-130D under EPC mode in the state of Chhattisgarh. (MoRTH) (617972),Infrastructure & Highways,Ministry of Railways,617972,Multi-State,2941.17,2941.17,2458.44,83.6,2022-03-01,2027-12-31,2028-12-31,2026-04-01,36,0.0,0
PAIM-617973,chhattisgarh.job No. 130-CG-2017-18-348 (MoRTH) (617973),Infrastructure & Highways,Ministry of Railways,617973,Multi-State,3967.98,3967.98,818.9,20.6,2023-03-01,2026-12-31,2027-12-31,2026-04-01,24,0.0,0
PAIM-618014,udner corridor scheme under EPC Mode in the of Chhattisgarh (MoRTH) (618014),Infrastructure & Highways,Ministry of Railways,618014,Multi-State,4388.56,4388.56,673.81,15.4,2021-03-01,2026-12-31,2027-12-31,2026-04-01,18,0.0,0
PAIM-618015,under Corridor scheme on EPC mode in the state of Chhattisgarh. (MoRTH) (618015),Infrastructure & Highways,Ministry of Railways,618015,Multi-State,491.16,491.16,378.86,77.1,2021-03-01,2026-12-31,2028-12-31,2026-04-01,12,0.0,0
PAIM-618016,shoulders under EPC mode in the state of Chhattisgarh (MoRTH) (618016),Infrastructure & Highways,Ministry of Railways,618016,Multi-State,4480.89,4480.89,2448.69,54.6,2022-03-01,2026-12-31,2029-12-31,2026-04-01,0,0.0,0
PAIM-618017,Corridor scheme on EPC mode in the state of Chhattisgarh. (MoRTH) (618017),Infrastructure & Highways,Ministry of Railways,618017,Multi-State,2690.54,2690.54,2108.26,78.4,2024-03-01,2027-12-31,2027-12-31,2026-04-01,6,0.0,0
PAIM-618018,in the (MoRTH) (618018),Infrastructure & Highways,Ministry of Railways,618018,Multi-State,1354.4,1354.4,888.31,65.6,2024-03-01,2027-12-31,2029-12-31,2026-04-01,0,0.0,0
PAIM-618064,Chhattisgarh under EPC mode (MoRTH) (618064),Infrastructure & Highways,Ministry of Railways,618064,Multi-State,2535.05,2535.05,2050.53,80.9,2021-03-01,2028-12-31,2027-12-31,2026-04-01,24,0.0,0
PAIM-618078,lane with paved shoulders in the State of Chhattisgarh on EPC mode. (MoRTH) (618078),Infrastructure & Highways,Ministry of Railways,618078,Multi-State,3333.44,3333.44,878.24,26.3,2022-03-01,2028-12-31,2028-12-31,2026-04-01,12,0.0,0
PAIM-618589,to near Khatti Village (National Highways Authority of India [NHAI]) (618589),Infrastructure & Highways,Ministry of Railways,618589,Multi-State,3366.96,3366.96,2003.99,59.5,2024-03-01,2028-12-31,2028-12-31,2026-04-01,6,0.0,0
PAIM-10422,(National Highways Authority of India [NHAI]) (618589) (N24002045) (10422),Infrastructure & Highways,Ministry of Railways,N24002045,Multi-State,3779.02,3779.02,1085.72,28.7,2023-03-01,2026-12-31,2029-12-31,2026-04-01,18,0.0,0
PAIM-618590,near Aurang (National Highways Authority of India [NHAI]) (618590),Infrastructure & Highways,Ministry of Railways,618590,Multi-State,2555.88,2555.88,1020.83,39.9,2024-03-01,2028-12-31,2029-12-31,2026-04-01,18,0.0,0
PAIM-10423,(National Highways Authority of India [NHAI]) (618590) (N24002046) (10423),Infrastructure & Highways,Ministry of Railways,N24002046,Multi-State,3681.47,3681.47,1646.66,44.7,2023-03-01,2026-12-31,2029-12-31,2026-04-01,6,0.0,0
PAIM-618639,4L of Bilaspur to Urga km 0.00 to 70.2 of NH-130A (National Highways Authority of India [NHAI]) (618639),Infrastructure & Highways,Ministry of Railways,618639,Multi-State,1850.79,1850.79,464.91,25.1,2023-03-01,2027-12-31,2029-12-31,2026-04-01,36,0.0,0
PAIM-10457,(National Highways Authority of India [NHAI]) (618639) (N24001611) (10457),Infrastructure & Highways,Ministry of Railways,N24001611,Multi-State,931.09,931.09,564.61,60.6,2021-03-01,2028-12-31,2027-12-31,2026-04-01,12,0.0,0
PAIM-618640,4L of Urga - Pathalgaon from Km. 70.200 to km. 157.745 of NH-130A (National Highways Authority of India [NHAI]) (618640),Infrastructure & Highways,Ministry of Railways,618640,Multi-State,2867.14,2867.14,1122.07,39.1,2021-03-01,2028-12-31,2028-12-31,2026-04-01,6,0.0,0
PAIM-10458,(National Highways Authority of India [NHAI]) (618640) (-) (10458),Infrastructure & Highways,Ministry of Railways,10458,Multi-State,4268.99,4268.99,2722.4,63.8,2021-03-01,2026-12-31,2027-12-31,2026-04-01,18,0.0,0
PAIM-618673,130CD Pkg-CG-1 (National Highways Authority of India [NHAI]) (618673),Infrastructure & Highways,Ministry of Railways,618673,Multi-State,3025.64,3025.64,1968.15,65.0,2024-03-01,2027-12-31,2029-12-31,2026-04-01,0,0.0,0
PAIM-10476,(National Highways Authority of India [NHAI]) (618673) (N24001593) (10476),Infrastructure & Highways,Ministry of Railways,N24001593,Multi-State,1310.73,1310.73,366.24,27.9,2021-03-01,2027-12-31,2028-12-31,2026-04-01,0,0.0,0
PAIM-618674,130CD Pkg-CG-2 (National Highways Authority of India [NHAI]) (618674),Infrastructure & Highways,Ministry of Railways,618674,Multi-State,1198.44,1198.44,702.12,58.6,2021-03-01,2027-12-31,2028-12-31,2026-04-01,6,0.0,0
PAIM-10477,(National Highways Authority of India [NHAI]) (618674) (N24001588) (10477),Infrastructure & Highways,Ministry of Railways,N24001588,Multi-State,4361.97,4361.97,3502.2,80.3,2022-03-01,2028-12-31,2027-12-31,2026-04-01,24,0.0,0
PAIM-618675,of NH-130-CD (National Highways Authority of India [NHAI]) (618675),Infrastructure & Highways,Ministry of Railways,618675,Multi-State,680.25,680.25,381.96,56.1,2024-03-01,2026-12-31,2027-12-31,2026-04-01,24,0.0,0
PAIM-10478,(National Highways Authority of India [NHAI]) (618675) (N24002017) (10478),Infrastructure & Highways,Ministry of Railways,N24002017,Multi-State,711.56,711.56,489.65,68.8,2024-03-01,2026-12-31,2028-12-31,2026-04-01,0,0.0,0
PAIM-618849,the tunnel from Km 12.732 to Km 14.568 of Kiratpur to Nerchowk Section of NH-21 (National Highways Authority of India [N,Infrastructure & Highways,Ministry of Railways,618849,Multi-State,452.17,452.17,164.74,36.4,2023-03-01,2027-12-31,2028-12-31,2026-04-01,6,0.0,0
PAIM-618957,4 laning of Champa - Korba from km 0.00 to km 38.2 (National Highways Authority of India [NHAI]) (618957),Infrastructure & Highways,Ministry of Railways,618957,Multi-State,4266.64,4266.64,2557.39,59.9,2023-03-01,2026-12-31,2027-12-31,2026-04-01,24,0.0,0
PAIM-10692,(National Highways Authority of India [NHAI]) (618957) (-) (10692),Infrastructure & Highways,Ministry of Railways,10692,Multi-State,1615.47,1615.47,1130.98,70.0,2024-03-01,2028-12-31,2029-12-31,2026-04-01,24,0.0,0
PAIM-619103,4/6 Laning of Raipur-Simga Pkg-I from km. 0.00 to km. 48.58 (National Highways Authority of India [NHAI]) (619103),Infrastructure & Highways,Ministry of Railways,619103,Multi-State,606.09,606.09,428.45,70.7,2022-03-01,2028-12-31,2028-12-31,2026-04-01,36,0.0,0
PAIM-619167,Kathghora (National Highways Authority of India [NHAI]) (619167),Infrastructure & Highways,Ministry of Railways,619167,Multi-State,914.76,914.76,442.78,48.4,2024-03-01,2028-12-31,2027-12-31,2026-04-01,18,0.0,0
PAIM-11821,(National Highways Authority of India [NHAI]) (619167) (-) (11821),Infrastructure & Highways,Ministry of Railways,11821,Multi-State,2075.27,2075.27,1215.05,58.5,2022-03-01,2028-12-31,2028-12-31,2026-04-01,24,0.0,0
PAIM-619183,and Nagar Haveli and Daman and Diu (MoRTH) (619183),Infrastructure & Highways,Ministry of Railways,619183,Multi-State,2487.8,2487.8,1352.81,54.4,2023-03-01,2028-12-31,2028-12-31,2026-04-01,12,0.0,0
PAIM-618509,from km. 0.70 to km.15.00 (National Highways Authority of India [NHAI]) (618509),Infrastructure & Highways,Ministry of Railways,618509,Delhi,3572.19,3572.19,1123.94,31.5,2023-03-01,2026-12-31,2027-12-31,2026-04-01,18,0.0,0
PAIM-10365,(National Highways Authority of India [NHAI]) (618509) (N24001777) (10365),Infrastructure & Highways,Ministry of Railways,N24001777,Delhi,2405.24,2405.24,554.05,23.0,2023-03-01,2028-12-31,2028-12-31,2026-04-01,12,0.0,0
PAIM-618578,Road of NH-148NA from km. 0.00 to km. 9.00 in NCR (National Highways Authority of India [NHAI]) (618578),Infrastructure & Highways,Ministry of Railways,618578,Delhi,2385.73,2385.73,1370.01,57.4,2023-03-01,2027-12-31,2029-12-31,2026-04-01,18,0.0,0
PAIM-10414,(National Highways Authority of India [NHAI]) (618578) (N24001773) (10414),Infrastructure & Highways,Ministry of Railways,N24001773,Delhi,2121.69,2121.69,1239.99,58.4,2023-03-01,2027-12-31,2028-12-31,2026-04-01,6,0.0,0
PAIM-619090,5.300 Km.to 9.500 Km. of NH-248BB (National Highways Authority of India [NHAI]) (619090),Infrastructure & Highways,Ministry of Railways,619090,Delhi,3460.9,3460.9,1366.87,39.5,2022-03-01,2026-12-31,2028-12-31,2026-04-01,24,0.0,0
PAIM-11771,(National Highways Authority of India [NHAI]) (619090) (N24001781) (11771),Infrastructure & Highways,Ministry of Railways,N24001781,Delhi,1171.18,1171.18,558.95,47.7,2023-03-01,2026-12-31,2029-12-31,2026-04-01,18,0.0,0
PAIM-619202,Dwarka Sector 21 (National Highways Authority of India [NHAI]) (619202),Infrastructure & Highways,Ministry of Railways,619202,Delhi,1393.86,1393.86,527.52,37.8,2023-03-01,2027-12-31,2027-12-31,2026-04-01,24,0.0,0
PAIM-11893,(National Highways Authority of India [NHAI]) (619202) (-) (11893),Infrastructure & Highways,Ministry of Railways,11893,Delhi,2123.62,2123.62,1803.44,84.9,2022-03-01,2026-12-31,2028-12-31,2026-04-01,6,0.0,0
PAIM-617941,from Km 536.800 to Km 543.450 (MoRTH) (617941),Infrastructure & Highways,Ministry of Railways,617941,Delhi,3307.78,3307.78,2022.2,61.1,2022-03-01,2026-12-31,2027-12-31,2026-04-01,12,0.0,0
PAIM-617942,approaches on NH-66 (MoRTH) (617942),Infrastructure & Highways,Ministry of Railways,617942,Multi-State,4379.12,4379.12,3481.7,79.5,2023-03-01,2028-12-31,2027-12-31,2026-04-01,24,0.0,0
PAIM-10145,(MoRTH) (617942) (N24002181) (10145),Infrastructure & Highways,Ministry of Railways,N24002181,Multi-State,905.98,905.98,459.63,50.7,2021-03-01,2027-12-31,2028-12-31,2026-04-01,6,0.0,0
PAIM-618609,3.330 to Km. 4.550 (National Highways Authority of India [NHAI]) (618609),Infrastructure & Highways,Ministry of Railways,618609,Multi-State,1926.67,1926.67,789.93,41.0,2022-03-01,2027-12-31,2027-12-31,2026-04-01,36,0.0,0
PAIM-617906,Gujarat on EPC (MoRTH) (617906),Infrastructure & Highways,Ministry of Railways,617906,Gujarat,2488.46,2488.46,1853.17,74.5,2023-03-01,2026-12-31,2028-12-31,2026-04-01,24,0.0,0
PAIM-617916,47 in the State of Gujarat on HAM mode (MoRTH) (617916),Infrastructure & Highways,Ministry of Railways,617916,Gujarat,2545.66,2545.66,1949.32,76.6,2024-03-01,2028-12-31,2027-12-31,2026-04-01,18,0.0,0
PAIM-10137,(MoRTH) (617916) (-) (10137),Infrastructure & Highways,Ministry of Railways,10137,Gujarat,2912.92,2912.92,574.16,19.7,2024-03-01,2028-12-31,2028-12-31,2026-04-01,6,0.0,0
PAIM-617926,on Hybrid Annuity Mode HAM (MoRTH) (617926),Infrastructure & Highways,Ministry of Railways,617926,Gujarat,4317.78,4317.78,2989.53,69.2,2024-03-01,2026-12-31,2029-12-31,2026-04-01,24,0.0,0
PAIM-617927,Antrasuba Mathasur road  of NH 58 in the State of Gujarat (MoRTH) (617927),Infrastructure & Highways,Ministry of Railways,617927,Gujarat,457.75,457.75,47.14,10.3,2024-03-01,2028-12-31,2028-12-31,2026-04-01,18,0.0,0
PAIM-10140,(MoRTH) (617927) (-) (10140),Infrastructure & Highways,Ministry of Railways,10140,Gujarat,1720.27,1720.27,298.94,17.4,2021-03-01,2026-12-31,2027-12-31,2026-04-01,0,0.0,0
PAIM-617928,"Vrundavan Chokdi, Kheralu on NH-58 in the State of Gujarat. (MoRTH) (617928)",Infrastructure & Highways,Ministry of Railways,617928,Gujarat,799.01,799.01,327.91,41.0,2022-03-01,2026-12-31,2029-12-31,2026-04-01,12,0.0,0
PAIM-617976,sate of Gujarat (MoRTH) (617976),Infrastructure & Highways,Ministry of Railways,617976,Gujarat,1022.81,1022.81,360.02,35.2,2024-03-01,2027-12-31,2028-12-31,2026-04-01,36,0.0,0
PAIM-10154,(MoRTH) (617976) (N24002182) (10154),Infrastructure & Highways,Ministry of Railways,N24002182,Gujarat,3560.14,3560.14,2054.82,57.7,2021-03-01,2027-12-31,2027-12-31,2026-04-01,36,0.0,0
PAIM-617977,Development of Chiloda - Gandhinagar- Sarkhej ofNH-147 Package -II (MoRTH) (617977),Infrastructure & Highways,Ministry of Railways,617977,Gujarat,1699.74,1699.74,1114.29,65.6,2021-03-01,2028-12-31,2029-12-31,2026-04-01,6,0.0,0
PAIM-618022,of NH 351    Mahuva  to Badhada section    in the State of Gujarat (MoRTH) (618022),Infrastructure & Highways,Ministry of Railways,618022,Gujarat,1139.01,1139.01,343.07,30.1,2024-03-01,2026-12-31,2027-12-31,2026-04-01,24,0.0,0
PAIM-618107,Hybrid Annuity Mode HAM (MoRTH) (618107),Infrastructure & Highways,Ministry of Railways,618107,Gujarat,2072.62,2072.62,1286.39,62.1,2023-03-01,2027-12-31,2029-12-31,2026-04-01,6,0.0,0
PAIM-618108,168G Idar-Bhiloda-Samlaji in the state of Gujarat Length  34.275 km (MoRTH) (618108),Infrastructure & Highways,Ministry of Railways,618108,Gujarat,1014.23,1014.23,631.2,62.2,2023-03-01,2028-12-31,2028-12-31,2026-04-01,0,0.0,0
PAIM-618459,Delhi-Vadodara Greenfield Alignment NH-148N Pkg-26 Ch.696890 to Ch.726390 (National Highways Authority of India [NHAI]) ,Infrastructure & Highways,Ministry of Railways,618459,Gujarat,287.33,287.33,123.92,43.1,2021-03-01,2028-12-31,2027-12-31,2026-04-01,6,0.0,0
PAIM-10318,(National Highways Authority of India [NHAI]) (618459) (N24001515) (10318),Infrastructure & Highways,Ministry of Railways,N24001515,Gujarat,1079.06,1079.06,131.19,12.2,2022-03-01,2027-12-31,2027-12-31,2026-04-01,24,0.0,0
PAIM-618460,Delhi-Vadodara Greenfield Alignment NH-148N Pkg-28 Ch.756052 to Ch.781282 (National Highways Authority of India [NHAI]) ,Infrastructure & Highways,Ministry of Railways,618460,Gujarat,4329.37,4329.37,2070.57,47.8,2021-03-01,2026-12-31,2027-12-31,2026-04-01,6,0.0,0
PAIM-10319,(National Highways Authority of India [NHAI]) (618460) (N24001519) (10319),Infrastructure & Highways,Ministry of Railways,N24001519,Gujarat,383.77,383.77,288.26,75.1,2021-03-01,2028-12-31,2028-12-31,2026-04-01,0,0.0,0
PAIM-618462,[Junction near Pratap nagar Village - Junction near Dodka Village] (National Highways Authority of India [NHAI]) (618462,Infrastructure & Highways,Ministry of Railways,618462,Gujarat,3759.05,3759.05,3152.14,83.9,2022-03-01,2028-12-31,2029-12-31,2026-04-01,0,0.0,0
PAIM-10321,(National Highways Authority of India [NHAI]) (618462) (N24001520) (10321),Infrastructure & Highways,Ministry of Railways,N24001520,Gujarat,4194.14,4194.14,1056.7,25.2,2023-03-01,2027-12-31,2027-12-31,2026-04-01,36,0.0,0
PAIM-618463,Vadodara Mumbai Expressway Kim to Ankleshwar Phase IA - Pkg V (National Highways Authority of India [NHAI]) (618463),Infrastructure & Highways,Ministry of Railways,618463,Gujarat,2175.38,2175.38,798.84,36.7,2022-03-01,2028-12-31,2029-12-31,2026-04-01,12,0.0,0
PAIM-10322,(National Highways Authority of India [NHAI]) (618463) (N24000834) (10322),Infrastructure & Highways,Ministry of Railways,N24000834,Gujarat,4371.85,4371.85,1911.77,43.7,2023-03-01,2027-12-31,2028-12-31,2026-04-01,0,0.0,0
PAIM-618464,254.430] (National Highways Authority of India [NHAI]) (618464),Infrastructure & Highways,Ministry of Railways,618464,Gujarat,713.4,713.4,515.1,72.2,2022-03-01,2026-12-31,2027-12-31,2026-04-01,18,0.0,0
PAIM-10323,(National Highways Authority of India [NHAI]) (618464) (-) (10323),Infrastructure & Highways,Ministry of Railways,10323,Gujarat,1812.62,1812.62,932.46,51.4,2021-03-01,2028-12-31,2027-12-31,2026-04-01,18,0.0,0
PAIM-618465,217.500] (National Highways Authority of India [NHAI]) (618465),Infrastructure & Highways,Ministry of Railways,618465,Gujarat,2364.58,2364.58,1998.48,84.5,2021-03-01,2027-12-31,2029-12-31,2026-04-01,0,0.0,0
PAIM-10324,(National Highways Authority of India [NHAI]) (618465) (N24001789) (10324),Infrastructure & Highways,Ministry of Railways,N24001789,Gujarat,944.78,944.78,671.25,71.0,2021-03-01,2027-12-31,2028-12-31,2026-04-01,18,0.0,0
PAIM-618466,Phase-I Package-VIII (National Highways Authority of India [NHAI]) (618466),Infrastructure & Highways,Ministry of Railways,618466,Gujarat,4233.25,4233.25,2124.39,50.2,2024-03-01,2027-12-31,2027-12-31,2026-04-01,24,0.0,0
PAIM-10325,(National Highways Authority of India [NHAI]) (618466) (-) (10325),Infrastructure & Highways,Ministry of Railways,10325,Gujarat,3824.15,3824.15,2850.76,74.5,2022-03-01,2028-12-31,2027-12-31,2026-04-01,24,0.0,0
PAIM-618467,Phase-I Package-IX (National Highways Authority of India [NHAI]) (618467),Infrastructure & Highways,Ministry of Railways,618467,Gujarat,1591.4,1591.4,1119.83,70.4,2022-03-01,2026-12-31,2027-12-31,2026-04-01,18,0.0,0
PAIM-10326,(National Highways Authority of India [NHAI]) (618467) (-) (10326),Infrastructure & Highways,Ministry of Railways,10326,Gujarat,4349.9,4349.9,2461.92,56.6,2022-03-01,2026-12-31,2029-12-31,2026-04-01,6,0.0,0
PAIM-618501,Sindhrej Village] (National Highways Authority of India [NHAI]) (618501),Infrastructure & Highways,Ministry of Railways,618501,Gujarat,872.53,872.53,124.95,14.3,2023-03-01,2027-12-31,2029-12-31,2026-04-01,18,0.0,0
PAIM-10359,(National Highways Authority of India [NHAI]) (618501) (N24001443) (10359),Infrastructure & Highways,Ministry of Railways,N24001443,Gujarat,3498.76,3498.76,794.86,22.7,2022-03-01,2028-12-31,2029-12-31,2026-04-01,36,0.0,0
PAIM-618502,Village] (National Highways Authority of India [NHAI]) (618502),Infrastructure & Highways,Ministry of Railways,618502,Gujarat,1591.04,1591.04,293.04,18.4,2021-03-01,2026-12-31,2028-12-31,2026-04-01,36,0.0,0
PAIM-10360,(National Highways Authority of India [NHAI]) (618502) (N24001444) (10360),Infrastructure & Highways,Ministry of Railways,N24001444,Gujarat,2978.42,2978.42,1125.79,37.8,2021-03-01,2028-12-31,2029-12-31,2026-04-01,0,0.0,0
PAIM-618503,DSIR zone] (National Highways Authority of India [NHAI]) (618503),Infrastructure & Highways,Ministry of Railways,618503,Gujarat,625.05,625.05,267.33,42.8,2021-03-01,2026-12-31,2027-12-31,2026-04-01,24,0.0,0
PAIM-10361,(National Highways Authority of India [NHAI]) (618503) (N24001445) (10361),Infrastructure & Highways,Ministry of Railways,N24001445,Gujarat,1460.04,1460.04,445.75,30.5,2023-03-01,2027-12-31,2029-12-31,2026-04-01,36,0.0,0
PAIM-618504,Adhelai Village] (National Highways Authority of India [NHAI]) (618504),Infrastructure & Highways,Ministry of Railways,618504,Gujarat,237.35,237.35,145.91,61.5,2023-03-01,2028-12-31,2029-12-31,2026-04-01,12,0.0,0
PAIM-618507,NH-48 in the state of Gujarat on single Percentage Item Rate Contract (National Highways Authority of India [NHAI]) (618,Infrastructure & Highways,Ministry of Railways,618507,Gujarat,3612.35,3612.35,3063.87,84.8,2022-03-01,2028-12-31,2027-12-31,2026-04-01,18,0.0,0
PAIM-10363,(National Highways Authority of India [NHAI]) (618507) (-) (10363),Infrastructure & Highways,Ministry of Railways,10363,Gujarat,1699.8,1699.8,660.95,38.9,2024-03-01,2026-12-31,2029-12-31,2026-04-01,24,0.0,0
PAIM-618508,of NH48 between existing Km. 108.000 to Km. 250.000 (National Highways Authority of India [NHAI]) (618508),Infrastructure & Highways,Ministry of Railways,618508,Gujarat,1199.05,1199.05,442.91,36.9,2024-03-01,2028-12-31,2027-12-31,2026-04-01,24,0.0,0
PAIM-10364,(National Highways Authority of India [NHAI]) (618508) (-) (10364),Infrastructure & Highways,Ministry of Railways,10364,Gujarat,1402.53,1402.53,169.67,12.1,2024-03-01,2027-12-31,2029-12-31,2026-04-01,18,0.0,0
PAIM-618564,NH-27 (National Highways Authority of India [NHAI]) (618564),Infrastructure & Highways,Ministry of Railways,618564,Gujarat,3472.62,3472.62,1045.58,30.1,2021-03-01,2027-12-31,2028-12-31,2026-04-01,18,0.0,0
PAIM-618614,Sanchore - Santalpur from km 67.000 - km 99.000 of NH-754K AJ-RGBS-Package-3 (National Highways Authority of India [NHAI,Infrastructure & Highways,Ministry of Railways,618614,Gujarat,2168.78,2168.78,1504.92,69.4,2022-03-01,2028-12-31,2028-12-31,2026-04-01,12,0.0,0
PAIM-10441,(National Highways Authority of India [NHAI]) (618614) (N24001790) (10441),Infrastructure & Highways,Ministry of Railways,N24001790,Gujarat,2148.91,2148.91,438.97,20.4,2022-03-01,2027-12-31,2027-12-31,2026-04-01,6,0.0,0
PAIM-618615,Sanchore - Santalpur from km 99.000 - km 130.073 of NH-754K AJ-RGBS-Package-4 (National Highways Authority of India [NHA,Infrastructure & Highways,Ministry of Railways,618615,Gujarat,1969.17,1969.17,1541.96,78.3,2021-03-01,2026-12-31,2028-12-31,2026-04-01,12,0.0,0
PAIM-10442,(National Highways Authority of India [NHAI]) (618615) (N24001794) (10442),Infrastructure & Highways,Ministry of Railways,N24001794,Gujarat,1732.5,1732.5,620.61,35.8,2024-03-01,2026-12-31,2027-12-31,2026-04-01,18,0.0,0
PAIM-618616,existing Ch. 42000 to 48500 of ongoing Dhrol-Bhadra-Pipaliya section of NH-151A (National Highways Authority of India [N,Infrastructure & Highways,Ministry of Railways,618616,Gujarat,1217.74,1217.74,255.31,21.0,2022-03-01,2027-12-31,2029-12-31,2026-04-01,36,0.0,0
PAIM-618699,Pipli Bhavnagar-Package 1 from km 136.025 to km 169.328 (National Highways Authority of India [NHAI]) (618699),Infrastructure & Highways,Ministry of Railways,618699,Gujarat,3203.74,3203.74,453.58,14.2,2022-03-01,2028-12-31,2029-12-31,2026-04-01,24,0.0,0
PAIM-10499,(National Highways Authority of India [NHAI]) (618699) (-) (10499),Infrastructure & Highways,Ministry of Railways,10499,Gujarat,3623.27,3623.27,962.59,26.6,2022-03-01,2027-12-31,2028-12-31,2026-04-01,6,0.0,0
PAIM-618787,Junction from Km 0.000 to Km 65.478 of NH-341 (National Highways Authority of India [NHAI]) (618787),Infrastructure & Highways,Ministry of Railways,618787,Gujarat,2395.42,2395.42,1562.96,65.2,2024-03-01,2027-12-31,2029-12-31,2026-04-01,24,0.0,0
PAIM-10561,(National Highways Authority of India [NHAI]) (618787) (N24001785) (10561),Infrastructure & Highways,Ministry of Railways,N24001785,Gujarat,687.58,687.58,167.71,24.4,2022-03-01,2027-12-31,2028-12-31,2026-04-01,24,0.0,0
PAIM-618833,120.900 to km. 121.150 of NH-8D (National Highways Authority of India [NHAI]) (618833),Infrastructure & Highways,Ministry of Railways,618833,Gujarat,3330.72,3330.72,1856.17,55.7,2022-03-01,2026-12-31,2029-12-31,2026-04-01,0,0.0,0
PAIM-10596,(National Highways Authority of India [NHAI]) (618833) (N24000592) (10596),Infrastructure & Highways,Ministry of Railways,N24000592,Gujarat,928.93,928.93,569.14,61.3,2023-03-01,2027-12-31,2027-12-31,2026-04-01,12,0.0,0
PAIM-618834,NH-8E NH 51 new (National Highways Authority of India [NHAI]) (618834),Infrastructure & Highways,Ministry of Railways,618834,Gujarat,4341.01,4341.01,2726.28,62.8,2023-03-01,2026-12-31,2027-12-31,2026-04-01,36,0.0,0
PAIM-618835,Package-II (National Highways Authority of India [NHAI]) (618835),Infrastructure & Highways,Ministry of Railways,618835,Gujarat,331.27,331.27,269.35,81.3,2024-03-01,2027-12-31,2029-12-31,2026-04-01,36,0.0,0
PAIM-10597,(National Highways Authority of India [NHAI]) (618835) (N24001792) (10597),Infrastructure & Highways,Ministry of Railways,N24001792,Gujarat,4147.5,4147.5,3095.93,74.6,2021-03-01,2026-12-31,2028-12-31,2026-04-01,36,0.0,0
PAIM-618901,Km 128.940 of NH-68 (National Highways Authority of India [NHAI]) (618901),Infrastructure & Highways,Ministry of Railways,618901,Gujarat,1990.35,1990.35,1443.26,72.5,2022-03-01,2027-12-31,2029-12-31,2026-04-01,36,0.0,0
PAIM-10650,(National Highways Authority of India [NHAI]) (618901) (-) (10650),Infrastructure & Highways,Ministry of Railways,10650,Gujarat,4141.44,4141.44,1623.75,39.2,2021-03-01,2026-12-31,2028-12-31,2026-04-01,6,0.0,0
PAIM-618930,NH-56 Pkg-III (National Highways Authority of India [NHAI]) (618930),Infrastructure & Highways,Ministry of Railways,618930,Gujarat,1350.2,1350.2,382.56,28.3,2024-03-01,2028-12-31,2029-12-31,2026-04-01,12,0.0,0
PAIM-10674,(National Highways Authority of India [NHAI]) (618930) (-) (10674),Infrastructure & Highways,Ministry of Railways,10674,Gujarat,3916.84,3916.84,2743.48,70.0,2023-03-01,2027-12-31,2029-12-31,2026-04-01,0,0.0,0
PAIM-618931,NH-56 Pkg-V (National Highways Authority of India [NHAI]) (618931),Infrastructure & Highways,Ministry of Railways,618931,Gujarat,3046.97,3046.97,1010.86,33.2,2021-03-01,2027-12-31,2027-12-31,2026-04-01,24,0.0,0
PAIM-10675,(National Highways Authority of India [NHAI]) (618931) (-) (10675),Infrastructure & Highways,Ministry of Railways,10675,Gujarat,773.01,773.01,494.42,64.0,2021-03-01,2028-12-31,2027-12-31,2026-04-01,24,0.0,0
PAIM-619067,6L of Chiloda-Naroda section from Km. 540.595 to  Km. 555.595 of NH-8Package-VII (National Highways Authority of India [,Infrastructure & Highways,Ministry of Railways,619067,Gujarat,2638.86,2638.86,1527.62,57.9,2023-03-01,2028-12-31,2029-12-31,2026-04-01,24,0.0,0
PAIM-619087,Km. 185.00 on NH-27 (National Highways Authority of India [NHAI]) (619087),Infrastructure & Highways,Ministry of Railways,619087,Gujarat,2771.9,2771.9,1122.09,40.5,2024-03-01,2026-12-31,2027-12-31,2026-04-01,36,0.0,0
PAIM-11769,(National Highways Authority of India [NHAI]) (619087) (N24002035) (11769),Infrastructure & Highways,Ministry of Railways,N24002035,Gujarat,2755.36,2755.36,943.09,34.2,2023-03-01,2026-12-31,2029-12-31,2026-04-01,18,0.0,0
PAIM-619137,km 171.800 to km 125.000 of NH-151A (National Highways Authority of India [NHAI]) (619137),Infrastructure & Highways,Ministry of Railways,619137,Gujarat,3225.96,3225.96,2311.13,71.6,2022-03-01,2028-12-31,2027-12-31,2026-04-01,0,0.0,0
PAIM-11804,(National Highways Authority of India [NHAI]) (619137) (-) (11804),Infrastructure & Highways,Ministry of Railways,11804,Gujarat,1696.96,1696.96,582.95,34.4,2021-03-01,2027-12-31,2029-12-31,2026-04-01,12,0.0,0
PAIM-619145,Four Laning of Una to Kodinar from km. 180.478 to km. 221.610 Package-V (National Highways Authority of India [NHAI]) (6,Infrastructure & Highways,Ministry of Railways,619145,Gujarat,4404.17,4404.17,1866.86,42.4,2023-03-01,2027-12-31,2029-12-31,2026-04-01,12,0.0,0
PAIM-619146,Kagvadar - Una Package-IV (National Highways Authority of India [NHAI]) (619146),Infrastructure & Highways,Ministry of Railways,619146,Gujarat,272.38,272.38,224.98,82.6,2023-03-01,2028-12-31,2028-12-31,2026-04-01,24,0.0,0
PAIM-619147,Pkg- III (National Highways Authority of India [NHAI]) (619147),Infrastructure & Highways,Ministry of Railways,619147,Gujarat,1326.54,1326.54,442.36,33.3,2023-03-01,2028-12-31,2027-12-31,2026-04-01,0,0.0,0
PAIM-11809,(National Highways Authority of India [NHAI]) (619147) (N24001793) (11809),Infrastructure & Highways,Ministry of Railways,N24001793,Gujarat,360.23,360.23,147.72,41.0,2024-03-01,2026-12-31,2027-12-31,2026-04-01,36,0.0,0
PAIM-619148,4L of Bhavnagar - Talaja Package-I from Km. 6.945 to Km. 54.990 of Old NH-8E (National Highways Authority of India [NHAI,Infrastructure & Highways,Ministry of Railways,619148,Gujarat,3202.34,3202.34,2049.97,64.0,2022-03-01,2028-12-31,2029-12-31,2026-04-01,36,0.0,0
PAIM-619197,Delhi-Vadodara Greenfield Alignment NH-148N Pkg-27 Ch.729.700 to Ch.756.052 (National Highways Authority of India [NHAI],Infrastructure & Highways,Ministry of Railways,619197,Gujarat,2512.38,2512.38,1341.1,53.4,2022-03-01,2028-12-31,2027-12-31,2026-04-01,0,0.0,0
PAIM-11888,(National Highways Authority of India [NHAI]) (619197) (-) (11888),Infrastructure & Highways,Ministry of Railways,11888,Gujarat,2187.47,2187.47,375.41,17.2,2023-03-01,2027-12-31,2028-12-31,2026-04-01,0,0.0,0
PAIM-618482,Km 0000 to Km 34000 (National Highways Authority of India [NHAI]) (618482),Infrastructure & Highways,Ministry of Railways,618482,Haryana,3629.53,3629.53,458.37,12.6,2023-03-01,2026-12-31,2028-12-31,2026-04-01,24,0.0,0
PAIM-10340,(National Highways Authority of India [NHAI]) (618482) (-) (10340),Infrastructure & Highways,Ministry of Railways,10340,Haryana,1285.09,1285.09,549.35,42.7,2022-03-01,2026-12-31,2027-12-31,2026-04-01,24,0.0,0
PAIM-618483,near Gangana village Km 34000 to Km 60800 (National Highways Authority of India [NHAI]) (618483),Infrastructure & Highways,Ministry of Railways,618483,Haryana,2868.27,2868.27,737.68,25.7,2023-03-01,2027-12-31,2029-12-31,2026-04-01,12,0.0,0
PAIM-10341,(National Highways Authority of India [NHAI]) (618483) (-) (10341),Infrastructure & Highways,Ministry of Railways,10341,Haryana,3205.51,3205.51,2589.28,80.8,2021-03-01,2027-12-31,2029-12-31,2026-04-01,6,0.0,0
PAIM-618484,Alewa village Km 60800 to Km 91400 (National Highways Authority of India [NHAI]) (618484),Infrastructure & Highways,Ministry of Railways,618484,Haryana,4416.28,4416.28,2253.9,51.0,2021-03-01,2028-12-31,2029-12-31,2026-04-01,36,0.0,0
PAIM-10342,(National Highways Authority of India [NHAI]) (618484) (N24001633) (10342),Infrastructure & Highways,Ministry of Railways,N24001633,Haryana,4294.28,4294.28,2911.36,67.8,2023-03-01,2027-12-31,2028-12-31,2026-04-01,12,0.0,0
PAIM-618485,Kharak Pandwa village Km 91400 to Km 120250 (National Highways Authority of India [NHAI]) (618485),Infrastructure & Highways,Ministry of Railways,618485,Haryana,1634.84,1634.84,1045.88,64.0,2021-03-01,2027-12-31,2029-12-31,2026-04-01,0,0.0,0
PAIM-10343,(National Highways Authority of India [NHAI]) (618485) (N24001634) (10343),Infrastructure & Highways,Ministry of Railways,N24001634,Haryana,4423.49,4423.49,2257.35,51.0,2023-03-01,2026-12-31,2029-12-31,2026-04-01,12,0.0,0
PAIM-618506,in the State of Haryana (National Highways Authority of India [NHAI]) (618506),Infrastructure & Highways,Ministry of Railways,618506,Haryana,3081.17,3081.17,2193.79,71.2,2023-03-01,2028-12-31,2029-12-31,2026-04-01,24,0.0,0
PAIM-618580,Gohana - Sonipat PKG-2 (National Highways Authority of India [NHAI]) (618580),Infrastructure & Highways,Ministry of Railways,618580,Haryana,4432.58,4432.58,3639.81,82.1,2021-03-01,2026-12-31,2027-12-31,2026-04-01,0,0.0,0
PAIM-10416,(National Highways Authority of India [NHAI]) (618580) (N24001535) (10416),Infrastructure & Highways,Ministry of Railways,N24001535,Haryana,1691.27,1691.27,540.66,32.0,2024-03-01,2028-12-31,2029-12-31,2026-04-01,0,0.0,0
PAIM-618788,4L Greenfield Jalbhera  Shahbad section from km. 0.000 to km. 22.850 of NH-152G (National Highways Authority of India [N,Infrastructure & Highways,Ministry of Railways,618788,Haryana,2017.02,2017.02,794.59,39.4,2021-03-01,2026-12-31,2029-12-31,2026-04-01,0,0.0,0
PAIM-10562,(National Highways Authority of India [NHAI]) (618788) (N24002043) (10562),Infrastructure & Highways,Ministry of Railways,N24002043,Haryana,2954.3,2954.3,1436.36,48.6,2024-03-01,2028-12-31,2029-12-31,2026-04-01,12,0.0,0
PAIM-618792,4L Bhiwani-Hansi road section of NH-148B (National Highways Authority of India [NHAI]) (618792),Infrastructure & Highways,Ministry of Railways,618792,Haryana,1975.11,1975.11,1231.8,62.4,2021-03-01,2028-12-31,2027-12-31,2026-04-01,24,0.0,0
PAIM-10565,(National Highways Authority of India [NHAI]) (618792) (N24002042) (10565),Infrastructure & Highways,Ministry of Railways,N24002042,Haryana,979.7,979.7,699.19,71.4,2023-03-01,2027-12-31,2027-12-31,2026-04-01,12,0.0,0
PAIM-618936,Jagadhari - Tajewala from Km -0.175 to 32.337 km of NH-344 (National Highways Authority of India [NHAI]) (618936),Infrastructure & Highways,Ministry of Railways,618936,Haryana,1082.45,1082.45,350.21,32.4,2024-03-01,2028-12-31,2029-12-31,2026-04-01,36,0.0,0
PAIM-10677,(National Highways Authority of India [NHAI]) (618936) (N24001635) (10677),Infrastructure & Highways,Ministry of Railways,N24001635,Haryana,3649.76,3649.76,1224.01,33.5,2021-03-01,2027-12-31,2029-12-31,2026-04-01,6,0.0,0
PAIM-619080,4L PS of Ambala Ring Road of New NH-44 (National Highways Authority of India [NHAI]) (619080),Infrastructure & Highways,Ministry of Railways,619080,Haryana,1383.7,1383.7,410.08,29.6,2021-03-01,2028-12-31,2028-12-31,2026-04-01,6,0.0,0
PAIM-11768,(National Highways Authority of India [NHAI]) (619080) (-) (11768),Infrastructure & Highways,Ministry of Railways,11768,Haryana,3135.89,3135.89,1746.08,55.7,2022-03-01,2026-12-31,2029-12-31,2026-04-01,0,0.0,0
PAIM-619092,NHO (National Highways Authority of India [NHAI]) (619092),Infrastructure & Highways,Ministry of Railways,619092,Haryana,2292.89,2292.89,1430.24,62.4,2022-03-01,2026-12-31,2027-12-31,2026-04-01,0,0.0,0
PAIM-11772,(National Highways Authority of India [NHAI]) (619092) (-) (11772),Infrastructure & Highways,Ministry of Railways,11772,Haryana,1535.77,1535.77,1093.94,71.2,2022-03-01,2028-12-31,2029-12-31,2026-04-01,24,0.0,0
PAIM-619132,4/6L of Gurgaon - Pataudi - Rewari from km. 0.00 to km.43.87 of NH-352W (National Highways Authority of India [NHAI]) (6,Infrastructure & Highways,Ministry of Railways,619132,Haryana,2173.89,2173.89,1317.91,60.6,2023-03-01,2028-12-31,2027-12-31,2026-04-01,36,0.0,0
PAIM-11801,(National Highways Authority of India [NHAI]) (619132) (N24001774) (11801),Infrastructure & Highways,Ministry of Railways,N24001774,Haryana,2133.19,2133.19,948.27,44.5,2024-03-01,2026-12-31,2028-12-31,2026-04-01,24,0.0,0
PAIM-619201,Karnal ring road Lot-4/Pkg-1 (National Highways Authority of India [NHAI]) (619201),Infrastructure & Highways,Ministry of Railways,619201,Haryana,3551.0,3551.0,1177.53,33.2,2021-03-01,2026-12-31,2029-12-31,2026-04-01,18,0.0,0
PAIM-11892,(National Highways Authority of India [NHAI]) (619201) (-) (11892),Infrastructure & Highways,Ministry of Railways,11892,Haryana,878.76,878.76,98.91,11.3,2021-03-01,2026-12-31,2029-12-31,2026-04-01,6,0.0,0
PAIM-618050,assistance of World Bank on EPC mode. (MoRTH) (618050),Infrastructure & Highways,Ministry of Railways,618050,Multi-State,1518.02,1518.02,519.34,34.2,2023-03-01,2027-12-31,2028-12-31,2026-04-01,6,0.0,0
PAIM-618215,"under project Deepak, BRO (MoRTH) (618215)",Infrastructure & Highways,Ministry of Railways,618215,Multi-State,3816.53,3816.53,672.94,17.6,2021-03-01,2027-12-31,2027-12-31,2026-04-01,12,0.0,0
PAIM-618216,"project Deepak, BRO (MoRTH) (618216)",Infrastructure & Highways,Ministry of Railways,618216,Multi-State,1269.82,1269.82,628.57,49.5,2023-03-01,2026-12-31,2027-12-31,2026-04-01,18,0.0,0
PAIM-618217,Gramphoo road  in the state of Himachal Pradesh Package I (MoRTH) (618217),Infrastructure & Highways,Ministry of Railways,618217,Multi-State,2170.34,2170.34,768.98,35.4,2022-03-01,2026-12-31,2028-12-31,2026-04-01,6,0.0,0
PAIM-618230,mode.Package-3 (MoRTH) (618230),Infrastructure & Highways,Ministry of Railways,618230,Multi-State,2706.87,2706.87,1191.16,44.0,2021-03-01,2026-12-31,2028-12-31,2026-04-01,0,0.0,0
PAIM-618231,mode.Package-1 (MoRTH) (618231),Infrastructure & Highways,Ministry of Railways,618231,Multi-State,3514.42,3514.42,2705.69,77.0,2022-03-01,2027-12-31,2028-12-31,2026-04-01,0,0.0,0
PAIM-618232,EPC mode.Package-2 (MoRTH) (618232),Infrastructure & Highways,Ministry of Railways,618232,Multi-State,1570.84,1570.84,938.46,59.7,2023-03-01,2026-12-31,2029-12-31,2026-04-01,6,0.0,0
PAIM-12090,(MoRTH) (618253) (-) (12090),Infrastructure & Highways,Ministry of Railways,12090,Multi-State,340.18,340.18,262.49,77.2,2022-03-01,2028-12-31,2029-12-31,2026-04-01,0,0.0,0
PAIM-618850,Nerchowk km 190.000 to Pandoh including Pandoh bypass  km221.305 (National Highways Authority of India [NHAI]) (618850),Infrastructure & Highways,Ministry of Railways,618850,Multi-State,4489.74,4489.74,564.73,12.6,2024-03-01,2027-12-31,2029-12-31,2026-04-01,18,0.0,0
PAIM-10608,(National Highways Authority of India [NHAI]) (618850) (N24000613) (10608),Infrastructure & Highways,Ministry of Railways,N24000613,Multi-State,3120.84,3120.84,1027.73,32.9,2021-03-01,2026-12-31,2028-12-31,2026-04-01,24,0.0,0
PAIM-618851,Pandoh bypass 221.305 to Takoli 242.000 of NH-21 in the state of Himachal Pradesh (National Highways Authority of India ,Infrastructure & Highways,Ministry of Railways,618851,Multi-State,835.52,835.52,93.49,11.2,2023-03-01,2028-12-31,2028-12-31,2026-04-01,36,0.0,0
PAIM-10609,(National Highways Authority of India [NHAI]) (618851) (-) (10609),Infrastructure & Highways,Ministry of Railways,10609,Multi-State,2035.41,2035.41,467.85,23.0,2022-03-01,2027-12-31,2028-12-31,2026-04-01,18,0.0,0
PAIM-618852,4L  Sundar Nagar Bypass from  Km.173.900 to Km.179.600 of NH-21 (National Highways Authority of India [NHAI]) (618852),Infrastructure & Highways,Ministry of Railways,618852,Multi-State,646.24,646.24,77.47,12.0,2022-03-01,2026-12-31,2029-12-31,2026-04-01,24,0.0,0
PAIM-618878,from Km 51.000 to Km 72.000 of NH-154 Package-IIA (National Highways Authority of India [NHAI]) (618878),Infrastructure & Highways,Ministry of Railways,618878,Multi-State,3681.91,3681.91,1166.69,31.7,2024-03-01,2028-12-31,2027-12-31,2026-04-01,18,0.0,0
PAIM-10630,(National Highways Authority of India [NHAI]) (618878) (N24002050) (10630),Infrastructure & Highways,Ministry of Railways,N24002050,Multi-State,2682.66,2682.66,324.7,12.1,2022-03-01,2028-12-31,2029-12-31,2026-04-01,12,0.0,0
PAIM-618879,Bijni section from Km 180.000 to Km 202.815 of NH-154 Pkg-VA (National Highways Authority of India [NHAI]) (618879),Infrastructure & Highways,Ministry of Railways,618879,Multi-State,3917.34,3917.34,1010.03,25.8,2021-03-01,2026-12-31,2028-12-31,2026-04-01,18,0.0,0
PAIM-10631,(National Highways Authority of India [NHAI]) (618879) (-) (10631),Infrastructure & Highways,Ministry of Railways,10631,Multi-State,2112.15,2112.15,1048.26,49.6,2022-03-01,2027-12-31,2028-12-31,2026-04-01,12,0.0,0
PAIM-618880,Paror section from Km 85.135 to Km 100.840 of NH-154 Pkg-IIC (National Highways Authority of India [NHAI]) (618880),Infrastructure & Highways,Ministry of Railways,618880,Multi-State,826.52,826.52,171.73,20.8,2024-03-01,2026-12-31,2028-12-31,2026-04-01,6,0.0,0
PAIM-10632,(National Highways Authority of India [NHAI]) (618880) (-) (10632),Infrastructure & Highways,Ministry of Railways,10632,Multi-State,2544.94,2544.94,2132.93,83.8,2023-03-01,2027-12-31,2028-12-31,2026-04-01,36,0.0,0
PAIM-618881,of Pathankot-Mandi Package-VB (National Highways Authority of India [NHAI]) (618881),Infrastructure & Highways,Ministry of Railways,618881,Multi-State,475.51,475.51,253.06,53.2,2022-03-01,2027-12-31,2028-12-31,2026-04-01,6,0.0,0
PAIM-10633,(National Highways Authority of India [NHAI]) (618881) (-) (10633),Infrastructure & Highways,Ministry of Railways,10633,Multi-State,393.2,393.2,207.42,52.8,2021-03-01,2026-12-31,2029-12-31,2026-04-01,24,0.0,0
PAIM-618888,88 Pkg-IV (National Highways Authority of India [NHAI]) (618888),Infrastructure & Highways,Ministry of Railways,618888,Multi-State,1376.0,1376.0,365.76,26.6,2022-03-01,2026-12-31,2029-12-31,2026-04-01,12,0.0,0
PAIM-10638,(National Highways Authority of India [NHAI]) (618888) (N24002052) (10638),Infrastructure & Highways,Ministry of Railways,N24002052,Multi-State,1013.89,1013.89,590.03,58.2,2023-03-01,2027-12-31,2029-12-31,2026-04-01,0,0.0,0
PAIM-618889,"303,503 up to Intersection with NH-154 from Km 175.270 to Km 193.400 Pkg-VB (National Highways Authority of India [NHAI]",Infrastructure & Highways,Ministry of Railways,618889,Multi-State,3710.43,3710.43,966.36,26.0,2022-03-01,2026-12-31,2029-12-31,2026-04-01,6,0.0,0
PAIM-10639,(National Highways Authority of India [NHAI]) (618889) (N24001808) (10639),Infrastructure & Highways,Ministry of Railways,N24001808,Multi-State,3081.1,3081.1,2117.23,68.7,2023-03-01,2027-12-31,2028-12-31,2026-04-01,12,0.0,0
PAIM-618890,2L PS of Hamirpur Bypass from Km 121.175 to Km.138.295 of NH-103&3 (National Highways Authority of India [NHAI]) (618890,Infrastructure & Highways,Ministry of Railways,618890,Multi-State,3258.38,3258.38,1542.82,47.3,2023-03-01,2027-12-31,2027-12-31,2026-04-01,0,0.0,0
PAIM-10640,(National Highways Authority of India [NHAI]) (618890) (N24002051) (10640),Infrastructure & Highways,Ministry of Railways,N24002051,Multi-State,277.81,277.81,146.25,52.6,2022-03-01,2028-12-31,2028-12-31,2026-04-01,12,0.0,0
PAIM-618891,58.450 (National Highways Authority of India [NHAI]) (618891),Infrastructure & Highways,Ministry of Railways,618891,Multi-State,2574.24,2574.24,1085.69,42.2,2022-03-01,2026-12-31,2027-12-31,2026-04-01,24,0.0,0
PAIM-10641,(National Highways Authority of India [NHAI]) (618891) (-) (10641),Infrastructure & Highways,Ministry of Railways,10641,Multi-State,3042.1,3042.1,735.15,24.2,2021-03-01,2028-12-31,2028-12-31,2026-04-01,0,0.0,0
PAIM-618921,Bypass - Pkg I (National Highways Authority of India [NHAI]) (618921),Infrastructure & Highways,Ministry of Railways,618921,Multi-State,2093.42,2093.42,1652.69,78.9,2021-03-01,2028-12-31,2028-12-31,2026-04-01,12,0.0,0
PAIM-10667,(National Highways Authority of India [NHAI]) (618921) (N24002049) (10667),Infrastructure & Highways,Ministry of Railways,N24002049,Multi-State,1129.52,1129.52,400.14,35.4,2021-03-01,2028-12-31,2027-12-31,2026-04-01,18,0.0,0
PAIM-618922,Bypass - Pkg II and Shimla connectivity from Km 0.000 to Km 0.725 of NH-5 (National Highways Authority of India [NHAI]) ,Infrastructure & Highways,Ministry of Railways,618922,Multi-State,705.3,705.3,132.01,18.7,2024-03-01,2027-12-31,2028-12-31,2026-04-01,12,0.0,0
PAIM-10668,(National Highways Authority of India [NHAI]) (618922) (-) (10668),Infrastructure & Highways,Ministry of Railways,10668,Multi-State,4071.47,4071.47,1494.7,36.7,2022-03-01,2028-12-31,2028-12-31,2026-04-01,6,0.0,0
PAIM-619003,Solan - Kaithlighat Section of NH-22 Now NH-5 from Km. 106.139 to Km.129.05 (National Highways Authority of India [NHAI],Infrastructure & Highways,Ministry of Railways,619003,Punjab,1593.47,1593.47,769.39,48.3,2021-03-01,2026-12-31,2029-12-31,2026-04-01,18,0.0,0
PAIM-10804,(National Highways Authority of India [NHAI]) (619003) (N24000852) (10804),Infrastructure & Highways,Ministry of Railways,N24000852,Punjab,3779.07,3779.07,2180.42,57.7,2022-03-01,2028-12-31,2028-12-31,2026-04-01,18,0.0,0
PAIM-619153,Package-IA (National Highways Authority of India [NHAI]) (619153),Infrastructure & Highways,Ministry of Railways,619153,Punjab,384.55,384.55,270.59,70.4,2024-03-01,2027-12-31,2027-12-31,2026-04-01,18,0.0,0
PAIM-11811,(National Highways Authority of India [NHAI]) (619153) (N24001812) (11811),Infrastructure & Highways,Ministry of Railways,N24001812,Punjab,1975.46,1975.46,1483.83,75.1,2024-03-01,2026-12-31,2027-12-31,2026-04-01,18,0.0,0
PAIM-618038,EPC mode. (MoRTH) (618038),Infrastructure & Highways,Ministry of Railways,618038,Multi-State,3749.6,3749.6,2748.18,73.3,2021-03-01,2026-12-31,2028-12-31,2026-04-01,12,0.0,0
PAIM-618201,"Kashmir under project BEACON, Border Roads Organization BRO on EPC mode. (MoRTH) (618201)",Infrastructure & Highways,Ministry of Railways,618201,Multi-State,222.77,222.77,117.84,52.9,2023-03-01,2027-12-31,2027-12-31,2026-04-01,0,0.0,0
PAIM-10208,(MoRTH) (618201) (-) (10208),Infrastructure & Highways,Ministry of Railways,10208,Multi-State,2557.72,2557.72,1817.4,71.1,2022-03-01,2026-12-31,2028-12-31,2026-04-01,6,0.0,0
PAIM-618202,Kashmir under Project.Package-III (MoRTH) (618202),Infrastructure & Highways,Ministry of Railways,618202,Multi-State,4363.29,4363.29,903.91,20.7,2023-03-01,2028-12-31,2027-12-31,2026-04-01,36,0.0,0
PAIM-10209,(MoRTH) (618202) (N24002185) (10209),Infrastructure & Highways,Ministry of Railways,N24002185,Multi-State,3271.97,3271.97,655.86,20.0,2021-03-01,2027-12-31,2029-12-31,2026-04-01,12,0.0,0
PAIM-618203,Package-II (MoRTH) (618203),Infrastructure & Highways,Ministry of Railways,618203,Multi-State,3092.78,3092.78,2489.99,80.5,2021-03-01,2026-12-31,2029-12-31,2026-04-01,12,0.0,0
PAIM-10210,(MoRTH) (618203) (N24002179) (10210),Infrastructure & Highways,Ministry of Railways,N24002179,Multi-State,3117.05,3117.05,1411.99,45.3,2023-03-01,2027-12-31,2029-12-31,2026-04-01,6,0.0,0
PAIM-618204,Vijayak   BRO    in the UT of Ladakh on EPC Mode (MoRTH) (618204),Infrastructure & Highways,Ministry of Railways,618204,Multi-State,3081.56,3081.56,707.87,23.0,2021-03-01,2026-12-31,2029-12-31,2026-04-01,0,0.0,0
PAIM-618205,Border Roads Organization BRO  Package-IJob No NH-1-J&K-2022-23-110 (MoRTH) (618205),Infrastructure & Highways,Ministry of Railways,618205,Multi-State,3404.78,3404.78,1529.49,44.9,2021-03-01,2026-12-31,2027-12-31,2026-04-01,36,0.0,0
PAIM-10211,(MoRTH) (618205) (N24001998) (10211),Infrastructure & Highways,Ministry of Railways,N24001998,Multi-State,2092.51,2092.51,971.5,46.4,2023-03-01,2028-12-31,2028-12-31,2026-04-01,36,0.0,0
PAIM-618206,under Project Beacon in the UT of Jammu & Kashmir on EPC mode Package-I. (MoRTH) (618206),Infrastructure & Highways,Ministry of Railways,618206,Multi-State,3837.38,3837.38,2320.4,60.5,2021-03-01,2026-12-31,2027-12-31,2026-04-01,24,0.0,0
PAIM-10212,(MoRTH) (618206) (-) (10212),Infrastructure & Highways,Ministry of Railways,10212,Multi-State,2268.88,2268.88,914.09,40.3,2024-03-01,2028-12-31,2028-12-31,2026-04-01,24,0.0,0
PAIM-618220,mode Package-V Job no  NH-144A-J&K-2020-21-104 (MoRTH) (618220),Infrastructure & Highways,Ministry of Railways,618220,Multi-State,2847.23,2847.23,1909.02,67.0,2024-03-01,2026-12-31,2029-12-31,2026-04-01,18,0.0,0
PAIM-10216,(MoRTH) (618220) (N24001897) (10216),Infrastructure & Highways,Ministry of Railways,N24001897,Multi-State,2703.3,2703.3,1172.34,43.4,2023-03-01,2026-12-31,2028-12-31,2026-04-01,12,0.0,0
PAIM-618221,on Akhnoor-Poonch Roads on EPC mode NH-144A Package-VII (MoRTH) (618221),Infrastructure & Highways,Ministry of Railways,618221,Multi-State,2560.72,2560.72,976.49,38.1,2023-03-01,2028-12-31,2028-12-31,2026-04-01,24,0.0,0
PAIM-10217,(MoRTH) (618221) (N24002180) (10217),Infrastructure & Highways,Ministry of Railways,N24002180,Multi-State,1265.12,1265.12,492.9,39.0,2024-03-01,2027-12-31,2027-12-31,2026-04-01,6,0.0,0
PAIM-618222,NH-144A-J&K-2022-2023-111 (MoRTH) (618222),Infrastructure & Highways,Ministry of Railways,618222,Multi-State,277.04,277.04,226.4,81.7,2023-03-01,2028-12-31,2029-12-31,2026-04-01,36,0.0,0
PAIM-10218,(MoRTH) (618222) (N24002119) (10218),Infrastructure & Highways,Ministry of Railways,N24002119,Multi-State,2251.05,2251.05,771.8,34.3,2021-03-01,2027-12-31,2027-12-31,2026-04-01,36,0.0,0
PAIM-618223,Kashmir on EPC mode Package-III Job no  NH-144A-J&K-2019-20-79 (MoRTH) (618223),Infrastructure & Highways,Ministry of Railways,618223,Multi-State,1436.69,1436.69,361.31,25.1,2022-03-01,2028-12-31,2029-12-31,2026-04-01,18,0.0,0
PAIM-618224,Kashmir on EPC mode Package-II Job no  NH-144A-J&K-2019-20-78 (MoRTH) (618224),Infrastructure & Highways,Ministry of Railways,618224,Multi-State,1415.63,1415.63,830.41,58.7,2021-03-01,2026-12-31,2029-12-31,2026-04-01,12,0.0,0
PAIM-10219,(MoRTH) (618224) (N24001901) (10219),Infrastructure & Highways,Ministry of Railways,N24001901,Multi-State,2031.95,2031.95,1226.22,60.3,2022-03-01,2027-12-31,2027-12-31,2026-04-01,18,0.0,0
PAIM-618225,Sampark BRO on EPC mode Package-VI Job no  NH-144A-J&K-2021-22-106 (MoRTH) (618225),Infrastructure & Highways,Ministry of Railways,618225,Multi-State,685.46,685.46,469.76,68.5,2021-03-01,2026-12-31,2027-12-31,2026-04-01,36,0.0,0
PAIM-618226,the UT of Jammu & Kashmir EPC modePackage-I Job no NH-144A-J&K-2020-21-83. (MoRTH) (618226),Infrastructure & Highways,Ministry of Railways,618226,Multi-State,2403.77,2403.77,329.25,13.7,2023-03-01,2028-12-31,2029-12-31,2026-04-01,12,0.0,0
PAIM-618394,244  in UT of Jammu and Kashmir on EPC Mode Pkg-1 (NHIDCL) (618394),Infrastructure & Highways,Ministry of Railways,618394,Multi-State,827.56,827.56,264.66,32.0,2021-03-01,2027-12-31,2028-12-31,2026-04-01,6,0.0,0
PAIM-618395,Mode under NHO-Gen Pkg - 2 (NHIDCL) (618395),Infrastructure & Highways,Ministry of Railways,618395,Multi-State,1617.11,1617.11,1261.01,78.0,2021-03-01,2028-12-31,2029-12-31,2026-04-01,24,0.0,0
PAIM-10298,(NHIDCL) (618395) (N24001394) (10298),Infrastructure & Highways,Ministry of Railways,N24001394,Multi-State,3916.86,3916.86,2713.07,69.3,2023-03-01,2027-12-31,2029-12-31,2026-04-01,6,0.0,0
PAIM-618396,under NHO-Gen PKG- 1 (NHIDCL) (618396),Infrastructure & Highways,Ministry of Railways,618396,Multi-State,952.4,952.4,396.16,41.6,2023-03-01,2026-12-31,2028-12-31,2026-04-01,24,0.0,0
PAIM-618397,section of NH-244 in UT of Jammu and Kashmir to be executed on EPC basis (NHIDCL) (618397),Infrastructure & Highways,Ministry of Railways,618397,Multi-State,2300.8,2300.8,610.98,26.6,2021-03-01,2028-12-31,2027-12-31,2026-04-01,0,0.0,0
PAIM-618398,Mode Package II (NHIDCL) (618398),Infrastructure & Highways,Ministry of Railways,618398,Multi-State,4231.02,4231.02,925.06,21.9,2023-03-01,2026-12-31,2027-12-31,2026-04-01,6,0.0,0
PAIM-618399,of Jammu and Kashmir on EPC Mode Pkg-4 (NHIDCL) (618399),Infrastructure & Highways,Ministry of Railways,618399,Multi-State,3972.0,3972.0,1856.39,46.7,2022-03-01,2028-12-31,2028-12-31,2026-04-01,18,0.0,0
PAIM-10299,(NHIDCL) (618399) (N24001395) (10299),Infrastructure & Highways,Ministry of Railways,N24001395,Multi-State,471.61,471.61,166.7,35.3,2023-03-01,2027-12-31,2028-12-31,2026-04-01,12,0.0,0
PAIM-618400,in the UT of J&K on EPC Mode under NHO-Gen Pkg-3 (NHIDCL) (618400),Infrastructure & Highways,Ministry of Railways,618400,Multi-State,393.04,393.04,57.99,14.8,2024-03-01,2028-12-31,2027-12-31,2026-04-01,36,0.0,0
PAIM-618406,Kashmir on EPC basis Pkg-3A (NHIDCL) (618406),Infrastructure & Highways,Ministry of Railways,618406,Multi-State,1762.3,1762.3,450.82,25.6,2021-03-01,2026-12-31,2029-12-31,2026-04-01,36,0.0,0
PAIM-618407,Jammu-Akhnoor Road Pkg-I (NHIDCL) (618407),Infrastructure & Highways,Ministry of Railways,618407,Delhi,3318.96,3318.96,2210.28,66.6,2022-03-01,2026-12-31,2028-12-31,2026-04-01,18,0.0,0
PAIM-618494,village from Km 468100 to Km 503250] (National Highways Authority of India [NHAI]) (618494),Infrastructure & Highways,Ministry of Railways,618494,Multi-State,637.78,637.78,225.91,35.4,2022-03-01,2028-12-31,2029-12-31,2026-04-01,6,0.0,0
PAIM-10352,(National Highways Authority of India [NHAI]) (618494) (N24001552) (10352),Infrastructure & Highways,Ministry of Railways,N24001552,Multi-State,1587.96,1587.96,206.01,13.0,2021-03-01,2027-12-31,2027-12-31,2026-04-01,18,0.0,0
PAIM-618495,566.520 Domel to Katra Section Phase II-Package XVII (National Highways Authority of India [NHAI]) (618495),Infrastructure & Highways,Ministry of Railways,618495,Delhi,882.12,882.12,626.95,71.1,2023-03-01,2027-12-31,2029-12-31,2026-04-01,6,0.0,0
PAIM-10353,(National Highways Authority of India [NHAI]) (618495) (N24002061) (10353),Infrastructure & Highways,Ministry of Railways,N24002061,Delhi,3937.1,3937.1,1556.97,39.5,2023-03-01,2026-12-31,2027-12-31,2026-04-01,18,0.0,0
PAIM-618496,to km 514500] (National Highways Authority of India [NHAI]) (618496),Infrastructure & Highways,Ministry of Railways,618496,Delhi,2038.07,2038.07,1363.91,66.9,2021-03-01,2027-12-31,2028-12-31,2026-04-01,0,0.0,0
PAIM-10354,(National Highways Authority of India [NHAI]) (618496) (N24001550) (10354),Infrastructure & Highways,Ministry of Railways,N24001550,Delhi,3234.3,3234.3,1846.69,57.1,2021-03-01,2028-12-31,2029-12-31,2026-04-01,6,0.0,0
PAIM-618497,545.300 Sidhra to Domel Section of NH-44 (National Highways Authority of India [NHAI]) (618497),Infrastructure & Highways,Ministry of Railways,618497,Multi-State,4011.46,4011.46,451.96,11.3,2021-03-01,2027-12-31,2029-12-31,2026-04-01,12,0.0,0
PAIM-10355,(National Highways Authority of India [NHAI]) (618497) (N24002060) (10355),Infrastructure & Highways,Ministry of Railways,N24002060,Multi-State,4454.48,4454.48,1228.4,27.6,2022-03-01,2026-12-31,2029-12-31,2026-04-01,24,0.0,0
PAIM-618541,4L Ring road/bypass around Srinagar city from km 0.000 to km 42.100 Phase-I (National Highways Authority of India [NHAI],Infrastructure & Highways,Ministry of Railways,618541,Multi-State,1330.17,1330.17,715.97,53.8,2022-03-01,2028-12-31,2029-12-31,2026-04-01,12,0.0,0
PAIM-10390,(National Highways Authority of India [NHAI]) (618541) (N24001511) (10390),Infrastructure & Highways,Ministry of Railways,N24001511,Multi-State,1879.9,1879.9,838.05,44.6,2023-03-01,2026-12-31,2029-12-31,2026-04-01,36,0.0,0
PAIM-618543,Bound of  Ramban to Banihal Pkg-I of Old NH-1A New NH-44 (National Highways Authority of India [NHAI]) (618543),Infrastructure & Highways,Ministry of Railways,618543,Multi-State,3723.22,3723.22,1988.79,53.4,2024-03-01,2027-12-31,2027-12-31,2026-04-01,18,0.0,0
PAIM-10391,(National Highways Authority of India [NHAI]) (618543) (N24001627) (10391),Infrastructure & Highways,Ministry of Railways,N24001627,Multi-State,208.42,208.42,67.25,32.3,2021-03-01,2026-12-31,2027-12-31,2026-04-01,6,0.0,0
PAIM-618544,"T4 ,Single tube tunnel of Ramban to Banihal Pkg-II of Old NH-1A New NH-44 (National Highways Authority of India [NHAI]) ",Infrastructure & Highways,Ministry of Railways,618544,Multi-State,2184.04,2184.04,1015.18,46.5,2024-03-01,2027-12-31,2029-12-31,2026-04-01,24,0.0,0
PAIM-10392,(National Highways Authority of India [NHAI]) (618544) (N24001622) (10392),Infrastructure & Highways,Ministry of Railways,N24001622,Multi-State,2038.37,2038.37,430.18,21.1,2023-03-01,2028-12-31,2028-12-31,2026-04-01,36,0.0,0
PAIM-618545,Banihal Pkg-III of Old NH-1A New NH-44 (National Highways Authority of India [NHAI]) (618545),Infrastructure & Highways,Ministry of Railways,618545,Multi-State,4217.3,4217.3,1505.84,35.7,2022-03-01,2026-12-31,2029-12-31,2026-04-01,0,0.0,0
PAIM-618547,standard as part of Srinagar Ring Road PhaseII [Design Ch. 41.907 to Ch. 66.609] (National Highways Authority of India [,Infrastructure & Highways,Ministry of Railways,618547,Multi-State,677.98,677.98,406.53,60.0,2022-03-01,2027-12-31,2027-12-31,2026-04-01,24,0.0,0
PAIM-10394,(National Highways Authority of India [NHAI]) (618547) (N24002059) (10394),Infrastructure & Highways,Ministry of Railways,N24002059,Multi-State,359.44,359.44,242.0,67.3,2024-03-01,2028-12-31,2029-12-31,2026-04-01,24,0.0,0
PAIM-618549,residual NHDP component of Bharatmala Pariyojna (National Highways Authority of India [NHAI]) (618549),Infrastructure & Highways,Ministry of Railways,618549,Multi-State,4491.47,4491.47,3378.64,75.2,2024-03-01,2027-12-31,2029-12-31,2026-04-01,6,0.0,0
PAIM-10396,(National Highways Authority of India [NHAI]) (618549) (N24001926) (10396),Infrastructure & Highways,Ministry of Railways,N24001926,Multi-State,3677.75,3677.75,1296.82,35.3,2021-03-01,2027-12-31,2028-12-31,2026-04-01,6,0.0,0
PAIM-618550,Samba section of NH-44 from Chainage Km. 16.300 to Km. 74.100 (National Highways Authority of India [NHAI]) (618550),Infrastructure & Highways,Ministry of Railways,618550,Multi-State,1554.02,1554.02,1285.58,82.7,2022-03-01,2027-12-31,2029-12-31,2026-04-01,36,0.0,0
PAIM-618967,from Km 0.000 to Km 39.100 (National Highways Authority of India [NHAI]) (618967),Infrastructure & Highways,Ministry of Railways,618967,Multi-State,2623.93,2623.93,1363.23,52.0,2023-03-01,2027-12-31,2028-12-31,2026-04-01,12,0.0,0
PAIM-619038,section on NH-244  in UT of Jammu and Kashmir on EPC Mode Pkg-5 (NHIDCL) (619038),Infrastructure & Highways,Ministry of Railways,619038,Multi-State,4210.64,4210.64,1651.87,39.2,2024-03-01,2026-12-31,2028-12-31,2026-04-01,24,0.0,0
PAIM-618060,from km 116.00 to km 176.355 of NH-75E in the State of Jharkhand on EPC mode. (MoRTH) (618060),Infrastructure & Highways,Ministry of Railways,618060,Multi-State,1932.37,1932.37,568.18,29.4,2021-03-01,2027-12-31,2029-12-31,2026-04-01,12,0.0,0
PAIM-618083,under EPC mode. (MoRTH) (618083),Infrastructure & Highways,Ministry of Railways,618083,Multi-State,1658.33,1658.33,640.99,38.7,2021-03-01,2028-12-31,2029-12-31,2026-04-01,36,0.0,0
PAIM-618084,of NH-143A including re-construction of culverts and bridges. (MoRTH) (618084),Infrastructure & Highways,Ministry of Railways,618084,Multi-State,1171.88,1171.88,948.76,81.0,2022-03-01,2027-12-31,2028-12-31,2026-04-01,36,0.0,0
PAIM-618123,under EPC mode (MoRTH) (618123),Infrastructure & Highways,Ministry of Railways,618123,Multi-State,3237.98,3237.98,2701.63,83.4,2021-03-01,2028-12-31,2028-12-31,2026-04-01,6,0.0,0
PAIM-618127,93.050 Pakur of NH-333A in the State of Jharkhand on EPC mode (MoRTH) (618127),Infrastructure & Highways,Ministry of Railways,618127,Multi-State,2662.35,2662.35,1241.03,46.6,2023-03-01,2028-12-31,2027-12-31,2026-04-01,24,0.0,0
PAIM-618242,65.325 of Nh-419 in the State of Jharkhand on EPC mode. (MoRTH) (618242),Infrastructure & Highways,Ministry of Railways,618242,Multi-State,1605.77,1605.77,803.52,50.0,2022-03-01,2027-12-31,2029-12-31,2026-04-01,36,0.0,0
PAIM-618535,including Panagarh Bypass in the State of Jharkhand on EPC Mode. (National Highways Authority of India [NHAI]) (618535),Infrastructure & Highways,Ministry of Railways,618535,Multi-State,1677.31,1677.31,787.98,47.0,2023-03-01,2028-12-31,2028-12-31,2026-04-01,24,0.0,0
PAIM-618641,Jhrkhand (National Highways Authority of India [NHAI]) (618641),Infrastructure & Highways,Ministry of Railways,618641,Multi-State,685.51,685.51,130.5,19.0,2024-03-01,2027-12-31,2029-12-31,2026-04-01,0,0.0,0
PAIM-11882,(National Highways Authority of India [NHAI]) (618641) (-) (11882),Infrastructure & Highways,Ministry of Railways,11882,Multi-State,384.49,384.49,235.88,61.3,2021-03-01,2028-12-31,2029-12-31,2026-04-01,0,0.0,0
PAIM-618642,4L of Palma to Gumla from km. 26.00 to km. 89.170 of NH-23 (National Highways Authority of India [NHAI]) (618642),Infrastructure & Highways,Ministry of Railways,618642,Multi-State,2467.68,2467.68,2013.72,81.6,2023-03-01,2026-12-31,2028-12-31,2026-04-01,6,0.0,0
PAIM-10459,(National Highways Authority of India [NHAI]) (618642) (N24001595) (10459),Infrastructure & Highways,Ministry of Railways,N24001595,Multi-State,4009.01,4009.01,604.67,15.1,2021-03-01,2027-12-31,2028-12-31,2026-04-01,0,0.0,0
PAIM-618644,4L of Ormanjhi-Gola section from Km 81.450 to Km 53.600 of NH- 320BPKG-II (National Highways Authority of India [NHAI]) ,Infrastructure & Highways,Ministry of Railways,618644,Multi-State,2166.52,2166.52,1004.46,46.4,2021-03-01,2028-12-31,2027-12-31,2026-04-01,24,0.0,0
PAIM-10460,(National Highways Authority of India [NHAI]) (618644) (N24001854) (10460),Infrastructure & Highways,Ministry of Railways,N24001854,Multi-State,4126.32,4126.32,506.45,12.3,2023-03-01,2027-12-31,2028-12-31,2026-04-01,0,0.0,0
PAIM-618645,4L of Gola-BokaroJaina More section from Km 53.600 to Km 21.110 of NH-320PKG-1 (National Highways Authority of India [NH,Infrastructure & Highways,Ministry of Railways,618645,Multi-State,1316.06,1316.06,589.58,44.8,2024-03-01,2028-12-31,2029-12-31,2026-04-01,24,0.0,0
PAIM-10461,(National Highways Authority of India [NHAI]) (618645) (N24002056) (10461),Infrastructure & Highways,Ministry of Railways,N24002056,Multi-State,4284.79,4284.79,3423.41,79.9,2024-03-01,2027-12-31,2029-12-31,2026-04-01,12,0.0,0
PAIM-618736,NH-33 New NH-18 from km 241940 to km 251961 Length 10.021 km (National Highways Authority of India [NHAI]) (618736),Infrastructure & Highways,Ministry of Railways,618736,Multi-State,3314.87,3314.87,1262.26,38.1,2023-03-01,2028-12-31,2027-12-31,2026-04-01,6,0.0,0
PAIM-10526,(National Highways Authority of India [NHAI]) (618736) (-) (10526),Infrastructure & Highways,Ministry of Railways,10526,Multi-State,1569.57,1569.57,229.72,14.6,2022-03-01,2028-12-31,2028-12-31,2026-04-01,36,0.0,0
PAIM-618737,& Km. 139.225 junction with Ranchi  Jamshedpur road on 4L Ranchi Bypass of NH-33 (National Highways Authority of India [,Infrastructure & Highways,Ministry of Railways,618737,Multi-State,2035.66,2035.66,1263.27,62.1,2021-03-01,2027-12-31,2028-12-31,2026-04-01,6,0.0,0
PAIM-618829,4L from km 196.87 Sankha to km 219.6 Khajuri on NH-75 [Rehla / Garhwa Bypass] (National Highways Authority of India [NHA,Infrastructure & Highways,Ministry of Railways,618829,Multi-State,816.49,816.49,667.2,81.7,2024-03-01,2026-12-31,2029-12-31,2026-04-01,18,0.0,0
PAIM-10593,(National Highways Authority of India [NHAI]) (618829) (N24001590) (10593),Infrastructure & Highways,Ministry of Railways,N24001590,Multi-State,2064.0,2064.0,1183.58,57.3,2023-03-01,2027-12-31,2027-12-31,2026-04-01,36,0.0,0
PAIM-618830,4L from Km 147.450 Bhogu to Km 196.870 Sankha on NH-75 Sec-III (National Highways Authority of India [NHAI]) (618830),Infrastructure & Highways,Ministry of Railways,618830,Multi-State,376.99,376.99,297.66,79.0,2023-03-01,2028-12-31,2028-12-31,2026-04-01,36,0.0,0
PAIM-10594,(National Highways Authority of India [NHAI]) (618830) (N24002054) (10594),Infrastructure & Highways,Ministry of Railways,N24002054,Multi-State,3917.76,3917.76,569.82,14.5,2024-03-01,2027-12-31,2028-12-31,2026-04-01,12,0.0,0
PAIM-618831,4L from Km 95.400 Udaipura to Km 147.450 Bhogu on NH-75 Sec-II (National Highways Authority of India [NHAI]) (618831),Infrastructure & Highways,Ministry of Railways,618831,Multi-State,374.19,374.19,130.29,34.8,2021-03-01,2026-12-31,2027-12-31,2026-04-01,36,0.0,0
PAIM-10595,(National Highways Authority of India [NHAI]) (618831) (-) (10595),Infrastructure & Highways,Ministry of Railways,10595,Multi-State,2410.08,2410.08,1854.57,77.0,2021-03-01,2027-12-31,2029-12-31,2026-04-01,18,0.0,0
PAIM-618832,4L from Km 55.00 Kuru to Km 95.400 Udaipura on NH-75 Sec-I (National Highways Authority of India [NHAI]) (618832),Infrastructure & Highways,Ministry of Railways,618832,Multi-State,2126.73,2126.73,1554.98,73.1,2022-03-01,2026-12-31,2027-12-31,2026-04-01,6,0.0,0
PAIM-11879,(National Highways Authority of India [NHAI]) (618832) (-) (11879),Infrastructure & Highways,Ministry of Railways,11879,Multi-State,4452.89,4452.89,2295.96,51.6,2024-03-01,2028-12-31,2027-12-31,2026-04-01,6,0.0,0
PAIM-618863,Barhi-Koderma Section of NH31 km 0.00 - km 27.5 (National Highways Authority of India [NHAI]) (618863),Infrastructure & Highways,Ministry of Railways,618863,Multi-State,399.32,399.32,238.96,59.8,2022-03-01,2026-12-31,2028-12-31,2026-04-01,0,0.0,0
PAIM-10618,(National Highways Authority of India [NHAI]) (618863) (-) (10618),Infrastructure & Highways,Ministry of Railways,10618,Multi-State,2895.74,2895.74,804.2,27.8,2023-03-01,2027-12-31,2028-12-31,2026-04-01,24,0.0,0
PAIM-618946,4L of Mehgama - Hansdiha from  km. 41.900 to km. 93.000 of NH -133A Pkg-II (National Highways Authority of India [NHAI]),Infrastructure & Highways,Ministry of Railways,618946,Multi-State,1414.71,1414.71,975.5,69.0,2024-03-01,2026-12-31,2027-12-31,2026-04-01,18,0.0,0
PAIM-10684,(National Highways Authority of India [NHAI]) (618946) (N24002057) (10684),Infrastructure & Highways,Ministry of Railways,N24002057,Multi-State,309.83,309.83,114.65,37.0,2021-03-01,2026-12-31,2027-12-31,2026-04-01,36,0.0,0
PAIM-618947,4L of NH-80 from km 215.00 to km 260.00 Mirza Chauki to Farkka Pkg-I (National Highways Authority of India [NHAI]) (6189,Infrastructure & Highways,Ministry of Railways,618947,Multi-State,4356.72,4356.72,796.16,18.3,2021-03-01,2026-12-31,2029-12-31,2026-04-01,18,0.0,0
PAIM-10685,(National Highways Authority of India [NHAI]) (618947) (N24001596) (10685),Infrastructure & Highways,Ministry of Railways,N24001596,Multi-State,746.61,746.61,577.22,77.3,2022-03-01,2027-12-31,2028-12-31,2026-04-01,36,0.0,0
PAIM-618949,4L of Basukinath- Deoghar Section of NH-114A (National Highways Authority of India [NHAI]) (618949),Infrastructure & Highways,Ministry of Railways,618949,Multi-State,2885.03,2885.03,886.99,30.7,2024-03-01,2026-12-31,2029-12-31,2026-04-01,18,0.0,0
PAIM-10686,(National Highways Authority of India [NHAI]) (618949) (N24002055) (10686),Infrastructure & Highways,Ministry of Railways,N24002055,Multi-State,226.08,226.08,59.88,26.5,2022-03-01,2027-12-31,2029-12-31,2026-04-01,0,0.0,0
PAIM-618950,Bypass from design km 0.000 to design Km 49.000 (National Highways Authority of India [NHAI]) (618950),Infrastructure & Highways,Ministry of Railways,618950,Multi-State,1910.15,1910.15,1440.2,75.4,2021-03-01,2026-12-31,2029-12-31,2026-04-01,12,0.0,0
PAIM-619005,Jharkhand under EPC Mode (MoRTH) (619005),Infrastructure & Highways,Ministry of Railways,619005,Multi-State,548.18,548.18,396.24,72.3,2022-03-01,2026-12-31,2029-12-31,2026-04-01,12,0.0,0
PAIM-617935,on EPC basis (MoRTH) (617935),Infrastructure & Highways,Ministry of Railways,617935,Karnataka,1966.53,1966.53,1543.07,78.5,2023-03-01,2026-12-31,2028-12-31,2026-04-01,6,0.0,0
PAIM-617950,22.11.2022 (MoRTH) (617950),Infrastructure & Highways,Ministry of Railways,617950,Karnataka,703.04,703.04,272.8,38.8,2021-03-01,2027-12-31,2028-12-31,2026-04-01,0,0.0,0
PAIM-617954,Mode.-952 (MoRTH) (617954),Infrastructure & Highways,Ministry of Railways,617954,Karnataka,2862.89,2862.89,959.95,33.5,2022-03-01,2026-12-31,2029-12-31,2026-04-01,24,0.0,0
PAIM-617955,EPC Mode under Annual Plan 2021-22   Job No NH-73-KNT-2021-22-945 (MoRTH) (617955),Infrastructure & Highways,Ministry of Railways,617955,Karnataka,955.59,955.59,558.58,58.5,2024-03-01,2028-12-31,2027-12-31,2026-04-01,6,0.0,0
PAIM-10150,(MoRTH) (617955) (N24002012) (10150),Infrastructure & Highways,Ministry of Railways,N24002012,Karnataka,1577.87,1577.87,643.74,40.8,2022-03-01,2028-12-31,2029-12-31,2026-04-01,6,0.0,0
PAIM-617989,Jadcherla section (MoRTH) (617989),Infrastructure & Highways,Ministry of Railways,617989,Karnataka,2829.94,2829.94,1471.5,52.0,2024-03-01,2028-12-31,2029-12-31,2026-04-01,12,0.0,0
PAIM-617998,Job No. NH-169-KNT-2021-22-949 (MoRTH) (617998),Infrastructure & Highways,Ministry of Railways,617998,Karnataka,4182.11,4182.11,2373.86,56.8,2024-03-01,2026-12-31,2028-12-31,2026-04-01,0,0.0,0
PAIM-617999,state of Karnataka NH-173-KNT-2022-23-980 dated 13.03.2023 (MoRTH) (617999),Infrastructure & Highways,Ministry of Railways,617999,Karnataka,4251.57,4251.57,2799.74,65.9,2024-03-01,2026-12-31,2029-12-31,2026-04-01,36,0.0,0
PAIM-618000,EPC mode under Annual Plan 2021-22 Job no. NH-173-KNT-2021-22-946 (MoRTH) (618000),Infrastructure & Highways,Ministry of Railways,618000,Karnataka,586.53,586.53,121.96,20.8,2022-03-01,2027-12-31,2029-12-31,2026-04-01,6,0.0,0
PAIM-618027,dated 08.02.2023 (MoRTH) (618027),Infrastructure & Highways,Ministry of Railways,618027,Karnataka,1338.69,1338.69,634.6,47.4,2023-03-01,2028-12-31,2027-12-31,2026-04-01,24,0.0,0
PAIM-618028,under Annual Plan 2022-23. NH-367-KNT-2022-23-973 dated 08.02.2023 (MoRTH) (618028),Infrastructure & Highways,Ministry of Railways,618028,Karnataka,4067.18,4067.18,1825.94,44.9,2021-03-01,2028-12-31,2029-12-31,2026-04-01,24,0.0,0
PAIM-618029,mode. Job No. NH-367-KNT-2021-22-930 (MoRTH) (618029),Infrastructure & Highways,Ministry of Railways,618029,Karnataka,2080.96,2080.96,261.33,12.6,2023-03-01,2027-12-31,2028-12-31,2026-04-01,6,0.0,0
PAIM-618030,2021-22-934 (MoRTH) (618030),Infrastructure & Highways,Ministry of Railways,618030,Karnataka,3434.9,3434.9,1753.37,51.0,2022-03-01,2026-12-31,2029-12-31,2026-04-01,0,0.0,0
PAIM-618031,mode. (MoRTH) (618031),Infrastructure & Highways,Ministry of Railways,618031,Karnataka,3728.76,3728.76,1332.72,35.7,2024-03-01,2027-12-31,2029-12-31,2026-04-01,18,0.0,0
PAIM-10166,(MoRTH) (618031) (N24002011) (10166),Infrastructure & Highways,Ministry of Railways,N24002011,Karnataka,3276.38,3276.38,893.58,27.3,2024-03-01,2026-12-31,2029-12-31,2026-04-01,36,0.0,0
PAIM-618086,Plan 2022-23  NH-150A-KNT-2022-23-977 dated 08.03.2023 (MoRTH) (618086),Infrastructure & Highways,Ministry of Railways,618086,Karnataka,2550.54,2550.54,983.45,38.6,2021-03-01,2027-12-31,2029-12-31,2026-04-01,36,0.0,0
PAIM-10175,(MoRTH) (618086) (-) (10175),Infrastructure & Highways,Ministry of Railways,10175,Karnataka,624.07,624.07,254.18,40.7,2021-03-01,2028-12-31,2027-12-31,2026-04-01,12,0.0,0
PAIM-618087,of Karnataka on EPC mode. Job No. NH-150A-KNT-2021-22-951 (MoRTH) (618087),Infrastructure & Highways,Ministry of Railways,618087,Karnataka,2431.93,2431.93,520.37,21.4,2023-03-01,2027-12-31,2028-12-31,2026-04-01,6,0.0,0
PAIM-618095,166E-KNT-2022-23-974 (MoRTH) (618095),Infrastructure & Highways,Ministry of Railways,618095,Karnataka,891.27,891.27,216.1,24.2,2022-03-01,2028-12-31,2027-12-31,2026-04-01,0,0.0,0
PAIM-618109,KNT-2021-22-927 (MoRTH) (618109),Infrastructure & Highways,Ministry of Railways,618109,Karnataka,355.72,355.72,121.22,34.1,2024-03-01,2026-12-31,2027-12-31,2026-04-01,0,0.0,0
PAIM-618144,of Karnataka on EPC mode.Job No. NH-369E-KNT-2018-19-895 dated 06.03.2019. (MoRTH) (618144),Infrastructure & Highways,Ministry of Railways,618144,Karnataka,2484.73,2484.73,970.36,39.1,2021-03-01,2027-12-31,2029-12-31,2026-04-01,18,0.0,0
PAIM-618147,23 (MoRTH) (618147),Infrastructure & Highways,Ministry of Railways,618147,Karnataka,3861.39,3861.39,3069.26,79.5,2023-03-01,2026-12-31,2029-12-31,2026-04-01,18,0.0,0
PAIM-618149,of NH-548B Murrum-Maharashtra Border in the State of Karnataka (MoRTH) (618149),Infrastructure & Highways,Ministry of Railways,618149,Maharashtra,1078.82,1078.82,448.43,41.6,2022-03-01,2026-12-31,2029-12-31,2026-04-01,36,0.0,0
PAIM-10191,(MoRTH) (618149) (-) (10191),Infrastructure & Highways,Ministry of Railways,10191,Maharashtra,480.04,480.04,57.07,11.9,2021-03-01,2026-12-31,2027-12-31,2026-04-01,0,0.0,0
PAIM-618184,of Karnataka NH-766C-KNT-2022-23 dated 14.10.2022 (MoRTH) (618184),Infrastructure & Highways,Ministry of Railways,618184,Karnataka,2230.91,2230.91,677.73,30.4,2021-03-01,2028-12-31,2029-12-31,2026-04-01,12,0.0,0
PAIM-618185,Plan 2022-23 NH-766C-KNT-2022-23-969 dated 30.12.2022 (MoRTH) (618185),Infrastructure & Highways,Ministry of Railways,618185,Karnataka,403.88,403.88,77.55,19.2,2021-03-01,2028-12-31,2027-12-31,2026-04-01,24,0.0,0
PAIM-618189,Annual Plan 2023-24Job No NH-73Spur-KNT-2023-24-996 (MoRTH) (618189),Infrastructure & Highways,Ministry of Railways,618189,Karnataka,1409.1,1409.1,736.64,52.3,2022-03-01,2028-12-31,2028-12-31,2026-04-01,12,0.0,0
PAIM-10203,(MoRTH) (618189) (-) (10203),Infrastructure & Highways,Ministry of Railways,10203,Karnataka,3434.78,3434.78,1984.84,57.8,2024-03-01,2028-12-31,2027-12-31,2026-04-01,6,0.0,0
PAIM-618517,403.80 to km. 433.20 (National Highways Authority of India [NHAI]) (618517),Infrastructure & Highways,Ministry of Railways,618517,Karnataka,542.3,542.3,314.52,58.0,2023-03-01,2028-12-31,2027-12-31,2026-04-01,0,0.0,0
PAIM-10371,(National Highways Authority of India [NHAI]) (618517) (N24001994) (10371),Infrastructure & Highways,Ministry of Railways,N24001994,Karnataka,2468.77,2468.77,405.02,16.4,2021-03-01,2027-12-31,2028-12-31,2026-04-01,12,0.0,0
PAIM-618518,Davanagere - Haveri of NH-48 Old NH-4 from km. 260.00 to km. 338.923 (National Highways Authority of India [NHAI]) (6185,Infrastructure & Highways,Ministry of Railways,618518,Karnataka,3473.97,3473.97,1812.1,52.2,2021-03-01,2028-12-31,2028-12-31,2026-04-01,24,0.0,0
PAIM-10372,(National Highways Authority of India [NHAI]) (618518) (-) (10372),Infrastructure & Highways,Ministry of Railways,10372,Karnataka,4353.94,4353.94,1473.2,33.8,2023-03-01,2027-12-31,2028-12-31,2026-04-01,6,0.0,0
PAIM-618520,old NH-207] [Bangalore Ring Road Pkg 1] (National Highways Authority of India [NHAI]) (618520),Infrastructure & Highways,Ministry of Railways,618520,Karnataka,2667.13,2667.13,1422.51,53.3,2024-03-01,2028-12-31,2029-12-31,2026-04-01,18,0.0,0
PAIM-10374,(National Highways Authority of India [NHAI]) (618520) (-) (10374),Infrastructure & Highways,Ministry of Railways,10374,Karnataka,1941.97,1941.97,475.82,24.5,2023-03-01,2026-12-31,2028-12-31,2026-04-01,6,0.0,0
PAIM-618630,26.000 to Km. 97.000 in Gulbarga of NH-150C Pkg-II (National Highways Authority of India [NHAI]) (618630),Infrastructure & Highways,Ministry of Railways,618630,Karnataka,1124.35,1124.35,478.81,42.6,2021-03-01,2028-12-31,2028-12-31,2026-04-01,18,0.0,0
PAIM-10449,(National Highways Authority of India [NHAI]) (618630) (N24001676) (10449),Infrastructure & Highways,Ministry of Railways,N24001676,Karnataka,946.1,946.1,410.09,43.3,2024-03-01,2026-12-31,2028-12-31,2026-04-01,18,0.0,0
PAIM-618649,Raichur Section of NH 748 A  Package-6 (National Highways Authority of India [NHAI]) (618649),Infrastructure & Highways,Ministry of Railways,618649,Karnataka,3696.14,3696.14,1420.2,38.4,2023-03-01,2026-12-31,2027-12-31,2026-04-01,6,0.0,0
PAIM-10463,(National Highways Authority of India [NHAI]) (618649) (-) (10463),Infrastructure & Highways,Ministry of Railways,10463,Karnataka,2506.59,2506.59,759.99,30.3,2024-03-01,2028-12-31,2028-12-31,2026-04-01,6,0.0,0
PAIM-618650,Raichur Section of NH-748A Package-3 (National Highways Authority of India [NHAI]) (618650),Infrastructure & Highways,Ministry of Railways,618650,Karnataka,799.53,799.53,326.52,40.8,2022-03-01,2028-12-31,2029-12-31,2026-04-01,18,0.0,0
PAIM-10464,(National Highways Authority of India [NHAI]) (618650) (-) (10464),Infrastructure & Highways,Ministry of Railways,10464,Karnataka,691.34,691.34,527.41,76.3,2024-03-01,2026-12-31,2029-12-31,2026-04-01,24,0.0,0
PAIM-618651,Raichur Section of NH-748A Package-2 (National Highways Authority of India [NHAI]) (618651),Infrastructure & Highways,Ministry of Railways,618651,Karnataka,1889.13,1889.13,335.94,17.8,2023-03-01,2028-12-31,2027-12-31,2026-04-01,36,0.0,0
PAIM-10465,(National Highways Authority of India [NHAI]) (618651) (-) (10465),Infrastructure & Highways,Ministry of Railways,10465,Karnataka,1320.57,1320.57,668.06,50.6,2024-03-01,2027-12-31,2029-12-31,2026-04-01,12,0.0,0
PAIM-618697,Village Balance work of NH 150A of Bellary  Byrapura Section (National Highways Authority of India [NHAI]) (618697),Infrastructure & Highways,Ministry of Railways,618697,Karnataka,1979.44,1979.44,1337.69,67.6,2021-03-01,2027-12-31,2029-12-31,2026-04-01,0,0.0,0
PAIM-618698,Challakere to Hariyur section from km 358.500 to km 414.205 of NH-150 A (National Highways Authority of India [NHAI]) (6,Infrastructure & Highways,Ministry of Railways,618698,Karnataka,1977.78,1977.78,423.86,21.4,2023-03-01,2026-12-31,2029-12-31,2026-04-01,24,0.0,0
PAIM-10498,(National Highways Authority of India [NHAI]) (618698) (-) (10498),Infrastructure & Highways,Ministry of Railways,10498,Karnataka,3905.9,3905.9,1835.82,47.0,2024-03-01,2028-12-31,2027-12-31,2026-04-01,0,0.0,0
PAIM-618702,from Km. 311.57 to Km. 313.67 of NH-75 Old NH-48 (National Highways Authority of India [NHAI]) (618702),Infrastructure & Highways,Ministry of Railways,618702,Karnataka,2978.06,2978.06,1455.77,48.9,2021-03-01,2028-12-31,2028-12-31,2026-04-01,6,0.0,0
PAIM-10501,(National Highways Authority of India [NHAI]) (618702) (N24001425) (10501),Infrastructure & Highways,Ministry of Railways,N24001425,Karnataka,3430.4,3430.4,2766.77,80.7,2024-03-01,2026-12-31,2029-12-31,2026-04-01,12,0.0,0
PAIM-618706,Bangalore-Nidagatta Pkg. I (National Highways Authority of India [NHAI]) (618706),Infrastructure & Highways,Ministry of Railways,618706,Karnataka,416.24,416.24,296.45,71.2,2023-03-01,2028-12-31,2028-12-31,2026-04-01,36,0.0,0
PAIM-10502,(National Highways Authority of India [NHAI]) (618706) (-) (10502),Infrastructure & Highways,Ministry of Railways,10502,Karnataka,2798.09,2798.09,390.29,13.9,2023-03-01,2027-12-31,2028-12-31,2026-04-01,24,0.0,0
PAIM-618707,Access control with close toll from Km.17.300 to  Km.136.300 of NH-275 (National Highways Authority of India [NHAI]) (61,Infrastructure & Highways,Ministry of Railways,618707,Karnataka,275.35,275.35,81.42,29.6,2024-03-01,2027-12-31,2029-12-31,2026-04-01,36,0.0,0
PAIM-618709,Dec.Ch. to Km.375450Des.Ch. of NH-63 New-67 (National Highways Authority of India [NHAI]) (618709),Infrastructure & Highways,Ministry of Railways,618709,Karnataka,4311.63,4311.63,2695.73,62.5,2022-03-01,2026-12-31,2028-12-31,2026-04-01,36,0.0,0
PAIM-10504,(National Highways Authority of India [NHAI]) (618709) (N24001989) (10504),Infrastructure & Highways,Ministry of Railways,N24001989,Karnataka,3761.45,3761.45,1282.96,34.1,2024-03-01,2026-12-31,2027-12-31,2026-04-01,18,0.0,0
PAIM-618799,Rd. and km 4.965 - km 60.00 of SH-69 (National Highways Authority of India [NHAI]) (618799),Infrastructure & Highways,Ministry of Railways,618799,Karnataka,1088.96,1088.96,208.9,19.2,2021-03-01,2026-12-31,2028-12-31,2026-04-01,36,0.0,0
PAIM-618870,KR Nagar Jn section from Km. 144.900 to Km. 169.000 of NH-275  Pkg. III (National Highways Authority of India [NHAI]) (6,Infrastructure & Highways,Ministry of Railways,618870,Karnataka,2528.78,2528.78,1639.09,64.8,2024-03-01,2027-12-31,2029-12-31,2026-04-01,36,0.0,0
PAIM-10624,(National Highways Authority of India [NHAI]) (618870) (-) (10624),Infrastructure & Highways,Ministry of Railways,10624,Karnataka,2161.36,2161.36,1509.46,69.8,2024-03-01,2028-12-31,2027-12-31,2026-04-01,36,0.0,0
PAIM-618871,Pkg. II (National Highways Authority of India [NHAI]) (618871),Infrastructure & Highways,Ministry of Railways,618871,Karnataka,4086.15,4086.15,2279.06,55.8,2022-03-01,2026-12-31,2029-12-31,2026-04-01,0,0.0,0
PAIM-10625,(National Highways Authority of India [NHAI]) (618871) (-) (10625),Infrastructure & Highways,Ministry of Railways,10625,Karnataka,3809.82,3809.82,2064.88,54.2,2023-03-01,2027-12-31,2028-12-31,2026-04-01,0,0.0,0
PAIM-618872,Yelawala Road Junction fcrom Km 169.000 to Km 195.550 of NH-275 Pkg-IV (National Highways Authority of India [NHAI]) (61,Infrastructure & Highways,Ministry of Railways,618872,Karnataka,782.02,782.02,135.99,17.4,2022-03-01,2026-12-31,2027-12-31,2026-04-01,24,0.0,0
PAIM-10626,(National Highways Authority of India [NHAI]) (618872) (-) (10626),Infrastructure & Highways,Ministry of Railways,10626,Karnataka,3727.29,3727.29,2640.52,70.8,2022-03-01,2028-12-31,2028-12-31,2026-04-01,24,0.0,0
PAIM-618873,275 Pkg-V (National Highways Authority of India [NHAI]) (618873),Infrastructure & Highways,Ministry of Railways,618873,Karnataka,4327.08,4327.08,2990.0,69.1,2023-03-01,2028-12-31,2029-12-31,2026-04-01,0,0.0,0
PAIM-10627,(National Highways Authority of India [NHAI]) (618873) (-) (10627),Infrastructure & Highways,Ministry of Railways,10627,Karnataka,1031.1,1031.1,189.66,18.4,2024-03-01,2026-12-31,2028-12-31,2026-04-01,36,0.0,0
PAIM-618887,Tumkur- Shivamogga Pkg-IV (National Highways Authority of India [NHAI]) (618887),Infrastructure & Highways,Ministry of Railways,618887,Karnataka,2080.61,2080.61,352.78,17.0,2024-03-01,2027-12-31,2027-12-31,2026-04-01,24,0.0,0
PAIM-10637,(National Highways Authority of India [NHAI]) (618887) (N24001687) (10637),Infrastructure & Highways,Ministry of Railways,N24001687,Karnataka,1113.93,1113.93,918.7,82.5,2023-03-01,2026-12-31,2028-12-31,2026-04-01,36,0.0,0
PAIM-618896,Karkala - Mangalore Package-III (National Highways Authority of India [NHAI]) (618896),Infrastructure & Highways,Ministry of Railways,618896,Karnataka,2459.92,2459.92,836.6,34.0,2023-03-01,2027-12-31,2029-12-31,2026-04-01,0,0.0,0
PAIM-10645,(National Highways Authority of India [NHAI]) (618896) (N24001680) (10645),Infrastructure & Highways,Ministry of Railways,N24001680,Karnataka,3735.75,3735.75,2580.0,69.1,2022-03-01,2028-12-31,2027-12-31,2026-04-01,0,0.0,0
PAIM-619070,Tumkur-Chitradurga (National Highways Authority of India [NHAI]) (619070),Infrastructure & Highways,Ministry of Railways,619070,Karnataka,481.51,481.51,80.19,16.7,2024-03-01,2026-12-31,2028-12-31,2026-04-01,6,0.0,0
PAIM-619071,Tumkur - Nelamangala 6L (National Highways Authority of India [NHAI]) (619071),Infrastructure & Highways,Ministry of Railways,619071,Karnataka,1074.01,1074.01,327.26,30.5,2024-03-01,2027-12-31,2028-12-31,2026-04-01,0,0.0,0
PAIM-11763,(National Highways Authority of India [NHAI]) (619071) (N24001681) (11763),Infrastructure & Highways,Ministry of Railways,N24001681,Karnataka,3043.38,3043.38,734.49,24.1,2022-03-01,2028-12-31,2027-12-31,2026-04-01,18,0.0,0
PAIM-619072,Bangalore/TN border to Hoskote (National Highways Authority of India [NHAI]) (619072),Infrastructure & Highways,Ministry of Railways,619072,Karnataka,1740.1,1740.1,877.99,50.5,2023-03-01,2026-12-31,2028-12-31,2026-04-01,18,0.0,0
PAIM-11764,(National Highways Authority of India [NHAI]) (619072) (N24001674) (11764),Infrastructure & Highways,Ministry of Railways,N24001674,Karnataka,2234.68,2234.68,655.39,29.3,2023-03-01,2026-12-31,2027-12-31,2026-04-01,18,0.0,0
PAIM-619073,NH-207 [Bangalore Ring Road Pkg 2] (National Highways Authority of India [NHAI]) (619073),Infrastructure & Highways,Ministry of Railways,619073,Karnataka,2323.15,2323.15,1962.66,84.5,2021-03-01,2026-12-31,2029-12-31,2026-04-01,0,0.0,0
PAIM-11765,(National Highways Authority of India [NHAI]) (619073) (-) (11765),Infrastructure & Highways,Ministry of Railways,11765,Karnataka,2227.11,2227.11,1052.61,47.3,2024-03-01,2028-12-31,2028-12-31,2026-04-01,24,0.0,0
PAIM-619096,Goa / Karnataka Km.93.700 to Kundapur Km.283.30 (National Highways Authority of India [NHAI]) (619096),Infrastructure & Highways,Ministry of Railways,619096,Karnataka,3708.87,3708.87,1172.04,31.6,2022-03-01,2027-12-31,2028-12-31,2026-04-01,36,0.0,0
PAIM-619106,Raichur Section of NH 748 A  Package-5 (National Highways Authority of India [NHAI]) (619106),Infrastructure & Highways,Ministry of Railways,619106,Karnataka,2341.43,2341.43,1503.36,64.2,2021-03-01,2027-12-31,2028-12-31,2026-04-01,6,0.0,0
PAIM-11781,(National Highways Authority of India [NHAI]) (619106) (-) (11781),Infrastructure & Highways,Ministry of Railways,11781,Karnataka,1453.77,1453.77,965.88,66.4,2022-03-01,2027-12-31,2027-12-31,2026-04-01,12,0.0,0
PAIM-619107,Raichur Section of NH-748A Package-4 (National Highways Authority of India [NHAI]) (619107),Infrastructure & Highways,Ministry of Railways,619107,Karnataka,3253.15,3253.15,973.33,29.9,2022-03-01,2028-12-31,2027-12-31,2026-04-01,0,0.0,0
PAIM-11782,(National Highways Authority of India [NHAI]) (619107) (-) (11782),Infrastructure & Highways,Ministry of Railways,11782,Karnataka,3031.65,3031.65,1591.61,52.5,2023-03-01,2026-12-31,2027-12-31,2026-04-01,24,0.0,0
PAIM-619108,Section of NH-748A Package-1 (National Highways Authority of India [NHAI]) (619108),Infrastructure & Highways,Ministry of Railways,619108,Karnataka,918.7,918.7,506.45,55.1,2022-03-01,2027-12-31,2028-12-31,2026-04-01,6,0.0,0
PAIM-619117,Hassan km 184.912 to Maranahally km 230.060 of NH - 75 in Karnataka (National Highways Authority of India [NHAI]) (61911,Infrastructure & Highways,Ministry of Railways,619117,Karnataka,201.45,201.45,120.82,60.0,2022-03-01,2028-12-31,2028-12-31,2026-04-01,24,0.0,0
PAIM-619120,Nidagatta-Mysore Pkg II (National Highways Authority of India [NHAI]) (619120),Infrastructure & Highways,Ministry of Railways,619120,Karnataka,663.37,663.37,95.15,14.3,2024-03-01,2026-12-31,2028-12-31,2026-04-01,0,0.0,0
PAIM-11790,(National Highways Authority of India [NHAI]) (619120) (-) (11790),Infrastructure & Highways,Ministry of Railways,11790,Karnataka,659.87,659.87,400.71,60.7,2023-03-01,2027-12-31,2028-12-31,2026-04-01,12,0.0,0
PAIM-619121,4L of Hubli - Hospet Section of NH-63 from Km 128.850 to Km 272.571 (National Highways Authority of India [NHAI]) (61912,Infrastructure & Highways,Ministry of Railways,619121,Karnataka,798.42,798.42,411.7,51.6,2024-03-01,2026-12-31,2028-12-31,2026-04-01,36,0.0,0
PAIM-619138,Yekkambi-Haveri (National Highways Authority of India [NHAI]) (619138),Infrastructure & Highways,Ministry of Railways,619138,Karnataka,1891.88,1891.88,1158.35,61.2,2021-03-01,2026-12-31,2029-12-31,2026-04-01,18,0.0,0
PAIM-619144,Hospet - Chitradurga from km. 299.00 to km. 418.750 (National Highways Authority of India [NHAI]) (619144),Infrastructure & Highways,Ministry of Railways,619144,Karnataka,1780.56,1780.56,609.78,34.2,2024-03-01,2027-12-31,2029-12-31,2026-04-01,36,0.0,0
PAIM-619150,209 in Karnataka (National Highways Authority of India [NHAI]) (619150),Infrastructure & Highways,Ministry of Railways,619150,Karnataka,3928.93,3928.93,667.59,17.0,2023-03-01,2026-12-31,2028-12-31,2026-04-01,24,0.0,0
PAIM-619164,Belgaum-Khanapur Pkg I Km 0.000-Km 30.800 of NH-4A (National Highways Authority of India [NHAI]) (619164),Infrastructure & Highways,Ministry of Railways,619164,Karnataka,254.27,254.27,40.99,16.1,2023-03-01,2027-12-31,2029-12-31,2026-04-01,24,0.0,0
PAIM-11819,(National Highways Authority of India [NHAI]) (619164) (-) (11819),Infrastructure & Highways,Ministry of Railways,11819,Karnataka,681.91,681.91,385.91,56.6,2021-03-01,2027-12-31,2027-12-31,2026-04-01,24,0.0,0
PAIM-619211,97.000 to Km. 162.500 in Yadgir of NH-150C Pkg-III (National Highways Authority of India [NHAI]) (619211),Infrastructure & Highways,Ministry of Railways,619211,Karnataka,4223.57,4223.57,940.05,22.3,2024-03-01,2026-12-31,2029-12-31,2026-04-01,36,0.0,0
PAIM-11901,(National Highways Authority of India [NHAI]) (619211) (-) (11901),Infrastructure & Highways,Ministry of Railways,11901,Karnataka,1816.11,1816.11,938.33,51.7,2023-03-01,2026-12-31,2027-12-31,2026-04-01,6,0.0,0
PAIM-619214,Hassan section (National Highways Authority of India [NHAI]) (619214),Infrastructure & Highways,Ministry of Railways,619214,Karnataka,4103.77,4103.77,1883.58,45.9,2023-03-01,2027-12-31,2029-12-31,2026-04-01,18,0.0,0
PAIM-11904,(National Highways Authority of India [NHAI]) (619214) (-) (11904),Infrastructure & Highways,Ministry of Railways,11904,Karnataka,4173.69,4173.69,2654.2,63.6,2023-03-01,2028-12-31,2029-12-31,2026-04-01,36,0.0,0
PAIM-619218,12.300 to Km. 65.195 (National Highways Authority of India [NHAI]) (619218),Infrastructure & Highways,Ministry of Railways,619218,Karnataka,2410.82,2410.82,1068.19,44.3,2024-03-01,2028-12-31,2027-12-31,2026-04-01,24,0.0,0
PAIM-11907,(National Highways Authority of India [NHAI]) (619218) (-) (11907),Infrastructure & Highways,Ministry of Railways,11907,Karnataka,1144.34,1144.34,814.06,71.1,2021-03-01,2026-12-31,2029-12-31,2026-04-01,12,0.0,0
PAIM-619219,NH-206 (National Highways Authority of India [NHAI]) (619219),Infrastructure & Highways,Ministry of Railways,619219,Karnataka,3595.43,3595.43,1651.93,45.9,2024-03-01,2028-12-31,2027-12-31,2026-04-01,6,0.0,0
PAIM-11908,(National Highways Authority of India [NHAI]) (619219) (-) (11908),Infrastructure & Highways,Ministry of Railways,11908,Karnataka,4297.0,4297.0,1893.02,44.1,2022-03-01,2028-12-31,2029-12-31,2026-04-01,24,0.0,0
PAIM-619220,Old NH-206 (National Highways Authority of India [NHAI]) (619220),Infrastructure & Highways,Ministry of Railways,619220,Karnataka,3106.46,3106.46,2258.97,72.7,2022-03-01,2027-12-31,2027-12-31,2026-04-01,18,0.0,0
PAIM-11909,(National Highways Authority of India [NHAI]) (619220) (-) (11909),Infrastructure & Highways,Ministry of Railways,11909,Karnataka,3318.64,3318.64,2510.9,75.7,2022-03-01,2028-12-31,2028-12-31,2026-04-01,12,0.0,0
PAIM-618070,Annual Plan 2016-17 in the state of Kerala (MoRTH) (618070),Infrastructure & Highways,Ministry of Railways,618070,Multi-State,3643.0,3643.0,3029.95,83.2,2024-03-01,2027-12-31,2028-12-31,2026-04-01,36,0.0,0
PAIM-618595,6L of Chengala - Neeleshwaram from km. 56.200 to km. 93.468 (National Highways Authority of India [NHAI]) (618595),Infrastructure & Highways,Ministry of Railways,618595,Multi-State,4383.44,4383.44,1014.99,23.2,2024-03-01,2028-12-31,2028-12-31,2026-04-01,24,0.0,0
PAIM-10424,(National Highways Authority of India [NHAI]) (618595) (N24001664) (10424),Infrastructure & Highways,Ministry of Railways,N24001664,Multi-State,2020.97,2020.97,394.68,19.5,2023-03-01,2026-12-31,2029-12-31,2026-04-01,12,0.0,0
PAIM-618596,6L of Taliparamba to Muzhappilangad from Km 134.650 to Km 170.6 of NH-66 (National Highways Authority of India [NHAI]) (,Infrastructure & Highways,Ministry of Railways,618596,Multi-State,216.76,216.76,65.77,30.3,2024-03-01,2026-12-31,2028-12-31,2026-04-01,18,0.0,0
PAIM-10425,(National Highways Authority of India [NHAI]) (618596) (N24001660) (10425),Infrastructure & Highways,Ministry of Railways,N24001660,Multi-State,1801.14,1801.14,500.76,27.8,2024-03-01,2027-12-31,2028-12-31,2026-04-01,6,0.0,0
PAIM-618597,6L of Azhiyur-Vengalam from km. 189.200 to km. 230.400 of NH-66 (National Highways Authority of India [NHAI]) (618597),Infrastructure & Highways,Ministry of Railways,618597,Multi-State,2686.3,2686.3,1600.37,59.6,2021-03-01,2028-12-31,2027-12-31,2026-04-01,6,0.0,0
PAIM-10426,(National Highways Authority of India [NHAI]) (618597) (N24001661) (10426),Infrastructure & Highways,Ministry of Railways,N24001661,Multi-State,3006.26,3006.26,1156.63,38.5,2022-03-01,2026-12-31,2029-12-31,2026-04-01,18,0.0,0
PAIM-618598,and allied works (National Highways Authority of India [NHAI]) (618598),Infrastructure & Highways,Ministry of Railways,618598,Multi-State,3024.03,3024.03,1060.13,35.1,2022-03-01,2026-12-31,2028-12-31,2026-04-01,0,0.0,0
PAIM-618599,6L of Ramanatukkara Junction to start of Valanchery bypass section of NH-66 (National Highways Authority of India [NHAI],Infrastructure & Highways,Ministry of Railways,618599,Multi-State,4447.54,4447.54,1213.7,27.3,2024-03-01,2028-12-31,2027-12-31,2026-04-01,0,0.0,0
PAIM-10427,(National Highways Authority of India [NHAI]) (618599) (N24001658) (10427),Infrastructure & Highways,Ministry of Railways,N24001658,Multi-State,1280.01,1280.01,360.01,28.1,2022-03-01,2028-12-31,2029-12-31,2026-04-01,36,0.0,0
PAIM-618600,6L of Valanchery bypass to Kappirikkad of NH  66 from km. 298500 to km 335850 (National Highways Authority of India [NHA,Infrastructure & Highways,Ministry of Railways,618600,Multi-State,3864.97,3864.97,650.73,16.8,2021-03-01,2028-12-31,2027-12-31,2026-04-01,12,0.0,0
PAIM-10428,(National Highways Authority of India [NHAI]) (618600) (N24001659) (10428),Infrastructure & Highways,Ministry of Railways,N24001659,Multi-State,1312.34,1312.34,824.48,62.8,2023-03-01,2027-12-31,2029-12-31,2026-04-01,24,0.0,0
PAIM-618601,NH-17 (National Highways Authority of India [NHAI]) (618601),Infrastructure & Highways,Ministry of Railways,618601,Multi-State,2557.85,2557.85,1209.06,47.3,2024-03-01,2028-12-31,2029-12-31,2026-04-01,24,0.0,0
PAIM-10429,(National Highways Authority of India [NHAI]) (618601) (N24001655) (10429),Infrastructure & Highways,Ministry of Railways,N24001655,Multi-State,2125.81,2125.81,542.22,25.5,2024-03-01,2026-12-31,2028-12-31,2026-04-01,18,0.0,0
PAIM-618602,NH-17 (National Highways Authority of India [NHAI]) (618602),Infrastructure & Highways,Ministry of Railways,618602,Multi-State,3350.71,3350.71,2239.99,66.9,2022-03-01,2028-12-31,2029-12-31,2026-04-01,18,0.0,0
PAIM-10430,(National Highways Authority of India [NHAI]) (618602) (N24001656) (10430),Infrastructure & Highways,Ministry of Railways,N24001656,Multi-State,3173.77,3173.77,413.45,13.0,2023-03-01,2028-12-31,2027-12-31,2026-04-01,12,0.0,0
PAIM-618603,NH-17 (National Highways Authority of India [NHAI]) (618603),Infrastructure & Highways,Ministry of Railways,618603,Multi-State,3229.46,3229.46,608.45,18.8,2022-03-01,2028-12-31,2028-12-31,2026-04-01,6,0.0,0
PAIM-10431,(National Highways Authority of India [NHAI]) (618603) (N24001653) (10431),Infrastructure & Highways,Ministry of Railways,N24001653,Multi-State,2912.88,2912.88,1464.96,50.3,2022-03-01,2027-12-31,2027-12-31,2026-04-01,6,0.0,0
PAIM-618604,Aroor-Thuravoor Thekku (National Highways Authority of India [NHAI]) (618604),Infrastructure & Highways,Ministry of Railways,618604,Multi-State,4249.99,4249.99,1143.73,26.9,2024-03-01,2028-12-31,2027-12-31,2026-04-01,36,0.0,0
PAIM-10432,(National Highways Authority of India [NHAI]) (618604) (N24001648) (10432),Infrastructure & Highways,Ministry of Railways,N24001648,Multi-State,1561.56,1561.56,318.22,20.4,2022-03-01,2027-12-31,2027-12-31,2026-04-01,36,0.0,0
PAIM-618605,Thuravoor Thekku-Paravoor (National Highways Authority of India [NHAI]) (618605),Infrastructure & Highways,Ministry of Railways,618605,Multi-State,3363.12,3363.12,1324.82,39.4,2023-03-01,2027-12-31,2029-12-31,2026-04-01,12,0.0,0
PAIM-10433,(National Highways Authority of India [NHAI]) (618605) (N24001651) (10433),Infrastructure & Highways,Ministry of Railways,N24001651,Multi-State,3390.99,3390.99,1725.71,50.9,2022-03-01,2026-12-31,2029-12-31,2026-04-01,12,0.0,0
PAIM-618606,Paravoor-Kottankulangara (National Highways Authority of India [NHAI]) (618606),Infrastructure & Highways,Ministry of Railways,618606,Multi-State,389.89,389.89,179.11,45.9,2023-03-01,2026-12-31,2029-12-31,2026-04-01,24,0.0,0
PAIM-10434,(National Highways Authority of India [NHAI]) (618606) (N24001649) (10434),Infrastructure & Highways,Ministry of Railways,N24001649,Multi-State,1763.71,1763.71,789.64,44.8,2022-03-01,2027-12-31,2027-12-31,2026-04-01,12,0.0,0
PAIM-618607,Kottankulangara- Start of Kollam Bypass (National Highways Authority of India [NHAI]) (618607),Infrastructure & Highways,Ministry of Railways,618607,Multi-State,850.93,850.93,138.61,16.3,2023-03-01,2028-12-31,2027-12-31,2026-04-01,36,0.0,0
PAIM-10435,(National Highways Authority of India [NHAI]) (618607) (N24001657) (10435),Infrastructure & Highways,Ministry of Railways,N24001657,Multi-State,4002.62,4002.62,1312.19,32.8,2021-03-01,2026-12-31,2027-12-31,2026-04-01,12,0.0,0
PAIM-618708,2L/LPS section in the state of Kerala on EPC Mode under Bharatmala Pariyojana (National Highways Authority of India [NHA,Infrastructure & Highways,Ministry of Railways,618708,Multi-State,2721.04,2721.04,1783.45,65.5,2024-03-01,2028-12-31,2027-12-31,2026-04-01,0,0.0,0
PAIM-10503,(National Highways Authority of India [NHAI]) (618708) (N24002074) (10503),Infrastructure & Highways,Ministry of Railways,N24002074,Multi-State,798.53,798.53,401.2,50.2,2022-03-01,2028-12-31,2028-12-31,2026-04-01,36,0.0,0
PAIM-619098,Kozhikode Bypass Calicut Bypass Vengalam Jn. to Ramanattukara Jn. (National Highways Authority of India [NHAI]) (619098),Infrastructure & Highways,Ministry of Railways,619098,Multi-State,2965.8,2965.8,316.34,10.7,2023-03-01,2026-12-31,2028-12-31,2026-04-01,6,0.0,0
PAIM-11776,(National Highways Authority of India [NHAI]) (619098) (N24000784) (11776),Infrastructure & Highways,Ministry of Railways,N24000784,Multi-State,892.5,892.5,628.26,70.4,2021-03-01,2027-12-31,2028-12-31,2026-04-01,12,0.0,0
PAIM-619206,6L of Perole Nileshwar town to Taliparamba from Km 94.248 to Km 134.650 of NH-66 (National Highways Authority of India [,Infrastructure & Highways,Ministry of Railways,619206,Multi-State,1647.29,1647.29,1102.94,67.0,2022-03-01,2027-12-31,2027-12-31,2026-04-01,6,0.0,0
PAIM-11896,(National Highways Authority of India [NHAI]) (619206) (-) (11896),Infrastructure & Highways,Ministry of Railways,11896,Multi-State,2755.64,2755.64,1878.01,68.2,2021-03-01,2027-12-31,2029-12-31,2026-04-01,18,0.0,0
PAIM-619207,Start of Kollam Bypass - Kadambattukonam (National Highways Authority of India [NHAI]) (619207),Infrastructure & Highways,Ministry of Railways,619207,Multi-State,3886.6,3886.6,1116.59,28.7,2023-03-01,2028-12-31,2028-12-31,2026-04-01,0,0.0,0
PAIM-11897,(National Highways Authority of India [NHAI]) (619207) (-) (11897),Infrastructure & Highways,Ministry of Railways,11897,Multi-State,4401.78,4401.78,1395.04,31.7,2023-03-01,2026-12-31,2028-12-31,2026-04-01,24,0.0,0
PAIM-619208,Kadambattukonam-Kazhakuttom (National Highways Authority of India [NHAI]) (619208),Infrastructure & Highways,Ministry of Railways,619208,Multi-State,2360.84,2360.84,1383.66,58.6,2024-03-01,2027-12-31,2029-12-31,2026-04-01,6,0.0,0
PAIM-11898,(National Highways Authority of India [NHAI]) (619208) (-) (11898),Infrastructure & Highways,Ministry of Railways,11898,Multi-State,2648.93,2648.93,295.89,11.2,2021-03-01,2028-12-31,2028-12-31,2026-04-01,12,0.0,0
PAIM-618408,Kargil Zanskar Road (NHIDCL) (618408),Infrastructure & Highways,Ministry of Railways,618408,Multi-State,1941.16,1941.16,427.41,22.0,2022-03-01,2026-12-31,2027-12-31,2026-04-01,36,0.0,0
PAIM-618409,30.000 Km length Pkg-lll (NHIDCL) (618409),Infrastructure & Highways,Ministry of Railways,618409,Multi-State,429.44,429.44,177.43,41.3,2022-03-01,2027-12-31,2027-12-31,2026-04-01,12,0.0,0
PAIM-618410,of 26.960 Km length Pkg-II (NHIDCL) (618410),Infrastructure & Highways,Ministry of Railways,618410,Multi-State,3022.77,3022.77,1530.79,50.6,2021-03-01,2027-12-31,2027-12-31,2026-04-01,12,0.0,0
PAIM-617909,19.200 in the State of Madhya Pradesh on Hybrid Annuity Mode HAM. (MoRTH) (617909),Infrastructure & Highways,Ministry of Railways,617909,Madhya Pradesh,3050.65,3050.65,2554.58,83.7,2021-03-01,2028-12-31,2028-12-31,2026-04-01,0,0.0,0
PAIM-10134,(MoRTH) (617909) (-) (10134),Infrastructure & Highways,Ministry of Railways,10134,Madhya Pradesh,845.6,845.6,642.6,76.0,2022-03-01,2026-12-31,2027-12-31,2026-04-01,24,0.0,0
PAIM-617911,on EPC mode under NHDP-IVA (MoRTH) (617911),Infrastructure & Highways,Ministry of Railways,617911,Madhya Pradesh,1968.07,1968.07,261.3,13.3,2023-03-01,2027-12-31,2028-12-31,2026-04-01,36,0.0,0
PAIM-10135,(MoRTH) (617911) (N24000513) (10135),Infrastructure & Highways,Ministry of Railways,N24000513,Madhya Pradesh,924.3,924.3,316.62,34.3,2024-03-01,2027-12-31,2028-12-31,2026-04-01,24,0.0,0
PAIM-617914,Pradesh on EPC mode (MoRTH) (617914),Infrastructure & Highways,Ministry of Railways,617914,Madhya Pradesh,1657.94,1657.94,859.92,51.9,2022-03-01,2026-12-31,2029-12-31,2026-04-01,12,0.0,0
PAIM-617915,9.1 km in the state of Madhya Pradesh on EPC mode. (MoRTH) (617915),Infrastructure & Highways,Ministry of Railways,617915,Madhya Pradesh,2519.55,2519.55,1923.89,76.4,2022-03-01,2026-12-31,2027-12-31,2026-04-01,0,0.0,0
PAIM-618019,the State of Madhya Pradesh under EPC mode. (MoRTH) (618019),Infrastructure & Highways,Ministry of Railways,618019,Madhya Pradesh,754.49,754.49,542.43,71.9,2024-03-01,2027-12-31,2029-12-31,2026-04-01,18,0.0,0
PAIM-618020,up areas in a total length of 22.615 km in the state of Madhya Pradesh on EPC mode. (MoRTH) (618020),Infrastructure & Highways,Ministry of Railways,618020,Madhya Pradesh,461.91,461.91,73.34,15.9,2024-03-01,2028-12-31,2029-12-31,2026-04-01,0,0.0,0
PAIM-618021,two lane with paved shoulders in the state of Madhya Pradesh on EPC mode (MoRTH) (618021),Infrastructure & Highways,Ministry of Railways,618021,Madhya Pradesh,3011.72,3011.72,1201.14,39.9,2024-03-01,2028-12-31,2027-12-31,2026-04-01,36,0.0,0
PAIM-618035,Pradesh on EPCmode. (MoRTH) (618035),Infrastructure & Highways,Ministry of Railways,618035,Madhya Pradesh,2106.82,2106.82,1135.86,53.9,2021-03-01,2027-12-31,2027-12-31,2026-04-01,24,0.0,0
PAIM-618036,Pradesh on EPCmode. (MoRTH) (618036),Infrastructure & Highways,Ministry of Railways,618036,Madhya Pradesh,2711.08,2711.08,527.73,19.5,2024-03-01,2026-12-31,2028-12-31,2026-04-01,18,0.0,0
PAIM-618043,a total length of 7.23 km in the state of Madhya Pradesh on EPC mode (MoRTH) (618043),Infrastructure & Highways,Ministry of Railways,618043,Madhya Pradesh,1216.99,1216.99,556.71,45.7,2023-03-01,2026-12-31,2027-12-31,2026-04-01,12,0.0,0
PAIM-10167,(MoRTH) (618043) (-) (10167),Infrastructure & Highways,Ministry of Railways,10167,Madhya Pradesh,448.71,448.71,354.38,79.0,2021-03-01,2026-12-31,2028-12-31,2026-04-01,18,0.0,0
PAIM-12152,(MoRTH) (618044) (-) (12152),Infrastructure & Highways,Ministry of Railways,12152,Madhya Pradesh,4339.17,4339.17,3533.11,81.4,2023-03-01,2027-12-31,2027-12-31,2026-04-01,12,0.0,0
PAIM-618045,border section of NH 552E in the State of Madhya Pradesh on EPC mode (MoRTH) (618045),Infrastructure & Highways,Ministry of Railways,618045,Madhya Pradesh,3132.84,3132.84,1549.87,49.5,2024-03-01,2027-12-31,2029-12-31,2026-04-01,18,0.0,0
PAIM-618068,pavement on NH-943 in the State of Madhya Pradesh on EPC Mode. (MoRTH) (618068),Infrastructure & Highways,Ministry of Railways,618068,Madhya Pradesh,1882.73,1882.73,1094.05,58.1,2024-03-01,2028-12-31,2028-12-31,2026-04-01,36,0.0,0
PAIM-618085,Km 0150 to Km 50500 of NH-146B in the state of Madhya Pradesh on EPC mode. (MoRTH) (618085),Infrastructure & Highways,Ministry of Railways,618085,Madhya Pradesh,4025.22,4025.22,3249.67,80.7,2024-03-01,2028-12-31,2029-12-31,2026-04-01,0,0.0,0
PAIM-618129,configuration in the State of Madhya Pradesh on EPC mode. (MoRTH) (618129),Infrastructure & Highways,Ministry of Railways,618129,Madhya Pradesh,648.99,648.99,417.87,64.4,2023-03-01,2027-12-31,2027-12-31,2026-04-01,6,0.0,0
PAIM-618156,Madhya Pradesh on EPC mode (MoRTH) (618156),Infrastructure & Highways,Ministry of Railways,618156,Madhya Pradesh,2343.55,2343.55,1392.61,59.4,2023-03-01,2026-12-31,2029-12-31,2026-04-01,0,0.0,0
PAIM-618157,Pradesh on EPC mode. (MoRTH) (618157),Infrastructure & Highways,Ministry of Railways,618157,Madhya Pradesh,913.16,913.16,186.4,20.4,2021-03-01,2026-12-31,2029-12-31,2026-04-01,24,0.0,0
PAIM-618158,Pradesh on EPC mode (MoRTH) (618158),Infrastructure & Highways,Ministry of Railways,618158,Madhya Pradesh,3711.51,3711.51,910.18,24.5,2024-03-01,2028-12-31,2028-12-31,2026-04-01,36,0.0,0
PAIM-618170,10.470 km in the State of Madhya Pradesh on EPC mode. (MoRTH) (618170),Infrastructure & Highways,Ministry of Railways,618170,Madhya Pradesh,3499.99,3499.99,1616.1,46.2,2023-03-01,2028-12-31,2029-12-31,2026-04-01,36,0.0,0
PAIM-618171,to 2LPS in the State of Madhya Pradesh under EPC mode (MoRTH) (618171),Infrastructure & Highways,Ministry of Railways,618171,Madhya Pradesh,3505.54,3505.54,1232.4,35.2,2021-03-01,2027-12-31,2029-12-31,2026-04-01,0,0.0,0
PAIM-618619,Bypass on Western side of Gwalior City (National Highways Authority of India [NHAI]) (618619),Infrastructure & Highways,Ministry of Railways,618619,Madhya Pradesh,1054.46,1054.46,233.15,22.1,2022-03-01,2026-12-31,2029-12-31,2026-04-01,24,0.0,0
PAIM-618620,Dewas section of NH-52 in the state of Madhya Pradesh on EPC Mode (National Highways Authority of India [NHAI]) (618620),Infrastructure & Highways,Ministry of Railways,618620,Madhya Pradesh,1350.82,1350.82,511.34,37.9,2021-03-01,2026-12-31,2029-12-31,2026-04-01,0,0.0,0
PAIM-618621,Indore - Edlabad Pkg-II [Tejajinagar to Balwara] (National Highways Authority of India [NHAI]) (618621),Infrastructure & Highways,Ministry of Railways,618621,Madhya Pradesh,4278.32,4278.32,1423.97,33.3,2024-03-01,2028-12-31,2029-12-31,2026-04-01,18,0.0,0
PAIM-10445,(National Highways Authority of India [NHAI]) (618621) (N24002070) (10445),Infrastructure & Highways,Ministry of Railways,N24002070,Madhya Pradesh,3020.81,3020.81,1520.02,50.3,2021-03-01,2027-12-31,2028-12-31,2026-04-01,12,0.0,0
PAIM-618622,of NH347BG & 753L (National Highways Authority of India [NHAI]) (618622),Infrastructure & Highways,Ministry of Railways,618622,Madhya Pradesh,4168.69,4168.69,868.53,20.8,2024-03-01,2027-12-31,2029-12-31,2026-04-01,36,0.0,0
PAIM-10446,(National Highways Authority of India [NHAI]) (618622) (N24001767) (10446),Infrastructure & Highways,Ministry of Railways,N24001767,Madhya Pradesh,1614.23,1614.23,782.21,48.5,2024-03-01,2026-12-31,2029-12-31,2026-04-01,0,0.0,0
PAIM-618623,753L (National Highways Authority of India [NHAI]) (618623),Infrastructure & Highways,Ministry of Railways,618623,Gujarat,1550.2,1550.2,585.74,37.8,2023-03-01,2027-12-31,2028-12-31,2026-04-01,12,0.0,0
PAIM-10447,(National Highways Authority of India [NHAI]) (618623) (-) (10447),Infrastructure & Highways,Ministry of Railways,10447,Gujarat,2192.5,2192.5,1693.24,77.2,2021-03-01,2027-12-31,2029-12-31,2026-04-01,18,0.0,0
PAIM-618625,Indore - Gujarat / MP Border from km. Km 9.500 to Km 171.000 of NH-59 in MP (National Highways Authority of India [NHAI],Infrastructure & Highways,Ministry of Railways,618625,Gujarat,673.54,673.54,243.79,36.2,2024-03-01,2027-12-31,2028-12-31,2026-04-01,18,0.0,0
PAIM-618654,4L Greenfield Rudhi to Deshgaon Pkg V of Betul-Khandwa/Deshgaon (National Highways Authority of India [NHAI]) (618654),Infrastructure & Highways,Ministry of Railways,618654,Madhya Pradesh,533.44,533.44,82.48,15.5,2024-03-01,2027-12-31,2027-12-31,2026-04-01,36,0.0,0
PAIM-618655,114.000 KM Package  III of Betul  Khandwa (National Highways Authority of India [NHAI]) (618655),Infrastructure & Highways,Ministry of Railways,618655,Madhya Pradesh,1326.2,1326.2,636.29,48.0,2021-03-01,2028-12-31,2029-12-31,2026-04-01,18,0.0,0
PAIM-618661,4L from km 0.000 to 42.040 Bhopal Ratnaigiri Tiraha to Vidisha Morikodi (National Highways Authority of India [NHAI]) (6,Infrastructure & Highways,Ministry of Railways,618661,Madhya Pradesh,4306.36,4306.36,3316.33,77.0,2023-03-01,2026-12-31,2029-12-31,2026-04-01,24,0.0,0
PAIM-10468,(National Highways Authority of India [NHAI]) (618661) (-) (10468),Infrastructure & Highways,Ministry of Railways,10468,Madhya Pradesh,3073.6,3073.6,1185.11,38.6,2022-03-01,2028-12-31,2027-12-31,2026-04-01,18,0.0,0
PAIM-12086,(National Highways Authority of India [NHAI]) (618662) (-) (12086),Infrastructure & Highways,Ministry of Railways,12086,Madhya Pradesh,385.3,385.3,248.96,64.6,2021-03-01,2026-12-31,2027-12-31,2026-04-01,0,0.0,0
PAIM-618663,NH-146 (National Highways Authority of India [NHAI]) (618663),Infrastructure & Highways,Ministry of Railways,618663,Madhya Pradesh,1467.38,1467.38,267.0,18.2,2023-03-01,2026-12-31,2027-12-31,2026-04-01,18,0.0,0
PAIM-10469,(National Highways Authority of India [NHAI]) (618663) (N24002077) (10469),Infrastructure & Highways,Ministry of Railways,N24002077,Madhya Pradesh,1499.93,1499.93,1267.53,84.5,2024-03-01,2026-12-31,2029-12-31,2026-04-01,18,0.0,0
PAIM-618664,Berkhedi to Godpehra on NH-44 Sagar link road (National Highways Authority of India [NHAI]) (618664),Infrastructure & Highways,Ministry of Railways,618664,Madhya Pradesh,2071.8,2071.8,1145.24,55.3,2024-03-01,2026-12-31,2029-12-31,2026-04-01,6,0.0,0
PAIM-618665,4L of Sagar - Mohari from Km.8 to Km.50 Pkg-I (National Highways Authority of India [NHAI]) (618665),Infrastructure & Highways,Ministry of Railways,618665,Madhya Pradesh,2179.15,2179.15,594.5,27.3,2022-03-01,2026-12-31,2027-12-31,2026-04-01,18,0.0,0
PAIM-10470,(National Highways Authority of India [NHAI]) (618665) (N24001615) (10470),Infrastructure & Highways,Ministry of Railways,N24001615,Madhya Pradesh,1479.88,1479.88,279.12,18.9,2024-03-01,2026-12-31,2029-12-31,2026-04-01,0,0.0,0
PAIM-618666,length 39.575 km Package-2 in the State of Madhya Pradesh on EPC Mode (National Highways Authority of India [NHAI]) (618,Infrastructure & Highways,Ministry of Railways,618666,Madhya Pradesh,2515.01,2515.01,1536.75,61.1,2021-03-01,2026-12-31,2028-12-31,2026-04-01,24,0.0,0
PAIM-10471,(National Highways Authority of India [NHAI]) (618666) (-) (10471),Infrastructure & Highways,Ministry of Railways,10471,Madhya Pradesh,445.28,445.28,152.56,34.3,2021-03-01,2026-12-31,2028-12-31,2026-04-01,0,0.0,0
PAIM-618667,145.000 Package-3 (National Highways Authority of India [NHAI]) (618667),Infrastructure & Highways,Ministry of Railways,618667,Madhya Pradesh,1215.02,1215.02,269.49,22.2,2024-03-01,2028-12-31,2028-12-31,2026-04-01,12,0.0,0
PAIM-10472,(National Highways Authority of India [NHAI]) (618667) (-) (10472),Infrastructure & Highways,Ministry of Railways,10472,Madhya Pradesh,2421.14,2421.14,321.18,13.3,2022-03-01,2027-12-31,2027-12-31,2026-04-01,18,0.0,0
PAIM-618671,134.549 (National Highways Authority of India [NHAI]) (618671),Infrastructure & Highways,Ministry of Railways,618671,Madhya Pradesh,2649.66,2649.66,1616.72,61.0,2024-03-01,2027-12-31,2027-12-31,2026-04-01,18,0.0,0
PAIM-618672,124470 in the state of MP on HAM mode (National Highways Authority of India [NHAI]) (618672),Infrastructure & Highways,Ministry of Railways,618672,Madhya Pradesh,791.96,791.96,428.16,54.1,2022-03-01,2026-12-31,2027-12-31,2026-04-01,0,0.0,0
PAIM-10475,(National Highways Authority of India [NHAI]) (618672) (-) (10475),Infrastructure & Highways,Ministry of Railways,10475,Madhya Pradesh,3842.33,3842.33,2698.75,70.2,2021-03-01,2027-12-31,2029-12-31,2026-04-01,36,0.0,0
PAIM-618684,Outer Ring Road of Jabalpur Town from Manegaon to NH-45 Pkg-2 (National Highways Authority of India [NHAI]) (618684),Infrastructure & Highways,Ministry of Railways,618684,Madhya Pradesh,3656.15,3656.15,2055.98,56.2,2021-03-01,2027-12-31,2027-12-31,2026-04-01,24,0.0,0
PAIM-10486,(National Highways Authority of India [NHAI]) (618684) (-) (10486),Infrastructure & Highways,Ministry of Railways,10486,Madhya Pradesh,2490.4,2490.4,1350.65,54.2,2023-03-01,2027-12-31,2028-12-31,2026-04-01,24,0.0,0
PAIM-618685,Outer Ring Road of Jabalpur Town from NH45 to Kushner Pkg-3 (National Highways Authority of India [NHAI]) (618685),Infrastructure & Highways,Ministry of Railways,618685,Madhya Pradesh,2312.45,2312.45,1764.42,76.3,2023-03-01,2026-12-31,2027-12-31,2026-04-01,0,0.0,0
PAIM-10487,(National Highways Authority of India [NHAI]) (618685) (-) (10487),Infrastructure & Highways,Ministry of Railways,10487,Madhya Pradesh,3807.46,3807.46,3215.07,84.4,2021-03-01,2027-12-31,2028-12-31,2026-04-01,18,0.0,0
PAIM-618686,Connectivity Pkg-IV (National Highways Authority of India [NHAI]) (618686),Infrastructure & Highways,Ministry of Railways,618686,Madhya Pradesh,1342.71,1342.71,753.59,56.1,2021-03-01,2026-12-31,2027-12-31,2026-04-01,36,0.0,0
PAIM-10488,(National Highways Authority of India [NHAI]) (618686) (-) (10488),Infrastructure & Highways,Ministry of Railways,10488,Madhya Pradesh,1284.32,1284.32,848.39,66.1,2021-03-01,2027-12-31,2028-12-31,2026-04-01,12,0.0,0
PAIM-618687,Outer Ring Road of Jabalpur Town from Barela to Manegaon Pkg-1 (National Highways Authority of India [NHAI]) (618687),Infrastructure & Highways,Ministry of Railways,618687,Madhya Pradesh,1747.0,1747.0,616.61,35.3,2021-03-01,2027-12-31,2029-12-31,2026-04-01,18,0.0,0
PAIM-10489,(National Highways Authority of India [NHAI]) (618687) (N24002068) (10489),Infrastructure & Highways,Ministry of Railways,N24002068,Madhya Pradesh,4200.92,4200.92,2934.29,69.8,2023-03-01,2028-12-31,2027-12-31,2026-04-01,24,0.0,0
PAIM-618688,to barela Pkg-V (National Highways Authority of India [NHAI]) (618688),Infrastructure & Highways,Ministry of Railways,618688,Madhya Pradesh,4029.19,4029.19,2495.58,61.9,2023-03-01,2026-12-31,2028-12-31,2026-04-01,18,0.0,0
PAIM-10490,(National Highways Authority of India [NHAI]) (618688) (-) (10490),Infrastructure & Highways,Ministry of Railways,10490,Madhya Pradesh,482.32,482.32,220.72,45.8,2024-03-01,2028-12-31,2027-12-31,2026-04-01,0,0.0,0
PAIM-618694,Indore - Harda Pkg-I [Indore to Raghav Garh from km. 0.25 to km. 26.903] (National Highways Authority of India [NHAI]) (,Infrastructure & Highways,Ministry of Railways,618694,Madhya Pradesh,2748.78,2748.78,894.12,32.5,2023-03-01,2028-12-31,2028-12-31,2026-04-01,6,0.0,0
PAIM-10495,(National Highways Authority of India [NHAI]) (618694) (N24001766) (10495),Infrastructure & Highways,Ministry of Railways,N24001766,Madhya Pradesh,1334.91,1334.91,485.79,36.4,2023-03-01,2027-12-31,2027-12-31,2026-04-01,12,0.0,0
PAIM-618695,Indore - Harda Pkg-III [Nanasa to Pidgaon Section from km 95.000 to km 142.445] (National Highways Authority of India [N,Infrastructure & Highways,Ministry of Railways,618695,Madhya Pradesh,3178.94,3178.94,1992.79,62.7,2022-03-01,2028-12-31,2029-12-31,2026-04-01,18,0.0,0
PAIM-10496,(National Highways Authority of India [NHAI]) (618695) (N24001762) (10496),Infrastructure & Highways,Ministry of Railways,N24001762,Madhya Pradesh,4363.15,4363.15,2136.35,49.0,2022-03-01,2028-12-31,2028-12-31,2026-04-01,6,0.0,0
PAIM-618701,Sindoor River from Km. 66.00 to 130.00  NH-12 New NH-45 (National Highways Authority of India [NHAI]) (618701),Infrastructure & Highways,Ministry of Railways,618701,Madhya Pradesh,4496.06,4496.06,3646.48,81.1,2021-03-01,2026-12-31,2028-12-31,2026-04-01,18,0.0,0
PAIM-618735,41.400 of  NH-148NG Pkg-I (National Highways Authority of India [NHAI]) (618735),Infrastructure & Highways,Ministry of Railways,618735,Madhya Pradesh,4433.37,4433.37,484.13,10.9,2024-03-01,2026-12-31,2029-12-31,2026-04-01,36,0.0,0
PAIM-10525,(National Highways Authority of India [NHAI]) (618735) (N24001759) (10525),Infrastructure & Highways,Ministry of Railways,N24001759,Madhya Pradesh,1835.56,1835.56,1345.12,73.3,2021-03-01,2028-12-31,2027-12-31,2026-04-01,0,0.0,0
PAIM-618751,Mehulwa-Talbehat Pkg-II Section of NH- 346 (National Highways Authority of India [NHAI]) (618751),Infrastructure & Highways,Ministry of Railways,618751,Madhya Pradesh,2771.81,2771.81,2296.04,82.8,2023-03-01,2028-12-31,2027-12-31,2026-04-01,6,0.0,0
PAIM-10537,(National Highways Authority of India [NHAI]) (618751) (N24001921) (10537),Infrastructure & Highways,Ministry of Railways,N24001921,Madhya Pradesh,3533.04,3533.04,1558.52,44.1,2022-03-01,2027-12-31,2028-12-31,2026-04-01,18,0.0,0
PAIM-618762,Itarsi Km. 63.000 to Betul Km. 137.000 of NH-69 in Madhya Pradesh (National Highways Authority of India [NHAI]) (618762),Infrastructure & Highways,Ministry of Railways,618762,Madhya Pradesh,3979.24,3979.24,2366.01,59.5,2023-03-01,2028-12-31,2029-12-31,2026-04-01,18,0.0,0
PAIM-10544,(National Highways Authority of India [NHAI]) (618762) (-) (10544),Infrastructure & Highways,Ministry of Railways,10544,Madhya Pradesh,4009.28,4009.28,1702.83,42.5,2023-03-01,2028-12-31,2028-12-31,2026-04-01,24,0.0,0
PAIM-618784,in the State of Madhya Pradesh (NHAI) (618784),Infrastructure & Highways,Ministry of Railways,618784,Madhya Pradesh,1735.27,1735.27,1390.52,80.1,2022-03-01,2026-12-31,2029-12-31,2026-04-01,18,0.0,0
PAIM-618932,State of Madhya Pradesh on Hybrid Annuity Mode under NHO (National Highways Authority of India [NHAI]) (618932),Infrastructure & Highways,Ministry of Railways,618932,Madhya Pradesh,1939.8,1939.8,1199.09,61.8,2023-03-01,2027-12-31,2027-12-31,2026-04-01,12,0.0,0
PAIM-618933,the state of Madhya Pradesh on Hybrid Annuity Mode under NHO (National Highways Authority of India [NHAI]) (618933),Infrastructure & Highways,Ministry of Railways,618933,Madhya Pradesh,3124.16,3124.16,1940.45,62.1,2023-03-01,2027-12-31,2028-12-31,2026-04-01,0,0.0,0
PAIM-11878,(National Highways Authority of India [NHAI]) (618933) (-) (11878),Infrastructure & Highways,Ministry of Railways,11878,Madhya Pradesh,3822.3,3822.3,1933.57,50.6,2021-03-01,2028-12-31,2028-12-31,2026-04-01,36,0.0,0
PAIM-618962,Km. 102.000 (National Highways Authority of India [NHAI]) (618962),Infrastructure & Highways,Ministry of Railways,618962,Madhya Pradesh,2616.66,2616.66,922.39,35.3,2021-03-01,2026-12-31,2029-12-31,2026-04-01,36,0.0,0
PAIM-10695,(National Highways Authority of India [NHAI]) (618962) (-) (10695),Infrastructure & Highways,Ministry of Railways,10695,Madhya Pradesh,3142.98,3142.98,1967.83,62.6,2023-03-01,2028-12-31,2028-12-31,2026-04-01,6,0.0,0
PAIM-618963,from design km 102.000 to design km 142.357 Design length 40.357 km (National Highways Authority of India [NHAI]) (61896,Infrastructure & Highways,Ministry of Railways,618963,Madhya Pradesh,2797.51,2797.51,1727.83,61.8,2024-03-01,2027-12-31,2027-12-31,2026-04-01,36,0.0,0
PAIM-10696,(National Highways Authority of India [NHAI]) (618963) (-) (10696),Infrastructure & Highways,Ministry of Railways,10696,Madhya Pradesh,1860.94,1860.94,1570.8,84.4,2021-03-01,2026-12-31,2027-12-31,2026-04-01,24,0.0,0
PAIM-618964,4 Laning of Sandalpur to Nasrullaganj Pkg-1 section of NH-146B Length 43.2 Km. (National Highways Authority of India [NH,Infrastructure & Highways,Ministry of Railways,618964,Madhya Pradesh,3684.19,3684.19,559.64,15.2,2023-03-01,2027-12-31,2027-12-31,2026-04-01,6,0.0,0
PAIM-618966,near Ashram Tiraha on NH-46 to Km 16439 end at Ratnagiri Tiraha on Nh-146 (National Highways Authority of India [NHAI]) ,Infrastructure & Highways,Ministry of Railways,618966,Madhya Pradesh,619.64,619.64,426.03,68.8,2024-03-01,2028-12-31,2028-12-31,2026-04-01,12,0.0,0
PAIM-10697,(National Highways Authority of India [NHAI]) (618966) (-) (10697),Infrastructure & Highways,Ministry of Railways,10697,Madhya Pradesh,4455.19,4455.19,741.45,16.6,2023-03-01,2027-12-31,2028-12-31,2026-04-01,12,0.0,0
PAIM-619007,Madhya Pradesh on EPC mode. (MoRTH) (619007),Infrastructure & Highways,Ministry of Railways,619007,Madhya Pradesh,820.58,820.58,564.74,68.8,2024-03-01,2027-12-31,2028-12-31,2026-04-01,18,0.0,0
PAIM-619100,Dhangaon - Borgaon section km 81.000 to km 139.000 [Indore - Edlabad Pkg IV] (National Highways Authority of India [NHAI,Infrastructure & Highways,Ministry of Railways,619100,Madhya Pradesh,4472.74,4472.74,2204.27,49.3,2023-03-01,2028-12-31,2029-12-31,2026-04-01,36,0.0,0
PAIM-11778,(National Highways Authority of India [NHAI]) (619100) (-) (11778),Infrastructure & Highways,Ministry of Railways,11778,Madhya Pradesh,3171.97,3171.97,1618.01,51.0,2023-03-01,2027-12-31,2029-12-31,2026-04-01,0,0.0,0
PAIM-619114,Indore - Harda Pkg-II [Raghavgarh to Nanasa from km. 29.30 to km. 92.30] (National Highways Authority of India [NHAI]) (,Infrastructure & Highways,Ministry of Railways,619114,Madhya Pradesh,1142.21,1142.21,501.89,43.9,2023-03-01,2027-12-31,2027-12-31,2026-04-01,24,0.0,0
PAIM-11787,(National Highways Authority of India [NHAI]) (619114) (-) (11787),Infrastructure & Highways,Ministry of Railways,11787,Madhya Pradesh,965.48,965.48,537.35,55.7,2024-03-01,2026-12-31,2028-12-31,2026-04-01,0,0.0,0
PAIM-617912,in Nagpur district in the state of Maharashtra on HAM mode. (MoRTH) (617912),Infrastructure & Highways,Ministry of Railways,617912,Maharashtra,3107.91,3107.91,2548.4,82.0,2023-03-01,2026-12-31,2029-12-31,2026-04-01,0,0.0,0
PAIM-10136,(MoRTH) (617912) (-) (10136),Infrastructure & Highways,Ministry of Railways,10136,Maharashtra,3468.57,3468.57,2503.1,72.2,2022-03-01,2027-12-31,2028-12-31,2026-04-01,24,0.0,0
PAIM-617917,10/300 on NH 53 in state of Maharashtra. (MoRTH) (617917),Infrastructure & Highways,Ministry of Railways,617917,Maharashtra,1151.07,1151.07,841.6,73.1,2021-03-01,2026-12-31,2027-12-31,2026-04-01,18,0.0,0
PAIM-617932,on EPC mode in the State of Maharashtra. (MoRTH) (617932),Infrastructure & Highways,Ministry of Railways,617932,Maharashtra,3682.29,3682.29,943.15,25.6,2021-03-01,2026-12-31,2027-12-31,2026-04-01,36,0.0,0
PAIM-617933,in the state of Maharashtra (MoRTH) (617933),Infrastructure & Highways,Ministry of Railways,617933,Maharashtra,4365.28,4365.28,1430.44,32.8,2022-03-01,2026-12-31,2028-12-31,2026-04-01,18,0.0,0
PAIM-10141,(MoRTH) (617933) (N24002174) (10141),Infrastructure & Highways,Ministry of Railways,N24002174,Maharashtra,200.89,200.89,116.12,57.8,2022-03-01,2026-12-31,2028-12-31,2026-04-01,24,0.0,0
PAIM-617934,Nasratpur to Barasgaon section of NH-61 2L / 4L  PS from Km.514/00 to 558/200 (MoRTH) (617934),Infrastructure & Highways,Ministry of Railways,617934,Maharashtra,3475.74,3475.74,943.94,27.2,2022-03-01,2028-12-31,2028-12-31,2026-04-01,24,0.0,0
PAIM-12150,(MoRTH) (617937) (-) (12150),Infrastructure & Highways,Ministry of Railways,12150,Maharashtra,612.13,612.13,361.8,59.1,2022-03-01,2027-12-31,2027-12-31,2026-04-01,12,0.0,0
PAIM-617938,EPC mode under Annual Plan 2024-25 Total length - 37.525 Km. (MoRTH) (617938),Infrastructure & Highways,Ministry of Railways,617938,Maharashtra,911.47,911.47,495.97,54.4,2024-03-01,2028-12-31,2028-12-31,2026-04-01,36,0.0,0
PAIM-10142,(MoRTH) (617938) (-) (10142),Infrastructure & Highways,Ministry of Railways,10142,Maharashtra,3002.52,3002.52,893.94,29.8,2022-03-01,2026-12-31,2028-12-31,2026-04-01,6,0.0,0
PAIM-617944,on EPC mode (MoRTH) (617944),Infrastructure & Highways,Ministry of Railways,617944,Maharashtra,3904.3,3904.3,3288.57,84.2,2022-03-01,2027-12-31,2027-12-31,2026-04-01,0,0.0,0
PAIM-10146,(MoRTH) (617944) (N24001132) (10146),Infrastructure & Highways,Ministry of Railways,N24001132,Maharashtra,1103.62,1103.62,900.55,81.6,2023-03-01,2026-12-31,2027-12-31,2026-04-01,0,0.0,0
PAIM-617945,Maharashtra under NHO on EPC Mode. (MoRTH) (617945),Infrastructure & Highways,Ministry of Railways,617945,Maharashtra,971.72,971.72,177.04,18.2,2023-03-01,2028-12-31,2028-12-31,2026-04-01,18,0.0,0
PAIM-617946,Kashedi to Parshuram Ghat section of NH-66 from Km 161/600 - Km 205/400 - 4L  PS (MoRTH) (617946),Infrastructure & Highways,Ministry of Railways,617946,Maharashtra,1459.41,1459.41,1138.02,78.0,2024-03-01,2027-12-31,2029-12-31,2026-04-01,24,0.0,0
PAIM-10147,(MoRTH) (617946) (N24000584) (10147),Infrastructure & Highways,Ministry of Railways,N24000584,Maharashtra,4106.98,4106.98,437.46,10.7,2022-03-01,2027-12-31,2027-12-31,2026-04-01,36,0.0,0
PAIM-617947,Arawali Kante section of NH-17New NH-66 4L  PS from Km.241/300 to 281/300 (MoRTH) (617947),Infrastructure & Highways,Ministry of Railways,617947,Maharashtra,2547.52,2547.52,1009.18,39.6,2021-03-01,2028-12-31,2028-12-31,2026-04-01,6,0.0,0
PAIM-10148,(MoRTH) (617947) (N24000585) (10148),Infrastructure & Highways,Ministry of Railways,N24000585,Maharashtra,1203.3,1203.3,195.08,16.2,2021-03-01,2027-12-31,2028-12-31,2026-04-01,6,0.0,0
PAIM-617948,Kante - Wakad section of NH-66 4L  PS from Km.281/300 to 332/200 (MoRTH) (617948),Infrastructure & Highways,Ministry of Railways,617948,Maharashtra,257.38,257.38,43.88,17.0,2023-03-01,2026-12-31,2028-12-31,2026-04-01,12,0.0,0
PAIM-10149,(MoRTH) (617948) (N24001134) (10149),Infrastructure & Highways,Ministry of Railways,N24001134,Maharashtra,2794.67,2794.67,814.11,29.1,2022-03-01,2026-12-31,2029-12-31,2026-04-01,18,0.0,0
PAIM-617965,Kopargaon to Savali Vihir section (MoRTH) (617965),Infrastructure & Highways,Ministry of Railways,617965,Maharashtra,4410.13,4410.13,3490.55,79.1,2023-03-01,2026-12-31,2029-12-31,2026-04-01,6,0.0,0
PAIM-617978,392/950 ending at Vita Village in the State of Maharashtra on EPC Mode. (MoRTH) (617978),Infrastructure & Highways,Ministry of Railways,617978,Maharashtra,3552.34,3552.34,2612.6,73.5,2022-03-01,2027-12-31,2027-12-31,2026-04-01,24,0.0,0
PAIM-10155,(MoRTH) (617978) (-) (10155),Infrastructure & Highways,Ministry of Railways,10155,Maharashtra,3960.62,3960.62,2705.74,68.3,2021-03-01,2027-12-31,2027-12-31,2026-04-01,36,0.0,0
PAIM-617979,340466km in the S (MoRTH) (617979),Infrastructure & Highways,Ministry of Railways,617979,Maharashtra,470.59,470.59,298.87,63.5,2024-03-01,2028-12-31,2028-12-31,2026-04-01,0,0.0,0
PAIM-10156,(MoRTH) (617979) (-) (10156),Infrastructure & Highways,Ministry of Railways,10156,Maharashtra,3033.94,3033.94,766.98,25.3,2023-03-01,2027-12-31,2027-12-31,2026-04-01,6,0.0,0
PAIM-618042,mode in the State of Maharashtra (MoRTH) (618042),Infrastructure & Highways,Ministry of Railways,618042,Maharashtra,789.07,789.07,334.64,42.4,2024-03-01,2028-12-31,2029-12-31,2026-04-01,12,0.0,0
PAIM-618046,EPC Mode Length20.122km. (MoRTH) (618046),Infrastructure & Highways,Ministry of Railways,618046,Maharashtra,1801.97,1801.97,887.92,49.3,2024-03-01,2026-12-31,2027-12-31,2026-04-01,18,0.0,0
PAIM-618047,State of Maharashtra on EPC mode. Length  49.713 km (MoRTH) (618047),Infrastructure & Highways,Ministry of Railways,618047,Maharashtra,1350.31,1350.31,455.89,33.8,2023-03-01,2027-12-31,2029-12-31,2026-04-01,36,0.0,0
PAIM-10168,(MoRTH) (618047) (-) (10168),Infrastructure & Highways,Ministry of Railways,10168,Maharashtra,1014.62,1014.62,591.88,58.3,2022-03-01,2028-12-31,2027-12-31,2026-04-01,6,0.0,0
PAIM-618049,Maharashtra on EPC mode. (MoRTH) (618049),Infrastructure & Highways,Ministry of Railways,618049,Maharashtra,3813.52,3813.52,2920.44,76.6,2021-03-01,2028-12-31,2029-12-31,2026-04-01,36,0.0,0
PAIM-618059,Maharashtra. Total Length of the project 15.781 Km. (MoRTH) (618059),Infrastructure & Highways,Ministry of Railways,618059,Maharashtra,428.39,428.39,107.55,25.1,2024-03-01,2027-12-31,2028-12-31,2026-04-01,12,0.0,0
PAIM-618061,Mode Length 37.970 Km (MoRTH) (618061),Infrastructure & Highways,Ministry of Railways,618061,Maharashtra,1166.9,1166.9,468.89,40.2,2022-03-01,2026-12-31,2027-12-31,2026-04-01,24,0.0,0
PAIM-618065,the (MoRTH) (618065),Infrastructure & Highways,Ministry of Railways,618065,Maharashtra,226.06,226.06,34.43,15.2,2024-03-01,2028-12-31,2029-12-31,2026-04-01,24,0.0,0
PAIM-618088,Nandurshingote to Kolhar (MoRTH) (618088),Infrastructure & Highways,Ministry of Railways,618088,Maharashtra,625.84,625.84,102.2,16.3,2024-03-01,2026-12-31,2029-12-31,2026-04-01,0,0.0,0
PAIM-618089,Maharashtra on EPC mode. (MoRTH) (618089),Infrastructure & Highways,Ministry of Railways,618089,Maharashtra,731.46,731.46,577.91,79.0,2021-03-01,2028-12-31,2028-12-31,2026-04-01,18,0.0,0
PAIM-618090,Sarsam - Kothari of NH-161A - 2L  PS from Km.33/00 to 90/00 (MoRTH) (618090),Infrastructure & Highways,Ministry of Railways,618090,Maharashtra,4447.45,4447.45,558.23,12.6,2022-03-01,2028-12-31,2029-12-31,2026-04-01,18,0.0,0
PAIM-10176,(MoRTH) (618090) (N24001002) (10176),Infrastructure & Highways,Ministry of Railways,N24001002,Maharashtra,1467.8,1467.8,952.21,64.9,2022-03-01,2026-12-31,2028-12-31,2026-04-01,6,0.0,0
PAIM-618094,Pen to Khopoli 2LPS (MoRTH) (618094),Infrastructure & Highways,Ministry of Railways,618094,Maharashtra,951.66,951.66,223.17,23.5,2024-03-01,2027-12-31,2028-12-31,2026-04-01,18,0.0,0
PAIM-618096,417 of NH-166E in the state of Maharashtra on EPC mode. (MoRTH) (618096),Infrastructure & Highways,Ministry of Railways,618096,Maharashtra,259.76,259.76,126.48,48.7,2021-03-01,2028-12-31,2028-12-31,2026-04-01,0,0.0,0
PAIM-618097,53/600 Sati on NH-166E (MoRTH) (618097),Infrastructure & Highways,Ministry of Railways,618097,Maharashtra,1712.65,1712.65,811.95,47.4,2024-03-01,2026-12-31,2029-12-31,2026-04-01,36,0.0,0
PAIM-618098,mode (MoRTH) (618098),Infrastructure & Highways,Ministry of Railways,618098,Maharashtra,1743.34,1743.34,451.73,25.9,2022-03-01,2026-12-31,2028-12-31,2026-04-01,18,0.0,0
PAIM-618099,length 12.440 km in the State of Maharashtra. (MoRTH) (618099),Infrastructure & Highways,Ministry of Railways,618099,Maharashtra,818.2,818.2,540.22,66.0,2022-03-01,2026-12-31,2029-12-31,2026-04-01,0,0.0,0
PAIM-618133,Gadchiroli Dist in the State of Maharashtra. (MoRTH) (618133),Infrastructure & Highways,Ministry of Railways,618133,Maharashtra,3642.84,3642.84,743.16,20.4,2023-03-01,2026-12-31,2029-12-31,2026-04-01,18,0.0,0
PAIM-618134,District on EPC mode in the state of Maharashtra. (MoRTH) (618134),Infrastructure & Highways,Ministry of Railways,618134,Maharashtra,1009.28,1009.28,783.48,77.6,2023-03-01,2028-12-31,2028-12-31,2026-04-01,24,0.0,0
PAIM-618136,EPC mode in the State of Maharashtra. (MoRTH) (618136),Infrastructure & Highways,Ministry of Railways,618136,Maharashtra,3996.93,3996.93,1295.53,32.4,2023-03-01,2027-12-31,2027-12-31,2026-04-01,24,0.0,0
PAIM-618137,EPC mode Length  55.5 Km. (MoRTH) (618137),Infrastructure & Highways,Ministry of Railways,618137,Maharashtra,2079.72,2079.72,1642.82,79.0,2022-03-01,2026-12-31,2028-12-31,2026-04-01,24,0.0,0
PAIM-10189,(MoRTH) (618137) (-) (10189),Infrastructure & Highways,Ministry of Railways,10189,Maharashtra,1168.64,1168.64,887.01,75.9,2023-03-01,2028-12-31,2027-12-31,2026-04-01,12,0.0,0
PAIM-618138,km (MoRTH) (618138),Infrastructure & Highways,Ministry of Railways,618138,Maharashtra,3222.67,3222.67,2382.83,73.9,2021-03-01,2028-12-31,2028-12-31,2026-04-01,12,0.0,0
PAIM-618139,of Maharashtra on EPC mode Length - 41.00 Km. (MoRTH) (618139),Infrastructure & Highways,Ministry of Railways,618139,Maharashtra,921.58,921.58,415.51,45.1,2021-03-01,2027-12-31,2029-12-31,2026-04-01,24,0.0,0
PAIM-618150,Total project length  70.9 Km. (MoRTH) (618150),Infrastructure & Highways,Ministry of Railways,618150,Maharashtra,1745.95,1745.95,202.13,11.6,2022-03-01,2027-12-31,2027-12-31,2026-04-01,18,0.0,0
PAIM-10192,(MoRTH) (618150) (-) (10192),Infrastructure & Highways,Ministry of Railways,10192,Maharashtra,2003.44,2003.44,820.38,40.9,2021-03-01,2027-12-31,2028-12-31,2026-04-01,12,0.0,0
PAIM-618152,Mhaswad to Tembhurni section of NH-548C - 2L  PS (MoRTH) (618152),Infrastructure & Highways,Ministry of Railways,618152,Maharashtra,2098.32,2098.32,275.38,13.1,2021-03-01,2026-12-31,2029-12-31,2026-04-01,18,0.0,0
PAIM-618153,Satara to Mhaswad (MoRTH) (618153),Infrastructure & Highways,Ministry of Railways,618153,Maharashtra,2461.89,2461.89,1405.15,57.1,2024-03-01,2027-12-31,2027-12-31,2026-04-01,6,0.0,0
PAIM-10193,(MoRTH) (618153) (N24000979) (10193),Infrastructure & Highways,Ministry of Railways,N24000979,Maharashtra,1469.69,1469.69,622.94,42.4,2022-03-01,2027-12-31,2027-12-31,2026-04-01,12,0.0,0
PAIM-618154,pavement in the state of Maharashtra on EPC mode. (MoRTH) (618154),Infrastructure & Highways,Ministry of Railways,618154,Maharashtra,2909.52,2909.52,1519.9,52.2,2022-03-01,2028-12-31,2028-12-31,2026-04-01,0,0.0,0
PAIM-618155,State of Maharashtra. (MoRTH) (618155),Infrastructure & Highways,Ministry of Railways,618155,Maharashtra,471.87,471.87,189.41,40.1,2022-03-01,2027-12-31,2027-12-31,2026-04-01,24,0.0,0
PAIM-618172,Paithan - Shirur section 2LPS Km 0.0 to 55.00 (MoRTH) (618172),Infrastructure & Highways,Ministry of Railways,618172,Maharashtra,1973.03,1973.03,903.86,45.8,2023-03-01,2028-12-31,2029-12-31,2026-04-01,0,0.0,0
PAIM-618173,Shirur-Kharda section from 55937 km to 114486 km to 2LPS/4L (MoRTH) (618173),Infrastructure & Highways,Ministry of Railways,618173,Maharashtra,3602.85,3602.85,1942.03,53.9,2024-03-01,2027-12-31,2028-12-31,2026-04-01,24,0.0,0
PAIM-618174,state of Maharashtra on EPC Mode. Length  21.411 km. (MoRTH) (618174),Infrastructure & Highways,Ministry of Railways,618174,Maharashtra,4066.18,4066.18,879.4,21.6,2023-03-01,2027-12-31,2027-12-31,2026-04-01,36,0.0,0
PAIM-618175,configuration in the state of Maharashtra on EPC mode. (MoRTH) (618175),Infrastructure & Highways,Ministry of Railways,618175,Maharashtra,4443.0,4443.0,2692.28,60.6,2022-03-01,2026-12-31,2029-12-31,2026-04-01,6,0.0,0
PAIM-618176,on EPC mode. (MoRTH) (618176),Infrastructure & Highways,Ministry of Railways,618176,Maharashtra,3083.67,3083.67,2218.41,71.9,2022-03-01,2028-12-31,2028-12-31,2026-04-01,12,0.0,0
PAIM-618177,Pal Phata Phulambri - Khultabad 2LPS (MoRTH) (618177),Infrastructure & Highways,Ministry of Railways,618177,Maharashtra,4334.62,4334.62,2596.32,59.9,2023-03-01,2027-12-31,2029-12-31,2026-04-01,36,0.0,0
PAIM-618178,on EPC mode in the State of Maharashtra. (MoRTH) (618178),Infrastructure & Highways,Ministry of Railways,618178,Maharashtra,677.31,677.31,289.5,42.7,2024-03-01,2027-12-31,2027-12-31,2026-04-01,0,0.0,0
PAIM-618179,Mode. (MoRTH) (618179),Infrastructure & Highways,Ministry of Railways,618179,Maharashtra,2106.1,2106.1,1735.4,82.4,2023-03-01,2028-12-31,2029-12-31,2026-04-01,18,0.0,0
PAIM-618180,Pune raigarh District Border To Mangaon    Ch 69000 to 103775    NH-753F (MoRTH) (618180),Infrastructure & Highways,Ministry of Railways,618180,Maharashtra,1780.3,1780.3,413.55,23.2,2023-03-01,2026-12-31,2029-12-31,2026-04-01,6,0.0,0
PAIM-618181,753F Aurangabad-Jalgaon road on EPC Mode in the State of Maharashtra (MoRTH) (618181),Infrastructure & Highways,Ministry of Railways,618181,Maharashtra,2249.48,2249.48,603.71,26.8,2023-03-01,2026-12-31,2027-12-31,2026-04-01,36,0.0,0
PAIM-618188,mode in the State of Maharashtra. (MoRTH) (618188),Infrastructure & Highways,Ministry of Railways,618188,Maharashtra,787.4,787.4,527.48,67.0,2023-03-01,2028-12-31,2027-12-31,2026-04-01,12,0.0,0
PAIM-618198,Maharashtra on EPC mode. Balance Work (MoRTH) (618198),Infrastructure & Highways,Ministry of Railways,618198,Maharashtra,379.64,379.64,218.52,57.6,2023-03-01,2026-12-31,2028-12-31,2026-04-01,12,0.0,0
PAIM-618199,the state of Maharashtra on EPC mode. (MoRTH) (618199),Infrastructure & Highways,Ministry of Railways,618199,Maharashtra,1478.53,1478.53,251.46,17.0,2021-03-01,2026-12-31,2029-12-31,2026-04-01,6,0.0,0
PAIM-10207,(MoRTH) (618199) (N24002178) (10207),Infrastructure & Highways,Ministry of Railways,N24002178,Maharashtra,4031.56,4031.56,1506.91,37.4,2024-03-01,2027-12-31,2029-12-31,2026-04-01,12,0.0,0
PAIM-618468,- Talsari (National Highways Authority of India [NHAI]) (618468),Infrastructure & Highways,Ministry of Railways,618468,Maharashtra,1739.89,1739.89,635.13,36.5,2021-03-01,2026-12-31,2028-12-31,2026-04-01,18,0.0,0
PAIM-10327,(National Highways Authority of India [NHAI]) (618468) (N24001504) (10327),Infrastructure & Highways,Ministry of Railways,N24001504,Maharashtra,1208.52,1208.52,862.84,71.4,2024-03-01,2026-12-31,2028-12-31,2026-04-01,18,0.0,0
PAIM-618469,Shirsad - Masvan (National Highways Authority of India [NHAI]) (618469),Infrastructure & Highways,Ministry of Railways,618469,Maharashtra,687.24,687.24,220.62,32.1,2022-03-01,2026-12-31,2028-12-31,2026-04-01,0,0.0,0
PAIM-10328,(National Highways Authority of India [NHAI]) (618469) (N24001506) (10328),Infrastructure & Highways,Ministry of Railways,N24001506,Maharashtra,1874.79,1874.79,735.59,39.2,2022-03-01,2026-12-31,2029-12-31,2026-04-01,36,0.0,0
PAIM-618470,Shirsad - Akloli (National Highways Authority of India [NHAI]) (618470),Infrastructure & Highways,Ministry of Railways,618470,Maharashtra,573.72,573.72,293.27,51.1,2024-03-01,2026-12-31,2027-12-31,2026-04-01,18,0.0,0
PAIM-10329,(National Highways Authority of India [NHAI]) (618470) (N24001507) (10329),Infrastructure & Highways,Ministry of Railways,N24001507,Maharashtra,527.44,527.44,70.47,13.4,2022-03-01,2026-12-31,2028-12-31,2026-04-01,12,0.0,0
PAIM-618471,Akloli - Amne (National Highways Authority of India [NHAI]) (618471),Infrastructure & Highways,Ministry of Railways,618471,Maharashtra,634.64,634.64,433.45,68.3,2024-03-01,2027-12-31,2027-12-31,2026-04-01,18,0.0,0
PAIM-10330,(National Highways Authority of India [NHAI]) (618471) (N24001521) (10330),Infrastructure & Highways,Ministry of Railways,N24001521,Maharashtra,1994.29,1994.29,553.7,27.8,2023-03-01,2026-12-31,2029-12-31,2026-04-01,24,0.0,0
PAIM-618472,Amne - Bhoj (National Highways Authority of India [NHAI]) (618472),Infrastructure & Highways,Ministry of Railways,618472,Maharashtra,910.04,910.04,304.27,33.4,2022-03-01,2028-12-31,2029-12-31,2026-04-01,0,0.0,0
PAIM-10331,(National Highways Authority of India [NHAI]) (618472) (N24001508) (10331),Infrastructure & Highways,Ministry of Railways,N24001508,Maharashtra,4164.05,4164.05,1742.15,41.8,2021-03-01,2028-12-31,2027-12-31,2026-04-01,36,0.0,0
PAIM-618473,Spur] Bhoj - Morbe (National Highways Authority of India [NHAI]) (618473),Infrastructure & Highways,Ministry of Railways,618473,Maharashtra,638.39,638.39,77.07,12.1,2022-03-01,2028-12-31,2029-12-31,2026-04-01,18,0.0,0
PAIM-10332,(National Highways Authority of India [NHAI]) (618473) (N24001608) (10332),Infrastructure & Highways,Ministry of Railways,N24001608,Maharashtra,844.14,844.14,667.56,79.1,2021-03-01,2028-12-31,2029-12-31,2026-04-01,36,0.0,0
PAIM-618511,City on PuneSatara section of NH48 (National Highways Authority of India [NHAI]) (618511),Infrastructure & Highways,Ministry of Railways,618511,Maharashtra,3951.76,3951.76,2241.21,56.7,2023-03-01,2026-12-31,2027-12-31,2026-04-01,24,0.0,0
PAIM-618512,existing Km. 782.000 (National Highways Authority of India [NHAI]) (618512),Infrastructure & Highways,Ministry of Railways,618512,Maharashtra,2879.92,2879.92,949.57,33.0,2022-03-01,2027-12-31,2029-12-31,2026-04-01,36,0.0,0
PAIM-10367,(National Highways Authority of India [NHAI]) (618512) (N24001486) (10367),Infrastructure & Highways,Ministry of Railways,N24001486,Maharashtra,423.45,423.45,342.63,80.9,2021-03-01,2026-12-31,2028-12-31,2026-04-01,0,0.0,0
PAIM-618513,6L of Kagal-Satara section from Km 592.500 to Km 658.000 of NH-48 Pkg-I (National Highways Authority of India [NHAI]) (6,Infrastructure & Highways,Ministry of Railways,618513,Maharashtra,2309.09,2309.09,1607.67,69.6,2021-03-01,2028-12-31,2029-12-31,2026-04-01,18,0.0,0
PAIM-10368,(National Highways Authority of India [NHAI]) (618513) (N24001546) (10368),Infrastructure & Highways,Ministry of Railways,N24001546,Maharashtra,943.26,943.26,735.1,77.9,2023-03-01,2027-12-31,2028-12-31,2026-04-01,36,0.0,0
PAIM-618514,6L of Kagal-Satara section from Km 658.000 to Km 725.000 of NH-48 Pkg-II (National Highways Authority of India [NHAI]) (,Infrastructure & Highways,Ministry of Railways,618514,Maharashtra,2612.63,2612.63,1504.72,57.6,2021-03-01,2028-12-31,2028-12-31,2026-04-01,18,0.0,0
PAIM-618557,4L of Indora Chowk to Pachpaoli and Agrasen Chowk - Ashoka Chowk (National Highways Authority of India [NHAI]) (618557),Infrastructure & Highways,Ministry of Railways,618557,Maharashtra,2625.51,2625.51,1295.1,49.3,2021-03-01,2028-12-31,2029-12-31,2026-04-01,24,0.0,0
PAIM-10403,(National Highways Authority of India [NHAI]) (618557) (N24002071) (10403),Infrastructure & Highways,Ministry of Railways,N24002071,Maharashtra,1165.29,1165.29,581.63,49.9,2024-03-01,2027-12-31,2029-12-31,2026-04-01,36,0.0,0
PAIM-618585,6L of Gonde Km. 439.038 to Pimpri Sado Km. 459.905 section of NH-848 Old NH-3 (National Highways Authority of India [NHA,Infrastructure & Highways,Ministry of Railways,618585,Maharashtra,1637.95,1637.95,917.56,56.0,2024-03-01,2026-12-31,2028-12-31,2026-04-01,18,0.0,0
PAIM-10420,(National Highways Authority of India [NHAI]) (618585) (-) (10420),Infrastructure & Highways,Ministry of Railways,10420,Maharashtra,2587.06,2587.06,656.27,25.4,2022-03-01,2028-12-31,2028-12-31,2026-04-01,36,0.0,0
PAIM-618586,thick in the State Of Maharashtra on EPC Mode (National Highways Authority of India [NHAI]) (618586),Infrastructure & Highways,Ministry of Railways,618586,Maharashtra,3639.9,3639.9,760.99,20.9,2023-03-01,2028-12-31,2029-12-31,2026-04-01,36,0.0,0
PAIM-618588,NH-6 New NH-53 (National Highways Authority of India [NHAI]) (618588),Infrastructure & Highways,Ministry of Railways,618588,Maharashtra,3886.38,3886.38,3135.71,80.7,2021-03-01,2027-12-31,2027-12-31,2026-04-01,36,0.0,0
PAIM-618594,Panvel to km 42.300 Kasu (National Highways Authority of India [NHAI]) (618594),Infrastructure & Highways,Ministry of Railways,618594,Maharashtra,573.44,573.44,440.62,76.8,2024-03-01,2028-12-31,2029-12-31,2026-04-01,0,0.0,0
PAIM-618626,section Pkg  VI of NH-965 (National Highways Authority of India [NHAI]) (618626),Infrastructure & Highways,Ministry of Railways,618626,Maharashtra,2060.54,2060.54,211.02,10.2,2024-03-01,2027-12-31,2029-12-31,2026-04-01,0,0.0,0
PAIM-618627,various NHs (National Highways Authority of India [NHAI]) (618627),Infrastructure & Highways,Ministry of Railways,618627,Maharashtra,1594.11,1594.11,180.58,11.3,2021-03-01,2028-12-31,2029-12-31,2026-04-01,18,0.0,0
PAIM-618628,NH 965 from KM 36.230 to KM 44.230 from Chh. Shivaji Maharaj Chowk to Wakhari (National Highways Authority of India [NHA,Infrastructure & Highways,Ministry of Railways,618628,Maharashtra,4437.5,4437.5,3030.39,68.3,2021-03-01,2026-12-31,2028-12-31,2026-04-01,24,0.0,0
PAIM-618638,Tarsod - Fagne section of NH-6 (National Highways Authority of India [NHAI]) (618638),Infrastructure & Highways,Ministry of Railways,618638,Maharashtra,1399.37,1399.37,260.93,18.6,2022-03-01,2028-12-31,2029-12-31,2026-04-01,0,0.0,0
PAIM-10456,(National Highways Authority of India [NHAI]) (618638) (-) (10456),Infrastructure & Highways,Ministry of Railways,10456,Maharashtra,2300.84,2300.84,659.68,28.7,2023-03-01,2027-12-31,2029-12-31,2026-04-01,18,0.0,0
PAIM-618652,Chakur Loha Section of NH-361 from km 114.600 to km 187.80 (National Highways Authority of India [NHAI]) (618652),Infrastructure & Highways,Ministry of Railways,618652,Maharashtra,3214.56,3214.56,1780.06,55.4,2022-03-01,2026-12-31,2027-12-31,2026-04-01,6,0.0,0
PAIM-10466,(National Highways Authority of India [NHAI]) (618652) (-) (10466),Infrastructure & Highways,Ministry of Railways,10466,Maharashtra,2702.17,2702.17,1062.69,39.3,2023-03-01,2028-12-31,2028-12-31,2026-04-01,6,0.0,0
PAIM-618653,Loha-Waranga Section of NH-361 from km 187.800 to km 244.369 (National Highways Authority of India [NHAI]) (618653),Infrastructure & Highways,Ministry of Railways,618653,Maharashtra,3707.98,3707.98,1258.31,33.9,2023-03-01,2028-12-31,2028-12-31,2026-04-01,0,0.0,0
PAIM-10467,(National Highways Authority of India [NHAI]) (618653) (-) (10467),Infrastructure & Highways,Ministry of Railways,10467,Maharashtra,1340.03,1340.03,285.92,21.3,2023-03-01,2028-12-31,2027-12-31,2026-04-01,36,0.0,0
PAIM-618693,Bodhre - Dhule (National Highways Authority of India [NHAI]) (618693),Infrastructure & Highways,Ministry of Railways,618693,Maharashtra,2185.41,2185.41,1515.27,69.3,2021-03-01,2028-12-31,2029-12-31,2026-04-01,24,0.0,0
PAIM-10494,(National Highways Authority of India [NHAI]) (618693) (N24000656) (10494),Infrastructure & Highways,Ministry of Railways,N24000656,Maharashtra,3342.89,3342.89,2736.99,81.9,2021-03-01,2027-12-31,2027-12-31,2026-04-01,12,0.0,0
PAIM-618754,District in the State of Maharashtra on EPC Mode under NHO- (National Highways Authority of India [NHAI]) (618754),Infrastructure & Highways,Ministry of Railways,618754,Maharashtra,1715.6,1715.6,766.71,44.7,2023-03-01,2027-12-31,2028-12-31,2026-04-01,24,0.0,0
PAIM-618766,Bharatmala Pariyojana on EPC Mode (NHAI) (618766),Infrastructure & Highways,Ministry of Railways,618766,Maharashtra,4134.48,4134.48,1176.73,28.5,2021-03-01,2026-12-31,2027-12-31,2026-04-01,24,0.0,0
PAIM-10547,(NHAI) (618766) (-) (10547),Infrastructure & Highways,Ministry of Railways,10547,Maharashtra,4466.82,4466.82,2599.79,58.2,2024-03-01,2026-12-31,2027-12-31,2026-04-01,36,0.0,0
PAIM-618836,4L of Ratnagiri - Kolhapur section from km 67.140 to km 112.340 of NH-166 Pkg  II (National Highways Authority of India ,Infrastructure & Highways,Ministry of Railways,618836,Maharashtra,1175.83,1175.83,679.34,57.8,2024-03-01,2027-12-31,2028-12-31,2026-04-01,6,0.0,0
PAIM-10598,(National Highways Authority of India [NHAI]) (618836) (N24001834) (10598),Infrastructure & Highways,Ministry of Railways,N24001834,Maharashtra,3551.51,3551.51,892.3,25.1,2022-03-01,2026-12-31,2029-12-31,2026-04-01,18,0.0,0
PAIM-618837,4L of Ratnagiri - Kolhapur section from km 112.340 to km 145.300 of NH-166 PkgIII (National Highways Authority of India ,Infrastructure & Highways,Ministry of Railways,618837,Maharashtra,2665.25,2665.25,1831.95,68.7,2023-03-01,2026-12-31,2029-12-31,2026-04-01,12,0.0,0
PAIM-10599,(National Highways Authority of India [NHAI]) (618837) (N24001835) (10599),Infrastructure & Highways,Ministry of Railways,N24001835,Maharashtra,1846.33,1846.33,379.14,20.5,2021-03-01,2027-12-31,2028-12-31,2026-04-01,24,0.0,0
PAIM-618937,4L of Nagpur-Katol Section from Km. 13.00 to Km. 62.900 of NH-353J (National Highways Authority of India [NHAI]) (618937,Infrastructure & Highways,Ministry of Railways,618937,Maharashtra,876.71,876.71,89.21,10.2,2024-03-01,2027-12-31,2027-12-31,2026-04-01,6,0.0,0
PAIM-10678,(National Highways Authority of India [NHAI]) (618937) (N24001799) (10678),Infrastructure & Highways,Ministry of Railways,N24001799,Maharashtra,2615.37,2615.37,2211.98,84.6,2021-03-01,2026-12-31,2027-12-31,2026-04-01,0,0.0,0
PAIM-618939,Ch.68.800 in Gadchandur Town on NH-353B (National Highways Authority of India [NHAI]) (618939),Infrastructure & Highways,Ministry of Railways,618939,Maharashtra,995.34,995.34,398.37,40.0,2021-03-01,2026-12-31,2028-12-31,2026-04-01,18,0.0,0
PAIM-619008,Maharashtra on EPC mode. Reg- Resubmission of Annual Plan Estimate. (MoRTH) (619008),Infrastructure & Highways,Ministry of Railways,619008,Maharashtra,4483.01,4483.01,2400.61,53.5,2022-03-01,2026-12-31,2029-12-31,2026-04-01,0,0.0,0
PAIM-619042,"Procurement and construction   EPC    Basis mode   L.1.326 Km, (MoRTH) (619042)",Infrastructure & Highways,Ministry of Railways,619042,Maharashtra,467.54,467.54,283.35,60.6,2022-03-01,2027-12-31,2027-12-31,2026-04-01,6,0.0,0
PAIM-619069,Satara Km 725.000 to Pune Km 865.350 of NH - 4 New NH - 48 in Maharashtra (National Highways Authority of India [NHAI]) ,Infrastructure & Highways,Ministry of Railways,619069,Maharashtra,2154.07,2154.07,1804.58,83.8,2022-03-01,2028-12-31,2027-12-31,2026-04-01,18,0.0,0
PAIM-619095,to km 84.600 Indapur (National Highways Authority of India [NHAI]) (619095),Infrastructure & Highways,Ministry of Railways,619095,Maharashtra,3922.88,3922.88,645.55,16.5,2021-03-01,2026-12-31,2028-12-31,2026-04-01,0,0.0,0
PAIM-619149,31.000 to km 67.140 Pkg  I (National Highways Authority of India [NHAI]) (619149),Infrastructure & Highways,Ministry of Railways,619149,Maharashtra,1496.1,1496.1,1126.24,75.3,2022-03-01,2026-12-31,2027-12-31,2026-04-01,36,0.0,0
PAIM-11810,(National Highways Authority of India [NHAI]) (619149) (N24001495) (11810),Infrastructure & Highways,Ministry of Railways,N24001495,Maharashtra,4478.38,4478.38,975.3,21.8,2022-03-01,2028-12-31,2028-12-31,2026-04-01,12,0.0,0
PAIM-619163,Tukaram Marg (National Highways Authority of India [NHAI]) (619163),Infrastructure & Highways,Ministry of Railways,619163,Maharashtra,3164.09,3164.09,2579.83,81.5,2023-03-01,2028-12-31,2027-12-31,2026-04-01,0,0.0,0
PAIM-11818,(National Highways Authority of India [NHAI]) (619163) (N24001502) (11818),Infrastructure & Highways,Ministry of Railways,N24001502,Maharashtra,3053.5,3053.5,780.34,25.6,2023-03-01,2026-12-31,2027-12-31,2026-04-01,18,0.0,0
PAIM-619198,- Ganjad (National Highways Authority of India [NHAI]) (619198),Infrastructure & Highways,Ministry of Railways,619198,Maharashtra,3001.45,3001.45,2329.16,77.6,2024-03-01,2026-12-31,2027-12-31,2026-04-01,24,0.0,0
PAIM-11889,(National Highways Authority of India [NHAI]) (619198) (-) (11889),Infrastructure & Highways,Ministry of Railways,11889,Maharashtra,1119.18,1119.18,847.03,75.7,2024-03-01,2028-12-31,2029-12-31,2026-04-01,18,0.0,0
PAIM-619203,Vadape to Thane from km 539.202 to km 563.000 section of NH-3 new NH-848 (National Highways Authority of India [NHAI]) (,Infrastructure & Highways,Ministry of Railways,619203,Maharashtra,3410.04,3410.04,2699.17,79.2,2024-03-01,2028-12-31,2028-12-31,2026-04-01,18,0.0,0
PAIM-11894,(National Highways Authority of India [NHAI]) (619203) (-) (11894),Infrastructure & Highways,Ministry of Railways,11894,Maharashtra,2377.24,2377.24,1073.18,45.1,2023-03-01,2028-12-31,2029-12-31,2026-04-01,6,0.0,0
PAIM-619209,Mohol  Alandi section of NH-965 Pkg - V (National Highways Authority of India [NHAI]) (619209),Infrastructure & Highways,Ministry of Railways,619209,Maharashtra,1162.52,1162.52,469.98,40.4,2021-03-01,2028-12-31,2027-12-31,2026-04-01,6,0.0,0
PAIM-11899,(National Highways Authority of India [NHAI]) (619209) (-) (11899),Infrastructure & Highways,Ministry of Railways,11899,Maharashtra,4303.12,4303.12,2551.73,59.3,2023-03-01,2028-12-31,2027-12-31,2026-04-01,12,0.0,0
PAIM-619210,Dharampuri-Lonand from km. 117.00 to 166.40 Pkg-IV on Mohol-Alandi Section (National Highways Authority of India [NHAI]),Infrastructure & Highways,Ministry of Railways,619210,Maharashtra,1962.92,1962.92,1582.9,80.6,2022-03-01,2026-12-31,2027-12-31,2026-04-01,12,0.0,0
PAIM-11900,(National Highways Authority of India [NHAI]) (619210) (-) (11900),Infrastructure & Highways,Ministry of Railways,11900,Maharashtra,4408.81,4408.81,757.89,17.2,2021-03-01,2026-12-31,2029-12-31,2026-04-01,6,0.0,0
PAIM-10245,(NHIDCL) (618305) (N24002202) (10245),Infrastructure & Highways,Ministry of Railways,N24002202,Multi-State,4226.84,4226.84,2853.36,67.5,2023-03-01,2028-12-31,2029-12-31,2026-04-01,6,0.0,0
PAIM-10246,(NHIDCL) (618306) (N24002242) (10246),Infrastructure & Highways,Ministry of Railways,N24002242,Multi-State,697.24,697.24,409.59,58.7,2021-03-01,2028-12-31,2029-12-31,2026-04-01,6,0.0,0
PAIM-10267,(NHIDCL) (618333) (N24001323) (10267),Infrastructure & Highways,Ministry of Railways,N24001323,Multi-State,4109.61,4109.61,2089.22,50.8,2021-03-01,2027-12-31,2028-12-31,2026-04-01,6,0.0,0
PAIM-10268,(NHIDCL) (618334) (N24002132) (10268),Infrastructure & Highways,Ministry of Railways,N24002132,Multi-State,777.43,777.43,316.41,40.7,2022-03-01,2027-12-31,2029-12-31,2026-04-01,12,0.0,0
PAIM-10269,(NHIDCL) (618336) (N24001390) (10269),Infrastructure & Highways,Ministry of Railways,N24001390,Multi-State,971.5,971.5,373.28,38.4,2022-03-01,2028-12-31,2029-12-31,2026-04-01,36,0.0,0
PAIM-10271,(NHIDCL) (618344) (N24001792) (10271),Infrastructure & Highways,Ministry of Railways,N24001792,Multi-State,4490.72,4490.72,3784.15,84.3,2021-03-01,2028-12-31,2027-12-31,2026-04-01,0,0.0,0
PAIM-10296,(NHIDCL) (618387) (N24002131) (10296),Infrastructure & Highways,Ministry of Railways,N24002131,Multi-State,4026.88,4026.88,2763.42,68.6,2023-03-01,2027-12-31,2028-12-31,2026-04-01,36,0.0,0
PAIM-10243,(NHIDCL) (618294) (-) (10243),Infrastructure & Highways,Ministry of Railways,10243,Multi-State,3267.29,3267.29,2262.1,69.2,2021-03-01,2027-12-31,2029-12-31,2026-04-01,24,0.0,0
PAIM-10244,(NHIDCL) (618295) (N24002233) (10244),Infrastructure & Highways,Ministry of Railways,N24002233,Multi-State,4238.01,4238.01,3587.66,84.7,2021-03-01,2026-12-31,2028-12-31,2026-04-01,18,0.0,0
PAIM-10288,(NHIDCL) (618376) (N24001314) (10288),Infrastructure & Highways,Ministry of Railways,N24001314,Multi-State,1902.73,1902.73,349.07,18.3,2022-03-01,2027-12-31,2027-12-31,2026-04-01,12,0.0,0
PAIM-10306,(NHIDCL) (618419) (N24002158) (10306),Infrastructure & Highways,Ministry of Railways,N24002158,Multi-State,2769.3,2769.3,1646.76,59.5,2024-03-01,2027-12-31,2029-12-31,2026-04-01,6,0.0,0
PAIM-10307,(NHIDCL) (618420) (N24002157) (10307),Infrastructure & Highways,Ministry of Railways,N24002157,Multi-State,4234.67,4234.67,3035.23,71.7,2023-03-01,2026-12-31,2029-12-31,2026-04-01,12,0.0,0
PAIM-10308,(NHIDCL) (618421) (N24002156) (10308),Infrastructure & Highways,Ministry of Railways,N24002156,Multi-State,601.62,601.62,390.47,64.9,2024-03-01,2027-12-31,2029-12-31,2026-04-01,0,0.0,0
PAIM-10255,(NHIDCL) (618317) (-) (10255),Infrastructure & Highways,Ministry of Railways,10255,Multi-State,2617.77,2617.77,2163.06,82.6,2022-03-01,2028-12-31,2028-12-31,2026-04-01,12,0.0,0
PAIM-10256,(NHIDCL) (618318) (-) (10256),Infrastructure & Highways,Ministry of Railways,10256,Multi-State,2319.11,2319.11,332.0,14.3,2021-03-01,2027-12-31,2029-12-31,2026-04-01,24,0.0,0
PAIM-10257,(NHIDCL) (618319) (-) (10257),Infrastructure & Highways,Ministry of Railways,10257,Multi-State,2193.47,2193.47,1777.11,81.0,2023-03-01,2027-12-31,2028-12-31,2026-04-01,0,0.0,0
PAIM-10258,(NHIDCL) (618320) (-) (10258),Infrastructure & Highways,Ministry of Railways,10258,Multi-State,825.25,825.25,573.79,69.5,2021-03-01,2027-12-31,2027-12-31,2026-04-01,12,0.0,0
PAIM-10259,(NHIDCL) (618321) (-) (10259),Infrastructure & Highways,Ministry of Railways,10259,Multi-State,1333.59,1333.59,394.88,29.6,2024-03-01,2026-12-31,2029-12-31,2026-04-01,6,0.0,0
PAIM-10260,(NHIDCL) (618324) (-) (10260),Infrastructure & Highways,Ministry of Railways,10260,Multi-State,908.8,908.8,257.36,28.3,2021-03-01,2027-12-31,2028-12-31,2026-04-01,6,0.0,0
PAIM-10270,(NHIDCL) (618341) (N24001545) (10270),Infrastructure & Highways,Ministry of Railways,N24001545,Multi-State,1270.99,1270.99,972.65,76.5,2023-03-01,2028-12-31,2029-12-31,2026-04-01,18,0.0,0
PAIM-10280,(NHIDCL) (618362) (N24001358) (10280),Infrastructure & Highways,Ministry of Railways,N24001358,Multi-State,1903.34,1903.34,1214.0,63.8,2022-03-01,2026-12-31,2028-12-31,2026-04-01,0,0.0,0
PAIM-10281,(NHIDCL) (618363) (N24001359) (10281),Infrastructure & Highways,Ministry of Railways,N24001359,Multi-State,501.16,501.16,174.72,34.9,2021-03-01,2026-12-31,2029-12-31,2026-04-01,12,0.0,0
PAIM-10290,(NHIDCL) (618379) (N24000861) (10290),Infrastructure & Highways,Ministry of Railways,N24000861,Multi-State,2738.88,2738.88,1710.02,62.4,2022-03-01,2026-12-31,2029-12-31,2026-04-01,12,0.0,0
PAIM-10291,(NHIDCL) (618380) (N24000857) (10291),Infrastructure & Highways,Ministry of Railways,N24000857,Multi-State,4495.8,4495.8,1409.45,31.4,2022-03-01,2028-12-31,2027-12-31,2026-04-01,12,0.0,0
PAIM-10292,(NHIDCL) (618381) (N24000863) (10292),Infrastructure & Highways,Ministry of Railways,N24000863,Multi-State,1994.4,1994.4,887.7,44.5,2022-03-01,2027-12-31,2028-12-31,2026-04-01,6,0.0,0
PAIM-10293,(NHIDCL) (618382) (N24000864) (10293),Infrastructure & Highways,Ministry of Railways,N24000864,Multi-State,2892.39,2892.39,570.54,19.7,2021-03-01,2028-12-31,2027-12-31,2026-04-01,24,0.0,0
PAIM-10294,(NHIDCL) (618383) (N24000865) (10294),Infrastructure & Highways,Ministry of Railways,N24000865,Multi-State,1955.0,1955.0,1115.15,57.0,2022-03-01,2028-12-31,2029-12-31,2026-04-01,36,0.0,0
PAIM-10295,(NHIDCL) (618384) (N24000862) (10295),Infrastructure & Highways,Ministry of Railways,N24000862,Multi-State,2259.19,2259.19,1277.53,56.5,2024-03-01,2027-12-31,2028-12-31,2026-04-01,6,0.0,0
PAIM-10312,(NHIDCL) (618452) (N24002204) (10312),Infrastructure & Highways,Ministry of Railways,N24002204,Multi-State,3098.93,3098.93,1393.6,45.0,2022-03-01,2028-12-31,2028-12-31,2026-04-01,0,0.0,0
PAIM-10806,(NHIDCL) (619010) (N24002027) (10806),Infrastructure & Highways,Ministry of Railways,N24002027,Multi-State,1763.16,1763.16,1038.07,58.9,2024-03-01,2026-12-31,2029-12-31,2026-04-01,36,0.0,0
PAIM-619199,Bethamangala in the state of Karnataka to Byreddypalli (National Highways Authority of India [NHAI]) (619199),Infrastructure & Highways,Ministry of Railways,619199,Karnataka,3534.39,3534.39,2535.39,71.7,2022-03-01,2026-12-31,2028-12-31,2026-04-01,6,0.0,0
PAIM-11890,(National Highways Authority of India [NHAI]) (619199) (-) (11890),Infrastructure & Highways,Ministry of Railways,11890,Karnataka,769.75,769.75,414.69,53.9,2024-03-01,2026-12-31,2029-12-31,2026-04-01,24,0.0,0
PAIM-618681,1 (National Highways Authority of India [NHAI]) (618681),Infrastructure & Highways,Ministry of Railways,618681,Odisha,1574.93,1574.93,392.42,24.9,2024-03-01,2028-12-31,2028-12-31,2026-04-01,36,0.0,0
PAIM-10484,(National Highways Authority of India [NHAI]) (618681) (N24001838) (10484),Infrastructure & Highways,Ministry of Railways,N24001838,Odisha,1901.9,1901.9,757.6,39.8,2021-03-01,2026-12-31,2028-12-31,2026-04-01,6,0.0,0
PAIM-618477,Km 156.000 to Km 180.000 (National Highways Authority of India [NHAI]) (618477),Infrastructure & Highways,Ministry of Railways,618477,Tamil Nadu,389.83,389.83,166.86,42.8,2023-03-01,2028-12-31,2028-12-31,2026-04-01,24,0.0,0
PAIM-10336,(National Highways Authority of India [NHAI]) (618477) (N24001720) (10336),Infrastructure & Highways,Ministry of Railways,N24001720,Tamil Nadu,1756.11,1756.11,291.73,16.6,2024-03-01,2026-12-31,2028-12-31,2026-04-01,36,0.0,0
PAIM-618634,716B Pkg-III (National Highways Authority of India [NHAI]) (618634),Infrastructure & Highways,Ministry of Railways,618634,Tamil Nadu,2096.58,2096.58,852.16,40.6,2022-03-01,2027-12-31,2028-12-31,2026-04-01,24,0.0,0
PAIM-10452,(National Highways Authority of India [NHAI]) (618634) (N24001819) (10452),Infrastructure & Highways,Ministry of Railways,N24001819,Tamil Nadu,3472.27,3472.27,2596.18,74.8,2021-03-01,2027-12-31,2027-12-31,2026-04-01,18,0.0,0
PAIM-618769,Walajahpet/Ranipet to TN/AP Border Section of from Km.106.800 to  Km.133.36 NH-4 (National Highways Authority of India [,Infrastructure & Highways,Ministry of Railways,618769,Tamil Nadu,255.55,255.55,130.45,51.0,2024-03-01,2028-12-31,2027-12-31,2026-04-01,24,0.0,0
PAIM-10548,(National Highways Authority of India [NHAI]) (618769) (-) (10548),Infrastructure & Highways,Ministry of Railways,10548,Tamil Nadu,1915.64,1915.64,781.19,40.8,2023-03-01,2026-12-31,2027-12-31,2026-04-01,12,0.0,0
PAIM-618771,6L of Varadharajula to Kumarajapet from km 0.000 to km 43.800 of NH-716B Pkg-I (National Highways Authority of India [NH,Infrastructure & Highways,Ministry of Railways,618771,Tamil Nadu,4153.55,4153.55,3525.31,84.9,2023-03-01,2027-12-31,2028-12-31,2026-04-01,6,0.0,0
PAIM-10549,(National Highways Authority of India [NHAI]) (618771) (N24001820) (10549),Infrastructure & Highways,Ministry of Railways,N24001820,Tamil Nadu,3930.29,3930.29,2575.32,65.5,2023-03-01,2028-12-31,2029-12-31,2026-04-01,24,0.0,0
PAIM-618772,716B Pkg-II (National Highways Authority of India [NHAI]) (618772),Infrastructure & Highways,Ministry of Railways,618772,Tamil Nadu,1917.91,1917.91,851.14,44.4,2023-03-01,2028-12-31,2027-12-31,2026-04-01,0,0.0,0
PAIM-10550,(National Highways Authority of India [NHAI]) (618772) (N24001988) (10550),Infrastructure & Highways,Ministry of Railways,N24001988,Tamil Nadu,3958.44,3958.44,3127.31,79.0,2024-03-01,2027-12-31,2027-12-31,2026-04-01,24,0.0,0
PAIM-619077,6 laning of Balance Work of Chennai - Tada from km. 21.40 to km. 54.40 (National Highways Authority of India [NHAI]) (61,Infrastructure & Highways,Ministry of Railways,619077,Tamil Nadu,3060.02,3060.02,553.28,18.1,2024-03-01,2026-12-31,2027-12-31,2026-04-01,18,0.0,0
PAIM-618747,village to Recherla village Design Chainage 63117 to 105236] (National Highways Authority of India [NHAI]) (618747),Infrastructure & Highways,Ministry of Railways,618747,Telangana,419.52,419.52,252.96,60.3,2024-03-01,2027-12-31,2028-12-31,2026-04-01,6,0.0,0
PAIM-10534,(National Highways Authority of India [NHAI]) (618747) (N24001484) (10534),Infrastructure & Highways,Ministry of Railways,N24001484,Telangana,1886.64,1886.64,966.08,51.2,2022-03-01,2028-12-31,2029-12-31,2026-04-01,18,0.0,0
PAIM-618818,at Design Ch. 309.909 Km Package-III (National Highways Authority of India [NHAI]) (618818),Infrastructure & Highways,Ministry of Railways,618818,Telangana,2418.17,2418.17,935.3,38.7,2024-03-01,2028-12-31,2027-12-31,2026-04-01,0,0.0,0
PAIM-10585,(National Highways Authority of India [NHAI]) (618818) (-) (10585),Infrastructure & Highways,Ministry of Railways,10585,Telangana,539.63,539.63,171.01,31.7,2021-03-01,2028-12-31,2029-12-31,2026-04-01,24,0.0,0
PAIM-619143,village at Design Ch. 280.200 KmPackage-II (National Highways Authority of India [NHAI]) (619143),Infrastructure & Highways,Ministry of Railways,619143,Telangana,4083.44,4083.44,1771.54,43.4,2021-03-01,2026-12-31,2029-12-31,2026-04-01,24,0.0,0
PAIM-11808,(National Highways Authority of India [NHAI]) (619143) (-) (11808),Infrastructure & Highways,Ministry of Railways,11808,Telangana,1204.99,1204.99,914.92,75.9,2023-03-01,2027-12-31,2029-12-31,2026-04-01,6,0.0,0
PAIM-619212,village from Km 242.200 to Km 280.400 Pkg-2 (National Highways Authority of India [NHAI]) (619212),Infrastructure & Highways,Ministry of Railways,619212,Telangana,1896.98,1896.98,1063.4,56.1,2022-03-01,2026-12-31,2028-12-31,2026-04-01,0,0.0,0
PAIM-11902,(National Highways Authority of India [NHAI]) (619212) (-) (11902),Infrastructure & Highways,Ministry of Railways,11902,Telangana,3298.02,3298.02,666.0,20.2,2021-03-01,2027-12-31,2029-12-31,2026-04-01,0,0.0,0
PAIM-10277,(NHIDCL) (618359) (N24002155) (10277),Infrastructure & Highways,Ministry of Railways,N24002155,Assam,4364.91,4364.91,1668.84,38.2,2023-03-01,2028-12-31,2027-12-31,2026-04-01,18,0.0,0
PAIM-618531,km. 209.827 of NH-2 PKG-01 (National Highways Authority of India [NHAI]) (618531),Infrastructure & Highways,Ministry of Railways,618531,Bihar,3665.2,3665.2,585.14,16.0,2024-03-01,2028-12-31,2028-12-31,2026-04-01,18,0.0,0
PAIM-10382,(National Highways Authority of India [NHAI]) (618531) (N24001703) (10382),Infrastructure & Highways,Ministry of Railways,N24001703,Bihar,584.06,584.06,226.0,38.7,2021-03-01,2027-12-31,2029-12-31,2026-04-01,18,0.0,0
PAIM-618532,Km. 249.525 of NH-19 PKG-02 (National Highways Authority of India [NHAI]) (618532),Infrastructure & Highways,Ministry of Railways,618532,Bihar,1271.87,1271.87,791.03,62.2,2024-03-01,2026-12-31,2027-12-31,2026-04-01,6,0.0,0
PAIM-10383,(National Highways Authority of India [NHAI]) (618532) (N24001700) (10383),Infrastructure & Highways,Ministry of Railways,N24001700,Bihar,1864.08,1864.08,1119.85,60.1,2022-03-01,2027-12-31,2028-12-31,2026-04-01,0,0.0,0
PAIM-618724,Sagrampur village From KM. 151200 to KM. 184700Package-7 (National Highways Authority of India [NHAI]) (618724),Infrastructure & Highways,Ministry of Railways,618724,Bihar,1519.62,1519.62,308.64,20.3,2021-03-01,2027-12-31,2027-12-31,2026-04-01,0,0.0,0
PAIM-10519,(National Highways Authority of India [NHAI]) (618724) (-) (10519),Infrastructure & Highways,Ministry of Railways,10519,Bihar,2870.38,2870.38,494.99,17.2,2022-03-01,2028-12-31,2028-12-31,2026-04-01,36,0.0,0
PAIM-618951,Hariharganj to Parwa Mode section from km 23.284 to km 57.049 of NH-98 (National Highways Authority of India [NHAI]) (61,Infrastructure & Highways,Ministry of Railways,618951,Bihar,552.39,552.39,71.14,12.9,2023-03-01,2027-12-31,2029-12-31,2026-04-01,12,0.0,0
PAIM-10687,(National Highways Authority of India [NHAI]) (618951) (N24001589) (10687),Infrastructure & Highways,Ministry of Railways,N24001589,Bihar,1134.36,1134.36,504.72,44.5,2023-03-01,2026-12-31,2028-12-31,2026-04-01,18,0.0,0
PAIM-618952,4L of Sahibganj - Manihari Ganga Bridge including Manihari Bypass (National Highways Authority of India [NHAI]) (618952),Infrastructure & Highways,Ministry of Railways,618952,Bihar,2707.49,2707.49,1317.01,48.6,2021-03-01,2028-12-31,2027-12-31,2026-04-01,12,0.0,0
PAIM-10688,(National Highways Authority of India [NHAI]) (618952) (N24000714) (10688),Infrastructure & Highways,Ministry of Railways,N24000714,Bihar,1063.35,1063.35,198.3,18.6,2021-03-01,2028-12-31,2027-12-31,2026-04-01,0,0.0,0
PAIM-619078,249.525 to km 320.810 (National Highways Authority of India [NHAI]) (619078),Infrastructure & Highways,Ministry of Railways,619078,Bihar,913.51,913.51,382.47,41.9,2021-03-01,2027-12-31,2027-12-31,2026-04-01,0,0.0,0
PAIM-11767,(National Highways Authority of India [NHAI]) (619078) (N24000726) (11767),Infrastructure & Highways,Ministry of Railways,N24000726,Bihar,534.13,534.13,198.15,37.1,2021-03-01,2027-12-31,2029-12-31,2026-04-01,18,0.0,0
PAIM-619307,4L of Munger  Mirzachauki section from Km 157350 to Km 193931 Pkg-4 (NHAI) (619307),Infrastructure & Highways,Ministry of Railways,619307,Bihar,1027.58,1027.58,223.98,21.8,2023-03-01,2028-12-31,2028-12-31,2026-04-01,18,0.0,0
PAIM-12097,(NHAI) (619307) (-) (12097),Infrastructure & Highways,Ministry of Railways,12097,Bihar,750.8,750.8,377.49,50.3,2024-03-01,2026-12-31,2027-12-31,2026-04-01,6,0.0,0
PAIM-618530,Six Laning of Varanasi to Aurangabad from km. 786.00 to km. 978.40 of Old NH-2 (National Highways Authority of India [NH,Infrastructure & Highways,Ministry of Railways,618530,Bihar,2122.27,2122.27,1290.46,60.8,2023-03-01,2028-12-31,2029-12-31,2026-04-01,6,0.0,0
PAIM-10381,(National Highways Authority of India [NHAI]) (618530) (N24000182) (10381),Infrastructure & Highways,Ministry of Railways,N24000182,Bihar,3502.46,3502.46,722.77,20.6,2023-03-01,2026-12-31,2029-12-31,2026-04-01,0,0.0,0
PAIM-618728,village from Km. 0.000 to Km. 27.000 - Pkg-1 (National Highways Authority of India [NHAI]) (618728),Infrastructure & Highways,Ministry of Railways,618728,Bihar,1862.54,1862.54,1299.81,69.8,2022-03-01,2026-12-31,2028-12-31,2026-04-01,12,0.0,0
PAIM-10523,(National Highways Authority of India [NHAI]) (618728) (-) (10523),Infrastructure & Highways,Ministry of Railways,10523,Bihar,510.68,510.68,129.17,25.3,2022-03-01,2026-12-31,2029-12-31,2026-04-01,18,0.0,0
PAIM-618882,Annuity Mode (National Highways Authority of India [NHAI]) (618882),Infrastructure & Highways,Ministry of Railways,618882,Uttar Pradesh,569.34,569.34,117.07,20.6,2023-03-01,2027-12-31,2028-12-31,2026-04-01,24,0.0,0
PAIM-619154,Km 117.120] on EPC Mode in the state of Uttar Pradesh. (National Highways Authority of India [NHAI]) (619154),Infrastructure & Highways,Ministry of Railways,619154,Uttar Pradesh,934.01,934.01,544.74,58.3,2024-03-01,2026-12-31,2027-12-31,2026-04-01,36,0.0,0
PAIM-11812,(National Highways Authority of India [NHAI]) (619154) (-) (11812),Infrastructure & Highways,Ministry of Railways,11812,Uttar Pradesh,907.26,907.26,132.18,14.6,2021-03-01,2027-12-31,2027-12-31,2026-04-01,24,0.0,0
PAIM-618584,at Start Point Length - 1.200 Km of NH-27 (National Highways Authority of India [NHAI]) (618584),Infrastructure & Highways,Ministry of Railways,618584,Bihar,2852.91,2852.91,384.98,13.5,2024-03-01,2027-12-31,2029-12-31,2026-04-01,12,0.0,0
PAIM-618676,Package  OD-1 (National Highways Authority of India [NHAI]) (618676),Infrastructure & Highways,Ministry of Railways,618676,Odisha,2877.24,2877.24,1983.64,68.9,2024-03-01,2026-12-31,2029-12-31,2026-04-01,0,0.0,0
PAIM-10479,(National Highways Authority of India [NHAI]) (618676) (N24001669) (10479),Infrastructure & Highways,Ministry of Railways,N24001669,Odisha,437.32,437.32,322.62,73.8,2021-03-01,2027-12-31,2028-12-31,2026-04-01,24,0.0,0
PAIM-619064,Km 128.000] (National Highways Authority of India [NHAI]) (619064),Infrastructure & Highways,Ministry of Railways,619064,Maharashtra,1887.59,1887.59,1113.35,59.0,2021-03-01,2027-12-31,2029-12-31,2026-04-01,6,0.0,0
PAIM-11759,(National Highways Authority of India [NHAI]) (619064) (N24001786) (11759),Infrastructure & Highways,Ministry of Railways,N24001786,Maharashtra,853.9,853.9,367.71,43.1,2022-03-01,2026-12-31,2028-12-31,2026-04-01,0,0.0,0
PAIM-618577,Dwarka Expressway Pkg-III Delhi/HR Border to Start of RoB Gurugram (National Highways Authority of India [NHAI]) (618577,Infrastructure & Highways,Ministry of Railways,618577,Maharashtra,625.88,625.88,317.29,50.7,2021-03-01,2026-12-31,2029-12-31,2026-04-01,6,0.0,0
PAIM-10413,(National Highways Authority of India [NHAI]) (618577) (-) (10413),Infrastructure & Highways,Ministry of Railways,10413,Haryana,1355.34,1355.34,1054.67,77.8,2023-03-01,2027-12-31,2029-12-31,2026-04-01,6,0.0,0
PAIM-619122,Akshardham - DL/UP Border Pkg-01 (National Highways Authority of India [NHAI]) (619122),Infrastructure & Highways,Ministry of Railways,619122,Uttar Pradesh,1873.78,1873.78,1267.94,67.7,2023-03-01,2026-12-31,2029-12-31,2026-04-01,24,0.0,0
PAIM-11791,(National Highways Authority of India [NHAI]) (619122) (N24001771) (11791),Infrastructure & Highways,Ministry of Railways,N24001771,Uttar Pradesh,1957.34,1957.34,855.34,43.7,2024-03-01,2026-12-31,2029-12-31,2026-04-01,0,0.0,0
PAIM-618942,from Km 70.800 to  km 84.120 of Khanapur- KA/GOA Border section of NH-4A (National Highways Authority of India [NHAI]) (,Infrastructure & Highways,Ministry of Railways,618942,Maharashtra,3163.4,3163.4,1902.65,60.1,2021-03-01,2027-12-31,2028-12-31,2026-04-01,36,0.0,0
PAIM-618637,Bal. Works of Fagne Km. 510.000 to Maharashtra/Gujarat Border Km. 650.794 (National Highways Authority of India [NHAI]) ,Infrastructure & Highways,Ministry of Railways,618637,Maharashtra,1021.06,1021.06,465.8,45.6,2024-03-01,2028-12-31,2027-12-31,2026-04-01,36,0.0,0
PAIM-10455,(National Highways Authority of India [NHAI]) (618637) (N24001804) (10455),Infrastructure & Highways,Ministry of Railways,N24001804,Maharashtra,1197.9,1197.9,670.9,56.0,2024-03-01,2027-12-31,2028-12-31,2026-04-01,36,0.0,0
PAIM-618486,Patran road SH-10 near Ghagga village Km 120250 to Km 157920 (National Highways Authority of India [NHAI]) (618486),Infrastructure & Highways,Ministry of Railways,618486,Haryana,2420.19,2420.19,1926.82,79.6,2021-03-01,2027-12-31,2027-12-31,2026-04-01,12,0.0,0
PAIM-10344,(National Highways Authority of India [NHAI]) (618486) (N24001632) (10344),Infrastructure & Highways,Ministry of Railways,N24001632,Haryana,3780.09,3780.09,2269.28,60.0,2022-03-01,2027-12-31,2027-12-31,2026-04-01,12,0.0,0
PAIM-618760,Km 27.910 Pkg-02 (National Highways Authority of India [NHAI]) (618760),Infrastructure & Highways,Ministry of Railways,618760,Haryana,3930.16,3930.16,1900.62,48.4,2023-03-01,2027-12-31,2028-12-31,2026-04-01,6,0.0,0
PAIM-10542,(National Highways Authority of India [NHAI]) (618760) (N24001638) (10542),Infrastructure & Highways,Ministry of Railways,N24001638,Haryana,4204.11,4204.11,2088.48,49.7,2021-03-01,2027-12-31,2028-12-31,2026-04-01,12,0.0,0
PAIM-618935,4L  Ambala - Kalaamb from Km. -0.800 to Km. 33.015 of old NH-72 (National Highways Authority of India [NHAI]) (618935),Infrastructure & Highways,Ministry of Railways,618935,Haryana,2826.72,2826.72,1727.75,61.1,2023-03-01,2027-12-31,2028-12-31,2026-04-01,24,0.0,0
PAIM-10676,(National Highways Authority of India [NHAI]) (618935) (N24002044) (10676),Infrastructure & Highways,Ministry of Railways,N24002044,Haryana,600.92,600.92,438.78,73.0,2023-03-01,2028-12-31,2027-12-31,2026-04-01,12,0.0,0
PAIM-619093,4L Ismailabad to Ambala Section of NH-152 Lot-4/Package-1 (National Highways Authority of India [NHAI]) (619093),Infrastructure & Highways,Ministry of Railways,619093,Haryana,2433.84,2433.84,1368.28,56.2,2022-03-01,2026-12-31,2028-12-31,2026-04-01,6,0.0,0
PAIM-619134,Km. 11.157 (National Highways Authority of India [NHAI]) (619134),Infrastructure & Highways,Ministry of Railways,619134,Haryana,390.59,390.59,67.72,17.3,2023-03-01,2026-12-31,2029-12-31,2026-04-01,6,0.0,0
PAIM-11802,(National Highways Authority of India [NHAI]) (619134) (N24002098) (11802),Infrastructure & Highways,Ministry of Railways,N24002098,Haryana,2772.0,2772.0,1563.73,56.4,2023-03-01,2027-12-31,2029-12-31,2026-04-01,18,0.0,0
PAIM-619216,section of Shamli -Ambala Package-III Design Ch. Form km 84.400 to km 121.786 (National Highways Authority of India [NHA,Infrastructure & Highways,Ministry of Railways,619216,Haryana,3986.51,3986.51,3213.11,80.6,2022-03-01,2027-12-31,2027-12-31,2026-04-01,18,0.0,0
PAIM-11906,(National Highways Authority of India [NHAI]) (619216) (-) (11906),Infrastructure & Highways,Ministry of Railways,11906,Haryana,4340.42,4340.42,2705.77,62.3,2021-03-01,2027-12-31,2028-12-31,2026-04-01,12,0.0,0
PAIM-618505,KM 273.00 (National Highways Authority of India [NHAI]) (618505),Infrastructure & Highways,Ministry of Railways,618505,Rajasthan,1659.54,1659.54,609.14,36.7,2022-03-01,2026-12-31,2028-12-31,2026-04-01,12,0.0,0
PAIM-618691,of NH-334D (National Highways Authority of India [NHAI]) (618691),Infrastructure & Highways,Ministry of Railways,618691,Haryana,4213.08,4213.08,2862.27,67.9,2021-03-01,2028-12-31,2027-12-31,2026-04-01,6,0.0,0
PAIM-10492,(National Highways Authority of India [NHAI]) (618691) (-) (10492),Infrastructure & Highways,Ministry of Railways,10492,Haryana,2014.3,2014.3,711.74,35.3,2024-03-01,2026-12-31,2027-12-31,2026-04-01,6,0.0,0
PAIM-618723,section of Shamli -Ambala Package-II Design Ch. Form km 45.500 to km 84.400 (National Highways Authority of India [NHAI],Infrastructure & Highways,Ministry of Railways,618723,Haryana,3374.75,3374.75,762.64,22.6,2022-03-01,2027-12-31,2028-12-31,2026-04-01,0,0.0,0
PAIM-10518,(National Highways Authority of India [NHAI]) (618723) (N24002040) (10518),Infrastructure & Highways,Ministry of Railways,N24002040,Haryana,3374.71,3374.71,2028.17,60.1,2023-03-01,2028-12-31,2029-12-31,2026-04-01,36,0.0,0
PAIM-619068,Faridabad-Ballabhgarh Bypass KMP Link - Spur to Delhi Mumbai Expressway (National Highways Authority of India [NHAI]) (6,Infrastructure & Highways,Ministry of Railways,619068,Haryana,1891.42,1891.42,489.6,25.9,2024-03-01,2026-12-31,2027-12-31,2026-04-01,6,0.0,0
PAIM-11762,(National Highways Authority of India [NHAI]) (619068) (N24002048) (11762),Infrastructure & Highways,Ministry of Railways,N24002048,Haryana,279.41,279.41,161.82,57.9,2023-03-01,2027-12-31,2027-12-31,2026-04-01,24,0.0,0
PAIM-618907,2L/4L of Hoshiarpur to Una section including Hoshiarpur Bypass of NH 503A (National Highways Authority of India [NHAI]) ,Infrastructure & Highways,Ministry of Railways,618907,Punjab,2093.58,2093.58,728.82,34.8,2023-03-01,2026-12-31,2027-12-31,2026-04-01,18,0.0,0
PAIM-619291,4L Poanta SahebMednipur from Km. 435.65 to km. 458.65 of NH-07Pkg-1 (NHAI) (619291),Infrastructure & Highways,Ministry of Railways,619291,Punjab,2962.35,2962.35,2374.77,80.2,2024-03-01,2027-12-31,2027-12-31,2026-04-01,18,0.0,0
PAIM-12092,(NHAI) (619291) (-) (12092),Infrastructure & Highways,Ministry of Railways,12092,Punjab,3977.37,3977.37,1416.95,35.6,2022-03-01,2028-12-31,2027-12-31,2026-04-01,12,0.0,0
PAIM-619066,Gurha Baildaran km 423500 to km 468100 (National Highways Authority of India [NHAI]) (619066),Infrastructure & Highways,Ministry of Railways,619066,Punjab,3823.25,3823.25,3049.33,79.8,2024-03-01,2027-12-31,2027-12-31,2026-04-01,0,0.0,0
PAIM-11761,(National Highways Authority of India [NHAI]) (619066) (N24001551) (11761),Infrastructure & Highways,Ministry of Railways,N24001551,Punjab,4032.57,4032.57,1570.78,39.0,2023-03-01,2026-12-31,2029-12-31,2026-04-01,24,0.0,0
PAIM-618828,4L from Km 219.600 Khajuri to Km 260.483 Wyndhamganj on NH-75 Sec-V (National Highways Authority of India [NHAI]) (61882,Infrastructure & Highways,Ministry of Railways,618828,Punjab,4395.59,4395.59,3551.14,80.8,2023-03-01,2028-12-31,2028-12-31,2026-04-01,6,0.0,0
PAIM-10592,(National Highways Authority of India [NHAI]) (618828) (N24002053) (10592),Infrastructure & Highways,Ministry of Railways,N24002053,Multi-State,1745.62,1745.62,292.01,16.7,2021-03-01,2026-12-31,2029-12-31,2026-04-01,0,0.0,0
PAIM-618533,Barwa Adda Km. 398.240 to Panagarh Km. 521.120 (National Highways Authority of India [NHAI]) (618533),Infrastructure & Highways,Ministry of Railways,618533,Multi-State,2009.88,2009.88,1175.41,58.5,2022-03-01,2027-12-31,2027-12-31,2026-04-01,0,0.0,0
PAIM-10384,(National Highways Authority of India [NHAI]) (618533) (N24000515) (10384),Infrastructure & Highways,Ministry of Railways,N24000515,Multi-State,584.96,584.96,133.28,22.8,2023-03-01,2027-12-31,2029-12-31,2026-04-01,36,0.0,0
PAIM-618734,village to Kamlapur villageJH/WB border  from km 358.500 to km 387.200 Pkg -13 (National Highways Authority of India [NH,Infrastructure & Highways,Ministry of Railways,618734,Multi-State,2067.79,2067.79,880.33,42.6,2021-03-01,2028-12-31,2028-12-31,2026-04-01,12,0.0,0
PAIM-10524,(National Highways Authority of India [NHAI]) (618734) (-) (10524),Infrastructure & Highways,Ministry of Railways,10524,Multi-State,2101.9,2101.9,1215.51,57.8,2023-03-01,2028-12-31,2027-12-31,2026-04-01,0,0.0,0
PAIM-618909,Chandil Junction with NH-33 km. 153.705 of Old NH-32 (National Highways Authority of India [NHAI]) (618909),Infrastructure & Highways,Ministry of Railways,618909,Multi-State,1845.12,1845.12,1012.77,54.9,2021-03-01,2026-12-31,2029-12-31,2026-04-01,36,0.0,0
PAIM-10656,(National Highways Authority of India [NHAI]) (618909) (N24000788) (10656),Infrastructure & Highways,Ministry of Railways,N24000788,Multi-State,4198.08,4198.08,2105.98,50.2,2023-03-01,2026-12-31,2028-12-31,2026-04-01,24,0.0,0
PAIM-618948,existing km 283.00 design km 274.133 in the state of Jharkhand  package - II (National Highways Authority of India [NHAI,Infrastructure & Highways,Ministry of Railways,618948,Multi-State,2642.18,2642.18,382.05,14.5,2021-03-01,2028-12-31,2028-12-31,2026-04-01,18,0.0,0
PAIM-619104,56.889 of Old NH-32 (National Highways Authority of India [NHAI]) (619104),Infrastructure & Highways,Ministry of Railways,619104,Multi-State,4237.19,4237.19,2873.74,67.8,2022-03-01,2028-12-31,2029-12-31,2026-04-01,36,0.0,0
PAIM-619205,Six Laning of KT/KL Border Thalapaddy -Chengala from Km. 17.200 to Km. 57.20 (National Highways Authority of India [NHAI,Infrastructure & Highways,Ministry of Railways,619205,Karnataka,1436.48,1436.48,201.34,14.0,2022-03-01,2028-12-31,2029-12-31,2026-04-01,0,0.0,0
PAIM-11895,(National Highways Authority of India [NHAI]) (619205) (-) (11895),Infrastructure & Highways,Ministry of Railways,11895,Karnataka,2232.0,2232.0,433.84,19.4,2022-03-01,2028-12-31,2028-12-31,2026-04-01,18,0.0,0
PAIM-618515,Pkg-I (National Highways Authority of India [NHAI]) (618515),Infrastructure & Highways,Ministry of Railways,618515,Maharashtra,3628.87,3628.87,365.95,10.1,2021-03-01,2027-12-31,2027-12-31,2026-04-01,36,0.0,0
PAIM-10369,(National Highways Authority of India [NHAI]) (618515) (N24001679) (10369),Infrastructure & Highways,Ministry of Railways,N24001679,Maharashtra,3341.95,3341.95,2349.82,70.3,2024-03-01,2028-12-31,2028-12-31,2026-04-01,12,0.0,0
PAIM-618516,NH-48 Pkg-II (National Highways Authority of India [NHAI]) (618516),Infrastructure & Highways,Ministry of Railways,618516,Maharashtra,3244.91,3244.91,368.22,11.3,2023-03-01,2026-12-31,2029-12-31,2026-04-01,24,0.0,0
PAIM-10370,(National Highways Authority of India [NHAI]) (618516) (N24001598) (10370),Infrastructure & Highways,Ministry of Railways,N24001598,Maharashtra,3747.8,3747.8,1169.36,31.2,2021-03-01,2028-12-31,2027-12-31,2026-04-01,24,0.0,0
PAIM-618636,NH-150C part of Akkalkot  KN/TS Border section Package  XIV (National Highways Authority of India [NHAI]) (618636),Infrastructure & Highways,Ministry of Railways,618636,Maharashtra,316.62,316.62,82.55,26.1,2024-03-01,2026-12-31,2029-12-31,2026-04-01,0,0.0,0
PAIM-10454,(National Highways Authority of India [NHAI]) (618636) (-) (10454),Infrastructure & Highways,Ministry of Railways,10454,Maharashtra,3937.39,3937.39,548.71,13.9,2023-03-01,2028-12-31,2028-12-31,2026-04-01,6,0.0,0
PAIM-618519,to TN/KNT border from km 144.480 to 179.969 (National Highways Authority of India [NHAI]) (618519),Infrastructure & Highways,Ministry of Railways,618519,Karnataka,3016.04,3016.04,1651.64,54.8,2021-03-01,2027-12-31,2027-12-31,2026-04-01,18,0.0,0
PAIM-10373,(National Highways Authority of India [NHAI]) (618519) (N24001968) (10373),Infrastructure & Highways,Ministry of Railways,N24001968,Karnataka,4097.34,4097.34,2134.99,52.1,2021-03-01,2028-12-31,2029-12-31,2026-04-01,24,0.0,0
PAIM-618581,Hosur to Dhamrapuri Pkg-1 [Neraluru - Thorapalli Agraharam] (National Highways Authority of India [NHAI]) (618581),Infrastructure & Highways,Ministry of Railways,618581,Karnataka,1569.8,1569.8,882.2,56.2,2022-03-01,2028-12-31,2029-12-31,2026-04-01,18,0.0,0
PAIM-10417,(National Highways Authority of India [NHAI]) (618581) (N24001693) (10417),Infrastructure & Highways,Ministry of Railways,N24001693,Karnataka,276.89,276.89,104.04,37.6,2022-03-01,2027-12-31,2028-12-31,2026-04-01,0,0.0,0
PAIM-618631,to Km. 203.100 in Raichur of NH-150C Pkg-IV (National Highways Authority of India [NHAI]) (618631),Infrastructure & Highways,Ministry of Railways,618631,Karnataka,4478.22,4478.22,1395.6,31.2,2022-03-01,2028-12-31,2029-12-31,2026-04-01,18,0.0,0
PAIM-10450,(National Highways Authority of India [NHAI]) (618631) (-) (10450),Infrastructure & Highways,Ministry of Railways,10450,Karnataka,1841.03,1841.03,1077.51,58.5,2021-03-01,2027-12-31,2027-12-31,2026-04-01,12,0.0,0
PAIM-618632,Km 202.900 to Km 242.200 Pkg-1 (National Highways Authority of India [NHAI]) (618632),Infrastructure & Highways,Ministry of Railways,618632,Karnataka,209.86,209.86,120.79,57.6,2023-03-01,2026-12-31,2029-12-31,2026-04-01,18,0.0,0
PAIM-10451,(National Highways Authority of India [NHAI]) (618632) (N24001626) (10451),Infrastructure & Highways,Ministry of Railways,N24001626,Karnataka,3397.35,3397.35,1810.36,53.3,2022-03-01,2026-12-31,2027-12-31,2026-04-01,18,0.0,0
PAIM-619097,Thalassery Mahe Bypass Km 170.600 to Km 189.200 of NH-17New NH-66 in Kerala (National Highways Authority of India [NHAI],Infrastructure & Highways,Ministry of Railways,619097,Multi-State,1225.51,1225.51,367.81,30.0,2024-03-01,2026-12-31,2028-12-31,2026-04-01,0,0.0,0
PAIM-619101,Boregaon Buzurg to Muktainagar (National Highways Authority of India [NHAI]) (619101),Infrastructure & Highways,Ministry of Railways,619101,Maharashtra,2273.09,2273.09,1379.23,60.7,2023-03-01,2026-12-31,2028-12-31,2026-04-01,18,0.0,0
PAIM-11779,(National Highways Authority of India [NHAI]) (619101) (-) (11779),Infrastructure & Highways,Ministry of Railways,11779,Maharashtra,3550.75,3550.75,2708.85,76.3,2021-03-01,2028-12-31,2027-12-31,2026-04-01,0,0.0,0
PAIM-618556,Lakhnadon section of NH-44 NS (National Highways Authority of India [NHAI]) (618556),Infrastructure & Highways,Ministry of Railways,618556,Uttar Pradesh,1172.41,1172.41,198.75,17.0,2022-03-01,2027-12-31,2027-12-31,2026-04-01,36,0.0,0
PAIM-10402,(National Highways Authority of India [NHAI]) (618556) (-) (10402),Infrastructure & Highways,Ministry of Railways,10402,Uttar Pradesh,982.08,982.08,800.29,81.5,2024-03-01,2026-12-31,2028-12-31,2026-04-01,6,0.0,0
PAIM-618668,168.630 Package-4 (National Highways Authority of India [NHAI]) (618668),Infrastructure & Highways,Ministry of Railways,618668,Maharashtra,2794.9,2794.9,1380.46,49.4,2021-03-01,2028-12-31,2028-12-31,2026-04-01,0,0.0,0
PAIM-10473,(National Highways Authority of India [NHAI]) (618668) (-) (10473),Infrastructure & Highways,Ministry of Railways,10473,Maharashtra,4457.6,4457.6,2730.29,61.3,2023-03-01,2028-12-31,2029-12-31,2026-04-01,6,0.0,0
PAIM-618624,Mangloor to Telangana Maharashtra Border (National Highways Authority of India [NHAI]) (618624),Infrastructure & Highways,Ministry of Railways,618624,Maharashtra,1835.51,1835.51,895.85,48.8,2022-03-01,2027-12-31,2029-12-31,2026-04-01,12,0.0,0
PAIM-10448,(National Highways Authority of India [NHAI]) (618624) (-) (10448),Infrastructure & Highways,Ministry of Railways,10448,Maharashtra,1662.77,1662.77,1389.79,83.6,2023-03-01,2028-12-31,2029-12-31,2026-04-01,6,0.0,0
PAIM-618938,of NH-353B (National Highways Authority of India [NHAI]) (618938),Infrastructure & Highways,Ministry of Railways,618938,Maharashtra,482.27,482.27,333.93,69.2,2022-03-01,2026-12-31,2029-12-31,2026-04-01,12,0.0,0
PAIM-10679,(National Highways Authority of India [NHAI]) (618938) (N24001796) (10679),Infrastructure & Highways,Ministry of Railways,N24001796,Maharashtra,4442.8,4442.8,2176.84,49.0,2021-03-01,2026-12-31,2027-12-31,2026-04-01,18,0.0,0
PAIM-618941,19.000 to km 51.985 (National Highways Authority of India [NHAI]) (618941),Infrastructure & Highways,Ministry of Railways,618941,Maharashtra,1815.85,1815.85,265.72,14.6,2023-03-01,2027-12-31,2029-12-31,2026-04-01,18,0.0,0
PAIM-10680,(National Highways Authority of India [NHAI]) (618941) (-) (10680),Infrastructure & Highways,Ministry of Railways,10680,Maharashtra,2656.74,2656.74,1467.9,55.3,2024-03-01,2028-12-31,2027-12-31,2026-04-01,0,0.0,0
PAIM-618844,Viluppuram Km.0.000 to Puducherry Km.29.000 (National Highways Authority of India [NHAI]) (618844),Infrastructure & Highways,Ministry of Railways,618844,Maharashtra,571.84,571.84,119.67,20.9,2023-03-01,2027-12-31,2029-12-31,2026-04-01,0,0.0,0
PAIM-10603,(National Highways Authority of India [NHAI]) (618844) (-) (10603),Infrastructure & Highways,Ministry of Railways,10603,Maharashtra,4273.91,4273.91,557.41,13.0,2022-03-01,2028-12-31,2027-12-31,2026-04-01,0,0.0,0
PAIM-618845,Puducherry Km.29.000 to Poondiyankuppam Km.67.000 (National Highways Authority of India [NHAI]) (618845),Infrastructure & Highways,Ministry of Railways,618845,Multi-State,1168.14,1168.14,502.87,43.0,2024-03-01,2026-12-31,2027-12-31,2026-04-01,18,0.0,0
PAIM-10604,(National Highways Authority of India [NHAI]) (618845) (N24001429) (10604),Infrastructure & Highways,Ministry of Railways,N24001429,Multi-State,2757.34,2757.34,2036.42,73.9,2024-03-01,2026-12-31,2029-12-31,2026-04-01,24,0.0,0
PAIM-618847,Sattanathapuram to Nagapattinam from Km 123.800 to Km 179.555 (National Highways Authority of India [NHAI]) (618847),Infrastructure & Highways,Ministry of Railways,618847,Multi-State,2461.63,2461.63,1013.71,41.2,2023-03-01,2028-12-31,2028-12-31,2026-04-01,6,0.0,0
PAIM-10606,(National Highways Authority of India [NHAI]) (618847) (N24001431) (10606),Infrastructure & Highways,Ministry of Railways,N24001431,Multi-State,4200.07,4200.07,3306.96,78.7,2022-03-01,2026-12-31,2028-12-31,2026-04-01,6,0.0,0
PAIM-618755,180.200 in Prayagraj (National Highways Authority of India [NHAI]) (618755),Infrastructure & Highways,Ministry of Railways,618755,Rajasthan,371.78,371.78,239.32,64.4,2024-03-01,2026-12-31,2029-12-31,2026-04-01,18,0.0,0
PAIM-618711,Km to 41.820 Km of Delhi- Dehradun Economic Corridor package-2 (National Highways Authority of India [NHAI]) (618711),Infrastructure & Highways,Ministry of Railways,618711,Delhi,3366.63,3366.63,1355.43,40.3,2021-03-01,2028-12-31,2029-12-31,2026-04-01,24,0.0,0
PAIM-10506,(National Highways Authority of India [NHAI]) (618711) (N24001629) (10506),Infrastructure & Highways,Ministry of Railways,N24001629,Delhi,2266.73,2266.73,289.59,12.8,2023-03-01,2026-12-31,2028-12-31,2026-04-01,18,0.0,0
PAIM-618783,4-laning of Pilibhit - Sitarganj from Km. 32.500 to Km. 70.800 Pkg-2 of NH-30 (National Highways Authority of India [NHA,Infrastructure & Highways,Ministry of Railways,618783,Multi-State,2553.76,2553.76,2160.3,84.6,2024-03-01,2028-12-31,2029-12-31,2026-04-01,0,0.0,0
PAIM-10558,(National Highways Authority of India [NHAI]) (618783) (-) (10558),Infrastructure & Highways,Ministry of Railways,10558,Multi-State,1875.78,1875.78,748.64,39.9,2021-03-01,2028-12-31,2027-12-31,2026-04-01,36,0.0,0
PAIM-618886,NH-334 from Km 143000 to Km 196000 (National Highways Authority of India [NHAI]) (618886),Infrastructure & Highways,Ministry of Railways,618886,Multi-State,3119.56,3119.56,1517.41,48.6,2023-03-01,2027-12-31,2027-12-31,2026-04-01,6,0.0,0
PAIM-618912,Uttar Pradesh & Uttarakhand (National Highways Authority of India [NHAI]) (618912),Infrastructure & Highways,Ministry of Railways,618912,Uttar Pradesh,1869.32,1869.32,1243.19,66.5,2022-03-01,2028-12-31,2028-12-31,2026-04-01,6,0.0,0
PAIM-10659,(National Highways Authority of India [NHAI]) (618912) (-) (10659),Infrastructure & Highways,Ministry of Railways,10659,Uttar Pradesh,4296.51,4296.51,544.26,12.7,2024-03-01,2027-12-31,2028-12-31,2026-04-01,24,0.0,0
PAIM-618928,"14.490 Km., Starts from Ch. 38770 and ends at Ch. 53260 existing Ch. 05560 (National Highways Authority of India [NHAI])",Infrastructure & Highways,Ministry of Railways,618928,Multi-State,3146.3,3146.3,431.37,13.7,2022-03-01,2028-12-31,2029-12-31,2026-04-01,18,0.0,0
PAIM-10672,(National Highways Authority of India [NHAI]) (618928) (N24002093) (10672),Infrastructure & Highways,Ministry of Railways,N24002093,Multi-State,1027.62,1027.62,718.58,69.9,2021-03-01,2028-12-31,2028-12-31,2026-04-01,12,0.0,0
PAIM-618969,4/6L of  Spur to Haridwar Greenfield from Km. 0.000 to Km. 50.70 (National Highways Authority of India [NHAI]) (618969),Infrastructure & Highways,Ministry of Railways,618969,Multi-State,1998.29,1998.29,941.77,47.1,2024-03-01,2027-12-31,2028-12-31,2026-04-01,12,0.0,0
PAIM-10699,(National Highways Authority of India [NHAI]) (618969) (N24001628) (10699),Infrastructure & Highways,Ministry of Railways,N24001628,Multi-State,1611.84,1611.84,1025.73,63.6,2024-03-01,2027-12-31,2028-12-31,2026-04-01,0,0.0,0
PAIM-619217,4L of Haridwar-Nagina section from km. 0.00 to km. 71.614 of NH-74 (National Highways Authority of India [NHAI]) (619217,Infrastructure & Highways,Ministry of Railways,619217,Multi-State,3533.9,3533.9,1317.84,37.3,2022-03-01,2027-12-31,2028-12-31,2026-04-01,18,0.0,0
PAIM-10263,(NHIDCL) (618328) (N24001278) (10263),Infrastructure & Highways,Ministry of Railways,N24001278,Multi-State,4055.51,4055.51,2039.56,50.3,2022-03-01,2028-12-31,2029-12-31,2026-04-01,24,0.0,0
PAIM-10264,(NHIDCL) (618329) (N24001281) (10264),Infrastructure & Highways,Ministry of Railways,N24001281,Multi-State,2683.54,2683.54,1690.32,63.0,2022-03-01,2027-12-31,2028-12-31,2026-04-01,6,0.0,0
PAIM-617898,Odisha (MoRTH) (617898),Infrastructure & Highways,Ministry of Railways,617898,Odisha,3549.28,3549.28,1928.45,54.3,2024-03-01,2028-12-31,2027-12-31,2026-04-01,6,0.0,0
PAIM-617899,Mangalpur section of NH 20 in the state of Odisha on Annual Plan 2021-22 (MoRTH) (617899),Infrastructure & Highways,Ministry of Railways,617899,Odisha,2431.39,2431.39,1437.74,59.1,2024-03-01,2026-12-31,2029-12-31,2026-04-01,36,0.0,0
PAIM-10133,(MoRTH) (617899) (N24002136) (10133),Infrastructure & Highways,Ministry of Railways,N24002136,Odisha,1216.78,1216.78,226.66,18.6,2021-03-01,2026-12-31,2029-12-31,2026-04-01,36,0.0,0
PAIM-617902,construction or By-pass road on NH-26 for Nabrangpur Town (MoRTH) (617902),Infrastructure & Highways,Ministry of Railways,617902,Odisha,3666.1,3666.1,1514.43,41.3,2021-03-01,2028-12-31,2027-12-31,2026-04-01,24,0.0,0
PAIM-617904,79/800 Design km 11/670 of NH-26 in the State of Odisha. (MoRTH) (617904),Infrastructure & Highways,Ministry of Railways,617904,Odisha,3565.37,3565.37,1717.23,48.2,2021-03-01,2027-12-31,2029-12-31,2026-04-01,18,0.0,0
PAIM-617905,EPC mode under Annual Plan 2021-22 (MoRTH) (617905),Infrastructure & Highways,Ministry of Railways,617905,Odisha,4371.09,4371.09,3559.88,81.4,2022-03-01,2027-12-31,2027-12-31,2026-04-01,18,0.0,0
PAIM-617920,Odisha. Job No. NH-55-OD-2022-23-656 (MoRTH) (617920),Infrastructure & Highways,Ministry of Railways,617920,Odisha,2154.65,2154.65,1522.9,70.7,2024-03-01,2028-12-31,2027-12-31,2026-04-01,12,0.0,0
PAIM-10138,(MoRTH) (617920) (-) (10138),Infrastructure & Highways,Ministry of Railways,10138,Odisha,2148.48,2148.48,1695.63,78.9,2023-03-01,2027-12-31,2028-12-31,2026-04-01,12,0.0,0
PAIM-617921,277/500 to 318/970 of NH-55 in the State of Odisha under Annual Plan 2021-22. (MoRTH) (617921),Infrastructure & Highways,Ministry of Railways,617921,Odisha,1422.82,1422.82,1004.08,70.6,2024-03-01,2026-12-31,2027-12-31,2026-04-01,6,0.0,0
PAIM-617922,Plan 2022-23 for the state of Odisha Job No.NH-49-OD-2022-23-655 (MoRTH) (617922),Infrastructure & Highways,Ministry of Railways,617922,Odisha,642.09,642.09,475.46,74.0,2022-03-01,2026-12-31,2028-12-31,2026-04-01,6,0.0,0
PAIM-10139,(MoRTH) (617922) (-) (10139),Infrastructure & Highways,Ministry of Railways,10139,Odisha,3331.13,3331.13,2755.36,82.7,2024-03-01,2026-12-31,2028-12-31,2026-04-01,12,0.0,0
PAIM-617923,land acquisition in the state of Odisha on EPC mode under Annual Plan 2022-23. (MoRTH) (617923),Infrastructure & Highways,Ministry of Railways,617923,Odisha,2353.57,2353.57,1404.61,59.7,2024-03-01,2028-12-31,2028-12-31,2026-04-01,18,0.0,0
PAIM-617924,including land acquisition in the state of Odisha. (MoRTH) (617924),Infrastructure & Highways,Ministry of Railways,617924,Odisha,641.83,641.83,212.91,33.2,2021-03-01,2028-12-31,2027-12-31,2026-04-01,36,0.0,0
PAIM-617925,including LA in the State of Odisha on EPC mode. (MoRTH) (617925),Infrastructure & Highways,Ministry of Railways,617925,Odisha,1658.57,1658.57,528.32,31.9,2022-03-01,2028-12-31,2027-12-31,2026-04-01,6,0.0,0
PAIM-617930,Berhampur town including 4-lane RoB in the state of Odisha. (MoRTH) (617930),Infrastructure & Highways,Ministry of Railways,617930,Odisha,3205.28,3205.28,797.28,24.9,2023-03-01,2028-12-31,2029-12-31,2026-04-01,36,0.0,0
PAIM-618003,2033-34 (MoRTH) (618003),Infrastructure & Highways,Ministry of Railways,618003,Odisha,3544.32,3544.32,1051.81,29.7,2023-03-01,2026-12-31,2029-12-31,2026-04-01,0,0.0,0
PAIM-618012,section of NH 326 in the State of Odisha under Annual Plan 2021.22. (MoRTH) (618012),Infrastructure & Highways,Ministry of Railways,618012,Odisha,3558.7,3558.7,2075.62,58.3,2024-03-01,2026-12-31,2027-12-31,2026-04-01,0,0.0,0
PAIM-618079,state of Odisha on EPC Mode under Annual plan 2022-23. (MoRTH) (618079),Infrastructure & Highways,Ministry of Railways,618079,Odisha,4179.15,4179.15,2627.15,62.9,2022-03-01,2026-12-31,2028-12-31,2026-04-01,18,0.0,0
PAIM-618122,Plan 2021-22. (MoRTH) (618122),Infrastructure & Highways,Ministry of Railways,618122,Odisha,1989.24,1989.24,656.98,33.0,2022-03-01,2027-12-31,2029-12-31,2026-04-01,18,0.0,0
PAIM-618523,Bhadrak KM 136.500 to Baleshwar KM 199.141 (National Highways Authority of India [NHAI]) (618523),Infrastructure & Highways,Ministry of Railways,618523,Odisha,742.51,742.51,129.28,17.4,2021-03-01,2028-12-31,2029-12-31,2026-04-01,24,0.0,0
PAIM-10376,(National Highways Authority of India [NHAI]) (618523) (N24000738) (10376),Infrastructure & Highways,Ministry of Railways,N24000738,Odisha,2271.14,2271.14,490.49,21.6,2024-03-01,2027-12-31,2028-12-31,2026-04-01,24,0.0,0
PAIM-618591,"Earlier NH-6 in Sambalpur, on EPC mode in Odisha under NHO (National Highways Authority of India [NHAI]) (618591)",Infrastructure & Highways,Ministry of Railways,618591,Odisha,1447.61,1447.61,1187.6,82.0,2023-03-01,2028-12-31,2028-12-31,2026-04-01,12,0.0,0
PAIM-618592,at Km.215.270 in Baharagora-Singhara section of NH-49 (National Highways Authority of India [NHAI]) (618592),Infrastructure & Highways,Ministry of Railways,618592,Odisha,1611.84,1611.84,1141.41,70.8,2023-03-01,2028-12-31,2029-12-31,2026-04-01,6,0.0,0
PAIM-618593,Bangriposi Ghat section in the State of Odisha on EPC Mode (National Highways Authority of India [NHAI]) (618593),Infrastructure & Highways,Ministry of Railways,618593,Odisha,771.23,771.23,508.07,65.9,2022-03-01,2027-12-31,2029-12-31,2026-04-01,18,0.0,0
PAIM-618677,km 293000 Package  OD-5 (National Highways Authority of India [NHAI]) (618677),Infrastructure & Highways,Ministry of Railways,618677,Odisha,1578.74,1578.74,1080.27,68.4,2022-03-01,2028-12-31,2029-12-31,2026-04-01,18,0.0,0
PAIM-10480,(National Highways Authority of India [NHAI]) (618677) (N24001667) (10480),Infrastructure & Highways,Ministry of Railways,N24001667,Odisha,4428.53,4428.53,1268.79,28.7,2021-03-01,2026-12-31,2027-12-31,2026-04-01,12,0.0,0
PAIM-618678,km 338500 Package  OD-6 (National Highways Authority of India [NHAI]) (618678),Infrastructure & Highways,Ministry of Railways,618678,Odisha,2643.97,2643.97,956.15,36.2,2024-03-01,2027-12-31,2027-12-31,2026-04-01,0,0.0,0
PAIM-10481,(National Highways Authority of India [NHAI]) (618678) (N24001678) (10481),Infrastructure & Highways,Ministry of Railways,N24001678,Odisha,1718.57,1718.57,860.86,50.1,2021-03-01,2028-12-31,2029-12-31,2026-04-01,0,0.0,0
PAIM-618680,365033 Package-OD-8 (National Highways Authority of India [NHAI]) (618680),Infrastructure & Highways,Ministry of Railways,618680,Odisha,1615.36,1615.36,1166.66,72.2,2023-03-01,2028-12-31,2028-12-31,2026-04-01,24,0.0,0
PAIM-10483,(National Highways Authority of India [NHAI]) (618680) (N24001665) (10483),Infrastructure & Highways,Ministry of Railways,N24001665,Odisha,1436.14,1436.14,540.32,37.6,2022-03-01,2027-12-31,2028-12-31,2026-04-01,18,0.0,0
PAIM-618704,Corridor of Angul  Sambalpur Section of NH-42 New NH-55 Km.202.533 (National Highways Authority of India [NHAI]) (618704,Infrastructure & Highways,Ministry of Railways,618704,Odisha,3834.02,3834.02,2904.78,75.8,2022-03-01,2028-12-31,2029-12-31,2026-04-01,0,0.0,0
PAIM-12085,(National Highways Authority of India [NHAI]) (618705) (-) (12085),Infrastructure & Highways,Ministry of Railways,12085,Odisha,3042.28,3042.28,2424.33,79.7,2023-03-01,2027-12-31,2029-12-31,2026-04-01,24,0.0,0
PAIM-618819,Balance work of Panikoili Rimoli Section of new NH-20 from Km 0.00 to Km. 163.000 (National Highways Authority of India ,Infrastructure & Highways,Ministry of Railways,618819,Odisha,2479.2,2479.2,621.92,25.1,2022-03-01,2026-12-31,2028-12-31,2026-04-01,6,0.0,0
PAIM-618820,NH-53 Old NH  5A from Km.39.000 to Km.60.00 Package-3 (National Highways Authority of India [NHAI]) (618820),Infrastructure & Highways,Ministry of Railways,618820,Odisha,2544.84,2544.84,973.89,38.3,2023-03-01,2026-12-31,2027-12-31,2026-04-01,18,0.0,0
PAIM-10586,(National Highways Authority of India [NHAI]) (618820) (N24002079) (10586),Infrastructure & Highways,Ministry of Railways,N24002079,Odisha,1219.04,1219.04,285.11,23.4,2021-03-01,2026-12-31,2028-12-31,2026-04-01,24,0.0,0
PAIM-618821,Package-2 (National Highways Authority of India [NHAI]) (618821),Infrastructure & Highways,Ministry of Railways,618821,Odisha,2684.92,2684.92,969.49,36.1,2022-03-01,2028-12-31,2027-12-31,2026-04-01,36,0.0,0
PAIM-10587,(National Highways Authority of India [NHAI]) (618821) (N24002080) (10587),Infrastructure & Highways,Ministry of Railways,N24002080,Odisha,3731.6,3731.6,1313.51,35.2,2022-03-01,2028-12-31,2027-12-31,2026-04-01,18,0.0,0
PAIM-618822,NH-53 Old NH  5A from Km.0.00 to Km.18.00Package-1 (National Highways Authority of India [NHAI]) (618822),Infrastructure & Highways,Ministry of Railways,618822,Odisha,421.03,421.03,327.6,77.8,2024-03-01,2027-12-31,2028-12-31,2026-04-01,0,0.0,0
PAIM-10588,(National Highways Authority of India [NHAI]) (618822) (-) (10588),Infrastructure & Highways,Ministry of Railways,10588,Odisha,3214.3,3214.3,2286.58,71.1,2021-03-01,2028-12-31,2028-12-31,2026-04-01,18,0.0,0
PAIM-618908,NH-200 New NH -53 (National Highways Authority of India [NHAI]) (618908),Infrastructure & Highways,Ministry of Railways,618908,Odisha,3235.35,3235.35,2338.66,72.3,2024-03-01,2026-12-31,2028-12-31,2026-04-01,6,0.0,0
PAIM-618913,4-L of Rajamunda to Barkote Section of NH-23 from km. 287.200 to km. 337.185 (National Highways Authority of India [NHAI,Infrastructure & Highways,Ministry of Railways,618913,Odisha,3478.77,3478.77,382.47,11.0,2022-03-01,2026-12-31,2029-12-31,2026-04-01,36,0.0,0
PAIM-10660,(National Highways Authority of India [NHAI]) (618913) (N24000739) (10660),Infrastructure & Highways,Ministry of Railways,N24000739,Odisha,1856.55,1856.55,999.13,53.8,2024-03-01,2026-12-31,2028-12-31,2026-04-01,0,0.0,0
PAIM-619075,6L of Bhubaneswar - Jagatpur - Chandikhole Section of NH-16 (National Highways Authority of India [NHAI]) (619075),Infrastructure & Highways,Ministry of Railways,619075,Odisha,4025.8,4025.8,1048.63,26.0,2023-03-01,2027-12-31,2029-12-31,2026-04-01,18,0.0,0
PAIM-619109,Package  OD-3 (National Highways Authority of India [NHAI]) (619109),Infrastructure & Highways,Ministry of Railways,619109,Odisha,2833.23,2833.23,2246.7,79.3,2024-03-01,2027-12-31,2028-12-31,2026-04-01,12,0.0,0
PAIM-11784,(National Highways Authority of India [NHAI]) (619109) (N24001668) (11784),Infrastructure & Highways,Ministry of Railways,N24001668,Odisha,475.25,475.25,133.52,28.1,2024-03-01,2027-12-31,2028-12-31,2026-04-01,24,0.0,0
PAIM-619118,Four Laning of Angul to Sambalpur from Km.112.000 to Km.265.000 (National Highways Authority of India [NHAI]) (619118),Infrastructure & Highways,Ministry of Railways,619118,Odisha,994.93,994.93,494.67,49.7,2022-03-01,2027-12-31,2028-12-31,2026-04-01,12,0.0,0
PAIM-619119,State of Odisha (National Highways Authority of India [NHAI]) (619119),Infrastructure & Highways,Ministry of Railways,619119,Odisha,3983.64,3983.64,1028.12,25.8,2024-03-01,2026-12-31,2029-12-31,2026-04-01,24,0.0,0
PAIM-11789,(National Highways Authority of India [NHAI]) (619119) (N24000715) (11789),Infrastructure & Highways,Ministry of Railways,N24000715,Odisha,1319.85,1319.85,784.43,59.4,2024-03-01,2027-12-31,2029-12-31,2026-04-01,18,0.0,0
PAIM-619157,149 and km 301.875 - km 335.946 of NH-53 Pkg-I (National Highways Authority of India [NHAI]) (619157),Infrastructure & Highways,Ministry of Railways,619157,Odisha,1688.31,1688.31,572.96,33.9,2023-03-01,2026-12-31,2027-12-31,2026-04-01,36,0.0,0
PAIM-11814,(National Highways Authority of India [NHAI]) (619157) (N24000734) (11814),Infrastructure & Highways,Ministry of Railways,N24000734,Odisha,4332.8,4332.8,2275.21,52.5,2024-03-01,2026-12-31,2029-12-31,2026-04-01,0,0.0,0
PAIM-619158,4 Laning of Duburi Chandikhole from km 388.376 to km 428.074 Pkg-III (National Highways Authority of India [NHAI]) (6191,Infrastructure & Highways,Ministry of Railways,619158,Odisha,849.41,849.41,522.96,61.6,2021-03-01,2026-12-31,2029-12-31,2026-04-01,36,0.0,0
PAIM-11815,(National Highways Authority of India [NHAI]) (619158) (N24000733) (11815),Infrastructure & Highways,Ministry of Railways,N24000733,Odisha,3263.14,3263.14,866.21,26.5,2024-03-01,2028-12-31,2028-12-31,2026-04-01,36,0.0,0
PAIM-619181,NH-53 Old NH  5A from Km.60.000 to Km.76.646 Package-4 (National Highways Authority of India [NHAI]) (619181),Infrastructure & Highways,Ministry of Railways,619181,Odisha,353.31,353.31,222.73,63.0,2024-03-01,2026-12-31,2027-12-31,2026-04-01,6,0.0,0
PAIM-11884,(National Highways Authority of India [NHAI]) (619181) (-) (11884),Infrastructure & Highways,Ministry of Railways,11884,Odisha,4228.21,4228.21,1470.91,34.8,2021-03-01,2027-12-31,2028-12-31,2026-04-01,0,0.0,0
PAIM-619213,Package  OD-2 (National Highways Authority of India [NHAI]) (619213),Infrastructure & Highways,Ministry of Railways,619213,Odisha,460.7,460.7,279.61,60.7,2021-03-01,2028-12-31,2029-12-31,2026-04-01,6,0.0,0
PAIM-11903,(National Highways Authority of India [NHAI]) (619213) (-) (11903),Infrastructure & Highways,Ministry of Railways,11903,Odisha,3174.49,3174.49,1043.78,32.9,2024-03-01,2026-12-31,2028-12-31,2026-04-01,18,0.0,0
PAIM-619215,the State of Odisha (National Highways Authority of India [NHAI]) (619215),Infrastructure & Highways,Ministry of Railways,619215,Odisha,4058.03,4058.03,1269.02,31.3,2022-03-01,2028-12-31,2028-12-31,2026-04-01,36,0.0,0
PAIM-11905,(National Highways Authority of India [NHAI]) (619215) (-) (11905),Infrastructure & Highways,Ministry of Railways,11905,Odisha,3233.34,3233.34,775.18,24.0,2022-03-01,2028-12-31,2028-12-31,2026-04-01,12,0.0,0
PAIM-618010,Punjab. Job No NH-254-PB-2022-23-565 (MoRTH) (618010),Infrastructure & Highways,Ministry of Railways,618010,Punjab,2957.73,2957.73,382.08,12.9,2023-03-01,2028-12-31,2028-12-31,2026-04-01,18,0.0,0
PAIM-10163,(MoRTH) (618010) (-) (10163),Infrastructure & Highways,Ministry of Railways,10163,Punjab,711.02,711.02,480.19,67.5,2022-03-01,2028-12-31,2027-12-31,2026-04-01,12,0.0,0
PAIM-618023,on EPC mode. Job No. NH-354-PB-2021-22-555 (MoRTH) (618023),Infrastructure & Highways,Ministry of Railways,618023,Punjab,4389.91,4389.91,2728.56,62.2,2022-03-01,2026-12-31,2028-12-31,2026-04-01,6,0.0,0
PAIM-618024,No. NH-354-PB-2020-21-532 (MoRTH) (618024),Infrastructure & Highways,Ministry of Railways,618024,Punjab,620.42,620.42,253.44,40.8,2023-03-01,2028-12-31,2027-12-31,2026-04-01,24,0.0,0
PAIM-618487,Bhogiwal village Km 188830 to km 225770 (National Highways Authority of India [NHAI]) (618487),Infrastructure & Highways,Ministry of Railways,618487,Punjab,4491.56,4491.56,1424.39,31.7,2024-03-01,2028-12-31,2029-12-31,2026-04-01,24,0.0,0
PAIM-10345,(National Highways Authority of India [NHAI]) (618487) (N24001415) (10345),Infrastructure & Highways,Ministry of Railways,N24001415,Punjab,1336.12,1336.12,672.65,50.3,2021-03-01,2028-12-31,2028-12-31,2026-04-01,12,0.0,0
PAIM-618488,near Mullanpur Dakha Km 225770 to km 260860 (National Highways Authority of India [NHAI]) (618488),Infrastructure & Highways,Ministry of Railways,618488,Punjab,2462.38,2462.38,249.93,10.1,2021-03-01,2026-12-31,2027-12-31,2026-04-01,18,0.0,0
PAIM-10346,(National Highways Authority of India [NHAI]) (618488) (N24001416) (10346),Infrastructure & Highways,Ministry of Railways,N24001416,Punjab,2014.85,2014.85,1340.36,66.5,2023-03-01,2026-12-31,2027-12-31,2026-04-01,0,0.0,0
PAIM-618489,Kang Sahibu village Km 260860 to km 303900 (National Highways Authority of India [NHAI]) (618489),Infrastructure & Highways,Ministry of Railways,618489,Punjab,1260.6,1260.6,514.68,40.8,2024-03-01,2026-12-31,2027-12-31,2026-04-01,12,0.0,0
PAIM-10347,(National Highways Authority of India [NHAI]) (618489) (N24001417) (10347),Infrastructure & Highways,Ministry of Railways,N24001417,Punjab,1097.08,1097.08,521.92,47.6,2023-03-01,2028-12-31,2028-12-31,2026-04-01,18,0.0,0
PAIM-618490,Sultanpur Lodhi road NH-703A km 000 to km 24000 to Amritsar connectivity (National Highways Authority of India [NHAI]) (,Infrastructure & Highways,Ministry of Railways,618490,Punjab,2342.05,2342.05,888.81,38.0,2024-03-01,2028-12-31,2028-12-31,2026-04-01,36,0.0,0
PAIM-10348,(National Highways Authority of India [NHAI]) (618490) (N24001418) (10348),Infrastructure & Highways,Ministry of Railways,N24001418,Punjab,3462.22,3462.22,1523.35,44.0,2021-03-01,2027-12-31,2027-12-31,2026-04-01,24,0.0,0
PAIM-618491,362420 (National Highways Authority of India [NHAI]) (618491),Infrastructure & Highways,Ministry of Railways,618491,Punjab,464.0,464.0,119.93,25.8,2021-03-01,2028-12-31,2028-12-31,2026-04-01,18,0.0,0
PAIM-10349,(National Highways Authority of India [NHAI]) (618491) (N24001419) (10349),Infrastructure & Highways,Ministry of Railways,N24001419,Punjab,236.2,236.2,175.03,74.1,2024-03-01,2026-12-31,2028-12-31,2026-04-01,6,0.0,0
PAIM-618492,Pathankot-Gurdaspur road NH-54 near Gurdaspur Km 362420 to km 397700 (National Highways Authority of India [NHAI]) (6184,Infrastructure & Highways,Ministry of Railways,618492,Punjab,432.53,432.53,229.71,53.1,2022-03-01,2027-12-31,2028-12-31,2026-04-01,36,0.0,0
PAIM-10350,(National Highways Authority of India [NHAI]) (618492) (N24001420) (10350),Infrastructure & Highways,Ministry of Railways,N24001420,Punjab,1100.31,1100.31,185.61,16.9,2021-03-01,2028-12-31,2027-12-31,2026-04-01,0,0.0,0
PAIM-618493,NH-703AA near Goinwal Sahib [Km 24000 to Km 41000 of Amritsar connectivity] (National Highways Authority of India [NHAI],Infrastructure & Highways,Ministry of Railways,618493,Punjab,1546.61,1546.61,488.52,31.6,2023-03-01,2026-12-31,2029-12-31,2026-04-01,36,0.0,0
PAIM-10351,(National Highways Authority of India [NHAI]) (618493) (N24002102) (10351),Infrastructure & Highways,Ministry of Railways,N24002102,Punjab,4447.05,4447.05,503.27,11.3,2021-03-01,2027-12-31,2028-12-31,2026-04-01,36,0.0,0
PAIM-618551,Talwara village on NH-44 Pathankot by-pass (National Highways Authority of India [NHAI]) (618551),Infrastructure & Highways,Ministry of Railways,618551,Punjab,3053.34,3053.34,1116.12,36.6,2021-03-01,2026-12-31,2027-12-31,2026-04-01,12,0.0,0
PAIM-10397,(National Highways Authority of India [NHAI]) (618551) (-) (10397),Infrastructure & Highways,Ministry of Railways,10397,Punjab,4150.5,4150.5,944.88,22.8,2024-03-01,2027-12-31,2027-12-31,2026-04-01,18,0.0,0
PAIM-618552,at Kang Sahbu NH-703  via Sarmastpur NH-44 - Madara NH-03 - Khajurla NH-44 (National Highways Authority of India [NHAI]),Infrastructure & Highways,Ministry of Railways,618552,Haryana,1287.43,1287.43,193.13,15.0,2021-03-01,2027-12-31,2029-12-31,2026-04-01,0,0.0,0
PAIM-10398,(National Highways Authority of India [NHAI]) (618552) (N24001637) (10398),Infrastructure & Highways,Ministry of Railways,N24001637,Haryana,2217.07,2217.07,247.1,11.1,2021-03-01,2026-12-31,2028-12-31,2026-04-01,18,0.0,0
PAIM-618610,NH-54 from km. 0.000 to km. 27.400 of NH-54 (National Highways Authority of India [NHAI]) (618610),Infrastructure & Highways,Ministry of Railways,618610,Haryana,3396.11,3396.11,823.63,24.3,2024-03-01,2028-12-31,2027-12-31,2026-04-01,36,0.0,0
PAIM-10437,(National Highways Authority of India [NHAI]) (618610) (N24002075) (10437),Infrastructure & Highways,Ministry of Railways,N24002075,Haryana,2213.43,2213.43,907.98,41.0,2022-03-01,2028-12-31,2028-12-31,2026-04-01,6,0.0,0
PAIM-618617,Pkg-1 (National Highways Authority of India [NHAI]) (618617),Infrastructure & Highways,Ministry of Railways,618617,Punjab,3658.88,3658.88,1117.85,30.6,2024-03-01,2027-12-31,2027-12-31,2026-04-01,6,0.0,0
PAIM-10443,(National Highways Authority of India [NHAI]) (618617) (N24001640) (10443),Infrastructure & Highways,Ministry of Railways,N24001640,Punjab,269.68,269.68,121.95,45.2,2023-03-01,2027-12-31,2028-12-31,2026-04-01,12,0.0,0
PAIM-618618,Sangat Kalan from km 93.000 to km 154.866 of NH-754A Pkg-3 (National Highways Authority of India [NHAI]) (618618),Infrastructure & Highways,Ministry of Railways,618618,Punjab,3520.42,3520.42,2084.08,59.2,2022-03-01,2028-12-31,2028-12-31,2026-04-01,12,0.0,0
PAIM-10444,(National Highways Authority of India [NHAI]) (618618) (N24002076) (10444),Infrastructure & Highways,Ministry of Railways,N24002076,Punjab,2387.69,2387.69,1535.97,64.3,2024-03-01,2027-12-31,2028-12-31,2026-04-01,18,0.0,0
PAIM-618647,Road NH-703 near village Tallewal from Km 0.0 to Km 30.3 of NH-754AD Pkg-1 (National Highways Authority of India [NHAI]),Infrastructure & Highways,Ministry of Railways,618647,Punjab,2811.29,2811.29,1782.09,63.4,2022-03-01,2028-12-31,2028-12-31,2026-04-01,0,0.0,0
PAIM-10462,(National Highways Authority of India [NHAI]) (618647) (N24002091) (10462),Infrastructure & Highways,Ministry of Railways,N24002091,Punjab,1552.7,1552.7,424.3,27.3,2023-03-01,2027-12-31,2029-12-31,2026-04-01,6,0.0,0
PAIM-618764,Moga - Bagha Purana - Bajakhana from km. 0.00 to km. 43.32 (National Highways Authority of India [NHAI]) (618764),Infrastructure & Highways,Ministry of Railways,618764,Punjab,569.55,569.55,114.42,20.1,2021-03-01,2027-12-31,2029-12-31,2026-04-01,36,0.0,0
PAIM-10545,(National Highways Authority of India [NHAI]) (618764) (N24001639) (10545),Infrastructure & Highways,Ministry of Railways,N24001639,Punjab,1056.76,1056.76,483.34,45.7,2024-03-01,2026-12-31,2029-12-31,2026-04-01,12,0.0,0
PAIM-618776,4L of Greenfield section from  Sirhind to Mohali (National Highways Authority of India [NHAI]) (618776),Infrastructure & Highways,Ministry of Railways,618776,Punjab,619.45,619.45,348.38,56.2,2024-03-01,2028-12-31,2028-12-31,2026-04-01,24,0.0,0
PAIM-10552,(National Highways Authority of India [NHAI]) (618776) (-) (10552),Infrastructure & Highways,Ministry of Railways,10552,Punjab,621.25,621.25,390.93,62.9,2023-03-01,2026-12-31,2029-12-31,2026-04-01,36,0.0,0
PAIM-618785,Pkg-3 (National Highways Authority of India [NHAI]) (618785),Infrastructure & Highways,Ministry of Railways,618785,Punjab,4040.9,4040.9,1845.47,45.7,2022-03-01,2026-12-31,2027-12-31,2026-04-01,0,0.0,0
PAIM-10559,(National Highways Authority of India [NHAI]) (618785) (N24001630) (10559),Infrastructure & Highways,Ministry of Railways,N24001630,Punjab,850.34,850.34,553.12,65.0,2023-03-01,2027-12-31,2029-12-31,2026-04-01,0,0.0,0
PAIM-618786,4L of Phagwara - Hoshiarpur (National Highways Authority of India [NHAI]) (618786),Infrastructure & Highways,Ministry of Railways,618786,Punjab,540.15,540.15,400.21,74.1,2024-03-01,2027-12-31,2027-12-31,2026-04-01,0,0.0,0
PAIM-10560,(National Highways Authority of India [NHAI]) (618786) (-) (10560),Infrastructure & Highways,Ministry of Railways,10560,Punjab,3675.2,3675.2,1876.31,51.1,2023-03-01,2026-12-31,2029-12-31,2026-04-01,36,0.0,0
PAIM-618793,& Fazilka Bypasses (National Highways Authority of India [NHAI]) (618793),Infrastructure & Highways,Ministry of Railways,618793,Punjab,932.57,932.57,96.67,10.4,2021-03-01,2027-12-31,2029-12-31,2026-04-01,6,0.0,0
PAIM-10566,(National Highways Authority of India [NHAI]) (618793) (-) (10566),Infrastructure & Highways,Ministry of Railways,10566,Punjab,4298.95,4298.95,1126.24,26.2,2024-03-01,2026-12-31,2027-12-31,2026-04-01,6,0.0,0
PAIM-618794,Amritsarairport Junction - Ramdas from km. 100.835 to km. 139.813 Pkg - IV (National Highways Authority of India [NHAI]),Infrastructure & Highways,Ministry of Railways,618794,Punjab,582.14,582.14,62.52,10.7,2024-03-01,2028-12-31,2029-12-31,2026-04-01,36,0.0,0
PAIM-618795,Amritsar Bypass Pkg III from km. 71.496 to km. 105.158 (National Highways Authority of India [NHAI]) (618795),Infrastructure & Highways,Ministry of Railways,618795,Punjab,4285.53,4285.53,1994.86,46.5,2022-03-01,2028-12-31,2028-12-31,2026-04-01,18,0.0,0
PAIM-10567,(National Highways Authority of India [NHAI]) (618795) (N24001642) (10567),Infrastructure & Highways,Ministry of Railways,N24001642,Punjab,1059.29,1059.29,674.43,63.7,2023-03-01,2027-12-31,2028-12-31,2026-04-01,0,0.0,0
PAIM-618809,0.000 to Km. 31.300 Pkg-1 (National Highways Authority of India [NHAI]) (618809),Infrastructure & Highways,Ministry of Railways,618809,Punjab,4028.66,4028.66,1828.23,45.4,2024-03-01,2028-12-31,2027-12-31,2026-04-01,12,0.0,0
PAIM-10576,(National Highways Authority of India [NHAI]) (618809) (N24002101) (10576),Infrastructure & Highways,Ministry of Railways,N24002101,Punjab,545.55,545.55,244.68,44.9,2023-03-01,2028-12-31,2028-12-31,2026-04-01,6,0.0,0
PAIM-618810,Nanak  from Km. 31.300 to Km. 69.100  with Additional batala Bypass Pkg-II (National Highways Authority of India [NHAI]),Infrastructure & Highways,Ministry of Railways,618810,Punjab,1033.51,1033.51,286.19,27.7,2024-03-01,2027-12-31,2028-12-31,2026-04-01,12,0.0,0
PAIM-10577,(National Highways Authority of India [NHAI]) (618810) (N24002100) (10577),Infrastructure & Highways,Ministry of Railways,N24002100,Punjab,1181.8,1181.8,288.42,24.4,2021-03-01,2028-12-31,2028-12-31,2026-04-01,6,0.0,0
PAIM-618906,503A Package-I (National Highways Authority of India [NHAI]) (618906),Infrastructure & Highways,Ministry of Railways,618906,Punjab,2469.16,2469.16,752.81,30.5,2022-03-01,2027-12-31,2027-12-31,2026-04-01,36,0.0,0
PAIM-10655,(National Highways Authority of India [NHAI]) (618906) (N24001643) (10655),Infrastructure & Highways,Ministry of Railways,N24001643,Punjab,1430.08,1430.08,685.05,47.9,2021-03-01,2026-12-31,2029-12-31,2026-04-01,6,0.0,0
PAIM-619099,from km 39.000 to km 93.000 of NH-754A Pkg-2 (National Highways Authority of India [NHAI]) (619099),Infrastructure & Highways,Ministry of Railways,619099,Punjab,777.07,777.07,95.1,12.2,2022-03-01,2026-12-31,2028-12-31,2026-04-01,12,0.0,0
PAIM-11777,(National Highways Authority of India [NHAI]) (619099) (-) (11777),Infrastructure & Highways,Ministry of Railways,11777,Punjab,2012.35,2012.35,770.27,38.3,2021-03-01,2028-12-31,2027-12-31,2026-04-01,24,0.0,0
PAIM-619105,near Ludhiana village Ballowal from Km 30.300 to Km 75.543 of NH-754AD Pkg-2 (National Highways Authority of India [NHAI,Infrastructure & Highways,Ministry of Railways,619105,Punjab,3325.35,3325.35,1558.96,46.9,2024-03-01,2026-12-31,2029-12-31,2026-04-01,24,0.0,0
PAIM-11780,(National Highways Authority of India [NHAI]) (619105) (-) (11780),Infrastructure & Highways,Ministry of Railways,11780,Punjab,2697.39,2697.39,2071.48,76.8,2022-03-01,2027-12-31,2029-12-31,2026-04-01,6,0.0,0
PAIM-619200,354 near Amritsar Airport [Km 71000 to Km 99000 of Amritsar connectivity] (National Highways Authority of India [NHAI]) ,Infrastructure & Highways,Ministry of Railways,619200,Punjab,3802.34,3802.34,2754.62,72.4,2023-03-01,2027-12-31,2027-12-31,2026-04-01,36,0.0,0
PAIM-11891,(National Highways Authority of India [NHAI]) (619200) (-) (11891),Infrastructure & Highways,Ministry of Railways,11891,Punjab,878.99,878.99,677.04,77.0,2023-03-01,2026-12-31,2029-12-31,2026-04-01,24,0.0,0
PAIM-12155,(National Highways Authority of India [NHAI]) (619318) (-) (12155),Infrastructure & Highways,Ministry of Railways,12155,Rajasthan,3426.28,3426.28,1609.68,47.0,2024-03-01,2027-12-31,2029-12-31,2026-04-01,6,0.0,0
PAIM-617887,Beawer Gomti 4LPS from km 58.245 to km 108.600 Pkg-I (MoRTH) (617887),Infrastructure & Highways,Ministry of Railways,617887,Rajasthan,1264.63,1264.63,814.47,64.4,2022-03-01,2028-12-31,2028-12-31,2026-04-01,36,0.0,0
PAIM-617891,Design Km 41.625 to Km 54.689 of NH-11 on EPC Mode in the state of Rajasthan . (MoRTH) (617891),Infrastructure & Highways,Ministry of Railways,617891,Rajasthan,3191.22,3191.22,1329.6,41.7,2024-03-01,2026-12-31,2028-12-31,2026-04-01,18,0.0,0
PAIM-617900,Length-93.52 Km. (MoRTH) (617900),Infrastructure & Highways,Ministry of Railways,617900,Rajasthan,2562.95,2562.95,1773.72,69.2,2021-03-01,2028-12-31,2027-12-31,2026-04-01,24,0.0,0
PAIM-617901,on EPC mode in the state of Rajasthan. (MoRTH) (617901),Infrastructure & Highways,Ministry of Railways,617901,Rajasthan,2567.6,2567.6,1605.91,62.5,2021-03-01,2026-12-31,2029-12-31,2026-04-01,18,0.0,0
PAIM-618011,the state of Rajasthan on EPC Mode (MoRTH) (618011),Infrastructure & Highways,Ministry of Railways,618011,Rajasthan,4097.19,4097.19,1775.88,43.3,2022-03-01,2026-12-31,2028-12-31,2026-04-01,24,0.0,0
PAIM-618069,74.645 of NH-54 in the State of Rajasthan on EPC mode. (MoRTH) (618069),Infrastructure & Highways,Ministry of Railways,618069,Rajasthan,1294.36,1294.36,446.31,34.5,2023-03-01,2026-12-31,2027-12-31,2026-04-01,18,0.0,0
PAIM-618092,NH-162E in the State of Rajasthan on EPC mode. (MoRTH) (618092),Infrastructure & Highways,Ministry of Railways,618092,Rajasthan,1671.18,1671.18,1144.99,68.5,2023-03-01,2027-12-31,2029-12-31,2026-04-01,24,0.0,0
PAIM-10178,(MoRTH) (618092) (N24002168) (10178),Infrastructure & Highways,Ministry of Railways,N24002168,Rajasthan,3196.48,3196.48,405.96,12.7,2024-03-01,2027-12-31,2027-12-31,2026-04-01,0,0.0,0
PAIM-618093,55.950 of NH-162E on EPC mode. (MoRTH) (618093),Infrastructure & Highways,Ministry of Railways,618093,Rajasthan,2864.0,2864.0,1043.57,36.4,2024-03-01,2028-12-31,2028-12-31,2026-04-01,18,0.0,0
PAIM-10179,(MoRTH) (618093) (N24001927) (10179),Infrastructure & Highways,Ministry of Railways,N24001927,Rajasthan,1689.02,1689.02,329.37,19.5,2024-03-01,2026-12-31,2028-12-31,2026-04-01,36,0.0,0
PAIM-618117,Bara in the State of Rajasthan on EPC Mode. (MoRTH) (618117),Infrastructure & Highways,Ministry of Railways,618117,Rajasthan,2517.94,2517.94,1740.1,69.1,2022-03-01,2027-12-31,2028-12-31,2026-04-01,36,0.0,0
PAIM-618118,mode in the State of Rajasthan. (MoRTH) (618118),Infrastructure & Highways,Ministry of Railways,618118,Rajasthan,686.31,686.31,373.49,54.4,2022-03-01,2026-12-31,2028-12-31,2026-04-01,0,0.0,0
PAIM-618200,in the State of Rajasthan. (MoRTH) (618200),Infrastructure & Highways,Ministry of Railways,618200,Rajasthan,2564.94,2564.94,536.57,20.9,2021-03-01,2026-12-31,2028-12-31,2026-04-01,24,0.0,0
PAIM-618235,Green National Highway Corridor Project GNHCP. (MoRTH) (618235),Infrastructure & Highways,Ministry of Railways,618235,Rajasthan,3678.64,3678.64,3090.51,84.0,2024-03-01,2026-12-31,2028-12-31,2026-04-01,36,0.0,0
PAIM-618456,[Junction with NH- 76 to Junction with NH-12 near village Ummedpura] (National Highways Authority of India [NHAI]) (6184,Infrastructure & Highways,Ministry of Railways,618456,Rajasthan,529.05,529.05,274.17,51.8,2024-03-01,2028-12-31,2027-12-31,2026-04-01,36,0.0,0
PAIM-10315,(National Highways Authority of India [NHAI]) (618456) (N24001568) (10315),Infrastructure & Highways,Ministry of Railways,N24001568,Rajasthan,4433.65,4433.65,3226.2,72.8,2022-03-01,2026-12-31,2029-12-31,2026-04-01,6,0.0,0
PAIM-618457,[End of Interchange on NH-166 near village Mui to Hardeoganj village near Indergarh] (National Highways Authority of Ind,Infrastructure & Highways,Ministry of Railways,618457,Rajasthan,1004.87,1004.87,178.55,17.8,2023-03-01,2026-12-31,2029-12-31,2026-04-01,0,0.0,0
PAIM-10316,(National Highways Authority of India [NHAI]) (618457) (N24001567) (10316),Infrastructure & Highways,Ministry of Railways,N24001567,Rajasthan,2474.89,2474.89,1411.38,57.0,2024-03-01,2027-12-31,2028-12-31,2026-04-01,6,0.0,0
PAIM-618458,Nayagaon Jageer village] (National Highways Authority of India [NHAI]) (618458),Infrastructure & Highways,Ministry of Railways,618458,Rajasthan,3507.53,3507.53,697.52,19.9,2022-03-01,2028-12-31,2027-12-31,2026-04-01,36,0.0,0
PAIM-10317,(National Highways Authority of India [NHAI]) (618458) (N24001612) (10317),Infrastructure & Highways,Ministry of Railways,N24001612,Rajasthan,2750.5,2750.5,1565.3,56.9,2023-03-01,2027-12-31,2029-12-31,2026-04-01,18,0.0,0
PAIM-618611,Package-7 (National Highways Authority of India [NHAI]) (618611),Infrastructure & Highways,Ministry of Railways,618611,Gujarat,4158.86,4158.86,474.44,11.4,2022-03-01,2026-12-31,2027-12-31,2026-04-01,36,0.0,0
PAIM-10438,(National Highways Authority of India [NHAI]) (618611) (-) (10438),Infrastructure & Highways,Ministry of Railways,10438,Gujarat,2125.73,2125.73,289.63,13.6,2023-03-01,2026-12-31,2028-12-31,2026-04-01,12,0.0,0
PAIM-618612,Deogarh near Dhandhaniya-Rajasthan/Gujarat Border Phase-I AJ/DRGB-Package-6 (National Highways Authority of India [NHAI],Infrastructure & Highways,Ministry of Railways,618612,Gujarat,762.65,762.65,585.69,76.8,2021-03-01,2027-12-31,2028-12-31,2026-04-01,36,0.0,0
PAIM-10439,(National Highways Authority of India [NHAI]) (618612) (N24001563) (10439),Infrastructure & Highways,Ministry of Railways,N24001563,Gujarat,3892.04,3892.04,1094.84,28.1,2024-03-01,2026-12-31,2027-12-31,2026-04-01,18,0.0,0
PAIM-618613,Deogarh near Dhandhaniya-Rajasthan/Gujarat Border Phase-I AJ/DRGB-Package-7 (National Highways Authority of India [NHAI],Infrastructure & Highways,Ministry of Railways,618613,Gujarat,1943.08,1943.08,318.58,16.4,2023-03-01,2026-12-31,2029-12-31,2026-04-01,0,0.0,0
PAIM-10440,(National Highways Authority of India [NHAI]) (618613) (N24001564) (10440),Infrastructure & Highways,Ministry of Railways,N24001564,Gujarat,998.71,998.71,801.22,80.2,2021-03-01,2028-12-31,2027-12-31,2026-04-01,18,0.0,0
PAIM-618757,Section (National Highways Authority of India [NHAI]) (618757),Infrastructure & Highways,Ministry of Railways,618757,Rajasthan,1534.43,1534.43,643.09,41.9,2022-03-01,2028-12-31,2027-12-31,2026-04-01,36,0.0,0
PAIM-10539,(National Highways Authority of India [NHAI]) (618757) (-) (10539),Infrastructure & Highways,Ministry of Railways,10539,Rajasthan,2054.19,2054.19,212.07,10.3,2024-03-01,2028-12-31,2028-12-31,2026-04-01,6,0.0,0
PAIM-618758,Paniyala-Barodameo ICR (National Highways Authority of India [NHAI]) (618758),Infrastructure & Highways,Ministry of Railways,618758,Rajasthan,4488.28,4488.28,3639.63,81.1,2024-03-01,2026-12-31,2027-12-31,2026-04-01,36,0.0,0
PAIM-10540,(National Highways Authority of India [NHAI]) (618758) (-) (10540),Infrastructure & Highways,Ministry of Railways,10540,Rajasthan,3381.67,3381.67,819.09,24.2,2023-03-01,2028-12-31,2028-12-31,2026-04-01,18,0.0,0
PAIM-618796,Pakisthan Border NH-968 Pkg-BM/5 (National Highways Authority of India [NHAI]) (618796),Infrastructure & Highways,Ministry of Railways,618796,Rajasthan,3876.26,3876.26,2805.06,72.4,2022-03-01,2028-12-31,2029-12-31,2026-04-01,36,0.0,0
PAIM-10568,(National Highways Authority of India [NHAI]) (618796) (N24000795) (10568),Infrastructure & Highways,Ministry of Railways,N24000795,Rajasthan,2997.08,2997.08,1488.83,49.7,2023-03-01,2027-12-31,2028-12-31,2026-04-01,36,0.0,0
PAIM-618797,Sundra  Myajilar  Ambsingh ki Dhani Road part of Munabao  Tanot project NH-70 (National Highways Authority of India [NHA,Infrastructure & Highways,Ministry of Railways,618797,Rajasthan,2288.21,2288.21,320.79,14.0,2023-03-01,2028-12-31,2029-12-31,2026-04-01,12,0.0,0
PAIM-618838,Road Pkg-II (National Highways Authority of India [NHAI]) (618838),Infrastructure & Highways,Ministry of Railways,618838,Rajasthan,4343.05,4343.05,2405.14,55.4,2022-03-01,2028-12-31,2029-12-31,2026-04-01,18,0.0,0
PAIM-10600,(National Highways Authority of India [NHAI]) (618838) (N24001558) (10600),Infrastructure & Highways,Ministry of Railways,N24001558,Rajasthan,4361.94,4361.94,2876.25,65.9,2021-03-01,2026-12-31,2027-12-31,2026-04-01,6,0.0,0
PAIM-618853,NH-68 (National Highways Authority of India [NHAI]) (618853),Infrastructure & Highways,Ministry of Railways,618853,Rajasthan,303.99,303.99,187.35,61.6,2024-03-01,2028-12-31,2028-12-31,2026-04-01,36,0.0,0
PAIM-619063,Jaipur (National Highways Authority of India [NHAI]) (619063),Infrastructure & Highways,Ministry of Railways,619063,Rajasthan,1222.5,1222.5,451.51,36.9,2024-03-01,2026-12-31,2028-12-31,2026-04-01,6,0.0,0
PAIM-11758,(National Highways Authority of India [NHAI]) (619063) (N24001557) (11758),Infrastructure & Highways,Ministry of Railways,N24001557,Rajasthan,4264.72,4264.72,3431.65,80.5,2023-03-01,2027-12-31,2027-12-31,2026-04-01,0,0.0,0
PAIM-619251,km 140.950 of NH-56 old NH No. 113 on EPC mode in the State of Rajasthan. (MoRTH) (619251),Infrastructure & Highways,Ministry of Railways,619251,Rajasthan,745.16,745.16,613.69,82.4,2024-03-01,2026-12-31,2028-12-31,2026-04-01,18,0.0,0
PAIM-10311,(NHIDCL) (618448) (N24001338) (10311),Infrastructure & Highways,Ministry of Railways,N24001338,Multi-State,4408.41,4408.41,1709.83,38.8,2024-03-01,2027-12-31,2027-12-31,2026-04-01,6,0.0,0
PAIM-617962,the state of Tamil Nadu job No.NH-49 Extn New NH 85 - TN-2021-22-997 (MoRTH) (617962),Infrastructure & Highways,Ministry of Railways,617962,Tamil Nadu,3939.21,3939.21,2462.77,62.5,2021-03-01,2027-12-31,2028-12-31,2026-04-01,6,0.0,0
PAIM-618478,Km 180.000 to Km 204.500 (National Highways Authority of India [NHAI]) (618478),Infrastructure & Highways,Ministry of Railways,618478,Tamil Nadu,2834.91,2834.91,2344.2,82.7,2021-03-01,2027-12-31,2028-12-31,2026-04-01,24,0.0,0
PAIM-10337,(National Highways Authority of India [NHAI]) (618478) (N24001718) (10337),Infrastructure & Highways,Ministry of Railways,N24001718,Tamil Nadu,557.97,557.97,405.16,72.6,2022-03-01,2027-12-31,2029-12-31,2026-04-01,36,0.0,0
PAIM-618479,from Km 204.500 to Km 230.000 (National Highways Authority of India [NHAI]) (618479),Infrastructure & Highways,Ministry of Railways,618479,Tamil Nadu,965.54,965.54,184.89,19.1,2022-03-01,2026-12-31,2027-12-31,2026-04-01,24,0.0,0
PAIM-10338,(National Highways Authority of India [NHAI]) (618479) (N24001717) (10338),Infrastructure & Highways,Ministry of Railways,N24001717,Tamil Nadu,2271.1,2271.1,665.61,29.3,2021-03-01,2027-12-31,2029-12-31,2026-04-01,12,0.0,0
PAIM-618480,Sriperumbudur Toll Plaza at km. 35700 (National Highways Authority of India [NHAI]) (618480),Infrastructure & Highways,Ministry of Railways,618480,Tamil Nadu,436.31,436.31,60.66,13.9,2021-03-01,2028-12-31,2029-12-31,2026-04-01,18,0.0,0
PAIM-618481,Kanchepuram to Sriperumbudur Section Phase-III/Package-IV (National Highways Authority of India [NHAI]) (618481),Infrastructure & Highways,Ministry of Railways,618481,Tamil Nadu,435.36,435.36,218.24,50.1,2021-03-01,2028-12-31,2027-12-31,2026-04-01,6,0.0,0
PAIM-10339,(National Highways Authority of India [NHAI]) (618481) (N24001719) (10339),Infrastructure & Highways,Ministry of Railways,N24001719,Tamil Nadu,3474.78,3474.78,1465.45,42.2,2023-03-01,2027-12-31,2028-12-31,2026-04-01,6,0.0,0
PAIM-618521,Karaipettai to Walajapet from Km 71.015 to 107.091 (National Highways Authority of India [NHAI]) (618521),Infrastructure & Highways,Ministry of Railways,618521,Tamil Nadu,2794.4,2794.4,2010.96,72.0,2021-03-01,2028-12-31,2027-12-31,2026-04-01,6,0.0,0
PAIM-10375,(National Highways Authority of India [NHAI]) (618521) (N24001723) (10375),Infrastructure & Highways,Ministry of Railways,N24001723,Tamil Nadu,3709.77,3709.77,2049.33,55.2,2022-03-01,2026-12-31,2029-12-31,2026-04-01,18,0.0,0
PAIM-618522,EPC mode underNHDP Phase-V (National Highways Authority of India [NHAI]) (618522),Infrastructure & Highways,Ministry of Railways,618522,Tamil Nadu,4313.89,4313.89,470.75,10.9,2023-03-01,2028-12-31,2027-12-31,2026-04-01,18,0.0,0
PAIM-618561,Dharmapuri - Salem Section of NH-44 (National Highways Authority of India [NHAI]) (618561),Infrastructure & Highways,Ministry of Railways,618561,Tamil Nadu,1910.21,1910.21,1519.59,79.6,2022-03-01,2027-12-31,2029-12-31,2026-04-01,36,0.0,0
PAIM-10407,(National Highways Authority of India [NHAI]) (618561) (-) (10407),Infrastructure & Highways,Ministry of Railways,10407,Tamil Nadu,2299.12,2299.12,1691.49,73.6,2023-03-01,2027-12-31,2027-12-31,2026-04-01,12,0.0,0
PAIM-618562,Dindigul Bypass - Samyanallore from km. 373.275 to km. 426.00 (National Highways Authority of India [NHAI]) (618562),Infrastructure & Highways,Ministry of Railways,618562,Tamil Nadu,3764.34,3764.34,3141.91,83.5,2022-03-01,2026-12-31,2028-12-31,2026-04-01,6,0.0,0
PAIM-618563,4L of Madurai Ring Road Phase 1 [Vadipatti-Thamrapatti] from km 0.00 - km 29.960 (National Highways Authority of India [,Infrastructure & Highways,Ministry of Railways,618563,Tamil Nadu,1072.85,1072.85,627.31,58.5,2024-03-01,2028-12-31,2029-12-31,2026-04-01,36,0.0,0
PAIM-10408,(National Highways Authority of India [NHAI]) (618563) (N24001606) (10408),Infrastructure & Highways,Ministry of Railways,N24001606,Tamil Nadu,4415.69,4415.69,2968.78,67.2,2021-03-01,2027-12-31,2029-12-31,2026-04-01,6,0.0,0
PAIM-618608,Kanyakumari Section from Km 43.0 to Km 96.174 of NH66 (National Highways Authority of India [NHAI]) (618608),Infrastructure & Highways,Ministry of Railways,618608,Tamil Nadu,3852.98,3852.98,3200.33,83.1,2024-03-01,2026-12-31,2027-12-31,2026-04-01,12,0.0,0
PAIM-10436,(National Highways Authority of India [NHAI]) (618608) (N24002113) (10436),Infrastructure & Highways,Ministry of Railways,N24002113,Tamil Nadu,2766.63,2766.63,509.74,18.4,2021-03-01,2028-12-31,2027-12-31,2026-04-01,0,0.0,0
PAIM-618635,IV (National Highways Authority of India [NHAI]) (618635),Infrastructure & Highways,Ministry of Railways,618635,Tamil Nadu,2656.24,2656.24,496.83,18.7,2023-03-01,2026-12-31,2027-12-31,2026-04-01,24,0.0,0
PAIM-10453,(National Highways Authority of India [NHAI]) (618635) (N24001818) (10453),Infrastructure & Highways,Ministry of Railways,N24001818,Tamil Nadu,1276.4,1276.4,172.35,13.5,2021-03-01,2026-12-31,2028-12-31,2026-04-01,24,0.0,0
PAIM-618743,Trichy 135.800 to Karur 218.000 section of NH-67 - Trichy Bypass (National Highways Authority of India [NHAI]) (618743),Infrastructure & Highways,Ministry of Railways,618743,Tamil Nadu,2845.19,2845.19,1849.57,65.0,2021-03-01,2027-12-31,2027-12-31,2026-04-01,12,0.0,0
PAIM-618744,4L of Thirumangalam to Vadugapatti section from km 0.000 to km 36.000 of NH-744 (National Highways Authority of India [N,Infrastructure & Highways,Ministry of Railways,618744,Tamil Nadu,862.57,862.57,201.55,23.4,2022-03-01,2028-12-31,2028-12-31,2026-04-01,12,0.0,0
PAIM-10531,(National Highways Authority of India [NHAI]) (618744) (N24002084) (10531),Infrastructure & Highways,Ministry of Railways,N24002084,Tamil Nadu,2016.57,2016.57,1102.74,54.7,2022-03-01,2027-12-31,2028-12-31,2026-04-01,36,0.0,0
PAIM-618745,71.600 of NH-744 (National Highways Authority of India [NHAI]) (618745),Infrastructure & Highways,Ministry of Railways,618745,Tamil Nadu,3065.63,3065.63,2427.67,79.2,2023-03-01,2028-12-31,2029-12-31,2026-04-01,36,0.0,0
PAIM-10532,(National Highways Authority of India [NHAI]) (618745) (N24002114) (10532),Infrastructure & Highways,Ministry of Railways,N24002114,Tamil Nadu,2819.57,2819.57,1728.11,61.3,2022-03-01,2026-12-31,2028-12-31,2026-04-01,12,0.0,0
PAIM-618756,Melur - Pilayarpatti - Karaikudi from km 99.920 of NH 38 to km 12.9 of NH 383 Ext. (National Highways Authority of India,Infrastructure & Highways,Ministry of Railways,618756,Tamil Nadu,3446.4,3446.4,2551.62,74.0,2024-03-01,2027-12-31,2029-12-31,2026-04-01,12,0.0,0
PAIM-10538,(National Highways Authority of India [NHAI]) (618756) (N24001605) (10538),Infrastructure & Highways,Ministry of Railways,N24001605,Tamil Nadu,309.09,309.09,45.76,14.8,2021-03-01,2028-12-31,2027-12-31,2026-04-01,18,0.0,0
PAIM-618773,Tuticorin - Tirunelveli from km. 0.00 to km. 47.250 (National Highways Authority of India [NHAI]) (618773),Infrastructure & Highways,Ministry of Railways,618773,Tamil Nadu,4232.55,4232.55,3088.38,73.0,2024-03-01,2027-12-31,2029-12-31,2026-04-01,18,0.0,0
PAIM-618800,Km 4.604 to Km 9.700 (National Highways Authority of India [NHAI]) (618800),Infrastructure & Highways,Ministry of Railways,618800,Tamil Nadu,405.02,405.02,110.77,27.3,2024-03-01,2026-12-31,2029-12-31,2026-04-01,12,0.0,0
PAIM-10570,(National Highways Authority of India [NHAI]) (618800) (N24002109) (10570),Infrastructure & Highways,Ministry of Railways,N24002109,Tamil Nadu,2808.45,2808.45,1416.43,50.4,2021-03-01,2028-12-31,2028-12-31,2026-04-01,6,0.0,0
PAIM-618801,0342 to Km 4604 (National Highways Authority of India [NHAI]) (618801),Infrastructure & Highways,Ministry of Railways,618801,Tamil Nadu,290.15,290.15,31.35,10.8,2023-03-01,2026-12-31,2027-12-31,2026-04-01,36,0.0,0
PAIM-10571,(National Highways Authority of India [NHAI]) (618801) (N24002110) (10571),Infrastructure & Highways,Ministry of Railways,N24002110,Tamil Nadu,3901.72,3901.72,969.68,24.9,2022-03-01,2027-12-31,2027-12-31,2026-04-01,36,0.0,0
PAIM-618846,Poondiyankuppam Km.67.000 to Sattanathapuram Km.123.800 (National Highways Authority of India [NHAI]) (618846),Infrastructure & Highways,Ministry of Railways,618846,Tamil Nadu,2720.38,2720.38,1378.35,50.7,2022-03-01,2027-12-31,2029-12-31,2026-04-01,36,0.0,0
PAIM-10605,(National Highways Authority of India [NHAI]) (618846) (-) (10605),Infrastructure & Highways,Ministry of Railways,10605,Tamil Nadu,1053.77,1053.77,723.8,68.7,2023-03-01,2028-12-31,2027-12-31,2026-04-01,36,0.0,0
PAIM-618874,Four Laning of Trichy - Dindigul from km. 333.00 to km. 421.273 of NH-45 (National Highways Authority of India [NHAI]) (,Infrastructure & Highways,Ministry of Railways,618874,Tamil Nadu,902.18,902.18,206.6,22.9,2024-03-01,2027-12-31,2029-12-31,2026-04-01,6,0.0,0
PAIM-618894,83 (National Highways Authority of India [NHAI]) (618894),Infrastructure & Highways,Ministry of Railways,618894,Tamil Nadu,3817.64,3817.64,2349.11,61.5,2021-03-01,2026-12-31,2029-12-31,2026-04-01,0,0.0,0
PAIM-10643,(National Highways Authority of India [NHAI]) (618894) (N24001602) (10643),Infrastructure & Highways,Ministry of Railways,N24001602,Tamil Nadu,1554.4,1554.4,1056.87,68.0,2023-03-01,2026-12-31,2027-12-31,2026-04-01,6,0.0,0
PAIM-618895,Kamalapuram to Oddanchatram from km. 0.00 to km. 35.822 (National Highways Authority of India [NHAI]) (618895),Infrastructure & Highways,Ministry of Railways,618895,Tamil Nadu,2670.6,2670.6,1565.87,58.6,2023-03-01,2026-12-31,2027-12-31,2026-04-01,24,0.0,0
PAIM-10644,(National Highways Authority of India [NHAI]) (618895) (N24001601) (10644),Infrastructure & Highways,Ministry of Railways,N24001601,Tamil Nadu,2007.16,2007.16,1671.71,83.3,2021-03-01,2028-12-31,2028-12-31,2026-04-01,24,0.0,0
PAIM-618897,NH45 C Pkg-II (National Highways Authority of India [NHAI]) (618897),Infrastructure & Highways,Ministry of Railways,618897,Tamil Nadu,1793.99,1793.99,1290.15,71.9,2024-03-01,2028-12-31,2027-12-31,2026-04-01,24,0.0,0
PAIM-10646,(National Highways Authority of India [NHAI]) (618897) (N24000708) (10646),Infrastructure & Highways,Ministry of Railways,N24000708,Tamil Nadu,2973.51,2973.51,446.01,15.0,2024-03-01,2027-12-31,2029-12-31,2026-04-01,0,0.0,0
PAIM-618898,Km 65.96 of NH-45C in Tamil Nadu under NHDP Phase-IV on EPC mode (National Highways Authority of India [NHAI]) (618898),Infrastructure & Highways,Ministry of Railways,618898,Tamil Nadu,2382.46,2382.46,1983.3,83.2,2023-03-01,2028-12-31,2028-12-31,2026-04-01,24,0.0,0
PAIM-10647,(National Highways Authority of India [NHAI]) (618898) (-) (10647),Infrastructure & Highways,Ministry of Railways,10647,Tamil Nadu,1983.48,1983.48,1229.5,62.0,2023-03-01,2026-12-31,2027-12-31,2026-04-01,24,0.0,0
PAIM-618899,Kallagam km.38.700 to Meensurutti Km.98.433 of NH-227 in Tamil Nadu (National Highways Authority of India [NHAI]) (61889,Infrastructure & Highways,Ministry of Railways,618899,Tamil Nadu,4335.57,4335.57,2794.81,64.5,2021-03-01,2028-12-31,2029-12-31,2026-04-01,0,0.0,0
PAIM-10648,(National Highways Authority of India [NHAI]) (618899) (-) (10648),Infrastructure & Highways,Ministry of Railways,10648,Tamil Nadu,4124.61,4124.61,1813.36,44.0,2023-03-01,2026-12-31,2028-12-31,2026-04-01,18,0.0,0
PAIM-618943,Salem - Ulundurpet section from km 0.313 to km 136.670 of NH-68 (National Highways Authority of India [NHAI]) (618943),Infrastructure & Highways,Ministry of Railways,618943,Tamil Nadu,2535.52,2535.52,455.29,18.0,2023-03-01,2026-12-31,2027-12-31,2026-04-01,6,0.0,0
PAIM-10681,(National Highways Authority of India [NHAI]) (618943) (-) (10681),Infrastructure & Highways,Ministry of Railways,10681,Tamil Nadu,426.97,426.97,100.21,23.5,2021-03-01,2028-12-31,2028-12-31,2026-04-01,12,0.0,0
PAIM-619045,Km 14.185 to Km 20.593 (National Highways Authority of India [NHAI]) (619045),Infrastructure & Highways,Ministry of Railways,619045,Tamil Nadu,4081.47,4081.47,841.11,20.6,2023-03-01,2027-12-31,2029-12-31,2026-04-01,6,0.0,0
PAIM-11596,(National Highways Authority of India [NHAI]) (619045) (-) (11596),Infrastructure & Highways,Ministry of Railways,11596,Tamil Nadu,318.04,318.04,151.68,47.7,2023-03-01,2026-12-31,2028-12-31,2026-04-01,6,0.0,0
PAIM-619074,NHDP-V (National Highways Authority of India [NHAI]) (619074),Infrastructure & Highways,Ministry of Railways,619074,Tamil Nadu,1405.39,1405.39,398.71,28.4,2024-03-01,2027-12-31,2027-12-31,2026-04-01,6,0.0,0
PAIM-619083,02 (National Highways Authority of India [NHAI]) (619083),Infrastructure & Highways,Ministry of Railways,619083,Tamil Nadu,3608.04,3608.04,1782.91,49.4,2024-03-01,2026-12-31,2028-12-31,2026-04-01,6,0.0,0
PAIM-619084,No. NS2/BOT/TN-4 (National Highways Authority of India [NHAI]) (619084),Infrastructure & Highways,Ministry of Railways,619084,Tamil Nadu,1936.44,1936.44,290.59,15.0,2021-03-01,2027-12-31,2028-12-31,2026-04-01,6,0.0,0
PAIM-619086,Walayar K183.010 Package No. NS-2/BOT/TN-08 (National Highways Authority of India [NHAI]) (619086),Infrastructure & Highways,Ministry of Railways,619086,Tamil Nadu,1919.8,1919.8,1064.25,55.4,2022-03-01,2026-12-31,2028-12-31,2026-04-01,6,0.0,0
PAIM-619094,Dhamrapuri Pkg-2] (National Highways Authority of India [NHAI]) (619094),Infrastructure & Highways,Ministry of Railways,619094,Tamil Nadu,3460.97,3460.97,817.13,23.6,2022-03-01,2027-12-31,2028-12-31,2026-04-01,36,0.0,0
PAIM-11773,(National Highways Authority of India [NHAI]) (619094) (N24001694) (11773),Infrastructure & Highways,Ministry of Railways,N24001694,Tamil Nadu,4273.34,4273.34,2027.74,47.5,2023-03-01,2027-12-31,2028-12-31,2026-04-01,18,0.0,0
PAIM-619129,Mahabalipuram - Pondicherry Pkg-I [Mamallapuram to Mugaiyur] (National Highways Authority of India [NHAI]) (619129),Infrastructure & Highways,Ministry of Railways,619129,Tamil Nadu,3723.3,3723.3,3083.69,82.8,2024-03-01,2028-12-31,2027-12-31,2026-04-01,0,0.0,0
PAIM-11798,(National Highways Authority of India [NHAI]) (619129) (N24001721) (11798),Infrastructure & Highways,Ministry of Railways,N24001721,Tamil Nadu,3063.34,3063.34,2407.92,78.6,2021-03-01,2028-12-31,2029-12-31,2026-04-01,0,0.0,0
PAIM-619130,Mahabalipuram - Pondicherry Pkg-II [Mugaiyur to Marakkanam] (National Highways Authority of India [NHAI]) (619130),Infrastructure & Highways,Ministry of Railways,619130,Tamil Nadu,3698.34,3698.34,1754.55,47.4,2023-03-01,2026-12-31,2028-12-31,2026-04-01,6,0.0,0
PAIM-11799,(National Highways Authority of India [NHAI]) (619130) (N24002111) (11799),Infrastructure & Highways,Ministry of Railways,N24002111,Tamil Nadu,1482.06,1482.06,487.3,32.9,2023-03-01,2027-12-31,2028-12-31,2026-04-01,24,0.0,0
PAIM-619131,Four Laning of Chettikulam to Natham section of NH-785 (National Highways Authority of India [NHAI]) (619131),Infrastructure & Highways,Ministry of Railways,619131,Tamil Nadu,3390.87,3390.87,2811.84,82.9,2021-03-01,2026-12-31,2029-12-31,2026-04-01,18,0.0,0
PAIM-11800,(National Highways Authority of India [NHAI]) (619131) (N24000826) (11800),Infrastructure & Highways,Ministry of Railways,N24000826,Tamil Nadu,2835.87,2835.87,1745.06,61.5,2022-03-01,2028-12-31,2028-12-31,2026-04-01,36,0.0,0
PAIM-619139,Km 9.700 to Km 14.185 (National Highways Authority of India [NHAI]) (619139),Infrastructure & Highways,Ministry of Railways,619139,Tamil Nadu,2585.37,2585.37,2154.45,83.3,2022-03-01,2026-12-31,2028-12-31,2026-04-01,6,0.0,0
PAIM-11805,(National Highways Authority of India [NHAI]) (619139) (-) (11805),Infrastructure & Highways,Ministry of Railways,11805,Tamil Nadu,419.32,419.32,57.97,13.8,2022-03-01,2027-12-31,2029-12-31,2026-04-01,12,0.0,0
PAIM-619161,Tirupati Package-1 (National Highways Authority of India [NHAI]) (619161),Infrastructure & Highways,Ministry of Railways,619161,Tamil Nadu,3221.01,3221.01,985.25,30.6,2021-03-01,2026-12-31,2028-12-31,2026-04-01,36,0.0,0
PAIM-11816,(National Highways Authority of India [NHAI]) (619161) (-) (11816),Infrastructure & Highways,Ministry of Railways,11816,Tamil Nadu,658.89,658.89,225.83,34.3,2022-03-01,2026-12-31,2029-12-31,2026-04-01,24,0.0,0
PAIM-619222,17.520 kms of Tirupathi- Tiruttani- Chennai section of NH 205 (National Highways Authority of India [NHAI]) (619222),Infrastructure & Highways,Ministry of Railways,619222,Tamil Nadu,3107.22,3107.22,730.53,23.5,2024-03-01,2027-12-31,2027-12-31,2026-04-01,24,0.0,0
PAIM-11910,(National Highways Authority of India [NHAI]) (619222) (-) (11910),Infrastructure & Highways,Ministry of Railways,11910,Tamil Nadu,1861.8,1861.8,771.67,41.4,2021-03-01,2028-12-31,2027-12-31,2026-04-01,0,0.0,0
PAIM-617913,Bangalore section of NH-44 Under NHO EPC basis in the state of Telangana (MoRTH) (617913),Infrastructure & Highways,Ministry of Railways,617913,Telangana,2537.74,2537.74,1142.68,45.0,2022-03-01,2027-12-31,2027-12-31,2026-04-01,24,0.0,0
PAIM-617936,Telangana. (MoRTH) (617936),Infrastructure & Highways,Ministry of Railways,617936,Telangana,2097.05,2097.05,323.02,15.4,2024-03-01,2027-12-31,2027-12-31,2026-04-01,24,0.0,0
PAIM-617939,Sangareddy X Roads to Madinaguda in the State of Telangana (MoRTH) (617939),Infrastructure & Highways,Ministry of Railways,617939,Telangana,1879.99,1879.99,1550.52,82.5,2024-03-01,2026-12-31,2027-12-31,2026-04-01,18,0.0,0
PAIM-10143,(MoRTH) (617939) (-) (10143),Infrastructure & Highways,Ministry of Railways,10143,Telangana,2974.99,2974.99,2336.91,78.6,2024-03-01,2027-12-31,2028-12-31,2026-04-01,24,0.0,0
PAIM-617940,under NH O for the year 2020-21 in the state of Telangana on EPC Mode. (MoRTH) (617940),Infrastructure & Highways,Ministry of Railways,617940,Telangana,1272.7,1272.7,561.31,44.1,2021-03-01,2028-12-31,2029-12-31,2026-04-01,24,0.0,0
PAIM-10144,(MoRTH) (617940) (N24002004) (10144),Infrastructure & Highways,Ministry of Railways,N24002004,Telangana,2962.79,2962.79,577.17,19.5,2024-03-01,2026-12-31,2028-12-31,2026-04-01,18,0.0,0
PAIM-617980,mode in the state of Telangana (MoRTH) (617980),Infrastructure & Highways,Ministry of Railways,617980,Telangana,2345.59,2345.59,969.03,41.3,2023-03-01,2027-12-31,2027-12-31,2026-04-01,12,0.0,0
PAIM-10157,(MoRTH) (617980) (N24000994) (10157),Infrastructure & Highways,Ministry of Railways,N24000994,Telangana,892.5,892.5,578.32,64.8,2021-03-01,2028-12-31,2028-12-31,2026-04-01,6,0.0,0
PAIM-617981,on EPC mode under NH O Annual Plan 2016-17 (MoRTH) (617981),Infrastructure & Highways,Ministry of Railways,617981,Telangana,876.29,876.29,124.44,14.2,2021-03-01,2028-12-31,2029-12-31,2026-04-01,12,0.0,0
PAIM-617982,159/0 to 165/4 and 186/0 to 215/0 of NH-163 on EPC mode int the state of Telangana (MoRTH) (617982),Infrastructure & Highways,Ministry of Railways,617982,Telangana,1520.92,1520.92,1087.16,71.5,2023-03-01,2026-12-31,2028-12-31,2026-04-01,0,0.0,0
PAIM-617983,2020-21 on EPC Mode in the state of Telangana. (MoRTH) (617983),Infrastructure & Highways,Ministry of Railways,617983,Telangana,1182.22,1182.22,923.22,78.1,2022-03-01,2028-12-31,2029-12-31,2026-04-01,24,0.0,0
PAIM-617992,state of Telangana (MoRTH) (617992),Infrastructure & Highways,Ministry of Railways,617992,Telangana,4167.17,4167.17,3276.4,78.6,2024-03-01,2028-12-31,2027-12-31,2026-04-01,36,0.0,0
PAIM-617993,EPC mode in the state of Telangana (MoRTH) (617993),Infrastructure & Highways,Ministry of Railways,617993,Telangana,3290.7,3290.7,2428.14,73.8,2023-03-01,2028-12-31,2027-12-31,2026-04-01,12,0.0,0
PAIM-617994,Telangana (MoRTH) (617994),Infrastructure & Highways,Ministry of Railways,617994,Telangana,2241.26,2241.26,798.12,35.6,2021-03-01,2027-12-31,2028-12-31,2026-04-01,24,0.0,0
PAIM-617995,Telangana on EPC mode under NH O Annual Plan 2016-17 (MoRTH) (617995),Infrastructure & Highways,Ministry of Railways,617995,Telangana,367.69,367.69,58.76,16.0,2023-03-01,2026-12-31,2027-12-31,2026-04-01,0,0.0,0
PAIM-617996,167 on Haggari-Jadcherla Road on EPC mode under NHO in the state of Telangana (MoRTH) (617996),Infrastructure & Highways,Ministry of Railways,617996,Telangana,269.5,269.5,179.9,66.8,2023-03-01,2028-12-31,2027-12-31,2026-04-01,18,0.0,0
PAIM-618001,of Telangana (MoRTH) (618001),Infrastructure & Highways,Ministry of Railways,618001,Telangana,2333.49,2333.49,1275.33,54.7,2024-03-01,2028-12-31,2029-12-31,2026-04-01,6,0.0,0
PAIM-618025,mode (MoRTH) (618025),Infrastructure & Highways,Ministry of Railways,618025,Telangana,4455.24,4455.24,968.6,21.7,2023-03-01,2026-12-31,2029-12-31,2026-04-01,6,0.0,0
PAIM-618026,Telangana under EPC mode (MoRTH) (618026),Infrastructure & Highways,Ministry of Railways,618026,Telangana,507.76,507.76,361.54,71.2,2021-03-01,2026-12-31,2027-12-31,2026-04-01,24,0.0,0
PAIM-10165,(MoRTH) (618026) (N24000996) (10165),Infrastructure & Highways,Ministry of Railways,N24000996,Telangana,2236.12,2236.12,714.92,32.0,2021-03-01,2026-12-31,2029-12-31,2026-04-01,36,0.0,0
PAIM-618091,2021-22 on EPC mode under NHO (MoRTH) (618091),Infrastructure & Highways,Ministry of Railways,618091,Telangana,1311.08,1311.08,966.43,73.7,2024-03-01,2027-12-31,2027-12-31,2026-04-01,0,0.0,0
PAIM-10177,(MoRTH) (618091) (-) (10177),Infrastructure & Highways,Ministry of Railways,10177,Telangana,3348.57,3348.57,1144.41,34.2,2021-03-01,2027-12-31,2029-12-31,2026-04-01,18,0.0,0
PAIM-618104,plan 2021-22 on EPC mode under NHO. (MoRTH) (618104),Infrastructure & Highways,Ministry of Railways,618104,Telangana,1386.55,1386.55,1041.35,75.1,2024-03-01,2028-12-31,2028-12-31,2026-04-01,0,0.0,0
PAIM-10183,(MoRTH) (618104) (N24002007) (10183),Infrastructure & Highways,Ministry of Railways,N24002007,Telangana,1676.43,1676.43,239.15,14.3,2024-03-01,2026-12-31,2027-12-31,2026-04-01,18,0.0,0
PAIM-618105,Telangana on EPC mode. (MoRTH) (618105),Infrastructure & Highways,Ministry of Railways,618105,Telangana,1432.74,1432.74,445.4,31.1,2022-03-01,2028-12-31,2029-12-31,2026-04-01,0,0.0,0
PAIM-10184,(MoRTH) (618105) (N24002010) (10184),Infrastructure & Highways,Ministry of Railways,N24002010,Telangana,2984.35,2984.35,2162.14,72.4,2022-03-01,2028-12-31,2027-12-31,2026-04-01,12,0.0,0
PAIM-618106,2021-22-75 (MoRTH) (618106),Infrastructure & Highways,Ministry of Railways,618106,Telangana,1624.74,1624.74,1225.73,75.4,2024-03-01,2026-12-31,2027-12-31,2026-04-01,36,0.0,0
PAIM-10185,(MoRTH) (618106) (N24002009) (10185),Infrastructure & Highways,Ministry of Railways,N24002009,Telangana,3590.25,3590.25,1220.88,34.0,2024-03-01,2028-12-31,2028-12-31,2026-04-01,0,0.0,0
PAIM-618130,section of NH 353B in the State of Telangana (MoRTH) (618130),Infrastructure & Highways,Ministry of Railways,618130,Telangana,924.14,924.14,456.7,49.4,2021-03-01,2027-12-31,2028-12-31,2026-04-01,0,0.0,0
PAIM-618132,state of Telangana (MoRTH) (618132),Infrastructure & Highways,Ministry of Railways,618132,Telangana,3989.69,3989.69,926.73,23.2,2024-03-01,2028-12-31,2028-12-31,2026-04-01,24,0.0,0
PAIM-618140,365A on Kodad-Khammam-Kurvi road. (MoRTH) (618140),Infrastructure & Highways,Ministry of Railways,618140,Telangana,4415.34,4415.34,2375.19,53.8,2022-03-01,2026-12-31,2028-12-31,2026-04-01,0,0.0,0
PAIM-618141,Telangana on EPC Mode (MoRTH) (618141),Infrastructure & Highways,Ministry of Railways,618141,Telangana,1490.25,1490.25,854.3,57.3,2023-03-01,2028-12-31,2027-12-31,2026-04-01,0,0.0,0
PAIM-618142,Thirumanlagiri-- Suryapet Section of NH-365B earstwhile section of SH-16 (MoRTH) (618142),Infrastructure & Highways,Ministry of Railways,618142,Telangana,3448.27,3448.27,2705.9,78.5,2021-03-01,2026-12-31,2028-12-31,2026-04-01,18,0.0,0
PAIM-618143,Plan 2016-17 (MoRTH) (618143),Infrastructure & Highways,Ministry of Railways,618143,Telangana,3559.32,3559.32,1943.79,54.6,2022-03-01,2026-12-31,2029-12-31,2026-04-01,36,0.0,0
PAIM-618182,Annual plan 2022-23 (MoRTH) (618182),Infrastructure & Highways,Ministry of Railways,618182,Telangana,2527.65,2527.65,877.19,34.7,2024-03-01,2027-12-31,2027-12-31,2026-04-01,12,0.0,0
PAIM-618183,mode under NHO (MoRTH) (618183),Infrastructure & Highways,Ministry of Railways,618183,Telangana,4006.63,4006.63,1841.76,46.0,2024-03-01,2027-12-31,2028-12-31,2026-04-01,36,0.0,0
PAIM-618186,"Telangana on Engineering, Procurement and Construction EPC Basis (MoRTH) (618186)",Infrastructure & Highways,Ministry of Railways,618186,Telangana,4302.99,4302.99,1002.03,23.3,2021-03-01,2028-12-31,2029-12-31,2026-04-01,24,0.0,0
PAIM-10201,(MoRTH) (618186) (N24002003) (10201),Infrastructure & Highways,Ministry of Railways,N24002003,Telangana,2171.75,2171.75,1694.61,78.0,2024-03-01,2027-12-31,2028-12-31,2026-04-01,36,0.0,0
PAIM-618190,22 on EPC Mode under NH  O. (MoRTH) (618190),Infrastructure & Highways,Ministry of Railways,618190,Telangana,1662.28,1662.28,583.46,35.1,2022-03-01,2026-12-31,2027-12-31,2026-04-01,24,0.0,0
PAIM-10204,(MoRTH) (618190) (N24002005) (10204),Infrastructure & Highways,Ministry of Railways,N24002005,Telangana,4192.21,4192.21,1889.03,45.1,2022-03-01,2027-12-31,2029-12-31,2026-04-01,6,0.0,0
PAIM-618196,2021-22 on EPC mode (MoRTH) (618196),Infrastructure & Highways,Ministry of Railways,618196,Telangana,1603.89,1603.89,1325.41,82.6,2021-03-01,2026-12-31,2027-12-31,2026-04-01,0,0.0,0
PAIM-10205,(MoRTH) (618196) (N24002008) (10205),Infrastructure & Highways,Ministry of Railways,N24002008,Telangana,482.71,482.71,272.0,56.3,2023-03-01,2027-12-31,2029-12-31,2026-04-01,6,0.0,0
PAIM-618197,EPC mode (MoRTH) (618197),Infrastructure & Highways,Ministry of Railways,618197,Telangana,1285.87,1285.87,980.35,76.2,2022-03-01,2026-12-31,2028-12-31,2026-04-01,18,0.0,0
PAIM-10206,(MoRTH) (618197) (N24002001) (10206),Infrastructure & Highways,Ministry of Railways,N24002001,Telangana,658.94,658.94,261.55,39.7,2021-03-01,2026-12-31,2028-12-31,2026-04-01,12,0.0,0
PAIM-618558,471.00 of NH-44 (National Highways Authority of India [NHAI]) (618558),Infrastructure & Highways,Ministry of Railways,618558,Telangana,1410.13,1410.13,763.84,54.2,2023-03-01,2026-12-31,2029-12-31,2026-04-01,36,0.0,0
PAIM-10404,(National Highways Authority of India [NHAI]) (618558) (N24001555) (10404),Infrastructure & Highways,Ministry of Railways,N24001555,Telangana,3530.09,3530.09,1728.2,49.0,2023-03-01,2026-12-31,2027-12-31,2026-04-01,24,0.0,0
PAIM-618559,481.331 of NH-44 (National Highways Authority of India [NHAI]) (618559),Infrastructure & Highways,Ministry of Railways,618559,Telangana,4342.62,4342.62,3381.46,77.9,2024-03-01,2026-12-31,2028-12-31,2026-04-01,18,0.0,0
PAIM-10405,(National Highways Authority of India [NHAI]) (618559) (N24001556) (10405),Infrastructure & Highways,Ministry of Railways,N24001556,Telangana,2186.23,2186.23,1133.5,51.8,2023-03-01,2027-12-31,2027-12-31,2026-04-01,18,0.0,0
PAIM-618560,NH-44 (National Highways Authority of India [NHAI]) (618560),Infrastructure & Highways,Ministry of Railways,618560,Telangana,3439.11,3439.11,2064.86,60.0,2023-03-01,2027-12-31,2028-12-31,2026-04-01,36,0.0,0
PAIM-10406,(National Highways Authority of India [NHAI]) (618560) (N24002082) (10406),Infrastructure & Highways,Ministry of Railways,N24002082,Telangana,4491.1,4491.1,974.76,21.7,2024-03-01,2028-12-31,2027-12-31,2026-04-01,18,0.0,0
PAIM-618746,village to Somavaram village Design Chainage 0000 to 33604] (National Highways Authority of India [NHAI]) (618746),Infrastructure & Highways,Ministry of Railways,618746,Telangana,2418.79,2418.79,1489.83,61.6,2024-03-01,2028-12-31,2028-12-31,2026-04-01,36,0.0,0
PAIM-10533,(National Highways Authority of India [NHAI]) (618746) (N24001482) (10533),Infrastructure & Highways,Ministry of Railways,N24001482,Telangana,4472.17,4472.17,3519.35,78.7,2023-03-01,2027-12-31,2028-12-31,2026-04-01,18,0.0,0
PAIM-618765,4L of Karimnagar-Warangal section from km 49.500 to km 117.820 of NH-563 (National Highways Authority of India [NHAI]) (,Infrastructure & Highways,Ministry of Railways,618765,Telangana,1591.76,1591.76,449.58,28.2,2023-03-01,2026-12-31,2028-12-31,2026-04-01,0,0.0,0
PAIM-10546,(National Highways Authority of India [NHAI]) (618765) (N24002083) (10546),Infrastructure & Highways,Ministry of Railways,N24002083,Telangana,4144.91,4144.91,702.15,16.9,2022-03-01,2028-12-31,2028-12-31,2026-04-01,6,0.0,0
PAIM-618811,112.240 KmPackage-III (National Highways Authority of India [NHAI]) (618811),Infrastructure & Highways,Ministry of Railways,618811,Telangana,759.53,759.53,99.8,13.1,2024-03-01,2028-12-31,2028-12-31,2026-04-01,24,0.0,0
PAIM-10578,(National Highways Authority of India [NHAI]) (618811) (-) (10578),Infrastructure & Highways,Ministry of Railways,10578,Telangana,2675.01,2675.01,1319.64,49.3,2023-03-01,2026-12-31,2028-12-31,2026-04-01,6,0.0,0
PAIM-618812,at Design Ch. 35.300 Km to Pangidipalle village at Design Ch. 72.350 KmPackage-II (National Highways Authority of India ,Infrastructure & Highways,Ministry of Railways,618812,Telangana,1362.94,1362.94,862.75,63.3,2023-03-01,2026-12-31,2029-12-31,2026-04-01,0,0.0,0
PAIM-10579,(National Highways Authority of India [NHAI]) (618812) (-) (10579),Infrastructure & Highways,Ministry of Railways,10579,Telangana,1380.34,1380.34,213.38,15.5,2021-03-01,2026-12-31,2027-12-31,2026-04-01,12,0.0,0
PAIM-618813,Design Ch. 3.834 Km to Puttapaka village at Design Ch. 35.300 Km Package-I (National Highways Authority of India [NHAI]),Infrastructure & Highways,Ministry of Railways,618813,Telangana,3200.55,3200.55,2406.2,75.2,2024-03-01,2028-12-31,2029-12-31,2026-04-01,24,0.0,0
PAIM-10580,(National Highways Authority of India [NHAI]) (618813) (-) (10580),Infrastructure & Highways,Ministry of Railways,10580,Telangana,3251.27,3251.27,1397.5,43.0,2024-03-01,2027-12-31,2028-12-31,2026-04-01,0,0.0,0
PAIM-618814,Venkatpur village in Warangal District at Design Ch. 150.240 KmPackage-I (National Highways Authority of India [NHAI]) (,Infrastructure & Highways,Ministry of Railways,618814,Telangana,4274.46,4274.46,3331.05,77.9,2023-03-01,2026-12-31,2028-12-31,2026-04-01,24,0.0,0
PAIM-10581,(National Highways Authority of India [NHAI]) (618814) (-) (10581),Infrastructure & Highways,Ministry of Railways,10581,Telangana,3309.32,3309.32,1384.56,41.8,2024-03-01,2028-12-31,2027-12-31,2026-04-01,6,0.0,0
PAIM-618815,Thallasenkesa village in Mahabubabed District at Design Ch. 189.650 kmPackage-II (National Highways Authority of India [,Infrastructure & Highways,Ministry of Railways,618815,Telangana,3512.9,3512.9,1690.69,48.1,2024-03-01,2026-12-31,2029-12-31,2026-04-01,6,0.0,0
PAIM-10582,(National Highways Authority of India [NHAI]) (618815) (-) (10582),Infrastructure & Highways,Ministry of Railways,10582,Telangana,1233.09,1233.09,330.02,26.8,2024-03-01,2028-12-31,2027-12-31,2026-04-01,6,0.0,0
PAIM-618817,at Design Ch. 250.400 Km Package-I. (National Highways Authority of India [NHAI]) (618817),Infrastructure & Highways,Ministry of Railways,618817,Telangana,4478.11,4478.11,2045.67,45.7,2023-03-01,2027-12-31,2028-12-31,2026-04-01,12,0.0,0
PAIM-10584,(National Highways Authority of India [NHAI]) (618817) (-) (10584),Infrastructure & Highways,Ministry of Railways,10584,Telangana,696.44,696.44,458.85,65.9,2023-03-01,2026-12-31,2027-12-31,2026-04-01,6,0.0,0
PAIM-618944,Hyderabad - Maneguda (National Highways Authority of India [NHAI]) (618944),Infrastructure & Highways,Ministry of Railways,618944,Telangana,1997.83,1997.83,379.46,19.0,2024-03-01,2028-12-31,2027-12-31,2026-04-01,0,0.0,0
PAIM-10682,(National Highways Authority of India [NHAI]) (618944) (-) (10682),Infrastructure & Highways,Ministry of Railways,10682,Telangana,1252.32,1252.32,1034.84,82.6,2024-03-01,2027-12-31,2027-12-31,2026-04-01,24,0.0,0
PAIM-618945,31.800/Existing Km 29.400 of NH-365A (National Highways Authority of India [NHAI]) (618945),Infrastructure & Highways,Ministry of Railways,618945,Telangana,2376.37,2376.37,997.55,42.0,2021-03-01,2028-12-31,2027-12-31,2026-04-01,12,0.0,0
PAIM-10683,(National Highways Authority of India [NHAI]) (618945) (N24001522) (10683),Infrastructure & Highways,Ministry of Railways,N24001522,Telangana,3795.92,3795.92,1841.58,48.5,2022-03-01,2028-12-31,2028-12-31,2026-04-01,36,0.0,0
PAIM-12154,(MoRTH) (619009) (-) (12154),Infrastructure & Highways,Ministry of Railways,12154,Telangana,1860.08,1860.08,777.84,41.8,2022-03-01,2026-12-31,2029-12-31,2026-04-01,24,0.0,0
PAIM-619128,village to Chintagudem village Design Chainage 33604 to 63117] (National Highways Authority of India [NHAI]) (619128),Infrastructure & Highways,Ministry of Railways,619128,Telangana,4117.41,4117.41,2681.21,65.1,2023-03-01,2027-12-31,2027-12-31,2026-04-01,12,0.0,0
PAIM-11797,(National Highways Authority of India [NHAI]) (619128) (N24001483) (11797),Infrastructure & Highways,Ministry of Railways,N24001483,Telangana,1108.14,1108.14,323.3,29.2,2023-03-01,2028-12-31,2029-12-31,2026-04-01,36,0.0,0
PAIM-619165,Thanamcherla-Jamandlapally 2LPS (National Highways Authority of India [NHAI]) (619165),Infrastructure & Highways,Ministry of Railways,619165,Telangana,299.72,299.72,51.05,17.0,2024-03-01,2028-12-31,2028-12-31,2026-04-01,12,0.0,0
PAIM-619193,Telangana through EPC mode (MoRTH) (619193),Infrastructure & Highways,Ministry of Railways,619193,Telangana,2411.86,2411.86,1741.23,72.2,2022-03-01,2028-12-31,2029-12-31,2026-04-01,0,0.0,0
PAIM-12153,(MoRTH) (619253) (-) (12153),Infrastructure & Highways,Ministry of Railways,12153,Telangana,2368.35,2368.35,889.28,37.5,2022-03-01,2028-12-31,2028-12-31,2026-04-01,12,0.0,0
PAIM-10272,(NHIDCL) (618350) (N24002205) (10272),Infrastructure & Highways,Ministry of Railways,N24002205,Multi-State,2662.91,2662.91,2216.13,83.2,2023-03-01,2026-12-31,2028-12-31,2026-04-01,12,0.0,0
PAIM-10282,(NHIDCL) (618367) (N24002228) (10282),Infrastructure & Highways,Ministry of Railways,N24002228,Multi-State,3046.94,3046.94,1897.89,62.3,2022-03-01,2026-12-31,2029-12-31,2026-04-01,6,0.0,0
PAIM-10283,(NHIDCL) (618368) (N24002162) (10283),Infrastructure & Highways,Ministry of Railways,N24002162,Multi-State,335.29,335.29,216.9,64.7,2021-03-01,2027-12-31,2028-12-31,2026-04-01,0,0.0,0
PAIM-10284,(NHIDCL) (618369) (N24002161) (10284),Infrastructure & Highways,Ministry of Railways,N24002161,Multi-State,405.7,405.7,198.41,48.9,2022-03-01,2027-12-31,2029-12-31,2026-04-01,6,0.0,0
PAIM-10305,(NHIDCL) (618417) (N24002132) (10305),Infrastructure & Highways,Ministry of Railways,N24002132,Multi-State,3974.64,3974.64,1497.34,37.7,2023-03-01,2026-12-31,2029-12-31,2026-04-01,24,0.0,0
PAIM-617957,of Uttar Pradesh. (MoRTH) (617957),Infrastructure & Highways,Ministry of Railways,617957,Uttar Pradesh,463.37,463.37,54.65,11.8,2023-03-01,2026-12-31,2028-12-31,2026-04-01,6,0.0,0
PAIM-617963,92 under EPC mode in the State of Uttar Pradesh (MoRTH) (617963),Infrastructure & Highways,Ministry of Railways,617963,Uttar Pradesh,1238.46,1238.46,960.16,77.5,2023-03-01,2028-12-31,2028-12-31,2026-04-01,6,0.0,0
PAIM-617964,EPC mode in the state of Uttar Pradesh. (MoRTH) (617964),Infrastructure & Highways,Ministry of Railways,617964,Uttar Pradesh,730.92,730.92,358.41,49.0,2024-03-01,2026-12-31,2027-12-31,2026-04-01,36,0.0,0
PAIM-618008,EPC mode (MoRTH) (618008),Infrastructure & Highways,Ministry of Railways,618008,Uttar Pradesh,2633.18,2633.18,1862.87,70.7,2024-03-01,2026-12-31,2028-12-31,2026-04-01,12,0.0,0
PAIM-618009,24B Phase-1 on EPC mode. (MoRTH) (618009),Infrastructure & Highways,Ministry of Railways,618009,Uttar Pradesh,2589.17,2589.17,468.57,18.1,2024-03-01,2027-12-31,2027-12-31,2026-04-01,12,0.0,0
PAIM-618054,km.223.000 of NH-330 to km.328.300 of NH-730 under EPC mode (MoRTH) (618054),Infrastructure & Highways,Ministry of Railways,618054,Uttar Pradesh,874.18,874.18,276.63,31.6,2022-03-01,2028-12-31,2029-12-31,2026-04-01,18,0.0,0
PAIM-10171,(MoRTH) (618054) (N24002150) (10171),Infrastructure & Highways,Ministry of Railways,N24002150,Uttar Pradesh,2093.44,2093.44,654.89,31.3,2024-03-01,2027-12-31,2027-12-31,2026-04-01,6,0.0,0
PAIM-618055,mode in the State of Uttar Pradesh. (MoRTH) (618055),Infrastructure & Highways,Ministry of Railways,618055,Uttar Pradesh,664.7,664.7,531.89,80.0,2022-03-01,2026-12-31,2029-12-31,2026-04-01,0,0.0,0
PAIM-618056,Uttar Pradesh EPC basis (MoRTH) (618056),Infrastructure & Highways,Ministry of Railways,618056,Uttar Pradesh,2355.48,2355.48,1883.42,80.0,2022-03-01,2026-12-31,2028-12-31,2026-04-01,36,0.0,0
PAIM-618057,Pradesh (MoRTH) (618057),Infrastructure & Highways,Ministry of Railways,618057,Uttar Pradesh,1987.47,1987.47,1155.5,58.1,2023-03-01,2027-12-31,2027-12-31,2026-04-01,6,0.0,0
PAIM-618063,km.40.00 of NH-91-A on EPC mode (MoRTH) (618063),Infrastructure & Highways,Ministry of Railways,618063,Uttar Pradesh,3311.15,3311.15,1040.43,31.4,2021-03-01,2028-12-31,2028-12-31,2026-04-01,12,0.0,0
PAIM-618066,state of Uttar Pradesh (MoRTH) (618066),Infrastructure & Highways,Ministry of Railways,618066,Uttar Pradesh,1846.77,1846.77,915.24,49.6,2022-03-01,2027-12-31,2029-12-31,2026-04-01,18,0.0,0
PAIM-618067,"Engineering, Procurement & Construction EpC mode in the State of Uttar Pradesh (MoRTH) (618067)",Infrastructure & Highways,Ministry of Railways,618067,Uttar Pradesh,1161.89,1161.89,852.59,73.4,2022-03-01,2026-12-31,2027-12-31,2026-04-01,12,0.0,0
PAIM-10172,(MoRTH) (618067) (-) (10172),Infrastructure & Highways,Ministry of Railways,10172,Uttar Pradesh,3797.57,3797.57,2875.1,75.7,2021-03-01,2028-12-31,2028-12-31,2026-04-01,24,0.0,0
PAIM-618075,design km. 0.000 to km. 54.048 of NH-124D (MoRTH) (618075),Infrastructure & Highways,Ministry of Railways,618075,Uttar Pradesh,1808.97,1808.97,719.79,39.8,2023-03-01,2026-12-31,2028-12-31,2026-04-01,0,0.0,0
PAIM-10174,(MoRTH) (618075) (N24002031) (10174),Infrastructure & Highways,Ministry of Railways,N24002031,Uttar Pradesh,3467.55,3467.55,774.76,22.3,2023-03-01,2027-12-31,2027-12-31,2026-04-01,36,0.0,0
PAIM-618081,53.540 to Km.59.200 of NH-135A on EPC mode in the state of Uttar Pradesh (MoRTH) (618081),Infrastructure & Highways,Ministry of Railways,618081,Uttar Pradesh,1847.79,1847.79,650.19,35.2,2023-03-01,2026-12-31,2027-12-31,2026-04-01,36,0.0,0
PAIM-618082,km.73.134 Jaunpur of NH-135A on EPC mode (MoRTH) (618082),Infrastructure & Highways,Ministry of Railways,618082,Uttar Pradesh,3211.48,3211.48,2611.02,81.3,2022-03-01,2026-12-31,2027-12-31,2026-04-01,18,0.0,0
PAIM-618110,to near Sikriganj in the State of UP on EPC Mode. (MoRTH) (618110),Infrastructure & Highways,Ministry of Railways,618110,Uttar Pradesh,2759.09,2759.09,1759.64,63.8,2024-03-01,2027-12-31,2028-12-31,2026-04-01,36,0.0,0
PAIM-618111,Barhalganj in the State of UP on EPC Mode. (MoRTH) (618111),Infrastructure & Highways,Ministry of Railways,618111,Uttar Pradesh,1476.75,1476.75,841.62,57.0,2022-03-01,2027-12-31,2028-12-31,2026-04-01,18,0.0,0
PAIM-618112,in the State of Uttar Pradesh on EPC basis (MoRTH) (618112),Infrastructure & Highways,Ministry of Railways,618112,Uttar Pradesh,3799.91,3799.91,569.45,15.0,2022-03-01,2027-12-31,2028-12-31,2026-04-01,36,0.0,0
PAIM-10186,(MoRTH) (618112) (N24002240) (10186),Infrastructure & Highways,Ministry of Railways,N24002240,Uttar Pradesh,591.23,591.23,125.5,21.2,2021-03-01,2026-12-31,2028-12-31,2026-04-01,36,0.0,0
PAIM-618113,basis. (MoRTH) (618113),Infrastructure & Highways,Ministry of Railways,618113,Uttar Pradesh,3857.74,3857.74,1021.98,26.5,2023-03-01,2027-12-31,2027-12-31,2026-04-01,18,0.0,0
PAIM-10187,(MoRTH) (618113) (N24002241) (10187),Infrastructure & Highways,Ministry of Railways,N24002241,Uttar Pradesh,3797.36,3797.36,634.51,16.7,2022-03-01,2028-12-31,2027-12-31,2026-04-01,12,0.0,0
PAIM-12089,(MoRTH) (618114) (-) (12089),Infrastructure & Highways,Ministry of Railways,12089,Uttar Pradesh,4023.37,4023.37,935.17,23.2,2021-03-01,2027-12-31,2027-12-31,2026-04-01,18,0.0,0
PAIM-618116,NH-227B 84 Kosi Parikrama Marg to 2LPS along with Parikrama Path (MoRTH) (618116),Infrastructure & Highways,Ministry of Railways,618116,Uttar Pradesh,3162.32,3162.32,1744.49,55.2,2024-03-01,2026-12-31,2029-12-31,2026-04-01,0,0.0,0
PAIM-618124,State of Uttar Pradesh (MoRTH) (618124),Infrastructure & Highways,Ministry of Railways,618124,Uttar Pradesh,3712.18,3712.18,889.97,24.0,2021-03-01,2026-12-31,2027-12-31,2026-04-01,24,0.0,0
PAIM-618162,under HAM (MoRTH) (618162),Infrastructure & Highways,Ministry of Railways,618162,Uttar Pradesh,1570.26,1570.26,1295.5,82.5,2021-03-01,2026-12-31,2028-12-31,2026-04-01,0,0.0,0
PAIM-618163,"on Engineering, Procurement & Construction EPC Basis. (MoRTH) (618163)",Infrastructure & Highways,Ministry of Railways,618163,Uttar Pradesh,344.94,344.94,116.75,33.8,2023-03-01,2028-12-31,2029-12-31,2026-04-01,0,0.0,0
PAIM-10195,(MoRTH) (618163) (N24001418) (10195),Infrastructure & Highways,Ministry of Railways,N24001418,Uttar Pradesh,1788.24,1788.24,231.2,12.9,2023-03-01,2027-12-31,2029-12-31,2026-04-01,6,0.0,0
PAIM-618164,of NH-731A i/c Yamuna Bridge on HAM in the state of Uttar Pradesh. (MoRTH) (618164),Infrastructure & Highways,Ministry of Railways,618164,Uttar Pradesh,4198.53,4198.53,1410.54,33.6,2023-03-01,2028-12-31,2027-12-31,2026-04-01,0,0.0,0
PAIM-10196,(MoRTH) (618164) (N24001419) (10196),Infrastructure & Highways,Ministry of Railways,N24001419,Uttar Pradesh,2017.17,2017.17,1046.85,51.9,2021-03-01,2028-12-31,2029-12-31,2026-04-01,18,0.0,0
PAIM-618165,NH-731A on Hybrid Annuity Mode in the state of Uttar Pradesh (MoRTH) (618165),Infrastructure & Highways,Ministry of Railways,618165,Uttar Pradesh,4483.07,4483.07,3740.77,83.4,2023-03-01,2027-12-31,2027-12-31,2026-04-01,36,0.0,0
PAIM-10197,(MoRTH) (618165) (N24001545) (10197),Infrastructure & Highways,Ministry of Railways,N24001545,Uttar Pradesh,2914.46,2914.46,753.33,25.8,2022-03-01,2026-12-31,2027-12-31,2026-04-01,18,0.0,0
PAIM-618166,731A with paved shoulders on Hybrid Annuity Mode in the state of Uttar Pradesh (MoRTH) (618166),Infrastructure & Highways,Ministry of Railways,618166,Uttar Pradesh,2270.12,2270.12,813.72,35.8,2024-03-01,2026-12-31,2027-12-31,2026-04-01,24,0.0,0
PAIM-10198,(MoRTH) (618166) (N24001647) (10198),Infrastructure & Highways,Ministry of Railways,N24001647,Uttar Pradesh,1202.75,1202.75,380.62,31.6,2022-03-01,2027-12-31,2027-12-31,2026-04-01,12,0.0,0
PAIM-618167,paved shoulder under EPC mode (MoRTH) (618167),Infrastructure & Highways,Ministry of Railways,618167,Uttar Pradesh,4474.27,4474.27,2922.69,65.3,2023-03-01,2026-12-31,2027-12-31,2026-04-01,18,0.0,0
PAIM-618168,NH-731B on EPC mode in the state of Uttar Pradesh (MoRTH) (618168),Infrastructure & Highways,Ministry of Railways,618168,Uttar Pradesh,3390.7,3390.7,2373.43,70.0,2021-03-01,2027-12-31,2029-12-31,2026-04-01,12,0.0,0
PAIM-10199,(MoRTH) (618168) (N24001792) (10199),Infrastructure & Highways,Ministry of Railways,N24001792,Uttar Pradesh,1185.76,1185.76,653.94,55.1,2024-03-01,2028-12-31,2029-12-31,2026-04-01,24,0.0,0
PAIM-618169,Ch.49.2OO of NH-731B on EPC Mode (MoRTH) (618169),Infrastructure & Highways,Ministry of Railways,618169,Uttar Pradesh,1287.38,1287.38,679.06,52.7,2021-03-01,2027-12-31,2027-12-31,2026-04-01,36,0.0,0
PAIM-10200,(MoRTH) (618169) (N24001730) (10200),Infrastructure & Highways,Ministry of Railways,N24001730,Uttar Pradesh,1034.19,1034.19,225.91,21.8,2021-03-01,2026-12-31,2028-12-31,2026-04-01,12,0.0,0
PAIM-618187,areas in a total length of 9.732 km in the state of Uttar Pradesh on EPC mode (MoRTH) (618187),Infrastructure & Highways,Ministry of Railways,618187,Uttar Pradesh,876.58,876.58,260.88,29.8,2024-03-01,2026-12-31,2029-12-31,2026-04-01,24,0.0,0
PAIM-10202,(MoRTH) (618187) (-) (10202),Infrastructure & Highways,Ministry of Railways,10202,Uttar Pradesh,4256.95,4256.95,1590.33,37.4,2021-03-01,2026-12-31,2028-12-31,2026-04-01,6,0.0,0
PAIM-618229,assistance of world Bank on EPC mode. (MoRTH) (618229),Infrastructure & Highways,Ministry of Railways,618229,Uttar Pradesh,2755.8,2755.8,482.78,17.5,2022-03-01,2028-12-31,2029-12-31,2026-04-01,6,0.0,0
PAIM-618233,Allahabad on EPC mode (MoRTH) (618233),Infrastructure & Highways,Ministry of Railways,618233,Uttar Pradesh,2306.88,2306.88,1709.45,74.1,2022-03-01,2027-12-31,2027-12-31,2026-04-01,24,0.0,0
PAIM-10222,(MoRTH) (618233) (N24001421) (10222),Infrastructure & Highways,Ministry of Railways,N24001421,Uttar Pradesh,3065.2,3065.2,1359.39,44.3,2024-03-01,2027-12-31,2027-12-31,2026-04-01,12,0.0,0
PAIM-618240,assistance of world Bank on EPC mode. (MoRTH) (618240),Infrastructure & Highways,Ministry of Railways,618240,Uttar Pradesh,766.87,766.87,187.48,24.4,2023-03-01,2026-12-31,2028-12-31,2026-04-01,12,0.0,0
PAIM-618243,state of Uttar Pradesh on HAM mode (MoRTH) (618243),Infrastructure & Highways,Ministry of Railways,618243,Uttar Pradesh,2412.12,2412.12,1107.49,45.9,2024-03-01,2026-12-31,2029-12-31,2026-04-01,36,0.0,0
PAIM-10224,(MoRTH) (618243) (N24002245) (10224),Infrastructure & Highways,Ministry of Railways,N24002245,Uttar Pradesh,3620.48,3620.48,1287.08,35.5,2022-03-01,2028-12-31,2027-12-31,2026-04-01,24,0.0,0
PAIM-618244,Raebareli City in the state of Uttar Pradesh on Hybrid Annuity Model HAM basis (MoRTH) (618244),Infrastructure & Highways,Ministry of Railways,618244,Uttar Pradesh,2435.93,2435.93,413.34,17.0,2022-03-01,2028-12-31,2028-12-31,2026-04-01,12,0.0,0
PAIM-10225,(MoRTH) (618244) (N24002235) (10225),Infrastructure & Highways,Ministry of Railways,N24002235,Uttar Pradesh,4120.97,4120.97,1595.9,38.7,2023-03-01,2027-12-31,2027-12-31,2026-04-01,24,0.0,0
PAIM-618247,0.000 to km 15.000 of NH 135A in the State of Uttar Pradesh on HAM Mode. (MoRTH) (618247),Infrastructure & Highways,Ministry of Railways,618247,Uttar Pradesh,4062.23,4062.23,1802.48,44.4,2022-03-01,2026-12-31,2028-12-31,2026-04-01,36,0.0,0
PAIM-618248,Pradesh. (MoRTH) (618248),Infrastructure & Highways,Ministry of Railways,618248,Uttar Pradesh,657.18,657.18,382.43,58.2,2023-03-01,2028-12-31,2027-12-31,2026-04-01,0,0.0,0
PAIM-618249,Akbarpur section on Hybrid Annuity Mode in the state of Uttar Pradesh (MoRTH) (618249),Infrastructure & Highways,Ministry of Railways,618249,Uttar Pradesh,612.37,612.37,165.03,26.9,2024-03-01,2026-12-31,2028-12-31,2026-04-01,18,0.0,0
PAIM-10227,(MoRTH) (618249) (N24002234) (10227),Infrastructure & Highways,Ministry of Railways,N24002234,Uttar Pradesh,661.75,661.75,107.53,16.2,2022-03-01,2028-12-31,2027-12-31,2026-04-01,6,0.0,0
PAIM-618252,the state of Uttar Pradesh on Hybrid Annuity Model HAM basis (MoRTH) (618252),Infrastructure & Highways,Ministry of Railways,618252,Uttar Pradesh,354.36,354.36,39.01,11.0,2022-03-01,2027-12-31,2029-12-31,2026-04-01,0,0.0,0
PAIM-10230,(MoRTH) (618252) (N24002201) (10230),Infrastructure & Highways,Ministry of Railways,N24002201,Uttar Pradesh,2735.24,2735.24,2300.48,84.1,2023-03-01,2027-12-31,2028-12-31,2026-04-01,24,0.0,0
PAIM-618260,Annuity Mode HAM in the State of Uttar Pradesh (MoRTH) (618260),Infrastructure & Highways,Ministry of Railways,618260,Uttar Pradesh,285.36,285.36,97.19,34.1,2024-03-01,2026-12-31,2028-12-31,2026-04-01,0,0.0,0
PAIM-10231,(MoRTH) (618260) (-) (10231),Infrastructure & Highways,Ministry of Railways,10231,Uttar Pradesh,1702.02,1702.02,669.99,39.4,2024-03-01,2028-12-31,2028-12-31,2026-04-01,6,0.0,0
PAIM-618262,shoulder configuration under Hybrid Annuity Mode HAM in the State of Uttar Pradesh (MoRTH) (618262),Infrastructure & Highways,Ministry of Railways,618262,Uttar Pradesh,441.93,441.93,100.09,22.6,2022-03-01,2027-12-31,2027-12-31,2026-04-01,12,0.0,0
PAIM-10232,(MoRTH) (618262) (-) (10232),Infrastructure & Highways,Ministry of Railways,10232,Uttar Pradesh,3314.74,3314.74,1844.88,55.7,2022-03-01,2028-12-31,2029-12-31,2026-04-01,12,0.0,0
PAIM-618263,Uttar Pradesh (MoRTH) (618263),Infrastructure & Highways,Ministry of Railways,618263,Uttar Pradesh,1916.49,1916.49,428.99,22.4,2021-03-01,2028-12-31,2028-12-31,2026-04-01,18,0.0,0
PAIM-10233,(MoRTH) (618263) (N24002213) (10233),Infrastructure & Highways,Ministry of Railways,N24002213,Uttar Pradesh,3642.82,3642.82,445.54,12.2,2023-03-01,2026-12-31,2027-12-31,2026-04-01,0,0.0,0
PAIM-618264,NH-727B near Sikanderpur under EPC mode (MoRTH) (618264),Infrastructure & Highways,Ministry of Railways,618264,Uttar Pradesh,4472.78,4472.78,1721.68,38.5,2022-03-01,2028-12-31,2028-12-31,2026-04-01,6,0.0,0
PAIM-10234,(MoRTH) (618264) (-) (10234),Infrastructure & Highways,Ministry of Railways,10234,Uttar Pradesh,1746.52,1746.52,770.25,44.1,2024-03-01,2026-12-31,2029-12-31,2026-04-01,12,0.0,0
PAIM-618265,the loan assistance of world Bank on EPC mode. (MoRTH) (618265),Infrastructure & Highways,Ministry of Railways,618265,Uttar Pradesh,4226.37,4226.37,1845.95,43.7,2021-03-01,2026-12-31,2029-12-31,2026-04-01,18,0.0,0
PAIM-618266,assistance of world Bank on EPC mode. (MoRTH) (618266),Infrastructure & Highways,Ministry of Railways,618266,Uttar Pradesh,4091.89,4091.89,878.62,21.5,2022-03-01,2027-12-31,2028-12-31,2026-04-01,24,0.0,0
PAIM-618498,6L Greenfield Kanpur - Lucknow Expressway Pkg II from km. 28.500 to km. 73.744 (National Highways Authority of India [NH,Infrastructure & Highways,Ministry of Railways,618498,Uttar Pradesh,4337.09,4337.09,3424.32,79.0,2022-03-01,2028-12-31,2027-12-31,2026-04-01,12,0.0,0
PAIM-10356,(National Highways Authority of India [NHAI]) (618498) (N24001731) (10356),Infrastructure & Highways,Ministry of Railways,N24001731,Uttar Pradesh,1846.72,1846.72,1295.98,70.2,2023-03-01,2026-12-31,2027-12-31,2026-04-01,0,0.0,0
PAIM-618499,6L Elevated Kanpur - Lucknow Exeressway Pkg-1 from Km. 10980 to Km. 28500 (National Highways Authority of India [NHAI]) ,Infrastructure & Highways,Ministry of Railways,618499,Uttar Pradesh,3229.79,3229.79,2543.21,78.7,2021-03-01,2026-12-31,2027-12-31,2026-04-01,18,0.0,0
PAIM-10357,(National Highways Authority of India [NHAI]) (618499) (N24001745) (10357),Infrastructure & Highways,Ministry of Railways,N24001745,Uttar Pradesh,610.41,610.41,494.53,81.0,2022-03-01,2028-12-31,2027-12-31,2026-04-01,18,0.0,0
PAIM-618500,Km 8.520 of NH-235 Pkg-5 (National Highways Authority of India [NHAI]) (618500),Infrastructure & Highways,Ministry of Railways,618500,Uttar Pradesh,4318.21,4318.21,970.15,22.5,2022-03-01,2027-12-31,2028-12-31,2026-04-01,6,0.0,0
PAIM-10358,(National Highways Authority of India [NHAI]) (618500) (N24001772) (10358),Infrastructure & Highways,Ministry of Railways,N24001772,Uttar Pradesh,614.54,614.54,195.26,31.8,2022-03-01,2027-12-31,2027-12-31,2026-04-01,18,0.0,0
PAIM-618529,Revasa Village km 818.80 / NH-2 (National Highways Authority of India [NHAI]) (618529),Infrastructure & Highways,Ministry of Railways,618529,Uttar Pradesh,2378.62,2378.62,849.99,35.7,2022-03-01,2027-12-31,2028-12-31,2026-04-01,24,0.0,0
PAIM-10380,(National Highways Authority of India [NHAI]) (618529) (N24001826) (10380),Infrastructure & Highways,Ministry of Railways,N24001826,Uttar Pradesh,2499.99,2499.99,1180.97,47.2,2022-03-01,2027-12-31,2028-12-31,2026-04-01,24,0.0,0
PAIM-618536,Pakari Package-IV in State of Uttar Pradesh. (National Highways Authority of India [NHAI]) (618536),Infrastructure & Highways,Ministry of Railways,618536,Uttar Pradesh,2767.52,2767.52,1690.11,61.1,2021-03-01,2027-12-31,2029-12-31,2026-04-01,0,0.0,0
PAIM-10385,(National Highways Authority of India [NHAI]) (618536) (-) (10385),Infrastructure & Highways,Ministry of Railways,10385,Uttar Pradesh,2103.55,2103.55,1028.75,48.9,2022-03-01,2027-12-31,2029-12-31,2026-04-01,0,0.0,0
PAIM-618537,Sachendi I to Maharajpur Package-I (National Highways Authority of India [NHAI]) (618537),Infrastructure & Highways,Ministry of Railways,618537,Uttar Pradesh,304.87,304.87,65.06,21.3,2024-03-01,2027-12-31,2029-12-31,2026-04-01,36,0.0,0
PAIM-10386,(National Highways Authority of India [NHAI]) (618537) (N24002104) (10386),Infrastructure & Highways,Ministry of Railways,N24002104,Uttar Pradesh,2114.82,2114.82,640.89,30.3,2021-03-01,2028-12-31,2027-12-31,2026-04-01,18,0.0,0
PAIM-618538,Harbanch-Uchti Pkg-III (National Highways Authority of India [NHAI]) (618538),Infrastructure & Highways,Ministry of Railways,618538,Uttar Pradesh,3762.95,3762.95,2094.12,55.7,2023-03-01,2028-12-31,2027-12-31,2026-04-01,0,0.0,0
PAIM-10387,(National Highways Authority of India [NHAI]) (618538) (-) (10387),Infrastructure & Highways,Ministry of Railways,10387,Uttar Pradesh,3060.3,3060.3,466.91,15.3,2024-03-01,2027-12-31,2029-12-31,2026-04-01,12,0.0,0
PAIM-618539,Sathara Package-II B (National Highways Authority of India [NHAI]) (618539),Infrastructure & Highways,Ministry of Railways,618539,Uttar Pradesh,1112.0,1112.0,166.73,15.0,2021-03-01,2026-12-31,2027-12-31,2026-04-01,6,0.0,0
PAIM-10388,(National Highways Authority of India [NHAI]) (618539) (-) (10388),Infrastructure & Highways,Ministry of Railways,10388,Uttar Pradesh,336.15,336.15,152.56,45.4,2021-03-01,2026-12-31,2028-12-31,2026-04-01,18,0.0,0
PAIM-618540,to Transganga Package-IIA (National Highways Authority of India [NHAI]) (618540),Infrastructure & Highways,Ministry of Railways,618540,Uttar Pradesh,3590.66,3590.66,2277.59,63.4,2021-03-01,2027-12-31,2028-12-31,2026-04-01,24,0.0,0
PAIM-10389,(National Highways Authority of India [NHAI]) (618540) (-) (10389),Infrastructure & Highways,Ministry of Railways,10389,Uttar Pradesh,478.55,478.55,336.27,70.3,2021-03-01,2028-12-31,2029-12-31,2026-04-01,36,0.0,0
PAIM-618553,141.000 of Yamuna Expressways (National Highways Authority of India [NHAI]) (618553),Infrastructure & Highways,Ministry of Railways,618553,Uttar Pradesh,3773.73,3773.73,774.77,20.5,2023-03-01,2028-12-31,2029-12-31,2026-04-01,0,0.0,0
PAIM-10399,(National Highways Authority of India [NHAI]) (618553) (N24001852) (10399),Infrastructure & Highways,Ministry of Railways,N24001852,Uttar Pradesh,929.52,929.52,438.72,47.2,2021-03-01,2027-12-31,2027-12-31,2026-04-01,6,0.0,0
PAIM-618554,NH-44 village Bad from Km. 0.000 to Km. 7.772 (National Highways Authority of India [NHAI]) (618554),Infrastructure & Highways,Ministry of Railways,618554,Uttar Pradesh,1095.59,1095.59,238.97,21.8,2023-03-01,2027-12-31,2028-12-31,2026-04-01,0,0.0,0
PAIM-10400,(National Highways Authority of India [NHAI]) (618554) (N24001853) (10400),Infrastructure & Highways,Ministry of Railways,N24001853,Uttar Pradesh,939.08,939.08,654.12,69.7,2021-03-01,2026-12-31,2029-12-31,2026-04-01,18,0.0,0
PAIM-618565,Km. 144020 of NH 28 New NH 27Pkg-3 (NHAI) (618565),Infrastructure & Highways,Ministry of Railways,618565,Uttar Pradesh,3510.87,3510.87,538.47,15.3,2022-03-01,2027-12-31,2027-12-31,2026-04-01,24,0.0,0
PAIM-618566,29E Chainage 83.308 and end at NH-28 Chainage 285.100 (National Highways Authority of India [NHAI]) (618566),Infrastructure & Highways,Ministry of Railways,618566,Uttar Pradesh,2296.27,2296.27,412.62,18.0,2021-03-01,2028-12-31,2028-12-31,2026-04-01,12,0.0,0
PAIM-10409,(National Highways Authority of India [NHAI]) (618566) (N24002096) (10409),Infrastructure & Highways,Ministry of Railways,N24002096,Uttar Pradesh,3525.73,3525.73,1310.91,37.2,2023-03-01,2026-12-31,2027-12-31,2026-04-01,6,0.0,0
PAIM-618567,of existing NH-27 part-1 and part-2 south of NH-27 from km 0.000 to km 5.000. (NHAI) (618567),Infrastructure & Highways,Ministry of Railways,618567,Uttar Pradesh,944.9,944.9,297.33,31.5,2023-03-01,2028-12-31,2028-12-31,2026-04-01,0,0.0,0
PAIM-10410,(NHAI) (618567) (-) (10410),Infrastructure & Highways,Ministry of Railways,10410,Uttar Pradesh,2492.47,2492.47,1560.4,62.6,2024-03-01,2026-12-31,2028-12-31,2026-04-01,18,0.0,0
PAIM-618568,112.540 and ending at Km. 153.281 of NH-27 (NHAI) (618568),Infrastructure & Highways,Ministry of Railways,618568,Uttar Pradesh,2664.55,2664.55,1310.46,49.2,2022-03-01,2028-12-31,2029-12-31,2026-04-01,24,0.0,0
PAIM-10411,(NHAI) (618568) (-) (10411),Infrastructure & Highways,Ministry of Railways,10411,Uttar Pradesh,2759.55,2759.55,814.36,29.5,2023-03-01,2028-12-31,2028-12-31,2026-04-01,36,0.0,0
PAIM-618669,EC in MP & UP on HAM (National Highways Authority of India [NHAI]) (618669),Infrastructure & Highways,Ministry of Railways,618669,Uttar Pradesh,2087.86,2087.86,1757.92,84.2,2022-03-01,2028-12-31,2029-12-31,2026-04-01,0,0.0,0
PAIM-10474,(National Highways Authority of India [NHAI]) (618669) (-) (10474),Infrastructure & Highways,Ministry of Railways,10474,Uttar Pradesh,4411.67,4411.67,557.65,12.6,2024-03-01,2027-12-31,2029-12-31,2026-04-01,0,0.0,0
PAIM-618690,UP on HAM mode (National Highways Authority of India [NHAI]) (618690),Infrastructure & Highways,Ministry of Railways,618690,Uttar Pradesh,972.2,972.2,356.31,36.6,2021-03-01,2027-12-31,2029-12-31,2026-04-01,18,0.0,0
PAIM-10491,(National Highways Authority of India [NHAI]) (618690) (-) (10491),Infrastructure & Highways,Ministry of Railways,10491,Uttar Pradesh,4231.99,4231.99,1878.26,44.4,2023-03-01,2026-12-31,2027-12-31,2026-04-01,36,0.0,0
PAIM-618692,Aligarh-Kanpur Pkg I [Aligarh-Bhadwas] (National Highways Authority of India [NHAI]) (618692),Infrastructure & Highways,Ministry of Railways,618692,Uttar Pradesh,692.32,692.32,163.13,23.6,2023-03-01,2028-12-31,2029-12-31,2026-04-01,18,0.0,0
PAIM-10493,(National Highways Authority of India [NHAI]) (618692) (-) (10493),Infrastructure & Highways,Ministry of Railways,10493,Uttar Pradesh,2283.72,2283.72,526.41,23.1,2021-03-01,2027-12-31,2027-12-31,2026-04-01,24,0.0,0
PAIM-618710,DL/UP Border - EPE Crossing Pkg-02 (National Highways Authority of India [NHAI]) (618710),Infrastructure & Highways,Ministry of Railways,618710,Uttar Pradesh,2365.71,2365.71,1588.12,67.1,2024-03-01,2028-12-31,2027-12-31,2026-04-01,18,0.0,0
PAIM-10505,(National Highways Authority of India [NHAI]) (618710) (N24001830) (10505),Infrastructure & Highways,Ministry of Railways,N24001830,Uttar Pradesh,663.21,663.21,75.21,11.3,2021-03-01,2028-12-31,2027-12-31,2026-04-01,24,0.0,0
PAIM-618722,to km 45.500 (National Highways Authority of India [NHAI]) (618722),Infrastructure & Highways,Ministry of Railways,618722,Uttar Pradesh,2930.28,2930.28,2082.04,71.1,2023-03-01,2026-12-31,2028-12-31,2026-04-01,6,0.0,0
PAIM-10517,(National Highways Authority of India [NHAI]) (618722) (N24002036) (10517),Infrastructure & Highways,Ministry of Railways,N24002036,Uttar Pradesh,3981.11,3981.11,705.34,17.7,2021-03-01,2026-12-31,2027-12-31,2026-04-01,18,0.0,0
PAIM-618761,bypassing Meerut Town of NH 709 A (National Highways Authority of India [NHAI]) (618761),Infrastructure & Highways,Ministry of Railways,618761,Uttar Pradesh,4126.28,4126.28,1434.95,34.8,2021-03-01,2026-12-31,2029-12-31,2026-04-01,0,0.0,0
PAIM-10543,(National Highways Authority of India [NHAI]) (618761) (N24001754) (10543),Infrastructure & Highways,Ministry of Railways,N24001754,Uttar Pradesh,2867.51,2867.51,876.91,30.6,2022-03-01,2027-12-31,2029-12-31,2026-04-01,24,0.0,0
PAIM-12084,(National Highways Authority of India [NHAI]) (618768) (-) (12084),Infrastructure & Highways,Ministry of Railways,12084,Uttar Pradesh,2692.5,2692.5,1394.04,51.8,2024-03-01,2028-12-31,2028-12-31,2026-04-01,36,0.0,0
PAIM-618770,and NH-709A Karnal  Meerut bypassing Shamli district UP (National Highways Authority of India [NHAI]) (618770),Infrastructure & Highways,Ministry of Railways,618770,Uttar Pradesh,4488.88,4488.88,1818.9,40.5,2024-03-01,2027-12-31,2029-12-31,2026-04-01,24,0.0,0
PAIM-618782,4L of Bareilly-Pilibhit-Sitarganj from Km. 0.000 to Km. 32.500 of NH-30 Pkg-1 (National Highways Authority of India [NHA,Infrastructure & Highways,Ministry of Railways,618782,Uttar Pradesh,1604.84,1604.84,687.79,42.9,2022-03-01,2027-12-31,2028-12-31,2026-04-01,18,0.0,0
PAIM-10557,(National Highways Authority of India [NHAI]) (618782) (-) (10557),Infrastructure & Highways,Ministry of Railways,10557,Uttar Pradesh,659.69,659.69,351.05,53.2,2022-03-01,2027-12-31,2027-12-31,2026-04-01,36,0.0,0
PAIM-618798,4L of Sonauli - Gorakhpur (National Highways Authority of India [NHAI]) (618798),Infrastructure & Highways,Ministry of Railways,618798,Uttar Pradesh,3694.27,3694.27,815.79,22.1,2024-03-01,2028-12-31,2027-12-31,2026-04-01,6,0.0,0
PAIM-10569,(National Highways Authority of India [NHAI]) (618798) (N24002095) (10569),Infrastructure & Highways,Ministry of Railways,N24002095,Uttar Pradesh,1528.85,1528.85,859.9,56.2,2022-03-01,2027-12-31,2028-12-31,2026-04-01,12,0.0,0
PAIM-618843,Km 219/720 of NH-31 under NHO in the state of Uttar Pradesh on EPC mode (National Highways Authority of India [NHAI]) (6,Infrastructure & Highways,Ministry of Railways,618843,Uttar Pradesh,2157.69,2157.69,1339.66,62.1,2021-03-01,2028-12-31,2028-12-31,2026-04-01,6,0.0,0
PAIM-618848,expansion of runway of Babatpur Airport Varanasi (National Highways Authority of India [NHAI]) (618848),Infrastructure & Highways,Ministry of Railways,618848,Uttar Pradesh,2102.89,2102.89,978.47,46.5,2021-03-01,2028-12-31,2027-12-31,2026-04-01,18,0.0,0
PAIM-10607,(National Highways Authority of India [NHAI]) (618848) (-) (10607),Infrastructure & Highways,Ministry of Railways,10607,Uttar Pradesh,3518.72,3518.72,782.0,22.2,2024-03-01,2026-12-31,2028-12-31,2026-04-01,36,0.0,0
PAIM-618854,2L PS of Raebareli - Jagdishpur with 4L Jagdishpur Bypass Spur (National Highways Authority of India [NHAI]) (618854),Infrastructure & Highways,Ministry of Railways,618854,Uttar Pradesh,1159.41,1159.41,923.4,79.6,2021-03-01,2027-12-31,2029-12-31,2026-04-01,12,0.0,0
PAIM-10610,(National Highways Authority of India [NHAI]) (618854) (N24001306) (10610),Infrastructure & Highways,Ministry of Railways,N24001306,Uttar Pradesh,1214.56,1214.56,992.28,81.7,2021-03-01,2027-12-31,2029-12-31,2026-04-01,24,0.0,0
PAIM-618855,"88.750, start of Khutar bypass to start of Shahjahanpur bypass of NH 731Pkg-I (National Highways Authority of India [NHA",Infrastructure & Highways,Ministry of Railways,618855,Uttar Pradesh,1858.38,1858.38,579.11,31.2,2023-03-01,2027-12-31,2029-12-31,2026-04-01,6,0.0,0
PAIM-10611,(National Highways Authority of India [NHAI]) (618855) (N24001727) (10611),Infrastructure & Highways,Ministry of Railways,N24001727,Uttar Pradesh,586.85,586.85,81.63,13.9,2021-03-01,2028-12-31,2028-12-31,2026-04-01,6,0.0,0
PAIM-618856,"175.080, from Start of Shahabad Bypass to End of Hardoi bypass of NH 731 Pkg-2B (National Highways Authority of India [N",Infrastructure & Highways,Ministry of Railways,618856,Uttar Pradesh,4091.05,4091.05,968.08,23.7,2024-03-01,2026-12-31,2027-12-31,2026-04-01,6,0.0,0
PAIM-10612,(National Highways Authority of India [NHAI]) (618856) (N24002094) (10612),Infrastructure & Highways,Ministry of Railways,N24002094,Uttar Pradesh,2973.57,2973.57,2231.57,75.0,2021-03-01,2028-12-31,2027-12-31,2026-04-01,18,0.0,0
PAIM-618858,731Pkg.-2A (National Highways Authority of India [NHAI]) (618858),Infrastructure & Highways,Ministry of Railways,618858,Uttar Pradesh,3258.22,3258.22,1560.13,47.9,2024-03-01,2027-12-31,2029-12-31,2026-04-01,24,0.0,0
PAIM-10614,(National Highways Authority of India [NHAI]) (618858) (-) (10614),Infrastructure & Highways,Ministry of Railways,10614,Uttar Pradesh,659.6,659.6,466.64,70.7,2024-03-01,2027-12-31,2028-12-31,2026-04-01,18,0.0,0
PAIM-618859,"260.800, End of Hardoi District to Lucknow Ring road of NH 731 Pkg-4 (National Highways Authority of India [NHAI]) (6188",Infrastructure & Highways,Ministry of Railways,618859,Uttar Pradesh,2385.76,2385.76,708.55,29.7,2024-03-01,2026-12-31,2029-12-31,2026-04-01,24,0.0,0
PAIM-10615,(National Highways Authority of India [NHAI]) (618859) (N24001732) (10615),Infrastructure & Highways,Ministry of Railways,N24001732,Uttar Pradesh,2930.9,2930.9,407.23,13.9,2021-03-01,2027-12-31,2027-12-31,2026-04-01,18,0.0,0
PAIM-618864,32.982 of NH-530B Pkg-IB (National Highways Authority of India [NHAI]) (618864),Infrastructure & Highways,Ministry of Railways,618864,Uttar Pradesh,4210.12,4210.12,1469.38,34.9,2022-03-01,2027-12-31,2027-12-31,2026-04-01,36,0.0,0
PAIM-10619,(National Highways Authority of India [NHAI]) (618864) (N24001851) (10619),Infrastructure & Highways,Ministry of Railways,N24001851,Uttar Pradesh,2999.17,2999.17,525.03,17.5,2023-03-01,2028-12-31,2027-12-31,2026-04-01,6,0.0,0
PAIM-618865,530B Pkg-1C. (National Highways Authority of India [NHAI]) (618865),Infrastructure & Highways,Ministry of Railways,618865,Uttar Pradesh,417.02,417.02,350.34,84.0,2023-03-01,2026-12-31,2028-12-31,2026-04-01,18,0.0,0
PAIM-10620,(National Highways Authority of India [NHAI]) (618865) (N24001730) (10620),Infrastructure & Highways,Ministry of Railways,N24001730,Uttar Pradesh,1553.76,1553.76,1122.29,72.2,2023-03-01,2026-12-31,2027-12-31,2026-04-01,0,0.0,0
PAIM-618866,"218.000 Section of NH 530B, in the State of Uttar Pradesh on HAM Mode under NH0 (National Highways Authority of India [N",Infrastructure & Highways,Ministry of Railways,618866,Uttar Pradesh,539.1,539.1,204.76,38.0,2023-03-01,2026-12-31,2029-12-31,2026-04-01,18,0.0,0
PAIM-10621,(National Highways Authority of India [NHAI]) (618866) (-) (10621),Infrastructure & Highways,Ministry of Railways,10621,Uttar Pradesh,2378.69,2378.69,1064.94,44.8,2024-03-01,2027-12-31,2028-12-31,2026-04-01,6,0.0,0
PAIM-618867,4L Kasganj-Badaun Section from Km. 123.100 to Km. 179.500 Pkg-III of NH530B (National Highways Authority of India [NHAI],Infrastructure & Highways,Ministry of Railways,618867,Uttar Pradesh,3820.14,3820.14,3038.0,79.5,2021-03-01,2028-12-31,2029-12-31,2026-04-01,18,0.0,0
PAIM-10622,(National Highways Authority of India [NHAI]) (618867) (-) (10622),Infrastructure & Highways,Ministry of Railways,10622,Uttar Pradesh,1527.97,1527.97,1078.42,70.6,2021-03-01,2028-12-31,2029-12-31,2026-04-01,0,0.0,0
PAIM-618868,530B (National Highways Authority of India [NHAI]) (618868),Infrastructure & Highways,Ministry of Railways,618868,Uttar Pradesh,3500.91,3500.91,2874.0,82.1,2024-03-01,2028-12-31,2029-12-31,2026-04-01,18,0.0,0
PAIM-10623,(National Highways Authority of India [NHAI]) (618868) (-) (10623),Infrastructure & Highways,Ministry of Railways,10623,Uttar Pradesh,2486.33,2486.33,624.14,25.1,2023-03-01,2028-12-31,2027-12-31,2026-04-01,18,0.0,0
PAIM-618869,30 near Invertis University including Trumpet Interchange (National Highways Authority of India [NHAI]) (618869),Infrastructure & Highways,Ministry of Railways,618869,Uttar Pradesh,2790.8,2790.8,1566.02,56.1,2021-03-01,2028-12-31,2029-12-31,2026-04-01,6,0.0,0
PAIM-618883,42.500] on EPC Mode in the state of Uttar Pradesh. (National Highways Authority of India [NHAI]) (618883),Infrastructure & Highways,Ministry of Railways,618883,Uttar Pradesh,343.41,343.41,99.3,28.9,2021-03-01,2027-12-31,2027-12-31,2026-04-01,0,0.0,0
PAIM-10634,(National Highways Authority of India [NHAI]) (618883) (N24002086) (10634),Infrastructure & Highways,Ministry of Railways,N24002086,Uttar Pradesh,2745.12,2745.12,1750.0,63.7,2024-03-01,2026-12-31,2027-12-31,2026-04-01,6,0.0,0
PAIM-618884,78.150] on EPC Mode in the state of Uttar Pradesh. (National Highways Authority of India [NHAI]) (618884),Infrastructure & Highways,Ministry of Railways,618884,Uttar Pradesh,1726.28,1726.28,943.6,54.7,2022-03-01,2028-12-31,2029-12-31,2026-04-01,18,0.0,0
PAIM-10635,(National Highways Authority of India [NHAI]) (618884) (N24002087) (10635),Infrastructure & Highways,Ministry of Railways,N24002087,Uttar Pradesh,4346.89,4346.89,2683.16,61.7,2021-03-01,2026-12-31,2027-12-31,2026-04-01,24,0.0,0
PAIM-618885,EPC Mode in the state of Uttar Pradesh. (National Highways Authority of India [NHAI]) (618885),Infrastructure & Highways,Ministry of Railways,618885,Uttar Pradesh,3837.37,3837.37,2463.86,64.2,2022-03-01,2028-12-31,2028-12-31,2026-04-01,24,0.0,0
PAIM-10636,(National Highways Authority of India [NHAI]) (618885) (N24002089) (10636),Infrastructure & Highways,Ministry of Railways,N24002089,Uttar Pradesh,1767.92,1767.92,416.79,23.6,2022-03-01,2026-12-31,2029-12-31,2026-04-01,36,0.0,0
PAIM-618893,Gorakhpur (National Highways Authority of India [NHAI]) (618893),Infrastructure & Highways,Ministry of Railways,618893,Uttar Pradesh,1743.77,1743.77,788.92,45.2,2021-03-01,2026-12-31,2029-12-31,2026-04-01,0,0.0,0
PAIM-10642,(National Highways Authority of India [NHAI]) (618893) (-) (10642),Infrastructure & Highways,Ministry of Railways,10642,Uttar Pradesh,4427.63,4427.63,2030.51,45.9,2024-03-01,2027-12-31,2027-12-31,2026-04-01,6,0.0,0
PAIM-618911,13.700 connecting NH-24 to NH-87 bypassing rampur town (National Highways Authority of India [NHAI]) (618911),Infrastructure & Highways,Ministry of Railways,618911,Uttar Pradesh,2725.47,2725.47,1119.65,41.1,2024-03-01,2027-12-31,2029-12-31,2026-04-01,24,0.0,0
PAIM-10658,(National Highways Authority of India [NHAI]) (618911) (N24002090) (10658),Infrastructure & Highways,Ministry of Railways,N24002090,Uttar Pradesh,1994.57,1994.57,740.0,37.1,2023-03-01,2026-12-31,2028-12-31,2026-04-01,18,0.0,0
PAIM-618923,Design Length 39.560 Km  of NH-119 Pkg-II (National Highways Authority of India [NHAI]) (618923),Infrastructure & Highways,Ministry of Railways,618923,Uttar Pradesh,3330.11,3330.11,2466.48,74.1,2022-03-01,2027-12-31,2029-12-31,2026-04-01,36,0.0,0
PAIM-10669,(National Highways Authority of India [NHAI]) (618923) (-) (10669),Infrastructure & Highways,Ministry of Railways,10669,Uttar Pradesh,1646.32,1646.32,366.94,22.3,2023-03-01,2027-12-31,2028-12-31,2026-04-01,0,0.0,0
PAIM-618924,2L PS of Najibabad Kotdwar section from 112.575 to Km. 138.635 of NH 119 (National Highways Authority of India [NHAI]) (,Infrastructure & Highways,Ministry of Railways,618924,Uttar Pradesh,789.37,789.37,526.31,66.7,2021-03-01,2027-12-31,2028-12-31,2026-04-01,18,0.0,0
PAIM-618925,Bijnor-Kotawali (National Highways Authority of India [NHAI]) (618925),Infrastructure & Highways,Ministry of Railways,618925,Uttar Pradesh,297.0,297.0,108.88,36.7,2023-03-01,2028-12-31,2029-12-31,2026-04-01,6,0.0,0
PAIM-618927,734 Pkg-II (National Highways Authority of India [NHAI]) (618927),Infrastructure & Highways,Ministry of Railways,618927,Uttar Pradesh,4244.87,4244.87,1790.02,42.2,2022-03-01,2027-12-31,2027-12-31,2026-04-01,36,0.0,0
PAIM-10671,(National Highways Authority of India [NHAI]) (618927) (-) (10671),Infrastructure & Highways,Ministry of Railways,10671,Uttar Pradesh,2527.88,2527.88,2015.7,79.7,2022-03-01,2027-12-31,2029-12-31,2026-04-01,18,0.0,0
PAIM-618929,Km. 33.200 Pkg-I (National Highways Authority of India [NHAI]) (618929),Infrastructure & Highways,Ministry of Railways,618929,Uttar Pradesh,316.32,316.32,43.94,13.9,2024-03-01,2028-12-31,2028-12-31,2026-04-01,6,0.0,0
PAIM-10673,(National Highways Authority of India [NHAI]) (618929) (-) (10673),Infrastructure & Highways,Ministry of Railways,10673,Uttar Pradesh,502.05,502.05,57.2,11.4,2023-03-01,2026-12-31,2029-12-31,2026-04-01,12,0.0,0
PAIM-618959,NH-19 (National Highways Authority of India [NHAI]) (618959),Infrastructure & Highways,Ministry of Railways,618959,Uttar Pradesh,3042.26,3042.26,1193.62,39.2,2021-03-01,2027-12-31,2028-12-31,2026-04-01,6,0.0,0
PAIM-618960,43.200 - 50.860 (National Highways Authority of India [NHAI]) (618960),Infrastructure & Highways,Ministry of Railways,618960,Uttar Pradesh,2447.61,2447.61,1731.24,70.7,2022-03-01,2027-12-31,2029-12-31,2026-04-01,12,0.0,0
PAIM-10694,(National Highways Authority of India [NHAI]) (618960) (N24002105) (10694),Infrastructure & Highways,Ministry of Railways,N24002105,Uttar Pradesh,4029.74,4029.74,1293.88,32.1,2022-03-01,2027-12-31,2028-12-31,2026-04-01,12,0.0,0
PAIM-618961,34.400  43.200 (National Highways Authority of India [NHAI]) (618961),Infrastructure & Highways,Ministry of Railways,618961,Uttar Pradesh,4217.2,4217.2,2826.81,67.0,2022-03-01,2028-12-31,2028-12-31,2026-04-01,6,0.0,0
PAIM-618968,Bypass  from Km. 82.000 to Km. 119.790 Pkg-4 (National Highways Authority of India [NHAI]) (618968),Infrastructure & Highways,Ministry of Railways,618968,Uttar Pradesh,4365.85,4365.85,3435.0,78.7,2023-03-01,2026-12-31,2029-12-31,2026-04-01,18,0.0,0
PAIM-10698,(National Highways Authority of India [NHAI]) (618968) (N24001735) (10698),Infrastructure & Highways,Ministry of Railways,N24001735,Uttar Pradesh,1347.66,1347.66,1074.02,79.7,2023-03-01,2028-12-31,2028-12-31,2026-04-01,24,0.0,0
PAIM-618970,Km. 27.000 to Km. 56.500 Pkg-2 (National Highways Authority of India [NHAI]) (618970),Infrastructure & Highways,Ministry of Railways,618970,Uttar Pradesh,1826.91,1826.91,483.44,26.5,2024-03-01,2028-12-31,2029-12-31,2026-04-01,18,0.0,0
PAIM-10700,(National Highways Authority of India [NHAI]) (618970) (N24001734) (10700),Infrastructure & Highways,Ministry of Railways,N24001734,Uttar Pradesh,2246.73,2246.73,1764.83,78.6,2022-03-01,2026-12-31,2029-12-31,2026-04-01,18,0.0,0
PAIM-619162,74 Bypass of NH-119 (National Highways Authority of India [NHAI]) (619162),Infrastructure & Highways,Ministry of Railways,619162,Uttar Pradesh,679.16,679.16,187.75,27.6,2024-03-01,2027-12-31,2027-12-31,2026-04-01,36,0.0,0
PAIM-11817,(National Highways Authority of India [NHAI]) (619162) (N24001753) (11817),Infrastructure & Highways,Ministry of Railways,N24001753,Uttar Pradesh,2185.88,2185.88,303.67,13.9,2022-03-01,2026-12-31,2029-12-31,2026-04-01,12,0.0,0
PAIM-619168,Lohadda from Km. 0.000  to Km. 27.000 Pkg-1 (National Highways Authority of India [NHAI]) (619168),Infrastructure & Highways,Ministry of Railways,619168,Uttar Pradesh,1415.92,1415.92,877.61,62.0,2022-03-01,2028-12-31,2027-12-31,2026-04-01,36,0.0,0
PAIM-11822,(National Highways Authority of India [NHAI]) (619168) (N24001733) (11822),Infrastructure & Highways,Ministry of Railways,N24001733,Uttar Pradesh,1768.68,1768.68,248.77,14.1,2022-03-01,2027-12-31,2028-12-31,2026-04-01,24,0.0,0
PAIM-619308,Dehradun  section  from Km.0 to Km.8.3 of NH-72A  Package-1 (NHAI) (619308),Infrastructure & Highways,Ministry of Railways,619308,Uttar Pradesh,3133.0,3133.0,1781.12,56.9,2022-03-01,2026-12-31,2027-12-31,2026-04-01,6,0.0,0
PAIM-12098,(NHAI) (619308) (-) (12098),Infrastructure & Highways,Ministry of Railways,12098,Uttar Pradesh,4374.95,4374.95,770.45,17.6,2022-03-01,2026-12-31,2027-12-31,2026-04-01,12,0.0,0
PAIM-617888,296.925 10 location under EPC mode in the State of Uttarakhand on EPC Mode (MoRTH) (617888),Infrastructure & Highways,Ministry of Railways,617888,Multi-State,1219.38,1219.38,886.25,72.7,2021-03-01,2027-12-31,2027-12-31,2026-04-01,36,0.0,0
PAIM-617889,12509 in the State of Uttarakhand under EPC mode in NHO Annual Plan 2022-23 (MoRTH) (617889),Infrastructure & Highways,Ministry of Railways,617889,Multi-State,2279.75,2279.75,906.71,39.8,2024-03-01,2028-12-31,2027-12-31,2026-04-01,6,0.0,0
PAIM-617890,9.847 of NH-125 in District-Champawat in the state of Uttrakhand on EPC mode. (MoRTH) (617890),Infrastructure & Highways,Ministry of Railways,617890,Multi-State,3464.0,3464.0,900.87,26.0,2024-03-01,2028-12-31,2027-12-31,2026-04-01,6,0.0,0
PAIM-617929,Km 47.700 existing Km 33.130 to Km 41.260 of NH-109 in the State of Uttarakhand (MoRTH) (617929),Infrastructure & Highways,Ministry of Railways,617929,Multi-State,3877.02,3877.02,3112.1,80.3,2024-03-01,2027-12-31,2028-12-31,2026-04-01,24,0.0,0
PAIM-617967,EPC mode in the state of Uttarakhand. (MoRTH) (617967),Infrastructure & Highways,Ministry of Railways,617967,Multi-State,2458.66,2458.66,1966.01,80.0,2024-03-01,2028-12-31,2028-12-31,2026-04-01,18,0.0,0
PAIM-617968,to Sitapur on NH 109 in UK (MoRTH) (617968),Infrastructure & Highways,Ministry of Railways,617968,Multi-State,3064.76,3064.76,819.67,26.7,2023-03-01,2027-12-31,2027-12-31,2026-04-01,18,0.0,0
PAIM-617970,92.880 of NH- (MoRTH) (617970),Infrastructure & Highways,Ministry of Railways,617970,Multi-State,1837.01,1837.01,974.74,53.1,2023-03-01,2027-12-31,2028-12-31,2026-04-01,0,0.0,0
PAIM-617974,Dharasu to Yamunotri Road of NH- 134 Old NH-94 (MoRTH) (617974),Infrastructure & Highways,Ministry of Railways,617974,Multi-State,2215.29,2215.29,1058.82,47.8,2023-03-01,2028-12-31,2028-12-31,2026-04-01,36,0.0,0
PAIM-617975,Uttarakhand (MoRTH) (617975),Infrastructure & Highways,Ministry of Railways,617975,Multi-State,1413.99,1413.99,807.8,57.1,2023-03-01,2028-12-31,2027-12-31,2026-04-01,36,0.0,0
PAIM-618039,Km 53.365 to Km 78.785 on NH- 507 in the State of Uttarakhand. (MoRTH) (618039),Infrastructure & Highways,Ministry of Railways,618039,Multi-State,334.42,334.42,52.0,15.5,2023-03-01,2028-12-31,2028-12-31,2026-04-01,36,0.0,0
PAIM-618040,534 in the State of Uttarakhand under NHO Annual Plan 2021-22 under EPC mode (MoRTH) (618040),Infrastructure & Highways,Ministry of Railways,618040,Multi-State,4000.07,4000.07,3281.79,82.0,2021-03-01,2028-12-31,2027-12-31,2026-04-01,18,0.0,0
PAIM-618041,2021-22. (MoRTH) (618041),Infrastructure & Highways,Ministry of Railways,618041,Multi-State,3706.71,3706.71,1885.95,50.9,2023-03-01,2027-12-31,2029-12-31,2026-04-01,36,0.0,0
PAIM-618119,309Ain the State of Uttarakhand Package-IV under NHO Annual Plan 2021-22 (MoRTH) (618119),Infrastructure & Highways,Ministry of Railways,618119,Multi-State,2738.81,2738.81,1281.16,46.8,2024-03-01,2027-12-31,2028-12-31,2026-04-01,6,0.0,0
PAIM-618207,under Annual Plan 2022-23 length 50.987 (MoRTH) (618207),Infrastructure & Highways,Ministry of Railways,618207,Multi-State,1454.7,1454.7,1002.65,68.9,2023-03-01,2026-12-31,2027-12-31,2026-04-01,0,0.0,0
PAIM-10213,(MoRTH) (618207) (-) (10213),Infrastructure & Highways,Ministry of Railways,10213,Multi-State,750.02,750.02,116.97,15.6,2023-03-01,2026-12-31,2028-12-31,2026-04-01,24,0.0,0
PAIM-618208,Chardham Programme in the State of Uttarakhand. (MoRTH) (618208),Infrastructure & Highways,Ministry of Railways,618208,Multi-State,2533.37,2533.37,698.96,27.6,2024-03-01,2028-12-31,2029-12-31,2026-04-01,36,0.0,0
PAIM-618209,Uttarakhand Length 6.35 km (MoRTH) (618209),Infrastructure & Highways,Ministry of Railways,618209,Multi-State,208.59,208.59,110.8,53.1,2023-03-01,2028-12-31,2029-12-31,2026-04-01,36,0.0,0
PAIM-618210,Length-35.605 Km CA No EPC/MORT&H/HRK/01/2021-22 (MoRTH) (618210),Infrastructure & Highways,Ministry of Railways,618210,Multi-State,1943.51,1943.51,1525.45,78.5,2022-03-01,2028-12-31,2028-12-31,2026-04-01,6,0.0,0
PAIM-10214,(MoRTH) (618210) (-) (10214),Infrastructure & Highways,Ministry of Railways,10214,Multi-State,3034.37,3034.37,1930.58,63.6,2023-03-01,2027-12-31,2029-12-31,2026-04-01,12,0.0,0
PAIM-618211,Pariyojna on EPC Mode (MoRTH) (618211),Infrastructure & Highways,Ministry of Railways,618211,Multi-State,634.95,634.95,331.84,52.3,2021-03-01,2026-12-31,2029-12-31,2026-04-01,12,0.0,0
PAIM-10215,(MoRTH) (618211) (-) (10215),Infrastructure & Highways,Ministry of Railways,10215,Multi-State,1354.44,1354.44,1129.55,83.4,2024-03-01,2028-12-31,2028-12-31,2026-04-01,24,0.0,0
PAIM-618212,SLIDE - 12 NOS (MoRTH) (618212),Infrastructure & Highways,Ministry of Railways,618212,Multi-State,4221.76,4221.76,2758.87,65.3,2024-03-01,2027-12-31,2027-12-31,2026-04-01,24,0.0,0
PAIM-618213,Chardham in (MoRTH) (618213),Infrastructure & Highways,Ministry of Railways,618213,Multi-State,939.09,939.09,240.75,25.6,2024-03-01,2027-12-31,2027-12-31,2026-04-01,0,0.0,0
PAIM-618214,mode under improvement to NH connectivity to Chardham in the state of Uttarakhand. (MoRTH) (618214),Infrastructure & Highways,Ministry of Railways,618214,Multi-State,3643.78,3643.78,1406.22,38.6,2022-03-01,2027-12-31,2028-12-31,2026-04-01,6,0.0,0
PAIM-618218,Pariyojna on EPC mode in the state of Uttarakhand (MoRTH) (618218),Infrastructure & Highways,Ministry of Railways,618218,Multi-State,1521.24,1521.24,295.18,19.4,2021-03-01,2027-12-31,2028-12-31,2026-04-01,0,0.0,0
PAIM-618219,Malari Ch. 60.550 km road on NH- 107B under in the state of Uttarakhand. (MoRTH) (618219),Infrastructure & Highways,Ministry of Railways,618219,Multi-State,3017.58,3017.58,1465.68,48.6,2021-03-01,2028-12-31,2029-12-31,2026-04-01,18,0.0,0
PAIM-618390,along NH-134 Old NH-94 on EPC mode (NHIDCL) (618390),Infrastructure & Highways,Ministry of Railways,618390,Multi-State,277.29,277.29,158.4,57.1,2024-03-01,2027-12-31,2029-12-31,2026-04-01,0,0.0,0
PAIM-10297,(NHIDCL) (618390) (N24000855) (10297),Infrastructure & Highways,Ministry of Railways,N24000855,Multi-State,3711.78,3711.78,1372.98,37.0,2022-03-01,2028-12-31,2029-12-31,2026-04-01,24,0.0,0
PAIM-618391,01 No. Bridge from Ch. 450.00 to Ch. 468.00 18 Km. Length on NH-07 Package-III (NHIDCL) (618391),Infrastructure & Highways,Ministry of Railways,618391,Multi-State,2352.89,2352.89,1043.84,44.4,2024-03-01,2027-12-31,2028-12-31,2026-04-01,0,0.0,0
PAIM-618392,state of Uttarakhand Package-2 (NHIDCL) (618392),Infrastructure & Highways,Ministry of Railways,618392,Multi-State,3538.52,3538.52,1519.77,42.9,2022-03-01,2027-12-31,2029-12-31,2026-04-01,12,0.0,0
PAIM-618393,EPC Mode in Uttarakhand Package-1 (NHIDCL) (618393),Infrastructure & Highways,Ministry of Railways,618393,Multi-State,4135.15,4135.15,2619.87,63.4,2023-03-01,2026-12-31,2028-12-31,2026-04-01,18,0.0,0
PAIM-618875,to km 27.509 of EUP mitigation measures on NH74 (National Highways Authority of India [NHAI]) (618875),Infrastructure & Highways,Ministry of Railways,618875,Multi-State,711.47,711.47,356.53,50.1,2021-03-01,2028-12-31,2027-12-31,2026-04-01,0,0.0,0
PAIM-619142,Priyojana of NH-109D on EPC mode in the State of Uttarakhand (National Highways Authority of India [NHAI]) (619142),Infrastructure & Highways,Ministry of Railways,619142,Multi-State,995.61,995.61,535.31,53.8,2021-03-01,2027-12-31,2028-12-31,2026-04-01,6,0.0,0
PAIM-619155,15.100 Km 5.100 of NH 74 PKg-1 (National Highways Authority of India [NHAI]) (619155),Infrastructure & Highways,Ministry of Railways,619155,Multi-State,3736.72,3736.72,395.75,10.6,2021-03-01,2028-12-31,2028-12-31,2026-04-01,12,0.0,0
PAIM-11813,(National Highways Authority of India [NHAI]) (619155) (N24001526) (11813),Infrastructure & Highways,Ministry of Railways,N24001526,Multi-State,3645.36,3645.36,1342.26,36.8,2022-03-01,2028-12-31,2028-12-31,2026-04-01,12,0.0,0
PAIM-619292,4L Medinipur to Ballupur from Km. 458.65 to Km. 487.65 of NH-07Pkg-2 (NHAI) (619292),Infrastructure & Highways,Ministry of Railways,619292,Multi-State,3265.84,3265.84,1166.51,35.7,2024-03-01,2026-12-31,2027-12-31,2026-04-01,0,0.0,0
PAIM-12093,(NHAI) (619292) (-) (12093),Infrastructure & Highways,Ministry of Railways,12093,Multi-State,1768.16,1768.16,1044.36,59.1,2023-03-01,2028-12-31,2029-12-31,2026-04-01,12,0.0,0
PAIM-619293,on EPC Mode in the State of Uttarakhand under NHO (NHAI) (619293),Infrastructure & Highways,Ministry of Railways,619293,Multi-State,1968.23,1968.23,431.17,21.9,2024-03-01,2028-12-31,2027-12-31,2026-04-01,6,0.0,0
PAIM-619294,under NHO. (NHAI) (619294),Infrastructure & Highways,Ministry of Railways,619294,Multi-State,1521.71,1521.71,974.46,64.0,2023-03-01,2026-12-31,2028-12-31,2026-04-01,18,0.0,0
PAIM-619295,0.000 to Km 19.780 (NHAI) (619295),Infrastructure & Highways,Ministry of Railways,619295,Multi-State,3589.16,3589.16,2776.46,77.4,2024-03-01,2027-12-31,2027-12-31,2026-04-01,24,0.0,0
PAIM-12094,(NHAI) (619295) (-) (12094),Infrastructure & Highways,Ministry of Railways,12094,Multi-State,2578.85,2578.85,1121.35,43.5,2023-03-01,2028-12-31,2029-12-31,2026-04-01,18,0.0,0
PAIM-617893,014-W8-2023-24/527   . (MoRTH) (617893),Infrastructure & Highways,Ministry of Railways,617893,West Bengal,1792.73,1792.73,763.01,42.6,2023-03-01,2026-12-31,2027-12-31,2026-04-01,18,0.0,0
PAIM-617894,West Bengal in EPC Mode- reg.   Job No. 014-WB-2022-23/514 (MoRTH) (617894),Infrastructure & Highways,Ministry of Railways,617894,West Bengal,1519.36,1519.36,284.24,18.7,2021-03-01,2027-12-31,2029-12-31,2026-04-01,24,0.0,0
PAIM-617931,NH-60. (MoRTH) (617931),Infrastructure & Highways,Ministry of Railways,617931,West Bengal,2179.11,2179.11,854.17,39.2,2022-03-01,2027-12-31,2029-12-31,2026-04-01,36,0.0,0
PAIM-617960,Km 46.550 to Km 59.697 in the district of Malda. Job No-081-WB-2015-16/400 (MoRTH) (617960),Infrastructure & Highways,Ministry of Railways,617960,West Bengal,4100.18,4100.18,414.13,10.1,2023-03-01,2028-12-31,2027-12-31,2026-04-01,18,0.0,0
PAIM-618227,Bengal on EPC Mode Job No. 010/WB/2021-22/490 (MoRTH) (618227),Infrastructure & Highways,Ministry of Railways,618227,West Bengal,4113.19,4113.19,3205.7,77.9,2023-03-01,2026-12-31,2029-12-31,2026-04-01,18,0.0,0
PAIM-10220,(MoRTH) (618227) (N24001850) (10220),Infrastructure & Highways,Ministry of Railways,N24001850,West Bengal,3620.33,3620.33,1083.35,29.9,2023-03-01,2027-12-31,2027-12-31,2026-04-01,18,0.0,0
PAIM-618427,NH717-A on EPC under SARDP-NE A in state of West Bengal Pkg-VA (NHIDCL) (618427),Infrastructure & Highways,Ministry of Railways,618427,West Bengal,3282.06,3282.06,1506.27,45.9,2023-03-01,2027-12-31,2028-12-31,2026-04-01,36,0.0,0
PAIM-618429,to Gangtok Lava More-Reshi Border  Pkg-VB (NHIDCL) (618429),Infrastructure & Highways,Ministry of Railways,618429,West Bengal,362.78,362.78,86.86,23.9,2022-03-01,2028-12-31,2028-12-31,2026-04-01,6,0.0,0
PAIM-618430,Mode under Phase-A of SARDP-NE in the State of West Bengal PKG- IVA (NHIDCL) (618430),Infrastructure & Highways,Ministry of Railways,618430,West Bengal,1857.7,1857.7,1119.71,60.3,2021-03-01,2026-12-31,2027-12-31,2026-04-01,24,0.0,0
PAIM-618431,Mode under Phase-A of SARDP-NE in the State of West Bengal PKG- IVB (NHIDCL) (618431),Infrastructure & Highways,Ministry of Railways,618431,West Bengal,4151.86,4151.86,2441.13,58.8,2023-03-01,2027-12-31,2027-12-31,2026-04-01,24,0.0,0
PAIM-618572,Binnaguri Bypass-Descoped portion of Ghoshpukur-Dhupguri Section of NH-31Dpkg-1 (National Highways Authority of India [N,Infrastructure & Highways,Ministry of Railways,618572,West Bengal,4381.92,4381.92,2451.14,55.9,2023-03-01,2026-12-31,2028-12-31,2026-04-01,0,0.0,0
PAIM-618574,Ghoshpukur-Salsalabari Section (National Highways Authority of India [NHAI]) (618574),Infrastructure & Highways,Ministry of Railways,618574,West Bengal,3811.47,3811.47,2173.38,57.0,2023-03-01,2028-12-31,2027-12-31,2026-04-01,0,0.0,0
PAIM-10412,(National Highways Authority of India [NHAI]) (618574) (-) (10412),Infrastructure & Highways,Ministry of Railways,10412,West Bengal,3058.53,3058.53,2515.08,82.2,2023-03-01,2028-12-31,2029-12-31,2026-04-01,24,0.0,0
PAIM-618808,6L Elevated Kona Expressway from Km. 0.145 to Km. 7.337 of NH-117 (National Highways Authority of India [NHAI]) (618808),Infrastructure & Highways,Ministry of Railways,618808,West Bengal,2758.72,2758.72,1757.5,63.7,2024-03-01,2028-12-31,2028-12-31,2026-04-01,18,0.0,0
PAIM-10575,(National Highways Authority of India [NHAI]) (618808) (-) (10575),Infrastructure & Highways,Ministry of Railways,10575,West Bengal,459.14,459.14,292.64,63.7,2024-03-01,2026-12-31,2029-12-31,2026-04-01,0,0.0,0
PAIM-618823,the district of North 24 - Parganas (National Highways Authority of India [NHAI]) (618823),Infrastructure & Highways,Ministry of Railways,618823,West Bengal,4084.08,4084.08,1813.67,44.4,2021-03-01,2026-12-31,2029-12-31,2026-04-01,0,0.0,0
PAIM-618824,"to Berhampore section of NH-34 New NH-12 , in the state of West Bengal under NHO. (National Highways Authority of India ",Infrastructure & Highways,Ministry of Railways,618824,West Bengal,1756.78,1756.78,1071.17,61.0,2023-03-01,2028-12-31,2028-12-31,2026-04-01,0,0.0,0
PAIM-618825,Farakka-Raiganj (National Highways Authority of India [NHAI]) (618825),Infrastructure & Highways,Ministry of Railways,618825,West Bengal,1215.06,1215.06,1016.8,83.7,2024-03-01,2027-12-31,2027-12-31,2026-04-01,12,0.0,0
PAIM-10589,(National Highways Authority of India [NHAI]) (618825) (N24001750) (10589),Infrastructure & Highways,Ministry of Railways,N24001750,West Bengal,2040.02,2040.02,599.51,29.4,2022-03-01,2027-12-31,2027-12-31,2026-04-01,24,0.0,0
PAIM-618910,4L of Purulia Bypass section from Km 84.030 to Km 94.345 of NH-32 (National Highways Authority of India [NHAI]) (618910),Infrastructure & Highways,Ministry of Railways,618910,West Bengal,4345.4,4345.4,3123.07,71.9,2023-03-01,2026-12-31,2029-12-31,2026-04-01,0,0.0,0
PAIM-10657,(National Highways Authority of India [NHAI]) (618910) (N24001749) (10657),Infrastructure & Highways,Ministry of Railways,N24001749,West Bengal,1800.18,1800.18,624.99,34.7,2021-03-01,2028-12-31,2028-12-31,2026-04-01,36,0.0,0
PAIM-619004,23/518   . (MoRTH) (619004),Infrastructure & Highways,Ministry of Railways,619004,West Bengal,2960.84,2960.84,606.2,20.5,2023-03-01,2028-12-31,2027-12-31,2026-04-01,18,0.0,0
PAIM-10805,(MoRTH) (619004) (-) (10805),Infrastructure & Highways,Ministry of Railways,10805,West Bengal,1837.95,1837.95,1397.22,76.0,2024-03-01,2026-12-31,2028-12-31,2026-04-01,12,0.0,0
PAIM-619187,in the State of West Bengal on EPC mode (NHIDCL) (619187),Infrastructure & Highways,Ministry of Railways,619187,West Bengal,1809.99,1809.99,1433.58,79.2,2021-03-01,2028-12-31,2028-12-31,2026-04-01,0,0.0,0
PAIM-709859,OF COMMUNICATION FINANCE [NICF] AT GHITORNI (National Communication Academy - Finance [Erstwhile NICF]) (709859),Infrastructure & Highways,Ministry of Railways,709859,Delhi,1250.66,1250.66,983.94,78.7,2024-03-01,2026-12-31,2027-12-31,2026-04-01,6,0.0,0
PAIM-617413,Upgradation (Department of Telecommunications [DoT]) (617413),Infrastructure & Highways,Ministry of Railways,617413,Maharashtra,3367.83,3367.83,2167.2,64.4,2024-03-01,2026-12-31,2028-12-31,2026-04-01,0,0.0,0
PAIM-701599,Mobile connectivity in Left Wing Extremism [LWE] affected areas-Phase2 (Department of Telecommunications [DoT]) (701599),Infrastructure & Highways,Ministry of Railways,701599,Maharashtra,3374.47,3374.47,1089.19,32.3,2021-03-01,2026-12-31,2028-12-31,2026-04-01,18,0.0,0
PAIM-701602,Odisha (Department of Telecommunications [DoT]) (701602),Infrastructure & Highways,Ministry of Railways,701602,Maharashtra,2110.49,2110.49,1780.01,84.3,2024-03-01,2027-12-31,2028-12-31,2026-04-01,6,0.0,0
PAIM-704495,and Uttar Pradesh (Department of Telecommunications [DoT]) (704495),Infrastructure & Highways,Ministry of Railways,704495,Uttar Pradesh,1175.64,1175.64,150.38,12.8,2021-03-01,2028-12-31,2029-12-31,2026-04-01,12,0.0,0
PAIM-400013,Saturation 4G mobile coverage of Uncovered Villages through USOF (Department of Telecommunications [DoT]) (400013),Infrastructure & Highways,Ministry of Railways,400013,Multi-State,3854.03,3854.03,1809.44,46.9,2021-03-01,2028-12-31,2027-12-31,2026-04-01,24,0.0,0
PAIM-30620,(03/2026) 26316 (30620) 9791.8 84,Infrastructure & Highways,Ministry of Railways,30620,Multi-State,9791.8,9791.8,1304.41,13.3,2024-03-01,2028-12-31,2027-12-31,2026-04-01,18,0.0,0
PAIM-701593,4G Services by BSNL (Department of Telecommunications [DoT]) (701593),Infrastructure & Highways,Ministry of Railways,701593,Multi-State,3300.9,3300.9,2524.52,76.5,2022-03-01,2027-12-31,2028-12-31,2026-04-01,36,0.0,0
PAIM-19592,(03/2026) 28466 (19592) 8471.19 98.23,Infrastructure & Highways,Ministry of Railways,19592,Multi-State,8471.19,98.23,4894.83,100.0,2022-03-01,2028-12-31,2028-12-31,2026-04-01,18,0.0,0
PAIM-706775,BharatNet (Department of Telecommunications [DoT]) (706775),Infrastructure & Highways,Ministry of Railways,706775,Multi-State,3620.79,3620.79,2165.18,59.8,2024-03-01,2028-12-31,2027-12-31,2026-04-01,12,0.0,0
PAIM-188000,(03/2027) 61109 (188000) 46431.54 82.4,Infrastructure & Highways,Ministry of Railways,188000,Multi-State,46431.54,82.4,17062.51,100.0,2023-03-01,2027-12-31,2028-12-31,2026-04-01,18,0.0,0
PAIM-709856,ALONG WITH TEST AND MEASURING EQUIPMENT (BSNL) (709856),Infrastructure & Highways,Ministry of Railways,709856,Multi-State,1702.5,1702.5,662.68,38.9,2021-03-01,2027-12-31,2028-12-31,2026-04-01,18,0.0,0
PAIM-709857,including Mumbai & Delhi LSA on turnkey basis under Phase IX.2 Project. (BSNL) (709857),Infrastructure & Highways,Ministry of Railways,709857,Delhi,1864.61,1864.61,1279.19,68.6,2021-03-01,2026-12-31,2028-12-31,2026-04-01,6,0.0,0
PAIM-616600,PPP mode-Namami Gange Programme (National Mission for Clean Ganga) (616600),Infrastructure & Highways,Ministry of Railways,616600,Bihar,1781.84,1781.84,194.77,10.9,2021-03-01,2026-12-31,2027-12-31,2026-04-01,24,0.0,0
PAIM-616611,under Hybrid annuity based PPP mode-Namami Gange Programme (National Mission for Clean Ganga) (616611),Infrastructure & Highways,Ministry of Railways,616611,Bihar,1852.88,1852.88,502.28,27.1,2022-03-01,2026-12-31,2029-12-31,2026-04-01,24,0.0,0
PAIM-616612,Patna under Hybrid annuity based PPP mode-Namami Gange Programme (National Mission for Clean Ganga) (616612),Infrastructure & Highways,Ministry of Railways,616612,Bihar,1571.62,1571.62,1018.94,64.8,2022-03-01,2028-12-31,2029-12-31,2026-04-01,36,0.0,0
PAIM-616615,"Sewer Network,  SPS and STP at Begusarai (National Mission for Clean Ganga) (616615)",Infrastructure & Highways,Ministry of Railways,616615,Bihar,3536.27,3536.27,955.51,27.0,2021-03-01,2026-12-31,2029-12-31,2026-04-01,36,0.0,0
PAIM-616616,"Sewer Networks,  SPS and STP at Hajipur (National Mission for Clean Ganga) (616616)",Infrastructure & Highways,Ministry of Railways,616616,Bihar,4118.05,4118.05,2141.18,52.0,2024-03-01,2027-12-31,2027-12-31,2026-04-01,24,0.0,0
PAIM-616594,annuity based PPP model-Namami Gange Programme (National Mission for Clean Ganga) (616594),Infrastructure & Highways,Ministry of Railways,616594,Uttar Pradesh,2813.26,2813.26,660.49,23.5,2022-03-01,2026-12-31,2027-12-31,2026-04-01,12,0.0,0
PAIM-616605,Interception & Diversion with  STP (National Mission for Clean Ganga) (616605),Infrastructure & Highways,Ministry of Railways,616605,Uttar Pradesh,3759.86,3759.86,2654.52,70.6,2022-03-01,2028-12-31,2028-12-31,2026-04-01,24,0.0,0
PAIM-616604,Interception & Diversion with STP (National Mission for Clean Ganga) (616604),Infrastructure & Highways,Ministry of Railways,616604,West Bengal,565.86,565.86,408.87,72.3,2022-03-01,2027-12-31,2027-12-31,2026-04-01,6,0.0,0
PAIM-400100,Sardar Gouthu Latchanna Thotapalli Barrage Project (Water Resources-AP) (400100),Infrastructure & Highways,Ministry of Railways,400100,West Bengal,689.66,689.66,166.12,24.1,2021-03-01,2028-12-31,2027-12-31,2026-04-01,18,0.0,0
PAIM-400101,Gundlakamma project (Water Resources-AP) (400101),Infrastructure & Highways,Ministry of Railways,400101,Andhra Pradesh,2397.91,2397.91,540.46,22.5,2024-03-01,2027-12-31,2027-12-31,2026-04-01,12,0.0,0
PAIM-701415,Polavaram Irrigation Project (Water Resources-AP) (701415),Infrastructure & Highways,Ministry of Railways,701415,Andhra Pradesh,472.41,472.41,232.55,49.2,2023-03-01,2028-12-31,2027-12-31,2026-04-01,18,0.0,0
PAIM-400111,Kelo Irrigation Project (Water Resources-CT) (400111),Infrastructure & Highways,Ministry of Railways,400111,Assam,4310.1,4310.1,2586.64,60.0,2022-03-01,2026-12-31,2028-12-31,2026-04-01,36,0.0,0
PAIM-701399,"Kudali Irrigation Project (Department of Water Resources, River Development & GR) (701399)",Infrastructure & Highways,Ministry of Railways,701399,Multi-State,2528.53,2528.53,389.76,15.4,2022-03-01,2027-12-31,2028-12-31,2026-04-01,24,0.0,0
PAIM-400097,"Sardar Sarovar CADWM Project (Narmada and Water Resources, Water Supply and Kalpsar Department-GJ) (400097)",Infrastructure & Highways,Ministry of Railways,400097,Gujarat,4038.49,4038.49,3169.94,78.5,2022-03-01,2026-12-31,2027-12-31,2026-04-01,24,0.0,0
PAIM-701372,"Sardar Sarovar Project (Narmada and Water Resources, Water Supply and Kalpsar Department-GJ) (701372)",Infrastructure & Highways,Ministry of Railways,701372,Gujarat,2150.15,2150.15,1168.16,54.3,2024-03-01,2028-12-31,2028-12-31,2026-04-01,18,0.0,0
PAIM-701376,"Subernarekha   Multipurpose Project, Jharkhand (Department of Water Resources-JH) (701376)",Infrastructure & Highways,Ministry of Railways,701376,Gujarat,2557.62,2557.62,812.46,31.8,2022-03-01,2026-12-31,2029-12-31,2026-04-01,18,0.0,0
PAIM-701377,Upper Tunga Irrigation Project (Water Resources-KA) (701377),Infrastructure & Highways,Ministry of Railways,701377,Karnataka,580.75,580.75,485.23,83.6,2021-03-01,2027-12-31,2029-12-31,2026-04-01,18,0.0,0
PAIM-400096,Omkareshwar CADWM Project (Water resource-mp) (400096),Infrastructure & Highways,Ministry of Railways,400096,Karnataka,3854.1,3854.1,2934.95,76.2,2021-03-01,2027-12-31,2029-12-31,2026-04-01,0,0.0,0
PAIM-400115,Bargi Diversion Project Phase - IV [km. 154 to km 197] (Water Resources-MP) (400115),Infrastructure & Highways,Ministry of Railways,400115,Madhya Pradesh,3850.71,3850.71,1098.93,28.5,2022-03-01,2027-12-31,2029-12-31,2026-04-01,12,0.0,0
PAIM-400116,Bargi Diversion Project Phase - III [km. 104 to km 154] (Water Resources-MP) (400116),Infrastructure & Highways,Ministry of Railways,400116,Madhya Pradesh,4042.16,4042.16,711.85,17.6,2023-03-01,2027-12-31,2028-12-31,2026-04-01,12,0.0,0
PAIM-400095,Gosikhurd CADWM Project (Department of water resources-MH - II) (400095),Infrastructure & Highways,Ministry of Railways,400095,Maharashtra,591.59,591.59,371.07,62.7,2024-03-01,2026-12-31,2027-12-31,2026-04-01,0,0.0,0
PAIM-400105,Urmodi Irrigation Project (Department of water resources-MH - II) (400105),Infrastructure & Highways,Ministry of Railways,400105,Maharashtra,3837.73,3837.73,1171.05,30.5,2022-03-01,2026-12-31,2028-12-31,2026-04-01,6,0.0,0
PAIM-400107,Sulwade-Jamphal-Kanoli Lift Irrigation Scheme (Department of water resources-MH - II) (400107),Infrastructure & Highways,Ministry of Railways,400107,Maharashtra,4003.06,4003.06,1156.76,28.9,2024-03-01,2028-12-31,2027-12-31,2026-04-01,36,0.0,0
PAIM-400109,Purna Barrage-2 [Ner Dhamana] Medium Irrigation Project (Department of water resources-MH - II) (400109),Infrastructure & Highways,Ministry of Railways,400109,Maharashtra,1760.44,1760.44,912.72,51.8,2021-03-01,2026-12-31,2029-12-31,2026-04-01,6,0.0,0
PAIM-400112,Jigaon Irrigation Project (Department of water resources-MH - II) (400112),Infrastructure & Highways,Ministry of Railways,400112,Maharashtra,1458.66,1458.66,427.47,29.3,2024-03-01,2026-12-31,2027-12-31,2026-04-01,12,0.0,0
PAIM-617422,Bodwad Parisar Sinchan Yojna (Department of Water Resources-MH) (617422),Infrastructure & Highways,Ministry of Railways,617422,Maharashtra,2492.75,2492.75,532.43,21.4,2021-03-01,2028-12-31,2028-12-31,2026-04-01,6,0.0,0
PAIM-701383,Waghur Project (Department of water resources-MH - II) (701383),Infrastructure & Highways,Ministry of Railways,701383,Maharashtra,3762.68,3762.68,1312.02,34.9,2021-03-01,2028-12-31,2028-12-31,2026-04-01,12,0.0,0
PAIM-701386,Gosikhurd Project (Department of water resources-MH - II) (701386),Infrastructure & Highways,Ministry of Railways,701386,Maharashtra,2583.2,2583.2,1593.21,61.7,2023-03-01,2026-12-31,2027-12-31,2026-04-01,12,0.0,0
PAIM-701391,Aruna Medium Irrigation Project (Department of water resources-MH - II) (701391),Infrastructure & Highways,Ministry of Railways,701391,Maharashtra,4227.81,4227.81,3370.98,79.7,2023-03-01,2026-12-31,2028-12-31,2026-04-01,12,0.0,0
PAIM-701396,Lower Pedhi Project (Department of water resources-MH - II) (701396),Infrastructure & Highways,Ministry of Railways,701396,Maharashtra,2773.11,2773.11,2272.03,81.9,2021-03-01,2028-12-31,2027-12-31,2026-04-01,6,0.0,0
PAIM-701398,Nardave Medium Irrigation Project (Department of water resources-MH - II) (701398),Infrastructure & Highways,Ministry of Railways,701398,Maharashtra,4102.03,4102.03,3187.56,77.7,2024-03-01,2026-12-31,2028-12-31,2026-04-01,6,0.0,0
PAIM-701412,"North Koel Reservoir Project (Department of Water Resources, River Development & GR) (701412)",Infrastructure & Highways,Ministry of Railways,701412,Bihar,3308.47,3308.47,569.35,17.2,2024-03-01,2028-12-31,2028-12-31,2026-04-01,24,0.0,0
PAIM-701530,"Ken-Betwa Linking Development Project (Department of Water Resources, River Development, ) (701530)",Infrastructure & Highways,Ministry of Railways,701530,Uttar Pradesh,3787.52,3787.52,476.83,12.6,2022-03-01,2027-12-31,2027-12-31,2026-04-01,0,0.0,0
PAIM-10035,"(Department of Water Resources, River Development, ) (701530) (-) (10035)",Infrastructure & Highways,Ministry of Railways,10035,Odisha,3635.97,3635.97,2838.03,78.1,2021-03-01,2026-12-31,2029-12-31,2026-04-01,36,0.0,0
PAIM-21030,(-) 21030 (21030) 8530.86 0,Infrastructure & Highways,Ministry of Railways,21030,Odisha,8530.86,8530.86,1145.73,13.4,2022-03-01,2028-12-31,2028-12-31,2026-04-01,18,0.0,0
PAIM-603945,Integrated Anandpur Barrage Project (Water Resources-OR) (603945),Infrastructure & Highways,Ministry of Railways,603945,Odisha,933.87,933.87,318.95,34.2,2023-03-01,2027-12-31,2027-12-31,2026-04-01,18,0.0,0
PAIM-701402,"Subernarekha Project, Odisha (Department of Water Resources, River Development & GR) (701402)",Infrastructure & Highways,Ministry of Railways,701402,Odisha,2501.86,2501.86,1576.53,63.0,2024-03-01,2028-12-31,2027-12-31,2026-04-01,24,0.0,0
PAIM-701404,Kanupur Irrigation Project (Irrigation and CAD-TG) (701404),Infrastructure & Highways,Ministry of Railways,701404,Odisha,2314.81,2314.81,1135.92,49.1,2023-03-01,2027-12-31,2027-12-31,2026-04-01,24,0.0,0
PAIM-701410,Relining of  Rajasthan feeder and Sirhind Feeder canal (Department of Water Resources-PB) (701410),Infrastructure & Highways,Ministry of Railways,701410,Odisha,3056.65,3056.65,1062.49,34.8,2021-03-01,2026-12-31,2029-12-31,2026-04-01,12,0.0,0
PAIM-701411,Shahpur Kandi Dam Project (Department of Water Resources-PB) (701411),Infrastructure & Highways,Ministry of Railways,701411,Telangana,2396.56,2396.56,1440.92,60.1,2021-03-01,2027-12-31,2028-12-31,2026-04-01,24,0.0,0
PAIM-400102,Sri Ram Sagar Project Stage - II (Irrigation and CAD-TG) (400102),Infrastructure & Highways,Ministry of Railways,400102,Telangana,1506.2,1506.2,1127.53,74.9,2021-03-01,2026-12-31,2027-12-31,2026-04-01,24,0.0,0
PAIM-400103,Indiramma Flood Flow Canal Project (Irrigation and CAD-TG) (400103),Infrastructure & Highways,Ministry of Railways,400103,Telangana,4110.92,4110.92,3419.92,83.2,2024-03-01,2026-12-31,2028-12-31,2026-04-01,24,0.0,0
PAIM-701405,J. Chokka Rao Devadula Lift Irrigation Scheme (Irrigation and CAD-TG) (701405),Infrastructure & Highways,Ministry of Railways,701405,Telangana,3162.82,3162.82,1550.8,49.0,2022-03-01,2026-12-31,2027-12-31,2026-04-01,18,0.0,0
PAIM-14730,(12/2025) 8200.71 (14730) 4784.54 87.7,Infrastructure & Highways,Ministry of Railways,14730,Telangana,4784.54,87.7,2301.6,100.0,2022-03-01,2028-12-31,2028-12-31,2026-04-01,12,0.0,0
PAIM-701406,Rajiv Bhima Lift Irrigation Scheme (Irrigation and CAD-TG) (701406),Infrastructure & Highways,Ministry of Railways,701406,Uttar Pradesh,2871.14,2871.14,1780.68,62.0,2022-03-01,2026-12-31,2029-12-31,2026-04-01,24,0.0,0
PAIM-400093,Saryu Nahar CADWM Project (Irrigation & Water Resources-UP) (400093),Infrastructure & Highways,Ministry of Railways,400093,Uttar Pradesh,1541.15,1541.15,654.97,42.5,2022-03-01,2028-12-31,2029-12-31,2026-04-01,0,0.0,0
PAIM-701395,"Morna [Gureghar] Irrigation Project (Department of Water Resources, River Development & GR) (701395)",Infrastructure & Highways,Ministry of Railways,701395,Uttar Pradesh,890.38,890.38,306.04,34.4,2023-03-01,2026-12-31,2029-12-31,2026-04-01,12,0.0,0
PAIM-701408,Madhya Ganga canal Phase-II (Irrigation & Water Resources-UP) (701408),Infrastructure & Highways,Ministry of Railways,701408,Uttar Pradesh,3542.46,3542.46,1132.53,32.0,2023-03-01,2027-12-31,2028-12-31,2026-04-01,0,0.0,0
PAIM-613787,Jamrani Dam Multipurpose Project (Irrigation-UK) (613787),Infrastructure & Highways,Ministry of Railways,613787,Uttar Pradesh,695.96,695.96,550.38,79.1,2021-03-01,2026-12-31,2028-12-31,2026-04-01,12,0.0,0
