project_code,project_name,sector,ministry,implementing_agency,state,original_cost,revised_cost,expenditure,physical_progress,sanction_date,original_doc,revised_doc,snapshot_date,target_final_delay_months,target_cost_overrun_pct,target_is_high_risk
PAIM-618977,"Development of New Greenfield Airport at Bundi, Kota Rajasthan. (Airport Authority of India [AAI]) (618977)",Infrastructure & Highways,Ministry of Civil Aviation,618977,Odisha,863.47,863.47,90.43,10.5,2023-03-01,2026-12-31,2028-12-31,2025-12-01,36,0.0,0
PAIM-618982,Talabira II & III OCP - FMC (NLC India Limited [NLCIL]) (618982),Infrastructure & Highways,Ministry of Civil Aviation,618982,Odisha,1622.85,1622.85,1093.71,67.4,2023-03-01,2026-12-31,2028-12-31,2025-12-01,24,0.0,0
PAIM-618991,200 MW SPP part of 510 MW CPSU scheme (NLC India Limited [NLCIL]) (618991),Infrastructure & Highways,Ministry of Civil Aviation,618991,Odisha,489.69,489.69,290.83,59.4,2022-03-01,2026-12-31,2026-12-31,2025-12-01,12,0.0,0
PAIM-618992,100 MW SPP part of SECI 150 MW Hybrid (NLC India Limited [NLCIL]) (618992),Infrastructure & Highways,Ministry of Civil Aviation,618992,Gujarat,682.36,682.36,125.07,18.3,2020-03-01,2026-12-31,2026-12-31,2025-12-01,6,0.0,0
PAIM-701172,AIIMS Darbhanga (PMSSY AND Institute of NATIONAL Importance) (701172),Infrastructure & Highways,Ministry of Civil Aviation,701172,Gujarat,1268.02,1268.02,832.52,65.7,2021-03-01,2026-12-31,2028-12-31,2025-12-01,24,0.0,0
PAIM-701170,AIIMS Rajkot (PMSSY AND Institute of NATIONAL Importance) (701170),Infrastructure & Highways,Ministry of Civil Aviation,701170,Gujarat,1816.14,1816.14,953.79,52.5,2021-03-01,2025-12-31,2028-12-31,2025-12-01,12,0.0,0
PAIM-701168,ALL India Institute of Medical Sciences-AIIMS  Madurai (PMSSY AND Institute of NATIONAL Importance) (701168),Infrastructure & Highways,Ministry of Civil Aviation,701168,Gujarat,667.76,667.76,508.99,76.2,2020-03-01,2027-12-31,2026-12-31,2025-12-01,0,0.0,0
PAIM-618985,Nal Stop - Warje - Manikbaug (Maharashtra Metro Rail Corporation Limited [MMRCL]) (618985),Infrastructure & Highways,Ministry of Civil Aviation,618985,Maharashtra,3769.69,3769.69,1758.79,46.7,2021-03-01,2026-12-31,2026-12-31,2025-12-01,36,0.0,0
PAIM-618976,"Gadarwara Super Thermal Power Project, Stage-II [3x800 MW] (National Thermal Power Corporation [NTPC]) (618976)",Infrastructure & Highways,Ministry of Civil Aviation,618976,Madhya Pradesh,704.73,704.73,112.92,16.0,2021-03-01,2025-12-31,2027-12-31,2025-12-01,36,0.0,0
PAIM-618986,Furkating-New Tinsukia[194 Km] (Northeast Frontier Railway [NFR]) (618986),Infrastructure & Highways,Ministry of Civil Aviation,618986,Gujarat,3552.47,3552.47,1336.56,37.6,2022-03-01,2027-12-31,2027-12-31,2025-12-01,36,0.0,0
PAIM-618972,Devbhumi Dwarka [Okha] - Kanalus Doubling (Western Railway (WR) - II) (618972),Infrastructure & Highways,Ministry of Civil Aviation,618972,Gujarat,3835.45,3835.45,3065.31,79.9,2023-03-01,2025-12-31,2028-12-31,2025-12-01,36,0.0,0
PAIM-705941,Bangalore Suburban Railway Project (Karnataka Rail Infrastructure Development Company Limited [K-RIDE]) (705941),Infrastructure & Highways,Ministry of Civil Aviation,705941,Gujarat,3718.57,3718.57,2314.47,62.2,2020-03-01,2025-12-31,2026-12-31,2025-12-01,6,0.0,0
PAIM-617245,Katihar Kumedpur & Katihar Mukuria BG Doubling Project (Northeast Frontier Railway [NFR]) (617245),Infrastructure & Highways,Ministry of Civil Aviation,617245,Karnataka,1328.86,1328.86,389.31,29.3,2022-03-01,2027-12-31,2028-12-31,2025-12-01,24,0.0,0
PAIM-618978,Gondia - Dongargarh 4th line [84 Km] (South Eastern Central Railway) (618978),Infrastructure & Highways,Ministry of Civil Aviation,618978,Maharashtra,934.43,934.43,720.81,77.1,2021-03-01,2025-12-31,2027-12-31,2025-12-01,18,0.0,0
PAIM-400006,Barpali. (South Eastern Railway [SER] - I) (400006),Infrastructure & Highways,Ministry of Civil Aviation,400006,Maharashtra,2298.83,2298.83,1334.68,58.1,2021-03-01,2026-12-31,2026-12-31,2025-12-01,6,0.0,0
PAIM-400047,exchange yard and NTPC Block Cabin. (East Coast Railway [ECoR] - II) (400047),Infrastructure & Highways,Ministry of Civil Aviation,400047,Odisha,3941.32,3941.32,2071.4,52.6,2020-03-01,2026-12-31,2027-12-31,2025-12-01,12,0.0,0
PAIM-400048,Doubling of lines connecting the loading spurs in Talcher Yard. (East Coast Railway [ECoR] - II) (400048),Infrastructure & Highways,Ministry of Civil Aviation,400048,Odisha,370.2,370.2,175.98,47.5,2021-03-01,2026-12-31,2026-12-31,2025-12-01,24,0.0,0
PAIM-616694,Flyover between Siju and Paradeep coaching Yard to avoid Surface crossing of trains (East Coast Railway [ECoR] - II) (61,Infrastructure & Highways,Ministry of Civil Aviation,616694,Odisha,1138.65,1138.65,189.59,16.7,2023-03-01,2025-12-31,2028-12-31,2025-12-01,18,0.0,0
PAIM-618995,New Line between Junagarh - Nabarangpur [116.21 Km] (Indian Railway) (618995),Infrastructure & Highways,Ministry of Civil Aviation,618995,Odisha,221.9,221.9,154.81,69.8,2023-03-01,2027-12-31,2026-12-31,2025-12-01,18,0.0,0
PAIM-617213,Rail-cum-Road Bridge across Ganga River. (Northern Railways) (617213),Infrastructure & Highways,Ministry of Civil Aviation,617213,Odisha,2515.29,2515.29,1539.71,61.2,2020-03-01,2025-12-31,2026-12-31,2025-12-01,0,0.0,0
PAIM-706724,Guwahati Airport New Integrated Terminal Building Construction Project (Adani Airport Holdings Limited) (706724),Infrastructure & Highways,Ministry of Civil Aviation,706724,Assam,3930.69,3930.69,444.45,11.3,2021-03-01,2025-12-31,2027-12-31,2025-12-01,0,0.0,0
PAIM-706718,C/o NITB Imphal Airport (Airport Authority of India [AAI]) (706718),Infrastructure & Highways,Ministry of Civil Aviation,706718,Assam,1799.67,1799.67,1527.83,84.9,2022-03-01,2026-12-31,2028-12-31,2025-12-01,24,0.0,0
PAIM-612793,with integrated 10 years maintenance. (Airport Authority of India [AAI]) (612793),Infrastructure & Highways,Ministry of Civil Aviation,612793,Assam,1725.48,1725.48,1014.38,58.8,2021-03-01,2026-12-31,2026-12-31,2025-12-01,12,0.0,0
PAIM-615820,TIKAK EXTENSION OCP (MIS MoCoal Integration Logins) (615820),Infrastructure & Highways,Ministry of Civil Aviation,615820,Assam,2416.8,2416.8,607.71,25.1,2021-03-01,2025-12-31,2028-12-31,2025-12-01,6,0.0,0
PAIM-615821,TIRAP OCP (MIS MoCoal Integration Logins) (615821),Infrastructure & Highways,Ministry of Civil Aviation,615821,Assam,772.78,772.78,382.53,49.5,2023-03-01,2027-12-31,2027-12-31,2025-12-01,6,0.0,0
PAIM-612898,"Pradesh (National Institute of Technology, Arunachal Pradesh) (612898)",Infrastructure & Highways,Ministry of Civil Aviation,612898,Assam,1514.39,1514.39,221.07,14.6,2022-03-01,2025-12-31,2027-12-31,2025-12-01,36,0.0,0
PAIM-606112,Tezpur University Projects (Tezpur University) (606112),Infrastructure & Highways,Ministry of Civil Aviation,606112,Assam,3903.74,3903.74,2132.68,54.6,2021-03-01,2026-12-31,2028-12-31,2025-12-01,0,0.0,0
PAIM-612885,"Permanent Campus at Sohra (National Institute of Technology, Meghalaya) (612885)",Infrastructure & Highways,Ministry of Civil Aviation,612885,Multi-State,487.6,487.6,239.18,49.1,2023-03-01,2025-12-31,2027-12-31,2025-12-01,36,0.0,0
PAIM-612876,"Construction of Permanent Campus for NIT Mizoram at Lengpui, Aizawl (NIT Mizoram) (612876)",Infrastructure & Highways,Ministry of Civil Aviation,612876,Multi-State,2708.34,2708.34,1600.21,59.1,2022-03-01,2026-12-31,2028-12-31,2025-12-01,18,0.0,0
PAIM-613013,Establishment of NIT Nagaland (NIT Nagaland) (613013),Infrastructure & Highways,Ministry of Civil Aviation,613013,Multi-State,2421.2,2421.2,1149.85,47.5,2021-03-01,2026-12-31,2027-12-31,2025-12-01,12,0.0,0
PAIM-612883,District (NIT Sikkim) (612883),Infrastructure & Highways,Ministry of Civil Aviation,612883,Multi-State,1613.57,1613.57,162.57,10.1,2021-03-01,2026-12-31,2028-12-31,2025-12-01,12,0.0,0
PAIM-609736,Sikkim (Sikkim University) (609736),Infrastructure & Highways,Ministry of Civil Aviation,609736,Multi-State,636.59,636.59,291.79,45.8,2021-03-01,2025-12-31,2028-12-31,2025-12-01,0,0.0,0
PAIM-400081,"National Sports University [NSU], Imphal [Manipur] (Department of Sports & Youth Affairs) (400081)",Infrastructure & Highways,Ministry of Civil Aviation,400081,Multi-State,3814.2,3814.2,626.56,16.4,2022-03-01,2026-12-31,2027-12-31,2025-12-01,18,0.0,0
PAIM-602182,Dibang Multipurpose Project (National Hydroelectric Power Corporation Limited (NHPC)) (602182),Infrastructure & Highways,Ministry of Civil Aviation,602182,Multi-State,367.44,367.44,167.43,45.6,2022-03-01,2027-12-31,2028-12-31,2025-12-01,36,0.0,0
PAIM-611698,240MW Heo HE Project (North Eastern Electric Power Corporation Limited) (611698),Infrastructure & Highways,Ministry of Civil Aviation,611698,Multi-State,2627.68,2627.68,2211.77,84.2,2022-03-01,2026-12-31,2028-12-31,2025-12-01,36,0.0,0
PAIM-611699,186 MW Tato-I H E Project (North Eastern Electric Power Corporation Limited) (611699),Infrastructure & Highways,Ministry of Civil Aviation,611699,Multi-State,1373.49,1373.49,688.15,50.1,2021-03-01,2025-12-31,2027-12-31,2025-12-01,0,0.0,0
PAIM-602096,Subansiri Lower HE Project [2000 MW] (National Hydroelectric Power Corporation Limited (NHPC)) (602096),Infrastructure & Highways,Ministry of Civil Aviation,602096,Assam,1230.36,1230.36,1018.05,82.7,2022-03-01,2026-12-31,2026-12-31,2025-12-01,12,0.0,0
PAIM-602181,through NCLT] (National Hydroelectric Power Corporation Limited (NHPC)) (602181),Infrastructure & Highways,Ministry of Civil Aviation,602181,Multi-State,4246.67,4246.67,539.87,12.7,2020-03-01,2025-12-31,2026-12-31,2025-12-01,0,0.0,0
PAIM-605156,A wholly owned subsidiary of NHPC Ltd. acquired through NCLT (National Hydroelectric Power Corporation Limited (NHPC)) (,Infrastructure & Highways,Ministry of Civil Aviation,605156,Multi-State,3569.64,3569.64,2992.3,83.8,2020-03-01,2026-12-31,2028-12-31,2025-12-01,12,0.0,0
PAIM-617375,North Eastern Region Expansion Scheme-XXIII [NERES-XXIII] (Power Grid Corporation of India Limited [POWERGRID]) (617375),Infrastructure & Highways,Ministry of Civil Aviation,617375,Multi-State,2105.3,2105.3,877.54,41.7,2022-03-01,2026-12-31,2026-12-31,2025-12-01,24,0.0,0
PAIM-607709,[NERPSIP] (Power Grid Corporation of India Limited [POWERGRID]) (607709),Infrastructure & Highways,Ministry of Petroleum & Natural Gas,607709,Assam,4451.58,4451.58,2729.01,61.3,2020-03-01,2027-12-31,2026-12-31,2025-12-01,0,0.0,0
PAIM-602223,[T&D] Systems [CSST&DS] in Arunachal Pradesh and Sikkim (Power Grid Corporation of India Limited [POWERGRID]) (602223),Infrastructure & Highways,Ministry of Petroleum & Natural Gas,602223,Multi-State,3395.64,3395.64,944.05,27.8,2022-03-01,2025-12-31,2028-12-31,2025-12-01,36,0.0,0
PAIM-709754,"Construction of LPG Facilities at Kamardanga, Assam (Hindustan Petroleum Corporation Limited) (709754)",Infrastructure & Highways,Ministry of Petroleum & Natural Gas,709754,Assam,4044.43,4044.43,665.23,16.4,2021-03-01,2027-12-31,2026-12-31,2025-12-01,24,0.0,0
PAIM-709755,"Setting up of new rail fed POL facility at Kamardanga, Assam (Hindustan Petroleum Corporation Limited [HPCL]) (709755)",Infrastructure & Highways,Ministry of Petroleum & Natural Gas,709755,Assam,1991.27,1991.27,919.15,46.2,2023-03-01,2025-12-31,2027-12-31,2025-12-01,6,0.0,0
PAIM-701349,[COIT] at Paradip (Ministry of Petroleum & Natural Gas) (701349),Infrastructure & Highways,Ministry of Petroleum & Natural Gas,701349,Assam,2453.77,2453.77,1730.17,70.5,2020-03-01,2026-12-31,2027-12-31,2025-12-01,24,0.0,0
PAIM-617829,LPG Bottling Plant at Mualkhang (Ministry of Petroleum & Natural Gas) (617829),Infrastructure & Highways,Ministry of Petroleum & Natural Gas,617829,Assam,1852.53,1852.53,647.37,34.9,2021-03-01,2026-12-31,2026-12-31,2025-12-01,36,0.0,0
PAIM-400035,Dharmanagar Depot (Indian Oil Corporation Limited [IOCL]) (400035),Infrastructure & Highways,Ministry of Petroleum & Natural Gas,400035,Multi-State,381.68,381.68,270.59,70.9,2022-03-01,2026-12-31,2026-12-31,2025-12-01,12,0.0,0
PAIM-607701,Guwahati Refinery (Ministry of Petroleum & Natural Gas) (607701),Infrastructure & Highways,Ministry of Petroleum & Natural Gas,607701,Assam,3599.58,3599.58,615.43,17.1,2021-03-01,2027-12-31,2026-12-31,2025-12-01,36,0.0,0
PAIM-604791,Numaligarh Refinery Expansion Project (Ministry of Petroleum & Natural Gas) (604791),Infrastructure & Highways,Ministry of Petroleum & Natural Gas,604791,Assam,1136.32,1136.32,720.78,63.4,2022-03-01,2026-12-31,2027-12-31,2025-12-01,12,0.0,0
PAIM-604863,Natural Gas from Nadua and East Khagorija (Ministry of Petroleum & Natural Gas) (604863),Infrastructure & Highways,Ministry of Petroleum & Natural Gas,604863,Assam,1856.63,1856.63,1250.5,67.4,2020-03-01,2026-12-31,2026-12-31,2025-12-01,12,0.0,0
PAIM-617836,Coke Drum Structure Package (Ministry of Petroleum & Natural Gas) (617836),Infrastructure & Highways,Ministry of Petroleum & Natural Gas,617836,Assam,1209.65,1209.65,288.03,23.8,2023-03-01,2027-12-31,2026-12-31,2025-12-01,36,0.0,0
PAIM-616858,processing & transportation of natural Gas to be produced from Baghjan Field (Ministry of Petroleum & Natural Gas) (6168,Infrastructure & Highways,Ministry of Petroleum & Natural Gas,616858,Assam,2267.06,2267.06,1840.19,81.2,2023-03-01,2027-12-31,2028-12-31,2025-12-01,18,0.0,0
PAIM-617827,"Pipeline Rehabilitation Project, Phase-II (Ministry of Petroleum & Natural Gas) (617827)",Infrastructure & Highways,Ministry of Petroleum & Natural Gas,617827,Assam,4466.77,4466.77,1607.12,36.0,2021-03-01,2026-12-31,2027-12-31,2025-12-01,36,0.0,0
PAIM-701350,transportation of additional products from existing 1.72 MMTPA to 5.5 MMTPA (Ministry of Petroleum & Natural Gas) (70135,Infrastructure & Highways,Ministry of Petroleum & Natural Gas,701350,Assam,1793.67,1793.67,826.53,46.1,2021-03-01,2027-12-31,2028-12-31,2025-12-01,36,0.0,0
PAIM-709776,Augmentation/Revamping of Facilities at existing Guwahati Terminal at Betkuchi (MinistryofPetroleumNaturalGas) (709776),Infrastructure & Highways,Ministry of Petroleum & Natural Gas,709776,Assam,4174.67,4174.67,2379.09,57.0,2022-03-01,2026-12-31,2027-12-31,2025-12-01,6,0.0,0
PAIM-709779,Capacity Expansion of Digboi Refinery from 0.65 to 1.0 MMTPA (MinistryofPetroleumNaturalGas) (709779),Infrastructure & Highways,Ministry of Petroleum & Natural Gas,709779,Assam,2201.01,2201.01,1524.92,69.3,2021-03-01,2025-12-31,2027-12-31,2025-12-01,18,0.0,0
PAIM-709847,Pipeline Network Project Rudrasagar (Ministry of Petroleum & Natural Gas) (709847),Infrastructure & Highways,Ministry of Petroleum & Natural Gas,709847,Assam,4231.01,4231.01,1877.15,44.4,2021-03-01,2027-12-31,2028-12-31,2025-12-01,0,0.0,0
PAIM-709850,Borholla GGS Life Extension Project [BLEP] (Ministry of Petroleum & Natural Gas) (709850),Infrastructure & Highways,Ministry of Petroleum & Natural Gas,709850,Assam,2380.27,2380.27,1156.13,48.6,2023-03-01,2026-12-31,2028-12-31,2025-12-01,36,0.0,0
PAIM-709864,DCU Revamp Project (NRL) (709864),Infrastructure & Highways,Ministry of Petroleum & Natural Gas,709864,Assam,822.5,822.5,540.76,65.7,2020-03-01,2027-12-31,2028-12-31,2025-12-01,12,0.0,0
PAIM-709865,Scheme (NRL) (709865),Infrastructure & Highways,Ministry of Petroleum & Natural Gas,709865,Assam,2840.89,2840.89,1078.53,38.0,2020-03-01,2025-12-31,2028-12-31,2025-12-01,12,0.0,0
PAIM-701346,North East Gas Grid (Ministry of Petroleum & Natural Gas) (701346),Infrastructure & Highways,Ministry of Petroleum & Natural Gas,701346,Assam,1293.0,1293.0,789.21,61.0,2020-03-01,2026-12-31,2027-12-31,2025-12-01,24,0.0,0
PAIM-709786,"Augmentation/ Revamping of Dimapur Depot, Dimapur (MinistryofPetroleumNaturalGas) (709786)",Infrastructure & Highways,Ministry of Petroleum & Natural Gas,709786,Multi-State,567.57,567.57,268.34,47.3,2020-03-01,2026-12-31,2026-12-31,2025-12-01,12,0.0,0
PAIM-709837,"Creation of Gas Dehydration  Facilities, Tripura Asset (Oil and Natural Gas Corporation Limited [ONGC]) (709837)",Infrastructure & Highways,Ministry of Petroleum & Natural Gas,709837,Multi-State,2855.31,2855.31,2426.21,85.0,2020-03-01,2025-12-31,2026-12-31,2025-12-01,12,0.0,0
PAIM-612201,"Construction of 200 bedded ESIC Hospital with 62 Nos Staff quarters , Beltola (Employee's State Insurance Company [ESIC]",Infrastructure & Highways,Ministry of Labour and Employment,612201,Assam,1244.02,1244.02,443.08,35.6,2023-03-01,2025-12-31,2027-12-31,2025-12-01,6,0.0,0
PAIM-706922,Guwahati-Dibrugarh via Tinsukia & Simaluguri-Dibrugarh (Central Organisation for Railway Electrification [CORE]) (706922,Infrastructure & Highways,Ministry of Labour and Employment,706922,Assam,4082.71,4082.71,3304.6,80.9,2021-03-01,2026-12-31,2028-12-31,2025-12-01,18,0.0,0
PAIM-706940,"Mariani-Jorhat, Tinsukia-Dangri and Makum -TirapTrack Electrification Project (GM/C/ NFR) (706940)",Infrastructure & Highways,Ministry of Labour and Employment,706940,Assam,3817.13,3817.13,1783.18,46.7,2021-03-01,2025-12-31,2027-12-31,2025-12-01,6,0.0,0
PAIM-706942,Harmuty-Murkongselek Branch Line Electrification Project (GM/C/ NFR) (706942),Infrastructure & Highways,Ministry of Labour and Employment,706942,Assam,2223.41,2223.41,775.86,34.9,2023-03-01,2025-12-31,2026-12-31,2025-12-01,0,0.0,0
PAIM-705572,Doubling of New Bonggigaon to Kamakhya via Goalpara - 176 km (Northeast Frontier Railway [NFR]) (705572),Infrastructure & Highways,Ministry of Labour and Employment,705572,Assam,3451.88,3451.88,522.47,15.1,2022-03-01,2025-12-31,2028-12-31,2025-12-01,18,0.0,0
PAIM-705391,Jiribam-Imphal new line project (Northeast Frontier Railway [NFR]) (705391),Infrastructure & Highways,Ministry of Labour and Employment,705391,Assam,1075.62,1075.62,157.92,14.7,2022-03-01,2025-12-31,2026-12-31,2025-12-01,0,0.0,0
PAIM-705401,Murkongselek-Pasighat (Northeast Frontier Railway (NFR) - II) (705401),Infrastructure & Highways,Ministry of Labour and Employment,705401,Assam,1630.12,1630.12,1246.88,76.5,2022-03-01,2027-12-31,2027-12-31,2025-12-01,12,0.0,0
PAIM-705392,Dimapur [Dhansiri]-Sukhobi Kohima [Zubza] NL [82.5 Km] (Northeast Frontier Railway (NFR) - II) (705392),Infrastructure & Highways,Ministry of Labour and Employment,705392,Assam,3707.21,3707.21,2030.4,54.8,2021-03-01,2026-12-31,2027-12-31,2025-12-01,0,0.0,0
PAIM-616701,Lumding Furkating Doubling Project 140 km (Northeast Frontier Railway [NFR]) (616701),Infrastructure & Highways,Ministry of Labour and Employment,616701,Assam,2076.79,2076.79,488.87,23.5,2020-03-01,2027-12-31,2026-12-31,2025-12-01,6,0.0,0
PAIM-705432,Sivok-Rangpo New Rail Line (Indian Railway Construction International Limited [IRCON]) (705432),Infrastructure & Highways,Ministry of Labour and Employment,705432,Assam,4487.38,4487.38,3195.25,71.2,2023-03-01,2025-12-31,2028-12-31,2025-12-01,24,0.0,0
PAIM-618424,HayuliangHawai road to Hawai Town under SARDP-NE -Balance work Pkg - IV (NHIDCL) (618424),Infrastructure & Highways,Ministry of Labour and Employment,618424,Multi-State,2174.56,2174.56,1527.97,70.3,2022-03-01,2026-12-31,2027-12-31,2025-12-01,24,0.0,0
PAIM-618432,Km 70.000 in the state of Arunachal Pradesh under SARDP-NE Pkg-3 (NHIDCL) (618432),Infrastructure & Highways,Ministry of Labour and Employment,618432,Multi-State,1699.88,1699.88,1402.35,82.5,2023-03-01,2027-12-31,2027-12-31,2025-12-01,0,0.0,0
PAIM-618433,Arunachal Pradesh on EPC Mode under SARDP-NE Pkg-7 (NHIDCL) (618433),Infrastructure & Highways,Ministry of Labour and Employment,618433,Multi-State,3215.76,3215.76,2573.76,80.0,2023-03-01,2026-12-31,2028-12-31,2025-12-01,36,0.0,0
PAIM-618434,Roing-Hunli Road Greenfield Alignment Project (NHIDCL) (618434),Infrastructure & Highways,Ministry of Labour and Employment,618434,Multi-State,2967.4,2967.4,1372.77,46.3,2023-03-01,2025-12-31,2027-12-31,2025-12-01,0,0.0,0
PAIM-617892,SARDP-NE/P-P/Pkg-A/NH-13/Ar.Pr./PWD/2018-19/116] (MoRTH) (617892),Infrastructure & Highways,Ministry of Labour and Employment,617892,Multi-State,1375.88,1375.88,254.12,18.5,2023-03-01,2027-12-31,2026-12-31,2025-12-01,18,0.0,0
PAIM-618033,415/Ar. P/2020-21/031 (MoRTH) (618033),Infrastructure & Highways,Ministry of Labour and Employment,618033,Multi-State,833.24,833.24,447.0,53.6,2023-03-01,2027-12-31,2026-12-31,2025-12-01,36,0.0,0
PAIM-617895,15/AS/2021-22/234 (MoRTH) (617895),Infrastructure & Highways,Ministry of Labour and Employment,617895,Assam,2622.94,2622.94,339.61,12.9,2023-03-01,2025-12-31,2027-12-31,2025-12-01,12,0.0,0
PAIM-618282,4-L Bilasipara-Guwahati Package-10 (NHIDCL) (618282),Infrastructure & Highways,Ministry of Labour and Employment,618282,Assam,282.23,282.23,187.78,66.5,2020-03-01,2026-12-31,2026-12-31,2025-12-01,12,0.0,0
PAIM-618283,4-L Bilasipara-Guwahati Package-9 (NHIDCL) (618283),Infrastructure & Highways,Ministry of Labour and Employment,618283,Assam,1532.23,1532.23,1063.74,69.4,2020-03-01,2027-12-31,2026-12-31,2025-12-01,12,0.0,0
PAIM-618284,NHO-NE Package-8 (NHIDCL) (618284),Infrastructure & Highways,Ministry of Labour and Employment,618284,Assam,4220.38,4220.38,3092.44,73.3,2023-03-01,2026-12-31,2028-12-31,2025-12-01,18,0.0,0
PAIM-618285,on EPC Package-7 (NHIDCL) (618285),Infrastructure & Highways,Ministry of Labour and Employment,618285,Assam,2407.15,2407.15,1793.67,74.5,2022-03-01,2026-12-31,2027-12-31,2025-12-01,36,0.0,0
PAIM-618286,4385 across River Brahmaputra on NH-17 at Jogighopa in Assam on EPC mode (NHIDCL) (618286),Infrastructure & Highways,Ministry of Labour and Employment,618286,Assam,4428.17,4428.17,1244.34,28.1,2023-03-01,2026-12-31,2028-12-31,2025-12-01,24,0.0,0
PAIM-618289,and Design Km 0.000 to km 14.660 under BMP on EPC mode (NHIDCL) (618289),Infrastructure & Highways,Ministry of Labour and Employment,618289,Assam,3733.0,3733.0,3042.59,81.5,2022-03-01,2027-12-31,2026-12-31,2025-12-01,12,0.0,0
PAIM-618308,Pariyojana in Economic Corridors Silchar- Churaibari Package-2 (NHIDCL) (618308),Infrastructure & Highways,Ministry of Labour and Employment,618308,Assam,4016.35,4016.35,3119.35,77.7,2020-03-01,2025-12-31,2028-12-31,2025-12-01,6,0.0,0
PAIM-618314,Pariyojna on EPC mode. Project Length 29.360 km under NHO-NE Package-2 (NHIDCL) (618314),Infrastructure & Highways,Ministry of Labour and Employment,618314,Assam,2167.47,2167.47,820.4,37.9,2021-03-01,2027-12-31,2027-12-31,2025-12-01,18,0.0,0
PAIM-618315,EPC mode Package-1 (NHIDCL) (618315),Infrastructure & Highways,Ministry of Labour and Employment,618315,Assam,2559.79,2559.79,1338.63,52.3,2021-03-01,2025-12-31,2027-12-31,2025-12-01,24,0.0,0
PAIM-618325,Dillai to Lahorijan Package-7 (NHIDCL) (618325),Infrastructure & Highways,Ministry of Labour and Employment,618325,Assam,3684.81,3684.81,1179.43,32.0,2023-03-01,2025-12-31,2027-12-31,2025-12-01,0,0.0,0
PAIM-618326,Daboka-Parokhaowa of NH 29 on EPC under NHO-NE Package-1 (NHIDCL) (618326),Infrastructure & Highways,Ministry of Labour and Employment,618326,Assam,660.33,660.33,545.31,82.6,2022-03-01,2026-12-31,2027-12-31,2025-12-01,36,0.0,0
PAIM-618327,Section in Assam on EPC Package-6 (NHIDCL) (618327),Infrastructure & Highways,Ministry of Labour and Employment,618327,Assam,3171.37,3171.37,796.08,25.1,2021-03-01,2026-12-31,2026-12-31,2025-12-01,36,0.0,0
PAIM-618330,'Phase-A' on EPC mode Assam Portion (NHIDCL) (618330),Infrastructure & Highways,Ministry of Labour and Employment,618330,Assam,4383.18,4383.18,2212.88,50.5,2023-03-01,2027-12-31,2027-12-31,2025-12-01,6,0.0,0
PAIM-618339,NH-38 in Tinsukia District under NHO- NE Package-4 (NHIDCL) (618339),Infrastructure & Highways,Ministry of Labour and Employment,618339,Assam,3880.59,3880.59,390.62,10.1,2021-03-01,2026-12-31,2027-12-31,2025-12-01,12,0.0,0
PAIM-618340,EPCMode under NHO-NE Package-3 (NHIDCL) (618340),Infrastructure & Highways,Ministry of Labour and Employment,618340,Assam,3360.11,3360.11,2289.41,68.1,2021-03-01,2027-12-31,2026-12-31,2025-12-01,6,0.0,0
PAIM-618435,NH-37 on EPC basis under SARDP-NE in state of Assam (NHIDCL) (618435),Infrastructure & Highways,Ministry of Labour and Employment,618435,Assam,3885.09,3885.09,1196.93,30.8,2022-03-01,2027-12-31,2026-12-31,2025-12-01,36,0.0,0
PAIM-618436,to Km 208.000 of NH-52 on EPC mode in state of Assam under SARDP-NE (NHIDCL) (618436),Infrastructure & Highways,Ministry of Labour and Employment,618436,Assam,724.18,724.18,132.0,18.2,2023-03-01,2025-12-31,2027-12-31,2025-12-01,18,0.0,0
PAIM-618437,works & Toll Plaza (NHIDCL) (618437),Infrastructure & Highways,Ministry of Labour and Employment,618437,Assam,1731.37,1731.37,1357.29,78.4,2021-03-01,2027-12-31,2028-12-31,2025-12-01,36,0.0,0
PAIM-618438,"SARDP-NE, Phase 'A' in the State of Assam on EPC mode (NHIDCL) (618438)",Infrastructure & Highways,Ministry of Labour and Employment,618438,Assam,2054.17,2054.17,319.35,15.5,2022-03-01,2026-12-31,2028-12-31,2025-12-01,0,0.0,0
PAIM-618441,under EPC Mode in the state of Assam Pkg-I Road Works (NHIDCL) (618441),Infrastructure & Highways,Ministry of Labour and Employment,618441,Assam,2739.89,2739.89,1366.51,49.9,2022-03-01,2027-12-31,2027-12-31,2025-12-01,24,0.0,0
PAIM-618455,Mode Package-I Road and Utility Works (NHIDCL) (618455),Infrastructure & Highways,Ministry of Labour and Employment,618455,Assam,3182.66,3182.66,521.78,16.4,2023-03-01,2027-12-31,2026-12-31,2025-12-01,6,0.0,0
PAIM-618575,and Baihata Bypass Junctions on stretches of NH-31 and NH-27 (National Highways Authority of India [NHAI]) (618575),Infrastructure & Highways,Ministry of Labour and Employment,618575,Assam,3352.86,3352.86,2731.51,81.5,2020-03-01,2025-12-31,2028-12-31,2025-12-01,24,0.0,0
PAIM-618576,at Jagiroad on stretches of NH 36 and NH 27 (National Highways Authority of India [NHAI]) (618576),Infrastructure & Highways,Ministry of Labour and Employment,618576,Assam,610.82,610.82,475.23,77.8,2022-03-01,2027-12-31,2028-12-31,2025-12-01,6,0.0,0
PAIM-618351,Package-10 (NHIDCL) (618351),Infrastructure & Highways,Ministry of Labour and Employment,618351,Assam,2157.52,2157.52,1357.68,62.9,2022-03-01,2026-12-31,2026-12-31,2025-12-01,0,0.0,0
PAIM-618352,9 (NHIDCL) (618352),Infrastructure & Highways,Ministry of Labour and Employment,618352,Assam,1845.42,1845.42,708.36,38.4,2021-03-01,2025-12-31,2028-12-31,2025-12-01,36,0.0,0
PAIM-618353,Package 8 (NHIDCL) (618353),Infrastructure & Highways,Ministry of Labour and Employment,618353,Assam,401.14,401.14,141.59,35.3,2020-03-01,2026-12-31,2028-12-31,2025-12-01,6,0.0,0
PAIM-618354,km 116.550 near Hangrum Package-7 on EPC mode Package7 (NHIDCL) (618354),Infrastructure & Highways,Ministry of Labour and Employment,618354,Assam,2267.71,2267.71,1267.9,55.9,2022-03-01,2026-12-31,2026-12-31,2025-12-01,6,0.0,0
PAIM-618359,EPC mode under Bharatmala Pariyojna of Length 27.514 Km Package-3 (NHIDCL) (618359),Infrastructure & Highways,Ministry of Labour and Employment,618359,Assam,2649.28,2649.28,1746.59,65.9,2022-03-01,2027-12-31,2026-12-31,2025-12-01,18,0.0,0
PAIM-618371,Km under JICA ODA Loan assistance Phase-V -Balance work (NHIDCL) (618371),Infrastructure & Highways,Ministry of Labour and Employment,618371,Assam,3224.55,3224.55,335.69,10.4,2023-03-01,2025-12-31,2027-12-31,2025-12-01,18,0.0,0
PAIM-618372,Pkg-2] (NHIDCL) (618372),Infrastructure & Highways,Ministry of Labour and Employment,618372,Assam,780.09,780.09,535.77,68.7,2022-03-01,2025-12-31,2028-12-31,2025-12-01,12,0.0,0
PAIM-618373,NH-127B under JICA ODA Loan assistance Phase-III (NHIDCL) (618373),Infrastructure & Highways,Ministry of Labour and Employment,618373,Assam,3503.4,3503.4,679.53,19.4,2022-03-01,2027-12-31,2026-12-31,2025-12-01,18,0.0,0
PAIM-618387,EPC mode under NHO-NE Package-2 (NHIDCL) (618387),Infrastructure & Highways,Ministry of Labour and Employment,618387,Multi-State,2854.06,2854.06,2237.15,78.4,2021-03-01,2025-12-31,2026-12-31,2025-12-01,36,0.0,0
PAIM-618388,of Manipur on EPC mode under NHO-TSP Package -3 (NHIDCL) (618388),Infrastructure & Highways,Ministry of Labour and Employment,618388,Multi-State,2536.35,2536.35,1494.2,58.9,2023-03-01,2027-12-31,2028-12-31,2025-12-01,36,0.0,0
PAIM-618389,of Manipur on EPC mode under NHO-TSP Package -4 (NHIDCL) (618389),Infrastructure & Highways,Ministry of Labour and Employment,618389,Multi-State,2129.72,2129.72,267.36,12.6,2021-03-01,2025-12-31,2028-12-31,2025-12-01,18,0.0,0
PAIM-618415,40.000 km on NH-129A in the State of Manipur on EPC mode (NHIDCL) (618415),Infrastructure & Highways,Ministry of Labour and Employment,618415,Multi-State,4058.68,4058.68,588.62,14.5,2021-03-01,2027-12-31,2027-12-31,2025-12-01,36,0.0,0
PAIM-618416,22.340 km on NH-129A in the State of Manipur on EPC mode (NHIDCL) (618416),Infrastructure & Highways,Ministry of Labour and Employment,618416,Multi-State,796.91,796.91,466.09,58.5,2021-03-01,2027-12-31,2028-12-31,2025-12-01,36,0.0,0
PAIM-618355,Package-2 (NHIDCL) (618355),Infrastructure & Highways,Ministry of Labour and Employment,618355,Multi-State,1607.57,1607.57,945.75,58.8,2022-03-01,2026-12-31,2027-12-31,2025-12-01,18,0.0,0
PAIM-618356,near Phelong on EPC Mode Package-3 (NHIDCL) (618356),Infrastructure & Highways,Ministry of Labour and Employment,618356,Multi-State,4373.29,4373.29,1055.4,24.1,2022-03-01,2027-12-31,2027-12-31,2025-12-01,12,0.0,0
PAIM-618357,Mandeu on EPC Mode Package 5 (NHIDCL) (618357),Infrastructure & Highways,Ministry of Labour and Employment,618357,Multi-State,3849.74,3849.74,2426.48,63.0,2021-03-01,2027-12-31,2026-12-31,2025-12-01,12,0.0,0
PAIM-618358,EPC Mode Package-6 (NHIDCL) (618358),Infrastructure & Highways,Ministry of Labour and Employment,618358,Multi-State,4206.21,4206.21,1866.59,44.4,2022-03-01,2027-12-31,2026-12-31,2025-12-01,0,0.0,0
PAIM-618344,on EPC mode Package-3 (NHIDCL) (618344),Infrastructure & Highways,Ministry of Labour and Employment,618344,Multi-State,4397.89,4397.89,2781.05,63.2,2020-03-01,2025-12-31,2028-12-31,2025-12-01,12,0.0,0
PAIM-618345,Package-2B (NHIDCL) (618345),Infrastructure & Highways,Ministry of Labour and Employment,618345,Multi-State,2858.17,2858.17,2226.11,77.9,2020-03-01,2027-12-31,2026-12-31,2025-12-01,6,0.0,0
PAIM-618346,NHO Package-2A (NHIDCL) (618346),Infrastructure & Highways,Ministry of Labour and Employment,618346,Multi-State,4295.97,4295.97,2851.86,66.4,2022-03-01,2026-12-31,2028-12-31,2025-12-01,18,0.0,0
PAIM-618347,NHO Package-1B (NHIDCL) (618347),Infrastructure & Highways,Ministry of Labour and Employment,618347,Multi-State,2451.24,2451.24,818.17,33.4,2021-03-01,2026-12-31,2026-12-31,2025-12-01,36,0.0,0
PAIM-618333,PKG-7 (NHIDCL) (618333),Infrastructure & Highways,Ministry of Labour and Employment,618333,Multi-State,4350.9,4350.9,3214.78,73.9,2020-03-01,2025-12-31,2026-12-31,2025-12-01,6,0.0,0
PAIM-618334,NHO-TSP PKG-6 (NHIDCL) (618334),Infrastructure & Highways,Ministry of Labour and Employment,618334,Multi-State,3959.17,3959.17,661.29,16.7,2021-03-01,2027-12-31,2028-12-31,2025-12-01,12,0.0,0
PAIM-618335,Puilon Kambiron Village on EPC Mode in Manipur PKG-5 (NHIDCL) (618335),Infrastructure & Highways,Ministry of Labour and Employment,618335,Multi-State,3315.62,3315.62,1964.82,59.3,2022-03-01,2026-12-31,2028-12-31,2025-12-01,0,0.0,0
PAIM-618336,km 103.557 on EPC Mode in Manipur PKG-4 (NHIDCL) (618336),Infrastructure & Highways,Ministry of Labour and Employment,618336,Multi-State,2880.69,2880.69,1042.24,36.2,2020-03-01,2027-12-31,2028-12-31,2025-12-01,12,0.0,0
PAIM-618337,33.395 to km 67.496 on EPC Mode in Manipur PKG-3 (NHIDCL) (618337),Infrastructure & Highways,Ministry of Labour and Employment,618337,Multi-State,229.95,229.95,66.5,28.9,2020-03-01,2026-12-31,2026-12-31,2025-12-01,24,0.0,0
PAIM-618298,Pkg-5B (NHIDCL) (618298),Infrastructure & Highways,Ministry of Labour and Employment,618298,Multi-State,3163.34,3163.34,2533.09,80.1,2022-03-01,2025-12-31,2027-12-31,2025-12-01,12,0.0,0
PAIM-618300,from Km 262175 to Km 274610 in the state of Manipur on EPC mode Pkg-4A (NHIDCL) (618300),Infrastructure & Highways,Ministry of Labour and Employment,618300,Multi-State,1044.89,1044.89,165.89,15.9,2021-03-01,2026-12-31,2028-12-31,2025-12-01,6,0.0,0
PAIM-618302,state of Manipur on EPC mode Package-2 (NHIDCL) (618302),Infrastructure & Highways,Ministry of Labour and Employment,618302,Multi-State,2758.36,2758.36,2070.57,75.1,2021-03-01,2025-12-31,2026-12-31,2025-12-01,18,0.0,0
PAIM-618303,state of Manipur on EPC mode Package-1 (NHIDCL) (618303),Infrastructure & Highways,Ministry of Labour and Employment,618303,Multi-State,2549.55,2549.55,1045.09,41.0,2023-03-01,2026-12-31,2028-12-31,2025-12-01,18,0.0,0
PAIM-617885,NE/Nong-Don-Maw/MG/2020-21/294 (MoRTH) (617885),Infrastructure & Highways,Ministry of Labour and Employment,617885,Multi-State,783.13,783.13,419.27,53.5,2022-03-01,2027-12-31,2026-12-31,2025-12-01,12,0.0,0
PAIM-618374,assistance Phase-II Pkg-5 -Balance work (NHIDCL) (618374),Infrastructure & Highways,Ministry of Labour and Employment,618374,Multi-State,1475.22,1475.22,264.45,17.9,2021-03-01,2026-12-31,2027-12-31,2025-12-01,24,0.0,0
PAIM-618375,Balance work Pkg-4 (NHIDCL) (618375),Infrastructure & Highways,Ministry of Labour and Employment,618375,Multi-State,2610.47,2610.47,1473.96,56.5,2023-03-01,2025-12-31,2026-12-31,2025-12-01,36,0.0,0
PAIM-618376,ODA Loan assistance Phase-II -Balance Work-Pkg-2 (NHIDCL) (618376),Infrastructure & Highways,Ministry of Labour and Employment,618376,Multi-State,2962.35,2962.35,1445.02,48.8,2023-03-01,2025-12-31,2026-12-31,2025-12-01,36,0.0,0
PAIM-618377,under JICA ODA Loan assistance Phase-II -Balance Work Pkg-1 (NHIDCL) (618377),Infrastructure & Highways,Ministry of Labour and Employment,618377,Assam,4248.54,4248.54,732.62,17.2,2021-03-01,2027-12-31,2026-12-31,2025-12-01,12,0.0,0
PAIM-618418,NE in the State of Meghalaya  Package-1 (NHIDCL) (618418),Infrastructure & Highways,Ministry of Labour and Employment,618418,Assam,4098.6,4098.6,1222.66,29.8,2023-03-01,2027-12-31,2027-12-31,2025-12-01,18,0.0,0
PAIM-618419,state of Meghalaya on EPC Mode Greenfield alignment (NHIDCL) (618419),Infrastructure & Highways,Ministry of Labour and Employment,618419,Multi-State,2133.3,2133.3,227.75,10.7,2023-03-01,2027-12-31,2027-12-31,2025-12-01,6,0.0,0
PAIM-618420,of Meghalaya on EPC Mode (NHIDCL) (618420),Infrastructure & Highways,Ministry of Labour and Employment,618420,Multi-State,699.53,699.53,86.13,12.3,2020-03-01,2027-12-31,2028-12-31,2025-12-01,24,0.0,0
PAIM-618421,Meghalaya on EPC Mode Greenfield alignment (NHIDCL) (618421),Infrastructure & Highways,Ministry of Labour and Employment,618421,Multi-State,950.99,950.99,125.83,13.2,2023-03-01,2025-12-31,2027-12-31,2025-12-01,6,0.0,0
PAIM-618379,Tuipang Section of NH-54 in the State of Mizoram Package-5 (NHIDCL) (618379),Infrastructure & Highways,Ministry of Labour and Employment,618379,Multi-State,2290.77,2290.77,839.19,36.6,2023-03-01,2025-12-31,2028-12-31,2025-12-01,18,0.0,0
PAIM-618380,Tuipang Section of NH-54 in the State of Mizoram Package-3 (NHIDCL) (618380),Infrastructure & Highways,Ministry of Labour and Employment,618380,Multi-State,1003.49,1003.49,586.7,58.5,2020-03-01,2026-12-31,2026-12-31,2025-12-01,18,0.0,0
PAIM-618381,Tuipang section under JICA ODA Loan assistance Phase-I Package-6 (NHIDCL) (618381),Infrastructure & Highways,Ministry of Labour and Employment,618381,Multi-State,3235.58,3235.58,2028.67,62.7,2021-03-01,2026-12-31,2027-12-31,2025-12-01,18,0.0,0
PAIM-618382,section under JICA ODA Loan assistance Phase-I Package-7 (NHIDCL) (618382),Infrastructure & Highways,Ministry of Labour and Employment,618382,Multi-State,729.49,729.49,76.39,10.5,2020-03-01,2027-12-31,2027-12-31,2025-12-01,0,0.0,0
PAIM-618383,section under JICA ODA Loan assistance Phase-I Package-8 (NHIDCL) (618383),Infrastructure & Highways,Ministry of Labour and Employment,618383,Multi-State,1129.13,1129.13,361.16,32.0,2023-03-01,2025-12-31,2027-12-31,2025-12-01,24,0.0,0
PAIM-618384,Tuipang Section of NH-54 in the State of Mizoram Package-4 (NHIDCL) (618384),Infrastructure & Highways,Ministry of Labour and Employment,618384,Multi-State,4117.63,4117.63,1980.05,48.1,2020-03-01,2027-12-31,2026-12-31,2025-12-01,0,0.0,0
PAIM-618362,A (NHIDCL) (618362),Infrastructure & Highways,Ministry of Labour and Employment,618362,Multi-State,288.12,288.12,50.34,17.5,2021-03-01,2026-12-31,2027-12-31,2025-12-01,36,0.0,0
PAIM-618363,under Bharatmala Pariyojana on EPC mode [Pkg-B] (NHIDCL) (618363),Infrastructure & Highways,Ministry of Labour and Employment,618363,Multi-State,3126.2,3126.2,453.98,14.5,2021-03-01,2026-12-31,2027-12-31,2025-12-01,36,0.0,0
PAIM-618341,Tuivai Pkg-2 (NHIDCL) (618341),Infrastructure & Highways,Ministry of Labour and Employment,618341,Multi-State,4018.74,4018.74,3352.13,83.4,2022-03-01,2025-12-31,2026-12-31,2025-12-01,36,0.0,0
PAIM-618342,state  of Mizoram under Bharatmala Pariyojana on EPC mode (NHIDCL) (618342),Infrastructure & Highways,Ministry of Labour and Employment,618342,Multi-State,1839.35,1839.35,417.84,22.7,2020-03-01,2027-12-31,2028-12-31,2025-12-01,36,0.0,0
PAIM-618343,Mizoram under Bharatmala Pariyojna on EPC Mode Seling-Dulte - III (NHIDCL) (618343),Infrastructure & Highways,Ministry of Labour and Employment,618343,Multi-State,3264.42,3264.42,930.91,28.5,2021-03-01,2027-12-31,2027-12-31,2025-12-01,36,0.0,0
PAIM-618328,Bypass under SARDP-NE Package-III (NHIDCL) (618328),Infrastructure & Highways,Ministry of Labour and Employment,618328,Multi-State,2335.94,2335.94,354.46,15.2,2020-03-01,2025-12-31,2026-12-31,2025-12-01,12,0.0,0
PAIM-618329,SARDP-NE (NHIDCL) (618329),Infrastructure & Highways,Ministry of Labour and Employment,618329,Multi-State,1963.14,1963.14,1248.4,63.6,2023-03-01,2027-12-31,2026-12-31,2025-12-01,12,0.0,0
PAIM-618290,State of Nagaland under SARDP-NE on EPC Mode Package-IV (NHIDCL) (618290),Infrastructure & Highways,Ministry of Labour and Employment,618290,Multi-State,2150.36,2150.36,1458.18,67.8,2023-03-01,2025-12-31,2028-12-31,2025-12-01,24,0.0,0
PAIM-618291,state of Nagaland Under SARDP-NE on EPC Mode Package- 3 (NHIDCL) (618291),Infrastructure & Highways,Ministry of Labour and Employment,618291,Multi-State,1364.97,1364.97,629.42,46.1,2022-03-01,2025-12-31,2027-12-31,2025-12-01,12,0.0,0
PAIM-618292,state of Nagaland Under SARDP-NE on EPC Mode Package-2 (NHIDCL) (618292),Infrastructure & Highways,Ministry of Labour and Employment,618292,Multi-State,469.25,469.25,168.96,36.0,2022-03-01,2027-12-31,2028-12-31,2025-12-01,0,0.0,0
PAIM-618293,on EPC Mode Package-1 -Balance work (NHIDCL) (618293),Infrastructure & Highways,Ministry of Labour and Employment,618293,Multi-State,2414.92,2414.92,377.56,15.6,2021-03-01,2027-12-31,2026-12-31,2025-12-01,6,0.0,0
PAIM-618296,on EPC Mode Package-V under NHO (NHIDCL) (618296),Infrastructure & Highways,Ministry of Labour and Employment,618296,Multi-State,4399.89,4399.89,1270.3,28.9,2020-03-01,2027-12-31,2028-12-31,2025-12-01,18,0.0,0
PAIM-618297,Mode under NHO Package-II -Balance work (NHIDCL) (618297),Infrastructure & Highways,Ministry of Labour and Employment,618297,Multi-State,4332.46,4332.46,792.07,18.3,2021-03-01,2025-12-31,2026-12-31,2025-12-01,24,0.0,0
PAIM-617886,to Km 125 of NH 61 (MoRTH) (617886),Infrastructure & Highways,Ministry of Labour and Employment,617886,Multi-State,3738.13,3738.13,2468.77,66.0,2021-03-01,2025-12-31,2026-12-31,2025-12-01,24,0.0,0
PAIM-618002,Chare via Dikhu in the state of Nagaland on EPC mode (MoRTH) (618002),Infrastructure & Highways,Ministry of Labour and Employment,618002,Multi-State,1949.19,1949.19,681.32,35.0,2022-03-01,2027-12-31,2027-12-31,2025-12-01,0,0.0,0
PAIM-618072,Km 220.00 of NH-61 New NH-02 in the state of Nagaland. (MoRTH) (618072),Infrastructure & Highways,Ministry of Labour and Employment,618072,Multi-State,2012.96,2012.96,302.85,15.0,2021-03-01,2027-12-31,2026-12-31,2025-12-01,24,0.0,0
PAIM-618364,on EPC mode under NH O-NE (NHIDCL) (618364),Infrastructure & Highways,Ministry of Labour and Employment,618364,Multi-State,4227.37,4227.37,3440.23,81.4,2022-03-01,2026-12-31,2026-12-31,2025-12-01,6,0.0,0
PAIM-618365,Nagaland on EPC mode under NHO-NE (NHIDCL) (618365),Infrastructure & Highways,Ministry of Labour and Employment,618365,Multi-State,875.59,875.59,430.65,49.2,2023-03-01,2026-12-31,2026-12-31,2025-12-01,12,0.0,0
PAIM-618366,on EPC mode under NHO-NE (NHIDCL) (618366),Infrastructure & Highways,Ministry of Labour and Employment,618366,Multi-State,3569.0,3569.0,1275.29,35.7,2022-03-01,2026-12-31,2027-12-31,2025-12-01,0,0.0,0
PAIM-618413,Nagaland on EPC mode under NHO-TSP Package-III (NHIDCL) (618413),Infrastructure & Highways,Ministry of Labour and Employment,618413,Multi-State,579.95,579.95,71.07,12.3,2022-03-01,2026-12-31,2027-12-31,2025-12-01,0,0.0,0
PAIM-618414,in the state of Nagaland on EPC mode under NHO-TSP Package-II (NHIDCL) (618414),Infrastructure & Highways,Ministry of Labour and Employment,618414,Multi-State,1994.5,1994.5,1224.42,61.4,2020-03-01,2027-12-31,2026-12-31,2025-12-01,36,0.0,0
PAIM-618422,SARDP-NE package-V  Balance work (NHIDCL) (618422),Infrastructure & Highways,Ministry of Labour and Employment,618422,Multi-State,3134.64,3134.64,440.61,14.1,2021-03-01,2027-12-31,2027-12-31,2025-12-01,36,0.0,0
PAIM-618423,Balance work (NHIDCL) (618423),Infrastructure & Highways,Ministry of Labour and Employment,618423,Multi-State,1708.7,1708.7,1396.69,81.7,2023-03-01,2026-12-31,2027-12-31,2025-12-01,12,0.0,0
PAIM-618446,Rongli to Chochenpheri of NH 717B Pkg-II C (NHIDCL) (618446),Infrastructure & Highways,Ministry of Labour and Employment,618446,Multi-State,560.4,560.4,173.58,31.0,2021-03-01,2025-12-31,2026-12-31,2025-12-01,24,0.0,0
PAIM-618447,Sikkim. (NHIDCL) (618447),Infrastructure & Highways,Ministry of Labour and Employment,618447,Multi-State,4080.01,4080.01,3169.52,77.7,2023-03-01,2026-12-31,2027-12-31,2025-12-01,18,0.0,0
PAIM-618448,the State of Sikkim. (NHIDCL) (618448),Infrastructure & Highways,Ministry of Labour and Employment,618448,Multi-State,2526.21,2526.21,1504.18,59.5,2021-03-01,2025-12-31,2027-12-31,2025-12-01,36,0.0,0
PAIM-618449,spur NH-717B on EPC Mode under SARDP-NE Phase-A in Sikkim Pkg-II B (NHIDCL) (618449),Infrastructure & Highways,Ministry of Labour and Employment,618449,Multi-State,1060.65,1060.65,423.02,39.9,2023-03-01,2027-12-31,2026-12-31,2025-12-01,18,0.0,0
PAIM-618450,km58.840 under SARDP-NE Phase A  Pkg- IV (NHIDCL) (618450),Infrastructure & Highways,Ministry of Labour and Employment,618450,Multi-State,749.1,749.1,525.13,70.1,2021-03-01,2026-12-31,2027-12-31,2025-12-01,24,0.0,0
PAIM-618071,Ranipool to Burtuk Ch 0.00 Km to 23.316 L23.316 Km in the State of Sikkim (MoRTH) (618071),Infrastructure & Highways,Ministry of Labour and Employment,618071,Multi-State,3279.04,3279.04,2478.47,75.6,2022-03-01,2026-12-31,2026-12-31,2025-12-01,24,0.0,0
PAIM-618307,Pariyojana Manu-Simlung -2 (NHIDCL) (618307),Infrastructure & Highways,Ministry of Labour and Employment,618307,Multi-State,1834.22,1834.22,812.39,44.3,2021-03-01,2027-12-31,2026-12-31,2025-12-01,18,0.0,0
PAIM-618417,state of Tripura on EPC basis under NHO-NE (NHIDCL) (618417),Infrastructure & Highways,Ministry of Labour and Employment,618417,Multi-State,341.28,341.28,157.79,46.2,2021-03-01,2025-12-31,2026-12-31,2025-12-01,0,0.0,0
PAIM-618411,and overlay from Km 20.30 to Km 22.00 1.7 Km Total Length  13.2 Km (NHIDCL) (618411),Infrastructure & Highways,Ministry of Labour and Employment,618411,Multi-State,2536.09,2536.09,303.47,12.0,2020-03-01,2026-12-31,2027-12-31,2025-12-01,0,0.0,0
PAIM-618385,with paved shoulder on EPC basis under NHO Package-III- Balance Work (NHIDCL) (618385),Infrastructure & Highways,Ministry of Labour and Employment,618385,Multi-State,1929.27,1929.27,393.69,20.4,2023-03-01,2025-12-31,2026-12-31,2025-12-01,12,0.0,0
PAIM-618386,shoulder on EPC bais under NHO (NHIDCL) (618386),Infrastructure & Highways,Ministry of Labour and Employment,618386,Multi-State,3283.17,3283.17,2439.7,74.3,2021-03-01,2026-12-31,2026-12-31,2025-12-01,6,0.0,0
PAIM-618368,under JICA ODA Loan Phase VI Package-3 (NHIDCL) (618368),Infrastructure & Highways,Ministry of Labour and Employment,618368,Multi-State,2413.52,2413.52,1246.7,51.7,2020-03-01,2026-12-31,2028-12-31,2025-12-01,36,0.0,0
PAIM-618369,the state of Tripura on EPC mode under JICA ODA Loan Phase VI Package-2 (NHIDCL) (618369),Infrastructure & Highways,Ministry of Labour and Employment,618369,Multi-State,2687.26,2687.26,1633.05,60.8,2022-03-01,2026-12-31,2027-12-31,2025-12-01,18,0.0,0
PAIM-618370,JICA ODA Loan Phase VI Package-1 (NHIDCL) (618370),Infrastructure & Highways,Ministry of Labour and Employment,618370,Multi-State,1377.29,1377.29,634.63,46.1,2023-03-01,2026-12-31,2027-12-31,2025-12-01,18,0.0,0
PAIM-701598,Highways of Meghalaya (Department of Telecommunications) (701598),Infrastructure & Highways,Ministry of Labour and Employment,701598,Assam,1637.23,1637.23,988.45,60.4,2023-03-01,2027-12-31,2028-12-31,2025-12-01,0,0.0,0
PAIM-701597,2 Districts of Assam (Department of Telecommunications) (701597),Infrastructure & Highways,Ministry of Labour and Employment,701597,Assam,329.64,329.64,133.3,40.4,2020-03-01,2026-12-31,2028-12-31,2025-12-01,6,0.0,0
PAIM-701370,"Borolia Irrigation Project (Department of Water Resources, River Development & GR) (701370)",Infrastructure & Highways,Ministry of Labour and Employment,701370,Assam,1373.19,1373.19,611.62,44.5,2023-03-01,2026-12-31,2026-12-31,2025-12-01,0,0.0,0
PAIM-701400,Thoubal Multipurpose Project (Water Resources Department-MN) (701400),Infrastructure & Highways,Ministry of Labour and Employment,701400,Assam,2246.6,2246.6,242.11,10.8,2022-03-01,2025-12-31,2028-12-31,2025-12-01,24,0.0,0
PAIM-612786,"including maintenance, operations and AICMC at Kadapa Airport (Airport Authority of India [AAI]) (612786)",Infrastructure & Highways,Ministry of Civil Aviation,612786,Andhra Pradesh,503.88,503.88,402.15,79.8,2021-03-01,2027-12-31,2028-12-31,2025-12-01,18,0.0,0
PAIM-701107,Airport. (Airport Authority of India [AAI]) (701107),Infrastructure & Highways,Ministry of Civil Aviation,701107,Andhra Pradesh,1118.36,1118.36,250.81,22.4,2020-03-01,2025-12-31,2027-12-31,2025-12-01,12,0.0,0
PAIM-701121,Construction of New  Domestic Terminal Building  at Rajahmundry Airport. (Airport Authority of India [AAI]) (701121),Infrastructure & Highways,Ministry of Civil Aviation,701121,Andhra Pradesh,1611.17,1611.17,267.61,16.6,2023-03-01,2027-12-31,2026-12-31,2025-12-01,6,0.0,0
PAIM-612183,Development of New Civil Enclave at Bihta (Airport Authority of India [AAI]) (612183),Infrastructure & Highways,Ministry of Civil Aviation,612183,Bihar,4468.74,4468.74,2356.93,52.7,2023-03-01,2025-12-31,2027-12-31,2025-12-01,12,0.0,0
PAIM-612194,Development of New Civil Enclave and associated works at Darbhanga Airport (Airport Authority of India [AAI]) (612194),Infrastructure & Highways,Ministry of Civil Aviation,612194,Bihar,1198.68,1198.68,313.86,26.2,2021-03-01,2026-12-31,2027-12-31,2025-12-01,24,0.0,0
PAIM-701101,"structures at JPNI Airport, Patna (Airport Authority of India [AAI]) (701101)",Infrastructure & Highways,Ministry of Civil Aviation,701101,Bihar,1404.67,1404.67,628.52,44.7,2023-03-01,2027-12-31,2026-12-31,2025-12-01,36,0.0,0
PAIM-701105,Goa Airport Terminal Building Extension Project (Airport Authority of India [AAI]) (701105),Infrastructure & Highways,Ministry of Civil Aviation,701105,Gujarat,4305.14,4305.14,1993.56,46.3,2023-03-01,2027-12-31,2028-12-31,2025-12-01,6,0.0,0
PAIM-701126,"Development of Dholera International Greenfield Airport , Gujarat (Airport Authority of India [AAI]) (701126)",Infrastructure & Highways,Ministry of Civil Aviation,701126,Gujarat,4071.78,4071.78,775.84,19.1,2020-03-01,2027-12-31,2026-12-31,2025-12-01,24,0.0,0
PAIM-611047,works and electrical & mechanical installations towards Tawi River side at CA Jammu. (Airport Authority of India [AAI]) ,Infrastructure & Highways,Ministry of Civil Aviation,611047,Multi-State,3478.65,3478.65,1615.71,46.4,2020-03-01,2026-12-31,2027-12-31,2025-12-01,18,0.0,0
PAIM-612787,Airport (Airport Authority of India [AAI]) (612787),Infrastructure & Highways,Ministry of Civil Aviation,612787,Karnataka,539.14,539.14,278.26,51.6,2022-03-01,2026-12-31,2026-12-31,2025-12-01,24,0.0,0
PAIM-612788,Belagavi Airport. (Airport Authority of India [AAI]) (612788),Infrastructure & Highways,Ministry of Civil Aviation,612788,Karnataka,3025.68,3025.68,1959.5,64.8,2022-03-01,2027-12-31,2026-12-31,2025-12-01,36,0.0,0
PAIM-612789,works for additional RESA on either end on Runway 10-28 (Airport Authority of India [AAI]) (612789),Infrastructure & Highways,Ministry of Civil Aviation,612789,Multi-State,2806.96,2806.96,2222.14,79.2,2020-03-01,2027-12-31,2026-12-31,2025-12-01,36,0.0,0
PAIM-400010,"Construction of Terminal Building & Associated works at Leh Airport, Ladakh (Airport Authority of India [AAI]) (400010)",Infrastructure & Highways,Ministry of Civil Aviation,400010,Multi-State,4297.88,4297.88,1701.42,39.6,2021-03-01,2025-12-31,2028-12-31,2025-12-01,24,0.0,0
PAIM-611570,"Navi Mumbai, Jewar [earlier MOPA, without ASMGCS], HIAL & BIAL (Airport Authority of India [AAI]) (611570)",Infrastructure & Highways,Ministry of Civil Aviation,611570,Maharashtra,2628.34,2628.34,520.5,19.8,2020-03-01,2025-12-31,2026-12-31,2025-12-01,18,0.0,0
PAIM-701127,Airport. (Airport Authority of India [AAI]) (701127),Infrastructure & Highways,Ministry of Civil Aviation,701127,Rajasthan,350.78,350.78,115.45,32.9,2021-03-01,2025-12-31,2027-12-31,2025-12-01,12,0.0,0
PAIM-701128,Construction of New Integrated Passenger Terminal Building at Udaipur Airport (Airport Authority of India [AAI]) (701128,Infrastructure & Highways,Ministry of Civil Aviation,701128,Rajasthan,3621.78,3621.78,1175.83,32.5,2021-03-01,2026-12-31,2028-12-31,2025-12-01,6,0.0,0
PAIM-611602,"Modernization of Chennai Airport, Phase II, Part 2 (Airport Authority of India [AAI]) (611602)",Infrastructure & Highways,Ministry of Civil Aviation,611602,Tamil Nadu,3081.38,3081.38,1052.67,34.2,2023-03-01,2027-12-31,2028-12-31,2025-12-01,36,0.0,0
PAIM-701113,"Terminal Building, Apron Extension, Runway Extension, PTT and allied works. (Airport Authority of India [AAI]) (701113)",Infrastructure & Highways,Ministry of Civil Aviation,701113,Uttar Pradesh,1033.98,1033.98,521.54,50.4,2023-03-01,2027-12-31,2026-12-31,2025-12-01,6,0.0,0
PAIM-701122,Development of New Integrated Civil Enclave at Agra Airport (Airport Authority of India [AAI]) (701122),Infrastructure & Highways,Ministry of Civil Aviation,701122,Uttar Pradesh,4389.56,4389.56,2628.3,59.9,2020-03-01,2026-12-31,2026-12-31,2025-12-01,6,0.0,0
PAIM-611495,Development of New Civil Enclave at Bagdogra Airport (Airport Authority of India [AAI]) (611495),Infrastructure & Highways,Ministry of Civil Aviation,611495,Uttar Pradesh,853.43,853.43,260.85,30.6,2022-03-01,2027-12-31,2028-12-31,2025-12-01,6,0.0,0
PAIM-612791,Strengthening of C Taxiway at NSCBI Airport Kolkata. (Airport Authority of India [AAI]) (612791),Infrastructure & Highways,Ministry of Civil Aviation,612791,West Bengal,814.05,814.05,543.96,66.8,2021-03-01,2027-12-31,2026-12-31,2025-12-01,0,0.0,0
PAIM-400144,PORDA CHIMTAPANI OCP [10 MTY] (South Eastern Coalfields Limited [SECL]) (400144),Infrastructure & Highways,Ministry of Coal,400144,Assam,1558.73,1558.73,1224.4,78.6,2022-03-01,2027-12-31,2028-12-31,2025-12-01,24,0.0,0
PAIM-400149,BAROUD OC EXPANSION [3.0-10.0M (South Eastern Coalfields Limited [SECL]) (400149),Infrastructure & Highways,Ministry of Coal,400149,Multi-State,3948.45,3948.45,2838.76,71.9,2023-03-01,2025-12-31,2026-12-31,2025-12-01,12,0.0,0
PAIM-400354,DIPKA EXPANSION OCP [40 MTY] (South Eastern Coalfields Limited [SECL]) (400354),Infrastructure & Highways,Ministry of Coal,400354,Multi-State,2362.44,2362.44,1255.42,53.1,2021-03-01,2026-12-31,2028-12-31,2025-12-01,18,0.0,0
PAIM-400424,GEVRA OC [70 MTY] (South Eastern Coalfields Limited [SECL]) (400424),Infrastructure & Highways,Ministry of Coal,400424,Multi-State,1228.14,1228.14,291.03,23.7,2021-03-01,2026-12-31,2028-12-31,2025-12-01,12,0.0,0
PAIM-613798,AMERA OC RCE [1.0 MTY] (South Eastern Coalfields Limited [SECL]) (613798),Infrastructure & Highways,Ministry of Coal,613798,Multi-State,244.69,244.69,160.06,65.4,2023-03-01,2026-12-31,2027-12-31,2025-12-01,12,0.0,0
PAIM-613799,AMGAON OC RCE [1.0 MTY] (South Eastern Coalfields Limited [SECL]) (613799),Infrastructure & Highways,Ministry of Coal,613799,Multi-State,2875.6,2875.6,1596.79,55.5,2022-03-01,2027-12-31,2027-12-31,2025-12-01,12,0.0,0
PAIM-613800,JAGANNATHPUR OC RCE PROJECT (South Eastern Coalfields Limited [SECL]) (613800),Infrastructure & Highways,Ministry of Coal,613800,Multi-State,4334.05,4334.05,988.74,22.8,2022-03-01,2027-12-31,2026-12-31,2025-12-01,18,0.0,0
PAIM-613801,MAHAMAYA OCP [1.50 MTY] (South Eastern Coalfields Limited [SECL]) (613801),Infrastructure & Highways,Ministry of Coal,613801,Multi-State,3417.16,3417.16,560.72,16.4,2021-03-01,2025-12-31,2026-12-31,2025-12-01,24,0.0,0
PAIM-615191,KATKONA RO UG MINE (South Eastern Coalfields Limited [SECL]) (615191),Infrastructure & Highways,Ministry of Coal,615191,Multi-State,1887.03,1887.03,666.15,35.3,2021-03-01,2025-12-31,2027-12-31,2025-12-01,36,0.0,0
PAIM-616234,PELMA OC MDO (South Eastern Coalfields Limited [SECL]) (616234),Infrastructure & Highways,Ministry of Coal,616234,Multi-State,934.81,934.81,121.57,13.0,2021-03-01,2025-12-31,2028-12-31,2025-12-01,0,0.0,0
PAIM-617287,KUSMUNDA OC EXPANSION PROJECT (SECL - CIL) (617287),Infrastructure & Highways,Ministry of Coal,617287,Multi-State,4355.15,4355.15,1061.3,24.4,2022-03-01,2025-12-31,2026-12-31,2025-12-01,0,0.0,0
PAIM-617288,MANIKPUR OC EXPANSION PROJECT (South Eastern Coalfields Limited [SECL]) (617288),Infrastructure & Highways,Ministry of Coal,617288,Multi-State,3932.6,3932.6,2289.63,58.2,2023-03-01,2025-12-31,2028-12-31,2025-12-01,36,0.0,0
PAIM-400018,HURA C OCP (ECL - CIL) (400018),Infrastructure & Highways,Ministry of Coal,400018,Multi-State,3532.89,3532.89,2608.29,73.8,2021-03-01,2027-12-31,2028-12-31,2025-12-01,36,0.0,0
PAIM-400073,KONAR EXPANSION OCP (Ministry of Coal) (400073),Infrastructure & Highways,Ministry of Coal,400073,Multi-State,2801.68,2801.68,336.73,12.0,2020-03-01,2027-12-31,2028-12-31,2025-12-01,0,0.0,0
PAIM-400074,KARO EXPANSION OCP (Ministry of Coal) (400074),Infrastructure & Highways,Ministry of Coal,400074,Multi-State,4417.06,4417.06,3636.93,82.3,2022-03-01,2027-12-31,2028-12-31,2025-12-01,0,0.0,0
PAIM-400136,SANGHMITRA OC (Ministry of Coal) (400136),Infrastructure & Highways,Ministry of Coal,400136,Multi-State,3158.08,3158.08,2093.56,66.3,2021-03-01,2026-12-31,2027-12-31,2025-12-01,36,0.0,0
PAIM-400138,CHANDRAGUPT OCP (Ministry of Coal) (400138),Infrastructure & Highways,Ministry of Coal,400138,Multi-State,1994.48,1994.48,960.24,48.1,2021-03-01,2025-12-31,2027-12-31,2025-12-01,0,0.0,0
PAIM-400139,KOTRE BASANTPUR PACHMO OCP (Ministry of Coal) (400139),Infrastructure & Highways,Ministry of Coal,400139,Multi-State,1677.6,1677.6,376.78,22.5,2021-03-01,2025-12-31,2028-12-31,2025-12-01,6,0.0,0
PAIM-400142,Pachwara South Coal Block (NLC India Limited [NLCIL]) (400142),Infrastructure & Highways,Ministry of Coal,400142,Multi-State,2811.63,2811.63,954.06,33.9,2022-03-01,2026-12-31,2026-12-31,2025-12-01,0,0.0,0
PAIM-400150,RPR MAGADH EXP OCP (Ministry of Coal) (400150),Infrastructure & Highways,Ministry of Coal,400150,Multi-State,4390.37,4390.37,2447.16,55.7,2020-03-01,2025-12-31,2028-12-31,2025-12-01,0,0.0,0
PAIM-400151,NORTH URIMARI EXPANSION OCP (Ministry of Coal) (400151),Infrastructure & Highways,Ministry of Coal,400151,Multi-State,1925.35,1925.35,1583.47,82.2,2022-03-01,2025-12-31,2027-12-31,2025-12-01,24,0.0,0
PAIM-400153,EPR ROHINI - KARKETTA OCP (Ministry of Coal) (400153),Infrastructure & Highways,Ministry of Coal,400153,Multi-State,854.49,854.49,208.85,24.4,2022-03-01,2025-12-31,2027-12-31,2025-12-01,24,0.0,0
PAIM-400154,EPR PUNDI OCP (Ministry of Coal) (400154),Infrastructure & Highways,Ministry of Coal,400154,Multi-State,869.43,869.43,434.08,49.9,2021-03-01,2025-12-31,2027-12-31,2025-12-01,18,0.0,0
PAIM-400155,EPR ASHOK OC (Ministry of Coal) (400155),Infrastructure & Highways,Ministry of Coal,400155,Multi-State,3314.14,3314.14,1260.99,38.0,2022-03-01,2026-12-31,2028-12-31,2025-12-01,24,0.0,0
PAIM-400156,EPR AMRAPALI OCP (Ministry of Coal) (400156),Infrastructure & Highways,Ministry of Coal,400156,Multi-State,1881.79,1881.79,765.82,40.7,2023-03-01,2026-12-31,2026-12-31,2025-12-01,24,0.0,0
PAIM-400160,RAJRAPPA RCE OCP (Ministry of Coal) (400160),Infrastructure & Highways,Ministry of Coal,400160,Multi-State,2133.64,2133.64,1576.12,73.9,2020-03-01,2025-12-31,2028-12-31,2025-12-01,0,0.0,0
PAIM-400172,CHITRA EAST OC (Eastern Coal Fields Limited [ECL]) (400172),Infrastructure & Highways,Ministry of Coal,400172,Multi-State,1950.09,1950.09,328.98,16.9,2023-03-01,2026-12-31,2028-12-31,2025-12-01,0,0.0,0
PAIM-400352,JHARKHAND-LAIYO OCP (Ministry of Coal) (400352),Infrastructure & Highways,Ministry of Coal,400352,Multi-State,4334.21,4334.21,1660.02,38.3,2022-03-01,2026-12-31,2026-12-31,2025-12-01,18,0.0,0
PAIM-400425,MOONIDIH XV SEAM UG (Ministry of Coal) (400425),Infrastructure & Highways,Ministry of Coal,400425,Multi-State,3211.66,3211.66,2216.36,69.0,2021-03-01,2025-12-31,2028-12-31,2025-12-01,6,0.0,0
PAIM-611017,2.5 MTPA PATHERDIH NLW WASHERY (Ministry of Coal) (611017),Infrastructure & Highways,Ministry of Coal,611017,Multi-State,2726.23,2726.23,745.83,27.4,2022-03-01,2027-12-31,2026-12-31,2025-12-01,0,0.0,0
PAIM-611864,AMALAGAMATED NTST KUJAMA OCP 8.5MTY (Ministry of Coal) (611864),Infrastructure & Highways,Ministry of Coal,611864,Multi-State,4185.05,4185.05,2301.13,55.0,2020-03-01,2025-12-31,2027-12-31,2025-12-01,18,0.0,0
PAIM-613808,MURAIDIH UG PROJECT (Ministry of Coal) (613808),Infrastructure & Highways,Ministry of Coal,613808,Multi-State,4094.04,4094.04,1534.57,37.5,2020-03-01,2025-12-31,2028-12-31,2025-12-01,12,0.0,0
PAIM-615349,TAPIN SOUTH EXPN (Ministry of Coal) (615349),Infrastructure & Highways,Ministry of Coal,615349,Multi-State,2875.04,2875.04,1281.13,44.6,2023-03-01,2027-12-31,2027-12-31,2025-12-01,18,0.0,0
PAIM-615822,SIRKA OC (Ministry of Coal) (615822),Infrastructure & Highways,Ministry of Coal,615822,Multi-State,3440.89,3440.89,2237.85,65.0,2021-03-01,2027-12-31,2027-12-31,2025-12-01,0,0.0,0
PAIM-615843,TETARIAKHAR OC (Ministry of Coal) (615843),Infrastructure & Highways,Ministry of Coal,615843,Multi-State,1998.92,1998.92,238.44,11.9,2020-03-01,2025-12-31,2026-12-31,2025-12-01,18,0.0,0
PAIM-616225,CHUPERBHITA SIMLONG OCP MDO 6 (Eastern Coal Fields Limited [ECL]) (616225),Infrastructure & Highways,Ministry of Coal,616225,Multi-State,3080.06,3080.06,661.53,21.5,2023-03-01,2026-12-31,2028-12-31,2025-12-01,12,0.0,0
PAIM-616236,JARANGDIH EXPN. OCP 1.5 MTY (CCL - CIL) (616236),Infrastructure & Highways,Ministry of Coal,616236,Multi-State,2314.84,2314.84,1168.65,50.5,2022-03-01,2025-12-31,2028-12-31,2025-12-01,6,0.0,0
PAIM-616253,BLOCK E OCP (Ministry of Coal) (616253),Infrastructure & Highways,Ministry of Coal,616253,Multi-State,3250.24,3250.24,984.6,30.3,2020-03-01,2026-12-31,2026-12-31,2025-12-01,6,0.0,0
PAIM-617416,affected families in Jharia Coalfield- Reg. (Bharat Coking Coal Limited (BCCL)) (617416),Infrastructure & Highways,Ministry of Coal,617416,Madhya Pradesh,3406.48,3406.48,2356.81,69.2,2021-03-01,2027-12-31,2026-12-31,2025-12-01,18,0.0,0
PAIM-400148,AMADAND OCP[4.0MTY] (Ministry of Coal) (400148),Infrastructure & Highways,Ministry of Coal,400148,Madhya Pradesh,3107.18,3107.18,1865.43,60.0,2022-03-01,2026-12-31,2026-12-31,2025-12-01,0,0.0,0
PAIM-400152,RAMPUR BATURA OCP [4.0MTY] (South Eastern Coalfields Limited [SECL]) (400152),Infrastructure & Highways,Ministry of Coal,400152,Madhya Pradesh,3987.69,3987.69,754.51,18.9,2022-03-01,2027-12-31,2027-12-31,2025-12-01,24,0.0,0
PAIM-400162,BLOCK B EXPANSION  [3.5 TO 8.0 (Northern Coalfields Limited [NCL]) (400162),Infrastructure & Highways,Ministry of Coal,400162,Madhya Pradesh,4315.92,4315.92,3591.26,83.2,2023-03-01,2025-12-31,2028-12-31,2025-12-01,0,0.0,0
PAIM-400321,NIGAHI EXPANSION [15 TO 25 MTP (Northern Coalfields Limited [NCL]) (400321),Infrastructure & Highways,Ministry of Coal,400321,Madhya Pradesh,593.71,593.71,299.86,50.5,2022-03-01,2026-12-31,2028-12-31,2025-12-01,12,0.0,0
PAIM-613802,KANCHAN OC EXP (South Eastern Coalfields Limited [SECL]) (613802),Infrastructure & Highways,Ministry of Coal,613802,Madhya Pradesh,3812.17,3812.17,1564.04,41.0,2022-03-01,2026-12-31,2028-12-31,2025-12-01,36,0.0,0
PAIM-613803,JHIRIA WEST OCP [1.5 MTY] (South Eastern Coalfields Limited [SECL]) (613803),Infrastructure & Highways,Ministry of Coal,613803,Madhya Pradesh,1582.01,1582.01,1272.52,80.4,2020-03-01,2027-12-31,2027-12-31,2025-12-01,6,0.0,0
PAIM-613804,RPR TAWA-III UG 0.84 MTY (Western Coalfields Limited [WCL]) (613804),Infrastructure & Highways,Ministry of Coal,613804,Madhya Pradesh,2075.29,2075.29,793.26,38.2,2023-03-01,2025-12-31,2028-12-31,2025-12-01,0,0.0,0
PAIM-615185,AMALGAMATED DHANKASA & JAMUNIA (Western Coalfields Limited [WCL]) (615185),Infrastructure & Highways,Ministry of Coal,615185,Madhya Pradesh,1675.14,1675.14,910.59,54.4,2021-03-01,2027-12-31,2026-12-31,2025-12-01,6,0.0,0
PAIM-615187,RPR OF VISHNUPURI UG TO OC (Western Coalfields Limited [WCL]) (615187),Infrastructure & Highways,Ministry of Coal,615187,Madhya Pradesh,3853.11,3853.11,2070.79,53.7,2021-03-01,2027-12-31,2027-12-31,2025-12-01,18,0.0,0
PAIM-615194,URDHAN EXPANSION OC COST PLUS (Western Coalfields Limited [WCL]) (615194),Infrastructure & Highways,Ministry of Coal,615194,Madhya Pradesh,763.63,763.63,443.69,58.1,2022-03-01,2026-12-31,2026-12-31,2025-12-01,18,0.0,0
PAIM-615195,SHARDA UG MINE (Western Coalfields Limited [WCL]) (615195),Infrastructure & Highways,Ministry of Coal,615195,Madhya Pradesh,4051.99,4051.99,1358.6,33.5,2020-03-01,2025-12-31,2028-12-31,2025-12-01,18,0.0,0
PAIM-615206,GANDHIGRAM UG MINE (Western Coalfields Limited [WCL]) (615206),Infrastructure & Highways,Ministry of Coal,615206,Maharashtra,3568.34,3568.34,1970.26,55.2,2021-03-01,2025-12-31,2028-12-31,2025-12-01,0,0.0,0
PAIM-400033,BHATADI EXPANSION OC (Western Coalfields Limited [WCL]) (400033),Infrastructure & Highways,Ministry of Coal,400033,Maharashtra,1649.64,1649.64,931.41,56.5,2020-03-01,2025-12-31,2028-12-31,2025-12-01,24,0.0,0
PAIM-400177,AMALGAMATED YEKONA I & YEKONA (Western Coalfields Limited [WCL]) (400177),Infrastructure & Highways,Ministry of Coal,400177,Maharashtra,1980.76,1980.76,318.46,16.1,2023-03-01,2027-12-31,2028-12-31,2025-12-01,0,0.0,0
PAIM-400178,DINESH[MAKARDHOKRA-III] OC (Western Coalfields Limited [WCL]) (400178),Infrastructure & Highways,Ministry of Coal,400178,Maharashtra,2236.57,2236.57,1646.05,73.6,2020-03-01,2027-12-31,2027-12-31,2025-12-01,6,0.0,0
PAIM-400353,DHUPTALA OC [SASTI UG TO OC ] (Western Coalfields Limited [WCL]) (400353),Infrastructure & Highways,Ministry of Coal,400353,Maharashtra,377.38,377.38,191.25,50.7,2023-03-01,2026-12-31,2028-12-31,2025-12-01,6,0.0,0
PAIM-615184,SAONER UG MINE -1 EXPANSION 1. (Western Coalfields Limited [WCL]) (615184),Infrastructure & Highways,Ministry of Coal,615184,Maharashtra,2763.49,2763.49,1726.93,62.5,2021-03-01,2026-12-31,2028-12-31,2025-12-01,36,0.0,0
PAIM-615186,SASTI  EXPANSION OPENCAST (Western Coalfields Limited [WCL]) (615186),Infrastructure & Highways,Ministry of Coal,615186,Maharashtra,2087.5,2087.5,313.43,15.0,2021-03-01,2026-12-31,2027-12-31,2025-12-01,18,0.0,0
PAIM-615188,NEW MAJRI UG TO OC 3 MTY COST (Western Coalfields Limited [WCL]) (615188),Infrastructure & Highways,Ministry of Coal,615188,Maharashtra,731.17,731.17,86.96,11.9,2023-03-01,2026-12-31,2027-12-31,2025-12-01,18,0.0,0
PAIM-615189,MAKARDHOKRA EXPN OC 4.9 MTY (Western Coalfields Limited [WCL]) (615189),Infrastructure & Highways,Ministry of Coal,615189,Maharashtra,3843.14,3843.14,2665.56,69.4,2022-03-01,2027-12-31,2026-12-31,2025-12-01,24,0.0,0
PAIM-615190,SINGHORI DEEP OC MIN 2.0 MTY (Western Coalfields Limited [WCL]) (615190),Infrastructure & Highways,Ministry of Coal,615190,Maharashtra,4198.9,4198.9,2457.73,58.5,2020-03-01,2026-12-31,2028-12-31,2025-12-01,36,0.0,0
PAIM-615192,GOKUL EXTENSION OC MINE (Western Coalfields Limited [WCL]) (615192),Infrastructure & Highways,Ministry of Coal,615192,Maharashtra,3308.62,3308.62,1077.16,32.6,2021-03-01,2027-12-31,2026-12-31,2025-12-01,6,0.0,0
PAIM-615199,KOLGAON EXPANSION DEEP OC MINE (Western Coalfields Limited [WCL]) (615199),Infrastructure & Highways,Ministry of Coal,615199,Maharashtra,1981.72,1981.72,626.77,31.6,2023-03-01,2027-12-31,2027-12-31,2025-12-01,12,0.0,0
PAIM-615330,BALLARPUR NORTH WEST OC MINE (Western Coalfields Limited [WCL]) (615330),Infrastructure & Highways,Ministry of Coal,615330,Maharashtra,3332.35,3332.35,1337.31,40.1,2022-03-01,2026-12-31,2028-12-31,2025-12-01,36,0.0,0
PAIM-615331,GADEGAON OC 3 MTY (Western Coalfields Limited [WCL]) (615331),Infrastructure & Highways,Ministry of Coal,615331,Maharashtra,4393.99,4393.99,2322.89,52.9,2022-03-01,2027-12-31,2027-12-31,2025-12-01,18,0.0,0
PAIM-615914,GHONSA EXPANSION DEEP OC MINE (Western Coalfields Limited [WCL]) (615914),Infrastructure & Highways,Ministry of Coal,615914,Maharashtra,1679.96,1679.96,375.24,22.3,2022-03-01,2025-12-31,2027-12-31,2025-12-01,6,0.0,0
PAIM-615916,AMLG GAURI PAUNI EXPANSION OC (Western Coalfields Limited [WCL]) (615916),Infrastructure & Highways,Ministry of Coal,615916,Maharashtra,2883.73,2883.73,1862.72,64.6,2020-03-01,2026-12-31,2027-12-31,2025-12-01,0,0.0,0
PAIM-615917,GAURIDEEP/GAURI CENTRAL OCP 7. (Western Coalfields Limited [WCL]) (615917),Infrastructure & Highways,Ministry of Coal,615917,Maharashtra,287.65,287.65,106.03,36.9,2021-03-01,2027-12-31,2026-12-31,2025-12-01,12,0.0,0
PAIM-615918,RPR OF BHANEGAON OC (Western Coalfields Limited [WCL]) (615918),Infrastructure & Highways,Ministry of Coal,615918,Maharashtra,3106.13,3106.13,1219.53,39.3,2022-03-01,2025-12-31,2028-12-31,2025-12-01,0,0.0,0
PAIM-615919,N. EXTN. MUNGOLI NIRGUDA D OCP (Western Coalfields Limited [WCL]) (615919),Infrastructure & Highways,Ministry of Coal,615919,Maharashtra,1763.14,1763.14,1414.19,80.2,2023-03-01,2025-12-31,2027-12-31,2025-12-01,12,0.0,0
PAIM-615982,NILJAI EXPANSION DEEP  OCP (Western Coalfields Limited [WCL]) (615982),Infrastructure & Highways,Ministry of Coal,615982,Maharashtra,216.86,216.86,176.85,81.6,2020-03-01,2027-12-31,2026-12-31,2025-12-01,36,0.0,0
PAIM-616044,UKNI DEEP OC MINE -COST PLUS (Western Coalfields Limited [WCL]) (616044),Infrastructure & Highways,Ministry of Coal,616044,Maharashtra,3931.66,3931.66,2458.99,62.5,2021-03-01,2026-12-31,2027-12-31,2025-12-01,6,0.0,0
PAIM-616050,AMALGAMATED INDER-KAMPTEE DEEP (Western Coalfields Limited [WCL]) (616050),Infrastructure & Highways,Ministry of Coal,616050,Maharashtra,1960.39,1960.39,992.81,50.6,2020-03-01,2025-12-31,2026-12-31,2025-12-01,18,0.0,0
PAIM-616223,ADASA UG TO OC MINE (Western Coalfields Limited [WCL]) (616223),Infrastructure & Highways,Ministry of Coal,616223,Maharashtra,1397.11,1397.11,410.18,29.4,2020-03-01,2026-12-31,2027-12-31,2025-12-01,0,0.0,0
PAIM-616229,AMAL GONDEGAON GHATROHANA EXPN (Western Coalfields Limited [WCL]) (616229),Infrastructure & Highways,Ministry of Coal,616229,Maharashtra,1311.81,1311.81,1028.85,78.4,2021-03-01,2025-12-31,2028-12-31,2025-12-01,36,0.0,0
PAIM-617233,WAGHODA UG MINE [1.02 MTY] (Western Coalfields Limited [WCL]) (617233),Infrastructure & Highways,Ministry of Coal,617233,Maharashtra,1004.16,1004.16,533.29,53.1,2022-03-01,2025-12-31,2027-12-31,2025-12-01,12,0.0,0
PAIM-617278,KOLARPIMPRI EXPANSION OC [2.5 (Western Coalfields Limited [WCL]) (617278),Infrastructure & Highways,Ministry of Coal,617278,Maharashtra,2875.32,2875.32,2340.31,81.4,2022-03-01,2025-12-31,2027-12-31,2025-12-01,6,0.0,0
PAIM-400313,Master Plan for Jharia and Raniganj Coalfields (Bharat Coking Coal Limited [BCCL]) (400313),Infrastructure & Highways,Ministry of Coal,400313,Maharashtra,1235.95,1235.95,250.96,20.3,2023-03-01,2026-12-31,2026-12-31,2025-12-01,6,0.0,0
PAIM-400369,BINA KAKRI AMALGAMATION EXPANS (Northern Coalfields Limited [NCL]) (400369),Infrastructure & Highways,Ministry of Coal,400369,Uttar Pradesh,1759.15,1759.15,850.35,48.3,2020-03-01,2025-12-31,2028-12-31,2025-12-01,18,0.0,0
PAIM-615183,KHADIA EXPANSION [10 TO 16 MTP (Northern Coalfields Limited [NCL]) (615183),Infrastructure & Highways,Ministry of Coal,615183,Odisha,653.0,653.0,545.11,83.5,2023-03-01,2026-12-31,2027-12-31,2025-12-01,6,0.0,0
PAIM-400165,SUBHADRA OCP (Mahanadi Coalfields Limited [MCL]) (400165),Infrastructure & Highways,Ministry of Coal,400165,Odisha,2640.01,2640.01,1798.05,68.1,2023-03-01,2025-12-31,2028-12-31,2025-12-01,24,0.0,0
PAIM-400166,SIARMAL OCP (Mahanadi Coalfields Limited [MCL]) (400166),Infrastructure & Highways,Ministry of Coal,400166,Odisha,2528.57,2528.57,947.3,37.5,2021-03-01,2027-12-31,2027-12-31,2025-12-01,6,0.0,0
PAIM-400183,BALARAM EXPANSION OCP (Mahanadi Coalfields Limited (MCL)) (400183),Infrastructure & Highways,Ministry of Coal,400183,Odisha,891.21,891.21,583.14,65.4,2021-03-01,2025-12-31,2026-12-31,2025-12-01,24,0.0,0
PAIM-400185,GOPALJI KANIHA OCP [10 TO 30 M (MCL - CIL) (400185),Infrastructure & Highways,Ministry of Coal,400185,Odisha,887.64,887.64,717.84,80.9,2021-03-01,2025-12-31,2027-12-31,2025-12-01,24,0.0,0
PAIM-400187,INTEGRATED LAKHANPUR-BELPAHAR- (Mahanadi Coalfields Limited [MCL]) (400187),Infrastructure & Highways,Ministry of Coal,400187,Odisha,250.34,250.34,115.76,46.2,2021-03-01,2025-12-31,2026-12-31,2025-12-01,6,0.0,0
PAIM-400392,BHARATPUR RE-ORGANIZATION OCP (Mahanadi Coalfields Limited [MCL]) (400392),Infrastructure & Highways,Ministry of Coal,400392,Odisha,276.29,276.29,214.13,77.5,2022-03-01,2027-12-31,2027-12-31,2025-12-01,18,0.0,0
PAIM-615193,BASUNDHARA WEST EXTENSION OPEN (MCL - CIL) (615193),Infrastructure & Highways,Ministry of Coal,615193,Odisha,2224.16,2224.16,1651.13,74.2,2020-03-01,2025-12-31,2028-12-31,2025-12-01,36,0.0,0
PAIM-615857,Naini Coal Mine (Singareni Collieries Company Limited [SCCL]) (615857),Infrastructure & Highways,Ministry of Coal,615857,Odisha,2028.0,2028.0,1712.35,84.4,2023-03-01,2026-12-31,2028-12-31,2025-12-01,6,0.0,0
PAIM-616226,INTEGRATED KULDA GARJANBAHAL O (Mahanadi Coalfields Limited [MCL]) (616226),Infrastructure & Highways,Ministry of Coal,616226,Odisha,2256.24,2256.24,670.08,29.7,2021-03-01,2027-12-31,2028-12-31,2025-12-01,18,0.0,0
PAIM-616231,BHUBANESWARI EXPN OCP 50 MTY (MCL - CIL) (616231),Infrastructure & Highways,Ministry of Coal,616231,Odisha,1113.38,1113.38,301.76,27.1,2023-03-01,2026-12-31,2028-12-31,2025-12-01,0,0.0,0
PAIM-616232,HINGULA II OC EXPN PH III 15 M (MCL - CIL) (616232),Infrastructure & Highways,Ministry of Coal,616232,Odisha,546.44,546.44,462.45,84.6,2023-03-01,2027-12-31,2026-12-31,2025-12-01,36,0.0,0
PAIM-616233,BALABHADRA OCP (MCL - CIL) (616233),Infrastructure & Highways,Ministry of Coal,616233,Odisha,4311.24,4311.24,2035.39,47.2,2021-03-01,2026-12-31,2027-12-31,2025-12-01,12,0.0,0
PAIM-615818,Jawahar Khani Open Cast Mine (Singareni Collieries Company Limited [SCCL]) (615818),Infrastructure & Highways,Ministry of Coal,615818,Odisha,2191.88,2191.88,347.33,15.8,2023-03-01,2027-12-31,2027-12-31,2025-12-01,12,0.0,0
PAIM-615858,Kalyanikhani Opencast Project (Singareni Collieries Company Limited [SCCL]) (615858),Infrastructure & Highways,Ministry of Coal,615858,Telangana,3339.26,3339.26,1623.52,48.6,2023-03-01,2026-12-31,2028-12-31,2025-12-01,24,0.0,0
PAIM-615860,Godavarikhani Coal Mine - 5 (Singareni Collieries Company Limited [SCCL]) (615860),Infrastructure & Highways,Ministry of Coal,615860,Telangana,3150.08,3150.08,2095.41,66.5,2023-03-01,2027-12-31,2027-12-31,2025-12-01,24,0.0,0
PAIM-615861,Indaram Opencast Project (Singareni Collieries Company Limited [SCCL]) (615861),Infrastructure & Highways,Ministry of Coal,615861,Telangana,4232.26,4232.26,2496.73,59.0,2021-03-01,2027-12-31,2028-12-31,2025-12-01,36,0.0,0
PAIM-615862,Goleti Opencast Mine (Singareni Collieries Company Limited [SCCL]) (615862),Infrastructure & Highways,Ministry of Coal,615862,Telangana,2204.53,2204.53,1079.42,49.0,2022-03-01,2026-12-31,2027-12-31,2025-12-01,24,0.0,0
PAIM-615863,Venkatesh Khani Coal Mine (Singareni Collieries Company Limited [SCCL]) (615863),Infrastructure & Highways,Ministry of Coal,615863,Telangana,4476.16,4476.16,1113.39,24.9,2021-03-01,2027-12-31,2028-12-31,2025-12-01,12,0.0,0
PAIM-615865,Kakatiyakhani OC - 2 Project (Singareni Collieries Company Limited [SCCL]) (615865),Infrastructure & Highways,Ministry of Coal,615865,West Bengal,2660.96,2660.96,2112.81,79.4,2020-03-01,2026-12-31,2027-12-31,2025-12-01,0,0.0,0
PAIM-400173,MOHANPUR EXPANSION OC -PHASE I (Eastern Coal Fields Limited [ECL]) (400173),Infrastructure & Highways,Ministry of Coal,400173,West Bengal,4053.09,4053.09,1573.29,38.8,2022-03-01,2027-12-31,2027-12-31,2025-12-01,0,0.0,0
PAIM-400180,BONJEMEHARI EXPANSION OCP (Eastern Coal Fields Limited [ECL]) (400180),Infrastructure & Highways,Ministry of Coal,400180,West Bengal,2390.88,2390.88,1736.0,72.6,2021-03-01,2025-12-31,2026-12-31,2025-12-01,36,0.0,0
PAIM-400181,NAKRAKONDA KUMARDIH- B OCP (Eastern Coal Fields Limited [ECL]) (400181),Infrastructure & Highways,Ministry of Coal,400181,West Bengal,1725.26,1725.26,631.73,36.6,2022-03-01,2025-12-31,2026-12-31,2025-12-01,0,0.0,0
PAIM-400182,SIDULI [OC & UG] (ECL - CIL) (400182),Infrastructure & Highways,Ministry of Coal,400182,West Bengal,225.08,225.08,75.43,33.5,2023-03-01,2026-12-31,2028-12-31,2025-12-01,12,0.0,0
PAIM-400186,TILABONI UG (Eastern Coal Fields Limited [ECL]) (400186),Infrastructure & Highways,Ministry of Coal,400186,West Bengal,2232.46,2232.46,1572.9,70.5,2021-03-01,2025-12-31,2027-12-31,2025-12-01,12,0.0,0
PAIM-400312,JHANJRA EXPANSION UG (Eastern Coal Fields Limited [ECL]) (400312),Infrastructure & Highways,Ministry of Coal,400312,West Bengal,565.9,565.9,426.39,75.3,2023-03-01,2025-12-31,2027-12-31,2025-12-01,6,0.0,0
PAIM-400315,SONEPUR BAZARI EXPANSION OCP [ (Eastern Coal Fields Limited [ECL]) (400315),Infrastructure & Highways,Ministry of Coal,400315,West Bengal,610.68,610.68,264.39,43.3,2020-03-01,2025-12-31,2028-12-31,2025-12-01,24,0.0,0
PAIM-611016,2.0 MTPA BHOJUDIH NLW WASHERY (Ministry of Coal) (611016),Infrastructure & Highways,Ministry of Coal,611016,West Bengal,4269.95,4269.95,2604.02,61.0,2022-03-01,2027-12-31,2026-12-31,2025-12-01,24,0.0,0
PAIM-612816,ITAPARA OCP (Eastern Coal Fields Limited [ECL]) (612816),Infrastructure & Highways,Ministry of Coal,612816,West Bengal,3813.69,3813.69,2965.04,77.7,2023-03-01,2027-12-31,2027-12-31,2025-12-01,6,0.0,0
PAIM-613793,SHYAMSUNDARPUR UG INCLUDING SA (Eastern Coal Fields Limited [ECL]) (613793),Infrastructure & Highways,Ministry of Coal,613793,West Bengal,3334.08,3334.08,350.8,10.5,2022-03-01,2026-12-31,2028-12-31,2025-12-01,12,0.0,0
PAIM-613794,PARASEA-BELBAID UG PROJECT (Eastern Coal Fields Limited [ECL]) (613794),Infrastructure & Highways,Ministry of Coal,613794,West Bengal,3657.49,3657.49,2282.34,62.4,2020-03-01,2025-12-31,2027-12-31,2025-12-01,36,0.0,0
PAIM-616230,PARASCOLE JAMBAD OCP (Eastern Coal Fields Limited [ECL]) (616230),Infrastructure & Highways,Ministry of Coal,616230,West Bengal,3794.79,3794.79,1740.5,45.9,2022-03-01,2025-12-31,2026-12-31,2025-12-01,24,0.0,0
PAIM-617299,50 MW Wind Power Project (NLC India Limited [NLCIL]) (617299),Infrastructure & Highways,Ministry of Coal,617299,Gujarat,994.3,994.3,503.58,50.6,2020-03-01,2027-12-31,2027-12-31,2025-12-01,24,0.0,0
PAIM-617730,600 MW Khavda Solar Power Project (NLC India Limited [NLCIL]) (617730),Infrastructure & Highways,Ministry of Coal,617730,Gujarat,1807.55,1807.55,1292.49,71.5,2023-03-01,2025-12-31,2026-12-31,2025-12-01,24,0.0,0
PAIM-400231,NLC Talabira Thermal Power Project (NLC India Limited [NLCIL]) (400231),Infrastructure & Highways,Ministry of Coal,400231,Odisha,1496.21,1496.21,929.12,62.1,2022-03-01,2027-12-31,2028-12-31,2025-12-01,0,0.0,0
PAIM-612819,300 MW SPP part of 510 MW CPSU scheme (NLC India Limited [NLCIL]) (612819),Infrastructure & Highways,Ministry of Coal,612819,Odisha,2576.32,2576.32,984.0,38.2,2020-03-01,2027-12-31,2026-12-31,2025-12-01,0,0.0,0
PAIM-615327,50 MW Solar PP Minedout Area (NLC India Limited [NLCIL]) (615327),Infrastructure & Highways,Ministry of Coal,615327,Tamil Nadu,3727.42,3727.42,450.44,12.1,2023-03-01,2025-12-31,2028-12-31,2025-12-01,12,0.0,0
PAIM-400259,Ghatampur Thermal Power Plant 3 X 660 MW (NLC India Limited [NLCIL]) (400259),Infrastructure & Highways,Ministry of Coal,400259,Tamil Nadu,3657.62,3657.62,3001.34,82.1,2021-03-01,2027-12-31,2026-12-31,2025-12-01,0,0.0,0
PAIM-400203,Dharamjaigarh-Korba (Railway) (400203),Infrastructure & Highways,Ministry of Coal,400203,Multi-State,1089.09,1089.09,831.41,76.3,2023-03-01,2025-12-31,2027-12-31,2025-12-01,0,0.0,0
PAIM-400416,line] (Ministry of Coal) (400416),Infrastructure & Highways,Ministry of Coal,400416,Multi-State,1846.59,1846.59,1176.41,63.7,2022-03-01,2027-12-31,2026-12-31,2025-12-01,0,0.0,0
PAIM-400192,Tubed Coal Mine (Damodar Valley Corporation) (400192),Infrastructure & Highways,Ministry of Coal,400192,Multi-State,1912.82,1912.82,451.53,23.6,2021-03-01,2027-12-31,2027-12-31,2025-12-01,0,0.0,0
PAIM-603293,Badam Coal Mining project of NTPC (National Thermal Power Corporation [NTPC]) (603293),Infrastructure & Highways,Ministry of Coal,603293,Multi-State,2239.74,2239.74,1509.73,67.4,2021-03-01,2026-12-31,2028-12-31,2025-12-01,6,0.0,0
PAIM-602579,Buxar Thermal Power Project [1320 MW] (Satluj Jal Vidyut Nigam [SJVN] Thermal Limited) (602579),Infrastructure & Highways,Ministry of Coal,602579,Bihar,3939.72,3939.72,1853.99,47.1,2022-03-01,2027-12-31,2028-12-31,2025-12-01,0,0.0,0
PAIM-611930,Lara Super Thermal Power Project Stage-II [2 x 800 MW] (National Thermal Power Corporation [NTPC]) (611930),Infrastructure & Highways,Ministry of Coal,611930,Bihar,890.61,890.61,581.97,65.3,2022-03-01,2027-12-31,2027-12-31,2025-12-01,6,0.0,0
PAIM-617188,"Sipat Super Thermal Power Project, Stage-III [1x800 MW] (National Thermal Power Corporation [NTPC]) (617188)",Infrastructure & Highways,Ministry of Coal,617188,Gujarat,2395.58,2395.58,1834.06,76.6,2021-03-01,2026-12-31,2026-12-31,2025-12-01,18,0.0,0
PAIM-709747,Bagodara Solar Power Project (Satluj Jal Vidyut Nigam [SJVN] Thermal Limited) (709747),Infrastructure & Highways,Ministry of Coal,709747,Gujarat,2458.05,2458.05,759.16,30.9,2021-03-01,2025-12-31,2028-12-31,2025-12-01,36,0.0,0
PAIM-602582,Dhaulasidh Hydro Electric Project [66 MW] (Satluj Jal Vidyut Nigam [SJVN] Thermal Limited) (602582),Infrastructure & Highways,Ministry of Coal,602582,Gujarat,1859.02,1859.02,1561.95,84.0,2023-03-01,2027-12-31,2026-12-31,2025-12-01,24,0.0,0
PAIM-602593,Luhri Stage-I Hydro Electric Project [210 MW] (Satluj Jal Vidyut Nigam [SJVN] Thermal Limited) (602593),Infrastructure & Highways,Ministry of Coal,602593,Multi-State,487.04,487.04,121.75,25.0,2020-03-01,2027-12-31,2027-12-31,2025-12-01,12,0.0,0
PAIM-602633,382 MW Sunni Dam HEP (Satluj Jal Vidyut Nigam [SJVN] Thermal Limited) (602633),Infrastructure & Highways,Ministry of Coal,602633,Multi-State,2572.97,2572.97,833.21,32.4,2023-03-01,2026-12-31,2028-12-31,2025-12-01,24,0.0,0
PAIM-611586,Sunni Dam Hydro Electric Project [382 MW] (Satluj Jal Vidyut Nigam [SJVN] Thermal Limited) (611586),Infrastructure & Highways,Ministry of Coal,611586,Multi-State,2606.29,2606.29,693.86,26.6,2020-03-01,2026-12-31,2026-12-31,2025-12-01,6,0.0,0
PAIM-602525,"Pakal Dul [Drangdhuran] Hydroelectric Project, 1000 MW (National Hydroelectric Power Corporation Limited [NHPC]) (602525",Infrastructure & Highways,Ministry of Coal,602525,Multi-State,4074.7,4074.7,836.4,20.5,2021-03-01,2025-12-31,2026-12-31,2025-12-01,0,0.0,0
PAIM-602532,Kiru HE Project (National Hydroelectric Power Corporation Limited [NHPC]) (602532),Infrastructure & Highways,Ministry of Coal,602532,Multi-State,1188.89,1188.89,1003.05,84.4,2020-03-01,2027-12-31,2027-12-31,2025-12-01,18,0.0,0
PAIM-602535,"Ratle HE Project - 850 MW, Ratle Hydroelectric Power Corporation Limited. (National Hydroelectric Power Corporation Limi",Infrastructure & Highways,Ministry of Coal,602535,Multi-State,3079.58,3079.58,1046.19,34.0,2020-03-01,2025-12-31,2028-12-31,2025-12-01,6,0.0,0
PAIM-605155,Kwar HE Project (National Hydroelectric Power Corporation Limited [NHPC]) (605155),Infrastructure & Highways,Ministry of Coal,605155,Multi-State,2751.22,2751.22,557.04,20.2,2023-03-01,2027-12-31,2027-12-31,2025-12-01,0,0.0,0
PAIM-400261,Patratu Thermal Power Station Expansion Project Phase-I [3x800 MW] (National Thermal Power Corporation [NTPC]) (400261),Infrastructure & Highways,Ministry of Coal,400261,Multi-State,1488.86,1488.86,925.96,62.2,2023-03-01,2026-12-31,2027-12-31,2025-12-01,6,0.0,0
PAIM-611509,"Koderma Thermal Power Station Phase II [2X800 MW] At Koderma, Jharkhand (Damodar Valley Corporation) (611509)",Infrastructure & Highways,Ministry of Coal,611509,Multi-State,2561.95,2561.95,604.01,23.6,2022-03-01,2025-12-31,2027-12-31,2025-12-01,6,0.0,0
PAIM-602961,Talcher Thermal Power Station Stage III [2 x 660 MW] Expansion (National Thermal Power Corporation [NTPC]) (602961),Infrastructure & Highways,Ministry of Coal,602961,Odisha,2930.29,2930.29,517.36,17.7,2021-03-01,2025-12-31,2028-12-31,2025-12-01,18,0.0,0
PAIM-612142,"Singrauli Super Thermal Power Project, Stage-III [2x800 MW] (National Thermal Power Corporation [NTPC]) (612142)",Infrastructure & Highways,Ministry of Coal,612142,Uttar Pradesh,3011.12,3011.12,1322.01,43.9,2020-03-01,2025-12-31,2027-12-31,2025-12-01,12,0.0,0
PAIM-602185,Tapovan-Vishnugad HEP [4x130 MW] (National Thermal Power Corporation [NTPC]) (602185),Infrastructure & Highways,Ministry of Coal,602185,Multi-State,406.94,406.94,111.62,27.4,2021-03-01,2027-12-31,2027-12-31,2025-12-01,24,0.0,0
PAIM-602193,Tehri Pumped Storage Plant Project [4x250 MW] (THDC India Limited) (602193),Infrastructure & Highways,Ministry of Coal,602193,Multi-State,3195.63,3195.63,803.45,25.1,2020-03-01,2026-12-31,2028-12-31,2025-12-01,0,0.0,0
PAIM-602195,Vishnugad Pipalkoti Hydro Electric Project [444 MW] (THDC India Limited) (602195),Infrastructure & Highways,Ministry of Coal,602195,West Bengal,1977.77,1977.77,1359.9,68.8,2020-03-01,2027-12-31,2026-12-31,2025-12-01,18,0.0,0
PAIM-400062,West Bengal (Damodar Valley Corporation) (400062),Infrastructure & Highways,Ministry of Coal,400062,West Bengal,3487.64,3487.64,2300.35,66.0,2020-03-01,2027-12-31,2026-12-31,2025-12-01,36,0.0,0
PAIM-602184,Rammam-III HEPP [3x40 MW] (National Thermal Power Corporation [NTPC]) (602184),Infrastructure & Highways,Ministry of Coal,602184,West Bengal,1489.14,1489.14,451.87,30.3,2021-03-01,2025-12-31,2027-12-31,2025-12-01,6,0.0,0
PAIM-602538,Installation of FGD for 4x210 & 2x250 MW MTPS U 1-6 (Damodar Valley Corporation) (602538),Infrastructure & Highways,Ministry of Coal,602538,West Bengal,3829.48,3829.48,2942.17,76.8,2022-03-01,2025-12-31,2026-12-31,2025-12-01,0,0.0,0
PAIM-611967,1000MW (Power Grid Corporation of India Limited [POWERGRID]) (611967),Infrastructure & Highways,Ministry of Coal,611967,Andhra Pradesh,2044.53,2044.53,333.79,16.3,2020-03-01,2026-12-31,2027-12-31,2025-12-01,18,0.0,0
PAIM-612856,New Substation (Power Grid Corporation of India Limited [POWERGRID]) (612856),Infrastructure & Highways,Ministry of Coal,612856,Andhra Pradesh,655.93,655.93,272.51,41.5,2023-03-01,2026-12-31,2027-12-31,2025-12-01,12,0.0,0
PAIM-617183,generation projects [POWERGRID Kurnool III PS RE Transmission Limited] (Power Grid Corporation of India Limited [POWERGR,Infrastructure & Highways,Ministry of Coal,617183,Andhra Pradesh,3121.1,3121.1,474.34,15.2,2022-03-01,2026-12-31,2027-12-31,2025-12-01,12,0.0,0
PAIM-611657,Phase II- Part C (Power Grid Corporation of India Limited [POWERGRID]) (611657),Infrastructure & Highways,Ministry of Coal,611657,Gujarat,4388.75,4388.75,3176.03,72.4,2023-03-01,2027-12-31,2028-12-31,2025-12-01,18,0.0,0
PAIM-612139,park under Phase-III Part B [Vataman Transmission Limited] (Power Grid Corporation of India Limited [POWERGRID]) (612139,Infrastructure & Highways,Ministry of Coal,612139,Gujarat,3613.01,3613.01,1827.04,50.6,2021-03-01,2025-12-31,2027-12-31,2025-12-01,36,0.0,0
PAIM-612151,in Khavda Area of Gujarat under Phase IV [7 GW] Part E3 (Power Grid Corporation of India Limited [POWERGRID]) (612151),Infrastructure & Highways,Ministry of Coal,612151,Gujarat,2248.67,2248.67,967.65,43.0,2023-03-01,2027-12-31,2027-12-31,2025-12-01,18,0.0,0
PAIM-612855,in Khavda Area of Gujarat under Ph-IV [7GW] Part E2 (Power Grid Corporation of India Limited [POWERGRID]) (612855),Infrastructure & Highways,Ministry of Coal,612855,Gujarat,2243.4,2243.4,929.89,41.5,2021-03-01,2027-12-31,2027-12-31,2025-12-01,18,0.0,0
PAIM-615342,POWERGRID Jam Khambhaliya Transmission Limited] (Power Grid Corporation of India Limited [POWERGRID]) (615342),Infrastructure & Highways,Ministry of Coal,615342,Gujarat,3727.78,3727.78,2974.28,79.8,2020-03-01,2025-12-31,2027-12-31,2025-12-01,24,0.0,0
PAIM-615343,Khavda Pooling station 3 [KPS3] (Power Grid Corporation of India Limited [POWERGRID]) (615343),Infrastructure & Highways,Ministry of Coal,615343,Gujarat,219.68,219.68,35.35,16.1,2022-03-01,2026-12-31,2026-12-31,2025-12-01,6,0.0,0
PAIM-615345,South Olpad Transmission Limited] (Power Grid Corporation of India Limited [POWERGRID]) (615345),Infrastructure & Highways,Ministry of Coal,615345,Gujarat,3686.46,3686.46,2190.67,59.4,2022-03-01,2025-12-31,2027-12-31,2025-12-01,6,0.0,0
PAIM-617069,Transmission Limited] (Power Grid Corporation of India Limited [POWERGRID]) (617069),Infrastructure & Highways,Ministry of Coal,617069,Gujarat,3898.8,3898.8,2811.05,72.1,2021-03-01,2025-12-31,2026-12-31,2025-12-01,24,0.0,0
PAIM-617182,Transco Limited] (Power Grid Corporation of India Limited [POWERGRID]) (617182),Infrastructure & Highways,Ministry of Coal,617182,Gujarat,1493.4,1493.4,658.51,44.1,2020-03-01,2025-12-31,2026-12-31,2025-12-01,36,0.0,0
PAIM-617391,Augmentation of Transformation Capacity at Bhuj-II PS [GIS] (Power Grid Corporation of India Limited [POWERGRID]) (61739,Infrastructure & Highways,Ministry of Coal,617391,Gujarat,600.83,600.83,356.3,59.3,2021-03-01,2026-12-31,2028-12-31,2025-12-01,36,0.0,0
PAIM-617405,Jamnagar Transmission Limited (Adani Transmission Limited) (617405),Infrastructure & Highways,Ministry of Coal,617405,Gujarat,3816.89,3816.89,1001.83,26.2,2021-03-01,2026-12-31,2027-12-31,2025-12-01,12,0.0,0
PAIM-617801,Provision of ICT Augmentation & Bus Reactor at Bhuj-II PS (Power Grid Corporation of India Limited [POWERGRID]) (617801),Infrastructure & Highways,Ministry of Coal,617801,Gujarat,2425.72,2425.72,438.51,18.1,2022-03-01,2027-12-31,2026-12-31,2025-12-01,36,0.0,0
PAIM-617272,Hindalco Switchyard (Power Grid Corporation of India Limited [POWERGRID]) (617272),Infrastructure & Highways,Ministry of Coal,617272,Haryana,212.61,212.61,23.29,11.0,2022-03-01,2026-12-31,2027-12-31,2025-12-01,12,0.0,0
PAIM-617179,MW] Part B (Power Grid Corporation of India Limited [POWERGRID]) (617179),Infrastructure & Highways,Ministry of Coal,617179,Multi-State,2091.35,2091.35,1016.38,48.6,2023-03-01,2026-12-31,2026-12-31,2025-12-01,12,0.0,0
PAIM-617326,Project (Power Grid Corporation of India Limited [POWERGRID]) (617326),Infrastructure & Highways,Ministry of Coal,617326,Multi-State,3330.49,3330.49,1424.67,42.8,2021-03-01,2026-12-31,2027-12-31,2025-12-01,24,0.0,0
PAIM-612140,TRANSMISSION LIMITED] (Power Grid Corporation of India Limited [POWERGRID]) (612140),Infrastructure & Highways,Ministry of Coal,612140,Karnataka,921.72,921.72,462.37,50.2,2023-03-01,2027-12-31,2027-12-31,2025-12-01,24,0.0,0
PAIM-616672,Limited] (Power Grid Corporation of India Limited [POWERGRID]) (616672),Infrastructure & Highways,Ministry of Coal,616672,Karnataka,327.69,327.69,198.32,60.5,2021-03-01,2025-12-31,2028-12-31,2025-12-01,12,0.0,0
PAIM-617068,Augmentation Transmission Limited] (Power Grid Corporation of India Limited [POWERGRID]) (617068),Infrastructure & Highways,Ministry of Coal,617068,Karnataka,4123.55,4123.55,3287.2,79.7,2020-03-01,2027-12-31,2026-12-31,2025-12-01,18,0.0,0
PAIM-617184,Karnataka  [POWERGRID Chitradurga Bellary REZ Transmission Limited] (Power Grid Corporation of India Limited [POWERGRID],Infrastructure & Highways,Ministry of Coal,617184,Karnataka,3109.6,3109.6,2122.88,68.3,2020-03-01,2025-12-31,2026-12-31,2025-12-01,12,0.0,0
PAIM-617803,[SPV Name - POWERGRID Davanagere Power Transmission Limited] (Power Grid Corporation of India Limited [POWERGRID]) (6178,Infrastructure & Highways,Ministry of Coal,617803,Karnataka,4270.2,4270.2,1320.09,30.9,2022-03-01,2026-12-31,2026-12-31,2025-12-01,0,0.0,0
PAIM-615344,TRANSMISSION LIMITED] (Power Grid Corporation of India Limited [POWERGRID]) (615344),Infrastructure & Highways,Ministry of Coal,615344,Rajasthan,4046.12,4046.12,406.1,10.0,2020-03-01,2026-12-31,2027-12-31,2025-12-01,24,0.0,0
PAIM-615346,Transmission Limited] (Power Grid Corporation of India Limited [POWERGRID]) (615346),Infrastructure & Highways,Ministry of Coal,615346,Rajasthan,2078.49,2078.49,881.89,42.4,2020-03-01,2026-12-31,2026-12-31,2025-12-01,18,0.0,0
PAIM-617279,Transmission Limited] (Power Grid Corporation of India Limited [POWERGRID]) (617279),Infrastructure & Highways,Ministry of Coal,617279,Madhya Pradesh,2711.75,2711.75,1112.39,41.0,2022-03-01,2025-12-31,2027-12-31,2025-12-01,6,0.0,0
PAIM-617802,Transmission Limited] (Power Grid Corporation of India Limited [POWERGRID]) (617802),Infrastructure & Highways,Ministry of Coal,617802,Gujarat,3616.2,3616.2,2936.89,81.2,2022-03-01,2027-12-31,2028-12-31,2025-12-01,18,0.0,0
PAIM-611966,of Gujarat under phase IV 7GW-Part E4 (Power Grid Corporation of India Limited [POWERGRID]) (611966),Infrastructure & Highways,Ministry of Coal,611966,Maharashtra,4337.52,4337.52,1392.57,32.1,2020-03-01,2025-12-31,2027-12-31,2025-12-01,12,0.0,0
PAIM-617185,[POWERGRID Kurnool-IV Transmission Limited] (Power Grid Corporation of India Limited [POWERGRID]) (617185),Infrastructure & Highways,Ministry of Coal,617185,Karnataka,4259.38,4259.38,3308.44,77.7,2021-03-01,2027-12-31,2026-12-31,2025-12-01,12,0.0,0
PAIM-617806,Name Anantapuram 2 REZ Transmission Ltd (Sterlite Power) (617806),Infrastructure & Highways,Ministry of Coal,617806,Karnataka,563.62,563.62,245.87,43.6,2021-03-01,2027-12-31,2027-12-31,2025-12-01,6,0.0,0
PAIM-900808,Part-B (Power Grid Corporation of India Limited [POWERGRID]) (900808),Infrastructure & Highways,Ministry of Coal,900808,Telangana,3442.61,3442.61,2125.71,61.7,2021-03-01,2025-12-31,2028-12-31,2025-12-01,18,0.0,0
PAIM-617271,Eastern Region  Expansion Scheme-43 [ERES-43] (Power Grid Corporation of India Limited [POWERGRID]) (617271),Infrastructure & Highways,Ministry of Coal,617271,Odisha,1582.52,1582.52,1279.41,80.8,2020-03-01,2025-12-31,2028-12-31,2025-12-01,36,0.0,0
PAIM-617807,765 kV Vindhyachal-Varanasi D/c line (Power Grid Corporation of India Limited [POWERGRID]) (617807),Infrastructure & Highways,Ministry of Coal,617807,Bihar,4208.09,4208.09,3299.06,78.4,2023-03-01,2027-12-31,2026-12-31,2025-12-01,6,0.0,0
PAIM-617270,Eastern Region  Expansion Scheme-44 [ERES-44] (Power Grid Corporation of India Limited [POWERGRID]) (617270),Infrastructure & Highways,Ministry of Coal,617270,Gujarat,4153.01,4153.01,433.55,10.4,2021-03-01,2027-12-31,2028-12-31,2025-12-01,24,0.0,0
PAIM-400005,Transmission Network Expansion in Gujarat to increase its ATC from ISTS Part B (Power Grid Corporation of India Limited ,Infrastructure & Highways,Ministry of Coal,400005,Maharashtra,1661.74,1661.74,334.38,20.1,2023-03-01,2025-12-31,2028-12-31,2025-12-01,0,0.0,0
PAIM-611735,Phase-III Part J (Power Grid Corporation of India Limited [POWERGRID]) (611735),Infrastructure & Highways,Ministry of Coal,611735,Rajasthan,767.14,767.14,530.84,69.2,2021-03-01,2026-12-31,2027-12-31,2025-12-01,18,0.0,0
PAIM-612132,Phase-III Part D [Sikar Khetri Transmission Ltd] (Power Grid Corporation of India Limited [POWERGRID]) (612132),Infrastructure & Highways,Ministry of Coal,612132,Rajasthan,3636.38,3636.38,2166.01,59.6,2022-03-01,2026-12-31,2028-12-31,2025-12-01,6,0.0,0
PAIM-615347,[8 GW] PART A   [SPV Name POWERGRID West Central Transmission Limited] (Power Grid Corporation of India Limited [POWERGR,Infrastructure & Highways,Ministry of Coal,615347,Maharashtra,225.61,225.61,190.0,84.2,2022-03-01,2026-12-31,2028-12-31,2025-12-01,24,0.0,0
PAIM-615339,Limited] (Power Grid Corporation of India Limited [POWERGRID]) (615339),Infrastructure & Highways,Ministry of Coal,615339,Rajasthan,3125.24,3125.24,447.22,14.3,2022-03-01,2027-12-31,2027-12-31,2025-12-01,36,0.0,0
PAIM-615340,POWERGRID Siwani Transmission Limited] (Power Grid Corporation of India Limited [POWERGRID]) (615340),Infrastructure & Highways,Ministry of Coal,615340,Rajasthan,1482.23,1482.23,967.89,65.3,2021-03-01,2026-12-31,2026-12-31,2025-12-01,0,0.0,0
PAIM-617808,Inter-Regional Strengthening between SR Grid and WR Grid (Power Grid Corporation of India Limited [POWERGRID]) (617808),Infrastructure & Highways,Ministry of Coal,617808,Maharashtra,2228.65,2228.65,325.31,14.6,2020-03-01,2026-12-31,2027-12-31,2025-12-01,24,0.0,0
PAIM-612138,Transmission Ltd] (Power Grid Corporation of India Limited [POWERGRID]) (612138),Infrastructure & Highways,Ministry of Coal,612138,Karnataka,3485.98,3485.98,2167.07,62.2,2022-03-01,2027-12-31,2028-12-31,2025-12-01,18,0.0,0
PAIM-615333,Mandsaur Transmission Limited] (Power Grid Corporation of India Limited [POWERGRID]) (615333),Infrastructure & Highways,Ministry of Coal,615333,Rajasthan,246.31,246.31,100.29,40.7,2021-03-01,2025-12-31,2026-12-31,2025-12-01,24,0.0,0
PAIM-615334,Transmission Limited] (Power Grid Corporation of India Limited [POWERGRID]) (615334),Infrastructure & Highways,Ministry of Coal,615334,Rajasthan,1201.94,1201.94,141.15,11.7,2021-03-01,2027-12-31,2028-12-31,2025-12-01,0,0.0,0
PAIM-617186,Transmission Limited] (Power Grid Corporation of India Limited [POWERGRID]) (617186),Infrastructure & Highways,Ministry of Coal,617186,Rajasthan,3619.06,3619.06,2749.34,76.0,2022-03-01,2025-12-31,2027-12-31,2025-12-01,12,0.0,0
PAIM-612133,[Bikaner Complex] Part D [Neemrana Bareilly Transmission Ltd] (Power Grid Corporation of India Limited [POWERGRID]) (612,Infrastructure & Highways,Ministry of Coal,612133,Rajasthan,1583.02,1583.02,304.48,19.2,2022-03-01,2026-12-31,2028-12-31,2025-12-01,36,0.0,0
PAIM-616670,GW] Part A  [SPV name POWERGRID Ghiror Transmission Limited] (Power Grid Corporation of India Limited [POWERGRID]) (6166,Infrastructure & Highways,Ministry of Coal,616670,Rajasthan,2384.28,2384.28,911.57,38.2,2022-03-01,2025-12-31,2026-12-31,2025-12-01,12,0.0,0
PAIM-611947,Phase III- Part E2 (Power Grid Corporation of India Limited [POWERGRID]) (611947),Infrastructure & Highways,Ministry of Coal,611947,Rajasthan,3018.74,3018.74,592.78,19.6,2023-03-01,2027-12-31,2027-12-31,2025-12-01,18,0.0,0
PAIM-611948,Phase-III part H (Power Grid Corporation of India Limited [POWERGRID]) (611948),Infrastructure & Highways,Ministry of Coal,611948,Rajasthan,2192.84,2192.84,1276.02,58.2,2023-03-01,2027-12-31,2028-12-31,2025-12-01,36,0.0,0
PAIM-611949,Phase-III part C1 (Power Grid Corporation of India Limited [POWERGRID]) (611949),Infrastructure & Highways,Ministry of Coal,611949,Rajasthan,706.69,706.69,507.99,71.9,2022-03-01,2025-12-31,2026-12-31,2025-12-01,36,0.0,0
PAIM-611950,Phase-III part B1 (Power Grid Corporation of India Limited [POWERGRID]) (611950),Infrastructure & Highways,Ministry of Coal,611950,Rajasthan,879.55,879.55,416.01,47.3,2023-03-01,2026-12-31,2027-12-31,2025-12-01,12,0.0,0
PAIM-611951,Phase-III Part E1 (Power Grid Corporation of India Limited [POWERGRID]) (611951),Infrastructure & Highways,Ministry of Coal,611951,Rajasthan,3317.63,3317.63,2752.86,83.0,2020-03-01,2027-12-31,2026-12-31,2025-12-01,12,0.0,0
PAIM-612134,[Bikaner Complex] Part A [Bikaner Neemrana  Transmission Ltd] (Power Grid Corporation of India Limited [POWERGRID]) (612,Infrastructure & Highways,Ministry of Coal,612134,Rajasthan,3977.56,3977.56,1720.67,43.3,2023-03-01,2026-12-31,2027-12-31,2025-12-01,36,0.0,0
PAIM-615332,Transmission Limited] (Power Grid Corporation of India Limited [POWERGRID]) (615332),Infrastructure & Highways,Ministry of Coal,615332,Rajasthan,1215.3,1215.3,319.27,26.3,2023-03-01,2027-12-31,2027-12-31,2025-12-01,0,0.0,0
PAIM-615335,Complex [SPV Name POWERGRID BHADLA BIKANER TRANSMISSION LIMITED] (Power Grid Corporation of India Limited [POWERGRID]) (,Infrastructure & Highways,Ministry of Coal,615335,Rajasthan,4006.11,4006.11,2582.94,64.5,2021-03-01,2027-12-31,2026-12-31,2025-12-01,36,0.0,0
PAIM-615337,Power Transmission Limited] (Power Grid Corporation of India Limited [POWERGRID]) (615337),Infrastructure & Highways,Ministry of Coal,615337,Rajasthan,1117.07,1117.07,861.55,77.1,2022-03-01,2025-12-31,2027-12-31,2025-12-01,6,0.0,0
PAIM-615338,Name POWERGRID BARMER I TRANSMISSION LIMITED] (Power Grid Corporation of India Limited [POWERGRID]) (615338),Infrastructure & Highways,Ministry of Coal,615338,Rajasthan,1730.38,1730.38,715.91,41.4,2020-03-01,2027-12-31,2027-12-31,2025-12-01,18,0.0,0
PAIM-617181,[POWERGRID Fatehgarh Barmer Augmentation Transmission Limited] (Power Grid Corporation of India Limited [POWERGRID]) (61,Infrastructure & Highways,Ministry of Coal,617181,Rajasthan,820.77,820.77,431.43,52.6,2023-03-01,2025-12-31,2026-12-31,2025-12-01,6,0.0,0
PAIM-616671,[2x1000 MW]  [SPV Name POWERGRID Kudankulam Tarnsmission Limited] (Power Grid Corporation of India Limited [POWERGRID]) ,Infrastructure & Highways,Ministry of Coal,616671,Tamil Nadu,3574.56,3574.56,2986.6,83.6,2023-03-01,2026-12-31,2028-12-31,2025-12-01,0,0.0,0
PAIM-617269,Bhadla/Bikaner Complex (Power Grid Corporation of India Limited [POWERGRID]) (617269),Infrastructure & Highways,Ministry of Housing & Urban Affairs,617269,Uttar Pradesh,771.36,771.36,327.69,42.5,2021-03-01,2026-12-31,2028-12-31,2025-12-01,18,0.0,0
PAIM-617412,"Commissionerates of Central Tax at Khajaguda, Serilingampally, Hyderabad. (Central Public Works Department - CPWD) (6174",Infrastructure & Highways,Ministry of Housing & Urban Affairs,617412,Telangana,3068.54,3068.54,2365.57,77.1,2023-03-01,2027-12-31,2026-12-31,2025-12-01,0,0.0,0
PAIM-707229,"Port, Ship Service, Smart Solid Waste Management, Smart Public Transport System (ministry of housing and urban affairs) ",Infrastructure & Highways,Ministry of Housing & Urban Affairs,707229,Delhi,2882.82,2882.82,2021.16,70.1,2021-03-01,2025-12-31,2026-12-31,2025-12-01,12,0.0,0
PAIM-400188,in Delhi (National Buildings Construction Corporation [NBCC]) (400188),Infrastructure & Highways,Ministry of Housing & Urban Affairs,400188,Gujarat,4417.15,4417.15,3704.32,83.9,2022-03-01,2025-12-31,2027-12-31,2025-12-01,0,0.0,0
PAIM-701719,Rehablitation in Junavadaj Area Smart City Project (ministry of housing and urban affairs) (701719),Infrastructure & Highways,Ministry of Housing & Urban Affairs,701719,Gujarat,385.78,385.78,125.25,32.5,2023-03-01,2026-12-31,2027-12-31,2025-12-01,36,0.0,0
PAIM-701766,Green Building Development Project (ministry of housing and urban affairs) (701766),Infrastructure & Highways,Ministry of Housing & Urban Affairs,701766,Gujarat,622.14,622.14,282.98,45.5,2023-03-01,2027-12-31,2028-12-31,2025-12-01,18,0.0,0
PAIM-702627,Patna Metro Rail Project (Patna Metro Rail Corporation Ltd. [PMRCL]) (702627),Infrastructure & Highways,Ministry of Housing & Urban Affairs,702627,Bihar,3569.9,3569.9,2414.88,67.6,2022-03-01,2025-12-31,2027-12-31,2025-12-01,24,0.0,0
PAIM-617207,Delhi Metro Rail Phase-IV [2 Corridors] (Delhi Metro Rail Corporation Limited [DMRC]) (617207),Infrastructure & Highways,Ministry of Housing & Urban Affairs,617207,Bihar,2580.43,2580.43,1394.15,54.0,2021-03-01,2026-12-31,2026-12-31,2025-12-01,0,0.0,0
PAIM-702632,DMRTS Phase - IV [3 Priority Corridors] (Delhi Metro Rail Corporation Limited [DMRC]) (702632),Infrastructure & Highways,Ministry of Housing & Urban Affairs,702632,Gujarat,1143.36,1143.36,792.54,69.3,2020-03-01,2025-12-31,2028-12-31,2025-12-01,6,0.0,0
PAIM-702630,Surat Metro Rail Project (Gujarat Metro Rail Corporation Limited [GMRCL]) (702630),Infrastructure & Highways,Ministry of Housing & Urban Affairs,702630,Gujarat,3451.56,3451.56,2011.77,58.3,2020-03-01,2027-12-31,2026-12-31,2025-12-01,12,0.0,0
PAIM-702631,"Ahmedabad Metro Rail Project, Phase-II (Gujarat Metro Rail Corporation Limited [GMRCL]) (702631)",Infrastructure & Highways,Ministry of Housing & Urban Affairs,702631,Gujarat,3665.41,3665.41,1098.07,30.0,2021-03-01,2026-12-31,2026-12-31,2025-12-01,6,0.0,0
PAIM-702639,Ahmedabad Metro Rail Project [Phase-I] (Gujarat Metro Rail Corporation Limited [GMRCL]) (702639),Infrastructure & Highways,Ministry of Housing & Urban Affairs,702639,Gujarat,802.46,802.46,251.83,31.4,2023-03-01,2027-12-31,2027-12-31,2025-12-01,24,0.0,0
PAIM-702635,Construction of Bangalore Metro Rail Project Phase 2. (Bengaluru Metro Rail) (702635),Infrastructure & Highways,Ministry of Housing & Urban Affairs,702635,Gujarat,3431.32,3431.32,1575.52,45.9,2020-03-01,2025-12-31,2026-12-31,2025-12-01,24,0.0,0
PAIM-702665,Construction Bangalore Metro Rail Project Phase-2A & 2B (Bengaluru Metro Rail) (702665),Infrastructure & Highways,Ministry of Housing & Urban Affairs,702665,Karnataka,1763.16,1763.16,479.99,27.2,2020-03-01,2026-12-31,2026-12-31,2025-12-01,18,0.0,0
PAIM-702664,Kochi Metro Rail Phase 2 Development  Project (CSPCC Projects) (702664),Infrastructure & Highways,Ministry of Housing & Urban Affairs,702664,Karnataka,3486.12,3486.12,1888.58,54.2,2020-03-01,2026-12-31,2027-12-31,2025-12-01,6,0.0,0
PAIM-702625,Bhopal Metro Rail Project (Madhya Pradesh Metro Rail Co Limited [MPMRCL]) (702625),Infrastructure & Highways,Ministry of Housing & Urban Affairs,702625,Madhya Pradesh,1719.08,1719.08,415.91,24.2,2023-03-01,2026-12-31,2028-12-31,2025-12-01,12,0.0,0
PAIM-702626,Indore Metro Rail Project (Madhya Pradesh Metro Rail Co Limited [MPMRCL]) (702626),Infrastructure & Highways,Ministry of Housing & Urban Affairs,702626,Maharashtra,2069.86,2069.86,644.9,31.2,2022-03-01,2026-12-31,2026-12-31,2025-12-01,0,0.0,0
PAIM-617225,PCMC To Nigdi- Extension Of North South Corridor Of Phase-1 (Maharashtra Metro Rail Corporation Limited [MMRCL]) (617225,Infrastructure & Highways,Ministry of Housing & Urban Affairs,617225,Maharashtra,493.5,493.5,221.26,44.8,2022-03-01,2027-12-31,2027-12-31,2025-12-01,6,0.0,0
PAIM-617226,Pune Metro Phase-1 Extension line towards south from Swargate to Katraj (Maharashtra Metro Rail Corporation Limited [MMR,Infrastructure & Highways,Ministry of Housing & Urban Affairs,617226,Maharashtra,3451.64,3451.64,2884.7,83.6,2021-03-01,2027-12-31,2026-12-31,2025-12-01,12,0.0,0
PAIM-617327,Thane Integral Ring Metro Rail Project (Maharashtra Metro Rail Corporation Limited [MMRCL]) (617327),Infrastructure & Highways,Ministry of Housing & Urban Affairs,617327,Maharashtra,1758.42,1758.42,736.86,41.9,2023-03-01,2025-12-31,2028-12-31,2025-12-01,0,0.0,0
PAIM-618971,2B Ramwadi to Wagholi/Vitthalwadi (Maharashtra Metro Rail Corporation Limited [MMRCL]) (618971),Infrastructure & Highways,Ministry of Housing & Urban Affairs,618971,Maharashtra,1124.33,1124.33,916.31,81.5,2022-03-01,2025-12-31,2027-12-31,2025-12-01,36,0.0,0
PAIM-701745,New Suburba Station Development Project (ministry of housing and urban affairs) (701745),Infrastructure & Highways,Ministry of Housing & Urban Affairs,701745,Maharashtra,383.34,383.34,273.51,71.3,2023-03-01,2026-12-31,2026-12-31,2025-12-01,12,0.0,0
PAIM-701991,Kalyan Station Precinct Imporvement Project (ministry of housing and urban affairs) (701991),Infrastructure & Highways,Ministry of Housing & Urban Affairs,701991,Maharashtra,1362.16,1362.16,826.98,60.7,2022-03-01,2027-12-31,2028-12-31,2025-12-01,24,0.0,0
PAIM-702637,Mumbai Metro Line 3 (Mumbai Metro Rail Corporation Limited [MMRC]) (702637),Infrastructure & Highways,Ministry of Housing & Urban Affairs,702637,Maharashtra,2212.08,2212.08,437.83,19.8,2021-03-01,2027-12-31,2028-12-31,2025-12-01,18,0.0,0
PAIM-702658,Nagpur Metro Rail Phase II Development Project (Maharashtra Metro Rail Corporation Limited [MMRCL]) (702658),Infrastructure & Highways,Ministry of Housing & Urban Affairs,702658,Maharashtra,2153.95,2153.95,1141.77,53.0,2020-03-01,2027-12-31,2027-12-31,2025-12-01,6,0.0,0
PAIM-617206,Delhi Metro Rail Phase-IV [Rithala - Kundli Corridor] (Delhi Metro Rail Corporation Limited [DMRC]) (617206),Infrastructure & Highways,Ministry of Housing & Urban Affairs,617206,Maharashtra,4092.42,4092.42,3227.52,78.9,2020-03-01,2025-12-31,2026-12-31,2025-12-01,0,0.0,0
PAIM-702633,Delhi-Ghaziabad-Meerut Regional Rapid Transit System [RRTS] corridor (National Capital Region Transport Corporation [NCR,Infrastructure & Highways,Ministry of Housing & Urban Affairs,702633,Uttar Pradesh,1231.38,1231.38,761.85,61.9,2020-03-01,2026-12-31,2026-12-31,2025-12-01,12,0.0,0
PAIM-702668,Chennai Metro Rail Phase-II Development Project (Chennai Metro Rail Limited [CMRL]) (702668),Infrastructure & Highways,Ministry of Housing & Urban Affairs,702668,Tamil Nadu,2326.3,2326.3,1905.19,81.9,2020-03-01,2026-12-31,2028-12-31,2025-12-01,18,0.0,0
PAIM-702628,Kanpur Metro Rail Project (Uttar Pradesh metro rail corporation [UPMRC]) (702628),Infrastructure & Highways,Ministry of Housing & Urban Affairs,702628,Tamil Nadu,4258.92,4258.92,1279.55,30.0,2021-03-01,2025-12-31,2027-12-31,2025-12-01,24,0.0,0
PAIM-702629,Agra Metro Rail Project (Uttar Pradesh metro rail corporation [UPMRC]) (702629),Infrastructure & Highways,Ministry of Housing & Urban Affairs,702629,Uttar Pradesh,2462.92,2462.92,601.32,24.4,2020-03-01,2026-12-31,2027-12-31,2025-12-01,0,0.0,0
PAIM-702674,"nos. upgrading of feeder mains, pumping station etc. - Phase II (Ministry of Housing & Urban Affairs) (702674)",Infrastructure & Highways,Ministry of Housing & Urban Affairs,702674,Bihar,3609.49,3609.49,2898.39,80.3,2023-03-01,2027-12-31,2026-12-31,2025-12-01,6,0.0,0
PAIM-702699,Muzaffarpur Storm Water Drainage Phase-I Project (Ministry of Housing & Urban Affairs) (702699),Infrastructure & Highways,Ministry of Housing & Urban Affairs,702699,Bihar,387.41,387.41,219.57,56.7,2022-03-01,2025-12-31,2027-12-31,2025-12-01,0,0.0,0
PAIM-702355,Storm water drainag Development Project (ministry of housing and urban affairs) (702355),Infrastructure & Highways,Ministry of Housing & Urban Affairs,702355,Bihar,3544.08,3544.08,1429.13,40.3,2023-03-01,2025-12-31,2027-12-31,2025-12-01,24,0.0,0
PAIM-707267,Upgradation of Sewerage system in Gandhinagar City (ministry of housing and urban affairs) (707267),Infrastructure & Highways,Ministry of Housing & Urban Affairs,707267,Gujarat,2985.14,2985.14,1339.46,44.9,2020-03-01,2026-12-31,2026-12-31,2025-12-01,24,0.0,0
PAIM-702734,Sewerage Management Scheme Part-3 Implementation (Ministry of Housing & Urban Affairs) (702734),Infrastructure & Highways,Ministry of Housing & Urban Affairs,702734,Gujarat,3422.91,3422.91,1351.76,39.5,2022-03-01,2025-12-31,2028-12-31,2025-12-01,18,0.0,0
PAIM-702735,Sewerage Management Scheme Part-3 Implementation (Ministry of Housing & Urban Affairs) (702735),Infrastructure & Highways,Ministry of Housing & Urban Affairs,702735,Haryana,4135.34,4135.34,2072.58,50.1,2020-03-01,2027-12-31,2026-12-31,2025-12-01,0,0.0,0
PAIM-702741,Dhanbad Water Supply Infrastructure Project (Ministry of Housing & Urban Affairs) (702741),Infrastructure & Highways,Ministry of Housing & Urban Affairs,702741,Haryana,2006.81,2006.81,469.85,23.4,2020-03-01,2025-12-31,2028-12-31,2025-12-01,18,0.0,0
PAIM-702742,SAAP-3 Water Supply Infrastructure SAAP-3 Project (Ministry of Housing & Urban Affairs) (702742),Infrastructure & Highways,Ministry of Housing & Urban Affairs,702742,Multi-State,1468.17,1468.17,196.94,13.4,2020-03-01,2026-12-31,2028-12-31,2025-12-01,0,0.0,0
PAIM-702746,Augmentation and Strenghthning of Urban Water Supply Phase 1 - SAAP 3 (Ministry of Housing & Urban Affairs) (702746),Infrastructure & Highways,Ministry of Housing & Urban Affairs,702746,Karnataka,1889.16,1889.16,793.16,42.0,2023-03-01,2026-12-31,2027-12-31,2025-12-01,0,0.0,0
PAIM-702760,Belgavi Improvement in Sewerage System Project (Ministry of Housing & Urban Affairs) (702760),Infrastructure & Highways,Ministry of Housing & Urban Affairs,702760,Karnataka,3908.88,3908.88,2166.44,55.4,2021-03-01,2025-12-31,2027-12-31,2025-12-01,0,0.0,0
PAIM-702764,24/7 water supply under AMRUT for Davanagere (Ministry of Housing & Urban Affairs) (702764),Infrastructure & Highways,Ministry of Housing & Urban Affairs,702764,Karnataka,4441.53,4441.53,1687.21,38.0,2022-03-01,2025-12-31,2028-12-31,2025-12-01,6,0.0,0
PAIM-702793,Indore Water Supply Infrastructure Project (Ministry of Housing & Urban Affairs) (702793),Infrastructure & Highways,Ministry of Housing & Urban Affairs,702793,Karnataka,2461.35,2461.35,1467.43,59.6,2021-03-01,2027-12-31,2027-12-31,2025-12-01,24,0.0,0
PAIM-702798,Jabalpur Sewerage Management and Treatment Infrastructure Project (Ministry of Housing & Urban Affairs) (702798),Infrastructure & Highways,Ministry of Housing & Urban Affairs,702798,Madhya Pradesh,4181.01,4181.01,1129.04,27.0,2022-03-01,2025-12-31,2026-12-31,2025-12-01,6,0.0,0
PAIM-702808,Satna Sewerage Management and Treatment Infrastructure Project (Ministry of Housing & Urban Affairs) (702808),Infrastructure & Highways,Ministry of Housing & Urban Affairs,702808,Madhya Pradesh,1335.81,1335.81,1002.37,75.0,2020-03-01,2027-12-31,2027-12-31,2025-12-01,6,0.0,0
PAIM-702810,Singrauli Sewerage Management and Treatment Infrastructure Project (Ministry of Housing & Urban Affairs) (702810),Infrastructure & Highways,Ministry of Housing & Urban Affairs,702810,Madhya Pradesh,536.4,536.4,341.34,63.6,2023-03-01,2025-12-31,2026-12-31,2025-12-01,0,0.0,0
PAIM-702833,Kalyan-Dombivali Water Supply Infrastructure Project (Ministry of Housing & Urban Affairs) (702833),Infrastructure & Highways,Ministry of Housing & Urban Affairs,702833,Maharashtra,3331.86,3331.86,2404.78,72.2,2021-03-01,2026-12-31,2027-12-31,2025-12-01,0,0.0,0
PAIM-702840,Mira-Bhayandar Water Supply Infrastructure Project (Ministry of Housing & Urban Affairs) (702840),Infrastructure & Highways,Ministry of Housing & Urban Affairs,702840,Maharashtra,344.72,344.72,80.96,23.5,2023-03-01,2025-12-31,2028-12-31,2025-12-01,36,0.0,0
PAIM-702851,Pune Water Supply Infrastructure Project (Ministry of Housing & Urban Affairs) (702851),Infrastructure & Highways,Ministry of Housing & Urban Affairs,702851,Maharashtra,2849.32,2849.32,1794.61,63.0,2023-03-01,2026-12-31,2028-12-31,2025-12-01,12,0.0,0
PAIM-702854,Solapur Sewerage Management Infrastructure Project (Ministry of Housing & Urban Affairs) (702854),Infrastructure & Highways,Ministry of Housing & Urban Affairs,702854,Maharashtra,2583.44,2583.44,2131.61,82.5,2023-03-01,2026-12-31,2028-12-31,2025-12-01,24,0.0,0
PAIM-703021,Jalandhar Water Supply Infrastructure Project (Ministry of Housing & Urban Affairs) (703021),Infrastructure & Highways,Ministry of Housing & Urban Affairs,703021,Maharashtra,3131.78,3131.78,2428.96,77.6,2020-03-01,2027-12-31,2026-12-31,2025-12-01,24,0.0,0
PAIM-703057,Patiala Water Supply Infrastructure Part-2 Project (Ministry of Housing & Urban Affairs) (703057),Infrastructure & Highways,Ministry of Housing & Urban Affairs,703057,Uttar Pradesh,1827.26,1827.26,409.48,22.4,2022-03-01,2025-12-31,2028-12-31,2025-12-01,12,0.0,0
PAIM-702948,Jaunpur Sewerage Management Infrastructure Project (Ministry of Housing & Urban Affairs) (702948),Infrastructure & Highways,Ministry of Housing & Urban Affairs,702948,Uttar Pradesh,1359.73,1359.73,523.92,38.5,2022-03-01,2025-12-31,2027-12-31,2025-12-01,36,0.0,0
PAIM-702949,Jhansi Water Supply Infrastructure Phase-II Project (Ministry of Housing & Urban Affairs) (702949),Infrastructure & Highways,Ministry of Housing & Urban Affairs,702949,Uttar Pradesh,2300.45,2300.45,1947.99,84.7,2022-03-01,2026-12-31,2028-12-31,2025-12-01,36,0.0,0
PAIM-617280,"Director General, GSI Building at plot No.GN-40, Sector-V, Salt Lake, Kolkata (Central Public Works Department (CPWD)) (",Infrastructure & Highways,Ministry of Mines,617280,West Bengal,4415.61,4415.61,2404.39,54.5,2020-03-01,2025-12-31,2027-12-31,2025-12-01,0,0.0,0
PAIM-400426,Expansion of Malanjkhand Copper Project (Hindustan Copper Limited [HCL]) (400426),Infrastructure & Highways,Ministry of Mines,400426,West Bengal,3642.71,3642.71,2141.41,58.8,2023-03-01,2026-12-31,2027-12-31,2025-12-01,24,0.0,0
PAIM-400141,enhancement of 1.0 Million Tonee Per Annum (National Aluminium Company Limited [NALCO]) (400141),Infrastructure & Highways,Ministry of Mines,400141,Odisha,462.93,462.93,213.27,46.1,2023-03-01,2025-12-31,2027-12-31,2025-12-01,6,0.0,0
PAIM-400299,Pottangi Bauxite Mines Project (National Aluminium Company Limited [NALCO]) (400299),Infrastructure & Highways,Ministry of Mines,400299,Odisha,1206.9,1206.9,307.02,25.4,2023-03-01,2027-12-31,2028-12-31,2025-12-01,6,0.0,0
PAIM-709830,TRAIN OF HRDS AND DCWS IN STREAMS 1 AND (Ministry of Mines) (709830),Infrastructure & Highways,Ministry of Mines,709830,Odisha,3465.35,3465.35,2128.88,61.4,2023-03-01,2027-12-31,2028-12-31,2025-12-01,24,0.0,0
PAIM-709831,REFINERY FROM SOUTH BLOCK MINING LEASE OF PANCHPATMAILI MINES (National Aluminium Company Limited [NALCO]) (709831),Infrastructure & Highways,Ministry of Mines,709831,Odisha,1166.17,1166.17,730.05,62.6,2022-03-01,2027-12-31,2026-12-31,2025-12-01,12,0.0,0
PAIM-709832,25.5 MW WIND POWER PROJECT AT KAYATHAR IN TAMILNADU (National Aluminium Company Limited [NALCO]) (709832),Infrastructure & Highways,Ministry of Mines,709832,Odisha,3580.28,3580.28,2535.06,70.8,2022-03-01,2026-12-31,2027-12-31,2025-12-01,12,0.0,0
PAIM-613008,Phase-1 (Central Tribal University of Andhra Pradesh) (613008),Infrastructure & Highways,Ministry of Mines,613008,Andhra Pradesh,2682.06,2682.06,541.09,20.2,2022-03-01,2027-12-31,2026-12-31,2025-12-01,36,0.0,0
PAIM-606013,Additional Campus  of NITPatna (NIT Patna) (606013),Infrastructure & Highways,Ministry of Mines,606013,Bihar,4343.7,4343.7,2902.61,66.8,2021-03-01,2027-12-31,2028-12-31,2025-12-01,24,0.0,0
PAIM-617877,"Phase B of Construction of Permanent Campus of IIT Bhilai (Indian Institute of Technology, Bhilai) (617877)",Infrastructure & Highways,Ministry of Mines,617877,Bihar,358.67,358.67,40.22,11.2,2021-03-01,2027-12-31,2027-12-31,2025-12-01,12,0.0,0
PAIM-612851,"Campus on Engineering, Procurement and Construction basis (National Institute of Technology Delhi) (612851)",Infrastructure & Highways,Ministry of Mines,612851,Delhi,2837.46,2837.46,1510.44,53.2,2022-03-01,2026-12-31,2027-12-31,2025-12-01,24,0.0,0
PAIM-616886,Delhi University Eastern Campus at Surajmal Vihar (Delhi University) (616886),Infrastructure & Highways,Ministry of Mines,616886,Gujarat,4191.86,4191.86,2513.06,60.0,2022-03-01,2026-12-31,2026-12-31,2025-12-01,24,0.0,0
PAIM-612916,"kundhela, Dist. Vadodara, Gujarat. (Central University of Gujarat) (612916)",Infrastructure & Highways,Ministry of Mines,612916,Gujarat,2381.58,2381.58,644.72,27.1,2020-03-01,2027-12-31,2026-12-31,2025-12-01,12,0.0,0
PAIM-602099,"Establishment of Permanent campus Phase 1 of IIM Sirmaur (Indian Institute of Management, Sirmaur) (602099)",Infrastructure & Highways,Ministry of Mines,602099,Gujarat,2386.05,2386.05,1234.94,51.8,2021-03-01,2025-12-31,2028-12-31,2025-12-01,18,0.0,0
PAIM-612128,"Hostel blocks & dining hall block (Indian Institute of Technology, Mandi) (612128)",Infrastructure & Highways,Ministry of Mines,612128,Multi-State,3721.56,3721.56,1354.83,36.4,2023-03-01,2026-12-31,2028-12-31,2025-12-01,0,0.0,0
PAIM-612894,"Mode 1] Basis. (Central University, Himachal Pradesh) (612894)",Infrastructure & Highways,Ministry of Mines,612894,Multi-State,2269.78,2269.78,375.93,16.6,2020-03-01,2026-12-31,2027-12-31,2025-12-01,12,0.0,0
PAIM-602098,"Jammu, J&K (Indian Institute of Management, Jammu) (602098)",Infrastructure & Highways,Ministry of Mines,602098,Multi-State,3127.5,3127.5,1347.84,43.1,2023-03-01,2026-12-31,2028-12-31,2025-12-01,6,0.0,0
PAIM-606431,1A (INDIAN INSTITUTE OF TECHNOLOGY PALAKKAD) (606431),Infrastructure & Highways,Ministry of Mines,606431,Multi-State,2922.59,2922.59,1018.9,34.9,2020-03-01,2026-12-31,2026-12-31,2025-12-01,36,0.0,0
PAIM-617878,Phase B of Construction of Permanent Campus of IIT Palakkad (INDIAN INSTITUTE OF TECHNOLOGY PALAKKAD) (617878),Infrastructure & Highways,Ministry of Mines,617878,Multi-State,3466.77,3466.77,600.18,17.3,2023-03-01,2027-12-31,2027-12-31,2025-12-01,36,0.0,0
PAIM-611957,"excellence] (Indian Institute of Technology, Indore) (611957)",Infrastructure & Highways,Ministry of Mines,611957,Madhya Pradesh,1306.39,1306.39,386.83,29.6,2020-03-01,2026-12-31,2027-12-31,2025-12-01,24,0.0,0
PAIM-610315,"IISER BERHAMPUR (Indian Institutes of Science Education and Research, Behrampur) (610315)",Infrastructure & Highways,Ministry of Petroleum & Natural Gas,610315,Odisha,2414.94,2414.94,1751.78,72.5,2022-03-01,2027-12-31,2027-12-31,2025-12-01,0,0.0,0
PAIM-612877,"Establishment of NIT Puducherry Permanent Campus [Phase-I and Phase-II] (National Institute of Technology, Puducherry) (",Infrastructure & Highways,Ministry of Petroleum & Natural Gas,612877,Odisha,2493.35,2493.35,1246.71,50.0,2020-03-01,2027-12-31,2027-12-31,2025-12-01,12,0.0,0
PAIM-605292,"Punjab, Phase-I (Indian intitue of Management, Amritsar) (605292)",Infrastructure & Highways,Ministry of Petroleum & Natural Gas,605292,Punjab,1328.33,1328.33,803.24,60.5,2022-03-01,2027-12-31,2028-12-31,2025-12-01,12,0.0,0
PAIM-617221,"International Hostel 100 seater, VC Residence and Purchase of Equipment (Central University of Punjab) (617221)",Infrastructure & Highways,Ministry of Petroleum & Natural Gas,617221,Punjab,1849.99,1849.99,1085.07,58.7,2023-03-01,2025-12-31,2027-12-31,2025-12-01,12,0.0,0
PAIM-609996,"Construction of Precast housing and hostels at IIT Hyderabad (Indian Institute of Technology, Hyderabad) (609996)",Infrastructure & Highways,Ministry of Petroleum & Natural Gas,609996,Telangana,883.44,883.44,457.22,51.8,2021-03-01,2025-12-31,2026-12-31,2025-12-01,36,0.0,0
PAIM-606479,Banaras Hindu University [ Kayakalp of Institute of Medical Sciences] (Banaras Hindu University) (606479),Infrastructure & Highways,Ministry of Petroleum & Natural Gas,606479,Uttar Pradesh,266.38,266.38,115.49,43.4,2020-03-01,2025-12-31,2027-12-31,2025-12-01,18,0.0,0
PAIM-611963,"Uttarakhand at Sumari, Pauri Garhwal (National Institute of Technology Uttarakhand) (611963)",Infrastructure & Highways,Ministry of Petroleum & Natural Gas,611963,Multi-State,2030.38,2030.38,228.26,11.2,2020-03-01,2025-12-31,2027-12-31,2025-12-01,36,0.0,0
PAIM-609019,"buildings, class room complex and other campus facilities in IIT Kharagpur (Indian Institute of Technology, Kharagpur) (",Infrastructure & Highways,Ministry of Petroleum & Natural Gas,609019,West Bengal,2611.99,2611.99,2098.49,80.3,2021-03-01,2026-12-31,2027-12-31,2025-12-01,24,0.0,0
PAIM-616235,Construction of Aviation Fuel farm Facilities at Bhogapuram Airport (Ministry of Petroleum & Natural Gas) (616235),Infrastructure & Highways,Ministry of Petroleum & Natural Gas,616235,Assam,580.03,580.03,492.02,84.8,2022-03-01,2025-12-31,2027-12-31,2025-12-01,0,0.0,0
PAIM-617839,MMTPA (Ministry of Petroleum & Natural Gas) (617839),Infrastructure & Highways,Ministry of Petroleum & Natural Gas,617839,Gujarat,2101.15,2101.15,1403.88,66.8,2021-03-01,2025-12-31,2026-12-31,2025-12-01,6,0.0,0
PAIM-400235,existing PSU OMC's Depots from Jammu City (Bharat Petroleum Corporation Limited [BPCL]) (400235),Infrastructure & Highways,Ministry of Petroleum & Natural Gas,400235,Maharashtra,360.44,360.44,266.45,73.9,2023-03-01,2026-12-31,2028-12-31,2025-12-01,0,0.0,0
PAIM-604833,"Andheri Residential Towers, Mumbai (Ministry of Petroleum & Natural Gas) (604833)",Infrastructure & Highways,Ministry of Petroleum & Natural Gas,604833,Maharashtra,1058.91,1058.91,268.58,25.4,2021-03-01,2025-12-31,2027-12-31,2025-12-01,6,0.0,0
PAIM-701343,Srikakulam Angul Gas Pipeline Project (Ministry of Petroleum & Natural Gas) (701343),Infrastructure & Highways,Ministry of Petroleum & Natural Gas,701343,Odisha,1496.62,1496.62,874.13,58.4,2020-03-01,2027-12-31,2027-12-31,2025-12-01,18,0.0,0
PAIM-400078,New Mundra Panipat Crude Oil Pipeline (Ministry of Petroleum & Natural Gas) (400078),Infrastructure & Highways,Ministry of Petroleum & Natural Gas,400078,Odisha,2250.99,2250.99,1055.37,46.9,2022-03-01,2026-12-31,2026-12-31,2025-12-01,6,0.0,0
PAIM-400012,Kandla Gorakhpur LPG Pipeline (Ministry of Petroleum & Natural Gas) (400012),Infrastructure & Highways,Ministry of Petroleum & Natural Gas,400012,Gujarat,3725.64,3725.64,1791.4,48.1,2020-03-01,2026-12-31,2027-12-31,2025-12-01,36,0.0,0
PAIM-400301,"Multi Product Pipeline from Irugur to Devangonthi (Department of Water Resources, River Development & GR) (400301)",Infrastructure & Highways,Ministry of Petroleum & Natural Gas,400301,Karnataka,1087.72,1087.72,593.45,54.6,2020-03-01,2025-12-31,2026-12-31,2025-12-01,36,0.0,0
PAIM-701263,Rajasthan Refinery Project (MinistryofPetroleumNaturalGas) (701263),Infrastructure & Highways,Ministry of Petroleum & Natural Gas,701263,Karnataka,3919.6,3919.6,653.88,16.7,2022-03-01,2025-12-31,2026-12-31,2025-12-01,24,0.0,0
PAIM-709759,"Petrochemical evacuation marketing terminal at Barmer, Rajasthan (Hindustan Petroleum Corporation Limited [HPCL]) (70975",Infrastructure & Highways,Ministry of Petroleum & Natural Gas,709759,Rajasthan,3237.76,3237.76,1458.02,45.0,2021-03-01,2025-12-31,2027-12-31,2025-12-01,24,0.0,0
PAIM-400043,Vallur [Chennai] (Ministry of Petroleum & Natural Gas) (400043),Infrastructure & Highways,Ministry of Petroleum & Natural Gas,400043,Tamil Nadu,2103.04,2103.04,293.21,13.9,2020-03-01,2026-12-31,2028-12-31,2025-12-01,0,0.0,0
PAIM-400077,"Grass root POL Terminal at Vallur, Chennai (Indian Oil Corporation Limited [IOCL]) (400077)",Infrastructure & Highways,Ministry of Petroleum & Natural Gas,400077,Tamil Nadu,2260.49,2260.49,1769.57,78.3,2021-03-01,2027-12-31,2027-12-31,2025-12-01,36,0.0,0
PAIM-604852,"Grass-root Terminal at Mirzapur, Uttar Pradesh (Ministry of Petroleum & Natural Gas) (604852)",Infrastructure & Highways,Ministry of Petroleum & Natural Gas,604852,Uttar Pradesh,1549.8,1549.8,993.85,64.1,2023-03-01,2026-12-31,2026-12-31,2025-12-01,6,0.0,0
PAIM-400120,KG-DWN-98/2 Cluster - II Development Project - NELP Block (Oil and Natural Gas Corporation Limited [ONGC]) (400120),Infrastructure & Highways,Ministry of Petroleum & Natural Gas,400120,Andhra Pradesh,3576.67,3576.67,2228.11,62.3,2020-03-01,2027-12-31,2026-12-31,2025-12-01,0,0.0,0
PAIM-709752,HP-COAT [Crude to Olefins and Aromatics Technology] demo unit at Visakh Refinery (Hindustan Petroleum Corporation Limite,Infrastructure & Highways,Ministry of Petroleum & Natural Gas,709752,Andhra Pradesh,1680.82,1680.82,344.61,20.5,2021-03-01,2025-12-31,2028-12-31,2025-12-01,0,0.0,0
PAIM-709766,"City Gas Distribution Project at Kurnool, Guntur & Prakasam Districts (MinistryofPetroleumNaturalGas) (709766)",Infrastructure & Highways,Ministry of Petroleum & Natural Gas,709766,Assam,3514.09,3514.09,1919.03,54.6,2021-03-01,2025-12-31,2028-12-31,2025-12-01,24,0.0,0
PAIM-617304,"Setting up of LPG Plant with Rail Unloading Facility at Hathua, Dist. Gopalganj, Bihar (MinistryofPetroleumNaturalGas) (",Infrastructure & Highways,Ministry of Petroleum & Natural Gas,617304,Bihar,2299.53,2299.53,1136.92,49.4,2020-03-01,2026-12-31,2027-12-31,2025-12-01,36,0.0,0
PAIM-701324,Barauni Refinery Capacity Expansion from 6.0 to 9.0 MMTPA (Ministry of Petroleum & Natural Gas) (701324),Infrastructure & Highways,Ministry of Petroleum & Natural Gas,701324,Bihar,468.49,468.49,126.04,26.9,2023-03-01,2026-12-31,2026-12-31,2025-12-01,36,0.0,0
PAIM-709777,Refinery (MinistryofPetroleumNaturalGas) (709777),Infrastructure & Highways,Ministry of Petroleum & Natural Gas,709777,Bihar,1189.83,1189.83,339.28,28.5,2023-03-01,2025-12-31,2027-12-31,2025-12-01,0,0.0,0
PAIM-709792,Sheohar districts (Bharat Petroleum Corporation Limited [BPCL]) (709792),Infrastructure & Highways,Ministry of Petroleum & Natural Gas,709792,Bihar,2627.57,2627.57,654.89,24.9,2021-03-01,2025-12-31,2027-12-31,2025-12-01,24,0.0,0
PAIM-709793,Champaran and Deoria districts (Bharat Petroleum Corporation Limited [BPCL]) (709793),Infrastructure & Highways,Ministry of Petroleum & Natural Gas,709793,Bihar,1379.97,1379.97,518.19,37.6,2022-03-01,2027-12-31,2027-12-31,2025-12-01,0,0.0,0
PAIM-617819,Bijapur & Dantewada GA (GAIL Gas) (617819),Infrastructure & Highways,Ministry of Petroleum & Natural Gas,617819,Bihar,4121.28,4121.28,2323.86,56.4,2020-03-01,2025-12-31,2026-12-31,2025-12-01,24,0.0,0
PAIM-400087,Redevelopment of Sobhasan Complex (Oil and Natural Gas Corporation Limited [ONGC]) (400087),Infrastructure & Highways,Ministry of Petroleum & Natural Gas,400087,Gujarat,916.42,916.42,745.51,81.4,2022-03-01,2026-12-31,2028-12-31,2025-12-01,0,0.0,0
PAIM-400167,Redevelopment of Santhal Field [Onshore-Mehsana Asset] (Oil and Natural Gas Corporation Limited [ONGC]) (400167),Infrastructure & Highways,Ministry of Petroleum & Natural Gas,400167,Gujarat,1589.57,1589.57,232.66,14.6,2021-03-01,2025-12-31,2027-12-31,2025-12-01,24,0.0,0
PAIM-400169,Redevelopment of Linch Field (Oil and Natural Gas Corporation Limited [ONGC]) (400169),Infrastructure & Highways,Ministry of Petroleum & Natural Gas,400169,Gujarat,2671.44,2671.44,1154.39,43.2,2022-03-01,2025-12-31,2028-12-31,2025-12-01,24,0.0,0
PAIM-701329,Petrochemical and Lube Integration Project at Gujarat Refinery (Ministry of Petroleum & Natural Gas) (701329),Infrastructure & Highways,Ministry of Petroleum & Natural Gas,701329,Gujarat,4179.31,4179.31,3075.41,73.6,2021-03-01,2026-12-31,2028-12-31,2025-12-01,36,0.0,0
PAIM-709778,Installation of new Biturox Unit along with allied facilities at Gujarat Refinery (MinistryofPetroleumNaturalGas) (70977,Infrastructure & Highways,Ministry of Petroleum & Natural Gas,709778,Gujarat,2055.82,2055.82,1359.2,66.1,2020-03-01,2027-12-31,2027-12-31,2025-12-01,24,0.0,0
PAIM-709838,Commercial Polymer Flooding Project in Bechraji field (Oil and Natural Gas Corporation Limited [ONGC]) (709838),Infrastructure & Highways,Ministry of Petroleum & Natural Gas,709838,Gujarat,3591.89,3591.89,1063.18,29.6,2022-03-01,2025-12-31,2027-12-31,2025-12-01,0,0.0,0
PAIM-709840,"Restoration of Gas Terminal, Phase-I [Part-A], Hazira (Oil and Natural Gas Corporation Limited [ONGC]) (709840)",Infrastructure & Highways,Ministry of Petroleum & Natural Gas,709840,Gujarat,1197.76,1197.76,627.48,52.4,2023-03-01,2025-12-31,2028-12-31,2025-12-01,12,0.0,0
PAIM-709841,Old Pipe Line Replacement [OPRP] Group-A (Oil and Natural Gas Corporation Limited [ONGC]) (709841),Infrastructure & Highways,Ministry of Petroleum & Natural Gas,709841,Gujarat,815.0,815.0,308.75,37.9,2021-03-01,2027-12-31,2026-12-31,2025-12-01,6,0.0,0
PAIM-709842,"Kalol Redevelopment Project, Ahmedabad Asset (Oil and Natural Gas Corporation Limited [ONGC]) (709842)",Infrastructure & Highways,Ministry of Petroleum & Natural Gas,709842,Gujarat,3424.75,3424.75,1584.64,46.3,2022-03-01,2027-12-31,2026-12-31,2025-12-01,24,0.0,0
PAIM-709845,"Revamping of SV Stations, Gas Terminal & Kribhco Terminal (Oil and Natural Gas Corporation Limited [ONGC]) (709845)",Infrastructure & Highways,Ministry of Petroleum & Natural Gas,709845,Gujarat,2934.39,2934.39,929.59,31.7,2020-03-01,2027-12-31,2026-12-31,2025-12-01,6,0.0,0
PAIM-604853,Faridabad (Ministry of Petroleum & Natural Gas) (604853),Infrastructure & Highways,Ministry of Petroleum & Natural Gas,604853,Haryana,3089.36,3089.36,758.59,24.6,2021-03-01,2027-12-31,2028-12-31,2025-12-01,18,0.0,0
PAIM-611917,Poly Butadiene Rubber plant at Panipat (Indian Oil Corporation Limited [IOCL]) (611917),Infrastructure & Highways,Ministry of Petroleum & Natural Gas,611917,Haryana,2293.82,2293.82,954.9,41.6,2023-03-01,2027-12-31,2026-12-31,2025-12-01,24,0.0,0
PAIM-701289,Capacity Expansion of Panipat Refinery from 15 to 25 MMTPA (Ministry of Petroleum & Natural Gas) (701289),Infrastructure & Highways,Ministry of Petroleum & Natural Gas,701289,Haryana,1652.0,1652.0,599.07,36.3,2020-03-01,2027-12-31,2026-12-31,2025-12-01,12,0.0,0
PAIM-709783,and Petrochemical Complex. (MinistryofPetroleumNaturalGas) (709783),Infrastructure & Highways,Ministry of Petroleum & Natural Gas,709783,Haryana,2739.79,2739.79,2130.02,77.7,2020-03-01,2025-12-31,2026-12-31,2025-12-01,6,0.0,0
PAIM-709773,Districts (MinistryofPetroleumNaturalGas) (709773),Infrastructure & Highways,Ministry of Petroleum & Natural Gas,709773,Haryana,4127.38,4127.38,702.13,17.0,2020-03-01,2025-12-31,2026-12-31,2025-12-01,36,0.0,0
PAIM-610984,Development of Jharia CBM Block [Phase-1] (Oil and Natural Gas Corporation Limited [ONGC]) (610984),Infrastructure & Highways,Ministry of Petroleum & Natural Gas,610984,Multi-State,1198.76,1198.76,696.96,58.1,2020-03-01,2026-12-31,2027-12-31,2025-12-01,12,0.0,0
PAIM-709785,Laying of Natural Gas Pipeline from Hazaribagh to Ranchi [HRPL] (MinistryofPetroleumNaturalGas) (709785),Infrastructure & Highways,Ministry of Petroleum & Natural Gas,709785,Karnataka,650.72,650.72,379.08,58.3,2023-03-01,2025-12-31,2027-12-31,2025-12-01,24,0.0,0
PAIM-612790,Power System Upgradation Project (Mangalore Refinary and Petrochemicals Limited) (612790),Infrastructure & Highways,Ministry of Petroleum & Natural Gas,612790,Karnataka,3056.01,3056.01,968.85,31.7,2021-03-01,2027-12-31,2027-12-31,2025-12-01,6,0.0,0
PAIM-616879,Demo Bio-ATF Project (Ministry of Petroleum & Natural Gas) (616879),Infrastructure & Highways,Ministry of Petroleum & Natural Gas,616879,Karnataka,466.6,466.6,274.18,58.8,2020-03-01,2027-12-31,2026-12-31,2025-12-01,6,0.0,0
PAIM-709774,Revamping/ Augmentation of facilities at existing port terminal at Mangalore (Ministry of Petroleum & Natural Gas) (7097,Infrastructure & Highways,Ministry of Petroleum & Natural Gas,709774,Karnataka,1138.0,1138.0,615.59,54.1,2020-03-01,2025-12-31,2026-12-31,2025-12-01,0,0.0,0
PAIM-617838,Palakkad TOP (Ministry of Petroleum & Natural Gas) (617838),Infrastructure & Highways,Ministry of Petroleum & Natural Gas,617838,Multi-State,1431.73,1431.73,505.65,35.3,2023-03-01,2027-12-31,2026-12-31,2025-12-01,18,0.0,0
PAIM-709790,Replacement and Extension of Jetty Pipelines [REJP] at KR (Bharat Petroleum Corporation Limited [BPCL]) (709790),Infrastructure & Highways,Ministry of Petroleum & Natural Gas,709790,Multi-State,1204.58,1204.58,455.37,37.8,2022-03-01,2027-12-31,2028-12-31,2025-12-01,36,0.0,0
PAIM-709799,Setting up Polypropylene Unit at Kochi Refinery (MinistryofPetroleumNaturalGas) (709799),Infrastructure & Highways,Ministry of Petroleum & Natural Gas,709799,Madhya Pradesh,3806.79,3806.79,660.06,17.3,2022-03-01,2026-12-31,2027-12-31,2025-12-01,36,0.0,0
PAIM-617830,C2/C3 Vijaipur Pata Pipeline (Ministry of Petroleum & Natural Gas) (617830),Infrastructure & Highways,Ministry of Petroleum & Natural Gas,617830,Madhya Pradesh,3902.46,3902.46,918.74,23.5,2021-03-01,2027-12-31,2028-12-31,2025-12-01,18,0.0,0
PAIM-709798,and expansion of Refinery (MinistryofPetroleumNaturalGas) (709798),Infrastructure & Highways,Ministry of Petroleum & Natural Gas,709798,Maharashtra,721.76,721.76,407.91,56.5,2023-03-01,2027-12-31,2026-12-31,2025-12-01,36,0.0,0
PAIM-400168,"500 KTA PDHPP Project, Usar (Ministry of Petroleum & Natural Gas) (400168)",Infrastructure & Highways,Ministry of Petroleum & Natural Gas,400168,Maharashtra,1446.09,1446.09,735.47,50.9,2023-03-01,2026-12-31,2027-12-31,2025-12-01,6,0.0,0
PAIM-616933,Lube Modernization & Bottom Upgradation Project at Mumbai Refinery (Ministry of Petroleum and Natural Gas) (616933),Infrastructure & Highways,Ministry of Petroleum & Natural Gas,616933,Maharashtra,1967.55,1967.55,1529.84,77.8,2023-03-01,2027-12-31,2027-12-31,2025-12-01,24,0.0,0
PAIM-709760,HP TDAE Unit in Mumbai Refinery (Hindustan Petroleum Corporation Limited) (709760),Infrastructure & Highways,Ministry of Petroleum & Natural Gas,709760,Maharashtra,2161.73,2161.73,1620.22,75.0,2020-03-01,2027-12-31,2027-12-31,2025-12-01,24,0.0,0
PAIM-709771,"City Gas Distribution Project at Beed, Jalgaon and Jalna Districts (MinistryofPetroleumNaturalGas) (709771)",Infrastructure & Highways,Ministry of Petroleum & Natural Gas,709771,Maharashtra,2349.0,2349.0,1341.96,57.1,2022-03-01,2027-12-31,2027-12-31,2025-12-01,0,0.0,0
PAIM-709780,Construction of Additional Tankages and Allied Facilities at JNPT Terminal (MinistryofPetroleumNaturalGas) (709780),Infrastructure & Highways,Ministry of Petroleum and Natural Gas,709780,Maharashtra,3655.54,3655.54,1800.44,49.3,2022-03-01,2025-12-31,2028-12-31,2025-12-01,6,0.0,0
PAIM-709782,ATF Pipeline from Jawaharlal Nehru Port Trust to Navi Mumbai International Airport (Indian Oil Corporation Limited [IOCL,Infrastructure & Highways,Ministry of Petroleum and Natural Gas,709782,Maharashtra,3118.52,3118.52,1663.62,53.3,2023-03-01,2027-12-31,2027-12-31,2025-12-01,6,0.0,0
PAIM-709789,Installation of Independent De- Aromatized Solvents [DAS] production facilities at MR (Bharat Petroleum Corporation Limi,Infrastructure & Highways,Ministry of Petroleum and Natural Gas,709789,Maharashtra,1136.05,1136.05,209.37,18.4,2021-03-01,2027-12-31,2028-12-31,2025-12-01,18,0.0,0
PAIM-709797,POL & LOBS Installations with Receipt Pipelines at Rasayani (Bharat Petroleum Corporation Limited [BPCL]) (709797),Infrastructure & Highways,Ministry of Petroleum and Natural Gas,709797,Maharashtra,972.36,972.36,208.09,21.4,2022-03-01,2025-12-31,2027-12-31,2025-12-01,12,0.0,0
PAIM-709846,Part Replacement Pipeline Project  [PRPP] (Oil and Natural Gas Corporation Limited [ONGC]) (709846),Infrastructure & Highways,Ministry of Petroleum and Natural Gas,709846,Maharashtra,2975.85,2975.85,2233.6,75.1,2023-03-01,2025-12-31,2027-12-31,2025-12-01,18,0.0,0
PAIM-616254,Visakh Raipur Pipeline Project (Ministry of Petroleum and Natural Gas) (616254),Infrastructure & Highways,Ministry of Petroleum and Natural Gas,616254,Maharashtra,4479.53,4479.53,2507.84,56.0,2022-03-01,2025-12-31,2026-12-31,2025-12-01,6,0.0,0
PAIM-709757,"CGD Project in Banka, Dumka, Godda, Jamtara, Pakur, Sahibganj GA ID 11A.02 (Hindustan Petroleum Corporation Limited) (70",Infrastructure & Highways,Ministry of Petroleum and Natural Gas,709757,Bihar,3056.25,3056.25,1094.61,35.8,2023-03-01,2025-12-31,2026-12-31,2025-12-01,24,0.0,0
PAIM-701354,Mumbai Nagpur Jharsuguda Pipeline Project (Ministry of Petroleum & Natural Gas) (701354),Infrastructure & Highways,Ministry of Petroleum and Natural Gas,701354,Maharashtra,634.11,634.11,235.55,37.1,2022-03-01,2027-12-31,2027-12-31,2025-12-01,18,0.0,0
PAIM-701330,Mehsana-Bhatinda & Bhatinda-Jammu Natural Gas Pipeline (Ministry of Petroleum & Natural Gas) (701330),Infrastructure & Highways,Ministry of Petroleum and Natural Gas,701330,Maharashtra,1752.02,1752.02,1117.2,63.8,2021-03-01,2027-12-31,2028-12-31,2025-12-01,12,0.0,0
PAIM-612853,Gurdaspur Jammu Pipeline (Gas Authority of India Limited [GAIL]) (612853),Infrastructure & Highways,Ministry of Petroleum and Natural Gas,612853,Gujarat,4368.9,4368.9,1297.87,29.7,2021-03-01,2026-12-31,2027-12-31,2025-12-01,36,0.0,0
PAIM-701228,Kochi - Koottanad - Bangalore - Mangalore Pipeline Phase-II (Ministry of Petroleum & Natural Gas) (701228),Infrastructure & Highways,Ministry of Petroleum and Natural Gas,701228,Maharashtra,1385.36,1385.36,914.46,66.0,2020-03-01,2025-12-31,2026-12-31,2025-12-01,24,0.0,0
PAIM-701338,City Gas Distribution Maharashtra Natural Gas Limited (Ministry of Petroleum & Natural Gas) (701338),Infrastructure & Highways,Ministry of Petroleum and Natural Gas,701338,Maharashtra,3930.76,3930.76,1245.1,31.7,2020-03-01,2026-12-31,2028-12-31,2025-12-01,6,0.0,0
PAIM-701344,Dhamra Haldia Pipeline Project (Ministry of Petroleum & Natural Gas) (701344),Infrastructure & Highways,Ministry of Petroleum and Natural Gas,701344,Maharashtra,1312.95,1312.95,202.49,15.4,2022-03-01,2026-12-31,2028-12-31,2025-12-01,18,0.0,0
PAIM-709794,and Hanumangarh districts (Bharat Petroleum Corporation Limited [BPCL]) (709794),Infrastructure & Highways,Ministry of Petroleum and Natural Gas,709794,Rajasthan,3361.13,3361.13,882.13,26.2,2022-03-01,2025-12-31,2028-12-31,2025-12-01,12,0.0,0
PAIM-604859,Refinery (Ministry of Petroleum & Natural Gas) (604859),Infrastructure & Highways,Ministry of Petroleum and Natural Gas,604859,Odisha,1178.85,1178.85,223.36,18.9,2023-03-01,2026-12-31,2028-12-31,2025-12-01,6,0.0,0
PAIM-617818,"City Gas Distribution [CGD] Project in Gajapati, Kandhamal, Boudh, & Sonepur GA (GAIL Gas) (617818)",Infrastructure & Highways,Ministry of Petroleum and Natural Gas,617818,Odisha,2839.79,2839.79,1777.42,62.6,2021-03-01,2026-12-31,2028-12-31,2025-12-01,12,0.0,0
PAIM-709800,"CUF POL Depot at Sadashibpur [Meramundali], Odisha (MinistryofPetroleumNaturalGas) (709800)",Infrastructure & Highways,Ministry of Petroleum and Natural Gas,709800,Odisha,920.61,920.61,718.54,78.1,2020-03-01,2027-12-31,2026-12-31,2025-12-01,36,0.0,0
PAIM-400119,Life Extension of 48 well platforms of Mumbai High & Heera Fields (Oil and Natural Gas Corporation Limited [ONGC]) (4001,Infrastructure & Highways,Ministry of Petroleum and Natural Gas,400119,Odisha,4039.42,4039.42,3391.25,84.0,2021-03-01,2026-12-31,2027-12-31,2025-12-01,24,0.0,0
PAIM-616950,PRP-VIII [Group-A] (Ministry of Petroleum & Natural Gas) (616950),Infrastructure & Highways,Ministry of Petroleum and Natural Gas,616950,Multi-State,1884.4,1884.4,1225.03,65.0,2021-03-01,2026-12-31,2026-12-31,2025-12-01,6,0.0,0
PAIM-709839,Daman Upside Development Project (Oil and Natural Gas Corporation Limited [ONGC]) (709839),Infrastructure & Highways,Ministry of Petroleum and Natural Gas,709839,Multi-State,871.08,871.08,323.19,37.1,2023-03-01,2025-12-31,2027-12-31,2025-12-01,12,0.0,0
PAIM-709848,MHN TCPP PGC BGC Project [MTPBP] (Ministry of Petroleum & Natural Gas) (709848),Infrastructure & Highways,Ministry of Petroleum and Natural Gas,709848,Multi-State,1221.99,1221.99,569.36,46.6,2021-03-01,2026-12-31,2027-12-31,2025-12-01,0,0.0,0
PAIM-709849,PRP-VIII Group B [NH & BS Asset] (Ministry of Petroleum & Natural Gas) (709849),Infrastructure & Highways,Ministry of Petroleum and Natural Gas,709849,Multi-State,3291.35,3291.35,342.09,10.4,2020-03-01,2025-12-31,2027-12-31,2025-12-01,24,0.0,0
PAIM-709851,Integrated Development of 4 Contract Areas under DSF-II (Ministry of Petroleum & Natural Gas) (709851),Infrastructure & Highways,Ministry of Petroleum and Natural Gas,709851,Multi-State,3775.96,3775.96,1839.98,48.7,2020-03-01,2026-12-31,2028-12-31,2025-12-01,6,0.0,0
PAIM-400171,2G Ethanol Biorefinery at Bathinda (Hindustan Petroleum Corporation Limited [HPCL]) (400171),Infrastructure & Highways,Ministry of Petroleum & Natural Gas,400171,Punjab,3172.89,3172.89,2614.68,82.4,2022-03-01,2026-12-31,2026-12-31,2025-12-01,36,0.0,0
PAIM-709770,City Gas Distribution Project at Pathankot District (MinistryofPetroleumNaturalGas) (709770),Infrastructure & Highways,Ministry of Petroleum & Natural Gas,709770,Tamil Nadu,1665.15,1665.15,1320.46,79.3,2020-03-01,2026-12-31,2026-12-31,2025-12-01,12,0.0,0
PAIM-604795,CBR 9 MMTPA Project (Chennai Petroleum Corporation Limited [CPCL]) (604795),Infrastructure & Highways,Ministry of Petroleum & Natural Gas,604795,Tamil Nadu,1469.75,1469.75,593.81,40.4,2023-03-01,2027-12-31,2027-12-31,2025-12-01,6,0.0,0
PAIM-709750,between CPCL Manali Refinery and CPCL Desalination plant at Ennore (Chennai Petroleum Corporation Limited [CPCL]) (70975,Infrastructure & Highways,Ministry of Petroleum & Natural Gas,709750,Tamil Nadu,3940.25,3940.25,3239.93,82.2,2021-03-01,2025-12-31,2028-12-31,2025-12-01,24,0.0,0
PAIM-709796,City Gas Distribution Projects at the Nilgiris and Erode districts (Bharat Petroleum Corporation Limited [BPCL]) (709796,Infrastructure & Highways,Ministry of Petroleum & Natural Gas,709796,Tamil Nadu,1265.95,1265.95,420.44,33.2,2022-03-01,2026-12-31,2026-12-31,2025-12-01,36,0.0,0
PAIM-617822,airport (MinistryofPetroleumNaturalGas) (617822),Infrastructure & Highways,Ministry of Petroleum & Natural Gas,617822,Tamil Nadu,1507.7,1507.7,604.37,40.1,2023-03-01,2026-12-31,2027-12-31,2025-12-01,24,0.0,0
PAIM-400161,"PP Project, Pata (Gas Authority of India Limited [GAIL]) (400161)",Infrastructure & Highways,Ministry of Petroleum & Natural Gas,400161,Uttar Pradesh,795.1,795.1,471.14,59.3,2020-03-01,2025-12-31,2028-12-31,2025-12-01,36,0.0,0
PAIM-709781,Revamping / Augmentation of Facilities at Mathura Bitumen Plant (MinistryofPetroleumNaturalGas) (709781),Infrastructure & Highways,Ministry of Petroleum & Natural Gas,709781,Uttar Pradesh,2673.41,2673.41,2012.78,75.3,2021-03-01,2027-12-31,2026-12-31,2025-12-01,12,0.0,0
PAIM-709795,"Shravasti,Balrampur, Siddharth Nagar & Maharajganj districts (Bharat Petroleum Corporation Limited [BPCL]) (709795)",Infrastructure & Highways,Ministry of Petroleum & Natural Gas,709795,Uttar Pradesh,1192.23,1192.23,865.48,72.6,2023-03-01,2027-12-31,2026-12-31,2025-12-01,24,0.0,0
PAIM-617302,Durgapur - Haldia Pipeline [Section-3B of JHBDPL Project] (Ministry of Petroleum & Natural Gas) (617302),Infrastructure & Highways,Ministry of Petroleum & Natural Gas,617302,Uttar Pradesh,3177.53,3177.53,1844.72,58.1,2022-03-01,2026-12-31,2027-12-31,2025-12-01,12,0.0,0
PAIM-617828,Siliguri-Jhapa Pipeline Project (Indian Oil Corporation Limited (IOCL)) (617828),Infrastructure & Highways,Ministry of Petroleum & Natural Gas,617828,West Bengal,986.79,986.79,113.44,11.5,2022-03-01,2025-12-31,2027-12-31,2025-12-01,6,0.0,0
PAIM-617837,Siliguri Marketing Terminal [SMT] Capacity Augmentation Project (Ministry of Petroleum & Natural Gas) (617837),Infrastructure & Highways,Ministry of Petroleum & Natural Gas,617837,West Bengal,685.68,685.68,230.03,33.5,2023-03-01,2027-12-31,2027-12-31,2025-12-01,18,0.0,0
PAIM-709753,Haldia Panagarh Pipeline Project (Hindustan Petroleum Corporation Limited) (709753),Infrastructure & Highways,Ministry of Petroleum & Natural Gas,709753,West Bengal,4365.67,4365.67,3459.08,79.2,2020-03-01,2025-12-31,2027-12-31,2025-12-01,18,0.0,0
PAIM-709758,"CGD Project in Malda, Birbhum, Murshidabad, Dakshin Dinajpur GA ID 11A.03 (Hindustan Petroleum Corporation Limited) (709",Infrastructure & Highways,Ministry of Petroleum & Natural Gas,709758,West Bengal,4173.99,4173.99,1218.13,29.2,2021-03-01,2025-12-31,2027-12-31,2025-12-01,12,0.0,0
PAIM-709772,"City Gas Distribution Project at East Mednipore, West Mednipore & Jhargram Districts (MinistryofPetroleumNaturalGas) (70",Infrastructure & Highways,Ministry of Petroleum & Natural Gas,709772,West Bengal,1484.3,1484.3,829.31,55.9,2022-03-01,2026-12-31,2027-12-31,2025-12-01,36,0.0,0
PAIM-709791,City Gas Distribution Projects at Alipurduar and Cooch Behar (Bharat Petroleum Corporation Limited [BPCL]) (709791),Infrastructure & Highways,Ministry of Petroleum & Natural Gas,709791,West Bengal,4035.28,4035.28,665.16,16.5,2022-03-01,2025-12-31,2027-12-31,2025-12-01,0,0.0,0
PAIM-617882,Delhi (PMSSY AND Institute of NATIONAL Importance) (617882),Infrastructure & Highways,Ministry of Petroleum & Natural Gas,617882,Bihar,2015.12,2015.12,281.83,14.0,2022-03-01,2026-12-31,2027-12-31,2025-12-01,6,0.0,0
PAIM-617883,"campuses of AIIMS, New Delhi (PMSSY AND Institute of NATIONAL Importance) (617883)",Infrastructure & Highways,Ministry of Petroleum & Natural Gas,617883,Gujarat,466.0,466.0,55.38,11.9,2021-03-01,2027-12-31,2026-12-31,2025-12-01,24,0.0,0
PAIM-701173,AIIMS Majra Rewari Haryana (PMSSY AND Institute of NATIONAL Importance) (701173),Infrastructure & Highways,Ministry of Petroleum & Natural Gas,701173,Gujarat,1702.24,1702.24,170.4,10.0,2021-03-01,2025-12-31,2028-12-31,2025-12-01,24,0.0,0
PAIM-701167,AIIMS Kashmir at Awantipora Jammu & Kashmir (PMSSY AND Institute of NATIONAL Importance) (701167),Infrastructure & Highways,Ministry of Petroleum & Natural Gas,701167,Haryana,3415.77,3415.77,436.22,12.8,2023-03-01,2025-12-31,2027-12-31,2025-12-01,24,0.0,0
PAIM-701171,AIIMS Bibinagar (PMSSY AND Institute of NATIONAL Importance) (701171),Infrastructure & Highways,Ministry of Petroleum & Natural Gas,701171,Tamil Nadu,4142.96,4142.96,1809.97,43.7,2022-03-01,2027-12-31,2027-12-31,2025-12-01,18,0.0,0
PAIM-612167,"Visakhapatnam, Andhra Pradesh (Employee's State Insurance Company [ESIC]) (612167)",Infrastructure & Highways,Ministry of Petroleum & Natural Gas,612167,Andhra Pradesh,2446.18,2446.18,325.66,13.3,2023-03-01,2027-12-31,2026-12-31,2025-12-01,18,0.0,0
PAIM-612185,Gujarat. (Employee's State Insurance Company [ESIC]) (612185),Infrastructure & Highways,Ministry of Ports,612185,Gujarat,2279.17,2279.17,683.34,30.0,2020-03-01,2026-12-31,2026-12-31,2025-12-01,36,0.0,0
PAIM-612186,350 Bedded [Upgradable to 500 beds] ESI Hospital at Sanand (Employee's State Insurance Company [ESIC]) (612186),Infrastructure & Highways,Ministry of Ports,612186,Gujarat,1973.25,1973.25,1519.94,77.0,2023-03-01,2027-12-31,2028-12-31,2025-12-01,6,0.0,0
PAIM-612211,to 150 beds. (Employee's State Insurance Company [ESIC]) (612211),Infrastructure & Highways,Ministry of Ports,612211,Gujarat,3199.71,3199.71,2497.28,78.0,2021-03-01,2026-12-31,2026-12-31,2025-12-01,0,0.0,0
PAIM-612745,"Construction of 200 bed ESI Hospital at Bommasandra, Karnataka (Employee's State Insurance Company [ESIC]) (612745)",Infrastructure & Highways,Ministry of Ports,612745,Gujarat,4279.49,4279.49,2122.0,49.6,2020-03-01,2025-12-31,2026-12-31,2025-12-01,6,0.0,0
PAIM-612748,Karnataka (Employee's State Insurance Company [ESIC]) (612748),Infrastructure & Highways,Ministry of Ports,612748,Karnataka,4208.86,4208.86,1374.26,32.7,2023-03-01,2025-12-31,2028-12-31,2025-12-01,0,0.0,0
PAIM-612188,"ESIC Hospital at Bibewadi, Pune (Employee's State Insurance Company [ESIC]) (612188)",Infrastructure & Highways,Ministry of Ports,612188,Maharashtra,2381.23,2381.23,344.24,14.5,2022-03-01,2027-12-31,2028-12-31,2025-12-01,18,0.0,0
PAIM-612213,"Construction of 200 Bedded ESIC Hospital at Butibori, Nagpur, Maharashtra. (Employee's State Insurance Company [ESIC]) (",Infrastructure & Highways,Ministry of Ports,612213,Maharashtra,3899.09,3899.09,1517.83,38.9,2023-03-01,2027-12-31,2027-12-31,2025-12-01,12,0.0,0
PAIM-616691,"Housing for ESIC Hospital at Andheri, Mumbai (Employee's State Insurance Company [ESIC]) (616691)",Infrastructure & Highways,Ministry of Ports,616691,Maharashtra,1136.1,1136.1,528.86,46.6,2022-03-01,2025-12-31,2027-12-31,2025-12-01,12,0.0,0
PAIM-612513,"Construction of 100 Bedded ESI Hospital at Duburi, Odisha. (Employee's State Insurance Company [ESIC]) (612513)",Infrastructure & Highways,Ministry of Ports,612513,Maharashtra,3547.86,3547.86,995.77,28.1,2021-03-01,2027-12-31,2026-12-31,2025-12-01,24,0.0,0
PAIM-612178,"at Vallam Vadangal, SIPCOT, Sriperumbudur (Employee's State Insurance Company [ESIC]) (612178)",Infrastructure & Highways,Ministry of Ports,612178,Tamil Nadu,1526.88,1526.88,182.99,12.0,2020-03-01,2025-12-31,2028-12-31,2025-12-01,12,0.0,0
PAIM-612259,CONSTRUCTION OF 300 BEDDED HOSPITAL AT HARIDWAR (Employee's State Insurance Company [ESIC]) (612259),Infrastructure & Highways,Ministry of Ports,612259,Tamil Nadu,3722.5,3722.5,634.55,17.0,2021-03-01,2026-12-31,2026-12-31,2025-12-01,18,0.0,0
PAIM-708662,Medical college and further expansion on PPP basis. (Mumbai Port Trust [MPT]) (708662),Infrastructure & Highways,Ministry of Ports,708662,Maharashtra,4160.23,4160.23,1846.62,44.4,2023-03-01,2025-12-31,2027-12-31,2025-12-01,36,0.0,0
PAIM-701565,Jal Marg Vikas Project (Inland Waterways Authority of India [IWAI]) (701565),Infrastructure & Highways,Ministry of Ports,701565,Maharashtra,299.24,299.24,132.7,44.3,2020-03-01,2026-12-31,2026-12-31,2025-12-01,36,0.0,0
PAIM-611142,Fairway Development in West Bengal Farakka - Kahelgaon (Inland Waterways Authority of India [IWAI]) (611142),Infrastructure & Highways,Ministry of Ports,611142,West Bengal,4253.1,4253.1,2979.97,70.1,2022-03-01,2025-12-31,2027-12-31,2025-12-01,36,0.0,0
PAIM-609424,Under PPP Mode (Deendayal Port Trust) (609424),Infrastructure & Highways,Ministry of Ports,609424,Gujarat,4038.81,4038.81,1915.92,47.4,2023-03-01,2025-12-31,2028-12-31,2025-12-01,0,0.0,0
PAIM-701568,Construction of oil jetty No.8 at old kandla through internal resources (Deendayal Port Trust [DPT]) (701568),Infrastructure & Highways,Ministry of Ports,701568,Gujarat,803.47,803.47,507.79,63.2,2021-03-01,2027-12-31,2027-12-31,2025-12-01,0,0.0,0
PAIM-701570,"Replacement and revamping of pipeline projects in oil jetty area, Kandla (Deendayal Port Trust [DPT]) (701570)",Infrastructure & Highways,Ministry of Ports,701570,Gujarat,1590.63,1590.63,1230.95,77.4,2020-03-01,2025-12-31,2028-12-31,2025-12-01,36,0.0,0
PAIM-617804,basis - Phase II (New Mangalore Port Authority) (617804),Infrastructure & Highways,Ministry of Ports,617804,Maharashtra,3451.44,3451.44,2814.03,81.5,2021-03-01,2025-12-31,2027-12-31,2025-12-01,36,0.0,0
PAIM-400382,Rewas Port Project (Reliance Industries Ltd) (400382),Infrastructure & Highways,Ministry of Ports,400382,Maharashtra,1121.42,1121.42,466.59,41.6,2021-03-01,2027-12-31,2028-12-31,2025-12-01,6,0.0,0
PAIM-701586,Setting up of a Floating Storage and Regasification Unit [FSRU] - Mumbai (Mumbai Port Trust [MPT]) (701586),Infrastructure & Highways,Ministry of Ports,701586,Maharashtra,4330.58,4330.58,3331.38,76.9,2020-03-01,2027-12-31,2027-12-31,2025-12-01,12,0.0,0
PAIM-701574,Western Dock on BOT basis to handle Cape size vessels (Paradip Port Trust [PPT]) (701574),Infrastructure & Highways,Ministry of Ports,701574,Odisha,2226.25,2226.25,900.54,40.5,2021-03-01,2027-12-31,2028-12-31,2025-12-01,6,0.0,0
PAIM-701576,"Berth No. 2 [previously Berth 3] of HDC Mechanization Project (Haldia Dock Complex, Syama Prasad Mookerjee Port Authorit",Infrastructure & Highways,Ministry of Ports,701576,West Bengal,1650.17,1650.17,610.72,37.0,2022-03-01,2025-12-31,2028-12-31,2025-12-01,12,0.0,0
PAIM-701577,"Shalukkhali Liquid Cargo Handling Facility Development Project (Haldia Dock Complex, Syama Prasad Mookerjee Port Authori",Infrastructure & Highways,Ministry of Ports,701577,West Bengal,1265.77,1265.77,701.42,55.4,2023-03-01,2027-12-31,2027-12-31,2025-12-01,0,0.0,0
PAIM-707215,National Maritime Heritage Complex [NMHC] Phase-I (Indian Port Rail & Ropeway Corporation Ltd. [IPRCL]) (707215),Infrastructure & Highways,Ministry of Steel,707215,Gujarat,3770.47,3770.47,532.18,14.1,2021-03-01,2027-12-31,2027-12-31,2025-12-01,24,0.0,0
PAIM-615202,Capacity expansion of Deposit-14 and 14 NMZ at Kirandul (National Mineral Development Corporation Limited [NMDC]) (61520,Infrastructure & Highways,Ministry of Steel,615202,Multi-State,3842.1,3842.1,1444.98,37.6,2020-03-01,2025-12-31,2028-12-31,2025-12-01,12,0.0,0
PAIM-617243,Replacement of Hot Leveller No.1 of Plate Mill at Bhilai Steel Plant (Steel Authority of India Limited [SAIL]) (617243),Infrastructure & Highways,Ministry of Steel,617243,Multi-State,3279.05,3279.05,842.66,25.7,2023-03-01,2025-12-31,2028-12-31,2025-12-01,36,0.0,0
PAIM-617255,Secondary Emission at Bhilai Steel Plant (Steel Authority of India Limited [SAIL]) (617255),Infrastructure & Highways,Ministry of Steel,617255,Multi-State,1477.9,1477.9,325.92,22.1,2022-03-01,2026-12-31,2026-12-31,2025-12-01,12,0.0,0
PAIM-617256,Rebuilding of Coke Oven Battery No.7 & 8 at Bhilai Steel Plant (Steel Authority of India Limited [SAIL]) (617256),Infrastructure & Highways,Ministry of Steel,617256,Multi-State,480.2,480.2,379.13,79.0,2021-03-01,2026-12-31,2026-12-31,2025-12-01,12,0.0,0
PAIM-706811,NMDC Slurry Pipeline Project Phase-1 (National Mineral Development Corporation Limited [NMDC]) (706811),Infrastructure & Highways,Ministry of Steel,706811,Multi-State,2902.22,2902.22,2349.66,81.0,2020-03-01,2025-12-31,2027-12-31,2025-12-01,0,0.0,0
PAIM-709826,SCREENING PLANT-III AT KIRANDUL (National Mineral Development Corporation Limited [NMDC]) (709826),Infrastructure & Highways,Ministry of Steel,709826,Multi-State,4487.84,4487.84,1122.01,25.0,2022-03-01,2025-12-31,2028-12-31,2025-12-01,0,0.0,0
PAIM-709827,CONSTRUCTION OF RESIDENTIAL TOWERS AT BIOM KIRANDUL COMPLEX (National Mineral Development Corporation Limited [NMDC]) (7,Infrastructure & Highways,Ministry of Steel,709827,Multi-State,1597.02,1597.02,362.27,22.7,2023-03-01,2025-12-31,2027-12-31,2025-12-01,24,0.0,0
PAIM-400174,"New Sinter Plant at BSL, SAIL (Steel Authority of India Limited [SAIL]) (400174)",Infrastructure & Highways,Ministry of Steel,400174,Multi-State,262.05,262.05,204.54,78.1,2022-03-01,2026-12-31,2028-12-31,2025-12-01,36,0.0,0
PAIM-617249,Replacement of existing Grinders in CRM-I & II at Bokaro Steel Plant (Steel Authority of India Limited [SAIL]) (617249),Infrastructure & Highways,Ministry of Steel,617249,Multi-State,3695.69,3695.69,900.04,24.4,2021-03-01,2025-12-31,2026-12-31,2025-12-01,36,0.0,0
PAIM-617250,Secondary Emission Control in Converters of SMS-II at Bokaro Steel Plant (Steel Authority of India Limited [SAIL]) (6172,Infrastructure & Highways,Ministry of Steel,617250,Multi-State,1929.6,1929.6,1055.29,54.7,2022-03-01,2027-12-31,2027-12-31,2025-12-01,18,0.0,0
PAIM-617253,Revamping of old sub-systems of Blast Furnace 3 at Bokaro Steel Plant (Steel Authority of India Limited [SAIL]) (617253),Infrastructure & Highways,Ministry of Steel,617253,Multi-State,2938.69,2938.69,2139.51,72.8,2022-03-01,2025-12-31,2027-12-31,2025-12-01,6,0.0,0
PAIM-617254,Plant-1 at Bokaro Steel Plant (Steel Authority of India Limited [SAIL]) (617254),Infrastructure & Highways,Ministry of Steel,617254,Multi-State,2511.04,2511.04,864.9,34.4,2023-03-01,2025-12-31,2028-12-31,2025-12-01,18,0.0,0
PAIM-617257,Rebuilding of Coke Oven Battery No.6 at Bokaro Steel Plant (Steel Authority of India Limited [SAIL]) (617257),Infrastructure & Highways,Ministry of Steel,617257,Multi-State,3236.42,3236.42,495.47,15.3,2021-03-01,2025-12-31,2026-12-31,2025-12-01,24,0.0,0
PAIM-400121,"Complex of NMDC Limited at Ballari Dt, Karnataka. (National Mineral Development Corporation Limited [NMDC]) (400121)",Infrastructure & Highways,Ministry of Steel,400121,Karnataka,2055.37,2055.37,1137.59,55.3,2021-03-01,2026-12-31,2028-12-31,2025-12-01,12,0.0,0
PAIM-612781,Rebuilding of COB 4 at Durgapur Steel Plant (Steel Authority of India Limited [SAIL]) (612781),Infrastructure & Highways,Ministry of Steel,612781,Karnataka,465.88,465.88,65.26,14.0,2023-03-01,2027-12-31,2027-12-31,2025-12-01,24,0.0,0
PAIM-617242,Installation of New Bar Mill at Durgapur Steel Plant (Steel Authority of India Limited [SAIL]) (617242),Infrastructure & Highways,Ministry of Steel,617242,West Bengal,903.2,903.2,618.87,68.5,2022-03-01,2026-12-31,2028-12-31,2025-12-01,6,0.0,0
PAIM-617246,Up-gradation of Blast Furnace No. 3 at Durgapur Steel Plant (Steel Authority of India Limited [SAIL]) (617246),Infrastructure & Highways,Ministry of Steel,617246,West Bengal,3630.58,3630.58,815.92,22.5,2023-03-01,2026-12-31,2027-12-31,2025-12-01,12,0.0,0
PAIM-617248,Third Ladle Furnace in Secondary Refinery Unit at IISCO Steel Plant (Steel Authority of India Limited [SAIL]) (617248),Infrastructure & Highways,Ministry of Steel,617248,West Bengal,3058.69,3058.69,2460.9,80.5,2022-03-01,2026-12-31,2026-12-31,2025-12-01,0,0.0,0
PAIM-617251,Revamping of Air Pollution Control Systems of SP-1 at Durgapur Steel Plant (Steel Authority of India Limited [SAIL]) (61,Infrastructure & Highways,Ministry of Steel,617251,West Bengal,2182.86,2182.86,308.05,14.1,2023-03-01,2026-12-31,2028-12-31,2025-12-01,6,0.0,0
PAIM-617338,Stamp Charge Battery No.12 Battery Proper at IISCO Steel Plant (Steel Authority of India Limited [SAIL]) (617338),Infrastructure & Highways,Ministry of Steel,617338,West Bengal,1954.65,1954.65,1576.1,80.6,2020-03-01,2025-12-31,2027-12-31,2025-12-01,0,0.0,0
PAIM-400298,Nadikudi - Srikalahasti New Line (South Central Railway [SCR] - II) (400298),Infrastructure & Highways,Ministry of Steel,400298,Andhra Pradesh,2700.32,2700.32,2012.14,74.5,2022-03-01,2026-12-31,2026-12-31,2025-12-01,36,0.0,0
PAIM-611752,GOOTY-PENDEKALLU DOUBLING  29.225 Km (South Central Railway [SCR] - II) (611752),Infrastructure & Highways,Ministry of Steel,611752,Andhra Pradesh,595.95,595.95,479.19,80.4,2023-03-01,2026-12-31,2027-12-31,2025-12-01,0,0.0,0
PAIM-611754,GUNTAKAL WEST-MALLAPPA GATE RAIL OVER RAIL - ROR TRACK (South Central Railway [SCR] - II) (611754),Infrastructure & Highways,Ministry of Steel,611754,Andhra Pradesh,2811.47,2811.47,1046.49,37.2,2022-03-01,2026-12-31,2028-12-31,2025-12-01,18,0.0,0
PAIM-611927,Kurnool - Setting up facilities for coach midlife rehabilitation workshop (WPO/Patna) (611927),Infrastructure & Highways,Ministry of Steel,611927,Andhra Pradesh,2399.3,2399.3,460.3,19.2,2020-03-01,2026-12-31,2026-12-31,2025-12-01,6,0.0,0
PAIM-612827,Simhachalam  7.135 km    PB 73 of 2023  24 NR (East Coast Railway [ECoR] - II) (612827),Infrastructure & Highways,Ministry of Steel,612827,Andhra Pradesh,3275.71,3275.71,1139.02,34.8,2022-03-01,2025-12-31,2026-12-31,2025-12-01,18,0.0,0
PAIM-616697,to Gangavaram port (East Coast Railway [ECoR] - II) (616697),Infrastructure & Highways,Ministry of Steel,616697,Andhra Pradesh,3304.15,3304.15,1390.35,42.1,2023-03-01,2027-12-31,2027-12-31,2025-12-01,12,0.0,0
PAIM-617210,Tiupati Katpadi 104.39 kms (South Central Railway [SCR] - II) (617210),Infrastructure & Highways,Ministry of Steel,617210,Andhra Pradesh,3568.18,3568.18,1525.29,42.7,2023-03-01,2025-12-31,2028-12-31,2025-12-01,24,0.0,0
PAIM-617216,3rd Line between Gudur Renigunta 83.17 Km (South Central Railway [SCR] - II) (617216),Infrastructure & Highways,Ministry of Steel,617216,Andhra Pradesh,2994.65,2994.65,351.76,11.7,2020-03-01,2025-12-31,2026-12-31,2025-12-01,18,0.0,0
PAIM-705253,Kurnool Coach Midlife Rehabilitation Project (WPO/Patna) (705253),Infrastructure & Highways,Ministry of Steel,705253,Andhra Pradesh,3135.07,3135.07,1104.42,35.2,2023-03-01,2025-12-31,2027-12-31,2025-12-01,24,0.0,0
PAIM-705436,Kotapalli - Narasapur New Line (South Central Railway [SCR] - II) (705436),Infrastructure & Highways,Ministry of Steel,705436,Andhra Pradesh,425.43,425.43,106.68,25.1,2022-03-01,2025-12-31,2027-12-31,2025-12-01,0,0.0,0
PAIM-705633,Guntur-Guntakal Doubling Project (South Central Railway [SCR] - II) (705633),Infrastructure & Highways,Ministry of Steel,705633,Andhra Pradesh,2796.51,2796.51,1693.87,60.6,2022-03-01,2026-12-31,2026-12-31,2025-12-01,0,0.0,0
PAIM-705648,Vijaywada-Gudur 3rd Line (RVNL - II) (705648),Infrastructure & Highways,Ministry of Steel,705648,Andhra Pradesh,986.38,986.38,164.61,16.7,2023-03-01,2025-12-31,2028-12-31,2025-12-01,12,0.0,0
PAIM-705789,Penukonda - Dharmavaram Doubling Project [41.5 Km] (South Western Railway [SWR] - II) (705789),Infrastructure & Highways,Ministry of Steel,705789,Assam,1186.24,1186.24,424.05,35.7,2022-03-01,2026-12-31,2026-12-31,2025-12-01,0,0.0,0
PAIM-400254,Sakri -Hasanpur [via Harnagar - Kusheshwar Asthan] New Railway line (East Central Railway [ECR] - I) (400254),Infrastructure & Highways,Ministry of Steel,400254,Bihar,1928.44,1928.44,338.54,17.6,2022-03-01,2027-12-31,2026-12-31,2025-12-01,36,0.0,0
PAIM-617231,Construction of Bulb line at Nabinagar  Ankorah of East Central Railway (East Central Railway [ECR] - I) (617231),Infrastructure & Highways,Ministry of Steel,617231,Bihar,2056.37,2056.37,1570.4,76.4,2023-03-01,2025-12-31,2028-12-31,2025-12-01,6,0.0,0
PAIM-705364,Khagaria-Kusheshwar Asthan [42Km] new line project (East Central Railway [ECR] - I) (705364),Infrastructure & Highways,Ministry of Steel,705364,Bihar,2401.27,2401.27,1530.86,63.8,2021-03-01,2026-12-31,2027-12-31,2025-12-01,18,0.0,0
PAIM-705366,Hajipur-Sagauli New line (East Central Railway [ECR] - I) (705366),Infrastructure & Highways,Ministry of Steel,705366,Bihar,3662.92,3662.92,2972.64,81.2,2020-03-01,2025-12-31,2026-12-31,2025-12-01,18,0.0,0
PAIM-705368,Araria Supaul New BG Line (East Central Railway [ECR] - I) (705368),Infrastructure & Highways,Ministry of Steel,705368,Bihar,413.72,413.72,276.43,66.8,2023-03-01,2025-12-31,2027-12-31,2025-12-01,18,0.0,0
PAIM-705373,"Biharsharif, Biharsharif to Barbigha , Barbigha to Shekhpura (East Central Railway [ECR] - I) (705373)",Infrastructure & Highways,Ministry of Steel,705373,Bihar,1699.86,1699.86,1217.97,71.7,2022-03-01,2026-12-31,2028-12-31,2025-12-01,12,0.0,0
PAIM-705450,Jogbani-Biratnagar New Rail Line project (Indian Railway Construction International Limited [IRCON]) (705450),Infrastructure & Highways,Ministry of Steel,705450,Bihar,4133.55,4133.55,1484.86,35.9,2023-03-01,2027-12-31,2026-12-31,2025-12-01,0,0.0,0
PAIM-705526,Samastipur-Darbhanga Doubling Railway Project (East Central Railway [ECR] - I) (705526),Infrastructure & Highways,Ministry of Steel,705526,Bihar,3590.2,3590.2,594.35,16.6,2020-03-01,2027-12-31,2026-12-31,2025-12-01,6,0.0,0
PAIM-705527,Sagauli-Valmiknagar (East Central Railway [ECR] - I) (705527),Infrastructure & Highways,Ministry of Steel,705527,Bihar,1323.47,1323.47,406.42,30.7,2020-03-01,2026-12-31,2027-12-31,2025-12-01,0,0.0,0
PAIM-705528,Muzaffarpur-Sugauli (East Central Railway [ECR] - I) (705528),Infrastructure & Highways,Ministry of Steel,705528,Bihar,4390.56,4390.56,493.73,11.2,2022-03-01,2026-12-31,2027-12-31,2025-12-01,18,0.0,0
PAIM-706759,Rampur Dumra-Tal-Rajendrapul Additional Bridge and Railway Line Doubling (Indian Railway Construction International Limi,Infrastructure & Highways,Ministry of Steel,706759,Bihar,4093.46,4093.46,525.22,12.8,2023-03-01,2025-12-31,2028-12-31,2025-12-01,24,0.0,0
PAIM-706860,Barauni-Bachwara [16 km] - 3rd & 4th line incl. Barauni yard remodelling [32 km] (East Central Railway [ECR] - I) (70686,Infrastructure & Highways,Ministry of Steel,706860,Bihar,2509.23,2509.23,1157.99,46.1,2022-03-01,2026-12-31,2027-12-31,2025-12-01,12,0.0,0
PAIM-900874,JHAJHA - BATIA (East Central Railway [ECR] - I) (900874),Infrastructure & Highways,Ministry of Steel,900874,Bihar,1480.04,1480.04,241.98,16.3,2020-03-01,2026-12-31,2026-12-31,2025-12-01,24,0.0,0
PAIM-400220,Kharsia-Dharamjaygarh with Spur line [East Corridor-Phase 1] (Indian Railway Construction International Limited [IRCON]),Infrastructure & Highways,Ministry of Steel,400220,Bihar,3844.64,3844.64,2698.26,70.2,2021-03-01,2025-12-31,2028-12-31,2025-12-01,12,0.0,0
PAIM-400291,Doubling of Kirandul-Jagdalpur Line [150 km] (East Coast Railway [ECoR] - II) (400291),Infrastructure & Highways,Ministry of Steel,400291,Multi-State,507.74,507.74,87.9,17.3,2020-03-01,2027-12-31,2028-12-31,2025-12-01,12,0.0,0
PAIM-602792,Kms - 2nd Material Modification to Raipur Titlagarh doubling. (SECR) (602792),Infrastructure & Highways,Ministry of Steel,602792,Multi-State,4368.37,4368.37,927.92,21.2,2020-03-01,2025-12-31,2026-12-31,2025-12-01,6,0.0,0
PAIM-612815,4th line between Nipania Bhatapara 14.4 Km (South East Central Railway [SECR] - II) (612815),Infrastructure & Highways,Ministry of Steel,612815,Multi-State,2963.99,2963.99,2378.32,80.2,2021-03-01,2026-12-31,2027-12-31,2025-12-01,18,0.0,0
PAIM-613003,Dharamjaigarh-Korba 63 km (CERL) (613003),Infrastructure & Highways,Ministry of Steel,613003,Multi-State,324.49,324.49,253.43,78.1,2020-03-01,2026-12-31,2028-12-31,2025-12-01,6,0.0,0
PAIM-617200,KHARSIA- NAYA RAIPUR-PARMALKASA 5th and 6th Line [278KM] (CAO/C/SECR) (617200),Infrastructure & Highways,Ministry of Steel,617200,Multi-State,1411.53,1411.53,790.27,56.0,2022-03-01,2027-12-31,2028-12-31,2025-12-01,24,0.0,0
PAIM-617374,"Dallirajhara - Rowghat New Rail Line Project, Phase-I (Rail Vikas Nigam Limited) (617374)",Infrastructure & Highways,Ministry of Steel,617374,Multi-State,3167.52,3167.52,1489.21,47.0,2023-03-01,2026-12-31,2027-12-31,2025-12-01,24,0.0,0
PAIM-705433,Dallirajhra- Rowghat New Railway Line - Phase I [95 km] (Rail Vikas Nigam Limited) (705433),Infrastructure & Highways,Ministry of Steel,705433,Multi-State,1176.74,1176.74,938.57,79.8,2020-03-01,2025-12-31,2028-12-31,2025-12-01,18,0.0,0
PAIM-705444,Gevra Road-Pendra Road New Railway Line [135 km] (Indian Railway Construction International Limited [IRCON]) (705444),Infrastructure & Highways,Ministry of Steel,705444,Multi-State,4193.17,4193.17,2387.73,56.9,2021-03-01,2025-12-31,2028-12-31,2025-12-01,36,0.0,0
PAIM-706854,Boridand - Ambikapur Doubling Line Project (South East Central Railway [SECR] - II) (706854),Infrastructure & Highways,Ministry of Steel,706854,Multi-State,430.82,430.82,223.37,51.8,2020-03-01,2027-12-31,2027-12-31,2025-12-01,24,0.0,0
PAIM-709815,4TH LINE - BHATAPARA-HATHBAND [8.8 KM] [PB-72/NR/2022-23] (SECR) (709815),Infrastructure & Highways,Ministry of Steel,709815,Multi-State,4132.18,4132.18,2122.89,51.4,2023-03-01,2025-12-31,2027-12-31,2025-12-01,0,0.0,0
PAIM-709816,4TH LINE - BHILAI-BHILAI NAGAR [8.8 KM] [PB-72/NR/2022-23] (SECR) (709816),Infrastructure & Highways,Ministry of Steel,709816,Multi-State,1727.59,1727.59,626.58,36.3,2023-03-01,2025-12-31,2028-12-31,2025-12-01,18,0.0,0
PAIM-709817,4TH LINE - DADHAPARA-BELHA [9.2 KM] [PB-72/NR/2022-23] (SECR) (709817),Infrastructure & Highways,Ministry of Steel,709817,Multi-State,783.26,783.26,161.54,20.6,2020-03-01,2026-12-31,2026-12-31,2025-12-01,0,0.0,0
PAIM-709818,4TH LINE RAJNANDGAON-DONGARHGARH [31.2 KM] [PB-72/NR/2022-23] (SECR) (709818),Infrastructure & Highways,Ministry of Steel,709818,Multi-State,3793.65,3793.65,2397.82,63.2,2020-03-01,2027-12-31,2026-12-31,2025-12-01,0,0.0,0
PAIM-709819,3RD AND 4TH LINE - SARAGBUNDIA AND MADWARANI (SECR) (709819),Infrastructure & Highways,Ministry of Steel,709819,Delhi,3949.18,3949.18,1710.69,43.3,2022-03-01,2026-12-31,2027-12-31,2025-12-01,12,0.0,0
PAIM-613785,infrastructure (Rail Land Development Authority) (613785),Infrastructure & Highways,Ministry of Steel,613785,Delhi,2599.93,2599.93,1653.79,63.6,2020-03-01,2026-12-31,2027-12-31,2025-12-01,36,0.0,0
PAIM-617379,Development of New Bijwasan Railway Terminal (Northern Railways) (617379),Infrastructure & Highways,Ministry of Steel,617379,Delhi,555.06,555.06,220.34,39.7,2020-03-01,2027-12-31,2028-12-31,2025-12-01,36,0.0,0
PAIM-705583,Anand Vihar-Tilak Bridge 3rd & 4th line (CAO/C/NR) (705583),Infrastructure & Highways,Ministry of Steel,705583,Gujarat,3650.47,3650.47,2811.55,77.0,2020-03-01,2026-12-31,2027-12-31,2025-12-01,0,0.0,0
PAIM-611918,Kosamba Umarpada 70 Km (PCE/WR) (611918),Infrastructure & Highways,Ministry of Steel,611918,Gujarat,1077.59,1077.59,755.06,70.1,2021-03-01,2025-12-31,2026-12-31,2025-12-01,12,0.0,0
PAIM-611943,New Broad Gauge line between Naliya to Jakhau Port (Western Railway (WR) - II) (611943),Infrastructure & Highways,Ministry of Steel,611943,Gujarat,1557.04,1557.04,641.77,41.2,2020-03-01,2025-12-31,2026-12-31,2025-12-01,12,0.0,0
PAIM-611944,direct entry towards Mundra Port and Bhuj and high level platform at Gopalpur 11Kms (Western Railway (WR) - II) (611944),Infrastructure & Highways,Ministry of Steel,611944,Gujarat,4395.2,4395.2,1089.59,24.8,2020-03-01,2026-12-31,2026-12-31,2025-12-01,12,0.0,0
PAIM-611945,Petlad Bhadran 23 Kms (Western Railway) (611945),Infrastructure & Highways,Ministry of Steel,611945,Gujarat,1621.69,1621.69,1093.05,67.4,2022-03-01,2027-12-31,2027-12-31,2025-12-01,6,0.0,0
PAIM-611970,Samlaya Timba Road 54 km (PCE/WR) (611970),Infrastructure & Highways,Ministry of Steel,611970,Gujarat,3678.35,3678.35,2306.81,62.7,2020-03-01,2026-12-31,2028-12-31,2025-12-01,36,0.0,0
PAIM-611971,Samni Jambusar 24 km (PCE/WR) (611971),Infrastructure & Highways,Ministry of Steel,611971,Gujarat,3997.1,3997.1,727.47,18.2,2021-03-01,2025-12-31,2028-12-31,2025-12-01,24,0.0,0
PAIM-611974,Western Railway Samakhiali Gandhidham Quadrupiling 53 Kms (Western Railway (WR) - II) (611974),Infrastructure & Highways,Ministry of Steel,611974,Gujarat,283.07,283.07,42.34,15.0,2022-03-01,2026-12-31,2027-12-31,2025-12-01,12,0.0,0
PAIM-611977,Manufacturing  at (PCE/WR) (611977),Infrastructure & Highways,Ministry of Steel,611977,Gujarat,1923.24,1923.24,476.38,24.8,2023-03-01,2027-12-31,2026-12-31,2025-12-01,36,0.0,0
PAIM-611978,Dahod Rolling Stock Workshop Provision of Infrastructure for CBS at (PCE/WR) (611978),Infrastructure & Highways,Ministry of Steel,611978,Gujarat,2113.31,2113.31,1190.84,56.3,2022-03-01,2026-12-31,2026-12-31,2025-12-01,24,0.0,0
PAIM-611979,Sabarmati  Setting up of Maintenance Facilities for Train Sets Phase ii (Western Railway (WR) - II) (611979),Infrastructure & Highways,Ministry of Steel,611979,Gujarat,3074.38,3074.38,1614.72,52.5,2020-03-01,2025-12-31,2026-12-31,2025-12-01,0,0.0,0
PAIM-612072,4th LINE BETWEEN BAREJADI NANDEJ-SANAND-AHMEDABAD BYPASS (Western Railway WR - II) (612072),Infrastructure & Highways,Ministry of Steel,612072,Gujarat,2404.59,2404.59,1634.96,68.0,2020-03-01,2027-12-31,2027-12-31,2025-12-01,12,0.0,0
PAIM-613786,"engineering, procurement and construction mode (Rail Land Development Authority) (613786)",Infrastructure & Highways,Ministry of Steel,613786,Gujarat,202.17,202.17,33.09,16.4,2020-03-01,2026-12-31,2028-12-31,2025-12-01,18,0.0,0
PAIM-705458,Miyagam-Karjan-Dabhoi-Samlaya [GC] (Western Railway [WR] - II) (705458),Infrastructure & Highways,Ministry of Steel,705458,Gujarat,2793.86,2793.86,604.6,21.6,2022-03-01,2027-12-31,2027-12-31,2025-12-01,12,0.0,0
PAIM-706757,Modasa-Shamlaji Road Railway Line Project (Western Railway WR - II) (706757),Infrastructure & Highways,Ministry of Steel,706757,Gujarat,927.07,927.07,736.72,79.5,2020-03-01,2025-12-31,2026-12-31,2025-12-01,24,0.0,0
PAIM-706763,Rajkot - Kanalus Doubling Project [111.2 Kms] (Western Railway WR - II) (706763),Infrastructure & Highways,Ministry of Railways,706763,Gujarat,3647.77,3647.77,2138.56,58.6,2023-03-01,2025-12-31,2028-12-31,2025-12-01,24,0.0,0
PAIM-709812,NADIAD-PETLAD [37.26 KM] (Railway) (709812),Infrastructure & Highways,Ministry of Railways,709812,Gujarat,528.45,528.45,353.41,66.9,2023-03-01,2025-12-31,2026-12-31,2025-12-01,12,0.0,0
PAIM-709813,BOTAD-AHMEDABAD [16.51 KM] (Western Railway (WR) - II) (709813),Infrastructure & Highways,Ministry of Railways,709813,Gujarat,2392.42,2392.42,621.9,26.0,2021-03-01,2026-12-31,2026-12-31,2025-12-01,18,0.0,0
PAIM-611884,Bhiwani - Dobh Bahali Doubling Project [42.30 Km] (North Western Railway [NWR]) (611884),Infrastructure & Highways,Ministry of Railways,611884,Gujarat,3202.14,3202.14,1646.96,51.4,2020-03-01,2027-12-31,2026-12-31,2025-12-01,36,0.0,0
PAIM-617372,Doubling between Pradhankunta-Patherih-Bhojudih of East Central Railway (East Central Railway [ECR] - I) (617372),Infrastructure & Highways,Ministry of Railways,617372,Haryana,2479.03,2479.03,645.66,26.0,2020-03-01,2025-12-31,2027-12-31,2025-12-01,36,0.0,0
PAIM-617832,Koderma-Arigada Doubling 133.38 Km of East Central Railway (East Central Railway [ECR] - I) (617832),Infrastructure & Highways,Ministry of Railways,617832,Multi-State,2725.85,2725.85,658.92,24.2,2022-03-01,2025-12-31,2027-12-31,2025-12-01,12,0.0,0
PAIM-705765,Gomoh - Flyover for DN trains (East Central Railway [ECR] - I) (705765),Infrastructure & Highways,Ministry of Railways,705765,Multi-State,2899.13,2899.13,1657.05,57.2,2023-03-01,2027-12-31,2028-12-31,2025-12-01,24,0.0,0
PAIM-705785,Lodhma - Piska - Link Line bypassing Hatia/Ranchi with Y connection (South Eastern Railway [SER] - I) (705785),Infrastructure & Highways,Ministry of Railways,705785,Multi-State,970.83,970.83,311.21,32.1,2021-03-01,2027-12-31,2028-12-31,2025-12-01,24,0.0,0
PAIM-706837,Pradhan Kuntha Jn Line Doubling Project (East Central Railway [ECR] - I) (706837),Infrastructure & Highways,Ministry of Railways,706837,Multi-State,676.5,676.5,341.93,50.5,2020-03-01,2027-12-31,2028-12-31,2025-12-01,6,0.0,0
PAIM-400023,Construction of New BG line between Hassan to Belur [27 Km] (South Western Railway [SWR] - II) (400023),Infrastructure & Highways,Ministry of Railways,400023,Karnataka,716.97,716.97,337.58,47.1,2021-03-01,2026-12-31,2026-12-31,2025-12-01,6,0.0,0
PAIM-703585,Yeshvanthpur - Channasandra Doubling Project [21.70 Km] (Karnataka Rail Infrastructure Development Company Limited [K-RI,Infrastructure & Highways,Ministry of Railways,703585,Karnataka,3996.81,3996.81,2054.64,51.4,2020-03-01,2025-12-31,2028-12-31,2025-12-01,18,0.0,0
PAIM-705434,New Railway Line between Ginigera and Raichur [165.57 km] (South Western Railway [SWR] - II) (705434),Infrastructure & Highways,Ministry of Railways,705434,Karnataka,4216.36,4216.36,1829.55,43.4,2022-03-01,2027-12-31,2028-12-31,2025-12-01,6,0.0,0
PAIM-705490,Gadag-Wadi New Railway Line [257 km] (South Western Railway [SWR] - II) (705490),Infrastructure & Highways,Ministry of Railways,705490,Karnataka,2890.88,2890.88,1507.92,52.2,2022-03-01,2027-12-31,2028-12-31,2025-12-01,24,0.0,0
PAIM-705492,Kadur - Chickamagalur - Sakleshpur [93km] (South Western Railway [SWR] - II) (705492),Infrastructure & Highways,Ministry of Railways,705492,Karnataka,1854.69,1854.69,1385.09,74.7,2020-03-01,2027-12-31,2027-12-31,2025-12-01,36,0.0,0
PAIM-705495,Bagalkot-Kudachi New Railway Line [142 km] (South Western Railway [SWR] - II) (705495),Infrastructure & Highways,Ministry of Railways,705495,Karnataka,301.97,301.97,140.02,46.4,2023-03-01,2026-12-31,2026-12-31,2025-12-01,0,0.0,0
PAIM-705496,Tumkur-Chitradurga-Davangere New Rail Line Project [191 km] (South Western Railway [SWR] - II) (705496),Infrastructure & Highways,Ministry of Railways,705496,Karnataka,3720.26,3720.26,1171.27,31.5,2020-03-01,2025-12-31,2026-12-31,2025-12-01,6,0.0,0
PAIM-705663,Bangalore-Whitefield-Bangalore City-Krishnarajapuram [23.08 km] - Quadrupling (South Western Railway [SWR] - II) (705663,Infrastructure & Highways,Ministry of Railways,705663,Karnataka,2298.96,2298.96,793.05,34.5,2022-03-01,2027-12-31,2026-12-31,2025-12-01,24,0.0,0
PAIM-705761,SHIMOGA - SHIKARIPURA - RANEBENNUR [96 Km] (South Western Railway [SWR] - II) (705761),Infrastructure & Highways,Ministry of Railways,705761,Karnataka,1321.53,1321.53,1007.31,76.2,2021-03-01,2025-12-31,2026-12-31,2025-12-01,12,0.0,0
PAIM-706835,Belgaum-Dharwad via Kittur [73.10Km] (South Western Railway [SWR] - II) (706835),Infrastructure & Highways,Ministry of Railways,706835,Karnataka,273.8,273.8,170.37,62.2,2020-03-01,2027-12-31,2026-12-31,2025-12-01,6,0.0,0
PAIM-705638,Kumbalam-Turavur doubling project [15.59 Km] (Ministry of Railways) (705638),Infrastructure & Highways,Ministry of Railways,705638,Karnataka,1446.73,1446.73,1067.5,73.8,2023-03-01,2026-12-31,2028-12-31,2025-12-01,12,0.0,0
PAIM-705639,Ernakulam-Kumbalam doubling project [7.71 Km] (SR-ERS) (705639),Infrastructure & Highways,Ministry of Railways,705639,Madhya Pradesh,2447.86,2447.86,1661.69,67.9,2020-03-01,2026-12-31,2026-12-31,2025-12-01,6,0.0,0
PAIM-705480,"Lalitpur-Satna, Rewa-Singrauli & Mahoba-Khajuraho (North Central Railway) (705480)",Infrastructure & Highways,Ministry of Railways,705480,Madhya Pradesh,586.08,586.08,229.04,39.1,2020-03-01,2027-12-31,2026-12-31,2025-12-01,6,0.0,0
PAIM-705651,Katni - Bina Third Railway Line [279 km] (West Central Railway WCR I) (705651),Infrastructure & Highways,Ministry of Railways,705651,Madhya Pradesh,3629.93,3629.93,820.81,22.6,2023-03-01,2026-12-31,2026-12-31,2025-12-01,0,0.0,0
PAIM-705659,Satna-Rewa Railway Line Doubling Project (West Central Railway [WCR] - II) (705659),Infrastructure & Highways,Ministry of Railways,705659,Madhya Pradesh,1743.21,1743.21,1441.91,82.7,2022-03-01,2027-12-31,2028-12-31,2025-12-01,24,0.0,0
PAIM-705660,Doubling of Katni - Singrauli Railway Line [261 km] (Indian Railway Construction International Limited [IRCON]) (705660),Infrastructure & Highways,Ministry of Railways,705660,Madhya Pradesh,1382.01,1382.01,1077.1,77.9,2023-03-01,2027-12-31,2026-12-31,2025-12-01,36,0.0,0
PAIM-705661,Katni Grade Separator/Bye Pass (Indian Railway Construction International Limited [IRCON]) (705661),Infrastructure & Highways,Ministry of Railways,705661,Madhya Pradesh,965.21,965.21,690.54,71.5,2023-03-01,2025-12-31,2027-12-31,2025-12-01,6,0.0,0
PAIM-705763,Indore - Budni New Railway Line [198 kms] (RVNL - II) (705763),Infrastructure & Highways,Ministry of Railways,705763,Madhya Pradesh,1394.44,1394.44,357.8,25.7,2021-03-01,2025-12-31,2026-12-31,2025-12-01,24,0.0,0
PAIM-705933,Nimach-Ratlam Doubling [133 Km] (Western Railway [WR] - II) (705933),Infrastructure & Highways,Ministry of Railways,705933,Maharashtra,3725.11,3725.11,3160.98,84.9,2021-03-01,2025-12-31,2026-12-31,2025-12-01,6,0.0,0
PAIM-400019,DHULE [BORVIHIR] - NARDANA NEW LINE [50.60 KMS] (Central Railway) (400019),Infrastructure & Highways,Ministry of Railways,400019,Maharashtra,3612.4,3612.4,814.55,22.5,2020-03-01,2025-12-31,2027-12-31,2025-12-01,18,0.0,0
PAIM-400271,Wardha-Nanded Via Yavatmal New BG Line (Central Railway [CR] - II) (400271),Infrastructure & Highways,Ministry of Railways,400271,Maharashtra,310.36,310.36,210.11,67.7,2021-03-01,2026-12-31,2026-12-31,2025-12-01,36,0.0,0
PAIM-611751,AURANGABAD-ANKAI - DOUBLING PROJECT 98.25 Km (South Central Railway [SCR] - II) (611751),Infrastructure & Highways,Ministry of Railways,611751,Maharashtra,2123.15,2123.15,1527.84,72.0,2021-03-01,2025-12-31,2028-12-31,2025-12-01,0,0.0,0
PAIM-613015,associated infrastructure (Rail Land Development Authority) (613015),Infrastructure & Highways,Ministry of Railways,613015,Maharashtra,999.6,999.6,846.33,84.7,2021-03-01,2027-12-31,2027-12-31,2025-12-01,36,0.0,0
PAIM-617201,Gondia-Balharshah [Chanda Fort] Doubling [240 Km] (South East Central Railway) (617201),Infrastructure & Highways,Ministry of Railways,617201,Maharashtra,2074.61,2074.61,1734.05,83.6,2023-03-01,2025-12-31,2028-12-31,2025-12-01,18,0.0,0
PAIM-617215,Doubling between Parbhani  Parli Vaijanath stations  64.71 Km (South Central Railway [SCR] - II) (617215),Infrastructure & Highways,Ministry of Railways,617215,Maharashtra,772.82,772.82,370.14,47.9,2023-03-01,2027-12-31,2027-12-31,2025-12-01,6,0.0,0
PAIM-617361,Babupeth - Sasti New Rail Line [13.114 KMs] (CentralRailway) (617361),Infrastructure & Highways,Ministry of Railways,617361,Maharashtra,1437.24,1437.24,509.33,35.4,2022-03-01,2026-12-31,2028-12-31,2025-12-01,0,0.0,0
PAIM-617364,Double Chord line Between Nilaje-Kopar (CentralRailway) (617364),Infrastructure & Highways,Ministry of Railways,617364,Maharashtra,1920.3,1920.3,948.93,49.4,2022-03-01,2026-12-31,2027-12-31,2025-12-01,18,0.0,0
PAIM-705356,km] (Central Railway [CR] - II) (705356),Infrastructure & Highways,Ministry of Railways,705356,Maharashtra,3580.12,3580.12,1870.63,52.3,2020-03-01,2026-12-31,2026-12-31,2025-12-01,12,0.0,0
PAIM-705357,Baramati Lonand New Line Project (Central Railway) (705357),Infrastructure & Highways,Ministry of Railways,705357,Maharashtra,2635.75,2635.75,2116.03,80.3,2021-03-01,2027-12-31,2026-12-31,2025-12-01,0,0.0,0
PAIM-705479,Wadsa-Gadchiroli (South East Central Railway) (705479),Infrastructure & Highways,Ministry of Railways,705479,Maharashtra,2672.75,2672.75,1213.58,45.4,2022-03-01,2026-12-31,2027-12-31,2025-12-01,6,0.0,0
PAIM-705498,3rd Line Kalyan - Kasara [67.35 Kilometres] (Central Railway) (705498),Infrastructure & Highways,Ministry of Railways,705498,Maharashtra,260.8,260.8,174.88,67.1,2023-03-01,2026-12-31,2028-12-31,2025-12-01,36,0.0,0
PAIM-705500,3rd Line Wardha - Sewagram - Nagpur (Central Railway [CR] - II) (705500),Infrastructure & Highways,Ministry of Railways,705500,Maharashtra,2104.16,2104.16,1179.57,56.1,2023-03-01,2027-12-31,2026-12-31,2025-12-01,0,0.0,0
PAIM-705502,3rd Line Wardha - Ballarshah [132 Kilometres] (Central Railway [CR] - II) (705502),Infrastructure & Highways,Ministry of Railways,705502,Maharashtra,2102.78,2102.78,1635.56,77.8,2022-03-01,2026-12-31,2027-12-31,2025-12-01,36,0.0,0
PAIM-705503,Pune - Miraj-Londa  [467 Kilometres] (Central Railway) (705503),Infrastructure & Highways,Ministry of Railways,705503,Maharashtra,2302.58,2302.58,766.97,33.3,2021-03-01,2026-12-31,2026-12-31,2025-12-01,12,0.0,0
PAIM-705504,Doubling of Daund Manmad Line [247.6 km] (Central Railway) (705504),Infrastructure & Highways,Ministry of Railways,705504,Maharashtra,2798.49,2798.49,972.56,34.8,2023-03-01,2026-12-31,2026-12-31,2025-12-01,18,0.0,0
PAIM-705505,4th Line Wardha - Nagpur [78.7 Kilometres] (Central Railway [CR] - II) (705505),Infrastructure & Highways,Ministry of Railways,705505,Maharashtra,3310.8,3310.8,859.84,26.0,2020-03-01,2027-12-31,2026-12-31,2025-12-01,18,0.0,0
PAIM-705506,3rd Line Manmad - Jalgaon [160 Kilometres] (Central Railway [CR] - II) (705506),Infrastructure & Highways,Ministry of Railways,705506,Maharashtra,4391.77,4391.77,3369.27,76.7,2022-03-01,2026-12-31,2027-12-31,2025-12-01,12,0.0,0
PAIM-705735,Solapur-tuljapur-Osmanabad (Central Railway) (705735),Infrastructure & Highways,Ministry of Railways,705735,Maharashtra,3976.55,3976.55,1697.62,42.7,2021-03-01,2025-12-31,2028-12-31,2025-12-01,36,0.0,0
PAIM-705799,Nagpur- Nagbhir Railway Line Gauge Conversion Project (MRIDC) (705799),Infrastructure & Highways,Ministry of Railways,705799,Maharashtra,2223.35,2223.35,367.78,16.5,2022-03-01,2025-12-31,2027-12-31,2025-12-01,24,0.0,0
PAIM-706779,Mumbai Urban Transport Project [MUTP] - PHASE II (Mumbai Rail Vikas Corporation Ltd.[MRVC]) (706779),Infrastructure & Highways,Ministry of Railways,706779,Maharashtra,3671.04,3671.04,673.71,18.4,2023-03-01,2025-12-31,2027-12-31,2025-12-01,6,0.0,0
PAIM-706780,Mumbai Urban Transport Project [MUTP]  Phase-IIIA (Mumbai Rail Vikas Corporation Ltd.[MRVC]) (706780),Infrastructure & Highways,Ministry of Railways,706780,Maharashtra,1192.11,1192.11,640.89,53.8,2022-03-01,2025-12-31,2026-12-31,2025-12-01,12,0.0,0
PAIM-706781,Mumbai Urban Transport Project Phase-III (Mumbai Rail Vikas Corporation Ltd.[MRVC]) (706781),Infrastructure & Highways,Ministry of Railways,706781,Maharashtra,4332.79,4332.79,1714.32,39.6,2021-03-01,2026-12-31,2026-12-31,2025-12-01,24,0.0,0
PAIM-705491,Marikuppam - Kuppam New Line Project [23.70 Km] (South Western Railway [SWR] - II) (705491),Infrastructure & Highways,Ministry of Railways,705491,Karnataka,2785.94,2785.94,471.43,16.9,2020-03-01,2025-12-31,2027-12-31,2025-12-01,6,0.0,0
PAIM-705494,Rayadurg-Tumkur via Kalyandurg New Line [207 km] (South Western Railway [SWR] - II) (705494),Infrastructure & Highways,Ministry of Railways,705494,Karnataka,2744.94,2744.94,1959.12,71.4,2023-03-01,2026-12-31,2026-12-31,2025-12-01,24,0.0,0
PAIM-705610,"Renigunta, Wadi & Gooty Bypass Railway Project (South Central Railway [SCR] - II) (705610)",Infrastructure & Highways,Ministry of Railways,705610,Karnataka,478.85,478.85,232.57,48.6,2022-03-01,2025-12-31,2027-12-31,2025-12-01,6,0.0,0
PAIM-617212,Doubling between Mudkhed  Medchal & Mahbubnagar  Dhone section 417.88 Km (South Central Railway [SCR] - II) (617212),Infrastructure & Highways,Ministry of Railways,617212,Maharashtra,1068.15,1068.15,261.99,24.5,2023-03-01,2027-12-31,2027-12-31,2025-12-01,18,0.0,0
PAIM-400253,Vizianagaram - Titlagarh 3rd line  [272 Km including By - pass line of 7.68 KM] (RVNL - II) (400253),Infrastructure & Highways,Ministry of Railways,400253,Maharashtra,3040.7,3040.7,1088.25,35.8,2020-03-01,2026-12-31,2027-12-31,2025-12-01,24,0.0,0
PAIM-705512,Doubling of Kottavalasa-Koraput Rail Line [189 KM] (East Coast Railway [ECoR] - II) (705512),Infrastructure & Highways,Ministry of Railways,705512,Odisha,1220.89,1220.89,1025.19,84.0,2020-03-01,2025-12-31,2028-12-31,2025-12-01,36,0.0,0
PAIM-400275,Tindivanam-Nagari New Line Project [184.5 km] (Ministry of Railways) (400275),Infrastructure & Highways,Ministry of Railways,400275,Odisha,1164.97,1164.97,551.41,47.3,2023-03-01,2026-12-31,2026-12-31,2025-12-01,18,0.0,0
PAIM-616857,Motumari - 10.877 Km (South Central Railway [SCR] - II) (616857),Infrastructure & Highways,Ministry of Railways,616857,Telangana,3886.56,3886.56,2191.06,56.4,2022-03-01,2026-12-31,2026-12-31,2025-12-01,36,0.0,0
PAIM-617211,Doubling of Guntur Bibinagar 239 Km (South Central Railway [SCR] - II) (617211),Infrastructure & Highways,Ministry of Railways,617211,Telangana,853.06,853.06,254.02,29.8,2022-03-01,2027-12-31,2027-12-31,2025-12-01,24,0.0,0
PAIM-617214,Rail Connectivity to Errupalem Amravati Namburu 57 Km (South Central Railway [SCR] - II) (617214),Infrastructure & Highways,Ministry of Railways,617214,Telangana,2307.33,2307.33,426.35,18.5,2022-03-01,2026-12-31,2027-12-31,2025-12-01,36,0.0,0
PAIM-705612,Kazipet-Vijayawada 3rd line with electrification [220 km] (South Central Railway [SCR] - II) (705612),Infrastructure & Highways,Ministry of Railways,705612,Telangana,3048.29,3048.29,347.68,11.4,2023-03-01,2026-12-31,2028-12-31,2025-12-01,18,0.0,0
PAIM-705632,Vijayawada - Kazipet Byepass line (South Central Railway [SCR] - II) (705632),Infrastructure & Highways,Ministry of Railways,705632,Telangana,2615.87,2615.87,1644.05,62.8,2021-03-01,2025-12-31,2028-12-31,2025-12-01,18,0.0,0
PAIM-705794,New Delhi- Howrah Speed Booster[160Kmph] Project (PCE/NCR) (705794),Infrastructure & Highways,Ministry of Railways,705794,Bihar,3594.64,3594.64,2331.88,64.9,2021-03-01,2025-12-31,2026-12-31,2025-12-01,24,0.0,0
PAIM-400234,Third Railway Line between Patratu-Sonnagar [291 kms] (RVNL - II) (400234),Infrastructure & Highways,Ministry of Railways,400234,Bihar,3754.54,3754.54,2951.41,78.6,2021-03-01,2026-12-31,2026-12-31,2025-12-01,6,0.0,0
PAIM-616699,Multi tracking of Son Nagar-Andal 374.53 rkm & 814.38 tkm (East Central Railway [ECR] - I) (616699),Infrastructure & Highways,Ministry of Railways,616699,Bihar,3129.96,3129.96,1230.26,39.3,2023-03-01,2026-12-31,2027-12-31,2025-12-01,6,0.0,0
PAIM-705375,Koderma-Tilaiya New Line (East Central Railway [ECR] - I) (705375),Infrastructure & Highways,Ministry of Railways,705375,Bihar,3541.18,3541.18,2718.08,76.8,2021-03-01,2025-12-31,2027-12-31,2025-12-01,24,0.0,0
PAIM-705385,Pirpainti - Jasidih [100.52 Km] New BG line (Eastern Railway [ER] - I) (705385),Infrastructure & Highways,Ministry of Railways,705385,Bihar,3552.54,3552.54,2876.23,81.0,2021-03-01,2026-12-31,2026-12-31,2025-12-01,12,0.0,0
PAIM-611669,Gramin & Burhwal Jn [Excl]  Sitapur Jn section of high density routes (North Eastern Railway [NER]) (611669),Infrastructure & Highways,Ministry of Railways,611669,Bihar,2953.3,2953.3,1297.47,43.9,2022-03-01,2025-12-31,2028-12-31,2025-12-01,24,0.0,0
PAIM-617224,Gorakhpur-Valmikinagar Doubling project (NER) (617224),Infrastructure & Highways,Ministry of Railways,617224,Bihar,3195.1,3195.1,1819.92,57.0,2023-03-01,2025-12-31,2027-12-31,2025-12-01,12,0.0,0
PAIM-705562,Chhapra-Ballia Patch Doubling (North Eastern Railway [NER]) (705562),Infrastructure & Highways,Ministry of Railways,705562,Bihar,3538.68,3538.68,1723.91,48.7,2020-03-01,2025-12-31,2028-12-31,2025-12-01,36,0.0,0
PAIM-705617,Rajnandgaon - Nagpur [Kalumna] Third Railway Line [228.30 km] (South East Central Railway [SECR] - II) (705617),Infrastructure & Highways,Ministry of Railways,705617,Maharashtra,914.47,914.47,102.02,11.2,2023-03-01,2027-12-31,2028-12-31,2025-12-01,18,0.0,0
PAIM-617390,Sardega -Bhalumuda New Double line [37.24 Km] (SECR) (617390),Infrastructure & Highways,Ministry of Railways,617390,Maharashtra,1441.3,1441.3,737.41,51.2,2020-03-01,2026-12-31,2028-12-31,2025-12-01,24,0.0,0
PAIM-705511,Jagdalpur-Koraput (East Coast Railway [ECoR] - II) (705511),Infrastructure & Highways,Ministry of Railways,705511,Odisha,1191.46,1191.46,374.62,31.4,2021-03-01,2027-12-31,2027-12-31,2025-12-01,24,0.0,0
PAIM-705616,Jharsuguda-Bilaspur Fourth Railway Line [206 km] (SECR) (705616),Infrastructure & Highways,Ministry of Railways,705616,Odisha,4065.13,4065.13,2035.36,50.1,2022-03-01,2027-12-31,2026-12-31,2025-12-01,6,0.0,0
PAIM-705728,Mumbai-Ahmedabad High Speed Rail Project- 508 km (National High Speed Rail Corporation [NHSRC]) (705728),Infrastructure & Highways,Ministry of Railways,705728,Maharashtra,1668.89,1668.89,1064.98,63.8,2022-03-01,2026-12-31,2027-12-31,2025-12-01,0,0.0,0
PAIM-705793,New Delhi- Mumbai Speed Booster[160Kmph] Project (PCE/WR) (705793),Infrastructure & Highways,Ministry of Railways,705793,Maharashtra,1643.34,1643.34,1338.85,81.5,2021-03-01,2025-12-31,2028-12-31,2025-12-01,24,0.0,0
PAIM-705650,Hospet - Tinaighat - Vasco Rail Doubling Project (RVNL - II) (705650),Infrastructure & Highways,Ministry of Railways,705650,Maharashtra,4244.67,4244.67,1857.31,43.8,2020-03-01,2025-12-31,2026-12-31,2025-12-01,12,0.0,0
PAIM-706950,Hospet-Hubli-Vasco da Gama Line Electrification Project (RVNL) (706950),Infrastructure & Highways,Ministry of Railways,706950,Gujarat,4246.87,4246.87,507.54,12.0,2020-03-01,2025-12-31,2028-12-31,2025-12-01,36,0.0,0
PAIM-705237,Western Dedicated Freight Corridor (DFCCIL) (705237),Infrastructure & Highways,Ministry of Railways,705237,Maharashtra,821.91,821.91,172.3,21.0,2020-03-01,2027-12-31,2027-12-31,2025-12-01,6,0.0,0
PAIM-705453,"New line Dahod-Indore via Sardarpur, Jabuwa and Dhar (Western Railway [WR] - II) (705453)",Infrastructure & Highways,Ministry of Railways,705453,Maharashtra,1660.59,1660.59,911.18,54.9,2023-03-01,2026-12-31,2027-12-31,2025-12-01,6,0.0,0
PAIM-705454,Chhota Udaipur - Dhar New Line Project [157 km] (Western Railway [WR] - II) (705454),Infrastructure & Highways,Ministry of Railways,705454,Gujarat,858.78,858.78,615.36,71.7,2020-03-01,2025-12-31,2027-12-31,2025-12-01,6,0.0,0
PAIM-611452,SYSTEM 500 RKM (Western Railway) (611452),Infrastructure & Highways,Ministry of Railways,611452,Maharashtra,2635.15,2635.15,1681.55,63.8,2021-03-01,2027-12-31,2028-12-31,2025-12-01,24,0.0,0
PAIM-400022,Taranga Hill-Abu Road via Ambaji (North Western Railway [NWR]) (400022),Infrastructure & Highways,Ministry of Railways,400022,Maharashtra,1160.89,1160.89,242.32,20.9,2020-03-01,2025-12-31,2028-12-31,2025-12-01,0,0.0,0
PAIM-616842,LUNI- SAMDARI- BHILDI DOUBLING (North Western Railway [NWR]) (616842),Infrastructure & Highways,Ministry of Railways,616842,Gujarat,1773.69,1773.69,437.98,24.7,2022-03-01,2027-12-31,2027-12-31,2025-12-01,6,0.0,0
PAIM-705424,Chandigarh-Baddi New Rail Line- 36 km (Northen Railway [NR]) (705424),Infrastructure & Highways,Ministry of Railways,705424,Gujarat,1624.89,1624.89,1163.55,71.6,2021-03-01,2026-12-31,2028-12-31,2025-12-01,18,0.0,0
PAIM-611861,Rewari - Kathuwas Doubling Project [27.72 Km] (North Western Railway [NWR]) (611861),Infrastructure & Highways,Ministry of Railways,611861,Rajasthan,3127.4,3127.4,1787.77,57.2,2022-03-01,2026-12-31,2028-12-31,2025-12-01,6,0.0,0
PAIM-705410,Mukerian-Talwara [29 KM] (Northen Railway [NR]) (705410),Infrastructure & Highways,Ministry of Railways,705410,Rajasthan,2153.38,2153.38,1784.21,82.9,2021-03-01,2027-12-31,2026-12-31,2025-12-01,6,0.0,0
PAIM-705428,Bhanupalli-Bilaspur-Beri New Railway Line Project (RVNL - II) (705428),Infrastructure & Highways,Ministry of Railways,705428,Punjab,1157.95,1157.95,971.12,83.9,2023-03-01,2025-12-31,2026-12-31,2025-12-01,12,0.0,0
PAIM-705628,Doubling of Hatia [Ranchi]-Bondamunda Rail Line - 159 km (South Eastern Railway - JH) (705628),Infrastructure & Highways,Ministry of Railways,705628,Odisha,4117.54,4117.54,2863.76,69.6,2023-03-01,2025-12-31,2027-12-31,2025-12-01,6,0.0,0
PAIM-616588,Buramara-Chakulia new line [59.96 km] (South Eastern Railway [SER] - I) (616588),Infrastructure & Highways,Ministry of Railways,616588,Odisha,1775.06,1775.06,895.12,50.4,2022-03-01,2027-12-31,2028-12-31,2025-12-01,0,0.0,0
PAIM-616227,Chandil - Anara - Damodar - 3rd line [121.26 km] (CAO/C/SER) (616227),Infrastructure & Highways,Ministry of Railways,616227,Odisha,1403.8,1403.8,1106.73,78.8,2022-03-01,2025-12-31,2026-12-31,2025-12-01,36,0.0,0
PAIM-705668,KHARAGPUR-ADITYAPUR THIRD RAIL LINE- 132 KM (RVNL - I) (705668),Infrastructure & Highways,Ministry of Railways,705668,Multi-State,4076.98,4076.98,3151.45,77.3,2023-03-01,2027-12-31,2027-12-31,2025-12-01,6,0.0,0
PAIM-705662,Hotgi-Kudgi-Gadag Doubling Project (South Western Railway [SWR] - II) (705662),Infrastructure & Highways,Ministry of Railways,705662,Maharashtra,3696.65,3696.65,1689.74,45.7,2020-03-01,2026-12-31,2028-12-31,2025-12-01,12,0.0,0
PAIM-703586,Baiyyappanahalli - Hosur Doubling Project [48 km] (Karnataka Rail Infrastructure Development Company Limited [K-RIDE]) (,Infrastructure & Highways,Ministry of Railways,703586,Karnataka,2250.45,2250.45,230.62,10.2,2022-03-01,2027-12-31,2028-12-31,2025-12-01,0,0.0,0
PAIM-705635,Trivandrum- Kanyakumari (Southern Railway (SR) - I) (705635),Infrastructure & Highways,Ministry of Railways,705635,Karnataka,4094.1,4094.1,1041.58,25.4,2021-03-01,2027-12-31,2026-12-31,2025-12-01,6,0.0,0
PAIM-705457,Ratlam-Mhow-Khandwa-Akola Gauge Conversion (Western Railway [WR] - II) (705457),Infrastructure & Highways,Ministry of Railways,705457,Maharashtra,2223.96,2223.96,1586.32,71.3,2022-03-01,2025-12-31,2027-12-31,2025-12-01,0,0.0,0
PAIM-705507,Itarsi - Nagpur Third Railway Line [280 km] (Central Railway [CR] - II) (705507),Infrastructure & Highways,Ministry of Railways,705507,Maharashtra,1008.75,1008.75,467.34,46.3,2020-03-01,2025-12-31,2026-12-31,2025-12-01,24,0.0,0
PAIM-617406,RATLAM- DUNGARPUR VIA BANSWARA NEW LINE PROJECT (North Western Railway [NWR]) (617406),Infrastructure & Highways,Ministry of Railways,617406,Maharashtra,4308.04,4308.04,3329.49,77.3,2021-03-01,2025-12-31,2026-12-31,2025-12-01,0,0.0,0
PAIM-705419,Gwalior - Seopurkala with extension to Kota [Gauge Conversion] (North Central Railway) (705419),Infrastructure & Highways,Ministry of Railways,705419,Rajasthan,3320.54,3320.54,2238.52,67.4,2023-03-01,2026-12-31,2026-12-31,2025-12-01,0,0.0,0
PAIM-705481,Ramganjmandi-Bhopal New Line Project [262 km] (West Central Railway [WCR] - II) (705481),Infrastructure & Highways,Ministry of Railways,705481,Rajasthan,3989.23,3989.23,2953.11,74.0,2021-03-01,2025-12-31,2027-12-31,2025-12-01,12,0.0,0
PAIM-705764,Nimach-Badi Sadri  New Rail Line Project (Western Railway [WR] - II) (705764),Infrastructure & Highways,Ministry of Railways,705764,Rajasthan,2965.25,2965.25,1208.44,40.8,2022-03-01,2026-12-31,2028-12-31,2025-12-01,24,0.0,0
PAIM-705667,Mathura-Jhansi Third Railway Line [274 Km] (RVNL - II) (705667),Infrastructure & Highways,Ministry of Railways,705667,Rajasthan,1962.14,1962.14,822.15,41.9,2022-03-01,2026-12-31,2026-12-31,2025-12-01,12,0.0,0
PAIM-705598,Jhansi - Bina Third Railway Line [153 Km] (CAO/C/NCR) (705598),Infrastructure & Highways,Ministry of Railways,705598,Uttar Pradesh,1022.15,1022.15,583.19,57.1,2022-03-01,2025-12-31,2026-12-31,2025-12-01,24,0.0,0
PAIM-705608,Jhansi-Khairar-Manikpur & Khirar-Bhimsen (North Central Railway) (705608),Infrastructure & Highways,Ministry of Railways,705608,Uttar Pradesh,3854.48,3854.48,2787.67,72.3,2021-03-01,2027-12-31,2027-12-31,2025-12-01,6,0.0,0
PAIM-705613,Third Line [new] between Kazipet - Balharshah  with electrification [201.04 Km] (South Central Railway [SCR] - II) (7056,Infrastructure & Highways,Ministry of Railways,705613,Maharashtra,2219.21,2219.21,1227.79,55.3,2023-03-01,2025-12-31,2028-12-31,2025-12-01,0,0.0,0
PAIM-705629,Narayangarh-Bhadrak 3rd line (South Eastern Railway [SER] - I) (705629),Infrastructure & Highways,Ministry of Railways,705629,Maharashtra,2088.99,2088.99,459.11,22.0,2021-03-01,2026-12-31,2028-12-31,2025-12-01,18,0.0,0
PAIM-400223,Nagapattinam-Tiruturaipundi and Karaikal-Peralam New Line (Ministry of Railways) (400223),Infrastructure & Highways,Ministry of Railways,400223,Odisha,2624.79,2624.79,1984.17,75.6,2020-03-01,2025-12-31,2028-12-31,2025-12-01,18,0.0,0
PAIM-602797,"Sainthia, Sitarampur, Mughalsarai, Allahabad & Etawah - Bypass Line Project (Eastern Railway [ER] - I) (602797)",Infrastructure & Highways,Ministry of Railways,602797,Multi-State,1624.66,1624.66,278.74,17.2,2023-03-01,2027-12-31,2027-12-31,2025-12-01,18,0.0,0
PAIM-400045,Under Deposit Scheme. (East Coast Railway [ECoR] - II) (400045),Infrastructure & Highways,Ministry of Railways,400045,Odisha,3476.79,3476.79,1893.56,54.5,2020-03-01,2027-12-31,2027-12-31,2025-12-01,36,0.0,0
PAIM-400232,Brundamal-Jharsuguda- flyover connection for joining downline (East Coast Railway [ECoR] - II) (400232),Infrastructure & Highways,Ministry of Railways,400232,Odisha,662.93,662.93,454.32,68.5,2020-03-01,2027-12-31,2026-12-31,2025-12-01,0,0.0,0
PAIM-612834,3rd & 4th line between Sarla - Sason [8 km] [PB 73/2023-24/NR] (East Coast Railway [ECoR] - II) (612834),Infrastructure & Highways,Ministry of Railways,612834,Odisha,2413.13,2413.13,529.57,21.9,2020-03-01,2025-12-31,2026-12-31,2025-12-01,0,0.0,0
PAIM-616586,Bangriposi-Gorumahisani new line [ 85.60 km ] (CAO/C/SER) (616586),Infrastructure & Highways,Ministry of Railways,616586,Odisha,2908.91,2908.91,1981.42,68.1,2023-03-01,2027-12-31,2026-12-31,2025-12-01,0,0.0,0
PAIM-616587,Badampahar-Kendujhargarh new line [82.06 km] (CAO/C/SER) (616587),Infrastructure & Highways,Ministry of Railways,616587,Odisha,4205.48,4205.48,1612.86,38.4,2022-03-01,2026-12-31,2026-12-31,2025-12-01,0,0.0,0
PAIM-616695,Paradeep - Badabandha 3rd & 4th Line / 18.51kms (East Coast Railway [ECoR] - II) (616695),Infrastructure & Highways,Ministry of Railways,616695,Odisha,3911.39,3911.39,1132.43,29.0,2022-03-01,2027-12-31,2028-12-31,2025-12-01,12,0.0,0
PAIM-705358,Khurda-Bolangir New Broad Gauge Rail Link [301km] (East Coast Railway [ECoR] - II) (705358),Infrastructure & Highways,Ministry of Railways,705358,Odisha,4050.43,4050.43,2734.68,67.5,2021-03-01,2026-12-31,2027-12-31,2025-12-01,18,0.0,0
PAIM-705359,Talcher-Bimlagarh New Railway Line (East Coast Railway [ECoR] - II) (705359),Infrastructure & Highways,Ministry of Railways,705359,Odisha,470.32,470.32,129.64,27.6,2022-03-01,2025-12-31,2026-12-31,2025-12-01,0,0.0,0
PAIM-705510,Bhadrak-Nergundi Third Line (East Coast Railway [ECoR] - II) (705510),Infrastructure & Highways,Ministry of Railways,705510,Odisha,2114.88,2114.88,774.63,36.6,2020-03-01,2027-12-31,2026-12-31,2025-12-01,18,0.0,0
PAIM-705513,Koraput - Singapur Railway Doubling (East Coast Railway [ECoR] - II) (705513),Infrastructure & Highways,Ministry of Railways,705513,Odisha,1377.33,1377.33,667.24,48.4,2022-03-01,2026-12-31,2026-12-31,2025-12-01,36,0.0,0
PAIM-705514,Jarapada- Budhapank with flyover at Talcher road 3rd and 4th Line (East Coast Railway [ECoR] - II) (705514),Infrastructure & Highways,Ministry of Railways,705514,Odisha,3768.2,3768.2,435.04,11.5,2023-03-01,2027-12-31,2026-12-31,2025-12-01,36,0.0,0
PAIM-705515,3rd & 4th Railway Line Project from Salegaon to Budhapank via Rajathgarh. (East Coast Railway [ECoR] - II) (705515),Infrastructure & Highways,Ministry of Railways,705515,Odisha,2518.18,2518.18,1318.45,52.4,2021-03-01,2027-12-31,2028-12-31,2025-12-01,36,0.0,0
PAIM-705741,Jeypore-Navarangpur New  Rail Line Project (East Coast Railway [ECoR] - II) (705741),Infrastructure & Highways,Ministry of Railways,705741,Odisha,4427.23,4427.23,1744.37,39.4,2020-03-01,2027-12-31,2026-12-31,2025-12-01,24,0.0,0
PAIM-705742,Jeypore-Malkanagiri New Railway Line Project (East Coast Railway [ECoR] - II) (705742),Infrastructure & Highways,Ministry of Railways,705742,Odisha,4278.05,4278.05,3417.87,79.9,2020-03-01,2027-12-31,2027-12-31,2025-12-01,6,0.0,0
PAIM-706898,Khurda Road - Balangir Electrification of Railway Track Project (Ministry of Railways) (706898),Infrastructure & Highways,Ministry of Railways,706898,Odisha,3086.89,3086.89,580.86,18.8,2023-03-01,2026-12-31,2026-12-31,2025-12-01,12,0.0,0
PAIM-709811,GANDHAMARDAN IRON ORE MINES TO GOALDIH STATION/12.76kms (East Coast Railway [ECoR] - II) (709811),Infrastructure & Highways,Ministry of Railways,709811,Odisha,997.8,997.8,530.77,53.2,2020-03-01,2026-12-31,2027-12-31,2025-12-01,36,0.0,0
PAIM-705362,"Jaynagar-Bijalpura, incl. extn. Bet, Bijalpura-Bardibas [Nepal] (East Central Railway [ECR] - I) (705362)",Infrastructure & Highways,Ministry of Railways,705362,Odisha,2480.3,2480.3,349.98,14.1,2023-03-01,2026-12-31,2028-12-31,2025-12-01,6,0.0,0
PAIM-705298,North Region Video Surveillance Project (RCIL) (705298),Infrastructure & Highways,Ministry of Railways,705298,Punjab,3743.81,3743.81,2678.08,71.5,2023-03-01,2027-12-31,2028-12-31,2025-12-01,18,0.0,0
PAIM-705783,Ludhiana- Killa Raipur Railway  Doubling Project (Railway) (705783),Infrastructure & Highways,Ministry of Railways,705783,Punjab,1007.25,1007.25,659.42,65.5,2022-03-01,2026-12-31,2026-12-31,2025-12-01,12,0.0,0
PAIM-611849,Gauge Conversion [152 Km] (North Western Railway [NWR]) (611849),Infrastructure & Highways,Ministry of Railways,611849,Rajasthan,674.03,674.03,324.7,48.2,2022-03-01,2027-12-31,2028-12-31,2025-12-01,24,0.0,0
PAIM-611929,under WTA 527 (WPO/Patna) (611929),Infrastructure & Highways,Ministry of Railways,611929,Rajasthan,3736.6,3736.6,895.95,24.0,2020-03-01,2026-12-31,2027-12-31,2025-12-01,0,0.0,0
PAIM-616841,PUSHKAR- MERTA CITY NEW LINE (North Western Railway [NWR]) (616841),Infrastructure & Highways,Ministry of Railways,616841,Rajasthan,3594.78,3594.78,2780.54,77.3,2023-03-01,2027-12-31,2027-12-31,2025-12-01,18,0.0,0
PAIM-616843,AJMER- CHANDERIYA DOUBLING (North Western Railway [NWR]) (616843),Infrastructure & Highways,Ministry of Railways,616843,Rajasthan,1263.39,1263.39,485.06,38.4,2023-03-01,2027-12-31,2028-12-31,2025-12-01,0,0.0,0
PAIM-617403,SADULPUR - CHURU  DOUBLING PROJECT (North Western Railway [NWR]) (617403),Infrastructure & Highways,Ministry of Railways,617403,Rajasthan,370.57,370.57,63.03,17.0,2020-03-01,2025-12-31,2026-12-31,2025-12-01,36,0.0,0
PAIM-617404,POKHRAN - RAMDEVRA New Line (North Western Railway [NWR]) (617404),Infrastructure & Highways,Ministry of Railways,617404,Rajasthan,3532.54,3532.54,1574.8,44.6,2023-03-01,2025-12-31,2026-12-31,2025-12-01,6,0.0,0
PAIM-617408,NATHDWARA- NATHDWARA TOWN NL (North Western Railway [NWR]) (617408),Infrastructure & Highways,Ministry of Railways,617408,Rajasthan,3746.09,3746.09,1110.44,29.6,2023-03-01,2026-12-31,2026-12-31,2025-12-01,6,0.0,0
PAIM-705482,Dholpur - Sirmuttra Gauge Conversion (North Central Railway) (705482),Infrastructure & Highways,Ministry of Railways,705482,Rajasthan,1589.46,1589.46,1076.03,67.7,2022-03-01,2025-12-31,2026-12-31,2025-12-01,12,0.0,0
PAIM-705752,Gudha-Thatha Mithri Construction of Railway Track Project (North Western Railway [NWR]) (705752),Infrastructure & Highways,Ministry of Railways,705752,Rajasthan,1245.55,1245.55,763.41,61.3,2020-03-01,2025-12-31,2026-12-31,2025-12-01,24,0.0,0
PAIM-705912,Sawai Madhopur-Jaipur Railway Line Project (North Western Railway [NWR]) (705912),Infrastructure & Highways,Ministry of Railways,705912,Rajasthan,1612.7,1612.7,1048.34,65.0,2023-03-01,2027-12-31,2027-12-31,2025-12-01,18,0.0,0
PAIM-705919,Agra Fort-Bandikui Doubling Line Project (CAO/C/NCR) (705919),Infrastructure & Highways,Ministry of Railways,705919,Rajasthan,1811.65,1811.65,1151.14,63.5,2021-03-01,2027-12-31,2026-12-31,2025-12-01,36,0.0,0
PAIM-706866,Sawaimadhopur Bye Pass Line Project (North Western Railway [NWR]) (706866),Infrastructure & Highways,Ministry of Railways,706866,Tamil Nadu,4311.79,4311.79,3058.22,70.9,2021-03-01,2027-12-31,2028-12-31,2025-12-01,6,0.0,0
PAIM-400280,Phase II extension of MRTS from Velachery to St Thomas Mount (Ministry of Railways) (400280),Infrastructure & Highways,Ministry of Railways,400280,Tamil Nadu,1869.28,1869.28,1336.96,71.5,2020-03-01,2026-12-31,2027-12-31,2025-12-01,0,0.0,0
PAIM-613002,Redevelopment of Chennai Egmore Station (Ministry of Railways) (613002),Infrastructure & Highways,Ministry of Railways,613002,Tamil Nadu,3576.48,3576.48,1684.29,47.1,2022-03-01,2025-12-31,2027-12-31,2025-12-01,12,0.0,0
PAIM-705244,Coach Production Factory Upgradation Project (CPM/ICF) (705244),Infrastructure & Highways,Ministry of Railways,705244,Tamil Nadu,3171.62,3171.62,2048.08,64.6,2022-03-01,2027-12-31,2026-12-31,2025-12-01,24,0.0,0
PAIM-616856,Doubling between Bhadrachalam Road and Dornakal (South Central Railway [SCR] - II) (616856),Infrastructure & Highways,Ministry of Railways,616856,Tamil Nadu,4058.47,4058.47,1497.96,36.9,2023-03-01,2026-12-31,2027-12-31,2025-12-01,18,0.0,0
PAIM-617409,Railway Manufacturing Unit (RVNL - II) (617409),Infrastructure & Highways,Ministry of Railways,617409,Telangana,3249.17,3249.17,2493.86,76.8,2020-03-01,2025-12-31,2027-12-31,2025-12-01,18,0.0,0
PAIM-705252,Kazipet Wagon Overhauling Project (RVNL) (705252),Infrastructure & Highways,Ministry of Railways,705252,Telangana,1382.88,1382.88,507.27,36.7,2022-03-01,2025-12-31,2026-12-31,2025-12-01,12,0.0,0
PAIM-705437,Manoharabad-Kothapalli New Rail Line [151 km] (South Central Railway [SCR] - II) (705437),Infrastructure & Highways,Ministry of Railways,705437,Telangana,3068.03,3068.03,2173.62,70.8,2020-03-01,2025-12-31,2026-12-31,2025-12-01,24,0.0,0
PAIM-400204,Bahraich-Shravasti-Balrampur-Siddharthnagar -Santkabir nagar (North Eastern Railway [NER]) (400204),Infrastructure & Highways,Ministry of Railways,400204,Uttar Pradesh,1635.27,1635.27,238.58,14.6,2021-03-01,2026-12-31,2027-12-31,2025-12-01,24,0.0,0
PAIM-400205,Sahjanwa-Dohrighat (North Eastern Railway [NER]) (400205),Infrastructure & Highways,Ministry of Railways,400205,Uttar Pradesh,3786.59,3786.59,403.16,10.6,2023-03-01,2027-12-31,2027-12-31,2025-12-01,6,0.0,0
PAIM-617252,Anandnagar - Ghugli via Maharajganj New line 52.7 km (Construction NER) (617252),Infrastructure & Highways,Ministry of Railways,617252,Uttar Pradesh,1505.27,1505.27,198.08,13.2,2021-03-01,2026-12-31,2026-12-31,2025-12-01,24,0.0,0
PAIM-617284,Chunar-Chopan doubling project (North Central Railway) (617284),Infrastructure & Highways,Ministry of Railways,617284,Uttar Pradesh,2566.53,2566.53,1861.13,72.5,2022-03-01,2025-12-31,2027-12-31,2025-12-01,24,0.0,0
PAIM-617333,Surface triangle line bet. Bhadura stn and new crossing stn Karma (East Central Railway [ECR] - I) (617333),Infrastructure & Highways,Ministry of Railways,617333,Uttar Pradesh,839.83,839.83,398.03,47.4,2022-03-01,2025-12-31,2028-12-31,2025-12-01,36,0.0,0
PAIM-617370,Doubling between Jaunpur Jn - Zaffarabad 6.28 km (M/S SRC company Infra Private Limited) (617370),Infrastructure & Highways,Ministry of Railways,617370,Uttar Pradesh,2187.55,2187.55,1009.29,46.1,2021-03-01,2026-12-31,2027-12-31,2025-12-01,12,0.0,0
PAIM-705567,Burhwal Gonda 3rd line (North Eastern Railway [NER]) (705567),Infrastructure & Highways,Ministry of Railways,705567,Uttar Pradesh,3731.54,3731.54,2957.71,79.3,2022-03-01,2026-12-31,2028-12-31,2025-12-01,18,0.0,0
PAIM-705588,Janghai-Pratapgarh- Amethi (CAO/C/II/NR) (705588),Infrastructure & Highways,Ministry of Railways,705588,Uttar Pradesh,3353.8,3353.8,1351.47,40.3,2022-03-01,2025-12-31,2027-12-31,2025-12-01,24,0.0,0
PAIM-705766,Lalitpur-Birari with flyover at Lalitpur- 16 Km (North Central Railway) (705766),Infrastructure & Highways,Ministry of Railways,705766,Uttar Pradesh,2300.95,2300.95,1511.1,65.7,2020-03-01,2026-12-31,2026-12-31,2025-12-01,36,0.0,0
PAIM-705771,Allahabad-Bamhrauli Flyover Construction & 4th Railway Line Project (North Central Railway) (705771),Infrastructure & Highways,Ministry of Railways,705771,Uttar Pradesh,1206.1,1206.1,405.78,33.6,2022-03-01,2027-12-31,2026-12-31,2025-12-01,12,0.0,0
PAIM-705772,"Mughalsarai-Allahabad, 3rd line (North Central Railway) (705772)",Infrastructure & Highways,Ministry of Railways,705772,Uttar Pradesh,2108.81,2108.81,915.62,43.4,2021-03-01,2026-12-31,2028-12-31,2025-12-01,0,0.0,0
PAIM-705774,Aligarh -Daud Khan Flyover Construction & 3rd Railway Line Project (CAO/C/NCR) (705774),Infrastructure & Highways,Ministry of Railways,705774,Uttar Pradesh,2095.58,2095.58,296.74,14.2,2023-03-01,2026-12-31,2027-12-31,2025-12-01,18,0.0,0
PAIM-705777,Bhandai - Flyover for Etawah bound down train- 10 Km (North Central Railway (NCR) - II) (705777),Infrastructure & Highways,Ministry of Railways,705777,Uttar Pradesh,2585.16,2585.16,569.28,22.0,2023-03-01,2025-12-31,2028-12-31,2025-12-01,36,0.0,0
PAIM-705780,Bhatni-Aurnihar with electrification excluding Indara-Mau (RVNL - I) (705780),Infrastructure & Highways,Ministry of Railways,705780,Uttar Pradesh,2848.69,2848.69,330.4,11.6,2023-03-01,2025-12-31,2028-12-31,2025-12-01,36,0.0,0
PAIM-705782,Barabanki-Malhaur 3rd & 4th Railway Line Project (Ministry of Railways) (705782),Infrastructure & Highways,Ministry of Railways,705782,Uttar Pradesh,3014.18,3014.18,2495.79,82.8,2020-03-01,2026-12-31,2027-12-31,2025-12-01,12,0.0,0
PAIM-705429,Rishikesh-Karnaprayag New Rail Line- 125 km (RVNL - II) (705429),Infrastructure & Highways,Ministry of Railways,705429,Uttar Pradesh,1071.44,1071.44,907.27,84.7,2020-03-01,2026-12-31,2026-12-31,2025-12-01,6,0.0,0
PAIM-400247,And Naihati-Ranaghat 3rd Line. (Eastern Railway [ER] - I) (400247),Infrastructure & Highways,Ministry of Railways,400247,West Bengal,2350.44,2350.44,750.44,31.9,2022-03-01,2026-12-31,2028-12-31,2025-12-01,36,0.0,0
PAIM-400273,Tarakeshwar-Bishnupur New Line [82.47 km] (Eastern Railway [ER] - I) (400273),Infrastructure & Highways,Ministry of Road Transport & Highways,400273,West Bengal,2163.68,2163.68,331.97,15.3,2021-03-01,2027-12-31,2027-12-31,2025-12-01,18,0.0,0
PAIM-400277,Dum Dum Airport-New Garia via Rajarhat-Construction of Metro Railway (RVNL - II) (400277),Infrastructure & Highways,Ministry of Road Transport & Highways,400277,West Bengal,1983.55,1983.55,1173.52,59.2,2022-03-01,2026-12-31,2027-12-31,2025-12-01,12,0.0,0
PAIM-612096,Construction of Balurghat-Hilli new BG Line (Northeast Frontier Railway [NFR]) (612096),Infrastructure & Highways,Ministry of Road Transport & Highways,612096,West Bengal,817.07,817.07,521.32,63.8,2020-03-01,2026-12-31,2028-12-31,2025-12-01,24,0.0,0
PAIM-617345,Car maintenance cum workshop depot. (South Eastern Railway - JH) (617345),Infrastructure & Highways,Ministry of Road Transport & Highways,617345,West Bengal,3687.81,3687.81,1705.71,46.3,2021-03-01,2027-12-31,2026-12-31,2025-12-01,24,0.0,0
PAIM-705730,Joka-BBD Bag new metro project (RVNL - II) (705730),Infrastructure & Highways,Ministry of Road Transport & Highways,705730,West Bengal,2085.06,2085.06,265.05,12.7,2022-03-01,2025-12-31,2028-12-31,2025-12-01,0,0.0,0
PAIM-706776,"Noapara-Barasat via Bimanbandar - Construction of Metro railway [18 km] (Metro Railway, Kolkata) (706776)",Infrastructure & Highways,Ministry of Road Transport & Highways,706776,West Bengal,4067.69,4067.69,2568.59,63.1,2023-03-01,2026-12-31,2027-12-31,2025-12-01,36,0.0,0
PAIM-706777,Baranagar-Barrackpore and Dakshineshwar- Construction of Metro Railway (RVNL - II) (706777),Infrastructure & Highways,Ministry of Road Transport & Highways,706777,West Bengal,1177.67,1177.67,840.36,71.4,2021-03-01,2026-12-31,2027-12-31,2025-12-01,24,0.0,0
PAIM-701658,Krishnapatnam Node - Phase 1 - Roads and Services Development (National Industrial Corridor Development Corporation) (70,Infrastructure & Highways,Ministry of Road Transport & Highways,701658,Andhra Pradesh,3411.24,3411.24,2287.52,67.1,2020-03-01,2025-12-31,2027-12-31,2025-12-01,36,0.0,0
PAIM-701657,Tumakuru Node - Phase 1 - Roads and Services Development (National Highways & Infrastructure Development Corporation Ltd,Infrastructure & Highways,Ministry of Road Transport & Highways,701657,Karnataka,321.18,321.18,199.42,62.1,2020-03-01,2027-12-31,2027-12-31,2025-12-01,18,0.0,0
PAIM-617907,mode. (MoRTH) (617907),Infrastructure & Highways,Ministry of Road Transport & Highways,617907,Andhra Pradesh,1509.39,1509.39,1235.19,81.8,2023-03-01,2026-12-31,2026-12-31,2025-12-01,0,0.0,0
PAIM-617949,of AP state under NHO on EPC Mode under Annual Plan 2022-23 (MoRTH) (617949),Infrastructure & Highways,Ministry of Road Transport & Highways,617949,Andhra Pradesh,3362.27,3362.27,2852.37,84.8,2023-03-01,2025-12-31,2026-12-31,2025-12-01,36,0.0,0
PAIM-617984,"Gudivada Town 2 RoB, and Road improvement NH-165 (MoRTH) (617984)",Infrastructure & Highways,Ministry of Road Transport & Highways,617984,Andhra Pradesh,3149.15,3149.15,1314.31,41.7,2022-03-01,2025-12-31,2027-12-31,2025-12-01,12,0.0,0
PAIM-617985,Akiveedu (MoRTH) (617985),Infrastructure & Highways,Ministry of Road Transport & Highways,617985,Andhra Pradesh,2320.54,2320.54,1654.92,71.3,2020-03-01,2025-12-31,2028-12-31,2025-12-01,0,0.0,0
PAIM-617986,248010 to km 269900 to 2 (MoRTH) (617986),Infrastructure & Highways,Ministry of Road Transport & Highways,617986,Andhra Pradesh,2610.82,2610.82,559.55,21.4,2022-03-01,2025-12-31,2026-12-31,2025-12-01,24,0.0,0
PAIM-617990,road from km.62/700 to 71/400 in Kurnool District in the State of Andhra Pradesh. (MoRTH) (617990),Infrastructure & Highways,Ministry of Road Transport & Highways,617990,Andhra Pradesh,2102.3,2102.3,704.54,33.5,2020-03-01,2026-12-31,2026-12-31,2025-12-01,6,0.0,0
PAIM-617991,"State of Andhra Pradesh under Corridor Approach through Engineering, Procurement (MoRTH) (617991)",Infrastructure & Highways,Ministry of Road Transport & Highways,617991,Andhra Pradesh,3297.93,3297.93,2569.68,77.9,2022-03-01,2025-12-31,2027-12-31,2025-12-01,6,0.0,0
PAIM-618037,section of NH-440 in the State of Andhra Pradesh on EPC mode. (MoRTH) (618037),Infrastructure & Highways,Ministry of Road Transport & Highways,618037,Andhra Pradesh,4420.3,4420.3,627.19,14.2,2023-03-01,2027-12-31,2026-12-31,2025-12-01,24,0.0,0
PAIM-618062,NH-765 Package-2 (MoRTH) (618062),Infrastructure & Highways,Ministry of Road Transport & Highways,618062,Andhra Pradesh,867.03,867.03,525.24,60.6,2020-03-01,2027-12-31,2028-12-31,2025-12-01,6,0.0,0
PAIM-618145,mode Job No. 737 (MoRTH) (618145),Infrastructure & Highways,Ministry of Road Transport & Highways,618145,Andhra Pradesh,4499.04,4499.04,901.4,20.0,2023-03-01,2025-12-31,2026-12-31,2025-12-01,0,0.0,0
PAIM-618161,no. 742 (MoRTH) (618161),Infrastructure & Highways,Ministry of Road Transport & Highways,618161,Andhra Pradesh,2564.95,2564.95,1498.64,58.4,2021-03-01,2026-12-31,2027-12-31,2025-12-01,6,0.0,0
PAIM-618191,shoulders in the state of Andhra Pradesh job-729 (MoRTH) (618191),Infrastructure & Highways,Ministry of Road Transport & Highways,618191,Andhra Pradesh,3441.93,3441.93,2283.14,66.3,2023-03-01,2027-12-31,2028-12-31,2025-12-01,18,0.0,0
PAIM-618192,from in the State of Andhra Pradesh on EPC mode (MoRTH) (618192),Infrastructure & Highways,Ministry of Road Transport & Highways,618192,Andhra Pradesh,1562.89,1562.89,577.66,37.0,2020-03-01,2027-12-31,2026-12-31,2025-12-01,24,0.0,0
PAIM-618194,to 102/20 of Kalyandrg - Molakalmuru Section (MoRTH) (618194),Infrastructure & Highways,Ministry of Road Transport & Highways,618194,Andhra Pradesh,676.47,676.47,70.15,10.4,2022-03-01,2026-12-31,2026-12-31,2025-12-01,12,0.0,0
PAIM-618237,Andhra Pradesh under NHDP-IV (MoRTH) (618237),Infrastructure & Highways,Ministry of Road Transport & Highways,618237,Andhra Pradesh,1413.34,1413.34,1164.7,82.4,2023-03-01,2026-12-31,2026-12-31,2025-12-01,36,0.0,0
PAIM-618238,the state of Andhra Pradesh under NHDP-IV (MoRTH) (618238),Infrastructure & Highways,Ministry of Road Transport & Highways,618238,Andhra Pradesh,4252.88,4252.88,2485.41,58.4,2023-03-01,2025-12-31,2026-12-31,2025-12-01,18,0.0,0
PAIM-618254,on NH-516E (MoRTH) (618254),Infrastructure & Highways,Ministry of Road Transport & Highways,618254,Andhra Pradesh,3473.38,3473.38,1089.73,31.4,2022-03-01,2027-12-31,2027-12-31,2025-12-01,18,0.0,0
PAIM-618255,Two laning with paved shoulders of Lambasingi to Paderusection  of NH 516E (MoRTH) (618255),Infrastructure & Highways,Ministry of Road Transport & Highways,618255,Andhra Pradesh,4186.0,4186.0,2905.31,69.4,2023-03-01,2025-12-31,2028-12-31,2025-12-01,18,0.0,0
PAIM-618256,with the loan assistance of World Bank on EPC mode (MoRTH) (618256),Infrastructure & Highways,Ministry of Road Transport & Highways,618256,Andhra Pradesh,2630.7,2630.7,1232.63,46.9,2021-03-01,2026-12-31,2028-12-31,2025-12-01,12,0.0,0
PAIM-618257,with the loan assistance of World Bank on EPC mode (MoRTH) (618257),Infrastructure & Highways,Ministry of Road Transport & Highways,618257,Andhra Pradesh,3006.44,3006.44,915.0,30.4,2020-03-01,2025-12-31,2028-12-31,2025-12-01,36,0.0,0
PAIM-618258,516E (MoRTH) (618258),Infrastructure & Highways,Ministry of Road Transport & Highways,618258,Andhra Pradesh,2125.98,2125.98,970.27,45.6,2021-03-01,2026-12-31,2026-12-31,2025-12-01,12,0.0,0
PAIM-618259,Two laning with paved shoulders of Paderu to GundigudaSection  of NH 516E (MoRTH) (618259),Infrastructure & Highways,Ministry of Road Transport & Highways,618259,Andhra Pradesh,1248.15,1248.15,617.89,49.5,2020-03-01,2027-12-31,2026-12-31,2025-12-01,18,0.0,0
PAIM-618412,PMDP (NHIDCL) (618412),Infrastructure & Highways,Ministry of Road Transport & Highways,618412,Andhra Pradesh,3742.89,3742.89,2281.41,61.0,2020-03-01,2025-12-31,2027-12-31,2025-12-01,6,0.0,0
PAIM-618475,Baireddypalle to Bangarupalem section (National Highways Authority of India [NHAI]) (618475),Infrastructure & Highways,Ministry of Road Transport & Highways,618475,Andhra Pradesh,1472.86,1472.86,927.3,63.0,2021-03-01,2027-12-31,2028-12-31,2025-12-01,12,0.0,0
PAIM-618476,Bangarupalem to Gudipala section (National Highways Authority of India [NHAI]) (618476),Infrastructure & Highways,Ministry of Road Transport & Highways,618476,Andhra Pradesh,3630.29,3630.29,1068.7,29.4,2020-03-01,2026-12-31,2026-12-31,2025-12-01,0,0.0,0
PAIM-618527,Gundugolanu Section from km. 30.00 to km. 47.881 Pkg-IV (National Highways Authority of India [NHAI]) (618527),Infrastructure & Highways,Ministry of Road Transport & Highways,618527,Andhra Pradesh,2795.36,2795.36,509.88,18.2,2023-03-01,2027-12-31,2028-12-31,2025-12-01,6,0.0,0
PAIM-618700,Renigunta - Poyya - Naidupeta km 124.60 to km 183.4 of NH 71 (National Highways Authority of India [NHAI]) (618700),Infrastructure & Highways,Ministry of Road Transport & Highways,618700,Andhra Pradesh,2269.56,2269.56,1105.98,48.7,2021-03-01,2027-12-31,2028-12-31,2025-12-01,0,0.0,0
PAIM-618712,24300 of [NH-544G]  Package-1 (National Highways Authority of India [NHAI]) (618712),Infrastructure & Highways,Ministry of Road Transport & Highways,618712,Andhra Pradesh,2701.56,2701.56,785.67,29.1,2023-03-01,2026-12-31,2026-12-31,2025-12-01,36,0.0,0
PAIM-618713,Audireddipalle Ch. 160000 of [NH  544G]  Package-6 (National Highways Authority of India [NHAI]) (618713),Infrastructure & Highways,Ministry of Road Transport & Highways,618713,Andhra Pradesh,3811.41,3811.41,2957.49,77.6,2023-03-01,2027-12-31,2028-12-31,2025-12-01,24,0.0,0
PAIM-618714,Yerragudipadu Ch. 129000 of [NH-544G]  Package-5 (National Highways Authority of India [NHAI]) (618714),Infrastructure & Highways,Ministry of Road Transport & Highways,618714,Andhra Pradesh,3385.89,3385.89,1357.43,40.1,2022-03-01,2025-12-31,2026-12-31,2025-12-01,6,0.0,0
PAIM-618715,palli Ch. 96300 of [NH-544G]Package-4 (National Highways Authority of India [NHAI]) (618715),Infrastructure & Highways,Ministry of Road Transport & Highways,618715,Andhra Pradesh,1293.71,1293.71,603.18,46.6,2023-03-01,2025-12-31,2026-12-31,2025-12-01,36,0.0,0
PAIM-618716,Ch. 72000 of [NH-544G]Package-3 (National Highways Authority of India [NHAI]) (618716),Infrastructure & Highways,Ministry of Road Transport & Highways,618716,Andhra Pradesh,3335.27,3335.27,1543.44,46.3,2022-03-01,2025-12-31,2027-12-31,2025-12-01,24,0.0,0
PAIM-618717,Ch. 45700 of [NH-544G]  Package-2 (National Highways Authority of India [NHAI]) (618717),Infrastructure & Highways,Ministry of Road Transport & Highways,618717,Andhra Pradesh,2446.53,2446.53,1335.14,54.6,2023-03-01,2026-12-31,2026-12-31,2025-12-01,12,0.0,0
PAIM-618719,Kavulakuntla Ch. 196000 Package-08 (National Highways Authority of India [NHAI]) (618719),Infrastructure & Highways,Ministry of Road Transport & Highways,618719,Andhra Pradesh,4052.05,4052.05,2684.17,66.2,2020-03-01,2026-12-31,2026-12-31,2025-12-01,36,0.0,0
PAIM-618720,Mallapalle Ch. 176000Package-07 (National Highways Authority of India [NHAI]) (618720),Infrastructure & Highways,Ministry of Road Transport & Highways,618720,Andhra Pradesh,361.0,361.0,153.04,42.4,2023-03-01,2026-12-31,2028-12-31,2025-12-01,36,0.0,0
PAIM-618721,Polavaram Ch. 260000of [NH-544G] Package-11 (National Highways Authority of India [NHAI]) (618721),Infrastructure & Highways,Ministry of Road Transport & Highways,618721,Andhra Pradesh,677.69,677.69,158.27,23.4,2021-03-01,2026-12-31,2027-12-31,2025-12-01,6,0.0,0
PAIM-618748,to Gurvaygudem village Design Chainage 105236 to 132664] (National Highways Authority of India [NHAI]) (618748),Infrastructure & Highways,Ministry of Road Transport & Highways,618748,Andhra Pradesh,1868.72,1868.72,1060.18,56.7,2022-03-01,2027-12-31,2026-12-31,2025-12-01,24,0.0,0
PAIM-618749,village to Devarapalle village Design Chainage 132664 to 162126 (National Highways Authority of India [NHAI]) (618749),Infrastructure & Highways,Ministry of Road Transport & Highways,618749,Andhra Pradesh,3878.41,3878.41,2339.78,60.3,2023-03-01,2026-12-31,2028-12-31,2025-12-01,36,0.0,0
PAIM-618777,95.717 of NH-71Package-II (National Highways Authority of India [NHAI]) (618777),Infrastructure & Highways,Ministry of Road Transport & Highways,618777,Andhra Pradesh,348.75,348.75,115.84,33.2,2023-03-01,2025-12-31,2026-12-31,2025-12-01,18,0.0,0
PAIM-618778,4L of Madanapalle to Pileru Section from Km 0.000 to Km 55.900 of NH-71Package-I (National Highways Authority of India [,Infrastructure & Highways,Ministry of Road Transport & Highways,618778,Andhra Pradesh,1862.07,1862.07,750.92,40.3,2020-03-01,2027-12-31,2026-12-31,2025-12-01,6,0.0,0
PAIM-618803,Kakinada Port Connectivity to NH-16 Rajanagaram Junction in East Godavari District (National Highways Authority of India,Infrastructure & Highways,Ministry of Road Transport & Highways,618803,Andhra Pradesh,463.69,463.69,147.07,31.7,2022-03-01,2027-12-31,2026-12-31,2025-12-01,0,0.0,0
PAIM-618804,Dedicated Port road to Krishnapatnam Port Package-I from Km. 0.000 to Km. 18.000 (National Highways Authority of India [,Infrastructure & Highways,Ministry of Road Transport & Highways,618804,Andhra Pradesh,2294.13,2294.13,1801.47,78.5,2022-03-01,2026-12-31,2027-12-31,2025-12-01,12,0.0,0
PAIM-618807,"Part I & 6L  extension of dedicated port road of NH-67 Km 18.0 to Km 19.3, Part II (National Highways Authority of India",Infrastructure & Highways,Ministry of Road Transport & Highways,618807,Andhra Pradesh,1879.97,1879.97,564.72,30.0,2022-03-01,2025-12-31,2027-12-31,2025-12-01,12,0.0,0
PAIM-618826,Pkg-1 (National Highways Authority of India [NHAI]) (618826),Infrastructure & Highways,Ministry of Road Transport & Highways,618826,Andhra Pradesh,473.45,473.45,58.59,12.4,2020-03-01,2027-12-31,2027-12-31,2025-12-01,24,0.0,0
PAIM-618827,Pkg-2 (National Highways Authority of India [NHAI]) (618827),Infrastructure & Highways,Ministry of Road Transport & Highways,618827,Andhra Pradesh,3516.89,3516.89,1006.66,28.6,2021-03-01,2025-12-31,2028-12-31,2025-12-01,6,0.0,0
PAIM-618919,Km.73.000/Design Km 66.115 of NH340C  Package2 (National Highways Authority of India [NHAI]) (618919),Infrastructure & Highways,Ministry of Road Transport & Highways,618919,Andhra Pradesh,4230.73,4230.73,1412.85,33.4,2021-03-01,2025-12-31,2026-12-31,2025-12-01,0,0.0,0
PAIM-617897,EPC mode connecting NH 19 to 85 origin (MoRTH) (617897),Infrastructure & Highways,Ministry of Road Transport & Highways,617897,Bihar,4139.93,4139.93,2092.18,50.5,2023-03-01,2025-12-31,2026-12-31,2025-12-01,36,0.0,0
PAIM-617958,Widening & Strenthening from km132.895 to km 190.15 NH-80 (MoRTH) (617958),Infrastructure & Highways,Ministry of Road Transport & Highways,617958,Bihar,3166.95,3166.95,1478.33,46.7,2023-03-01,2026-12-31,2026-12-31,2025-12-01,6,0.0,0
PAIM-617959,on EPC Mode in the State of Bihar. (MoRTH) (617959),Infrastructure & Highways,Ministry of Road Transport & Highways,617959,Bihar,3716.81,3716.81,463.9,12.5,2022-03-01,2026-12-31,2028-12-31,2025-12-01,0,0.0,0
PAIM-617961,Gaya-Hisua-Rajgir-Nalanda-Biharsharif section km0.00 to 92.935 NH-82 (MoRTH) (617961),Infrastructure & Highways,Ministry of Road Transport & Highways,617961,Bihar,3760.25,3760.25,1660.17,44.2,2023-03-01,2025-12-31,2028-12-31,2025-12-01,18,0.0,0
PAIM-617966,NHIIP-BR-106-7 [NHIIP-BR-106-7] (MoRTH) (617966),Infrastructure & Highways,Ministry of Road Transport & Highways,617966,Bihar,3634.57,3634.57,1083.45,29.8,2021-03-01,2025-12-31,2026-12-31,2025-12-01,6,0.0,0
PAIM-617969,Islampur IPR section in the state of Bihar on EPC mode. (MoRTH) (617969),Infrastructure & Highways,Ministry of Road Transport & Highways,617969,Bihar,964.63,964.63,100.37,10.4,2021-03-01,2026-12-31,2028-12-31,2025-12-01,0,0.0,0
PAIM-618004,16.150 Kmunder EPC mode in the state of Bihar (MoRTH) (618004),Infrastructure & Highways,Ministry of Road Transport & Highways,618004,Bihar,1892.33,1892.33,1196.32,63.2,2020-03-01,2026-12-31,2027-12-31,2025-12-01,0,0.0,0
PAIM-618005,Sheohar-Sitamarhi Section km 40.000 to 79.400 km Lot-I (MoRTH) (618005),Infrastructure & Highways,Ministry of Road Transport & Highways,618005,Bihar,3136.25,3136.25,2617.72,83.5,2023-03-01,2025-12-31,2028-12-31,2025-12-01,36,0.0,0
PAIM-618006,Sitamarhi-Jaynagar Section km 79.400 to km 156.500 Lot-II (MoRTH) (618006),Infrastructure & Highways,Ministry of Road Transport & Highways,618006,Bihar,1508.87,1508.87,1012.56,67.1,2022-03-01,2027-12-31,2028-12-31,2025-12-01,24,0.0,0
PAIM-618007,Jaynagar-Narahia Section km 156.500 to km 219.945 Lot-III (MoRTH) (618007),Infrastructure & Highways,Ministry of Road Transport & Highways,618007,Bihar,2986.55,2986.55,1002.91,33.6,2023-03-01,2025-12-31,2027-12-31,2025-12-01,18,0.0,0
PAIM-618073,Km 29.730 of NH 122 B in the State of Bihar. (MoRTH) (618073),Infrastructure & Highways,Ministry of Road Transport & Highways,618073,Bihar,3151.01,3151.01,2516.99,79.9,2021-03-01,2025-12-31,2026-12-31,2025-12-01,6,0.0,0
PAIM-618074,under EPC mode (MoRTH) (618074),Infrastructure & Highways,Ministry of Road Transport & Highways,618074,Bihar,369.46,369.46,193.89,52.5,2022-03-01,2027-12-31,2026-12-31,2025-12-01,36,0.0,0
PAIM-618080,under EPC mode in the state of Bihar (MoRTH) (618080),Infrastructure & Highways,Ministry of Road Transport & Highways,618080,Bihar,1121.57,1121.57,803.12,71.6,2022-03-01,2027-12-31,2027-12-31,2025-12-01,18,0.0,0
PAIM-618121,state of Bihar under EPC mode (MoRTH) (618121),Infrastructure & Highways,Ministry of Road Transport & Highways,618121,Bihar,1654.09,1654.09,760.68,46.0,2020-03-01,2027-12-31,2027-12-31,2025-12-01,6,0.0,0
PAIM-618146,from km 3.500 to 43.000 of NH 527 E on EPC mode in State of Bihar (MoRTH) (618146),Infrastructure & Highways,Ministry of Road Transport & Highways,618146,Bihar,1863.96,1863.96,920.96,49.4,2023-03-01,2025-12-31,2026-12-31,2025-12-01,36,0.0,0
PAIM-618228,0.00 to km 14.500 across river Ganga on NH-19 at Patna in the state of Bihar. (MoRTH) (618228),Infrastructure & Highways,Ministry of Road Transport & Highways,618228,Bihar,2960.13,2960.13,406.58,13.7,2020-03-01,2026-12-31,2028-12-31,2025-12-01,6,0.0,0
PAIM-618234,EPC mode (MoRTH) (618234),Infrastructure & Highways,Ministry of Road Transport & Highways,618234,Bihar,1269.13,1269.13,686.22,54.1,2020-03-01,2025-12-31,2028-12-31,2025-12-01,12,0.0,0
PAIM-618246,Bihar (MoRTH) (618246),Infrastructure & Highways,Ministry of Road Transport & Highways,618246,Bihar,840.48,840.48,443.93,52.8,2022-03-01,2026-12-31,2026-12-31,2025-12-01,18,0.0,0
PAIM-618250,Bihar (MoRTH) (618250),Infrastructure & Highways,Ministry of Road Transport & Highways,618250,Bihar,1329.29,1329.29,687.93,51.8,2021-03-01,2025-12-31,2028-12-31,2025-12-01,24,0.0,0
PAIM-618569,Balance work - WB-10 Gandak Bridge Km 402.00 to Km 440.00 Devanpur - Kotwa (National Highways Authority of India [NHAI]),Infrastructure & Highways,Ministry of Road Transport & Highways,618569,Bihar,2538.78,2538.78,973.7,38.4,2022-03-01,2025-12-31,2028-12-31,2025-12-01,0,0.0,0
PAIM-618570,384.000 to Km. 386.750 on NH-27 (National Highways Authority of India [NHAI]) (618570),Infrastructure & Highways,Ministry of Road Transport & Highways,618570,Bihar,2551.74,2551.74,1319.05,51.7,2023-03-01,2026-12-31,2027-12-31,2025-12-01,0,0.0,0
PAIM-618571,km.520.000 Total length 80.00Km (National Highways Authority of India [NHAI]) (618571),Infrastructure & Highways,Ministry of Road Transport & Highways,618571,Bihar,4342.9,4342.9,3109.95,71.6,2021-03-01,2027-12-31,2027-12-31,2025-12-01,6,0.0,0
PAIM-618738,131G starting from Km 8.480 near Sherpur to Km 23.000 near Dighwara (National Highways Authority of India [NHAI]) (61873,Infrastructure & Highways,Ministry of Road Transport & Highways,618738,Bihar,2129.51,2129.51,1318.84,61.9,2020-03-01,2025-12-31,2027-12-31,2025-12-01,36,0.0,0
PAIM-618739,119 D Pkg-I (National Highways Authority of India [NHAI]) (618739),Infrastructure & Highways,Ministry of Road Transport & Highways,618739,Bihar,2121.91,2121.91,1290.7,60.8,2023-03-01,2026-12-31,2027-12-31,2025-12-01,24,0.0,0
PAIM-618740,109.300 of NH 119 D Pkg-II (National Highways Authority of India [NHAI]) (618740),Infrastructure & Highways,Ministry of Road Transport & Highways,618740,Bihar,2775.57,2775.57,1766.5,63.6,2020-03-01,2026-12-31,2028-12-31,2025-12-01,36,0.0,0
PAIM-618741,4L  Greenfield Alignment from Kalyanapur to Tal Dashraha of NH-119D Pkg-III (NHAI) (618741),Infrastructure & Highways,Ministry of Road Transport & Highways,618741,Bihar,1427.91,1427.91,942.17,66.0,2022-03-01,2027-12-31,2026-12-31,2025-12-01,12,0.0,0
PAIM-618774,Ara - Mohania Pkg-II (National Highways Authority of India [NHAI]) (618774),Infrastructure & Highways,Ministry of Road Transport & Highways,618774,Bihar,4242.51,4242.51,1976.28,46.6,2020-03-01,2027-12-31,2026-12-31,2025-12-01,12,0.0,0
PAIM-618779,4L of Aurangabad-Paithan (NHAI) (618779),Infrastructure & Highways,Ministry of Road Transport & Highways,618779,Bihar,4168.48,4168.48,1084.36,26.0,2021-03-01,2026-12-31,2027-12-31,2025-12-01,0,0.0,0
PAIM-618839,Aunta - Simaria including Ganga Bridge (National Highways Authority of India [NHAI]) (618839),Infrastructure & Highways,Ministry of Road Transport & Highways,618839,Bihar,3516.1,3516.1,1517.9,43.2,2023-03-01,2026-12-31,2026-12-31,2025-12-01,24,0.0,0
PAIM-618840,Simaria Km. 206.050 to Khagaria Km. 266.282 (National Highways Authority of India [NHAI]) (618840),Infrastructure & Highways,Ministry of Road Transport & Highways,618840,Bihar,1762.29,1762.29,1475.41,83.7,2022-03-01,2026-12-31,2026-12-31,2025-12-01,18,0.0,0
PAIM-618841,section  from Km. 221.047 to Km. 225.302 of NH-31 (National Highways Authority of India [NHAI]) (618841),Infrastructure & Highways,Ministry of Road Transport & Highways,618841,Bihar,1305.08,1305.08,1055.12,80.8,2021-03-01,2025-12-31,2028-12-31,2025-12-01,6,0.0,0
PAIM-618861,Bakhtiyarpur-Rajauli Pkg-II from km. 54.405 to km.101.630 (National Highways Authority of India [NHAI]) (618861),Infrastructure & Highways,Ministry of Road Transport & Highways,618861,Bihar,1999.64,1999.64,229.56,11.5,2022-03-01,2026-12-31,2027-12-31,2025-12-01,24,0.0,0
PAIM-618902,Maheshkunt-Saharsa-Purnea Pkg I km 0.00 to km. 90.00 of NH-107 (National Highways Authority of India [NHAI]) (618902),Infrastructure & Highways,Ministry of Road Transport & Highways,618902,Bihar,3409.2,3409.2,1811.51,53.1,2020-03-01,2027-12-31,2028-12-31,2025-12-01,12,0.0,0
PAIM-618903,Maheshkunt -Saharsa-Purnea Pkg II (National Highways Authority of India [NHAI]) (618903),Infrastructure & Highways,Ministry of Road Transport & Highways,618903,Bihar,4255.05,4255.05,1207.86,28.4,2023-03-01,2025-12-31,2028-12-31,2025-12-01,24,0.0,0
PAIM-618904,Chhapra - Hajipur from km. 143.200 to km. 209.200 (National Highways Authority of India [NHAI]) (618904),Infrastructure & Highways,Ministry of Road Transport & Highways,618904,Bihar,2721.93,2721.93,1492.09,54.8,2023-03-01,2025-12-31,2026-12-31,2025-12-01,24,0.0,0
PAIM-618915,83 (National Highways Authority of India [NHAI]) (618915),Infrastructure & Highways,Ministry of Road Transport & Highways,618915,Bihar,3334.53,3334.53,1971.58,59.1,2022-03-01,2025-12-31,2027-12-31,2025-12-01,36,0.0,0
PAIM-618916,NH-83 (National Highways Authority of India [NHAI]) (618916),Infrastructure & Highways,Ministry of Road Transport & Highways,618916,Bihar,1145.06,1145.06,675.53,59.0,2020-03-01,2027-12-31,2027-12-31,2025-12-01,12,0.0,0
PAIM-618953,Umagaon-Saharsa Package-IV Koshi Bridge & approach Road - Bheja-Bakaur (NHAI) (618953),Infrastructure & Highways,Ministry of Road Transport & Highways,618953,Bihar,4489.16,4489.16,2349.33,52.3,2022-03-01,2025-12-31,2028-12-31,2025-12-01,12,0.0,0
PAIM-618955,2L PS of Majhauli to Charout section from km. 0.00 to km. 63.655 (NHAI) (618955),Infrastructure & Highways,Ministry of Road Transport & Highways,618955,Bihar,1106.28,1106.28,322.78,29.2,2023-03-01,2026-12-31,2028-12-31,2025-12-01,18,0.0,0
PAIM-617919,2017-18-56 (MoRTH) (617919),Infrastructure & Highways,Ministry of Road Transport & Highways,617919,Multi-State,1599.6,1599.6,903.63,56.5,2023-03-01,2026-12-31,2026-12-31,2025-12-01,18,0.0,0
PAIM-617973,chhattisgarh.job No. 130-CG-2017-18-348 (MoRTH) (617973),Infrastructure & Highways,Ministry of Road Transport & Highways,617973,Multi-State,3598.27,3598.27,1390.25,38.6,2022-03-01,2025-12-31,2028-12-31,2025-12-01,6,0.0,0
PAIM-618064,Chhattisgarh under EPC mode (MoRTH) (618064),Infrastructure & Highways,Ministry of Road Transport & Highways,618064,Multi-State,1382.69,1382.69,336.56,24.3,2023-03-01,2026-12-31,2026-12-31,2025-12-01,36,0.0,0
PAIM-618078,lane with paved shoulders in the State of Chhattisgarh on EPC mode. (MoRTH) (618078),Infrastructure & Highways,Ministry of Road Transport & Highways,618078,Multi-State,3116.8,3116.8,2612.88,83.8,2020-03-01,2025-12-31,2027-12-31,2025-12-01,12,0.0,0
PAIM-618589,to near Khatti Village (National Highways Authority of India [NHAI]) (618589),Infrastructure & Highways,Ministry of Road Transport & Highways,618589,Multi-State,2092.81,2092.81,1585.88,75.8,2021-03-01,2026-12-31,2028-12-31,2025-12-01,6,0.0,0
PAIM-618590,near Aurang (National Highways Authority of India [NHAI]) (618590),Infrastructure & Highways,Ministry of Road Transport & Highways,618590,Multi-State,3444.94,3444.94,2717.54,78.9,2020-03-01,2025-12-31,2027-12-31,2025-12-01,24,0.0,0
PAIM-618673,130CD Pkg-CG-1 (National Highways Authority of India [NHAI]) (618673),Infrastructure & Highways,Ministry of Road Transport & Highways,618673,Multi-State,2272.11,2272.11,700.07,30.8,2021-03-01,2027-12-31,2028-12-31,2025-12-01,12,0.0,0
PAIM-618674,130CD Pkg-CG-2 (National Highways Authority of India [NHAI]) (618674),Infrastructure & Highways,Ministry of Road Transport & Highways,618674,Multi-State,579.27,579.27,334.18,57.7,2020-03-01,2026-12-31,2026-12-31,2025-12-01,12,0.0,0
PAIM-618675,of NH-130-CD (National Highways Authority of India [NHAI]) (618675),Infrastructure & Highways,Ministry of Road Transport & Highways,618675,Multi-State,581.9,581.9,455.71,78.3,2021-03-01,2027-12-31,2028-12-31,2025-12-01,6,0.0,0
PAIM-618849,the tunnel from Km 12.732 to Km 14.568 of Kiratpur to Nerchowk Section of NH-21 (National Highways Authority of India [N,Infrastructure & Highways,Ministry of Road Transport & Highways,618849,Multi-State,4275.18,4275.18,3378.93,79.0,2022-03-01,2027-12-31,2027-12-31,2025-12-01,18,0.0,0
PAIM-618509,from km. 0.70 to km.15.00 (National Highways Authority of India [NHAI]) (618509),Infrastructure & Highways,Ministry of Road Transport & Highways,618509,Delhi,477.97,477.97,260.85,54.6,2022-03-01,2025-12-31,2028-12-31,2025-12-01,12,0.0,0
PAIM-618578,Road of NH-148NA from km. 0.00 to km. 9.00 in NCR (National Highways Authority of India [NHAI]) (618578),Infrastructure & Highways,Ministry of Road Transport & Highways,618578,Delhi,4282.35,4282.35,1310.17,30.6,2022-03-01,2026-12-31,2028-12-31,2025-12-01,36,0.0,0
PAIM-617942,approaches on NH-66 (MoRTH) (617942),Infrastructure & Highways,Ministry of Road Transport & Highways,617942,Delhi,1486.36,1486.36,1148.3,77.3,2022-03-01,2026-12-31,2027-12-31,2025-12-01,12,0.0,0
PAIM-617928,"Vrundavan Chokdi, Kheralu on NH-58 in the State of Gujarat. (MoRTH) (617928)",Infrastructure & Highways,Ministry of Road Transport & Highways,617928,Gujarat,1415.83,1415.83,1107.38,78.2,2023-03-01,2025-12-31,2026-12-31,2025-12-01,6,0.0,0
PAIM-617976,sate of Gujarat (MoRTH) (617976),Infrastructure & Highways,Ministry of Road Transport & Highways,617976,Gujarat,734.48,734.48,454.32,61.9,2021-03-01,2026-12-31,2027-12-31,2025-12-01,24,0.0,0
PAIM-618108,168G Idar-Bhiloda-Samlaji in the state of Gujarat Length  34.275 km (MoRTH) (618108),Infrastructure & Highways,Ministry of Road Transport & Highways,618108,Gujarat,3934.21,3934.21,2864.4,72.8,2022-03-01,2025-12-31,2028-12-31,2025-12-01,12,0.0,0
PAIM-618459,Delhi-Vadodara Greenfield Alignment NH-148N Pkg-26 Ch.696890 to Ch.726390 (National Highways Authority of India [NHAI]) ,Infrastructure & Highways,Ministry of Road Transport & Highways,618459,Gujarat,1931.79,1931.79,411.38,21.3,2023-03-01,2026-12-31,2027-12-31,2025-12-01,24,0.0,0
PAIM-618460,Delhi-Vadodara Greenfield Alignment NH-148N Pkg-28 Ch.756052 to Ch.781282 (National Highways Authority of India [NHAI]) ,Infrastructure & Highways,Ministry of Road Transport & Highways,618460,Gujarat,580.09,580.09,261.56,45.1,2022-03-01,2025-12-31,2028-12-31,2025-12-01,0,0.0,0
PAIM-618461,[Baletiya Village - Junction near Pratap Nagar Village] (National Highways Authority of India [NHAI]) (618461),Infrastructure & Highways,Ministry of Road Transport & Highways,618461,Gujarat,2340.27,2340.27,371.81,15.9,2020-03-01,2027-12-31,2028-12-31,2025-12-01,12,0.0,0
PAIM-618462,[Junction near Pratap nagar Village - Junction near Dodka Village] (National Highways Authority of India [NHAI]) (618462,Infrastructure & Highways,Ministry of Road Transport & Highways,618462,Gujarat,2003.41,2003.41,529.28,26.4,2022-03-01,2026-12-31,2027-12-31,2025-12-01,6,0.0,0
PAIM-618463,Vadodara Mumbai Expressway Kim to Ankleshwar Phase IA - Pkg V (National Highways Authority of India [NHAI]) (618463),Infrastructure & Highways,Ministry of Road Transport & Highways,618463,Gujarat,2668.92,2668.92,1991.76,74.6,2022-03-01,2026-12-31,2028-12-31,2025-12-01,18,0.0,0
PAIM-618465,217.500] (National Highways Authority of India [NHAI]) (618465),Infrastructure & Highways,Ministry of Road Transport & Highways,618465,Gujarat,2279.24,2279.24,1287.37,56.5,2023-03-01,2027-12-31,2026-12-31,2025-12-01,36,0.0,0
PAIM-618501,Sindhrej Village] (National Highways Authority of India [NHAI]) (618501),Infrastructure & Highways,Ministry of Road Transport & Highways,618501,Gujarat,3186.34,3186.34,453.6,14.2,2022-03-01,2027-12-31,2026-12-31,2025-12-01,6,0.0,0
PAIM-618502,Village] (National Highways Authority of India [NHAI]) (618502),Infrastructure & Highways,Ministry of Road Transport & Highways,618502,Gujarat,1844.29,1844.29,854.84,46.4,2021-03-01,2026-12-31,2027-12-31,2025-12-01,36,0.0,0
PAIM-618503,DSIR zone] (National Highways Authority of India [NHAI]) (618503),Infrastructure & Highways,Ministry of Road Transport & Highways,618503,Gujarat,864.23,864.23,270.85,31.3,2022-03-01,2025-12-31,2026-12-31,2025-12-01,0,0.0,0
PAIM-618504,Adhelai Village] (National Highways Authority of India [NHAI]) (618504),Infrastructure & Highways,Ministry of Road Transport & Highways,618504,Gujarat,2140.29,2140.29,1318.51,61.6,2022-03-01,2025-12-31,2028-12-31,2025-12-01,18,0.0,0
PAIM-618614,Sanchore - Santalpur from km 67.000 - km 99.000 of NH-754K AJ-RGBS-Package-3 (National Highways Authority of India [NHAI,Infrastructure & Highways,Ministry of Road Transport & Highways,618614,Gujarat,2520.12,2520.12,1882.9,74.7,2020-03-01,2027-12-31,2026-12-31,2025-12-01,18,0.0,0
PAIM-618615,Sanchore - Santalpur from km 99.000 - km 130.073 of NH-754K AJ-RGBS-Package-4 (National Highways Authority of India [NHA,Infrastructure & Highways,Ministry of Road Transport & Highways,618615,Gujarat,2648.03,2648.03,1332.71,50.3,2022-03-01,2026-12-31,2026-12-31,2025-12-01,18,0.0,0
PAIM-618787,Junction from Km 0.000 to Km 65.478 of NH-341 (National Highways Authority of India [NHAI]) (618787),Infrastructure & Highways,Ministry of Road Transport & Highways,618787,Gujarat,1442.61,1442.61,1148.78,79.6,2020-03-01,2025-12-31,2027-12-31,2025-12-01,6,0.0,0
PAIM-618833,120.900 to km. 121.150 of NH-8D (National Highways Authority of India [NHAI]) (618833),Infrastructure & Highways,Ministry of Road Transport & Highways,618833,Gujarat,3733.42,3733.42,906.84,24.3,2021-03-01,2026-12-31,2026-12-31,2025-12-01,18,0.0,0
PAIM-618834,NH-8E NH 51 new (National Highways Authority of India [NHAI]) (618834),Infrastructure & Highways,Ministry of Road Transport & Highways,618834,Gujarat,3596.45,3596.45,1554.07,43.2,2021-03-01,2027-12-31,2026-12-31,2025-12-01,36,0.0,0
PAIM-618835,Package-II (National Highways Authority of India [NHAI]) (618835),Infrastructure & Highways,Ministry of Road Transport & Highways,618835,Gujarat,1594.44,1594.44,1046.86,65.7,2021-03-01,2026-12-31,2028-12-31,2025-12-01,12,0.0,0
PAIM-618484,Alewa village Km 60800 to Km 91400 (National Highways Authority of India [NHAI]) (618484),Infrastructure & Highways,Ministry of Road Transport & Highways,618484,Haryana,2240.03,2240.03,1830.89,81.7,2023-03-01,2027-12-31,2028-12-31,2025-12-01,36,0.0,0
PAIM-618485,Kharak Pandwa village Km 91400 to Km 120250 (National Highways Authority of India [NHAI]) (618485),Infrastructure & Highways,Ministry of Road Transport & Highways,618485,Haryana,1791.31,1791.31,946.72,52.9,2020-03-01,2025-12-31,2026-12-31,2025-12-01,12,0.0,0
PAIM-618580,Gohana - Sonipat PKG-2 (National Highways Authority of India [NHAI]) (618580),Infrastructure & Highways,Ministry of Road Transport & Highways,618580,Haryana,3875.27,3875.27,968.21,25.0,2023-03-01,2025-12-31,2028-12-31,2025-12-01,18,0.0,0
PAIM-618936,Jagadhari - Tajewala from Km -0.175 to 32.337 km of NH-344 (National Highways Authority of India [NHAI]) (618936),Infrastructure & Highways,Ministry of Road Transport & Highways,618936,Haryana,4021.27,4021.27,2722.64,67.7,2021-03-01,2025-12-31,2028-12-31,2025-12-01,36,0.0,0
PAIM-618050,assistance of World Bank on EPC mode. (MoRTH) (618050),Infrastructure & Highways,Ministry of Road Transport & Highways,618050,Multi-State,2618.97,2618.97,1917.83,73.2,2022-03-01,2025-12-31,2028-12-31,2025-12-01,12,0.0,0
PAIM-618051,Rehabilitation and Upgrading of NH-707 OLD 72-B Package - 2 Hewna to Ashyari (MoRTH) (618051),Infrastructure & Highways,Ministry of Road Transport & Highways,618051,Multi-State,2815.35,2815.35,1932.49,68.6,2023-03-01,2027-12-31,2028-12-31,2025-12-01,0,0.0,0
PAIM-618216,"project Deepak, BRO (MoRTH) (618216)",Infrastructure & Highways,Ministry of Road Transport & Highways,618216,Multi-State,2700.56,2700.56,2226.19,82.4,2023-03-01,2025-12-31,2027-12-31,2025-12-01,24,0.0,0
PAIM-618217,Gramphoo road  in the state of Himachal Pradesh Package I (MoRTH) (618217),Infrastructure & Highways,Ministry of Road Transport & Highways,618217,Multi-State,1391.97,1391.97,552.08,39.7,2022-03-01,2027-12-31,2026-12-31,2025-12-01,0,0.0,0
PAIM-618230,mode.Package-3 (MoRTH) (618230),Infrastructure & Highways,Ministry of Road Transport & Highways,618230,Multi-State,252.02,252.02,202.74,80.4,2023-03-01,2026-12-31,2026-12-31,2025-12-01,36,0.0,0
PAIM-618231,mode.Package-1 (MoRTH) (618231),Infrastructure & Highways,Ministry of Road Transport & Highways,618231,Multi-State,2391.94,2391.94,833.69,34.9,2021-03-01,2026-12-31,2028-12-31,2025-12-01,6,0.0,0
PAIM-618850,Nerchowk km 190.000 to Pandoh including Pandoh bypass  km221.305 (National Highways Authority of India [NHAI]) (618850),Infrastructure & Highways,Ministry of Road Transport & Highways,618850,Multi-State,2778.98,2778.98,2257.91,81.2,2023-03-01,2025-12-31,2027-12-31,2025-12-01,6,0.0,0
PAIM-618852,4L  Sundar Nagar Bypass from  Km.173.900 to Km.179.600 of NH-21 (National Highways Authority of India [NHAI]) (618852),Infrastructure & Highways,Ministry of Road Transport & Highways,618852,Multi-State,4178.71,4178.71,1523.81,36.5,2023-03-01,2026-12-31,2026-12-31,2025-12-01,12,0.0,0
PAIM-618878,from Km 51.000 to Km 72.000 of NH-154 Package-IIA (National Highways Authority of India [NHAI]) (618878),Infrastructure & Highways,Ministry of Road Transport & Highways,618878,Multi-State,2205.41,2205.41,1532.02,69.5,2020-03-01,2026-12-31,2027-12-31,2025-12-01,12,0.0,0
PAIM-618888,88 Pkg-IV (National Highways Authority of India [NHAI]) (618888),Infrastructure & Highways,Ministry of Road Transport & Highways,618888,Multi-State,4414.83,4414.83,1046.45,23.7,2022-03-01,2026-12-31,2026-12-31,2025-12-01,18,0.0,0
PAIM-618889,"303,503 up to Intersection with NH-154 from Km 175.270 to Km 193.400 Pkg-VB (National Highways Authority of India [NHAI]",Infrastructure & Highways,Ministry of Road Transport & Highways,618889,Multi-State,2388.24,2388.24,1818.08,76.1,2021-03-01,2025-12-31,2028-12-31,2025-12-01,24,0.0,0
PAIM-618890,2L PS of Hamirpur Bypass from Km 121.175 to Km.138.295 of NH-103&3 (National Highways Authority of India [NHAI]) (618890,Infrastructure & Highways,Ministry of Road Transport & Highways,618890,Multi-State,1264.36,1264.36,228.29,18.1,2022-03-01,2027-12-31,2026-12-31,2025-12-01,18,0.0,0
PAIM-618921,Bypass - Pkg I (National Highways Authority of India [NHAI]) (618921),Infrastructure & Highways,Ministry of Road Transport & Highways,618921,Multi-State,2552.14,2552.14,839.05,32.9,2023-03-01,2026-12-31,2026-12-31,2025-12-01,36,0.0,0
PAIM-618394,244  in UT of Jammu and Kashmir on EPC Mode Pkg-1 (NHIDCL) (618394),Infrastructure & Highways,Ministry of Road Transport & Highways,618394,Multi-State,3770.42,3770.42,1346.73,35.7,2021-03-01,2025-12-31,2026-12-31,2025-12-01,6,0.0,0
PAIM-618395,Mode under NHO-Gen Pkg - 2 (NHIDCL) (618395),Infrastructure & Highways,Ministry of Road Transport & Highways,618395,Multi-State,1120.01,1120.01,815.08,72.8,2020-03-01,2027-12-31,2027-12-31,2025-12-01,36,0.0,0
PAIM-618396,under NHO-Gen PKG- 1 (NHIDCL) (618396),Infrastructure & Highways,Ministry of Road Transport & Highways,618396,Multi-State,1196.8,1196.8,364.13,30.4,2023-03-01,2025-12-31,2026-12-31,2025-12-01,0,0.0,0
PAIM-618398,Mode Package II (NHIDCL) (618398),Infrastructure & Highways,Ministry of Road Transport & Highways,618398,Multi-State,3935.58,3935.58,890.33,22.6,2022-03-01,2026-12-31,2028-12-31,2025-12-01,12,0.0,0
PAIM-618399,of Jammu and Kashmir on EPC Mode Pkg-4 (NHIDCL) (618399),Infrastructure & Highways,Ministry of Road Transport & Highways,618399,Multi-State,1760.9,1760.9,981.49,55.7,2023-03-01,2026-12-31,2027-12-31,2025-12-01,24,0.0,0
PAIM-618400,in the UT of J&K on EPC Mode under NHO-Gen Pkg-3 (NHIDCL) (618400),Infrastructure & Highways,Ministry of Road Transport & Highways,618400,Multi-State,3530.81,3530.81,905.73,25.7,2021-03-01,2026-12-31,2026-12-31,2025-12-01,24,0.0,0
PAIM-618406,Kashmir on EPC basis Pkg-3A (NHIDCL) (618406),Infrastructure & Highways,Ministry of Road Transport & Highways,618406,Multi-State,804.88,804.88,261.67,32.5,2020-03-01,2025-12-31,2026-12-31,2025-12-01,24,0.0,0
PAIM-618407,Jammu-Akhnoor Road Pkg-I (NHIDCL) (618407),Infrastructure & Highways,Ministry of Road Transport & Highways,618407,Delhi,1291.83,1291.83,998.41,77.3,2023-03-01,2027-12-31,2028-12-31,2025-12-01,24,0.0,0
PAIM-618494,village from Km 468100 to Km 503250] (National Highways Authority of India [NHAI]) (618494),Infrastructure & Highways,Ministry of Road Transport & Highways,618494,Multi-State,3138.61,3138.61,780.55,24.9,2020-03-01,2027-12-31,2027-12-31,2025-12-01,36,0.0,0
PAIM-618495,566.520 Domel to Katra Section Phase II-Package XVII (National Highways Authority of India [NHAI]) (618495),Infrastructure & Highways,Ministry of Road Transport & Highways,618495,Delhi,1751.23,1751.23,620.88,35.5,2021-03-01,2027-12-31,2028-12-31,2025-12-01,18,0.0,0
PAIM-618496,to km 514500] (National Highways Authority of India [NHAI]) (618496),Infrastructure & Highways,Ministry of Road Transport & Highways,618496,Delhi,1112.78,1112.78,118.6,10.7,2021-03-01,2025-12-31,2028-12-31,2025-12-01,18,0.0,0
PAIM-618497,545.300 Sidhra to Domel Section of NH-44 (National Highways Authority of India [NHAI]) (618497),Infrastructure & Highways,Ministry of Road Transport & Highways,618497,Multi-State,3205.45,3205.45,1817.76,56.7,2021-03-01,2027-12-31,2028-12-31,2025-12-01,36,0.0,0
PAIM-618541,4L Ring road/bypass around Srinagar city from km 0.000 to km 42.100 Phase-I (National Highways Authority of India [NHAI],Infrastructure & Highways,Ministry of Road Transport & Highways,618541,Multi-State,773.84,773.84,215.95,27.9,2023-03-01,2025-12-31,2027-12-31,2025-12-01,36,0.0,0
PAIM-618543,Bound of  Ramban to Banihal Pkg-I of Old NH-1A New NH-44 (National Highways Authority of India [NHAI]) (618543),Infrastructure & Highways,Ministry of Road Transport & Highways,618543,Multi-State,2591.53,2591.53,1114.87,43.0,2020-03-01,2025-12-31,2028-12-31,2025-12-01,12,0.0,0
PAIM-618544,"T4 ,Single tube tunnel of Ramban to Banihal Pkg-II of Old NH-1A New NH-44 (National Highways Authority of India [NHAI]) ",Infrastructure & Highways,Ministry of Road Transport & Highways,618544,Multi-State,3372.49,3372.49,1734.71,51.4,2020-03-01,2025-12-31,2028-12-31,2025-12-01,36,0.0,0
PAIM-618545,Banihal Pkg-III of Old NH-1A New NH-44 (National Highways Authority of India [NHAI]) (618545),Infrastructure & Highways,Ministry of Road Transport & Highways,618545,Multi-State,1280.95,1280.95,511.39,39.9,2022-03-01,2027-12-31,2026-12-31,2025-12-01,12,0.0,0
PAIM-618546,NH-44 (National Highways Authority of India [NHAI]) (618546),Infrastructure & Highways,Ministry of Road Transport & Highways,618546,Multi-State,2186.36,2186.36,1658.17,75.8,2023-03-01,2027-12-31,2028-12-31,2025-12-01,18,0.0,0
PAIM-618547,standard as part of Srinagar Ring Road PhaseII [Design Ch. 41.907 to Ch. 66.609] (National Highways Authority of India [,Infrastructure & Highways,Ministry of Road Transport & Highways,618547,Multi-State,1295.87,1295.87,831.18,64.1,2021-03-01,2026-12-31,2027-12-31,2025-12-01,6,0.0,0
PAIM-618548,Jagti km. 57.568 (National Highways Authority of India [NHAI]) (618548),Infrastructure & Highways,Ministry of Road Transport & Highways,618548,Multi-State,957.72,957.72,809.25,84.5,2020-03-01,2027-12-31,2028-12-31,2025-12-01,12,0.0,0
PAIM-618549,residual NHDP component of Bharatmala Pariyojna (National Highways Authority of India [NHAI]) (618549),Infrastructure & Highways,Ministry of Road Transport & Highways,618549,Multi-State,852.32,852.32,614.85,72.1,2023-03-01,2025-12-31,2027-12-31,2025-12-01,24,0.0,0
PAIM-618550,Samba section of NH-44 from Chainage Km. 16.300 to Km. 74.100 (National Highways Authority of India [NHAI]) (618550),Infrastructure & Highways,Ministry of Road Transport & Highways,618550,Multi-State,1671.19,1671.19,609.63,36.5,2021-03-01,2026-12-31,2028-12-31,2025-12-01,12,0.0,0
PAIM-618060,from km 116.00 to km 176.355 of NH-75E in the State of Jharkhand on EPC mode. (MoRTH) (618060),Infrastructure & Highways,Ministry of Road Transport & Highways,618060,Multi-State,3547.85,3547.85,976.73,27.5,2020-03-01,2025-12-31,2026-12-31,2025-12-01,0,0.0,0
PAIM-618084,of NH-143A including re-construction of culverts and bridges. (MoRTH) (618084),Infrastructure & Highways,Ministry of Road Transport & Highways,618084,Multi-State,4412.59,4412.59,898.65,20.4,2022-03-01,2027-12-31,2028-12-31,2025-12-01,36,0.0,0
PAIM-618123,under EPC mode (MoRTH) (618123),Infrastructure & Highways,Ministry of Road Transport & Highways,618123,Multi-State,1320.66,1320.66,888.95,67.3,2022-03-01,2025-12-31,2028-12-31,2025-12-01,18,0.0,0
PAIM-618642,4L of Palma to Gumla from km. 26.00 to km. 89.170 of NH-23 (National Highways Authority of India [NHAI]) (618642),Infrastructure & Highways,Ministry of Road Transport & Highways,618642,Multi-State,1884.0,1884.0,1018.74,54.1,2021-03-01,2026-12-31,2027-12-31,2025-12-01,18,0.0,0
PAIM-618644,4L of Ormanjhi-Gola section from Km 81.450 to Km 53.600 of NH- 320BPKG-II (National Highways Authority of India [NHAI]) ,Infrastructure & Highways,Ministry of Road Transport & Highways,618644,Multi-State,2042.91,2042.91,1703.75,83.4,2021-03-01,2026-12-31,2027-12-31,2025-12-01,12,0.0,0
PAIM-618645,4L of Gola-BokaroJaina More section from Km 53.600 to Km 21.110 of NH-320PKG-1 (National Highways Authority of India [NH,Infrastructure & Highways,Ministry of Road Transport & Highways,618645,Multi-State,1703.81,1703.81,814.76,47.8,2021-03-01,2025-12-31,2028-12-31,2025-12-01,36,0.0,0
PAIM-618829,4L from km 196.87 Sankha to km 219.6 Khajuri on NH-75 [Rehla / Garhwa Bypass] (National Highways Authority of India [NHA,Infrastructure & Highways,Ministry of Road Transport & Highways,618829,Multi-State,1416.39,1416.39,581.26,41.0,2022-03-01,2026-12-31,2027-12-31,2025-12-01,24,0.0,0
PAIM-618830,4L from Km 147.450 Bhogu to Km 196.870 Sankha on NH-75 Sec-III (National Highways Authority of India [NHAI]) (618830),Infrastructure & Highways,Ministry of Road Transport & Highways,618830,Multi-State,1042.78,1042.78,261.1,25.0,2023-03-01,2026-12-31,2028-12-31,2025-12-01,18,0.0,0
PAIM-618946,4L of Mehgama - Hansdiha from  km. 41.900 to km. 93.000 of NH -133A Pkg-II (National Highways Authority of India [NHAI]),Infrastructure & Highways,Ministry of Road Transport & Highways,618946,Multi-State,3058.57,3058.57,513.15,16.8,2020-03-01,2027-12-31,2026-12-31,2025-12-01,18,0.0,0
PAIM-618947,4L of NH-80 from km 215.00 to km 260.00 Mirza Chauki to Farkka Pkg-I (National Highways Authority of India [NHAI]) (6189,Infrastructure & Highways,Ministry of Road Transport & Highways,618947,Multi-State,1960.42,1960.42,921.44,47.0,2020-03-01,2027-12-31,2027-12-31,2025-12-01,24,0.0,0
PAIM-618949,4L of Basukinath- Deoghar Section of NH-114A (National Highways Authority of India [NHAI]) (618949),Infrastructure & Highways,Ministry of Road Transport & Highways,618949,Multi-State,4495.08,4495.08,1964.58,43.7,2023-03-01,2025-12-31,2028-12-31,2025-12-01,36,0.0,0
PAIM-617935,on EPC basis (MoRTH) (617935),Infrastructure & Highways,Ministry of Road Transport & Highways,617935,Karnataka,2386.81,2386.81,322.25,13.5,2020-03-01,2027-12-31,2027-12-31,2025-12-01,36,0.0,0
PAIM-617954,Mode.-952 (MoRTH) (617954),Infrastructure & Highways,Ministry of Road Transport & Highways,617954,Karnataka,445.5,445.5,132.22,29.7,2020-03-01,2027-12-31,2026-12-31,2025-12-01,12,0.0,0
PAIM-617955,EPC Mode under Annual Plan 2021-22   Job No NH-73-KNT-2021-22-945 (MoRTH) (617955),Infrastructure & Highways,Ministry of Road Transport & Highways,617955,Karnataka,1361.1,1361.1,197.26,14.5,2022-03-01,2025-12-31,2026-12-31,2025-12-01,18,0.0,0
PAIM-617989,Jadcherla section (MoRTH) (617989),Infrastructure & Highways,Ministry of Road Transport & Highways,617989,Karnataka,1739.54,1739.54,1431.3,82.3,2023-03-01,2027-12-31,2026-12-31,2025-12-01,12,0.0,0
PAIM-617998,Job No. NH-169-KNT-2021-22-949 (MoRTH) (617998),Infrastructure & Highways,Ministry of Road Transport & Highways,617998,Karnataka,250.54,250.54,67.2,26.8,2020-03-01,2025-12-31,2026-12-31,2025-12-01,36,0.0,0
PAIM-618000,EPC mode under Annual Plan 2021-22 Job no. NH-173-KNT-2021-22-946 (MoRTH) (618000),Infrastructure & Highways,Ministry of Road Transport & Highways,618000,Karnataka,542.07,542.07,309.84,57.2,2023-03-01,2025-12-31,2028-12-31,2025-12-01,24,0.0,0
PAIM-618029,mode. Job No. NH-367-KNT-2021-22-930 (MoRTH) (618029),Infrastructure & Highways,Ministry of Road Transport & Highways,618029,Karnataka,1142.18,1142.18,892.64,78.2,2023-03-01,2027-12-31,2026-12-31,2025-12-01,12,0.0,0
PAIM-618030,2021-22-934 (MoRTH) (618030),Infrastructure & Highways,Ministry of Road Transport & Highways,618030,Karnataka,686.63,686.63,532.43,77.5,2023-03-01,2025-12-31,2028-12-31,2025-12-01,18,0.0,0
PAIM-618031,mode. (MoRTH) (618031),Infrastructure & Highways,Ministry of Road Transport & Highways,618031,Karnataka,1167.3,1167.3,508.6,43.6,2022-03-01,2027-12-31,2026-12-31,2025-12-01,0,0.0,0
PAIM-618087,of Karnataka on EPC mode. Job No. NH-150A-KNT-2021-22-951 (MoRTH) (618087),Infrastructure & Highways,Ministry of Road Transport & Highways,618087,Karnataka,1193.78,1193.78,194.38,16.3,2021-03-01,2027-12-31,2027-12-31,2025-12-01,24,0.0,0
PAIM-618109,KNT-2021-22-927 (MoRTH) (618109),Infrastructure & Highways,Ministry of Road Transport & Highways,618109,Karnataka,2456.26,2456.26,442.36,18.0,2022-03-01,2026-12-31,2026-12-31,2025-12-01,18,0.0,0
PAIM-618144,of Karnataka on EPC mode.Job No. NH-369E-KNT-2018-19-895 dated 06.03.2019. (MoRTH) (618144),Infrastructure & Highways,Ministry of Road Transport & Highways,618144,Karnataka,1583.75,1583.75,229.35,14.5,2020-03-01,2026-12-31,2027-12-31,2025-12-01,24,0.0,0
PAIM-618517,403.80 to km. 433.20 (National Highways Authority of India [NHAI]) (618517),Infrastructure & Highways,Ministry of Road Transport & Highways,618517,Karnataka,3654.99,3654.99,1795.57,49.1,2022-03-01,2027-12-31,2027-12-31,2025-12-01,36,0.0,0
PAIM-618630,26.000 to Km. 97.000 in Gulbarga of NH-150C Pkg-II (National Highways Authority of India [NHAI]) (618630),Infrastructure & Highways,Ministry of Road Transport & Highways,618630,Karnataka,2836.81,2836.81,567.79,20.0,2022-03-01,2026-12-31,2028-12-31,2025-12-01,6,0.0,0
PAIM-618702,from Km. 311.57 to Km. 313.67 of NH-75 Old NH-48 (National Highways Authority of India [NHAI]) (618702),Infrastructure & Highways,Ministry of Road Transport & Highways,618702,Karnataka,4107.18,4107.18,2715.77,66.1,2020-03-01,2025-12-31,2027-12-31,2025-12-01,24,0.0,0
PAIM-618799,Rd. and km 4.965 - km 60.00 of SH-69 (National Highways Authority of India [NHAI]) (618799),Infrastructure & Highways,Ministry of Road Transport & Highways,618799,Karnataka,4451.92,4451.92,3023.52,67.9,2020-03-01,2025-12-31,2027-12-31,2025-12-01,12,0.0,0
PAIM-618887,Tumkur- Shivamogga Pkg-IV (National Highways Authority of India [NHAI]) (618887),Infrastructure & Highways,Ministry of Road Transport & Highways,618887,Karnataka,4350.11,4350.11,3419.22,78.6,2022-03-01,2026-12-31,2028-12-31,2025-12-01,24,0.0,0
PAIM-618896,Karkala - Mangalore Package-III (National Highways Authority of India [NHAI]) (618896),Infrastructure & Highways,Ministry of Road Transport & Highways,618896,Karnataka,561.17,561.17,120.23,21.4,2022-03-01,2026-12-31,2028-12-31,2025-12-01,18,0.0,0
PAIM-618070,Annual Plan 2016-17 in the state of Kerala (MoRTH) (618070),Infrastructure & Highways,Ministry of Road Transport & Highways,618070,Multi-State,3423.33,3423.33,1169.69,34.2,2021-03-01,2025-12-31,2027-12-31,2025-12-01,12,0.0,0
PAIM-618595,6L of Chengala - Neeleshwaram from km. 56.200 to km. 93.468 (National Highways Authority of India [NHAI]) (618595),Infrastructure & Highways,Ministry of Road Transport & Highways,618595,Multi-State,474.09,474.09,198.38,41.8,2020-03-01,2026-12-31,2028-12-31,2025-12-01,24,0.0,0
PAIM-618596,6L of Taliparamba to Muzhappilangad from Km 134.650 to Km 170.6 of NH-66 (National Highways Authority of India [NHAI]) (,Infrastructure & Highways,Ministry of Road Transport & Highways,618596,Multi-State,711.8,711.8,77.19,10.8,2022-03-01,2026-12-31,2026-12-31,2025-12-01,12,0.0,0
PAIM-618597,6L of Azhiyur-Vengalam from km. 189.200 to km. 230.400 of NH-66 (National Highways Authority of India [NHAI]) (618597),Infrastructure & Highways,Ministry of Road Transport & Highways,618597,Multi-State,1459.21,1459.21,377.02,25.8,2021-03-01,2026-12-31,2026-12-31,2025-12-01,12,0.0,0
PAIM-618598,and allied works (National Highways Authority of India [NHAI]) (618598),Infrastructure & Highways,Ministry of Road Transport & Highways,618598,Multi-State,2160.98,2160.98,1740.66,80.5,2021-03-01,2026-12-31,2027-12-31,2025-12-01,18,0.0,0
PAIM-618599,6L of Ramanatukkara Junction to start of Valanchery bypass section of NH-66 (National Highways Authority of India [NHAI],Infrastructure & Highways,Ministry of Road Transport & Highways,618599,Multi-State,1985.63,1985.63,233.55,11.8,2021-03-01,2025-12-31,2026-12-31,2025-12-01,36,0.0,0
PAIM-618600,6L of Valanchery bypass to Kappirikkad of NH  66 from km. 298500 to km 335850 (National Highways Authority of India [NHA,Infrastructure & Highways,Ministry of Road Transport & Highways,618600,Multi-State,219.77,219.77,132.83,60.4,2023-03-01,2026-12-31,2028-12-31,2025-12-01,6,0.0,0
PAIM-618601,NH-17 (National Highways Authority of India [NHAI]) (618601),Infrastructure & Highways,Ministry of Road Transport & Highways,618601,Multi-State,410.25,410.25,331.62,80.8,2022-03-01,2025-12-31,2027-12-31,2025-12-01,36,0.0,0
PAIM-618602,NH-17 (National Highways Authority of India [NHAI]) (618602),Infrastructure & Highways,Ministry of Road Transport & Highways,618602,Multi-State,2865.43,2865.43,2021.59,70.6,2023-03-01,2026-12-31,2027-12-31,2025-12-01,6,0.0,0
PAIM-618603,NH-17 (National Highways Authority of India [NHAI]) (618603),Infrastructure & Highways,Ministry of Road Transport & Highways,618603,Multi-State,1713.65,1713.65,913.68,53.3,2020-03-01,2026-12-31,2027-12-31,2025-12-01,6,0.0,0
PAIM-618604,Aroor-Thuravoor Thekku (National Highways Authority of India [NHAI]) (618604),Infrastructure & Highways,Ministry of Road Transport & Highways,618604,Multi-State,4258.74,4258.74,1627.59,38.2,2022-03-01,2025-12-31,2028-12-31,2025-12-01,36,0.0,0
PAIM-618605,Thuravoor Thekku-Paravoor (National Highways Authority of India [NHAI]) (618605),Infrastructure & Highways,Ministry of Road Transport & Highways,618605,Multi-State,3383.74,3383.74,2246.71,66.4,2021-03-01,2025-12-31,2027-12-31,2025-12-01,12,0.0,0
PAIM-618606,Paravoor-Kottankulangara (National Highways Authority of India [NHAI]) (618606),Infrastructure & Highways,Ministry of Road Transport & Highways,618606,Multi-State,3337.12,3337.12,1884.01,56.5,2020-03-01,2026-12-31,2028-12-31,2025-12-01,0,0.0,0
PAIM-618607,Kottankulangara- Start of Kollam Bypass (National Highways Authority of India [NHAI]) (618607),Infrastructure & Highways,Ministry of Road Transport & Highways,618607,Multi-State,4122.94,4122.94,1073.36,26.0,2023-03-01,2025-12-31,2026-12-31,2025-12-01,36,0.0,0
PAIM-618708,2L/LPS section in the state of Kerala on EPC Mode under Bharatmala Pariyojana (National Highways Authority of India [NHA,Infrastructure & Highways,Ministry of Road Transport & Highways,618708,Multi-State,3775.37,3775.37,1054.61,27.9,2022-03-01,2026-12-31,2027-12-31,2025-12-01,12,0.0,0
PAIM-618408,Kargil Zanskar Road (NHIDCL) (618408),Infrastructure & Highways,Ministry of Road Transport & Highways,618408,Multi-State,3652.93,3652.93,2790.37,76.4,2021-03-01,2027-12-31,2028-12-31,2025-12-01,6,0.0,0
PAIM-618409,30.000 Km length Pkg-lll (NHIDCL) (618409),Infrastructure & Highways,Ministry of Road Transport & Highways,618409,Multi-State,311.06,311.06,197.48,63.5,2020-03-01,2025-12-31,2027-12-31,2025-12-01,0,0.0,0
PAIM-618410,of 26.960 Km length Pkg-II (NHIDCL) (618410),Infrastructure & Highways,Ministry of Road Transport & Highways,618410,Multi-State,1689.63,1689.63,807.79,47.8,2021-03-01,2025-12-31,2027-12-31,2025-12-01,12,0.0,0
PAIM-617911,on EPC mode under NHDP-IVA (MoRTH) (617911),Infrastructure & Highways,Ministry of Road Transport & Highways,617911,Madhya Pradesh,1037.82,1037.82,198.72,19.1,2021-03-01,2027-12-31,2026-12-31,2025-12-01,36,0.0,0
PAIM-617915,9.1 km in the state of Madhya Pradesh on EPC mode. (MoRTH) (617915),Infrastructure & Highways,Ministry of Road Transport & Highways,617915,Madhya Pradesh,4493.57,4493.57,2889.83,64.3,2021-03-01,2027-12-31,2028-12-31,2025-12-01,6,0.0,0
PAIM-618019,the State of Madhya Pradesh under EPC mode. (MoRTH) (618019),Infrastructure & Highways,Ministry of Road Transport & Highways,618019,Madhya Pradesh,4266.56,4266.56,2206.89,51.7,2021-03-01,2026-12-31,2028-12-31,2025-12-01,6,0.0,0
PAIM-618020,up areas in a total length of 22.615 km in the state of Madhya Pradesh on EPC mode. (MoRTH) (618020),Infrastructure & Highways,Ministry of Road Transport & Highways,618020,Madhya Pradesh,2714.4,2714.4,1960.45,72.2,2022-03-01,2025-12-31,2026-12-31,2025-12-01,0,0.0,0
PAIM-618045,border section of NH 552E in the State of Madhya Pradesh on EPC mode (MoRTH) (618045),Infrastructure & Highways,Ministry of Road Transport & Highways,618045,Madhya Pradesh,3768.77,3768.77,1809.82,48.0,2022-03-01,2025-12-31,2028-12-31,2025-12-01,36,0.0,0
PAIM-618068,on NH-943 in the State of Madhya Pradesh on EPC Mode. (MoRTH) (618068),Infrastructure & Highways,Ministry of Road Transport & Highways,618068,Madhya Pradesh,1939.63,1939.63,507.45,26.2,2020-03-01,2027-12-31,2027-12-31,2025-12-01,24,0.0,0
PAIM-618085,Km 0150 to Km 50500 of NH-146B in the state of Madhya Pradesh on EPC mode. (MoRTH) (618085),Infrastructure & Highways,Ministry of Road Transport & Highways,618085,Madhya Pradesh,2092.66,2092.66,242.69,11.6,2020-03-01,2026-12-31,2027-12-31,2025-12-01,18,0.0,0
PAIM-618621,Indore - Edlabad Pkg-II [Tejajinagar to Balwara] (National Highways Authority of India [NHAI]) (618621),Infrastructure & Highways,Ministry of Road Transport & Highways,618621,Madhya Pradesh,1546.84,1546.84,520.45,33.6,2021-03-01,2026-12-31,2026-12-31,2025-12-01,18,0.0,0
PAIM-618622,of NH347BG & 753L (National Highways Authority of India [NHAI]) (618622),Infrastructure & Highways,Ministry of Road Transport & Highways,618622,Madhya Pradesh,1256.36,1256.36,386.2,30.7,2023-03-01,2025-12-31,2026-12-31,2025-12-01,24,0.0,0
PAIM-618654,4L Greenfield Rudhi to Deshgaon Pkg V of Betul-Khandwa/Deshgaon (National Highways Authority of India [NHAI]) (618654),Infrastructure & Highways,Ministry of Road Transport & Highways,618654,Madhya Pradesh,542.61,542.61,174.46,32.2,2021-03-01,2026-12-31,2027-12-31,2025-12-01,12,0.0,0
PAIM-618663,NH-146 (National Highways Authority of India [NHAI]) (618663),Infrastructure & Highways,Ministry of Road Transport & Highways,618663,Madhya Pradesh,1707.15,1707.15,290.61,17.0,2021-03-01,2026-12-31,2028-12-31,2025-12-01,18,0.0,0
PAIM-618664,Berkhedi to Godpehra on NH-44 Sagar link road (National Highways Authority of India [NHAI]) (618664),Infrastructure & Highways,Ministry of Road Transport & Highways,618664,Madhya Pradesh,2204.31,2204.31,449.62,20.4,2020-03-01,2025-12-31,2026-12-31,2025-12-01,18,0.0,0
PAIM-618665,4L of Sagar - Mohari from Km.8 to Km.50 Pkg-I (National Highways Authority of India [NHAI]) (618665),Infrastructure & Highways,Ministry of Road Transport & Highways,618665,Madhya Pradesh,2790.22,2790.22,2258.02,80.9,2021-03-01,2025-12-31,2028-12-31,2025-12-01,36,0.0,0
PAIM-618694,Indore - Harda Pkg-I [Indore to Raghav Garh from km. 0.25 to km. 26.903] (National Highways Authority of India [NHAI]) (,Infrastructure & Highways,Ministry of Road Transport & Highways,618694,Madhya Pradesh,3251.05,3251.05,450.43,13.9,2023-03-01,2025-12-31,2028-12-31,2025-12-01,18,0.0,0
PAIM-618695,Indore - Harda Pkg-III [Nanasa to Pidgaon Section from km 95.000 to km 142.445] (National Highways Authority of India [N,Infrastructure & Highways,Ministry of Road Transport & Highways,618695,Madhya Pradesh,1823.37,1823.37,872.09,47.8,2020-03-01,2027-12-31,2026-12-31,2025-12-01,24,0.0,0
PAIM-618701,Sindoor River from Km. 66.00 to 130.00  NH-12 New NH-45 (National Highways Authority of India [NHAI]) (618701),Infrastructure & Highways,Ministry of Road Transport & Highways,618701,Madhya Pradesh,455.53,455.53,171.65,37.7,2022-03-01,2027-12-31,2028-12-31,2025-12-01,0,0.0,0
PAIM-618735,41.400 of  NH-148NG Pkg-I (National Highways Authority of India [NHAI]) (618735),Infrastructure & Highways,Ministry of Road Transport & Highways,618735,Madhya Pradesh,1673.67,1673.67,763.85,45.6,2023-03-01,2025-12-31,2028-12-31,2025-12-01,24,0.0,0
PAIM-618751,Mehulwa-Talbehat Pkg-II Section of NH- 346 (National Highways Authority of India [NHAI]) (618751),Infrastructure & Highways,Ministry of Road Transport & Highways,618751,Madhya Pradesh,1931.91,1931.91,1190.45,61.6,2020-03-01,2025-12-31,2027-12-31,2025-12-01,6,0.0,0
PAIM-617917,10/300 on NH 53 in state of Maharashtra. (MoRTH) (617917),Infrastructure & Highways,Ministry of Road Transport & Highways,617917,Maharashtra,1590.08,1590.08,1255.84,79.0,2023-03-01,2025-12-31,2027-12-31,2025-12-01,24,0.0,0
PAIM-617932,on EPC mode in the State of Maharashtra. (MoRTH) (617932),Infrastructure & Highways,Ministry of Road Transport & Highways,617932,Maharashtra,1604.42,1604.42,380.56,23.7,2020-03-01,2025-12-31,2027-12-31,2025-12-01,24,0.0,0
PAIM-617933,in the state of Maharashtra (MoRTH) (617933),Infrastructure & Highways,Ministry of Road Transport & Highways,617933,Maharashtra,4139.84,4139.84,2412.21,58.3,2021-03-01,2027-12-31,2027-12-31,2025-12-01,6,0.0,0
PAIM-617934,Nasratpur to Barasgaon section of NH-61 2L / 4L  PS from Km.514/00 to 558/200 (MoRTH) (617934),Infrastructure & Highways,Ministry of Road Transport & Highways,617934,Maharashtra,543.49,543.49,83.09,15.3,2020-03-01,2025-12-31,2028-12-31,2025-12-01,24,0.0,0
PAIM-617944,on EPC mode (MoRTH) (617944),Infrastructure & Highways,Ministry of Road Transport & Highways,617944,Maharashtra,2206.97,2206.97,980.55,44.4,2023-03-01,2027-12-31,2028-12-31,2025-12-01,36,0.0,0
PAIM-617947,Arawali Kante section of NH-17New NH-66 4L  PS from Km.241/300 to 281/300 (MoRTH) (617947),Infrastructure & Highways,Ministry of Road Transport & Highways,617947,Maharashtra,3142.79,3142.79,594.4,18.9,2021-03-01,2025-12-31,2026-12-31,2025-12-01,36,0.0,0
PAIM-617948,Kante - Wakad section of NH-66 4L  PS from Km.281/300 to 332/200 (MoRTH) (617948),Infrastructure & Highways,Ministry of Road Transport & Highways,617948,Maharashtra,302.95,302.95,234.33,77.3,2023-03-01,2026-12-31,2027-12-31,2025-12-01,18,0.0,0
PAIM-617965,Kopargaon to Savali Vihir section (MoRTH) (617965),Infrastructure & Highways,Ministry of Road Transport & Highways,617965,Maharashtra,3552.35,3552.35,876.11,24.7,2020-03-01,2027-12-31,2028-12-31,2025-12-01,18,0.0,0
PAIM-618042,mode in the State of Maharashtra (MoRTH) (618042),Infrastructure & Highways,Ministry of Road Transport & Highways,618042,Maharashtra,3469.23,3469.23,2685.24,77.4,2021-03-01,2025-12-31,2026-12-31,2025-12-01,18,0.0,0
PAIM-618046,EPC Mode Length20.122km. (MoRTH) (618046),Infrastructure & Highways,Ministry of Road Transport & Highways,618046,Maharashtra,3997.45,3997.45,605.8,15.2,2021-03-01,2027-12-31,2026-12-31,2025-12-01,24,0.0,0
PAIM-618059,Maharashtra. Total Length of the project 15.781 Km. (MoRTH) (618059),Infrastructure & Highways,Ministry of Road Transport & Highways,618059,Maharashtra,1229.57,1229.57,1002.63,81.5,2020-03-01,2027-12-31,2027-12-31,2025-12-01,12,0.0,0
PAIM-618065,the (MoRTH) (618065),Infrastructure & Highways,Ministry of Road Transport & Highways,618065,Maharashtra,4422.15,4422.15,1969.57,44.5,2020-03-01,2025-12-31,2028-12-31,2025-12-01,18,0.0,0
PAIM-618089,Maharashtra on EPC mode. (MoRTH) (618089),Infrastructure & Highways,Ministry of Road Transport & Highways,618089,Maharashtra,4433.64,4433.64,3658.6,82.5,2022-03-01,2027-12-31,2026-12-31,2025-12-01,0,0.0,0
PAIM-618090,Sarsam - Kothari of NH-161A - 2L  PS from Km.33/00 to 90/00 (MoRTH) (618090),Infrastructure & Highways,Ministry of Road Transport & Highways,618090,Maharashtra,537.97,537.97,445.79,82.9,2021-03-01,2026-12-31,2028-12-31,2025-12-01,6,0.0,0
PAIM-618094,Pen to Khopoli 2LPS (MoRTH) (618094),Infrastructure & Highways,Ministry of Road Transport & Highways,618094,Maharashtra,3452.04,3452.04,1913.88,55.4,2023-03-01,2027-12-31,2028-12-31,2025-12-01,36,0.0,0
PAIM-618097,53/600 Sati on NH-166E (MoRTH) (618097),Infrastructure & Highways,Ministry of Road Transport & Highways,618097,Maharashtra,3591.3,3591.3,1022.06,28.5,2022-03-01,2025-12-31,2026-12-31,2025-12-01,12,0.0,0
PAIM-618098,mode (MoRTH) (618098),Infrastructure & Highways,Ministry of Road Transport & Highways,618098,Maharashtra,1262.74,1262.74,179.88,14.2,2022-03-01,2026-12-31,2027-12-31,2025-12-01,18,0.0,0
PAIM-618133,Gadchiroli Dist in the State of Maharashtra. (MoRTH) (618133),Infrastructure & Highways,Ministry of Road Transport & Highways,618133,Maharashtra,2342.83,2342.83,1003.8,42.8,2021-03-01,2025-12-31,2027-12-31,2025-12-01,24,0.0,0
PAIM-618136,EPC mode in the State of Maharashtra. (MoRTH) (618136),Infrastructure & Highways,Ministry of Road Transport & Highways,618136,Maharashtra,1890.38,1890.38,905.41,47.9,2021-03-01,2027-12-31,2028-12-31,2025-12-01,18,0.0,0
PAIM-618152,Mhaswad to Tembhurni section of NH-548C - 2L  PS (MoRTH) (618152),Infrastructure & Highways,Ministry of Road Transport & Highways,618152,Maharashtra,2830.47,2830.47,1117.36,39.5,2021-03-01,2027-12-31,2027-12-31,2025-12-01,6,0.0,0
PAIM-618153,Satara to Mhaswad (MoRTH) (618153),Infrastructure & Highways,Ministry of Road Transport & Highways,618153,Maharashtra,792.55,792.55,517.57,65.3,2022-03-01,2026-12-31,2027-12-31,2025-12-01,24,0.0,0
PAIM-618154,pavement in the state of Maharashtra on EPC mode. (MoRTH) (618154),Infrastructure & Highways,Ministry of Road Transport & Highways,618154,Maharashtra,3311.26,3311.26,2100.65,63.4,2022-03-01,2025-12-31,2028-12-31,2025-12-01,12,0.0,0
PAIM-618172,Paithan - Shirur section 2LPS Km 0.0 to 55.00 (MoRTH) (618172),Infrastructure & Highways,Ministry of Road Transport & Highways,618172,Maharashtra,271.54,271.54,135.58,49.9,2023-03-01,2027-12-31,2028-12-31,2025-12-01,0,0.0,0
PAIM-618173,Shirur-Kharda section from 55937 km to 114486 km to 2LPS/4L (MoRTH) (618173),Infrastructure & Highways,Ministry of Road Transport & Highways,618173,Maharashtra,3339.75,3339.75,1506.32,45.1,2020-03-01,2027-12-31,2028-12-31,2025-12-01,0,0.0,0
PAIM-618175,configuration in the state of Maharashtra on EPC mode. (MoRTH) (618175),Infrastructure & Highways,Ministry of Road Transport & Highways,618175,Maharashtra,884.64,884.64,651.81,73.7,2022-03-01,2026-12-31,2028-12-31,2025-12-01,24,0.0,0
PAIM-618177,Pal Phata Phulambri - Khultabad 2LPS (MoRTH) (618177),Infrastructure & Highways,Ministry of Road Transport & Highways,618177,Maharashtra,728.66,728.66,287.01,39.4,2023-03-01,2025-12-31,2027-12-31,2025-12-01,18,0.0,0
PAIM-618180,Pune raigarh District Border To Mangaon    Ch 69000 to 103775    NH-753F (MoRTH) (618180),Infrastructure & Highways,Ministry of Road Transport & Highways,618180,Maharashtra,2256.75,2256.75,1049.26,46.5,2020-03-01,2026-12-31,2026-12-31,2025-12-01,6,0.0,0
PAIM-618181,753F Aurangabad-Jalgaon road on EPC Mode in the State of Maharashtra (MoRTH) (618181),Infrastructure & Highways,Ministry of Road Transport & Highways,618181,Maharashtra,2247.83,2247.83,1456.15,64.8,2023-03-01,2025-12-31,2027-12-31,2025-12-01,18,0.0,0
PAIM-618188,mode in the State of Maharashtra. (MoRTH) (618188),Infrastructure & Highways,Ministry of Road Transport & Highways,618188,Maharashtra,2189.52,2189.52,335.36,15.3,2023-03-01,2025-12-31,2026-12-31,2025-12-01,12,0.0,0
PAIM-618198,Maharashtra on EPC mode. Balance Work (MoRTH) (618198),Infrastructure & Highways,Ministry of Road Transport & Highways,618198,Maharashtra,2084.12,2084.12,297.47,14.3,2020-03-01,2025-12-31,2028-12-31,2025-12-01,36,0.0,0
PAIM-618199,the state of Maharashtra on EPC mode. (MoRTH) (618199),Infrastructure & Highways,Ministry of Road Transport & Highways,618199,Maharashtra,2922.95,2922.95,1459.87,49.9,2021-03-01,2027-12-31,2028-12-31,2025-12-01,12,0.0,0
PAIM-618468,- Talsari (National Highways Authority of India [NHAI]) (618468),Infrastructure & Highways,Ministry of Road Transport & Highways,618468,Maharashtra,1963.54,1963.54,1524.78,77.7,2023-03-01,2025-12-31,2027-12-31,2025-12-01,6,0.0,0
PAIM-618469,Shirsad - Masvan (National Highways Authority of India [NHAI]) (618469),Infrastructure & Highways,Ministry of Road Transport & Highways,618469,Maharashtra,2309.83,2309.83,654.4,28.3,2023-03-01,2027-12-31,2026-12-31,2025-12-01,6,0.0,0
PAIM-618470,Shirsad - Akloli (National Highways Authority of India [NHAI]) (618470),Infrastructure & Highways,Ministry of Road Transport & Highways,618470,Maharashtra,2836.83,2836.83,448.0,15.8,2022-03-01,2027-12-31,2026-12-31,2025-12-01,36,0.0,0
PAIM-618471,Akloli - Amne (National Highways Authority of India [NHAI]) (618471),Infrastructure & Highways,Ministry of Road Transport & Highways,618471,Maharashtra,3683.33,3683.33,810.52,22.0,2023-03-01,2027-12-31,2028-12-31,2025-12-01,12,0.0,0
PAIM-618472,Amne - Bhoj (National Highways Authority of India [NHAI]) (618472),Infrastructure & Highways,Ministry of Road Transport & Highways,618472,Maharashtra,327.7,327.7,138.09,42.1,2023-03-01,2027-12-31,2027-12-31,2025-12-01,0,0.0,0
PAIM-618473,Spur] Bhoj - Morbe (National Highways Authority of India [NHAI]) (618473),Infrastructure & Highways,Ministry of Road Transport & Highways,618473,Maharashtra,997.49,997.49,313.86,31.5,2022-03-01,2026-12-31,2027-12-31,2025-12-01,36,0.0,0
PAIM-618512,existing Km. 782.000 (National Highways Authority of India [NHAI]) (618512),Infrastructure & Highways,Ministry of Road Transport & Highways,618512,Maharashtra,1554.14,1554.14,1260.86,81.1,2020-03-01,2027-12-31,2027-12-31,2025-12-01,18,0.0,0
PAIM-618513,6L of Kagal-Satara section from Km 592.500 to Km 658.000 of NH-48 Pkg-I (National Highways Authority of India [NHAI]) (6,Infrastructure & Highways,Ministry of Road Transport & Highways,618513,Maharashtra,4016.16,4016.16,2460.08,61.3,2022-03-01,2025-12-31,2027-12-31,2025-12-01,18,0.0,0
PAIM-618514,6L of Kagal-Satara section from Km 658.000 to Km 725.000 of NH-48 Pkg-II (National Highways Authority of India [NHAI]) (,Infrastructure & Highways,Ministry of Road Transport & Highways,618514,Maharashtra,1639.01,1639.01,474.57,29.0,2020-03-01,2026-12-31,2026-12-31,2025-12-01,18,0.0,0
PAIM-618555,urban link to Nagpur -Raipur road Pardi octroi Naka to Itwari (National Highways Authority of India [NHAI]) (618555),Infrastructure & Highways,Ministry of Road Transport & Highways,618555,Maharashtra,2502.49,2502.49,964.29,38.5,2020-03-01,2025-12-31,2026-12-31,2025-12-01,0,0.0,0
PAIM-618557,4L of Indora Chowk to Pachpaoli and Agrasen Chowk - Ashoka Chowk (National Highways Authority of India [NHAI]) (618557),Infrastructure & Highways,Ministry of Road Transport & Highways,618557,Maharashtra,815.05,815.05,548.94,67.4,2022-03-01,2027-12-31,2026-12-31,2025-12-01,0,0.0,0
PAIM-618588,NH-6 New NH-53 (National Highways Authority of India [NHAI]) (618588),Infrastructure & Highways,Ministry of Road Transport & Highways,618588,Maharashtra,3708.24,3708.24,626.79,16.9,2021-03-01,2027-12-31,2026-12-31,2025-12-01,24,0.0,0
PAIM-618594,Panvel to km 42.300 Kasu (National Highways Authority of India [NHAI]) (618594),Infrastructure & Highways,Ministry of Road Transport & Highways,618594,Maharashtra,3823.34,3823.34,805.85,21.1,2022-03-01,2026-12-31,2026-12-31,2025-12-01,18,0.0,0
PAIM-618693,Bodhre - Dhule (National Highways Authority of India [NHAI]) (618693),Infrastructure & Highways,Ministry of Road Transport & Highways,618693,Maharashtra,1206.07,1206.07,359.21,29.8,2020-03-01,2026-12-31,2028-12-31,2025-12-01,24,0.0,0
PAIM-618836,4L of Ratnagiri - Kolhapur section from km 67.140 to km 112.340 of NH-166 Pkg  II (National Highways Authority of India ,Infrastructure & Highways,Ministry of Road Transport & Highways,618836,Maharashtra,1559.35,1559.35,876.28,56.2,2023-03-01,2025-12-31,2028-12-31,2025-12-01,36,0.0,0
PAIM-618837,4L of Ratnagiri - Kolhapur section from km 112.340 to km 145.300 of NH-166 PkgIII (National Highways Authority of India ,Infrastructure & Highways,Ministry of Road Transport & Highways,618837,Maharashtra,3755.14,3755.14,1689.85,45.0,2022-03-01,2027-12-31,2026-12-31,2025-12-01,24,0.0,0
PAIM-618937,4L of Nagpur-Katol Section from Km. 13.00 to Km. 62.900 of NH-353J (National Highways Authority of India [NHAI]) (618937,Infrastructure & Highways,Ministry of Road Transport & Highways,618937,Maharashtra,2266.58,2266.58,1810.15,79.9,2020-03-01,2026-12-31,2028-12-31,2025-12-01,24,0.0,0
PAIM-618681,1 (National Highways Authority of India [NHAI]) (618681),Infrastructure & Highways,Ministry of Road Transport & Highways,618681,Odisha,4054.91,4054.91,1661.85,41.0,2022-03-01,2027-12-31,2026-12-31,2025-12-01,24,0.0,0
PAIM-618477,Km 156.000 to Km 180.000 (National Highways Authority of India [NHAI]) (618477),Infrastructure & Highways,Ministry of Road Transport & Highways,618477,Tamil Nadu,2266.47,2266.47,1420.21,62.7,2021-03-01,2025-12-31,2027-12-31,2025-12-01,18,0.0,0
PAIM-618634,716B Pkg-III (National Highways Authority of India [NHAI]) (618634),Infrastructure & Highways,Ministry of Road Transport & Highways,618634,Tamil Nadu,1377.23,1377.23,1050.95,76.3,2021-03-01,2025-12-31,2027-12-31,2025-12-01,6,0.0,0
PAIM-618771,6L of Varadharajula to Kumarajapet from km 0.000 to km 43.800 of NH-716B Pkg-I (National Highways Authority of India [NH,Infrastructure & Highways,Ministry of Road Transport & Highways,618771,Tamil Nadu,1646.79,1646.79,1195.66,72.6,2022-03-01,2025-12-31,2028-12-31,2025-12-01,24,0.0,0
PAIM-618772,716B Pkg-II (National Highways Authority of India [NHAI]) (618772),Infrastructure & Highways,Ministry of Road Transport & Highways,618772,Tamil Nadu,1336.84,1336.84,355.37,26.6,2022-03-01,2026-12-31,2028-12-31,2025-12-01,0,0.0,0
PAIM-618747,village to Recherla village Design Chainage 63117 to 105236] (National Highways Authority of India [NHAI]) (618747),Infrastructure & Highways,Ministry of Road Transport & Highways,618747,Bihar,1999.92,1999.92,618.88,30.9,2022-03-01,2027-12-31,2028-12-31,2025-12-01,0,0.0,0
PAIM-618531,km. 209.827 of NH-2 PKG-01 (National Highways Authority of India [NHAI]) (618531),Infrastructure & Highways,Ministry of Road Transport & Highways,618531,Bihar,2969.97,2969.97,319.61,10.8,2022-03-01,2025-12-31,2027-12-31,2025-12-01,6,0.0,0
PAIM-618532,Km. 249.525 of NH-19 PKG-02 (National Highways Authority of India [NHAI]) (618532),Infrastructure & Highways,Ministry of Road Transport & Highways,618532,Bihar,1767.97,1767.97,246.29,13.9,2022-03-01,2025-12-31,2028-12-31,2025-12-01,0,0.0,0
PAIM-618951,Hariharganj to Parwa Mode section from km 23.284 to km 57.049 of NH-98 (National Highways Authority of India [NHAI]) (61,Infrastructure & Highways,Ministry of Road Transport & Highways,618951,Bihar,4240.03,4240.03,485.05,11.4,2022-03-01,2025-12-31,2026-12-31,2025-12-01,6,0.0,0
PAIM-618952,4L of Sahibganj - Manihari Ganga Bridge including Manihari Bypass (National Highways Authority of India [NHAI]) (618952),Infrastructure & Highways,Ministry of Road Transport & Highways,618952,Bihar,3799.25,3799.25,468.82,12.3,2022-03-01,2026-12-31,2027-12-31,2025-12-01,6,0.0,0
PAIM-618530,Six Laning of Varanasi to Aurangabad from km. 786.00 to km. 978.40 of Old NH-2 (National Highways Authority of India [NH,Infrastructure & Highways,Ministry of Road Transport & Highways,618530,Bihar,684.72,684.72,562.57,82.2,2022-03-01,2026-12-31,2027-12-31,2025-12-01,0,0.0,0
PAIM-618676,Package  OD-1 (National Highways Authority of India [NHAI]) (618676),Infrastructure & Highways,Ministry of Road Transport & Highways,618676,Odisha,645.4,645.4,458.58,71.1,2023-03-01,2026-12-31,2026-12-31,2025-12-01,24,0.0,0
PAIM-618942,from Km 70.800 to  km 84.120 of Khanapur- KA/GOA Border section of NH-4A (National Highways Authority of India [NHAI]) (,Infrastructure & Highways,Ministry of Road Transport & Highways,618942,Maharashtra,2529.8,2529.8,1399.25,55.3,2022-03-01,2026-12-31,2028-12-31,2025-12-01,24,0.0,0
PAIM-618637,Bal. Works of Fagne Km. 510.000 to Maharashtra/Gujarat Border Km. 650.794 (National Highways Authority of India [NHAI]) ,Infrastructure & Highways,Ministry of Road Transport & Highways,618637,Maharashtra,3428.96,3428.96,2675.81,78.0,2020-03-01,2025-12-31,2026-12-31,2025-12-01,6,0.0,0
PAIM-618760,Km 27.910 Pkg-02 (National Highways Authority of India [NHAI]) (618760),Infrastructure & Highways,Ministry of Road Transport & Highways,618760,Haryana,3255.4,3255.4,2541.23,78.1,2022-03-01,2027-12-31,2028-12-31,2025-12-01,0,0.0,0
PAIM-618935,4L  Ambala - Kalaamb from Km. -0.800 to Km. 33.015 of old NH-72 (National Highways Authority of India [NHAI]) (618935),Infrastructure & Highways,Ministry of Road Transport & Highways,618935,Haryana,1230.53,1230.53,918.62,74.7,2020-03-01,2026-12-31,2028-12-31,2025-12-01,18,0.0,0
PAIM-618505,KM 273.00 (National Highways Authority of India [NHAI]) (618505),Infrastructure & Highways,Ministry of Road Transport & Highways,618505,Rajasthan,3496.22,3496.22,1546.75,44.2,2020-03-01,2027-12-31,2027-12-31,2025-12-01,18,0.0,0
PAIM-618723,section of Shamli -Ambala Package-II Design Ch. Form km 45.500 to km 84.400 (National Highways Authority of India [NHAI],Infrastructure & Highways,Ministry of Road Transport & Highways,618723,Haryana,2899.87,2899.87,1631.39,56.3,2021-03-01,2026-12-31,2028-12-31,2025-12-01,12,0.0,0
PAIM-618828,4L from Km 219.600 Khajuri to Km 260.483 Wyndhamganj on NH-75 Sec-V (National Highways Authority of India [NHAI]) (61882,Infrastructure & Highways,Ministry of Road Transport & Highways,618828,Multi-State,3416.67,3416.67,1303.26,38.1,2023-03-01,2025-12-31,2026-12-31,2025-12-01,6,0.0,0
PAIM-618533,Barwa Adda Km. 398.240 to Panagarh Km. 521.120 (National Highways Authority of India [NHAI]) (618533),Infrastructure & Highways,Ministry of Road Transport & Highways,618533,Multi-State,2406.75,2406.75,479.0,19.9,2020-03-01,2026-12-31,2027-12-31,2025-12-01,12,0.0,0
PAIM-618909,Chandil Junction with NH-33 km. 153.705 of Old NH-32 (National Highways Authority of India [NHAI]) (618909),Infrastructure & Highways,Ministry of Road Transport & Highways,618909,Multi-State,3842.47,3842.47,1603.46,41.7,2022-03-01,2026-12-31,2026-12-31,2025-12-01,36,0.0,0
PAIM-618515,Pkg-I (National Highways Authority of India [NHAI]) (618515),Infrastructure & Highways,Ministry of Road Transport & Highways,618515,Maharashtra,3583.98,3583.98,1239.68,34.6,2022-03-01,2027-12-31,2028-12-31,2025-12-01,6,0.0,0
PAIM-618516,NH-48 Pkg-II (National Highways Authority of India [NHAI]) (618516),Infrastructure & Highways,Ministry of Road Transport & Highways,618516,Maharashtra,1625.96,1625.96,1021.33,62.8,2021-03-01,2027-12-31,2027-12-31,2025-12-01,0,0.0,0
PAIM-618519,to TN/KNT border from km 144.480 to 179.969 (National Highways Authority of India [NHAI]) (618519),Infrastructure & Highways,Ministry of Road Transport & Highways,618519,Karnataka,2013.66,2013.66,1017.12,50.5,2021-03-01,2025-12-31,2028-12-31,2025-12-01,36,0.0,0
PAIM-618581,Hosur to Dhamrapuri Pkg-1 [Neraluru - Thorapalli Agraharam] (National Highways Authority of India [NHAI]) (618581),Infrastructure & Highways,Ministry of Road Transport & Highways,618581,Karnataka,4292.94,4292.94,2724.52,63.5,2020-03-01,2025-12-31,2026-12-31,2025-12-01,0,0.0,0
PAIM-618632,Km 202.900 to Km 242.200 Pkg-1 (National Highways Authority of India [NHAI]) (618632),Infrastructure & Highways,Ministry of Road Transport & Highways,618632,Karnataka,4164.8,4164.8,656.26,15.8,2023-03-01,2026-12-31,2027-12-31,2025-12-01,6,0.0,0
PAIM-618938,of NH-353B (National Highways Authority of India [NHAI]) (618938),Infrastructure & Highways,Ministry of Road Transport & Highways,618938,Maharashtra,812.91,812.91,180.49,22.2,2023-03-01,2025-12-31,2026-12-31,2025-12-01,24,0.0,0
PAIM-618845,Puducherry Km.29.000 to Poondiyankuppam Km.67.000 (National Highways Authority of India [NHAI]) (618845),Infrastructure & Highways,Ministry of Road Transport & Highways,618845,Maharashtra,3767.07,3767.07,2732.07,72.5,2020-03-01,2026-12-31,2026-12-31,2025-12-01,24,0.0,0
PAIM-618847,Sattanathapuram to Nagapattinam from Km 123.800 to Km 179.555 (National Highways Authority of India [NHAI]) (618847),Infrastructure & Highways,Ministry of Road Transport & Highways,618847,Multi-State,4402.63,4402.63,2828.43,64.2,2020-03-01,2025-12-31,2027-12-31,2025-12-01,12,0.0,0
PAIM-618711,Km to 41.820 Km of Delhi- Dehradun Economic Corridor package-2 (National Highways Authority of India [NHAI]) (618711),Infrastructure & Highways,Ministry of Road Transport & Highways,618711,Delhi,2701.23,2701.23,1079.43,40.0,2023-03-01,2026-12-31,2027-12-31,2025-12-01,36,0.0,0
PAIM-618928,"14.490 Km., Starts from Ch. 38770 and ends at Ch. 53260 existing Ch. 05560 (National Highways Authority of India [NHAI])",Infrastructure & Highways,Ministry of Road Transport & Highways,618928,Multi-State,3026.45,3026.45,368.07,12.2,2021-03-01,2026-12-31,2026-12-31,2025-12-01,6,0.0,0
PAIM-618969,4/6L of  Spur to Haridwar Greenfield from Km. 0.000 to Km. 50.70 (National Highways Authority of India [NHAI]) (618969),Infrastructure & Highways,Ministry of Road Transport & Highways,618969,Multi-State,2713.03,2713.03,479.56,17.7,2022-03-01,2025-12-31,2028-12-31,2025-12-01,36,0.0,0
PAIM-617899,Mangalpur section of NH 20 in the state of Odisha on Annual Plan 2021-22 (MoRTH) (617899),Infrastructure & Highways,Ministry of Road Transport & Highways,617899,Odisha,3836.04,3836.04,3104.26,80.9,2023-03-01,2027-12-31,2026-12-31,2025-12-01,24,0.0,0
PAIM-617904,79/800 Design km 11/670 of NH-26 in the State of Odisha. (MoRTH) (617904),Infrastructure & Highways,Ministry of Road Transport & Highways,617904,Odisha,1560.87,1560.87,1303.3,83.5,2021-03-01,2026-12-31,2028-12-31,2025-12-01,36,0.0,0
PAIM-617905,EPC mode under Annual Plan 2021-22 (MoRTH) (617905),Infrastructure & Highways,Ministry of Road Transport & Highways,617905,Odisha,1099.54,1099.54,803.26,73.1,2022-03-01,2025-12-31,2028-12-31,2025-12-01,12,0.0,0
PAIM-617921,277/500 to 318/970 of NH-55 in the State of Odisha under Annual Plan 2021-22. (MoRTH) (617921),Infrastructure & Highways,Ministry of Road Transport & Highways,617921,Odisha,1699.41,1699.41,754.66,44.4,2020-03-01,2027-12-31,2027-12-31,2025-12-01,36,0.0,0
PAIM-617924,including land acquisition in the state of Odisha. (MoRTH) (617924),Infrastructure & Highways,Ministry of Road Transport & Highways,617924,Odisha,614.93,614.93,361.92,58.9,2023-03-01,2025-12-31,2028-12-31,2025-12-01,36,0.0,0
PAIM-617925,including LA in the State of Odisha on EPC mode. (MoRTH) (617925),Infrastructure & Highways,Ministry of Road Transport & Highways,617925,Odisha,1940.56,1940.56,626.58,32.3,2023-03-01,2027-12-31,2026-12-31,2025-12-01,36,0.0,0
PAIM-617930,Berhampur town including 4-lane RoB in the state of Odisha. (MoRTH) (617930),Infrastructure & Highways,Ministry of Road Transport & Highways,617930,Odisha,1496.6,1496.6,326.51,21.8,2020-03-01,2025-12-31,2027-12-31,2025-12-01,36,0.0,0
PAIM-618003,2033-34 (MoRTH) (618003),Infrastructure & Highways,Ministry of Road Transport & Highways,618003,Odisha,2409.48,2409.48,752.16,31.2,2021-03-01,2027-12-31,2028-12-31,2025-12-01,24,0.0,0
PAIM-618012,section of NH 326 in the State of Odisha under Annual Plan 2021.22. (MoRTH) (618012),Infrastructure & Highways,Ministry of Road Transport & Highways,618012,Odisha,2242.85,2242.85,1546.6,69.0,2021-03-01,2027-12-31,2027-12-31,2025-12-01,24,0.0,0
PAIM-618523,Bhadrak KM 136.500 to Baleshwar KM 199.141 (National Highways Authority of India [NHAI]) (618523),Infrastructure & Highways,Ministry of Road Transport & Highways,618523,Odisha,2706.14,2706.14,1754.07,64.8,2020-03-01,2026-12-31,2028-12-31,2025-12-01,36,0.0,0
PAIM-618677,km 293000 Package  OD-5 (National Highways Authority of India [NHAI]) (618677),Infrastructure & Highways,Ministry of Road Transport & Highways,618677,Odisha,3182.31,3182.31,606.84,19.1,2023-03-01,2027-12-31,2028-12-31,2025-12-01,36,0.0,0
PAIM-618678,km 338500 Package  OD-6 (National Highways Authority of India [NHAI]) (618678),Infrastructure & Highways,Ministry of Road Transport & Highways,618678,Odisha,2974.95,2974.95,841.09,28.3,2021-03-01,2026-12-31,2028-12-31,2025-12-01,18,0.0,0
PAIM-618680,365033 Package-OD-8 (National Highways Authority of India [NHAI]) (618680),Infrastructure & Highways,Ministry of Road Transport & Highways,618680,Odisha,1311.42,1311.42,888.29,67.7,2020-03-01,2027-12-31,2026-12-31,2025-12-01,6,0.0,0
PAIM-618819,Balance work of Panikoili Rimoli Section of new NH-20 from Km 0.00 to Km. 163.000 (National Highways Authority of India ,Infrastructure & Highways,Ministry of Road Transport & Highways,618819,Odisha,1581.51,1581.51,927.43,58.6,2023-03-01,2025-12-31,2028-12-31,2025-12-01,0,0.0,0
PAIM-618820,NH-53 Old NH  5A from Km.39.000 to Km.60.00 Package-3 (National Highways Authority of India [NHAI]) (618820),Infrastructure & Highways,Ministry of Road Transport & Highways,618820,Odisha,3512.97,3512.97,1804.24,51.4,2023-03-01,2027-12-31,2026-12-31,2025-12-01,24,0.0,0
PAIM-618821,Package-2 (National Highways Authority of India [NHAI]) (618821),Infrastructure & Highways,Ministry of Road Transport & Highways,618821,Odisha,1283.49,1283.49,1045.79,81.5,2021-03-01,2026-12-31,2026-12-31,2025-12-01,18,0.0,0
PAIM-618908,NH-200 New NH -53 (National Highways Authority of India [NHAI]) (618908),Infrastructure & Highways,Ministry of Road Transport & Highways,618908,Odisha,1019.47,1019.47,500.74,49.1,2021-03-01,2025-12-31,2026-12-31,2025-12-01,0,0.0,0
PAIM-618913,4-L of Rajamunda to Barkote Section of NH-23 from km. 287.200 to km. 337.185 (National Highways Authority of India [NHAI,Infrastructure & Highways,Ministry of Road Transport & Highways,618913,Odisha,1012.11,1012.11,743.19,73.4,2022-03-01,2025-12-31,2028-12-31,2025-12-01,0,0.0,0
PAIM-618023,on EPC mode. Job No. NH-354-PB-2021-22-555 (MoRTH) (618023),Infrastructure & Highways,Ministry of Road Transport & Highways,618023,Punjab,260.96,260.96,213.8,81.9,2022-03-01,2026-12-31,2026-12-31,2025-12-01,6,0.0,0
PAIM-618024,No. NH-354-PB-2020-21-532 (MoRTH) (618024),Infrastructure & Highways,Ministry of Road Transport & Highways,618024,Punjab,2647.18,2647.18,876.43,33.1,2020-03-01,2027-12-31,2028-12-31,2025-12-01,6,0.0,0
PAIM-618487,Bhogiwal village Km 188830 to km 225770 (National Highways Authority of India [NHAI]) (618487),Infrastructure & Highways,Ministry of Road Transport & Highways,618487,Punjab,2853.95,2853.95,2285.91,80.1,2023-03-01,2026-12-31,2028-12-31,2025-12-01,6,0.0,0
PAIM-618488,near Mullanpur Dakha Km 225770 to km 260860 (National Highways Authority of India [NHAI]) (618488),Infrastructure & Highways,Ministry of Road Transport & Highways,618488,Punjab,2156.05,2156.05,1186.25,55.0,2023-03-01,2025-12-31,2027-12-31,2025-12-01,18,0.0,0
PAIM-618489,Kang Sahibu village Km 260860 to km 303900 (National Highways Authority of India [NHAI]) (618489),Infrastructure & Highways,Ministry of Road Transport & Highways,618489,Punjab,3158.55,3158.55,1698.58,53.8,2020-03-01,2027-12-31,2028-12-31,2025-12-01,12,0.0,0
PAIM-618490,Sultanpur Lodhi road NH-703A km 000 to km 24000 to Amritsar connectivity (National Highways Authority of India [NHAI]) (,Infrastructure & Highways,Ministry of Road Transport & Highways,618490,Punjab,2015.03,2015.03,1117.43,55.5,2023-03-01,2027-12-31,2027-12-31,2025-12-01,12,0.0,0
PAIM-618491,362420 (National Highways Authority of India [NHAI]) (618491),Infrastructure & Highways,Ministry of Road Transport & Highways,618491,Punjab,2465.52,2465.52,574.79,23.3,2022-03-01,2027-12-31,2027-12-31,2025-12-01,24,0.0,0
PAIM-618492,Pathankot-Gurdaspur road NH-54 near Gurdaspur Km 362420 to km 397700 (National Highways Authority of India [NHAI]) (6184,Infrastructure & Highways,Ministry of Road Transport & Highways,618492,Punjab,1765.2,1765.2,685.36,38.8,2023-03-01,2025-12-31,2027-12-31,2025-12-01,24,0.0,0
PAIM-618493,NH-703AA near Goinwal Sahib [Km 24000 to Km 41000 of Amritsar connectivity] (National Highways Authority of India [NHAI],Infrastructure & Highways,Ministry of Road Transport & Highways,618493,Punjab,1930.43,1930.43,1618.57,83.8,2023-03-01,2026-12-31,2027-12-31,2025-12-01,12,0.0,0
PAIM-618552,at Kang Sahbu NH-703  via Sarmastpur NH-44 - Madara NH-03 - Khajurla NH-44 (National Highways Authority of India [NHAI]),Infrastructure & Highways,Ministry of Road Transport & Highways,618552,Haryana,4380.18,4380.18,1233.68,28.2,2023-03-01,2027-12-31,2028-12-31,2025-12-01,36,0.0,0
PAIM-618610,NH-54 from km. 0.000 to km. 27.400 of NH-54 (National Highways Authority of India [NHAI]) (618610),Infrastructure & Highways,Ministry of Road Transport & Highways,618610,Haryana,2928.22,2928.22,2122.91,72.5,2022-03-01,2027-12-31,2027-12-31,2025-12-01,24,0.0,0
PAIM-618617,Pkg-1 (National Highways Authority of India [NHAI]) (618617),Infrastructure & Highways,Ministry of Road Transport & Highways,618617,Punjab,1204.56,1204.56,269.34,22.4,2023-03-01,2025-12-31,2027-12-31,2025-12-01,0,0.0,0
PAIM-618618,Sangat Kalan from km 93.000 to km 154.866 of NH-754A Pkg-3 (National Highways Authority of India [NHAI]) (618618),Infrastructure & Highways,Ministry of Road Transport & Highways,618618,Punjab,4488.45,4488.45,1848.57,41.2,2022-03-01,2026-12-31,2028-12-31,2025-12-01,12,0.0,0
PAIM-618647,Road NH-703 near village Tallewal from Km 0.0 to Km 30.3 of NH-754AD Pkg-1 (National Highways Authority of India [NHAI]),Infrastructure & Highways,Ministry of Road Transport & Highways,618647,Punjab,2327.56,2327.56,1532.57,65.8,2020-03-01,2027-12-31,2028-12-31,2025-12-01,12,0.0,0
PAIM-618764,Moga - Bagha Purana - Bajakhana from km. 0.00 to km. 43.32 (National Highways Authority of India [NHAI]) (618764),Infrastructure & Highways,Ministry of Road Transport & Highways,618764,Punjab,4208.42,4208.42,1607.4,38.2,2020-03-01,2026-12-31,2026-12-31,2025-12-01,12,0.0,0
PAIM-618785,Pkg-3 (National Highways Authority of India [NHAI]) (618785),Infrastructure & Highways,Ministry of Road Transport & Highways,618785,Punjab,3240.57,3240.57,2338.01,72.1,2021-03-01,2025-12-31,2028-12-31,2025-12-01,6,0.0,0
PAIM-618789,6L of IT City Chowk to Kurali Chandigarh Road (National Highways Authority of India [NHAI]) (618789),Infrastructure & Highways,Ministry of Road Transport & Highways,618789,Punjab,4206.23,4206.23,1213.16,28.8,2022-03-01,2025-12-31,2028-12-31,2025-12-01,0,0.0,0
PAIM-618794,Amritsarairport Junction - Ramdas from km. 100.835 to km. 139.813 Pkg - IV (National Highways Authority of India [NHAI]),Infrastructure & Highways,Ministry of Road Transport & Highways,618794,Punjab,2049.61,2049.61,1501.59,73.3,2021-03-01,2027-12-31,2026-12-31,2025-12-01,36,0.0,0
PAIM-618795,Amritsar Bypass Pkg III from km. 71.496 to km. 105.158 (National Highways Authority of India [NHAI]) (618795),Infrastructure & Highways,Ministry of Road Transport & Highways,618795,Punjab,4030.45,4030.45,1510.97,37.5,2020-03-01,2026-12-31,2028-12-31,2025-12-01,18,0.0,0
PAIM-618809,0.000 to Km. 31.300 Pkg-1 (National Highways Authority of India [NHAI]) (618809),Infrastructure & Highways,Ministry of Road Transport & Highways,618809,Punjab,1952.16,1952.16,1360.53,69.7,2021-03-01,2026-12-31,2027-12-31,2025-12-01,6,0.0,0
PAIM-618810,Nanak  from Km. 31.300 to Km. 69.100  with Additional batala Bypass Pkg-II (National Highways Authority of India [NHAI]),Infrastructure & Highways,Ministry of Road Transport & Highways,618810,Punjab,4404.56,4404.56,739.32,16.8,2021-03-01,2027-12-31,2028-12-31,2025-12-01,24,0.0,0
PAIM-618906,503A Package-I (National Highways Authority of India [NHAI]) (618906),Infrastructure & Highways,Ministry of Road Transport & Highways,618906,Rajasthan,1873.63,1873.63,1149.48,61.4,2022-03-01,2027-12-31,2027-12-31,2025-12-01,36,0.0,0
PAIM-617887,Beawer Gomti 4LPS from km 58.245 to km 108.600 Pkg-I (MoRTH) (617887),Infrastructure & Highways,Ministry of Road Transport & Highways,617887,Rajasthan,1543.67,1543.67,846.3,54.8,2023-03-01,2027-12-31,2026-12-31,2025-12-01,36,0.0,0
PAIM-617891,Design Km 41.625 to Km 54.689 of NH-11 on EPC Mode in the state of Rajasthan . (MoRTH) (617891),Infrastructure & Highways,Ministry of Road Transport & Highways,617891,Rajasthan,798.99,798.99,601.41,75.3,2020-03-01,2027-12-31,2028-12-31,2025-12-01,36,0.0,0
PAIM-617900,Length-93.52 Km. (MoRTH) (617900),Infrastructure & Highways,Ministry of Road Transport & Highways,617900,Rajasthan,4097.52,4097.52,2546.12,62.1,2020-03-01,2026-12-31,2028-12-31,2025-12-01,36,0.0,0
PAIM-617901,on EPC mode in the state of Rajasthan. (MoRTH) (617901),Infrastructure & Highways,Ministry of Road Transport & Highways,617901,Rajasthan,566.24,566.24,387.07,68.4,2023-03-01,2025-12-31,2028-12-31,2025-12-01,36,0.0,0
PAIM-618011,the state of Rajasthan on EPC Mode (MoRTH) (618011),Infrastructure & Highways,Ministry of Road Transport & Highways,618011,Rajasthan,3711.68,3711.68,2660.87,71.7,2023-03-01,2025-12-31,2026-12-31,2025-12-01,18,0.0,0
PAIM-618093,55.950 of NH-162E on EPC mode. (MoRTH) (618093),Infrastructure & Highways,Ministry of Road Transport & Highways,618093,Rajasthan,3674.86,3674.86,2599.27,70.7,2022-03-01,2027-12-31,2026-12-31,2025-12-01,12,0.0,0
PAIM-618118,the State of Rajasthan. (MoRTH) (618118),Infrastructure & Highways,Ministry of Road Transport & Highways,618118,Rajasthan,3279.58,3279.58,2307.0,70.3,2021-03-01,2025-12-31,2027-12-31,2025-12-01,6,0.0,0
PAIM-618200,in the State of Rajasthan. (MoRTH) (618200),Infrastructure & Highways,Ministry of Road Transport & Highways,618200,Rajasthan,905.99,905.99,606.77,67.0,2022-03-01,2027-12-31,2026-12-31,2025-12-01,0,0.0,0
PAIM-618456,[Junction with NH- 76 to Junction with NH-12 near village Ummedpura] (National Highways Authority of India [NHAI]) (6184,Infrastructure & Highways,Ministry of Road Transport & Highways,618456,Rajasthan,663.48,663.48,484.07,73.0,2023-03-01,2026-12-31,2026-12-31,2025-12-01,12,0.0,0
PAIM-618457,[End of Interchange on NH-166 near village Mui to Hardeoganj village near Indergarh] (National Highways Authority of Ind,Infrastructure & Highways,Ministry of Road Transport & Highways,618457,Rajasthan,3668.49,3668.49,2519.98,68.7,2023-03-01,2026-12-31,2028-12-31,2025-12-01,0,0.0,0
PAIM-618458,Nayagaon Jageer village] (National Highways Authority of India [NHAI]) (618458),Infrastructure & Highways,Ministry of Road Transport & Highways,618458,Gujarat,427.85,427.85,305.64,71.4,2022-03-01,2026-12-31,2026-12-31,2025-12-01,24,0.0,0
PAIM-618612,Deogarh near Dhandhaniya-Rajasthan/Gujarat Border Phase-I AJ/DRGB-Package-6 (National Highways Authority of India [NHAI],Infrastructure & Highways,Ministry of Road Transport & Highways,618612,Gujarat,2916.73,2916.73,1796.1,61.6,2023-03-01,2027-12-31,2027-12-31,2025-12-01,18,0.0,0
PAIM-618613,Deogarh near Dhandhaniya-Rajasthan/Gujarat Border Phase-I AJ/DRGB-Package-7 (National Highways Authority of India [NHAI],Infrastructure & Highways,Ministry of Road Transport & Highways,618613,Gujarat,2564.94,2564.94,434.19,16.9,2023-03-01,2025-12-31,2026-12-31,2025-12-01,12,0.0,0
PAIM-618796,Pakisthan Border NH-968 Pkg-BM/5 (National Highways Authority of India [NHAI]) (618796),Infrastructure & Highways,Ministry of Road Transport & Highways,618796,Rajasthan,1325.66,1325.66,833.77,62.9,2022-03-01,2027-12-31,2026-12-31,2025-12-01,24,0.0,0
PAIM-618838,Road Pkg-II (National Highways Authority of India [NHAI]) (618838),Infrastructure & Highways,Ministry of Road Transport & Highways,618838,Rajasthan,3750.0,3750.0,1631.74,43.5,2023-03-01,2027-12-31,2026-12-31,2025-12-01,18,0.0,0
PAIM-617962,the state of Tamil Nadu job No.NH-49 Extn New NH 85 - TN-2021-22-997 (MoRTH) (617962),Infrastructure & Highways,Ministry of Road Transport & Highways,617962,Tamil Nadu,4478.04,4478.04,3434.47,76.7,2020-03-01,2027-12-31,2027-12-31,2025-12-01,6,0.0,0
PAIM-618478,Km 180.000 to Km 204.500 (National Highways Authority of India [NHAI]) (618478),Infrastructure & Highways,Ministry of Road Transport & Highways,618478,Tamil Nadu,638.21,638.21,92.48,14.5,2020-03-01,2025-12-31,2027-12-31,2025-12-01,0,0.0,0
PAIM-618479,from Km 204.500 to Km 230.000 (National Highways Authority of India [NHAI]) (618479),Infrastructure & Highways,Ministry of Road Transport & Highways,618479,Tamil Nadu,4315.55,4315.55,595.87,13.8,2021-03-01,2026-12-31,2026-12-31,2025-12-01,0,0.0,0
PAIM-618481,Kanchepuram to Sriperumbudur Section Phase-III/Package-IV (National Highways Authority of India [NHAI]) (618481),Infrastructure & Highways,Ministry of Road Transport & Highways,618481,Tamil Nadu,1808.46,1808.46,599.02,33.1,2020-03-01,2025-12-31,2028-12-31,2025-12-01,36,0.0,0
PAIM-618521,Karaipettai to Walajapet from Km 71.015 to 107.091 (National Highways Authority of India [NHAI]) (618521),Infrastructure & Highways,Ministry of Road Transport & Highways,618521,Tamil Nadu,374.78,374.78,176.84,47.2,2023-03-01,2026-12-31,2027-12-31,2025-12-01,36,0.0,0
PAIM-618563,4L of Madurai Ring Road Phase 1 [Vadipatti-Thamrapatti] from km 0.00 - km 29.960 (National Highways Authority of India [,Infrastructure & Highways,Ministry of Road Transport & Highways,618563,Tamil Nadu,1407.07,1407.07,928.79,66.0,2022-03-01,2025-12-31,2027-12-31,2025-12-01,6,0.0,0
PAIM-618608,Kanyakumari Section from Km 43.0 to Km 96.174 of NH66 (National Highways Authority of India [NHAI]) (618608),Infrastructure & Highways,Ministry of Road Transport & Highways,618608,Tamil Nadu,1661.47,1661.47,781.31,47.0,2021-03-01,2025-12-31,2028-12-31,2025-12-01,18,0.0,0
PAIM-618635,IV (National Highways Authority of India [NHAI]) (618635),Infrastructure & Highways,Ministry of Road Transport & Highways,618635,Tamil Nadu,1951.19,1951.19,811.27,41.6,2023-03-01,2025-12-31,2026-12-31,2025-12-01,12,0.0,0
PAIM-618744,4L of Thirumangalam to Vadugapatti section from km 0.000 to km 36.000 of NH-744 (National Highways Authority of India [N,Infrastructure & Highways,Ministry of Road Transport & Highways,618744,Tamil Nadu,2988.49,2988.49,1957.22,65.5,2021-03-01,2027-12-31,2028-12-31,2025-12-01,24,0.0,0
PAIM-618745,71.600 of NH-744 (National Highways Authority of India [NHAI]) (618745),Infrastructure & Highways,Ministry of Road Transport & Highways,618745,Tamil Nadu,649.96,649.96,537.05,82.6,2022-03-01,2027-12-31,2027-12-31,2025-12-01,36,0.0,0
PAIM-618756,Melur - Pilayarpatti - Karaikudi from km 99.920 of NH 38 to km 12.9 of NH 383 Ext. (National Highways Authority of India,Infrastructure & Highways,Ministry of Road Transport & Highways,618756,Tamil Nadu,2775.02,2775.02,1164.15,42.0,2023-03-01,2026-12-31,2028-12-31,2025-12-01,0,0.0,0
PAIM-618800,Km 4.604 to Km 9.700 (National Highways Authority of India [NHAI]) (618800),Infrastructure & Highways,Ministry of Road Transport & Highways,618800,Tamil Nadu,866.88,866.88,483.9,55.8,2023-03-01,2027-12-31,2028-12-31,2025-12-01,6,0.0,0
PAIM-618801,0342 to Km 4604 (National Highways Authority of India [NHAI]) (618801),Infrastructure & Highways,Ministry of Road Transport & Highways,618801,Tamil Nadu,3553.33,3553.33,922.13,26.0,2022-03-01,2025-12-31,2027-12-31,2025-12-01,36,0.0,0
PAIM-618894,83 (National Highways Authority of India [NHAI]) (618894),Infrastructure & Highways,Ministry of Road Transport & Highways,618894,Tamil Nadu,3905.35,3905.35,2467.34,63.2,2020-03-01,2025-12-31,2028-12-31,2025-12-01,12,0.0,0
PAIM-618895,Kamalapuram to Oddanchatram from km. 0.00 to km. 35.822 (National Highways Authority of India [NHAI]) (618895),Infrastructure & Highways,Ministry of Road Transport & Highways,618895,Tamil Nadu,3553.04,3553.04,2330.65,65.6,2022-03-01,2027-12-31,2028-12-31,2025-12-01,24,0.0,0
PAIM-618897,NH45 C Pkg-II (National Highways Authority of India [NHAI]) (618897),Infrastructure & Highways,Ministry of Road Transport & Highways,618897,Tamil Nadu,4136.89,4136.89,1279.45,30.9,2023-03-01,2025-12-31,2026-12-31,2025-12-01,12,0.0,0
PAIM-617913,Bangalore section of NH-44 Under NHO EPC basis in the state of Telangana (MoRTH) (617913),Infrastructure & Highways,Ministry of Road Transport & Highways,617913,Telangana,1117.76,1117.76,686.31,61.4,2023-03-01,2025-12-31,2027-12-31,2025-12-01,12,0.0,0
PAIM-617936,Telangana. (MoRTH) (617936),Infrastructure & Highways,Ministry of Road Transport & Highways,617936,Telangana,654.63,654.63,536.93,82.0,2020-03-01,2025-12-31,2026-12-31,2025-12-01,24,0.0,0
PAIM-617940,under NH O for the year 2020-21 in the state of Telangana on EPC Mode. (MoRTH) (617940),Infrastructure & Highways,Ministry of Road Transport & Highways,617940,Telangana,991.33,991.33,807.0,81.4,2023-03-01,2026-12-31,2026-12-31,2025-12-01,0,0.0,0
PAIM-617980,mode in the state of Telangana (MoRTH) (617980),Infrastructure & Highways,Ministry of Road Transport & Highways,617980,Telangana,1004.9,1004.9,770.99,76.7,2021-03-01,2026-12-31,2026-12-31,2025-12-01,24,0.0,0
PAIM-617982,159/0 to 165/4 and 186/0 to 215/0 of NH-163 on EPC mode int the state of Telangana (MoRTH) (617982),Infrastructure & Highways,Ministry of Road Transport & Highways,617982,Telangana,493.86,493.86,357.54,72.4,2021-03-01,2025-12-31,2026-12-31,2025-12-01,36,0.0,0
PAIM-617983,2020-21 on EPC Mode in the state of Telangana. (MoRTH) (617983),Infrastructure & Highways,Ministry of Road Transport & Highways,617983,Telangana,2487.3,2487.3,1575.2,63.3,2021-03-01,2027-12-31,2026-12-31,2025-12-01,36,0.0,0
PAIM-617992,state of Telangana (MoRTH) (617992),Infrastructure & Highways,Ministry of Road Transport & Highways,617992,Telangana,1074.7,1074.7,610.17,56.8,2020-03-01,2026-12-31,2026-12-31,2025-12-01,24,0.0,0
PAIM-617994,Telangana (MoRTH) (617994),Infrastructure & Highways,Ministry of Road Transport & Highways,617994,Telangana,2710.67,2710.67,986.52,36.4,2021-03-01,2025-12-31,2027-12-31,2025-12-01,24,0.0,0
PAIM-617995,Telangana on EPC mode under NH O Annual Plan 2016-17 (MoRTH) (617995),Infrastructure & Highways,Ministry of Road Transport & Highways,617995,Telangana,2325.57,2325.57,813.59,35.0,2022-03-01,2026-12-31,2028-12-31,2025-12-01,36,0.0,0
PAIM-617996,167 on Haggari-Jadcherla Road on EPC mode under NHO in the state of Telangana (MoRTH) (617996),Infrastructure & Highways,Ministry of Road Transport & Highways,617996,Telangana,1854.2,1854.2,1398.09,75.4,2020-03-01,2026-12-31,2027-12-31,2025-12-01,18,0.0,0
PAIM-618001,of Telangana (MoRTH) (618001),Infrastructure & Highways,Ministry of Road Transport & Highways,618001,Telangana,2490.7,2490.7,251.57,10.1,2020-03-01,2027-12-31,2028-12-31,2025-12-01,24,0.0,0
PAIM-618025,mode (MoRTH) (618025),Infrastructure & Highways,Ministry of Road Transport & Highways,618025,Telangana,1021.62,1021.62,579.68,56.7,2023-03-01,2025-12-31,2028-12-31,2025-12-01,0,0.0,0
PAIM-618026,Telangana under EPC mode (MoRTH) (618026),Infrastructure & Highways,Ministry of Road Transport & Highways,618026,Telangana,4327.91,4327.91,864.1,20.0,2023-03-01,2025-12-31,2027-12-31,2025-12-01,18,0.0,0
PAIM-618104,plan 2021-22 on EPC mode under NHO. (MoRTH) (618104),Infrastructure & Highways,Ministry of Road Transport & Highways,618104,Telangana,3930.66,3930.66,3254.77,82.8,2022-03-01,2026-12-31,2027-12-31,2025-12-01,0,0.0,0
PAIM-618105,Telangana on EPC mode. (MoRTH) (618105),Infrastructure & Highways,Ministry of Road Transport & Highways,618105,Telangana,3385.18,3385.18,829.05,24.5,2020-03-01,2026-12-31,2027-12-31,2025-12-01,18,0.0,0
PAIM-618106,2021-22-75 (MoRTH) (618106),Infrastructure & Highways,Ministry of Road Transport & Highways,618106,Telangana,1181.0,1181.0,442.96,37.5,2020-03-01,2027-12-31,2028-12-31,2025-12-01,12,0.0,0
PAIM-618132,state of Telangana (MoRTH) (618132),Infrastructure & Highways,Ministry of Road Transport & Highways,618132,Telangana,2264.27,2264.27,1774.86,78.4,2020-03-01,2026-12-31,2027-12-31,2025-12-01,6,0.0,0
PAIM-618141,Telangana on EPC Mode (MoRTH) (618141),Infrastructure & Highways,Ministry of Road Transport & Highways,618141,Telangana,4270.94,4270.94,1588.9,37.2,2023-03-01,2025-12-31,2027-12-31,2025-12-01,18,0.0,0
PAIM-618142,Thirumanlagiri-- Suryapet Section of NH-365B earstwhile section of SH-16 (MoRTH) (618142),Infrastructure & Highways,Ministry of Road Transport & Highways,618142,Telangana,3893.81,3893.81,2694.39,69.2,2021-03-01,2027-12-31,2028-12-31,2025-12-01,6,0.0,0
PAIM-618143,Plan 2016-17 (MoRTH) (618143),Infrastructure & Highways,Ministry of Road Transport & Highways,618143,Telangana,4024.42,4024.42,3180.71,79.0,2022-03-01,2025-12-31,2026-12-31,2025-12-01,6,0.0,0
PAIM-618186,"Telangana on Engineering, Procurement and Construction EPC Basis (MoRTH) (618186)",Infrastructure & Highways,Ministry of Road Transport & Highways,618186,Telangana,2459.29,2459.29,1979.55,80.5,2020-03-01,2026-12-31,2026-12-31,2025-12-01,24,0.0,0
PAIM-618190,22 on EPC Mode under NH  O. (MoRTH) (618190),Infrastructure & Highways,Ministry of Road Transport & Highways,618190,Telangana,940.59,940.59,615.71,65.5,2021-03-01,2026-12-31,2026-12-31,2025-12-01,0,0.0,0
PAIM-618196,2021-22 on EPC mode (MoRTH) (618196),Infrastructure & Highways,Ministry of Road Transport & Highways,618196,Telangana,760.72,760.72,178.48,23.5,2023-03-01,2025-12-31,2027-12-31,2025-12-01,36,0.0,0
PAIM-618197,EPC mode (MoRTH) (618197),Infrastructure & Highways,Ministry of Road Transport & Highways,618197,Telangana,2194.95,2194.95,834.01,38.0,2020-03-01,2025-12-31,2026-12-31,2025-12-01,24,0.0,0
PAIM-618558,471.00 of NH-44 (National Highways Authority of India [NHAI]) (618558),Infrastructure & Highways,Ministry of Road Transport & Highways,618558,Telangana,3783.69,3783.69,2869.28,75.8,2023-03-01,2025-12-31,2026-12-31,2025-12-01,36,0.0,0
PAIM-618559,481.331 of NH-44 (National Highways Authority of India [NHAI]) (618559),Infrastructure & Highways,Ministry of Road Transport & Highways,618559,Telangana,3308.2,3308.2,394.6,11.9,2022-03-01,2027-12-31,2027-12-31,2025-12-01,12,0.0,0
PAIM-618560,NH-44 (National Highways Authority of India [NHAI]) (618560),Infrastructure & Highways,Ministry of Road Transport & Highways,618560,Telangana,3152.76,3152.76,1325.7,42.0,2020-03-01,2026-12-31,2026-12-31,2025-12-01,0,0.0,0
PAIM-618746,village to Somavaram village Design Chainage 0000 to 33604] (National Highways Authority of India [NHAI]) (618746),Infrastructure & Highways,Ministry of Road Transport & Highways,618746,Telangana,2332.75,2332.75,1874.84,80.4,2023-03-01,2025-12-31,2027-12-31,2025-12-01,0,0.0,0
PAIM-618945,31.800/Existing Km 29.400 of NH-365A (National Highways Authority of India [NHAI]) (618945),Infrastructure & Highways,Ministry of Road Transport & Highways,618945,Telangana,1850.55,1850.55,892.97,48.3,2021-03-01,2027-12-31,2026-12-31,2025-12-01,12,0.0,0
PAIM-617957,of Uttar Pradesh. (MoRTH) (617957),Infrastructure & Highways,Ministry of Road Transport & Highways,617957,Uttar Pradesh,1670.58,1670.58,833.01,49.9,2020-03-01,2027-12-31,2028-12-31,2025-12-01,36,0.0,0
PAIM-617964,EPC mode in the state of Uttar Pradesh. (MoRTH) (617964),Infrastructure & Highways,Ministry of Road Transport & Highways,617964,Uttar Pradesh,427.91,427.91,126.72,29.6,2021-03-01,2027-12-31,2027-12-31,2025-12-01,6,0.0,0
PAIM-618008,EPC mode (MoRTH) (618008),Infrastructure & Highways,Ministry of Road Transport & Highways,618008,Uttar Pradesh,1653.87,1653.87,579.34,35.0,2020-03-01,2026-12-31,2028-12-31,2025-12-01,18,0.0,0
PAIM-618009,24B Phase-1 on EPC mode. (MoRTH) (618009),Infrastructure & Highways,Ministry of Road Transport & Highways,618009,Uttar Pradesh,3278.02,3278.02,2354.98,71.8,2020-03-01,2026-12-31,2027-12-31,2025-12-01,36,0.0,0
PAIM-618054,km.223.000 of NH-330 to km.328.300 of NH-730 under EPC mode (MoRTH) (618054),Infrastructure & Highways,Ministry of Road Transport & Highways,618054,Uttar Pradesh,579.65,579.65,413.65,71.4,2021-03-01,2027-12-31,2026-12-31,2025-12-01,36,0.0,0
PAIM-618055,mode in the State of Uttar Pradesh. (MoRTH) (618055),Infrastructure & Highways,Ministry of Road Transport & Highways,618055,Uttar Pradesh,3780.89,3780.89,2363.6,62.5,2021-03-01,2025-12-31,2027-12-31,2025-12-01,18,0.0,0
PAIM-618056,Uttar Pradesh EPC basis (MoRTH) (618056),Infrastructure & Highways,Ministry of Road Transport & Highways,618056,Uttar Pradesh,3771.46,3771.46,1331.05,35.3,2020-03-01,2025-12-31,2026-12-31,2025-12-01,24,0.0,0
PAIM-618057,Pradesh (MoRTH) (618057),Infrastructure & Highways,Ministry of Road Transport & Highways,618057,Uttar Pradesh,357.73,357.73,280.06,78.3,2021-03-01,2027-12-31,2028-12-31,2025-12-01,6,0.0,0
PAIM-618063,km.40.00 of NH-91-A on EPC mode (MoRTH) (618063),Infrastructure & Highways,Ministry of Road Transport & Highways,618063,Uttar Pradesh,2068.49,2068.49,1434.97,69.4,2022-03-01,2026-12-31,2028-12-31,2025-12-01,12,0.0,0
PAIM-618075,design km. 0.000 to km. 54.048 of NH-124D (MoRTH) (618075),Infrastructure & Highways,Ministry of Road Transport & Highways,618075,Uttar Pradesh,1527.75,1527.75,830.45,54.4,2021-03-01,2025-12-31,2026-12-31,2025-12-01,6,0.0,0
PAIM-618081,53.540 to Km.59.200 of NH-135A on EPC mode in the state of Uttar Pradesh (MoRTH) (618081),Infrastructure & Highways,Ministry of Road Transport & Highways,618081,Uttar Pradesh,540.89,540.89,233.85,43.2,2022-03-01,2025-12-31,2028-12-31,2025-12-01,18,0.0,0
PAIM-618082,km.73.134 Jaunpur of NH-135A on EPC mode (MoRTH) (618082),Infrastructure & Highways,Ministry of Road Transport & Highways,618082,Uttar Pradesh,3935.44,3935.44,2500.11,63.5,2021-03-01,2027-12-31,2028-12-31,2025-12-01,36,0.0,0
PAIM-618110,to near Sikriganj in the State of UP on EPC Mode. (MoRTH) (618110),Infrastructure & Highways,Ministry of Road Transport & Highways,618110,Uttar Pradesh,3923.63,3923.63,2397.08,61.1,2021-03-01,2027-12-31,2027-12-31,2025-12-01,6,0.0,0
PAIM-618111,Barhalganj in the State of UP on EPC Mode. (MoRTH) (618111),Infrastructure & Highways,Ministry of Road Transport & Highways,618111,Uttar Pradesh,2201.63,2201.63,1004.89,45.6,2022-03-01,2027-12-31,2028-12-31,2025-12-01,6,0.0,0
PAIM-618124,State of Uttar Pradesh (MoRTH) (618124),Infrastructure & Highways,Ministry of Road Transport & Highways,618124,Uttar Pradesh,2642.22,2642.22,1079.19,40.8,2021-03-01,2025-12-31,2027-12-31,2025-12-01,36,0.0,0
PAIM-618163,"on Engineering, Procurement & Construction EPC Basis. (MoRTH) (618163)",Infrastructure & Highways,Ministry of Road Transport & Highways,618163,Uttar Pradesh,708.41,708.41,501.62,70.8,2020-03-01,2025-12-31,2027-12-31,2025-12-01,18,0.0,0
PAIM-618164,of NH-731A i/c Yamuna Bridge on HAM in the state of Uttar Pradesh. (MoRTH) (618164),Infrastructure & Highways,Ministry of Road Transport & Highways,618164,Uttar Pradesh,1506.95,1506.95,1034.93,68.7,2020-03-01,2027-12-31,2027-12-31,2025-12-01,0,0.0,0
PAIM-618165,NH-731A on Hybrid Annuity Mode in the state of Uttar Pradesh (MoRTH) (618165),Infrastructure & Highways,Ministry of Road Transport & Highways,618165,Uttar Pradesh,563.63,563.63,85.53,15.2,2020-03-01,2026-12-31,2028-12-31,2025-12-01,0,0.0,0
PAIM-618166,731A with paved shoulders on Hybrid Annuity Mode in the state of Uttar Pradesh (MoRTH) (618166),Infrastructure & Highways,Ministry of Road Transport & Highways,618166,Uttar Pradesh,4133.23,4133.23,1724.72,41.7,2023-03-01,2025-12-31,2026-12-31,2025-12-01,12,0.0,0
PAIM-618167,paved shoulder under EPC mode (MoRTH) (618167),Infrastructure & Highways,Ministry of Road Transport & Highways,618167,Uttar Pradesh,2053.58,2053.58,947.01,46.1,2020-03-01,2025-12-31,2026-12-31,2025-12-01,24,0.0,0
PAIM-618168,NH-731B on EPC mode in the state of Uttar Pradesh (MoRTH) (618168),Infrastructure & Highways,Ministry of Road Transport & Highways,618168,Uttar Pradesh,1399.41,1399.41,262.42,18.8,2023-03-01,2026-12-31,2026-12-31,2025-12-01,6,0.0,0
PAIM-618169,Ch.49.2OO of NH-731B on EPC Mode (MoRTH) (618169),Infrastructure & Highways,Ministry of Road Transport & Highways,618169,Uttar Pradesh,2023.94,2023.94,470.16,23.2,2023-03-01,2025-12-31,2026-12-31,2025-12-01,0,0.0,0
PAIM-618229,assistance of world Bank on EPC mode. (MoRTH) (618229),Infrastructure & Highways,Ministry of Road Transport & Highways,618229,Uttar Pradesh,502.25,502.25,223.25,44.4,2022-03-01,2027-12-31,2028-12-31,2025-12-01,18,0.0,0
PAIM-618233,Allahabad on EPC mode (MoRTH) (618233),Infrastructure & Highways,Ministry of Road Transport & Highways,618233,Uttar Pradesh,1026.97,1026.97,113.96,11.1,2020-03-01,2025-12-31,2026-12-31,2025-12-01,6,0.0,0
PAIM-618240,assistance of world Bank on EPC mode. (MoRTH) (618240),Infrastructure & Highways,Ministry of Road Transport & Highways,618240,Uttar Pradesh,1165.35,1165.35,186.72,16.0,2021-03-01,2025-12-31,2028-12-31,2025-12-01,12,0.0,0
PAIM-618265,the loan assistance of world Bank on EPC mode. (MoRTH) (618265),Infrastructure & Highways,Ministry of Road Transport & Highways,618265,Uttar Pradesh,3395.83,3395.83,751.07,22.1,2021-03-01,2025-12-31,2027-12-31,2025-12-01,6,0.0,0
PAIM-618266,assistance of world Bank on EPC mode. (MoRTH) (618266),Infrastructure & Highways,Ministry of Road Transport & Highways,618266,Uttar Pradesh,1991.82,1991.82,1129.18,56.7,2020-03-01,2025-12-31,2026-12-31,2025-12-01,24,0.0,0
PAIM-618498,6L Greenfield Kanpur - Lucknow Expressway Pkg II from km. 28.500 to km. 73.744 (National Highways Authority of India [NH,Infrastructure & Highways,Ministry of Road Transport & Highways,618498,Uttar Pradesh,236.0,236.0,167.84,71.1,2022-03-01,2025-12-31,2028-12-31,2025-12-01,36,0.0,0
PAIM-618499,6L Elevated Kanpur - Lucknow Exeressway Pkg-1 from Km. 10980 to Km. 28500 (National Highways Authority of India [NHAI]) ,Infrastructure & Highways,Ministry of Road Transport & Highways,618499,Uttar Pradesh,3908.02,3908.02,433.74,11.1,2022-03-01,2027-12-31,2027-12-31,2025-12-01,18,0.0,0
PAIM-618500,Km 8.520 of NH-235 Pkg-5 (National Highways Authority of India [NHAI]) (618500),Infrastructure & Highways,Ministry of Road Transport & Highways,618500,Uttar Pradesh,3892.7,3892.7,503.9,12.9,2020-03-01,2025-12-31,2026-12-31,2025-12-01,24,0.0,0
PAIM-618529,Revasa Village km 818.80 / NH-2 (National Highways Authority of India [NHAI]) (618529),Infrastructure & Highways,Ministry of Road Transport & Highways,618529,Uttar Pradesh,2898.02,2898.02,1541.35,53.2,2023-03-01,2027-12-31,2026-12-31,2025-12-01,6,0.0,0
PAIM-618537,Sachendi I to Maharajpur Package-I (National Highways Authority of India [NHAI]) (618537),Infrastructure & Highways,Ministry of Road Transport & Highways,618537,Uttar Pradesh,3522.61,3522.61,574.02,16.3,2023-03-01,2026-12-31,2028-12-31,2025-12-01,24,0.0,0
PAIM-618553,141.000 of Yamuna Expressways (National Highways Authority of India [NHAI]) (618553),Infrastructure & Highways,Ministry of Road Transport & Highways,618553,Uttar Pradesh,459.49,459.49,303.54,66.1,2021-03-01,2025-12-31,2026-12-31,2025-12-01,12,0.0,0
PAIM-618554,NH-44 village Bad from Km. 0.000 to Km. 7.772 (National Highways Authority of India [NHAI]) (618554),Infrastructure & Highways,Ministry of Road Transport & Highways,618554,Uttar Pradesh,4056.94,4056.94,593.23,14.6,2022-03-01,2027-12-31,2026-12-31,2025-12-01,6,0.0,0
PAIM-618565,Km. 144020 of NH 28 New NH 27Pkg-3 (NHAI) (618565),Infrastructure & Highways,Ministry of Road Transport & Highways,618565,Uttar Pradesh,2396.18,2396.18,1141.43,47.6,2022-03-01,2026-12-31,2026-12-31,2025-12-01,18,0.0,0
PAIM-618566,29E Chainage 83.308 and end at NH-28 Chainage 285.100 (National Highways Authority of India [NHAI]) (618566),Infrastructure & Highways,Ministry of Road Transport & Highways,618566,Uttar Pradesh,4134.53,4134.53,3448.34,83.4,2023-03-01,2025-12-31,2026-12-31,2025-12-01,18,0.0,0
PAIM-618689,4L Rampur Bypass from Km. 181.000 to Km. 189.500 (National Highways Authority of India [NHAI]) (618689),Infrastructure & Highways,Ministry of Road Transport & Highways,618689,Uttar Pradesh,3707.67,3707.67,1163.91,31.4,2022-03-01,2025-12-31,2028-12-31,2025-12-01,24,0.0,0
PAIM-618710,DL/UP Border - EPE Crossing Pkg-02 (National Highways Authority of India [NHAI]) (618710),Infrastructure & Highways,Ministry of Road Transport & Highways,618710,Uttar Pradesh,2828.82,2828.82,606.38,21.4,2021-03-01,2025-12-31,2026-12-31,2025-12-01,6,0.0,0
PAIM-618722,to km 45.500 (National Highways Authority of India [NHAI]) (618722),Infrastructure & Highways,Ministry of Road Transport & Highways,618722,Uttar Pradesh,2793.22,2793.22,2360.58,84.5,2020-03-01,2026-12-31,2026-12-31,2025-12-01,0,0.0,0
PAIM-618761,bypassing Meerut Town of NH 709 A (National Highways Authority of India [NHAI]) (618761),Infrastructure & Highways,Ministry of Road Transport & Highways,618761,Uttar Pradesh,3104.41,3104.41,1634.21,52.6,2020-03-01,2026-12-31,2028-12-31,2025-12-01,6,0.0,0
PAIM-618770,and NH-709A Karnal  Meerut bypassing Shamli district UP (National Highways Authority of India [NHAI]) (618770),Infrastructure & Highways,Ministry of Road Transport & Highways,618770,Uttar Pradesh,2668.56,2668.56,881.39,33.0,2021-03-01,2026-12-31,2028-12-31,2025-12-01,12,0.0,0
PAIM-618798,4L of Sonauli - Gorakhpur (National Highways Authority of India [NHAI]) (618798),Infrastructure & Highways,Ministry of Road Transport & Highways,618798,Uttar Pradesh,4283.31,4283.31,1948.46,45.5,2022-03-01,2026-12-31,2028-12-31,2025-12-01,6,0.0,0
PAIM-618854,2L PS of Raebareli - Jagdishpur with 4L Jagdishpur Bypass Spur (National Highways Authority of India [NHAI]) (618854),Infrastructure & Highways,Ministry of Road Transport & Highways,618854,Uttar Pradesh,3895.71,3895.71,784.75,20.1,2021-03-01,2026-12-31,2027-12-31,2025-12-01,24,0.0,0
PAIM-618855,"88.750, start of Khutar bypass to start of Shahjahanpur bypass of NH 731Pkg-I (National Highways Authority of India [NHA",Infrastructure & Highways,Ministry of Road Transport & Highways,618855,Uttar Pradesh,2916.59,2916.59,2075.4,71.2,2022-03-01,2026-12-31,2028-12-31,2025-12-01,12,0.0,0
PAIM-618856,"175.080, from Start of Shahabad Bypass to End of Hardoi bypass of NH 731 Pkg-2B (National Highways Authority of India [N",Infrastructure & Highways,Ministry of Road Transport & Highways,618856,Uttar Pradesh,2533.73,2533.73,1994.05,78.7,2021-03-01,2026-12-31,2027-12-31,2025-12-01,36,0.0,0
PAIM-618859,"260.800, End of Hardoi District to Lucknow Ring road of NH 731 Pkg-4 (National Highways Authority of India [NHAI]) (6188",Infrastructure & Highways,Ministry of Road Transport & Highways,618859,Uttar Pradesh,3330.69,3330.69,1226.35,36.8,2021-03-01,2027-12-31,2028-12-31,2025-12-01,18,0.0,0
PAIM-618864,32.982 of NH-530B Pkg-IB (National Highways Authority of India [NHAI]) (618864),Infrastructure & Highways,Ministry of Road Transport & Highways,618864,Uttar Pradesh,3495.53,3495.53,2711.75,77.6,2021-03-01,2027-12-31,2028-12-31,2025-12-01,6,0.0,0
PAIM-618865,530B Pkg-1C. (National Highways Authority of India [NHAI]) (618865),Infrastructure & Highways,Ministry of Road Transport & Highways,618865,Uttar Pradesh,704.87,704.87,311.33,44.2,2022-03-01,2026-12-31,2027-12-31,2025-12-01,12,0.0,0
PAIM-618883,42.500] on EPC Mode in the state of Uttar Pradesh. (National Highways Authority of India [NHAI]) (618883),Infrastructure & Highways,Ministry of Road Transport & Highways,618883,Uttar Pradesh,1048.92,1048.92,287.98,27.5,2022-03-01,2027-12-31,2028-12-31,2025-12-01,12,0.0,0
PAIM-618884,78.150] on EPC Mode in the state of Uttar Pradesh. (National Highways Authority of India [NHAI]) (618884),Infrastructure & Highways,Ministry of Road Transport & Highways,618884,Uttar Pradesh,2263.89,2263.89,1259.58,55.6,2023-03-01,2027-12-31,2026-12-31,2025-12-01,12,0.0,0
PAIM-618885,EPC Mode in the state of Uttar Pradesh. (National Highways Authority of India [NHAI]) (618885),Infrastructure & Highways,Ministry of Road Transport & Highways,618885,Uttar Pradesh,642.3,642.3,207.3,32.3,2023-03-01,2026-12-31,2026-12-31,2025-12-01,36,0.0,0
PAIM-618911,13.700 connecting NH-24 to NH-87 bypassing rampur town (National Highways Authority of India [NHAI]) (618911),Infrastructure & Highways,Ministry of Road Transport & Highways,618911,Uttar Pradesh,1393.51,1393.51,579.82,41.6,2022-03-01,2025-12-31,2028-12-31,2025-12-01,18,0.0,0
PAIM-618925,Bijnor-Kotawali (National Highways Authority of India [NHAI]) (618925),Infrastructure & Highways,Ministry of Road Transport & Highways,618925,Uttar Pradesh,2982.7,2982.7,2462.63,82.6,2020-03-01,2025-12-31,2026-12-31,2025-12-01,12,0.0,0
PAIM-618959,NH-19 (National Highways Authority of India [NHAI]) (618959),Infrastructure & Highways,Ministry of Road Transport & Highways,618959,Uttar Pradesh,317.15,317.15,91.78,28.9,2021-03-01,2026-12-31,2027-12-31,2025-12-01,6,0.0,0
PAIM-618960,43.200 - 50.860 (National Highways Authority of India [NHAI]) (618960),Infrastructure & Highways,Ministry of Road Transport & Highways,618960,Uttar Pradesh,4476.08,4476.08,2620.75,58.6,2020-03-01,2025-12-31,2027-12-31,2025-12-01,0,0.0,0
PAIM-618968,Bypass  from Km. 82.000 to Km. 119.790 Pkg-4 (National Highways Authority of India [NHAI]) (618968),Infrastructure & Highways,Ministry of Road Transport & Highways,618968,Uttar Pradesh,3558.71,3558.71,1030.79,29.0,2022-03-01,2025-12-31,2027-12-31,2025-12-01,24,0.0,0
PAIM-618970,Km. 27.000 to Km. 56.500 Pkg-2 (National Highways Authority of India [NHAI]) (618970),Infrastructure & Highways,Ministry of Road Transport & Highways,618970,Uttar Pradesh,4402.19,4402.19,1997.29,45.4,2021-03-01,2026-12-31,2028-12-31,2025-12-01,36,0.0,0
PAIM-617929,Km 47.700 existing Km 33.130 to Km 41.260 of NH-109 in the State of Uttarakhand (MoRTH) (617929),Infrastructure & Highways,Ministry of Road Transport & Highways,617929,Multi-State,2324.97,2324.97,274.17,11.8,2021-03-01,2025-12-31,2027-12-31,2025-12-01,36,0.0,0
PAIM-617968,to Sitapur on NH 109 in UK (MoRTH) (617968),Infrastructure & Highways,Ministry of Road Transport & Highways,617968,Multi-State,705.73,705.73,212.42,30.1,2021-03-01,2027-12-31,2027-12-31,2025-12-01,24,0.0,0
PAIM-617970,92.880 of NH- (MoRTH) (617970),Infrastructure & Highways,Ministry of Road Transport & Highways,617970,Multi-State,2030.11,2030.11,1560.21,76.9,2020-03-01,2026-12-31,2027-12-31,2025-12-01,0,0.0,0
PAIM-617975,Uttarakhand (MoRTH) (617975),Infrastructure & Highways,Ministry of Road Transport & Highways,617975,Multi-State,4153.83,4153.83,3299.26,79.4,2023-03-01,2026-12-31,2026-12-31,2025-12-01,36,0.0,0
PAIM-618390,along NH-134 Old NH-94 on EPC mode (NHIDCL) (618390),Infrastructure & Highways,Ministry of Road Transport & Highways,618390,Multi-State,1594.24,1594.24,303.0,19.0,2022-03-01,2027-12-31,2026-12-31,2025-12-01,36,0.0,0
PAIM-618391,01 No. Bridge from Ch. 450.00 to Ch. 468.00 18 Km. Length on NH-07 Package-III (NHIDCL) (618391),Infrastructure & Highways,Ministry of Road Transport & Highways,618391,Multi-State,770.78,770.78,359.65,46.7,2023-03-01,2027-12-31,2026-12-31,2025-12-01,24,0.0,0
PAIM-618393,EPC Mode in Uttarakhand Package-1 (NHIDCL) (618393),Infrastructure & Highways,Ministry of Road Transport & Highways,618393,Multi-State,3133.08,3133.08,2068.66,66.0,2021-03-01,2026-12-31,2027-12-31,2025-12-01,6,0.0,0
PAIM-617960,Km 46.550 to Km 59.697 in the district of Malda. (MoRTH) (617960),Infrastructure & Highways,Ministry of Road Transport & Highways,617960,West Bengal,562.47,562.47,193.3,34.4,2021-03-01,2027-12-31,2028-12-31,2025-12-01,0,0.0,0
PAIM-618227,EPC mode-reg. (MoRTH) (618227),Infrastructure & Highways,Ministry of Road Transport & Highways,618227,West Bengal,2522.71,2522.71,1349.34,53.5,2021-03-01,2027-12-31,2028-12-31,2025-12-01,12,0.0,0
PAIM-618427,NH717-A on EPC under SARDP-NE A in state of West Bengal Pkg-VA (NHIDCL) (618427),Infrastructure & Highways,Ministry of Road Transport & Highways,618427,West Bengal,3935.5,3935.5,494.71,12.6,2020-03-01,2026-12-31,2028-12-31,2025-12-01,18,0.0,0
PAIM-618429,to Gangtok Lava More-Reshi Border  Pkg-VB (NHIDCL) (618429),Infrastructure & Highways,Ministry of Road Transport & Highways,618429,West Bengal,1458.12,1458.12,1112.63,76.3,2021-03-01,2025-12-31,2026-12-31,2025-12-01,12,0.0,0
PAIM-618430,Mode under Phase-A of SARDP-NE in the State of West Bengal PKG- IVA (NHIDCL) (618430),Infrastructure & Highways,Ministry of Road Transport & Highways,618430,West Bengal,2708.02,2708.02,1295.58,47.8,2023-03-01,2027-12-31,2027-12-31,2025-12-01,24,0.0,0
PAIM-618431,Mode under Phase-A of SARDP-NE in the State of West Bengal PKG- IVB (NHIDCL) (618431),Infrastructure & Highways,Ministry of Road Transport & Highways,618431,West Bengal,2170.28,2170.28,386.92,17.8,2020-03-01,2026-12-31,2028-12-31,2025-12-01,36,0.0,0
PAIM-618825,Farakka-Raiganj (National Highways Authority of India [NHAI]) (618825),Infrastructure & Highways,Ministry of Road Transport & Highways,618825,West Bengal,1043.01,1043.01,127.0,12.2,2021-03-01,2025-12-31,2028-12-31,2025-12-01,18,0.0,0
PAIM-618910,4L of Purulia Bypass section from Km 84.030 to Km 94.345 of NH-32 (National Highways Authority of India [NHAI]) (618910),Infrastructure & Highways,Ministry of Road Transport & Highways,618910,West Bengal,2689.45,2689.45,1100.11,40.9,2020-03-01,2025-12-31,2027-12-31,2025-12-01,36,0.0,0
PAIM-709859,OF COMMUNICATION FINANCE [NICF] AT GHITORNI (National Communication Academy - Finance (Erstwhile NICF)) (709859),Infrastructure & Highways,Ministry of Road Transport & Highways,709859,Delhi,1408.27,1408.27,818.93,58.2,2021-03-01,2027-12-31,2028-12-31,2025-12-01,36,0.0,0
PAIM-617413,Upgradation (Department of Telecommunications [DoT]) (617413),Infrastructure & Highways,Ministry of Road Transport & Highways,617413,Maharashtra,4113.92,4113.92,1291.92,31.4,2023-03-01,2026-12-31,2026-12-31,2025-12-01,18,0.0,0
PAIM-701599,Mobile connectivity in Left Wing Extremism [LWE] affected areas-Phase2 (Department of Telecommunications [DoT]) (701599),Infrastructure & Highways,Ministry of Road Transport & Highways,701599,Maharashtra,836.28,836.28,96.21,11.5,2023-03-01,2026-12-31,2027-12-31,2025-12-01,12,0.0,0
PAIM-701602,Odisha (Department of Telecommunications [DoT]) (701602),Infrastructure & Highways,Ministry of Road Transport & Highways,701602,Maharashtra,2788.64,2788.64,1208.64,43.3,2023-03-01,2026-12-31,2026-12-31,2025-12-01,24,0.0,0
PAIM-701600,354 Uncovered Villages Scheme (Department of Telecommunications [DoT]) (701600),Infrastructure & Highways,Ministry of Road Transport & Highways,701600,Gujarat,591.14,591.14,242.35,41.0,2021-03-01,2027-12-31,2027-12-31,2025-12-01,6,0.0,0
PAIM-704495,and Uttar Pradesh (Department of Telecommunications [DoT]) (704495),Infrastructure & Highways,Ministry of Road Transport & Highways,704495,Uttar Pradesh,3741.18,3741.18,2110.34,56.4,2022-03-01,2026-12-31,2027-12-31,2025-12-01,12,0.0,0
PAIM-709749,DATA CENTERS WITH STATE OF THE ART (BSNL) (709749),Infrastructure & Highways,Ministry of Road Transport & Highways,709749,Maharashtra,295.49,295.49,82.82,28.0,2022-03-01,2026-12-31,2028-12-31,2025-12-01,6,0.0,0
PAIM-400013,Saturation 4G mobile coverage of Uncovered Villages through USOF (Department of Telecommunications [DoT]) (400013),Infrastructure & Highways,Ministry of Road Transport & Highways,400013,Telangana,1044.71,1044.71,745.53,71.4,2023-03-01,2027-12-31,2027-12-31,2025-12-01,0,0.0,0
PAIM-701593,4G Services by BSNL (Department of Telecommunications [DoT]) (701593),Infrastructure & Highways,Ministry of Road Transport & Highways,701593,Multi-State,2324.49,2324.49,485.5,20.9,2020-03-01,2025-12-31,2026-12-31,2025-12-01,24,0.0,0
PAIM-706775,BharatNet (Department of Telecommunications [DoT]) (706775),Infrastructure & Highways,Ministry of Road Transport & Highways,706775,Multi-State,4449.59,4449.59,3217.03,72.3,2022-03-01,2025-12-31,2028-12-31,2025-12-01,18,0.0,0
PAIM-709856,ALONG WITH TEST AND MEASURING EQUIPMENT (BSNL) (709856),Infrastructure & Highways,Ministry of Road Transport & Highways,709856,Multi-State,1061.63,1061.63,206.45,19.4,2020-03-01,2027-12-31,2026-12-31,2025-12-01,18,0.0,0
PAIM-709857,including Mumbai & Delhi LSA on turnkey basis under Phase IX.2 Project. (BSNL) (709857),Infrastructure & Highways,Ministry of Road Transport & Highways,709857,Delhi,3645.59,3645.59,969.53,26.6,2021-03-01,2027-12-31,2026-12-31,2025-12-01,6,0.0,0
PAIM-616600,PPP mode-Namami Gange Programme (National Mission for Clean Ganga) (616600),Infrastructure & Highways,Ministry of Road Transport & Highways,616600,Bihar,1423.68,1423.68,1017.53,71.5,2020-03-01,2027-12-31,2027-12-31,2025-12-01,24,0.0,0
PAIM-616611,under Hybrid annuity based PPP mode-Namami Gange Programme (National Mission for Clean Ganga) (616611),Infrastructure & Highways,Ministry of Road Transport & Highways,616611,Bihar,2792.11,2792.11,1931.45,69.2,2020-03-01,2025-12-31,2028-12-31,2025-12-01,18,0.0,0
PAIM-616612,Patna under Hybrid annuity based PPP mode-Namami Gange Programme (National Mission for Clean Ganga) (616612),Infrastructure & Highways,Ministry of Road Transport & Highways,616612,Bihar,2165.96,2165.96,1135.51,52.4,2020-03-01,2025-12-31,2027-12-31,2025-12-01,18,0.0,0
PAIM-616615,"Sewer Network,  SPS and STP at Begusarai (National Mission for Clean Ganga) (616615)",Infrastructure & Highways,Ministry of Road Transport & Highways,616615,Bihar,768.95,768.95,472.99,61.5,2021-03-01,2027-12-31,2027-12-31,2025-12-01,36,0.0,0
PAIM-616616,"Sewer Networks,  SPS and STP at Hajipur (National Mission for Clean Ganga) (616616)",Infrastructure & Highways,Ministry of Road Transport & Highways,616616,Bihar,3730.35,3730.35,2852.54,76.5,2022-03-01,2025-12-31,2027-12-31,2025-12-01,24,0.0,0
PAIM-616594,annuity based PPP model-Namami Gange Programme (National Mission for Clean Ganga) (616594),Infrastructure & Highways,Ministry of Road Transport & Highways,616594,Uttar Pradesh,3961.9,3961.9,1822.52,46.0,2021-03-01,2026-12-31,2026-12-31,2025-12-01,0,0.0,0
PAIM-616605,Interception & Diversion with  STP (National Mission for Clean Ganga) (616605),Infrastructure & Highways,Ministry of Road Transport & Highways,616605,Uttar Pradesh,204.09,204.09,154.31,75.6,2021-03-01,2027-12-31,2028-12-31,2025-12-01,36,0.0,0
PAIM-616604,Interception & Diversion with STP (National Mission for Clean Ganga) (616604),Infrastructure & Highways,Ministry of Road Transport & Highways,616604,West Bengal,2495.64,2495.64,1051.68,42.1,2021-03-01,2027-12-31,2027-12-31,2025-12-01,24,0.0,0
PAIM-400100,Sardar Gouthu Latchanna Thotapalli Barrage Project (Water Resources-AP) (400100),Infrastructure & Highways,Ministry of Road Transport & Highways,400100,West Bengal,1402.16,1402.16,1167.69,83.3,2023-03-01,2025-12-31,2026-12-31,2025-12-01,18,0.0,0
PAIM-400101,Gundlakamma project (Water Resources-AP) (400101),Infrastructure & Highways,Ministry of Road Transport & Highways,400101,Andhra Pradesh,1225.69,1225.69,741.21,60.5,2021-03-01,2027-12-31,2028-12-31,2025-12-01,36,0.0,0
PAIM-701415,Polavaram Irrigation Project (Water Resources-AP) (701415),Infrastructure & Highways,Ministry of Road Transport & Highways,701415,Assam,1272.79,1272.79,361.5,28.4,2022-03-01,2027-12-31,2026-12-31,2025-12-01,12,0.0,0
PAIM-400104,Punpun Barrage Project (Water Resources-BR) (400104),Infrastructure & Highways,Ministry of Road Transport & Highways,400104,Bihar,3349.08,3349.08,688.6,20.6,2022-03-01,2026-12-31,2027-12-31,2025-12-01,24,0.0,0
PAIM-400111,Kelo Irrigation Project (Water Resources-CT) (400111),Infrastructure & Highways,Ministry of Road Transport & Highways,400111,Bihar,3132.85,3132.85,2613.14,83.4,2022-03-01,2025-12-31,2028-12-31,2025-12-01,12,0.0,0
PAIM-701399,"Kudali Irrigation Project (Department of Water Resources, River Development & GR) (701399)",Infrastructure & Highways,Ministry of Road Transport & Highways,701399,Multi-State,3843.98,3843.98,1980.65,51.5,2020-03-01,2027-12-31,2028-12-31,2025-12-01,0,0.0,0
PAIM-400097,"Sardar Sarovar CADWM Project (Narmada and Water Resources, Water Supply and Kalpsar Department-GJ) (400097)",Infrastructure & Highways,Ministry of Road Transport & Highways,400097,Gujarat,2726.5,2726.5,1553.33,57.0,2021-03-01,2025-12-31,2027-12-31,2025-12-01,18,0.0,0
PAIM-701372,"Sardar Sarovar Project (Narmada and Water Resources, Water Supply and Kalpsar Department-GJ) (701372)",Infrastructure & Highways,Ministry of Road Transport & Highways,701372,Gujarat,2181.45,2181.45,1524.29,69.9,2023-03-01,2026-12-31,2028-12-31,2025-12-01,36,0.0,0
PAIM-701376,"Subernarekha   Multipurpose Project, Jharkhand (Department of Water Resources-JH) (701376)",Infrastructure & Highways,Ministry of Road Transport & Highways,701376,Gujarat,1224.06,1224.06,350.98,28.7,2022-03-01,2025-12-31,2026-12-31,2025-12-01,24,0.0,0
PAIM-701377,Upper Tunga Irrigation Project (Water Resources-KA) (701377),Infrastructure & Highways,Ministry of Road Transport & Highways,701377,Karnataka,3168.49,3168.49,2134.18,67.4,2021-03-01,2025-12-31,2028-12-31,2025-12-01,0,0.0,0
PAIM-400096,Omkareshwar CADWM Project (Water resource-mp) (400096),Infrastructure & Highways,Ministry of Road Transport & Highways,400096,Karnataka,832.45,832.45,253.74,30.5,2022-03-01,2026-12-31,2026-12-31,2025-12-01,6,0.0,0
PAIM-400115,Bargi Diversion Project Phase - IV [km. 154 to km 197] (Water Resources-MP) (400115),Infrastructure & Highways,Ministry of Road Transport & Highways,400115,Madhya Pradesh,844.28,844.28,245.76,29.1,2022-03-01,2026-12-31,2027-12-31,2025-12-01,12,0.0,0
PAIM-400116,Bargi Diversion Project Phase - III [km. 104 to km 154] (Water Resources-MP) (400116),Infrastructure & Highways,Ministry of Road Transport & Highways,400116,Maharashtra,3614.57,3614.57,2333.11,64.5,2021-03-01,2027-12-31,2027-12-31,2025-12-01,0,0.0,0
PAIM-400095,Gosikhurd CADWM Project (Department of water resources-MH - II) (400095),Infrastructure & Highways,Ministry of Road Transport & Highways,400095,Maharashtra,559.34,559.34,170.45,30.5,2022-03-01,2027-12-31,2027-12-31,2025-12-01,24,0.0,0
PAIM-400105,Urmodi Irrigation Project (Department of water resources-MH - II) (400105),Infrastructure & Highways,Ministry of Road Transport & Highways,400105,Maharashtra,271.41,271.41,187.26,69.0,2023-03-01,2025-12-31,2026-12-31,2025-12-01,6,0.0,0
PAIM-400107,Sulwade-Jamphal-Kanoli Lift Irrigation Scheme (Department of water resources-MH - II) (400107),Infrastructure & Highways,Ministry of Road Transport & Highways,400107,Maharashtra,679.08,679.08,319.18,47.0,2020-03-01,2026-12-31,2026-12-31,2025-12-01,6,0.0,0
PAIM-400109,Purna Barrage-2 [Ner Dhamana] Medium Irrigation Project (Department of water resources-MH - II) (400109),Infrastructure & Highways,Ministry of Road Transport & Highways,400109,Maharashtra,950.04,950.04,522.94,55.0,2021-03-01,2027-12-31,2026-12-31,2025-12-01,0,0.0,0
PAIM-400112,Jigaon Irrigation Project (Department of water resources-MH - II) (400112),Infrastructure & Highways,Ministry of Road Transport & Highways,400112,Maharashtra,3307.06,3307.06,2305.03,69.7,2020-03-01,2025-12-31,2027-12-31,2025-12-01,24,0.0,0
PAIM-617422,Bodwad Parisar Sinchan Yojna (Department of Water Resources-MH) (617422),Infrastructure & Highways,Ministry of Road Transport & Highways,617422,Maharashtra,3483.5,3483.5,2667.91,76.6,2021-03-01,2027-12-31,2026-12-31,2025-12-01,0,0.0,0
PAIM-701383,Waghur Project (Department of water resources-MH - II) (701383),Infrastructure & Highways,Ministry of Road Transport & Highways,701383,Maharashtra,2111.59,2111.59,546.74,25.9,2022-03-01,2026-12-31,2026-12-31,2025-12-01,24,0.0,0
PAIM-701386,Gosikhurd Project (Department of water resources-MH - II) (701386),Infrastructure & Highways,Ministry of Road Transport & Highways,701386,Maharashtra,1769.87,1769.87,776.43,43.9,2022-03-01,2027-12-31,2028-12-31,2025-12-01,24,0.0,0
PAIM-701391,Aruna Medium Irrigation Project (Department of water resources-MH - II) (701391),Infrastructure & Highways,Ministry of Road Transport & Highways,701391,Maharashtra,3083.64,3083.64,2147.47,69.6,2021-03-01,2025-12-31,2026-12-31,2025-12-01,6,0.0,0
PAIM-701396,Lower Pedhi Project (Department of water resources-MH - II) (701396),Infrastructure & Highways,Ministry of Road Transport & Highways,701396,Maharashtra,2462.44,2462.44,307.01,12.5,2021-03-01,2025-12-31,2027-12-31,2025-12-01,36,0.0,0
PAIM-701398,Nardave Medium Irrigation Project (Department of water resources-MH - II) (701398),Infrastructure & Highways,Ministry of Road Transport & Highways,701398,Maharashtra,4216.16,4216.16,3552.88,84.3,2021-03-01,2027-12-31,2027-12-31,2025-12-01,18,0.0,0
PAIM-701412,"North Koel Reservoir Project (Department of Water Resources, River Development & GR) (701412)",Infrastructure & Highways,Ministry of Road Transport & Highways,701412,Odisha,4493.7,4493.7,3805.31,84.7,2020-03-01,2027-12-31,2028-12-31,2025-12-01,6,0.0,0
PAIM-603945,Integrated Anandpur Barrage Project (Water Resources-OR) (603945),Infrastructure & Highways,Ministry of Road Transport & Highways,603945,Odisha,2057.85,2057.85,1016.55,49.4,2021-03-01,2027-12-31,2027-12-31,2025-12-01,18,0.0,0
PAIM-701404,Kanupur Irrigation Project (Irrigation and CAD-TG) (701404),Infrastructure & Highways,Ministry of Road Transport & Highways,701404,Odisha,738.05,738.05,538.63,73.0,2023-03-01,2026-12-31,2028-12-31,2025-12-01,12,0.0,0
PAIM-701410,Relining of  Rajasthan feeder and Sirhind Feeder canal (Department of Water Resources-PB) (701410),Infrastructure & Highways,Ministry of Road Transport & Highways,701410,Odisha,2585.8,2585.8,2075.37,80.3,2023-03-01,2026-12-31,2028-12-31,2025-12-01,12,0.0,0
PAIM-701411,Shahpur Kandi Dam Project (Department of Water Resources-PB) (701411),Infrastructure & Highways,Ministry of Road Transport & Highways,701411,Telangana,976.96,976.96,807.28,82.6,2022-03-01,2027-12-31,2028-12-31,2025-12-01,24,0.0,0
PAIM-400102,Sri Ram Sagar Project Stage - II (Irrigation and CAD-TG) (400102),Infrastructure & Highways,Ministry of Road Transport & Highways,400102,Telangana,2098.47,2098.47,481.13,22.9,2022-03-01,2027-12-31,2028-12-31,2025-12-01,24,0.0,0
PAIM-400103,Indiramma Flood Flow Canal Project (Irrigation and CAD-TG) (400103),Infrastructure & Highways,Ministry of Road Transport & Highways,400103,Telangana,1406.35,1406.35,264.23,18.8,2023-03-01,2026-12-31,2027-12-31,2025-12-01,12,0.0,0
PAIM-701405,J. Chokka Rao Devadula Lift Irrigation Scheme (Irrigation and CAD-TG) (701405),Infrastructure & Highways,Ministry of Road Transport & Highways,701405,Telangana,2555.03,2555.03,1630.37,63.8,2021-03-01,2027-12-31,2026-12-31,2025-12-01,18,0.0,0
PAIM-701406,Rajiv Bhima Lift Irrigation Scheme (Irrigation and CAD-TG) (701406),Infrastructure & Highways,Ministry of Road Transport & Highways,701406,Uttar Pradesh,2604.34,2604.34,1403.82,53.9,2021-03-01,2026-12-31,2026-12-31,2025-12-01,12,0.0,0
PAIM-400093,Saryu Nahar CADWM Project (Irrigation & Water Resources-UP) (400093),Infrastructure & Highways,Ministry of Road Transport & Highways,400093,Uttar Pradesh,2826.14,2826.14,509.62,18.0,2021-03-01,2026-12-31,2027-12-31,2025-12-01,0,0.0,0
PAIM-701395,"Morna [Gureghar] Irrigation Project (Department of Water Resources, River Development & GR) (701395)",Infrastructure & Highways,Ministry of Road Transport & Highways,701395,Uttar Pradesh,2536.64,2536.64,1248.79,49.2,2020-03-01,2026-12-31,2027-12-31,2025-12-01,12,0.0,0
PAIM-701408,Madhya Ganga canal Phase-II (Irrigation & Water Resources-UP) (701408),Infrastructure & Highways,Ministry of Road Transport & Highways,701408,Uttar Pradesh,1851.24,1851.24,504.74,27.3,2021-03-01,2025-12-31,2028-12-31,2025-12-01,12,0.0,0
PAIM-613787,Jamrani Dam Multipurpose Project (Irrigation-UK) (613787),Infrastructure & Highways,Ministry of Road Transport & Highways,613787,Uttar Pradesh,3751.56,3751.56,380.12,10.1,2021-03-01,2025-12-31,2026-12-31,2025-12-01,12,0.0,0
