project_code,project_name,sector,ministry,implementing_agency,state,original_cost,revised_cost,expenditure,physical_progress,sanction_date,original_doc,revised_doc,snapshot_date,target_final_delay_months,target_cost_overrun_pct,target_is_high_risk
PAIM-707414,Development - Phase 1 (National Industrial Corridor Development Corporation) (707414),Infrastructure & Highways,Ministry of Health & Family Welfare,707414,Uttar Pradesh,3600.97,3600.97,1750.74,48.6,2024-03-01,2028-12-31,2027-12-31,2026-05-01,36,0.0,0
PAIM-603210,Development of Jodhpur Pali Marwar Industrial Area JPMIA in Rajasthan (National Industrial Corridor Development Corporat,Infrastructure & Highways,Ministry of Health & Family Welfare,603210,Rajasthan,3829.08,3829.08,2275.46,59.4,2022-03-01,2028-12-31,2027-12-31,2026-05-01,12,0.0,0
PAIM-706965,"Establishment of new GMC Saran [Chhapara] (Medical Education, Ministry of Health and Family Welfare) (706965)",Infrastructure & Highways,Ministry of Health & Family Welfare,706965,Bihar,1521.32,1521.32,889.85,58.5,2022-03-01,2028-12-31,2028-12-31,2026-05-01,24,0.0,0
PAIM-706966,"Establishment of new GMC Samastipur (Medical Education, Ministry of Health and Family Welfare) (706966)",Infrastructure & Highways,Ministry of Health & Family Welfare,706966,Bihar,1269.08,1269.08,996.26,78.5,2024-03-01,2027-12-31,2027-12-31,2026-05-01,18,0.0,0
PAIM-707016,"Establishment of new GMC Sitamarhi (Medical Education, Ministry of Health and Family Welfare) (707016)",Infrastructure & Highways,Ministry of Health & Family Welfare,707016,Bihar,2799.26,2799.26,1082.47,38.7,2022-03-01,2028-12-31,2027-12-31,2026-05-01,18,0.0,0
PAIM-707017,"Establishment of new GMC Jhanjharpur (Medical Education, Ministry of Health and Family Welfare) (707017)",Infrastructure & Highways,Ministry of Health & Family Welfare,707017,Bihar,866.67,866.67,401.87,46.4,2022-03-01,2027-12-31,2027-12-31,2026-05-01,24,0.0,0
PAIM-707018,"Establishment of new GMC Siwan (Medical Education, Ministry of Health and Family Welfare) (707018)",Infrastructure & Highways,Ministry of Health & Family Welfare,707018,Bihar,625.01,625.01,62.74,10.0,2024-03-01,2028-12-31,2027-12-31,2026-05-01,18,0.0,0
PAIM-707019,"Establishment of new GMC Buxar (Medical Education, Ministry of Health and Family Welfare) (707019)",Infrastructure & Highways,Ministry of Health & Family Welfare,707019,Bihar,2181.8,2181.8,1213.54,55.6,2024-03-01,2028-12-31,2029-12-31,2026-05-01,36,0.0,0
PAIM-707051,"Establishment of new GMc Udhampur (Medical Education, Ministry of Health and Family Welfare) (707051)",Infrastructure & Highways,Ministry of Health & Family Welfare,707051,Bihar,523.79,523.79,200.43,38.3,2024-03-01,2028-12-31,2028-12-31,2026-05-01,24,0.0,0
PAIM-707052,"Establishment of new GMC Handwara [Distt. Kupwara] (Medical Education, Ministry of Health and Family Welfare) (707052)",Infrastructure & Highways,Ministry of Health & Family Welfare,707052,Multi-State,1351.08,1351.08,1050.95,77.8,2021-03-01,2027-12-31,2027-12-31,2026-05-01,24,0.0,0
PAIM-707057,"Establishment of new GMC Leh (Medical Education, Ministry of Health and Family Welfare) (707057)",Infrastructure & Highways,Ministry of Health & Family Welfare,707057,Maharashtra,3273.85,3273.85,963.53,29.4,2021-03-01,2028-12-31,2029-12-31,2026-05-01,18,0.0,0
PAIM-706988,"Establishment of new GMC Gondia (Medical Education, Ministry of Health and Family Welfare) (706988)",Infrastructure & Highways,Ministry of Health & Family Welfare,706988,Maharashtra,596.59,596.59,300.56,50.4,2024-03-01,2026-12-31,2028-12-31,2026-05-01,0,0.0,0
PAIM-706989,"Establishment of new GMC West Garo Hills [Tura] (Medical Education, Ministry of Health and Family Welfare) (706989)",Infrastructure & Highways,Ministry of Health & Family Welfare,706989,Maharashtra,3936.06,3936.06,3314.27,84.2,2022-03-01,2027-12-31,2027-12-31,2026-05-01,6,0.0,0
PAIM-707067,"Establishment of new GMC Mon (Medical Education, Ministry of Health and Family Welfare) (707067)",Infrastructure & Highways,Ministry of Health & Family Welfare,707067,Multi-State,1186.03,1186.03,272.97,23.0,2021-03-01,2026-12-31,2029-12-31,2026-05-01,24,0.0,0
PAIM-612066,Jaipur Metro Phase 1C from Badi Chaupar to Transport Nagar via Ramganj (Jaipur Metro Rail Corporation) (612066),Infrastructure & Highways,Ministry of Health & Family Welfare,612066,Rajasthan,3843.15,3843.15,3009.41,78.3,2024-03-01,2026-12-31,2027-12-31,2026-05-01,36,0.0,0
PAIM-612068,Jaipur Metro Phase 1D Project from Mansarovar to Ajmer Road Chauraha (Jaipur Metro Rail Corporation) (612068),Infrastructure & Highways,Ministry of Health & Family Welfare,612068,Rajasthan,4411.94,4411.94,2035.08,46.1,2023-03-01,2027-12-31,2027-12-31,2026-05-01,12,0.0,0
PAIM-616221,"Garden, Noida of Noida Metro Rail Corporation (Noida Metro Rail Corporation Ltd. [NMRCL]) (616221)",Infrastructure & Highways,Ministry of Health & Family Welfare,616221,Uttar Pradesh,2725.72,2725.72,1365.03,50.1,2023-03-01,2027-12-31,2028-12-31,2026-05-01,18,0.0,0
PAIM-619328,ONGC-BP Redevelopment Phase-1 Scheme of Mumbai High Field (Ministry of Petroleum & Natural Gas) (619328),Infrastructure & Highways,Ministry of Health & Family Welfare,619328,Maharashtra,3782.84,3782.84,1251.92,33.1,2021-03-01,2026-12-31,2029-12-31,2026-05-01,6,0.0,0
PAIM-619229,"KDS, SMPK on DBFOT basis through PPP mode (Syama Prasad Mookerjee Port Kolkata) (619229)",Infrastructure & Highways,Ministry of Health & Family Welfare,619229,West Bengal,329.44,329.44,65.83,20.0,2024-03-01,2028-12-31,2027-12-31,2026-05-01,36,0.0,0
PAIM-619341,"Telangana Super Thermal Power Project , Stage-II [3 x 800 MW] (National Thermal Power Corporation [NTPC]) (619341)",Infrastructure & Highways,Ministry of Health & Family Welfare,619341,Telangana,3814.79,3814.79,675.72,17.7,2024-03-01,2027-12-31,2027-12-31,2026-05-01,24,0.0,0
PAIM-619326,Nidadavolu-Duvvada 3rd & 4th Lines (South Central Railway [SCR] - II) (619326),Infrastructure & Highways,Ministry of Railways,619326,Andhra Pradesh,2724.84,2724.84,315.12,11.6,2024-03-01,2026-12-31,2028-12-31,2026-05-01,18,0.0,0
PAIM-618646,Km.104.250 (National Highways Authority of India [NHAI]) (618646),Infrastructure & Highways,Ministry of Railways,618646,Multi-State,3837.64,3837.64,1396.35,36.4,2023-03-01,2027-12-31,2028-12-31,2026-05-01,6,0.0,0
PAIM-617943,HAM Mode (MoRTH) (617943),Infrastructure & Highways,Ministry of Railways,617943,Gujarat,1444.05,1444.05,838.68,58.1,2024-03-01,2028-12-31,2029-12-31,2026-05-01,18,0.0,0
PAIM-619061,km 95/500 of NH 168G in the State of Gujarat (MoRTH) (619061),Infrastructure & Highways,Ministry of Railways,619061,Gujarat,3548.34,3548.34,1128.45,31.8,2023-03-01,2027-12-31,2029-12-31,2026-05-01,36,0.0,0
PAIM-618542,Srinagar Ring Road Phase  IIA (National Highways Authority of India [NHAI]) (618542),Infrastructure & Highways,Ministry of Railways,618542,Multi-State,3630.02,3630.02,2884.47,79.5,2022-03-01,2027-12-31,2027-12-31,2026-05-01,36,0.0,0
PAIM-618534,Panagarh Bypass in the State of Jharkhand on EPC Mode. (National Highways Authority of India [NHAI]) (618534),Infrastructure & Highways,Ministry of Railways,618534,Multi-State,3521.06,3521.06,1146.56,32.6,2024-03-01,2028-12-31,2029-12-31,2026-05-01,24,0.0,0
PAIM-618730,Donoreshan village from km 253.000 to km 288.600  Pkg -10 (National Highways Authority of India [NHAI]) (618730),Infrastructure & Highways,Ministry of Railways,618730,Multi-State,4287.97,4287.97,456.64,10.6,2021-03-01,2026-12-31,2028-12-31,2026-05-01,24,0.0,0
PAIM-617997,Annual plan 2022-23 NH-169-KNT-2022-23-978 dated 08.03.2023 (MoRTH) (617997),Infrastructure & Highways,Ministry of Railways,617997,Karnataka,350.79,350.79,283.81,80.9,2023-03-01,2026-12-31,2027-12-31,2026-05-01,12,0.0,0
PAIM-618148,2022-23-979 dated 09.03.2023 (MoRTH) (618148),Infrastructure & Highways,Ministry of Railways,618148,Karnataka,2414.66,2414.66,528.35,21.9,2021-03-01,2028-12-31,2028-12-31,2026-05-01,24,0.0,0
PAIM-618151,23 NH-548B-KNT-2022-23-982 (MoRTH) (618151),Infrastructure & Highways,Ministry of Railways,618151,Karnataka,3651.56,3651.56,525.94,14.4,2022-03-01,2026-12-31,2028-12-31,2026-05-01,36,0.0,0
PAIM-619321,protection works in vulnerable location of NH-44 in the State of Mizoram. (MoRTH) (619321),Infrastructure & Highways,Ministry of Railways,619321,Multi-State,2052.46,2052.46,663.46,32.3,2022-03-01,2026-12-31,2028-12-31,2026-05-01,12,0.0,0
PAIM-618732,8 (National Highways Authority of India [NHAI]) (618732),Infrastructure & Highways,Ministry of Railways,618732,Bihar,3725.7,3725.7,921.95,24.7,2022-03-01,2026-12-31,2027-12-31,2026-05-01,0,0.0,0
PAIM-619156,4 Laning of Paramakudi to Ramanathapuram Section of NH-87 Old NH-49 (National Highways Authority of India [NHAI]) (61915,Infrastructure & Highways,Ministry of Railways,619156,Tamil Nadu,3514.13,3514.13,2560.77,72.9,2023-03-01,2028-12-31,2029-12-31,2026-05-01,36,0.0,0
PAIM-619194,State of Uttar Pradesh. (MoRTH) (619194),Infrastructure & Highways,Ministry of Railways,619194,Uttar Pradesh,2969.29,2969.29,780.1,26.3,2022-03-01,2027-12-31,2029-12-31,2026-05-01,18,0.0,0
PAIM-618267,Pradesh. (MoRTH) (618267),Infrastructure & Highways,Ministry of Railways,618267,Uttar Pradesh,1905.88,1905.88,798.81,41.9,2023-03-01,2027-12-31,2027-12-31,2026-05-01,24,0.0,0
PAIM-706724,Guwahati Airport New Integrated Terminal Building Construction Project (Adani Airport Holdings Limited) (706724),Infrastructure & Highways,Ministry of Civil Aviation,706724,Assam,1915.75,1915.75,630.84,32.9,2023-03-01,2027-12-31,2029-12-31,2026-05-01,0,0.0,0
PAIM-706718,C/o NITB Imphal Airport (Airport Authority of India [AAI]) (706718),Infrastructure & Highways,Ministry of Civil Aviation,706718,Assam,2930.99,2930.99,1705.16,58.2,2022-03-01,2028-12-31,2027-12-31,2026-05-01,6,0.0,0
PAIM-612793,with integrated 10 years maintenance. (Airport Authority of India [AAI]) (612793),Infrastructure & Highways,Ministry of Civil Aviation,612793,Assam,1254.49,1254.49,527.56,42.1,2022-03-01,2028-12-31,2029-12-31,2026-05-01,18,0.0,0
PAIM-615820,TIKAK EXTENSION OCP (MIS MoCoal Integration Logins) (615820),Infrastructure & Highways,Ministry of Civil Aviation,615820,Assam,2934.83,2934.83,1016.25,34.6,2024-03-01,2027-12-31,2029-12-31,2026-05-01,12,0.0,0
PAIM-615821,TIRAP OCP (MIS MoCoal Integration Logins) (615821),Infrastructure & Highways,Ministry of Civil Aviation,615821,Assam,4123.25,4123.25,1210.79,29.4,2021-03-01,2028-12-31,2028-12-31,2026-05-01,24,0.0,0
PAIM-612898,"Pradesh (National Institute of Technology, Arunachal Pradesh) (612898)",Infrastructure & Highways,Ministry of Civil Aviation,612898,Assam,3667.35,3667.35,2064.57,56.3,2022-03-01,2027-12-31,2027-12-31,2026-05-01,6,0.0,0
PAIM-606112,Tezpur University Projects (Tezpur University) (606112),Infrastructure & Highways,Ministry of Civil Aviation,606112,Assam,4111.29,4111.29,2253.86,54.8,2022-03-01,2028-12-31,2027-12-31,2026-05-01,36,0.0,0
PAIM-612885,"Permanent Campus at Sohra (National Institute of Technology, Meghalaya) (612885)",Infrastructure & Highways,Ministry of Civil Aviation,612885,Multi-State,4068.04,4068.04,1396.21,34.3,2024-03-01,2028-12-31,2029-12-31,2026-05-01,0,0.0,0
PAIM-612876,"Construction of Permanent Campus for NIT Mizoram at Lengpui, Aizawl (NIT Mizoram) (612876)",Infrastructure & Highways,Ministry of Civil Aviation,612876,Multi-State,1917.71,1917.71,469.05,24.5,2023-03-01,2027-12-31,2029-12-31,2026-05-01,18,0.0,0
PAIM-613013,Establishment of NIT Nagaland (NIT Nagaland) (613013),Infrastructure & Highways,Ministry of Civil Aviation,613013,Multi-State,1412.68,1412.68,675.25,47.8,2021-03-01,2026-12-31,2027-12-31,2026-05-01,12,0.0,0
PAIM-609736,Sikkim (Sikkim University) (609736),Infrastructure & Highways,Ministry of Civil Aviation,609736,Multi-State,1058.28,1058.28,575.04,54.3,2023-03-01,2027-12-31,2029-12-31,2026-05-01,12,0.0,0
PAIM-612883,District (NIT Sikkim) (612883),Infrastructure & Highways,Ministry of Civil Aviation,612883,Multi-State,976.06,976.06,756.13,77.5,2022-03-01,2028-12-31,2027-12-31,2026-05-01,36,0.0,0
PAIM-400081,"National Sports University [NSU], Imphal [Manipur] (Department of Sports & Youth Affairs) (400081)",Infrastructure & Highways,Ministry of Civil Aviation,400081,Multi-State,473.14,473.14,316.88,67.0,2022-03-01,2027-12-31,2027-12-31,2026-05-01,6,0.0,0
PAIM-602182,Dibang Multipurpose Project (National Hydroelectric Power Corporation Limited [NHPC]) (602182),Infrastructure & Highways,Ministry of Civil Aviation,602182,Multi-State,3496.49,3496.49,1571.21,44.9,2021-03-01,2026-12-31,2028-12-31,2026-05-01,12,0.0,0
PAIM-619311,Kalai-II Hydro Electric Project [1200 MW] (THDC India Limited) (619311),Infrastructure & Highways,Ministry of Civil Aviation,619311,Multi-State,4029.29,4029.29,1856.76,46.1,2021-03-01,2028-12-31,2029-12-31,2026-05-01,36,0.0,0
PAIM-611698,240MW Heo HE Project (North Eastern Electric Power Corporation Limited) (611698),Infrastructure & Highways,Ministry of Civil Aviation,611698,Multi-State,4272.16,4272.16,485.53,11.4,2022-03-01,2026-12-31,2028-12-31,2026-05-01,12,0.0,0
PAIM-611699,186 MW Tato-I H E Project (North Eastern Electric Power Corporation Limited) (611699),Infrastructure & Highways,Ministry of Civil Aviation,611699,Multi-State,3093.89,3093.89,1045.55,33.8,2022-03-01,2028-12-31,2027-12-31,2026-05-01,24,0.0,0
PAIM-611716,700 MW Tato-II HE Project (North Eastern Electric Power Corporation Limited) (611716),Infrastructure & Highways,Ministry of Civil Aviation,611716,Multi-State,1897.07,1897.07,564.13,29.7,2021-03-01,2028-12-31,2027-12-31,2026-05-01,0,0.0,0
PAIM-602096,Subansiri Lower HE Project [2000 MW] (National Hydroelectric Power Corporation Limited [NHPC]) (602096),Infrastructure & Highways,Ministry of Civil Aviation,602096,Assam,1695.21,1695.21,1257.43,74.2,2024-03-01,2027-12-31,2029-12-31,2026-05-01,0,0.0,0
PAIM-602181,through NCLT] (National Hydroelectric Power Corporation Limited [NHPC]) (602181),Infrastructure & Highways,Ministry of Civil Aviation,602181,Multi-State,4379.35,4379.35,3118.43,71.2,2023-03-01,2027-12-31,2029-12-31,2026-05-01,6,0.0,0
PAIM-605156,A wholly owned subsidiary of NHPC Ltd. acquired through NCLT (National Hydroelectric Power Corporation Limited [NHPC]) (,Infrastructure & Highways,Ministry of Civil Aviation,605156,Multi-State,4406.68,4406.68,2248.77,51.0,2023-03-01,2027-12-31,2028-12-31,2026-05-01,36,0.0,0
PAIM-617375,North Eastern Region Expansion Scheme-XXIII [NERES-XXIII] (Power Grid Corporation of India Limited [POWERGRID]) (617375),Infrastructure & Highways,Ministry of Petroleum & Natural Gas,617375,Multi-State,2994.14,2994.14,1220.31,40.8,2021-03-01,2028-12-31,2028-12-31,2026-05-01,0,0.0,0
PAIM-607709,[NERPSIP] (Power Grid Corporation of India Limited [POWERGRID]) (607709),Infrastructure & Highways,Ministry of Petroleum & Natural Gas,607709,Assam,1854.61,1854.61,827.51,44.6,2023-03-01,2027-12-31,2029-12-31,2026-05-01,6,0.0,0
PAIM-602223,[T&D] Systems [CSST&DS] in Arunachal Pradesh and Sikkim (Power Grid Corporation of India Limited [POWERGRID]) (602223),Infrastructure & Highways,Ministry of Petroleum & Natural Gas,602223,Multi-State,3131.64,3131.64,1824.77,58.3,2023-03-01,2026-12-31,2028-12-31,2026-05-01,6,0.0,0
PAIM-709755,"Setting up of new rail fed POL facility at Kamardanga, Assam (Hindustan Petroleum Corporation Limited [HPCL]) (709755)",Infrastructure & Highways,Ministry of Petroleum & Natural Gas,709755,Assam,2824.44,2824.44,1072.0,38.0,2024-03-01,2028-12-31,2027-12-31,2026-05-01,0,0.0,0
PAIM-709754,"Construction of LPG Facilities at Kamardanga, Assam (Hindustan Petroleum Corporation Limited) (709754)",Infrastructure & Highways,Ministry of Petroleum & Natural Gas,709754,Assam,2651.0,2651.0,596.23,22.5,2022-03-01,2027-12-31,2027-12-31,2026-05-01,6,0.0,0
PAIM-701349,[COIT] at Paradip (Ministry of Petroleum & Natural Gas) (701349),Infrastructure & Highways,Ministry of Petroleum & Natural Gas,701349,Assam,2809.02,2809.02,1424.36,50.7,2024-03-01,2026-12-31,2028-12-31,2026-05-01,6,0.0,0
PAIM-12407,(10/2026) 10228 (12407) 10987.22 92.7,Infrastructure & Highways,Ministry of Petroleum & Natural Gas,12407,Assam,10987.22,92.7,5017.57,100.0,2024-03-01,2026-12-31,2027-12-31,2026-05-01,24,0.0,0
PAIM-617829,LPG Bottling Plant at Mualkhang (Ministry of Petroleum & Natural Gas) (617829),Infrastructure & Highways,Ministry of Petroleum & Natural Gas,617829,Assam,1251.11,1251.11,389.96,31.2,2022-03-01,2026-12-31,2028-12-31,2026-05-01,24,0.0,0
PAIM-400035,Dharmanagar Depot (Indian Oil Corporation Limited [IOCL]) (400035),Infrastructure & Highways,Ministry of Petroleum & Natural Gas,400035,Multi-State,3187.37,3187.37,1039.76,32.6,2024-03-01,2027-12-31,2028-12-31,2026-05-01,36,0.0,0
PAIM-709865,Scheme (NRL) (709865),Infrastructure & Highways,Ministry of Petroleum & Natural Gas,709865,Assam,3191.77,3191.77,2259.74,70.8,2021-03-01,2028-12-31,2028-12-31,2026-05-01,36,0.0,0
PAIM-709864,DCU Revamp Project (NRL) (709864),Infrastructure & Highways,Ministry of Petroleum & Natural Gas,709864,Assam,755.37,755.37,420.73,55.7,2024-03-01,2028-12-31,2027-12-31,2026-05-01,6,0.0,0
PAIM-709850,Borholla GGS Life Extension Project [BLEP] (Ministry of Petroleum & Natural Gas) (709850),Infrastructure & Highways,Ministry of Petroleum & Natural Gas,709850,Assam,2367.67,2367.67,1233.83,52.1,2023-03-01,2028-12-31,2028-12-31,2026-05-01,12,0.0,0
PAIM-709847,Pipeline Network Project Rudrasagar (Ministry of Petroleum & Natural Gas) (709847),Infrastructure & Highways,Ministry of Petroleum & Natural Gas,709847,Assam,3907.13,3907.13,2878.75,73.7,2021-03-01,2028-12-31,2029-12-31,2026-05-01,24,0.0,0
PAIM-709779,Capacity Expansion of Digboi Refinery from 0.65 to 1.0 MMTPA (MinistryofPetroleumNaturalGas) (709779),Infrastructure & Highways,Ministry of Petroleum & Natural Gas,709779,Assam,1642.82,1642.82,1106.03,67.3,2021-03-01,2027-12-31,2028-12-31,2026-05-01,0,0.0,0
PAIM-709776,Augmentation/Revamping of Facilities at existing Guwahati Terminal at Betkuchi (MinistryofPetroleumNaturalGas) (709776),Infrastructure & Highways,Ministry of Petroleum & Natural Gas,709776,Assam,279.04,279.04,217.59,78.0,2022-03-01,2028-12-31,2029-12-31,2026-05-01,12,0.0,0
PAIM-619316,"Group Gathering Station, Lakwagaon (Ministry of Petroleum & Natural Gas) (619316)",Infrastructure & Highways,Ministry of Petroleum & Natural Gas,619316,Assam,1593.54,1593.54,419.2,26.3,2023-03-01,2028-12-31,2027-12-31,2026-05-01,0,0.0,0
PAIM-617827,"Pipeline Rehabilitation Project, Phase-II (Ministry of Petroleum & Natural Gas) (617827)",Infrastructure & Highways,Ministry of Petroleum & Natural Gas,617827,Assam,3457.56,3457.56,2611.26,75.5,2022-03-01,2026-12-31,2027-12-31,2026-05-01,12,0.0,0
PAIM-617836,Coke Drum Structure Package (Ministry of Petroleum & Natural Gas) (617836),Infrastructure & Highways,Ministry of Petroleum & Natural Gas,617836,Assam,3860.27,3860.27,3208.41,83.1,2021-03-01,2027-12-31,2029-12-31,2026-05-01,36,0.0,0
PAIM-616858,processing & transportation of natural Gas to be produced from Baghjan Field (Ministry of Petroleum & Natural Gas) (6168,Infrastructure & Highways,Ministry of Petroleum & Natural Gas,616858,Assam,586.9,586.9,139.95,23.8,2021-03-01,2026-12-31,2027-12-31,2026-05-01,12,0.0,0
PAIM-604791,Numaligarh Refinery Expansion Project (Ministry of Petroleum & Natural Gas) (604791),Infrastructure & Highways,Ministry of Petroleum & Natural Gas,604791,Assam,654.23,654.23,524.32,80.1,2022-03-01,2026-12-31,2029-12-31,2026-05-01,0,0.0,0
PAIM-25313,(03/2027) 12366 (25313) 19820.29 85.5,Infrastructure & Highways,Ministry of Petroleum & Natural Gas,25313,Assam,19820.29,85.5,11993.89,100.0,2024-03-01,2026-12-31,2027-12-31,2026-05-01,36,0.0,0
PAIM-604863,Natural Gas from Nadua and East Khagorija (Ministry of Petroleum & Natural Gas) (604863),Infrastructure & Highways,Ministry of Petroleum & Natural Gas,604863,Assam,3383.05,3383.05,524.94,15.5,2024-03-01,2027-12-31,2027-12-31,2026-05-01,36,0.0,0
PAIM-701346,North East Gas Grid (Ministry of Petroleum & Natural Gas) (701346),Infrastructure & Highways,Ministry of Petroleum & Natural Gas,701346,Assam,1485.55,1485.55,1176.34,79.2,2022-03-01,2027-12-31,2027-12-31,2026-05-01,6,0.0,0
PAIM-709786,"Augmentation/ Revamping of Dimapur Depot, Dimapur (MinistryofPetroleumNaturalGas) (709786)",Infrastructure & Highways,Ministry of Petroleum & Natural Gas,709786,Assam,3251.07,3251.07,1107.87,34.1,2024-03-01,2026-12-31,2028-12-31,2026-05-01,18,0.0,0
PAIM-709837,"Creation of Gas Dehydration  Facilities, Tripura Asset (Oil and Natural Gas Corporation Limited [ONGC]) (709837)",Infrastructure & Highways,Ministry of Petroleum & Natural Gas,709837,Multi-State,1728.24,1728.24,662.35,38.3,2021-03-01,2027-12-31,2027-12-31,2026-05-01,36,0.0,0
PAIM-707039,"Establishment of new GMC Gangtok (Medical Education, Ministry of Health and Family Welfare) (707039)",Infrastructure & Highways,Ministry of Health and Family Welfare,707039,Multi-State,4395.04,4395.04,1318.26,30.0,2022-03-01,2028-12-31,2027-12-31,2026-05-01,6,0.0,0
PAIM-705572,Doubling of New Bonggigaon to Kamakhya via Goalpara - 176 km (Northeast Frontier Railway [NFR]) (705572),Infrastructure & Highways,Ministry of Health and Family Welfare,705572,Assam,4400.85,4400.85,825.96,18.8,2021-03-01,2026-12-31,2027-12-31,2026-05-01,12,0.0,0
PAIM-706922,Guwahati-Dibrugarh via Tinsukia & Simaluguri-Dibrugarh (Central Organisation for Railway Electrification (CORE)) (706922,Infrastructure & Highways,Ministry of Health and Family Welfare,706922,Assam,3272.24,3272.24,2405.48,73.5,2021-03-01,2027-12-31,2029-12-31,2026-05-01,36,0.0,0
PAIM-706940,"Mariani-Jorhat, Tinsukia-Dangri and Makum -TirapTrack Electrification Project (GM/C/ NFR) (706940)",Infrastructure & Highways,Ministry of Health and Family Welfare,706940,Assam,283.17,283.17,77.18,27.3,2023-03-01,2027-12-31,2029-12-31,2026-05-01,12,0.0,0
PAIM-706942,Harmuty-Murkongselek Branch Line Electrification Project (GM/C/ NFR) (706942),Infrastructure & Highways,Ministry of Health and Family Welfare,706942,Assam,4231.87,4231.87,2472.48,58.4,2024-03-01,2027-12-31,2027-12-31,2026-05-01,0,0.0,0
PAIM-618986,Furkating-New Tinsukia[194 Km] (Northeast Frontier Railway [NFR]) (618986),Infrastructure & Highways,Ministry of Health and Family Welfare,618986,Assam,485.84,485.84,79.1,16.3,2022-03-01,2027-12-31,2028-12-31,2026-05-01,36,0.0,0
PAIM-705391,Jiribam-Imphal new line project (Northeast Frontier Railway [NFR]) (705391),Infrastructure & Highways,Ministry of Health and Family Welfare,705391,Assam,2518.84,2518.84,1394.68,55.4,2024-03-01,2027-12-31,2029-12-31,2026-05-01,12,0.0,0
PAIM-705396,Byrnihat-Shillong New Rail Line- 108 km (Northeast Frontier Railway [NFR]) (705396),Infrastructure & Highways,Ministry of Health and Family Welfare,705396,Assam,1338.22,1338.22,329.24,24.6,2021-03-01,2028-12-31,2027-12-31,2026-05-01,0,0.0,0
PAIM-705401,Murkongselek-Pasighat (Northeast Frontier Railway [NFR] - II) (705401),Infrastructure & Highways,Ministry of Health and Family Welfare,705401,Assam,2507.29,2507.29,2118.39,84.5,2023-03-01,2028-12-31,2028-12-31,2026-05-01,36,0.0,0
PAIM-705394,Tetlia-Byrnihat New Railway Line (Northeast Frontier Railway [NFR]) (705394),Infrastructure & Highways,Ministry of Health and Family Welfare,705394,Assam,3105.87,3105.87,2064.12,66.5,2023-03-01,2026-12-31,2029-12-31,2026-05-01,24,0.0,0
PAIM-616701,Lumding Furkating Doubling Project 140 km (Northeast Frontier Railway [NFR]) (616701),Infrastructure & Highways,Ministry of Health and Family Welfare,616701,Assam,3547.25,3547.25,1881.11,53.0,2024-03-01,2027-12-31,2028-12-31,2026-05-01,18,0.0,0
PAIM-705392,Dimapur [Dhansiri]-Sukhobi Kohima [Zubza] NL [82.5 Km] (Northeast Frontier Railway [NFR] - II) (705392),Infrastructure & Highways,Ministry of Health and Family Welfare,705392,Assam,2604.05,2604.05,1875.94,72.0,2021-03-01,2026-12-31,2027-12-31,2026-05-01,24,0.0,0
PAIM-705432,Sivok-Rangpo New Rail Line (Indian Railway Construction International Limited [IRCON]) (705432),Infrastructure & Highways,Ministry of Health and Family Welfare,705432,Assam,3363.33,3363.33,2723.9,81.0,2022-03-01,2028-12-31,2028-12-31,2026-05-01,18,0.0,0
PAIM-11775,(12/2027) 7877 (11775) 10933.68 93.1,Infrastructure & Highways,Ministry of Health and Family Welfare,11775,Multi-State,10933.68,93.1,1540.6,100.0,2021-03-01,2028-12-31,2027-12-31,2026-05-01,0,0.0,0
PAIM-617892,SARDP-NE/P-P/Pkg-A/NH-13/Ar.Pr./PWD/2018-19/116] (MoRTH) (617892),Infrastructure & Highways,Ministry of Health and Family Welfare,617892,Multi-State,2848.95,2848.95,660.61,23.2,2023-03-01,2028-12-31,2027-12-31,2026-05-01,24,0.0,0
PAIM-619014,Length-35.066 Km in the state of Arunachal Pradesh on EPC mode Pkg-2 (NHIDCL) (619014),Infrastructure & Highways,Ministry of Health and Family Welfare,619014,Multi-State,4257.37,4257.37,1156.61,27.2,2024-03-01,2028-12-31,2028-12-31,2026-05-01,6,0.0,0
PAIM-618445,Balance Work (NHIDCL) (618445),Infrastructure & Highways,Ministry of Health and Family Welfare,618445,Multi-State,4128.95,4128.95,2911.21,70.5,2022-03-01,2027-12-31,2028-12-31,2026-05-01,18,0.0,0
PAIM-618401,on EPC Mode Pkg-3 (NHIDCL) (618401),Infrastructure & Highways,Ministry of Health and Family Welfare,618401,Multi-State,1627.64,1627.64,1235.59,75.9,2023-03-01,2026-12-31,2029-12-31,2026-05-01,12,0.0,0
PAIM-618402,Package-I (NHIDCL) (618402),Infrastructure & Highways,Ministry of Health and Family Welfare,618402,Multi-State,3926.18,3926.18,2009.65,51.2,2023-03-01,2027-12-31,2029-12-31,2026-05-01,36,0.0,0
PAIM-618403,NHO-NE (NHIDCL) (618403),Infrastructure & Highways,Ministry of Health and Family Welfare,618403,Multi-State,2555.09,2555.09,2002.18,78.4,2023-03-01,2026-12-31,2029-12-31,2026-05-01,36,0.0,0
PAIM-618404,Vijaynagar along China border in state of Arunachal pradesh on EPC mode (NHIDCL) (618404),Infrastructure & Highways,Ministry of Health and Family Welfare,618404,Multi-State,2840.85,2840.85,617.76,21.7,2023-03-01,2027-12-31,2028-12-31,2026-05-01,24,0.0,0
PAIM-618405,the State of Arunachal Pradesh on EPC mode Pkg-1 (NHIDCL) (618405),Infrastructure & Highways,Ministry of Health and Family Welfare,618405,Multi-State,366.89,366.89,147.93,40.3,2024-03-01,2027-12-31,2029-12-31,2026-05-01,0,0.0,0
PAIM-618434,Roing-Hunli Road Greenfield Alignment Project (NHIDCL) (618434),Infrastructure & Highways,Ministry of Health and Family Welfare,618434,Multi-State,1602.26,1602.26,833.56,52.0,2023-03-01,2028-12-31,2028-12-31,2026-05-01,6,0.0,0
PAIM-618033,415/Ar. P/2020-21/031 (MoRTH) (618033),Infrastructure & Highways,Ministry of Health and Family Welfare,618033,Multi-State,1281.16,1281.16,1008.89,78.7,2021-03-01,2026-12-31,2027-12-31,2026-05-01,6,0.0,0
PAIM-618433,Arunachal Pradesh on EPC Mode under SARDP-NE Pkg-7 (NHIDCL) (618433),Infrastructure & Highways,Ministry of Health and Family Welfare,618433,Multi-State,3987.17,3987.17,2410.33,60.5,2022-03-01,2027-12-31,2028-12-31,2026-05-01,6,0.0,0
PAIM-618432,Km 70.000 in the state of Arunachal Pradesh under SARDP-NE Pkg-3 (NHIDCL) (618432),Infrastructure & Highways,Ministry of Health and Family Welfare,618432,Multi-State,2526.66,2526.66,1222.47,48.4,2021-03-01,2028-12-31,2027-12-31,2026-05-01,0,0.0,0
PAIM-618455,Mode Package-I Road and Utility Works (NHIDCL) (618455),Infrastructure & Highways,Ministry of Health and Family Welfare,618455,Assam,1905.36,1905.36,288.3,15.1,2021-03-01,2026-12-31,2027-12-31,2026-05-01,6,0.0,0
PAIM-618576,at Jagiroad on stretches of NH 36 and NH 27 (National Highways Authority of India [NHAI]) (618576),Infrastructure & Highways,Ministry of Health and Family Welfare,618576,Assam,3692.11,3692.11,2618.35,70.9,2023-03-01,2027-12-31,2028-12-31,2026-05-01,36,0.0,0
PAIM-618934,Guwahati Ring Road in the State of Assam (National Highways Authority of India [NHAI]) (618934),Infrastructure & Highways,Ministry of Health and Family Welfare,618934,Assam,2369.33,2369.33,1125.16,47.5,2024-03-01,2026-12-31,2028-12-31,2026-05-01,0,0.0,0
PAIM-618958,Myanmar (National Highways Authority of India [NHAI]) (618958),Infrastructure & Highways,Ministry of Health and Family Welfare,618958,Assam,2905.8,2905.8,751.61,25.9,2021-03-01,2026-12-31,2029-12-31,2026-05-01,12,0.0,0
PAIM-618454,from Jogighopa Railway Station to MMLP (NHIDCL) (618454),Infrastructure & Highways,Ministry of Health and Family Welfare,618454,Assam,380.82,380.82,308.5,81.0,2023-03-01,2026-12-31,2028-12-31,2026-05-01,12,0.0,0
PAIM-619013,under EPC Mode in the state of Assam Pkg-II Road Works (NHIDCL) (619013),Infrastructure & Highways,Ministry of Health and Family Welfare,619013,Assam,4404.71,4404.71,2852.23,64.8,2021-03-01,2027-12-31,2027-12-31,2026-05-01,12,0.0,0
PAIM-618373,NH-127B under JICA ODA Loan assistance Phase-III (NHIDCL) (618373),Infrastructure & Highways,Ministry of Health and Family Welfare,618373,Assam,1857.6,1857.6,230.94,12.4,2024-03-01,2027-12-31,2029-12-31,2026-05-01,24,0.0,0
PAIM-618372,Pkg-2] (NHIDCL) (618372),Infrastructure & Highways,Ministry of Health and Family Welfare,618372,Assam,1540.07,1540.07,314.38,20.4,2022-03-01,2026-12-31,2028-12-31,2026-05-01,12,0.0,0
PAIM-618371,Km under JICA ODA Loan assistance Phase-V -Balance work (NHIDCL) (618371),Infrastructure & Highways,Ministry of Health and Family Welfare,618371,Assam,3777.41,3777.41,1026.88,27.2,2022-03-01,2028-12-31,2027-12-31,2026-05-01,6,0.0,0
PAIM-618444,Mode in the state of Assam  Pkg-IV Structures & Toll Plaza (NHIDCL) (618444),Infrastructure & Highways,Ministry of Health and Family Welfare,618444,Assam,2259.63,2259.63,1564.58,69.2,2023-03-01,2027-12-31,2027-12-31,2026-05-01,18,0.0,0
PAIM-618443,under EPC Mode in the state of Assam Pkg-II Road Works (NHIDCL) (618443),Infrastructure & Highways,Ministry of Health and Family Welfare,618443,Assam,3042.44,3042.44,380.02,12.5,2021-03-01,2026-12-31,2028-12-31,2026-05-01,24,0.0,0
PAIM-618442,under EPC Mode in the state of Assam Pkg-III Road Works (NHIDCL) (618442),Infrastructure & Highways,Ministry of Health and Family Welfare,618442,Assam,3792.0,3792.0,2125.24,56.0,2022-03-01,2026-12-31,2029-12-31,2026-05-01,6,0.0,0
PAIM-618441,under EPC Mode in the state of Assam Pkg-I Road Works (NHIDCL) (618441),Infrastructure & Highways,Ministry of Health and Family Welfare,618441,Assam,2857.7,2857.7,1429.61,50.0,2024-03-01,2027-12-31,2029-12-31,2026-05-01,18,0.0,0
PAIM-619057,Pariyojana in Economic Corridors Silchar- Churaibari Pkg-3 (NHIDCL) (619057),Infrastructure & Highways,Ministry of Health and Family Welfare,619057,Assam,878.52,878.52,336.96,38.4,2024-03-01,2026-12-31,2027-12-31,2026-05-01,24,0.0,0
PAIM-619060,under EPC Mode in the state of Assam Pkg-III Road Works (NHIDCL) (619060),Infrastructure & Highways,Ministry of Health and Family Welfare,619060,Assam,1193.39,1193.39,330.65,27.7,2022-03-01,2027-12-31,2028-12-31,2026-05-01,12,0.0,0
PAIM-619089,Km 0.000 to Km 49.230 of NH-27 (NHAI) (619089),Infrastructure & Highways,Ministry of Health and Family Welfare,619089,Assam,1113.97,1113.97,669.4,60.1,2023-03-01,2027-12-31,2028-12-31,2026-05-01,18,0.0,0
PAIM-618440,the state of Assam Pkg- IV Structures & Toll Plaza (NHIDCL) (618440),Infrastructure & Highways,Ministry of Health and Family Welfare,618440,Assam,1514.4,1514.4,1108.41,73.2,2023-03-01,2027-12-31,2027-12-31,2026-05-01,36,0.0,0
PAIM-618439,EPC Mode in the state of Assam Pkg-I Road Works (NHIDCL) (618439),Infrastructure & Highways,Ministry of Health and Family Welfare,618439,Assam,3375.71,3375.71,2607.94,77.3,2023-03-01,2027-12-31,2029-12-31,2026-05-01,12,0.0,0
PAIM-618438,"SARDP-NE, Phase 'A' in the State of Assam on EPC mode (NHIDCL) (618438)",Infrastructure & Highways,Ministry of Health and Family Welfare,618438,Assam,334.16,334.16,185.39,55.5,2022-03-01,2026-12-31,2028-12-31,2026-05-01,24,0.0,0
PAIM-618437,works & Toll Plaza (NHIDCL) (618437),Infrastructure & Highways,Ministry of Health and Family Welfare,618437,Assam,1818.32,1818.32,502.96,27.7,2021-03-01,2026-12-31,2028-12-31,2026-05-01,12,0.0,0
PAIM-618436,to Km 208.000 of NH-52 on EPC mode in state of Assam under SARDP-NE (NHIDCL) (618436),Infrastructure & Highways,Ministry of Health and Family Welfare,618436,Assam,4035.66,4035.66,2687.17,66.6,2024-03-01,2026-12-31,2027-12-31,2026-05-01,18,0.0,0
PAIM-618435,NH-37 on EPC basis under SARDP-NE in state of Assam (NHIDCL) (618435),Infrastructure & Highways,Ministry of Health and Family Welfare,618435,Assam,4402.64,4402.64,1101.91,25.0,2022-03-01,2028-12-31,2028-12-31,2026-05-01,18,0.0,0
PAIM-618354,km 116.550 near Hangrum Package-7 on EPC mode Package7 (NHIDCL) (618354),Infrastructure & Highways,Ministry of Health and Family Welfare,618354,Assam,2646.31,2646.31,1689.58,63.8,2024-03-01,2026-12-31,2028-12-31,2026-05-01,24,0.0,0
PAIM-618353,Package 8 (NHIDCL) (618353),Infrastructure & Highways,Ministry of Health and Family Welfare,618353,Assam,2019.6,2019.6,1572.54,77.9,2024-03-01,2028-12-31,2027-12-31,2026-05-01,12,0.0,0
PAIM-618352,9 (NHIDCL) (618352),Infrastructure & Highways,Ministry of Health and Family Welfare,618352,Assam,783.37,783.37,426.6,54.5,2024-03-01,2027-12-31,2028-12-31,2026-05-01,36,0.0,0
PAIM-618351,Package-10 (NHIDCL) (618351),Infrastructure & Highways,Ministry of Health and Family Welfare,618351,Assam,2424.0,2424.0,347.83,14.3,2022-03-01,2027-12-31,2028-12-31,2026-05-01,24,0.0,0
PAIM-617895,15/AS/2021-22/234 (MoRTH) (617895),Infrastructure & Highways,Ministry of Health and Family Welfare,617895,Assam,397.44,397.44,206.56,52.0,2021-03-01,2028-12-31,2027-12-31,2026-05-01,6,0.0,0
PAIM-617896,31/AS/ 2023-24/265 (MoRTH) (617896),Infrastructure & Highways,Ministry of Health and Family Welfare,617896,Assam,3995.9,3995.9,1939.71,48.5,2022-03-01,2028-12-31,2028-12-31,2026-05-01,18,0.0,0
PAIM-618034,No.427/AS/2022-23/245 (MoRTH) (618034),Infrastructure & Highways,Ministry of Health and Family Welfare,618034,Assam,1390.56,1390.56,140.78,10.1,2021-03-01,2027-12-31,2027-12-31,2026-05-01,18,0.0,0
PAIM-618159,20.479 km in the State of Assam Job No. 715K/AS/2023-24/256 (MoRTH) (618159),Infrastructure & Highways,Ministry of Health and Family Welfare,618159,Assam,2936.0,2936.0,2322.97,79.1,2024-03-01,2028-12-31,2028-12-31,2026-05-01,24,0.0,0
PAIM-618160,Job no. 715/AS/2020-21/213 (MoRTH) (618160),Infrastructure & Highways,Ministry of Health and Family Welfare,618160,Assam,1284.75,1284.75,635.5,49.5,2021-03-01,2027-12-31,2029-12-31,2026-05-01,18,0.0,0
PAIM-618282,4-L Bilasipara-Guwahati Package-10 (NHIDCL) (618282),Infrastructure & Highways,Ministry of Health and Family Welfare,618282,Assam,2471.64,2471.64,2026.51,82.0,2024-03-01,2026-12-31,2029-12-31,2026-05-01,12,0.0,0
PAIM-618283,4-L Bilasipara-Guwahati Package-9 (NHIDCL) (618283),Infrastructure & Highways,Ministry of Health and Family Welfare,618283,Assam,1338.74,1338.74,1107.84,82.8,2024-03-01,2027-12-31,2027-12-31,2026-05-01,12,0.0,0
PAIM-618284,NHO-NE Package-8 (NHIDCL) (618284),Infrastructure & Highways,Ministry of Health and Family Welfare,618284,Assam,3736.22,3736.22,1671.03,44.7,2024-03-01,2028-12-31,2027-12-31,2026-05-01,36,0.0,0
PAIM-618285,on EPC Package-7 (NHIDCL) (618285),Infrastructure & Highways,Ministry of Health and Family Welfare,618285,Assam,2277.88,2277.88,1624.04,71.3,2022-03-01,2026-12-31,2027-12-31,2026-05-01,18,0.0,0
PAIM-618286,4385 across River Brahmaputra on NH-17 at Jogighopa in Assam on EPC mode (NHIDCL) (618286),Infrastructure & Highways,Ministry of Health and Family Welfare,618286,Assam,4151.83,4151.83,2177.98,52.5,2022-03-01,2028-12-31,2029-12-31,2026-05-01,0,0.0,0
PAIM-618287,NE Package-2 (NHIDCL) (618287),Infrastructure & Highways,Ministry of Health and Family Welfare,618287,Assam,2850.16,2850.16,1259.11,44.2,2024-03-01,2026-12-31,2029-12-31,2026-05-01,12,0.0,0
PAIM-618288,"Mowatari, before Chapar Bypass  in the state ol Assam on HAM mode Package-1 (NHIDCL) (618288)",Infrastructure & Highways,Ministry of Health and Family Welfare,618288,Assam,2377.28,2377.28,1633.61,68.7,2022-03-01,2027-12-31,2027-12-31,2026-05-01,36,0.0,0
PAIM-618289,and Design Km 0.000 to km 14.660 under BMP on EPC mode (NHIDCL) (618289),Infrastructure & Highways,Ministry of Health and Family Welfare,618289,Assam,1148.38,1148.38,575.31,50.1,2021-03-01,2028-12-31,2027-12-31,2026-05-01,0,0.0,0
PAIM-618308,Pariyojana in Economic Corridors Silchar- Churaibari Package-2 (NHIDCL) (618308),Infrastructure & Highways,Ministry of Health and Family Welfare,618308,Assam,818.21,818.21,153.23,18.7,2022-03-01,2026-12-31,2027-12-31,2026-05-01,6,0.0,0
PAIM-618309,Mode Package-4 (NHIDCL) (618309),Infrastructure & Highways,Ministry of Health and Family Welfare,618309,Assam,4002.33,4002.33,480.31,12.0,2022-03-01,2028-12-31,2028-12-31,2026-05-01,6,0.0,0
PAIM-618310,Border on Silchar-Churaibari  in the State of Assam on HAM Mode Package-7 (NHIDCL) (618310),Infrastructure & Highways,Ministry of Health and Family Welfare,618310,Assam,3284.46,3284.46,2454.13,74.7,2024-03-01,2027-12-31,2028-12-31,2026-05-01,36,0.0,0
PAIM-618311,border in the state of Assam on HAM Mode Package-6 (NHIDCL) (618311),Infrastructure & Highways,Ministry of Health and Family Welfare,618311,Assam,2206.09,2206.09,431.54,19.6,2024-03-01,2026-12-31,2028-12-31,2026-05-01,24,0.0,0
PAIM-618312,NH-8 on Silchar-Churaibari in the state of Assam on HAM Mode Package-5 (NHIDCL) (618312),Infrastructure & Highways,Ministry of Health and Family Welfare,618312,Assam,2999.28,2999.28,568.4,19.0,2021-03-01,2028-12-31,2028-12-31,2026-05-01,12,0.0,0
PAIM-618313,Kalinagar Pt I on NH-37 in Assam on HAM Mode Pkg-1 (NHIDCL) (618313),Infrastructure & Highways,Ministry of Health and Family Welfare,618313,Assam,941.74,941.74,355.7,37.8,2024-03-01,2027-12-31,2028-12-31,2026-05-01,0,0.0,0
PAIM-618314,Pariyojna on EPC mode. Project Length 29.360 km under NHO-NE Package-2 (NHIDCL) (618314),Infrastructure & Highways,Ministry of Health and Family Welfare,618314,Assam,1692.19,1692.19,858.2,50.7,2024-03-01,2027-12-31,2029-12-31,2026-05-01,12,0.0,0
PAIM-618315,EPC mode Package-1 (NHIDCL) (618315),Infrastructure & Highways,Ministry of Health and Family Welfare,618315,Assam,2172.54,2172.54,573.47,26.4,2022-03-01,2028-12-31,2027-12-31,2026-05-01,0,0.0,0
PAIM-618325,Dillai to Lahorijan Package-7 (NHIDCL) (618325),Infrastructure & Highways,Ministry of Health and Family Welfare,618325,Assam,503.5,503.5,203.22,40.4,2021-03-01,2026-12-31,2028-12-31,2026-05-01,18,0.0,0
PAIM-618326,Daboka-Parokhaowa of NH 29 on EPC under NHO-NE Package-1 (NHIDCL) (618326),Infrastructure & Highways,Ministry of Health and Family Welfare,618326,Assam,1635.97,1635.97,789.76,48.3,2022-03-01,2027-12-31,2028-12-31,2026-05-01,6,0.0,0
PAIM-618327,Section in Assam on EPC Package-6 (NHIDCL) (618327),Infrastructure & Highways,Ministry of Health and Family Welfare,618327,Assam,320.6,320.6,228.97,71.4,2023-03-01,2027-12-31,2029-12-31,2026-05-01,0,0.0,0
PAIM-618330,'Phase-A' on EPC mode Assam Portion (NHIDCL) (618330),Infrastructure & Highways,Ministry of Health and Family Welfare,618330,Assam,4322.66,4322.66,1125.9,26.0,2023-03-01,2028-12-31,2029-12-31,2026-05-01,18,0.0,0
PAIM-618331,Package Silchar-Jiribam Pkg-1 in the state of Assam on HAM Mode (NHIDCL) (618331),Infrastructure & Highways,Ministry of Health and Family Welfare,618331,Assam,1254.17,1254.17,373.02,29.7,2022-03-01,2028-12-31,2029-12-31,2026-05-01,18,0.0,0
PAIM-618339,NH-38 in Tinsukia District under NHO- NE Package-4 (NHIDCL) (618339),Infrastructure & Highways,Ministry of Health and Family Welfare,618339,Assam,4122.61,4122.61,2710.83,65.8,2024-03-01,2027-12-31,2027-12-31,2026-05-01,12,0.0,0
PAIM-618340,EPCMode under NHO-NE Package-3 (NHIDCL) (618340),Infrastructure & Highways,Ministry of Health and Family Welfare,618340,Assam,567.72,567.72,471.54,83.1,2022-03-01,2028-12-31,2028-12-31,2026-05-01,36,0.0,0
PAIM-618333,PKG-7 (NHIDCL) (618333),Infrastructure & Highways,Ministry of Health and Family Welfare,618333,Multi-State,2398.92,2398.92,1690.08,70.5,2024-03-01,2026-12-31,2027-12-31,2026-05-01,18,0.0,0
PAIM-618334,NHO-TSP PKG-6 (NHIDCL) (618334),Infrastructure & Highways,Ministry of Health and Family Welfare,618334,Multi-State,1377.5,1377.5,1033.94,75.1,2022-03-01,2028-12-31,2029-12-31,2026-05-01,12,0.0,0
PAIM-618335,Puilon Kambiron Village on EPC Mode in Manipur PKG-5 (NHIDCL) (618335),Infrastructure & Highways,Ministry of Health and Family Welfare,618335,Multi-State,1600.5,1600.5,337.08,21.1,2023-03-01,2028-12-31,2028-12-31,2026-05-01,6,0.0,0
PAIM-618358,EPC Mode Package-6 (NHIDCL) (618358),Infrastructure & Highways,Ministry of Health and Family Welfare,618358,Multi-State,2159.14,2159.14,657.68,30.5,2024-03-01,2027-12-31,2029-12-31,2026-05-01,0,0.0,0
PAIM-618357,Mandeu on EPC Mode Package 5 (NHIDCL) (618357),Infrastructure & Highways,Ministry of Health and Family Welfare,618357,Multi-State,2221.31,2221.31,653.66,29.4,2022-03-01,2027-12-31,2027-12-31,2026-05-01,0,0.0,0
PAIM-618306,"under Bharatmala Pariyojana, under NHO-NE  Package-5 (NHIDCL) (618306)",Infrastructure & Highways,Ministry of Health and Family Welfare,618306,Multi-State,1307.01,1307.01,219.55,16.8,2024-03-01,2028-12-31,2028-12-31,2026-05-01,12,0.0,0
PAIM-618305,mode under Bharatmala Pariyojana under NHO-NE  Package-6 (NHIDCL) (618305),Infrastructure & Highways,Ministry of Health and Family Welfare,618305,Multi-State,2050.33,2050.33,662.67,32.3,2023-03-01,2027-12-31,2029-12-31,2026-05-01,0,0.0,0
PAIM-618304,"Bharatmala Pariyojana, under NHO-NE Package-7 (NHIDCL) (618304)",Infrastructure & Highways,Ministry of Health and Family Welfare,618304,Multi-State,1829.02,1829.02,588.44,32.2,2021-03-01,2026-12-31,2028-12-31,2026-05-01,36,0.0,0
PAIM-618303,state of Manipur on EPC mode Package-1 (NHIDCL) (618303),Infrastructure & Highways,Ministry of Health and Family Welfare,618303,Multi-State,364.55,364.55,139.54,38.3,2023-03-01,2026-12-31,2027-12-31,2026-05-01,0,0.0,0
PAIM-618302,state of Manipur on EPC mode Package-2 (NHIDCL) (618302),Infrastructure & Highways,Ministry of Health and Family Welfare,618302,Multi-State,1293.64,1293.64,361.21,27.9,2024-03-01,2028-12-31,2029-12-31,2026-05-01,0,0.0,0
PAIM-618301,297.700 of NH-39 New NH-02 in state of Manipur on EPC mode Pkg-5A (NHIDCL) (618301),Infrastructure & Highways,Ministry of Health and Family Welfare,618301,Multi-State,3807.96,3807.96,2178.9,57.2,2022-03-01,2028-12-31,2028-12-31,2026-05-01,0,0.0,0
PAIM-618300,from Km 262175 to Km 274610 in the state of Manipur on EPC mode Pkg-4A (NHIDCL) (618300),Infrastructure & Highways,Ministry of Health and Family Welfare,618300,Multi-State,1526.97,1526.97,781.34,51.2,2022-03-01,2026-12-31,2029-12-31,2026-05-01,0,0.0,0
PAIM-618299,from Km 274610 to Km 287000 in the state of Manipur on EPC mode Pkg-4B (NHIDCL) (618299),Infrastructure & Highways,Ministry of Health and Family Welfare,618299,Multi-State,1320.11,1320.11,396.45,30.0,2021-03-01,2026-12-31,2029-12-31,2026-05-01,24,0.0,0
PAIM-618387,EPC mode under NHO-NE Package-2 (NHIDCL) (618387),Infrastructure & Highways,Ministry of Health and Family Welfare,618387,Multi-State,3467.27,3467.27,385.11,11.1,2021-03-01,2027-12-31,2029-12-31,2026-05-01,12,0.0,0
PAIM-618388,of Manipur on EPC mode under NHO-TSP Package -3 (NHIDCL) (618388),Infrastructure & Highways,Ministry of Health and Family Welfare,618388,Multi-State,501.24,501.24,317.48,63.3,2024-03-01,2027-12-31,2028-12-31,2026-05-01,24,0.0,0
PAIM-618389,of Manipur on EPC mode under NHO-TSP Package -4 (NHIDCL) (618389),Infrastructure & Highways,Ministry of Health and Family Welfare,618389,Multi-State,2511.83,2511.83,848.45,33.8,2021-03-01,2028-12-31,2027-12-31,2026-05-01,12,0.0,0
PAIM-618298,Pkg-5B (NHIDCL) (618298),Infrastructure & Highways,Ministry of Health and Family Welfare,618298,Multi-State,2661.03,2661.03,930.36,35.0,2021-03-01,2026-12-31,2029-12-31,2026-05-01,0,0.0,0
PAIM-618356,near Phelong on EPC Mode Package-3 (NHIDCL) (618356),Infrastructure & Highways,Ministry of Health and Family Welfare,618356,Multi-State,1947.36,1947.36,1654.58,85.0,2021-03-01,2028-12-31,2029-12-31,2026-05-01,6,0.0,0
PAIM-618355,Package-2 (NHIDCL) (618355),Infrastructure & Highways,Ministry of Health and Family Welfare,618355,Multi-State,1087.05,1087.05,816.36,75.1,2022-03-01,2026-12-31,2027-12-31,2026-05-01,0,0.0,0
PAIM-618336,km 103.557 on EPC Mode in Manipur PKG-4 (NHIDCL) (618336),Infrastructure & Highways,Ministry of Health and Family Welfare,618336,Multi-State,2950.3,2950.3,595.14,20.2,2021-03-01,2027-12-31,2029-12-31,2026-05-01,0,0.0,0
PAIM-618337,33.395 to km 67.496 on EPC Mode in Manipur PKG-3 (NHIDCL) (618337),Infrastructure & Highways,Ministry of Health and Family Welfare,618337,Multi-State,1542.38,1542.38,424.29,27.5,2024-03-01,2027-12-31,2028-12-31,2026-05-01,0,0.0,0
PAIM-618338,Balance Works & Rectification works (NHIDCL) (618338),Infrastructure & Highways,Ministry of Health and Family Welfare,618338,Multi-State,791.84,791.84,199.98,25.3,2021-03-01,2026-12-31,2028-12-31,2026-05-01,18,0.0,0
PAIM-618415,40.000 km on NH-129A in the State of Manipur on EPC mode (NHIDCL) (618415),Infrastructure & Highways,Ministry of Health and Family Welfare,618415,Multi-State,1263.88,1263.88,274.95,21.8,2022-03-01,2027-12-31,2028-12-31,2026-05-01,12,0.0,0
PAIM-618416,22.340 km on NH-129A in the State of Manipur on EPC mode (NHIDCL) (618416),Infrastructure & Highways,Ministry of Health and Family Welfare,618416,Multi-State,4369.38,4369.38,3689.04,84.4,2021-03-01,2028-12-31,2028-12-31,2026-05-01,12,0.0,0
PAIM-618349,Package-4A in the State of Manipur on EPC Mode (NHIDCL) (618349),Infrastructure & Highways,Ministry of Health and Family Welfare,618349,Multi-State,4414.4,4414.4,1496.01,33.9,2024-03-01,2026-12-31,2029-12-31,2026-05-01,18,0.0,0
PAIM-618348,State of Manipur on EPC Mode (NHIDCL) (618348),Infrastructure & Highways,Ministry of Health and Family Welfare,618348,Multi-State,4019.15,4019.15,2413.83,60.1,2022-03-01,2027-12-31,2027-12-31,2026-05-01,24,0.0,0
PAIM-618347,NHO Package-1B (NHIDCL) (618347),Infrastructure & Highways,Ministry of Health and Family Welfare,618347,Multi-State,2360.2,2360.2,939.78,39.8,2023-03-01,2026-12-31,2027-12-31,2026-05-01,36,0.0,0
PAIM-618346,NHO Package-2A (NHIDCL) (618346),Infrastructure & Highways,Ministry of Health and Family Welfare,618346,Multi-State,2584.18,2584.18,1547.68,59.9,2022-03-01,2027-12-31,2027-12-31,2026-05-01,18,0.0,0
PAIM-618345,Package-2B (NHIDCL) (618345),Infrastructure & Highways,Ministry of Health and Family Welfare,618345,Multi-State,2721.43,2721.43,1036.37,38.1,2021-03-01,2026-12-31,2029-12-31,2026-05-01,6,0.0,0
PAIM-618344,on EPC mode Package-3 (NHIDCL) (618344),Infrastructure & Highways,Ministry of Health and Family Welfare,618344,Multi-State,2585.7,2585.7,455.95,17.6,2023-03-01,2027-12-31,2027-12-31,2026-05-01,12,0.0,0
PAIM-617885,NE  ong-Don-Maw/MG/2020-21/294 (MoRTH) (617885),Infrastructure & Highways,Ministry of Health and Family Welfare,617885,Multi-State,2457.03,2457.03,1404.64,57.2,2024-03-01,2028-12-31,2027-12-31,2026-05-01,12,0.0,0
PAIM-618076,31.500 Goeragre to km 63.224 Package-II in state of Meghalaya (MoRTH) (618076),Infrastructure & Highways,Ministry of Health and Family Welfare,618076,Multi-State,1776.88,1776.88,1394.03,78.5,2023-03-01,2026-12-31,2029-12-31,2026-05-01,18,0.0,0
PAIM-618294,of NH-1278 under Bharatmala Pariyojana Lot-1 Pkg-1B Meghalaya portion (NHIDCL) (618294),Infrastructure & Highways,Ministry of Health and Family Welfare,618294,Multi-State,894.6,894.6,313.54,35.0,2024-03-01,2027-12-31,2028-12-31,2026-05-01,36,0.0,0
PAIM-618295,Km 8600 to Km 53000 of Old NH-62 under BMP Lot-1 Pkg-1B Meghalaya portion (NHIDCL) (618295),Infrastructure & Highways,Ministry of Health and Family Welfare,618295,Multi-State,3323.93,3323.93,2224.35,66.9,2024-03-01,2027-12-31,2027-12-31,2026-05-01,36,0.0,0
PAIM-618421,Meghalaya on EPC Mode Greenfield alignment (NHIDCL) (618421),Infrastructure & Highways,Ministry of Health and Family Welfare,618421,Multi-State,665.17,665.17,444.09,66.8,2021-03-01,2026-12-31,2029-12-31,2026-05-01,12,0.0,0
PAIM-618420,of Meghalaya on EPC Mode (NHIDCL) (618420),Infrastructure & Highways,Ministry of Health and Family Welfare,618420,Multi-State,3508.27,3508.27,1258.95,35.9,2022-03-01,2027-12-31,2028-12-31,2026-05-01,12,0.0,0
PAIM-618419,state of Meghalaya on EPC Mode Greenfield alignment (NHIDCL) (618419),Infrastructure & Highways,Ministry of Health and Family Welfare,618419,Assam,3690.08,3690.08,2660.12,72.1,2023-03-01,2026-12-31,2027-12-31,2026-05-01,12,0.0,0
PAIM-618418,NE in the State of Meghalaya  Package-1 (NHIDCL) (618418),Infrastructure & Highways,Ministry of Health and Family Welfare,618418,Assam,2077.14,2077.14,915.31,44.1,2021-03-01,2028-12-31,2028-12-31,2026-05-01,36,0.0,0
PAIM-618377,under JICA ODA Loan assistance Phase-II -Balance Work Pkg-1 (NHIDCL) (618377),Infrastructure & Highways,Ministry of Health and Family Welfare,618377,Multi-State,3027.63,3027.63,1154.49,38.1,2024-03-01,2027-12-31,2028-12-31,2026-05-01,6,0.0,0
PAIM-618376,ODA Loan assistance Phase-II -Balance Work-Pkg-2 (NHIDCL) (618376),Infrastructure & Highways,Ministry of Health and Family Welfare,618376,Multi-State,2331.39,2331.39,935.81,40.1,2022-03-01,2027-12-31,2027-12-31,2026-05-01,6,0.0,0
PAIM-618375,Balance work Pkg-4 (NHIDCL) (618375),Infrastructure & Highways,Ministry of Health and Family Welfare,618375,Multi-State,4494.66,4494.66,1820.73,40.5,2021-03-01,2027-12-31,2027-12-31,2026-05-01,12,0.0,0
PAIM-618374,assistance Phase-II Pkg-5 -Balance work (NHIDCL) (618374),Infrastructure & Highways,Ministry of Health and Family Welfare,618374,Multi-State,1593.44,1593.44,922.6,57.9,2024-03-01,2026-12-31,2028-12-31,2026-05-01,0,0.0,0
PAIM-618316,Pariyojna under NHO-NE. Package-1&2 in Assam state (NHIDCL) (618316),Infrastructure & Highways,Ministry of Health and Family Welfare,618316,Assam,1173.69,1173.69,129.7,11.1,2023-03-01,2026-12-31,2028-12-31,2026-05-01,36,0.0,0
PAIM-618317,Pariyojna on EPC mode Vairengte - Sairang Pkg-4 (NHIDCL) (618317),Infrastructure & Highways,Ministry of Health and Family Welfare,618317,Multi-State,921.26,921.26,407.35,44.2,2023-03-01,2028-12-31,2027-12-31,2026-05-01,6,0.0,0
PAIM-618318,under NHO-NE Vairengte - Sairang Pkg-5 (NHIDCL) (618318),Infrastructure & Highways,Ministry of Health and Family Welfare,618318,Multi-State,1226.83,1226.83,177.76,14.5,2022-03-01,2027-12-31,2029-12-31,2026-05-01,36,0.0,0
PAIM-618319,"on Silchar-Vairengte- Sairang road, Vairengte - Sairang Pkg-6 (NHIDCL) (618319)",Infrastructure & Highways,Ministry of Health and Family Welfare,618319,Multi-State,1813.15,1813.15,1417.55,78.2,2024-03-01,2028-12-31,2028-12-31,2026-05-01,6,0.0,0
PAIM-618320,Sairang road in the State of Mizoram on EPC mode (NHIDCL) (618320),Infrastructure & Highways,Ministry of Health and Family Welfare,618320,Multi-State,2693.0,2693.0,2083.0,77.3,2023-03-01,2026-12-31,2027-12-31,2026-05-01,12,0.0,0
PAIM-618321,Pariyojna on EPC mode under NHO-NE Package-8 (NHIDCL) (618321),Infrastructure & Highways,Ministry of Health and Family Welfare,618321,Multi-State,691.52,691.52,389.53,56.3,2024-03-01,2026-12-31,2028-12-31,2026-05-01,6,0.0,0
PAIM-618323,2 (NHIDCL) (618323),Infrastructure & Highways,Ministry of Health and Family Welfare,618323,Multi-State,2940.53,2940.53,394.22,13.4,2024-03-01,2026-12-31,2028-12-31,2026-05-01,18,0.0,0
PAIM-618384,Tuipang Section of NH-54 in the State of Mizoram Package-4 (NHIDCL) (618384),Infrastructure & Highways,Ministry of Health and Family Welfare,618384,Multi-State,4265.89,4265.89,710.76,16.7,2023-03-01,2027-12-31,2028-12-31,2026-05-01,12,0.0,0
PAIM-618383,section under JICA ODA Loan assistance Phase-I Package-8 (NHIDCL) (618383),Infrastructure & Highways,Ministry of Health and Family Welfare,618383,Multi-State,3929.87,3929.87,777.91,19.8,2021-03-01,2028-12-31,2029-12-31,2026-05-01,6,0.0,0
PAIM-618382,section under JICA ODA Loan assistance Phase-I Package-7 (NHIDCL) (618382),Infrastructure & Highways,Ministry of Health and Family Welfare,618382,Multi-State,1099.62,1099.62,894.32,81.3,2023-03-01,2027-12-31,2027-12-31,2026-05-01,36,0.0,0
PAIM-618324,Pariyojna on EPC Mode under NHO-NE (NHIDCL) (618324),Infrastructure & Highways,Ministry of Health and Family Welfare,618324,Multi-State,2468.74,2468.74,1305.56,52.9,2022-03-01,2027-12-31,2029-12-31,2026-05-01,6,0.0,0
PAIM-618341,Tuivai Pkg-2 (NHIDCL) (618341),Infrastructure & Highways,Ministry of Health and Family Welfare,618341,Multi-State,1338.56,1338.56,834.4,62.3,2021-03-01,2027-12-31,2029-12-31,2026-05-01,0,0.0,0
PAIM-618342,state  of Mizoram under Bharatmala Pariyojana on EPC mode (NHIDCL) (618342),Infrastructure & Highways,Ministry of Health and Family Welfare,618342,Multi-State,2178.4,2178.4,615.07,28.2,2021-03-01,2026-12-31,2029-12-31,2026-05-01,12,0.0,0
PAIM-618343,Mizoram under Bharatmala Pariyojna on EPC Mode Seling-Dulte - III (NHIDCL) (618343),Infrastructure & Highways,Ministry of Health and Family Welfare,618343,Multi-State,726.64,726.64,512.1,70.5,2022-03-01,2026-12-31,2029-12-31,2026-05-01,12,0.0,0
PAIM-618452,"in the State of Mizoram on EPC mode under NHO-NE, stretch of IMBR (NHIDCL) (618452)",Infrastructure & Highways,Ministry of Health and Family Welfare,618452,Multi-State,1493.31,1493.31,713.04,47.7,2024-03-01,2027-12-31,2029-12-31,2026-05-01,12,0.0,0
PAIM-618381,Tuipang section under JICA ODA Loan assistance Phase-I Package-6 (NHIDCL) (618381),Infrastructure & Highways,Ministry of Health and Family Welfare,618381,Multi-State,1332.79,1332.79,711.15,53.4,2023-03-01,2028-12-31,2027-12-31,2026-05-01,24,0.0,0
PAIM-618380,Tuipang Section of NH-54 in the State of Mizoram Package-3 (NHIDCL) (618380),Infrastructure & Highways,Ministry of Health and Family Welfare,618380,Multi-State,1791.81,1791.81,1221.87,68.2,2022-03-01,2026-12-31,2027-12-31,2026-05-01,6,0.0,0
PAIM-618379,Tuipang Section of NH-54 in the State of Mizoram Package-5 (NHIDCL) (618379),Infrastructure & Highways,Ministry of Health and Family Welfare,618379,Multi-State,3200.48,3200.48,2318.27,72.4,2023-03-01,2028-12-31,2027-12-31,2026-05-01,12,0.0,0
PAIM-619010,NHO-NE Package-3  Keifang- Tuivai Pkg-3 (NHIDCL) (619010),Infrastructure & Highways,Ministry of Health and Family Welfare,619010,Multi-State,4297.87,4297.87,2438.58,56.7,2021-03-01,2026-12-31,2028-12-31,2026-05-01,36,0.0,0
PAIM-618362,A (NHIDCL) (618362),Infrastructure & Highways,Ministry of Health and Family Welfare,618362,Multi-State,1821.12,1821.12,1419.72,78.0,2021-03-01,2027-12-31,2029-12-31,2026-05-01,18,0.0,0
PAIM-618363,under Bharatmala Pariyojana on EPC mode [Pkg-B] (NHIDCL) (618363),Infrastructure & Highways,Ministry of Health and Family Welfare,618363,Multi-State,1800.93,1800.93,1062.93,59.0,2023-03-01,2026-12-31,2027-12-31,2026-05-01,18,0.0,0
PAIM-618359,EPC mode under Bharatmala Pariyojna of Length 27.514 Km Package-3 (NHIDCL) (618359),Infrastructure & Highways,Ministry of Health and Family Welfare,618359,Assam,4328.58,4328.58,896.89,20.7,2023-03-01,2028-12-31,2028-12-31,2026-05-01,18,0.0,0
PAIM-618366,on EPC mode under NHO-NE (NHIDCL) (618366),Infrastructure & Highways,Ministry of Health and Family Welfare,618366,Multi-State,3552.33,3552.33,2617.62,73.7,2021-03-01,2026-12-31,2029-12-31,2026-05-01,6,0.0,0
PAIM-618365,Nagaland on EPC mode under NHO-NE (NHIDCL) (618365),Infrastructure & Highways,Ministry of Health and Family Welfare,618365,Multi-State,4075.93,4075.93,1389.95,34.1,2021-03-01,2028-12-31,2029-12-31,2026-05-01,6,0.0,0
PAIM-619059,SARDP-NE  PKG-IV Balance work (NHIDCL) (619059),Infrastructure & Highways,Ministry of Health and Family Welfare,619059,Multi-State,3105.62,3105.62,896.08,28.9,2021-03-01,2027-12-31,2027-12-31,2026-05-01,18,0.0,0
PAIM-618364,on EPC mode under NH O-NE (NHIDCL) (618364),Infrastructure & Highways,Ministry of Health and Family Welfare,618364,Multi-State,1699.7,1699.7,867.68,51.0,2023-03-01,2026-12-31,2028-12-31,2026-05-01,6,0.0,0
PAIM-617886,to Km 125 of NH 61 (MoRTH) (617886),Infrastructure & Highways,Ministry of Health and Family Welfare,617886,Multi-State,2061.81,2061.81,488.72,23.7,2021-03-01,2026-12-31,2027-12-31,2026-05-01,0,0.0,0
PAIM-618329,SARDP-NE (NHIDCL) (618329),Infrastructure & Highways,Ministry of Health and Family Welfare,618329,Multi-State,2079.5,2079.5,433.08,20.8,2023-03-01,2028-12-31,2028-12-31,2026-05-01,6,0.0,0
PAIM-618328,Bypass under SARDP-NE Package-III (NHIDCL) (618328),Infrastructure & Highways,Ministry of Health and Family Welfare,618328,Multi-State,839.71,839.71,700.9,83.5,2024-03-01,2027-12-31,2027-12-31,2026-05-01,24,0.0,0
PAIM-618413,Nagaland on EPC mode under NHO-TSP Package-III (NHIDCL) (618413),Infrastructure & Highways,Ministry of Health and Family Welfare,618413,Multi-State,2500.01,2500.01,490.59,19.6,2022-03-01,2026-12-31,2029-12-31,2026-05-01,36,0.0,0
PAIM-618414,in the state of Nagaland on EPC mode under NHO-TSP Package-II (NHIDCL) (618414),Infrastructure & Highways,Ministry of Health and Family Welfare,618414,Multi-State,2651.51,2651.51,880.87,33.2,2022-03-01,2026-12-31,2029-12-31,2026-05-01,0,0.0,0
PAIM-618422,SARDP-NE package-V  Balance work (NHIDCL) (618422),Infrastructure & Highways,Ministry of Health and Family Welfare,618422,Multi-State,3953.22,3953.22,2296.63,58.1,2021-03-01,2027-12-31,2028-12-31,2026-05-01,24,0.0,0
PAIM-618297,Mode under NHO Package-II -Balance work (NHIDCL) (618297),Infrastructure & Highways,Ministry of Health and Family Welfare,618297,Multi-State,2772.11,2772.11,1184.74,42.7,2021-03-01,2028-12-31,2029-12-31,2026-05-01,36,0.0,0
PAIM-618296,on EPC Mode Package-V under NHO (NHIDCL) (618296),Infrastructure & Highways,Ministry of Health and Family Welfare,618296,Multi-State,702.19,702.19,329.85,47.0,2021-03-01,2027-12-31,2027-12-31,2026-05-01,12,0.0,0
PAIM-618293,on EPC Mode Package-1 -Balance work (NHIDCL) (618293),Infrastructure & Highways,Ministry of Health and Family Welfare,618293,Multi-State,2985.52,2985.52,1422.7,47.7,2023-03-01,2027-12-31,2029-12-31,2026-05-01,12,0.0,0
PAIM-618292,state of Nagaland Under SARDP-NE on EPC Mode Package-2 (NHIDCL) (618292),Infrastructure & Highways,Ministry of Health and Family Welfare,618292,Multi-State,4194.84,4194.84,3262.07,77.8,2023-03-01,2028-12-31,2029-12-31,2026-05-01,6,0.0,0
PAIM-618291,state of Nagaland Under SARDP-NE on EPC Mode Package- 3 (NHIDCL) (618291),Infrastructure & Highways,Ministry of Health and Family Welfare,618291,Multi-State,1890.72,1890.72,1326.07,70.1,2024-03-01,2026-12-31,2027-12-31,2026-05-01,6,0.0,0
PAIM-618290,State of Nagaland under SARDP-NE on EPC Mode Package-IV (NHIDCL) (618290),Infrastructure & Highways,Ministry of Health and Family Welfare,618290,Multi-State,4080.1,4080.1,2605.3,63.9,2024-03-01,2026-12-31,2028-12-31,2026-05-01,0,0.0,0
PAIM-618423,Balance work (NHIDCL) (618423),Infrastructure & Highways,Ministry of Health and Family Welfare,618423,Multi-State,2222.06,2222.06,706.75,31.8,2024-03-01,2028-12-31,2029-12-31,2026-05-01,24,0.0,0
PAIM-618072,Km 220.00 of NH-61 New NH-02 in the state of Nagaland. (MoRTH) (618072),Infrastructure & Highways,Ministry of Health and Family Welfare,618072,Multi-State,1683.49,1683.49,353.61,21.0,2022-03-01,2028-12-31,2029-12-31,2026-05-01,0,0.0,0
PAIM-618002,Chare via Dikhu in the state of Nagaland on EPC mode (MoRTH) (618002),Infrastructure & Highways,Ministry of Health and Family Welfare,618002,Multi-State,4156.64,4156.64,3360.02,80.8,2022-03-01,2026-12-31,2029-12-31,2026-05-01,12,0.0,0
PAIM-618450,km58.840 under SARDP-NE Phase A  Pkg- IV (NHIDCL) (618450),Infrastructure & Highways,Ministry of Health and Family Welfare,618450,Multi-State,4136.81,4136.81,542.96,13.1,2024-03-01,2028-12-31,2027-12-31,2026-05-01,0,0.0,0
PAIM-618449,spur NH-717B on EPC Mode under SARDP-NE Phase-A in Sikkim Pkg-II B (NHIDCL) (618449),Infrastructure & Highways,Ministry of Health and Family Welfare,618449,Multi-State,886.01,886.01,407.38,46.0,2022-03-01,2026-12-31,2027-12-31,2026-05-01,12,0.0,0
PAIM-618448,the State of Sikkim. (NHIDCL) (618448),Infrastructure & Highways,Ministry of Health and Family Welfare,618448,Multi-State,4105.84,4105.84,1253.65,30.5,2021-03-01,2028-12-31,2027-12-31,2026-05-01,6,0.0,0
PAIM-618447,Sikkim. (NHIDCL) (618447),Infrastructure & Highways,Ministry of Health and Family Welfare,618447,Multi-State,1327.3,1327.3,485.45,36.6,2024-03-01,2027-12-31,2027-12-31,2026-05-01,6,0.0,0
PAIM-618446,Rongli to Chochenpheri of NH 717B Pkg-II C (NHIDCL) (618446),Infrastructure & Highways,Ministry of Health and Family Welfare,618446,Multi-State,592.99,592.99,229.31,38.7,2022-03-01,2027-12-31,2028-12-31,2026-05-01,36,0.0,0
PAIM-618428,Bridge of 680 m in the State of Sikkim on EPC Mode-COS work (NHIDCL) (618428),Infrastructure & Highways,Ministry of Health and Family Welfare,618428,Multi-State,580.45,580.45,274.49,47.3,2023-03-01,2026-12-31,2027-12-31,2026-05-01,36,0.0,0
PAIM-618426,State of Sikkim (NHIDCL) (618426),Infrastructure & Highways,Ministry of Health and Family Welfare,618426,Multi-State,1056.99,1056.99,134.2,12.7,2021-03-01,2026-12-31,2029-12-31,2026-05-01,18,0.0,0
PAIM-618071,Ranipool to Burtuk Ch 0.00 Km to 23.316 L23.316 Km in the State of Sikkim (MoRTH) (618071),Infrastructure & Highways,Ministry of Health and Family Welfare,618071,Multi-State,3126.99,3126.99,1525.58,48.8,2024-03-01,2028-12-31,2028-12-31,2026-05-01,24,0.0,0
PAIM-618368,under JICA ODA Loan Phase VI Package-3 (NHIDCL) (618368),Infrastructure & Highways,Ministry of Health and Family Welfare,618368,Multi-State,454.38,454.38,114.4,25.2,2024-03-01,2028-12-31,2027-12-31,2026-05-01,24,0.0,0
PAIM-618367,JICA ODA Loan Phase VI Package-4 (NHIDCL) (618367),Infrastructure & Highways,Ministry of Health and Family Welfare,618367,Multi-State,3921.6,3921.6,438.09,11.2,2024-03-01,2028-12-31,2029-12-31,2026-05-01,12,0.0,0
PAIM-618369,the state of Tripura on EPC mode under JICA ODA Loan Phase VI Package-2 (NHIDCL) (618369),Infrastructure & Highways,Ministry of Health and Family Welfare,618369,Multi-State,2110.59,2110.59,980.0,46.4,2021-03-01,2028-12-31,2027-12-31,2026-05-01,6,0.0,0
PAIM-618370,JICA ODA Loan Phase VI Package-1 (NHIDCL) (618370),Infrastructure & Highways,Ministry of Health and Family Welfare,618370,Multi-State,2797.87,2797.87,2372.11,84.8,2021-03-01,2028-12-31,2027-12-31,2026-05-01,18,0.0,0
PAIM-618350,state of Tripura on EPC basis under NHO-NE (NHIDCL) (618350),Infrastructure & Highways,Ministry of Health and Family Welfare,618350,Multi-State,4460.97,4460.97,456.93,10.2,2022-03-01,2028-12-31,2028-12-31,2026-05-01,24,0.0,0
PAIM-618385,with paved shoulder on EPC basis under NHO Package-III- Balance Work (NHIDCL) (618385),Infrastructure & Highways,Ministry of Health and Family Welfare,618385,Multi-State,3583.05,3583.05,726.81,20.3,2021-03-01,2026-12-31,2027-12-31,2026-05-01,0,0.0,0
PAIM-618386,shoulder on EPC bais under NHO (NHIDCL) (618386),Infrastructure & Highways,Ministry of Health and Family Welfare,618386,Multi-State,2152.72,2152.72,818.07,38.0,2021-03-01,2027-12-31,2027-12-31,2026-05-01,6,0.0,0
PAIM-618411,and overlay from Km 20.30 to Km 22.00 1.7 Km Total Length  13.2 Km (NHIDCL) (618411),Infrastructure & Highways,Ministry of Health and Family Welfare,618411,Multi-State,1857.07,1857.07,1415.33,76.2,2021-03-01,2028-12-31,2029-12-31,2026-05-01,6,0.0,0
PAIM-618417,state of Tripura on EPC basis under NHO-NE (NHIDCL) (618417),Infrastructure & Highways,Ministry of Health and Family Welfare,618417,Multi-State,2752.8,2752.8,769.22,27.9,2023-03-01,2026-12-31,2029-12-31,2026-05-01,18,0.0,0
PAIM-701598,Highways of Meghalaya (Department of Telecommunications) (701598),Infrastructure & Highways,Ministry of Health and Family Welfare,701598,Assam,248.32,248.32,168.99,68.1,2022-03-01,2027-12-31,2029-12-31,2026-05-01,24,0.0,0
PAIM-701597,2 Districts of Assam (Department of Telecommunications) (701597),Infrastructure & Highways,Ministry of Health and Family Welfare,701597,Assam,2984.42,2984.42,2224.79,74.5,2022-03-01,2027-12-31,2028-12-31,2026-05-01,36,0.0,0
PAIM-701370,"Borolia Irrigation Project (Department of Water Resources, River Development & GR) (701370)",Infrastructure & Highways,Ministry of Health and Family Welfare,701370,Assam,3205.73,3205.73,1327.86,41.4,2021-03-01,2026-12-31,2029-12-31,2026-05-01,0,0.0,0
PAIM-701400,Thoubal Multipurpose Project (Water Resources Department-MN) (701400),Infrastructure & Highways,Ministry of Health and Family Welfare,701400,Assam,4098.51,4098.51,2320.85,56.6,2022-03-01,2028-12-31,2028-12-31,2026-05-01,12,0.0,0
PAIM-612786,"including maintenance, operations and AICMC at Kadapa Airport (Airport Authority of India [AAI]) (612786)",Infrastructure & Highways,Ministry of Civil Aviation,612786,Andhra Pradesh,207.7,207.7,153.65,74.0,2022-03-01,2028-12-31,2028-12-31,2026-05-01,24,0.0,0
PAIM-701107,Airport. (Airport Authority of India [AAI]) (701107),Infrastructure & Highways,Ministry of Civil Aviation,701107,Andhra Pradesh,1993.65,1993.65,926.32,46.5,2022-03-01,2026-12-31,2027-12-31,2026-05-01,36,0.0,0
PAIM-701121,Construction of New  Domestic Terminal Building  at Rajahmundry Airport. (Airport Authority of India [AAI]) (701121),Infrastructure & Highways,Ministry of Civil Aviation,701121,Andhra Pradesh,607.03,607.03,459.02,75.6,2024-03-01,2028-12-31,2027-12-31,2026-05-01,0,0.0,0
PAIM-612183,Development of New Civil Enclave at Bihta (Airport Authority of India [AAI]) (612183),Infrastructure & Highways,Ministry of Civil Aviation,612183,Bihar,895.42,895.42,532.52,59.5,2024-03-01,2027-12-31,2028-12-31,2026-05-01,0,0.0,0
PAIM-612194,Development of New Civil Enclave and associated works at Darbhanga Airport (Airport Authority of India [AAI]) (612194),Infrastructure & Highways,Ministry of Civil Aviation,612194,Bihar,3257.8,3257.8,2353.71,72.2,2021-03-01,2027-12-31,2027-12-31,2026-05-01,12,0.0,0
PAIM-701101,"structures at JPNI Airport, Patna (Airport Authority of India [AAI]) (701101)",Infrastructure & Highways,Ministry of Civil Aviation,701101,Bihar,2886.14,2886.14,772.76,26.8,2023-03-01,2026-12-31,2027-12-31,2026-05-01,24,0.0,0
PAIM-701105,Goa Airport Terminal Building Extension Project (Airport Authority of India [AAI]) (701105),Infrastructure & Highways,Ministry of Civil Aviation,701105,Gujarat,3933.15,3933.15,2838.58,72.2,2021-03-01,2028-12-31,2028-12-31,2026-05-01,24,0.0,0
PAIM-619054,Development of Keshod Airport. (Airport Authority of India [AAI]) (619054),Infrastructure & Highways,Ministry of Civil Aviation,619054,Gujarat,2934.16,2934.16,989.17,33.7,2021-03-01,2026-12-31,2027-12-31,2026-05-01,24,0.0,0
PAIM-701126,"Development of Dholera International Greenfield Airport , Gujarat (Airport Authority of India [AAI]) (701126)",Infrastructure & Highways,Ministry of Civil Aviation,701126,Gujarat,3323.31,3323.31,1428.79,43.0,2024-03-01,2026-12-31,2028-12-31,2026-05-01,18,0.0,0
PAIM-611047,works and electrical & mechanical installations towards Tawi River side at CA Jammu. (Airport Authority of India [AAI]) ,Infrastructure & Highways,Ministry of Civil Aviation,611047,Multi-State,515.19,515.19,87.03,16.9,2024-03-01,2026-12-31,2028-12-31,2026-05-01,12,0.0,0
PAIM-612787,Airport (Airport Authority of India [AAI]) (612787),Infrastructure & Highways,Ministry of Civil Aviation,612787,Karnataka,257.13,257.13,143.68,55.9,2022-03-01,2028-12-31,2027-12-31,2026-05-01,12,0.0,0
PAIM-612788,Belagavi Airport. (Airport Authority of India [AAI]) (612788),Infrastructure & Highways,Ministry of Civil Aviation,612788,Karnataka,618.94,618.94,368.27,59.5,2023-03-01,2027-12-31,2027-12-31,2026-05-01,18,0.0,0
PAIM-612789,works for additional RESA on either end on Runway 10-28 (Airport Authority of India [AAI]) (612789),Infrastructure & Highways,Ministry of Civil Aviation,612789,Multi-State,1702.74,1702.74,741.08,43.5,2024-03-01,2028-12-31,2028-12-31,2026-05-01,24,0.0,0
PAIM-400010,"Construction of Terminal Building & Associated works at Leh Airport, Ladakh (Airport Authority of India [AAI]) (400010)",Infrastructure & Highways,Ministry of Civil Aviation,400010,Multi-State,2751.95,2751.95,1756.84,63.8,2021-03-01,2026-12-31,2028-12-31,2026-05-01,18,0.0,0
PAIM-611570,"Navi Mumbai, Jewar [earlier MOPA, without ASMGCS], HIAL & BIAL (Airport Authority of India [AAI]) (611570)",Infrastructure & Highways,Ministry of Civil Aviation,611570,Maharashtra,1208.41,1208.41,676.31,56.0,2021-03-01,2027-12-31,2027-12-31,2026-05-01,18,0.0,0
PAIM-618977,"Development of New Greenfield Airport at Bundi, Kota Rajasthan. (Airport Authority of India [AAI]) (618977)",Infrastructure & Highways,Ministry of Civil Aviation,618977,Rajasthan,4075.02,4075.02,1795.02,44.0,2021-03-01,2026-12-31,2028-12-31,2026-05-01,24,0.0,0
PAIM-10781,(Airport Authority of India [AAI]) (618977) (-) (10781),Infrastructure & Highways,Ministry of Civil Aviation,10781,Rajasthan,3517.47,3517.47,1540.86,43.8,2023-03-01,2027-12-31,2028-12-31,2026-05-01,36,0.0,0
PAIM-701127,Airport. (Airport Authority of India [AAI]) (701127),Infrastructure & Highways,Ministry of Civil Aviation,701127,Rajasthan,3395.12,3395.12,2117.23,62.4,2023-03-01,2028-12-31,2027-12-31,2026-05-01,36,0.0,0
PAIM-701128,Construction of New Integrated Passenger Terminal Building at Udaipur Airport (Airport Authority of India [AAI]) (701128,Infrastructure & Highways,Ministry of Civil Aviation,701128,Rajasthan,3074.0,3074.0,327.19,10.6,2021-03-01,2027-12-31,2028-12-31,2026-05-01,24,0.0,0
PAIM-611602,"Modernization of Chennai Airport, Phase II, Part 2 (Airport Authority of India [AAI]) (611602)",Infrastructure & Highways,Ministry of Coal,611602,Tamil Nadu,1725.95,1725.95,1092.16,63.3,2021-03-01,2028-12-31,2028-12-31,2026-05-01,12,0.0,0
PAIM-701113,"Terminal Building, Apron Extension, Runway Extension, PTT and allied works. (Airport Authority of India [AAI]) (701113)",Infrastructure & Highways,Ministry of Coal,701113,Uttar Pradesh,882.68,882.68,606.49,68.7,2021-03-01,2026-12-31,2027-12-31,2026-05-01,0,0.0,0
PAIM-701122,Development of New Integrated Civil Enclave at Agra Airport (Airport Authority of India [AAI]) (701122),Infrastructure & Highways,Ministry of Coal,701122,Uttar Pradesh,3787.69,3787.69,2237.61,59.1,2021-03-01,2027-12-31,2029-12-31,2026-05-01,36,0.0,0
PAIM-611495,Development of New Civil Enclave at Bagdogra Airport (Airport Authority of India [AAI]) (611495),Infrastructure & Highways,Ministry of Coal,611495,Uttar Pradesh,541.18,541.18,164.72,30.4,2024-03-01,2027-12-31,2028-12-31,2026-05-01,36,0.0,0
PAIM-612791,Strengthening of C Taxiway at NSCBI Airport Kolkata. (Airport Authority of India [AAI]) (612791),Infrastructure & Highways,Ministry of Coal,612791,West Bengal,4086.03,4086.03,912.26,22.3,2022-03-01,2027-12-31,2028-12-31,2026-05-01,6,0.0,0
PAIM-400144,PORDA CHIMTAPANI OCP [10 MTY] (South Eastern Coalfields Limited [SECL]) (400144),Infrastructure & Highways,Ministry of Coal,400144,Assam,1668.72,1668.72,928.21,55.6,2021-03-01,2027-12-31,2029-12-31,2026-05-01,0,0.0,0
PAIM-400149,BAROUD OC EXPANSION [3.0-10.0M (South Eastern Coalfields Limited [SECL]) (400149),Infrastructure & Highways,Ministry of Coal,400149,Multi-State,2697.08,2697.08,297.46,11.0,2023-03-01,2028-12-31,2027-12-31,2026-05-01,24,0.0,0
PAIM-400354,DIPKA EXPANSION OCP [40 MTY] (South Eastern Coalfields Limited [SECL]) (400354),Infrastructure & Highways,Ministry of Coal,400354,Multi-State,1635.2,1635.2,1104.48,67.5,2023-03-01,2026-12-31,2027-12-31,2026-05-01,0,0.0,0
PAIM-400424,GEVRA OC [70 MTY] (South Eastern Coalfields Limited [SECL]) (400424),Infrastructure & Highways,Ministry of Coal,400424,Multi-State,2385.78,2385.78,1591.29,66.7,2024-03-01,2026-12-31,2029-12-31,2026-05-01,18,0.0,0
PAIM-613798,AMERA OC RCE [1.0 MTY] (South Eastern Coalfields Limited [SECL]) (613798),Infrastructure & Highways,Ministry of Coal,613798,Multi-State,2817.35,2817.35,2163.34,76.8,2024-03-01,2028-12-31,2028-12-31,2026-05-01,6,0.0,0
PAIM-613799,AMGAON OC RCE [1.0 MTY] (South Eastern Coalfields Limited [SECL]) (613799),Infrastructure & Highways,Ministry of Coal,613799,Multi-State,3843.79,3843.79,2424.99,63.1,2023-03-01,2028-12-31,2029-12-31,2026-05-01,12,0.0,0
PAIM-613800,JAGANNATHPUR OC RCE PROJECT (South Eastern Coalfields Limited [SECL]) (613800),Infrastructure & Highways,Ministry of Coal,613800,Multi-State,1236.61,1236.61,872.62,70.6,2024-03-01,2027-12-31,2028-12-31,2026-05-01,24,0.0,0
PAIM-613801,MAHAMAYA OCP [1.50 MTY] (South Eastern Coalfields Limited [SECL]) (613801),Infrastructure & Highways,Ministry of Coal,613801,Multi-State,676.13,676.13,138.12,20.4,2022-03-01,2027-12-31,2028-12-31,2026-05-01,6,0.0,0
PAIM-615191,KATKONA RO UG MINE (South Eastern Coalfields Limited [SECL]) (615191),Infrastructure & Highways,Ministry of Coal,615191,Multi-State,978.16,978.16,243.0,24.8,2023-03-01,2026-12-31,2028-12-31,2026-05-01,12,0.0,0
PAIM-616234,PELMA OC MDO (South Eastern Coalfields Limited [SECL]) (616234),Infrastructure & Highways,Ministry of Coal,616234,Multi-State,238.78,238.78,111.8,46.8,2023-03-01,2028-12-31,2027-12-31,2026-05-01,24,0.0,0
PAIM-617287,KUSMUNDA OC EXPANSION PROJECT (SECL - CIL) (617287),Infrastructure & Highways,Ministry of Coal,617287,Multi-State,3690.91,3690.91,645.78,17.5,2024-03-01,2027-12-31,2029-12-31,2026-05-01,24,0.0,0
PAIM-617288,MANIKPUR OC EXPANSION PROJECT (South Eastern Coalfields Limited [SECL]) (617288),Infrastructure & Highways,Ministry of Coal,617288,Multi-State,3344.39,3344.39,2055.82,61.5,2024-03-01,2028-12-31,2028-12-31,2026-05-01,12,0.0,0
PAIM-619171,RPR FOR DURGAPUR OCP 10 MTY (SECL - CIL) (619171),Infrastructure & Highways,Ministry of Coal,619171,Multi-State,2377.53,2377.53,831.69,35.0,2021-03-01,2026-12-31,2027-12-31,2026-05-01,36,0.0,0
PAIM-11842,(SECL - CIL) (619171) (-) (11842),Infrastructure & Highways,Ministry of Coal,11842,Multi-State,275.96,275.96,173.83,63.0,2023-03-01,2027-12-31,2028-12-31,2026-05-01,18,0.0,0
PAIM-619172,MADANNAGAR OCP 12 MTY - MDO (SECL - CIL) (619172),Infrastructure & Highways,Ministry of Coal,619172,Multi-State,1055.61,1055.61,784.25,74.3,2022-03-01,2026-12-31,2027-12-31,2026-05-01,12,0.0,0
PAIM-11856,(SECL - CIL) (619172) (-) (11856),Infrastructure & Highways,Ministry of Coal,11856,Multi-State,3377.48,3377.48,2251.51,66.7,2024-03-01,2028-12-31,2029-12-31,2026-05-01,6,0.0,0
PAIM-400018,HURA C OCP (ECL - CIL) (400018),Infrastructure & Highways,Ministry of Coal,400018,Multi-State,1558.63,1558.63,528.72,33.9,2023-03-01,2028-12-31,2027-12-31,2026-05-01,18,0.0,0
PAIM-400073,KONAR EXPANSION OCP (Ministry of Coal) (400073),Infrastructure & Highways,Ministry of Coal,400073,Multi-State,443.14,443.14,251.18,56.7,2021-03-01,2028-12-31,2028-12-31,2026-05-01,18,0.0,0
PAIM-400074,KARO EXPANSION OCP (Ministry of Coal) (400074),Infrastructure & Highways,Ministry of Coal,400074,Multi-State,2114.73,2114.73,447.06,21.1,2024-03-01,2028-12-31,2027-12-31,2026-05-01,24,0.0,0
PAIM-400136,SANGHMITRA OC (Ministry of Coal) (400136),Infrastructure & Highways,Ministry of Coal,400136,Multi-State,4123.23,4123.23,2207.05,53.5,2023-03-01,2028-12-31,2027-12-31,2026-05-01,6,0.0,0
PAIM-400138,CHANDRAGUPT OCP (Ministry of Coal) (400138),Infrastructure & Highways,Ministry of Coal,400138,Multi-State,3038.77,3038.77,1295.81,42.6,2022-03-01,2027-12-31,2028-12-31,2026-05-01,24,0.0,0
PAIM-400139,KOTRE BASANTPUR PACHMO OCP (Ministry of Coal) (400139),Infrastructure & Highways,Ministry of Coal,400139,Multi-State,3813.64,3813.64,405.71,10.6,2021-03-01,2026-12-31,2028-12-31,2026-05-01,6,0.0,0
PAIM-400142,Pachwara South Coal Block (NLC India Limited [NLCIL]) (400142),Infrastructure & Highways,Ministry of Coal,400142,Multi-State,2064.98,2064.98,238.11,11.5,2022-03-01,2027-12-31,2027-12-31,2026-05-01,36,0.0,0
PAIM-400150,RPR MAGADH EXP OCP (Ministry of Coal) (400150),Infrastructure & Highways,Ministry of Coal,400150,Multi-State,2365.67,2365.67,1055.8,44.6,2024-03-01,2028-12-31,2029-12-31,2026-05-01,0,0.0,0
PAIM-400151,NORTH URIMARI EXPANSION OCP (Ministry of Coal) (400151),Infrastructure & Highways,Ministry of Coal,400151,Multi-State,1854.12,1854.12,275.14,14.8,2022-03-01,2026-12-31,2029-12-31,2026-05-01,12,0.0,0
PAIM-400153,EPR ROHINI - KARKETTA OCP (Ministry of Coal) (400153),Infrastructure & Highways,Ministry of Coal,400153,Multi-State,2021.6,2021.6,234.01,11.6,2021-03-01,2027-12-31,2028-12-31,2026-05-01,36,0.0,0
PAIM-400154,EPR PUNDI OCP (Ministry of Coal) (400154),Infrastructure & Highways,Ministry of Coal,400154,Multi-State,1125.97,1125.97,293.2,26.0,2023-03-01,2028-12-31,2029-12-31,2026-05-01,18,0.0,0
PAIM-400155,EPR ASHOK OC (Ministry of Coal) (400155),Infrastructure & Highways,Ministry of Coal,400155,Multi-State,3992.61,3992.61,2321.07,58.1,2022-03-01,2027-12-31,2028-12-31,2026-05-01,24,0.0,0
PAIM-400156,EPR AMRAPALI OCP (Ministry of Coal) (400156),Infrastructure & Highways,Ministry of Coal,400156,Multi-State,837.55,837.55,204.71,24.4,2022-03-01,2027-12-31,2027-12-31,2026-05-01,0,0.0,0
PAIM-400160,RAJRAPPA RCE OCP (Ministry of Coal) (400160),Infrastructure & Highways,Ministry of Coal,400160,Multi-State,2329.11,2329.11,570.8,24.5,2022-03-01,2027-12-31,2028-12-31,2026-05-01,6,0.0,0
PAIM-400172,CHITRA EAST OC (Eastern Coal Fields Limited [ECL]) (400172),Infrastructure & Highways,Ministry of Coal,400172,Multi-State,1070.91,1070.91,137.71,12.9,2023-03-01,2028-12-31,2028-12-31,2026-05-01,6,0.0,0
PAIM-400352,JHARKHAND-LAIYO OCP (Ministry of Coal) (400352),Infrastructure & Highways,Ministry of Coal,400352,Multi-State,1773.86,1773.86,1091.29,61.5,2022-03-01,2026-12-31,2028-12-31,2026-05-01,6,0.0,0
PAIM-400425,MOONIDIH XV SEAM UG (Bharat Coking Coal Limited (BCCL)) (400425),Infrastructure & Highways,Ministry of Coal,400425,Multi-State,2584.39,2584.39,2065.97,79.9,2024-03-01,2028-12-31,2027-12-31,2026-05-01,12,0.0,0
PAIM-611864,AMALAGAMATED NTST KUJAMA OCP 8.5MTY (Bharat Coking Coal Limited (BCCL)) (611864),Infrastructure & Highways,Ministry of Coal,611864,Multi-State,2018.17,2018.17,1360.1,67.4,2023-03-01,2028-12-31,2028-12-31,2026-05-01,12,0.0,0
PAIM-613808,MURAIDIH UG PROJECT (Bharat Coking Coal Limited (BCCL)) (613808),Infrastructure & Highways,Ministry of Coal,613808,Multi-State,954.48,954.48,657.52,68.9,2021-03-01,2027-12-31,2029-12-31,2026-05-01,6,0.0,0
PAIM-615349,TAPIN SOUTH EXPN (Ministry of Coal) (615349),Infrastructure & Highways,Ministry of Coal,615349,Multi-State,1854.29,1854.29,939.63,50.7,2024-03-01,2028-12-31,2029-12-31,2026-05-01,12,0.0,0
PAIM-615822,SIRKA OC (Ministry of Coal) (615822),Infrastructure & Highways,Ministry of Coal,615822,Multi-State,1416.17,1416.17,728.6,51.4,2021-03-01,2026-12-31,2029-12-31,2026-05-01,12,0.0,0
PAIM-615843,TETARIAKHAR OC (Ministry of Coal) (615843),Infrastructure & Highways,Ministry of Coal,615843,Multi-State,1427.74,1427.74,551.75,38.6,2021-03-01,2028-12-31,2028-12-31,2026-05-01,0,0.0,0
PAIM-616225,CHUPERBHITA SIMLONG OCP MDO 6 (Eastern Coal Fields Limited [ECL]) (616225),Infrastructure & Highways,Ministry of Coal,616225,Multi-State,863.47,863.47,391.01,45.3,2022-03-01,2026-12-31,2029-12-31,2026-05-01,36,0.0,0
PAIM-616236,JARANGDIH EXPN. OCP 1.5 MTY (CCL - CIL) (616236),Infrastructure & Highways,Ministry of Coal,616236,Multi-State,4107.66,4107.66,1937.12,47.2,2023-03-01,2026-12-31,2029-12-31,2026-05-01,24,0.0,0
PAIM-616253,BLOCK E OCP (Bharat Coking Coal Limited (BCCL)) (616253),Infrastructure & Highways,Ministry of Coal,616253,Multi-State,2387.46,2387.46,388.76,16.3,2023-03-01,2026-12-31,2027-12-31,2026-05-01,12,0.0,0
PAIM-617416,affected families in Jharia Coalfield- Reg. (Bharat Coking Coal Limited [BCCL]) (617416),Infrastructure & Highways,Ministry of Coal,617416,Multi-State,2560.54,2560.54,2176.03,85.0,2021-03-01,2028-12-31,2027-12-31,2026-05-01,24,0.0,0
PAIM-617764,North Dhadu Western Part OCP (NLC India Limited [NLCIL]) (617764),Infrastructure & Highways,Ministry of Coal,617764,Madhya Pradesh,3765.39,3765.39,897.65,23.8,2024-03-01,2026-12-31,2028-12-31,2026-05-01,36,0.0,0
PAIM-400148,AMADAND OCP[4.0MTY] (Ministry of Coal) (400148),Infrastructure & Highways,Ministry of Coal,400148,Madhya Pradesh,3475.09,3475.09,582.79,16.8,2021-03-01,2028-12-31,2028-12-31,2026-05-01,0,0.0,0
PAIM-400162,BLOCK B EXPANSION  [3.5 TO 8.0 (Northern Coalfields Limited [NCL]) (400162),Infrastructure & Highways,Ministry of Coal,400162,Madhya Pradesh,2883.84,2883.84,1779.31,61.7,2022-03-01,2028-12-31,2028-12-31,2026-05-01,36,0.0,0
PAIM-400321,NIGAHI EXPANSION [15 TO 25 MTP (Northern Coalfields Limited [NCL]) (400321),Infrastructure & Highways,Ministry of Coal,400321,Madhya Pradesh,3395.05,3395.05,368.37,10.9,2022-03-01,2028-12-31,2029-12-31,2026-05-01,18,0.0,0
PAIM-613802,KANCHAN OC EXP (South Eastern Coalfields Limited [SECL]) (613802),Infrastructure & Highways,Ministry of Coal,613802,Madhya Pradesh,3399.67,3399.67,2670.38,78.5,2021-03-01,2026-12-31,2027-12-31,2026-05-01,36,0.0,0
PAIM-613803,JHIRIA WEST OCP [1.5 MTY] (South Eastern Coalfields Limited [SECL]) (613803),Infrastructure & Highways,Ministry of Coal,613803,Madhya Pradesh,2770.94,2770.94,1989.96,71.8,2023-03-01,2028-12-31,2029-12-31,2026-05-01,18,0.0,0
PAIM-613804,RPR TAWA-III UG 0.84 MTY (Western Coalfields Limited [WCL]) (613804),Infrastructure & Highways,Ministry of Coal,613804,Madhya Pradesh,3268.34,3268.34,2002.11,61.3,2022-03-01,2027-12-31,2027-12-31,2026-05-01,24,0.0,0
PAIM-615185,AMALGAMATED DHANKASA & JAMUNIA (Western Coalfields Limited [WCL]) (615185),Infrastructure & Highways,Ministry of Coal,615185,Madhya Pradesh,3513.33,3513.33,939.19,26.7,2024-03-01,2028-12-31,2029-12-31,2026-05-01,18,0.0,0
PAIM-615187,RPR OF VISHNUPURI UG TO OC (Western Coalfields Limited [WCL]) (615187),Infrastructure & Highways,Ministry of Coal,615187,Madhya Pradesh,3674.49,3674.49,2759.8,75.1,2022-03-01,2026-12-31,2029-12-31,2026-05-01,36,0.0,0
PAIM-615194,URDHAN EXPANSION OC COST PLUS (Western Coalfields Limited [WCL]) (615194),Infrastructure & Highways,Ministry of Coal,615194,Madhya Pradesh,2027.67,2027.67,386.57,19.1,2024-03-01,2027-12-31,2028-12-31,2026-05-01,6,0.0,0
PAIM-615195,SHARDA UG MINE (Western Coalfields Limited [WCL]) (615195),Infrastructure & Highways,Ministry of Coal,615195,Madhya Pradesh,2856.21,2856.21,2040.38,71.4,2023-03-01,2026-12-31,2027-12-31,2026-05-01,12,0.0,0
PAIM-615206,GANDHIGRAM UG MINE (Western Coalfields Limited [WCL]) (615206),Infrastructure & Highways,Ministry of Coal,615206,Madhya Pradesh,558.15,558.15,128.52,23.0,2024-03-01,2028-12-31,2028-12-31,2026-05-01,0,0.0,0
PAIM-619032,JAYANT EXPN. [20 TO 38 MTPA] (Northern Coalfields Limited [NCL]) (619032),Infrastructure & Highways,Ministry of Coal,619032,Madhya Pradesh,2768.87,2768.87,1314.66,47.5,2022-03-01,2026-12-31,2028-12-31,2026-05-01,36,0.0,0
PAIM-11593,(Northern Coalfields Limited [NCL]) (619032) (-) (11593),Infrastructure & Highways,Ministry of Coal,11593,Madhya Pradesh,2407.08,2407.08,723.33,30.1,2021-03-01,2028-12-31,2028-12-31,2026-05-01,0,0.0,0
PAIM-619053,RPR FOR RAMPUR BATURA OCP (SECL - CIL) (619053),Infrastructure & Highways,Ministry of Coal,619053,Maharashtra,1397.23,1397.23,200.89,14.4,2022-03-01,2028-12-31,2029-12-31,2026-05-01,12,0.0,0
PAIM-11612,(SECL - CIL) (619053) (-) (11612),Infrastructure & Highways,Ministry of Coal,11612,Maharashtra,433.67,433.67,285.57,65.8,2023-03-01,2027-12-31,2029-12-31,2026-05-01,18,0.0,0
PAIM-400033,BHATADI EXPANSION OC (Western Coalfields Limited [WCL]) (400033),Infrastructure & Highways,Ministry of Coal,400033,Maharashtra,2172.3,2172.3,1674.42,77.1,2024-03-01,2027-12-31,2029-12-31,2026-05-01,0,0.0,0
PAIM-400177,AMALGAMATED YEKONA I & YEKONA (Western Coalfields Limited [WCL]) (400177),Infrastructure & Highways,Ministry of Coal,400177,Maharashtra,2097.47,2097.47,1694.19,80.8,2023-03-01,2028-12-31,2027-12-31,2026-05-01,12,0.0,0
PAIM-400178,DINESH[MAKARDHOKRA-III] OC (Western Coalfields Limited [WCL]) (400178),Infrastructure & Highways,Ministry of Coal,400178,Maharashtra,2431.06,2431.06,941.98,38.7,2022-03-01,2026-12-31,2028-12-31,2026-05-01,0,0.0,0
PAIM-400353,DHUPTALA OC [SASTI UG TO OC ] (Western Coalfields Limited [WCL]) (400353),Infrastructure & Highways,Ministry of Coal,400353,Maharashtra,3249.8,3249.8,2704.19,83.2,2022-03-01,2026-12-31,2028-12-31,2026-05-01,0,0.0,0
PAIM-615184,SAONER UG MINE -1 EXPANSION 1. (Western Coalfields Limited [WCL]) (615184),Infrastructure & Highways,Ministry of Coal,615184,Maharashtra,1632.74,1632.74,437.05,26.8,2022-03-01,2026-12-31,2028-12-31,2026-05-01,0,0.0,0
PAIM-615186,SASTI  EXPANSION OPENCAST (Western Coalfields Limited [WCL]) (615186),Infrastructure & Highways,Ministry of Coal,615186,Maharashtra,3429.76,3429.76,1883.96,54.9,2021-03-01,2027-12-31,2029-12-31,2026-05-01,36,0.0,0
PAIM-615188,NEW MAJRI UG TO OC 3 MTY COST (Western Coalfields Limited [WCL]) (615188),Infrastructure & Highways,Ministry of Coal,615188,Maharashtra,1071.81,1071.81,804.57,75.1,2021-03-01,2027-12-31,2027-12-31,2026-05-01,24,0.0,0
PAIM-615189,MAKARDHOKRA EXPN OC 4.9 MTY (Western Coalfields Limited [WCL]) (615189),Infrastructure & Highways,Ministry of Coal,615189,Maharashtra,791.24,791.24,299.19,37.8,2021-03-01,2028-12-31,2029-12-31,2026-05-01,24,0.0,0
PAIM-615190,SINGHORI DEEP OC MIN 2.0 MTY (Western Coalfields Limited [WCL]) (615190),Infrastructure & Highways,Ministry of Coal,615190,Maharashtra,568.88,568.88,388.84,68.4,2023-03-01,2027-12-31,2027-12-31,2026-05-01,36,0.0,0
PAIM-615192,GOKUL EXTENSION OC MINE (Western Coalfields Limited [WCL]) (615192),Infrastructure & Highways,Ministry of Coal,615192,Maharashtra,2486.96,2486.96,997.68,40.1,2024-03-01,2026-12-31,2028-12-31,2026-05-01,18,0.0,0
PAIM-615199,KOLGAON EXPANSION DEEP OC MINE (Western Coalfields Limited [WCL]) (615199),Infrastructure & Highways,Ministry of Coal,615199,Maharashtra,3622.93,3622.93,2180.84,60.2,2024-03-01,2027-12-31,2029-12-31,2026-05-01,18,0.0,0
PAIM-615330,BALLARPUR NORTH WEST OC MINE (Western Coalfields Limited [WCL]) (615330),Infrastructure & Highways,Ministry of Coal,615330,Maharashtra,1989.04,1989.04,1600.76,80.5,2022-03-01,2026-12-31,2027-12-31,2026-05-01,18,0.0,0
PAIM-615331,GADEGAON OC 3 MTY (Western Coalfields Limited [WCL]) (615331),Infrastructure & Highways,Ministry of Coal,615331,Maharashtra,3087.64,3087.64,1773.84,57.4,2024-03-01,2027-12-31,2027-12-31,2026-05-01,36,0.0,0
PAIM-615914,GHONSA EXPANSION DEEP OC MINE (Western Coalfields Limited [WCL]) (615914),Infrastructure & Highways,Ministry of Coal,615914,Maharashtra,3449.68,3449.68,1418.16,41.1,2023-03-01,2028-12-31,2029-12-31,2026-05-01,36,0.0,0
PAIM-615916,AMLG GAURI PAUNI EXPANSION OC (Western Coalfields Limited [WCL]) (615916),Infrastructure & Highways,Ministry of Coal,615916,Maharashtra,3927.48,3927.48,748.2,19.1,2024-03-01,2026-12-31,2029-12-31,2026-05-01,0,0.0,0
PAIM-615917,GAURIDEEP/GAURI CENTRAL OCP 7. (Western Coalfields Limited [WCL]) (615917),Infrastructure & Highways,Ministry of Coal,615917,Maharashtra,3538.82,3538.82,2592.46,73.3,2023-03-01,2027-12-31,2029-12-31,2026-05-01,24,0.0,0
PAIM-615918,RPR OF BHANEGAON OC (Western Coalfields Limited [WCL]) (615918),Infrastructure & Highways,Ministry of Coal,615918,Maharashtra,950.56,950.56,478.53,50.3,2023-03-01,2027-12-31,2027-12-31,2026-05-01,12,0.0,0
PAIM-615919,N. EXTN. MUNGOLI NIRGUDA D OCP (Western Coalfields Limited [WCL]) (615919),Infrastructure & Highways,Ministry of Coal,615919,Maharashtra,2073.5,2073.5,1071.94,51.7,2024-03-01,2028-12-31,2027-12-31,2026-05-01,24,0.0,0
PAIM-615982,NILJAI EXPANSION DEEP  OCP (Western Coalfields Limited [WCL]) (615982),Infrastructure & Highways,Ministry of Coal,615982,Maharashtra,869.12,869.12,209.9,24.2,2021-03-01,2027-12-31,2029-12-31,2026-05-01,12,0.0,0
PAIM-616044,UKNI DEEP OC MINE -COST PLUS (Western Coalfields Limited [WCL]) (616044),Infrastructure & Highways,Ministry of Coal,616044,Maharashtra,691.92,691.92,280.07,40.5,2024-03-01,2028-12-31,2029-12-31,2026-05-01,18,0.0,0
PAIM-616050,AMALGAMATED INDER-KAMPTEE DEEP (Western Coalfields Limited [WCL]) (616050),Infrastructure & Highways,Ministry of Coal,616050,Maharashtra,2725.82,2725.82,433.75,15.9,2022-03-01,2028-12-31,2029-12-31,2026-05-01,6,0.0,0
PAIM-616223,ADASA UG TO OC MINE (Western Coalfields Limited [WCL]) (616223),Infrastructure & Highways,Ministry of Coal,616223,Maharashtra,235.13,235.13,102.82,43.7,2023-03-01,2026-12-31,2028-12-31,2026-05-01,0,0.0,0
PAIM-616229,AMAL GONDEGAON GHATROHANA EXPN (Western Coalfields Limited [WCL]) (616229),Infrastructure & Highways,Ministry of Coal,616229,Maharashtra,1204.85,1204.85,264.9,22.0,2022-03-01,2027-12-31,2029-12-31,2026-05-01,6,0.0,0
PAIM-617233,WAGHODA UG MINE [1.02 MTY] (Western Coalfields Limited [WCL]) (617233),Infrastructure & Highways,Ministry of Coal,617233,Maharashtra,2248.68,2248.68,603.13,26.8,2024-03-01,2027-12-31,2028-12-31,2026-05-01,24,0.0,0
PAIM-617278,KOLARPIMPRI EXPANSION OC [2.5 (Western Coalfields Limited [WCL]) (617278),Infrastructure & Highways,Ministry of Coal,617278,Maharashtra,3977.58,3977.58,3299.33,82.9,2022-03-01,2026-12-31,2027-12-31,2026-05-01,12,0.0,0
PAIM-619055,SAONER-III EXPN UG MINE 1.54 (Western Coalfields Limited [WCL]) (619055),Infrastructure & Highways,Ministry of Coal,619055,Maharashtra,341.97,341.97,241.35,70.6,2021-03-01,2028-12-31,2027-12-31,2026-05-01,18,0.0,0
PAIM-400369,BINA KAKRI AMALGAMATION EXPANS (Northern Coalfields Limited [NCL]) (400369),Infrastructure & Highways,Ministry of Coal,400369,Maharashtra,742.93,742.93,218.51,29.4,2022-03-01,2028-12-31,2028-12-31,2026-05-01,18,0.0,0
PAIM-615183,KHADIA EXPANSION [10 TO 16 MTP (Northern Coalfields Limited [NCL]) (615183),Infrastructure & Highways,Ministry of Coal,615183,Uttar Pradesh,4494.17,4494.17,1592.79,35.4,2022-03-01,2028-12-31,2029-12-31,2026-05-01,12,0.0,0
PAIM-400165,SUBHADRA OCP (Mahanadi Coalfields Limited [MCL]) (400165),Infrastructure & Highways,Ministry of Coal,400165,Odisha,2045.7,2045.7,379.54,18.6,2024-03-01,2026-12-31,2029-12-31,2026-05-01,18,0.0,0
PAIM-400166,SIARMAL OCP (Mahanadi Coalfields Limited [MCL]) (400166),Infrastructure & Highways,Ministry of Coal,400166,Odisha,517.33,517.33,201.9,39.0,2023-03-01,2027-12-31,2027-12-31,2026-05-01,18,0.0,0
PAIM-400183,BALARAM EXPANSION OCP (Mahanadi Coalfields Limited [MCL]) (400183),Infrastructure & Highways,Ministry of Coal,400183,Odisha,3049.75,3049.75,1475.98,48.4,2022-03-01,2026-12-31,2028-12-31,2026-05-01,6,0.0,0
PAIM-400185,GOPALJI KANIHA OCP [10 TO 30 M (MCL - CIL) (400185),Infrastructure & Highways,Ministry of Coal,400185,Odisha,1495.02,1495.02,906.93,60.7,2023-03-01,2027-12-31,2027-12-31,2026-05-01,36,0.0,0
PAIM-400187,INTEGRATED LAKHANPUR-BELPAHAR- (Mahanadi Coalfields Limited [MCL]) (400187),Infrastructure & Highways,Ministry of Coal,400187,Odisha,2136.79,2136.79,963.5,45.1,2023-03-01,2028-12-31,2027-12-31,2026-05-01,0,0.0,0
PAIM-400392,BHARATPUR RE-ORGANIZATION OCP (Mahanadi Coalfields Limited [MCL]) (400392),Infrastructure & Highways,Ministry of Coal,400392,Odisha,2708.33,2708.33,543.4,20.1,2021-03-01,2027-12-31,2028-12-31,2026-05-01,18,0.0,0
PAIM-615857,Naini Coal Mine (Singareni Collieries Company Limited [SCCL]) (615857),Infrastructure & Highways,Ministry of Coal,615857,Odisha,2825.92,2825.92,609.99,21.6,2023-03-01,2028-12-31,2027-12-31,2026-05-01,36,0.0,0
PAIM-616226,INTEGRATED KULDA GARJANBAHAL O (Mahanadi Coalfields Limited [MCL]) (616226),Infrastructure & Highways,Ministry of Coal,616226,Odisha,1647.49,1647.49,851.95,51.7,2021-03-01,2027-12-31,2028-12-31,2026-05-01,12,0.0,0
PAIM-616231,BHUBANESWARI EXPN OCP 50 MTY (MCL - CIL) (616231),Infrastructure & Highways,Ministry of Coal,616231,Odisha,2284.38,2284.38,1785.02,78.1,2022-03-01,2026-12-31,2029-12-31,2026-05-01,12,0.0,0
PAIM-616232,HINGULA II OC EXPN PH III 15 M (MCL - CIL) (616232),Infrastructure & Highways,Ministry of Coal,616232,Odisha,3268.88,3268.88,965.19,29.5,2024-03-01,2026-12-31,2028-12-31,2026-05-01,12,0.0,0
PAIM-616233,BALABHADRA OCP (MCL - CIL) (616233),Infrastructure & Highways,Ministry of Coal,616233,Odisha,3740.16,3740.16,3148.82,84.2,2021-03-01,2028-12-31,2027-12-31,2026-05-01,24,0.0,0
PAIM-618982,Talabira II & III OCP - FMC (NLC India Limited [NLCIL]) (618982),Infrastructure & Highways,Ministry of Coal,618982,Odisha,649.61,649.61,404.26,62.2,2024-03-01,2026-12-31,2029-12-31,2026-05-01,6,0.0,0
PAIM-10777,(NLC India Limited [NLCIL]) (618982) (-) (10777),Infrastructure & Highways,Ministry of Coal,10777,Odisha,4155.46,4155.46,2217.11,53.4,2024-03-01,2026-12-31,2029-12-31,2026-05-01,18,0.0,0
PAIM-615818,Jawahar Khani Open Cast Mine (Singareni Collieries Company Limited [SCCL]) (615818),Infrastructure & Highways,Ministry of Coal,615818,Odisha,211.25,211.25,156.92,74.3,2021-03-01,2028-12-31,2027-12-31,2026-05-01,36,0.0,0
PAIM-615858,Kalyanikhani Opencast Project (Singareni Collieries Company Limited [SCCL]) (615858),Infrastructure & Highways,Ministry of Coal,615858,Telangana,1051.52,1051.52,549.71,52.3,2024-03-01,2028-12-31,2029-12-31,2026-05-01,6,0.0,0
PAIM-615860,Godavarikhani Coal Mine - 5 (Singareni Collieries Company Limited [SCCL]) (615860),Infrastructure & Highways,Ministry of Coal,615860,Telangana,362.07,362.07,131.88,36.4,2021-03-01,2026-12-31,2027-12-31,2026-05-01,6,0.0,0
PAIM-615861,Indaram Opencast Project (Singareni Collieries Company Limited [SCCL]) (615861),Infrastructure & Highways,Ministry of Coal,615861,Telangana,2901.86,2901.86,1645.36,56.7,2021-03-01,2028-12-31,2029-12-31,2026-05-01,24,0.0,0
PAIM-615862,Goleti Opencast Mine (Singareni Collieries Company Limited [SCCL]) (615862),Infrastructure & Highways,Ministry of Coal,615862,Telangana,1145.63,1145.63,944.11,82.4,2021-03-01,2028-12-31,2029-12-31,2026-05-01,36,0.0,0
PAIM-615863,Venkatesh Khani Coal Mine (Singareni Collieries Company Limited [SCCL]) (615863),Infrastructure & Highways,Ministry of Coal,615863,Telangana,1387.64,1387.64,246.33,17.8,2022-03-01,2026-12-31,2027-12-31,2026-05-01,12,0.0,0
PAIM-615865,Kakatiyakhani OC - 2 Project (Singareni Collieries Company Limited [SCCL]) (615865),Infrastructure & Highways,Ministry of Coal,615865,Telangana,633.41,633.41,346.4,54.7,2021-03-01,2026-12-31,2028-12-31,2026-05-01,6,0.0,0
PAIM-400173,MOHANPUR EXPANSION OC -PHASE I (Eastern Coal Fields Limited [ECL]) (400173),Infrastructure & Highways,Ministry of Coal,400173,West Bengal,505.52,505.52,141.88,28.1,2022-03-01,2027-12-31,2029-12-31,2026-05-01,12,0.0,0
PAIM-400180,BONJEMEHARI EXPANSION OCP (Eastern Coal Fields Limited [ECL]) (400180),Infrastructure & Highways,Ministry of Coal,400180,West Bengal,4021.31,4021.31,3103.66,77.2,2024-03-01,2027-12-31,2028-12-31,2026-05-01,0,0.0,0
PAIM-400181,NAKRAKONDA KUMARDIH- B OCP (Eastern Coal Fields Limited [ECL]) (400181),Infrastructure & Highways,Ministry of Coal,400181,West Bengal,3531.45,3531.45,2949.16,83.5,2021-03-01,2026-12-31,2027-12-31,2026-05-01,24,0.0,0
PAIM-400186,TILABONI UG (Eastern Coal Fields Limited [ECL]) (400186),Infrastructure & Highways,Ministry of Coal,400186,West Bengal,522.76,522.76,67.17,12.8,2021-03-01,2026-12-31,2028-12-31,2026-05-01,6,0.0,0
PAIM-400312,JHANJRA EXPANSION UG (Eastern Coal Fields Limited [ECL]) (400312),Infrastructure & Highways,Ministry of Coal,400312,West Bengal,594.17,594.17,281.78,47.4,2022-03-01,2027-12-31,2029-12-31,2026-05-01,12,0.0,0
PAIM-400315,SONEPUR BAZARI EXPANSION OCP [ (Eastern Coal Fields Limited [ECL]) (400315),Infrastructure & Highways,Ministry of Coal,400315,West Bengal,1367.61,1367.61,158.21,11.6,2022-03-01,2027-12-31,2029-12-31,2026-05-01,12,0.0,0
PAIM-612816,ITAPARA OCP (Eastern Coal Fields Limited [ECL]) (612816),Infrastructure & Highways,Ministry of Coal,612816,West Bengal,2657.33,2657.33,1131.87,42.6,2024-03-01,2028-12-31,2028-12-31,2026-05-01,18,0.0,0
PAIM-613793,SHYAMSUNDARPUR UG INCLUDING SA (Eastern Coal Fields Limited [ECL]) (613793),Infrastructure & Highways,Ministry of Coal,613793,West Bengal,1683.66,1683.66,1350.95,80.2,2024-03-01,2028-12-31,2028-12-31,2026-05-01,0,0.0,0
PAIM-613794,PARASEA-BELBAID UG PROJECT (Eastern Coal Fields Limited [ECL]) (613794),Infrastructure & Highways,Ministry of Coal,613794,West Bengal,4451.09,4451.09,2167.87,48.7,2021-03-01,2026-12-31,2028-12-31,2026-05-01,36,0.0,0
PAIM-616230,PARASCOLE JAMBAD OCP (Eastern Coal Fields Limited [ECL]) (616230),Infrastructure & Highways,Ministry of Coal,616230,West Bengal,1590.14,1590.14,1074.6,67.6,2021-03-01,2028-12-31,2027-12-31,2026-05-01,12,0.0,0
PAIM-617299,50 MW Wind Power Project (NLC India Limited [NLCIL]) (617299),Infrastructure & Highways,Ministry of Coal,617299,Gujarat,1799.34,1799.34,394.43,21.9,2024-03-01,2028-12-31,2029-12-31,2026-05-01,24,0.0,0
PAIM-617730,600 MW Khavda Solar Power Project (NLC India Limited [NLCIL]) (617730),Infrastructure & Highways,Ministry of Coal,617730,Gujarat,2802.5,2802.5,772.73,27.6,2022-03-01,2027-12-31,2027-12-31,2026-05-01,12,0.0,0
PAIM-10775,(NLC India Limited [NLCIL]) (617730) (-) (10775),Infrastructure & Highways,Ministry of Coal,10775,Gujarat,556.95,556.95,59.01,10.6,2021-03-01,2026-12-31,2027-12-31,2026-05-01,24,0.0,0
PAIM-618991,200 MW SPP part of 510 MW CPSU scheme (NLC India Limited [NLCIL]) (618991),Infrastructure & Highways,Ministry of Coal,618991,Gujarat,3229.34,3229.34,2005.42,62.1,2022-03-01,2027-12-31,2028-12-31,2026-05-01,6,0.0,0
PAIM-10796,(NLC India Limited [NLCIL]) (618991) (-) (10796),Infrastructure & Highways,Ministry of Coal,10796,Gujarat,1597.41,1597.41,336.02,21.0,2023-03-01,2026-12-31,2027-12-31,2026-05-01,12,0.0,0
PAIM-618992,100 MW SPP part of SECI 150 MW Hybrid (NLC India Limited [NLCIL]) (618992),Infrastructure & Highways,Ministry of Coal,618992,Odisha,2104.32,2104.32,1053.19,50.0,2024-03-01,2026-12-31,2028-12-31,2026-05-01,0,0.0,0
PAIM-400231,NLC Talabira Thermal Power Project (NLC India Limited [NLCIL]) (400231),Infrastructure & Highways,Ministry of Coal,400231,Odisha,3842.37,3842.37,2229.27,58.0,2021-03-01,2028-12-31,2027-12-31,2026-05-01,24,0.0,0
PAIM-27213,(-) 27212.96 (27213) 3455.88 2.1,Infrastructure & Highways,Ministry of Coal,27213,Odisha,3455.88,2.1,984.45,100.0,2023-03-01,2028-12-31,2029-12-31,2026-05-01,6,0.0,0
PAIM-618981,810 MW Solar Power Project - Rajasthan (NLC India Limited [NLCIL]) (618981),Infrastructure & Highways,Ministry of Coal,618981,Odisha,4483.59,4483.59,944.25,21.1,2022-03-01,2026-12-31,2028-12-31,2026-05-01,0,0.0,0
PAIM-10776,(NLC India Limited [NLCIL]) (618981) (-) (10776),Infrastructure & Highways,Ministry of Coal,10776,Odisha,4263.54,4263.54,718.98,16.9,2022-03-01,2027-12-31,2027-12-31,2026-05-01,6,0.0,0
PAIM-400203,Dharamjaigarh-Korba (Railway) (400203),Infrastructure & Highways,Ministry of Coal,400203,Rajasthan,1498.73,1498.73,323.46,21.6,2024-03-01,2028-12-31,2027-12-31,2026-05-01,0,0.0,0
PAIM-400416,line] (Ministry of Coal) (400416),Infrastructure & Highways,Ministry of Coal,400416,Multi-State,2440.82,2440.82,252.72,10.4,2021-03-01,2026-12-31,2028-12-31,2026-05-01,6,0.0,0
PAIM-400192,Tubed Coal Mine (Damodar Valley Corporation) (400192),Infrastructure & Highways,Ministry of Coal,400192,Multi-State,940.2,940.2,295.26,31.4,2021-03-01,2028-12-31,2028-12-31,2026-05-01,18,0.0,0
PAIM-603293,Badam Coal Mining project of NTPC (National Thermal Power Corporation [NTPC]) (603293),Infrastructure & Highways,Ministry of Coal,603293,Multi-State,2917.09,2917.09,1467.04,50.3,2022-03-01,2026-12-31,2029-12-31,2026-05-01,36,0.0,0
PAIM-12136,(THDC India Limited) (619311) (-) (12136),Infrastructure & Highways,Ministry of Coal,12136,Multi-State,1431.93,1431.93,227.3,15.9,2021-03-01,2027-12-31,2029-12-31,2026-05-01,18,0.0,0
PAIM-602579,Buxar Thermal Power Project [1320 MW] (Satluj Jal Vidyut Nigam [SJVN] Thermal Limited) (602579),Infrastructure & Highways,Ministry of Coal,602579,Bihar,4142.83,4142.83,2262.96,54.6,2022-03-01,2026-12-31,2028-12-31,2026-05-01,18,0.0,0
PAIM-619051,"Nabinagar Super Thermal Power Project, Stage-II [3x800 MW] (National Thermal Power Corporation [NTPC]) (619051)",Infrastructure & Highways,Ministry of Coal,619051,Bihar,2456.31,2456.31,1137.57,46.3,2022-03-01,2027-12-31,2028-12-31,2026-05-01,18,0.0,0
PAIM-11614,(National Thermal Power Corporation [NTPC]) (619051) (-) (11614),Infrastructure & Highways,Ministry of Coal,11614,Bihar,4088.84,4088.84,3272.15,80.0,2024-03-01,2026-12-31,2027-12-31,2026-05-01,0,0.0,0
PAIM-29948,(09/2030) 29948 (29948) 2865.29 11.45,Infrastructure & Highways,Ministry of Coal,29948,Bihar,2865.29,11.45,2108.82,100.0,2024-03-01,2027-12-31,2029-12-31,2026-05-01,24,0.0,0
PAIM-611930,Lara Super Thermal Power Project Stage-II [2 x 800 MW] (National Thermal Power Corporation [NTPC]) (611930),Infrastructure & Highways,Ministry of Coal,611930,Bihar,3817.1,3817.1,1784.52,46.8,2021-03-01,2026-12-31,2028-12-31,2026-05-01,0,0.0,0
PAIM-16106,(11/2028) 15530 (16106) 5005.4 30.6,Infrastructure & Highways,Ministry of Coal,16106,Multi-State,5005.4,30.6,3434.27,100.0,2023-03-01,2027-12-31,2027-12-31,2026-05-01,0,0.0,0
PAIM-617188,"Sipat Super Thermal Power Project, Stage-III [1x800 MW] (National Thermal Power Corporation [NTPC]) (617188)",Infrastructure & Highways,Ministry of Coal,617188,Multi-State,4320.28,4320.28,3056.61,70.8,2023-03-01,2027-12-31,2028-12-31,2026-05-01,36,0.0,0
PAIM-709747,Bagodara Solar Power Project (Satluj Jal Vidyut Nigam [SJVN] Thermal Limited) (709747),Infrastructure & Highways,Ministry of Coal,709747,Gujarat,466.68,466.68,388.55,83.3,2022-03-01,2027-12-31,2028-12-31,2026-05-01,36,0.0,0
PAIM-602582,Dhaulasidh Hydro Electric Project [66 MW] (Satluj Jal Vidyut Nigam [SJVN] Thermal Limited) (602582),Infrastructure & Highways,Ministry of Coal,602582,Gujarat,903.4,903.4,538.05,59.6,2024-03-01,2027-12-31,2028-12-31,2026-05-01,18,0.0,0
PAIM-602593,Luhri Stage-I Hydro Electric Project [210 MW] (Satluj Jal Vidyut Nigam [SJVN] Thermal Limited) (602593),Infrastructure & Highways,Ministry of Coal,602593,Multi-State,470.23,470.23,335.22,71.3,2022-03-01,2027-12-31,2028-12-31,2026-05-01,18,0.0,0
PAIM-611586,Sunni Dam Hydro Electric Project [382 MW] (Satluj Jal Vidyut Nigam [SJVN] Thermal Limited) (611586),Infrastructure & Highways,Ministry of Coal,611586,Multi-State,4345.51,4345.51,3379.86,77.8,2021-03-01,2027-12-31,2028-12-31,2026-05-01,24,0.0,0
PAIM-602525,"Pakal Dul [Drangdhuran] Hydroelectric Project, 1000 MW (National Hydroelectric Power Corporation Limited [NHPC]) (602525",Infrastructure & Highways,Ministry of Coal,602525,Multi-State,2458.45,2458.45,496.66,20.2,2024-03-01,2026-12-31,2029-12-31,2026-05-01,18,0.0,0
PAIM-12728,(12/2026) 8112.12 (12728) 9313.54 82.05,Infrastructure & Highways,Ministry of Coal,12728,Multi-State,9313.54,82.05,7213.58,100.0,2021-03-01,2026-12-31,2027-12-31,2026-05-01,36,0.0,0
PAIM-602532,Kiru HE Project (National Hydroelectric Power Corporation Limited [NHPC]) (602532),Infrastructure & Highways,Ministry of Coal,602532,Multi-State,2686.93,2686.93,856.75,31.9,2023-03-01,2028-12-31,2028-12-31,2026-05-01,24,0.0,0
PAIM-602535,"Ratle HE Project - 850 MW, Ratle Hydroelectric Power Corporation Limited. (National Hydroelectric Power Corporation Limi",Infrastructure & Highways,Ministry of Coal,602535,Multi-State,2170.94,2170.94,1046.6,48.2,2022-03-01,2027-12-31,2029-12-31,2026-05-01,24,0.0,0
PAIM-605155,Kwar HE Project (National Hydroelectric Power Corporation Limited [NHPC]) (605155),Infrastructure & Highways,Ministry of Coal,605155,Multi-State,863.02,863.02,276.03,32.0,2021-03-01,2027-12-31,2027-12-31,2026-05-01,18,0.0,0
PAIM-400261,Patratu Thermal Power Station Expansion Project Phase-I [3x800 MW] (National Thermal Power Corporation [NTPC]) (400261),Infrastructure & Highways,Ministry of Coal,400261,Multi-State,978.51,978.51,271.09,27.7,2024-03-01,2026-12-31,2029-12-31,2026-05-01,36,0.0,0
PAIM-20302,(04/2027) 18668 (20302) 19064.59 90.2,Infrastructure & Highways,Ministry of Coal,20302,Multi-State,19064.59,90.2,15255.48,100.0,2021-03-01,2027-12-31,2027-12-31,2026-05-01,24,0.0,0
PAIM-611509,"Koderma Thermal Power Station Phase II [2X800 MW] At Koderma, Jharkhand (Damodar Valley Corporation) (611509)",Infrastructure & Highways,Ministry of Coal,611509,Multi-State,1918.96,1918.96,757.07,39.5,2023-03-01,2027-12-31,2027-12-31,2026-05-01,24,0.0,0
PAIM-14358,(-) 14358 (14358) 1964.6 11.5,Infrastructure & Highways,Ministry of Coal,14358,Madhya Pradesh,1964.6,11.5,592.4,100.0,2022-03-01,2026-12-31,2029-12-31,2026-05-01,24,0.0,0
PAIM-618976,"Gadarwara Super Thermal Power Project, Stage-II [2x800 MW] (National Thermal Power Corporation [NTPC]) (618976)",Infrastructure & Highways,Ministry of Coal,618976,Madhya Pradesh,1305.38,1305.38,458.92,35.2,2023-03-01,2026-12-31,2027-12-31,2026-05-01,12,0.0,0
PAIM-10793,(National Thermal Power Corporation [NTPC]) (618976) (-) (10793),Infrastructure & Highways,Ministry of Coal,10793,Madhya Pradesh,761.54,761.54,363.0,47.7,2023-03-01,2028-12-31,2027-12-31,2026-05-01,0,0.0,0
PAIM-20446,(05/2030) 20446 (20446) 1945.1 8.2,Infrastructure & Highways,Ministry of Coal,20446,Madhya Pradesh,1945.1,8.2,533.26,100.0,2023-03-01,2027-12-31,2029-12-31,2026-05-01,24,0.0,0
PAIM-602961,Talcher Thermal Power Station Stage III [2 x 660 MW] Expansion (National Thermal Power Corporation [NTPC]) (602961),Infrastructure & Highways,Ministry of Coal,602961,Odisha,3591.37,3591.37,1707.76,47.6,2023-03-01,2028-12-31,2029-12-31,2026-05-01,24,0.0,0
PAIM-12543,(05/2028) 11843.75 (12543) 6644.65 51.4,Infrastructure & Highways,Ministry of Coal,12543,Odisha,6644.65,51.4,3858.95,100.0,2024-03-01,2028-12-31,2028-12-31,2026-05-01,0,0.0,0
PAIM-619056,"Darlipali Super Thermal Power Project, Stage-II [1x800 MW] (National Thermal Power Corporation [NTPC]) (619056)",Infrastructure & Highways,Ministry of Coal,619056,Odisha,3429.45,3429.45,2609.35,76.1,2021-03-01,2028-12-31,2027-12-31,2026-05-01,6,0.0,0
PAIM-11833,(National Thermal Power Corporation [NTPC]) (619056) (-) (11833),Infrastructure & Highways,Ministry of Coal,11833,Odisha,4089.89,4089.89,3256.42,79.6,2021-03-01,2028-12-31,2029-12-31,2026-05-01,6,0.0,0
PAIM-11131,(05/2031) 11131 (11131) 472.8 2.35,Infrastructure & Highways,Ministry of Coal,11131,Odisha,472.8,2.35,86.13,100.0,2024-03-01,2028-12-31,2027-12-31,2026-05-01,12,0.0,0
PAIM-612142,"Singrauli Super Thermal Power Project, Stage-III [2x800 MW] (National Thermal Power Corporation [NTPC]) (612142)",Infrastructure & Highways,Ministry of Coal,612142,Uttar Pradesh,2378.82,2378.82,1133.2,47.6,2021-03-01,2028-12-31,2027-12-31,2026-05-01,12,0.0,0
PAIM-17195,(04/2030) 17195 (17195) 3492.41 21.3,Infrastructure & Highways,Ministry of Coal,17195,Uttar Pradesh,3492.41,21.3,2759.55,100.0,2022-03-01,2026-12-31,2027-12-31,2026-05-01,12,0.0,0
PAIM-602185,Tapovan-Vishnugad HEP [4x130 MW] (National Thermal Power Corporation [NTPC]) (602185),Infrastructure & Highways,Ministry of Coal,602185,Uttar Pradesh,4282.33,4282.33,3251.52,75.9,2024-03-01,2028-12-31,2028-12-31,2026-05-01,36,0.0,0
PAIM-602195,Vishnugad Pipalkoti Hydro Electric Project [444 MW] (THDC India Limited) (602195),Infrastructure & Highways,Ministry of Coal,602195,Multi-State,4061.79,4061.79,2740.52,67.5,2022-03-01,2027-12-31,2028-12-31,2026-05-01,36,0.0,0
PAIM-400062,West Bengal (Damodar Valley Corporation) (400062),Infrastructure & Highways,Ministry of Coal,400062,West Bengal,3958.71,3958.71,785.12,19.8,2022-03-01,2028-12-31,2027-12-31,2026-05-01,24,0.0,0
PAIM-17673,(-) 17673 (17673) 2043.87 10,Infrastructure & Highways,Ministry of Coal,17673,West Bengal,2043.87,2043.87,1578.92,77.3,2024-03-01,2028-12-31,2029-12-31,2026-05-01,36,0.0,0
PAIM-602184,Rammam-III HEPP [3x40 MW] (National Thermal Power Corporation [NTPC]) (602184),Infrastructure & Highways,Ministry of Coal,602184,West Bengal,2836.14,2836.14,407.44,14.4,2023-03-01,2027-12-31,2027-12-31,2026-05-01,24,0.0,0
PAIM-602538,Installation of FGD for 4x210 & 2x250 MW MTPS U 1-6 (Damodar Valley Corporation) (602538),Infrastructure & Highways,Ministry of Coal,602538,West Bengal,2219.22,2219.22,1339.65,60.4,2022-03-01,2028-12-31,2029-12-31,2026-05-01,36,0.0,0
PAIM-611967,1000MW (Power Grid Corporation of India Limited [POWERGRID]) (611967),Infrastructure & Highways,Ministry of Coal,611967,Andhra Pradesh,2817.89,2817.89,2356.19,83.6,2022-03-01,2028-12-31,2029-12-31,2026-05-01,24,0.0,0
PAIM-617183,generation projects [POWERGRID Kurnool III PS RE Transmission Limited] (Power Grid Corporation of India Limited [POWERGR,Infrastructure & Highways,Ministry of Coal,617183,Andhra Pradesh,1905.21,1905.21,559.19,29.4,2022-03-01,2028-12-31,2029-12-31,2026-05-01,18,0.0,0
PAIM-615336,phase-III Part-D Phase-II (Power Grid Corporation of India Limited [POWERGRID]) (615336),Infrastructure & Highways,Ministry of Coal,615336,Rajasthan,2111.99,2111.99,260.51,12.3,2021-03-01,2027-12-31,2029-12-31,2026-05-01,18,0.0,0
PAIM-11862,(Power Grid Corporation of India Limited [POWERGRID]) (615336) (-) (11862),Infrastructure & Highways,Ministry of Coal,11862,Rajasthan,3145.22,3145.22,1345.74,42.8,2021-03-01,2028-12-31,2027-12-31,2026-05-01,6,0.0,0
PAIM-612139,park under Phase-III Part B [Vataman Transmission Limited] (Power Grid Corporation of India Limited [POWERGRID]) (612139,Infrastructure & Highways,Ministry of Coal,612139,Gujarat,604.56,604.56,87.87,14.5,2024-03-01,2028-12-31,2028-12-31,2026-05-01,0,0.0,0
PAIM-612855,in Khavda Area of Gujarat under Ph-IV [7GW] Part E2 (Power Grid Corporation of India Limited [POWERGRID]) (612855),Infrastructure & Highways,Ministry of Coal,612855,Gujarat,2235.66,2235.66,814.22,36.4,2022-03-01,2027-12-31,2028-12-31,2026-05-01,0,0.0,0
PAIM-615342,POWERGRID Jam Khambhaliya Transmission Limited] (Power Grid Corporation of India Limited [POWERGRID]) (615342),Infrastructure & Highways,Ministry of Coal,615342,Gujarat,573.49,573.49,436.7,76.1,2021-03-01,2026-12-31,2027-12-31,2026-05-01,18,0.0,0
PAIM-615343,Khavda Pooling station 3 [KPS3] (Power Grid Corporation of India Limited [POWERGRID]) (615343),Infrastructure & Highways,Ministry of Coal,615343,Gujarat,3526.37,3526.37,651.18,18.5,2021-03-01,2028-12-31,2028-12-31,2026-05-01,12,0.0,0
PAIM-615345,South Olpad Transmission Limited] (Power Grid Corporation of India Limited [POWERGRID]) (615345),Infrastructure & Highways,Ministry of Coal,615345,Gujarat,1818.04,1818.04,1135.41,62.5,2021-03-01,2027-12-31,2029-12-31,2026-05-01,18,0.0,0
PAIM-617069,Transmission Limited] (Power Grid Corporation of India Limited [POWERGRID]) (617069),Infrastructure & Highways,Ministry of Coal,617069,Gujarat,1619.79,1619.79,185.21,11.4,2022-03-01,2028-12-31,2029-12-31,2026-05-01,12,0.0,0
PAIM-617182,Transco Limited] (Power Grid Corporation of India Limited [POWERGRID]) (617182),Infrastructure & Highways,Ministry of Coal,617182,Gujarat,4376.66,4376.66,1472.12,33.6,2024-03-01,2027-12-31,2029-12-31,2026-05-01,12,0.0,0
PAIM-617391,Augmentation of Transformation Capacity at Bhuj-II PS [GIS] (Power Grid Corporation of India Limited [POWERGRID]) (61739,Infrastructure & Highways,Ministry of Coal,617391,Gujarat,1878.94,1878.94,1536.53,81.8,2023-03-01,2027-12-31,2029-12-31,2026-05-01,0,0.0,0
PAIM-617405,Jamnagar Transmission Limited (Adani Transmission Limited) (617405),Infrastructure & Highways,Ministry of Coal,617405,Gujarat,4487.96,4487.96,1057.1,23.6,2024-03-01,2026-12-31,2027-12-31,2026-05-01,6,0.0,0
PAIM-617801,Provision of ICT Augmentation & Bus Reactor at Bhuj-II PS (Power Grid Corporation of India Limited [POWERGRID]) (617801),Infrastructure & Highways,Ministry of Coal,617801,Gujarat,3039.48,3039.48,1059.72,34.9,2024-03-01,2026-12-31,2028-12-31,2026-05-01,36,0.0,0
PAIM-619026,KPSIII HVDC Transmission Limited (Adani Transmission Limited) (619026),Infrastructure & Highways,Ministry of Coal,619026,Gujarat,1400.19,1400.19,682.65,48.8,2024-03-01,2027-12-31,2027-12-31,2026-05-01,24,0.0,0
PAIM-11610,(Adani Transmission Limited) (619026) (-) (11610),Infrastructure & Highways,Ministry of Coal,11610,Gujarat,2443.8,2443.8,1296.78,53.1,2023-03-01,2026-12-31,2029-12-31,2026-05-01,6,0.0,0
PAIM-19000,(-) 19000 (19000) 20 1,Infrastructure & Highways,Ministry of Coal,19000,Gujarat,4182.58,4182.58,596.07,14.3,2021-03-01,2028-12-31,2028-12-31,2026-05-01,6,0.0,0
PAIM-619029,Transmission System for Reliable Power Supply to Dholera (Power Grid Corporation of India Limited [POWERGRID]) (619029),Infrastructure & Highways,Ministry of Coal,619029,Gujarat,4450.86,4450.86,2528.99,56.8,2022-03-01,2027-12-31,2027-12-31,2026-05-01,36,0.0,0
PAIM-619049,Khavda IVA Power Transmission Limited (Adani Transmission Limited) (619049),Infrastructure & Highways,Ministry of Coal,619049,Gujarat,3219.08,3219.08,1379.42,42.9,2023-03-01,2027-12-31,2027-12-31,2026-05-01,18,0.0,0
PAIM-12526,(Adani Transmission Limited) (619049) (-) (12526),Infrastructure & Highways,Ministry of Coal,12526,Gujarat,800.88,800.88,283.67,35.4,2024-03-01,2027-12-31,2028-12-31,2026-05-01,24,0.0,0
PAIM-617179,MW] Part B (Power Grid Corporation of India Limited [POWERGRID]) (617179),Infrastructure & Highways,Ministry of Coal,617179,Multi-State,2376.18,2376.18,925.58,39.0,2023-03-01,2028-12-31,2029-12-31,2026-05-01,0,0.0,0
PAIM-617326,Project (Power Grid Corporation of India Limited [POWERGRID]) (617326),Infrastructure & Highways,Ministry of Coal,617326,Multi-State,4318.66,4318.66,2013.92,46.6,2024-03-01,2026-12-31,2028-12-31,2026-05-01,6,0.0,0
PAIM-612140,TRANSMISSION LIMITED] (Power Grid Corporation of India Limited [POWERGRID]) (612140),Infrastructure & Highways,Ministry of Coal,612140,Karnataka,1544.3,1544.3,563.25,36.5,2021-03-01,2026-12-31,2029-12-31,2026-05-01,36,0.0,0
PAIM-616672,Limited] (Power Grid Corporation of India Limited [POWERGRID]) (616672),Infrastructure & Highways,Ministry of Coal,616672,Karnataka,4207.43,4207.43,2104.6,50.0,2021-03-01,2028-12-31,2028-12-31,2026-05-01,12,0.0,0
PAIM-617068,Augmentation Transmission Limited] (Power Grid Corporation of India Limited [POWERGRID]) (617068),Infrastructure & Highways,Ministry of Coal,617068,Karnataka,1686.78,1686.78,381.33,22.6,2022-03-01,2026-12-31,2029-12-31,2026-05-01,6,0.0,0
PAIM-617184,Karnataka  [POWERGRID Chitradurga Bellary REZ Transmission Limited] (Power Grid Corporation of India Limited [POWERGRID],Infrastructure & Highways,Ministry of Coal,617184,Karnataka,4210.4,4210.4,1880.25,44.7,2024-03-01,2026-12-31,2027-12-31,2026-05-01,24,0.0,0
PAIM-617803,[SPV Name - POWERGRID Davanagere Power Transmission Limited] (Power Grid Corporation of India Limited [POWERGRID]) (6178,Infrastructure & Highways,Ministry of Coal,617803,Karnataka,2569.08,2569.08,2048.03,79.7,2024-03-01,2027-12-31,2028-12-31,2026-05-01,12,0.0,0
PAIM-619228,Davanagere [0.25 GW] and Bellary [2.75 GW] (Power Grid Corporation of India Limited [POWERGRID]) (619228),Infrastructure & Highways,Ministry of Coal,619228,Karnataka,1965.5,1965.5,829.52,42.2,2022-03-01,2027-12-31,2028-12-31,2026-05-01,18,0.0,0
PAIM-11953,(Power Grid Corporation of India Limited [POWERGRID]) (619228) (-) (11953),Infrastructure & Highways,Ministry of Coal,11953,Karnataka,1216.51,1216.51,881.62,72.5,2024-03-01,2027-12-31,2028-12-31,2026-05-01,18,0.0,0
PAIM-619028,Kerala (Power Grid Corporation of India Limited [POWERGRID]) (619028),Infrastructure & Highways,Ministry of Coal,619028,Rajasthan,1460.14,1460.14,322.3,22.1,2021-03-01,2028-12-31,2029-12-31,2026-05-01,12,0.0,0
PAIM-615344,TRANSMISSION LIMITED] (Power Grid Corporation of India Limited [POWERGRID]) (615344),Infrastructure & Highways,Ministry of Coal,615344,Rajasthan,984.18,984.18,219.05,22.3,2024-03-01,2028-12-31,2028-12-31,2026-05-01,6,0.0,0
PAIM-615346,Transmission Limited] (Power Grid Corporation of India Limited [POWERGRID]) (615346),Infrastructure & Highways,Ministry of Coal,615346,Rajasthan,974.28,974.28,696.07,71.4,2021-03-01,2028-12-31,2029-12-31,2026-05-01,24,0.0,0
PAIM-617272,Hindalco Switchyard (Power Grid Corporation of India Limited [POWERGRID]) (617272),Infrastructure & Highways,Ministry of Coal,617272,Madhya Pradesh,1640.35,1640.35,929.78,56.7,2021-03-01,2026-12-31,2028-12-31,2026-05-01,6,0.0,0
PAIM-617279,Transmission Limited] (Power Grid Corporation of India Limited [POWERGRID]) (617279),Infrastructure & Highways,Ministry of Coal,617279,Madhya Pradesh,467.95,467.95,201.18,43.0,2024-03-01,2026-12-31,2029-12-31,2026-05-01,0,0.0,0
PAIM-617802,Transmission Limited] (Power Grid Corporation of India Limited [POWERGRID]) (617802),Infrastructure & Highways,Ministry of Coal,617802,Madhya Pradesh,1860.39,1860.39,1517.25,81.6,2022-03-01,2028-12-31,2028-12-31,2026-05-01,36,0.0,0
PAIM-619024,Mahan Transmission Limited (Adani Transmission Limited) (619024),Infrastructure & Highways,Ministry of Coal,619024,Gujarat,2475.91,2475.91,1293.2,52.2,2024-03-01,2028-12-31,2028-12-31,2026-05-01,24,0.0,0
PAIM-11556,(Adani Transmission Limited) (619024) (-) (11556),Infrastructure & Highways,Ministry of Coal,11556,Gujarat,2165.65,2165.65,1265.78,58.4,2023-03-01,2027-12-31,2028-12-31,2026-05-01,0,0.0,0
PAIM-611966,of Gujarat under phase IV 7GW-Part E4 (Power Grid Corporation of India Limited [POWERGRID]) (611966),Infrastructure & Highways,Ministry of Coal,611966,Maharashtra,979.35,979.35,535.39,54.7,2021-03-01,2026-12-31,2027-12-31,2026-05-01,24,0.0,0
PAIM-619027,WRNES Talegaon Power Transmission Limited (Adani Transmission Limited) (619027),Infrastructure & Highways,Ministry of Coal,619027,Maharashtra,4304.57,4304.57,1590.25,36.9,2024-03-01,2027-12-31,2029-12-31,2026-05-01,18,0.0,0
PAIM-11611,(Adani Transmission Limited) (619027) (-) (11611),Infrastructure & Highways,Ministry of Coal,11611,Maharashtra,4263.2,4263.2,3571.28,83.8,2024-03-01,2026-12-31,2029-12-31,2026-05-01,6,0.0,0
PAIM-619227,Pune Region-I [765/400kV AIS Pune East] (Power Grid Corporation of India Limited [POWERGRID]) (619227),Infrastructure & Highways,Ministry of Coal,619227,Maharashtra,3255.16,3255.16,604.72,18.6,2023-03-01,2028-12-31,2027-12-31,2026-05-01,24,0.0,0
PAIM-11952,(Power Grid Corporation of India Limited [POWERGRID]) (619227) (-) (11952),Infrastructure & Highways,Ministry of Coal,11952,Maharashtra,1100.81,1100.81,206.93,18.8,2021-03-01,2027-12-31,2028-12-31,2026-05-01,6,0.0,0
PAIM-617185,[POWERGRID Kurnool-IV Transmission Limited] (Power Grid Corporation of India Limited [POWERGRID]) (617185),Infrastructure & Highways,Ministry of Coal,617185,Karnataka,2158.84,2158.84,1772.35,82.1,2022-03-01,2026-12-31,2029-12-31,2026-05-01,36,0.0,0
PAIM-617806,Name Anantapuram 2 REZ Transmission Ltd (Sterlite Power) (617806),Infrastructure & Highways,Ministry of Coal,617806,Karnataka,3053.0,3053.0,1279.6,41.9,2021-03-01,2028-12-31,2029-12-31,2026-05-01,24,0.0,0
PAIM-619030,Inter-Regional Strengthening between SR Grid and ER Grid (Power Grid Corporation of India Limited [POWERGRID]) (619030),Infrastructure & Highways,Ministry of Coal,619030,Odisha,4316.5,4316.5,1924.71,44.6,2022-03-01,2026-12-31,2028-12-31,2026-05-01,0,0.0,0
PAIM-11590,(Power Grid Corporation of India Limited [POWERGRID]) (619030) (-) (11590),Infrastructure & Highways,Ministry of Coal,11590,Odisha,4363.52,4363.52,1630.67,37.4,2024-03-01,2028-12-31,2027-12-31,2026-05-01,36,0.0,0
PAIM-900808,Part-B (Power Grid Corporation of India Limited [POWERGRID]) (900808),Infrastructure & Highways,Ministry of Coal,900808,Telangana,3334.3,3334.3,2329.87,69.9,2024-03-01,2026-12-31,2027-12-31,2026-05-01,6,0.0,0
PAIM-617271,Eastern Region  Expansion Scheme-43 [ERES-43] (Power Grid Corporation of India Limited [POWERGRID]) (617271),Infrastructure & Highways,Ministry of Coal,617271,Odisha,400.64,400.64,318.04,79.4,2022-03-01,2028-12-31,2027-12-31,2026-05-01,18,0.0,0
PAIM-617807,765 kV Vindhyachal-Varanasi D/c line (Power Grid Corporation of India Limited [POWERGRID]) (617807),Infrastructure & Highways,Ministry of Coal,617807,Bihar,2875.45,2875.45,2300.42,80.0,2024-03-01,2028-12-31,2028-12-31,2026-05-01,12,0.0,0
PAIM-10787,(Power Grid Corporation of India Limited [POWERGRID]) (617807) (-) (10787),Infrastructure & Highways,Ministry of Coal,10787,Bihar,1456.66,1456.66,429.59,29.5,2024-03-01,2027-12-31,2029-12-31,2026-05-01,36,0.0,0
PAIM-617270,Eastern Region  Expansion Scheme-44 [ERES-44] (Power Grid Corporation of India Limited [POWERGRID]) (617270),Infrastructure & Highways,Ministry of Coal,617270,Rajasthan,1557.06,1557.06,721.83,46.4,2021-03-01,2028-12-31,2028-12-31,2026-05-01,12,0.0,0
PAIM-611735,Phase-III Part J (Power Grid Corporation of India Limited [POWERGRID]) (611735),Infrastructure & Highways,Ministry of Coal,611735,Rajasthan,2047.3,2047.3,1235.89,60.4,2022-03-01,2027-12-31,2029-12-31,2026-05-01,0,0.0,0
PAIM-612132,Phase-III Part D Phase I [Sikar Khetri Transmission Ltd] (Power Grid Corporation of India Limited [POWERGRID]) (612132),Infrastructure & Highways,Ministry of Coal,612132,Rajasthan,430.37,430.37,186.15,43.3,2024-03-01,2027-12-31,2029-12-31,2026-05-01,0,0.0,0
PAIM-615347,[8 GW] PART A   [SPV Name POWERGRID West Central Transmission Limited] (Power Grid Corporation of India Limited [POWERGR,Infrastructure & Highways,Ministry of Coal,615347,Maharashtra,2997.8,2997.8,1994.22,66.5,2022-03-01,2026-12-31,2027-12-31,2026-05-01,0,0.0,0
PAIM-24819,(-) 24819 (24819) 2978.28 16.73,Infrastructure & Highways,Ministry of Coal,24819,Maharashtra,2978.28,16.73,1281.04,100.0,2024-03-01,2028-12-31,2028-12-31,2026-05-01,18,0.0,0
PAIM-615339,Limited] (Power Grid Corporation of India Limited [POWERGRID]) (615339),Infrastructure & Highways,Ministry of Coal,615339,Rajasthan,4005.74,4005.74,1560.82,39.0,2023-03-01,2028-12-31,2028-12-31,2026-05-01,6,0.0,0
PAIM-615340,POWERGRID Siwani Transmission Limited] (Power Grid Corporation of India Limited [POWERGRID]) (615340),Infrastructure & Highways,Ministry of Coal,615340,Rajasthan,2613.0,2613.0,407.56,15.6,2023-03-01,2026-12-31,2028-12-31,2026-05-01,36,0.0,0
PAIM-617808,Inter-Regional Strengthening between SR Grid and WR Grid (Power Grid Corporation of India Limited [POWERGRID]) (617808),Infrastructure & Highways,Ministry of Coal,617808,Maharashtra,2690.5,2690.5,1902.04,70.7,2023-03-01,2027-12-31,2027-12-31,2026-05-01,36,0.0,0
PAIM-10788,(Power Grid Corporation of India Limited [POWERGRID]) (617808) (-) (10788),Infrastructure & Highways,Ministry of Coal,10788,Maharashtra,4421.55,4421.55,3635.28,82.2,2022-03-01,2027-12-31,2028-12-31,2026-05-01,0,0.0,0
PAIM-612138,Transmission Ltd] (Power Grid Corporation of India Limited [POWERGRID]) (612138),Infrastructure & Highways,Ministry of Coal,612138,Karnataka,3570.6,3570.6,2717.77,76.1,2023-03-01,2026-12-31,2029-12-31,2026-05-01,12,0.0,0
PAIM-615333,Mandsaur Transmission Limited] (Power Grid Corporation of India Limited [POWERGRID]) (615333),Infrastructure & Highways,Ministry of Coal,615333,Rajasthan,1609.81,1609.81,960.19,59.6,2022-03-01,2026-12-31,2027-12-31,2026-05-01,0,0.0,0
PAIM-615334,Transmission Limited] (Power Grid Corporation of India Limited [POWERGRID]) (615334),Infrastructure & Highways,Ministry of Coal,615334,Rajasthan,2729.4,2729.4,2176.61,79.7,2021-03-01,2027-12-31,2027-12-31,2026-05-01,36,0.0,0
PAIM-617186,Transmission Limited] (Power Grid Corporation of India Limited [POWERGRID]) (617186),Infrastructure & Highways,Ministry of Coal,617186,Rajasthan,3257.7,3257.7,2400.38,73.7,2023-03-01,2027-12-31,2028-12-31,2026-05-01,24,0.0,0
PAIM-619025,RAJASTHAN PART I POWER TRANSMISSION LIMITED (Adani Transmission Limited) (619025),Infrastructure & Highways,Ministry of Coal,619025,Rajasthan,3139.97,3139.97,2047.62,65.2,2024-03-01,2028-12-31,2029-12-31,2026-05-01,0,0.0,0
PAIM-11607,(Adani Transmission Limited) (619025) (-) (11607),Infrastructure & Highways,Ministry of Coal,11607,Rajasthan,3599.86,3599.86,986.66,27.4,2024-03-01,2028-12-31,2027-12-31,2026-05-01,24,0.0,0
PAIM-25000,(-) 25000 (25000) 426.05 4,Infrastructure & Highways,Ministry of Coal,25000,Rajasthan,426.05,426.05,100.81,23.7,2024-03-01,2026-12-31,2028-12-31,2026-05-01,12,0.0,0
PAIM-612133,[Bikaner Complex] Part D [Neemrana Bareilly Transmission Ltd] (Power Grid Corporation of India Limited [POWERGRID]) (612,Infrastructure & Highways,Ministry of Coal,612133,Rajasthan,3801.48,3801.48,643.86,16.9,2023-03-01,2028-12-31,2028-12-31,2026-05-01,0,0.0,0
PAIM-616670,GW] Part A  [SPV name POWERGRID Ghiror Transmission Limited] (Power Grid Corporation of India Limited [POWERGRID]) (6166,Infrastructure & Highways,Ministry of Coal,616670,Rajasthan,677.8,677.8,421.49,62.2,2024-03-01,2027-12-31,2027-12-31,2026-05-01,0,0.0,0
PAIM-611948,Phase-III part H (Power Grid Corporation of India Limited [POWERGRID]) (611948),Infrastructure & Highways,Ministry of Coal,611948,Rajasthan,2465.71,2465.71,935.52,37.9,2024-03-01,2026-12-31,2029-12-31,2026-05-01,12,0.0,0
PAIM-611949,Phase-III part C1 (Power Grid Corporation of India Limited [POWERGRID]) (611949),Infrastructure & Highways,Ministry of Coal,611949,Rajasthan,840.47,840.47,115.18,13.7,2023-03-01,2026-12-31,2028-12-31,2026-05-01,0,0.0,0
PAIM-612134,[Bikaner Complex] Part A [Bikaner Neemrana  Transmission Ltd] (Power Grid Corporation of India Limited [POWERGRID]) (612,Infrastructure & Highways,Ministry of Coal,612134,Rajasthan,3539.06,3539.06,2220.52,62.7,2024-03-01,2027-12-31,2029-12-31,2026-05-01,12,0.0,0
PAIM-615332,Transmission Limited] (Power Grid Corporation of India Limited [POWERGRID]) (615332),Infrastructure & Highways,Ministry of Coal,615332,Rajasthan,1376.09,1376.09,849.91,61.8,2022-03-01,2028-12-31,2028-12-31,2026-05-01,6,0.0,0
PAIM-615335,Complex [SPV Name POWERGRID BHADLA BIKANER TRANSMISSION LIMITED] (Power Grid Corporation of India Limited [POWERGRID]) (,Infrastructure & Highways,Ministry of Coal,615335,Rajasthan,4045.64,4045.64,818.65,20.2,2021-03-01,2026-12-31,2027-12-31,2026-05-01,12,0.0,0
PAIM-615337,Power Transmission Limited] (Power Grid Corporation of India Limited [POWERGRID]) (615337),Infrastructure & Highways,Ministry of Coal,615337,Rajasthan,3538.33,3538.33,1582.43,44.7,2024-03-01,2028-12-31,2027-12-31,2026-05-01,24,0.0,0
PAIM-615338,Name POWERGRID BARMER I TRANSMISSION LIMITED] (Power Grid Corporation of India Limited [POWERGRID]) (615338),Infrastructure & Highways,Ministry of Coal,615338,Rajasthan,1591.91,1591.91,900.74,56.6,2023-03-01,2028-12-31,2027-12-31,2026-05-01,6,0.0,0
PAIM-617181,[POWERGRID Fatehgarh Barmer Augmentation Transmission Limited] (Power Grid Corporation of India Limited [POWERGRID]) (61,Infrastructure & Highways,Ministry of Coal,617181,Rajasthan,1462.88,1462.88,843.42,57.7,2024-03-01,2026-12-31,2029-12-31,2026-05-01,18,0.0,0
PAIM-616671,[2x1000 MW]  [SPV Name POWERGRID Kudankulam Tarnsmission Limited] (Power Grid Corporation of India Limited [POWERGRID]) ,Infrastructure & Highways,Ministry of Coal,616671,Tamil Nadu,1627.48,1627.48,1293.07,79.5,2021-03-01,2027-12-31,2027-12-31,2026-05-01,12,0.0,0
PAIM-617269,Bhadla/Bikaner Complex (Power Grid Corporation of India Limited [POWERGRID]) (617269),Infrastructure & Highways,Ministry of Housing & Urban Affairs,617269,Uttar Pradesh,2541.9,2541.9,269.11,10.6,2023-03-01,2027-12-31,2028-12-31,2026-05-01,36,0.0,0
PAIM-617412,"Commissionerates of Central Tax at Khajaguda, Serilingampally, Hyderabad. (Central Public Works Department - CPWD) (6174",Infrastructure & Highways,Ministry of Housing & Urban Affairs,617412,Telangana,4262.9,4262.9,996.17,23.4,2023-03-01,2026-12-31,2028-12-31,2026-05-01,6,0.0,0
PAIM-707229,"Port, Ship Service, Smart Solid Waste Management, Smart Public Transport System (ministry of housing and urban affairs) ",Infrastructure & Highways,Ministry of Housing & Urban Affairs,707229,Delhi,2173.99,2173.99,1063.21,48.9,2021-03-01,2028-12-31,2028-12-31,2026-05-01,24,0.0,0
PAIM-400188,in Delhi (National Buildings Construction Corporation [NBCC]) (400188),Infrastructure & Highways,Ministry of Housing & Urban Affairs,400188,Delhi,1398.51,1398.51,253.72,18.1,2021-03-01,2027-12-31,2029-12-31,2026-05-01,12,0.0,0
PAIM-32841,(12/2025) 32850 (32841) 14370.45 46.7,Infrastructure & Highways,Ministry of Housing & Urban Affairs,32841,Gujarat,14370.45,46.7,10892.46,100.0,2024-03-01,2027-12-31,2027-12-31,2026-05-01,18,0.0,0
PAIM-701719,Rehablitation in Junavadaj Area Smart City Project (ministry of housing and urban affairs) (701719),Infrastructure & Highways,Ministry of Housing & Urban Affairs,701719,Gujarat,4300.76,4300.76,3348.48,77.9,2023-03-01,2027-12-31,2029-12-31,2026-05-01,0,0.0,0
PAIM-701766,Green Building Development Project (ministry of housing and urban affairs) (701766),Infrastructure & Highways,Ministry of Housing & Urban Affairs,701766,Gujarat,4136.77,4136.77,614.77,14.9,2022-03-01,2026-12-31,2028-12-31,2026-05-01,18,0.0,0
PAIM-702627,Patna Metro Rail Project (Patna Metro Rail Corporation Ltd. [PMRCL]) (702627),Infrastructure & Highways,Ministry of Housing & Urban Affairs,702627,Bihar,3291.85,3291.85,2036.54,61.9,2023-03-01,2028-12-31,2027-12-31,2026-05-01,6,0.0,0
PAIM-617207,Delhi Metro Rail Phase-IV [2 Corridors] (Delhi Metro Rail Corporation Limited [DMRC]) (617207),Infrastructure & Highways,Ministry of Housing & Urban Affairs,617207,Bihar,2511.84,2511.84,1443.63,57.5,2022-03-01,2026-12-31,2027-12-31,2026-05-01,12,0.0,0
PAIM-619031,Delhi Metro Rail Phase V A (Delhi Metro Rail Corporation Limited [DMRC]) (619031),Infrastructure & Highways,Ministry of Housing & Urban Affairs,619031,Delhi,1390.17,1390.17,969.2,69.7,2024-03-01,2026-12-31,2028-12-31,2026-05-01,12,0.0,0
PAIM-11591,(Delhi Metro Rail Corporation Limited [DMRC]) (619031) (-) (11591),Infrastructure & Highways,Ministry of Housing & Urban Affairs,11591,Delhi,2359.2,2359.2,443.04,18.8,2021-03-01,2027-12-31,2027-12-31,2026-05-01,36,0.0,0
PAIM-702632,DMRTS Phase - IV [3 Priority Corridors] (Delhi Metro Rail Corporation Limited [DMRC]) (702632),Infrastructure & Highways,Ministry of Housing & Urban Affairs,702632,Gujarat,3655.16,3655.16,1962.08,53.7,2021-03-01,2026-12-31,2029-12-31,2026-05-01,24,0.0,0
PAIM-702630,Surat Metro Rail Project (Gujarat Metro Rail Corporation Limited [GMRCL]) (702630),Infrastructure & Highways,Ministry of Housing & Urban Affairs,702630,Gujarat,3082.87,3082.87,1969.14,63.9,2021-03-01,2027-12-31,2028-12-31,2026-05-01,24,0.0,0
PAIM-619022,"Expressway, Gurugram. (Gurugram Metro Rail Limited [GMRL]) (619022)",Infrastructure & Highways,Ministry of Housing & Urban Affairs,619022,Karnataka,2477.31,2477.31,1265.38,51.1,2023-03-01,2028-12-31,2029-12-31,2026-05-01,36,0.0,0
PAIM-11535,(Gurugram Metro Rail Limited [GMRL]) (619022) (-) (11535),Infrastructure & Highways,Ministry of Housing & Urban Affairs,11535,Karnataka,3154.44,3154.44,617.46,19.6,2021-03-01,2028-12-31,2028-12-31,2026-05-01,18,0.0,0
PAIM-612878,Bangalore Metro Rail Project - PHASE-3 (Bengaluru Metro Rail) (612878),Infrastructure & Highways,Ministry of Housing & Urban Affairs,612878,Karnataka,1698.55,1698.55,172.0,10.1,2023-03-01,2027-12-31,2029-12-31,2026-05-01,6,0.0,0
PAIM-15611,(-) 15611 (15611) 0 0,Infrastructure & Highways,Ministry of Housing & Urban Affairs,15611,Karnataka,2935.78,2935.78,1286.11,43.8,2021-03-01,2028-12-31,2027-12-31,2026-05-01,24,0.0,0
PAIM-702635,Construction of Bangalore Metro Rail Project Phase 2. (Bengaluru Metro Rail) (702635),Infrastructure & Highways,Ministry of Housing & Urban Affairs,702635,Karnataka,2201.77,2201.77,1349.38,61.3,2022-03-01,2027-12-31,2028-12-31,2026-05-01,0,0.0,0
PAIM-702665,Construction Bangalore Metro Rail Project Phase-2A & 2B (Bengaluru Metro Rail) (702665),Infrastructure & Highways,Ministry of Housing & Urban Affairs,702665,Karnataka,327.57,327.57,97.87,29.9,2022-03-01,2026-12-31,2028-12-31,2026-05-01,18,0.0,0
PAIM-702664,Kochi Metro Rail Phase 2 Development  Project (CSPCC Projects) (702664),Infrastructure & Highways,Ministry of Housing & Urban Affairs,702664,Karnataka,589.81,589.81,286.73,48.6,2021-03-01,2027-12-31,2027-12-31,2026-05-01,36,0.0,0
PAIM-702625,Bhopal Metro Rail Project (Madhya Pradesh Metro Rail Co Limited [MPMRCL]) (702625),Infrastructure & Highways,Ministry of Housing & Urban Affairs,702625,Madhya Pradesh,2986.66,2986.66,2218.24,74.3,2022-03-01,2026-12-31,2029-12-31,2026-05-01,36,0.0,0
PAIM-702626,Indore Metro Rail Project (Madhya Pradesh Metro Rail Co Limited [MPMRCL]) (702626),Infrastructure & Highways,Ministry of Housing & Urban Affairs,702626,Maharashtra,2318.22,2318.22,543.94,23.5,2023-03-01,2026-12-31,2028-12-31,2026-05-01,36,0.0,0
PAIM-617225,PCMC To Nigdi- Extension Of North South Corridor Of Phase-1 (Maharashtra Metro Rail Corporation Limited [MMRCL]) (617225,Infrastructure & Highways,Ministry of Housing & Urban Affairs,617225,Maharashtra,3531.39,3531.39,571.52,16.2,2023-03-01,2027-12-31,2029-12-31,2026-05-01,18,0.0,0
PAIM-617226,Pune Metro Phase-1 Extension line towards south from Swargate to Katraj (Maharashtra Metro Rail Corporation Limited [MMR,Infrastructure & Highways,Ministry of Housing & Urban Affairs,617226,Maharashtra,3544.76,3544.76,2143.6,60.5,2023-03-01,2026-12-31,2027-12-31,2026-05-01,0,0.0,0
PAIM-617327,Thane Integral Ring Metro Rail Project (Maharashtra Metro Rail Corporation Limited [MMRCL]) (617327),Infrastructure & Highways,Ministry of Housing & Urban Affairs,617327,Maharashtra,2635.4,2635.4,977.63,37.1,2021-03-01,2027-12-31,2028-12-31,2026-05-01,12,0.0,0
PAIM-618971,2B Ramwadi to Wagholi/Vitthalwadi (Maharashtra Metro Rail Corporation Limited [MMRCL]) (618971),Infrastructure & Highways,Ministry of Housing & Urban Affairs,618971,Maharashtra,874.32,874.32,103.87,11.9,2023-03-01,2027-12-31,2029-12-31,2026-05-01,12,0.0,0
PAIM-10784,(Maharashtra Metro Rail Corporation Limited [MMRCL]) (618971) (-) (10784),Infrastructure & Highways,Ministry of Housing & Urban Affairs,10784,Maharashtra,2152.34,2152.34,269.01,12.5,2021-03-01,2027-12-31,2028-12-31,2026-05-01,18,0.0,0
PAIM-618985,Nal Stop - Warje - Manikbaug (Maharashtra Metro Rail Corporation Limited [MMRCL]) (618985),Infrastructure & Highways,Ministry of Housing & Urban Affairs,618985,Maharashtra,240.9,240.9,200.44,83.2,2023-03-01,2028-12-31,2029-12-31,2026-05-01,18,0.0,0
PAIM-10785,(Maharashtra Metro Rail Corporation Limited [MMRCL]) (618985) (-) (10785),Infrastructure & Highways,Ministry of Housing & Urban Affairs,10785,Maharashtra,3221.0,3221.0,1495.58,46.4,2022-03-01,2026-12-31,2029-12-31,2026-05-01,18,0.0,0
PAIM-701745,New Suburba Station Development Project (ministry of housing and urban affairs) (701745),Infrastructure & Highways,Ministry of Housing & Urban Affairs,701745,Maharashtra,3619.2,3619.2,2346.46,64.8,2024-03-01,2026-12-31,2028-12-31,2026-05-01,12,0.0,0
PAIM-701991,Kalyan Station Precinct Imporvement Project (ministry of housing and urban affairs) (701991),Infrastructure & Highways,Ministry of Housing & Urban Affairs,701991,Maharashtra,3003.81,3003.81,847.12,28.2,2023-03-01,2027-12-31,2029-12-31,2026-05-01,6,0.0,0
PAIM-702637,Mumbai Metro Line 3 (Mumbai Metro Rail Corporation Limited [MMRC]) (702637),Infrastructure & Highways,Ministry of Housing & Urban Affairs,702637,Maharashtra,3616.7,3616.7,2727.71,75.4,2023-03-01,2028-12-31,2028-12-31,2026-05-01,24,0.0,0
PAIM-37276,(08/2025) 23136 (37276) 33648.26 97.86,Infrastructure & Highways,Ministry of Housing & Urban Affairs,37276,Maharashtra,33648.26,97.86,22871.3,100.0,2024-03-01,2027-12-31,2027-12-31,2026-05-01,12,0.0,0
PAIM-702658,Nagpur Metro Rail Phase II Development Project (Maharashtra Metro Rail Corporation Limited [MMRCL]) (702658),Infrastructure & Highways,Ministry of Housing & Urban Affairs,702658,Maharashtra,2461.09,2461.09,1058.92,43.0,2023-03-01,2028-12-31,2029-12-31,2026-05-01,12,0.0,0
PAIM-617206,Delhi Metro Rail Phase-IV [Rithala - Kundli Corridor] (Delhi Metro Rail Corporation Limited [DMRC]) (617206),Infrastructure & Highways,Ministry of Housing & Urban Affairs,617206,Maharashtra,1321.39,1321.39,229.7,17.4,2021-03-01,2027-12-31,2028-12-31,2026-05-01,18,0.0,0
PAIM-702668,Chennai Metro Rail Phase-II Development Project (Chennai Metro Rail Limited [CMRL]) (702668),Infrastructure & Highways,Ministry of Housing & Urban Affairs,702668,Tamil Nadu,1440.63,1440.63,742.74,51.6,2021-03-01,2026-12-31,2027-12-31,2026-05-01,12,0.0,0
PAIM-63246,(-) 63246 (63246) 33774 53.36,Infrastructure & Highways,Ministry of Housing & Urban Affairs,63246,Tamil Nadu,53.36,53.36,9.36,17.5,2024-03-01,2028-12-31,2028-12-31,2026-05-01,18,0.0,0
PAIM-619052,LUCKNOW METRO RAIL PROJECT PHASE-1B EAST WEST CORRIDOR (Uttar Pradesh metro rail corporation [UPMRC]) (619052),Infrastructure & Highways,Ministry of Housing & Urban Affairs,619052,Uttar Pradesh,2636.92,2636.92,873.02,33.1,2021-03-01,2027-12-31,2027-12-31,2026-05-01,12,0.0,0
PAIM-11609,(Uttar Pradesh metro rail corporation [UPMRC]) (619052) (-) (11609),Infrastructure & Highways,Ministry of Housing & Urban Affairs,11609,Uttar Pradesh,2555.5,2555.5,643.45,25.2,2021-03-01,2026-12-31,2028-12-31,2026-05-01,24,0.0,0
PAIM-702628,Kanpur Metro Rail Project (Uttar Pradesh metro rail corporation [UPMRC]) (702628),Infrastructure & Highways,Ministry of Housing & Urban Affairs,702628,Uttar Pradesh,2041.2,2041.2,1292.32,63.3,2021-03-01,2027-12-31,2029-12-31,2026-05-01,12,0.0,0
PAIM-702629,Agra Metro Rail Project (Uttar Pradesh metro rail corporation [UPMRC]) (702629),Infrastructure & Highways,Ministry of Housing & Urban Affairs,702629,Uttar Pradesh,4011.84,4011.84,1015.56,25.3,2023-03-01,2027-12-31,2027-12-31,2026-05-01,36,0.0,0
PAIM-702674,"nos. upgrading of feeder mains, pumping station etc. - Phase II (Ministry of Housing & Urban Affairs) (702674)",Infrastructure & Highways,Ministry of Housing & Urban Affairs,702674,Andhra Pradesh,3147.55,3147.55,2004.84,63.7,2023-03-01,2026-12-31,2029-12-31,2026-05-01,6,0.0,0
PAIM-702699,Muzaffarpur Storm Water Drainage Phase-I Project (Ministry of Housing & Urban Affairs) (702699),Infrastructure & Highways,Ministry of Housing & Urban Affairs,702699,Bihar,2015.48,2015.48,1523.54,75.6,2023-03-01,2026-12-31,2028-12-31,2026-05-01,18,0.0,0
PAIM-702734,Sewerage Management Scheme Part-3 Implementation (Ministry of Housing & Urban Affairs) (702734),Infrastructure & Highways,Ministry of Housing & Urban Affairs,702734,Bihar,1124.96,1124.96,232.85,20.7,2021-03-01,2027-12-31,2028-12-31,2026-05-01,6,0.0,0
PAIM-702741,Dhanbad Water Supply Infrastructure Project (Ministry of Housing & Urban Affairs) (702741),Infrastructure & Highways,Ministry of Housing & Urban Affairs,702741,Multi-State,1415.34,1415.34,1029.42,72.7,2022-03-01,2027-12-31,2028-12-31,2026-05-01,24,0.0,0
PAIM-702742,SAAP-3 Water Supply Infrastructure SAAP-3 Project (Ministry of Housing & Urban Affairs) (702742),Infrastructure & Highways,Ministry of Housing & Urban Affairs,702742,Multi-State,2950.28,2950.28,740.19,25.1,2022-03-01,2026-12-31,2029-12-31,2026-05-01,6,0.0,0
PAIM-702746,Augmentation and Strenghthning of Urban Water Supply Phase 1 - SAAP 3 (Ministry of Housing & Urban Affairs) (702746),Infrastructure & Highways,Ministry of Housing & Urban Affairs,702746,Multi-State,4465.01,4465.01,943.48,21.1,2021-03-01,2028-12-31,2027-12-31,2026-05-01,6,0.0,0
PAIM-702760,Belgavi Improvement in Sewerage System Project (Ministry of Housing & Urban Affairs) (702760),Infrastructure & Highways,Ministry of Housing & Urban Affairs,702760,Karnataka,934.63,934.63,213.17,22.8,2021-03-01,2026-12-31,2028-12-31,2026-05-01,12,0.0,0
PAIM-702793,Indore Water Supply Infrastructure Project (Ministry of Housing & Urban Affairs) (702793),Infrastructure & Highways,Ministry of Housing & Urban Affairs,702793,Karnataka,4146.23,4146.23,2279.48,55.0,2023-03-01,2028-12-31,2029-12-31,2026-05-01,18,0.0,0
PAIM-702808,Satna Sewerage Management and Treatment Infrastructure Project (Ministry of Housing & Urban Affairs) (702808),Infrastructure & Highways,Ministry of Housing & Urban Affairs,702808,Madhya Pradesh,2366.17,2366.17,1063.81,45.0,2023-03-01,2027-12-31,2028-12-31,2026-05-01,24,0.0,0
PAIM-702810,Singrauli Sewerage Management and Treatment Infrastructure Project (Ministry of Housing & Urban Affairs) (702810),Infrastructure & Highways,Ministry of Housing & Urban Affairs,702810,Madhya Pradesh,1822.6,1822.6,830.5,45.6,2022-03-01,2026-12-31,2027-12-31,2026-05-01,24,0.0,0
PAIM-702833,Kalyan-Dombivali Water Supply Infrastructure Project (Ministry of Housing & Urban Affairs) (702833),Infrastructure & Highways,Ministry of Housing & Urban Affairs,702833,Maharashtra,2831.28,2831.28,895.77,31.6,2024-03-01,2026-12-31,2027-12-31,2026-05-01,6,0.0,0
PAIM-702851,Pune Water Supply Infrastructure Project (Ministry of Housing & Urban Affairs) (702851),Infrastructure & Highways,Ministry of Housing & Urban Affairs,702851,Maharashtra,2873.93,2873.93,1037.46,36.1,2022-03-01,2027-12-31,2027-12-31,2026-05-01,24,0.0,0
PAIM-703021,Jalandhar Water Supply Infrastructure Project (Ministry of Housing & Urban Affairs) (703021),Infrastructure & Highways,Ministry of Housing & Urban Affairs,703021,Maharashtra,1739.7,1739.7,1440.28,82.8,2021-03-01,2026-12-31,2029-12-31,2026-05-01,12,0.0,0
PAIM-703057,Patiala Water Supply Infrastructure Part-2 Project (Ministry of Housing & Urban Affairs) (703057),Infrastructure & Highways,Ministry of Housing & Urban Affairs,703057,Punjab,2729.45,2729.45,1375.93,50.4,2022-03-01,2026-12-31,2027-12-31,2026-05-01,6,0.0,0
PAIM-702949,Jhansi Water Supply Infrastructure Phase-II Project (Ministry of Housing & Urban Affairs) (702949),Infrastructure & Highways,Ministry of Housing & Urban Affairs,702949,Uttar Pradesh,4320.8,4320.8,2423.56,56.1,2024-03-01,2028-12-31,2027-12-31,2026-05-01,6,0.0,0
PAIM-702958,Lucknow Sewerage Management Infrastructure Project (Ministry of Housing & Urban Affairs) (702958),Infrastructure & Highways,Ministry of Housing & Urban Affairs,702958,Uttar Pradesh,2442.9,2442.9,421.49,17.3,2021-03-01,2026-12-31,2027-12-31,2026-05-01,0,0.0,0
PAIM-617280,"Director General, GSI Building at plot No.GN-40, Sector-V, Salt Lake, Kolkata (Central Public Works Department [CPWD]) (",Infrastructure & Highways,Ministry of Housing & Urban Affairs,617280,West Bengal,2054.58,2054.58,596.78,29.0,2023-03-01,2028-12-31,2028-12-31,2026-05-01,12,0.0,0
PAIM-400426,Expansion of Malanjkhand Copper Project (Hindustan Copper Limited [HCL]) (400426),Infrastructure & Highways,Ministry of Housing & Urban Affairs,400426,West Bengal,1920.61,1920.61,553.44,28.8,2024-03-01,2026-12-31,2028-12-31,2026-05-01,36,0.0,0
PAIM-400141,enhancement of 1.0 Million Tonee Per Annum (National Aluminium Company Limited [NALCO]) (400141),Infrastructure & Highways,Ministry of Housing & Urban Affairs,400141,Odisha,3316.46,3316.46,2493.83,75.2,2023-03-01,2027-12-31,2027-12-31,2026-05-01,0,0.0,0
PAIM-400299,Pottangi Bauxite Mines Project (National Aluminium Company Limited [NALCO]) (400299),Infrastructure & Highways,Ministry of Housing & Urban Affairs,400299,Odisha,1317.87,1317.87,899.22,68.2,2021-03-01,2028-12-31,2029-12-31,2026-05-01,6,0.0,0
PAIM-709831,REFINERY FROM SOUTH BLOCK MINING LEASE OF PANCHPATMAILI MINES (National Aluminium Company Limited [NALCO]) (709831),Infrastructure & Highways,Ministry of Housing & Urban Affairs,709831,Odisha,3961.32,3961.32,1001.8,25.3,2021-03-01,2027-12-31,2027-12-31,2026-05-01,12,0.0,0
PAIM-709832,25.5 MW WIND POWER PROJECT AT KAYATHAR IN TAMILNADU (National Aluminium Company Limited [NALCO]) (709832),Infrastructure & Highways,Ministry of Housing & Urban Affairs,709832,Odisha,1010.07,1010.07,566.15,56.1,2021-03-01,2026-12-31,2027-12-31,2026-05-01,18,0.0,0
PAIM-613008,Phase-1 (Central Tribal University of Andhra Pradesh) (613008),Infrastructure & Highways,Ministry of Housing & Urban Affairs,613008,Andhra Pradesh,3741.46,3741.46,3117.75,83.3,2023-03-01,2027-12-31,2027-12-31,2026-05-01,36,0.0,0
PAIM-606013,Additional Campus  of NITPatna (NIT Patna) (606013),Infrastructure & Highways,Ministry of Housing & Urban Affairs,606013,Bihar,3469.36,3469.36,527.64,15.2,2022-03-01,2028-12-31,2029-12-31,2026-05-01,12,0.0,0
PAIM-617877,"Phase B Construction of Permanent Campus of IIT Bhilai (Indian Institute of Technology, Bhilai) (617877)",Infrastructure & Highways,Ministry of Housing & Urban Affairs,617877,Bihar,2902.29,2902.29,441.01,15.2,2023-03-01,2027-12-31,2027-12-31,2026-05-01,36,0.0,0
PAIM-10102,"(Indian Institute of Technology, Bhilai) (617877) (-) (10102)",Infrastructure & Highways,Ministry of Housing & Urban Affairs,10102,Bihar,2359.8,2359.8,1549.14,65.6,2022-03-01,2027-12-31,2028-12-31,2026-05-01,36,0.0,0
PAIM-612851,"Campus on Engineering, Procurement and Construction basis (National Institute of Technology Delhi) (612851)",Infrastructure & Highways,Ministry of Housing & Urban Affairs,612851,Delhi,532.43,532.43,420.0,78.9,2021-03-01,2026-12-31,2027-12-31,2026-05-01,24,0.0,0
PAIM-616886,Delhi University Eastern Campus at Surajmal Vihar (Delhi University) (616886),Infrastructure & Highways,Ministry of Housing & Urban Affairs,616886,Gujarat,3759.59,3759.59,997.09,26.5,2022-03-01,2027-12-31,2027-12-31,2026-05-01,0,0.0,0
PAIM-612916,"kundhela, Dist. Vadodara, Gujarat. (Central University of Gujarat) (612916)",Infrastructure & Highways,Ministry of Housing & Urban Affairs,612916,Gujarat,3584.66,3584.66,2484.05,69.3,2021-03-01,2028-12-31,2027-12-31,2026-05-01,12,0.0,0
PAIM-602099,"Establishment of Permanent campus Phase 1 of IIM Sirmaur (Indian Institute of Management, Sirmaur) (602099)",Infrastructure & Highways,Ministry of Housing & Urban Affairs,602099,Gujarat,2536.32,2536.32,2153.45,84.9,2024-03-01,2027-12-31,2028-12-31,2026-05-01,12,0.0,0
PAIM-612128,"Hostel blocks & dining hall block (Indian Institute of Technology, Mandi) (612128)",Infrastructure & Highways,Ministry of Housing & Urban Affairs,612128,Multi-State,1651.25,1651.25,551.8,33.4,2022-03-01,2027-12-31,2028-12-31,2026-05-01,24,0.0,0
PAIM-612894,"Mode 1] Basis. (Central University, Himachal Pradesh) (612894)",Infrastructure & Highways,Ministry of Housing & Urban Affairs,612894,Multi-State,2854.12,2854.12,383.66,13.4,2021-03-01,2026-12-31,2027-12-31,2026-05-01,6,0.0,0
PAIM-602098,"Jammu, J&K (Indian Institute of Management, Jammu) (602098)",Infrastructure & Highways,Ministry of Housing & Urban Affairs,602098,Multi-State,2344.07,2344.07,1388.29,59.2,2022-03-01,2027-12-31,2029-12-31,2026-05-01,18,0.0,0
PAIM-606431,1A (INDIAN INSTITUTE OF TECHNOLOGY PALAKKAD) (606431),Infrastructure & Highways,Ministry of Housing & Urban Affairs,606431,Multi-State,4091.49,4091.49,1675.35,40.9,2024-03-01,2026-12-31,2028-12-31,2026-05-01,6,0.0,0
PAIM-617878,Phase B of Construction of Permanent Campus of IIT Palakkad (INDIAN INSTITUTE OF TECHNOLOGY PALAKKAD) (617878),Infrastructure & Highways,Ministry of Housing & Urban Affairs,617878,Multi-State,3317.71,3317.71,2420.94,73.0,2023-03-01,2027-12-31,2029-12-31,2026-05-01,0,0.0,0
PAIM-10104,(INDIAN INSTITUTE OF TECHNOLOGY PALAKKAD) (617878) (-) (10104),Infrastructure & Highways,Ministry of Housing & Urban Affairs,10104,Multi-State,4376.32,4376.32,1659.71,37.9,2024-03-01,2028-12-31,2029-12-31,2026-05-01,18,0.0,0
PAIM-611957,"excellence] (Indian Institute of Technology, Indore) (611957)",Infrastructure & Highways,Ministry of Housing & Urban Affairs,611957,Madhya Pradesh,1648.9,1648.9,682.45,41.4,2022-03-01,2028-12-31,2027-12-31,2026-05-01,18,0.0,0
PAIM-610315,"IISER BERHAMPUR (Indian Institutes of Science Education and Research, Behrampur) (610315)",Infrastructure & Highways,Ministry of Housing & Urban Affairs,610315,Odisha,2642.03,2642.03,592.51,22.4,2024-03-01,2027-12-31,2029-12-31,2026-05-01,12,0.0,0
PAIM-611961,"Construction of IIT Bhubaneswar -Phase III (Indian Institute of Technology, Bhubaneshwar) (611961)",Infrastructure & Highways,Ministry of Petroleum & Natural Gas,611961,Odisha,1203.22,1203.22,477.3,39.7,2021-03-01,2027-12-31,2027-12-31,2026-05-01,24,0.0,0
PAIM-619033,and Faculty Residence - 72 nos. Flats (NIT Rourkela) (619033),Infrastructure & Highways,Ministry of Petroleum & Natural Gas,619033,Odisha,3755.63,3755.63,2225.3,59.3,2022-03-01,2028-12-31,2029-12-31,2026-05-01,0,0.0,0
PAIM-612877,"Establishment of NIT Puducherry Permanent Campus [Phase-I and Phase-II] (National Institute of Technology, Puducherry) (",Infrastructure & Highways,Ministry of Petroleum & Natural Gas,612877,Odisha,2833.64,2833.64,312.39,11.0,2022-03-01,2026-12-31,2028-12-31,2026-05-01,36,0.0,0
PAIM-605292,"Punjab, Phase-I (Indian intitue of Management, Amritsar) (605292)",Infrastructure & Highways,Ministry of Petroleum & Natural Gas,605292,Punjab,1711.32,1711.32,772.75,45.2,2024-03-01,2026-12-31,2028-12-31,2026-05-01,36,0.0,0
PAIM-617221,"International Hostel 100 seater, VC Residence and Purchase of Equipment (Central University of Punjab) (617221)",Infrastructure & Highways,Ministry of Petroleum & Natural Gas,617221,Punjab,405.9,405.9,213.78,52.7,2024-03-01,2026-12-31,2029-12-31,2026-05-01,6,0.0,0
PAIM-609996,"Construction of Precast housing and hostels at IIT Hyderabad (Indian Institute of Technology, Hyderabad) (609996)",Infrastructure & Highways,Ministry of Petroleum & Natural Gas,609996,Telangana,3132.49,3132.49,837.32,26.7,2024-03-01,2027-12-31,2029-12-31,2026-05-01,0,0.0,0
PAIM-606479,Banaras Hindu University [ Kayakalp of Institute of Medical Sciences] (Banaras Hindu University) (606479),Infrastructure & Highways,Ministry of Petroleum & Natural Gas,606479,Uttar Pradesh,3657.15,3657.15,1720.04,47.0,2022-03-01,2026-12-31,2027-12-31,2026-05-01,0,0.0,0
PAIM-611963,"Uttarakhand at Sumari, Pauri Garhwal (National Institute of Technology Uttarakhand) (611963)",Infrastructure & Highways,Ministry of Petroleum & Natural Gas,611963,Multi-State,4068.37,4068.37,3062.69,75.3,2023-03-01,2026-12-31,2028-12-31,2026-05-01,0,0.0,0
PAIM-609019,"buildings, class room complex and other campus facilities in IIT Kharagpur (Indian Institute of Technology, Kharagpur) (",Infrastructure & Highways,Ministry of Petroleum & Natural Gas,609019,West Bengal,347.16,347.16,168.03,48.4,2024-03-01,2027-12-31,2027-12-31,2026-05-01,12,0.0,0
PAIM-617839,MMTPA (Ministry of Petroleum & Natural Gas) (617839),Infrastructure & Highways,Ministry of Petroleum & Natural Gas,617839,Maharashtra,1609.81,1609.81,615.88,38.3,2024-03-01,2027-12-31,2029-12-31,2026-05-01,0,0.0,0
PAIM-604833,"Andheri Residential Towers, Mumbai (Ministry of Petroleum & Natural Gas) (604833)",Infrastructure & Highways,Ministry of Petroleum & Natural Gas,604833,Maharashtra,1164.48,1164.48,522.16,44.8,2021-03-01,2027-12-31,2027-12-31,2026-05-01,36,0.0,0
PAIM-619313,Consumption at MR (MinistryofPetroleumNaturalGas) (619313),Infrastructure & Highways,Ministry of Petroleum & Natural Gas,619313,Maharashtra,4076.06,4076.06,3029.51,74.3,2021-03-01,2028-12-31,2027-12-31,2026-05-01,36,0.0,0
PAIM-701343,Srikakulam Angul Gas Pipeline Project (Ministry of Petroleum & Natural Gas) (701343),Infrastructure & Highways,Ministry of Petroleum & Natural Gas,701343,Odisha,604.91,604.91,297.53,49.2,2022-03-01,2027-12-31,2028-12-31,2026-05-01,6,0.0,0
PAIM-400078,New Mundra Panipat Crude Oil Pipeline (Ministry of Petroleum & Natural Gas) (400078),Infrastructure & Highways,Ministry of Petroleum & Natural Gas,400078,Odisha,2123.13,2123.13,460.63,21.7,2021-03-01,2026-12-31,2028-12-31,2026-05-01,24,0.0,0
PAIM-400012,Kandla Gorakhpur LPG Pipeline (Ministry of Petroleum & Natural Gas) (400012),Infrastructure & Highways,Ministry of Petroleum & Natural Gas,400012,Gujarat,874.44,874.44,166.08,19.0,2023-03-01,2028-12-31,2029-12-31,2026-05-01,6,0.0,0
PAIM-10088,(06/2026) 10088 (10088) 8585.71 95.4,Infrastructure & Highways,Ministry of Petroleum & Natural Gas,10088,Gujarat,8585.71,95.4,2402.1,100.0,2024-03-01,2027-12-31,2029-12-31,2026-05-01,12,0.0,0
PAIM-400301,"Multi Product Pipeline from Irugur to Devangonthi (Department of Water Resources, River Development & GR) (400301)",Infrastructure & Highways,Ministry of Petroleum & Natural Gas,400301,Karnataka,984.75,984.75,612.51,62.2,2022-03-01,2026-12-31,2029-12-31,2026-05-01,18,0.0,0
PAIM-701263,Rajasthan Refinery Project (MinistryofPetroleumNaturalGas) (701263),Infrastructure & Highways,Ministry of Petroleum & Natural Gas,701263,Karnataka,3701.69,3701.69,1593.94,43.1,2022-03-01,2028-12-31,2028-12-31,2026-05-01,24,0.0,0
PAIM-79459,(06/2026) 43129 (79459) 69996.68 92.1,Infrastructure & Highways,Ministry of Petroleum & Natural Gas,79459,Rajasthan,69996.68,92.1,32206.94,100.0,2024-03-01,2026-12-31,2028-12-31,2026-05-01,36,0.0,0
PAIM-709759,"Petrochemical evacuation marketing terminal at Barmer, Rajasthan (Hindustan Petroleum Corporation Limited [HPCL]) (70975",Infrastructure & Highways,Ministry of Petroleum & Natural Gas,709759,Rajasthan,1572.46,1572.46,1283.01,81.6,2022-03-01,2026-12-31,2027-12-31,2026-05-01,36,0.0,0
PAIM-400043,Vallur [Chennai] (Ministry of Petroleum & Natural Gas) (400043),Infrastructure & Highways,Ministry of Petroleum & Natural Gas,400043,Tamil Nadu,1784.39,1784.39,1447.92,81.1,2022-03-01,2028-12-31,2027-12-31,2026-05-01,18,0.0,0
PAIM-604852,"Grass-root Terminal at Mirzapur, Uttar Pradesh (Ministry of Petroleum & Natural Gas) (604852)",Infrastructure & Highways,Ministry of Petroleum & Natural Gas,604852,Uttar Pradesh,2367.91,2367.91,1989.67,84.0,2023-03-01,2028-12-31,2027-12-31,2026-05-01,0,0.0,0
PAIM-400120,KG-DWN-98/2 Cluster - II Development Project - NELP Block (Oil and Natural Gas Corporation Limited [ONGC]) (400120),Infrastructure & Highways,Ministry of Petroleum & Natural Gas,400120,Andhra Pradesh,3475.45,3475.45,689.17,19.8,2023-03-01,2026-12-31,2027-12-31,2026-05-01,6,0.0,0
PAIM-34012,(09/2026) 34012 (34012) 33006.7 96.6,Infrastructure & Highways,Ministry of Petroleum & Natural Gas,34012,Andhra Pradesh,33006.7,96.6,4456.42,100.0,2022-03-01,2026-12-31,2028-12-31,2026-05-01,0,0.0,0
PAIM-619226,Provision of four bitumen tanks with capacity of 5 TMT each at Visakh Refinery (Ministry of Petroleum and Natural Gas) (,Infrastructure & Highways,Ministry of Petroleum & Natural Gas,619226,Andhra Pradesh,1951.6,1951.6,528.62,27.1,2023-03-01,2028-12-31,2027-12-31,2026-05-01,6,0.0,0
PAIM-709752,HP-COAT [Crude to Olefins and Aromatics Technology] demo unit at Visakh Refinery (Hindustan Petroleum Corporation Limite,Infrastructure & Highways,Ministry of Petroleum & Natural Gas,709752,Andhra Pradesh,3794.26,3794.26,844.37,22.3,2021-03-01,2026-12-31,2029-12-31,2026-05-01,6,0.0,0
PAIM-10009,(Ministry of Petroleum & Natural Gas) (617836) (-) (10009),Infrastructure & Highways,Ministry of Petroleum & Natural Gas,10009,Assam,2875.65,2875.65,2147.26,74.7,2022-03-01,2026-12-31,2029-12-31,2026-05-01,36,0.0,0
PAIM-617304,"Setting up of LPG Plant with Rail Unloading Facility at Hathua, Dist. Gopalganj, Bihar (MinistryofPetroleumNaturalGas) (",Infrastructure & Highways,Ministry of Petroleum & Natural Gas,617304,Bihar,851.83,851.83,352.35,41.4,2021-03-01,2027-12-31,2028-12-31,2026-05-01,12,0.0,0
PAIM-701324,Barauni Refinery Capacity Expansion from 6.0 to 9.0 MMTPA (Ministry of Petroleum & Natural Gas) (701324),Infrastructure & Highways,Ministry of Petroleum & Natural Gas,701324,Bihar,3532.68,3532.68,1022.96,29.0,2023-03-01,2026-12-31,2028-12-31,2026-05-01,6,0.0,0
PAIM-16724,(08/2026) 14810 (16724) 74888.74 91.4,Infrastructure & Highways,Ministry of Petroleum & Natural Gas,16724,Bihar,74888.74,91.4,43566.55,100.0,2023-03-01,2027-12-31,2028-12-31,2026-05-01,24,0.0,0
PAIM-709777,Refinery (MinistryofPetroleumNaturalGas) (709777),Infrastructure & Highways,Ministry of Petroleum & Natural Gas,709777,Bihar,696.02,696.02,416.83,59.9,2023-03-01,2026-12-31,2027-12-31,2026-05-01,18,0.0,0
PAIM-709792,Sheohar districts (Bharat Petroleum Corporation Limited [BPCL]) (709792),Infrastructure & Highways,Ministry of Petroleum & Natural Gas,709792,Bihar,1821.88,1821.88,929.16,51.0,2024-03-01,2026-12-31,2029-12-31,2026-05-01,36,0.0,0
PAIM-709793,Champaran and Deoria districts (Bharat Petroleum Corporation Limited [BPCL]) (709793),Infrastructure & Highways,Ministry of Petroleum & Natural Gas,709793,Bihar,1652.96,1652.96,811.35,49.1,2023-03-01,2028-12-31,2027-12-31,2026-05-01,18,0.0,0
PAIM-617819,Bijapur & Dantewada GA (Ministry of Petroleum & Natural Gas) (617819),Infrastructure & Highways,Ministry of Petroleum & Natural Gas,617819,Multi-State,638.23,638.23,116.67,18.3,2022-03-01,2028-12-31,2029-12-31,2026-05-01,18,0.0,0
PAIM-400087,Redevelopment of Sobhasan Complex (Oil and Natural Gas Corporation Limited [ONGC]) (400087),Infrastructure & Highways,Ministry of Petroleum & Natural Gas,400087,Gujarat,2777.66,2777.66,1066.32,38.4,2021-03-01,2028-12-31,2027-12-31,2026-05-01,0,0.0,0
PAIM-400167,Redevelopment of Santhal Field [Onshore-Mehsana Asset] (Oil and Natural Gas Corporation Limited [ONGC]) (400167),Infrastructure & Highways,Ministry of Petroleum & Natural Gas,400167,Gujarat,460.06,460.06,52.87,11.5,2022-03-01,2028-12-31,2028-12-31,2026-05-01,6,0.0,0
PAIM-400169,Redevelopment of Linch Field (Oil and Natural Gas Corporation Limited [ONGC]) (400169),Infrastructure & Highways,Ministry of Petroleum & Natural Gas,400169,Gujarat,3807.98,3807.98,426.75,11.2,2022-03-01,2027-12-31,2027-12-31,2026-05-01,18,0.0,0
PAIM-701329,Petrochemical and Lube Integration Project at Gujarat Refinery (Ministry of Petroleum & Natural Gas) (701329),Infrastructure & Highways,Ministry of Petroleum & Natural Gas,701329,Gujarat,3173.16,3173.16,2117.83,66.7,2023-03-01,2026-12-31,2029-12-31,2026-05-01,36,0.0,0
PAIM-17825,(11/2026) 18936 (17825) 75091.61 88.8,Infrastructure & Highways,Ministry of Petroleum & Natural Gas,17825,Gujarat,75091.61,88.8,54193.75,100.0,2023-03-01,2027-12-31,2028-12-31,2026-05-01,24,0.0,0
PAIM-709778,Installation of new Biturox Unit along with allied facilities at Gujarat Refinery (MinistryofPetroleumNaturalGas) (70977,Infrastructure & Highways,Ministry of Petroleum & Natural Gas,709778,Gujarat,1906.17,1906.17,925.42,48.5,2022-03-01,2028-12-31,2027-12-31,2026-05-01,18,0.0,0
PAIM-709838,Commercial Polymer Flooding Project in Bechraji field (Oil and Natural Gas Corporation Limited [ONGC]) (709838),Infrastructure & Highways,Ministry of Petroleum & Natural Gas,709838,Gujarat,4111.12,4111.12,1031.31,25.1,2023-03-01,2027-12-31,2028-12-31,2026-05-01,24,0.0,0
PAIM-709840,"Restoration of Gas Terminal, Phase-I [Part-A], Hazira (Oil and Natural Gas Corporation Limited [ONGC]) (709840)",Infrastructure & Highways,Ministry of Petroleum & Natural Gas,709840,Gujarat,616.28,616.28,472.92,76.7,2023-03-01,2026-12-31,2027-12-31,2026-05-01,6,0.0,0
PAIM-709841,Old Pipe Line Replacement [OPRP] Group-A (Oil and Natural Gas Corporation Limited [ONGC]) (709841),Infrastructure & Highways,Ministry of Petroleum & Natural Gas,709841,Gujarat,2847.48,2847.48,292.22,10.3,2021-03-01,2026-12-31,2028-12-31,2026-05-01,0,0.0,0
PAIM-709842,"Kalol Redevelopment Project, Ahmedabad Asset (Oil and Natural Gas Corporation Limited [ONGC]) (709842)",Infrastructure & Highways,Ministry of Petroleum & Natural Gas,709842,Gujarat,2890.85,2890.85,513.25,17.8,2021-03-01,2028-12-31,2029-12-31,2026-05-01,24,0.0,0
PAIM-709845,"Revamping of SV Stations, Gas Terminal & Kribhco Terminal (Oil and Natural Gas Corporation Limited [ONGC]) (709845)",Infrastructure & Highways,Ministry of Petroleum & Natural Gas,709845,Gujarat,2800.46,2800.46,1965.63,70.2,2024-03-01,2026-12-31,2029-12-31,2026-05-01,24,0.0,0
PAIM-604853,Faridabad (Ministry of Petroleum & Natural Gas) (604853),Infrastructure & Highways,Ministry of Petroleum & Natural Gas,604853,Gujarat,2324.96,2324.96,983.12,42.3,2022-03-01,2028-12-31,2027-12-31,2026-05-01,6,0.0,0
PAIM-611917,Poly Butadiene Rubber plant at Panipat (Indian Oil Corporation Limited [IOCL]) (611917),Infrastructure & Highways,Ministry of Petroleum & Natural Gas,611917,Haryana,713.31,713.31,291.74,40.9,2021-03-01,2028-12-31,2029-12-31,2026-05-01,12,0.0,0
PAIM-619196,from Crude oil to Product (IOCL) (619196),Infrastructure & Highways,Ministry of Petroleum & Natural Gas,619196,Haryana,2218.83,2218.83,1122.63,50.6,2024-03-01,2026-12-31,2029-12-31,2026-05-01,36,0.0,0
PAIM-701289,Capacity Expansion of Panipat Refinery from 15 to 25 MMTPA (Ministry of Petroleum & Natural Gas) (701289),Infrastructure & Highways,Ministry of Petroleum & Natural Gas,701289,Haryana,2684.61,2684.61,1308.81,48.8,2022-03-01,2026-12-31,2027-12-31,2026-05-01,6,0.0,0
PAIM-36225,(12/2026) 34627 (36225) 27014.44 93.6,Infrastructure & Highways,Ministry of Petroleum & Natural Gas,36225,Haryana,27014.44,93.6,15953.55,100.0,2022-03-01,2026-12-31,2028-12-31,2026-05-01,6,0.0,0
PAIM-709783,and Petrochemical Complex. (MinistryofPetroleumNaturalGas) (709783),Infrastructure & Highways,Ministry of Petroleum & Natural Gas,709783,Haryana,3436.09,3436.09,2271.53,66.1,2021-03-01,2027-12-31,2029-12-31,2026-05-01,18,0.0,0
PAIM-709773,Districts (MinistryofPetroleumNaturalGas) (709773),Infrastructure & Highways,Ministry of Petroleum & Natural Gas,709773,Haryana,3519.28,3519.28,2801.31,79.6,2022-03-01,2026-12-31,2029-12-31,2026-05-01,18,0.0,0
PAIM-610984,Development of Jharia CBM Block [Phase-1] (Oil and Natural Gas Corporation Limited [ONGC]) (610984),Infrastructure & Highways,Ministry of Petroleum & Natural Gas,610984,Multi-State,2206.56,2206.56,1146.31,52.0,2024-03-01,2028-12-31,2028-12-31,2026-05-01,24,0.0,0
PAIM-709785,Laying of Natural Gas Pipeline from Hazaribagh to Ranchi [HRPL] (MinistryofPetroleumNaturalGas) (709785),Infrastructure & Highways,Ministry of Petroleum & Natural Gas,709785,Multi-State,1345.74,1345.74,1089.6,81.0,2022-03-01,2027-12-31,2027-12-31,2026-05-01,18,0.0,0
PAIM-612790,Power System Upgradation Project (Mangalore Refinary and Petrochemicals Limited) (612790),Infrastructure & Highways,Ministry of Petroleum & Natural Gas,612790,Karnataka,2612.8,2612.8,1577.4,60.4,2023-03-01,2028-12-31,2028-12-31,2026-05-01,36,0.0,0
PAIM-616879,Demo Bio-ATF Project (Ministry of Petroleum & Natural Gas) (616879),Infrastructure & Highways,Ministry of Petroleum & Natural Gas,616879,Karnataka,4019.64,4019.64,1195.25,29.7,2022-03-01,2028-12-31,2029-12-31,2026-05-01,24,0.0,0
PAIM-709774,Revamping/ Augmentation of facilities at existing port terminal at Mangalore (Ministry of Petroleum & Natural Gas) (7097,Infrastructure & Highways,Ministry of Petroleum & Natural Gas,709774,Karnataka,3528.97,3528.97,1298.67,36.8,2024-03-01,2028-12-31,2028-12-31,2026-05-01,36,0.0,0
PAIM-617838,Palakkad TOP (Ministry of Petroleum & Natural Gas) (617838),Infrastructure & Highways,Ministry of Petroleum & Natural Gas,617838,Multi-State,2923.98,2923.98,460.51,15.7,2023-03-01,2028-12-31,2027-12-31,2026-05-01,36,0.0,0
PAIM-10010,(Ministry of Petroleum & Natural Gas) (617838) (-) (10010),Infrastructure & Highways,Ministry of Petroleum & Natural Gas,10010,Multi-State,625.97,625.97,296.08,47.3,2024-03-01,2028-12-31,2027-12-31,2026-05-01,0,0.0,0
PAIM-709799,Setting up Polypropylene Unit at Kochi Refinery (MinistryofPetroleumNaturalGas) (709799),Infrastructure & Highways,Ministry of Petroleum & Natural Gas,709799,Madhya Pradesh,1978.88,1978.88,343.92,17.4,2022-03-01,2028-12-31,2027-12-31,2026-05-01,36,0.0,0
PAIM-617830,C2/C3 Vijaipur Pata Pipeline (Ministry of Petroleum & Natural Gas) (617830),Infrastructure & Highways,Ministry of Petroleum & Natural Gas,617830,Madhya Pradesh,2717.53,2717.53,2094.58,77.1,2023-03-01,2028-12-31,2027-12-31,2026-05-01,36,0.0,0
PAIM-10000,(Ministry of Petroleum & Natural Gas) (617830) (-) (10000),Infrastructure & Highways,Ministry of Petroleum & Natural Gas,10000,Madhya Pradesh,361.24,361.24,226.15,62.6,2024-03-01,2028-12-31,2027-12-31,2026-05-01,12,0.0,0
PAIM-709798,and expansion of Refinery (MinistryofPetroleumNaturalGas) (709798),Infrastructure & Highways,Ministry of Petroleum & Natural Gas,709798,Madhya Pradesh,1092.25,1092.25,856.15,78.4,2022-03-01,2027-12-31,2029-12-31,2026-05-01,0,0.0,0
PAIM-11306,(MinistryofPetroleumNaturalGas) (709798) (N16000518) (11306),Infrastructure & Highways,Ministry of Petroleum & Natural Gas,N16000518,Madhya Pradesh,840.83,840.83,112.07,13.3,2022-03-01,2027-12-31,2029-12-31,2026-05-01,6,0.0,0
PAIM-43367,(05/2028) 43367 (43367) 5115.7 27.9,Infrastructure & Highways,Ministry of Petroleum & Natural Gas,43367,Maharashtra,5115.7,27.9,4042.54,100.0,2021-03-01,2028-12-31,2027-12-31,2026-05-01,36,0.0,0
PAIM-400168,"500 KTA PDHPP Project, Usar (Ministry of Petroleum & Natural Gas) (400168)",Infrastructure & Highways,Ministry of Petroleum & Natural Gas,400168,Maharashtra,2993.18,2993.18,2050.32,68.5,2022-03-01,2026-12-31,2028-12-31,2026-05-01,0,0.0,0
PAIM-11256,(06/2027) 8797 (11256) 8113.66 91.1,Infrastructure & Highways,Ministry of Petroleum & Natural Gas,11256,Maharashtra,8113.66,91.1,1688.38,100.0,2021-03-01,2026-12-31,2029-12-31,2026-05-01,6,0.0,0
PAIM-616933,Lube Modernization & Bottom Upgradation Project at Mumbai Refinery (Ministry of Petroleum and Natural Gas) (616933),Infrastructure & Highways,Ministry of Petroleum & Natural Gas,616933,Maharashtra,1994.16,1994.16,1290.36,64.7,2024-03-01,2027-12-31,2029-12-31,2026-05-01,18,0.0,0
PAIM-619223,Mumbai Refinery (Ministry of Petroleum & Natural Gas) (619223),Infrastructure & Highways,Ministry of Petroleum & Natural Gas,619223,Maharashtra,2083.54,2083.54,1336.92,64.2,2024-03-01,2028-12-31,2029-12-31,2026-05-01,24,0.0,0
PAIM-11911,(Ministry of Petroleum & Natural Gas) (619223) (-) (11911),Infrastructure & Highways,Ministry of Petroleum & Natural Gas,11911,Maharashtra,3248.78,3248.78,2179.1,67.1,2021-03-01,2027-12-31,2027-12-31,2026-05-01,24,0.0,0
PAIM-13626,(09/2029) 13626 (13626) 63.9 5.3,Infrastructure & Highways,Ministry of Petroleum & Natural Gas,13626,Maharashtra,63.9,5.3,8.23,100.0,2021-03-01,2028-12-31,2029-12-31,2026-05-01,12,0.0,0
PAIM-619224,Augmentation of DUPL-DPPL Pipeline (Ministry of Petroleum & Natural Gas) (619224),Infrastructure & Highways,Ministry of Petroleum & Natural Gas,619224,Maharashtra,2658.47,2658.47,1288.52,48.5,2023-03-01,2026-12-31,2029-12-31,2026-05-01,18,0.0,0
PAIM-11913,(Ministry of Petroleum & Natural Gas) (619224) (-) (11913),Infrastructure & Highways,Ministry of Petroleum & Natural Gas,11913,Maharashtra,1672.91,1672.91,358.94,21.5,2024-03-01,2026-12-31,2027-12-31,2026-05-01,6,0.0,0
PAIM-619225,Installation of Compression facility at GAIL Usar (Ministry of Petroleum & Natural Gas) (619225),Infrastructure & Highways,Ministry of Petroleum & Natural Gas,619225,Maharashtra,345.94,345.94,42.76,12.4,2021-03-01,2028-12-31,2027-12-31,2026-05-01,18,0.0,0
PAIM-12528,(Ministry of Petroleum & Natural Gas) (619328) (-) (12528),Infrastructure & Highways,Ministry of Petroleum & Natural Gas,12528,Maharashtra,3347.26,3347.26,909.44,27.2,2022-03-01,2028-12-31,2027-12-31,2026-05-01,36,0.0,0
PAIM-709760,HP TDAE Unit in Mumbai Refinery (Hindustan Petroleum Corporation Limited) (709760),Infrastructure & Highways,Ministry of Petroleum & Natural Gas,709760,Maharashtra,1729.97,1729.97,896.38,51.8,2023-03-01,2028-12-31,2029-12-31,2026-05-01,12,0.0,0
PAIM-709771,"City Gas Distribution Project at Beed, Jalgaon and Jalna Districts (MinistryofPetroleumNaturalGas) (709771)",Infrastructure & Highways,Ministry of Petroleum & Natural Gas,709771,Maharashtra,2128.17,2128.17,675.45,31.7,2022-03-01,2028-12-31,2028-12-31,2026-05-01,6,0.0,0
PAIM-709780,Construction of Additional Tankages and Allied Facilities at JNPT Terminal (MinistryofPetroleumNaturalGas) (709780),Infrastructure & Highways,Ministry of Petroleum & Natural Gas,709780,Maharashtra,3835.07,3835.07,1238.87,32.3,2024-03-01,2026-12-31,2027-12-31,2026-05-01,24,0.0,0
PAIM-709782,ATF Pipeline from Jawaharlal Nehru Port Trust to Navi Mumbai International Airport (Indian Oil Corporation Limited [IOCL,Infrastructure & Highways,Ministry of Petroleum & Natural Gas,709782,Maharashtra,4005.72,4005.72,3107.01,77.6,2023-03-01,2027-12-31,2029-12-31,2026-05-01,0,0.0,0
PAIM-709797,POL & LOBS Installations with Receipt Pipelines at Rasayani (Bharat Petroleum Corporation Limited [BPCL]) (709797),Infrastructure & Highways,Ministry of Petroleum and Natural Gas,709797,Maharashtra,3812.75,3812.75,2216.04,58.1,2021-03-01,2028-12-31,2028-12-31,2026-05-01,18,0.0,0
PAIM-616254,Visakh Raipur Pipeline Project (Ministry of Petroleum and Natural Gas) (616254),Infrastructure & Highways,Ministry of Petroleum and Natural Gas,616254,Maharashtra,3603.17,3603.17,1259.36,35.0,2023-03-01,2027-12-31,2027-12-31,2026-05-01,18,0.0,0
PAIM-10800,(Ministry of Petroleum & Natural Gas) (617827) (-) (10800),Infrastructure & Highways,Ministry of Petroleum and Natural Gas,10800,West Bengal,2925.48,2925.48,1985.72,67.9,2022-03-01,2026-12-31,2027-12-31,2026-05-01,24,0.0,0
PAIM-701330,Mehsana-Bhatinda & Bhatinda-Jammu Natural Gas Pipeline (Ministry of Petroleum & Natural Gas) (701330),Infrastructure & Highways,Ministry of Petroleum and Natural Gas,701330,Gujarat,3986.04,3986.04,1741.6,43.7,2021-03-01,2026-12-31,2027-12-31,2026-05-01,6,0.0,0
PAIM-612853,Gurdaspur Jammu Pipeline (Gas Authority of India Limited [GAIL]) (612853),Infrastructure & Highways,Ministry of Petroleum and Natural Gas,612853,Gujarat,2207.65,2207.65,1135.47,51.4,2023-03-01,2027-12-31,2029-12-31,2026-05-01,12,0.0,0
PAIM-701228,Kochi - Koottanad - Bangalore - Mangalore Pipeline Phase-II (Ministry of Petroleum & Natural Gas) (701228),Infrastructure & Highways,Ministry of Petroleum and Natural Gas,701228,Maharashtra,3339.09,3339.09,543.79,16.3,2021-03-01,2028-12-31,2027-12-31,2026-05-01,0,0.0,0
PAIM-701338,City Gas Distribution Maharashtra Natural Gas Limited (Ministry of Petroleum & Natural Gas) (701338),Infrastructure & Highways,Ministry of Petroleum and Natural Gas,701338,Maharashtra,3022.63,3022.63,2533.66,83.8,2022-03-01,2028-12-31,2028-12-31,2026-05-01,24,0.0,0
PAIM-701344,Dhamra Haldia Pipeline Project (Ministry of Petroleum & Natural Gas) (701344),Infrastructure & Highways,Ministry of Petroleum and Natural Gas,701344,Maharashtra,1757.66,1757.66,1432.35,81.5,2022-03-01,2027-12-31,2028-12-31,2026-05-01,18,0.0,0
PAIM-709794,and Hanumangarh districts (Bharat Petroleum Corporation Limited [BPCL]) (709794),Infrastructure & Highways,Ministry of Petroleum and Natural Gas,709794,Rajasthan,3400.02,3400.02,2490.33,73.2,2021-03-01,2026-12-31,2029-12-31,2026-05-01,0,0.0,0
PAIM-604859,Refinery (Ministry of Petroleum & Natural Gas) (604859),Infrastructure & Highways,Ministry of Petroleum and Natural Gas,604859,Odisha,927.13,927.13,299.35,32.3,2021-03-01,2027-12-31,2028-12-31,2026-05-01,0,0.0,0
PAIM-11783,(08/2026) 13805 (11783) 70637.31 94.3,Infrastructure & Highways,Ministry of Petroleum and Natural Gas,11783,Odisha,70637.31,94.3,15871.47,100.0,2024-03-01,2028-12-31,2027-12-31,2026-05-01,0,0.0,0
PAIM-617818,"City Gas Distribution [CGD] Project in Gajapati, Kandhamal, Boudh, & Sonepur GA (Ministry of Petroleum & Natural Gas) (6",Infrastructure & Highways,Ministry of Petroleum and Natural Gas,617818,Odisha,3350.72,3350.72,2397.95,71.6,2024-03-01,2026-12-31,2028-12-31,2026-05-01,36,0.0,0
PAIM-709800,"CUF POL Depot at Sadashibpur [Meramundali], Odisha (MinistryofPetroleumNaturalGas) (709800)",Infrastructure & Highways,Ministry of Petroleum and Natural Gas,709800,Odisha,928.4,928.4,197.45,21.3,2023-03-01,2026-12-31,2028-12-31,2026-05-01,0,0.0,0
PAIM-400119,Life Extension of 48 well platforms of Mumbai High & Heera Fields (Oil and Natural Gas Corporation Limited [ONGC]) (4001,Infrastructure & Highways,Ministry of Petroleum and Natural Gas,400119,Odisha,3771.65,3771.65,2739.36,72.6,2024-03-01,2028-12-31,2028-12-31,2026-05-01,6,0.0,0
PAIM-616950,PRP-VIII [Group-A] (Ministry of Petroleum & Natural Gas) (616950),Infrastructure & Highways,Ministry of Petroleum and Natural Gas,616950,Multi-State,3097.08,3097.08,1369.82,44.2,2024-03-01,2027-12-31,2027-12-31,2026-05-01,0,0.0,0
PAIM-619314,Pipeline Replacement Project- PRP-IX (Ministry of Petroleum & Natural Gas) (619314),Infrastructure & Highways,Ministry of Petroleum and Natural Gas,619314,Multi-State,3620.98,3620.98,1903.04,52.6,2022-03-01,2027-12-31,2028-12-31,2026-05-01,0,0.0,0
PAIM-12147,(Ministry of Petroleum & Natural Gas) (619314) (-) (12147),Infrastructure & Highways,Ministry of Petroleum and Natural Gas,12147,Multi-State,3103.08,3103.08,2287.5,73.7,2021-03-01,2026-12-31,2029-12-31,2026-05-01,12,0.0,0
PAIM-709839,Daman Upside Development Project (Oil and Natural Gas Corporation Limited [ONGC]) (709839),Infrastructure & Highways,Ministry of Petroleum and Natural Gas,709839,Multi-State,3997.02,3997.02,436.4,10.9,2024-03-01,2026-12-31,2027-12-31,2026-05-01,12,0.0,0
PAIM-709848,MHN TCPP PGC BGC Project [MTPBP] (Ministry of Petroleum & Natural Gas) (709848),Infrastructure & Highways,Ministry of Petroleum and Natural Gas,709848,Multi-State,2454.98,2454.98,648.07,26.4,2021-03-01,2026-12-31,2028-12-31,2026-05-01,12,0.0,0
PAIM-709849,PRP-VIII Group B [NH & BS Asset] (Ministry of Petroleum & Natural Gas) (709849),Infrastructure & Highways,Ministry of Petroleum and Natural Gas,709849,Multi-State,3808.31,3808.31,2986.54,78.4,2022-03-01,2026-12-31,2027-12-31,2026-05-01,0,0.0,0
PAIM-709851,Integrated Development of 4 Contract Areas under DSF-II (Ministry of Petroleum & Natural Gas) (709851),Infrastructure & Highways,Ministry of Petroleum and Natural Gas,709851,Multi-State,4192.45,4192.45,631.14,15.1,2021-03-01,2026-12-31,2028-12-31,2026-05-01,6,0.0,0
PAIM-400171,2G Ethanol Biorefinery at Bathinda (Hindustan Petroleum Corporation Limited [HPCL]) (400171),Infrastructure & Highways,Ministry of Petroleum & Natural Gas,400171,Punjab,2653.67,2653.67,1637.08,61.7,2024-03-01,2028-12-31,2028-12-31,2026-05-01,0,0.0,0
PAIM-709770,City Gas Distribution Project at Pathankot District (MinistryofPetroleumNaturalGas) (709770),Infrastructure & Highways,Ministry of Petroleum & Natural Gas,709770,Tamil Nadu,517.66,517.66,392.72,75.9,2023-03-01,2027-12-31,2029-12-31,2026-05-01,6,0.0,0
PAIM-604795,CBR 9 MMTPA Project (Chennai Petroleum Corporation Limited [CPCL]) (604795),Infrastructure & Highways,Ministry of Petroleum & Natural Gas,604795,Tamil Nadu,2186.12,2186.12,403.88,18.5,2022-03-01,2026-12-31,2028-12-31,2026-05-01,12,0.0,0
PAIM-36354,(10/2028) 31580 (36354) 1579.73 10.2,Infrastructure & Highways,Ministry of Petroleum & Natural Gas,36354,Tamil Nadu,1579.73,10.2,587.05,100.0,2021-03-01,2028-12-31,2029-12-31,2026-05-01,12,0.0,0
PAIM-709750,between CPCL Manali Refinery and CPCL Desalination plant at Ennore (Chennai Petroleum Corporation Limited [CPCL]) (70975,Infrastructure & Highways,Ministry of Petroleum & Natural Gas,709750,Tamil Nadu,4432.68,4432.68,675.51,15.2,2021-03-01,2028-12-31,2027-12-31,2026-05-01,6,0.0,0
PAIM-709796,City Gas Distribution Projects at the Nilgiris and Erode districts (Bharat Petroleum Corporation Limited [BPCL]) (709796,Infrastructure & Highways,Ministry of Petroleum & Natural Gas,709796,Tamil Nadu,1029.56,1029.56,142.85,13.9,2024-03-01,2027-12-31,2027-12-31,2026-05-01,0,0.0,0
PAIM-617822,airport (MinistryofPetroleumNaturalGas) (617822),Infrastructure & Highways,Ministry of Petroleum & Natural Gas,617822,Tamil Nadu,935.06,935.06,497.51,53.2,2021-03-01,2026-12-31,2028-12-31,2026-05-01,12,0.0,0
PAIM-619191,Kanpur LPG Bottling Plant (MinistryofPetroleumNaturalGas) (619191),Infrastructure & Highways,Ministry of Petroleum & Natural Gas,619191,Uttar Pradesh,3214.26,3214.26,2542.09,79.1,2024-03-01,2028-12-31,2027-12-31,2026-05-01,24,0.0,0
PAIM-619312,Bulk Loading Hub- Kanpur (MinistryofPetroleumNaturalGas) (619312),Infrastructure & Highways,Ministry of Petroleum & Natural Gas,619312,Uttar Pradesh,1531.19,1531.19,1041.46,68.0,2023-03-01,2027-12-31,2029-12-31,2026-05-01,6,0.0,0
PAIM-709781,Revamping / Augmentation of Facilities at Mathura Bitumen Plant (MinistryofPetroleumNaturalGas) (709781),Infrastructure & Highways,Ministry of Petroleum & Natural Gas,709781,Uttar Pradesh,2474.85,2474.85,1287.64,52.0,2022-03-01,2027-12-31,2027-12-31,2026-05-01,12,0.0,0
PAIM-709795,"Shravasti,Balrampur, Siddharth Nagar & Maharajganj districts (Bharat Petroleum Corporation Limited [BPCL]) (709795)",Infrastructure & Highways,Ministry of Petroleum & Natural Gas,709795,Uttar Pradesh,547.71,547.71,272.68,49.8,2021-03-01,2026-12-31,2028-12-31,2026-05-01,24,0.0,0
PAIM-16654,(06/2030) 16654 (16654) 723.54 18.4,Infrastructure & Highways,Ministry of Petroleum & Natural Gas,16654,Uttar Pradesh,723.54,18.4,100.46,100.0,2022-03-01,2026-12-31,2028-12-31,2026-05-01,18,0.0,0
PAIM-617302,Durgapur - Haldia Pipeline [Section-3B of JHBDPL Project] (Ministry of Petroleum & Natural Gas) (617302),Infrastructure & Highways,Ministry of Petroleum & Natural Gas,617302,Uttar Pradesh,2850.47,2850.47,1269.61,44.5,2022-03-01,2028-12-31,2029-12-31,2026-05-01,36,0.0,0
PAIM-617828,Siliguri-Jhapa Pipeline Project (Indian Oil Corporation Limited [IOCL]) (617828),Infrastructure & Highways,Ministry of Petroleum & Natural Gas,617828,West Bengal,3729.51,3729.51,1212.08,32.5,2023-03-01,2027-12-31,2027-12-31,2026-05-01,6,0.0,0
PAIM-617837,Siliguri Marketing Terminal [SMT] Capacity Augmentation Project (Ministry of Petroleum & Natural Gas) (617837),Infrastructure & Highways,Ministry of Petroleum & Natural Gas,617837,West Bengal,1071.68,1071.68,473.74,44.2,2022-03-01,2028-12-31,2028-12-31,2026-05-01,36,0.0,0
PAIM-709753,Haldia Panagarh Pipeline Project (Hindustan Petroleum Corporation Limited) (709753),Infrastructure & Highways,Ministry of Petroleum & Natural Gas,709753,West Bengal,3877.88,3877.88,553.09,14.3,2021-03-01,2027-12-31,2027-12-31,2026-05-01,6,0.0,0
PAIM-709772,"City Gas Distribution Project at East Mednipore, West Mednipore & Jhargram Districts (MinistryofPetroleumNaturalGas) (70",Infrastructure & Highways,Ministry of Petroleum & Natural Gas,709772,West Bengal,3293.24,3293.24,2383.2,72.4,2022-03-01,2028-12-31,2027-12-31,2026-05-01,36,0.0,0
PAIM-709791,City Gas Distribution Projects at Alipurduar and Cooch Behar (Bharat Petroleum Corporation Limited [BPCL]) (709791),Infrastructure & Highways,Ministry of Petroleum & Natural Gas,709791,West Bengal,1395.65,1395.65,663.72,47.6,2021-03-01,2027-12-31,2027-12-31,2026-05-01,18,0.0,0
PAIM-701172,AIIMS Darbhanga (PMSSY AND Institute of NATIONAL Importance) (701172),Infrastructure & Highways,Ministry of Petroleum & Natural Gas,701172,Bihar,906.96,906.96,570.55,62.9,2022-03-01,2027-12-31,2027-12-31,2026-05-01,24,0.0,0
PAIM-707020,"Establishment of new GMC Jamui (Medical Education, Ministry of Health and Family Welfare) (707020)",Infrastructure & Highways,Ministry of Health and Family Welfare,707020,Bihar,2178.61,2178.61,1586.68,72.8,2023-03-01,2028-12-31,2027-12-31,2026-05-01,12,0.0,0
PAIM-10127,"(Medical Education, Ministry of Health and Family Welfare) (707020) (-) (10127)",Infrastructure & Highways,Ministry of Health and Family Welfare,10127,Bihar,1248.43,1248.43,380.62,30.5,2023-03-01,2028-12-31,2029-12-31,2026-05-01,6,0.0,0
PAIM-707044,"Establishment of new GMC Korba (Medical Education, Ministry of Health and Family Welfare) (707044)",Infrastructure & Highways,Ministry of Health and Family Welfare,707044,Bihar,507.11,507.11,133.29,26.3,2021-03-01,2028-12-31,2027-12-31,2026-05-01,0,0.0,0
PAIM-707045,"Establishment of new GMC Mahasamund (Medical Education, Ministry of Health and Family Welfare) (707045)",Infrastructure & Highways,Ministry of Health and Family Welfare,707045,Multi-State,3155.63,3155.63,1935.69,61.3,2022-03-01,2027-12-31,2028-12-31,2026-05-01,18,0.0,0
PAIM-707046,"Establishment of new GMC Kanker (Medical Education, Ministry of Health and Family Welfare) (707046)",Infrastructure & Highways,Ministry of Health and Family Welfare,707046,Delhi,1872.22,1872.22,1037.35,55.4,2023-03-01,2026-12-31,2028-12-31,2026-05-01,0,0.0,0
PAIM-617882,Delhi (PMSSY AND Institute of NATIONAL Importance) (617882),Infrastructure & Highways,Ministry of Health and Family Welfare,617882,Delhi,3601.8,3601.8,2197.17,61.0,2022-03-01,2026-12-31,2028-12-31,2026-05-01,6,0.0,0
PAIM-617883,"campuses of AIIMS, New Delhi (PMSSY AND Institute of NATIONAL Importance) (617883)",Infrastructure & Highways,Ministry of Health and Family Welfare,617883,Gujarat,3253.83,3253.83,2098.05,64.5,2021-03-01,2028-12-31,2029-12-31,2026-05-01,18,0.0,0
PAIM-10791,(PMSSY AND Institute of NATIONAL Importance) (617883) (-) (10791),Infrastructure & Highways,Ministry of Health and Family Welfare,10791,Gujarat,1725.4,1725.4,181.52,10.5,2024-03-01,2028-12-31,2027-12-31,2026-05-01,0,0.0,0
PAIM-701170,AIIMS Rajkot (PMSSY AND Institute of NATIONAL Importance) (701170),Infrastructure & Highways,Ministry of Health and Family Welfare,701170,Gujarat,1316.83,1316.83,1073.3,81.5,2023-03-01,2026-12-31,2029-12-31,2026-05-01,12,0.0,0
PAIM-707049,"Establishment of new GMC Panchmahal (Medical Education, Ministry of Health and Family Welfare) (707049)",Infrastructure & Highways,Ministry of Health and Family Welfare,707049,Gujarat,2290.02,2290.02,546.3,23.9,2021-03-01,2026-12-31,2028-12-31,2026-05-01,18,0.0,0
PAIM-10708,"(Medical Education, Ministry of Health and Family Welfare) (707049) (-) (10708)",Infrastructure & Highways,Ministry of Health and Family Welfare,10708,Gujarat,3317.23,3317.23,1900.09,57.3,2022-03-01,2027-12-31,2027-12-31,2026-05-01,24,0.0,0
PAIM-707050,"Establishment of new GMC Porbandar (Medical Education, Ministry of Health and Family Welfare) (707050)",Infrastructure & Highways,Ministry of Health and Family Welfare,707050,Gujarat,3212.67,3212.67,681.52,21.2,2021-03-01,2026-12-31,2029-12-31,2026-05-01,36,0.0,0
PAIM-10710,"(Medical Education, Ministry of Health and Family Welfare) (707050) (-) (10710)",Infrastructure & Highways,Ministry of Health and Family Welfare,10710,Gujarat,375.36,375.36,86.43,23.0,2021-03-01,2028-12-31,2028-12-31,2026-05-01,36,0.0,0
PAIM-701173,AIIMS Majra Rewari Haryana (PMSSY AND Institute of NATIONAL Importance) (701173),Infrastructure & Highways,Ministry of Health and Family Welfare,701173,Gujarat,758.42,758.42,584.53,77.1,2022-03-01,2026-12-31,2029-12-31,2026-05-01,12,0.0,0
PAIM-701167,AIIMS Kashmir at Awantipora Jammu & Kashmir (PMSSY AND Institute of NATIONAL Importance) (701167),Infrastructure & Highways,Ministry of Health and Family Welfare,701167,Haryana,2864.39,2864.39,952.29,33.2,2022-03-01,2026-12-31,2028-12-31,2026-05-01,0,0.0,0
PAIM-707021,"Establishment of new GMC Koderma (Medical Education, Ministry of Health and Family Welfare) (707021)",Infrastructure & Highways,Ministry of Health and Family Welfare,707021,Multi-State,2004.34,2004.34,821.83,41.0,2022-03-01,2027-12-31,2027-12-31,2026-05-01,12,0.0,0
PAIM-10126,"(Medical Education, Ministry of Health and Family Welfare) (707021) (-) (10126)",Infrastructure & Highways,Ministry of Health and Family Welfare,10126,Multi-State,3950.03,3950.03,643.96,16.3,2023-03-01,2026-12-31,2028-12-31,2026-05-01,24,0.0,0
PAIM-707022,"Establishment of new GMC Chaibasa [Singhbhum] (Medical Education, Ministry of Health and Family Welfare) (707022)",Infrastructure & Highways,Ministry of Health and Family Welfare,707022,Multi-State,4093.76,4093.76,1030.86,25.2,2021-03-01,2026-12-31,2028-12-31,2026-05-01,36,0.0,0
PAIM-707058,"Establishment of new GMC Rajgarh (Medical Education, Ministry of Health and Family Welfare) (707058)",Infrastructure & Highways,Ministry of Health and Family Welfare,707058,Madhya Pradesh,3443.86,3443.86,1602.14,46.5,2023-03-01,2026-12-31,2027-12-31,2026-05-01,12,0.0,0
PAIM-707059,"Establishment of new GMC Mandla (Medical Education, Ministry of Health and Family Welfare) (707059)",Infrastructure & Highways,Ministry of Health and Family Welfare,707059,Madhya Pradesh,200.38,200.38,59.7,29.8,2021-03-01,2027-12-31,2028-12-31,2026-05-01,6,0.0,0
PAIM-707069,"Establishment of new GMC Kapurthala (Medical Education, Ministry of Health and Family Welfare) (707069)",Infrastructure & Highways,Ministry of Health and Family Welfare,707069,Punjab,3292.65,3292.65,2679.28,81.4,2024-03-01,2027-12-31,2029-12-31,2026-05-01,36,0.0,0
PAIM-11345,"(Medical Education, Ministry of Health and Family Welfare) (707069) (-) (11345)",Infrastructure & Highways,Ministry of Health and Family Welfare,11345,Punjab,2805.52,2805.52,1128.28,40.2,2021-03-01,2027-12-31,2027-12-31,2026-05-01,24,0.0,0
PAIM-707070,"Establishment of new GMC Hoshiarpur (Medical Education, Ministry of Health and Family Welfare) (707070)",Infrastructure & Highways,Ministry of Health and Family Welfare,707070,Punjab,1689.73,1689.73,989.64,58.6,2023-03-01,2028-12-31,2029-12-31,2026-05-01,18,0.0,0
PAIM-11583,"(Medical Education, Ministry of Health and Family Welfare) (707039) (-) (11583)",Infrastructure & Highways,Ministry of Health and Family Welfare,11583,Punjab,1615.38,1615.38,1349.28,83.5,2023-03-01,2028-12-31,2029-12-31,2026-05-01,36,0.0,0
PAIM-701168,ALL India Institute of Medical Sciences-AIIMS  Madurai (PMSSY AND Institute of NATIONAL Importance) (701168),Infrastructure & Highways,Ministry of Health and Family Welfare,701168,Tamil Nadu,3250.27,3250.27,714.58,22.0,2023-03-01,2027-12-31,2029-12-31,2026-05-01,0,0.0,0
PAIM-701171,AIIMS Bibinagar (PMSSY AND Institute of NATIONAL Importance) (701171),Infrastructure & Highways,Ministry of Health and Family Welfare,701171,Tamil Nadu,1102.61,1102.61,803.71,72.9,2021-03-01,2028-12-31,2028-12-31,2026-05-01,36,0.0,0
PAIM-707086,"Establishment of new GMC Rudrapur (Medical Education, Ministry of Health and Family Welfare) (707086)",Infrastructure & Highways,Ministry of Health and Family Welfare,707086,Telangana,231.78,231.78,104.7,45.2,2021-03-01,2026-12-31,2029-12-31,2026-05-01,0,0.0,0
PAIM-707087,"Establishment of new GMC Pithoragarh (Medical Education, Ministry of Health and Family Welfare) (707087)",Infrastructure & Highways,Ministry of Health and Family Welfare,707087,Multi-State,2681.48,2681.48,1682.27,62.7,2023-03-01,2028-12-31,2027-12-31,2026-05-01,6,0.0,0
PAIM-11579,"(Medical Education, Ministry of Health and Family Welfare) (707087) (-) (11579)",Infrastructure & Highways,Ministry of Health and Family Welfare,11579,Multi-State,2163.89,2163.89,1681.64,77.7,2021-03-01,2026-12-31,2028-12-31,2026-05-01,18,0.0,0
PAIM-612167,"Visakhapatnam, Andhra Pradesh (Employee's State Insurance Company [ESIC]) (612167)",Infrastructure & Highways,Ministry of Health and Family Welfare,612167,Andhra Pradesh,763.18,763.18,181.15,23.7,2024-03-01,2027-12-31,2029-12-31,2026-05-01,18,0.0,0
PAIM-612186,350 Bedded [Upgradable to 500 beds] ESI Hospital at Sanand (Employee's State Insurance Company [ESIC]) (612186),Infrastructure & Highways,Ministry of Health and Family Welfare,612186,Gujarat,2989.34,2989.34,319.54,10.7,2023-03-01,2027-12-31,2027-12-31,2026-05-01,6,0.0,0
PAIM-612211,to 150 beds. (Employee's State Insurance Company [ESIC]) (612211),Infrastructure & Highways,Ministry of Health and Family Welfare,612211,Gujarat,453.99,453.99,64.37,14.2,2023-03-01,2028-12-31,2028-12-31,2026-05-01,0,0.0,0
PAIM-612745,"Construction of 200 bed ESI Hospital at Bommasandra, Karnataka (Employee's State Insurance Company [ESIC]) (612745)",Infrastructure & Highways,Ministry of Health and Family Welfare,612745,Gujarat,3856.22,3856.22,761.13,19.7,2024-03-01,2027-12-31,2027-12-31,2026-05-01,0,0.0,0
PAIM-612748,Karnataka (Employee's State Insurance Company [ESIC]) (612748),Infrastructure & Highways,Ministry of Health and Family Welfare,612748,Maharashtra,1549.34,1549.34,368.73,23.8,2021-03-01,2027-12-31,2028-12-31,2026-05-01,6,0.0,0
PAIM-612213,"Construction of 200 Bedded ESIC Hospital at Butibori, Nagpur, Maharashtra. (Employee's State Insurance Company [ESIC]) (",Infrastructure & Highways,Ministry of Health and Family Welfare,612213,Maharashtra,2201.6,2201.6,1164.47,52.9,2022-03-01,2027-12-31,2028-12-31,2026-05-01,36,0.0,0
PAIM-616691,"Housing for ESIC Hospital at Andheri, Mumbai (Employee's State Insurance Company [ESIC]) (616691)",Infrastructure & Highways,Ministry of Health and Family Welfare,616691,Maharashtra,3938.65,3938.65,2924.53,74.3,2023-03-01,2028-12-31,2028-12-31,2026-05-01,36,0.0,0
PAIM-612513,"Construction of 100 Bedded ESI Hospital at Duburi, Odisha. (Employee's State Insurance Company [ESIC]) (612513)",Infrastructure & Highways,Ministry of Health and Family Welfare,612513,Maharashtra,3219.62,3219.62,2020.05,62.7,2024-03-01,2027-12-31,2028-12-31,2026-05-01,24,0.0,0
PAIM-612259,CONSTRUCTION OF 300 BEDDED HOSPITAL AT HARIDWAR (Employee's State Insurance Company [ESIC]) (612259),Infrastructure & Highways,Ministry of Health and Family Welfare,612259,Odisha,1185.27,1185.27,346.13,29.2,2021-03-01,2027-12-31,2027-12-31,2026-05-01,18,0.0,0
PAIM-701565,Jal Marg Vikas Project (Inland Waterways Authority of India [IWAI]) (701565),Infrastructure & Highways,Ministry of Health and Family Welfare,701565,Uttar Pradesh,4128.95,4128.95,1947.19,47.2,2021-03-01,2026-12-31,2028-12-31,2026-05-01,6,0.0,0
PAIM-609424,Under PPP Mode (Deendayal Port Trust) (609424),Infrastructure & Highways,Ministry of Health and Family Welfare,609424,Gujarat,3863.6,3863.6,1265.22,32.7,2024-03-01,2028-12-31,2028-12-31,2026-05-01,24,0.0,0
PAIM-701570,"Replacement and revamping of pipeline projects in oil jetty area, Kandla (Deendayal Port Trust [DPT]) (701570)",Infrastructure & Highways,Ministry of Health and Family Welfare,701570,Gujarat,2682.06,2682.06,1155.99,43.1,2022-03-01,2028-12-31,2027-12-31,2026-05-01,18,0.0,0
PAIM-617804,basis - Phase II (New Mangalore Port Authority) (617804),Infrastructure & Highways,Ministry of Health and Family Welfare,617804,Maharashtra,1303.68,1303.68,505.81,38.8,2021-03-01,2027-12-31,2028-12-31,2026-05-01,24,0.0,0
PAIM-400382,Rewas Port Project (Reliance Industries Ltd) (400382),Infrastructure & Highways,Ministry of Health and Family Welfare,400382,Maharashtra,4146.22,4146.22,1344.22,32.4,2023-03-01,2028-12-31,2027-12-31,2026-05-01,12,0.0,0
PAIM-701574,Western Dock on BOT basis to handle Cape size vessels (Paradip Port Trust [PPT]) (701574),Infrastructure & Highways,Ministry of Health and Family Welfare,701574,Odisha,325.73,325.73,115.78,35.5,2021-03-01,2026-12-31,2027-12-31,2026-05-01,12,0.0,0
PAIM-12116,(Syama Prasad Mookerjee Port Kolkata) (619229) (-) (12116),Infrastructure & Highways,Ministry of Health and Family Welfare,12116,West Bengal,4053.6,4053.6,2506.13,61.8,2021-03-01,2027-12-31,2029-12-31,2026-05-01,0,0.0,0
PAIM-707215,National Maritime Heritage Complex [NMHC] Phase-I (Indian Port Rail & Ropeway Corporation Ltd. [IPRCL]) (707215),Infrastructure & Highways,Ministry of Health and Family Welfare,707215,Gujarat,300.94,300.94,158.83,52.8,2024-03-01,2026-12-31,2028-12-31,2026-05-01,36,0.0,0
PAIM-707410,Infrastructure Development Phase 1 (National Highways & Infrastructure Development Corporation Ltd. [NHIDCL]) (707410),Infrastructure & Highways,Ministry of Health and Family Welfare,707410,Haryana,4139.29,4139.29,1139.31,27.5,2023-03-01,2028-12-31,2028-12-31,2026-05-01,6,0.0,0
PAIM-617727,Orvakal Industrial Area (NICDC) (617727),Infrastructure & Highways,Ministry of Health and Family Welfare,617727,Uttar Pradesh,353.63,353.63,153.08,43.3,2024-03-01,2026-12-31,2029-12-31,2026-05-01,0,0.0,0
PAIM-617729,Kopparthy Industrial Area (NICDC) (617729),Infrastructure & Highways,Ministry of Health and Family Welfare,617729,Andhra Pradesh,2209.11,2209.11,1480.1,67.0,2024-03-01,2026-12-31,2029-12-31,2026-05-01,12,0.0,0
PAIM-701658,Krishnapatnam Node - Phase 1 - Roads and Services Development (National Industrial Corridor Development Corporation) (70,Infrastructure & Highways,Ministry of Health and Family Welfare,701658,Andhra Pradesh,1216.16,1216.16,569.92,46.9,2024-03-01,2028-12-31,2027-12-31,2026-05-01,36,0.0,0
PAIM-701657,Tumakuru Node - Phase 1 - Roads and Services Development (National Highways & Infrastructure Development Corporation Ltd,Infrastructure & Highways,Ministry of Health and Family Welfare,701657,Karnataka,3731.32,3731.32,1732.94,46.4,2023-03-01,2026-12-31,2027-12-31,2026-05-01,36,0.0,0
PAIM-701668,Development of Palakkad Node under extension of CBIC to Kochi (National Industrial Corridor Development Corporation) (70,Infrastructure & Highways,Ministry of Health and Family Welfare,701668,Karnataka,1849.69,1849.69,1274.34,68.9,2021-03-01,2028-12-31,2027-12-31,2026-05-01,12,0.0,0
PAIM-601812,Development of Zaheerabad Node under Hyderabad Nagpur Industrial Corridor (National Industrial Corridor Development Corp,Infrastructure & Highways,Ministry of Health and Family Welfare,601812,Uttar Pradesh,1568.6,1568.6,690.53,44.0,2021-03-01,2027-12-31,2028-12-31,2026-05-01,12,0.0,0
PAIM-707419,IMC at Prayagraj (National Industrial Corridor Development Corporation) (707419),Infrastructure & Highways,Ministry of Health and Family Welfare,707419,Uttar Pradesh,1247.81,1247.81,816.84,65.5,2024-03-01,2027-12-31,2027-12-31,2026-05-01,6,0.0,0
PAIM-615202,Capacity expansion of Deposit-14 and 14 NMZ at Kirandul (National Mineral Development Corporation Limited [NMDC]) (61520,Infrastructure & Highways,Ministry of Steel,615202,Multi-State,4300.09,4300.09,3648.11,84.8,2021-03-01,2027-12-31,2028-12-31,2026-05-01,18,0.0,0
PAIM-617243,Replacement of Hot Leveller No.1 of Plate Mill at Bhilai Steel Plant (Steel Authority of India Limited [SAIL]) (617243),Infrastructure & Highways,Ministry of Steel,617243,Multi-State,3263.9,3263.9,1388.8,42.6,2022-03-01,2026-12-31,2027-12-31,2026-05-01,12,0.0,0
PAIM-617255,Secondary Emission at Bhilai Steel Plant (Steel Authority of India Limited [SAIL]) (617255),Infrastructure & Highways,Ministry of Steel,617255,Multi-State,1872.26,1872.26,907.62,48.5,2022-03-01,2027-12-31,2028-12-31,2026-05-01,12,0.0,0
PAIM-617256,Rebuilding of Coke Oven Battery No.7 & 8 at Bhilai Steel Plant (Steel Authority of India Limited [SAIL]) (617256),Infrastructure & Highways,Ministry of Steel,617256,Multi-State,2750.31,2750.31,1958.62,71.2,2024-03-01,2028-12-31,2029-12-31,2026-05-01,12,0.0,0
PAIM-706811,NMDC Slurry Pipeline Project Phase-1 (National Mineral Development Corporation Limited [NMDC]) (706811),Infrastructure & Highways,Ministry of Steel,706811,Multi-State,483.89,483.89,309.84,64.0,2024-03-01,2026-12-31,2028-12-31,2026-05-01,24,0.0,0
PAIM-709826,SCREENING PLANT-III AT KIRANDUL (National Mineral Development Corporation Limited [NMDC]) (709826),Infrastructure & Highways,Ministry of Steel,709826,Multi-State,4276.35,4276.35,2268.77,53.1,2023-03-01,2027-12-31,2027-12-31,2026-05-01,6,0.0,0
PAIM-400174,"New Sinter Plant at BSL, SAIL (Steel Authority of India Limited [SAIL]) (400174)",Infrastructure & Highways,Ministry of Steel,400174,Multi-State,3202.55,3202.55,1577.07,49.2,2021-03-01,2028-12-31,2028-12-31,2026-05-01,0,0.0,0
PAIM-617249,Replacement of existing Grinders in CRM-I & II at Bokaro Steel Plant (Steel Authority of India Limited [SAIL]) (617249),Infrastructure & Highways,Ministry of Steel,617249,Multi-State,3559.31,3559.31,2824.29,79.3,2024-03-01,2026-12-31,2027-12-31,2026-05-01,36,0.0,0
PAIM-617250,Secondary Emission Control in Converters of SMS-II at Bokaro Steel Plant (Steel Authority of India Limited [SAIL]) (6172,Infrastructure & Highways,Ministry of Steel,617250,Multi-State,3555.86,3555.86,1645.07,46.3,2024-03-01,2028-12-31,2028-12-31,2026-05-01,18,0.0,0
PAIM-617253,Revamping of old sub-systems of Blast Furnace 3 at Bokaro Steel Plant (Steel Authority of India Limited [SAIL]) (617253),Infrastructure & Highways,Ministry of Steel,617253,Multi-State,3365.1,3365.1,562.86,16.7,2021-03-01,2027-12-31,2029-12-31,2026-05-01,24,0.0,0
PAIM-617254,Plant-1 at Bokaro Steel Plant (Steel Authority of India Limited [SAIL]) (617254),Infrastructure & Highways,Ministry of Steel,617254,Multi-State,2315.22,2315.22,1692.68,73.1,2022-03-01,2028-12-31,2029-12-31,2026-05-01,0,0.0,0
PAIM-617257,Rebuilding of Coke Oven Battery No.6 at Bokaro Steel Plant (Steel Authority of India Limited [SAIL]) (617257),Infrastructure & Highways,Ministry of Steel,617257,Multi-State,3118.16,3118.16,1868.66,59.9,2023-03-01,2027-12-31,2028-12-31,2026-05-01,0,0.0,0
PAIM-400121,"Complex of NMDC Limited at Ballari Dt, Karnataka. (National Mineral Development Corporation Limited [NMDC]) (400121)",Infrastructure & Highways,Ministry of Steel,400121,Karnataka,3632.62,3632.62,468.92,12.9,2024-03-01,2027-12-31,2028-12-31,2026-05-01,12,0.0,0
PAIM-612781,Rebuilding of COB 4 at Durgapur Steel Plant (Steel Authority of India Limited [SAIL]) (612781),Infrastructure & Highways,Ministry of Steel,612781,Karnataka,2526.32,2526.32,1580.7,62.6,2023-03-01,2026-12-31,2029-12-31,2026-05-01,36,0.0,0
PAIM-617242,Installation of New Bar Mill at Durgapur Steel Plant (Steel Authority of India Limited [SAIL]) (617242),Infrastructure & Highways,Ministry of Steel,617242,West Bengal,3973.43,3973.43,2302.56,57.9,2023-03-01,2027-12-31,2029-12-31,2026-05-01,36,0.0,0
PAIM-617246,Up-gradation of Blast Furnace No. 3 at Durgapur Steel Plant (Steel Authority of India Limited [SAIL]) (617246),Infrastructure & Highways,Ministry of Steel,617246,West Bengal,1150.65,1150.65,691.45,60.1,2022-03-01,2028-12-31,2029-12-31,2026-05-01,6,0.0,0
PAIM-617248,Third Ladle Furnace in Secondary Refinery Unit at IISCO Steel Plant (Steel Authority of India Limited [SAIL]) (617248),Infrastructure & Highways,Ministry of Steel,617248,West Bengal,3553.16,3553.16,1502.51,42.3,2024-03-01,2028-12-31,2029-12-31,2026-05-01,18,0.0,0
PAIM-617251,Revamping of Air Pollution Control Systems of SP-1 at Durgapur Steel Plant (Steel Authority of India Limited [SAIL]) (61,Infrastructure & Highways,Ministry of Steel,617251,West Bengal,3342.48,3342.48,422.34,12.6,2021-03-01,2026-12-31,2029-12-31,2026-05-01,24,0.0,0
PAIM-617338,Stamp Charge Battery No.12 Battery Proper at IISCO Steel Plant (Steel Authority of India Limited [SAIL]) (617338),Infrastructure & Highways,Ministry of Steel,617338,West Bengal,1630.2,1630.2,881.35,54.1,2022-03-01,2026-12-31,2027-12-31,2026-05-01,18,0.0,0
PAIM-400298,Nadikudi - Srikalahasti New Line (South Central Railway [SCR] - II) (400298),Infrastructure & Highways,Ministry of Steel,400298,Andhra Pradesh,3025.24,3025.24,2077.86,68.7,2022-03-01,2026-12-31,2028-12-31,2026-05-01,24,0.0,0
PAIM-611752,GOOTY-PENDEKALLU DOUBLING  29.225 Km (South Central Railway [SCR] - II) (611752),Infrastructure & Highways,Ministry of Steel,611752,Andhra Pradesh,1107.04,1107.04,579.28,52.3,2023-03-01,2027-12-31,2027-12-31,2026-05-01,0,0.0,0
PAIM-611754,GUNTAKAL WEST-MALLAPPA GATE RAIL OVER RAIL - ROR TRACK (South Central Railway [SCR] - II) (611754),Infrastructure & Highways,Ministry of Steel,611754,Andhra Pradesh,3741.68,3741.68,1781.69,47.6,2021-03-01,2027-12-31,2028-12-31,2026-05-01,6,0.0,0
PAIM-611927,Kurnool - Setting up facilities for coach midlife rehabilitation workshop (WPO/Patna) (611927),Infrastructure & Highways,Ministry of Steel,611927,Andhra Pradesh,4302.46,4302.46,742.7,17.3,2021-03-01,2028-12-31,2028-12-31,2026-05-01,18,0.0,0
PAIM-612827,Simhachalam  7.135 km    PB 73 of 2023  24 NR (East Coast Railway [ECoR] - II) (612827),Infrastructure & Highways,Ministry of Steel,612827,Andhra Pradesh,1528.64,1528.64,301.15,19.7,2021-03-01,2026-12-31,2027-12-31,2026-05-01,6,0.0,0
PAIM-616697,to Gangavaram port (East Coast Railway [ECoR] - II) (616697),Infrastructure & Highways,Ministry of Steel,616697,Andhra Pradesh,315.86,315.86,39.58,12.5,2021-03-01,2026-12-31,2027-12-31,2026-05-01,36,0.0,0
PAIM-617210,Tiupati Katpadi 104.39 kms (South Central Railway [SCR] - II) (617210),Infrastructure & Highways,Ministry of Steel,617210,Andhra Pradesh,277.3,277.3,130.72,47.1,2023-03-01,2027-12-31,2029-12-31,2026-05-01,24,0.0,0
PAIM-617216,3rd Line between Gudur Renigunta 83.17 Km (South Central Railway [SCR] - II) (617216),Infrastructure & Highways,Ministry of Steel,617216,Andhra Pradesh,3727.07,3727.07,601.85,16.1,2024-03-01,2027-12-31,2028-12-31,2026-05-01,6,0.0,0
PAIM-12527,(South Central Railway [SCR] - II) (619326) (-) (12527),Infrastructure & Highways,Ministry of Steel,12527,Andhra Pradesh,3787.25,3787.25,805.68,21.3,2021-03-01,2026-12-31,2029-12-31,2026-05-01,24,0.0,0
PAIM-705253,Kurnool Coach Midlife Rehabilitation Project (South Central Railway [SCR] - II) (705253),Infrastructure & Highways,Ministry of Steel,705253,Andhra Pradesh,976.88,976.88,289.12,29.6,2024-03-01,2028-12-31,2027-12-31,2026-05-01,6,0.0,0
PAIM-705436,Kotapalli - Narasapur New Line (South Central Railway [SCR] - II) (705436),Infrastructure & Highways,Ministry of Steel,705436,Andhra Pradesh,2428.95,2428.95,1436.12,59.1,2022-03-01,2028-12-31,2027-12-31,2026-05-01,0,0.0,0
PAIM-705633,Guntur-Guntakal Doubling Project (South Central Railway [SCR] - II) (705633),Infrastructure & Highways,Ministry of Steel,705633,Andhra Pradesh,3592.01,3592.01,1339.39,37.3,2024-03-01,2026-12-31,2029-12-31,2026-05-01,36,0.0,0
PAIM-705648,Vijaywada-Gudur 3rd Line (RVNL - II) (705648),Infrastructure & Highways,Ministry of Steel,705648,Assam,695.46,695.46,543.24,78.1,2024-03-01,2027-12-31,2029-12-31,2026-05-01,12,0.0,0
PAIM-10768,(Northeast Frontier Railway [NFR]) (618986) (-) (10768),Infrastructure & Highways,Ministry of Steel,10768,Assam,1685.66,1685.66,1196.48,71.0,2023-03-01,2027-12-31,2027-12-31,2026-05-01,24,0.0,0
PAIM-400254,Sakri -Hasanpur [via Harnagar - Kusheshwar Asthan] New Railway line (East Central Railway [ECR] - I) (400254),Infrastructure & Highways,Ministry of Steel,400254,Bihar,1143.94,1143.94,382.2,33.4,2021-03-01,2026-12-31,2028-12-31,2026-05-01,12,0.0,0
PAIM-617231,Construction of Bulb line at Nabinagar  Ankorah of East Central Railway (East Central Railway [ECR] - I) (617231),Infrastructure & Highways,Ministry of Steel,617231,Bihar,1356.52,1356.52,384.02,28.3,2024-03-01,2027-12-31,2027-12-31,2026-05-01,12,0.0,0
PAIM-617239,KM (East Central Railway [ECR] - I) (617239),Infrastructure & Highways,Ministry of Steel,617239,Bihar,2436.57,2436.57,1717.41,70.5,2022-03-01,2027-12-31,2029-12-31,2026-05-01,6,0.0,0
PAIM-705364,Khagaria-Kusheshwar Asthan [42Km] new line project (East Central Railway [ECR] - I) (705364),Infrastructure & Highways,Ministry of Steel,705364,Bihar,1478.99,1478.99,748.21,50.6,2023-03-01,2026-12-31,2028-12-31,2026-05-01,6,0.0,0
PAIM-705366,Hajipur-Sagauli New line (East Central Railway [ECR] - I) (705366),Infrastructure & Highways,Ministry of Steel,705366,Bihar,1483.47,1483.47,402.96,27.2,2023-03-01,2027-12-31,2027-12-31,2026-05-01,12,0.0,0
PAIM-705368,Araria Supaul New BG Line (East Central Railway [ECR] - I) (705368),Infrastructure & Highways,Ministry of Steel,705368,Bihar,2791.32,2791.32,2192.93,78.6,2024-03-01,2026-12-31,2029-12-31,2026-05-01,36,0.0,0
PAIM-705373,"Biharsharif, Biharsharif to Barbigha , Barbigha to Shekhpura (East Central Railway [ECR] - I) (705373)",Infrastructure & Highways,Ministry of Steel,705373,Bihar,2049.52,2049.52,1600.62,78.1,2022-03-01,2026-12-31,2028-12-31,2026-05-01,6,0.0,0
PAIM-705450,Jogbani-Biratnagar New Rail Line project (Indian Railway Construction International Limited [IRCON]) (705450),Infrastructure & Highways,Ministry of Steel,705450,Bihar,4011.03,4011.03,1787.34,44.6,2024-03-01,2027-12-31,2028-12-31,2026-05-01,24,0.0,0
PAIM-705526,Samastipur-Darbhanga Doubling Railway Project (East Central Railway [ECR] - I) (705526),Infrastructure & Highways,Ministry of Steel,705526,Bihar,750.39,750.39,543.33,72.4,2021-03-01,2028-12-31,2027-12-31,2026-05-01,36,0.0,0
PAIM-705527,Sagauli-Valmiknagar (East Central Railway [ECR] - I) (705527),Infrastructure & Highways,Ministry of Steel,705527,Bihar,1340.17,1340.17,601.02,44.8,2022-03-01,2028-12-31,2029-12-31,2026-05-01,6,0.0,0
PAIM-705528,Muzaffarpur-Sugauli (East Central Railway [ECR] - I) (705528),Infrastructure & Highways,Ministry of Steel,705528,Bihar,1525.38,1525.38,1153.37,75.6,2024-03-01,2027-12-31,2028-12-31,2026-05-01,18,0.0,0
PAIM-706759,Rampur Dumra-Tal-Rajendrapul Additional Bridge and Railway Line Doubling (Indian Railway Construction International Limi,Infrastructure & Highways,Ministry of Steel,706759,Bihar,1501.79,1501.79,428.13,28.5,2023-03-01,2026-12-31,2027-12-31,2026-05-01,24,0.0,0
PAIM-706860,Barauni-Bachwara [16 km] - 3rd & 4th line incl. Barauni yard remodelling [32 km] (East Central Railway [ECR] - I) (70686,Infrastructure & Highways,Ministry of Steel,706860,Bihar,3282.61,3282.61,2571.09,78.3,2021-03-01,2026-12-31,2028-12-31,2026-05-01,12,0.0,0
PAIM-900874,JHAJHA - BATIA (East Central Railway [ECR] - I) (900874),Infrastructure & Highways,Ministry of Steel,900874,Bihar,3134.7,3134.7,2164.52,69.1,2021-03-01,2028-12-31,2029-12-31,2026-05-01,0,0.0,0
PAIM-400220,Kharsia-Dharamjaygarh with Spur line [East Corridor-Phase 1] (Indian Railway Construction International Limited [IRCON]),Infrastructure & Highways,Ministry of Steel,400220,Bihar,1446.24,1446.24,1089.32,75.3,2023-03-01,2028-12-31,2027-12-31,2026-05-01,12,0.0,0
PAIM-400291,Doubling of Kirandul-Jagdalpur Line [150 km] (East Coast Railway [ECoR] - II) (400291),Infrastructure & Highways,Ministry of Steel,400291,Multi-State,695.6,695.6,171.48,24.7,2021-03-01,2026-12-31,2027-12-31,2026-05-01,6,0.0,0
PAIM-602792,Kms - 2nd Material Modification to Raipur Titlagarh doubling. (SECR) (602792),Infrastructure & Highways,Ministry of Steel,602792,Multi-State,2543.69,2543.69,1878.66,73.9,2023-03-01,2027-12-31,2027-12-31,2026-05-01,12,0.0,0
PAIM-612815,4th line between Nipania Bhatapara 14.4 Km (South East Central Railway [SECR] - II) (612815),Infrastructure & Highways,Ministry of Steel,612815,Multi-State,3849.54,3849.54,1281.76,33.3,2022-03-01,2028-12-31,2029-12-31,2026-05-01,12,0.0,0
PAIM-617200,KHARSIA- NAYA RAIPUR-PARMALKASA 5th and 6th Line [278KM] (CAO/C/SECR) (617200),Infrastructure & Highways,Ministry of Steel,617200,Multi-State,1471.07,1471.07,1195.07,81.2,2021-03-01,2027-12-31,2027-12-31,2026-05-01,12,0.0,0
PAIM-617374,"Dallirajhara - Rowghat New Rail Line Project, Phase-I (Rail Vikas Nigam Limited) (617374)",Infrastructure & Highways,Ministry of Steel,617374,Multi-State,4138.02,4138.02,3363.93,81.3,2023-03-01,2026-12-31,2028-12-31,2026-05-01,12,0.0,0
PAIM-705433,Dallirajhra- Rowghat New Railway Line - Phase I [95 km] (Rail Vikas Nigam Limited) (705433),Infrastructure & Highways,Ministry of Steel,705433,Multi-State,3218.76,3218.76,2548.58,79.2,2023-03-01,2027-12-31,2028-12-31,2026-05-01,18,0.0,0
PAIM-705444,Gevra Road-Pendra Road New Railway Line [135 km] (Indian Railway Construction International Limited [IRCON]) (705444),Infrastructure & Highways,Ministry of Steel,705444,Multi-State,2728.31,2728.31,933.98,34.2,2023-03-01,2028-12-31,2029-12-31,2026-05-01,6,0.0,0
PAIM-706854,Boridand - Ambikapur Doubling Line Project (South East Central Railway [SECR] - II) (706854),Infrastructure & Highways,Ministry of Steel,706854,Multi-State,2680.08,2680.08,795.26,29.7,2022-03-01,2027-12-31,2029-12-31,2026-05-01,36,0.0,0
PAIM-709815,4TH LINE - BHATAPARA-HATHBAND [8.8 KM] [PB-72/NR/2022-23] (SECR) (709815),Infrastructure & Highways,Ministry of Steel,709815,Multi-State,2134.73,2134.73,563.28,26.4,2022-03-01,2026-12-31,2027-12-31,2026-05-01,6,0.0,0
PAIM-709816,4TH LINE - BHILAI-BHILAI NAGAR [8.8 KM] [PB-72/NR/2022-23] (SECR) (709816),Infrastructure & Highways,Ministry of Steel,709816,Multi-State,2085.52,2085.52,531.0,25.5,2023-03-01,2026-12-31,2027-12-31,2026-05-01,0,0.0,0
PAIM-709817,4TH LINE - DADHAPARA-BELHA [9.2 KM] [PB-72/NR/2022-23] (SECR) (709817),Infrastructure & Highways,Ministry of Steel,709817,Multi-State,1283.77,1283.77,1044.31,81.3,2024-03-01,2028-12-31,2027-12-31,2026-05-01,24,0.0,0
PAIM-709818,4TH LINE RAJNANDGAON-DONGARHGARH [31.2 KM] [PB-72/NR/2022-23] (SECR) (709818),Infrastructure & Highways,Ministry of Steel,709818,Multi-State,4437.27,4437.27,3085.24,69.5,2023-03-01,2028-12-31,2029-12-31,2026-05-01,24,0.0,0
PAIM-709819,3RD AND 4TH LINE - SARAGBUNDIA AND MADWARANI (SECR) (709819),Infrastructure & Highways,Ministry of Railways,709819,Delhi,3597.05,3597.05,1836.98,51.1,2022-03-01,2028-12-31,2029-12-31,2026-05-01,12,0.0,0
PAIM-613785,infrastructure (Rail Land Development Authority) (613785),Infrastructure & Highways,Ministry of Railways,613785,Delhi,1143.84,1143.84,780.01,68.2,2024-03-01,2028-12-31,2028-12-31,2026-05-01,0,0.0,0
PAIM-617379,Development of New Bijwasan Railway Terminal (Northern Railways) (617379),Infrastructure & Highways,Ministry of Railways,617379,Delhi,1470.29,1470.29,259.12,17.6,2024-03-01,2027-12-31,2029-12-31,2026-05-01,18,0.0,0
PAIM-705583,Anand Vihar-Tilak Bridge 3rd & 4th line (CAO/C/NR) (705583),Infrastructure & Highways,Ministry of Railways,705583,Delhi,3165.04,3165.04,397.57,12.6,2022-03-01,2027-12-31,2027-12-31,2026-05-01,24,0.0,0
PAIM-706865,Chandargaon - Cansaulium Rail Flyover Project [16 Km] (South Western Railway [SWR] - II) (706865),Infrastructure & Highways,Ministry of Railways,706865,Gujarat,4171.94,4171.94,1558.58,37.4,2021-03-01,2027-12-31,2029-12-31,2026-05-01,18,0.0,0
PAIM-611918,Kosamba Umarpada 70 Km (PCE/WR) (611918),Infrastructure & Highways,Ministry of Railways,611918,Gujarat,236.23,236.23,43.16,18.3,2023-03-01,2028-12-31,2028-12-31,2026-05-01,12,0.0,0
PAIM-611943,New Broad Gauge line between Naliya to Jakhau Port (Western Railway [WR] - II) (611943),Infrastructure & Highways,Ministry of Railways,611943,Gujarat,1500.84,1500.84,923.62,61.5,2021-03-01,2026-12-31,2029-12-31,2026-05-01,6,0.0,0
PAIM-611945,Petlad Bhadran 23 Kms (Western Railway) (611945),Infrastructure & Highways,Ministry of Railways,611945,Gujarat,1653.67,1653.67,694.57,42.0,2022-03-01,2028-12-31,2029-12-31,2026-05-01,12,0.0,0
PAIM-611970,Samlaya Timba Road 54 km (PCE/WR) (611970),Infrastructure & Highways,Ministry of Railways,611970,Gujarat,837.88,837.88,464.15,55.4,2021-03-01,2027-12-31,2028-12-31,2026-05-01,36,0.0,0
PAIM-611971,Samni Jambusar 24 km (PCE/WR) (611971),Infrastructure & Highways,Ministry of Railways,611971,Gujarat,2449.66,2449.66,1555.46,63.5,2021-03-01,2026-12-31,2029-12-31,2026-05-01,6,0.0,0
PAIM-611974,Western Railway Samakhiali Gandhidham Quadrupiling 53 Kms (Western Railway [WR] - II) (611974),Infrastructure & Highways,Ministry of Railways,611974,Gujarat,1141.28,1141.28,208.77,18.3,2023-03-01,2027-12-31,2029-12-31,2026-05-01,36,0.0,0
PAIM-611977,Manufacturing  at (PCE/WR) (611977),Infrastructure & Highways,Ministry of Railways,611977,Gujarat,2522.08,2522.08,1412.56,56.0,2022-03-01,2026-12-31,2027-12-31,2026-05-01,36,0.0,0
PAIM-611978,Dahod Rolling Stock Workshop Provision of Infrastructure for CBS at (PCE/WR) (611978),Infrastructure & Highways,Ministry of Railways,611978,Gujarat,266.31,266.31,160.26,60.2,2023-03-01,2026-12-31,2028-12-31,2026-05-01,24,0.0,0
PAIM-611979,Sabarmati  Setting up of Maintenance Facilities for Train Sets Phase ii (Western Railway [WR] - II) (611979),Infrastructure & Highways,Ministry of Railways,611979,Gujarat,4383.22,4383.22,1702.72,38.8,2024-03-01,2026-12-31,2029-12-31,2026-05-01,18,0.0,0
PAIM-612072,4th LINE BETWEEN BAREJADI NANDEJ-SANAND-AHMEDABAD BYPASS (Western Railway WR - II) (612072),Infrastructure & Highways,Ministry of Railways,612072,Gujarat,4452.21,4452.21,2782.82,62.5,2022-03-01,2026-12-31,2029-12-31,2026-05-01,6,0.0,0
PAIM-613786,"engineering, procurement and construction mode (Rail Land Development Authority) (613786)",Infrastructure & Highways,Ministry of Railways,613786,Gujarat,2160.63,2160.63,424.34,19.6,2022-03-01,2026-12-31,2028-12-31,2026-05-01,36,0.0,0
PAIM-616983,Kosamba Umarpada GC PROJECT (Ministry of Railways-) (616983),Infrastructure & Highways,Ministry of Railways,616983,Gujarat,469.17,469.17,238.33,50.8,2022-03-01,2028-12-31,2029-12-31,2026-05-01,24,0.0,0
PAIM-617880,Desalpar-Hajipir-Luna and Vayor-Lakhpat New Line (Western Railway [WR] - II) (617880),Infrastructure & Highways,Ministry of Railways,617880,Gujarat,207.11,207.11,26.96,13.0,2023-03-01,2027-12-31,2028-12-31,2026-05-01,12,0.0,0
PAIM-10790,(Western Railway [WR] - II) (617880) (-) (10790),Infrastructure & Highways,Ministry of Railways,10790,Gujarat,3406.45,3406.45,2707.48,79.5,2024-03-01,2028-12-31,2028-12-31,2026-05-01,24,0.0,0
PAIM-618972,Devbhumi Dwarka [Okha] - Kanalus Doubling (Western Railway [WR] - II) (618972),Infrastructure & Highways,Ministry of Railways,618972,Gujarat,433.79,433.79,214.11,49.4,2022-03-01,2026-12-31,2028-12-31,2026-05-01,18,0.0,0
PAIM-10792,(Western Railway [WR] - II) (618972) (-) (10792),Infrastructure & Highways,Ministry of Railways,10792,Gujarat,4179.16,4179.16,3333.3,79.8,2021-03-01,2027-12-31,2029-12-31,2026-05-01,6,0.0,0
PAIM-705458,Miyagam-Karjan-Dabhoi-Samlaya [GC] (Western Railway [WR] - II) (705458),Infrastructure & Highways,Ministry of Railways,705458,Gujarat,3325.5,3325.5,2437.96,73.3,2022-03-01,2027-12-31,2027-12-31,2026-05-01,12,0.0,0
PAIM-706757,Modasa-Shamlaji Road Railway Line Project (Western Railway WR - II) (706757),Infrastructure & Highways,Ministry of Railways,706757,Gujarat,2359.25,2359.25,466.03,19.8,2024-03-01,2028-12-31,2028-12-31,2026-05-01,12,0.0,0
PAIM-706763,Rajkot - Kanalus Doubling Project [111.2 Kms] (Western Railway WR - II) (706763),Infrastructure & Highways,Ministry of Railways,706763,Gujarat,1344.71,1344.71,358.4,26.7,2023-03-01,2026-12-31,2027-12-31,2026-05-01,0,0.0,0
PAIM-709812,NADIAD-PETLAD [37.26 KM] (Railway) (709812),Infrastructure & Highways,Ministry of Railways,709812,Gujarat,4324.82,4324.82,3205.4,74.1,2021-03-01,2026-12-31,2027-12-31,2026-05-01,0,0.0,0
PAIM-709813,BOTAD-AHMEDABAD [16.51 KM] (Western Railway [WR] - II) (709813),Infrastructure & Highways,Ministry of Railways,709813,Gujarat,1068.65,1068.65,411.68,38.5,2022-03-01,2028-12-31,2027-12-31,2026-05-01,12,0.0,0
PAIM-611884,Bhiwani - Dobh Bahali Doubling Project [42.30 Km] (North Western Railway [NWR]) (611884),Infrastructure & Highways,Ministry of Railways,611884,Gujarat,4301.63,4301.63,3642.54,84.7,2024-03-01,2027-12-31,2027-12-31,2026-05-01,6,0.0,0
PAIM-617372,Doubling between Pradhankunta-Patherih-Bhojudih of East Central Railway (East Central Railway [ECR] - I) (617372),Infrastructure & Highways,Ministry of Railways,617372,Haryana,1823.73,1823.73,402.79,22.1,2023-03-01,2026-12-31,2029-12-31,2026-05-01,36,0.0,0
PAIM-617832,Koderma-Arigada Doubling 133.38 Km of East Central Railway (East Central Railway [ECR] - I) (617832),Infrastructure & Highways,Ministry of Railways,617832,Multi-State,3482.4,3482.4,2773.87,79.7,2024-03-01,2027-12-31,2028-12-31,2026-05-01,0,0.0,0
PAIM-10780,(East Central Railway [ECR] - I) (617832) (-) (10780),Infrastructure & Highways,Ministry of Railways,10780,Multi-State,521.92,521.92,100.7,19.3,2021-03-01,2027-12-31,2027-12-31,2026-05-01,0,0.0,0
PAIM-705747,Parasnath-Madhuban-Giridih new line (East Central Railway [ECR] - I) (705747),Infrastructure & Highways,Ministry of Railways,705747,Multi-State,3439.99,3439.99,2545.72,74.0,2023-03-01,2027-12-31,2028-12-31,2026-05-01,18,0.0,0
PAIM-705765,Gomoh - Flyover for DN trains (East Central Railway [ECR] - I) (705765),Infrastructure & Highways,Ministry of Railways,705765,Multi-State,876.62,876.62,195.73,22.3,2023-03-01,2026-12-31,2028-12-31,2026-05-01,36,0.0,0
PAIM-705785,Lodhma - Piska - Link Line bypassing Hatia/Ranchi with Y connection (South Eastern Railway [SER] - I) (705785),Infrastructure & Highways,Ministry of Railways,705785,Multi-State,2067.26,2067.26,639.73,30.9,2024-03-01,2028-12-31,2027-12-31,2026-05-01,12,0.0,0
PAIM-706837,Pradhan Kuntha Jn Line Doubling Project (East Central Railway [ECR] - I) (706837),Infrastructure & Highways,Ministry of Railways,706837,Multi-State,2140.05,2140.05,578.61,27.0,2021-03-01,2026-12-31,2029-12-31,2026-05-01,24,0.0,0
PAIM-400023,Construction of New BG line between Hassan to Belur [27 Km] (South Western Railway [SWR] - II) (400023),Infrastructure & Highways,Ministry of Railways,400023,Karnataka,1329.43,1329.43,512.28,38.5,2021-03-01,2028-12-31,2028-12-31,2026-05-01,0,0.0,0
PAIM-703585,Yeshvanthpur - Channasandra Doubling Project [21.70 Km] (Karnataka Rail Infrastructure Development Company Limited [K-RI,Infrastructure & Highways,Ministry of Railways,703585,Karnataka,3697.7,3697.7,2804.8,75.9,2022-03-01,2028-12-31,2027-12-31,2026-05-01,6,0.0,0
PAIM-705434,New Railway Line between Ginigera and Raichur [165.57 km] (South Western Railway [SWR] - II) (705434),Infrastructure & Highways,Ministry of Railways,705434,Karnataka,1933.78,1933.78,1384.9,71.6,2024-03-01,2027-12-31,2028-12-31,2026-05-01,6,0.0,0
PAIM-705464,[142 Km] (South Western Railway [SWR] - II) (705464),Infrastructure & Highways,Ministry of Railways,705464,Karnataka,2004.52,2004.52,885.19,44.2,2022-03-01,2028-12-31,2028-12-31,2026-05-01,0,0.0,0
PAIM-705490,Gadag-Wadi New Railway Line [257 km] (South Western Railway [SWR] - II) (705490),Infrastructure & Highways,Ministry of Railways,705490,Karnataka,1834.53,1834.53,1374.83,74.9,2023-03-01,2027-12-31,2027-12-31,2026-05-01,12,0.0,0
PAIM-705492,Kadur - Chickamagalur - Sakleshpur [93km] (South Western Railway [SWR] - II) (705492),Infrastructure & Highways,Ministry of Railways,705492,Karnataka,551.65,551.65,368.69,66.8,2021-03-01,2027-12-31,2029-12-31,2026-05-01,0,0.0,0
PAIM-705493,Hubli-Ankola New Line Project [164.44 km] (South Western Railway [SWR] - II) (705493),Infrastructure & Highways,Ministry of Railways,705493,Karnataka,1044.43,1044.43,638.34,61.1,2022-03-01,2027-12-31,2027-12-31,2026-05-01,24,0.0,0
PAIM-705495,Bagalkot-Kudachi New Railway Line [142 km] (South Western Railway [SWR] - II) (705495),Infrastructure & Highways,Ministry of Railways,705495,Karnataka,375.74,375.74,64.19,17.1,2023-03-01,2027-12-31,2029-12-31,2026-05-01,6,0.0,0
PAIM-705496,Tumkur-Chitradurga-Davangere New Rail Line Project [191 km] (South Western Railway [SWR] - II) (705496),Infrastructure & Highways,Ministry of Railways,705496,Karnataka,3233.18,3233.18,585.95,18.1,2023-03-01,2028-12-31,2027-12-31,2026-05-01,0,0.0,0
PAIM-705663,Bangalore-Whitefield-Bangalore City-Krishnarajapuram [23.08 km] - Quadrupling (South Western Railway [SWR] - II) (705663,Infrastructure & Highways,Ministry of Railways,705663,Karnataka,1978.02,1978.02,820.95,41.5,2024-03-01,2026-12-31,2027-12-31,2026-05-01,24,0.0,0
PAIM-705761,SHIMOGA - SHIKARIPURA - RANEBENNUR [96 Km] (South Western Railway [SWR] - II) (705761),Infrastructure & Highways,Ministry of Railways,705761,Karnataka,2551.42,2551.42,1848.16,72.4,2024-03-01,2026-12-31,2027-12-31,2026-05-01,12,0.0,0
PAIM-705762,Construction of New BG line between Hassan [Alur] to Belur [ Km 27.34] (South Western Railway [SWR] - II) (705762),Infrastructure & Highways,Ministry of Railways,705762,Karnataka,2368.62,2368.62,1780.48,75.2,2023-03-01,2026-12-31,2028-12-31,2026-05-01,36,0.0,0
PAIM-705941,Bangalore Suburban Railway Project (Karnataka Rail Infrastructure Development Company Limited [K-RIDE]) (705941),Infrastructure & Highways,Ministry of Railways,705941,Karnataka,286.46,286.46,37.68,13.2,2024-03-01,2027-12-31,2029-12-31,2026-05-01,12,0.0,0
PAIM-15767,(03/2030) 15767 (15767) 3277.99 20.02,Infrastructure & Highways,Ministry of Railways,15767,Karnataka,3277.99,20.02,1289.59,100.0,2022-03-01,2027-12-31,2028-12-31,2026-05-01,0,0.0,0
PAIM-706835,Belgaum-Dharwad via Kittur [73.10Km] (South Western Railway [SWR] - II) (706835),Infrastructure & Highways,Ministry of Railways,706835,Karnataka,1272.08,1272.08,788.34,62.0,2021-03-01,2028-12-31,2028-12-31,2026-05-01,0,0.0,0
PAIM-705638,Kumbalam-Turavur doubling project [15.59 Km] (Ministry of Railways) (705638),Infrastructure & Highways,Ministry of Railways,705638,Karnataka,926.42,926.42,380.58,41.1,2021-03-01,2027-12-31,2027-12-31,2026-05-01,36,0.0,0
PAIM-705639,Ernakulam-Kumbalam doubling project [7.71 Km] (SR-ERS) (705639),Infrastructure & Highways,Ministry of Railways,705639,Multi-State,4371.7,4371.7,1664.34,38.1,2023-03-01,2026-12-31,2028-12-31,2026-05-01,24,0.0,0
PAIM-705480,"Lalitpur-Satna, Rewa-Singrauli & Mahoba-Khajuraho (North Central Railway) (705480)",Infrastructure & Highways,Ministry of Railways,705480,Madhya Pradesh,3572.07,3572.07,1178.03,33.0,2023-03-01,2026-12-31,2029-12-31,2026-05-01,6,0.0,0
PAIM-705659,Satna-Rewa Railway Line Doubling Project (West Central Railway [WCR] - II) (705659),Infrastructure & Highways,Ministry of Railways,705659,Madhya Pradesh,836.42,836.42,238.34,28.5,2024-03-01,2026-12-31,2029-12-31,2026-05-01,36,0.0,0
PAIM-705660,Doubling of Katni - Singrauli Railway Line [261 km] (Indian Railway Construction International Limited [IRCON]) (705660),Infrastructure & Highways,Ministry of Railways,705660,Madhya Pradesh,1357.36,1357.36,138.43,10.2,2023-03-01,2026-12-31,2028-12-31,2026-05-01,36,0.0,0
PAIM-705661,Katni Grade Separator/Bye Pass (Indian Railway Construction International Limited [IRCON]) (705661),Infrastructure & Highways,Ministry of Railways,705661,Madhya Pradesh,4116.88,4116.88,755.92,18.4,2023-03-01,2028-12-31,2029-12-31,2026-05-01,0,0.0,0
PAIM-705763,Indore - Budni New Railway Line [198 kms] (RVNL - II) (705763),Infrastructure & Highways,Ministry of Railways,705763,Madhya Pradesh,2915.87,2915.87,1185.92,40.7,2023-03-01,2027-12-31,2028-12-31,2026-05-01,0,0.0,0
PAIM-705933,Nimach-Ratlam Doubling [133 Km] (Western Railway [WR] - II) (705933),Infrastructure & Highways,Ministry of Railways,705933,Madhya Pradesh,1636.77,1636.77,539.2,32.9,2021-03-01,2027-12-31,2027-12-31,2026-05-01,0,0.0,0
PAIM-400019,DHULE [BORVIHIR] - NARDANA NEW LINE [50.60 KMS] (Central Railway) (400019),Infrastructure & Highways,Ministry of Railways,400019,Maharashtra,736.27,736.27,537.6,73.0,2022-03-01,2026-12-31,2029-12-31,2026-05-01,24,0.0,0
PAIM-400271,Wardha-Nanded Via Yavatmal New BG Line (Central Railway [CR] - II) (400271),Infrastructure & Highways,Ministry of Railways,400271,Maharashtra,2277.96,2277.96,1934.99,84.9,2024-03-01,2028-12-31,2027-12-31,2026-05-01,36,0.0,0
PAIM-611751,AURANGABAD-ANKAI - DOUBLING PROJECT 98.25 Km (South Central Railway [SCR] - II) (611751),Infrastructure & Highways,Ministry of Railways,611751,Maharashtra,3188.01,3188.01,2001.51,62.8,2024-03-01,2026-12-31,2028-12-31,2026-05-01,36,0.0,0
PAIM-612845,Kms] (Central Railway [CR] - II) (612845),Infrastructure & Highways,Ministry of Railways,612845,Maharashtra,1298.29,1298.29,261.03,20.1,2024-03-01,2026-12-31,2029-12-31,2026-05-01,24,0.0,0
PAIM-613015,associated infrastructure (Rail Land Development Authority) (613015),Infrastructure & Highways,Ministry of Railways,613015,Maharashtra,4063.75,4063.75,931.0,22.9,2022-03-01,2028-12-31,2028-12-31,2026-05-01,6,0.0,0
PAIM-617201,Gondia-Balharshah [Chanda Fort] Doubling [240 Km] (South East Central Railway) (617201),Infrastructure & Highways,Ministry of Railways,617201,Maharashtra,3801.3,3801.3,2591.82,68.2,2023-03-01,2026-12-31,2028-12-31,2026-05-01,12,0.0,0
PAIM-617215,Doubling between Parbhani  Parli Vaijanath stations  64.71 Km (South Central Railway [SCR] - II) (617215),Infrastructure & Highways,Ministry of Railways,617215,Maharashtra,1904.83,1904.83,311.9,16.4,2024-03-01,2027-12-31,2028-12-31,2026-05-01,6,0.0,0
PAIM-617361,Babupeth - Sasti New Rail Line [13.114 KMs] (CentralRailway) (617361),Infrastructure & Highways,Ministry of Railways,617361,Maharashtra,1475.58,1475.58,488.32,33.1,2022-03-01,2026-12-31,2027-12-31,2026-05-01,0,0.0,0
PAIM-617364,Double Chord line Between Nilaje-Kopar (CentralRailway) (617364),Infrastructure & Highways,Ministry of Railways,617364,Maharashtra,1226.13,1226.13,596.08,48.6,2024-03-01,2027-12-31,2027-12-31,2026-05-01,18,0.0,0
PAIM-705356,km] (Central Railway [CR] - II) (705356),Infrastructure & Highways,Ministry of Railways,705356,Maharashtra,3149.61,3149.61,1976.97,62.8,2024-03-01,2028-12-31,2027-12-31,2026-05-01,24,0.0,0
PAIM-705357,Baramati Lonand New Line Project (Central Railway) (705357),Infrastructure & Highways,Ministry of Railways,705357,Maharashtra,3214.04,3214.04,1093.1,34.0,2023-03-01,2027-12-31,2027-12-31,2026-05-01,36,0.0,0
PAIM-705479,Wadsa-Gadchiroli (South East Central Railway) (705479),Infrastructure & Highways,Ministry of Railways,705479,Maharashtra,3036.91,3036.91,1357.8,44.7,2022-03-01,2027-12-31,2028-12-31,2026-05-01,0,0.0,0
PAIM-705497,Wardha - Yavatmal Nanded Railway Line Project (Central Railways) (705497),Infrastructure & Highways,Ministry of Railways,705497,Maharashtra,3559.85,3559.85,2901.08,81.5,2021-03-01,2028-12-31,2029-12-31,2026-05-01,0,0.0,0
PAIM-705498,3rd Line Kalyan - Kasara [67.35 Kilometres] (Central Railway) (705498),Infrastructure & Highways,Ministry of Railways,705498,Maharashtra,3312.5,3312.5,1597.16,48.2,2021-03-01,2028-12-31,2028-12-31,2026-05-01,36,0.0,0
PAIM-705500,3rd Line Wardha - Sewagram - Nagpur (Central Railway [CR] - II) (705500),Infrastructure & Highways,Ministry of Railways,705500,Maharashtra,2209.68,2209.68,1469.31,66.5,2024-03-01,2026-12-31,2029-12-31,2026-05-01,0,0.0,0
PAIM-705502,3rd Line Wardha - Ballarshah [132 Kilometres] (Central Railway [CR] - II) (705502),Infrastructure & Highways,Ministry of Railways,705502,Maharashtra,1416.35,1416.35,885.01,62.5,2021-03-01,2027-12-31,2027-12-31,2026-05-01,0,0.0,0
PAIM-705504,Doubling of Daund Manmad Line [247.6 km] (Central Railway) (705504),Infrastructure & Highways,Ministry of Railways,705504,Maharashtra,3624.56,3624.56,1347.55,37.2,2022-03-01,2028-12-31,2027-12-31,2026-05-01,12,0.0,0
PAIM-705505,4th Line Wardha - Nagpur [78.7 Kilometres] (Central Railway [CR] - II) (705505),Infrastructure & Highways,Ministry of Railways,705505,Maharashtra,3154.81,3154.81,681.2,21.6,2021-03-01,2026-12-31,2029-12-31,2026-05-01,6,0.0,0
PAIM-705506,3rd Line Manmad - Jalgaon [160 Kilometres] (Central Railway [CR] - II) (705506),Infrastructure & Highways,Ministry of Railways,705506,Maharashtra,4458.34,4458.34,1642.39,36.8,2021-03-01,2028-12-31,2027-12-31,2026-05-01,24,0.0,0
PAIM-705735,Solapur-tuljapur-Osmanabad (Central Railway) (705735),Infrastructure & Highways,Ministry of Railways,705735,Maharashtra,2232.14,2232.14,1400.86,62.8,2022-03-01,2027-12-31,2027-12-31,2026-05-01,6,0.0,0
PAIM-705799,Nagpur- Nagbhir Railway Line Gauge Conversion Project (MRIDC) (705799),Infrastructure & Highways,Ministry of Railways,705799,Maharashtra,1705.45,1705.45,248.49,14.6,2023-03-01,2027-12-31,2028-12-31,2026-05-01,36,0.0,0
PAIM-706779,Mumbai Urban Transport Project [MUTP] - PHASE II (Mumbai Rail Vikas Corporation Ltd.[MRVC]) (706779),Infrastructure & Highways,Ministry of Railways,706779,Maharashtra,2859.4,2859.4,1997.91,69.9,2022-03-01,2026-12-31,2029-12-31,2026-05-01,0,0.0,0
PAIM-706780,Mumbai Urban Transport Project [MUTP]  Phase-IIIA (Mumbai Rail Vikas Corporation Ltd.[MRVC]) (706780),Infrastructure & Highways,Ministry of Railways,706780,Maharashtra,1623.13,1623.13,743.33,45.8,2021-03-01,2026-12-31,2028-12-31,2026-05-01,24,0.0,0
PAIM-33690,(12/2027) 33690 (33690) 3741.95 25,Infrastructure & Highways,Ministry of Railways,33690,Maharashtra,3741.95,3741.95,2922.04,78.1,2023-03-01,2027-12-31,2027-12-31,2026-05-01,36,0.0,0
PAIM-706781,Mumbai Urban Transport Project Phase-III (Mumbai Rail Vikas Corporation Ltd.[MRVC]) (706781),Infrastructure & Highways,Ministry of Railways,706781,Maharashtra,919.39,919.39,457.31,49.7,2024-03-01,2027-12-31,2028-12-31,2026-05-01,0,0.0,0
PAIM-10947,(12/2026) 10947 (10947) 6732.2 75,Infrastructure & Highways,Ministry of Railways,10947,Maharashtra,6732.2,6732.2,2678.91,39.8,2024-03-01,2026-12-31,2028-12-31,2026-05-01,36,0.0,0
PAIM-705491,Marikuppam - Kuppam New Line Project [23.70 Km] (South Western Railway [SWR] - II) (705491),Infrastructure & Highways,Ministry of Railways,705491,Karnataka,1623.41,1623.41,1181.36,72.8,2024-03-01,2027-12-31,2027-12-31,2026-05-01,6,0.0,0
PAIM-705494,Rayadurg-Tumkur via Kalyandurg New Line [207 km] (South Western Railway [SWR] - II) (705494),Infrastructure & Highways,Ministry of Railways,705494,Karnataka,414.37,414.37,107.6,26.0,2022-03-01,2028-12-31,2028-12-31,2026-05-01,18,0.0,0
PAIM-705610,"Renigunta, Wadi & Gooty Bypass Railway Project (South Central Railway [SCR] - II) (705610)",Infrastructure & Highways,Ministry of Railways,705610,Karnataka,2796.39,2796.39,1558.91,55.7,2024-03-01,2026-12-31,2029-12-31,2026-05-01,12,0.0,0
PAIM-617212,Doubling between Mudkhed  Medchal & Mahbubnagar  Dhone section 417.88 Km (South Central Railway [SCR] - II) (617212),Infrastructure & Highways,Ministry of Railways,617212,Maharashtra,1481.87,1481.87,930.96,62.8,2022-03-01,2026-12-31,2027-12-31,2026-05-01,12,0.0,0
PAIM-400253,Vizianagaram - Titlagarh 3rd line  [272 Km including By - pass line of 7.68 KM] (RVNL - II) (400253),Infrastructure & Highways,Ministry of Railways,400253,Maharashtra,865.88,865.88,213.97,24.7,2022-03-01,2028-12-31,2027-12-31,2026-05-01,6,0.0,0
PAIM-705512,Doubling of Kottavalasa-Koraput Rail Line [189 KM] (East Coast Railway [ECoR] - II) (705512),Infrastructure & Highways,Ministry of Railways,705512,Odisha,1771.12,1771.12,760.08,42.9,2023-03-01,2026-12-31,2029-12-31,2026-05-01,36,0.0,0
PAIM-400275,Tindivanam-Nagari New Line Project [184.5 km] (Ministry of Railways) (400275),Infrastructure & Highways,Ministry of Railways,400275,Odisha,1296.01,1296.01,525.89,40.6,2021-03-01,2026-12-31,2027-12-31,2026-05-01,36,0.0,0
PAIM-616857,Motumari - 10.877 Km (South Central Railway [SCR] - II) (616857),Infrastructure & Highways,Ministry of Railways,616857,Telangana,1456.96,1456.96,1220.05,83.7,2021-03-01,2027-12-31,2028-12-31,2026-05-01,0,0.0,0
PAIM-617211,Doubling of Guntur Bibinagar 239 Km (South Central Railway [SCR] - II) (617211),Infrastructure & Highways,Ministry of Railways,617211,Telangana,3653.41,3653.41,2863.98,78.4,2024-03-01,2026-12-31,2028-12-31,2026-05-01,12,0.0,0
PAIM-617214,Rail Connectivity to Errupalem Amravati Namburu 57 Km (South Central Railway [SCR] - II) (617214),Infrastructure & Highways,Ministry of Railways,617214,Telangana,696.78,696.78,369.88,53.1,2022-03-01,2028-12-31,2028-12-31,2026-05-01,36,0.0,0
PAIM-705612,Kazipet-Vijayawada 3rd line with electrification [220 km] (South Central Railway [SCR] - II) (705612),Infrastructure & Highways,Ministry of Railways,705612,Telangana,798.55,798.55,130.32,16.3,2022-03-01,2028-12-31,2029-12-31,2026-05-01,12,0.0,0
PAIM-705632,Vijayawada - Kazipet Byepass line (South Central Railway [SCR] - II) (705632),Infrastructure & Highways,Ministry of Railways,705632,Telangana,4366.35,4366.35,3426.66,78.5,2021-03-01,2026-12-31,2027-12-31,2026-05-01,0,0.0,0
PAIM-705794,New Delhi- Howrah Speed Booster[160Kmph] Project (PCE/NCR) (705794),Infrastructure & Highways,Ministry of Railways,705794,Bihar,854.3,854.3,633.67,74.2,2023-03-01,2027-12-31,2027-12-31,2026-05-01,6,0.0,0
PAIM-616699,Multi tracking of Son Nagar-Andal 374.53 rkm & 814.38 tkm (East Central Railway [ECR] - I) (616699),Infrastructure & Highways,Ministry of Railways,616699,Bihar,4277.01,4277.01,545.31,12.7,2024-03-01,2027-12-31,2028-12-31,2026-05-01,12,0.0,0
PAIM-705375,Koderma-Tilaiya New Line (East Central Railway [ECR] - I) (705375),Infrastructure & Highways,Ministry of Railways,705375,Bihar,4173.51,4173.51,632.4,15.2,2023-03-01,2028-12-31,2027-12-31,2026-05-01,12,0.0,0
PAIM-705385,Pirpainti - Jasidih [100.52 Km] New BG line (Eastern Railway [ER] - I) (705385),Infrastructure & Highways,Ministry of Railways,705385,Bihar,1194.27,1194.27,506.78,42.4,2023-03-01,2026-12-31,2028-12-31,2026-05-01,6,0.0,0
PAIM-611669,Gramin & Burhwal Jn [Excl]  Sitapur Jn section of high density routes (North Eastern Railway [NER]) (611669),Infrastructure & Highways,Ministry of Railways,611669,Bihar,2264.2,2264.2,1560.75,68.9,2021-03-01,2026-12-31,2029-12-31,2026-05-01,12,0.0,0
PAIM-617224,Gorakhpur-Valmikinagar Doubling project (NER) (617224),Infrastructure & Highways,Ministry of Railways,617224,Bihar,4132.98,4132.98,1736.49,42.0,2024-03-01,2026-12-31,2029-12-31,2026-05-01,24,0.0,0
PAIM-705562,Chhapra-Ballia Patch Doubling (North Eastern Railway [NER]) (705562),Infrastructure & Highways,Ministry of Railways,705562,Bihar,1347.87,1347.87,1095.87,81.3,2022-03-01,2027-12-31,2028-12-31,2026-05-01,12,0.0,0
PAIM-617245,Katihar Kumedpur & Katihar Mukuria BG Doubling Project (Northeast Frontier Railway [NFR]) (617245),Infrastructure & Highways,Ministry of Railways,617245,Bihar,2579.25,2579.25,482.18,18.7,2022-03-01,2026-12-31,2027-12-31,2026-05-01,0,0.0,0
PAIM-618978,Gondia - Dongargarh 4th line [84 Km] (South Eastern Central Railway) (618978),Infrastructure & Highways,Ministry of Railways,618978,Maharashtra,3518.29,3518.29,522.96,14.9,2023-03-01,2027-12-31,2028-12-31,2026-05-01,18,0.0,0
PAIM-10723,(South Eastern Central Railway) (618978) (-) (10723),Infrastructure & Highways,Ministry of Railways,10723,Maharashtra,2487.08,2487.08,1772.8,71.3,2024-03-01,2028-12-31,2029-12-31,2026-05-01,0,0.0,0
PAIM-705617,Rajnandgaon - Nagpur [Kalumna] Third Railway Line [228.30 km] (South East Central Railway [SECR] - II) (705617),Infrastructure & Highways,Ministry of Railways,705617,Maharashtra,1125.65,1125.65,193.38,17.2,2023-03-01,2028-12-31,2027-12-31,2026-05-01,0,0.0,0
PAIM-617390,Sardega -Bhalumuda New Double line [37.24 Km] (SECR) (617390),Infrastructure & Highways,Ministry of Railways,617390,Maharashtra,2882.8,2882.8,575.5,20.0,2024-03-01,2028-12-31,2028-12-31,2026-05-01,6,0.0,0
PAIM-705511,Jagdalpur-Koraput (East Coast Railway [ECoR] - II) (705511),Infrastructure & Highways,Ministry of Railways,705511,Odisha,1706.05,1706.05,212.09,12.4,2024-03-01,2028-12-31,2029-12-31,2026-05-01,36,0.0,0
PAIM-705616,Jharsuguda-Bilaspur Fourth Railway Line [206 km] (SECR) (705616),Infrastructure & Highways,Ministry of Railways,705616,Odisha,1171.47,1171.47,918.77,78.4,2021-03-01,2028-12-31,2028-12-31,2026-05-01,6,0.0,0
PAIM-705728,Mumbai-Ahmedabad High Speed Rail Project- 508 km (National High Speed Rail Corporation [NHSRC]) (705728),Infrastructure & Highways,Ministry of Railways,705728,Maharashtra,2813.99,2813.99,364.04,12.9,2024-03-01,2026-12-31,2029-12-31,2026-05-01,6,0.0,0
PAIM-108000,(12/2029) 108000 (108000) 90966.89 60.87,Infrastructure & Highways,Ministry of Railways,108000,Maharashtra,90966.89,60.87,17926.15,100.0,2022-03-01,2027-12-31,2028-12-31,2026-05-01,12,0.0,0
PAIM-705793,Vadodara-Ahmedabad (PCE/WR) (705793),Infrastructure & Highways,Ministry of Railways,705793,Maharashtra,4312.2,4312.2,1315.64,30.5,2024-03-01,2026-12-31,2027-12-31,2026-05-01,18,0.0,0
PAIM-705650,Hospet - Tinaighat - Vasco Rail Doubling Project (RVNL - II) (705650),Infrastructure & Highways,Ministry of Railways,705650,Karnataka,824.14,824.14,172.71,21.0,2023-03-01,2027-12-31,2027-12-31,2026-05-01,24,0.0,0
PAIM-706950,Hospet-Hubli-Vasco da Gama Line Electrification Project (RVNL) (706950),Infrastructure & Highways,Ministry of Railways,706950,Karnataka,877.42,877.42,728.95,83.1,2024-03-01,2027-12-31,2029-12-31,2026-05-01,24,0.0,0
PAIM-705237,Western Dedicated Freight Corridor (DFCCIL) (705237),Infrastructure & Highways,Ministry of Railways,705237,Maharashtra,3384.28,3384.28,1885.48,55.7,2024-03-01,2026-12-31,2028-12-31,2026-05-01,12,0.0,0
PAIM-124005,(12/2025) 51101 (124005) 124623 96,Infrastructure & Highways,Ministry of Railways,124005,Maharashtra,4334.79,4334.79,1601.73,37.0,2024-03-01,2026-12-31,2027-12-31,2026-05-01,24,0.0,0
PAIM-705453,"New line Dahod-Indore via Sardarpur, Jabuwa and Dhar (Western Railway [WR] - II) (705453)",Infrastructure & Highways,Ministry of Railways,705453,Maharashtra,1476.91,1476.91,557.14,37.7,2024-03-01,2026-12-31,2027-12-31,2026-05-01,0,0.0,0
PAIM-705454,Chhota Udaipur - Dhar New Line Project [157 km] (Western Railway [WR] - II) (705454),Infrastructure & Highways,Ministry of Railways,705454,Gujarat,2294.61,2294.61,1393.93,60.7,2021-03-01,2027-12-31,2027-12-31,2026-05-01,36,0.0,0
PAIM-611452,SYSTEM 500 RKM (Western Railway) (611452),Infrastructure & Highways,Ministry of Railways,611452,Maharashtra,1980.1,1980.1,1287.88,65.0,2022-03-01,2026-12-31,2029-12-31,2026-05-01,18,0.0,0
PAIM-400022,Taranga Hill-Abu Road via Ambaji (North Western Railway [NWR]) (400022),Infrastructure & Highways,Ministry of Railways,400022,Maharashtra,450.0,450.0,97.31,21.6,2022-03-01,2027-12-31,2029-12-31,2026-05-01,6,0.0,0
PAIM-616842,LUNI- SAMDARI- BHILDI DOUBLING (North Western Railway [NWR]) (616842),Infrastructure & Highways,Ministry of Railways,616842,Gujarat,1878.75,1878.75,1480.48,78.8,2024-03-01,2026-12-31,2029-12-31,2026-05-01,12,0.0,0
PAIM-705424,Chandigarh-Baddi New Rail Line- 36 km (Northen Railway [NR]) (705424),Infrastructure & Highways,Ministry of Railways,705424,Gujarat,867.65,867.65,129.03,14.9,2023-03-01,2027-12-31,2027-12-31,2026-05-01,18,0.0,0
PAIM-611861,Rewari - Kathuwas Doubling Project [27.72 Km] (North Western Railway [NWR]) (611861),Infrastructure & Highways,Ministry of Railways,611861,Rajasthan,2238.64,2238.64,1714.15,76.6,2021-03-01,2028-12-31,2028-12-31,2026-05-01,24,0.0,0
PAIM-705410,Mukerian-Talwara [29 KM] (Northen Railway [NR]) (705410),Infrastructure & Highways,Ministry of Railways,705410,Rajasthan,901.76,901.76,332.09,36.8,2022-03-01,2028-12-31,2029-12-31,2026-05-01,36,0.0,0
PAIM-705428,Bhanupalli-Bilaspur-Beri New Railway Line Project (RVNL - II) (705428),Infrastructure & Highways,Ministry of Railways,705428,Punjab,1706.54,1706.54,283.76,16.6,2022-03-01,2026-12-31,2027-12-31,2026-05-01,6,0.0,0
PAIM-13447,(12/2027) 13447 (13447) 7688.76 64,Infrastructure & Highways,Ministry of Railways,13447,Odisha,7688.76,7688.76,3318.85,43.2,2023-03-01,2026-12-31,2027-12-31,2026-05-01,24,0.0,0
PAIM-705628,Doubling of Hatia [Ranchi]-Bondamunda Rail Line - 159 km (South Eastern Railway - JH) (705628),Infrastructure & Highways,Ministry of Railways,705628,Odisha,3288.79,3288.79,2653.54,80.7,2022-03-01,2028-12-31,2027-12-31,2026-05-01,18,0.0,0
PAIM-616588,Buramara-Chakulia new line [59.96 km] (South Eastern Railway [SER] - I) (616588),Infrastructure & Highways,Ministry of Railways,616588,Odisha,718.38,718.38,381.15,53.1,2022-03-01,2026-12-31,2029-12-31,2026-05-01,0,0.0,0
PAIM-616227,Chandil - Anara - Damodar - 3rd line [121.26 km] (CAO/C/SER) (616227),Infrastructure & Highways,Ministry of Railways,616227,Odisha,990.27,990.27,687.9,69.5,2022-03-01,2028-12-31,2029-12-31,2026-05-01,0,0.0,0
PAIM-705668,KHARAGPUR-ADITYAPUR THIRD RAIL LINE- 132 KM (RVNL - I) (705668),Infrastructure & Highways,Ministry of Railways,705668,Karnataka,3332.0,3332.0,901.03,27.0,2023-03-01,2026-12-31,2028-12-31,2026-05-01,24,0.0,0
PAIM-703586,Baiyyappanahalli - Hosur Doubling Project [48 km] (Karnataka Rail Infrastructure Development Company Limited [K-RIDE]) (,Infrastructure & Highways,Ministry of Railways,703586,Karnataka,1924.39,1924.39,355.29,18.5,2024-03-01,2026-12-31,2029-12-31,2026-05-01,6,0.0,0
PAIM-705635,Trivandrum- Kanyakumari (Southern Railway [SR] - I) (705635),Infrastructure & Highways,Ministry of Railways,705635,Karnataka,1452.29,1452.29,483.56,33.3,2023-03-01,2026-12-31,2029-12-31,2026-05-01,0,0.0,0
PAIM-705457,Ratlam-Mhow-Khandwa-Akola Gauge Conversion (Western Railway [WR] - II) (705457),Infrastructure & Highways,Ministry of Railways,705457,Maharashtra,429.07,429.07,279.21,65.1,2023-03-01,2027-12-31,2029-12-31,2026-05-01,18,0.0,0
PAIM-705507,Itarsi - Nagpur Third Railway Line [280 km] (Central Railway [CR] - II) (705507),Infrastructure & Highways,Ministry of Railways,705507,Maharashtra,2102.37,2102.37,640.11,30.4,2021-03-01,2027-12-31,2029-12-31,2026-05-01,12,0.0,0
PAIM-617406,RATLAM- DUNGARPUR VIA BANSWARA NEW LINE PROJECT (North Western Railway [NWR]) (617406),Infrastructure & Highways,Ministry of Railways,617406,Maharashtra,2388.04,2388.04,1564.23,65.5,2021-03-01,2028-12-31,2027-12-31,2026-05-01,6,0.0,0
PAIM-705419,Gwalior - Seopurkala with extension to Kota [Gauge Conversion] (North Central Railway) (705419),Infrastructure & Highways,Ministry of Railways,705419,Rajasthan,1071.75,1071.75,292.23,27.3,2024-03-01,2028-12-31,2027-12-31,2026-05-01,36,0.0,0
PAIM-705481,Ramganjmandi-Bhopal New Line Project [276.50 km] (West Central Railway [WCR] - II) (705481),Infrastructure & Highways,Ministry of Railways,705481,Rajasthan,2482.45,2482.45,1721.44,69.3,2023-03-01,2028-12-31,2028-12-31,2026-05-01,36,0.0,0
PAIM-705764,Nimach-Badi Sadri  New Rail Line Project (Western Railway [WR] - II) (705764),Infrastructure & Highways,Ministry of Railways,705764,Rajasthan,3263.72,3263.72,1776.88,54.4,2021-03-01,2028-12-31,2029-12-31,2026-05-01,24,0.0,0
PAIM-705667,Mathura-Jhansi Third Railway Line [274 Km] (RVNL - II) (705667),Infrastructure & Highways,Ministry of Railways,705667,Rajasthan,2202.73,2202.73,1326.51,60.2,2023-03-01,2028-12-31,2029-12-31,2026-05-01,24,0.0,0
PAIM-705598,Jhansi - Bina Third Railway Line [153 Km] (CAO/C/NCR) (705598),Infrastructure & Highways,Ministry of Railways,705598,Uttar Pradesh,1636.84,1636.84,229.33,14.0,2021-03-01,2027-12-31,2029-12-31,2026-05-01,6,0.0,0
PAIM-705608,Jhansi-Khairar-Manikpur & Khirar-Bhimsen (North Central Railway) (705608),Infrastructure & Highways,Ministry of Railways,705608,Uttar Pradesh,1541.63,1541.63,549.75,35.7,2022-03-01,2026-12-31,2028-12-31,2026-05-01,36,0.0,0
PAIM-705613,Third Line [new] between Kazipet - Balharshah  with electrification [201.04 Km] (South Central Railway [SCR] - II) (7056,Infrastructure & Highways,Ministry of Railways,705613,Maharashtra,714.09,714.09,166.68,23.3,2024-03-01,2028-12-31,2027-12-31,2026-05-01,36,0.0,0
PAIM-705629,Narayangarh-Bhadrak 3rd line (South Eastern Railway [SER] - I) (705629),Infrastructure & Highways,Ministry of Railways,705629,Maharashtra,2337.17,2337.17,1666.16,71.3,2022-03-01,2028-12-31,2028-12-31,2026-05-01,24,0.0,0
PAIM-400223,Nagapattinam-Tiruturaipundi and Karaikal-Peralam New Line (Ministry of Railways) (400223),Infrastructure & Highways,Ministry of Railways,400223,Odisha,1938.06,1938.06,1586.42,81.9,2022-03-01,2026-12-31,2028-12-31,2026-05-01,18,0.0,0
PAIM-602797,"Sainthia, Sitarampur, Mughalsarai, Allahabad & Etawah - Bypass Line Project (Eastern Railway [ER] - I) (602797)",Infrastructure & Highways,Ministry of Railways,602797,Multi-State,1798.07,1798.07,290.08,16.1,2023-03-01,2026-12-31,2027-12-31,2026-05-01,24,0.0,0
PAIM-400006,Barpali. (South Eastern Railway [SER] - I) (400006),Infrastructure & Highways,Ministry of Railways,400006,Odisha,2296.67,2296.67,379.2,16.5,2021-03-01,2026-12-31,2028-12-31,2026-05-01,12,0.0,0
PAIM-400045,Under Deposit Scheme. (East Coast Railway [ECoR] - II) (400045),Infrastructure & Highways,Ministry of Railways,400045,Odisha,3541.0,3541.0,940.38,26.6,2021-03-01,2026-12-31,2027-12-31,2026-05-01,6,0.0,0
PAIM-400047,exchange yard and NTPC Block Cabin. (East Coast Railway [ECoR] - II) (400047),Infrastructure & Highways,Ministry of Railways,400047,Odisha,384.71,384.71,276.81,72.0,2024-03-01,2028-12-31,2029-12-31,2026-05-01,24,0.0,0
PAIM-400048,Doubling of lines connecting the loading spurs in Talcher Yard. (East Coast Railway [ECoR] - II) (400048),Infrastructure & Highways,Ministry of Railways,400048,Odisha,1597.58,1597.58,495.62,31.0,2022-03-01,2028-12-31,2027-12-31,2026-05-01,6,0.0,0
PAIM-400232,Brundamal-Jharsuguda- flyover connection for joining downline (East Coast Railway [ECoR] - II) (400232),Infrastructure & Highways,Ministry of Railways,400232,Odisha,681.18,681.18,515.5,75.7,2022-03-01,2028-12-31,2027-12-31,2026-05-01,6,0.0,0
PAIM-612834,3rd & 4th line between Sarla - Sason [8 km] [PB 73/2023-24/NR] (East Coast Railway [ECoR] - II) (612834),Infrastructure & Highways,Ministry of Railways,612834,Odisha,3420.47,3420.47,1250.93,36.6,2021-03-01,2027-12-31,2027-12-31,2026-05-01,36,0.0,0
PAIM-615915,Rourkela-Bondamunda A-Cabin 5th line [9.6 km] (CAO/C/SER) (615915),Infrastructure & Highways,Ministry of Railways,615915,Odisha,3607.19,3607.19,1975.75,54.8,2021-03-01,2026-12-31,2029-12-31,2026-05-01,6,0.0,0
PAIM-616586,Bangriposi-Gorumahisani new line [ 85.60 km ] (CAO/C/SER) (616586),Infrastructure & Highways,Ministry of Railways,616586,Odisha,404.93,404.93,289.41,71.5,2023-03-01,2028-12-31,2028-12-31,2026-05-01,24,0.0,0
PAIM-616587,Badampahar-Kendujhargarh new line [82.06 km] (CAO/C/SER) (616587),Infrastructure & Highways,Ministry of Railways,616587,Odisha,1703.43,1703.43,379.69,22.3,2023-03-01,2026-12-31,2029-12-31,2026-05-01,0,0.0,0
PAIM-616694,Flyover between Siju and Paradeep coaching Yard to avoid Surface crossing of trains (East Coast Railway [ECoR] - II) (61,Infrastructure & Highways,Ministry of Railways,616694,Odisha,2508.16,2508.16,1917.62,76.5,2021-03-01,2026-12-31,2028-12-31,2026-05-01,18,0.0,0
PAIM-616695,Paradeep - Badabandha 3rd & 4th Line / 18.51kms (East Coast Railway [ECoR] - II) (616695),Infrastructure & Highways,Ministry of Railways,616695,Odisha,1449.45,1449.45,155.59,10.7,2022-03-01,2026-12-31,2028-12-31,2026-05-01,36,0.0,0
PAIM-616839,Naupada-Gunupur - New line upto Theruvali [73.62 km] (Indian Railway) (616839),Infrastructure & Highways,Ministry of Railways,616839,Odisha,2983.3,2983.3,1671.46,56.0,2024-03-01,2027-12-31,2029-12-31,2026-05-01,12,0.0,0
PAIM-618995,New Line between Junagarh - Nabarangpur [116.21 Km] (Indian Railway) (618995),Infrastructure & Highways,Ministry of Railways,618995,Odisha,1784.79,1784.79,647.3,36.3,2024-03-01,2027-12-31,2027-12-31,2026-05-01,12,0.0,0
PAIM-10798,(Indian Railway) (618995) (-) (10798),Infrastructure & Highways,Ministry of Railways,10798,Odisha,324.47,324.47,244.29,75.3,2021-03-01,2026-12-31,2029-12-31,2026-05-01,0,0.0,0
PAIM-705358,Khurda-Bolangir New Broad Gauge Rail Link [301km] (East Coast Railway [ECoR] - II) (705358),Infrastructure & Highways,Ministry of Railways,705358,Odisha,516.22,516.22,406.7,78.8,2022-03-01,2026-12-31,2029-12-31,2026-05-01,24,0.0,0
PAIM-705359,Talcher-Bimlagarh New Railway Line (East Coast Railway [ECoR] - II) (705359),Infrastructure & Highways,Ministry of Railways,705359,Odisha,1296.79,1296.79,222.05,17.1,2023-03-01,2027-12-31,2027-12-31,2026-05-01,12,0.0,0
PAIM-705510,Bhadrak-Nergundi Third Line (East Coast Railway [ECoR] - II) (705510),Infrastructure & Highways,Ministry of Railways,705510,Odisha,4147.9,4147.9,2075.93,50.0,2022-03-01,2028-12-31,2028-12-31,2026-05-01,24,0.0,0
PAIM-705513,Koraput - Singapur Railway Doubling (East Coast Railway [ECoR] - II) (705513),Infrastructure & Highways,Ministry of Railways,705513,Odisha,2671.95,2671.95,319.04,11.9,2023-03-01,2026-12-31,2028-12-31,2026-05-01,0,0.0,0
PAIM-705514,Jarapada- Budhapank with flyover at Talcher road 3rd and 4th Line (East Coast Railway [ECoR] - II) (705514),Infrastructure & Highways,Ministry of Railways,705514,Odisha,4147.27,4147.27,607.27,14.6,2024-03-01,2026-12-31,2028-12-31,2026-05-01,24,0.0,0
PAIM-705515,3rd & 4th Railway Line Project from Salegaon to Budhapank via Rajathgarh. (East Coast Railway [ECoR] - II) (705515),Infrastructure & Highways,Ministry of Railways,705515,Odisha,2440.7,2440.7,770.38,31.6,2023-03-01,2028-12-31,2029-12-31,2026-05-01,6,0.0,0
PAIM-705741,Jeypore-Navarangpur New  Rail Line Project (East Coast Railway [ECoR] - II) (705741),Infrastructure & Highways,Ministry of Railways,705741,Odisha,1802.62,1802.62,903.86,50.1,2024-03-01,2028-12-31,2027-12-31,2026-05-01,0,0.0,0
PAIM-705742,Jeypore-Malkanagiri New Railway Line Project (East Coast Railway [ECoR] - II) (705742),Infrastructure & Highways,Ministry of Railways,705742,Odisha,3905.87,3905.87,2649.53,67.8,2022-03-01,2028-12-31,2028-12-31,2026-05-01,6,0.0,0
PAIM-706898,Khurda Road - Balangir Electrification of Railway Track Project (Ministry of Railways) (706898),Infrastructure & Highways,Ministry of Railways,706898,Odisha,296.39,296.39,48.22,16.3,2024-03-01,2027-12-31,2029-12-31,2026-05-01,36,0.0,0
PAIM-709811,GANDHAMARDAN IRON ORE MINES TO GOALDIH STATION/12.76kms (East Coast Railway [ECoR] - II) (709811),Infrastructure & Highways,Ministry of Railways,709811,Odisha,4097.39,4097.39,1868.59,45.6,2021-03-01,2026-12-31,2029-12-31,2026-05-01,6,0.0,0
PAIM-705362,"Jaynagar-Bijalpura, incl. extn. Bet, Bijalpura-Bardibas [Nepal] (East Central Railway [ECR] - I) (705362)",Infrastructure & Highways,Ministry of Railways,705362,Odisha,3132.83,3132.83,1984.69,63.4,2024-03-01,2027-12-31,2029-12-31,2026-05-01,18,0.0,0
PAIM-705298,North Region Video Surveillance Project (RCIL) (705298),Infrastructure & Highways,Ministry of Railways,705298,Punjab,911.08,911.08,531.6,58.3,2024-03-01,2028-12-31,2029-12-31,2026-05-01,6,0.0,0
PAIM-607653,Ludhiana Mullanpur 21Km Doubling Railway project (CAO/C/NR) (607653),Infrastructure & Highways,Ministry of Railways,607653,Punjab,4408.78,4408.78,3179.95,72.1,2022-03-01,2026-12-31,2028-12-31,2026-05-01,0,0.0,0
PAIM-705783,Ludhiana- Killa Raipur Railway  Doubling Project (Railway) (705783),Infrastructure & Highways,Ministry of Railways,705783,Punjab,4021.42,4021.42,747.95,18.6,2024-03-01,2028-12-31,2027-12-31,2026-05-01,36,0.0,0
PAIM-611855,Gauge Conversion [152 Km] (North Western Railway [NWR]) (611855),Infrastructure & Highways,Ministry of Railways,611855,Rajasthan,2107.31,2107.31,1021.32,48.5,2022-03-01,2027-12-31,2028-12-31,2026-05-01,24,0.0,0
PAIM-611929,under WTA 527 (WPO/Patna) (611929),Infrastructure & Highways,Ministry of Railways,611929,Rajasthan,917.55,917.55,193.41,21.1,2022-03-01,2026-12-31,2029-12-31,2026-05-01,24,0.0,0
PAIM-616841,PUSHKAR- MERTA CITY NEW LINE (North Western Railway [NWR]) (616841),Infrastructure & Highways,Ministry of Railways,616841,Rajasthan,3903.59,3903.59,2873.66,73.6,2023-03-01,2027-12-31,2029-12-31,2026-05-01,18,0.0,0
PAIM-616843,AJMER- CHANDERIYA DOUBLING (North Western Railway [NWR]) (616843),Infrastructure & Highways,Ministry of Railways,616843,Rajasthan,508.06,508.06,411.38,81.0,2021-03-01,2026-12-31,2027-12-31,2026-05-01,12,0.0,0
PAIM-617403,SADULPUR - CHURU  DOUBLING PROJECT (North Western Railway [NWR]) (617403),Infrastructure & Highways,Ministry of Railways,617403,Rajasthan,3797.69,3797.69,3038.93,80.0,2024-03-01,2027-12-31,2027-12-31,2026-05-01,0,0.0,0
PAIM-617404,POKHRAN - RAMDEVRA New Line (North Western Railway [NWR]) (617404),Infrastructure & Highways,Ministry of Railways,617404,Rajasthan,4375.98,4375.98,647.18,14.8,2021-03-01,2028-12-31,2027-12-31,2026-05-01,18,0.0,0
PAIM-617408,NATHDWARA- NATHDWARA TOWN NL (North Western Railway [NWR]) (617408),Infrastructure & Highways,Ministry of Railways,617408,Rajasthan,1364.43,1364.43,737.84,54.1,2024-03-01,2028-12-31,2028-12-31,2026-05-01,12,0.0,0
PAIM-705482,Dholpur - Sirmuttra Gauge Conversion (North Central Railway) (705482),Infrastructure & Highways,Ministry of Railways,705482,Rajasthan,2264.12,2264.12,1834.53,81.0,2024-03-01,2026-12-31,2027-12-31,2026-05-01,0,0.0,0
PAIM-705752,Gudha-Thatha Mithri Construction of Railway Track Project (North Western Railway [NWR]) (705752),Infrastructure & Highways,Ministry of Railways,705752,Rajasthan,1334.74,1334.74,1028.85,77.1,2024-03-01,2027-12-31,2027-12-31,2026-05-01,12,0.0,0
PAIM-705912,Sawai Madhopur-Jaipur Railway Line Project (North Western Railway [NWR]) (705912),Infrastructure & Highways,Ministry of Railways,705912,Rajasthan,481.87,481.87,135.17,28.1,2021-03-01,2027-12-31,2028-12-31,2026-05-01,18,0.0,0
PAIM-705919,Agra Fort-Bandikui Doubling Line Project (CAO/C/NCR) (705919),Infrastructure & Highways,Ministry of Railways,705919,Rajasthan,4341.59,4341.59,1776.23,40.9,2023-03-01,2026-12-31,2027-12-31,2026-05-01,12,0.0,0
PAIM-706836,Dedicated Test Track for RDSO /Phase-II Project (North Western Railway [NWR]) (706836),Infrastructure & Highways,Ministry of Railways,706836,Rajasthan,4395.71,4395.71,3634.66,82.7,2024-03-01,2026-12-31,2029-12-31,2026-05-01,12,0.0,0
PAIM-706866,Sawaimadhopur Bye Pass Line Project (North Western Railway [NWR]) (706866),Infrastructure & Highways,Ministry of Railways,706866,Rajasthan,2647.0,2647.0,1806.42,68.2,2023-03-01,2028-12-31,2029-12-31,2026-05-01,12,0.0,0
PAIM-400280,Phase II extension of MRTS from Velachery to St Thomas Mount (Ministry of Railways) (400280),Infrastructure & Highways,Ministry of Railways,400280,Tamil Nadu,833.39,833.39,596.13,71.5,2022-03-01,2027-12-31,2029-12-31,2026-05-01,6,0.0,0
PAIM-613002,Redevelopment of Chennai Egmore Station (Ministry of Railways) (613002),Infrastructure & Highways,Ministry of Railways,613002,Tamil Nadu,1748.38,1748.38,1325.27,75.8,2024-03-01,2027-12-31,2029-12-31,2026-05-01,6,0.0,0
PAIM-705244,Coach Production Factory Upgradation Project (CPM/ICF) (705244),Infrastructure & Highways,Ministry of Railways,705244,Tamil Nadu,4167.25,4167.25,2570.05,61.7,2022-03-01,2028-12-31,2028-12-31,2026-05-01,12,0.0,0
PAIM-705489,Madurai- Tuticorin New Line (Ministry of Railways) (705489),Infrastructure & Highways,Ministry of Railways,705489,Tamil Nadu,2639.24,2639.24,756.69,28.7,2023-03-01,2026-12-31,2029-12-31,2026-05-01,24,0.0,0
PAIM-616856,Doubling between Bhadrachalam Road and Dornakal (South Central Railway [SCR] - II) (616856),Infrastructure & Highways,Ministry of Railways,616856,Tamil Nadu,226.18,226.18,163.59,72.3,2022-03-01,2026-12-31,2027-12-31,2026-05-01,18,0.0,0
PAIM-617409,Railway Manufacturing Unit (RVNL - II) (617409),Infrastructure & Highways,Ministry of Railways,617409,Telangana,1211.72,1211.72,789.24,65.1,2024-03-01,2027-12-31,2027-12-31,2026-05-01,24,0.0,0
PAIM-705252,Kazipet Wagon Overhauling Project (RVNL) (705252),Infrastructure & Highways,Ministry of Railways,705252,Telangana,611.51,611.51,364.03,59.5,2021-03-01,2026-12-31,2028-12-31,2026-05-01,6,0.0,0
PAIM-705437,Manoharabad-Kothapalli New Rail Line [151 km] (South Central Railway [SCR] - II) (705437),Infrastructure & Highways,Ministry of Railways,705437,Telangana,4203.61,4203.61,1608.49,38.3,2024-03-01,2027-12-31,2028-12-31,2026-05-01,24,0.0,0
PAIM-400204,Bahraich-Shravasti-Balrampur-Siddharthnagar -Santkabir nagar (North Eastern Railway [NER]) (400204),Infrastructure & Highways,Ministry of Railways,400204,Uttar Pradesh,2051.08,2051.08,710.53,34.6,2023-03-01,2027-12-31,2029-12-31,2026-05-01,0,0.0,0
PAIM-400205,Sahjanwa-Dohrighat (North Eastern Railway [NER]) (400205),Infrastructure & Highways,Ministry of Railways,400205,Uttar Pradesh,2400.81,2400.81,639.09,26.6,2023-03-01,2027-12-31,2027-12-31,2026-05-01,18,0.0,0
PAIM-617213,Rail-cum-Road Bridge across Ganga River. (Northern Railways) (617213),Infrastructure & Highways,Ministry of Railways,617213,Uttar Pradesh,3424.17,3424.17,1299.15,37.9,2022-03-01,2027-12-31,2027-12-31,2026-05-01,12,0.0,0
PAIM-617252,Anandnagar - Ghugli via Maharajganj New line 52.7 km (Construction NER) (617252),Infrastructure & Highways,Ministry of Railways,617252,Uttar Pradesh,1729.45,1729.45,702.1,40.6,2024-03-01,2027-12-31,2028-12-31,2026-05-01,18,0.0,0
PAIM-617284,Chunar-Chopan doubling project (North Central Railway) (617284),Infrastructure & Highways,Ministry of Railways,617284,Uttar Pradesh,4071.06,4071.06,2987.72,73.4,2021-03-01,2028-12-31,2027-12-31,2026-05-01,24,0.0,0
PAIM-617333,Surface triangle line bet. Bhadura stn and new crossing stn Karma (East Central Railway [ECR] - I) (617333),Infrastructure & Highways,Ministry of Railways,617333,Uttar Pradesh,3222.52,3222.52,2597.59,80.6,2024-03-01,2026-12-31,2027-12-31,2026-05-01,6,0.0,0
PAIM-617370,Doubling between Jaunpur Jn - Zaffarabad 6.28 km (M/S SRC company Infra Private Limited) (617370),Infrastructure & Highways,Ministry of Railways,617370,Uttar Pradesh,2684.76,2684.76,450.13,16.8,2022-03-01,2028-12-31,2029-12-31,2026-05-01,6,0.0,0
PAIM-705567,Burhwal Gonda 3rd line (North Eastern Railway [NER]) (705567),Infrastructure & Highways,Ministry of Railways,705567,Uttar Pradesh,604.22,604.22,216.49,35.8,2023-03-01,2028-12-31,2029-12-31,2026-05-01,0,0.0,0
PAIM-705588,Janghai-Pratapgarh- Amethi (CAO/C/II/NR) (705588),Infrastructure & Highways,Ministry of Railways,705588,Uttar Pradesh,1466.84,1466.84,966.14,65.9,2021-03-01,2028-12-31,2029-12-31,2026-05-01,24,0.0,0
PAIM-705766,Lalitpur-Birari with flyover at Lalitpur- 16 Km (North Central Railway) (705766),Infrastructure & Highways,Ministry of Railways,705766,Uttar Pradesh,4239.3,4239.3,1754.46,41.4,2024-03-01,2028-12-31,2029-12-31,2026-05-01,18,0.0,0
PAIM-705771,Allahabad-Bamhrauli Flyover Construction & 4th Railway Line Project (North Central Railway) (705771),Infrastructure & Highways,Ministry of Railways,705771,Uttar Pradesh,1748.21,1748.21,832.39,47.6,2024-03-01,2028-12-31,2029-12-31,2026-05-01,24,0.0,0
PAIM-705772,"Mughalsarai-Allahabad, 3rd line (North Central Railway) (705772)",Infrastructure & Highways,Ministry of Railways,705772,Uttar Pradesh,1650.14,1650.14,529.85,32.1,2022-03-01,2026-12-31,2028-12-31,2026-05-01,36,0.0,0
PAIM-705774,Aligarh -Daud Khan Flyover Construction & 3rd Railway Line Project (CAO/C/NCR) (705774),Infrastructure & Highways,Ministry of Railways,705774,Uttar Pradesh,2905.87,2905.87,2283.35,78.6,2024-03-01,2027-12-31,2029-12-31,2026-05-01,12,0.0,0
PAIM-705777,Bhandai - Flyover for Etawah bound down train- 10 Km (North Central Railway [NCR] - II) (705777),Infrastructure & Highways,Ministry of Railways,705777,Uttar Pradesh,3052.39,3052.39,1963.39,64.3,2024-03-01,2028-12-31,2029-12-31,2026-05-01,36,0.0,0
PAIM-10080,(North Central Railway [NCR] - II) (705777) (N22000564) (10080),Infrastructure & Highways,Ministry of Railways,N22000564,Uttar Pradesh,1808.31,1808.31,502.13,27.8,2024-03-01,2026-12-31,2027-12-31,2026-05-01,12,0.0,0
PAIM-705780,Bhatni-Aurnihar with electrification excluding Indara-Mau (RVNL - I) (705780),Infrastructure & Highways,Ministry of Railways,705780,Uttar Pradesh,2563.35,2563.35,1917.54,74.8,2023-03-01,2026-12-31,2029-12-31,2026-05-01,24,0.0,0
PAIM-705782,Barabanki-Malhaur 3rd & 4th Railway Line Project (Ministry of Railways) (705782),Infrastructure & Highways,Ministry of Railways,705782,Uttar Pradesh,4335.13,4335.13,3048.05,70.3,2022-03-01,2027-12-31,2029-12-31,2026-05-01,36,0.0,0
PAIM-705918,Allahabad division - Aligarh - Harduaganj Flyover (North Central Railway) (705918),Infrastructure & Highways,Ministry of Railways,705918,Uttar Pradesh,3433.98,3433.98,1830.6,53.3,2024-03-01,2027-12-31,2028-12-31,2026-05-01,24,0.0,0
PAIM-705429,Rishikesh-Karnaprayag New Rail Line- 125 km (RVNL - II) (705429),Infrastructure & Highways,Ministry of Railways,705429,Uttar Pradesh,839.66,839.66,390.51,46.5,2021-03-01,2026-12-31,2027-12-31,2026-05-01,6,0.0,0
PAIM-38953,(12/2028) 38953 (38953) 28508.86 74.5,Infrastructure & Highways,Ministry of Railways,38953,Multi-State,28508.86,74.5,3665.92,100.0,2022-03-01,2027-12-31,2027-12-31,2026-05-01,36,0.0,0
PAIM-400247,And Naihati-Ranaghat 3rd Line. (Eastern Railway [ER] - I) (400247),Infrastructure & Highways,Ministry of Railways,400247,West Bengal,3820.1,3820.1,2033.89,53.2,2023-03-01,2028-12-31,2029-12-31,2026-05-01,6,0.0,0
PAIM-400273,Tarakeshwar-Bishnupur New Line [82.47 km] (Eastern Railway [ER] - I) (400273),Infrastructure & Highways,Ministry of Railways,400273,West Bengal,3953.71,3953.71,3152.69,79.7,2021-03-01,2028-12-31,2027-12-31,2026-05-01,12,0.0,0
PAIM-400277,Dum Dum Airport-New Garia via Rajarhat-Construction of Metro Railway (RVNL - II) (400277),Infrastructure & Highways,Ministry of Railways,400277,West Bengal,1465.63,1465.63,591.87,40.4,2022-03-01,2026-12-31,2028-12-31,2026-05-01,6,0.0,0
PAIM-612096,Construction of Balurghat-Hilli new BG Line (Northeast Frontier Railway [NFR]) (612096),Infrastructure & Highways,Ministry of Railways,612096,West Bengal,4190.88,4190.88,972.87,23.2,2023-03-01,2026-12-31,2029-12-31,2026-05-01,36,0.0,0
PAIM-617345,Car maintenance cum workshop depot. (South Eastern Railway - JH) (617345),Infrastructure & Highways,Ministry of Railways,617345,West Bengal,1145.29,1145.29,833.09,72.7,2024-03-01,2027-12-31,2028-12-31,2026-05-01,12,0.0,0
PAIM-705730,Joka-BBD Bag new metro project (RVNL - II) (705730),Infrastructure & Highways,Ministry of Railways,705730,West Bengal,298.99,298.99,218.57,73.1,2021-03-01,2028-12-31,2028-12-31,2026-05-01,12,0.0,0
PAIM-10362,(12/2029) 4835 (10362) 4998.49 51,Infrastructure & Highways,Ministry of Railways,10362,West Bengal,4998.49,4998.49,2294.47,45.9,2023-03-01,2026-12-31,2028-12-31,2026-05-01,36,0.0,0
PAIM-706776,"Noapara-Barasat via Bimanbandar - Construction of Metro railway [18 km] (Metro Railway, Kolkata) (706776)",Infrastructure & Highways,Ministry of Railways,706776,West Bengal,2246.05,2246.05,344.58,15.3,2022-03-01,2027-12-31,2028-12-31,2026-05-01,18,0.0,0
PAIM-706777,Baranagar-Barrackpore and Dakshineshwar- Construction of Metro Railway (RVNL - II) (706777),Infrastructure & Highways,Ministry of Railways,706777,West Bengal,858.57,858.57,566.79,66.0,2021-03-01,2028-12-31,2027-12-31,2026-05-01,24,0.0,0
PAIM-619184,Rangat of NH-04 in UT of A&N on EPC Package-IIIA (NHIDCL) (619184),Infrastructure & Highways,Ministry of Railways,619184,Multi-State,1537.5,1537.5,1183.37,77.0,2022-03-01,2027-12-31,2029-12-31,2026-05-01,6,0.0,0
PAIM-619185,Package-III.B Balance work (NHIDCL) (619185),Infrastructure & Highways,Ministry of Railways,619185,Multi-State,3582.72,3582.72,1970.35,55.0,2021-03-01,2028-12-31,2027-12-31,2026-05-01,24,0.0,0
PAIM-619186,the Union Territory of Andaman & Nicobar Islands on EPC basis (NHIDCL) (619186),Infrastructure & Highways,Ministry of Railways,619186,Multi-State,1003.59,1003.59,470.13,46.8,2023-03-01,2026-12-31,2028-12-31,2026-05-01,24,0.0,0
PAIM-617907,mode. (MoRTH) (617907),Infrastructure & Highways,Ministry of Railways,617907,Andhra Pradesh,1155.89,1155.89,305.18,26.4,2023-03-01,2026-12-31,2027-12-31,2026-05-01,36,0.0,0
PAIM-617949,of AP state under NHO on EPC Mode under Annual Plan 2022-23 (MoRTH) (617949),Infrastructure & Highways,Ministry of Railways,617949,Andhra Pradesh,4047.73,4047.73,2707.66,66.9,2022-03-01,2027-12-31,2028-12-31,2026-05-01,24,0.0,0
PAIM-617984,"Gudivada Town 2 RoB, and Road improvement NH-165 (MoRTH) (617984)",Infrastructure & Highways,Ministry of Railways,617984,Andhra Pradesh,1565.38,1565.38,796.07,50.9,2022-03-01,2026-12-31,2029-12-31,2026-05-01,18,0.0,0
PAIM-617985,Akiveedu (MoRTH) (617985),Infrastructure & Highways,Ministry of Railways,617985,Andhra Pradesh,1703.63,1703.63,547.36,32.1,2021-03-01,2028-12-31,2028-12-31,2026-05-01,24,0.0,0
PAIM-10158,(MoRTH) (617985) (N24000983) (10158),Infrastructure & Highways,Ministry of Railways,N24000983,Andhra Pradesh,2968.11,2968.11,767.9,25.9,2021-03-01,2028-12-31,2029-12-31,2026-05-01,36,0.0,0
PAIM-617986,248010 to km 269900 to 2 (MoRTH) (617986),Infrastructure & Highways,Ministry of Railways,617986,Andhra Pradesh,1039.33,1039.33,377.16,36.3,2021-03-01,2026-12-31,2027-12-31,2026-05-01,0,0.0,0
PAIM-617987,250/000Design Ch.186000 to 248010 to 2LPS (MoRTH) (617987),Infrastructure & Highways,Ministry of Railways,617987,Andhra Pradesh,1046.47,1046.47,632.2,60.4,2024-03-01,2027-12-31,2027-12-31,2026-05-01,18,0.0,0
PAIM-10159,(MoRTH) (617987) (-) (10159),Infrastructure & Highways,Ministry of Railways,10159,Andhra Pradesh,2200.63,2200.63,1153.76,52.4,2023-03-01,2028-12-31,2028-12-31,2026-05-01,6,0.0,0
PAIM-617988,section   including Nandyal Bypass      from Km 143/6 to 185/9       NH-167K (MoRTH) (617988),Infrastructure & Highways,Ministry of Railways,617988,Andhra Pradesh,2363.0,2363.0,546.01,23.1,2023-03-01,2028-12-31,2027-12-31,2026-05-01,6,0.0,0
PAIM-10160,(MoRTH) (617988) (-) (10160),Infrastructure & Highways,Ministry of Railways,10160,Andhra Pradesh,960.2,960.2,416.56,43.4,2022-03-01,2028-12-31,2029-12-31,2026-05-01,0,0.0,0
PAIM-617990,road from km.62/700 to 71/400 in Kurnool District in the State of Andhra Pradesh. (MoRTH) (617990),Infrastructure & Highways,Ministry of Railways,617990,Andhra Pradesh,1475.98,1475.98,173.59,11.8,2021-03-01,2027-12-31,2029-12-31,2026-05-01,12,0.0,0
PAIM-617991,"State of Andhra Pradesh under Corridor Approach through Engineering, Procurement (MoRTH) (617991)",Infrastructure & Highways,Ministry of Railways,617991,Andhra Pradesh,3164.28,3164.28,2448.14,77.4,2021-03-01,2026-12-31,2027-12-31,2026-05-01,24,0.0,0
PAIM-618013,4-laning of  Puttaparthi-Koduru Section of NH-342 (MoRTH) (618013),Infrastructure & Highways,Ministry of Railways,618013,Andhra Pradesh,1839.08,1839.08,959.3,52.2,2024-03-01,2027-12-31,2028-12-31,2026-05-01,36,0.0,0
PAIM-10164,(MoRTH) (618013) (-) (10164),Infrastructure & Highways,Ministry of Railways,10164,Andhra Pradesh,3596.53,3596.53,2937.43,81.7,2021-03-01,2028-12-31,2028-12-31,2026-05-01,6,0.0,0
PAIM-618037,section of NH-440 in the State of Andhra Pradesh on EPC mode. (MoRTH) (618037),Infrastructure & Highways,Ministry of Railways,618037,Andhra Pradesh,778.25,778.25,189.84,24.4,2023-03-01,2027-12-31,2027-12-31,2026-05-01,18,0.0,0
PAIM-618052,Andhra Pradesh (MoRTH) (618052),Infrastructure & Highways,Ministry of Railways,618052,Andhra Pradesh,624.9,624.9,280.68,44.9,2021-03-01,2027-12-31,2027-12-31,2026-05-01,18,0.0,0
PAIM-10169,(MoRTH) (618052) (-) (10169),Infrastructure & Highways,Ministry of Railways,10169,Andhra Pradesh,4423.74,4423.74,2541.53,57.5,2024-03-01,2028-12-31,2027-12-31,2026-05-01,24,0.0,0
PAIM-618053,Km    in the State of Andhra Pradesh on EPC mode Job no. 741 (MoRTH) (618053),Infrastructure & Highways,Ministry of Railways,618053,Andhra Pradesh,2117.4,2117.4,369.5,17.5,2021-03-01,2028-12-31,2027-12-31,2026-05-01,12,0.0,0
PAIM-10170,(MoRTH) (618053) (-) (10170),Infrastructure & Highways,Ministry of Railways,10170,Andhra Pradesh,3000.72,3000.72,1563.43,52.1,2022-03-01,2027-12-31,2029-12-31,2026-05-01,6,0.0,0
PAIM-618062,NH-765 Package-2 (MoRTH) (618062),Infrastructure & Highways,Ministry of Railways,618062,Andhra Pradesh,3949.61,3949.61,1824.73,46.2,2021-03-01,2026-12-31,2027-12-31,2026-05-01,24,0.0,0
PAIM-618101,to 4LPS (MoRTH) (618101),Infrastructure & Highways,Ministry of Railways,618101,Andhra Pradesh,2777.35,2777.35,1444.77,52.0,2023-03-01,2026-12-31,2027-12-31,2026-05-01,24,0.0,0
PAIM-10181,(MoRTH) (618101) (-) (10181),Infrastructure & Highways,Ministry of Railways,10181,Andhra Pradesh,3114.54,3114.54,2234.77,71.8,2023-03-01,2026-12-31,2029-12-31,2026-05-01,12,0.0,0
PAIM-618103,Shoulder in (MoRTH) (618103),Infrastructure & Highways,Ministry of Railways,618103,Andhra Pradesh,3626.04,3626.04,855.37,23.6,2023-03-01,2028-12-31,2027-12-31,2026-05-01,0,0.0,0
PAIM-618125,paved Shoulders in the State of Andhra Pradesh under NHO on EPC Mode (MoRTH) (618125),Infrastructure & Highways,Ministry of Railways,618125,Odisha,3983.78,3983.78,662.46,16.6,2024-03-01,2027-12-31,2028-12-31,2026-05-01,0,0.0,0
PAIM-618145,mode Job No. 737 (MoRTH) (618145),Infrastructure & Highways,Ministry of Railways,618145,Andhra Pradesh,4185.58,4185.58,2860.08,68.3,2021-03-01,2028-12-31,2028-12-31,2026-05-01,6,0.0,0
PAIM-10190,(MoRTH) (618145) (N24001263) (10190),Infrastructure & Highways,Ministry of Railways,N24001263,Andhra Pradesh,2973.61,2973.61,1786.33,60.1,2021-03-01,2027-12-31,2027-12-31,2026-05-01,12,0.0,0
PAIM-618161,no. 742 (MoRTH) (618161),Infrastructure & Highways,Ministry of Railways,618161,Andhra Pradesh,478.53,478.53,157.75,33.0,2021-03-01,2026-12-31,2029-12-31,2026-05-01,12,0.0,0
PAIM-10194,(MoRTH) (618161) (N24001416) (10194),Infrastructure & Highways,Ministry of Railways,N24001416,Andhra Pradesh,3832.02,3832.02,1610.62,42.0,2023-03-01,2028-12-31,2029-12-31,2026-05-01,12,0.0,0
PAIM-618191,shoulders in the state of Andhra Pradesh job-729 (MoRTH) (618191),Infrastructure & Highways,Ministry of Railways,618191,Andhra Pradesh,784.68,784.68,239.49,30.5,2023-03-01,2028-12-31,2027-12-31,2026-05-01,18,0.0,0
PAIM-618192,from in the State of Andhra Pradesh on EPC mode (MoRTH) (618192),Infrastructure & Highways,Ministry of Railways,618192,Andhra Pradesh,4279.49,4279.49,3079.89,72.0,2022-03-01,2027-12-31,2028-12-31,2026-05-01,36,0.0,0
PAIM-618193,Under Annual Plan 2023-24 through EPC Mode (MoRTH) (618193),Infrastructure & Highways,Ministry of Railways,618193,Andhra Pradesh,3524.61,3524.61,1055.2,29.9,2024-03-01,2027-12-31,2027-12-31,2026-05-01,6,0.0,0
PAIM-618194,to 102/20 of Kalyandrg - Molakalmuru Section (MoRTH) (618194),Infrastructure & Highways,Ministry of Railways,618194,Andhra Pradesh,440.5,440.5,95.91,21.8,2024-03-01,2026-12-31,2029-12-31,2026-05-01,0,0.0,0
PAIM-618236,NH (MoRTH) (618236),Infrastructure & Highways,Ministry of Railways,618236,Andhra Pradesh,3693.38,3693.38,895.68,24.3,2024-03-01,2026-12-31,2029-12-31,2026-05-01,6,0.0,0
PAIM-618237,Andhra Pradesh under NHDP-IV (MoRTH) (618237),Infrastructure & Highways,Ministry of Railways,618237,Andhra Pradesh,283.48,283.48,181.06,63.9,2024-03-01,2027-12-31,2028-12-31,2026-05-01,0,0.0,0
PAIM-618238,the state of Andhra Pradesh under NHDP-IV (MoRTH) (618238),Infrastructure & Highways,Ministry of Railways,618238,Andhra Pradesh,1259.93,1259.93,725.87,57.6,2022-03-01,2026-12-31,2028-12-31,2026-05-01,18,0.0,0
PAIM-618239,EPC mode. (MoRTH) (618239),Infrastructure & Highways,Ministry of Railways,618239,Andhra Pradesh,3284.01,3284.01,1976.11,60.2,2022-03-01,2026-12-31,2029-12-31,2026-05-01,12,0.0,0
PAIM-618254,on NH-516E (MoRTH) (618254),Infrastructure & Highways,Ministry of Railways,618254,Andhra Pradesh,923.66,923.66,517.5,56.0,2021-03-01,2028-12-31,2029-12-31,2026-05-01,6,0.0,0
PAIM-618255,Two laning with paved shoulders of Lambasingi to Paderusection  of NH 516E (MoRTH) (618255),Infrastructure & Highways,Ministry of Railways,618255,Andhra Pradesh,244.22,244.22,38.39,15.7,2023-03-01,2026-12-31,2027-12-31,2026-05-01,6,0.0,0
PAIM-618256,with the loan assistance of World Bank on EPC mode (MoRTH) (618256),Infrastructure & Highways,Ministry of Railways,618256,Andhra Pradesh,2219.48,2219.48,823.45,37.1,2022-03-01,2027-12-31,2029-12-31,2026-05-01,6,0.0,0
PAIM-618257,with the loan assistance of World Bank on EPC mode (MoRTH) (618257),Infrastructure & Highways,Ministry of Railways,618257,Andhra Pradesh,1255.61,1255.61,535.73,42.7,2023-03-01,2027-12-31,2028-12-31,2026-05-01,24,0.0,0
PAIM-618258,516E (MoRTH) (618258),Infrastructure & Highways,Ministry of Railways,618258,Andhra Pradesh,1537.38,1537.38,695.6,45.2,2024-03-01,2026-12-31,2028-12-31,2026-05-01,0,0.0,0
PAIM-618259,Two laning with paved shoulders of Paderu to GundigudaSection  of NH 516E (MoRTH) (618259),Infrastructure & Highways,Ministry of Railways,618259,Andhra Pradesh,3694.29,3694.29,2680.89,72.6,2024-03-01,2027-12-31,2028-12-31,2026-05-01,36,0.0,0
PAIM-618412,PMDP (NHIDCL) (618412),Infrastructure & Highways,Ministry of Railways,618412,Andhra Pradesh,3939.29,3939.29,1570.18,39.9,2024-03-01,2027-12-31,2027-12-31,2026-05-01,18,0.0,0
PAIM-10304,(NHIDCL) (618412) (N24001256) (10304),Infrastructure & Highways,Ministry of Railways,N24001256,Andhra Pradesh,4249.68,4249.68,3085.53,72.6,2022-03-01,2026-12-31,2029-12-31,2026-05-01,18,0.0,0
PAIM-618475,Baireddypalle to Bangarupalem section (National Highways Authority of India [NHAI]) (618475),Infrastructure & Highways,Ministry of Railways,618475,Andhra Pradesh,2872.85,2872.85,1180.31,41.1,2024-03-01,2026-12-31,2028-12-31,2026-05-01,12,0.0,0
PAIM-10334,(National Highways Authority of India [NHAI]) (618475) (N24001985) (10334),Infrastructure & Highways,Ministry of Railways,N24001985,Andhra Pradesh,2225.39,2225.39,1777.95,79.9,2023-03-01,2027-12-31,2027-12-31,2026-05-01,6,0.0,0
PAIM-618476,Bangarupalem to Gudipala section (National Highways Authority of India [NHAI]) (618476),Infrastructure & Highways,Ministry of Railways,618476,Andhra Pradesh,4431.47,4431.47,3126.43,70.6,2023-03-01,2026-12-31,2028-12-31,2026-05-01,0,0.0,0
PAIM-10335,(National Highways Authority of India [NHAI]) (618476) (N24001821) (10335),Infrastructure & Highways,Ministry of Railways,N24001821,Andhra Pradesh,1238.37,1238.37,525.5,42.4,2024-03-01,2028-12-31,2029-12-31,2026-05-01,24,0.0,0
PAIM-618524,Andhra Pradesh on EPC Mode under NHO. (National Highways Authority of India [NHAI]) (618524),Infrastructure & Highways,Ministry of Railways,618524,Andhra Pradesh,1392.29,1392.29,1033.5,74.2,2024-03-01,2028-12-31,2027-12-31,2026-05-01,12,0.0,0
PAIM-618525,on EPC mode under NHO (National Highways Authority of India [NHAI]) (618525),Infrastructure & Highways,Ministry of Railways,618525,Andhra Pradesh,1083.97,1083.97,275.08,25.4,2022-03-01,2028-12-31,2029-12-31,2026-05-01,0,0.0,0
PAIM-618526,New NH-16 (National Highways Authority of India [NHAI]) (618526),Infrastructure & Highways,Ministry of Railways,618526,Andhra Pradesh,838.78,838.78,586.7,69.9,2023-03-01,2028-12-31,2027-12-31,2026-05-01,36,0.0,0
PAIM-10377,(National Highways Authority of India [NHAI]) (618526) (-) (10377),Infrastructure & Highways,Ministry of Railways,10377,Andhra Pradesh,1446.25,1446.25,550.25,38.0,2022-03-01,2027-12-31,2028-12-31,2026-05-01,18,0.0,0
PAIM-618527,Gundugolanu Section from km. 30.00 to km. 47.881 Pkg-IV (National Highways Authority of India [NHAI]) (618527),Infrastructure & Highways,Ministry of Railways,618527,Andhra Pradesh,4123.65,4123.65,1841.16,44.6,2021-03-01,2026-12-31,2028-12-31,2026-05-01,24,0.0,0
PAIM-10378,(National Highways Authority of India [NHAI]) (618527) (N24001301) (10378),Infrastructure & Highways,Ministry of Railways,N24001301,Andhra Pradesh,1409.49,1409.49,1190.19,84.4,2023-03-01,2026-12-31,2028-12-31,2026-05-01,0,0.0,0
PAIM-618579,NH-16 (National Highways Authority of India [NHAI]) (618579),Infrastructure & Highways,Ministry of Railways,618579,Andhra Pradesh,4076.95,4076.95,3059.89,75.1,2022-03-01,2026-12-31,2029-12-31,2026-05-01,24,0.0,0
PAIM-10415,(National Highways Authority of India [NHAI]) (618579) (-) (10415),Infrastructure & Highways,Ministry of Railways,10415,Andhra Pradesh,976.09,976.09,244.04,25.0,2023-03-01,2027-12-31,2027-12-31,2026-05-01,0,0.0,0
PAIM-618629,Nandigama Bypass and Kanchikacherla bypass (National Highways Authority of India [NHAI]) (618629),Infrastructure & Highways,Ministry of Railways,618629,Andhra Pradesh,3553.44,3553.44,876.92,24.7,2022-03-01,2027-12-31,2028-12-31,2026-05-01,0,0.0,0
PAIM-618633,section (National Highways Authority of India [NHAI]) (618633),Infrastructure & Highways,Ministry of Railways,618633,Andhra Pradesh,3338.6,3338.6,1133.13,33.9,2023-03-01,2028-12-31,2028-12-31,2026-05-01,24,0.0,0
PAIM-12088,(National Highways Authority of India [NHAI]) (618633) (-) (12088),Infrastructure & Highways,Ministry of Railways,12088,Andhra Pradesh,1123.63,1123.63,304.27,27.1,2024-03-01,2026-12-31,2029-12-31,2026-05-01,12,0.0,0
PAIM-618682,Pkg-3 (National Highways Authority of India [NHAI]) (618682),Infrastructure & Highways,Ministry of Railways,618682,Andhra Pradesh,741.34,741.34,262.88,35.5,2021-03-01,2028-12-31,2028-12-31,2026-05-01,0,0.0,0
PAIM-10485,(National Highways Authority of India [NHAI]) (618682) (-) (10485),Infrastructure & Highways,Ministry of Railways,10485,Andhra Pradesh,2441.65,2441.65,658.25,27.0,2022-03-01,2028-12-31,2027-12-31,2026-05-01,24,0.0,0
PAIM-618700,Renigunta - Poyya - Naidupeta km 124.60 to km 183.4 of NH 71 (National Highways Authority of India [NHAI]) (618700),Infrastructure & Highways,Ministry of Railways,618700,Andhra Pradesh,601.02,601.02,451.24,75.1,2024-03-01,2026-12-31,2028-12-31,2026-05-01,18,0.0,0
PAIM-10500,(National Highways Authority of India [NHAI]) (618700) (N24001824) (10500),Infrastructure & Highways,Ministry of Railways,N24001824,Andhra Pradesh,212.36,212.36,97.8,46.1,2022-03-01,2027-12-31,2028-12-31,2026-05-01,0,0.0,0
PAIM-618712,24300 of [NH-544G]  Package-1 (National Highways Authority of India [NHAI]) (618712),Infrastructure & Highways,Ministry of Railways,618712,Andhra Pradesh,3624.24,3624.24,1278.0,35.3,2021-03-01,2026-12-31,2027-12-31,2026-05-01,6,0.0,0
PAIM-10507,(National Highways Authority of India [NHAI]) (618712) (N24001841) (10507),Infrastructure & Highways,Ministry of Railways,N24001841,Andhra Pradesh,3069.6,3069.6,1497.69,48.8,2023-03-01,2027-12-31,2027-12-31,2026-05-01,36,0.0,0
PAIM-618713,Audireddipalle Ch. 160000 of [NH  544G]  Package-6 (National Highways Authority of India [NHAI]) (618713),Infrastructure & Highways,Ministry of Railways,618713,Andhra Pradesh,916.18,916.18,409.32,44.7,2023-03-01,2028-12-31,2028-12-31,2026-05-01,24,0.0,0
PAIM-10508,(National Highways Authority of India [NHAI]) (618713) (N24001846) (10508),Infrastructure & Highways,Ministry of Railways,N24001846,Andhra Pradesh,3321.77,3321.77,1643.37,49.5,2021-03-01,2027-12-31,2028-12-31,2026-05-01,18,0.0,0
PAIM-618714,Yerragudipadu Ch. 129000 of [NH-544G]  Package-5 (National Highways Authority of India [NHAI]) (618714),Infrastructure & Highways,Ministry of Railways,618714,Andhra Pradesh,4417.72,4417.72,1689.73,38.2,2022-03-01,2026-12-31,2029-12-31,2026-05-01,12,0.0,0
PAIM-10509,(National Highways Authority of India [NHAI]) (618714) (N24001845) (10509),Infrastructure & Highways,Ministry of Railways,N24001845,Andhra Pradesh,2718.05,2718.05,680.82,25.0,2024-03-01,2026-12-31,2028-12-31,2026-05-01,18,0.0,0
PAIM-618715,palli Ch. 96300 of [NH-544G]Package-4 (National Highways Authority of India [NHAI]) (618715),Infrastructure & Highways,Ministry of Railways,618715,Andhra Pradesh,4397.63,4397.63,3549.28,80.7,2024-03-01,2028-12-31,2028-12-31,2026-05-01,18,0.0,0
PAIM-10510,(National Highways Authority of India [NHAI]) (618715) (N24001844) (10510),Infrastructure & Highways,Ministry of Railways,N24001844,Andhra Pradesh,4027.07,4027.07,3061.78,76.0,2023-03-01,2026-12-31,2029-12-31,2026-05-01,36,0.0,0
PAIM-618716,Ch. 72000 of [NH-544G]Package-3 (National Highways Authority of India [NHAI]) (618716),Infrastructure & Highways,Ministry of Railways,618716,Andhra Pradesh,2330.71,2330.71,511.35,21.9,2022-03-01,2028-12-31,2029-12-31,2026-05-01,18,0.0,0
PAIM-10511,(National Highways Authority of India [NHAI]) (618716) (N24001843) (10511),Infrastructure & Highways,Ministry of Railways,N24001843,Andhra Pradesh,3179.28,3179.28,593.65,18.7,2022-03-01,2027-12-31,2028-12-31,2026-05-01,36,0.0,0
PAIM-618717,Ch. 45700 of [NH-544G]  Package-2 (National Highways Authority of India [NHAI]) (618717),Infrastructure & Highways,Ministry of Railways,618717,Andhra Pradesh,3784.07,3784.07,1183.71,31.3,2021-03-01,2027-12-31,2027-12-31,2026-05-01,6,0.0,0
PAIM-10512,(National Highways Authority of India [NHAI]) (618717) (N24001842) (10512),Infrastructure & Highways,Ministry of Railways,N24001842,Andhra Pradesh,506.98,506.98,281.9,55.6,2024-03-01,2026-12-31,2028-12-31,2026-05-01,24,0.0,0
PAIM-618718,Narayanmpet Ch. 203500Package-09 (National Highways Authority of India [NHAI]) (618718),Infrastructure & Highways,Ministry of Railways,618718,Andhra Pradesh,564.8,564.8,336.06,59.5,2024-03-01,2028-12-31,2029-12-31,2026-05-01,0,0.0,0
PAIM-10513,(National Highways Authority of India [NHAI]) (618718) (-) (10513),Infrastructure & Highways,Ministry of Railways,10513,Andhra Pradesh,402.74,402.74,87.1,21.6,2024-03-01,2026-12-31,2027-12-31,2026-05-01,18,0.0,0
PAIM-618719,Kavulakuntla Ch. 196000 Package-08 (National Highways Authority of India [NHAI]) (618719),Infrastructure & Highways,Ministry of Railways,618719,Andhra Pradesh,3724.85,3724.85,1290.0,34.6,2021-03-01,2027-12-31,2029-12-31,2026-05-01,18,0.0,0
PAIM-10514,(National Highways Authority of India [NHAI]) (618719) (N24001848) (10514),Infrastructure & Highways,Ministry of Railways,N24001848,Andhra Pradesh,3614.77,3614.77,2662.44,73.7,2023-03-01,2028-12-31,2028-12-31,2026-05-01,36,0.0,0
PAIM-618720,Mallapalle Ch. 176000Package-07 (National Highways Authority of India [NHAI]) (618720),Infrastructure & Highways,Ministry of Railways,618720,Andhra Pradesh,3238.1,3238.1,366.07,11.3,2024-03-01,2027-12-31,2029-12-31,2026-05-01,24,0.0,0
PAIM-10515,(National Highways Authority of India [NHAI]) (618720) (N24001847) (10515),Infrastructure & Highways,Ministry of Railways,N24001847,Andhra Pradesh,3105.51,3105.51,2393.64,77.1,2023-03-01,2026-12-31,2027-12-31,2026-05-01,24,0.0,0
PAIM-618721,Polavaram Ch. 260000of [NH-544G] Package-11 (National Highways Authority of India [NHAI]) (618721),Infrastructure & Highways,Ministry of Railways,618721,Andhra Pradesh,2952.92,2952.92,2238.54,75.8,2023-03-01,2026-12-31,2028-12-31,2026-05-01,24,0.0,0
PAIM-10516,(National Highways Authority of India [NHAI]) (618721) (N24002123) (10516),Infrastructure & Highways,Ministry of Railways,N24002123,Andhra Pradesh,2110.93,2110.93,1516.55,71.8,2021-03-01,2027-12-31,2027-12-31,2026-05-01,12,0.0,0
PAIM-618748,to Gurvaygudem village Design Chainage 105236 to 132664] (National Highways Authority of India [NHAI]) (618748),Infrastructure & Highways,Ministry of Railways,618748,Andhra Pradesh,4139.65,4139.65,2189.98,52.9,2022-03-01,2028-12-31,2027-12-31,2026-05-01,12,0.0,0
PAIM-10535,(National Highways Authority of India [NHAI]) (618748) (N24001476) (10535),Infrastructure & Highways,Ministry of Railways,N24001476,Andhra Pradesh,1407.27,1407.27,606.86,43.1,2023-03-01,2028-12-31,2028-12-31,2026-05-01,36,0.0,0
PAIM-618749,village to Devarapalle village Design Chainage 132664 to 162126 (National Highways Authority of India [NHAI]) (618749),Infrastructure & Highways,Ministry of Railways,618749,Andhra Pradesh,4145.82,4145.82,2951.19,71.2,2022-03-01,2028-12-31,2028-12-31,2026-05-01,36,0.0,0
PAIM-10536,(National Highways Authority of India [NHAI]) (618749) (N24001477) (10536),Infrastructure & Highways,Ministry of Railways,N24001477,Andhra Pradesh,3836.34,3836.34,1143.06,29.8,2021-03-01,2026-12-31,2027-12-31,2026-05-01,0,0.0,0
PAIM-618759,4L PS Mydukur - Badvel from Km 585.820 to Km 630.960 of NH-67 (National Highways Authority of India [NHAI]) (618759),Infrastructure & Highways,Ministry of Railways,618759,Andhra Pradesh,1103.77,1103.77,115.98,10.5,2021-03-01,2028-12-31,2027-12-31,2026-05-01,0,0.0,0
PAIM-10541,(National Highways Authority of India [NHAI]) (618759) (N24001849) (10541),Infrastructure & Highways,Ministry of Railways,N24001849,Andhra Pradesh,1588.96,1588.96,742.76,46.7,2022-03-01,2026-12-31,2029-12-31,2026-05-01,24,0.0,0
PAIM-618777,95.717 of NH-71Package-II (National Highways Authority of India [NHAI]) (618777),Infrastructure & Highways,Ministry of Railways,618777,Andhra Pradesh,2006.54,2006.54,1208.95,60.3,2023-03-01,2027-12-31,2027-12-31,2026-05-01,12,0.0,0
PAIM-10553,(National Highways Authority of India [NHAI]) (618777) (N24001986) (10553),Infrastructure & Highways,Ministry of Railways,N24001986,Andhra Pradesh,1683.36,1683.36,292.14,17.4,2023-03-01,2027-12-31,2028-12-31,2026-05-01,0,0.0,0
PAIM-618778,4L of Madanapalle to Pileru Section from Km 0.000 to Km 55.900 of NH-71Package-I (National Highways Authority of India [,Infrastructure & Highways,Ministry of Railways,618778,Andhra Pradesh,2873.39,2873.39,1716.9,59.8,2022-03-01,2026-12-31,2028-12-31,2026-05-01,6,0.0,0
PAIM-10554,(National Highways Authority of India [NHAI]) (618778) (N24001823) (10554),Infrastructure & Highways,Ministry of Railways,N24001823,Andhra Pradesh,256.48,256.48,48.15,18.8,2021-03-01,2027-12-31,2027-12-31,2026-05-01,18,0.0,0
PAIM-618803,Kakinada Port Connectivity to NH-16 Rajanagaram Junction in East Godavari District (National Highways Authority of India,Infrastructure & Highways,Ministry of Railways,618803,Andhra Pradesh,1642.16,1642.16,510.84,31.1,2023-03-01,2028-12-31,2027-12-31,2026-05-01,24,0.0,0
PAIM-10572,(National Highways Authority of India [NHAI]) (618803) (N24001856) (10572),Infrastructure & Highways,Ministry of Railways,N24001856,Andhra Pradesh,4231.26,4231.26,2679.8,63.3,2022-03-01,2026-12-31,2028-12-31,2026-05-01,0,0.0,0
PAIM-618804,Dedicated Port road to Krishnapatnam Port Package-I from Km. 0.000 to Km. 18.000 (National Highways Authority of India [,Infrastructure & Highways,Ministry of Railways,618804,Andhra Pradesh,4315.99,4315.99,1555.69,36.0,2022-03-01,2026-12-31,2027-12-31,2026-05-01,18,0.0,0
PAIM-618805,6L Connectivity to Port Road from Sabbavaram Sheelanagar-NH516C (National Highways Authority of India [NHAI]) (618805),Infrastructure & Highways,Ministry of Railways,618805,Andhra Pradesh,1470.0,1470.0,551.99,37.6,2024-03-01,2027-12-31,2029-12-31,2026-05-01,36,0.0,0
PAIM-11880,(National Highways Authority of India [NHAI]) (618805) (-) (11880),Infrastructure & Highways,Ministry of Railways,11880,Andhra Pradesh,431.89,431.89,45.1,10.4,2021-03-01,2026-12-31,2028-12-31,2026-05-01,18,0.0,0
PAIM-618806,connectivity road from Convent junction to Sheelanagar Junction (National Highways Authority of India [NHAI]) (618806),Infrastructure & Highways,Ministry of Railways,618806,Andhra Pradesh,304.98,304.98,47.28,15.5,2021-03-01,2028-12-31,2027-12-31,2026-05-01,12,0.0,0
PAIM-10573,(National Highways Authority of India [NHAI]) (618806) (-) (10573),Infrastructure & Highways,Ministry of Railways,10573,Andhra Pradesh,3665.91,3665.91,2113.7,57.7,2024-03-01,2028-12-31,2027-12-31,2026-05-01,6,0.0,0
PAIM-618807,"Part I & 6L  extension of dedicated port road of NH-67 Km 18.0 to Km 19.3, Part II (National Highways Authority of India",Infrastructure & Highways,Ministry of Railways,618807,Andhra Pradesh,740.0,740.0,220.17,29.8,2021-03-01,2027-12-31,2028-12-31,2026-05-01,18,0.0,0
PAIM-10574,(National Highways Authority of India [NHAI]) (618807) (N24001979) (10574),Infrastructure & Highways,Ministry of Railways,N24001979,Andhra Pradesh,1969.16,1969.16,693.59,35.2,2024-03-01,2028-12-31,2027-12-31,2026-05-01,24,0.0,0
PAIM-618826,Pkg-1 (National Highways Authority of India [NHAI]) (618826),Infrastructure & Highways,Ministry of Railways,618826,Andhra Pradesh,1379.77,1379.77,656.44,47.6,2024-03-01,2028-12-31,2027-12-31,2026-05-01,18,0.0,0
PAIM-10590,(National Highways Authority of India [NHAI]) (618826) (N24001980) (10590),Infrastructure & Highways,Ministry of Railways,N24001980,Andhra Pradesh,1524.94,1524.94,1260.83,82.7,2024-03-01,2028-12-31,2027-12-31,2026-05-01,12,0.0,0
PAIM-618827,Pkg-2 (National Highways Authority of India [NHAI]) (618827),Infrastructure & Highways,Ministry of Railways,618827,Andhra Pradesh,1176.56,1176.56,397.22,33.8,2024-03-01,2026-12-31,2027-12-31,2026-05-01,6,0.0,0
PAIM-10591,(National Highways Authority of India [NHAI]) (618827) (N24001983) (10591),Infrastructure & Highways,Ministry of Railways,N24001983,Andhra Pradesh,2241.0,2241.0,1307.26,58.3,2022-03-01,2027-12-31,2027-12-31,2026-05-01,0,0.0,0
PAIM-618919,Km.73.000/Design Km 66.115 of NH340C  Package2 (National Highways Authority of India [NHAI]) (618919),Infrastructure & Highways,Ministry of Railways,618919,Andhra Pradesh,3053.35,3053.35,1271.38,41.6,2022-03-01,2028-12-31,2028-12-31,2026-05-01,0,0.0,0
PAIM-10665,(National Highways Authority of India [NHAI]) (618919) (N24001984) (10665),Infrastructure & Highways,Ministry of Railways,N24001984,Andhra Pradesh,4188.4,4188.4,2454.29,58.6,2023-03-01,2027-12-31,2028-12-31,2026-05-01,18,0.0,0
PAIM-618920,with Paved Shoulders from Mallavaram to Renigunta (National Highways Authority of India [NHAI]) (618920),Infrastructure & Highways,Ministry of Railways,618920,Andhra Pradesh,3418.16,3418.16,941.92,27.6,2024-03-01,2026-12-31,2028-12-31,2026-05-01,18,0.0,0
PAIM-10666,(National Highways Authority of India [NHAI]) (618920) (-) (10666),Infrastructure & Highways,Ministry of Railways,10666,Andhra Pradesh,1630.04,1630.04,714.71,43.8,2023-03-01,2026-12-31,2028-12-31,2026-05-01,12,0.0,0
PAIM-619076,Gundugolanu Section from km. 0.00 to km. 30.00 Pkg-III (National Highways Authority of India [NHAI]) (619076),Infrastructure & Highways,Ministry of Railways,619076,Andhra Pradesh,4303.96,4303.96,2514.71,58.4,2024-03-01,2026-12-31,2027-12-31,2026-05-01,0,0.0,0
PAIM-11766,(National Highways Authority of India [NHAI]) (619076) (-) (11766),Infrastructure & Highways,Ministry of Railways,11766,Andhra Pradesh,2368.09,2368.09,920.52,38.9,2023-03-01,2028-12-31,2029-12-31,2026-05-01,24,0.0,0
PAIM-619102,Renigunta section (National Highways Authority of India [NHAI]) (619102),Infrastructure & Highways,Ministry of Railways,619102,Andhra Pradesh,3047.77,3047.77,508.28,16.7,2021-03-01,2027-12-31,2028-12-31,2026-05-01,36,0.0,0
PAIM-12087,(National Highways Authority of India [NHAI]) (619102) (-) (12087),Infrastructure & Highways,Ministry of Railways,12087,Andhra Pradesh,4390.25,4390.25,3223.75,73.4,2021-03-01,2026-12-31,2029-12-31,2026-05-01,6,0.0,0
PAIM-619111,2 (National Highways Authority of India [NHAI]) (619111),Infrastructure & Highways,Ministry of Railways,619111,Andhra Pradesh,2156.75,2156.75,1825.02,84.6,2024-03-01,2027-12-31,2029-12-31,2026-05-01,12,0.0,0
PAIM-11785,(National Highways Authority of India [NHAI]) (619111) (N24001837) (11785),Infrastructure & Highways,Ministry of Railways,N24001837,Andhra Pradesh,3402.52,3402.52,774.94,22.8,2021-03-01,2026-12-31,2028-12-31,2026-05-01,12,0.0,0
PAIM-619112,464.662 Pkg-4 (National Highways Authority of India [NHAI]) (619112),Infrastructure & Highways,Ministry of Railways,619112,Andhra Pradesh,648.13,648.13,426.86,65.9,2023-03-01,2028-12-31,2029-12-31,2026-05-01,18,0.0,0
PAIM-11786,(National Highways Authority of India [NHAI]) (619112) (N24001836) (11786),Infrastructure & Highways,Ministry of Railways,N24001836,Andhra Pradesh,3677.3,3677.3,2205.65,60.0,2021-03-01,2026-12-31,2027-12-31,2026-05-01,6,0.0,0
PAIM-619123,Chandrasekharpuram Ch. 228000Package-10 (National Highways Authority of India [NHAI]) (619123),Infrastructure & Highways,Ministry of Railways,619123,Andhra Pradesh,3550.42,3550.42,1464.4,41.2,2021-03-01,2026-12-31,2027-12-31,2026-05-01,12,0.0,0
PAIM-11792,(National Highways Authority of India [NHAI]) (619123) (N24002122) (11792),Infrastructure & Highways,Ministry of Railways,N24002122,Andhra Pradesh,4341.66,4341.66,3056.25,70.4,2023-03-01,2027-12-31,2027-12-31,2026-05-01,0,0.0,0
PAIM-619124,Ch. 285500 of [NH-544G]Package-12 (National Highways Authority of India [NHAI]) (619124),Infrastructure & Highways,Ministry of Railways,619124,Andhra Pradesh,3969.02,3969.02,1470.54,37.1,2021-03-01,2026-12-31,2027-12-31,2026-05-01,18,0.0,0
PAIM-11793,(National Highways Authority of India [NHAI]) (619124) (N24002124) (11793),Infrastructure & Highways,Ministry of Railways,N24002124,Andhra Pradesh,860.39,860.39,397.73,46.2,2023-03-01,2028-12-31,2029-12-31,2026-05-01,24,0.0,0
PAIM-619125,Muppavaram Ch.343240 of [NH-544G] Package-14 (National Highways Authority of India [NHAI]) (619125),Infrastructure & Highways,Ministry of Railways,619125,Andhra Pradesh,3249.77,3249.77,925.32,28.5,2023-03-01,2027-12-31,2028-12-31,2026-05-01,12,0.0,0
PAIM-11794,(National Highways Authority of India [NHAI]) (619125) (N24002126) (11794),Infrastructure & Highways,Ministry of Railways,N24002126,Andhra Pradesh,265.96,265.96,115.14,43.3,2022-03-01,2028-12-31,2029-12-31,2026-05-01,6,0.0,0
PAIM-619126,Somavarappadu Ch. 314600 of [NH-544G] Package-13 (National Highways Authority of India [NHAI]) (619126),Infrastructure & Highways,Ministry of Railways,619126,Andhra Pradesh,1126.38,1126.38,899.49,79.9,2024-03-01,2028-12-31,2027-12-31,2026-05-01,18,0.0,0
PAIM-11795,(National Highways Authority of India [NHAI]) (619126) (N24002125) (11795),Infrastructure & Highways,Ministry of Railways,N24002125,Andhra Pradesh,1577.78,1577.78,1099.82,69.7,2021-03-01,2027-12-31,2029-12-31,2026-05-01,0,0.0,0
PAIM-619140,6L of Naidupeta Junction - Turpukanupur Section from km 57.046 to km 91.927 (National Highways Authority of India [NHAI],Infrastructure & Highways,Ministry of Railways,619140,Andhra Pradesh,2107.88,2107.88,951.09,45.1,2021-03-01,2026-12-31,2029-12-31,2026-05-01,0,0.0,0
PAIM-11806,(National Highways Authority of India [NHAI]) (619140) (N24001981) (11806),Infrastructure & Highways,Ministry of Railways,N24001981,Andhra Pradesh,3148.91,3148.91,457.89,14.5,2022-03-01,2028-12-31,2027-12-31,2026-05-01,36,0.0,0
PAIM-619141,Pradesh on HAM Mode under Bharatmala Pariyojana Phase I (National Highways Authority of India [NHAI]) (619141),Infrastructure & Highways,Ministry of Railways,619141,Andhra Pradesh,1621.74,1621.74,1072.72,66.1,2023-03-01,2027-12-31,2028-12-31,2026-05-01,6,0.0,0
PAIM-11807,(National Highways Authority of India [NHAI]) (619141) (N24002033) (11807),Infrastructure & Highways,Ministry of Railways,N24002033,Andhra Pradesh,2661.25,2661.25,977.3,36.7,2023-03-01,2026-12-31,2027-12-31,2026-05-01,0,0.0,0
PAIM-619160,Balance works in AP Portion and punch list items in TN & AP portion of NH-205 (National Highways Authority of India [NHA,Infrastructure & Highways,Ministry of Railways,619160,Andhra Pradesh,3444.74,3444.74,1164.44,33.8,2024-03-01,2027-12-31,2027-12-31,2026-05-01,6,0.0,0
PAIM-10300,(NHIDCL) (618401) (-) (10300),Infrastructure & Highways,Ministry of Railways,10300,Multi-State,2360.92,2360.92,617.05,26.1,2021-03-01,2027-12-31,2029-12-31,2026-05-01,12,0.0,0
PAIM-10301,(NHIDCL) (618402) (N24002222) (10301),Infrastructure & Highways,Ministry of Railways,N24002222,Multi-State,4242.29,4242.29,2675.32,63.1,2022-03-01,2028-12-31,2029-12-31,2026-05-01,36,0.0,0
PAIM-10302,(NHIDCL) (618404) (-) (10302),Infrastructure & Highways,Ministry of Railways,10302,Multi-State,1202.31,1202.31,133.2,11.1,2021-03-01,2027-12-31,2028-12-31,2026-05-01,18,0.0,0
PAIM-10303,(NHIDCL) (618405) (N24002224) (10303),Infrastructure & Highways,Ministry of Railways,N24002224,Multi-State,2371.31,2371.31,1177.41,49.7,2022-03-01,2028-12-31,2028-12-31,2026-05-01,18,0.0,0
PAIM-10309,(NHIDCL) (618434) (N24000946) (10309),Infrastructure & Highways,Ministry of Railways,N24000946,Multi-State,1087.65,1087.65,719.39,66.1,2024-03-01,2027-12-31,2028-12-31,2026-05-01,24,0.0,0
PAIM-10132,(MoRTH) (617895) (N24001840) (10132),Infrastructure & Highways,Ministry of Railways,N24001840,Assam,1010.97,1010.97,821.3,81.2,2024-03-01,2026-12-31,2029-12-31,2026-05-01,24,0.0,0
PAIM-10237,(NHIDCL) (618282) (N24002023) (10237),Infrastructure & Highways,Ministry of Railways,N24002023,Assam,3616.53,3616.53,848.77,23.5,2024-03-01,2028-12-31,2027-12-31,2026-05-01,36,0.0,0
PAIM-10238,(NHIDCL) (618283) (N24002022) (10238),Infrastructure & Highways,Ministry of Railways,N24002022,Assam,3946.39,3946.39,2061.11,52.2,2021-03-01,2027-12-31,2028-12-31,2026-05-01,6,0.0,0
PAIM-10239,(NHIDCL) (618284) (N24002021) (10239),Infrastructure & Highways,Ministry of Railways,N24002021,Assam,3274.2,3274.2,1287.37,39.3,2023-03-01,2028-12-31,2029-12-31,2026-05-01,24,0.0,0
PAIM-10240,(NHIDCL) (618286) (N24001434) (10240),Infrastructure & Highways,Ministry of Railways,N24001434,Assam,2782.81,2782.81,1442.12,51.8,2022-03-01,2028-12-31,2029-12-31,2026-05-01,0,0.0,0
PAIM-10241,(NHIDCL) (618287) (N24002229) (10241),Infrastructure & Highways,Ministry of Railways,N24002229,Assam,4242.47,4242.47,2044.17,48.2,2024-03-01,2026-12-31,2028-12-31,2026-05-01,18,0.0,0
PAIM-10242,(NHIDCL) (618288) (N24002225) (10242),Infrastructure & Highways,Ministry of Railways,N24002225,Assam,2312.46,2312.46,653.37,28.3,2023-03-01,2028-12-31,2029-12-31,2026-05-01,6,0.0,0
PAIM-10247,(NHIDCL) (618308) (N24002154) (10247),Infrastructure & Highways,Ministry of Railways,N24002154,Assam,2093.56,2093.56,1258.04,60.1,2021-03-01,2027-12-31,2029-12-31,2026-05-01,12,0.0,0
PAIM-10248,(NHIDCL) (618309) (-) (10248),Infrastructure & Highways,Ministry of Railways,10248,Assam,3579.96,3579.96,2753.94,76.9,2024-03-01,2028-12-31,2028-12-31,2026-05-01,18,0.0,0
PAIM-10249,(NHIDCL) (618310) (N24002231) (10249),Infrastructure & Highways,Ministry of Railways,N24002231,Assam,2022.82,2022.82,1064.32,52.6,2022-03-01,2027-12-31,2027-12-31,2026-05-01,36,0.0,0
PAIM-10250,(NHIDCL) (618311) (N24002230) (10250),Infrastructure & Highways,Ministry of Railways,N24002230,Assam,3333.18,3333.18,505.26,15.2,2024-03-01,2027-12-31,2028-12-31,2026-05-01,0,0.0,0
PAIM-10251,(NHIDCL) (618312) (N24002243) (10251),Infrastructure & Highways,Ministry of Railways,N24002243,Assam,2743.6,2743.6,1614.83,58.9,2022-03-01,2026-12-31,2028-12-31,2026-05-01,0,0.0,0
PAIM-10252,(NHIDCL) (618313) (-) (10252),Infrastructure & Highways,Ministry of Railways,10252,Assam,3665.6,3665.6,1894.07,51.7,2024-03-01,2028-12-31,2029-12-31,2026-05-01,12,0.0,0
PAIM-10253,(NHIDCL) (618314) (N24002128) (10253),Infrastructure & Highways,Ministry of Railways,N24002128,Assam,3819.51,3819.51,2162.57,56.6,2024-03-01,2028-12-31,2027-12-31,2026-05-01,12,0.0,0
PAIM-10254,(NHIDCL) (618315) (N24002127) (10254),Infrastructure & Highways,Ministry of Railways,N24002127,Assam,2575.32,2575.32,1936.24,75.2,2024-03-01,2027-12-31,2029-12-31,2026-05-01,6,0.0,0
PAIM-10261,(NHIDCL) (618326) (N24001450) (10261),Infrastructure & Highways,Ministry of Railways,N24001450,Assam,3235.55,3235.55,2409.03,74.5,2021-03-01,2026-12-31,2028-12-31,2026-05-01,24,0.0,0
PAIM-10262,(NHIDCL) (618327) (N24001450) (10262),Infrastructure & Highways,Ministry of Railways,N24001450,Assam,3408.17,3408.17,376.44,11.0,2021-03-01,2027-12-31,2028-12-31,2026-05-01,36,0.0,0
PAIM-10265,(NHIDCL) (618330) (N24001263) (10265),Infrastructure & Highways,Ministry of Railways,N24001263,Assam,1907.38,1907.38,762.21,40.0,2023-03-01,2027-12-31,2028-12-31,2026-05-01,12,0.0,0
PAIM-10266,(NHIDCL) (618331) (N24002226) (10266),Infrastructure & Highways,Ministry of Railways,N24002226,Assam,2627.73,2627.73,433.81,16.5,2024-03-01,2027-12-31,2029-12-31,2026-05-01,24,0.0,0
PAIM-10273,(NHIDCL) (618351) (N24001971) (10273),Infrastructure & Highways,Ministry of Railways,N24001971,Assam,1128.81,1128.81,465.87,41.3,2024-03-01,2028-12-31,2027-12-31,2026-05-01,0,0.0,0
PAIM-10274,(NHIDCL) (618352) (N24001970) (10274),Infrastructure & Highways,Ministry of Railways,N24001970,Assam,407.85,407.85,253.24,62.1,2024-03-01,2026-12-31,2028-12-31,2026-05-01,0,0.0,0
PAIM-10275,(NHIDCL) (618353) (N24001969) (10275),Infrastructure & Highways,Ministry of Railways,N24001969,Assam,1402.33,1402.33,1167.07,83.2,2021-03-01,2027-12-31,2029-12-31,2026-05-01,24,0.0,0
PAIM-10276,(NHIDCL) (618354) (N24002130) (10276),Infrastructure & Highways,Ministry of Railways,N24002130,Assam,4055.96,4055.96,2484.95,61.3,2021-03-01,2026-12-31,2028-12-31,2026-05-01,24,0.0,0
PAIM-10285,(NHIDCL) (618371) (N24001831) (10285),Infrastructure & Highways,Ministry of Railways,N24001831,Assam,1280.04,1280.04,801.13,62.6,2022-03-01,2026-12-31,2029-12-31,2026-05-01,36,0.0,0
PAIM-10286,(NHIDCL) (618372) (N24001544) (10286),Infrastructure & Highways,Ministry of Railways,N24001544,Assam,3681.28,3681.28,379.16,10.3,2021-03-01,2028-12-31,2029-12-31,2026-05-01,6,0.0,0
PAIM-10287,(NHIDCL) (618373) (N24001326) (10287),Infrastructure & Highways,Ministry of Railways,N24001326,Assam,3889.76,3889.76,752.08,19.3,2022-03-01,2026-12-31,2028-12-31,2026-05-01,36,0.0,0
PAIM-10310,(NHIDCL) (618436) (N24000431) (10310),Infrastructure & Highways,Ministry of Railways,N24000431,Assam,3543.68,3543.68,1186.96,33.5,2022-03-01,2026-12-31,2027-12-31,2026-05-01,6,0.0,0
PAIM-10313,(NHIDCL) (618454) (N24002030) (10313),Infrastructure & Highways,Ministry of Railways,N24002030,Assam,3392.34,3392.34,1690.31,49.8,2023-03-01,2027-12-31,2029-12-31,2026-05-01,24,0.0,0
PAIM-10314,(NHIDCL) (618455) (N24002030) (10314),Infrastructure & Highways,Ministry of Railways,N24002030,Assam,563.38,563.38,425.15,75.5,2022-03-01,2028-12-31,2027-12-31,2026-05-01,6,0.0,0
PAIM-10693,(National Highways Authority of India [NHAI]) (618958) (-) (10693),Infrastructure & Highways,Ministry of Railways,10693,Assam,3318.78,3318.78,2560.21,77.1,2023-03-01,2026-12-31,2027-12-31,2026-05-01,24,0.0,0
PAIM-10807,(NHIDCL) (619013) (N24000320) (10807),Infrastructure & Highways,Ministry of Railways,N24000320,Assam,2911.14,2911.14,457.6,15.7,2023-03-01,2028-12-31,2027-12-31,2026-05-01,0,0.0,0
PAIM-11755,(NHIDCL) (619057) (N24002129) (11755),Infrastructure & Highways,Ministry of Railways,N24002129,Assam,2918.49,2918.49,2014.62,69.0,2023-03-01,2028-12-31,2029-12-31,2026-05-01,12,0.0,0
PAIM-11756,(NHIDCL) (619060) (N24000320) (11756),Infrastructure & Highways,Ministry of Railways,N24000320,Assam,1932.24,1932.24,1009.87,52.3,2024-03-01,2026-12-31,2028-12-31,2026-05-01,12,0.0,0
PAIM-11770,(NHAI) (619089) (N24001547) (11770),Infrastructure & Highways,Ministry of Railways,N24001547,Assam,354.6,354.6,218.88,61.7,2024-03-01,2027-12-31,2027-12-31,2026-05-01,0,0.0,0
PAIM-617897,EPC mode connecting NH 19 to 85 origin (MoRTH) (617897),Infrastructure & Highways,Ministry of Railways,617897,Bihar,942.63,942.63,358.45,38.0,2023-03-01,2027-12-31,2028-12-31,2026-05-01,18,0.0,0
PAIM-617958,Widening & Strenthening from km132.895 to km 190.15 NH-80 (MoRTH) (617958),Infrastructure & Highways,Ministry of Railways,617958,Bihar,2974.24,2974.24,1322.8,44.5,2024-03-01,2028-12-31,2029-12-31,2026-05-01,18,0.0,0
PAIM-10151,(MoRTH) (617958) (N24001876) (10151),Infrastructure & Highways,Ministry of Railways,N24001876,Bihar,931.38,931.38,513.83,55.2,2022-03-01,2028-12-31,2028-12-31,2026-05-01,0,0.0,0
PAIM-617959,on EPC Mode in the State of Bihar. (MoRTH) (617959),Infrastructure & Highways,Ministry of Railways,617959,Bihar,4210.27,4210.27,3133.28,74.4,2024-03-01,2026-12-31,2027-12-31,2026-05-01,24,0.0,0
PAIM-617961,Gaya-Hisua-Rajgir-Nalanda-Biharsharif section km0.00 to 92.935 NH-82 (MoRTH) (617961),Infrastructure & Highways,Ministry of Railways,617961,Bihar,1665.0,1665.0,240.3,14.4,2023-03-01,2027-12-31,2027-12-31,2026-05-01,12,0.0,0
PAIM-10152,(MoRTH) (617961) (N24000579) (10152),Infrastructure & Highways,Ministry of Railways,N24000579,Bihar,4434.33,4434.33,1532.22,34.6,2023-03-01,2027-12-31,2027-12-31,2026-05-01,12,0.0,0
PAIM-617966,NHIIP-BR-106-7 [NHIIP-BR-106-7] (MoRTH) (617966),Infrastructure & Highways,Ministry of Railways,617966,Bihar,1399.19,1399.19,814.47,58.2,2023-03-01,2027-12-31,2029-12-31,2026-05-01,6,0.0,0
PAIM-10153,(MoRTH) (617966) (N24000382) (10153),Infrastructure & Highways,Ministry of Railways,N24000382,Bihar,730.98,730.98,218.48,29.9,2022-03-01,2028-12-31,2027-12-31,2026-05-01,6,0.0,0
PAIM-617969,Islampur IPR section in the state of Bihar on EPC mode. (MoRTH) (617969),Infrastructure & Highways,Ministry of Railways,617969,Bihar,2392.01,2392.01,502.07,21.0,2022-03-01,2026-12-31,2029-12-31,2026-05-01,0,0.0,0
PAIM-618004,16.150 Kmunder EPC mode in the state of Bihar (MoRTH) (618004),Infrastructure & Highways,Ministry of Railways,618004,Bihar,2017.72,2017.72,321.21,15.9,2024-03-01,2026-12-31,2028-12-31,2026-05-01,12,0.0,0
PAIM-618005,Sheohar-Sitamarhi Section km 40.000 to 79.400 km Lot-I (MoRTH) (618005),Infrastructure & Highways,Ministry of Railways,618005,Bihar,1064.28,1064.28,115.64,10.9,2022-03-01,2027-12-31,2029-12-31,2026-05-01,0,0.0,0
PAIM-618006,Sitamarhi-Jaynagar Section km 79.400 to km 156.500 Lot-II (MoRTH) (618006),Infrastructure & Highways,Ministry of Railways,618006,Bihar,3818.25,3818.25,1714.15,44.9,2022-03-01,2027-12-31,2027-12-31,2026-05-01,12,0.0,0
PAIM-10161,(MoRTH) (618006) (N24001590) (10161),Infrastructure & Highways,Ministry of Railways,N24001590,Bihar,1793.81,1793.81,583.28,32.5,2021-03-01,2026-12-31,2027-12-31,2026-05-01,12,0.0,0
PAIM-618007,Jaynagar-Narahia Section km 156.500 to km 219.945 Lot-III (MoRTH) (618007),Infrastructure & Highways,Ministry of Railways,618007,Bihar,2795.92,2795.92,463.28,16.6,2024-03-01,2026-12-31,2029-12-31,2026-05-01,12,0.0,0
PAIM-10162,(MoRTH) (618007) (N24001792) (10162),Infrastructure & Highways,Ministry of Railways,N24001792,Bihar,3752.26,3752.26,2406.01,64.1,2022-03-01,2027-12-31,2028-12-31,2026-05-01,36,0.0,0
PAIM-618073,Km 29.730 of NH 122 B in the State of Bihar. (MoRTH) (618073),Infrastructure & Highways,Ministry of Railways,618073,Bihar,3762.78,3762.78,2926.49,77.8,2024-03-01,2028-12-31,2028-12-31,2026-05-01,6,0.0,0
PAIM-618074,under EPC mode (MoRTH) (618074),Infrastructure & Highways,Ministry of Railways,618074,Bihar,2609.23,2609.23,1960.4,75.1,2022-03-01,2028-12-31,2028-12-31,2026-05-01,12,0.0,0
PAIM-10173,(MoRTH) (618074) (N24001870) (10173),Infrastructure & Highways,Ministry of Railways,N24001870,Bihar,1132.31,1132.31,574.03,50.7,2023-03-01,2027-12-31,2028-12-31,2026-05-01,18,0.0,0
PAIM-618080,under EPC mode in the state of Bihar (MoRTH) (618080),Infrastructure & Highways,Ministry of Railways,618080,Bihar,3730.9,3730.9,854.89,22.9,2021-03-01,2026-12-31,2029-12-31,2026-05-01,36,0.0,0
PAIM-618120,Package - 2 in the State of Bihar on EPC Mode. (MoRTH) (618120),Infrastructure & Highways,Ministry of Railways,618120,Bihar,1115.56,1115.56,414.85,37.2,2022-03-01,2027-12-31,2029-12-31,2026-05-01,24,0.0,0
PAIM-618121,state of Bihar under EPC mode (MoRTH) (618121),Infrastructure & Highways,Ministry of Railways,618121,Bihar,2212.52,2212.52,429.13,19.4,2022-03-01,2027-12-31,2027-12-31,2026-05-01,36,0.0,0
PAIM-618126,length-14.359 Km to two lane with paved shoulders standard in State of Bihar. (MoRTH) (618126),Infrastructure & Highways,Ministry of Railways,618126,Bihar,3791.36,3791.36,2532.61,66.8,2023-03-01,2026-12-31,2027-12-31,2026-05-01,18,0.0,0
PAIM-618146,from km 3.500 to 43.000 of NH 527 E on EPC mode in State of Bihar (MoRTH) (618146),Infrastructure & Highways,Ministry of Railways,618146,Bihar,3376.0,3376.0,1664.74,49.3,2024-03-01,2027-12-31,2029-12-31,2026-05-01,36,0.0,0
PAIM-618228,0.00 to km 14.500 across river Ganga on NH-19 at Patna in the state of Bihar. (MoRTH) (618228),Infrastructure & Highways,Ministry of Railways,618228,Bihar,4092.59,4092.59,2818.38,68.9,2022-03-01,2027-12-31,2028-12-31,2026-05-01,6,0.0,0
PAIM-10221,(MoRTH) (618228) (N24001201) (10221),Infrastructure & Highways,Ministry of Railways,N24001201,Bihar,2050.43,2050.43,475.48,23.2,2022-03-01,2026-12-31,2028-12-31,2026-05-01,12,0.0,0
PAIM-618234,EPC mode (MoRTH) (618234),Infrastructure & Highways,Ministry of Railways,618234,Bihar,4332.44,4332.44,3679.25,84.9,2024-03-01,2026-12-31,2027-12-31,2026-05-01,18,0.0,0
PAIM-10223,(MoRTH) (618234) (N24000943) (10223),Infrastructure & Highways,Ministry of Railways,N24000943,Bihar,4438.02,4438.02,2268.17,51.1,2021-03-01,2027-12-31,2029-12-31,2026-05-01,36,0.0,0
PAIM-618246,Bihar (MoRTH) (618246),Infrastructure & Highways,Ministry of Railways,618246,Bihar,4127.95,4127.95,3137.56,76.0,2024-03-01,2027-12-31,2027-12-31,2026-05-01,0,0.0,0
PAIM-10226,(MoRTH) (618246) (N24001877) (10226),Infrastructure & Highways,Ministry of Railways,N24001877,Bihar,3637.71,3637.71,2680.43,73.7,2023-03-01,2027-12-31,2029-12-31,2026-05-01,0,0.0,0
PAIM-618250,Bihar (MoRTH) (618250),Infrastructure & Highways,Ministry of Railways,618250,Bihar,980.66,980.66,441.21,45.0,2021-03-01,2027-12-31,2028-12-31,2026-05-01,24,0.0,0
PAIM-10228,(MoRTH) (618250) (N24002194) (10228),Infrastructure & Highways,Ministry of Railways,N24002194,Bihar,4368.0,4368.0,741.96,17.0,2021-03-01,2027-12-31,2028-12-31,2026-05-01,24,0.0,0
PAIM-618251,Annuity Model HAM basis (MoRTH) (618251),Infrastructure & Highways,Ministry of Railways,618251,Bihar,1007.93,1007.93,444.3,44.1,2022-03-01,2027-12-31,2028-12-31,2026-05-01,12,0.0,0
PAIM-10229,(MoRTH) (618251) (-) (10229),Infrastructure & Highways,Ministry of Railways,10229,Bihar,2498.16,2498.16,880.13,35.2,2024-03-01,2026-12-31,2029-12-31,2026-05-01,0,0.0,0
PAIM-618569,Balance work - WB-10 Gandak Bridge Km 402.00 to Km 440.00 Devanpur - Kotwa (National Highways Authority of India [NHAI]),Infrastructure & Highways,Ministry of Railways,618569,Bihar,2205.67,2205.67,794.24,36.0,2024-03-01,2028-12-31,2028-12-31,2026-05-01,0,0.0,0
PAIM-618570,384.000 to Km. 386.750 on NH-27 (National Highways Authority of India [NHAI]) (618570),Infrastructure & Highways,Ministry of Railways,618570,Bihar,2290.48,2290.48,1613.76,70.5,2022-03-01,2027-12-31,2028-12-31,2026-05-01,6,0.0,0
PAIM-618571,km.520.000 Total length 80.00Km (National Highways Authority of India [NHAI]) (618571),Infrastructure & Highways,Ministry of Railways,618571,Bihar,2534.09,2534.09,1519.62,60.0,2022-03-01,2026-12-31,2027-12-31,2026-05-01,12,0.0,0
PAIM-618582,NH327E (National Highways Authority of India [NHAI]) (618582),Infrastructure & Highways,Ministry of Railways,618582,Bihar,1109.73,1109.73,654.75,59.0,2023-03-01,2026-12-31,2027-12-31,2026-05-01,12,0.0,0
PAIM-10418,(National Highways Authority of India [NHAI]) (618582) (-) (10418),Infrastructure & Highways,Ministry of Railways,10418,Bihar,2467.76,2467.76,363.53,14.7,2022-03-01,2026-12-31,2027-12-31,2026-05-01,0,0.0,0
PAIM-618583,327E (National Highways Authority of India [NHAI]) (618583),Infrastructure & Highways,Ministry of Railways,618583,Bihar,2280.68,2280.68,856.08,37.5,2023-03-01,2028-12-31,2027-12-31,2026-05-01,12,0.0,0
PAIM-10419,(National Highways Authority of India [NHAI]) (618583) (-) (10419),Infrastructure & Highways,Ministry of Railways,10419,Bihar,1750.6,1750.6,649.27,37.1,2023-03-01,2028-12-31,2027-12-31,2026-05-01,0,0.0,0
PAIM-618725,Anarbansalea village From KM. 116000 to KM. 151200 Package-6 (National Highways Authority of India [NHAI]) (618725),Infrastructure & Highways,Ministry of Railways,618725,Bihar,3952.39,3952.39,2464.41,62.4,2023-03-01,2028-12-31,2027-12-31,2026-05-01,0,0.0,0
PAIM-10520,(National Highways Authority of India [NHAI]) (618725) (-) (10520),Infrastructure & Highways,Ministry of Railways,10520,Bihar,2821.46,2821.46,2316.75,82.1,2021-03-01,2026-12-31,2027-12-31,2026-05-01,12,0.0,0
PAIM-618726,village from Km. 27.000 to Km. 54.000 Pkg-2 (National Highways Authority of India [NHAI]) (618726),Infrastructure & Highways,Ministry of Railways,618726,Bihar,3184.88,3184.88,1968.59,61.8,2021-03-01,2028-12-31,2027-12-31,2026-05-01,36,0.0,0
PAIM-10521,(National Highways Authority of India [NHAI]) (618726) (-) (10521),Infrastructure & Highways,Ministry of Railways,10521,Bihar,3840.64,3840.64,1404.54,36.6,2024-03-01,2026-12-31,2029-12-31,2026-05-01,12,0.0,0
PAIM-618727,road in Bhairopur village to Konki village From KM. 54.000 to KM. 90.000Pkg-3 (National Highways Authority of India [NHA,Infrastructure & Highways,Ministry of Railways,618727,Bihar,2497.31,2497.31,646.31,25.9,2024-03-01,2026-12-31,2028-12-31,2026-05-01,6,0.0,0
PAIM-10522,(National Highways Authority of India [NHAI]) (618727) (-) (10522),Infrastructure & Highways,Ministry of Railways,10522,Bihar,3296.5,3296.5,1294.63,39.3,2024-03-01,2027-12-31,2027-12-31,2026-05-01,0,0.0,0
PAIM-618738,131G starting from Km 8.480 near Sherpur to Km 23.000 near Dighwara (National Highways Authority of India [NHAI]) (61873,Infrastructure & Highways,Ministry of Railways,618738,Bihar,3096.87,3096.87,564.9,18.2,2021-03-01,2027-12-31,2028-12-31,2026-05-01,12,0.0,0
PAIM-10527,(National Highways Authority of India [NHAI]) (618738) (N24002062) (10527),Infrastructure & Highways,Ministry of Railways,N24002062,Bihar,2154.39,2154.39,1027.32,47.7,2024-03-01,2028-12-31,2028-12-31,2026-05-01,24,0.0,0
PAIM-618739,119 D Pkg-I (National Highways Authority of India [NHAI]) (618739),Infrastructure & Highways,Ministry of Railways,618739,Bihar,4448.9,4448.9,1234.53,27.7,2022-03-01,2026-12-31,2028-12-31,2026-05-01,12,0.0,0
PAIM-10528,(National Highways Authority of India [NHAI]) (618739) (N24002065) (10528),Infrastructure & Highways,Ministry of Railways,N24002065,Bihar,3219.99,3219.99,2604.6,80.9,2022-03-01,2026-12-31,2029-12-31,2026-05-01,24,0.0,0
PAIM-618740,109.300 of NH 119 D Pkg-II (National Highways Authority of India [NHAI]) (618740),Infrastructure & Highways,Ministry of Railways,618740,Bihar,3259.09,3259.09,1543.3,47.4,2022-03-01,2027-12-31,2029-12-31,2026-05-01,36,0.0,0
PAIM-10529,(National Highways Authority of India [NHAI]) (618740) (N24002066) (10529),Infrastructure & Highways,Ministry of Railways,N24002066,Bihar,2814.6,2814.6,1884.03,66.9,2022-03-01,2027-12-31,2027-12-31,2026-05-01,36,0.0,0
PAIM-618741,4L  Greenfield Alignment from Kalyanapur to Tal Dashraha of NH-119D Pkg-III (NHAI) (618741),Infrastructure & Highways,Ministry of Railways,618741,Bihar,1655.19,1655.19,468.17,28.3,2022-03-01,2026-12-31,2027-12-31,2026-05-01,0,0.0,0
PAIM-10530,(NHAI) (618741) (N24001697) (10530),Infrastructure & Highways,Ministry of Railways,N24001697,Bihar,2631.8,2631.8,2072.71,78.8,2021-03-01,2027-12-31,2029-12-31,2026-05-01,36,0.0,0
PAIM-618742,"196700 to Km 198600, as part of the Amas-Darbhanga. (National Highways Authority of India [NHAI]) (618742)",Infrastructure & Highways,Ministry of Railways,618742,Bihar,2622.97,2622.97,2204.12,84.0,2023-03-01,2028-12-31,2028-12-31,2026-05-01,12,0.0,0
PAIM-12151,(National Highways Authority of India [NHAI]) (618742) (-) (12151),Infrastructure & Highways,Ministry of Railways,12151,Bihar,867.92,867.92,676.61,78.0,2021-03-01,2026-12-31,2028-12-31,2026-05-01,6,0.0,0
PAIM-618774,Ara - Mohania Pkg-II (National Highways Authority of India [NHAI]) (618774),Infrastructure & Highways,Ministry of Railways,618774,Bihar,954.58,954.58,257.02,26.9,2022-03-01,2027-12-31,2029-12-31,2026-05-01,24,0.0,0
PAIM-10551,(National Highways Authority of India [NHAI]) (618774) (N24001712) (10551),Infrastructure & Highways,Ministry of Railways,N24001712,Bihar,2156.14,2156.14,938.17,43.5,2022-03-01,2026-12-31,2027-12-31,2026-05-01,18,0.0,0
PAIM-618775,Ara Bypass (National Highways Authority of India [NHAI]) (618775),Infrastructure & Highways,Ministry of Railways,618775,Bihar,3609.91,3609.91,489.4,13.6,2021-03-01,2028-12-31,2027-12-31,2026-05-01,24,0.0,0
PAIM-618779,4L of Aurangabad-Paithan (NHAI) (618779),Infrastructure & Highways,Ministry of Railways,618779,Bihar,2785.27,2785.27,291.82,10.5,2023-03-01,2026-12-31,2028-12-31,2026-05-01,12,0.0,0
PAIM-618790,under Bharatmalapariyona (National Highways Authority of India [NHAI]) (618790),Infrastructure & Highways,Ministry of Railways,618790,Bihar,1736.28,1736.28,1170.16,67.4,2021-03-01,2028-12-31,2027-12-31,2026-05-01,12,0.0,0
PAIM-10564,(National Highways Authority of India [NHAI]) (618790) (-) (10564),Infrastructure & Highways,Ministry of Railways,10564,Bihar,4037.32,4037.32,807.38,20.0,2023-03-01,2027-12-31,2027-12-31,2026-05-01,0,0.0,0
PAIM-618791,4L PS under NH configuration of Manikpur-Sahebganj of NH-139W (National Highways Authority of India [NHAI]) (618791),Infrastructure & Highways,Ministry of Railways,618791,Bihar,1314.7,1314.7,455.35,34.6,2023-03-01,2028-12-31,2029-12-31,2026-05-01,36,0.0,0
PAIM-618839,Aunta - Simaria including Ganga Bridge (National Highways Authority of India [NHAI]) (618839),Infrastructure & Highways,Ministry of Railways,618839,Bihar,2670.39,2670.39,541.07,20.3,2022-03-01,2027-12-31,2028-12-31,2026-05-01,6,0.0,0
PAIM-10601,(National Highways Authority of India [NHAI]) (618839) (N24000696) (10601),Infrastructure & Highways,Ministry of Railways,N24000696,Bihar,1332.15,1332.15,1063.46,79.8,2021-03-01,2028-12-31,2027-12-31,2026-05-01,18,0.0,0
PAIM-618840,Simaria Km. 206.050 to Khagaria Km. 266.282 (National Highways Authority of India [NHAI]) (618840),Infrastructure & Highways,Ministry of Railways,618840,Bihar,863.2,863.2,394.74,45.7,2024-03-01,2027-12-31,2027-12-31,2026-05-01,0,0.0,0
PAIM-10602,(National Highways Authority of India [NHAI]) (618840) (N24000480) (10602),Infrastructure & Highways,Ministry of Railways,N24000480,Bihar,3737.37,3737.37,2940.92,78.7,2023-03-01,2028-12-31,2028-12-31,2026-05-01,24,0.0,0
PAIM-618841,section  from Km. 221.047 to Km. 225.302 of NH-31 (National Highways Authority of India [NHAI]) (618841),Infrastructure & Highways,Ministry of Railways,618841,Bihar,594.73,594.73,95.63,16.1,2024-03-01,2027-12-31,2029-12-31,2026-05-01,0,0.0,0
PAIM-618861,Bakhtiyarpur-Rajauli Pkg-II from km. 54.405 to km.101.630 (National Highways Authority of India [NHAI]) (618861),Infrastructure & Highways,Ministry of Railways,618861,Bihar,4135.51,4135.51,2103.31,50.9,2021-03-01,2028-12-31,2029-12-31,2026-05-01,6,0.0,0
PAIM-10616,(National Highways Authority of India [NHAI]) (618861) (N24001709) (10616),Infrastructure & Highways,Ministry of Railways,N24001709,Bihar,2170.49,2170.49,678.53,31.3,2022-03-01,2028-12-31,2028-12-31,2026-05-01,24,0.0,0
PAIM-618862,Bakhtiyarpur-Rajauli Pkg-III from km. 101.630 to km.152.520 (National Highways Authority of India [NHAI]) (618862),Infrastructure & Highways,Ministry of Railways,618862,Bihar,2976.43,2976.43,399.11,13.4,2022-03-01,2026-12-31,2028-12-31,2026-05-01,36,0.0,0
PAIM-10617,(National Highways Authority of India [NHAI]) (618862) (-) (10617),Infrastructure & Highways,Ministry of Railways,10617,Bihar,1519.42,1519.42,1043.7,68.7,2024-03-01,2028-12-31,2028-12-31,2026-05-01,6,0.0,0
PAIM-618902,Maheshkunt-Saharsa-Purnea Pkg I km 0.00 to km. 90.00 of NH-107 (National Highways Authority of India [NHAI]) (618902),Infrastructure & Highways,Ministry of Railways,618902,Bihar,2148.0,2148.0,704.32,32.8,2021-03-01,2027-12-31,2029-12-31,2026-05-01,24,0.0,0
PAIM-10651,(National Highways Authority of India [NHAI]) (618902) (N24000723) (10651),Infrastructure & Highways,Ministry of Railways,N24000723,Bihar,2208.73,2208.73,400.74,18.1,2024-03-01,2027-12-31,2027-12-31,2026-05-01,18,0.0,0
PAIM-618903,Maheshkunt -Saharsa-Purnea Pkg II (National Highways Authority of India [NHAI]) (618903),Infrastructure & Highways,Ministry of Railways,618903,Bihar,1322.96,1322.96,537.34,40.6,2024-03-01,2027-12-31,2027-12-31,2026-05-01,36,0.0,0
PAIM-10652,(National Highways Authority of India [NHAI]) (618903) (N24000665) (10652),Infrastructure & Highways,Ministry of Railways,N24000665,Bihar,2911.01,2911.01,1342.65,46.1,2021-03-01,2028-12-31,2027-12-31,2026-05-01,12,0.0,0
PAIM-618904,Chhapra - Hajipur from km. 143.200 to km. 209.200 (National Highways Authority of India [NHAI]) (618904),Infrastructure & Highways,Ministry of Railways,618904,Bihar,424.46,424.46,279.07,65.7,2024-03-01,2026-12-31,2028-12-31,2026-05-01,6,0.0,0
PAIM-10653,(National Highways Authority of India [NHAI]) (618904) (N24000187) (10653),Infrastructure & Highways,Ministry of Railways,N24000187,Bihar,2787.1,2787.1,1898.15,68.1,2022-03-01,2028-12-31,2029-12-31,2026-05-01,0,0.0,0
PAIM-618905,143.200 to Km. 159.255 Pkg-1 (National Highways Authority of India [NHAI]) (618905),Infrastructure & Highways,Ministry of Railways,618905,Bihar,2301.61,2301.61,703.58,30.6,2024-03-01,2028-12-31,2028-12-31,2026-05-01,24,0.0,0
PAIM-10654,(National Highways Authority of India [NHAI]) (618905) (-) (10654),Infrastructure & Highways,Ministry of Railways,10654,Bihar,295.03,295.03,211.45,71.7,2022-03-01,2026-12-31,2029-12-31,2026-05-01,24,0.0,0
PAIM-618914,section (National Highways Authority of India [NHAI]) (618914),Infrastructure & Highways,Ministry of Railways,618914,Bihar,3211.09,3211.09,830.81,25.9,2023-03-01,2028-12-31,2027-12-31,2026-05-01,12,0.0,0
PAIM-10661,(National Highways Authority of India [NHAI]) (618914) (-) (10661),Infrastructure & Highways,Ministry of Railways,10661,Bihar,1821.48,1821.48,487.33,26.8,2023-03-01,2028-12-31,2028-12-31,2026-05-01,36,0.0,0
PAIM-618915,83 (National Highways Authority of India [NHAI]) (618915),Infrastructure & Highways,Ministry of Railways,618915,Bihar,3156.32,3156.32,2258.38,71.6,2021-03-01,2026-12-31,2027-12-31,2026-05-01,24,0.0,0
PAIM-10662,(National Highways Authority of India [NHAI]) (618915) (N24001304) (10662),Infrastructure & Highways,Ministry of Railways,N24001304,Bihar,3926.11,3926.11,3279.21,83.5,2023-03-01,2027-12-31,2027-12-31,2026-05-01,0,0.0,0
PAIM-618916,NH-83 (National Highways Authority of India [NHAI]) (618916),Infrastructure & Highways,Ministry of Railways,618916,Bihar,1946.67,1946.67,1452.48,74.6,2023-03-01,2026-12-31,2028-12-31,2026-05-01,36,0.0,0
PAIM-10663,(National Highways Authority of India [NHAI]) (618916) (N24001305) (10663),Infrastructure & Highways,Ministry of Railways,N24001305,Bihar,3413.31,3413.31,1615.87,47.3,2024-03-01,2027-12-31,2027-12-31,2026-05-01,24,0.0,0
PAIM-618917,point of Patna-Gaya-Dobhi Section of NH-83 (National Highways Authority of India [NHAI]) (618917),Infrastructure & Highways,Ministry of Railways,618917,Bihar,3160.13,3160.13,1863.26,59.0,2023-03-01,2028-12-31,2028-12-31,2026-05-01,24,0.0,0
PAIM-618926,NH-227A (National Highways Authority of India [NHAI]) (618926),Infrastructure & Highways,Ministry of Railways,618926,Bihar,459.85,459.85,142.55,31.0,2024-03-01,2027-12-31,2029-12-31,2026-05-01,18,0.0,0
PAIM-10670,(National Highways Authority of India [NHAI]) (618926) (-) (10670),Infrastructure & Highways,Ministry of Railways,10670,Bihar,2253.6,2253.6,300.28,13.3,2021-03-01,2028-12-31,2029-12-31,2026-05-01,18,0.0,0
PAIM-618953,Umagaon-Saharsa Package-IV Koshi Bridge & approach Road - Bheja-Bakaur (NHAI) (618953),Infrastructure & Highways,Ministry of Railways,618953,Bihar,3282.53,3282.53,502.94,15.3,2021-03-01,2028-12-31,2028-12-31,2026-05-01,36,0.0,0
PAIM-10689,(NHAI) (618953) (N24001371) (10689),Infrastructure & Highways,Ministry of Railways,N24001371,Bihar,899.99,899.99,308.25,34.3,2023-03-01,2027-12-31,2028-12-31,2026-05-01,18,0.0,0
PAIM-618954,KM to 15.00KM of NH527ABideshwarsthan-Bheja0.000KM to 25.915KM of NH527A. (NHAI) (618954),Infrastructure & Highways,Ministry of Railways,618954,Bihar,1885.14,1885.14,1398.29,74.2,2024-03-01,2027-12-31,2028-12-31,2026-05-01,0,0.0,0
PAIM-10690,(NHAI) (618954) (-) (10690),Infrastructure & Highways,Ministry of Railways,10690,Bihar,3275.03,3275.03,636.91,19.4,2023-03-01,2026-12-31,2028-12-31,2026-05-01,12,0.0,0
PAIM-618955,2L PS of Majhauli to Charout section from km. 0.00 to km. 63.655 (NHAI) (618955),Infrastructure & Highways,Ministry of Railways,618955,Bihar,885.99,885.99,303.18,34.2,2021-03-01,2026-12-31,2028-12-31,2026-05-01,6,0.0,0
PAIM-10691,(NHAI) (618955) (N24000813) (10691),Infrastructure & Highways,Ministry of Railways,N24000813,Bihar,3191.57,3191.57,2004.71,62.8,2023-03-01,2026-12-31,2029-12-31,2026-05-01,18,0.0,0
PAIM-618956,Approaches from Design km.16.500 to km.21.500 (NHAI) (618956),Infrastructure & Highways,Ministry of Railways,618956,Bihar,3326.36,3326.36,658.83,19.8,2021-03-01,2026-12-31,2028-12-31,2026-05-01,0,0.0,0
PAIM-619127,Nawda Section  of NH-119D (NHAI) (619127),Infrastructure & Highways,Ministry of Railways,619127,Bihar,622.83,622.83,146.55,23.5,2022-03-01,2028-12-31,2029-12-31,2026-05-01,36,0.0,0
PAIM-11796,(NHAI) (619127) (-) (11796),Infrastructure & Highways,Ministry of Railways,11796,Bihar,559.93,559.93,332.98,59.5,2023-03-01,2027-12-31,2028-12-31,2026-05-01,36,0.0,0
PAIM-619136,No 227F to 2 lane with paved shoulders from Design Ch.0.000 to Ch. 34.566 (National Highways Authority of India [NHAI]) ,Infrastructure & Highways,Ministry of Railways,619136,Bihar,1872.69,1872.69,351.74,18.8,2024-03-01,2028-12-31,2027-12-31,2026-05-01,18,0.0,0
PAIM-11803,(National Highways Authority of India [NHAI]) (619136) (-) (11803),Infrastructure & Highways,Ministry of Railways,11803,Bihar,1713.0,1713.0,493.09,28.8,2021-03-01,2027-12-31,2027-12-31,2026-05-01,12,0.0,0
PAIM-619152,Bakhtiyarpur Km 153.300 to Mokama Km 197.900 (National Highways Authority of India [NHAI]) (619152),Infrastructure & Highways,Ministry of Railways,619152,Bihar,2272.74,2272.74,580.49,25.5,2023-03-01,2026-12-31,2029-12-31,2026-05-01,18,0.0,0
PAIM-619166,Umagaon-Saharsa Package-V Bakaur-Parsarma-Bangaon-Bariyahi & Spur to Mahishi (NHAI) (619166),Infrastructure & Highways,Ministry of Railways,619166,Bihar,1648.09,1648.09,1029.51,62.5,2022-03-01,2028-12-31,2029-12-31,2026-05-01,18,0.0,0
PAIM-11820,(NHAI) (619166) (-) (11820),Infrastructure & Highways,Ministry of Railways,11820,Bihar,4312.42,4312.42,2015.57,46.7,2022-03-01,2028-12-31,2028-12-31,2026-05-01,36,0.0,0
PAIM-619289,69520 to Km 95580 Pkg-1 (NHAI) (619289),Infrastructure & Highways,Ministry of Railways,619289,Bihar,1843.25,1843.25,531.26,28.8,2021-03-01,2027-12-31,2029-12-31,2026-05-01,18,0.0,0
PAIM-12091,(NHAI) (619289) (-) (12091),Infrastructure & Highways,Ministry of Railways,12091,Bihar,442.68,442.68,182.99,41.3,2023-03-01,2027-12-31,2028-12-31,2026-05-01,6,0.0,0
PAIM-619301,Munger Ghat  NH-333 B (NHAI) (619301),Infrastructure & Highways,Ministry of Railways,619301,Bihar,2327.82,2327.82,630.47,27.1,2024-03-01,2027-12-31,2027-12-31,2026-05-01,6,0.0,0
PAIM-619305,from Km 125000 to Km 157350 Pkg-3 (NHAI) (619305),Infrastructure & Highways,Ministry of Railways,619305,Bihar,1828.01,1828.01,841.52,46.0,2023-03-01,2027-12-31,2029-12-31,2026-05-01,0,0.0,0
PAIM-12095,(NHAI) (619305) (-) (12095),Infrastructure & Highways,Ministry of Railways,12095,Bihar,762.74,762.74,78.22,10.3,2024-03-01,2027-12-31,2028-12-31,2026-05-01,0,0.0,0
PAIM-619306,4L of Munger  Mirzachauki section from Km 95580 to Km 125000 Pkg-2 (NHAI) (619306),Infrastructure & Highways,Ministry of Railways,619306,Bihar,2068.98,2068.98,1187.55,57.4,2024-03-01,2026-12-31,2028-12-31,2026-05-01,18,0.0,0
PAIM-12096,(NHAI) (619306) (-) (12096),Infrastructure & Highways,Ministry of Railways,12096,Bihar,403.94,403.94,299.64,74.2,2022-03-01,2026-12-31,2027-12-31,2026-05-01,18,0.0,0
PAIM-619317,E-W Corridor at Km. 515045 (NHAI) (619317),Infrastructure & Highways,Ministry of Railways,619317,Bihar,1104.9,1104.9,829.02,75.0,2024-03-01,2028-12-31,2029-12-31,2026-05-01,0,0.0,0
PAIM-619320,Muzaffarpur - Sonbarsa Section of NH-77 from km 2.800 to km 89.000 (NHAI) (619320),Infrastructure & Highways,Ministry of Railways,619320,Bihar,3686.54,3686.54,776.71,21.1,2021-03-01,2026-12-31,2028-12-31,2026-05-01,0,0.0,0
PAIM-617908,Bemetara Bypass NH 30 (MoRTH) (617908),Infrastructure & Highways,Ministry of Railways,617908,Bihar,598.47,598.47,134.6,22.5,2022-03-01,2026-12-31,2028-12-31,2026-05-01,18,0.0,0
PAIM-617919,2017-18-56 (MoRTH) (617919),Infrastructure & Highways,Ministry of Railways,617919,Multi-State,2184.18,2184.18,1112.3,50.9,2024-03-01,2027-12-31,2028-12-31,2026-05-01,36,0.0,0
PAIM-617971,retained    on NH-130D under EPC mode in the State Chhattisgarh. (MoRTH) (617971),Infrastructure & Highways,Ministry of Railways,617971,Multi-State,1724.66,1724.66,1298.38,75.3,2021-03-01,2027-12-31,2028-12-31,2026-05-01,24,0.0,0
PAIM-617972,NH-130D under EPC mode in the state of Chhattisgarh. (MoRTH) (617972),Infrastructure & Highways,Ministry of Railways,617972,Multi-State,3105.54,3105.54,1056.24,34.0,2022-03-01,2027-12-31,2027-12-31,2026-05-01,6,0.0,0
PAIM-617973,chhattisgarh.job No. 130-CG-2017-18-348 (MoRTH) (617973),Infrastructure & Highways,Ministry of Railways,617973,Multi-State,3350.91,3350.91,2833.78,84.6,2024-03-01,2026-12-31,2027-12-31,2026-05-01,0,0.0,0
PAIM-618014,udner corridor scheme under EPC Mode in the of Chhattisgarh (MoRTH) (618014),Infrastructure & Highways,Ministry of Railways,618014,Multi-State,1566.48,1566.48,744.45,47.5,2023-03-01,2028-12-31,2029-12-31,2026-05-01,12,0.0,0
PAIM-618015,under Corridor scheme on EPC mode in the state of Chhattisgarh. (MoRTH) (618015),Infrastructure & Highways,Ministry of Railways,618015,Multi-State,3698.83,3698.83,503.09,13.6,2023-03-01,2027-12-31,2028-12-31,2026-05-01,18,0.0,0
PAIM-618016,shoulders under EPC mode in the state of Chhattisgarh (MoRTH) (618016),Infrastructure & Highways,Ministry of Railways,618016,Multi-State,3978.58,3978.58,2165.34,54.4,2021-03-01,2028-12-31,2029-12-31,2026-05-01,6,0.0,0
PAIM-618017,Corridor scheme on EPC mode in the state of Chhattisgarh. (MoRTH) (618017),Infrastructure & Highways,Ministry of Railways,618017,Multi-State,3521.17,3521.17,949.55,27.0,2024-03-01,2027-12-31,2029-12-31,2026-05-01,0,0.0,0
PAIM-618018,in the (MoRTH) (618018),Infrastructure & Highways,Ministry of Railways,618018,Multi-State,664.63,664.63,255.26,38.4,2024-03-01,2026-12-31,2028-12-31,2026-05-01,12,0.0,0
PAIM-618064,Chhattisgarh under EPC mode (MoRTH) (618064),Infrastructure & Highways,Ministry of Railways,618064,Multi-State,1659.5,1659.5,732.44,44.1,2024-03-01,2027-12-31,2029-12-31,2026-05-01,36,0.0,0
PAIM-618078,lane with paved shoulders in the State of Chhattisgarh on EPC mode. (MoRTH) (618078),Infrastructure & Highways,Ministry of Railways,618078,Multi-State,792.49,792.49,635.43,80.2,2024-03-01,2028-12-31,2028-12-31,2026-05-01,36,0.0,0
PAIM-618589,to near Khatti Village (National Highways Authority of India [NHAI]) (618589),Infrastructure & Highways,Ministry of Railways,618589,Multi-State,1534.92,1534.92,312.82,20.4,2021-03-01,2027-12-31,2027-12-31,2026-05-01,0,0.0,0
PAIM-10422,(National Highways Authority of India [NHAI]) (618589) (N24002045) (10422),Infrastructure & Highways,Ministry of Railways,N24002045,Multi-State,3410.89,3410.89,1833.13,53.7,2024-03-01,2026-12-31,2027-12-31,2026-05-01,0,0.0,0
PAIM-618590,near Aurang (National Highways Authority of India [NHAI]) (618590),Infrastructure & Highways,Ministry of Railways,618590,Multi-State,2202.62,2202.62,1713.42,77.8,2023-03-01,2027-12-31,2028-12-31,2026-05-01,36,0.0,0
PAIM-10423,(National Highways Authority of India [NHAI]) (618590) (N24002046) (10423),Infrastructure & Highways,Ministry of Railways,N24002046,Multi-State,2009.54,2009.54,499.09,24.8,2021-03-01,2026-12-31,2027-12-31,2026-05-01,12,0.0,0
PAIM-618639,4L of Bilaspur to Urga km 0.00 to 70.2 of NH-130A (National Highways Authority of India [NHAI]) (618639),Infrastructure & Highways,Ministry of Railways,618639,Multi-State,840.46,840.46,291.91,34.7,2022-03-01,2028-12-31,2029-12-31,2026-05-01,0,0.0,0
PAIM-10457,(National Highways Authority of India [NHAI]) (618639) (N24001611) (10457),Infrastructure & Highways,Ministry of Railways,N24001611,Multi-State,3061.31,3061.31,1941.53,63.4,2023-03-01,2026-12-31,2028-12-31,2026-05-01,12,0.0,0
PAIM-618640,4L of Urga - Pathalgaon from Km. 70.200 to km. 157.745 of NH-130A (National Highways Authority of India [NHAI]) (618640),Infrastructure & Highways,Ministry of Railways,618640,Multi-State,1998.24,1998.24,819.34,41.0,2024-03-01,2026-12-31,2028-12-31,2026-05-01,24,0.0,0
PAIM-10458,(National Highways Authority of India [NHAI]) (618640) (-) (10458),Infrastructure & Highways,Ministry of Railways,10458,Multi-State,658.84,658.84,268.1,40.7,2022-03-01,2026-12-31,2027-12-31,2026-05-01,36,0.0,0
PAIM-618673,130CD Pkg-CG-1 (National Highways Authority of India [NHAI]) (618673),Infrastructure & Highways,Ministry of Railways,618673,Multi-State,411.63,411.63,121.01,29.4,2021-03-01,2027-12-31,2029-12-31,2026-05-01,6,0.0,0
PAIM-10476,(National Highways Authority of India [NHAI]) (618673) (N24001593) (10476),Infrastructure & Highways,Ministry of Railways,N24001593,Multi-State,3631.29,3631.29,2447.32,67.4,2022-03-01,2027-12-31,2028-12-31,2026-05-01,18,0.0,0
PAIM-618674,130CD Pkg-CG-2 (National Highways Authority of India [NHAI]) (618674),Infrastructure & Highways,Ministry of Railways,618674,Multi-State,1451.74,1451.74,358.84,24.7,2024-03-01,2027-12-31,2028-12-31,2026-05-01,36,0.0,0
PAIM-10477,(National Highways Authority of India [NHAI]) (618674) (N24001588) (10477),Infrastructure & Highways,Ministry of Railways,N24001588,Multi-State,3133.91,3133.91,1874.45,59.8,2022-03-01,2028-12-31,2028-12-31,2026-05-01,24,0.0,0
PAIM-618675,of NH-130-CD (National Highways Authority of India [NHAI]) (618675),Infrastructure & Highways,Ministry of Railways,618675,Multi-State,2934.67,2934.67,1228.45,41.9,2024-03-01,2028-12-31,2029-12-31,2026-05-01,0,0.0,0
PAIM-10478,(National Highways Authority of India [NHAI]) (618675) (N24002017) (10478),Infrastructure & Highways,Ministry of Railways,N24002017,Multi-State,1883.05,1883.05,947.41,50.3,2022-03-01,2028-12-31,2028-12-31,2026-05-01,6,0.0,0
PAIM-618849,the tunnel from Km 12.732 to Km 14.568 of Kiratpur to Nerchowk Section of NH-21 (National Highways Authority of India [N,Infrastructure & Highways,Ministry of Railways,618849,Multi-State,351.45,351.45,38.34,10.9,2022-03-01,2027-12-31,2029-12-31,2026-05-01,12,0.0,0
PAIM-618957,4 laning of Champa - Korba from km 0.00 to km 38.2 (National Highways Authority of India [NHAI]) (618957),Infrastructure & Highways,Ministry of Railways,618957,Multi-State,2657.65,2657.65,779.85,29.3,2021-03-01,2026-12-31,2028-12-31,2026-05-01,12,0.0,0
PAIM-10692,(National Highways Authority of India [NHAI]) (618957) (-) (10692),Infrastructure & Highways,Ministry of Railways,10692,Multi-State,2196.4,2196.4,1689.75,76.9,2023-03-01,2028-12-31,2027-12-31,2026-05-01,36,0.0,0
PAIM-619103,4/6 Laning of Raipur-Simga Pkg-I from km. 0.00 to km. 48.58 (National Highways Authority of India [NHAI]) (619103),Infrastructure & Highways,Ministry of Railways,619103,Multi-State,2186.5,2186.5,1327.87,60.7,2021-03-01,2027-12-31,2028-12-31,2026-05-01,24,0.0,0
PAIM-619167,Kathghora (National Highways Authority of India [NHAI]) (619167),Infrastructure & Highways,Ministry of Railways,619167,Multi-State,4347.44,4347.44,1861.43,42.8,2024-03-01,2027-12-31,2028-12-31,2026-05-01,0,0.0,0
PAIM-11821,(National Highways Authority of India [NHAI]) (619167) (-) (11821),Infrastructure & Highways,Ministry of Railways,11821,Multi-State,2978.73,2978.73,737.14,24.7,2023-03-01,2028-12-31,2029-12-31,2026-05-01,0,0.0,0
PAIM-619183,and Nagar Haveli and Daman and Diu (MoRTH) (619183),Infrastructure & Highways,Ministry of Railways,619183,Multi-State,1984.57,1984.57,543.53,27.4,2023-03-01,2027-12-31,2027-12-31,2026-05-01,18,0.0,0
PAIM-618509,from km. 0.70 to km.15.00 (National Highways Authority of India [NHAI]) (618509),Infrastructure & Highways,Ministry of Railways,618509,Delhi,4097.3,4097.3,2159.89,52.7,2022-03-01,2026-12-31,2028-12-31,2026-05-01,36,0.0,0
PAIM-10365,(National Highways Authority of India [NHAI]) (618509) (N24001777) (10365),Infrastructure & Highways,Ministry of Railways,N24001777,Delhi,303.98,303.98,192.7,63.4,2022-03-01,2028-12-31,2027-12-31,2026-05-01,12,0.0,0
PAIM-618578,Road of NH-148NA from km. 0.00 to km. 9.00 in NCR (National Highways Authority of India [NHAI]) (618578),Infrastructure & Highways,Ministry of Railways,618578,Delhi,232.91,232.91,165.25,71.0,2022-03-01,2028-12-31,2027-12-31,2026-05-01,24,0.0,0
PAIM-10414,(National Highways Authority of India [NHAI]) (618578) (N24001773) (10414),Infrastructure & Highways,Ministry of Railways,N24001773,Delhi,2326.55,2326.55,1682.11,72.3,2024-03-01,2026-12-31,2027-12-31,2026-05-01,36,0.0,0
PAIM-619090,5.300 Km.to 9.500 Km. of NH-248BB (National Highways Authority of India [NHAI]) (619090),Infrastructure & Highways,Ministry of Railways,619090,Delhi,2612.46,2612.46,1581.61,60.5,2022-03-01,2027-12-31,2029-12-31,2026-05-01,0,0.0,0
PAIM-11771,(National Highways Authority of India [NHAI]) (619090) (N24001781) (11771),Infrastructure & Highways,Ministry of Railways,N24001781,Delhi,3317.02,3317.02,2080.26,62.7,2023-03-01,2027-12-31,2027-12-31,2026-05-01,12,0.0,0
PAIM-619202,Dwarka Sector 21 (National Highways Authority of India [NHAI]) (619202),Infrastructure & Highways,Ministry of Railways,619202,Delhi,1252.01,1252.01,886.0,70.8,2024-03-01,2028-12-31,2029-12-31,2026-05-01,24,0.0,0
PAIM-11893,(National Highways Authority of India [NHAI]) (619202) (-) (11893),Infrastructure & Highways,Ministry of Railways,11893,Delhi,2122.79,2122.79,263.71,12.4,2022-03-01,2026-12-31,2029-12-31,2026-05-01,36,0.0,0
PAIM-617941,from Km 536.800 to Km 543.450 (MoRTH) (617941),Infrastructure & Highways,Ministry of Railways,617941,Delhi,3083.67,3083.67,512.21,16.6,2023-03-01,2027-12-31,2027-12-31,2026-05-01,36,0.0,0
PAIM-617942,approaches on NH-66 (MoRTH) (617942),Infrastructure & Highways,Ministry of Railways,617942,Multi-State,2208.67,2208.67,1838.37,83.2,2024-03-01,2027-12-31,2028-12-31,2026-05-01,0,0.0,0
PAIM-10145,(MoRTH) (617942) (N24002181) (10145),Infrastructure & Highways,Ministry of Railways,N24002181,Multi-State,846.53,846.53,310.08,36.6,2022-03-01,2027-12-31,2027-12-31,2026-05-01,24,0.0,0
PAIM-618609,3.330 to Km. 4.550 (National Highways Authority of India [NHAI]) (618609),Infrastructure & Highways,Ministry of Railways,618609,Multi-State,1506.36,1506.36,699.93,46.5,2023-03-01,2026-12-31,2029-12-31,2026-05-01,0,0.0,0
PAIM-617906,Gujarat on EPC (MoRTH) (617906),Infrastructure & Highways,Ministry of Railways,617906,Gujarat,4454.35,4454.35,1160.65,26.1,2023-03-01,2027-12-31,2028-12-31,2026-05-01,36,0.0,0
PAIM-617916,47 in the State of Gujarat on HAM mode (MoRTH) (617916),Infrastructure & Highways,Ministry of Railways,617916,Gujarat,2821.09,2821.09,993.72,35.2,2023-03-01,2027-12-31,2027-12-31,2026-05-01,12,0.0,0
PAIM-10137,(MoRTH) (617916) (-) (10137),Infrastructure & Highways,Ministry of Railways,10137,Gujarat,803.32,803.32,471.28,58.7,2024-03-01,2026-12-31,2027-12-31,2026-05-01,18,0.0,0
PAIM-617926,on Hybrid Annuity Mode HAM (MoRTH) (617926),Infrastructure & Highways,Ministry of Railways,617926,Gujarat,3043.18,3043.18,2467.69,81.1,2023-03-01,2028-12-31,2029-12-31,2026-05-01,36,0.0,0
PAIM-617927,Antrasuba Mathasur road  of NH 58 in the State of Gujarat (MoRTH) (617927),Infrastructure & Highways,Ministry of Railways,617927,Gujarat,577.47,577.47,435.07,75.3,2024-03-01,2027-12-31,2027-12-31,2026-05-01,6,0.0,0
PAIM-10140,(MoRTH) (617927) (-) (10140),Infrastructure & Highways,Ministry of Railways,10140,Gujarat,431.09,431.09,150.16,34.8,2023-03-01,2026-12-31,2028-12-31,2026-05-01,12,0.0,0
PAIM-617928,"Vrundavan Chokdi, Kheralu on NH-58 in the State of Gujarat. (MoRTH) (617928)",Infrastructure & Highways,Ministry of Railways,617928,Gujarat,1552.81,1552.81,614.15,39.6,2024-03-01,2026-12-31,2027-12-31,2026-05-01,24,0.0,0
PAIM-617976,sate of Gujarat (MoRTH) (617976),Infrastructure & Highways,Ministry of Railways,617976,Gujarat,225.5,225.5,25.48,11.3,2024-03-01,2026-12-31,2027-12-31,2026-05-01,6,0.0,0
PAIM-10154,(MoRTH) (617976) (N24002182) (10154),Infrastructure & Highways,Ministry of Railways,N24002182,Gujarat,2415.88,2415.88,1641.71,68.0,2022-03-01,2028-12-31,2028-12-31,2026-05-01,24,0.0,0
PAIM-617977,Development of Chiloda - Gandhinagar- Sarkhej ofNH-147 Package -II (MoRTH) (617977),Infrastructure & Highways,Ministry of Railways,617977,Gujarat,2445.1,2445.1,1492.26,61.0,2023-03-01,2026-12-31,2029-12-31,2026-05-01,6,0.0,0
PAIM-618022,of NH 351    Mahuva  to Badhada section    in the State of Gujarat (MoRTH) (618022),Infrastructure & Highways,Ministry of Railways,618022,Gujarat,3586.74,3586.74,2464.55,68.7,2023-03-01,2026-12-31,2029-12-31,2026-05-01,36,0.0,0
PAIM-618107,Hybrid Annuity Mode HAM (MoRTH) (618107),Infrastructure & Highways,Ministry of Railways,618107,Gujarat,2579.86,2579.86,1117.37,43.3,2021-03-01,2028-12-31,2029-12-31,2026-05-01,24,0.0,0
PAIM-618108,168G Idar-Bhiloda-Samlaji in the state of Gujarat Length  34.275 km (MoRTH) (618108),Infrastructure & Highways,Ministry of Railways,618108,Gujarat,4357.66,4357.66,841.52,19.3,2023-03-01,2026-12-31,2029-12-31,2026-05-01,12,0.0,0
PAIM-618459,Delhi-Vadodara Greenfield Alignment NH-148N Pkg-26 Ch.696890 to Ch.726390 (NHAI) (618459),Infrastructure & Highways,Ministry of Railways,618459,Gujarat,2488.67,2488.67,365.54,14.7,2023-03-01,2026-12-31,2028-12-31,2026-05-01,6,0.0,0
PAIM-10318,(NHAI) (618459) (N24001515) (10318),Infrastructure & Highways,Ministry of Railways,N24001515,Gujarat,4097.52,4097.52,1263.14,30.8,2022-03-01,2028-12-31,2028-12-31,2026-05-01,24,0.0,0
PAIM-618460,Delhi-Vadodara Greenfield Alignment NH-148N Pkg-28 Ch.756052 to Ch.781282 (National Highways Authority of India [NHAI]) ,Infrastructure & Highways,Ministry of Railways,618460,Gujarat,697.37,697.37,509.74,73.1,2024-03-01,2026-12-31,2029-12-31,2026-05-01,24,0.0,0
PAIM-10319,(National Highways Authority of India [NHAI]) (618460) (N24001519) (10319),Infrastructure & Highways,Ministry of Railways,N24001519,Gujarat,2322.8,2322.8,673.82,29.0,2024-03-01,2028-12-31,2028-12-31,2026-05-01,6,0.0,0
PAIM-618462,[Junction near Pratap nagar Village - Junction near Dodka Village] (NHAI) (618462),Infrastructure & Highways,Ministry of Railways,618462,Gujarat,3495.28,3495.28,2179.75,62.4,2024-03-01,2026-12-31,2027-12-31,2026-05-01,6,0.0,0
PAIM-10321,(NHAI) (618462) (N24001520) (10321),Infrastructure & Highways,Ministry of Railways,N24001520,Gujarat,2476.94,2476.94,1259.01,50.8,2023-03-01,2027-12-31,2029-12-31,2026-05-01,36,0.0,0
PAIM-618463,Vadodara Mumbai Expressway Kim to Ankleshwar Phase IA - Pkg V (National Highways Authority of India [NHAI]) (618463),Infrastructure & Highways,Ministry of Railways,618463,Gujarat,2412.0,2412.0,1216.61,50.4,2023-03-01,2028-12-31,2028-12-31,2026-05-01,12,0.0,0
PAIM-10322,(National Highways Authority of India [NHAI]) (618463) (N24000834) (10322),Infrastructure & Highways,Ministry of Railways,N24000834,Gujarat,3835.97,3835.97,1483.22,38.7,2022-03-01,2027-12-31,2028-12-31,2026-05-01,0,0.0,0
PAIM-618464,254.430] (National Highways Authority of India [NHAI]) (618464),Infrastructure & Highways,Ministry of Railways,618464,Gujarat,4061.19,4061.19,2649.52,65.2,2022-03-01,2028-12-31,2029-12-31,2026-05-01,12,0.0,0
PAIM-10323,(National Highways Authority of India [NHAI]) (618464) (-) (10323),Infrastructure & Highways,Ministry of Railways,10323,Gujarat,776.27,776.27,266.73,34.4,2023-03-01,2026-12-31,2027-12-31,2026-05-01,24,0.0,0
PAIM-618465,217.500] (National Highways Authority of India [NHAI]) (618465),Infrastructure & Highways,Ministry of Railways,618465,Gujarat,654.07,654.07,548.74,83.9,2021-03-01,2028-12-31,2027-12-31,2026-05-01,12,0.0,0
PAIM-10324,(National Highways Authority of India [NHAI]) (618465) (N24001789) (10324),Infrastructure & Highways,Ministry of Railways,N24001789,Gujarat,1217.27,1217.27,686.52,56.4,2023-03-01,2027-12-31,2027-12-31,2026-05-01,0,0.0,0
PAIM-618466,Phase-I Package-VIII (National Highways Authority of India [NHAI]) (618466),Infrastructure & Highways,Ministry of Railways,618466,Gujarat,1549.91,1549.91,584.95,37.7,2024-03-01,2028-12-31,2028-12-31,2026-05-01,0,0.0,0
PAIM-10325,(National Highways Authority of India [NHAI]) (618466) (-) (10325),Infrastructure & Highways,Ministry of Railways,10325,Gujarat,3250.5,3250.5,1698.45,52.3,2024-03-01,2027-12-31,2027-12-31,2026-05-01,36,0.0,0
PAIM-618467,Phase-I Package-IX (National Highways Authority of India [NHAI]) (618467),Infrastructure & Highways,Ministry of Railways,618467,Gujarat,2176.86,2176.86,1795.24,82.5,2024-03-01,2028-12-31,2027-12-31,2026-05-01,6,0.0,0
PAIM-10326,(National Highways Authority of India [NHAI]) (618467) (-) (10326),Infrastructure & Highways,Ministry of Railways,10326,Gujarat,2274.8,2274.8,263.73,11.6,2021-03-01,2028-12-31,2027-12-31,2026-05-01,36,0.0,0
PAIM-618501,Sindhrej Village] (National Highways Authority of India [NHAI]) (618501),Infrastructure & Highways,Ministry of Railways,618501,Gujarat,1485.54,1485.54,238.5,16.1,2024-03-01,2028-12-31,2029-12-31,2026-05-01,24,0.0,0
PAIM-10359,(National Highways Authority of India [NHAI]) (618501) (N24001443) (10359),Infrastructure & Highways,Ministry of Railways,N24001443,Gujarat,539.33,539.33,354.82,65.8,2021-03-01,2028-12-31,2028-12-31,2026-05-01,6,0.0,0
PAIM-618502,Village] (National Highways Authority of India [NHAI]) (618502),Infrastructure & Highways,Ministry of Railways,618502,Gujarat,1084.05,1084.05,230.45,21.3,2021-03-01,2026-12-31,2028-12-31,2026-05-01,18,0.0,0
PAIM-10360,(National Highways Authority of India [NHAI]) (618502) (N24001444) (10360),Infrastructure & Highways,Ministry of Railways,N24001444,Gujarat,2727.61,2727.61,1325.47,48.6,2022-03-01,2026-12-31,2029-12-31,2026-05-01,0,0.0,0
PAIM-618503,DSIR zone] (National Highways Authority of India [NHAI]) (618503),Infrastructure & Highways,Ministry of Railways,618503,Gujarat,1054.71,1054.71,476.93,45.2,2023-03-01,2027-12-31,2027-12-31,2026-05-01,36,0.0,0
PAIM-10361,(National Highways Authority of India [NHAI]) (618503) (N24001445) (10361),Infrastructure & Highways,Ministry of Railways,N24001445,Gujarat,2935.58,2935.58,316.87,10.8,2021-03-01,2027-12-31,2027-12-31,2026-05-01,0,0.0,0
PAIM-618504,Adhelai Village] (National Highways Authority of India [NHAI]) (618504),Infrastructure & Highways,Ministry of Railways,618504,Gujarat,2501.86,2501.86,1325.93,53.0,2023-03-01,2028-12-31,2029-12-31,2026-05-01,18,0.0,0
PAIM-618507,NH-48 in the state of Gujarat on single Percentage Item Rate Contract (National Highways Authority of India [NHAI]) (618,Infrastructure & Highways,Ministry of Railways,618507,Gujarat,3776.7,3776.7,1925.79,51.0,2024-03-01,2026-12-31,2028-12-31,2026-05-01,12,0.0,0
PAIM-10363,(National Highways Authority of India [NHAI]) (618507) (-) (10363),Infrastructure & Highways,Ministry of Railways,10363,Gujarat,805.78,805.78,630.13,78.2,2024-03-01,2028-12-31,2029-12-31,2026-05-01,0,0.0,0
PAIM-618508,of NH48 between existing Km. 108.000 to Km. 250.000 (National Highways Authority of India [NHAI]) (618508),Infrastructure & Highways,Ministry of Railways,618508,Gujarat,2667.81,2667.81,1360.21,51.0,2022-03-01,2026-12-31,2029-12-31,2026-05-01,36,0.0,0
PAIM-10364,(National Highways Authority of India [NHAI]) (618508) (-) (10364),Infrastructure & Highways,Ministry of Railways,10364,Gujarat,2636.7,2636.7,1460.86,55.4,2021-03-01,2028-12-31,2028-12-31,2026-05-01,6,0.0,0
PAIM-618564,NH-27 (National Highways Authority of India [NHAI]) (618564),Infrastructure & Highways,Ministry of Railways,618564,Gujarat,788.04,788.04,498.85,63.3,2022-03-01,2026-12-31,2029-12-31,2026-05-01,0,0.0,0
PAIM-618614,Sanchore - Santalpur from km 67.000 - km 99.000 of NH-754K AJ-RGBS-Package-3 (National Highways Authority of India [NHAI,Infrastructure & Highways,Ministry of Railways,618614,Gujarat,1289.84,1289.84,556.27,43.1,2024-03-01,2028-12-31,2029-12-31,2026-05-01,12,0.0,0
PAIM-10441,(National Highways Authority of India [NHAI]) (618614) (N24001790) (10441),Infrastructure & Highways,Ministry of Railways,N24001790,Gujarat,1258.58,1258.58,521.71,41.5,2022-03-01,2028-12-31,2027-12-31,2026-05-01,0,0.0,0
PAIM-618615,Sanchore - Santalpur from km 99.000 - km 130.073 of NH-754K AJ-RGBS-Package-4 (National Highways Authority of India [NHA,Infrastructure & Highways,Ministry of Railways,618615,Gujarat,213.98,213.98,48.4,22.6,2021-03-01,2028-12-31,2027-12-31,2026-05-01,12,0.0,0
PAIM-10442,(National Highways Authority of India [NHAI]) (618615) (N24001794) (10442),Infrastructure & Highways,Ministry of Railways,N24001794,Gujarat,1436.94,1436.94,430.08,29.9,2022-03-01,2027-12-31,2028-12-31,2026-05-01,36,0.0,0
PAIM-618616,existing Ch. 42000 to 48500 of ongoing Dhrol-Bhadra-Pipaliya section of NH-151A (National Highways Authority of India [N,Infrastructure & Highways,Ministry of Railways,618616,Gujarat,933.14,933.14,317.24,34.0,2024-03-01,2026-12-31,2027-12-31,2026-05-01,36,0.0,0
PAIM-618699,Pipli Bhavnagar-Package 1 from km 136.025 to km 169.328 (National Highways Authority of India [NHAI]) (618699),Infrastructure & Highways,Ministry of Railways,618699,Gujarat,890.02,890.02,432.14,48.6,2024-03-01,2027-12-31,2029-12-31,2026-05-01,24,0.0,0
PAIM-10499,(National Highways Authority of India [NHAI]) (618699) (-) (10499),Infrastructure & Highways,Ministry of Railways,10499,Gujarat,3790.91,3790.91,3094.02,81.6,2022-03-01,2026-12-31,2029-12-31,2026-05-01,12,0.0,0
PAIM-618787,Junction from Km 0.000 to Km 65.478 of NH-341 (National Highways Authority of India [NHAI]) (618787),Infrastructure & Highways,Ministry of Railways,618787,Gujarat,3059.31,3059.31,979.06,32.0,2023-03-01,2027-12-31,2029-12-31,2026-05-01,0,0.0,0
PAIM-10561,(National Highways Authority of India [NHAI]) (618787) (N24001785) (10561),Infrastructure & Highways,Ministry of Railways,N24001785,Gujarat,2054.13,2054.13,241.63,11.8,2024-03-01,2028-12-31,2028-12-31,2026-05-01,36,0.0,0
PAIM-618833,120.900 to km. 121.150 of NH-8D (National Highways Authority of India [NHAI]) (618833),Infrastructure & Highways,Ministry of Railways,618833,Gujarat,3405.34,3405.34,2222.66,65.3,2021-03-01,2027-12-31,2027-12-31,2026-05-01,36,0.0,0
PAIM-10596,(National Highways Authority of India [NHAI]) (618833) (N24000592) (10596),Infrastructure & Highways,Ministry of Railways,N24000592,Gujarat,855.86,855.86,191.15,22.3,2021-03-01,2028-12-31,2027-12-31,2026-05-01,0,0.0,0
PAIM-618834,NH-8E NH 51 new (National Highways Authority of India [NHAI]) (618834),Infrastructure & Highways,Ministry of Railways,618834,Gujarat,455.77,455.77,256.4,56.3,2023-03-01,2026-12-31,2028-12-31,2026-05-01,12,0.0,0
PAIM-618835,Package-II (National Highways Authority of India [NHAI]) (618835),Infrastructure & Highways,Ministry of Railways,618835,Gujarat,3819.74,3819.74,852.04,22.3,2024-03-01,2026-12-31,2027-12-31,2026-05-01,18,0.0,0
PAIM-10597,(National Highways Authority of India [NHAI]) (618835) (N24001792) (10597),Infrastructure & Highways,Ministry of Railways,N24001792,Gujarat,1977.38,1977.38,696.11,35.2,2023-03-01,2027-12-31,2029-12-31,2026-05-01,12,0.0,0
PAIM-618901,Km 128.940 of NH-68 (National Highways Authority of India [NHAI]) (618901),Infrastructure & Highways,Ministry of Railways,618901,Gujarat,4490.5,4490.5,3203.21,71.3,2024-03-01,2026-12-31,2028-12-31,2026-05-01,36,0.0,0
PAIM-10650,(National Highways Authority of India [NHAI]) (618901) (-) (10650),Infrastructure & Highways,Ministry of Railways,10650,Gujarat,4329.25,4329.25,3549.41,82.0,2024-03-01,2028-12-31,2029-12-31,2026-05-01,24,0.0,0
PAIM-618930,NH-56 Pkg-III (National Highways Authority of India [NHAI]) (618930),Infrastructure & Highways,Ministry of Railways,618930,Gujarat,1827.33,1827.33,304.01,16.6,2024-03-01,2028-12-31,2029-12-31,2026-05-01,18,0.0,0
PAIM-10674,(National Highways Authority of India [NHAI]) (618930) (-) (10674),Infrastructure & Highways,Ministry of Railways,10674,Gujarat,3367.86,3367.86,2291.14,68.0,2024-03-01,2027-12-31,2027-12-31,2026-05-01,0,0.0,0
PAIM-618931,NH-56 Pkg-V (National Highways Authority of India [NHAI]) (618931),Infrastructure & Highways,Ministry of Railways,618931,Gujarat,2831.57,2831.57,1355.87,47.9,2023-03-01,2026-12-31,2028-12-31,2026-05-01,6,0.0,0
PAIM-10675,(National Highways Authority of India [NHAI]) (618931) (-) (10675),Infrastructure & Highways,Ministry of Railways,10675,Gujarat,924.82,924.82,697.69,75.4,2022-03-01,2027-12-31,2028-12-31,2026-05-01,6,0.0,0
PAIM-619067,6L of Chiloda-Naroda section from Km. 540.595 to  Km. 555.595 of NH-8Package-VII (National Highways Authority of India [,Infrastructure & Highways,Ministry of Railways,619067,Gujarat,3087.09,3087.09,1648.83,53.4,2022-03-01,2026-12-31,2028-12-31,2026-05-01,18,0.0,0
PAIM-619087,Km. 185.00 on NH-27 (National Highways Authority of India [NHAI]) (619087),Infrastructure & Highways,Ministry of Railways,619087,Gujarat,3267.64,3267.64,2606.7,79.8,2023-03-01,2028-12-31,2029-12-31,2026-05-01,36,0.0,0
PAIM-11769,(National Highways Authority of India [NHAI]) (619087) (N24002035) (11769),Infrastructure & Highways,Ministry of Railways,N24002035,Gujarat,1276.74,1276.74,799.57,62.6,2022-03-01,2027-12-31,2027-12-31,2026-05-01,12,0.0,0
PAIM-619145,Four Laning of Una to Kodinar from km. 180.478 to km. 221.610 Package-V (National Highways Authority of India [NHAI]) (6,Infrastructure & Highways,Ministry of Railways,619145,Gujarat,3475.74,3475.74,2519.68,72.5,2024-03-01,2027-12-31,2028-12-31,2026-05-01,0,0.0,0
PAIM-619146,Kagvadar - Una Package-IV (National Highways Authority of India [NHAI]) (619146),Infrastructure & Highways,Ministry of Railways,619146,Gujarat,342.53,342.53,243.34,71.0,2024-03-01,2027-12-31,2029-12-31,2026-05-01,18,0.0,0
PAIM-619147,Pkg- III (National Highways Authority of India [NHAI]) (619147),Infrastructure & Highways,Ministry of Railways,619147,Gujarat,242.76,242.76,116.07,47.8,2023-03-01,2028-12-31,2029-12-31,2026-05-01,6,0.0,0
PAIM-11809,(National Highways Authority of India [NHAI]) (619147) (N24001793) (11809),Infrastructure & Highways,Ministry of Railways,N24001793,Gujarat,227.3,227.3,118.42,52.1,2021-03-01,2026-12-31,2028-12-31,2026-05-01,0,0.0,0
PAIM-619148,4L of Bhavnagar - Talaja Package-I from Km. 6.945 to Km. 54.990 of Old NH-8E (National Highways Authority of India [NHAI,Infrastructure & Highways,Ministry of Railways,619148,Gujarat,205.79,205.79,102.08,49.6,2024-03-01,2028-12-31,2028-12-31,2026-05-01,12,0.0,0
PAIM-619197,Delhi-Vadodara Greenfield Alignment NH-148N Pkg-27 Ch.729.700 to Ch.756.052 (NHAI) (619197),Infrastructure & Highways,Ministry of Railways,619197,Gujarat,501.85,501.85,184.73,36.8,2022-03-01,2028-12-31,2027-12-31,2026-05-01,24,0.0,0
PAIM-11888,(NHAI) (619197) (-) (11888),Infrastructure & Highways,Ministry of Railways,11888,Gujarat,2592.69,2592.69,1507.05,58.1,2021-03-01,2027-12-31,2029-12-31,2026-05-01,6,0.0,0
PAIM-618482,Km 0000 to Km 34000 (National Highways Authority of India [NHAI]) (618482),Infrastructure & Highways,Ministry of Railways,618482,Haryana,1566.1,1566.1,1309.59,83.6,2022-03-01,2026-12-31,2029-12-31,2026-05-01,6,0.0,0
PAIM-10340,(National Highways Authority of India [NHAI]) (618482) (-) (10340),Infrastructure & Highways,Ministry of Railways,10340,Haryana,1567.84,1567.84,1114.31,71.1,2022-03-01,2028-12-31,2029-12-31,2026-05-01,0,0.0,0
PAIM-618483,near Gangana village Km 34000 to Km 60800 (National Highways Authority of India [NHAI]) (618483),Infrastructure & Highways,Ministry of Railways,618483,Haryana,905.37,905.37,363.24,40.1,2023-03-01,2027-12-31,2029-12-31,2026-05-01,6,0.0,0
PAIM-10341,(National Highways Authority of India [NHAI]) (618483) (-) (10341),Infrastructure & Highways,Ministry of Railways,10341,Haryana,4298.56,4298.56,3372.9,78.5,2022-03-01,2026-12-31,2029-12-31,2026-05-01,6,0.0,0
PAIM-618484,Alewa village Km 60800 to Km 91400 (National Highways Authority of India [NHAI]) (618484),Infrastructure & Highways,Ministry of Railways,618484,Haryana,1088.23,1088.23,710.25,65.3,2022-03-01,2026-12-31,2028-12-31,2026-05-01,0,0.0,0
PAIM-10342,(National Highways Authority of India [NHAI]) (618484) (N24001633) (10342),Infrastructure & Highways,Ministry of Railways,N24001633,Haryana,1907.04,1907.04,256.5,13.5,2021-03-01,2027-12-31,2028-12-31,2026-05-01,0,0.0,0
PAIM-618485,Kharak Pandwa village Km 91400 to Km 120250 (National Highways Authority of India [NHAI]) (618485),Infrastructure & Highways,Ministry of Railways,618485,Haryana,3878.47,3878.47,909.31,23.4,2024-03-01,2026-12-31,2028-12-31,2026-05-01,0,0.0,0
PAIM-10343,(National Highways Authority of India [NHAI]) (618485) (N24001634) (10343),Infrastructure & Highways,Ministry of Railways,N24001634,Haryana,1774.83,1774.83,679.84,38.3,2023-03-01,2027-12-31,2027-12-31,2026-05-01,0,0.0,0
PAIM-618506,in the State of Haryana (National Highways Authority of India [NHAI]) (618506),Infrastructure & Highways,Ministry of Railways,618506,Haryana,1352.74,1352.74,499.64,36.9,2024-03-01,2028-12-31,2029-12-31,2026-05-01,0,0.0,0
PAIM-618580,Gohana - Sonipat PKG-2 (National Highways Authority of India [NHAI]) (618580),Infrastructure & Highways,Ministry of Railways,618580,Haryana,2772.11,2772.11,2125.78,76.7,2021-03-01,2027-12-31,2027-12-31,2026-05-01,24,0.0,0
PAIM-10416,(National Highways Authority of India [NHAI]) (618580) (N24001535) (10416),Infrastructure & Highways,Ministry of Railways,N24001535,Haryana,649.84,649.84,119.75,18.4,2021-03-01,2027-12-31,2029-12-31,2026-05-01,12,0.0,0
PAIM-618788,4L Greenfield Jalbhera  Shahbad section from km. 0.000 to km. 22.850 of NH-152G (National Highways Authority of India [N,Infrastructure & Highways,Ministry of Railways,618788,Haryana,2122.21,2122.21,750.78,35.4,2024-03-01,2028-12-31,2028-12-31,2026-05-01,0,0.0,0
PAIM-10562,(National Highways Authority of India [NHAI]) (618788) (N24002043) (10562),Infrastructure & Highways,Ministry of Railways,N24002043,Haryana,1555.33,1555.33,818.34,52.6,2021-03-01,2027-12-31,2027-12-31,2026-05-01,24,0.0,0
PAIM-618792,4L Bhiwani-Hansi road section of NH-148B (National Highways Authority of India [NHAI]) (618792),Infrastructure & Highways,Ministry of Railways,618792,Haryana,3929.73,3929.73,3313.91,84.3,2022-03-01,2028-12-31,2027-12-31,2026-05-01,0,0.0,0
PAIM-10565,(National Highways Authority of India [NHAI]) (618792) (N24002042) (10565),Infrastructure & Highways,Ministry of Railways,N24002042,Haryana,2191.64,2191.64,1673.68,76.4,2021-03-01,2028-12-31,2028-12-31,2026-05-01,24,0.0,0
PAIM-618936,Jagadhari - Tajewala from Km -0.175 to 32.337 km of NH-344 (National Highways Authority of India [NHAI]) (618936),Infrastructure & Highways,Ministry of Railways,618936,Haryana,2161.0,2161.0,1121.88,51.9,2022-03-01,2028-12-31,2029-12-31,2026-05-01,24,0.0,0
PAIM-10677,(National Highways Authority of India [NHAI]) (618936) (N24001635) (10677),Infrastructure & Highways,Ministry of Railways,N24001635,Haryana,2846.27,2846.27,1068.78,37.6,2022-03-01,2028-12-31,2027-12-31,2026-05-01,24,0.0,0
PAIM-619080,4L PS of Ambala Ring Road of New NH-44 (National Highways Authority of India [NHAI]) (619080),Infrastructure & Highways,Ministry of Railways,619080,Haryana,3695.73,3695.73,2190.99,59.3,2024-03-01,2027-12-31,2029-12-31,2026-05-01,24,0.0,0
PAIM-11768,(National Highways Authority of India [NHAI]) (619080) (-) (11768),Infrastructure & Highways,Ministry of Railways,11768,Haryana,1139.62,1139.62,889.06,78.0,2024-03-01,2028-12-31,2028-12-31,2026-05-01,0,0.0,0
PAIM-619092,NHO (National Highways Authority of India [NHAI]) (619092),Infrastructure & Highways,Ministry of Railways,619092,Haryana,971.57,971.57,109.29,11.2,2024-03-01,2027-12-31,2029-12-31,2026-05-01,6,0.0,0
PAIM-11772,(National Highways Authority of India [NHAI]) (619092) (-) (11772),Infrastructure & Highways,Ministry of Railways,11772,Haryana,1391.62,1391.62,983.06,70.6,2022-03-01,2027-12-31,2029-12-31,2026-05-01,24,0.0,0
PAIM-619132,4/6L of Gurgaon - Pataudi - Rewari from km. 0.00 to km.43.87 of NH-352W (National Highways Authority of India [NHAI]) (6,Infrastructure & Highways,Ministry of Railways,619132,Haryana,3568.23,3568.23,2790.49,78.2,2023-03-01,2028-12-31,2029-12-31,2026-05-01,36,0.0,0
PAIM-11801,(National Highways Authority of India [NHAI]) (619132) (N24001774) (11801),Infrastructure & Highways,Ministry of Railways,N24001774,Haryana,2560.7,2560.7,1857.25,72.5,2022-03-01,2028-12-31,2029-12-31,2026-05-01,18,0.0,0
PAIM-619201,Karnal ring road Lot-4/Pkg-1 (National Highways Authority of India [NHAI]) (619201),Infrastructure & Highways,Ministry of Railways,619201,Haryana,3950.83,3950.83,2602.58,65.9,2021-03-01,2026-12-31,2028-12-31,2026-05-01,18,0.0,0
PAIM-11892,(National Highways Authority of India [NHAI]) (619201) (-) (11892),Infrastructure & Highways,Ministry of Railways,11892,Haryana,4471.81,4471.81,1586.09,35.5,2021-03-01,2027-12-31,2029-12-31,2026-05-01,24,0.0,0
PAIM-618050,assistance of World Bank on EPC mode. (MoRTH) (618050),Infrastructure & Highways,Ministry of Railways,618050,Multi-State,727.11,727.11,329.48,45.3,2022-03-01,2028-12-31,2027-12-31,2026-05-01,18,0.0,0
PAIM-618215,"under project Deepak, BRO (MoRTH) (618215)",Infrastructure & Highways,Ministry of Railways,618215,Multi-State,2494.34,2494.34,521.91,20.9,2022-03-01,2027-12-31,2028-12-31,2026-05-01,12,0.0,0
PAIM-618216,"project Deepak, BRO (MoRTH) (618216)",Infrastructure & Highways,Ministry of Railways,618216,Multi-State,3349.84,3349.84,2481.31,74.1,2023-03-01,2026-12-31,2029-12-31,2026-05-01,36,0.0,0
PAIM-618217,Gramphoo road  in the state of Himachal Pradesh Package I (MoRTH) (618217),Infrastructure & Highways,Ministry of Railways,618217,Multi-State,4241.33,4241.33,1603.15,37.8,2023-03-01,2028-12-31,2027-12-31,2026-05-01,6,0.0,0
PAIM-618230,mode.Package-3 (MoRTH) (618230),Infrastructure & Highways,Ministry of Railways,618230,Multi-State,1931.1,1931.1,1168.22,60.5,2021-03-01,2026-12-31,2027-12-31,2026-05-01,24,0.0,0
PAIM-618231,mode.Package-1 (MoRTH) (618231),Infrastructure & Highways,Ministry of Railways,618231,Multi-State,1239.57,1239.57,408.03,32.9,2021-03-01,2027-12-31,2029-12-31,2026-05-01,24,0.0,0
PAIM-618232,EPC mode.Package-2 (MoRTH) (618232),Infrastructure & Highways,Ministry of Railways,618232,Multi-State,3641.19,3641.19,486.63,13.4,2023-03-01,2028-12-31,2027-12-31,2026-05-01,0,0.0,0
PAIM-618253,Bridge on back water of Govindsagar and its approaches in Himachal Pradesh. (MoRTH) (618253),Infrastructure & Highways,Ministry of Railways,618253,Multi-State,2395.49,2395.49,1128.06,47.1,2023-03-01,2026-12-31,2028-12-31,2026-05-01,12,0.0,0
PAIM-12090,(MoRTH) (618253) (-) (12090),Infrastructure & Highways,Ministry of Railways,12090,Multi-State,3942.01,3942.01,822.49,20.9,2023-03-01,2026-12-31,2028-12-31,2026-05-01,24,0.0,0
PAIM-618850,Nerchowk km 190.000 to Pandoh including Pandoh bypass  km221.305 (National Highways Authority of India [NHAI]) (618850),Infrastructure & Highways,Ministry of Railways,618850,Multi-State,2313.38,2313.38,880.2,38.0,2021-03-01,2026-12-31,2028-12-31,2026-05-01,18,0.0,0
PAIM-10608,(National Highways Authority of India [NHAI]) (618850) (N24000613) (10608),Infrastructure & Highways,Ministry of Railways,N24000613,Multi-State,3641.39,3641.39,1007.26,27.7,2021-03-01,2026-12-31,2028-12-31,2026-05-01,24,0.0,0
PAIM-618851,Pandoh bypass 221.305 to Takoli 242.000 of NH-21 in the state of Himachal Pradesh (National Highways Authority of India ,Infrastructure & Highways,Ministry of Railways,618851,Multi-State,3637.76,3637.76,432.19,11.9,2021-03-01,2028-12-31,2029-12-31,2026-05-01,24,0.0,0
PAIM-10609,(National Highways Authority of India [NHAI]) (618851) (-) (10609),Infrastructure & Highways,Ministry of Railways,10609,Multi-State,291.44,291.44,138.34,47.5,2021-03-01,2026-12-31,2029-12-31,2026-05-01,0,0.0,0
PAIM-618852,4L  Sundar Nagar Bypass from  Km.173.900 to Km.179.600 of NH-21 (National Highways Authority of India [NHAI]) (618852),Infrastructure & Highways,Ministry of Railways,618852,Multi-State,1909.61,1909.61,1603.12,84.0,2022-03-01,2027-12-31,2027-12-31,2026-05-01,6,0.0,0
PAIM-618878,from Km 51.000 to Km 72.000 of NH-154 Package-IIA (National Highways Authority of India [NHAI]) (618878),Infrastructure & Highways,Ministry of Railways,618878,Multi-State,2245.27,2245.27,563.02,25.1,2023-03-01,2026-12-31,2027-12-31,2026-05-01,0,0.0,0
PAIM-10630,(National Highways Authority of India [NHAI]) (618878) (N24002050) (10630),Infrastructure & Highways,Ministry of Railways,N24002050,Multi-State,757.56,757.56,317.96,42.0,2024-03-01,2026-12-31,2029-12-31,2026-05-01,12,0.0,0
PAIM-618879,Bijni section from Km 180.000 to Km 202.815 of NH-154 Pkg-VA (National Highways Authority of India [NHAI]) (618879),Infrastructure & Highways,Ministry of Railways,618879,Multi-State,565.86,565.86,156.45,27.6,2022-03-01,2026-12-31,2027-12-31,2026-05-01,6,0.0,0
PAIM-10631,(National Highways Authority of India [NHAI]) (618879) (-) (10631),Infrastructure & Highways,Ministry of Railways,10631,Multi-State,2104.45,2104.45,1556.85,74.0,2022-03-01,2028-12-31,2028-12-31,2026-05-01,24,0.0,0
PAIM-618880,Paror section from Km 85.135 to Km 100.840 of NH-154 Pkg-IIC (National Highways Authority of India [NHAI]) (618880),Infrastructure & Highways,Ministry of Railways,618880,Multi-State,3740.18,3740.18,1001.78,26.8,2023-03-01,2026-12-31,2027-12-31,2026-05-01,6,0.0,0
PAIM-10632,(National Highways Authority of India [NHAI]) (618880) (-) (10632),Infrastructure & Highways,Ministry of Railways,10632,Multi-State,3689.59,3689.59,2706.94,73.4,2021-03-01,2028-12-31,2028-12-31,2026-05-01,36,0.0,0
PAIM-618881,of Pathankot-Mandi Package-VB (National Highways Authority of India [NHAI]) (618881),Infrastructure & Highways,Ministry of Railways,618881,Multi-State,3045.63,3045.63,1772.34,58.2,2023-03-01,2028-12-31,2027-12-31,2026-05-01,12,0.0,0
PAIM-10633,(National Highways Authority of India [NHAI]) (618881) (-) (10633),Infrastructure & Highways,Ministry of Railways,10633,Multi-State,2740.88,2740.88,2212.77,80.7,2022-03-01,2027-12-31,2029-12-31,2026-05-01,12,0.0,0
PAIM-618888,88 Pkg-IV (National Highways Authority of India [NHAI]) (618888),Infrastructure & Highways,Ministry of Railways,618888,Multi-State,1221.26,1221.26,282.18,23.1,2021-03-01,2028-12-31,2028-12-31,2026-05-01,6,0.0,0
PAIM-10638,(National Highways Authority of India [NHAI]) (618888) (N24002052) (10638),Infrastructure & Highways,Ministry of Railways,N24002052,Multi-State,4069.66,4069.66,1213.16,29.8,2021-03-01,2027-12-31,2029-12-31,2026-05-01,18,0.0,0
PAIM-618889,"303,503 up to Intersection with NH-154 from Km 175.270 to Km 193.400 Pkg-VB (National Highways Authority of India [NHAI]",Infrastructure & Highways,Ministry of Railways,618889,Multi-State,4397.56,4397.56,2848.13,64.8,2023-03-01,2026-12-31,2028-12-31,2026-05-01,36,0.0,0
PAIM-10639,(National Highways Authority of India [NHAI]) (618889) (N24001808) (10639),Infrastructure & Highways,Ministry of Railways,N24001808,Multi-State,1517.54,1517.54,871.09,57.4,2021-03-01,2026-12-31,2029-12-31,2026-05-01,6,0.0,0
PAIM-618890,2L PS of Hamirpur Bypass from Km 121.175 to Km.138.295 of NH-103&3 (National Highways Authority of India [NHAI]) (618890,Infrastructure & Highways,Ministry of Railways,618890,Multi-State,2793.04,2793.04,423.91,15.2,2023-03-01,2028-12-31,2028-12-31,2026-05-01,18,0.0,0
PAIM-10640,(National Highways Authority of India [NHAI]) (618890) (N24002051) (10640),Infrastructure & Highways,Ministry of Railways,N24002051,Multi-State,1194.68,1194.68,267.77,22.4,2022-03-01,2028-12-31,2027-12-31,2026-05-01,36,0.0,0
PAIM-618891,58.450 (National Highways Authority of India [NHAI]) (618891),Infrastructure & Highways,Ministry of Railways,618891,Multi-State,951.85,951.85,756.19,79.4,2022-03-01,2026-12-31,2027-12-31,2026-05-01,0,0.0,0
PAIM-10641,(National Highways Authority of India [NHAI]) (618891) (-) (10641),Infrastructure & Highways,Ministry of Railways,10641,Multi-State,2388.16,2388.16,1575.77,66.0,2023-03-01,2026-12-31,2028-12-31,2026-05-01,0,0.0,0
PAIM-618921,Bypass - Pkg I (National Highways Authority of India [NHAI]) (618921),Infrastructure & Highways,Ministry of Railways,618921,Multi-State,2189.13,2189.13,875.71,40.0,2024-03-01,2026-12-31,2028-12-31,2026-05-01,24,0.0,0
PAIM-10667,(National Highways Authority of India [NHAI]) (618921) (N24002049) (10667),Infrastructure & Highways,Ministry of Railways,N24002049,Multi-State,2235.19,2235.19,580.99,26.0,2023-03-01,2027-12-31,2029-12-31,2026-05-01,12,0.0,0
PAIM-618922,Bypass - Pkg II and Shimla connectivity from Km 0.000 to Km 0.725 of NH-5 (National Highways Authority of India [NHAI]) ,Infrastructure & Highways,Ministry of Railways,618922,Multi-State,2131.35,2131.35,1204.94,56.5,2022-03-01,2026-12-31,2029-12-31,2026-05-01,6,0.0,0
PAIM-10668,(National Highways Authority of India [NHAI]) (618922) (-) (10668),Infrastructure & Highways,Ministry of Railways,10668,Multi-State,2628.68,2628.68,585.31,22.3,2022-03-01,2026-12-31,2028-12-31,2026-05-01,0,0.0,0
PAIM-619003,Solan - Kaithlighat Section of NH-22 Now NH-5 from Km. 106.139 to Km.129.05 (National Highways Authority of India [NHAI],Infrastructure & Highways,Ministry of Railways,619003,Punjab,2546.83,2546.83,1047.35,41.1,2024-03-01,2027-12-31,2028-12-31,2026-05-01,36,0.0,0
PAIM-10804,(National Highways Authority of India [NHAI]) (619003) (N24000852) (10804),Infrastructure & Highways,Ministry of Railways,N24000852,Punjab,3837.93,3837.93,3083.07,80.3,2022-03-01,2028-12-31,2027-12-31,2026-05-01,12,0.0,0
PAIM-619153,Package-IA (National Highways Authority of India [NHAI]) (619153),Infrastructure & Highways,Ministry of Railways,619153,Punjab,2701.66,2701.66,1412.99,52.3,2024-03-01,2027-12-31,2028-12-31,2026-05-01,24,0.0,0
PAIM-11811,(National Highways Authority of India [NHAI]) (619153) (N24001812) (11811),Infrastructure & Highways,Ministry of Railways,N24001812,Punjab,850.65,850.65,507.28,59.6,2024-03-01,2028-12-31,2027-12-31,2026-05-01,12,0.0,0
PAIM-618038,EPC mode. (MoRTH) (618038),Infrastructure & Highways,Ministry of Railways,618038,Multi-State,4481.25,4481.25,1541.43,34.4,2023-03-01,2028-12-31,2027-12-31,2026-05-01,36,0.0,0
PAIM-618201,"Kashmir under project BEACON, Border Roads Organization BRO on EPC mode. (MoRTH) (618201)",Infrastructure & Highways,Ministry of Railways,618201,Multi-State,2240.71,2240.71,1312.08,58.6,2023-03-01,2027-12-31,2028-12-31,2026-05-01,0,0.0,0
PAIM-10208,(MoRTH) (618201) (-) (10208),Infrastructure & Highways,Ministry of Railways,10208,Multi-State,4383.77,4383.77,1347.64,30.7,2023-03-01,2027-12-31,2029-12-31,2026-05-01,24,0.0,0
PAIM-618202,Kashmir under Project.Package-III (MoRTH) (618202),Infrastructure & Highways,Ministry of Railways,618202,Multi-State,3719.86,3719.86,764.46,20.6,2021-03-01,2028-12-31,2029-12-31,2026-05-01,6,0.0,0
PAIM-10209,(MoRTH) (618202) (N24002185) (10209),Infrastructure & Highways,Ministry of Railways,N24002185,Multi-State,982.66,982.66,368.52,37.5,2024-03-01,2026-12-31,2029-12-31,2026-05-01,0,0.0,0
PAIM-618203,Package-II (MoRTH) (618203),Infrastructure & Highways,Ministry of Railways,618203,Multi-State,3340.18,3340.18,2833.12,84.8,2021-03-01,2027-12-31,2028-12-31,2026-05-01,24,0.0,0
PAIM-10210,(MoRTH) (618203) (N24002179) (10210),Infrastructure & Highways,Ministry of Railways,N24002179,Multi-State,3513.23,3513.23,1549.13,44.1,2023-03-01,2027-12-31,2029-12-31,2026-05-01,36,0.0,0
PAIM-618204,Vijayak   BRO    in the UT of Ladakh on EPC Mode (MoRTH) (618204),Infrastructure & Highways,Ministry of Railways,618204,Multi-State,4257.46,4257.46,2703.8,63.5,2024-03-01,2026-12-31,2027-12-31,2026-05-01,18,0.0,0
PAIM-618205,Border Roads Organization BRO  Package-IJob No NH-1-J&K-2022-23-110 (MoRTH) (618205),Infrastructure & Highways,Ministry of Railways,618205,Multi-State,2359.04,2359.04,1658.02,70.3,2022-03-01,2028-12-31,2027-12-31,2026-05-01,24,0.0,0
PAIM-10211,(MoRTH) (618205) (N24001998) (10211),Infrastructure & Highways,Ministry of Railways,N24001998,Multi-State,873.27,873.27,369.29,42.3,2021-03-01,2026-12-31,2028-12-31,2026-05-01,6,0.0,0
PAIM-618206,under Project Beacon in the UT of Jammu & Kashmir on EPC mode Package-I. (MoRTH) (618206),Infrastructure & Highways,Ministry of Railways,618206,Multi-State,2182.06,2182.06,227.03,10.4,2022-03-01,2026-12-31,2027-12-31,2026-05-01,24,0.0,0
PAIM-10212,(MoRTH) (618206) (-) (10212),Infrastructure & Highways,Ministry of Railways,10212,Multi-State,2662.68,2662.68,1806.11,67.8,2022-03-01,2028-12-31,2027-12-31,2026-05-01,6,0.0,0
PAIM-618220,mode Package-V Job no  NH-144A-J&K-2020-21-104 (MoRTH) (618220),Infrastructure & Highways,Ministry of Railways,618220,Multi-State,2629.57,2629.57,1014.82,38.6,2023-03-01,2026-12-31,2029-12-31,2026-05-01,24,0.0,0
PAIM-10216,(MoRTH) (618220) (N24001897) (10216),Infrastructure & Highways,Ministry of Railways,N24001897,Multi-State,1574.42,1574.42,220.13,14.0,2021-03-01,2027-12-31,2028-12-31,2026-05-01,24,0.0,0
PAIM-618221,on Akhnoor-Poonch Roads on EPC mode NH-144A Package-VII (MoRTH) (618221),Infrastructure & Highways,Ministry of Railways,618221,Multi-State,257.25,257.25,154.85,60.2,2022-03-01,2028-12-31,2028-12-31,2026-05-01,12,0.0,0
PAIM-10217,(MoRTH) (618221) (N24002180) (10217),Infrastructure & Highways,Ministry of Railways,N24002180,Multi-State,273.57,273.57,183.38,67.0,2024-03-01,2028-12-31,2028-12-31,2026-05-01,6,0.0,0
PAIM-618222,NH-144A-J&K-2022-2023-111 (MoRTH) (618222),Infrastructure & Highways,Ministry of Railways,618222,Multi-State,1678.56,1678.56,1237.58,73.7,2024-03-01,2028-12-31,2027-12-31,2026-05-01,24,0.0,0
PAIM-10218,(MoRTH) (618222) (N24002119) (10218),Infrastructure & Highways,Ministry of Railways,N24002119,Multi-State,2871.94,2871.94,1049.36,36.5,2021-03-01,2028-12-31,2027-12-31,2026-05-01,0,0.0,0
PAIM-618223,Kashmir on EPC mode Package-III Job no  NH-144A-J&K-2019-20-79 (MoRTH) (618223),Infrastructure & Highways,Ministry of Railways,618223,Multi-State,3949.17,3949.17,3093.14,78.3,2021-03-01,2026-12-31,2028-12-31,2026-05-01,24,0.0,0
PAIM-618224,Kashmir on EPC mode Package-II Job no  NH-144A-J&K-2019-20-78 (MoRTH) (618224),Infrastructure & Highways,Ministry of Railways,618224,Multi-State,4235.4,4235.4,1422.11,33.6,2024-03-01,2027-12-31,2027-12-31,2026-05-01,18,0.0,0
PAIM-10219,(MoRTH) (618224) (N24001901) (10219),Infrastructure & Highways,Ministry of Railways,N24001901,Multi-State,1895.18,1895.18,1590.07,83.9,2021-03-01,2028-12-31,2028-12-31,2026-05-01,24,0.0,0
PAIM-618225,Sampark BRO on EPC mode Package-VI Job no  NH-144A-J&K-2021-22-106 (MoRTH) (618225),Infrastructure & Highways,Ministry of Railways,618225,Multi-State,1782.62,1782.62,261.81,14.7,2021-03-01,2028-12-31,2027-12-31,2026-05-01,6,0.0,0
PAIM-618226,the UT of Jammu & Kashmir EPC modePackage-I Job no NH-144A-J&K-2020-21-83. (MoRTH) (618226),Infrastructure & Highways,Ministry of Railways,618226,Multi-State,265.22,265.22,213.28,80.4,2021-03-01,2028-12-31,2029-12-31,2026-05-01,6,0.0,0
PAIM-618394,244  in UT of Jammu and Kashmir on EPC Mode Pkg-1 (NHIDCL) (618394),Infrastructure & Highways,Ministry of Railways,618394,Multi-State,4016.51,4016.51,1058.58,26.4,2021-03-01,2026-12-31,2029-12-31,2026-05-01,0,0.0,0
PAIM-618395,Mode under NHO-Gen Pkg - 2 (NHIDCL) (618395),Infrastructure & Highways,Ministry of Railways,618395,Multi-State,2248.84,2248.84,1180.11,52.5,2024-03-01,2027-12-31,2027-12-31,2026-05-01,18,0.0,0
PAIM-10298,(NHIDCL) (618395) (N24001394) (10298),Infrastructure & Highways,Ministry of Railways,N24001394,Multi-State,2488.29,2488.29,1017.32,40.9,2022-03-01,2026-12-31,2028-12-31,2026-05-01,24,0.0,0
PAIM-618396,under NHO-Gen PKG- 1 (NHIDCL) (618396),Infrastructure & Highways,Ministry of Railways,618396,Multi-State,813.28,813.28,670.41,82.4,2022-03-01,2026-12-31,2029-12-31,2026-05-01,6,0.0,0
PAIM-618397,section of NH-244 in UT of Jammu and Kashmir to be executed on EPC basis (NHIDCL) (618397),Infrastructure & Highways,Ministry of Railways,618397,Multi-State,1992.51,1992.51,1497.16,75.1,2023-03-01,2028-12-31,2029-12-31,2026-05-01,36,0.0,0
PAIM-618398,Mode Package II (NHIDCL) (618398),Infrastructure & Highways,Ministry of Railways,618398,Multi-State,844.43,844.43,434.22,51.4,2022-03-01,2028-12-31,2029-12-31,2026-05-01,12,0.0,0
PAIM-618399,of Jammu and Kashmir on EPC Mode Pkg-4 (NHIDCL) (618399),Infrastructure & Highways,Ministry of Railways,618399,Multi-State,2765.78,2765.78,403.34,14.6,2024-03-01,2027-12-31,2027-12-31,2026-05-01,12,0.0,0
PAIM-10299,(NHIDCL) (618399) (N24001395) (10299),Infrastructure & Highways,Ministry of Railways,N24001395,Multi-State,2948.56,2948.56,2178.87,73.9,2022-03-01,2027-12-31,2028-12-31,2026-05-01,36,0.0,0
PAIM-618400,in the UT of J&K on EPC Mode under NHO-Gen Pkg-3 (NHIDCL) (618400),Infrastructure & Highways,Ministry of Railways,618400,Multi-State,2651.87,2651.87,1330.52,50.2,2023-03-01,2028-12-31,2029-12-31,2026-05-01,36,0.0,0
PAIM-618406,Kashmir on EPC basis Pkg-3A (NHIDCL) (618406),Infrastructure & Highways,Ministry of Railways,618406,Multi-State,4214.31,4214.31,2377.14,56.4,2022-03-01,2028-12-31,2027-12-31,2026-05-01,12,0.0,0
PAIM-618407,Jammu-Akhnoor Road Pkg-I (NHIDCL) (618407),Infrastructure & Highways,Ministry of Railways,618407,Delhi,727.48,727.48,389.05,53.5,2023-03-01,2026-12-31,2028-12-31,2026-05-01,36,0.0,0
PAIM-618494,village from Km 468100 to Km 503250] (National Highways Authority of India [NHAI]) (618494),Infrastructure & Highways,Ministry of Railways,618494,Multi-State,2374.74,2374.74,1973.7,83.1,2024-03-01,2028-12-31,2027-12-31,2026-05-01,24,0.0,0
PAIM-10352,(National Highways Authority of India [NHAI]) (618494) (N24001552) (10352),Infrastructure & Highways,Ministry of Railways,N24001552,Multi-State,2432.05,2432.05,515.95,21.2,2023-03-01,2028-12-31,2029-12-31,2026-05-01,24,0.0,0
PAIM-618495,566.520 Domel to Katra Section Phase II-Package XVII (National Highways Authority of India [NHAI]) (618495),Infrastructure & Highways,Ministry of Railways,618495,Delhi,3230.46,3230.46,617.07,19.1,2023-03-01,2027-12-31,2029-12-31,2026-05-01,12,0.0,0
PAIM-10353,(National Highways Authority of India [NHAI]) (618495) (N24002061) (10353),Infrastructure & Highways,Ministry of Railways,N24002061,Delhi,1074.41,1074.41,160.51,14.9,2022-03-01,2027-12-31,2029-12-31,2026-05-01,12,0.0,0
PAIM-618496,to km 514500] (National Highways Authority of India [NHAI]) (618496),Infrastructure & Highways,Ministry of Railways,618496,Delhi,872.5,872.5,598.49,68.6,2021-03-01,2026-12-31,2028-12-31,2026-05-01,18,0.0,0
PAIM-10354,(National Highways Authority of India [NHAI]) (618496) (N24001550) (10354),Infrastructure & Highways,Ministry of Railways,N24001550,Delhi,3695.6,3695.6,564.4,15.3,2021-03-01,2026-12-31,2027-12-31,2026-05-01,18,0.0,0
PAIM-618497,545.300 Sidhra to Domel Section of NH-44 (National Highways Authority of India [NHAI]) (618497),Infrastructure & Highways,Ministry of Railways,618497,Multi-State,1889.19,1889.19,816.3,43.2,2021-03-01,2028-12-31,2027-12-31,2026-05-01,0,0.0,0
PAIM-10355,(National Highways Authority of India [NHAI]) (618497) (N24002060) (10355),Infrastructure & Highways,Ministry of Railways,N24002060,Multi-State,3738.84,3738.84,512.68,13.7,2022-03-01,2028-12-31,2028-12-31,2026-05-01,36,0.0,0
PAIM-618541,4L Ring road/bypass around Srinagar city from km 0.000 to km 42.100 Phase-I (National Highways Authority of India [NHAI],Infrastructure & Highways,Ministry of Railways,618541,Multi-State,2631.22,2631.22,488.57,18.6,2023-03-01,2026-12-31,2027-12-31,2026-05-01,6,0.0,0
PAIM-10390,(National Highways Authority of India [NHAI]) (618541) (N24001511) (10390),Infrastructure & Highways,Ministry of Railways,N24001511,Multi-State,3161.96,3161.96,1176.32,37.2,2023-03-01,2027-12-31,2028-12-31,2026-05-01,6,0.0,0
PAIM-618543,Bound of  Ramban to Banihal Pkg-I of Old NH-1A New NH-44 (National Highways Authority of India [NHAI]) (618543),Infrastructure & Highways,Ministry of Railways,618543,Multi-State,1518.6,1518.6,1036.15,68.2,2021-03-01,2026-12-31,2027-12-31,2026-05-01,24,0.0,0
PAIM-10391,(National Highways Authority of India [NHAI]) (618543) (N24001627) (10391),Infrastructure & Highways,Ministry of Railways,N24001627,Multi-State,1790.22,1790.22,819.61,45.8,2022-03-01,2027-12-31,2027-12-31,2026-05-01,6,0.0,0
PAIM-618544,"T4 ,Single tube tunnel of Ramban to Banihal Pkg-II of Old NH-1A New NH-44 (National Highways Authority of India [NHAI]) ",Infrastructure & Highways,Ministry of Railways,618544,Multi-State,511.34,511.34,395.95,77.4,2024-03-01,2027-12-31,2029-12-31,2026-05-01,24,0.0,0
PAIM-10392,(National Highways Authority of India [NHAI]) (618544) (N24001622) (10392),Infrastructure & Highways,Ministry of Railways,N24001622,Multi-State,2070.13,2070.13,1410.87,68.2,2024-03-01,2027-12-31,2029-12-31,2026-05-01,24,0.0,0
PAIM-618545,Banihal Pkg-III of Old NH-1A New NH-44 (National Highways Authority of India [NHAI]) (618545),Infrastructure & Highways,Ministry of Railways,618545,Multi-State,2753.5,2753.5,854.32,31.0,2021-03-01,2026-12-31,2029-12-31,2026-05-01,12,0.0,0
PAIM-618547,standard as part of Srinagar Ring Road PhaseII [Design Ch. 41.907 to Ch. 66.609] (National Highways Authority of India [,Infrastructure & Highways,Ministry of Railways,618547,Multi-State,468.31,468.31,333.72,71.3,2024-03-01,2026-12-31,2029-12-31,2026-05-01,18,0.0,0
PAIM-10394,(National Highways Authority of India [NHAI]) (618547) (N24002059) (10394),Infrastructure & Highways,Ministry of Railways,N24002059,Multi-State,977.28,977.28,727.11,74.4,2022-03-01,2028-12-31,2028-12-31,2026-05-01,18,0.0,0
PAIM-618549,residual NHDP component of Bharatmala Pariyojna (National Highways Authority of India [NHAI]) (618549),Infrastructure & Highways,Ministry of Railways,618549,Multi-State,1026.12,1026.12,515.37,50.2,2023-03-01,2026-12-31,2027-12-31,2026-05-01,18,0.0,0
PAIM-10396,(National Highways Authority of India [NHAI]) (618549) (N24001926) (10396),Infrastructure & Highways,Ministry of Railways,N24001926,Multi-State,806.55,806.55,271.79,33.7,2024-03-01,2028-12-31,2027-12-31,2026-05-01,36,0.0,0
PAIM-618550,Samba section of NH-44 from Chainage Km. 16.300 to Km. 74.100 (National Highways Authority of India [NHAI]) (618550),Infrastructure & Highways,Ministry of Railways,618550,Multi-State,4186.5,4186.5,1899.47,45.4,2022-03-01,2028-12-31,2027-12-31,2026-05-01,0,0.0,0
PAIM-618967,from Km 0.000 to Km 39.100 (National Highways Authority of India [NHAI]) (618967),Infrastructure & Highways,Ministry of Railways,618967,Multi-State,4279.75,4279.75,1031.68,24.1,2022-03-01,2026-12-31,2027-12-31,2026-05-01,12,0.0,0
PAIM-619038,section on NH-244  in UT of Jammu and Kashmir on EPC Mode Pkg-5 (NHIDCL) (619038),Infrastructure & Highways,Ministry of Railways,619038,Multi-State,2177.67,2177.67,331.34,15.2,2022-03-01,2027-12-31,2029-12-31,2026-05-01,18,0.0,0
PAIM-618060,from km 116.00 to km 176.355 of NH-75E in the State of Jharkhand on EPC mode. (MoRTH) (618060),Infrastructure & Highways,Ministry of Railways,618060,Multi-State,3953.68,3953.68,2187.11,55.3,2024-03-01,2027-12-31,2027-12-31,2026-05-01,6,0.0,0
PAIM-618083,under EPC mode. (MoRTH) (618083),Infrastructure & Highways,Ministry of Railways,618083,Multi-State,2915.87,2915.87,793.85,27.2,2024-03-01,2026-12-31,2027-12-31,2026-05-01,36,0.0,0
PAIM-618084,of NH-143A including re-construction of culverts and bridges. (MoRTH) (618084),Infrastructure & Highways,Ministry of Railways,618084,Multi-State,4171.84,4171.84,2329.29,55.8,2022-03-01,2026-12-31,2027-12-31,2026-05-01,24,0.0,0
PAIM-618123,under EPC mode (MoRTH) (618123),Infrastructure & Highways,Ministry of Railways,618123,Multi-State,3967.67,3967.67,2256.0,56.9,2022-03-01,2026-12-31,2027-12-31,2026-05-01,0,0.0,0
PAIM-618127,93.050 Pakur of NH-333A in the State of Jharkhand on EPC mode (MoRTH) (618127),Infrastructure & Highways,Ministry of Railways,618127,Multi-State,2353.22,2353.22,678.68,28.8,2021-03-01,2026-12-31,2029-12-31,2026-05-01,6,0.0,0
PAIM-618242,65.325 of Nh-419 in the State of Jharkhand on EPC mode. (MoRTH) (618242),Infrastructure & Highways,Ministry of Railways,618242,Multi-State,2219.03,2219.03,1371.2,61.8,2024-03-01,2027-12-31,2029-12-31,2026-05-01,18,0.0,0
PAIM-618535,including Panagarh Bypass in the State of Jharkhand on EPC Mode. (National Highways Authority of India [NHAI]) (618535),Infrastructure & Highways,Ministry of Railways,618535,Multi-State,2683.11,2683.11,1643.96,61.3,2023-03-01,2028-12-31,2027-12-31,2026-05-01,6,0.0,0
PAIM-618641,Jhrkhand (National Highways Authority of India [NHAI]) (618641),Infrastructure & Highways,Ministry of Railways,618641,Multi-State,2134.76,2134.76,923.54,43.3,2021-03-01,2027-12-31,2027-12-31,2026-05-01,12,0.0,0
PAIM-11882,(National Highways Authority of India [NHAI]) (618641) (-) (11882),Infrastructure & Highways,Ministry of Railways,11882,Multi-State,793.87,793.87,559.73,70.5,2024-03-01,2027-12-31,2027-12-31,2026-05-01,0,0.0,0
PAIM-618642,4L of Palma to Gumla from km. 26.00 to km. 89.170 of NH-23 (National Highways Authority of India [NHAI]) (618642),Infrastructure & Highways,Ministry of Railways,618642,Multi-State,3937.79,3937.79,720.19,18.3,2021-03-01,2027-12-31,2027-12-31,2026-05-01,6,0.0,0
PAIM-10459,(National Highways Authority of India [NHAI]) (618642) (N24001595) (10459),Infrastructure & Highways,Ministry of Railways,N24001595,Multi-State,503.0,503.0,72.39,14.4,2022-03-01,2027-12-31,2028-12-31,2026-05-01,12,0.0,0
PAIM-618644,4L of Ormanjhi-Gola section from Km 81.450 to Km 53.600 of NH- 320BPKG-II (National Highways Authority of India [NHAI]) ,Infrastructure & Highways,Ministry of Railways,618644,Multi-State,2523.57,2523.57,587.86,23.3,2024-03-01,2028-12-31,2029-12-31,2026-05-01,36,0.0,0
PAIM-10460,(National Highways Authority of India [NHAI]) (618644) (N24001854) (10460),Infrastructure & Highways,Ministry of Railways,N24001854,Multi-State,1441.77,1441.77,540.83,37.5,2024-03-01,2028-12-31,2027-12-31,2026-05-01,12,0.0,0
PAIM-618645,4L of Gola-BokaroJaina More section from Km 53.600 to Km 21.110 of NH-320PKG-1 (National Highways Authority of India [NH,Infrastructure & Highways,Ministry of Railways,618645,Multi-State,3546.16,3546.16,1836.63,51.8,2024-03-01,2026-12-31,2027-12-31,2026-05-01,18,0.0,0
PAIM-10461,(National Highways Authority of India [NHAI]) (618645) (N24002056) (10461),Infrastructure & Highways,Ministry of Railways,N24002056,Multi-State,1209.63,1209.63,840.05,69.4,2022-03-01,2027-12-31,2027-12-31,2026-05-01,24,0.0,0
PAIM-618736,NH-33 New NH-18 from km 241940 to km 251961 Length 10.021 km (National Highways Authority of India [NHAI]) (618736),Infrastructure & Highways,Ministry of Railways,618736,Multi-State,3398.85,3398.85,2572.73,75.7,2023-03-01,2028-12-31,2028-12-31,2026-05-01,0,0.0,0
PAIM-10526,(National Highways Authority of India [NHAI]) (618736) (-) (10526),Infrastructure & Highways,Ministry of Railways,10526,Multi-State,2585.17,2585.17,1189.96,46.0,2023-03-01,2028-12-31,2029-12-31,2026-05-01,0,0.0,0
PAIM-618737,& Km. 139.225 junction with Ranchi  Jamshedpur road on 4L Ranchi Bypass of NH-33 (National Highways Authority of India [,Infrastructure & Highways,Ministry of Railways,618737,Multi-State,4037.3,4037.3,3264.62,80.9,2022-03-01,2027-12-31,2028-12-31,2026-05-01,24,0.0,0
PAIM-618829,4L from km 196.87 Sankha to km 219.6 Khajuri on NH-75 [Rehla / Garhwa Bypass] (National Highways Authority of India [NHA,Infrastructure & Highways,Ministry of Railways,618829,Multi-State,2292.51,2292.51,1919.67,83.7,2022-03-01,2026-12-31,2029-12-31,2026-05-01,6,0.0,0
PAIM-10593,(National Highways Authority of India [NHAI]) (618829) (N24001590) (10593),Infrastructure & Highways,Ministry of Railways,N24001590,Multi-State,2156.92,2156.92,600.22,27.8,2022-03-01,2026-12-31,2028-12-31,2026-05-01,0,0.0,0
PAIM-618830,4L from Km 147.450 Bhogu to Km 196.870 Sankha on NH-75 Sec-III (National Highways Authority of India [NHAI]) (618830),Infrastructure & Highways,Ministry of Railways,618830,Multi-State,1052.08,1052.08,322.14,30.6,2023-03-01,2026-12-31,2027-12-31,2026-05-01,24,0.0,0
PAIM-10594,(National Highways Authority of India [NHAI]) (618830) (N24002054) (10594),Infrastructure & Highways,Ministry of Railways,N24002054,Multi-State,2989.93,2989.93,680.8,22.8,2023-03-01,2028-12-31,2028-12-31,2026-05-01,36,0.0,0
PAIM-618831,4L from Km 95.400 Udaipura to Km 147.450 Bhogu on NH-75 Sec-II (National Highways Authority of India [NHAI]) (618831),Infrastructure & Highways,Ministry of Railways,618831,Multi-State,3240.18,3240.18,496.31,15.3,2024-03-01,2026-12-31,2027-12-31,2026-05-01,6,0.0,0
PAIM-10595,(National Highways Authority of India [NHAI]) (618831) (-) (10595),Infrastructure & Highways,Ministry of Railways,10595,Multi-State,3198.11,3198.11,1937.59,60.6,2023-03-01,2028-12-31,2029-12-31,2026-05-01,6,0.0,0
PAIM-618832,4L from Km 55.00 Kuru to Km 95.400 Udaipura on NH-75 Sec-I (National Highways Authority of India [NHAI]) (618832),Infrastructure & Highways,Ministry of Railways,618832,Multi-State,1815.2,1815.2,1362.75,75.1,2021-03-01,2027-12-31,2028-12-31,2026-05-01,6,0.0,0
PAIM-11879,(National Highways Authority of India [NHAI]) (618832) (-) (11879),Infrastructure & Highways,Ministry of Railways,11879,Multi-State,3247.56,3247.56,1412.42,43.5,2021-03-01,2027-12-31,2029-12-31,2026-05-01,18,0.0,0
PAIM-618863,Barhi-Koderma Section of NH31 km 0.00 - km 27.5 (National Highways Authority of India [NHAI]) (618863),Infrastructure & Highways,Ministry of Railways,618863,Multi-State,1543.0,1543.0,457.89,29.7,2022-03-01,2026-12-31,2028-12-31,2026-05-01,24,0.0,0
PAIM-10618,(National Highways Authority of India [NHAI]) (618863) (-) (10618),Infrastructure & Highways,Ministry of Railways,10618,Multi-State,274.24,274.24,183.44,66.9,2021-03-01,2027-12-31,2027-12-31,2026-05-01,18,0.0,0
PAIM-618946,4L of Mehgama - Hansdiha from  km. 41.900 to km. 93.000 of NH -133A Pkg-II (National Highways Authority of India [NHAI]),Infrastructure & Highways,Ministry of Railways,618946,Multi-State,3646.2,3646.2,2285.81,62.7,2022-03-01,2026-12-31,2029-12-31,2026-05-01,36,0.0,0
PAIM-10684,(National Highways Authority of India [NHAI]) (618946) (N24002057) (10684),Infrastructure & Highways,Ministry of Railways,N24002057,Multi-State,2037.94,2037.94,520.92,25.6,2021-03-01,2027-12-31,2028-12-31,2026-05-01,12,0.0,0
PAIM-618947,4L of NH-80 from km 215.00 to km 260.00 Mirza Chauki to Farkka Pkg-I (National Highways Authority of India [NHAI]) (6189,Infrastructure & Highways,Ministry of Railways,618947,Multi-State,2866.2,2866.2,943.2,32.9,2022-03-01,2026-12-31,2027-12-31,2026-05-01,24,0.0,0
PAIM-10685,(National Highways Authority of India [NHAI]) (618947) (N24001596) (10685),Infrastructure & Highways,Ministry of Railways,N24001596,Multi-State,3072.65,3072.65,991.6,32.3,2023-03-01,2028-12-31,2027-12-31,2026-05-01,18,0.0,0
PAIM-618949,4L of Basukinath- Deoghar Section of NH-114A (National Highways Authority of India [NHAI]) (618949),Infrastructure & Highways,Ministry of Railways,618949,Multi-State,3963.94,3963.94,2293.47,57.9,2022-03-01,2027-12-31,2027-12-31,2026-05-01,0,0.0,0
PAIM-10686,(National Highways Authority of India [NHAI]) (618949) (N24002055) (10686),Infrastructure & Highways,Ministry of Railways,N24002055,Multi-State,3202.18,3202.18,1450.67,45.3,2022-03-01,2028-12-31,2028-12-31,2026-05-01,6,0.0,0
PAIM-618950,Bypass from design km 0.000 to design Km 49.000 (National Highways Authority of India [NHAI]) (618950),Infrastructure & Highways,Ministry of Railways,618950,Multi-State,2007.64,2007.64,1350.04,67.2,2022-03-01,2028-12-31,2027-12-31,2026-05-01,36,0.0,0
PAIM-619005,Jharkhand under EPC Mode (MoRTH) (619005),Infrastructure & Highways,Ministry of Railways,619005,Multi-State,2139.36,2139.36,1091.03,51.0,2024-03-01,2027-12-31,2029-12-31,2026-05-01,18,0.0,0
PAIM-617935,on EPC basis (MoRTH) (617935),Infrastructure & Highways,Ministry of Railways,617935,Karnataka,202.36,202.36,98.87,48.9,2023-03-01,2026-12-31,2028-12-31,2026-05-01,0,0.0,0
PAIM-617950,22.11.2022 (MoRTH) (617950),Infrastructure & Highways,Ministry of Railways,617950,Karnataka,2704.69,2704.69,795.0,29.4,2022-03-01,2028-12-31,2027-12-31,2026-05-01,6,0.0,0
PAIM-617951,Mode under NHO Annual Plan 2022-23. NH-69-KNT-2022-23-989 dated 24.03.2023 (MoRTH) (617951),Infrastructure & Highways,Ministry of Railways,617951,Karnataka,2945.2,2945.2,2448.96,83.2,2024-03-01,2027-12-31,2029-12-31,2026-05-01,24,0.0,0
PAIM-617954,Mode.-952 (MoRTH) (617954),Infrastructure & Highways,Ministry of Railways,617954,Karnataka,1721.03,1721.03,1346.36,78.2,2022-03-01,2027-12-31,2027-12-31,2026-05-01,36,0.0,0
PAIM-617955,EPC Mode under Annual Plan 2021-22   Job No NH-73-KNT-2021-22-945 (MoRTH) (617955),Infrastructure & Highways,Ministry of Railways,617955,Karnataka,1974.38,1974.38,1578.21,79.9,2021-03-01,2028-12-31,2027-12-31,2026-05-01,12,0.0,0
PAIM-10150,(MoRTH) (617955) (N24002012) (10150),Infrastructure & Highways,Ministry of Railways,N24002012,Karnataka,1418.38,1418.38,414.8,29.2,2024-03-01,2026-12-31,2029-12-31,2026-05-01,0,0.0,0
PAIM-617989,Jadcherla section (MoRTH) (617989),Infrastructure & Highways,Ministry of Railways,617989,Karnataka,499.16,499.16,305.77,61.3,2021-03-01,2026-12-31,2028-12-31,2026-05-01,6,0.0,0
PAIM-617998,Job No. NH-169-KNT-2021-22-949 (MoRTH) (617998),Infrastructure & Highways,Ministry of Railways,617998,Karnataka,4427.31,4427.31,3371.74,76.2,2024-03-01,2028-12-31,2029-12-31,2026-05-01,0,0.0,0
PAIM-617999,state of Karnataka NH-173-KNT-2022-23-980 dated 13.03.2023 (MoRTH) (617999),Infrastructure & Highways,Ministry of Railways,617999,Karnataka,2944.64,2944.64,2080.26,70.6,2021-03-01,2026-12-31,2028-12-31,2026-05-01,12,0.0,0
PAIM-618000,EPC mode under Annual Plan 2021-22 Job no. NH-173-KNT-2021-22-946 (MoRTH) (618000),Infrastructure & Highways,Ministry of Railways,618000,Karnataka,2458.26,2458.26,1433.1,58.3,2024-03-01,2028-12-31,2027-12-31,2026-05-01,24,0.0,0
PAIM-618027,dated 08.02.2023 (MoRTH) (618027),Infrastructure & Highways,Ministry of Railways,618027,Karnataka,4417.2,4417.2,2175.36,49.2,2024-03-01,2027-12-31,2028-12-31,2026-05-01,0,0.0,0
PAIM-618028,under Annual Plan 2022-23. NH-367-KNT-2022-23-973 dated 08.02.2023 (MoRTH) (618028),Infrastructure & Highways,Ministry of Railways,618028,Karnataka,3941.38,3941.38,1614.75,41.0,2024-03-01,2026-12-31,2028-12-31,2026-05-01,18,0.0,0
PAIM-618029,mode. Job No. NH-367-KNT-2021-22-930 (MoRTH) (618029),Infrastructure & Highways,Ministry of Railways,618029,Karnataka,1773.5,1773.5,1333.99,75.2,2024-03-01,2028-12-31,2027-12-31,2026-05-01,6,0.0,0
PAIM-618030,2021-22-934 (MoRTH) (618030),Infrastructure & Highways,Ministry of Railways,618030,Karnataka,3409.41,3409.41,2107.74,61.8,2023-03-01,2027-12-31,2027-12-31,2026-05-01,36,0.0,0
PAIM-618031,mode. (MoRTH) (618031),Infrastructure & Highways,Ministry of Railways,618031,Karnataka,1746.98,1746.98,1397.03,80.0,2021-03-01,2028-12-31,2028-12-31,2026-05-01,24,0.0,0
PAIM-10166,(MoRTH) (618031) (N24002011) (10166),Infrastructure & Highways,Ministry of Railways,N24002011,Karnataka,1381.63,1381.63,781.82,56.6,2023-03-01,2028-12-31,2027-12-31,2026-05-01,24,0.0,0
PAIM-618086,Plan 2022-23  NH-150A-KNT-2022-23-977 dated 08.03.2023 (MoRTH) (618086),Infrastructure & Highways,Ministry of Railways,618086,Karnataka,2279.52,2279.52,1017.32,44.6,2023-03-01,2026-12-31,2028-12-31,2026-05-01,0,0.0,0
PAIM-10175,(MoRTH) (618086) (-) (10175),Infrastructure & Highways,Ministry of Railways,10175,Karnataka,2299.06,2299.06,865.97,37.7,2024-03-01,2028-12-31,2028-12-31,2026-05-01,12,0.0,0
PAIM-618087,of Karnataka on EPC mode. Job No. NH-150A-KNT-2021-22-951 (MoRTH) (618087),Infrastructure & Highways,Ministry of Railways,618087,Karnataka,755.81,755.81,263.71,34.9,2023-03-01,2028-12-31,2029-12-31,2026-05-01,12,0.0,0
PAIM-618095,166E-KNT-2022-23-974 (MoRTH) (618095),Infrastructure & Highways,Ministry of Railways,618095,Karnataka,2280.02,2280.02,782.95,34.3,2022-03-01,2026-12-31,2028-12-31,2026-05-01,12,0.0,0
PAIM-618109,KNT-2021-22-927 (MoRTH) (618109),Infrastructure & Highways,Ministry of Railways,618109,Karnataka,3525.59,3525.59,2274.79,64.5,2022-03-01,2026-12-31,2027-12-31,2026-05-01,18,0.0,0
PAIM-618144,of Karnataka on EPC mode.Job No. NH-369E-KNT-2018-19-895 dated 06.03.2019. (MoRTH) (618144),Infrastructure & Highways,Ministry of Railways,618144,Karnataka,1199.77,1199.77,584.35,48.7,2021-03-01,2027-12-31,2027-12-31,2026-05-01,0,0.0,0
PAIM-618147,23 (MoRTH) (618147),Infrastructure & Highways,Ministry of Railways,618147,Karnataka,2280.29,2280.29,1895.72,83.1,2021-03-01,2027-12-31,2028-12-31,2026-05-01,0,0.0,0
PAIM-618149,of NH-548B Murrum-Maharashtra Border in the State of Karnataka (MoRTH) (618149),Infrastructure & Highways,Ministry of Railways,618149,Maharashtra,3883.95,3883.95,1036.41,26.7,2021-03-01,2028-12-31,2029-12-31,2026-05-01,24,0.0,0
PAIM-10191,(MoRTH) (618149) (-) (10191),Infrastructure & Highways,Ministry of Railways,10191,Maharashtra,390.7,390.7,300.3,76.9,2023-03-01,2028-12-31,2028-12-31,2026-05-01,24,0.0,0
PAIM-618184,of Karnataka NH-766C-KNT-2022-23 dated 14.10.2022 (MoRTH) (618184),Infrastructure & Highways,Ministry of Railways,618184,Karnataka,2389.89,2389.89,781.46,32.7,2024-03-01,2027-12-31,2028-12-31,2026-05-01,0,0.0,0
PAIM-618185,Plan 2022-23 NH-766C-KNT-2022-23-969 dated 30.12.2022 (MoRTH) (618185),Infrastructure & Highways,Ministry of Railways,618185,Karnataka,1198.63,1198.63,255.61,21.3,2023-03-01,2027-12-31,2029-12-31,2026-05-01,24,0.0,0
PAIM-618189,Annual Plan 2023-24Job No NH-73Spur-KNT-2023-24-996 (MoRTH) (618189),Infrastructure & Highways,Ministry of Railways,618189,Karnataka,4331.22,4331.22,3483.69,80.4,2024-03-01,2027-12-31,2029-12-31,2026-05-01,0,0.0,0
PAIM-10203,(MoRTH) (618189) (-) (10203),Infrastructure & Highways,Ministry of Railways,10203,Karnataka,1606.6,1606.6,649.6,40.4,2024-03-01,2026-12-31,2029-12-31,2026-05-01,0,0.0,0
PAIM-618517,403.80 to km. 433.20 (National Highways Authority of India [NHAI]) (618517),Infrastructure & Highways,Ministry of Railways,618517,Karnataka,926.14,926.14,331.37,35.8,2022-03-01,2028-12-31,2028-12-31,2026-05-01,24,0.0,0
PAIM-10371,(National Highways Authority of India [NHAI]) (618517) (N24001994) (10371),Infrastructure & Highways,Ministry of Railways,N24001994,Karnataka,4222.91,4222.91,624.0,14.8,2024-03-01,2028-12-31,2029-12-31,2026-05-01,6,0.0,0
PAIM-618518,Davanagere - Haveri of NH-48 Old NH-4 from km. 260.00 to km. 338.923 (National Highways Authority of India [NHAI]) (6185,Infrastructure & Highways,Ministry of Railways,618518,Karnataka,2466.92,2466.92,1570.07,63.6,2022-03-01,2026-12-31,2028-12-31,2026-05-01,18,0.0,0
PAIM-10372,(National Highways Authority of India [NHAI]) (618518) (-) (10372),Infrastructure & Highways,Ministry of Railways,10372,Karnataka,3113.7,3113.7,508.94,16.3,2021-03-01,2027-12-31,2028-12-31,2026-05-01,12,0.0,0
PAIM-618520,old NH-207] [Bangalore Ring Road Pkg 1] (National Highways Authority of India [NHAI]) (618520),Infrastructure & Highways,Ministry of Railways,618520,Karnataka,3563.96,3563.96,2183.02,61.3,2024-03-01,2027-12-31,2027-12-31,2026-05-01,12,0.0,0
PAIM-10374,(National Highways Authority of India [NHAI]) (618520) (-) (10374),Infrastructure & Highways,Ministry of Railways,10374,Karnataka,452.13,452.13,183.22,40.5,2021-03-01,2028-12-31,2029-12-31,2026-05-01,12,0.0,0
PAIM-618630,26.000 to Km. 97.000 in Gulbarga of NH-150C Pkg-II (National Highways Authority of India [NHAI]) (618630),Infrastructure & Highways,Ministry of Railways,618630,Karnataka,2734.4,2734.4,939.25,34.3,2024-03-01,2027-12-31,2027-12-31,2026-05-01,18,0.0,0
PAIM-10449,(National Highways Authority of India [NHAI]) (618630) (N24001676) (10449),Infrastructure & Highways,Ministry of Railways,N24001676,Karnataka,4228.13,4228.13,1739.59,41.1,2023-03-01,2028-12-31,2028-12-31,2026-05-01,36,0.0,0
PAIM-618649,Raichur Section of NH 748 A  Package-6 (National Highways Authority of India [NHAI]) (618649),Infrastructure & Highways,Ministry of Railways,618649,Karnataka,2610.03,2610.03,1862.65,71.4,2021-03-01,2027-12-31,2028-12-31,2026-05-01,24,0.0,0
PAIM-10463,(National Highways Authority of India [NHAI]) (618649) (-) (10463),Infrastructure & Highways,Ministry of Railways,10463,Karnataka,570.22,570.22,480.28,84.2,2023-03-01,2027-12-31,2029-12-31,2026-05-01,6,0.0,0
PAIM-618650,Raichur Section of NH-748A Package-3 (National Highways Authority of India [NHAI]) (618650),Infrastructure & Highways,Ministry of Railways,618650,Karnataka,3749.5,3749.5,2971.18,79.2,2023-03-01,2028-12-31,2027-12-31,2026-05-01,18,0.0,0
PAIM-10464,(National Highways Authority of India [NHAI]) (618650) (-) (10464),Infrastructure & Highways,Ministry of Railways,10464,Karnataka,2973.57,2973.57,2239.27,75.3,2021-03-01,2027-12-31,2028-12-31,2026-05-01,18,0.0,0
PAIM-618651,Raichur Section of NH-748A Package-2 (National Highways Authority of India [NHAI]) (618651),Infrastructure & Highways,Ministry of Railways,618651,Karnataka,2279.25,2279.25,1782.89,78.2,2022-03-01,2027-12-31,2029-12-31,2026-05-01,24,0.0,0
PAIM-10465,(National Highways Authority of India [NHAI]) (618651) (-) (10465),Infrastructure & Highways,Ministry of Railways,10465,Karnataka,3455.15,3455.15,2605.24,75.4,2022-03-01,2027-12-31,2028-12-31,2026-05-01,6,0.0,0
PAIM-618697,Village Balance work of NH 150A of Bellary  Byrapura Section (National Highways Authority of India [NHAI]) (618697),Infrastructure & Highways,Ministry of Railways,618697,Karnataka,665.38,665.38,418.93,63.0,2021-03-01,2028-12-31,2027-12-31,2026-05-01,6,0.0,0
PAIM-618698,Challakere to Hariyur section from km 358.500 to km 414.205 of NH-150 A (National Highways Authority of India [NHAI]) (6,Infrastructure & Highways,Ministry of Railways,618698,Karnataka,702.85,702.85,152.17,21.7,2021-03-01,2026-12-31,2027-12-31,2026-05-01,24,0.0,0
PAIM-10498,(National Highways Authority of India [NHAI]) (618698) (-) (10498),Infrastructure & Highways,Ministry of Railways,10498,Karnataka,3877.98,3877.98,1846.11,47.6,2023-03-01,2027-12-31,2029-12-31,2026-05-01,36,0.0,0
PAIM-618702,from Km. 311.57 to Km. 313.67 of NH-75 Old NH-48 (National Highways Authority of India [NHAI]) (618702),Infrastructure & Highways,Ministry of Railways,618702,Karnataka,712.82,712.82,311.27,43.7,2023-03-01,2026-12-31,2029-12-31,2026-05-01,12,0.0,0
PAIM-10501,(National Highways Authority of India [NHAI]) (618702) (N24001425) (10501),Infrastructure & Highways,Ministry of Railways,N24001425,Karnataka,3697.22,3697.22,1110.98,30.0,2024-03-01,2027-12-31,2027-12-31,2026-05-01,36,0.0,0
PAIM-618706,Bangalore-Nidagatta Pkg. I (National Highways Authority of India [NHAI]) (618706),Infrastructure & Highways,Ministry of Railways,618706,Karnataka,3043.97,3043.97,2213.24,72.7,2021-03-01,2027-12-31,2027-12-31,2026-05-01,36,0.0,0
PAIM-10502,(National Highways Authority of India [NHAI]) (618706) (-) (10502),Infrastructure & Highways,Ministry of Railways,10502,Karnataka,498.69,498.69,94.97,19.0,2023-03-01,2027-12-31,2028-12-31,2026-05-01,12,0.0,0
PAIM-618707,Access control with close toll from Km.17.300 to  Km.136.300 of NH-275 (National Highways Authority of India [NHAI]) (61,Infrastructure & Highways,Ministry of Railways,618707,Karnataka,4422.44,4422.44,2902.06,65.6,2021-03-01,2027-12-31,2029-12-31,2026-05-01,36,0.0,0
PAIM-618709,Dec.Ch. to Km.375450Des.Ch. of NH-63 New-67 (National Highways Authority of India [NHAI]) (618709),Infrastructure & Highways,Ministry of Railways,618709,Karnataka,3372.49,3372.49,2144.49,63.6,2024-03-01,2027-12-31,2029-12-31,2026-05-01,18,0.0,0
PAIM-10504,(National Highways Authority of India [NHAI]) (618709) (N24001989) (10504),Infrastructure & Highways,Ministry of Railways,N24001989,Karnataka,2156.34,2156.34,1036.22,48.1,2023-03-01,2027-12-31,2029-12-31,2026-05-01,6,0.0,0
PAIM-618799,Rd. and km 4.965 - km 60.00 of SH-69 (National Highways Authority of India [NHAI]) (618799),Infrastructure & Highways,Ministry of Railways,618799,Karnataka,1551.61,1551.61,486.8,31.4,2024-03-01,2028-12-31,2027-12-31,2026-05-01,0,0.0,0
PAIM-618870,KR Nagar Jn section from Km. 144.900 to Km. 169.000 of NH-275  Pkg. III (National Highways Authority of India [NHAI]) (6,Infrastructure & Highways,Ministry of Railways,618870,Karnataka,2530.33,2530.33,754.28,29.8,2023-03-01,2027-12-31,2028-12-31,2026-05-01,0,0.0,0
PAIM-10624,(National Highways Authority of India [NHAI]) (618870) (-) (10624),Infrastructure & Highways,Ministry of Railways,10624,Karnataka,3634.98,3634.98,3003.74,82.6,2024-03-01,2028-12-31,2028-12-31,2026-05-01,24,0.0,0
PAIM-618871,Pkg. II (National Highways Authority of India [NHAI]) (618871),Infrastructure & Highways,Ministry of Railways,618871,Karnataka,1160.33,1160.33,170.35,14.7,2022-03-01,2028-12-31,2028-12-31,2026-05-01,18,0.0,0
PAIM-10625,(National Highways Authority of India [NHAI]) (618871) (-) (10625),Infrastructure & Highways,Ministry of Railways,10625,Karnataka,4448.8,4448.8,742.0,16.7,2023-03-01,2027-12-31,2028-12-31,2026-05-01,18,0.0,0
PAIM-618872,Yelawala Road Junction fcrom Km 169.000 to Km 195.550 of NH-275 Pkg-IV (National Highways Authority of India [NHAI]) (61,Infrastructure & Highways,Ministry of Railways,618872,Karnataka,2348.13,2348.13,305.05,13.0,2024-03-01,2026-12-31,2029-12-31,2026-05-01,18,0.0,0
PAIM-10626,(National Highways Authority of India [NHAI]) (618872) (-) (10626),Infrastructure & Highways,Ministry of Railways,10626,Karnataka,1740.01,1740.01,919.76,52.9,2024-03-01,2028-12-31,2027-12-31,2026-05-01,0,0.0,0
PAIM-618873,275 Pkg-V (National Highways Authority of India [NHAI]) (618873),Infrastructure & Highways,Ministry of Railways,618873,Karnataka,2937.91,2937.91,2462.48,83.8,2024-03-01,2028-12-31,2028-12-31,2026-05-01,0,0.0,0
PAIM-10627,(National Highways Authority of India [NHAI]) (618873) (-) (10627),Infrastructure & Highways,Ministry of Railways,10627,Karnataka,1607.38,1607.38,417.14,26.0,2023-03-01,2027-12-31,2029-12-31,2026-05-01,0,0.0,0
PAIM-618887,Tumkur- Shivamogga Pkg-IV (National Highways Authority of India [NHAI]) (618887),Infrastructure & Highways,Ministry of Railways,618887,Karnataka,2008.55,2008.55,797.69,39.7,2022-03-01,2028-12-31,2027-12-31,2026-05-01,36,0.0,0
PAIM-10637,(National Highways Authority of India [NHAI]) (618887) (N24001687) (10637),Infrastructure & Highways,Ministry of Railways,N24001687,Karnataka,2281.57,2281.57,1716.81,75.2,2023-03-01,2027-12-31,2029-12-31,2026-05-01,12,0.0,0
PAIM-618896,Karkala - Mangalore Package-III (National Highways Authority of India [NHAI]) (618896),Infrastructure & Highways,Ministry of Railways,618896,Karnataka,1931.97,1931.97,270.13,14.0,2022-03-01,2028-12-31,2027-12-31,2026-05-01,6,0.0,0
PAIM-10645,(National Highways Authority of India [NHAI]) (618896) (N24001680) (10645),Infrastructure & Highways,Ministry of Railways,N24001680,Karnataka,2814.83,2814.83,2199.3,78.1,2024-03-01,2027-12-31,2028-12-31,2026-05-01,36,0.0,0
PAIM-619071,Tumkur - Nelamangala 6L (National Highways Authority of India [NHAI]) (619071),Infrastructure & Highways,Ministry of Railways,619071,Karnataka,2766.98,2766.98,1889.04,68.3,2023-03-01,2027-12-31,2027-12-31,2026-05-01,12,0.0,0
PAIM-11763,(National Highways Authority of India [NHAI]) (619071) (N24001681) (11763),Infrastructure & Highways,Ministry of Railways,N24001681,Karnataka,2830.31,2830.31,2316.49,81.8,2024-03-01,2027-12-31,2027-12-31,2026-05-01,12,0.0,0
PAIM-619072,Bangalore/TN border to Hoskote (National Highways Authority of India [NHAI]) (619072),Infrastructure & Highways,Ministry of Railways,619072,Karnataka,1495.01,1495.01,624.23,41.8,2021-03-01,2028-12-31,2027-12-31,2026-05-01,24,0.0,0
PAIM-11764,(National Highways Authority of India [NHAI]) (619072) (N24001674) (11764),Infrastructure & Highways,Ministry of Railways,N24001674,Karnataka,1354.77,1354.77,245.28,18.1,2021-03-01,2027-12-31,2028-12-31,2026-05-01,0,0.0,0
PAIM-619073,NH-207 [Bangalore Ring Road Pkg 2] (National Highways Authority of India [NHAI]) (619073),Infrastructure & Highways,Ministry of Railways,619073,Karnataka,2356.16,2356.16,1746.48,74.1,2021-03-01,2026-12-31,2027-12-31,2026-05-01,24,0.0,0
PAIM-11765,(National Highways Authority of India [NHAI]) (619073) (-) (11765),Infrastructure & Highways,Ministry of Railways,11765,Karnataka,375.65,375.65,148.44,39.5,2024-03-01,2026-12-31,2027-12-31,2026-05-01,18,0.0,0
PAIM-619096,Goa / Karnataka Km.93.700 to Kundapur Km.283.30 (National Highways Authority of India [NHAI]) (619096),Infrastructure & Highways,Ministry of Railways,619096,Karnataka,3316.23,3316.23,2275.86,68.6,2024-03-01,2028-12-31,2028-12-31,2026-05-01,0,0.0,0
PAIM-619106,Raichur Section of NH 748 A  Package-5 (National Highways Authority of India [NHAI]) (619106),Infrastructure & Highways,Ministry of Railways,619106,Karnataka,1480.61,1480.61,399.22,27.0,2023-03-01,2027-12-31,2029-12-31,2026-05-01,18,0.0,0
PAIM-11781,(National Highways Authority of India [NHAI]) (619106) (-) (11781),Infrastructure & Highways,Ministry of Railways,11781,Karnataka,437.5,437.5,90.99,20.8,2022-03-01,2026-12-31,2029-12-31,2026-05-01,18,0.0,0
PAIM-619107,Raichur Section of NH-748A Package-4 (National Highways Authority of India [NHAI]) (619107),Infrastructure & Highways,Ministry of Railways,619107,Karnataka,409.03,409.03,221.95,54.3,2021-03-01,2027-12-31,2028-12-31,2026-05-01,0,0.0,0
PAIM-11782,(National Highways Authority of India [NHAI]) (619107) (-) (11782),Infrastructure & Highways,Ministry of Railways,11782,Karnataka,681.2,681.2,242.84,35.6,2021-03-01,2028-12-31,2027-12-31,2026-05-01,6,0.0,0
PAIM-619108,Section of NH-748A Package-1 (National Highways Authority of India [NHAI]) (619108),Infrastructure & Highways,Ministry of Railways,619108,Karnataka,3629.84,3629.84,2779.96,76.6,2024-03-01,2026-12-31,2028-12-31,2026-05-01,0,0.0,0
PAIM-619117,Hassan km 184.912 to Maranahally km 230.060 of NH - 75 in Karnataka (National Highways Authority of India [NHAI]) (61911,Infrastructure & Highways,Ministry of Railways,619117,Karnataka,3747.3,3747.3,1640.62,43.8,2021-03-01,2026-12-31,2027-12-31,2026-05-01,12,0.0,0
PAIM-619120,Nidagatta-Mysore Pkg II (National Highways Authority of India [NHAI]) (619120),Infrastructure & Highways,Ministry of Railways,619120,Karnataka,4299.87,4299.87,3358.76,78.1,2021-03-01,2027-12-31,2029-12-31,2026-05-01,36,0.0,0
PAIM-11790,(National Highways Authority of India [NHAI]) (619120) (-) (11790),Infrastructure & Highways,Ministry of Railways,11790,Karnataka,1175.6,1175.6,857.06,72.9,2021-03-01,2026-12-31,2029-12-31,2026-05-01,6,0.0,0
PAIM-619121,4L of Hubli - Hospet Section of NH-63 from Km 128.850 to Km 272.571 (National Highways Authority of India [NHAI]) (61912,Infrastructure & Highways,Ministry of Railways,619121,Karnataka,3307.43,3307.43,1939.29,58.6,2024-03-01,2026-12-31,2027-12-31,2026-05-01,6,0.0,0
PAIM-619138,Yekkambi-Haveri (National Highways Authority of India [NHAI]) (619138),Infrastructure & Highways,Ministry of Railways,619138,Karnataka,3755.1,3755.1,421.9,11.2,2021-03-01,2026-12-31,2027-12-31,2026-05-01,0,0.0,0
PAIM-619144,Hospet - Chitradurga from km. 299.00 to km. 418.750 (National Highways Authority of India [NHAI]) (619144),Infrastructure & Highways,Ministry of Railways,619144,Karnataka,3988.05,3988.05,2242.56,56.2,2023-03-01,2028-12-31,2029-12-31,2026-05-01,24,0.0,0
PAIM-619150,209 in Karnataka (National Highways Authority of India [NHAI]) (619150),Infrastructure & Highways,Ministry of Railways,619150,Karnataka,305.42,305.42,79.0,25.9,2024-03-01,2026-12-31,2027-12-31,2026-05-01,12,0.0,0
PAIM-619164,Belgaum-Khanapur Pkg I Km 0.000-Km 30.800 of NH-4A (National Highways Authority of India [NHAI]) (619164),Infrastructure & Highways,Ministry of Railways,619164,Karnataka,1285.9,1285.9,423.96,33.0,2021-03-01,2027-12-31,2028-12-31,2026-05-01,6,0.0,0
PAIM-11819,(National Highways Authority of India [NHAI]) (619164) (-) (11819),Infrastructure & Highways,Ministry of Railways,11819,Karnataka,1079.91,1079.91,808.31,74.8,2024-03-01,2027-12-31,2027-12-31,2026-05-01,36,0.0,0
PAIM-619211,97.000 to Km. 162.500 in Yadgir of NH-150C Pkg-III (National Highways Authority of India [NHAI]) (619211),Infrastructure & Highways,Ministry of Railways,619211,Karnataka,2020.0,2020.0,1448.52,71.7,2024-03-01,2027-12-31,2027-12-31,2026-05-01,24,0.0,0
PAIM-11901,(National Highways Authority of India [NHAI]) (619211) (-) (11901),Infrastructure & Highways,Ministry of Railways,11901,Karnataka,2997.1,2997.1,2152.08,71.8,2024-03-01,2027-12-31,2027-12-31,2026-05-01,0,0.0,0
PAIM-619214,Hassan section (National Highways Authority of India [NHAI]) (619214),Infrastructure & Highways,Ministry of Railways,619214,Karnataka,3730.64,3730.64,760.39,20.4,2023-03-01,2028-12-31,2029-12-31,2026-05-01,18,0.0,0
PAIM-11904,(National Highways Authority of India [NHAI]) (619214) (-) (11904),Infrastructure & Highways,Ministry of Railways,11904,Karnataka,1078.71,1078.71,767.04,71.1,2021-03-01,2027-12-31,2029-12-31,2026-05-01,36,0.0,0
PAIM-619218,12.300 to Km. 65.195 (National Highways Authority of India [NHAI]) (619218),Infrastructure & Highways,Ministry of Railways,619218,Karnataka,3500.61,3500.61,769.85,22.0,2022-03-01,2026-12-31,2028-12-31,2026-05-01,12,0.0,0
PAIM-11907,(National Highways Authority of India [NHAI]) (619218) (-) (11907),Infrastructure & Highways,Ministry of Railways,11907,Karnataka,4052.08,4052.08,428.81,10.6,2024-03-01,2028-12-31,2027-12-31,2026-05-01,12,0.0,0
PAIM-619219,NH-206 (National Highways Authority of India [NHAI]) (619219),Infrastructure & Highways,Ministry of Railways,619219,Karnataka,3335.06,3335.06,2679.07,80.3,2023-03-01,2028-12-31,2027-12-31,2026-05-01,18,0.0,0
PAIM-11908,(National Highways Authority of India [NHAI]) (619219) (-) (11908),Infrastructure & Highways,Ministry of Railways,11908,Karnataka,2614.97,2614.97,883.15,33.8,2021-03-01,2027-12-31,2029-12-31,2026-05-01,6,0.0,0
PAIM-619220,Old NH-206 (National Highways Authority of India [NHAI]) (619220),Infrastructure & Highways,Ministry of Railways,619220,Karnataka,2547.0,2547.0,704.71,27.7,2024-03-01,2027-12-31,2029-12-31,2026-05-01,18,0.0,0
PAIM-11909,(National Highways Authority of India [NHAI]) (619220) (-) (11909),Infrastructure & Highways,Ministry of Railways,11909,Karnataka,1370.8,1370.8,568.98,41.5,2021-03-01,2026-12-31,2027-12-31,2026-05-01,18,0.0,0
PAIM-618070,Annual Plan 2016-17 in the state of Kerala (MoRTH) (618070),Infrastructure & Highways,Ministry of Railways,618070,Multi-State,2109.37,2109.37,1345.37,63.8,2021-03-01,2028-12-31,2028-12-31,2026-05-01,12,0.0,0
PAIM-618595,6L of Chengala - Neeleshwaram from km. 56.200 to km. 93.468 (National Highways Authority of India [NHAI]) (618595),Infrastructure & Highways,Ministry of Railways,618595,Multi-State,2480.11,2480.11,942.27,38.0,2023-03-01,2028-12-31,2027-12-31,2026-05-01,18,0.0,0
PAIM-10424,(National Highways Authority of India [NHAI]) (618595) (N24001664) (10424),Infrastructure & Highways,Ministry of Railways,N24001664,Multi-State,602.13,602.13,391.34,65.0,2023-03-01,2026-12-31,2028-12-31,2026-05-01,36,0.0,0
PAIM-618596,6L of Taliparamba to Muzhappilangad from Km 134.650 to Km 170.6 of NH-66 (National Highways Authority of India [NHAI]) (,Infrastructure & Highways,Ministry of Railways,618596,Multi-State,4126.42,4126.42,1032.45,25.0,2022-03-01,2027-12-31,2027-12-31,2026-05-01,24,0.0,0
PAIM-10425,(National Highways Authority of India [NHAI]) (618596) (N24001660) (10425),Infrastructure & Highways,Ministry of Railways,N24001660,Multi-State,3681.08,3681.08,2429.33,66.0,2023-03-01,2026-12-31,2028-12-31,2026-05-01,6,0.0,0
PAIM-618597,6L of Azhiyur-Vengalam from km. 189.200 to km. 230.400 of NH-66 (National Highways Authority of India [NHAI]) (618597),Infrastructure & Highways,Ministry of Railways,618597,Multi-State,2935.64,2935.64,2362.11,80.5,2024-03-01,2026-12-31,2027-12-31,2026-05-01,12,0.0,0
PAIM-10426,(National Highways Authority of India [NHAI]) (618597) (N24001661) (10426),Infrastructure & Highways,Ministry of Railways,N24001661,Multi-State,2910.17,2910.17,1452.92,49.9,2023-03-01,2026-12-31,2028-12-31,2026-05-01,0,0.0,0
PAIM-618598,and allied works (National Highways Authority of India [NHAI]) (618598),Infrastructure & Highways,Ministry of Railways,618598,Multi-State,869.37,869.37,690.79,79.5,2024-03-01,2027-12-31,2028-12-31,2026-05-01,18,0.0,0
PAIM-618599,6L of Ramanatukkara Junction to start of Valanchery bypass section of NH-66 (National Highways Authority of India [NHAI],Infrastructure & Highways,Ministry of Railways,618599,Multi-State,1044.92,1044.92,534.75,51.2,2021-03-01,2026-12-31,2028-12-31,2026-05-01,6,0.0,0
PAIM-10427,(National Highways Authority of India [NHAI]) (618599) (N24001658) (10427),Infrastructure & Highways,Ministry of Railways,N24001658,Multi-State,4034.21,4034.21,2204.05,54.6,2024-03-01,2026-12-31,2029-12-31,2026-05-01,0,0.0,0
PAIM-618600,6L of Valanchery bypass to Kappirikkad of NH  66 from km. 298500 to km 335850 (National Highways Authority of India [NHA,Infrastructure & Highways,Ministry of Railways,618600,Multi-State,3174.45,3174.45,1707.68,53.8,2024-03-01,2026-12-31,2028-12-31,2026-05-01,36,0.0,0
PAIM-10428,(National Highways Authority of India [NHAI]) (618600) (N24001659) (10428),Infrastructure & Highways,Ministry of Railways,N24001659,Multi-State,3964.69,3964.69,2448.67,61.8,2022-03-01,2026-12-31,2027-12-31,2026-05-01,12,0.0,0
PAIM-618601,NH-17 (National Highways Authority of India [NHAI]) (618601),Infrastructure & Highways,Ministry of Railways,618601,Multi-State,1521.19,1521.19,742.04,48.8,2023-03-01,2027-12-31,2029-12-31,2026-05-01,0,0.0,0
PAIM-10429,(National Highways Authority of India [NHAI]) (618601) (N24001655) (10429),Infrastructure & Highways,Ministry of Railways,N24001655,Multi-State,788.9,788.9,594.02,75.3,2024-03-01,2027-12-31,2029-12-31,2026-05-01,18,0.0,0
PAIM-618602,NH-17 (National Highways Authority of India [NHAI]) (618602),Infrastructure & Highways,Ministry of Railways,618602,Multi-State,3318.3,3318.3,1438.55,43.4,2021-03-01,2026-12-31,2029-12-31,2026-05-01,24,0.0,0
PAIM-10430,(National Highways Authority of India [NHAI]) (618602) (N24001656) (10430),Infrastructure & Highways,Ministry of Railways,N24001656,Multi-State,3650.38,3650.38,2258.04,61.9,2024-03-01,2028-12-31,2027-12-31,2026-05-01,0,0.0,0
PAIM-618603,NH-17 (National Highways Authority of India [NHAI]) (618603),Infrastructure & Highways,Ministry of Railways,618603,Multi-State,3994.53,3994.53,1347.48,33.7,2023-03-01,2027-12-31,2027-12-31,2026-05-01,36,0.0,0
PAIM-10431,(National Highways Authority of India [NHAI]) (618603) (N24001653) (10431),Infrastructure & Highways,Ministry of Railways,N24001653,Multi-State,3975.74,3975.74,559.72,14.1,2021-03-01,2026-12-31,2029-12-31,2026-05-01,24,0.0,0
PAIM-618604,Aroor-Thuravoor Thekku (National Highways Authority of India [NHAI]) (618604),Infrastructure & Highways,Ministry of Railways,618604,Multi-State,3328.52,3328.52,504.63,15.2,2021-03-01,2026-12-31,2028-12-31,2026-05-01,6,0.0,0
PAIM-10432,(National Highways Authority of India [NHAI]) (618604) (N24001648) (10432),Infrastructure & Highways,Ministry of Railways,N24001648,Multi-State,397.46,397.46,103.24,26.0,2021-03-01,2026-12-31,2028-12-31,2026-05-01,0,0.0,0
PAIM-618605,Thuravoor Thekku-Paravoor (National Highways Authority of India [NHAI]) (618605),Infrastructure & Highways,Ministry of Railways,618605,Multi-State,3464.58,3464.58,949.59,27.4,2023-03-01,2028-12-31,2029-12-31,2026-05-01,6,0.0,0
PAIM-10433,(National Highways Authority of India [NHAI]) (618605) (N24001651) (10433),Infrastructure & Highways,Ministry of Railways,N24001651,Multi-State,1826.97,1826.97,198.16,10.8,2022-03-01,2028-12-31,2027-12-31,2026-05-01,18,0.0,0
PAIM-618606,Paravoor-Kottankulangara (National Highways Authority of India [NHAI]) (618606),Infrastructure & Highways,Ministry of Railways,618606,Multi-State,1005.79,1005.79,767.15,76.3,2023-03-01,2027-12-31,2029-12-31,2026-05-01,6,0.0,0
PAIM-10434,(National Highways Authority of India [NHAI]) (618606) (N24001649) (10434),Infrastructure & Highways,Ministry of Railways,N24001649,Multi-State,1293.86,1293.86,1078.95,83.4,2023-03-01,2028-12-31,2028-12-31,2026-05-01,18,0.0,0
PAIM-618607,Kottankulangara- Start of Kollam Bypass (National Highways Authority of India [NHAI]) (618607),Infrastructure & Highways,Ministry of Railways,618607,Multi-State,2454.4,2454.4,1195.29,48.7,2021-03-01,2026-12-31,2027-12-31,2026-05-01,12,0.0,0
PAIM-10435,(National Highways Authority of India [NHAI]) (618607) (N24001657) (10435),Infrastructure & Highways,Ministry of Railways,N24001657,Multi-State,1579.07,1579.07,770.67,48.8,2022-03-01,2026-12-31,2028-12-31,2026-05-01,18,0.0,0
PAIM-618708,2L/LPS section in the state of Kerala on EPC Mode under Bharatmala Pariyojana (National Highways Authority of India [NHA,Infrastructure & Highways,Ministry of Railways,618708,Multi-State,3449.5,3449.5,2348.87,68.1,2022-03-01,2027-12-31,2028-12-31,2026-05-01,24,0.0,0
PAIM-10503,(National Highways Authority of India [NHAI]) (618708) (N24002074) (10503),Infrastructure & Highways,Ministry of Railways,N24002074,Multi-State,2113.68,2113.68,671.09,31.7,2022-03-01,2028-12-31,2028-12-31,2026-05-01,36,0.0,0
PAIM-619098,Kozhikode Bypass Calicut Bypass Vengalam Jn. to Ramanattukara Jn. (National Highways Authority of India [NHAI]) (619098),Infrastructure & Highways,Ministry of Railways,619098,Multi-State,1727.63,1727.63,1223.98,70.8,2021-03-01,2026-12-31,2028-12-31,2026-05-01,12,0.0,0
PAIM-11776,(National Highways Authority of India [NHAI]) (619098) (N24000784) (11776),Infrastructure & Highways,Ministry of Railways,N24000784,Multi-State,1377.7,1377.7,406.45,29.5,2022-03-01,2026-12-31,2027-12-31,2026-05-01,36,0.0,0
PAIM-619206,6L of Perole Nileshwar town to Taliparamba from Km 94.248 to Km 134.650 of NH-66 (National Highways Authority of India [,Infrastructure & Highways,Ministry of Railways,619206,Multi-State,1873.37,1873.37,680.84,36.3,2024-03-01,2027-12-31,2029-12-31,2026-05-01,12,0.0,0
PAIM-11896,(National Highways Authority of India [NHAI]) (619206) (-) (11896),Infrastructure & Highways,Ministry of Railways,11896,Multi-State,821.34,821.34,569.72,69.4,2021-03-01,2028-12-31,2027-12-31,2026-05-01,0,0.0,0
PAIM-619207,Start of Kollam Bypass - Kadambattukonam (National Highways Authority of India [NHAI]) (619207),Infrastructure & Highways,Ministry of Railways,619207,Multi-State,2706.79,2706.79,1333.75,49.3,2023-03-01,2027-12-31,2029-12-31,2026-05-01,6,0.0,0
PAIM-11897,(National Highways Authority of India [NHAI]) (619207) (-) (11897),Infrastructure & Highways,Ministry of Railways,11897,Multi-State,3718.58,3718.58,926.66,24.9,2022-03-01,2028-12-31,2027-12-31,2026-05-01,18,0.0,0
PAIM-619208,Kadambattukonam-Kazhakuttom (National Highways Authority of India [NHAI]) (619208),Infrastructure & Highways,Ministry of Railways,619208,Multi-State,2478.35,2478.35,881.75,35.6,2021-03-01,2027-12-31,2027-12-31,2026-05-01,12,0.0,0
PAIM-11898,(National Highways Authority of India [NHAI]) (619208) (-) (11898),Infrastructure & Highways,Ministry of Railways,11898,Multi-State,1096.9,1096.9,867.89,79.1,2021-03-01,2026-12-31,2027-12-31,2026-05-01,24,0.0,0
PAIM-618408,Kargil Zanskar Road (NHIDCL) (618408),Infrastructure & Highways,Ministry of Railways,618408,Multi-State,4143.07,4143.07,823.19,19.9,2023-03-01,2026-12-31,2029-12-31,2026-05-01,6,0.0,0
PAIM-618409,30.000 Km length Pkg-lll (NHIDCL) (618409),Infrastructure & Highways,Ministry of Railways,618409,Multi-State,2193.68,2193.68,994.22,45.3,2021-03-01,2028-12-31,2027-12-31,2026-05-01,6,0.0,0
PAIM-618410,of 26.960 Km length Pkg-II (NHIDCL) (618410),Infrastructure & Highways,Ministry of Railways,618410,Multi-State,1672.19,1672.19,872.5,52.2,2021-03-01,2026-12-31,2027-12-31,2026-05-01,18,0.0,0
PAIM-617909,19.200 in the State of Madhya Pradesh on Hybrid Annuity Mode HAM. (MoRTH) (617909),Infrastructure & Highways,Ministry of Railways,617909,Madhya Pradesh,4204.72,4204.72,2487.13,59.2,2022-03-01,2028-12-31,2027-12-31,2026-05-01,6,0.0,0
PAIM-10134,(MoRTH) (617909) (-) (10134),Infrastructure & Highways,Ministry of Railways,10134,Madhya Pradesh,4297.49,4297.49,3192.25,74.3,2021-03-01,2028-12-31,2029-12-31,2026-05-01,6,0.0,0
PAIM-617911,on EPC mode under NHDP-IVA (MoRTH) (617911),Infrastructure & Highways,Ministry of Railways,617911,Madhya Pradesh,2376.65,2376.65,1901.12,80.0,2022-03-01,2027-12-31,2027-12-31,2026-05-01,36,0.0,0
PAIM-10135,(MoRTH) (617911) (N24000513) (10135),Infrastructure & Highways,Ministry of Railways,N24000513,Madhya Pradesh,668.1,668.1,171.16,25.6,2022-03-01,2028-12-31,2029-12-31,2026-05-01,6,0.0,0
PAIM-617914,Pradesh on EPC mode (MoRTH) (617914),Infrastructure & Highways,Ministry of Railways,617914,Madhya Pradesh,1155.44,1155.44,407.36,35.3,2021-03-01,2026-12-31,2029-12-31,2026-05-01,12,0.0,0
PAIM-617915,9.1 km in the state of Madhya Pradesh on EPC mode. (MoRTH) (617915),Infrastructure & Highways,Ministry of Railways,617915,Madhya Pradesh,2990.27,2990.27,690.87,23.1,2022-03-01,2028-12-31,2028-12-31,2026-05-01,0,0.0,0
PAIM-618019,the State of Madhya Pradesh under EPC mode. (MoRTH) (618019),Infrastructure & Highways,Ministry of Railways,618019,Madhya Pradesh,1165.37,1165.37,898.19,77.1,2023-03-01,2028-12-31,2029-12-31,2026-05-01,36,0.0,0
PAIM-618020,up areas in a total length of 22.615 km in the state of Madhya Pradesh on EPC mode. (MoRTH) (618020),Infrastructure & Highways,Ministry of Railways,618020,Madhya Pradesh,1416.76,1416.76,335.68,23.7,2021-03-01,2027-12-31,2027-12-31,2026-05-01,12,0.0,0
PAIM-618021,two lane with paved shoulders in the state of Madhya Pradesh on EPC mode (MoRTH) (618021),Infrastructure & Highways,Ministry of Railways,618021,Madhya Pradesh,429.66,429.66,252.56,58.8,2022-03-01,2028-12-31,2029-12-31,2026-05-01,24,0.0,0
PAIM-618035,Pradesh on EPCmode. (MoRTH) (618035),Infrastructure & Highways,Ministry of Railways,618035,Madhya Pradesh,3179.78,3179.78,841.76,26.5,2023-03-01,2028-12-31,2027-12-31,2026-05-01,0,0.0,0
PAIM-618036,Pradesh on EPCmode. (MoRTH) (618036),Infrastructure & Highways,Ministry of Railways,618036,Madhya Pradesh,3611.78,3611.78,2476.77,68.6,2023-03-01,2028-12-31,2028-12-31,2026-05-01,0,0.0,0
PAIM-618043,a total length of 7.23 km in the state of Madhya Pradesh on EPC mode (MoRTH) (618043),Infrastructure & Highways,Ministry of Railways,618043,Madhya Pradesh,2251.0,2251.0,455.09,20.2,2023-03-01,2028-12-31,2028-12-31,2026-05-01,12,0.0,0
PAIM-10167,(MoRTH) (618043) (-) (10167),Infrastructure & Highways,Ministry of Railways,10167,Madhya Pradesh,309.37,309.37,231.14,74.7,2021-03-01,2026-12-31,2028-12-31,2026-05-01,24,0.0,0
PAIM-618044,Pradesh (MoRTH) (618044),Infrastructure & Highways,Ministry of Railways,618044,Madhya Pradesh,452.64,452.64,212.08,46.9,2023-03-01,2027-12-31,2027-12-31,2026-05-01,6,0.0,0
PAIM-12152,(MoRTH) (618044) (-) (12152),Infrastructure & Highways,Ministry of Railways,12152,Madhya Pradesh,4026.42,4026.42,1020.65,25.3,2022-03-01,2026-12-31,2028-12-31,2026-05-01,18,0.0,0
PAIM-618045,border section of NH 552E in the State of Madhya Pradesh on EPC mode (MoRTH) (618045),Infrastructure & Highways,Ministry of Railways,618045,Madhya Pradesh,4338.11,4338.11,2535.25,58.4,2024-03-01,2028-12-31,2028-12-31,2026-05-01,36,0.0,0
PAIM-618068,pavement on NH-943 in the State of Madhya Pradesh on EPC Mode. (MoRTH) (618068),Infrastructure & Highways,Ministry of Railways,618068,Madhya Pradesh,4250.65,4250.65,2135.49,50.2,2024-03-01,2028-12-31,2029-12-31,2026-05-01,0,0.0,0
PAIM-618085,Km 0150 to Km 50500 of NH-146B in the state of Madhya Pradesh on EPC mode. (MoRTH) (618085),Infrastructure & Highways,Ministry of Railways,618085,Madhya Pradesh,4004.82,4004.82,2280.91,57.0,2023-03-01,2027-12-31,2028-12-31,2026-05-01,6,0.0,0
PAIM-618129,configuration in the State of Madhya Pradesh on EPC mode. (MoRTH) (618129),Infrastructure & Highways,Ministry of Railways,618129,Madhya Pradesh,4473.06,4473.06,2125.26,47.5,2021-03-01,2026-12-31,2027-12-31,2026-05-01,6,0.0,0
PAIM-618156,Madhya Pradesh on EPC mode (MoRTH) (618156),Infrastructure & Highways,Ministry of Railways,618156,Madhya Pradesh,4248.87,4248.87,3425.63,80.6,2022-03-01,2027-12-31,2028-12-31,2026-05-01,6,0.0,0
PAIM-618157,Pradesh on EPC mode. (MoRTH) (618157),Infrastructure & Highways,Ministry of Railways,618157,Madhya Pradesh,2180.0,2180.0,582.76,26.7,2021-03-01,2026-12-31,2027-12-31,2026-05-01,24,0.0,0
PAIM-618158,Pradesh on EPC mode (MoRTH) (618158),Infrastructure & Highways,Ministry of Railways,618158,Madhya Pradesh,4287.23,4287.23,3083.43,71.9,2021-03-01,2028-12-31,2029-12-31,2026-05-01,36,0.0,0
PAIM-618170,10.470 km in the State of Madhya Pradesh on EPC mode. (MoRTH) (618170),Infrastructure & Highways,Ministry of Railways,618170,Madhya Pradesh,3206.09,3206.09,2051.67,64.0,2023-03-01,2026-12-31,2029-12-31,2026-05-01,6,0.0,0
PAIM-618171,to 2LPS in the State of Madhya Pradesh under EPC mode (MoRTH) (618171),Infrastructure & Highways,Ministry of Railways,618171,Madhya Pradesh,3521.67,3521.67,1223.33,34.7,2024-03-01,2028-12-31,2027-12-31,2026-05-01,6,0.0,0
PAIM-618619,Bypass on Western side of Gwalior City (National Highways Authority of India [NHAI]) (618619),Infrastructure & Highways,Ministry of Railways,618619,Madhya Pradesh,2613.64,2613.64,2055.8,78.7,2022-03-01,2026-12-31,2028-12-31,2026-05-01,36,0.0,0
PAIM-618620,Dewas section of NH-52 in the state of Madhya Pradesh on EPC Mode (National Highways Authority of India [NHAI]) (618620),Infrastructure & Highways,Ministry of Railways,618620,Madhya Pradesh,2830.78,2830.78,2219.21,78.4,2021-03-01,2028-12-31,2027-12-31,2026-05-01,12,0.0,0
PAIM-618621,Indore - Edlabad Pkg-II [Tejajinagar to Balwara] (National Highways Authority of India [NHAI]) (618621),Infrastructure & Highways,Ministry of Railways,618621,Madhya Pradesh,424.68,424.68,175.6,41.3,2024-03-01,2027-12-31,2028-12-31,2026-05-01,24,0.0,0
PAIM-10445,(National Highways Authority of India [NHAI]) (618621) (N24002070) (10445),Infrastructure & Highways,Ministry of Railways,N24002070,Madhya Pradesh,445.01,445.01,376.65,84.6,2023-03-01,2027-12-31,2028-12-31,2026-05-01,0,0.0,0
PAIM-618622,of NH347BG & 753L (National Highways Authority of India [NHAI]) (618622),Infrastructure & Highways,Ministry of Railways,618622,Madhya Pradesh,4106.65,4106.65,1668.15,40.6,2021-03-01,2027-12-31,2028-12-31,2026-05-01,36,0.0,0
PAIM-10446,(National Highways Authority of India [NHAI]) (618622) (N24001767) (10446),Infrastructure & Highways,Ministry of Railways,N24001767,Madhya Pradesh,3607.33,3607.33,2807.78,77.8,2023-03-01,2026-12-31,2028-12-31,2026-05-01,24,0.0,0
PAIM-618623,753L (National Highways Authority of India [NHAI]) (618623),Infrastructure & Highways,Ministry of Railways,618623,Gujarat,2971.4,2971.4,851.22,28.6,2024-03-01,2027-12-31,2027-12-31,2026-05-01,24,0.0,0
PAIM-10447,(National Highways Authority of India [NHAI]) (618623) (-) (10447),Infrastructure & Highways,Ministry of Railways,10447,Gujarat,4041.7,4041.7,2737.03,67.7,2023-03-01,2026-12-31,2028-12-31,2026-05-01,0,0.0,0
PAIM-618625,Indore - Gujarat / MP Border from km. Km 9.500 to Km 171.000 of NH-59 in MP (National Highways Authority of India [NHAI],Infrastructure & Highways,Ministry of Railways,618625,Gujarat,1948.31,1948.31,1302.32,66.8,2023-03-01,2027-12-31,2027-12-31,2026-05-01,6,0.0,0
PAIM-618654,4L Greenfield Rudhi to Deshgaon Pkg V of Betul-Khandwa/Deshgaon (National Highways Authority of India [NHAI]) (618654),Infrastructure & Highways,Ministry of Railways,618654,Madhya Pradesh,566.5,566.5,407.93,72.0,2023-03-01,2027-12-31,2028-12-31,2026-05-01,12,0.0,0
PAIM-618655,114.000 KM Package  III of Betul  Khandwa (National Highways Authority of India [NHAI]) (618655),Infrastructure & Highways,Ministry of Railways,618655,Madhya Pradesh,284.34,284.34,211.9,74.5,2024-03-01,2028-12-31,2029-12-31,2026-05-01,6,0.0,0
PAIM-618661,4L from km 0.000 to 42.040 Bhopal Ratnaigiri Tiraha to Vidisha Morikodi (National Highways Authority of India [NHAI]) (6,Infrastructure & Highways,Ministry of Railways,618661,Madhya Pradesh,3819.29,3819.29,1814.11,47.5,2023-03-01,2026-12-31,2029-12-31,2026-05-01,0,0.0,0
PAIM-10468,(National Highways Authority of India [NHAI]) (618661) (-) (10468),Infrastructure & Highways,Ministry of Railways,10468,Madhya Pradesh,2384.65,2384.65,2005.0,84.1,2023-03-01,2028-12-31,2029-12-31,2026-05-01,36,0.0,0
PAIM-618662,chainage km 81240  to Design Chainage km 88361 existing chainage km 110.315 (National Highways Authority of India [NHAI],Infrastructure & Highways,Ministry of Railways,618662,Madhya Pradesh,1643.85,1643.85,370.64,22.5,2023-03-01,2026-12-31,2027-12-31,2026-05-01,24,0.0,0
PAIM-12086,(National Highways Authority of India [NHAI]) (618662) (-) (12086),Infrastructure & Highways,Ministry of Railways,12086,Madhya Pradesh,3503.46,3503.46,2515.02,71.8,2021-03-01,2026-12-31,2029-12-31,2026-05-01,18,0.0,0
PAIM-618663,NH-146 (National Highways Authority of India [NHAI]) (618663),Infrastructure & Highways,Ministry of Railways,618663,Madhya Pradesh,3308.1,3308.1,791.02,23.9,2022-03-01,2028-12-31,2029-12-31,2026-05-01,6,0.0,0
PAIM-10469,(National Highways Authority of India [NHAI]) (618663) (N24002077) (10469),Infrastructure & Highways,Ministry of Railways,N24002077,Madhya Pradesh,3325.6,3325.6,473.19,14.2,2024-03-01,2028-12-31,2029-12-31,2026-05-01,6,0.0,0
PAIM-618664,Berkhedi to Godpehra on NH-44 Sagar link road (National Highways Authority of India [NHAI]) (618664),Infrastructure & Highways,Ministry of Railways,618664,Madhya Pradesh,1474.75,1474.75,340.37,23.1,2021-03-01,2027-12-31,2027-12-31,2026-05-01,0,0.0,0
PAIM-618665,4L of Sagar - Mohari from Km.8 to Km.50 Pkg-I (National Highways Authority of India [NHAI]) (618665),Infrastructure & Highways,Ministry of Railways,618665,Madhya Pradesh,2848.22,2848.22,1981.02,69.6,2023-03-01,2028-12-31,2028-12-31,2026-05-01,24,0.0,0
PAIM-10470,(National Highways Authority of India [NHAI]) (618665) (N24001615) (10470),Infrastructure & Highways,Ministry of Railways,N24001615,Madhya Pradesh,1257.43,1257.43,1027.34,81.7,2024-03-01,2027-12-31,2027-12-31,2026-05-01,6,0.0,0
PAIM-618666,length 39.575 km Package-2 in the State of Madhya Pradesh on EPC Mode (National Highways Authority of India [NHAI]) (618,Infrastructure & Highways,Ministry of Railways,618666,Madhya Pradesh,3966.75,3966.75,2998.84,75.6,2021-03-01,2028-12-31,2029-12-31,2026-05-01,6,0.0,0
PAIM-10471,(National Highways Authority of India [NHAI]) (618666) (-) (10471),Infrastructure & Highways,Ministry of Railways,10471,Madhya Pradesh,2332.79,2332.79,655.15,28.1,2022-03-01,2028-12-31,2027-12-31,2026-05-01,0,0.0,0
PAIM-618667,145.000 Package-3 (National Highways Authority of India [NHAI]) (618667),Infrastructure & Highways,Ministry of Railways,618667,Madhya Pradesh,3954.15,3954.15,2977.32,75.3,2024-03-01,2027-12-31,2028-12-31,2026-05-01,24,0.0,0
PAIM-10472,(National Highways Authority of India [NHAI]) (618667) (-) (10472),Infrastructure & Highways,Ministry of Railways,10472,Madhya Pradesh,1552.15,1552.15,712.75,45.9,2024-03-01,2027-12-31,2029-12-31,2026-05-01,0,0.0,0
PAIM-618671,134.549 (National Highways Authority of India [NHAI]) (618671),Infrastructure & Highways,Ministry of Railways,618671,Madhya Pradesh,1733.7,1733.7,754.8,43.5,2024-03-01,2026-12-31,2029-12-31,2026-05-01,0,0.0,0
PAIM-618672,124470 in the state of MP on HAM mode (National Highways Authority of India [NHAI]) (618672),Infrastructure & Highways,Ministry of Railways,618672,Madhya Pradesh,3132.09,3132.09,1006.11,32.1,2021-03-01,2027-12-31,2027-12-31,2026-05-01,18,0.0,0
PAIM-10475,(National Highways Authority of India [NHAI]) (618672) (-) (10475),Infrastructure & Highways,Ministry of Railways,10475,Madhya Pradesh,2831.96,2831.96,2357.92,83.3,2023-03-01,2027-12-31,2028-12-31,2026-05-01,6,0.0,0
PAIM-618684,Outer Ring Road of Jabalpur Town from Manegaon to NH-45 Pkg-2 (National Highways Authority of India [NHAI]) (618684),Infrastructure & Highways,Ministry of Railways,618684,Madhya Pradesh,3164.34,3164.34,2009.82,63.5,2023-03-01,2027-12-31,2029-12-31,2026-05-01,36,0.0,0
PAIM-10486,(National Highways Authority of India [NHAI]) (618684) (-) (10486),Infrastructure & Highways,Ministry of Railways,10486,Madhya Pradesh,1426.98,1426.98,389.54,27.3,2022-03-01,2028-12-31,2028-12-31,2026-05-01,12,0.0,0
PAIM-618685,Outer Ring Road of Jabalpur Town from NH45 to Kushner Pkg-3 (National Highways Authority of India [NHAI]) (618685),Infrastructure & Highways,Ministry of Railways,618685,Madhya Pradesh,2380.58,2380.58,1302.23,54.7,2022-03-01,2027-12-31,2029-12-31,2026-05-01,18,0.0,0
PAIM-10487,(National Highways Authority of India [NHAI]) (618685) (-) (10487),Infrastructure & Highways,Ministry of Railways,10487,Madhya Pradesh,1207.23,1207.23,549.73,45.5,2021-03-01,2026-12-31,2027-12-31,2026-05-01,12,0.0,0
PAIM-618686,Connectivity Pkg-IV (National Highways Authority of India [NHAI]) (618686),Infrastructure & Highways,Ministry of Railways,618686,Madhya Pradesh,1741.12,1741.12,215.75,12.4,2022-03-01,2027-12-31,2027-12-31,2026-05-01,36,0.0,0
PAIM-10488,(National Highways Authority of India [NHAI]) (618686) (-) (10488),Infrastructure & Highways,Ministry of Railways,10488,Madhya Pradesh,628.81,628.81,223.35,35.5,2023-03-01,2027-12-31,2029-12-31,2026-05-01,36,0.0,0
PAIM-618687,Outer Ring Road of Jabalpur Town from Barela to Manegaon Pkg-1 (National Highways Authority of India [NHAI]) (618687),Infrastructure & Highways,Ministry of Railways,618687,Madhya Pradesh,720.7,720.7,469.88,65.2,2022-03-01,2028-12-31,2028-12-31,2026-05-01,6,0.0,0
PAIM-10489,(National Highways Authority of India [NHAI]) (618687) (N24002068) (10489),Infrastructure & Highways,Ministry of Railways,N24002068,Madhya Pradesh,990.89,990.89,804.9,81.2,2022-03-01,2027-12-31,2027-12-31,2026-05-01,0,0.0,0
PAIM-618688,to barela Pkg-V (National Highways Authority of India [NHAI]) (618688),Infrastructure & Highways,Ministry of Railways,618688,Madhya Pradesh,1877.33,1877.33,643.55,34.3,2023-03-01,2026-12-31,2028-12-31,2026-05-01,0,0.0,0
PAIM-10490,(National Highways Authority of India [NHAI]) (618688) (-) (10490),Infrastructure & Highways,Ministry of Railways,10490,Madhya Pradesh,1260.15,1260.15,1057.34,83.9,2024-03-01,2027-12-31,2028-12-31,2026-05-01,12,0.0,0
PAIM-618694,Indore - Harda Pkg-I [Indore to Raghav Garh from km. 0.25 to km. 26.903] (National Highways Authority of India [NHAI]) (,Infrastructure & Highways,Ministry of Railways,618694,Madhya Pradesh,2921.94,2921.94,652.32,22.3,2022-03-01,2027-12-31,2029-12-31,2026-05-01,12,0.0,0
PAIM-10495,(National Highways Authority of India [NHAI]) (618694) (N24001766) (10495),Infrastructure & Highways,Ministry of Railways,N24001766,Madhya Pradesh,1786.78,1786.78,580.35,32.5,2023-03-01,2028-12-31,2028-12-31,2026-05-01,36,0.0,0
PAIM-618695,Indore - Harda Pkg-III [Nanasa to Pidgaon Section from km 95.000 to km 142.445] (National Highways Authority of India [N,Infrastructure & Highways,Ministry of Railways,618695,Madhya Pradesh,2363.59,2363.59,509.63,21.6,2022-03-01,2026-12-31,2027-12-31,2026-05-01,12,0.0,0
PAIM-10496,(National Highways Authority of India [NHAI]) (618695) (N24001762) (10496),Infrastructure & Highways,Ministry of Railways,N24001762,Madhya Pradesh,3917.07,3917.07,1140.42,29.1,2024-03-01,2028-12-31,2027-12-31,2026-05-01,36,0.0,0
PAIM-618701,Sindoor River from Km. 66.00 to 130.00  NH-12 New NH-45 (National Highways Authority of India [NHAI]) (618701),Infrastructure & Highways,Ministry of Railways,618701,Madhya Pradesh,4483.28,4483.28,2570.66,57.3,2023-03-01,2027-12-31,2029-12-31,2026-05-01,36,0.0,0
PAIM-618735,41.400 of  NH-148NG Pkg-I (National Highways Authority of India [NHAI]) (618735),Infrastructure & Highways,Ministry of Railways,618735,Madhya Pradesh,2408.92,2408.92,1996.4,82.9,2023-03-01,2027-12-31,2027-12-31,2026-05-01,24,0.0,0
PAIM-10525,(National Highways Authority of India [NHAI]) (618735) (N24001759) (10525),Infrastructure & Highways,Ministry of Railways,N24001759,Madhya Pradesh,2314.19,2314.19,1675.32,72.4,2022-03-01,2027-12-31,2028-12-31,2026-05-01,12,0.0,0
PAIM-618751,Mehulwa-Talbehat Pkg-II Section of NH- 346 (National Highways Authority of India [NHAI]) (618751),Infrastructure & Highways,Ministry of Railways,618751,Madhya Pradesh,384.14,384.14,80.43,20.9,2022-03-01,2027-12-31,2028-12-31,2026-05-01,12,0.0,0
PAIM-10537,(National Highways Authority of India [NHAI]) (618751) (N24001921) (10537),Infrastructure & Highways,Ministry of Railways,N24001921,Madhya Pradesh,2995.96,2995.96,1663.25,55.5,2023-03-01,2027-12-31,2028-12-31,2026-05-01,0,0.0,0
PAIM-618762,Itarsi Km. 63.000 to Betul Km. 137.000 of NH-69 in Madhya Pradesh (National Highways Authority of India [NHAI]) (618762),Infrastructure & Highways,Ministry of Railways,618762,Madhya Pradesh,1493.15,1493.15,580.49,38.9,2024-03-01,2028-12-31,2028-12-31,2026-05-01,18,0.0,0
PAIM-10544,(National Highways Authority of India [NHAI]) (618762) (-) (10544),Infrastructure & Highways,Ministry of Railways,10544,Madhya Pradesh,1856.5,1856.5,1545.27,83.2,2024-03-01,2028-12-31,2028-12-31,2026-05-01,18,0.0,0
PAIM-618784,in the State of Madhya Pradesh (NHAI) (618784),Infrastructure & Highways,Ministry of Railways,618784,Madhya Pradesh,1195.56,1195.56,386.16,32.3,2021-03-01,2027-12-31,2028-12-31,2026-05-01,6,0.0,0
PAIM-618932,State of Madhya Pradesh on Hybrid Annuity Mode under NHO (National Highways Authority of India [NHAI]) (618932),Infrastructure & Highways,Ministry of Railways,618932,Madhya Pradesh,445.48,445.48,181.34,40.7,2023-03-01,2028-12-31,2028-12-31,2026-05-01,18,0.0,0
PAIM-618933,the state of Madhya Pradesh on Hybrid Annuity Mode under NHO (National Highways Authority of India [NHAI]) (618933),Infrastructure & Highways,Ministry of Railways,618933,Madhya Pradesh,1124.78,1124.78,731.64,65.0,2023-03-01,2027-12-31,2028-12-31,2026-05-01,18,0.0,0
PAIM-11878,(National Highways Authority of India [NHAI]) (618933) (-) (11878),Infrastructure & Highways,Ministry of Railways,11878,Madhya Pradesh,1314.66,1314.66,307.36,23.4,2021-03-01,2028-12-31,2027-12-31,2026-05-01,18,0.0,0
PAIM-618962,Km. 102.000 (National Highways Authority of India [NHAI]) (618962),Infrastructure & Highways,Ministry of Railways,618962,Madhya Pradesh,443.67,443.67,122.24,27.6,2022-03-01,2028-12-31,2029-12-31,2026-05-01,6,0.0,0
PAIM-10695,(National Highways Authority of India [NHAI]) (618962) (-) (10695),Infrastructure & Highways,Ministry of Railways,10695,Madhya Pradesh,3841.36,3841.36,1182.93,30.8,2023-03-01,2027-12-31,2027-12-31,2026-05-01,18,0.0,0
PAIM-618963,from design km 102.000 to design km 142.357 Design length 40.357 km (National Highways Authority of India [NHAI]) (61896,Infrastructure & Highways,Ministry of Railways,618963,Madhya Pradesh,4061.84,4061.84,3407.54,83.9,2023-03-01,2027-12-31,2029-12-31,2026-05-01,18,0.0,0
PAIM-10696,(National Highways Authority of India [NHAI]) (618963) (-) (10696),Infrastructure & Highways,Ministry of Railways,10696,Madhya Pradesh,2005.25,2005.25,371.57,18.5,2021-03-01,2026-12-31,2028-12-31,2026-05-01,0,0.0,0
PAIM-618964,4 Laning of Sandalpur to Nasrullaganj Pkg-1 section of NH-146B Length 43.2 Km. (National Highways Authority of India [NH,Infrastructure & Highways,Ministry of Railways,618964,Madhya Pradesh,2472.06,2472.06,838.88,33.9,2021-03-01,2027-12-31,2029-12-31,2026-05-01,18,0.0,0
PAIM-618966,near Ashram Tiraha on NH-46 to Km 16439 end at Ratnagiri Tiraha on Nh-146 (National Highways Authority of India [NHAI]) ,Infrastructure & Highways,Ministry of Railways,618966,Madhya Pradesh,4296.03,4296.03,2294.82,53.4,2021-03-01,2027-12-31,2028-12-31,2026-05-01,36,0.0,0
PAIM-10697,(National Highways Authority of India [NHAI]) (618966) (-) (10697),Infrastructure & Highways,Ministry of Railways,10697,Madhya Pradesh,322.64,322.64,44.7,13.9,2022-03-01,2028-12-31,2029-12-31,2026-05-01,24,0.0,0
PAIM-619007,Madhya Pradesh on EPC mode. (MoRTH) (619007),Infrastructure & Highways,Ministry of Railways,619007,Madhya Pradesh,774.48,774.48,519.25,67.0,2024-03-01,2028-12-31,2027-12-31,2026-05-01,18,0.0,0
PAIM-619100,Dhangaon - Borgaon section km 81.000 to km 139.000 [Indore - Edlabad Pkg IV] (National Highways Authority of India [NHAI,Infrastructure & Highways,Ministry of Railways,619100,Madhya Pradesh,557.02,557.02,103.73,18.6,2022-03-01,2026-12-31,2027-12-31,2026-05-01,6,0.0,0
PAIM-11778,(National Highways Authority of India [NHAI]) (619100) (-) (11778),Infrastructure & Highways,Ministry of Railways,11778,Madhya Pradesh,2181.7,2181.7,806.82,37.0,2024-03-01,2027-12-31,2029-12-31,2026-05-01,0,0.0,0
PAIM-619114,Indore - Harda Pkg-II [Raghavgarh to Nanasa from km. 29.30 to km. 92.30] (National Highways Authority of India [NHAI]) (,Infrastructure & Highways,Ministry of Railways,619114,Madhya Pradesh,2204.83,2204.83,1194.62,54.2,2023-03-01,2028-12-31,2029-12-31,2026-05-01,18,0.0,0
PAIM-11787,(National Highways Authority of India [NHAI]) (619114) (-) (11787),Infrastructure & Highways,Ministry of Railways,11787,Madhya Pradesh,1748.28,1748.28,996.37,57.0,2024-03-01,2028-12-31,2029-12-31,2026-05-01,18,0.0,0
PAIM-617912,in Nagpur district in the state of Maharashtra on HAM mode. (MoRTH) (617912),Infrastructure & Highways,Ministry of Railways,617912,Maharashtra,3488.04,3488.04,1127.14,32.3,2022-03-01,2026-12-31,2028-12-31,2026-05-01,6,0.0,0
PAIM-10136,(MoRTH) (617912) (-) (10136),Infrastructure & Highways,Ministry of Railways,10136,Maharashtra,3199.84,3199.84,1811.59,56.6,2023-03-01,2027-12-31,2027-12-31,2026-05-01,12,0.0,0
PAIM-617917,10/300 on NH 53 in state of Maharashtra. (MoRTH) (617917),Infrastructure & Highways,Ministry of Railways,617917,Maharashtra,2399.1,2399.1,1874.03,78.1,2021-03-01,2028-12-31,2028-12-31,2026-05-01,12,0.0,0
PAIM-617932,on EPC mode in the State of Maharashtra. (MoRTH) (617932),Infrastructure & Highways,Ministry of Railways,617932,Maharashtra,4267.88,4267.88,1197.36,28.1,2022-03-01,2026-12-31,2027-12-31,2026-05-01,36,0.0,0
PAIM-617933,in the state of Maharashtra (MoRTH) (617933),Infrastructure & Highways,Ministry of Railways,617933,Maharashtra,1344.94,1344.94,478.4,35.6,2024-03-01,2028-12-31,2027-12-31,2026-05-01,6,0.0,0
PAIM-10141,(MoRTH) (617933) (N24002174) (10141),Infrastructure & Highways,Ministry of Railways,N24002174,Maharashtra,3270.67,3270.67,974.68,29.8,2023-03-01,2028-12-31,2028-12-31,2026-05-01,12,0.0,0
PAIM-617934,Nasratpur to Barasgaon section of NH-61 2L / 4L  PS from Km.514/00 to 558/200 (MoRTH) (617934),Infrastructure & Highways,Ministry of Railways,617934,Maharashtra,2376.76,2376.76,631.21,26.6,2022-03-01,2028-12-31,2027-12-31,2026-05-01,36,0.0,0
PAIM-617937,Udgir Raavi Degloor Aadampur phata to Sagroli fata (MoRTH) (617937),Infrastructure & Highways,Ministry of Railways,617937,Maharashtra,2903.22,2903.22,1920.34,66.1,2022-03-01,2027-12-31,2028-12-31,2026-05-01,12,0.0,0
PAIM-12150,(MoRTH) (617937) (-) (12150),Infrastructure & Highways,Ministry of Railways,12150,Maharashtra,238.22,238.22,112.91,47.4,2024-03-01,2028-12-31,2029-12-31,2026-05-01,6,0.0,0
PAIM-617938,EPC mode under Annual Plan 2024-25 Total length - 37.525 Km. (MoRTH) (617938),Infrastructure & Highways,Ministry of Railways,617938,Maharashtra,3174.61,3174.61,1119.86,35.3,2023-03-01,2027-12-31,2029-12-31,2026-05-01,18,0.0,0
PAIM-10142,(MoRTH) (617938) (-) (10142),Infrastructure & Highways,Ministry of Railways,10142,Maharashtra,3085.24,3085.24,799.32,25.9,2024-03-01,2026-12-31,2029-12-31,2026-05-01,36,0.0,0
PAIM-617944,on EPC mode (MoRTH) (617944),Infrastructure & Highways,Ministry of Railways,617944,Maharashtra,4345.3,4345.3,1070.84,24.6,2023-03-01,2026-12-31,2028-12-31,2026-05-01,12,0.0,0
PAIM-10146,(MoRTH) (617944) (N24001132) (10146),Infrastructure & Highways,Ministry of Railways,N24001132,Maharashtra,1694.65,1694.65,1013.75,59.8,2024-03-01,2026-12-31,2027-12-31,2026-05-01,18,0.0,0
PAIM-617945,Maharashtra under NHO on EPC Mode. (MoRTH) (617945),Infrastructure & Highways,Ministry of Railways,617945,Maharashtra,1689.62,1689.62,250.91,14.9,2022-03-01,2028-12-31,2028-12-31,2026-05-01,18,0.0,0
PAIM-617946,Kashedi to Parshuram Ghat section of NH-66 from Km 161/600 - Km 205/400 - 4L  PS (MoRTH) (617946),Infrastructure & Highways,Ministry of Railways,617946,Maharashtra,3127.89,3127.89,1653.48,52.9,2021-03-01,2026-12-31,2029-12-31,2026-05-01,24,0.0,0
PAIM-10147,(MoRTH) (617946) (N24000584) (10147),Infrastructure & Highways,Ministry of Railways,N24000584,Maharashtra,1467.07,1467.07,843.28,57.5,2023-03-01,2028-12-31,2028-12-31,2026-05-01,36,0.0,0
PAIM-617947,Arawali Kante section of NH-17New NH-66 4L  PS from Km.241/300 to 281/300 (MoRTH) (617947),Infrastructure & Highways,Ministry of Railways,617947,Maharashtra,434.48,434.48,161.38,37.1,2024-03-01,2027-12-31,2028-12-31,2026-05-01,0,0.0,0
PAIM-10148,(MoRTH) (617947) (N24000585) (10148),Infrastructure & Highways,Ministry of Railways,N24000585,Maharashtra,4209.16,4209.16,2015.43,47.9,2022-03-01,2026-12-31,2027-12-31,2026-05-01,0,0.0,0
PAIM-617948,Kante - Wakad section of NH-66 4L  PS from Km.281/300 to 332/200 (MoRTH) (617948),Infrastructure & Highways,Ministry of Railways,617948,Maharashtra,330.2,330.2,224.14,67.9,2021-03-01,2026-12-31,2029-12-31,2026-05-01,6,0.0,0
PAIM-10149,(MoRTH) (617948) (N24001134) (10149),Infrastructure & Highways,Ministry of Railways,N24001134,Maharashtra,3456.82,3456.82,1641.87,47.5,2021-03-01,2028-12-31,2029-12-31,2026-05-01,12,0.0,0
PAIM-617965,Kopargaon to Savali Vihir section (MoRTH) (617965),Infrastructure & Highways,Ministry of Railways,617965,Maharashtra,1467.51,1467.51,420.96,28.7,2022-03-01,2028-12-31,2029-12-31,2026-05-01,18,0.0,0
PAIM-617978,392/950 ending at Vita Village in the State of Maharashtra on EPC Mode. (MoRTH) (617978),Infrastructure & Highways,Ministry of Railways,617978,Maharashtra,3645.95,3645.95,825.21,22.6,2024-03-01,2028-12-31,2027-12-31,2026-05-01,6,0.0,0
PAIM-10155,(MoRTH) (617978) (-) (10155),Infrastructure & Highways,Ministry of Railways,10155,Maharashtra,2006.86,2006.86,1008.93,50.3,2022-03-01,2026-12-31,2029-12-31,2026-05-01,0,0.0,0
PAIM-617979,340466km in the S (MoRTH) (617979),Infrastructure & Highways,Ministry of Railways,617979,Maharashtra,836.71,836.71,647.52,77.4,2023-03-01,2026-12-31,2027-12-31,2026-05-01,6,0.0,0
PAIM-10156,(MoRTH) (617979) (-) (10156),Infrastructure & Highways,Ministry of Railways,10156,Maharashtra,1007.75,1007.75,460.07,45.7,2023-03-01,2028-12-31,2029-12-31,2026-05-01,12,0.0,0
PAIM-618042,mode in the State of Maharashtra (MoRTH) (618042),Infrastructure & Highways,Ministry of Railways,618042,Maharashtra,1589.56,1589.56,411.6,25.9,2022-03-01,2028-12-31,2029-12-31,2026-05-01,18,0.0,0
PAIM-618046,EPC Mode Length20.122km. (MoRTH) (618046),Infrastructure & Highways,Ministry of Railways,618046,Maharashtra,3654.74,3654.74,1762.27,48.2,2023-03-01,2028-12-31,2027-12-31,2026-05-01,0,0.0,0
PAIM-618047,State of Maharashtra on EPC mode. Length  49.713 km (MoRTH) (618047),Infrastructure & Highways,Ministry of Railways,618047,Maharashtra,3289.4,3289.4,678.84,20.6,2024-03-01,2027-12-31,2028-12-31,2026-05-01,18,0.0,0
PAIM-10168,(MoRTH) (618047) (-) (10168),Infrastructure & Highways,Ministry of Railways,10168,Maharashtra,4067.57,4067.57,3407.88,83.8,2021-03-01,2026-12-31,2027-12-31,2026-05-01,36,0.0,0
PAIM-618049,Maharashtra on EPC mode. (MoRTH) (618049),Infrastructure & Highways,Ministry of Railways,618049,Maharashtra,1540.2,1540.2,259.48,16.8,2022-03-01,2026-12-31,2028-12-31,2026-05-01,12,0.0,0
PAIM-618059,Maharashtra. Total Length of the project 15.781 Km. (MoRTH) (618059),Infrastructure & Highways,Ministry of Railways,618059,Maharashtra,1589.12,1589.12,628.32,39.5,2022-03-01,2028-12-31,2027-12-31,2026-05-01,18,0.0,0
PAIM-618061,Mode Length 37.970 Km (MoRTH) (618061),Infrastructure & Highways,Ministry of Railways,618061,Maharashtra,4310.73,4310.73,2362.81,54.8,2022-03-01,2027-12-31,2029-12-31,2026-05-01,36,0.0,0
PAIM-618065,the (MoRTH) (618065),Infrastructure & Highways,Ministry of Railways,618065,Maharashtra,1861.22,1861.22,1056.6,56.8,2024-03-01,2027-12-31,2029-12-31,2026-05-01,6,0.0,0
PAIM-618088,Nandurshingote to Kolhar (MoRTH) (618088),Infrastructure & Highways,Ministry of Railways,618088,Maharashtra,3790.09,3790.09,854.14,22.5,2021-03-01,2028-12-31,2028-12-31,2026-05-01,6,0.0,0
PAIM-618089,Maharashtra on EPC mode. (MoRTH) (618089),Infrastructure & Highways,Ministry of Railways,618089,Maharashtra,1801.43,1801.43,441.74,24.5,2024-03-01,2026-12-31,2029-12-31,2026-05-01,24,0.0,0
PAIM-618090,Sarsam - Kothari of NH-161A - 2L  PS from Km.33/00 to 90/00 (MoRTH) (618090),Infrastructure & Highways,Ministry of Railways,618090,Maharashtra,3346.22,3346.22,568.58,17.0,2023-03-01,2027-12-31,2029-12-31,2026-05-01,12,0.0,0
PAIM-10176,(MoRTH) (618090) (N24001002) (10176),Infrastructure & Highways,Ministry of Railways,N24001002,Maharashtra,1718.51,1718.51,1140.22,66.3,2024-03-01,2028-12-31,2027-12-31,2026-05-01,36,0.0,0
PAIM-618094,Pen to Khopoli 2LPS (MoRTH) (618094),Infrastructure & Highways,Ministry of Railways,618094,Maharashtra,2919.95,2919.95,1812.11,62.1,2024-03-01,2028-12-31,2028-12-31,2026-05-01,36,0.0,0
PAIM-618096,417 of NH-166E in the state of Maharashtra on EPC mode. (MoRTH) (618096),Infrastructure & Highways,Ministry of Railways,618096,Maharashtra,593.13,593.13,66.12,11.1,2024-03-01,2026-12-31,2028-12-31,2026-05-01,18,0.0,0
PAIM-618097,53/600 Sati on NH-166E (MoRTH) (618097),Infrastructure & Highways,Ministry of Railways,618097,Maharashtra,4472.52,4472.52,1559.57,34.9,2024-03-01,2028-12-31,2029-12-31,2026-05-01,0,0.0,0
PAIM-618098,mode (MoRTH) (618098),Infrastructure & Highways,Ministry of Railways,618098,Maharashtra,3542.01,3542.01,862.84,24.4,2021-03-01,2026-12-31,2028-12-31,2026-05-01,36,0.0,0
PAIM-618099,length 12.440 km in the State of Maharashtra. (MoRTH) (618099),Infrastructure & Highways,Ministry of Railways,618099,Maharashtra,2864.84,2864.84,1724.76,60.2,2023-03-01,2028-12-31,2029-12-31,2026-05-01,12,0.0,0
PAIM-618133,Gadchiroli Dist in the State of Maharashtra. (MoRTH) (618133),Infrastructure & Highways,Ministry of Railways,618133,Maharashtra,3671.65,3671.65,2144.52,58.4,2021-03-01,2026-12-31,2029-12-31,2026-05-01,36,0.0,0
PAIM-618134,District on EPC mode in the state of Maharashtra. (MoRTH) (618134),Infrastructure & Highways,Ministry of Railways,618134,Maharashtra,4091.45,4091.45,643.51,15.7,2023-03-01,2027-12-31,2029-12-31,2026-05-01,24,0.0,0
PAIM-618136,EPC mode in the State of Maharashtra. (MoRTH) (618136),Infrastructure & Highways,Ministry of Railways,618136,Maharashtra,2349.88,2349.88,530.76,22.6,2022-03-01,2027-12-31,2027-12-31,2026-05-01,36,0.0,0
PAIM-618137,EPC mode Length  55.5 Km. (MoRTH) (618137),Infrastructure & Highways,Ministry of Railways,618137,Maharashtra,4465.91,4465.91,682.06,15.3,2023-03-01,2026-12-31,2028-12-31,2026-05-01,6,0.0,0
PAIM-10189,(MoRTH) (618137) (-) (10189),Infrastructure & Highways,Ministry of Railways,10189,Maharashtra,3229.92,3229.92,2277.8,70.5,2022-03-01,2028-12-31,2027-12-31,2026-05-01,0,0.0,0
PAIM-618138,km (MoRTH) (618138),Infrastructure & Highways,Ministry of Railways,618138,Maharashtra,2127.1,2127.1,1122.45,52.8,2021-03-01,2028-12-31,2028-12-31,2026-05-01,6,0.0,0
PAIM-618139,of Maharashtra on EPC mode Length - 41.00 Km. (MoRTH) (618139),Infrastructure & Highways,Ministry of Railways,618139,Maharashtra,2505.78,2505.78,753.79,30.1,2022-03-01,2028-12-31,2027-12-31,2026-05-01,18,0.0,0
PAIM-618150,Total project length  70.9 Km. (MoRTH) (618150),Infrastructure & Highways,Ministry of Railways,618150,Maharashtra,2101.32,2101.32,1679.13,79.9,2024-03-01,2028-12-31,2027-12-31,2026-05-01,36,0.0,0
PAIM-10192,(MoRTH) (618150) (-) (10192),Infrastructure & Highways,Ministry of Railways,10192,Maharashtra,1403.53,1403.53,1042.0,74.2,2022-03-01,2027-12-31,2027-12-31,2026-05-01,6,0.0,0
PAIM-618152,Mhaswad to Tembhurni section of NH-548C - 2L  PS (MoRTH) (618152),Infrastructure & Highways,Ministry of Railways,618152,Maharashtra,503.88,503.88,170.6,33.9,2024-03-01,2026-12-31,2028-12-31,2026-05-01,24,0.0,0
PAIM-618153,Satara to Mhaswad (MoRTH) (618153),Infrastructure & Highways,Ministry of Railways,618153,Maharashtra,2343.02,2343.02,1623.03,69.3,2024-03-01,2028-12-31,2028-12-31,2026-05-01,6,0.0,0
PAIM-10193,(MoRTH) (618153) (N24000979) (10193),Infrastructure & Highways,Ministry of Railways,N24000979,Maharashtra,3925.21,3925.21,3048.46,77.7,2024-03-01,2028-12-31,2028-12-31,2026-05-01,24,0.0,0
PAIM-618154,pavement in the state of Maharashtra on EPC mode. (MoRTH) (618154),Infrastructure & Highways,Ministry of Railways,618154,Maharashtra,3674.5,3674.5,2289.36,62.3,2024-03-01,2026-12-31,2028-12-31,2026-05-01,36,0.0,0
PAIM-618155,State of Maharashtra. (MoRTH) (618155),Infrastructure & Highways,Ministry of Railways,618155,Maharashtra,3646.1,3646.1,2388.71,65.5,2021-03-01,2027-12-31,2027-12-31,2026-05-01,12,0.0,0
PAIM-618172,Paithan - Shirur section 2LPS Km 0.0 to 55.00 (MoRTH) (618172),Infrastructure & Highways,Ministry of Railways,618172,Maharashtra,1261.89,1261.89,330.29,26.2,2021-03-01,2026-12-31,2029-12-31,2026-05-01,6,0.0,0
PAIM-618173,Shirur-Kharda section from 55937 km to 114486 km to 2LPS/4L (MoRTH) (618173),Infrastructure & Highways,Ministry of Railways,618173,Maharashtra,4352.48,4352.48,1247.62,28.7,2022-03-01,2026-12-31,2028-12-31,2026-05-01,24,0.0,0
PAIM-618174,state of Maharashtra on EPC Mode. Length  21.411 km. (MoRTH) (618174),Infrastructure & Highways,Ministry of Railways,618174,Maharashtra,3048.34,3048.34,1683.66,55.2,2024-03-01,2027-12-31,2029-12-31,2026-05-01,6,0.0,0
PAIM-618175,configuration in the state of Maharashtra on EPC mode. (MoRTH) (618175),Infrastructure & Highways,Ministry of Railways,618175,Maharashtra,3242.73,3242.73,2684.17,82.8,2022-03-01,2026-12-31,2027-12-31,2026-05-01,18,0.0,0
PAIM-618176,on EPC mode. (MoRTH) (618176),Infrastructure & Highways,Ministry of Railways,618176,Maharashtra,1036.4,1036.4,517.62,49.9,2021-03-01,2028-12-31,2029-12-31,2026-05-01,24,0.0,0
PAIM-618177,Pal Phata Phulambri - Khultabad 2LPS (MoRTH) (618177),Infrastructure & Highways,Ministry of Railways,618177,Maharashtra,2734.36,2734.36,1105.32,40.4,2021-03-01,2028-12-31,2028-12-31,2026-05-01,36,0.0,0
PAIM-618178,on EPC mode in the State of Maharashtra. (MoRTH) (618178),Infrastructure & Highways,Ministry of Railways,618178,Maharashtra,728.43,728.43,339.63,46.6,2023-03-01,2028-12-31,2029-12-31,2026-05-01,24,0.0,0
PAIM-618179,Mode. (MoRTH) (618179),Infrastructure & Highways,Ministry of Railways,618179,Maharashtra,855.01,855.01,635.26,74.3,2023-03-01,2026-12-31,2027-12-31,2026-05-01,0,0.0,0
PAIM-618180,Pune raigarh District Border To Mangaon    Ch 69000 to 103775    NH-753F (MoRTH) (618180),Infrastructure & Highways,Ministry of Railways,618180,Maharashtra,4067.35,4067.35,1386.58,34.1,2021-03-01,2028-12-31,2028-12-31,2026-05-01,0,0.0,0
PAIM-618181,753F Aurangabad-Jalgaon road on EPC Mode in the State of Maharashtra (MoRTH) (618181),Infrastructure & Highways,Ministry of Railways,618181,Maharashtra,3537.51,3537.51,446.29,12.6,2024-03-01,2028-12-31,2027-12-31,2026-05-01,0,0.0,0
PAIM-618188,mode in the State of Maharashtra. (MoRTH) (618188),Infrastructure & Highways,Ministry of Railways,618188,Maharashtra,1841.73,1841.73,281.6,15.3,2024-03-01,2028-12-31,2028-12-31,2026-05-01,36,0.0,0
PAIM-618198,Maharashtra on EPC mode. Balance Work (MoRTH) (618198),Infrastructure & Highways,Ministry of Railways,618198,Maharashtra,2720.54,2720.54,1733.56,63.7,2024-03-01,2028-12-31,2027-12-31,2026-05-01,18,0.0,0
PAIM-618199,the state of Maharashtra on EPC mode. (MoRTH) (618199),Infrastructure & Highways,Ministry of Railways,618199,Maharashtra,3630.41,3630.41,1607.88,44.3,2021-03-01,2026-12-31,2029-12-31,2026-05-01,12,0.0,0
PAIM-10207,(MoRTH) (618199) (N24002178) (10207),Infrastructure & Highways,Ministry of Railways,N24002178,Maharashtra,3649.27,3649.27,935.16,25.6,2022-03-01,2028-12-31,2027-12-31,2026-05-01,36,0.0,0
PAIM-618468,- Talsari (National Highways Authority of India [NHAI]) (618468),Infrastructure & Highways,Ministry of Railways,618468,Maharashtra,3712.93,3712.93,2954.25,79.6,2023-03-01,2026-12-31,2029-12-31,2026-05-01,18,0.0,0
PAIM-10327,(National Highways Authority of India [NHAI]) (618468) (N24001504) (10327),Infrastructure & Highways,Ministry of Railways,N24001504,Maharashtra,504.47,504.47,399.05,79.1,2022-03-01,2026-12-31,2029-12-31,2026-05-01,18,0.0,0
PAIM-618469,Shirsad - Masvan (National Highways Authority of India [NHAI]) (618469),Infrastructure & Highways,Ministry of Railways,618469,Maharashtra,2952.16,2952.16,1015.66,34.4,2023-03-01,2028-12-31,2027-12-31,2026-05-01,18,0.0,0
PAIM-10328,(National Highways Authority of India [NHAI]) (618469) (N24001506) (10328),Infrastructure & Highways,Ministry of Railways,N24001506,Maharashtra,4105.19,4105.19,1241.9,30.3,2023-03-01,2026-12-31,2027-12-31,2026-05-01,24,0.0,0
PAIM-618470,Shirsad - Akloli (National Highways Authority of India [NHAI]) (618470),Infrastructure & Highways,Ministry of Railways,618470,Maharashtra,4381.16,4381.16,989.32,22.6,2021-03-01,2028-12-31,2028-12-31,2026-05-01,36,0.0,0
PAIM-10329,(National Highways Authority of India [NHAI]) (618470) (N24001507) (10329),Infrastructure & Highways,Ministry of Railways,N24001507,Maharashtra,3813.05,3813.05,2920.41,76.6,2022-03-01,2028-12-31,2027-12-31,2026-05-01,6,0.0,0
PAIM-618471,Akloli - Amne (National Highways Authority of India [NHAI]) (618471),Infrastructure & Highways,Ministry of Railways,618471,Maharashtra,3593.88,3593.88,2730.27,76.0,2022-03-01,2026-12-31,2028-12-31,2026-05-01,12,0.0,0
PAIM-10330,(National Highways Authority of India [NHAI]) (618471) (N24001521) (10330),Infrastructure & Highways,Ministry of Railways,N24001521,Maharashtra,3709.65,3709.65,2088.41,56.3,2021-03-01,2027-12-31,2029-12-31,2026-05-01,24,0.0,0
PAIM-618472,Amne - Bhoj (National Highways Authority of India [NHAI]) (618472),Infrastructure & Highways,Ministry of Railways,618472,Maharashtra,3597.76,3597.76,1776.17,49.4,2022-03-01,2028-12-31,2027-12-31,2026-05-01,18,0.0,0
PAIM-10331,(National Highways Authority of India [NHAI]) (618472) (N24001508) (10331),Infrastructure & Highways,Ministry of Railways,N24001508,Maharashtra,1792.89,1792.89,398.85,22.2,2023-03-01,2026-12-31,2029-12-31,2026-05-01,6,0.0,0
PAIM-618473,Spur] Bhoj - Morbe (National Highways Authority of India [NHAI]) (618473),Infrastructure & Highways,Ministry of Railways,618473,Maharashtra,224.42,224.42,176.87,78.8,2024-03-01,2026-12-31,2029-12-31,2026-05-01,24,0.0,0
PAIM-10332,(National Highways Authority of India [NHAI]) (618473) (N24001608) (10332),Infrastructure & Highways,Ministry of Railways,N24001608,Maharashtra,1302.8,1302.8,186.86,14.3,2022-03-01,2028-12-31,2027-12-31,2026-05-01,18,0.0,0
PAIM-618511,City on PuneSatara section of NH48 (National Highways Authority of India [NHAI]) (618511),Infrastructure & Highways,Ministry of Railways,618511,Maharashtra,876.36,876.36,744.67,85.0,2021-03-01,2027-12-31,2027-12-31,2026-05-01,12,0.0,0
PAIM-618512,existing Km. 782.000 (National Highways Authority of India [NHAI]) (618512),Infrastructure & Highways,Ministry of Railways,618512,Maharashtra,2296.77,2296.77,491.82,21.4,2023-03-01,2028-12-31,2027-12-31,2026-05-01,24,0.0,0
PAIM-10367,(National Highways Authority of India [NHAI]) (618512) (N24001486) (10367),Infrastructure & Highways,Ministry of Railways,N24001486,Maharashtra,634.03,634.03,116.41,18.4,2023-03-01,2028-12-31,2027-12-31,2026-05-01,36,0.0,0
PAIM-618513,6L of Kagal-Satara section from Km 592.500 to Km 658.000 of NH-48 Pkg-I (National Highways Authority of India [NHAI]) (6,Infrastructure & Highways,Ministry of Railways,618513,Maharashtra,582.63,582.63,238.95,41.0,2023-03-01,2026-12-31,2028-12-31,2026-05-01,18,0.0,0
PAIM-10368,(National Highways Authority of India [NHAI]) (618513) (N24001546) (10368),Infrastructure & Highways,Ministry of Railways,N24001546,Maharashtra,2201.52,2201.52,1060.81,48.2,2023-03-01,2027-12-31,2027-12-31,2026-05-01,0,0.0,0
PAIM-618514,6L of Kagal-Satara section from Km 658.000 to Km 725.000 of NH-48 Pkg-II (National Highways Authority of India [NHAI]) (,Infrastructure & Highways,Ministry of Railways,618514,Maharashtra,2649.74,2649.74,1318.55,49.8,2021-03-01,2027-12-31,2029-12-31,2026-05-01,6,0.0,0
PAIM-618557,4L of Indora Chowk to Pachpaoli and Agrasen Chowk - Ashoka Chowk (National Highways Authority of India [NHAI]) (618557),Infrastructure & Highways,Ministry of Railways,618557,Maharashtra,1588.54,1588.54,1227.21,77.3,2022-03-01,2027-12-31,2027-12-31,2026-05-01,12,0.0,0
PAIM-10403,(National Highways Authority of India [NHAI]) (618557) (N24002071) (10403),Infrastructure & Highways,Ministry of Railways,N24002071,Maharashtra,3391.57,3391.57,1339.97,39.5,2024-03-01,2028-12-31,2029-12-31,2026-05-01,6,0.0,0
PAIM-618585,6L of Gonde Km. 439.038 to Pimpri Sado Km. 459.905 section of NH-848 Old NH-3 (National Highways Authority of India [NHA,Infrastructure & Highways,Ministry of Railways,618585,Maharashtra,1295.66,1295.66,1081.26,83.5,2022-03-01,2026-12-31,2027-12-31,2026-05-01,24,0.0,0
PAIM-10420,(National Highways Authority of India [NHAI]) (618585) (-) (10420),Infrastructure & Highways,Ministry of Railways,10420,Maharashtra,876.82,876.82,668.63,76.3,2022-03-01,2028-12-31,2028-12-31,2026-05-01,18,0.0,0
PAIM-618586,thick in the State Of Maharashtra on EPC Mode (National Highways Authority of India [NHAI]) (618586),Infrastructure & Highways,Ministry of Railways,618586,Maharashtra,2576.22,2576.22,1346.75,52.3,2023-03-01,2026-12-31,2027-12-31,2026-05-01,24,0.0,0
PAIM-618588,NH-6 New NH-53 (National Highways Authority of India [NHAI]) (618588),Infrastructure & Highways,Ministry of Railways,618588,Maharashtra,3326.23,3326.23,594.93,17.9,2023-03-01,2026-12-31,2027-12-31,2026-05-01,36,0.0,0
PAIM-618594,Panvel to km 42.300 Kasu (National Highways Authority of India [NHAI]) (618594),Infrastructure & Highways,Ministry of Railways,618594,Maharashtra,336.4,336.4,173.96,51.7,2023-03-01,2027-12-31,2027-12-31,2026-05-01,0,0.0,0
PAIM-618626,section Pkg  VI of NH-965 (National Highways Authority of India [NHAI]) (618626),Infrastructure & Highways,Ministry of Railways,618626,Maharashtra,3771.49,3771.49,2150.5,57.0,2023-03-01,2027-12-31,2029-12-31,2026-05-01,6,0.0,0
PAIM-618627,various NHs (National Highways Authority of India [NHAI]) (618627),Infrastructure & Highways,Ministry of Railways,618627,Maharashtra,614.72,614.72,172.09,28.0,2022-03-01,2026-12-31,2027-12-31,2026-05-01,0,0.0,0
PAIM-618628,NH 965 from KM 36.230 to KM 44.230 from Chh. Shivaji Maharaj Chowk to Wakhari (National Highways Authority of India [NHA,Infrastructure & Highways,Ministry of Railways,618628,Maharashtra,2654.07,2654.07,826.44,31.1,2021-03-01,2027-12-31,2029-12-31,2026-05-01,24,0.0,0
PAIM-618638,Tarsod - Fagne section of NH-6 (National Highways Authority of India [NHAI]) (618638),Infrastructure & Highways,Ministry of Railways,618638,Maharashtra,1200.15,1200.15,473.4,39.4,2023-03-01,2027-12-31,2029-12-31,2026-05-01,36,0.0,0
PAIM-10456,(National Highways Authority of India [NHAI]) (618638) (-) (10456),Infrastructure & Highways,Ministry of Railways,10456,Maharashtra,2032.17,2032.17,1723.73,84.8,2024-03-01,2028-12-31,2027-12-31,2026-05-01,12,0.0,0
PAIM-618652,Chakur Loha Section of NH-361 from km 114.600 to km 187.80 (National Highways Authority of India [NHAI]) (618652),Infrastructure & Highways,Ministry of Railways,618652,Maharashtra,2468.21,2468.21,549.46,22.3,2023-03-01,2028-12-31,2028-12-31,2026-05-01,24,0.0,0
PAIM-10466,(National Highways Authority of India [NHAI]) (618652) (-) (10466),Infrastructure & Highways,Ministry of Railways,10466,Maharashtra,1064.59,1064.59,150.24,14.1,2021-03-01,2028-12-31,2028-12-31,2026-05-01,0,0.0,0
PAIM-618653,Loha-Waranga Section of NH-361 from km 187.800 to km 244.369 (National Highways Authority of India [NHAI]) (618653),Infrastructure & Highways,Ministry of Railways,618653,Maharashtra,1135.97,1135.97,348.4,30.7,2021-03-01,2027-12-31,2027-12-31,2026-05-01,0,0.0,0
PAIM-10467,(National Highways Authority of India [NHAI]) (618653) (-) (10467),Infrastructure & Highways,Ministry of Railways,10467,Maharashtra,2657.97,2657.97,2233.76,84.0,2023-03-01,2026-12-31,2028-12-31,2026-05-01,36,0.0,0
PAIM-618693,Bodhre - Dhule (National Highways Authority of India [NHAI]) (618693),Infrastructure & Highways,Ministry of Railways,618693,Maharashtra,1557.51,1557.51,178.76,11.5,2021-03-01,2028-12-31,2028-12-31,2026-05-01,24,0.0,0
PAIM-10494,(National Highways Authority of India [NHAI]) (618693) (N24000656) (10494),Infrastructure & Highways,Ministry of Railways,N24000656,Maharashtra,2247.31,2247.31,614.66,27.4,2023-03-01,2028-12-31,2029-12-31,2026-05-01,0,0.0,0
PAIM-618754,District in the State of Maharashtra on EPC Mode under NHO- (National Highways Authority of India [NHAI]) (618754),Infrastructure & Highways,Ministry of Railways,618754,Maharashtra,3628.75,3628.75,2796.46,77.1,2024-03-01,2026-12-31,2029-12-31,2026-05-01,0,0.0,0
PAIM-618766,Bharatmala Pariyojana on EPC Mode (NHAI) (618766),Infrastructure & Highways,Ministry of Railways,618766,Maharashtra,1450.47,1450.47,295.69,20.4,2023-03-01,2026-12-31,2029-12-31,2026-05-01,36,0.0,0
PAIM-10547,(NHAI) (618766) (-) (10547),Infrastructure & Highways,Ministry of Railways,10547,Maharashtra,4335.78,4335.78,757.91,17.5,2024-03-01,2027-12-31,2029-12-31,2026-05-01,12,0.0,0
PAIM-618836,4L of Ratnagiri - Kolhapur section from km 67.140 to km 112.340 of NH-166 Pkg  II (National Highways Authority of India ,Infrastructure & Highways,Ministry of Railways,618836,Maharashtra,1173.39,1173.39,377.74,32.2,2023-03-01,2027-12-31,2029-12-31,2026-05-01,0,0.0,0
PAIM-10598,(National Highways Authority of India [NHAI]) (618836) (N24001834) (10598),Infrastructure & Highways,Ministry of Railways,N24001834,Maharashtra,907.16,907.16,537.86,59.3,2021-03-01,2026-12-31,2029-12-31,2026-05-01,0,0.0,0
PAIM-618837,4L of Ratnagiri - Kolhapur section from km 112.340 to km 145.300 of NH-166 PkgIII (National Highways Authority of India ,Infrastructure & Highways,Ministry of Railways,618837,Maharashtra,3125.4,3125.4,1556.13,49.8,2021-03-01,2027-12-31,2027-12-31,2026-05-01,18,0.0,0
PAIM-10599,(National Highways Authority of India [NHAI]) (618837) (N24001835) (10599),Infrastructure & Highways,Ministry of Railways,N24001835,Maharashtra,4370.56,4370.56,1130.88,25.9,2023-03-01,2028-12-31,2027-12-31,2026-05-01,6,0.0,0
PAIM-618937,4L of Nagpur-Katol Section from Km. 13.00 to Km. 62.900 of NH-353J (National Highways Authority of India [NHAI]) (618937,Infrastructure & Highways,Ministry of Railways,618937,Maharashtra,697.17,697.17,273.38,39.2,2022-03-01,2028-12-31,2029-12-31,2026-05-01,24,0.0,0
PAIM-10678,(National Highways Authority of India [NHAI]) (618937) (N24001799) (10678),Infrastructure & Highways,Ministry of Railways,N24001799,Maharashtra,2781.35,2781.35,1024.3,36.8,2021-03-01,2026-12-31,2027-12-31,2026-05-01,6,0.0,0
PAIM-618939,Ch.68.800 in Gadchandur Town on NH-353B (National Highways Authority of India [NHAI]) (618939),Infrastructure & Highways,Ministry of Railways,618939,Maharashtra,3119.72,3119.72,1977.23,63.4,2021-03-01,2027-12-31,2027-12-31,2026-05-01,0,0.0,0
PAIM-619008,Maharashtra on EPC mode. Reg- Resubmission of Annual Plan Estimate. (MoRTH) (619008),Infrastructure & Highways,Ministry of Railways,619008,Maharashtra,2902.93,2902.93,1054.99,36.3,2021-03-01,2026-12-31,2027-12-31,2026-05-01,36,0.0,0
PAIM-619042,"Procurement and construction   EPC    Basis mode   L.1.326 Km, (MoRTH) (619042)",Infrastructure & Highways,Ministry of Railways,619042,Maharashtra,2315.14,2315.14,1419.46,61.3,2024-03-01,2028-12-31,2027-12-31,2026-05-01,6,0.0,0
PAIM-619069,Satara Km 725.000 to Pune Km 865.350 of NH - 4 New NH - 48 in Maharashtra (National Highways Authority of India [NHAI]) ,Infrastructure & Highways,Ministry of Railways,619069,Maharashtra,2789.73,2789.73,933.91,33.5,2023-03-01,2027-12-31,2028-12-31,2026-05-01,0,0.0,0
PAIM-619095,to km 84.600 Indapur (National Highways Authority of India [NHAI]) (619095),Infrastructure & Highways,Ministry of Railways,619095,Maharashtra,4409.31,4409.31,2835.56,64.3,2023-03-01,2027-12-31,2027-12-31,2026-05-01,0,0.0,0
PAIM-619149,31.000 to km 67.140 Pkg  I (National Highways Authority of India [NHAI]) (619149),Infrastructure & Highways,Ministry of Railways,619149,Maharashtra,1183.91,1183.91,273.65,23.1,2021-03-01,2028-12-31,2029-12-31,2026-05-01,24,0.0,0
PAIM-11810,(National Highways Authority of India [NHAI]) (619149) (N24001495) (11810),Infrastructure & Highways,Ministry of Railways,N24001495,Maharashtra,2429.68,2429.68,659.42,27.1,2021-03-01,2027-12-31,2029-12-31,2026-05-01,36,0.0,0
PAIM-619163,Tukaram Marg (National Highways Authority of India [NHAI]) (619163),Infrastructure & Highways,Ministry of Railways,619163,Maharashtra,1566.73,1566.73,934.95,59.7,2021-03-01,2027-12-31,2027-12-31,2026-05-01,0,0.0,0
PAIM-11818,(National Highways Authority of India [NHAI]) (619163) (N24001502) (11818),Infrastructure & Highways,Ministry of Railways,N24001502,Maharashtra,1173.25,1173.25,452.83,38.6,2022-03-01,2026-12-31,2027-12-31,2026-05-01,18,0.0,0
PAIM-619198,- Ganjad (National Highways Authority of India [NHAI]) (619198),Infrastructure & Highways,Ministry of Railways,619198,Maharashtra,3126.29,3126.29,1435.01,45.9,2024-03-01,2026-12-31,2029-12-31,2026-05-01,12,0.0,0
PAIM-11889,(National Highways Authority of India [NHAI]) (619198) (-) (11889),Infrastructure & Highways,Ministry of Railways,11889,Maharashtra,3310.33,3310.33,1650.34,49.9,2024-03-01,2026-12-31,2029-12-31,2026-05-01,12,0.0,0
PAIM-619203,Vadape to Thane from km 539.202 to km 563.000 section of NH-3 new NH-848 (National Highways Authority of India [NHAI]) (,Infrastructure & Highways,Ministry of Railways,619203,Maharashtra,353.69,353.69,253.84,71.8,2024-03-01,2027-12-31,2027-12-31,2026-05-01,24,0.0,0
PAIM-11894,(National Highways Authority of India [NHAI]) (619203) (-) (11894),Infrastructure & Highways,Ministry of Railways,11894,Maharashtra,819.41,819.41,528.82,64.5,2024-03-01,2026-12-31,2028-12-31,2026-05-01,0,0.0,0
PAIM-619209,Mohol  Alandi section of NH-965 Pkg - V (National Highways Authority of India [NHAI]) (619209),Infrastructure & Highways,Ministry of Railways,619209,Maharashtra,1518.45,1518.45,245.76,16.2,2024-03-01,2026-12-31,2028-12-31,2026-05-01,18,0.0,0
PAIM-11899,(National Highways Authority of India [NHAI]) (619209) (-) (11899),Infrastructure & Highways,Ministry of Railways,11899,Maharashtra,2628.52,2628.52,346.57,13.2,2021-03-01,2026-12-31,2027-12-31,2026-05-01,0,0.0,0
PAIM-619210,Dharampuri-Lonand from km. 117.00 to 166.40 Pkg-IV on Mohol-Alandi Section (National Highways Authority of India [NHAI]),Infrastructure & Highways,Ministry of Railways,619210,Maharashtra,2197.16,2197.16,1089.4,49.6,2023-03-01,2028-12-31,2027-12-31,2026-05-01,36,0.0,0
PAIM-11900,(National Highways Authority of India [NHAI]) (619210) (-) (11900),Infrastructure & Highways,Ministry of Railways,11900,Maharashtra,3053.43,3053.43,1079.75,35.4,2023-03-01,2026-12-31,2029-12-31,2026-05-01,6,0.0,0
PAIM-10245,(NHIDCL) (618305) (N24002202) (10245),Infrastructure & Highways,Ministry of Railways,N24002202,Multi-State,2411.88,2411.88,1061.77,44.0,2021-03-01,2028-12-31,2027-12-31,2026-05-01,18,0.0,0
PAIM-10246,(NHIDCL) (618306) (N24002242) (10246),Infrastructure & Highways,Ministry of Railways,N24002242,Multi-State,352.38,352.38,147.44,41.8,2023-03-01,2026-12-31,2029-12-31,2026-05-01,12,0.0,0
PAIM-10267,(NHIDCL) (618333) (N24001323) (10267),Infrastructure & Highways,Ministry of Railways,N24001323,Multi-State,342.1,342.1,259.39,75.8,2024-03-01,2027-12-31,2027-12-31,2026-05-01,36,0.0,0
PAIM-10268,(NHIDCL) (618334) (N24002132) (10268),Infrastructure & Highways,Ministry of Railways,N24002132,Multi-State,3633.87,3633.87,3010.78,82.9,2024-03-01,2026-12-31,2029-12-31,2026-05-01,0,0.0,0
PAIM-10269,(NHIDCL) (618336) (N24001390) (10269),Infrastructure & Highways,Ministry of Railways,N24001390,Multi-State,382.62,382.62,297.18,77.7,2023-03-01,2027-12-31,2027-12-31,2026-05-01,12,0.0,0
PAIM-10271,(NHIDCL) (618344) (N24001792) (10271),Infrastructure & Highways,Ministry of Railways,N24001792,Multi-State,4107.12,4107.12,685.78,16.7,2022-03-01,2026-12-31,2028-12-31,2026-05-01,18,0.0,0
PAIM-10296,(NHIDCL) (618387) (N24002131) (10296),Infrastructure & Highways,Ministry of Railways,N24002131,Multi-State,4332.86,4332.86,1633.44,37.7,2024-03-01,2027-12-31,2027-12-31,2026-05-01,24,0.0,0
PAIM-10243,(NHIDCL) (618294) (-) (10243),Infrastructure & Highways,Ministry of Railways,10243,Multi-State,2813.51,2813.51,1398.38,49.7,2024-03-01,2028-12-31,2028-12-31,2026-05-01,24,0.0,0
PAIM-10244,(NHIDCL) (618295) (N24002233) (10244),Infrastructure & Highways,Ministry of Railways,N24002233,Multi-State,4053.24,4053.24,993.45,24.5,2024-03-01,2027-12-31,2027-12-31,2026-05-01,12,0.0,0
PAIM-10288,(NHIDCL) (618376) (N24001314) (10288),Infrastructure & Highways,Ministry of Railways,N24001314,Multi-State,2794.42,2794.42,975.75,34.9,2023-03-01,2026-12-31,2028-12-31,2026-05-01,0,0.0,0
PAIM-10306,(NHIDCL) (618419) (N24002158) (10306),Infrastructure & Highways,Ministry of Railways,N24002158,Multi-State,1772.31,1772.31,1116.79,63.0,2024-03-01,2026-12-31,2027-12-31,2026-05-01,36,0.0,0
PAIM-10307,(NHIDCL) (618420) (N24002157) (10307),Infrastructure & Highways,Ministry of Railways,N24002157,Multi-State,4479.81,4479.81,3640.02,81.3,2023-03-01,2027-12-31,2029-12-31,2026-05-01,18,0.0,0
PAIM-10308,(NHIDCL) (618421) (N24002156) (10308),Infrastructure & Highways,Ministry of Railways,N24002156,Multi-State,708.09,708.09,534.95,75.5,2023-03-01,2028-12-31,2028-12-31,2026-05-01,12,0.0,0
PAIM-10255,(NHIDCL) (618317) (-) (10255),Infrastructure & Highways,Ministry of Railways,10255,Multi-State,2432.35,2432.35,1771.41,72.8,2021-03-01,2026-12-31,2029-12-31,2026-05-01,0,0.0,0
PAIM-10256,(NHIDCL) (618318) (-) (10256),Infrastructure & Highways,Ministry of Railways,10256,Multi-State,3265.73,3265.73,2112.96,64.7,2021-03-01,2027-12-31,2029-12-31,2026-05-01,24,0.0,0
PAIM-10257,(NHIDCL) (618319) (-) (10257),Infrastructure & Highways,Ministry of Railways,10257,Multi-State,3068.83,3068.83,2395.19,78.0,2024-03-01,2026-12-31,2028-12-31,2026-05-01,18,0.0,0
PAIM-10258,(NHIDCL) (618320) (-) (10258),Infrastructure & Highways,Ministry of Railways,10258,Multi-State,2558.38,2558.38,1361.8,53.2,2021-03-01,2028-12-31,2027-12-31,2026-05-01,36,0.0,0
PAIM-10259,(NHIDCL) (618321) (-) (10259),Infrastructure & Highways,Ministry of Railways,10259,Multi-State,2457.12,2457.12,1568.68,63.8,2024-03-01,2028-12-31,2029-12-31,2026-05-01,18,0.0,0
PAIM-10260,(NHIDCL) (618324) (-) (10260),Infrastructure & Highways,Ministry of Railways,10260,Multi-State,3269.21,3269.21,442.5,13.5,2022-03-01,2028-12-31,2029-12-31,2026-05-01,0,0.0,0
PAIM-10270,(NHIDCL) (618341) (N24001545) (10270),Infrastructure & Highways,Ministry of Railways,N24001545,Multi-State,1477.5,1477.5,1054.93,71.4,2021-03-01,2027-12-31,2029-12-31,2026-05-01,0,0.0,0
PAIM-10280,(NHIDCL) (618362) (N24001358) (10280),Infrastructure & Highways,Ministry of Railways,N24001358,Multi-State,2087.84,2087.84,711.66,34.1,2024-03-01,2028-12-31,2029-12-31,2026-05-01,0,0.0,0
PAIM-10281,(NHIDCL) (618363) (N24001359) (10281),Infrastructure & Highways,Ministry of Railways,N24001359,Multi-State,3742.27,3742.27,2246.8,60.0,2024-03-01,2027-12-31,2028-12-31,2026-05-01,24,0.0,0
PAIM-10290,(NHIDCL) (618379) (N24000861) (10290),Infrastructure & Highways,Ministry of Railways,N24000861,Multi-State,2047.67,2047.67,1664.89,81.3,2021-03-01,2026-12-31,2028-12-31,2026-05-01,12,0.0,0
PAIM-10291,(NHIDCL) (618380) (N24000857) (10291),Infrastructure & Highways,Ministry of Railways,N24000857,Multi-State,1302.62,1302.62,258.96,19.9,2023-03-01,2027-12-31,2029-12-31,2026-05-01,18,0.0,0
PAIM-10292,(NHIDCL) (618381) (N24000863) (10292),Infrastructure & Highways,Ministry of Railways,N24000863,Multi-State,4110.16,4110.16,1930.61,47.0,2023-03-01,2028-12-31,2028-12-31,2026-05-01,6,0.0,0
PAIM-10293,(NHIDCL) (618382) (N24000864) (10293),Infrastructure & Highways,Ministry of Railways,N24000864,Multi-State,3212.4,3212.4,595.27,18.5,2021-03-01,2027-12-31,2028-12-31,2026-05-01,0,0.0,0
PAIM-10294,(NHIDCL) (618383) (N24000865) (10294),Infrastructure & Highways,Ministry of Railways,N24000865,Multi-State,1760.25,1760.25,1054.7,59.9,2024-03-01,2027-12-31,2029-12-31,2026-05-01,18,0.0,0
PAIM-10295,(NHIDCL) (618384) (N24000862) (10295),Infrastructure & Highways,Ministry of Railways,N24000862,Multi-State,4199.45,4199.45,1355.31,32.3,2022-03-01,2026-12-31,2028-12-31,2026-05-01,24,0.0,0
PAIM-10312,(NHIDCL) (618452) (N24002204) (10312),Infrastructure & Highways,Ministry of Railways,N24002204,Multi-State,1914.47,1914.47,617.75,32.3,2021-03-01,2027-12-31,2028-12-31,2026-05-01,6,0.0,0
PAIM-10806,(NHIDCL) (619010) (N24002027) (10806),Infrastructure & Highways,Ministry of Railways,N24002027,Multi-State,2931.75,2931.75,570.67,19.5,2024-03-01,2027-12-31,2027-12-31,2026-05-01,0,0.0,0
PAIM-619199,Bethamangala in the state of Karnataka to Byreddypalli (National Highways Authority of India [NHAI]) (619199),Infrastructure & Highways,Ministry of Railways,619199,Karnataka,1587.62,1587.62,714.93,45.0,2021-03-01,2026-12-31,2029-12-31,2026-05-01,24,0.0,0
PAIM-11890,(National Highways Authority of India [NHAI]) (619199) (-) (11890),Infrastructure & Highways,Ministry of Railways,11890,Karnataka,4363.18,4363.18,850.08,19.5,2022-03-01,2026-12-31,2028-12-31,2026-05-01,6,0.0,0
PAIM-618681,1 (National Highways Authority of India [NHAI]) (618681),Infrastructure & Highways,Ministry of Railways,618681,Odisha,3506.28,3506.28,852.51,24.3,2024-03-01,2027-12-31,2029-12-31,2026-05-01,18,0.0,0
PAIM-10484,(National Highways Authority of India [NHAI]) (618681) (N24001838) (10484),Infrastructure & Highways,Ministry of Railways,N24001838,Odisha,1055.14,1055.14,697.79,66.1,2021-03-01,2028-12-31,2029-12-31,2026-05-01,24,0.0,0
PAIM-618477,Km 156.000 to Km 180.000 (National Highways Authority of India [NHAI]) (618477),Infrastructure & Highways,Ministry of Railways,618477,Tamil Nadu,3009.98,3009.98,1724.53,57.3,2023-03-01,2026-12-31,2029-12-31,2026-05-01,0,0.0,0
PAIM-10336,(National Highways Authority of India [NHAI]) (618477) (N24001720) (10336),Infrastructure & Highways,Ministry of Railways,N24001720,Tamil Nadu,4421.61,4421.61,2364.42,53.5,2022-03-01,2026-12-31,2028-12-31,2026-05-01,24,0.0,0
PAIM-618634,716B Pkg-III (National Highways Authority of India [NHAI]) (618634),Infrastructure & Highways,Ministry of Railways,618634,Tamil Nadu,1562.16,1562.16,623.06,39.9,2024-03-01,2026-12-31,2029-12-31,2026-05-01,12,0.0,0
PAIM-10452,(National Highways Authority of India [NHAI]) (618634) (N24001819) (10452),Infrastructure & Highways,Ministry of Railways,N24001819,Tamil Nadu,2464.85,2464.85,1396.2,56.6,2024-03-01,2027-12-31,2028-12-31,2026-05-01,24,0.0,0
PAIM-618769,Walajahpet/Ranipet to TN/AP Border Section of from Km.106.800 to  Km.133.36 NH-4 (National Highways Authority of India [,Infrastructure & Highways,Ministry of Railways,618769,Tamil Nadu,1647.56,1647.56,1356.5,82.3,2022-03-01,2026-12-31,2028-12-31,2026-05-01,12,0.0,0
PAIM-10548,(National Highways Authority of India [NHAI]) (618769) (-) (10548),Infrastructure & Highways,Ministry of Railways,10548,Tamil Nadu,2320.16,2320.16,1847.64,79.6,2022-03-01,2027-12-31,2029-12-31,2026-05-01,0,0.0,0
PAIM-618771,6L of Varadharajula to Kumarajapet from km 0.000 to km 43.800 of NH-716B Pkg-I (National Highways Authority of India [NH,Infrastructure & Highways,Ministry of Railways,618771,Tamil Nadu,3845.62,3845.62,2730.4,71.0,2024-03-01,2028-12-31,2028-12-31,2026-05-01,24,0.0,0
PAIM-10549,(National Highways Authority of India [NHAI]) (618771) (N24001820) (10549),Infrastructure & Highways,Ministry of Railways,N24001820,Tamil Nadu,630.51,630.51,324.46,51.5,2023-03-01,2028-12-31,2028-12-31,2026-05-01,0,0.0,0
PAIM-618772,716B Pkg-II (National Highways Authority of India [NHAI]) (618772),Infrastructure & Highways,Ministry of Railways,618772,Tamil Nadu,1926.9,1926.9,713.83,37.0,2024-03-01,2028-12-31,2029-12-31,2026-05-01,0,0.0,0
PAIM-10550,(National Highways Authority of India [NHAI]) (618772) (N24001988) (10550),Infrastructure & Highways,Ministry of Railways,N24001988,Tamil Nadu,1640.07,1640.07,878.79,53.6,2024-03-01,2026-12-31,2029-12-31,2026-05-01,6,0.0,0
PAIM-619077,6 laning of Balance Work of Chennai - Tada from km. 21.40 to km. 54.40 (National Highways Authority of India [NHAI]) (61,Infrastructure & Highways,Ministry of Railways,619077,Tamil Nadu,3348.78,3348.78,1692.16,50.5,2024-03-01,2027-12-31,2029-12-31,2026-05-01,6,0.0,0
PAIM-618747,village to Recherla village Design Chainage 63117 to 105236] (National Highways Authority of India [NHAI]) (618747),Infrastructure & Highways,Ministry of Railways,618747,Telangana,1298.79,1298.79,380.13,29.3,2024-03-01,2028-12-31,2027-12-31,2026-05-01,6,0.0,0
PAIM-10534,(National Highways Authority of India [NHAI]) (618747) (N24001484) (10534),Infrastructure & Highways,Ministry of Railways,N24001484,Telangana,2369.81,2369.81,1225.2,51.7,2024-03-01,2027-12-31,2027-12-31,2026-05-01,12,0.0,0
PAIM-618818,at Design Ch. 309.909 Km Package-III (National Highways Authority of India [NHAI]) (618818),Infrastructure & Highways,Ministry of Railways,618818,Telangana,617.12,617.12,172.25,27.9,2022-03-01,2028-12-31,2028-12-31,2026-05-01,12,0.0,0
PAIM-10585,(National Highways Authority of India [NHAI]) (618818) (-) (10585),Infrastructure & Highways,Ministry of Railways,10585,Telangana,3022.17,3022.17,2329.91,77.1,2022-03-01,2026-12-31,2027-12-31,2026-05-01,0,0.0,0
PAIM-619143,village at Design Ch. 280.200 KmPackage-II (National Highways Authority of India [NHAI]) (619143),Infrastructure & Highways,Ministry of Railways,619143,Telangana,3425.78,3425.78,2149.9,62.8,2023-03-01,2026-12-31,2029-12-31,2026-05-01,36,0.0,0
PAIM-11808,(National Highways Authority of India [NHAI]) (619143) (-) (11808),Infrastructure & Highways,Ministry of Railways,11808,Telangana,3058.04,3058.04,379.11,12.4,2024-03-01,2028-12-31,2028-12-31,2026-05-01,0,0.0,0
PAIM-619212,village from Km 242.200 to Km 280.400 Pkg-2 (National Highways Authority of India [NHAI]) (619212),Infrastructure & Highways,Ministry of Railways,619212,Telangana,944.79,944.79,435.77,46.1,2022-03-01,2028-12-31,2029-12-31,2026-05-01,6,0.0,0
PAIM-11902,(National Highways Authority of India [NHAI]) (619212) (-) (11902),Infrastructure & Highways,Ministry of Railways,11902,Telangana,409.17,409.17,233.9,57.2,2022-03-01,2028-12-31,2028-12-31,2026-05-01,6,0.0,0
PAIM-10277,(NHIDCL) (618359) (N24002155) (10277),Infrastructure & Highways,Ministry of Railways,N24002155,Bihar,641.79,641.79,131.98,20.6,2024-03-01,2026-12-31,2028-12-31,2026-05-01,0,0.0,0
PAIM-618531,km. 209.827 of NH-2 PKG-01 (National Highways Authority of India [NHAI]) (618531),Infrastructure & Highways,Ministry of Railways,618531,Bihar,763.61,763.61,227.35,29.8,2023-03-01,2027-12-31,2029-12-31,2026-05-01,18,0.0,0
PAIM-10382,(National Highways Authority of India [NHAI]) (618531) (N24001703) (10382),Infrastructure & Highways,Ministry of Railways,N24001703,Bihar,3384.53,3384.53,2268.83,67.0,2023-03-01,2028-12-31,2027-12-31,2026-05-01,6,0.0,0
PAIM-618532,Km. 249.525 of NH-19 PKG-02 (National Highways Authority of India [NHAI]) (618532),Infrastructure & Highways,Ministry of Railways,618532,Bihar,3613.6,3613.6,924.87,25.6,2022-03-01,2028-12-31,2028-12-31,2026-05-01,36,0.0,0
PAIM-10383,(National Highways Authority of India [NHAI]) (618532) (N24001700) (10383),Infrastructure & Highways,Ministry of Railways,N24001700,Bihar,388.97,388.97,147.91,38.0,2023-03-01,2027-12-31,2028-12-31,2026-05-01,6,0.0,0
PAIM-618724,Sagrampur village From KM. 151200 to KM. 184700Package-7 (National Highways Authority of India [NHAI]) (618724),Infrastructure & Highways,Ministry of Railways,618724,Bihar,852.42,852.42,235.47,27.6,2024-03-01,2027-12-31,2027-12-31,2026-05-01,36,0.0,0
PAIM-10519,(National Highways Authority of India [NHAI]) (618724) (-) (10519),Infrastructure & Highways,Ministry of Railways,10519,Bihar,3724.07,3724.07,1210.88,32.5,2023-03-01,2027-12-31,2027-12-31,2026-05-01,12,0.0,0
PAIM-618951,Hariharganj to Parwa Mode section from km 23.284 to km 57.049 of NH-98 (National Highways Authority of India [NHAI]) (61,Infrastructure & Highways,Ministry of Railways,618951,Bihar,1167.02,1167.02,126.35,10.8,2024-03-01,2026-12-31,2029-12-31,2026-05-01,0,0.0,0
PAIM-10687,(National Highways Authority of India [NHAI]) (618951) (N24001589) (10687),Infrastructure & Highways,Ministry of Railways,N24001589,Bihar,2886.12,2886.12,1820.77,63.1,2023-03-01,2027-12-31,2028-12-31,2026-05-01,36,0.0,0
PAIM-618952,4L of Sahibganj - Manihari Ganga Bridge including Manihari Bypass (National Highways Authority of India [NHAI]) (618952),Infrastructure & Highways,Ministry of Railways,618952,Bihar,3584.96,3584.96,834.82,23.3,2022-03-01,2028-12-31,2027-12-31,2026-05-01,0,0.0,0
PAIM-10688,(National Highways Authority of India [NHAI]) (618952) (N24000714) (10688),Infrastructure & Highways,Ministry of Railways,N24000714,Bihar,2559.06,2559.06,2038.04,79.6,2021-03-01,2026-12-31,2029-12-31,2026-05-01,12,0.0,0
PAIM-619078,249.525 to km 320.810 (National Highways Authority of India [NHAI]) (619078),Infrastructure & Highways,Ministry of Railways,619078,Bihar,4462.15,4462.15,3603.22,80.8,2022-03-01,2028-12-31,2028-12-31,2026-05-01,24,0.0,0
PAIM-11767,(National Highways Authority of India [NHAI]) (619078) (N24000726) (11767),Infrastructure & Highways,Ministry of Railways,N24000726,Bihar,2651.37,2651.37,1985.71,74.9,2022-03-01,2027-12-31,2029-12-31,2026-05-01,18,0.0,0
PAIM-619307,4L of Munger  Mirzachauki section from Km 157350 to Km 193931 Pkg-4 (NHAI) (619307),Infrastructure & Highways,Ministry of Railways,619307,Bihar,307.48,307.48,220.44,71.7,2022-03-01,2027-12-31,2028-12-31,2026-05-01,18,0.0,0
PAIM-12097,(NHAI) (619307) (-) (12097),Infrastructure & Highways,Ministry of Railways,12097,Bihar,3770.52,3770.52,1734.3,46.0,2021-03-01,2028-12-31,2027-12-31,2026-05-01,24,0.0,0
PAIM-618530,Six Laning of Varanasi to Aurangabad from km. 786.00 to km. 978.40 of Old NH-2 (National Highways Authority of India [NH,Infrastructure & Highways,Ministry of Railways,618530,Bihar,1515.06,1515.06,1081.42,71.4,2023-03-01,2028-12-31,2029-12-31,2026-05-01,36,0.0,0
PAIM-10381,(National Highways Authority of India [NHAI]) (618530) (N24000182) (10381),Infrastructure & Highways,Ministry of Railways,N24000182,Bihar,1513.71,1513.71,837.98,55.4,2021-03-01,2026-12-31,2028-12-31,2026-05-01,0,0.0,0
PAIM-618728,village from Km. 0.000 to Km. 27.000 - Pkg-1 (National Highways Authority of India [NHAI]) (618728),Infrastructure & Highways,Ministry of Railways,618728,Bihar,1812.98,1812.98,405.87,22.4,2023-03-01,2028-12-31,2027-12-31,2026-05-01,6,0.0,0
PAIM-10523,(National Highways Authority of India [NHAI]) (618728) (-) (10523),Infrastructure & Highways,Ministry of Railways,10523,Bihar,2190.32,2190.32,322.64,14.7,2024-03-01,2027-12-31,2029-12-31,2026-05-01,6,0.0,0
PAIM-618882,Annuity Mode (National Highways Authority of India [NHAI]) (618882),Infrastructure & Highways,Ministry of Railways,618882,Uttar Pradesh,678.67,678.67,351.4,51.8,2024-03-01,2026-12-31,2029-12-31,2026-05-01,36,0.0,0
PAIM-619154,Km 117.120] on EPC Mode in the state of Uttar Pradesh. (National Highways Authority of India [NHAI]) (619154),Infrastructure & Highways,Ministry of Railways,619154,Uttar Pradesh,471.12,471.12,307.5,65.3,2024-03-01,2027-12-31,2029-12-31,2026-05-01,12,0.0,0
PAIM-11812,(National Highways Authority of India [NHAI]) (619154) (-) (11812),Infrastructure & Highways,Ministry of Railways,11812,Uttar Pradesh,835.67,835.67,349.04,41.8,2021-03-01,2028-12-31,2029-12-31,2026-05-01,0,0.0,0
PAIM-618584,at Start Point Length - 1.200 Km of NH-27 (National Highways Authority of India [NHAI]) (618584),Infrastructure & Highways,Ministry of Railways,618584,Bihar,2874.81,2874.81,511.81,17.8,2022-03-01,2028-12-31,2028-12-31,2026-05-01,36,0.0,0
PAIM-618676,Package  OD-1 (National Highways Authority of India [NHAI]) (618676),Infrastructure & Highways,Ministry of Railways,618676,Odisha,2206.98,2206.98,997.26,45.2,2021-03-01,2026-12-31,2027-12-31,2026-05-01,12,0.0,0
PAIM-10479,(National Highways Authority of India [NHAI]) (618676) (N24001669) (10479),Infrastructure & Highways,Ministry of Railways,N24001669,Odisha,3914.44,3914.44,3258.05,83.2,2024-03-01,2027-12-31,2028-12-31,2026-05-01,6,0.0,0
PAIM-619064,Km 128.000] (National Highways Authority of India [NHAI]) (619064),Infrastructure & Highways,Ministry of Railways,619064,Maharashtra,3792.42,3792.42,465.64,12.3,2022-03-01,2028-12-31,2027-12-31,2026-05-01,12,0.0,0
PAIM-11759,(National Highways Authority of India [NHAI]) (619064) (N24001786) (11759),Infrastructure & Highways,Ministry of Railways,N24001786,Maharashtra,3775.48,3775.48,2601.84,68.9,2021-03-01,2028-12-31,2027-12-31,2026-05-01,18,0.0,0
PAIM-618577,Dwarka Expressway Pkg-III Delhi/HR Border to Start of RoB Gurugram (National Highways Authority of India [NHAI]) (618577,Infrastructure & Highways,Ministry of Railways,618577,Maharashtra,3994.77,3994.77,2493.71,62.4,2022-03-01,2027-12-31,2029-12-31,2026-05-01,12,0.0,0
PAIM-10413,(National Highways Authority of India [NHAI]) (618577) (-) (10413),Infrastructure & Highways,Ministry of Railways,10413,Haryana,572.6,572.6,217.29,37.9,2023-03-01,2027-12-31,2028-12-31,2026-05-01,12,0.0,0
PAIM-619122,Akshardham - DL/UP Border Pkg-01 (National Highways Authority of India [NHAI]) (619122),Infrastructure & Highways,Ministry of Railways,619122,Uttar Pradesh,293.66,293.66,188.29,64.1,2021-03-01,2028-12-31,2028-12-31,2026-05-01,18,0.0,0
PAIM-11791,(National Highways Authority of India [NHAI]) (619122) (N24001771) (11791),Infrastructure & Highways,Ministry of Railways,N24001771,Uttar Pradesh,227.01,227.01,138.13,60.8,2024-03-01,2027-12-31,2029-12-31,2026-05-01,6,0.0,0
PAIM-618942,from Km 70.800 to  km 84.120 of Khanapur- KA/GOA Border section of NH-4A (National Highways Authority of India [NHAI]) (,Infrastructure & Highways,Ministry of Railways,618942,Maharashtra,2016.09,2016.09,1489.75,73.9,2023-03-01,2026-12-31,2028-12-31,2026-05-01,24,0.0,0
PAIM-618637,Bal. Works of Fagne Km. 510.000 to Maharashtra/Gujarat Border Km. 650.794 (National Highways Authority of India [NHAI]) ,Infrastructure & Highways,Ministry of Railways,618637,Maharashtra,682.39,682.39,159.16,23.3,2023-03-01,2027-12-31,2029-12-31,2026-05-01,36,0.0,0
PAIM-10455,(National Highways Authority of India [NHAI]) (618637) (N24001804) (10455),Infrastructure & Highways,Ministry of Railways,N24001804,Maharashtra,3726.93,3726.93,2321.85,62.3,2022-03-01,2027-12-31,2028-12-31,2026-05-01,18,0.0,0
PAIM-618486,Patran road SH-10 near Ghagga village Km 120250 to Km 157920 (National Highways Authority of India [NHAI]) (618486),Infrastructure & Highways,Ministry of Railways,618486,Haryana,3273.12,3273.12,435.68,13.3,2024-03-01,2027-12-31,2029-12-31,2026-05-01,0,0.0,0
PAIM-10344,(National Highways Authority of India [NHAI]) (618486) (N24001632) (10344),Infrastructure & Highways,Ministry of Railways,N24001632,Haryana,606.89,606.89,443.68,73.1,2022-03-01,2028-12-31,2029-12-31,2026-05-01,36,0.0,0
PAIM-618760,Km 27.910 Pkg-02 (National Highways Authority of India [NHAI]) (618760),Infrastructure & Highways,Ministry of Railways,618760,Haryana,1629.57,1629.57,577.04,35.4,2021-03-01,2026-12-31,2029-12-31,2026-05-01,36,0.0,0
PAIM-10542,(National Highways Authority of India [NHAI]) (618760) (N24001638) (10542),Infrastructure & Highways,Ministry of Railways,N24001638,Haryana,782.68,782.68,445.82,57.0,2022-03-01,2028-12-31,2028-12-31,2026-05-01,36,0.0,0
PAIM-618935,4L  Ambala - Kalaamb from Km. -0.800 to Km. 33.015 of old NH-72 (National Highways Authority of India [NHAI]) (618935),Infrastructure & Highways,Ministry of Railways,618935,Haryana,3489.94,3489.94,2789.81,79.9,2024-03-01,2027-12-31,2029-12-31,2026-05-01,18,0.0,0
PAIM-10676,(National Highways Authority of India [NHAI]) (618935) (N24002044) (10676),Infrastructure & Highways,Ministry of Railways,N24002044,Haryana,907.02,907.02,532.88,58.8,2024-03-01,2026-12-31,2028-12-31,2026-05-01,0,0.0,0
PAIM-619093,4L Ismailabad to Ambala Section of NH-152 Lot-4/Package-1 (National Highways Authority of India [NHAI]) (619093),Infrastructure & Highways,Ministry of Railways,619093,Haryana,3715.37,3715.37,1929.39,51.9,2022-03-01,2028-12-31,2027-12-31,2026-05-01,0,0.0,0
PAIM-619134,Km. 11.157 (National Highways Authority of India [NHAI]) (619134),Infrastructure & Highways,Ministry of Railways,619134,Haryana,2868.27,2868.27,359.07,12.5,2024-03-01,2027-12-31,2029-12-31,2026-05-01,6,0.0,0
PAIM-11802,(National Highways Authority of India [NHAI]) (619134) (N24002098) (11802),Infrastructure & Highways,Ministry of Railways,N24002098,Haryana,2002.27,2002.27,704.37,35.2,2023-03-01,2028-12-31,2028-12-31,2026-05-01,36,0.0,0
PAIM-619216,section of Shamli -Ambala Package-III Design Ch. Form km 84.400 to km 121.786 (National Highways Authority of India [NHA,Infrastructure & Highways,Ministry of Railways,619216,Haryana,2992.46,2992.46,2499.24,83.5,2022-03-01,2028-12-31,2029-12-31,2026-05-01,24,0.0,0
PAIM-11906,(National Highways Authority of India [NHAI]) (619216) (-) (11906),Infrastructure & Highways,Ministry of Railways,11906,Haryana,2290.37,2290.37,1750.56,76.4,2024-03-01,2026-12-31,2027-12-31,2026-05-01,18,0.0,0
PAIM-618505,KM 273.00 (National Highways Authority of India [NHAI]) (618505),Infrastructure & Highways,Ministry of Railways,618505,Rajasthan,2360.37,2360.37,292.75,12.4,2023-03-01,2027-12-31,2028-12-31,2026-05-01,24,0.0,0
PAIM-618691,of NH-334D (National Highways Authority of India [NHAI]) (618691),Infrastructure & Highways,Ministry of Railways,618691,Haryana,1608.35,1608.35,340.25,21.2,2023-03-01,2027-12-31,2027-12-31,2026-05-01,0,0.0,0
PAIM-10492,(National Highways Authority of India [NHAI]) (618691) (-) (10492),Infrastructure & Highways,Ministry of Railways,10492,Haryana,3453.0,3453.0,1891.63,54.8,2021-03-01,2027-12-31,2029-12-31,2026-05-01,12,0.0,0
PAIM-618723,section of Shamli -Ambala Package-II Design Ch. Form km 45.500 to km 84.400 (National Highways Authority of India [NHAI],Infrastructure & Highways,Ministry of Railways,618723,Haryana,1856.86,1856.86,1257.45,67.7,2023-03-01,2027-12-31,2028-12-31,2026-05-01,24,0.0,0
PAIM-10518,(National Highways Authority of India [NHAI]) (618723) (N24002040) (10518),Infrastructure & Highways,Ministry of Railways,N24002040,Haryana,1612.67,1612.67,230.93,14.3,2023-03-01,2027-12-31,2029-12-31,2026-05-01,24,0.0,0
PAIM-619068,Faridabad-Ballabhgarh Bypass KMP Link - Spur to Delhi Mumbai Expressway (National Highways Authority of India [NHAI]) (6,Infrastructure & Highways,Ministry of Railways,619068,Haryana,3508.93,3508.93,2448.33,69.8,2022-03-01,2027-12-31,2029-12-31,2026-05-01,24,0.0,0
PAIM-11762,(National Highways Authority of India [NHAI]) (619068) (N24002048) (11762),Infrastructure & Highways,Ministry of Railways,N24002048,Haryana,4416.54,4416.54,2026.91,45.9,2021-03-01,2028-12-31,2028-12-31,2026-05-01,36,0.0,0
PAIM-618907,2L/4L of Hoshiarpur to Una section including Hoshiarpur Bypass of NH 503A (National Highways Authority of India [NHAI]) ,Infrastructure & Highways,Ministry of Railways,618907,Punjab,1221.98,1221.98,992.45,81.2,2024-03-01,2027-12-31,2027-12-31,2026-05-01,6,0.0,0
PAIM-619291,4L Poanta SahebMednipur from Km. 435.65 to km. 458.65 of NH-07Pkg-1 (NHAI) (619291),Infrastructure & Highways,Ministry of Railways,619291,Punjab,4251.41,4251.41,576.04,13.5,2023-03-01,2026-12-31,2028-12-31,2026-05-01,36,0.0,0
PAIM-12092,(NHAI) (619291) (-) (12092),Infrastructure & Highways,Ministry of Railways,12092,Punjab,3762.31,3762.31,1947.68,51.8,2022-03-01,2026-12-31,2028-12-31,2026-05-01,0,0.0,0
PAIM-619066,Gurha Baildaran km 423500 to km 468100 (National Highways Authority of India [NHAI]) (619066),Infrastructure & Highways,Ministry of Railways,619066,Punjab,4209.64,4209.64,2394.2,56.9,2024-03-01,2027-12-31,2027-12-31,2026-05-01,0,0.0,0
PAIM-11761,(National Highways Authority of India [NHAI]) (619066) (N24001551) (11761),Infrastructure & Highways,Ministry of Railways,N24001551,Punjab,843.6,843.6,237.66,28.2,2023-03-01,2028-12-31,2027-12-31,2026-05-01,18,0.0,0
PAIM-618828,4L from Km 219.600 Khajuri to Km 260.483 Wyndhamganj on NH-75 Sec-V (National Highways Authority of India [NHAI]) (61882,Infrastructure & Highways,Ministry of Railways,618828,Punjab,2767.45,2767.45,284.55,10.3,2022-03-01,2026-12-31,2029-12-31,2026-05-01,18,0.0,0
PAIM-10592,(National Highways Authority of India [NHAI]) (618828) (N24002053) (10592),Infrastructure & Highways,Ministry of Railways,N24002053,Multi-State,3499.56,3499.56,723.07,20.7,2021-03-01,2027-12-31,2028-12-31,2026-05-01,18,0.0,0
PAIM-618533,Barwa Adda Km. 398.240 to Panagarh Km. 521.120 (National Highways Authority of India [NHAI]) (618533),Infrastructure & Highways,Ministry of Railways,618533,Multi-State,2182.33,2182.33,637.41,29.2,2023-03-01,2026-12-31,2029-12-31,2026-05-01,18,0.0,0
PAIM-10384,(National Highways Authority of India [NHAI]) (618533) (N24000515) (10384),Infrastructure & Highways,Ministry of Railways,N24000515,Multi-State,3767.0,3767.0,644.64,17.1,2024-03-01,2028-12-31,2027-12-31,2026-05-01,6,0.0,0
PAIM-618734,village to Kamlapur villageJH/WB border  from km 358.500 to km 387.200 Pkg -13 (National Highways Authority of India [NH,Infrastructure & Highways,Ministry of Railways,618734,Multi-State,2251.03,2251.03,661.31,29.4,2024-03-01,2028-12-31,2027-12-31,2026-05-01,0,0.0,0
PAIM-10524,(National Highways Authority of India [NHAI]) (618734) (-) (10524),Infrastructure & Highways,Ministry of Railways,10524,Multi-State,4159.94,4159.94,1686.15,40.5,2022-03-01,2026-12-31,2029-12-31,2026-05-01,0,0.0,0
PAIM-618909,Chandil Junction with NH-33 km. 153.705 of Old NH-32 (National Highways Authority of India [NHAI]) (618909),Infrastructure & Highways,Ministry of Railways,618909,Multi-State,3346.72,3346.72,605.45,18.1,2022-03-01,2026-12-31,2029-12-31,2026-05-01,6,0.0,0
PAIM-10656,(National Highways Authority of India [NHAI]) (618909) (N24000788) (10656),Infrastructure & Highways,Ministry of Railways,N24000788,Multi-State,1506.23,1506.23,1059.11,70.3,2023-03-01,2028-12-31,2028-12-31,2026-05-01,24,0.0,0
PAIM-618948,existing km 283.00 design km 274.133 in the state of Jharkhand  package - II (National Highways Authority of India [NHAI,Infrastructure & Highways,Ministry of Railways,618948,Multi-State,2341.6,2341.6,566.18,24.2,2023-03-01,2026-12-31,2029-12-31,2026-05-01,18,0.0,0
PAIM-619104,56.889 of Old NH-32 (National Highways Authority of India [NHAI]) (619104),Infrastructure & Highways,Ministry of Railways,619104,Multi-State,1087.56,1087.56,488.27,44.9,2022-03-01,2026-12-31,2028-12-31,2026-05-01,36,0.0,0
PAIM-619205,Six Laning of KT/KL Border Thalapaddy -Chengala from Km. 17.200 to Km. 57.20 (National Highways Authority of India [NHAI,Infrastructure & Highways,Ministry of Railways,619205,Karnataka,523.41,523.41,255.59,48.8,2024-03-01,2026-12-31,2028-12-31,2026-05-01,0,0.0,0
PAIM-11895,(National Highways Authority of India [NHAI]) (619205) (-) (11895),Infrastructure & Highways,Ministry of Railways,11895,Karnataka,1879.09,1879.09,241.85,12.9,2023-03-01,2026-12-31,2029-12-31,2026-05-01,18,0.0,0
PAIM-618515,Pkg-I (National Highways Authority of India [NHAI]) (618515),Infrastructure & Highways,Ministry of Railways,618515,Maharashtra,1208.43,1208.43,574.05,47.5,2021-03-01,2027-12-31,2029-12-31,2026-05-01,6,0.0,0
PAIM-10369,(National Highways Authority of India [NHAI]) (618515) (N24001679) (10369),Infrastructure & Highways,Ministry of Railways,N24001679,Maharashtra,2460.47,2460.47,1998.02,81.2,2024-03-01,2027-12-31,2029-12-31,2026-05-01,6,0.0,0
PAIM-618516,NH-48 Pkg-II (National Highways Authority of India [NHAI]) (618516),Infrastructure & Highways,Ministry of Railways,618516,Maharashtra,4457.88,4457.88,2045.55,45.9,2022-03-01,2027-12-31,2027-12-31,2026-05-01,18,0.0,0
PAIM-10370,(National Highways Authority of India [NHAI]) (618516) (N24001598) (10370),Infrastructure & Highways,Ministry of Railways,N24001598,Maharashtra,1248.67,1248.67,517.38,41.4,2022-03-01,2028-12-31,2029-12-31,2026-05-01,0,0.0,0
PAIM-618636,NH-150C part of Akkalkot  KN/TS Border section Package  XIV (National Highways Authority of India [NHAI]) (618636),Infrastructure & Highways,Ministry of Railways,618636,Maharashtra,300.29,300.29,50.93,17.0,2022-03-01,2026-12-31,2028-12-31,2026-05-01,12,0.0,0
PAIM-10454,(National Highways Authority of India [NHAI]) (618636) (-) (10454),Infrastructure & Highways,Ministry of Railways,10454,Maharashtra,3879.74,3879.74,666.42,17.2,2021-03-01,2027-12-31,2028-12-31,2026-05-01,18,0.0,0
PAIM-618519,to TN/KNT border from km 144.480 to 179.969 (National Highways Authority of India [NHAI]) (618519),Infrastructure & Highways,Ministry of Railways,618519,Karnataka,2232.33,2232.33,1683.82,75.4,2024-03-01,2027-12-31,2029-12-31,2026-05-01,12,0.0,0
PAIM-10373,(National Highways Authority of India [NHAI]) (618519) (N24001968) (10373),Infrastructure & Highways,Ministry of Railways,N24001968,Karnataka,3318.74,3318.74,1188.5,35.8,2022-03-01,2026-12-31,2029-12-31,2026-05-01,12,0.0,0
PAIM-618581,Hosur to Dhamrapuri Pkg-1 [Neraluru - Thorapalli Agraharam] (National Highways Authority of India [NHAI]) (618581),Infrastructure & Highways,Ministry of Railways,618581,Karnataka,3759.43,3759.43,2378.15,63.3,2023-03-01,2026-12-31,2027-12-31,2026-05-01,6,0.0,0
PAIM-10417,(National Highways Authority of India [NHAI]) (618581) (N24001693) (10417),Infrastructure & Highways,Ministry of Railways,N24001693,Karnataka,1926.13,1926.13,1597.33,82.9,2021-03-01,2028-12-31,2029-12-31,2026-05-01,0,0.0,0
PAIM-618631,to Km. 203.100 in Raichur of NH-150C Pkg-IV (National Highways Authority of India [NHAI]) (618631),Infrastructure & Highways,Ministry of Railways,618631,Karnataka,3463.66,3463.66,913.3,26.4,2024-03-01,2026-12-31,2028-12-31,2026-05-01,18,0.0,0
PAIM-10450,(National Highways Authority of India [NHAI]) (618631) (-) (10450),Infrastructure & Highways,Ministry of Railways,10450,Karnataka,2774.85,2774.85,1863.33,67.2,2021-03-01,2028-12-31,2028-12-31,2026-05-01,0,0.0,0
PAIM-618632,Km 202.900 to Km 242.200 Pkg-1 (National Highways Authority of India [NHAI]) (618632),Infrastructure & Highways,Ministry of Railways,618632,Karnataka,557.73,557.73,369.13,66.2,2023-03-01,2026-12-31,2028-12-31,2026-05-01,24,0.0,0
PAIM-10451,(National Highways Authority of India [NHAI]) (618632) (N24001626) (10451),Infrastructure & Highways,Ministry of Railways,N24001626,Karnataka,457.06,457.06,325.45,71.2,2024-03-01,2027-12-31,2029-12-31,2026-05-01,24,0.0,0
PAIM-619097,Thalassery Mahe Bypass Km 170.600 to Km 189.200 of NH-17New NH-66 in Kerala (National Highways Authority of India [NHAI],Infrastructure & Highways,Ministry of Railways,619097,Multi-State,1852.71,1852.71,798.43,43.1,2021-03-01,2028-12-31,2027-12-31,2026-05-01,24,0.0,0
PAIM-619101,Boregaon Buzurg to Muktainagar (National Highways Authority of India [NHAI]) (619101),Infrastructure & Highways,Ministry of Railways,619101,Maharashtra,3489.43,3489.43,2351.64,67.4,2021-03-01,2026-12-31,2027-12-31,2026-05-01,18,0.0,0
PAIM-11779,(National Highways Authority of India [NHAI]) (619101) (-) (11779),Infrastructure & Highways,Ministry of Railways,11779,Maharashtra,3719.37,3719.37,2933.61,78.9,2022-03-01,2026-12-31,2028-12-31,2026-05-01,0,0.0,0
PAIM-618556,Lakhnadon section of NH-44 NS (National Highways Authority of India [NHAI]) (618556),Infrastructure & Highways,Ministry of Railways,618556,Uttar Pradesh,502.19,502.19,397.2,79.1,2024-03-01,2028-12-31,2029-12-31,2026-05-01,18,0.0,0
PAIM-10402,(National Highways Authority of India [NHAI]) (618556) (-) (10402),Infrastructure & Highways,Ministry of Railways,10402,Uttar Pradesh,1080.3,1080.3,822.14,76.1,2023-03-01,2027-12-31,2027-12-31,2026-05-01,6,0.0,0
PAIM-618668,168.630 Package-4 (National Highways Authority of India [NHAI]) (618668),Infrastructure & Highways,Ministry of Railways,618668,Maharashtra,4284.55,4284.55,2761.77,64.5,2022-03-01,2028-12-31,2028-12-31,2026-05-01,36,0.0,0
PAIM-10473,(National Highways Authority of India [NHAI]) (618668) (-) (10473),Infrastructure & Highways,Ministry of Railways,10473,Maharashtra,2904.86,2904.86,611.61,21.1,2024-03-01,2028-12-31,2028-12-31,2026-05-01,36,0.0,0
PAIM-618624,Mangloor to Telangana Maharashtra Border (National Highways Authority of India [NHAI]) (618624),Infrastructure & Highways,Ministry of Railways,618624,Maharashtra,1787.46,1787.46,232.97,13.0,2023-03-01,2028-12-31,2028-12-31,2026-05-01,36,0.0,0
PAIM-10448,(National Highways Authority of India [NHAI]) (618624) (-) (10448),Infrastructure & Highways,Ministry of Railways,10448,Maharashtra,1125.0,1125.0,674.94,60.0,2023-03-01,2027-12-31,2029-12-31,2026-05-01,18,0.0,0
PAIM-618938,of NH-353B (National Highways Authority of India [NHAI]) (618938),Infrastructure & Highways,Ministry of Railways,618938,Maharashtra,3601.49,3601.49,2909.24,80.8,2024-03-01,2026-12-31,2028-12-31,2026-05-01,36,0.0,0
PAIM-10679,(National Highways Authority of India [NHAI]) (618938) (N24001796) (10679),Infrastructure & Highways,Ministry of Railways,N24001796,Maharashtra,240.66,240.66,106.8,44.4,2024-03-01,2026-12-31,2029-12-31,2026-05-01,0,0.0,0
PAIM-618941,19.000 to km 51.985 (National Highways Authority of India [NHAI]) (618941),Infrastructure & Highways,Ministry of Railways,618941,Maharashtra,551.13,551.13,317.15,57.5,2023-03-01,2028-12-31,2028-12-31,2026-05-01,12,0.0,0
PAIM-10680,(National Highways Authority of India [NHAI]) (618941) (-) (10680),Infrastructure & Highways,Ministry of Railways,10680,Maharashtra,2415.4,2415.4,1753.31,72.6,2021-03-01,2026-12-31,2029-12-31,2026-05-01,0,0.0,0
PAIM-618844,Viluppuram Km.0.000 to Puducherry Km.29.000 (National Highways Authority of India [NHAI]) (618844),Infrastructure & Highways,Ministry of Railways,618844,Maharashtra,3022.1,3022.1,2392.61,79.2,2023-03-01,2028-12-31,2027-12-31,2026-05-01,12,0.0,0
PAIM-10603,(National Highways Authority of India [NHAI]) (618844) (-) (10603),Infrastructure & Highways,Ministry of Railways,10603,Maharashtra,504.53,504.53,388.95,77.1,2023-03-01,2027-12-31,2029-12-31,2026-05-01,24,0.0,0
PAIM-618845,Puducherry Km.29.000 to Poondiyankuppam Km.67.000 (National Highways Authority of India [NHAI]) (618845),Infrastructure & Highways,Ministry of Railways,618845,Multi-State,1520.71,1520.71,949.51,62.4,2022-03-01,2028-12-31,2029-12-31,2026-05-01,24,0.0,0
PAIM-10604,(National Highways Authority of India [NHAI]) (618845) (N24001429) (10604),Infrastructure & Highways,Ministry of Railways,N24001429,Multi-State,321.6,321.6,58.89,18.3,2023-03-01,2028-12-31,2028-12-31,2026-05-01,36,0.0,0
PAIM-618847,Sattanathapuram to Nagapattinam from Km 123.800 to Km 179.555 (National Highways Authority of India [NHAI]) (618847),Infrastructure & Highways,Ministry of Railways,618847,Multi-State,3200.49,3200.49,726.08,22.7,2024-03-01,2026-12-31,2027-12-31,2026-05-01,18,0.0,0
PAIM-10606,(National Highways Authority of India [NHAI]) (618847) (N24001431) (10606),Infrastructure & Highways,Ministry of Railways,N24001431,Multi-State,282.39,282.39,72.66,25.7,2023-03-01,2028-12-31,2028-12-31,2026-05-01,24,0.0,0
PAIM-618755,180.200 in Prayagraj (National Highways Authority of India [NHAI]) (618755),Infrastructure & Highways,Ministry of Railways,618755,Rajasthan,669.32,669.32,107.47,16.1,2023-03-01,2026-12-31,2027-12-31,2026-05-01,24,0.0,0
PAIM-618711,Km to 41.820 Km of Delhi- Dehradun Economic Corridor package-2 (National Highways Authority of India [NHAI]) (618711),Infrastructure & Highways,Ministry of Railways,618711,Delhi,2867.4,2867.4,2234.91,77.9,2024-03-01,2027-12-31,2028-12-31,2026-05-01,24,0.0,0
PAIM-10506,(National Highways Authority of India [NHAI]) (618711) (N24001629) (10506),Infrastructure & Highways,Ministry of Railways,N24001629,Delhi,1051.5,1051.5,132.63,12.6,2023-03-01,2026-12-31,2029-12-31,2026-05-01,0,0.0,0
PAIM-618783,4-laning of Pilibhit - Sitarganj from Km. 32.500 to Km. 70.800 Pkg-2 of NH-30 (National Highways Authority of India [NHA,Infrastructure & Highways,Ministry of Railways,618783,Multi-State,2085.33,2085.33,392.85,18.8,2023-03-01,2027-12-31,2028-12-31,2026-05-01,24,0.0,0
PAIM-10558,(National Highways Authority of India [NHAI]) (618783) (-) (10558),Infrastructure & Highways,Ministry of Railways,10558,Multi-State,619.72,619.72,331.76,53.5,2022-03-01,2026-12-31,2028-12-31,2026-05-01,6,0.0,0
PAIM-618886,NH-334 from Km 143000 to Km 196000 (National Highways Authority of India [NHAI]) (618886),Infrastructure & Highways,Ministry of Railways,618886,Multi-State,1664.18,1664.18,505.34,30.4,2023-03-01,2028-12-31,2027-12-31,2026-05-01,12,0.0,0
PAIM-618912,Uttar Pradesh & Uttarakhand (National Highways Authority of India [NHAI]) (618912),Infrastructure & Highways,Ministry of Railways,618912,Uttar Pradesh,3935.43,3935.43,2325.42,59.1,2024-03-01,2028-12-31,2029-12-31,2026-05-01,18,0.0,0
PAIM-10659,(National Highways Authority of India [NHAI]) (618912) (-) (10659),Infrastructure & Highways,Ministry of Railways,10659,Uttar Pradesh,1819.46,1819.46,393.42,21.6,2021-03-01,2027-12-31,2027-12-31,2026-05-01,36,0.0,0
PAIM-618928,"14.490 Km., Starts from Ch. 38770 and ends at Ch. 53260 existing Ch. 05560 (National Highways Authority of India [NHAI])",Infrastructure & Highways,Ministry of Railways,618928,Multi-State,2704.58,2704.58,2005.43,74.1,2024-03-01,2028-12-31,2029-12-31,2026-05-01,18,0.0,0
PAIM-10672,(National Highways Authority of India [NHAI]) (618928) (N24002093) (10672),Infrastructure & Highways,Ministry of Railways,N24002093,Multi-State,563.23,563.23,379.94,67.5,2023-03-01,2028-12-31,2027-12-31,2026-05-01,6,0.0,0
PAIM-618969,4/6L of  Spur to Haridwar Greenfield from Km. 0.000 to Km. 50.70 (National Highways Authority of India [NHAI]) (618969),Infrastructure & Highways,Ministry of Railways,618969,Multi-State,593.48,593.48,243.18,41.0,2024-03-01,2027-12-31,2027-12-31,2026-05-01,6,0.0,0
PAIM-10699,(National Highways Authority of India [NHAI]) (618969) (N24001628) (10699),Infrastructure & Highways,Ministry of Railways,N24001628,Multi-State,1582.73,1582.73,1040.27,65.7,2022-03-01,2028-12-31,2029-12-31,2026-05-01,36,0.0,0
PAIM-619217,4L of Haridwar-Nagina section from km. 0.00 to km. 71.614 of NH-74 (National Highways Authority of India [NHAI]) (619217,Infrastructure & Highways,Ministry of Railways,619217,Multi-State,1577.05,1577.05,210.77,13.4,2022-03-01,2026-12-31,2029-12-31,2026-05-01,36,0.0,0
PAIM-10263,(NHIDCL) (618328) (N24001278) (10263),Infrastructure & Highways,Ministry of Railways,N24001278,Multi-State,4284.55,4284.55,3403.73,79.4,2022-03-01,2027-12-31,2028-12-31,2026-05-01,18,0.0,0
PAIM-10264,(NHIDCL) (618329) (N24001281) (10264),Infrastructure & Highways,Ministry of Railways,N24001281,Multi-State,2391.68,2391.68,1960.58,82.0,2022-03-01,2026-12-31,2027-12-31,2026-05-01,6,0.0,0
PAIM-617898,Odisha (MoRTH) (617898),Infrastructure & Highways,Ministry of Railways,617898,Odisha,1235.57,1235.57,414.12,33.5,2021-03-01,2028-12-31,2027-12-31,2026-05-01,36,0.0,0
PAIM-617899,Mangalpur section of NH 20 in the state of Odisha on Annual Plan 2021-22 (MoRTH) (617899),Infrastructure & Highways,Ministry of Railways,617899,Odisha,1778.98,1778.98,1078.1,60.6,2022-03-01,2028-12-31,2028-12-31,2026-05-01,6,0.0,0
PAIM-10133,(MoRTH) (617899) (N24002136) (10133),Infrastructure & Highways,Ministry of Railways,N24002136,Odisha,2766.42,2766.42,1520.39,55.0,2023-03-01,2027-12-31,2028-12-31,2026-05-01,24,0.0,0
PAIM-617902,construction or By-pass road on NH-26 for Nabrangpur Town (MoRTH) (617902),Infrastructure & Highways,Ministry of Railways,617902,Odisha,2330.33,2330.33,420.01,18.0,2021-03-01,2028-12-31,2029-12-31,2026-05-01,24,0.0,0
PAIM-617904,79/800 Design km 11/670 of NH-26 in the State of Odisha. (MoRTH) (617904),Infrastructure & Highways,Ministry of Railways,617904,Odisha,546.57,546.57,449.47,82.2,2021-03-01,2026-12-31,2028-12-31,2026-05-01,24,0.0,0
PAIM-617905,EPC mode under Annual Plan 2021-22 (MoRTH) (617905),Infrastructure & Highways,Ministry of Railways,617905,Odisha,3175.94,3175.94,1795.48,56.5,2023-03-01,2027-12-31,2028-12-31,2026-05-01,6,0.0,0
PAIM-617920,Odisha. Job No. NH-55-OD-2022-23-656 (MoRTH) (617920),Infrastructure & Highways,Ministry of Railways,617920,Odisha,1115.21,1115.21,212.67,19.1,2024-03-01,2027-12-31,2029-12-31,2026-05-01,24,0.0,0
PAIM-10138,(MoRTH) (617920) (-) (10138),Infrastructure & Highways,Ministry of Railways,10138,Odisha,3890.09,3890.09,1150.78,29.6,2022-03-01,2028-12-31,2029-12-31,2026-05-01,12,0.0,0
PAIM-617921,277/500 to 318/970 of NH-55 in the State of Odisha under Annual Plan 2021-22. (MoRTH) (617921),Infrastructure & Highways,Ministry of Railways,617921,Odisha,3908.48,3908.48,3047.71,78.0,2022-03-01,2028-12-31,2027-12-31,2026-05-01,24,0.0,0
PAIM-617922,Plan 2022-23 for the state of Odisha Job No.NH-49-OD-2022-23-655 (MoRTH) (617922),Infrastructure & Highways,Ministry of Railways,617922,Odisha,1493.63,1493.63,205.25,13.7,2024-03-01,2027-12-31,2027-12-31,2026-05-01,0,0.0,0
PAIM-10139,(MoRTH) (617922) (-) (10139),Infrastructure & Highways,Ministry of Railways,10139,Odisha,3903.22,3903.22,1176.07,30.1,2022-03-01,2028-12-31,2028-12-31,2026-05-01,18,0.0,0
PAIM-617923,land acquisition in the state of Odisha on EPC mode under Annual Plan 2022-23. (MoRTH) (617923),Infrastructure & Highways,Ministry of Railways,617923,Odisha,756.13,756.13,365.77,48.4,2021-03-01,2026-12-31,2029-12-31,2026-05-01,18,0.0,0
PAIM-617924,including land acquisition in the state of Odisha. (MoRTH) (617924),Infrastructure & Highways,Ministry of Railways,617924,Odisha,1324.16,1324.16,368.0,27.8,2024-03-01,2028-12-31,2029-12-31,2026-05-01,6,0.0,0
PAIM-617925,including LA in the State of Odisha on EPC mode. (MoRTH) (617925),Infrastructure & Highways,Ministry of Railways,617925,Odisha,1851.8,1851.8,878.5,47.4,2023-03-01,2026-12-31,2027-12-31,2026-05-01,0,0.0,0
PAIM-617930,Berhampur town including 4-lane RoB in the state of Odisha. (MoRTH) (617930),Infrastructure & Highways,Ministry of Railways,617930,Odisha,2578.17,2578.17,2062.52,80.0,2024-03-01,2028-12-31,2027-12-31,2026-05-01,12,0.0,0
PAIM-618003,2033-34 (MoRTH) (618003),Infrastructure & Highways,Ministry of Railways,618003,Odisha,2614.91,2614.91,1724.1,65.9,2022-03-01,2027-12-31,2027-12-31,2026-05-01,6,0.0,0
PAIM-618012,section of NH 326 in the State of Odisha under Annual Plan 2021.22. (MoRTH) (618012),Infrastructure & Highways,Ministry of Railways,618012,Odisha,3867.2,3867.2,1990.42,51.5,2021-03-01,2027-12-31,2029-12-31,2026-05-01,12,0.0,0
PAIM-618079,state of Odisha on EPC Mode under Annual plan 2022-23. (MoRTH) (618079),Infrastructure & Highways,Ministry of Railways,618079,Odisha,4029.73,4029.73,2415.44,59.9,2023-03-01,2026-12-31,2028-12-31,2026-05-01,12,0.0,0
PAIM-618122,Plan 2021-22. (MoRTH) (618122),Infrastructure & Highways,Ministry of Railways,618122,Odisha,3235.1,3235.1,682.13,21.1,2023-03-01,2026-12-31,2028-12-31,2026-05-01,24,0.0,0
PAIM-618523,Bhadrak KM 136.500 to Baleshwar KM 199.141 (National Highways Authority of India [NHAI]) (618523),Infrastructure & Highways,Ministry of Railways,618523,Odisha,3986.37,3986.37,2963.27,74.3,2022-03-01,2026-12-31,2027-12-31,2026-05-01,6,0.0,0
PAIM-10376,(National Highways Authority of India [NHAI]) (618523) (N24000738) (10376),Infrastructure & Highways,Ministry of Railways,N24000738,Odisha,3477.75,3477.75,2203.45,63.4,2022-03-01,2028-12-31,2027-12-31,2026-05-01,6,0.0,0
PAIM-618591,"Earlier NH-6 in Sambalpur, on EPC mode in Odisha under NHO (National Highways Authority of India [NHAI]) (618591)",Infrastructure & Highways,Ministry of Railways,618591,Odisha,3007.08,3007.08,1704.43,56.7,2023-03-01,2026-12-31,2029-12-31,2026-05-01,0,0.0,0
PAIM-618592,at Km.215.270 in Baharagora-Singhara section of NH-49 (National Highways Authority of India [NHAI]) (618592),Infrastructure & Highways,Ministry of Railways,618592,Odisha,1511.41,1511.41,675.42,44.7,2023-03-01,2027-12-31,2029-12-31,2026-05-01,18,0.0,0
PAIM-618593,Bangriposi Ghat section in the State of Odisha on EPC Mode (National Highways Authority of India [NHAI]) (618593),Infrastructure & Highways,Ministry of Railways,618593,Odisha,4286.41,4286.41,2500.5,58.3,2023-03-01,2028-12-31,2028-12-31,2026-05-01,24,0.0,0
PAIM-618677,km 293000 Package  OD-5 (National Highways Authority of India [NHAI]) (618677),Infrastructure & Highways,Ministry of Railways,618677,Odisha,4393.59,4393.59,3261.67,74.2,2022-03-01,2026-12-31,2029-12-31,2026-05-01,0,0.0,0
PAIM-10480,(National Highways Authority of India [NHAI]) (618677) (N24001667) (10480),Infrastructure & Highways,Ministry of Railways,N24001667,Odisha,374.44,374.44,168.94,45.1,2023-03-01,2027-12-31,2029-12-31,2026-05-01,18,0.0,0
PAIM-618678,km 338500 Package  OD-6 (National Highways Authority of India [NHAI]) (618678),Infrastructure & Highways,Ministry of Railways,618678,Odisha,3010.07,3010.07,1851.73,61.5,2024-03-01,2026-12-31,2027-12-31,2026-05-01,18,0.0,0
PAIM-10481,(National Highways Authority of India [NHAI]) (618678) (N24001678) (10481),Infrastructure & Highways,Ministry of Railways,N24001678,Odisha,699.52,699.52,392.12,56.1,2023-03-01,2028-12-31,2029-12-31,2026-05-01,18,0.0,0
PAIM-618680,365033 Package-OD-8 (National Highways Authority of India [NHAI]) (618680),Infrastructure & Highways,Ministry of Railways,618680,Odisha,2562.71,2562.71,272.02,10.6,2023-03-01,2026-12-31,2029-12-31,2026-05-01,36,0.0,0
PAIM-10483,(National Highways Authority of India [NHAI]) (618680) (N24001665) (10483),Infrastructure & Highways,Ministry of Railways,N24001665,Odisha,2890.14,2890.14,567.61,19.6,2023-03-01,2027-12-31,2027-12-31,2026-05-01,24,0.0,0
PAIM-618704,Corridor of Angul  Sambalpur Section of NH-42 New NH-55 Km.202.533 (National Highways Authority of India [NHAI]) (618704,Infrastructure & Highways,Ministry of Railways,618704,Odisha,2454.64,2454.64,2064.44,84.1,2021-03-01,2026-12-31,2028-12-31,2026-05-01,36,0.0,0
PAIM-618705,NH149 & at Km.84.000 to Km.86.100 of NH55 (National Highways Authority of India [NHAI]) (618705),Infrastructure & Highways,Ministry of Railways,618705,Odisha,2808.16,2808.16,1122.66,40.0,2022-03-01,2026-12-31,2029-12-31,2026-05-01,18,0.0,0
PAIM-12085,(National Highways Authority of India [NHAI]) (618705) (-) (12085),Infrastructure & Highways,Ministry of Railways,12085,Odisha,1826.89,1826.89,1407.37,77.0,2021-03-01,2028-12-31,2029-12-31,2026-05-01,24,0.0,0
PAIM-618819,Balance work of Panikoili Rimoli Section of new NH-20 from Km 0.00 to Km. 163.000 (National Highways Authority of India ,Infrastructure & Highways,Ministry of Railways,618819,Odisha,3857.82,3857.82,3119.84,80.9,2024-03-01,2027-12-31,2029-12-31,2026-05-01,6,0.0,0
PAIM-618820,NH-53 Old NH  5A from Km.39.000 to Km.60.00 Package-3 (National Highways Authority of India [NHAI]) (618820),Infrastructure & Highways,Ministry of Railways,618820,Odisha,3285.43,3285.43,1183.09,36.0,2023-03-01,2028-12-31,2028-12-31,2026-05-01,18,0.0,0
PAIM-10586,(National Highways Authority of India [NHAI]) (618820) (N24002079) (10586),Infrastructure & Highways,Ministry of Railways,N24002079,Odisha,1518.06,1518.06,795.58,52.4,2024-03-01,2026-12-31,2028-12-31,2026-05-01,36,0.0,0
PAIM-618821,Package-2 (National Highways Authority of India [NHAI]) (618821),Infrastructure & Highways,Ministry of Railways,618821,Odisha,555.26,555.26,151.12,27.2,2021-03-01,2026-12-31,2028-12-31,2026-05-01,0,0.0,0
PAIM-10587,(National Highways Authority of India [NHAI]) (618821) (N24002080) (10587),Infrastructure & Highways,Ministry of Railways,N24002080,Odisha,3539.49,3539.49,1082.0,30.6,2023-03-01,2026-12-31,2028-12-31,2026-05-01,12,0.0,0
PAIM-618822,NH-53 Old NH  5A from Km.0.00 to Km.18.00Package-1 (National Highways Authority of India [NHAI]) (618822),Infrastructure & Highways,Ministry of Railways,618822,Odisha,3515.82,3515.82,717.46,20.4,2023-03-01,2028-12-31,2028-12-31,2026-05-01,0,0.0,0
PAIM-10588,(National Highways Authority of India [NHAI]) (618822) (-) (10588),Infrastructure & Highways,Ministry of Railways,10588,Odisha,3816.38,3816.38,469.24,12.3,2022-03-01,2026-12-31,2028-12-31,2026-05-01,0,0.0,0
PAIM-618908,NH-200 New NH -53 (National Highways Authority of India [NHAI]) (618908),Infrastructure & Highways,Ministry of Railways,618908,Odisha,1767.07,1767.07,1252.61,70.9,2024-03-01,2028-12-31,2029-12-31,2026-05-01,18,0.0,0
PAIM-618913,4-L of Rajamunda to Barkote Section of NH-23 from km. 287.200 to km. 337.185 (National Highways Authority of India [NHAI,Infrastructure & Highways,Ministry of Railways,618913,Odisha,1889.02,1889.02,1243.14,65.8,2023-03-01,2026-12-31,2027-12-31,2026-05-01,12,0.0,0
PAIM-10660,(National Highways Authority of India [NHAI]) (618913) (N24000739) (10660),Infrastructure & Highways,Ministry of Railways,N24000739,Odisha,3943.19,3943.19,2663.27,67.5,2023-03-01,2026-12-31,2027-12-31,2026-05-01,6,0.0,0
PAIM-619075,6L of Bhubaneswar - Jagatpur - Chandikhole Section of NH-16 (National Highways Authority of India [NHAI]) (619075),Infrastructure & Highways,Ministry of Railways,619075,Odisha,1086.98,1086.98,810.93,74.6,2024-03-01,2028-12-31,2028-12-31,2026-05-01,6,0.0,0
PAIM-619109,Package  OD-3 (National Highways Authority of India [NHAI]) (619109),Infrastructure & Highways,Ministry of Railways,619109,Odisha,3208.02,3208.02,2340.37,73.0,2024-03-01,2028-12-31,2027-12-31,2026-05-01,24,0.0,0
PAIM-11784,(National Highways Authority of India [NHAI]) (619109) (N24001668) (11784),Infrastructure & Highways,Ministry of Railways,N24001668,Odisha,2900.46,2900.46,1019.48,35.1,2021-03-01,2028-12-31,2027-12-31,2026-05-01,36,0.0,0
PAIM-619118,Four Laning of Angul to Sambalpur from Km.112.000 to Km.265.000 (National Highways Authority of India [NHAI]) (619118),Infrastructure & Highways,Ministry of Railways,619118,Odisha,2959.02,2959.02,2423.67,81.9,2023-03-01,2028-12-31,2028-12-31,2026-05-01,6,0.0,0
PAIM-619119,State of Odisha (National Highways Authority of India [NHAI]) (619119),Infrastructure & Highways,Ministry of Railways,619119,Odisha,2281.31,2281.31,1620.11,71.0,2021-03-01,2027-12-31,2028-12-31,2026-05-01,12,0.0,0
PAIM-11789,(National Highways Authority of India [NHAI]) (619119) (N24000715) (11789),Infrastructure & Highways,Ministry of Railways,N24000715,Odisha,1876.38,1876.38,808.97,43.1,2023-03-01,2027-12-31,2027-12-31,2026-05-01,36,0.0,0
PAIM-619157,149 and km 301.875 - km 335.946 of NH-53 Pkg-I (National Highways Authority of India [NHAI]) (619157),Infrastructure & Highways,Ministry of Railways,619157,Odisha,1167.43,1167.43,547.58,46.9,2021-03-01,2027-12-31,2028-12-31,2026-05-01,12,0.0,0
PAIM-11814,(National Highways Authority of India [NHAI]) (619157) (N24000734) (11814),Infrastructure & Highways,Ministry of Railways,N24000734,Odisha,3723.17,3723.17,3045.37,81.8,2023-03-01,2027-12-31,2027-12-31,2026-05-01,24,0.0,0
PAIM-619158,4 Laning of Duburi Chandikhole from km 388.376 to km 428.074 Pkg-III (National Highways Authority of India [NHAI]) (6191,Infrastructure & Highways,Ministry of Railways,619158,Odisha,2476.63,2476.63,1584.05,64.0,2021-03-01,2027-12-31,2027-12-31,2026-05-01,12,0.0,0
PAIM-11815,(National Highways Authority of India [NHAI]) (619158) (N24000733) (11815),Infrastructure & Highways,Ministry of Railways,N24000733,Odisha,4257.1,4257.1,3231.69,75.9,2021-03-01,2027-12-31,2027-12-31,2026-05-01,12,0.0,0
PAIM-619181,NH-53 Old NH  5A from Km.60.000 to Km.76.646 Package-4 (National Highways Authority of India [NHAI]) (619181),Infrastructure & Highways,Ministry of Railways,619181,Odisha,1634.16,1634.16,176.69,10.8,2024-03-01,2026-12-31,2029-12-31,2026-05-01,24,0.0,0
PAIM-11884,(National Highways Authority of India [NHAI]) (619181) (-) (11884),Infrastructure & Highways,Ministry of Railways,11884,Odisha,2471.99,2471.99,964.44,39.0,2021-03-01,2027-12-31,2029-12-31,2026-05-01,36,0.0,0
PAIM-619213,Package  OD-2 (National Highways Authority of India [NHAI]) (619213),Infrastructure & Highways,Ministry of Railways,619213,Odisha,1201.01,1201.01,841.81,70.1,2022-03-01,2027-12-31,2028-12-31,2026-05-01,24,0.0,0
PAIM-11903,(National Highways Authority of India [NHAI]) (619213) (-) (11903),Infrastructure & Highways,Ministry of Railways,11903,Odisha,623.53,623.53,412.11,66.1,2022-03-01,2028-12-31,2029-12-31,2026-05-01,24,0.0,0
PAIM-619215,the State of Odisha (National Highways Authority of India [NHAI]) (619215),Infrastructure & Highways,Ministry of Railways,619215,Odisha,294.33,294.33,101.7,34.6,2024-03-01,2027-12-31,2027-12-31,2026-05-01,18,0.0,0
PAIM-11905,(National Highways Authority of India [NHAI]) (619215) (-) (11905),Infrastructure & Highways,Ministry of Railways,11905,Odisha,3179.76,3179.76,2611.28,82.1,2023-03-01,2027-12-31,2027-12-31,2026-05-01,0,0.0,0
PAIM-618010,Punjab. Job No NH-254-PB-2022-23-565 (MoRTH) (618010),Infrastructure & Highways,Ministry of Railways,618010,Punjab,1926.02,1926.02,1635.72,84.9,2022-03-01,2026-12-31,2029-12-31,2026-05-01,24,0.0,0
PAIM-10163,(MoRTH) (618010) (-) (10163),Infrastructure & Highways,Ministry of Railways,10163,Punjab,1628.22,1628.22,295.01,18.1,2024-03-01,2026-12-31,2027-12-31,2026-05-01,12,0.0,0
PAIM-618023,on EPC mode. Job No. NH-354-PB-2021-22-555 (MoRTH) (618023),Infrastructure & Highways,Ministry of Railways,618023,Punjab,3389.96,3389.96,513.49,15.1,2022-03-01,2027-12-31,2028-12-31,2026-05-01,0,0.0,0
PAIM-618024,No. NH-354-PB-2020-21-532 (MoRTH) (618024),Infrastructure & Highways,Ministry of Railways,618024,Punjab,1937.11,1937.11,1034.63,53.4,2021-03-01,2028-12-31,2029-12-31,2026-05-01,18,0.0,0
PAIM-618487,Bhogiwal village Km 188830 to km 225770 (National Highways Authority of India [NHAI]) (618487),Infrastructure & Highways,Ministry of Railways,618487,Punjab,1227.13,1227.13,731.74,59.6,2021-03-01,2028-12-31,2029-12-31,2026-05-01,6,0.0,0
PAIM-10345,(National Highways Authority of India [NHAI]) (618487) (N24001415) (10345),Infrastructure & Highways,Ministry of Railways,N24001415,Punjab,3565.29,3565.29,1286.46,36.1,2022-03-01,2027-12-31,2029-12-31,2026-05-01,24,0.0,0
PAIM-618488,near Mullanpur Dakha Km 225770 to km 260860 (National Highways Authority of India [NHAI]) (618488),Infrastructure & Highways,Ministry of Railways,618488,Punjab,1323.2,1323.2,303.33,22.9,2023-03-01,2026-12-31,2028-12-31,2026-05-01,36,0.0,0
PAIM-10346,(National Highways Authority of India [NHAI]) (618488) (N24001416) (10346),Infrastructure & Highways,Ministry of Railways,N24001416,Punjab,3044.79,3044.79,655.29,21.5,2024-03-01,2028-12-31,2028-12-31,2026-05-01,36,0.0,0
PAIM-618489,Kang Sahibu village Km 260860 to km 303900 (National Highways Authority of India [NHAI]) (618489),Infrastructure & Highways,Ministry of Railways,618489,Punjab,746.84,746.84,429.29,57.5,2023-03-01,2026-12-31,2028-12-31,2026-05-01,12,0.0,0
PAIM-10347,(National Highways Authority of India [NHAI]) (618489) (N24001417) (10347),Infrastructure & Highways,Ministry of Railways,N24001417,Punjab,2559.35,2559.35,745.6,29.1,2023-03-01,2027-12-31,2029-12-31,2026-05-01,18,0.0,0
PAIM-618490,Sultanpur Lodhi road NH-703A km 000 to km 24000 to Amritsar connectivity (National Highways Authority of India [NHAI]) (,Infrastructure & Highways,Ministry of Railways,618490,Punjab,741.4,741.4,424.84,57.3,2021-03-01,2026-12-31,2029-12-31,2026-05-01,24,0.0,0
PAIM-10348,(National Highways Authority of India [NHAI]) (618490) (N24001418) (10348),Infrastructure & Highways,Ministry of Railways,N24001418,Punjab,1932.35,1932.35,1361.41,70.5,2021-03-01,2026-12-31,2027-12-31,2026-05-01,36,0.0,0
PAIM-618491,362420 (National Highways Authority of India [NHAI]) (618491),Infrastructure & Highways,Ministry of Railways,618491,Punjab,4083.65,4083.65,1741.21,42.6,2024-03-01,2028-12-31,2029-12-31,2026-05-01,36,0.0,0
PAIM-10349,(National Highways Authority of India [NHAI]) (618491) (N24001419) (10349),Infrastructure & Highways,Ministry of Railways,N24001419,Punjab,2198.44,2198.44,932.48,42.4,2023-03-01,2028-12-31,2029-12-31,2026-05-01,12,0.0,0
PAIM-618492,Pathankot-Gurdaspur road NH-54 near Gurdaspur Km 362420 to km 397700 (National Highways Authority of India [NHAI]) (6184,Infrastructure & Highways,Ministry of Railways,618492,Punjab,3231.49,3231.49,1201.59,37.2,2023-03-01,2028-12-31,2028-12-31,2026-05-01,36,0.0,0
PAIM-10350,(National Highways Authority of India [NHAI]) (618492) (N24001420) (10350),Infrastructure & Highways,Ministry of Railways,N24001420,Punjab,898.0,898.0,249.58,27.8,2024-03-01,2026-12-31,2028-12-31,2026-05-01,24,0.0,0
PAIM-618493,NH-703AA near Goinwal Sahib [Km 24000 to Km 41000 of Amritsar connectivity] (National Highways Authority of India [NHAI],Infrastructure & Highways,Ministry of Railways,618493,Punjab,845.38,845.38,360.09,42.6,2023-03-01,2028-12-31,2028-12-31,2026-05-01,12,0.0,0
PAIM-10351,(National Highways Authority of India [NHAI]) (618493) (N24002102) (10351),Infrastructure & Highways,Ministry of Railways,N24002102,Punjab,3724.78,3724.78,1840.4,49.4,2024-03-01,2028-12-31,2029-12-31,2026-05-01,12,0.0,0
PAIM-618551,Talwara village on NH-44 Pathankot by-pass (National Highways Authority of India [NHAI]) (618551),Infrastructure & Highways,Ministry of Railways,618551,Punjab,1476.95,1476.95,943.8,63.9,2023-03-01,2028-12-31,2029-12-31,2026-05-01,18,0.0,0
PAIM-10397,(National Highways Authority of India [NHAI]) (618551) (-) (10397),Infrastructure & Highways,Ministry of Railways,10397,Punjab,1686.51,1686.51,689.81,40.9,2024-03-01,2028-12-31,2027-12-31,2026-05-01,6,0.0,0
PAIM-618552,at Kang Sahbu NH-703  via Sarmastpur NH-44 - Madara NH-03 - Khajurla NH-44 (National Highways Authority of India [NHAI]),Infrastructure & Highways,Ministry of Railways,618552,Haryana,3231.43,3231.43,809.64,25.1,2023-03-01,2026-12-31,2028-12-31,2026-05-01,6,0.0,0
PAIM-10398,(National Highways Authority of India [NHAI]) (618552) (N24001637) (10398),Infrastructure & Highways,Ministry of Railways,N24001637,Haryana,3874.53,3874.53,1441.36,37.2,2023-03-01,2027-12-31,2027-12-31,2026-05-01,18,0.0,0
PAIM-618610,NH-54 from km. 0.000 to km. 27.400 of NH-54 (National Highways Authority of India [NHAI]) (618610),Infrastructure & Highways,Ministry of Railways,618610,Haryana,1852.25,1852.25,306.09,16.5,2023-03-01,2026-12-31,2027-12-31,2026-05-01,36,0.0,0
PAIM-10437,(National Highways Authority of India [NHAI]) (618610) (N24002075) (10437),Infrastructure & Highways,Ministry of Railways,N24002075,Haryana,4125.08,4125.08,2245.45,54.4,2024-03-01,2028-12-31,2027-12-31,2026-05-01,18,0.0,0
PAIM-618617,Pkg-1 (National Highways Authority of India [NHAI]) (618617),Infrastructure & Highways,Ministry of Railways,618617,Punjab,1683.04,1683.04,287.33,17.1,2024-03-01,2026-12-31,2029-12-31,2026-05-01,36,0.0,0
PAIM-10443,(National Highways Authority of India [NHAI]) (618617) (N24001640) (10443),Infrastructure & Highways,Ministry of Railways,N24001640,Punjab,982.32,982.32,545.47,55.5,2022-03-01,2026-12-31,2028-12-31,2026-05-01,12,0.0,0
PAIM-618618,Sangat Kalan from km 93.000 to km 154.866 of NH-754A Pkg-3 (National Highways Authority of India [NHAI]) (618618),Infrastructure & Highways,Ministry of Railways,618618,Punjab,2296.02,2296.02,975.92,42.5,2024-03-01,2026-12-31,2027-12-31,2026-05-01,12,0.0,0
PAIM-10444,(National Highways Authority of India [NHAI]) (618618) (N24002076) (10444),Infrastructure & Highways,Ministry of Railways,N24002076,Punjab,4423.91,4423.91,2539.33,57.4,2021-03-01,2027-12-31,2027-12-31,2026-05-01,6,0.0,0
PAIM-618647,Road NH-703 near village Tallewal from Km 0.0 to Km 30.3 of NH-754AD Pkg-1 (National Highways Authority of India [NHAI]),Infrastructure & Highways,Ministry of Railways,618647,Punjab,3865.09,3865.09,1644.03,42.5,2021-03-01,2028-12-31,2029-12-31,2026-05-01,24,0.0,0
PAIM-10462,(National Highways Authority of India [NHAI]) (618647) (N24002091) (10462),Infrastructure & Highways,Ministry of Railways,N24002091,Punjab,3629.04,3629.04,864.65,23.8,2023-03-01,2028-12-31,2027-12-31,2026-05-01,0,0.0,0
PAIM-618764,Moga - Bagha Purana - Bajakhana from km. 0.00 to km. 43.32 (National Highways Authority of India [NHAI]) (618764),Infrastructure & Highways,Ministry of Railways,618764,Punjab,2105.56,2105.56,363.31,17.3,2023-03-01,2026-12-31,2028-12-31,2026-05-01,36,0.0,0
PAIM-10545,(National Highways Authority of India [NHAI]) (618764) (N24001639) (10545),Infrastructure & Highways,Ministry of Railways,N24001639,Punjab,257.52,257.52,145.68,56.6,2022-03-01,2026-12-31,2029-12-31,2026-05-01,36,0.0,0
PAIM-618776,4L of Greenfield section from  Sirhind to Mohali (National Highways Authority of India [NHAI]) (618776),Infrastructure & Highways,Ministry of Railways,618776,Punjab,2860.38,2860.38,2047.38,71.6,2022-03-01,2027-12-31,2028-12-31,2026-05-01,12,0.0,0
PAIM-10552,(National Highways Authority of India [NHAI]) (618776) (-) (10552),Infrastructure & Highways,Ministry of Railways,10552,Punjab,2068.78,2068.78,1115.34,53.9,2024-03-01,2026-12-31,2029-12-31,2026-05-01,12,0.0,0
PAIM-618785,Pkg-3 (National Highways Authority of India [NHAI]) (618785),Infrastructure & Highways,Ministry of Railways,618785,Punjab,2250.93,2250.93,735.61,32.7,2021-03-01,2027-12-31,2027-12-31,2026-05-01,0,0.0,0
PAIM-10559,(National Highways Authority of India [NHAI]) (618785) (N24001630) (10559),Infrastructure & Highways,Ministry of Railways,N24001630,Punjab,635.35,635.35,375.44,59.1,2024-03-01,2026-12-31,2027-12-31,2026-05-01,6,0.0,0
PAIM-618786,4L of Phagwara - Hoshiarpur (National Highways Authority of India [NHAI]) (618786),Infrastructure & Highways,Ministry of Railways,618786,Punjab,2474.87,2474.87,1487.57,60.1,2021-03-01,2027-12-31,2027-12-31,2026-05-01,12,0.0,0
PAIM-10560,(National Highways Authority of India [NHAI]) (618786) (-) (10560),Infrastructure & Highways,Ministry of Railways,10560,Punjab,1681.41,1681.41,1355.01,80.6,2024-03-01,2027-12-31,2028-12-31,2026-05-01,36,0.0,0
PAIM-618793,& Fazilka Bypasses (National Highways Authority of India [NHAI]) (618793),Infrastructure & Highways,Ministry of Railways,618793,Punjab,4176.67,4176.67,2706.22,64.8,2022-03-01,2026-12-31,2028-12-31,2026-05-01,0,0.0,0
PAIM-10566,(National Highways Authority of India [NHAI]) (618793) (-) (10566),Infrastructure & Highways,Ministry of Railways,10566,Punjab,3171.7,3171.7,1487.76,46.9,2021-03-01,2028-12-31,2029-12-31,2026-05-01,36,0.0,0
PAIM-618794,Amritsarairport Junction - Ramdas from km. 100.835 to km. 139.813 Pkg - IV (National Highways Authority of India [NHAI]),Infrastructure & Highways,Ministry of Railways,618794,Punjab,734.85,734.85,295.67,40.2,2023-03-01,2026-12-31,2029-12-31,2026-05-01,24,0.0,0
PAIM-618795,Amritsar Bypass Pkg III from km. 71.496 to km. 105.158 (National Highways Authority of India [NHAI]) (618795),Infrastructure & Highways,Ministry of Railways,618795,Punjab,3937.79,3937.79,1431.29,36.3,2023-03-01,2026-12-31,2028-12-31,2026-05-01,18,0.0,0
PAIM-10567,(National Highways Authority of India [NHAI]) (618795) (N24001642) (10567),Infrastructure & Highways,Ministry of Railways,N24001642,Punjab,1004.95,1004.95,554.79,55.2,2022-03-01,2028-12-31,2029-12-31,2026-05-01,12,0.0,0
PAIM-618809,0.000 to Km. 31.300 Pkg-1 (National Highways Authority of India [NHAI]) (618809),Infrastructure & Highways,Ministry of Railways,618809,Punjab,4272.7,4272.7,1239.47,29.0,2022-03-01,2026-12-31,2029-12-31,2026-05-01,6,0.0,0
PAIM-10576,(National Highways Authority of India [NHAI]) (618809) (N24002101) (10576),Infrastructure & Highways,Ministry of Railways,N24002101,Punjab,3349.57,3349.57,894.91,26.7,2023-03-01,2028-12-31,2029-12-31,2026-05-01,6,0.0,0
PAIM-618810,Nanak  from Km. 31.300 to Km. 69.100  with Additional batala Bypass Pkg-II (National Highways Authority of India [NHAI]),Infrastructure & Highways,Ministry of Railways,618810,Punjab,4056.13,4056.13,1516.94,37.4,2023-03-01,2027-12-31,2028-12-31,2026-05-01,12,0.0,0
PAIM-10577,(National Highways Authority of India [NHAI]) (618810) (N24002100) (10577),Infrastructure & Highways,Ministry of Railways,N24002100,Punjab,4353.38,4353.38,2902.16,66.7,2021-03-01,2028-12-31,2027-12-31,2026-05-01,24,0.0,0
PAIM-618906,503A Package-I (National Highways Authority of India [NHAI]) (618906),Infrastructure & Highways,Ministry of Railways,618906,Punjab,4176.32,4176.32,706.61,16.9,2024-03-01,2027-12-31,2027-12-31,2026-05-01,6,0.0,0
PAIM-10655,(National Highways Authority of India [NHAI]) (618906) (N24001643) (10655),Infrastructure & Highways,Ministry of Railways,N24001643,Punjab,2023.59,2023.59,1667.62,82.4,2023-03-01,2027-12-31,2029-12-31,2026-05-01,24,0.0,0
PAIM-619099,from km 39.000 to km 93.000 of NH-754A Pkg-2 (National Highways Authority of India [NHAI]) (619099),Infrastructure & Highways,Ministry of Railways,619099,Punjab,1017.2,1017.2,165.11,16.2,2022-03-01,2027-12-31,2029-12-31,2026-05-01,18,0.0,0
PAIM-11777,(National Highways Authority of India [NHAI]) (619099) (-) (11777),Infrastructure & Highways,Ministry of Railways,11777,Punjab,4264.97,4264.97,3493.84,81.9,2022-03-01,2028-12-31,2027-12-31,2026-05-01,36,0.0,0
PAIM-619105,near Ludhiana village Ballowal from Km 30.300 to Km 75.543 of NH-754AD Pkg-2 (National Highways Authority of India [NHAI,Infrastructure & Highways,Ministry of Railways,619105,Punjab,2220.96,2220.96,1834.4,82.6,2021-03-01,2026-12-31,2028-12-31,2026-05-01,24,0.0,0
PAIM-11780,(National Highways Authority of India [NHAI]) (619105) (-) (11780),Infrastructure & Highways,Ministry of Railways,11780,Punjab,3113.3,3113.3,700.91,22.5,2021-03-01,2026-12-31,2028-12-31,2026-05-01,36,0.0,0
PAIM-619200,354 near Amritsar Airport [Km 71000 to Km 99000 of Amritsar connectivity] (National Highways Authority of India [NHAI]) ,Infrastructure & Highways,Ministry of Railways,619200,Punjab,3650.39,3650.39,2365.53,64.8,2024-03-01,2026-12-31,2029-12-31,2026-05-01,12,0.0,0
PAIM-11891,(National Highways Authority of India [NHAI]) (619200) (-) (11891),Infrastructure & Highways,Ministry of Railways,11891,Punjab,559.88,559.88,67.7,12.1,2021-03-01,2027-12-31,2028-12-31,2026-05-01,6,0.0,0
PAIM-619318,Km. 37.7 including spur to Kharar with Ludhiana bypass of NH-205K Pkg-1 (National Highways Authority of India [NHAI]) (6,Infrastructure & Highways,Ministry of Railways,619318,Rajasthan,3684.73,3684.73,2695.9,73.2,2021-03-01,2028-12-31,2027-12-31,2026-05-01,6,0.0,0
PAIM-12155,(National Highways Authority of India [NHAI]) (619318) (-) (12155),Infrastructure & Highways,Ministry of Railways,12155,Rajasthan,643.42,643.42,234.6,36.5,2024-03-01,2027-12-31,2028-12-31,2026-05-01,24,0.0,0
PAIM-617887,Beawer Gomti 4LPS from km 58.245 to km 108.600 Pkg-I (MoRTH) (617887),Infrastructure & Highways,Ministry of Railways,617887,Rajasthan,4053.06,4053.06,2028.09,50.0,2024-03-01,2028-12-31,2027-12-31,2026-05-01,0,0.0,0
PAIM-617891,Design Km 41.625 to Km 54.689 of NH-11 on EPC Mode in the state of Rajasthan . (MoRTH) (617891),Infrastructure & Highways,Ministry of Railways,617891,Rajasthan,2306.31,2306.31,237.1,10.3,2022-03-01,2026-12-31,2028-12-31,2026-05-01,0,0.0,0
PAIM-617900,Length-93.52 Km. (MoRTH) (617900),Infrastructure & Highways,Ministry of Railways,617900,Rajasthan,471.85,471.85,399.42,84.6,2024-03-01,2027-12-31,2028-12-31,2026-05-01,24,0.0,0
PAIM-617901,on EPC mode in the state of Rajasthan. (MoRTH) (617901),Infrastructure & Highways,Ministry of Railways,617901,Rajasthan,2202.88,2202.88,1820.8,82.7,2022-03-01,2027-12-31,2029-12-31,2026-05-01,12,0.0,0
PAIM-618011,the state of Rajasthan on EPC Mode (MoRTH) (618011),Infrastructure & Highways,Ministry of Railways,618011,Rajasthan,3250.96,3250.96,1761.75,54.2,2024-03-01,2027-12-31,2027-12-31,2026-05-01,12,0.0,0
PAIM-618069,74.645 of NH-54 in the State of Rajasthan on EPC mode. (MoRTH) (618069),Infrastructure & Highways,Ministry of Railways,618069,Rajasthan,3095.97,3095.97,2178.58,70.4,2022-03-01,2028-12-31,2028-12-31,2026-05-01,24,0.0,0
PAIM-618092,NH-162E in the State of Rajasthan on EPC mode. (MoRTH) (618092),Infrastructure & Highways,Ministry of Railways,618092,Rajasthan,551.08,551.08,447.77,81.3,2022-03-01,2026-12-31,2028-12-31,2026-05-01,0,0.0,0
PAIM-10178,(MoRTH) (618092) (N24002168) (10178),Infrastructure & Highways,Ministry of Railways,N24002168,Rajasthan,4207.92,4207.92,1196.17,28.4,2023-03-01,2026-12-31,2028-12-31,2026-05-01,24,0.0,0
PAIM-618093,55.950 of NH-162E on EPC mode. (MoRTH) (618093),Infrastructure & Highways,Ministry of Railways,618093,Rajasthan,3071.44,3071.44,1282.73,41.8,2022-03-01,2026-12-31,2028-12-31,2026-05-01,0,0.0,0
PAIM-10179,(MoRTH) (618093) (N24001927) (10179),Infrastructure & Highways,Ministry of Railways,N24001927,Rajasthan,1485.9,1485.9,532.19,35.8,2021-03-01,2027-12-31,2029-12-31,2026-05-01,36,0.0,0
PAIM-618117,Bara in the State of Rajasthan on EPC Mode. (MoRTH) (618117),Infrastructure & Highways,Ministry of Railways,618117,Rajasthan,511.99,511.99,195.13,38.1,2024-03-01,2026-12-31,2028-12-31,2026-05-01,24,0.0,0
PAIM-618118,mode in the State of Rajasthan. (MoRTH) (618118),Infrastructure & Highways,Ministry of Railways,618118,Rajasthan,3487.59,3487.59,2199.62,63.1,2023-03-01,2027-12-31,2027-12-31,2026-05-01,0,0.0,0
PAIM-618200,in the State of Rajasthan. (MoRTH) (618200),Infrastructure & Highways,Ministry of Railways,618200,Rajasthan,847.37,847.37,93.43,11.0,2024-03-01,2026-12-31,2027-12-31,2026-05-01,0,0.0,0
PAIM-618235,Green National Highway Corridor Project GNHCP. (MoRTH) (618235),Infrastructure & Highways,Ministry of Railways,618235,Rajasthan,2128.14,2128.14,1715.57,80.6,2023-03-01,2028-12-31,2029-12-31,2026-05-01,12,0.0,0
PAIM-618456,[Junction with NH- 76 to Junction with NH-12 near village Ummedpura] (National Highways Authority of India [NHAI]) (6184,Infrastructure & Highways,Ministry of Railways,618456,Rajasthan,1581.38,1581.38,554.49,35.1,2022-03-01,2027-12-31,2027-12-31,2026-05-01,0,0.0,0
PAIM-10315,(National Highways Authority of India [NHAI]) (618456) (N24001568) (10315),Infrastructure & Highways,Ministry of Railways,N24001568,Rajasthan,3556.02,3556.02,2892.04,81.3,2021-03-01,2028-12-31,2028-12-31,2026-05-01,18,0.0,0
PAIM-618457,[End of Interchange on NH-166 near village Mui to Hardeoganj village near Indergarh] (National Highways Authority of Ind,Infrastructure & Highways,Ministry of Railways,618457,Rajasthan,4489.66,4489.66,2854.13,63.6,2021-03-01,2028-12-31,2028-12-31,2026-05-01,24,0.0,0
PAIM-10316,(National Highways Authority of India [NHAI]) (618457) (N24001567) (10316),Infrastructure & Highways,Ministry of Railways,N24001567,Rajasthan,3147.78,3147.78,1596.52,50.7,2024-03-01,2027-12-31,2029-12-31,2026-05-01,24,0.0,0
PAIM-618458,Nayagaon Jageer village] (National Highways Authority of India [NHAI]) (618458),Infrastructure & Highways,Ministry of Railways,618458,Rajasthan,2166.86,2166.86,336.02,15.5,2023-03-01,2026-12-31,2027-12-31,2026-05-01,0,0.0,0
PAIM-10317,(National Highways Authority of India [NHAI]) (618458) (N24001612) (10317),Infrastructure & Highways,Ministry of Railways,N24001612,Rajasthan,3775.48,3775.48,1429.21,37.9,2023-03-01,2028-12-31,2028-12-31,2026-05-01,6,0.0,0
PAIM-618611,Package-7 (National Highways Authority of India [NHAI]) (618611),Infrastructure & Highways,Ministry of Railways,618611,Gujarat,3301.93,3301.93,2305.89,69.8,2021-03-01,2028-12-31,2028-12-31,2026-05-01,12,0.0,0
PAIM-10438,(National Highways Authority of India [NHAI]) (618611) (-) (10438),Infrastructure & Highways,Ministry of Railways,10438,Gujarat,3884.56,3884.56,2584.66,66.5,2022-03-01,2027-12-31,2027-12-31,2026-05-01,36,0.0,0
PAIM-618612,Deogarh near Dhandhaniya-Rajasthan/Gujarat Border Phase-I AJ/DRGB-Package-6 (National Highways Authority of India [NHAI],Infrastructure & Highways,Ministry of Railways,618612,Gujarat,1813.6,1813.6,511.98,28.2,2023-03-01,2027-12-31,2029-12-31,2026-05-01,0,0.0,0
PAIM-10439,(National Highways Authority of India [NHAI]) (618612) (N24001563) (10439),Infrastructure & Highways,Ministry of Railways,N24001563,Gujarat,3380.93,3380.93,1607.32,47.5,2024-03-01,2026-12-31,2027-12-31,2026-05-01,18,0.0,0
PAIM-618613,Deogarh near Dhandhaniya-Rajasthan/Gujarat Border Phase-I AJ/DRGB-Package-7 (National Highways Authority of India [NHAI],Infrastructure & Highways,Ministry of Railways,618613,Gujarat,1816.85,1816.85,1394.82,76.8,2024-03-01,2028-12-31,2028-12-31,2026-05-01,12,0.0,0
PAIM-10440,(National Highways Authority of India [NHAI]) (618613) (N24001564) (10440),Infrastructure & Highways,Ministry of Railways,N24001564,Gujarat,4011.03,4011.03,1374.34,34.3,2021-03-01,2026-12-31,2028-12-31,2026-05-01,36,0.0,0
PAIM-618757,Section (National Highways Authority of India [NHAI]) (618757),Infrastructure & Highways,Ministry of Railways,618757,Rajasthan,3266.57,3266.57,2244.15,68.7,2021-03-01,2027-12-31,2029-12-31,2026-05-01,36,0.0,0
PAIM-10539,(National Highways Authority of India [NHAI]) (618757) (-) (10539),Infrastructure & Highways,Ministry of Railways,10539,Rajasthan,2345.53,2345.53,932.47,39.8,2023-03-01,2026-12-31,2028-12-31,2026-05-01,6,0.0,0
PAIM-618758,Paniyala-Barodameo ICR (National Highways Authority of India [NHAI]) (618758),Infrastructure & Highways,Ministry of Railways,618758,Rajasthan,2827.17,2827.17,638.62,22.6,2024-03-01,2028-12-31,2027-12-31,2026-05-01,12,0.0,0
PAIM-10540,(National Highways Authority of India [NHAI]) (618758) (-) (10540),Infrastructure & Highways,Ministry of Railways,10540,Rajasthan,3543.14,3543.14,2261.76,63.8,2021-03-01,2027-12-31,2027-12-31,2026-05-01,0,0.0,0
PAIM-618796,Pakisthan Border NH-968 Pkg-BM/5 (National Highways Authority of India [NHAI]) (618796),Infrastructure & Highways,Ministry of Railways,618796,Rajasthan,2553.32,2553.32,1427.41,55.9,2021-03-01,2028-12-31,2027-12-31,2026-05-01,36,0.0,0
PAIM-10568,(National Highways Authority of India [NHAI]) (618796) (N24000795) (10568),Infrastructure & Highways,Ministry of Railways,N24000795,Rajasthan,1079.22,1079.22,247.61,22.9,2024-03-01,2027-12-31,2028-12-31,2026-05-01,12,0.0,0
PAIM-618797,Sundra  Myajilar  Ambsingh ki Dhani Road part of Munabao  Tanot project NH-70 (National Highways Authority of India [NHA,Infrastructure & Highways,Ministry of Railways,618797,Rajasthan,2698.03,2698.03,405.54,15.0,2024-03-01,2028-12-31,2029-12-31,2026-05-01,0,0.0,0
PAIM-618838,Road Pkg-II (National Highways Authority of India [NHAI]) (618838),Infrastructure & Highways,Ministry of Railways,618838,Rajasthan,4117.03,4117.03,2975.74,72.3,2021-03-01,2026-12-31,2027-12-31,2026-05-01,24,0.0,0
PAIM-10600,(National Highways Authority of India [NHAI]) (618838) (N24001558) (10600),Infrastructure & Highways,Ministry of Railways,N24001558,Rajasthan,2514.88,2514.88,754.39,30.0,2024-03-01,2027-12-31,2027-12-31,2026-05-01,0,0.0,0
PAIM-618853,NH-68 (National Highways Authority of India [NHAI]) (618853),Infrastructure & Highways,Ministry of Railways,618853,Rajasthan,2854.61,2854.61,1151.34,40.3,2022-03-01,2028-12-31,2029-12-31,2026-05-01,12,0.0,0
PAIM-619063,Jaipur (National Highways Authority of India [NHAI]) (619063),Infrastructure & Highways,Ministry of Railways,619063,Rajasthan,3800.67,3800.67,1201.46,31.6,2024-03-01,2027-12-31,2027-12-31,2026-05-01,6,0.0,0
PAIM-11758,(National Highways Authority of India [NHAI]) (619063) (N24001557) (11758),Infrastructure & Highways,Ministry of Railways,N24001557,Rajasthan,1410.2,1410.2,752.49,53.4,2022-03-01,2026-12-31,2028-12-31,2026-05-01,24,0.0,0
PAIM-619251,km 140.950 of NH-56 old NH No. 113 on EPC mode in the State of Rajasthan. (MoRTH) (619251),Infrastructure & Highways,Ministry of Railways,619251,Rajasthan,4295.37,4295.37,1733.61,40.4,2021-03-01,2026-12-31,2027-12-31,2026-05-01,18,0.0,0
PAIM-10311,(NHIDCL) (618448) (N24001338) (10311),Infrastructure & Highways,Ministry of Railways,N24001338,Multi-State,1484.76,1484.76,1210.68,81.5,2023-03-01,2027-12-31,2029-12-31,2026-05-01,6,0.0,0
PAIM-617962,the state of Tamil Nadu job No.NH-49 Extn New NH 85 - TN-2021-22-997 (MoRTH) (617962),Infrastructure & Highways,Ministry of Railways,617962,Tamil Nadu,279.7,279.7,148.2,53.0,2023-03-01,2026-12-31,2029-12-31,2026-05-01,6,0.0,0
PAIM-618478,Km 180.000 to Km 204.500 (National Highways Authority of India [NHAI]) (618478),Infrastructure & Highways,Ministry of Railways,618478,Tamil Nadu,3894.77,3894.77,1361.58,35.0,2021-03-01,2027-12-31,2027-12-31,2026-05-01,36,0.0,0
PAIM-10337,(National Highways Authority of India [NHAI]) (618478) (N24001718) (10337),Infrastructure & Highways,Ministry of Railways,N24001718,Tamil Nadu,4400.93,4400.93,2346.61,53.3,2024-03-01,2028-12-31,2029-12-31,2026-05-01,6,0.0,0
PAIM-618479,from Km 204.500 to Km 230.000 (National Highways Authority of India [NHAI]) (618479),Infrastructure & Highways,Ministry of Railways,618479,Tamil Nadu,1605.55,1605.55,622.66,38.8,2023-03-01,2027-12-31,2027-12-31,2026-05-01,6,0.0,0
PAIM-10338,(National Highways Authority of India [NHAI]) (618479) (N24001717) (10338),Infrastructure & Highways,Ministry of Railways,N24001717,Tamil Nadu,547.31,547.31,344.47,62.9,2024-03-01,2026-12-31,2028-12-31,2026-05-01,18,0.0,0
PAIM-618480,Sriperumbudur Toll Plaza at km. 35700 (National Highways Authority of India [NHAI]) (618480),Infrastructure & Highways,Ministry of Railways,618480,Tamil Nadu,4326.42,4326.42,1488.58,34.4,2022-03-01,2027-12-31,2027-12-31,2026-05-01,36,0.0,0
PAIM-618481,Kanchepuram to Sriperumbudur Section Phase-III/Package-IV (National Highways Authority of India [NHAI]) (618481),Infrastructure & Highways,Ministry of Railways,618481,Tamil Nadu,494.77,494.77,368.86,74.6,2024-03-01,2026-12-31,2027-12-31,2026-05-01,36,0.0,0
PAIM-10339,(National Highways Authority of India [NHAI]) (618481) (N24001719) (10339),Infrastructure & Highways,Ministry of Railways,N24001719,Tamil Nadu,4163.04,4163.04,2557.09,61.4,2022-03-01,2026-12-31,2029-12-31,2026-05-01,24,0.0,0
PAIM-618521,Karaipettai to Walajapet from Km 71.015 to 107.091 (National Highways Authority of India [NHAI]) (618521),Infrastructure & Highways,Ministry of Railways,618521,Tamil Nadu,297.94,297.94,227.34,76.3,2022-03-01,2027-12-31,2027-12-31,2026-05-01,6,0.0,0
PAIM-10375,(National Highways Authority of India [NHAI]) (618521) (N24001723) (10375),Infrastructure & Highways,Ministry of Railways,N24001723,Tamil Nadu,1385.38,1385.38,592.32,42.8,2021-03-01,2028-12-31,2029-12-31,2026-05-01,18,0.0,0
PAIM-618522,EPC mode underNHDP Phase-V (National Highways Authority of India [NHAI]) (618522),Infrastructure & Highways,Ministry of Railways,618522,Tamil Nadu,1766.61,1766.61,659.88,37.4,2022-03-01,2028-12-31,2028-12-31,2026-05-01,12,0.0,0
PAIM-618561,Dharmapuri - Salem Section of NH-44 (National Highways Authority of India [NHAI]) (618561),Infrastructure & Highways,Ministry of Railways,618561,Tamil Nadu,3892.08,3892.08,443.15,11.4,2023-03-01,2028-12-31,2028-12-31,2026-05-01,6,0.0,0
PAIM-10407,(National Highways Authority of India [NHAI]) (618561) (-) (10407),Infrastructure & Highways,Ministry of Railways,10407,Tamil Nadu,4344.78,4344.78,609.92,14.0,2022-03-01,2027-12-31,2029-12-31,2026-05-01,18,0.0,0
PAIM-618562,Dindigul Bypass - Samyanallore from km. 373.275 to km. 426.00 (National Highways Authority of India [NHAI]) (618562),Infrastructure & Highways,Ministry of Railways,618562,Tamil Nadu,3503.9,3503.9,1680.22,48.0,2022-03-01,2028-12-31,2028-12-31,2026-05-01,6,0.0,0
PAIM-618563,4L of Madurai Ring Road Phase 1 [Vadipatti-Thamrapatti] from km 0.00 - km 29.960 (National Highways Authority of India [,Infrastructure & Highways,Ministry of Railways,618563,Tamil Nadu,693.24,693.24,456.33,65.8,2024-03-01,2026-12-31,2029-12-31,2026-05-01,24,0.0,0
PAIM-10408,(National Highways Authority of India [NHAI]) (618563) (N24001606) (10408),Infrastructure & Highways,Ministry of Railways,N24001606,Tamil Nadu,3941.96,3941.96,3079.5,78.1,2022-03-01,2028-12-31,2027-12-31,2026-05-01,12,0.0,0
PAIM-618608,Kanyakumari Section from Km 43.0 to Km 96.174 of NH66 (National Highways Authority of India [NHAI]) (618608),Infrastructure & Highways,Ministry of Railways,618608,Tamil Nadu,656.47,656.47,66.0,10.1,2023-03-01,2028-12-31,2027-12-31,2026-05-01,18,0.0,0
PAIM-10436,(National Highways Authority of India [NHAI]) (618608) (N24002113) (10436),Infrastructure & Highways,Ministry of Railways,N24002113,Tamil Nadu,1723.35,1723.35,329.16,19.1,2023-03-01,2026-12-31,2029-12-31,2026-05-01,36,0.0,0
PAIM-618635,IV (National Highways Authority of India [NHAI]) (618635),Infrastructure & Highways,Ministry of Railways,618635,Tamil Nadu,1400.35,1400.35,291.81,20.8,2023-03-01,2026-12-31,2029-12-31,2026-05-01,36,0.0,0
PAIM-10453,(National Highways Authority of India [NHAI]) (618635) (N24001818) (10453),Infrastructure & Highways,Ministry of Railways,N24001818,Tamil Nadu,1590.37,1590.37,1336.67,84.0,2024-03-01,2028-12-31,2029-12-31,2026-05-01,18,0.0,0
PAIM-618743,Trichy 135.800 to Karur 218.000 section of NH-67 - Trichy Bypass (National Highways Authority of India [NHAI]) (618743),Infrastructure & Highways,Ministry of Railways,618743,Tamil Nadu,427.17,427.17,233.95,54.8,2022-03-01,2028-12-31,2028-12-31,2026-05-01,24,0.0,0
PAIM-618744,4L of Thirumangalam to Vadugapatti section from km 0.000 to km 36.000 of NH-744 (National Highways Authority of India [N,Infrastructure & Highways,Ministry of Railways,618744,Tamil Nadu,2056.03,2056.03,1270.76,61.8,2024-03-01,2027-12-31,2028-12-31,2026-05-01,36,0.0,0
PAIM-10531,(National Highways Authority of India [NHAI]) (618744) (N24002084) (10531),Infrastructure & Highways,Ministry of Railways,N24002084,Tamil Nadu,3039.18,3039.18,2142.78,70.5,2022-03-01,2026-12-31,2028-12-31,2026-05-01,24,0.0,0
PAIM-618745,71.600 of NH-744 (National Highways Authority of India [NHAI]) (618745),Infrastructure & Highways,Ministry of Railways,618745,Tamil Nadu,2562.47,2562.47,1176.41,45.9,2022-03-01,2028-12-31,2027-12-31,2026-05-01,18,0.0,0
PAIM-10532,(National Highways Authority of India [NHAI]) (618745) (N24002114) (10532),Infrastructure & Highways,Ministry of Railways,N24002114,Tamil Nadu,3664.18,3664.18,2135.28,58.3,2021-03-01,2028-12-31,2028-12-31,2026-05-01,0,0.0,0
PAIM-618756,Melur - Pilayarpatti - Karaikudi from km 99.920 of NH 38 to km 12.9 of NH 383 Ext. (National Highways Authority of India,Infrastructure & Highways,Ministry of Railways,618756,Tamil Nadu,3457.63,3457.63,1784.63,51.6,2024-03-01,2026-12-31,2029-12-31,2026-05-01,6,0.0,0
PAIM-10538,(National Highways Authority of India [NHAI]) (618756) (N24001605) (10538),Infrastructure & Highways,Ministry of Railways,N24001605,Tamil Nadu,3065.2,3065.2,1378.09,45.0,2023-03-01,2027-12-31,2029-12-31,2026-05-01,6,0.0,0
PAIM-618773,Tuticorin - Tirunelveli from km. 0.00 to km. 47.250 (National Highways Authority of India [NHAI]) (618773),Infrastructure & Highways,Ministry of Railways,618773,Tamil Nadu,1091.23,1091.23,174.65,16.0,2021-03-01,2026-12-31,2029-12-31,2026-05-01,0,0.0,0
PAIM-618800,Km 4.604 to Km 9.700 (National Highways Authority of India [NHAI]) (618800),Infrastructure & Highways,Ministry of Railways,618800,Tamil Nadu,3209.01,3209.01,1650.61,51.4,2021-03-01,2027-12-31,2029-12-31,2026-05-01,18,0.0,0
PAIM-10570,(National Highways Authority of India [NHAI]) (618800) (N24002109) (10570),Infrastructure & Highways,Ministry of Railways,N24002109,Tamil Nadu,1776.78,1776.78,550.2,31.0,2021-03-01,2027-12-31,2029-12-31,2026-05-01,36,0.0,0
PAIM-618801,0342 to Km 4604 (National Highways Authority of India [NHAI]) (618801),Infrastructure & Highways,Ministry of Railways,618801,Tamil Nadu,747.97,747.97,150.59,20.1,2021-03-01,2028-12-31,2029-12-31,2026-05-01,0,0.0,0
PAIM-10571,(National Highways Authority of India [NHAI]) (618801) (N24002110) (10571),Infrastructure & Highways,Ministry of Railways,N24002110,Tamil Nadu,2866.29,2866.29,1742.09,60.8,2024-03-01,2027-12-31,2028-12-31,2026-05-01,18,0.0,0
PAIM-618846,Poondiyankuppam Km.67.000 to Sattanathapuram Km.123.800 (National Highways Authority of India [NHAI]) (618846),Infrastructure & Highways,Ministry of Railways,618846,Tamil Nadu,1309.74,1309.74,826.52,63.1,2024-03-01,2027-12-31,2028-12-31,2026-05-01,6,0.0,0
PAIM-10605,(National Highways Authority of India [NHAI]) (618846) (-) (10605),Infrastructure & Highways,Ministry of Railways,10605,Tamil Nadu,593.45,593.45,453.88,76.5,2023-03-01,2026-12-31,2027-12-31,2026-05-01,0,0.0,0
PAIM-618874,Four Laning of Trichy - Dindigul from km. 333.00 to km. 421.273 of NH-45 (National Highways Authority of India [NHAI]) (,Infrastructure & Highways,Ministry of Railways,618874,Tamil Nadu,3589.63,3589.63,1030.59,28.7,2024-03-01,2028-12-31,2028-12-31,2026-05-01,6,0.0,0
PAIM-618894,83 (National Highways Authority of India [NHAI]) (618894),Infrastructure & Highways,Ministry of Railways,618894,Tamil Nadu,2578.66,2578.66,657.33,25.5,2022-03-01,2028-12-31,2027-12-31,2026-05-01,12,0.0,0
PAIM-10643,(National Highways Authority of India [NHAI]) (618894) (N24001602) (10643),Infrastructure & Highways,Ministry of Railways,N24001602,Tamil Nadu,3655.13,3655.13,1804.79,49.4,2021-03-01,2028-12-31,2029-12-31,2026-05-01,12,0.0,0
PAIM-618895,Kamalapuram to Oddanchatram from km. 0.00 to km. 35.822 (National Highways Authority of India [NHAI]) (618895),Infrastructure & Highways,Ministry of Railways,618895,Tamil Nadu,3600.66,3600.66,1785.75,49.6,2023-03-01,2027-12-31,2029-12-31,2026-05-01,36,0.0,0
PAIM-10644,(National Highways Authority of India [NHAI]) (618895) (N24001601) (10644),Infrastructure & Highways,Ministry of Railways,N24001601,Tamil Nadu,1989.21,1989.21,675.88,34.0,2023-03-01,2028-12-31,2027-12-31,2026-05-01,36,0.0,0
PAIM-618897,NH45 C Pkg-II (National Highways Authority of India [NHAI]) (618897),Infrastructure & Highways,Ministry of Railways,618897,Tamil Nadu,2419.49,2419.49,1112.96,46.0,2023-03-01,2028-12-31,2029-12-31,2026-05-01,24,0.0,0
PAIM-10646,(National Highways Authority of India [NHAI]) (618897) (N24000708) (10646),Infrastructure & Highways,Ministry of Railways,N24000708,Tamil Nadu,1833.12,1833.12,1193.97,65.1,2022-03-01,2028-12-31,2029-12-31,2026-05-01,0,0.0,0
PAIM-618898,Km 65.96 of NH-45C in Tamil Nadu under NHDP Phase-IV on EPC mode (National Highways Authority of India [NHAI]) (618898),Infrastructure & Highways,Ministry of Railways,618898,Tamil Nadu,3486.88,3486.88,2525.92,72.4,2022-03-01,2028-12-31,2028-12-31,2026-05-01,36,0.0,0
PAIM-10647,(National Highways Authority of India [NHAI]) (618898) (-) (10647),Infrastructure & Highways,Ministry of Railways,10647,Tamil Nadu,2919.29,2919.29,1963.35,67.3,2024-03-01,2027-12-31,2028-12-31,2026-05-01,0,0.0,0
PAIM-618899,Kallagam km.38.700 to Meensurutti Km.98.433 of NH-227 in Tamil Nadu (National Highways Authority of India [NHAI]) (61889,Infrastructure & Highways,Ministry of Railways,618899,Tamil Nadu,3926.56,3926.56,2565.15,65.3,2021-03-01,2028-12-31,2028-12-31,2026-05-01,6,0.0,0
PAIM-10648,(National Highways Authority of India [NHAI]) (618899) (-) (10648),Infrastructure & Highways,Ministry of Railways,10648,Tamil Nadu,1425.93,1425.93,583.18,40.9,2022-03-01,2027-12-31,2028-12-31,2026-05-01,0,0.0,0
PAIM-618943,Salem - Ulundurpet section from km 0.313 to km 136.670 of NH-68 (National Highways Authority of India [NHAI]) (618943),Infrastructure & Highways,Ministry of Railways,618943,Tamil Nadu,3815.89,3815.89,2908.27,76.2,2024-03-01,2027-12-31,2029-12-31,2026-05-01,6,0.0,0
PAIM-10681,(National Highways Authority of India [NHAI]) (618943) (-) (10681),Infrastructure & Highways,Ministry of Railways,10681,Tamil Nadu,2631.59,2631.59,322.19,12.2,2021-03-01,2028-12-31,2029-12-31,2026-05-01,36,0.0,0
PAIM-619045,Km 14.185 to Km 20.593 (National Highways Authority of India [NHAI]) (619045),Infrastructure & Highways,Ministry of Railways,619045,Tamil Nadu,2639.39,2639.39,872.55,33.1,2022-03-01,2028-12-31,2027-12-31,2026-05-01,24,0.0,0
PAIM-11596,(National Highways Authority of India [NHAI]) (619045) (-) (11596),Infrastructure & Highways,Ministry of Railways,11596,Tamil Nadu,980.75,980.75,242.85,24.8,2024-03-01,2028-12-31,2028-12-31,2026-05-01,18,0.0,0
PAIM-619074,NHDP-V (National Highways Authority of India [NHAI]) (619074),Infrastructure & Highways,Ministry of Railways,619074,Tamil Nadu,1603.65,1603.65,988.23,61.6,2021-03-01,2027-12-31,2027-12-31,2026-05-01,36,0.0,0
PAIM-619083,02 (National Highways Authority of India [NHAI]) (619083),Infrastructure & Highways,Ministry of Railways,619083,Tamil Nadu,3810.58,3810.58,496.62,13.0,2024-03-01,2028-12-31,2028-12-31,2026-05-01,18,0.0,0
PAIM-619084,No. NS2/BOT/TN-4 (National Highways Authority of India [NHAI]) (619084),Infrastructure & Highways,Ministry of Railways,619084,Tamil Nadu,458.85,458.85,47.36,10.3,2024-03-01,2028-12-31,2027-12-31,2026-05-01,6,0.0,0
PAIM-619086,Walayar K183.010 Package No. NS-2/BOT/TN-08 (National Highways Authority of India [NHAI]) (619086),Infrastructure & Highways,Ministry of Railways,619086,Tamil Nadu,3214.05,3214.05,2106.55,65.5,2022-03-01,2027-12-31,2029-12-31,2026-05-01,0,0.0,0
PAIM-619094,Dhamrapuri Pkg-2] (National Highways Authority of India [NHAI]) (619094),Infrastructure & Highways,Ministry of Railways,619094,Tamil Nadu,852.4,852.4,236.03,27.7,2022-03-01,2027-12-31,2028-12-31,2026-05-01,12,0.0,0
PAIM-11773,(National Highways Authority of India [NHAI]) (619094) (N24001694) (11773),Infrastructure & Highways,Ministry of Railways,N24001694,Tamil Nadu,1171.15,1171.15,918.41,78.4,2024-03-01,2028-12-31,2029-12-31,2026-05-01,0,0.0,0
PAIM-619129,Mahabalipuram - Pondicherry Pkg-I [Mamallapuram to Mugaiyur] (National Highways Authority of India [NHAI]) (619129),Infrastructure & Highways,Ministry of Railways,619129,Tamil Nadu,1792.39,1792.39,1192.9,66.6,2022-03-01,2026-12-31,2028-12-31,2026-05-01,36,0.0,0
PAIM-11798,(National Highways Authority of India [NHAI]) (619129) (N24001721) (11798),Infrastructure & Highways,Ministry of Railways,N24001721,Tamil Nadu,2172.37,2172.37,739.26,34.0,2024-03-01,2026-12-31,2027-12-31,2026-05-01,12,0.0,0
PAIM-619130,Mahabalipuram - Pondicherry Pkg-II [Mugaiyur to Marakkanam] (National Highways Authority of India [NHAI]) (619130),Infrastructure & Highways,Ministry of Railways,619130,Tamil Nadu,2613.92,2613.92,1562.65,59.8,2022-03-01,2026-12-31,2027-12-31,2026-05-01,36,0.0,0
PAIM-11799,(National Highways Authority of India [NHAI]) (619130) (N24002111) (11799),Infrastructure & Highways,Ministry of Railways,N24002111,Tamil Nadu,3450.01,3450.01,1843.61,53.4,2021-03-01,2026-12-31,2029-12-31,2026-05-01,0,0.0,0
PAIM-619131,Four Laning of Chettikulam to Natham section of NH-785 (National Highways Authority of India [NHAI]) (619131),Infrastructure & Highways,Ministry of Railways,619131,Tamil Nadu,2502.25,2502.25,382.45,15.3,2022-03-01,2028-12-31,2028-12-31,2026-05-01,12,0.0,0
PAIM-11800,(National Highways Authority of India [NHAI]) (619131) (N24000826) (11800),Infrastructure & Highways,Ministry of Railways,N24000826,Tamil Nadu,237.49,237.49,184.31,77.6,2024-03-01,2027-12-31,2027-12-31,2026-05-01,24,0.0,0
PAIM-619139,Km 9.700 to Km 14.185 (National Highways Authority of India [NHAI]) (619139),Infrastructure & Highways,Ministry of Railways,619139,Tamil Nadu,1462.88,1462.88,270.32,18.5,2021-03-01,2027-12-31,2028-12-31,2026-05-01,12,0.0,0
PAIM-11805,(National Highways Authority of India [NHAI]) (619139) (-) (11805),Infrastructure & Highways,Ministry of Railways,11805,Tamil Nadu,797.21,797.21,613.73,77.0,2024-03-01,2027-12-31,2027-12-31,2026-05-01,24,0.0,0
PAIM-619161,Tirupati Package-1 (National Highways Authority of India [NHAI]) (619161),Infrastructure & Highways,Ministry of Railways,619161,Tamil Nadu,977.96,977.96,509.7,52.1,2022-03-01,2027-12-31,2028-12-31,2026-05-01,18,0.0,0
PAIM-11816,(National Highways Authority of India [NHAI]) (619161) (-) (11816),Infrastructure & Highways,Ministry of Railways,11816,Tamil Nadu,1455.46,1455.46,859.36,59.0,2024-03-01,2028-12-31,2029-12-31,2026-05-01,0,0.0,0
PAIM-619222,17.520 kms of Tirupathi- Tiruttani- Chennai section of NH 205 (National Highways Authority of India [NHAI]) (619222),Infrastructure & Highways,Ministry of Railways,619222,Tamil Nadu,3203.42,3203.42,1692.47,52.8,2021-03-01,2026-12-31,2029-12-31,2026-05-01,18,0.0,0
PAIM-11910,(National Highways Authority of India [NHAI]) (619222) (-) (11910),Infrastructure & Highways,Ministry of Railways,11910,Tamil Nadu,1588.38,1588.38,750.31,47.2,2022-03-01,2027-12-31,2028-12-31,2026-05-01,24,0.0,0
PAIM-617913,Bangalore section of NH-44 Under NHO EPC basis in the state of Telangana (MoRTH) (617913),Infrastructure & Highways,Ministry of Railways,617913,Telangana,929.05,929.05,168.03,18.1,2023-03-01,2026-12-31,2028-12-31,2026-05-01,24,0.0,0
PAIM-617936,Telangana. (MoRTH) (617936),Infrastructure & Highways,Ministry of Railways,617936,Telangana,2915.82,2915.82,2141.11,73.4,2024-03-01,2027-12-31,2027-12-31,2026-05-01,36,0.0,0
PAIM-617939,Sangareddy X Roads to Madinaguda in the State of Telangana (MoRTH) (617939),Infrastructure & Highways,Ministry of Railways,617939,Telangana,1743.38,1743.38,484.36,27.8,2022-03-01,2026-12-31,2027-12-31,2026-05-01,0,0.0,0
PAIM-10143,(MoRTH) (617939) (-) (10143),Infrastructure & Highways,Ministry of Railways,10143,Telangana,3499.52,3499.52,2469.76,70.6,2023-03-01,2026-12-31,2027-12-31,2026-05-01,6,0.0,0
PAIM-617940,under NH O for the year 2020-21 in the state of Telangana on EPC Mode. (MoRTH) (617940),Infrastructure & Highways,Ministry of Railways,617940,Telangana,663.35,663.35,552.65,83.3,2024-03-01,2026-12-31,2027-12-31,2026-05-01,0,0.0,0
PAIM-10144,(MoRTH) (617940) (N24002004) (10144),Infrastructure & Highways,Ministry of Railways,N24002004,Telangana,2612.68,2612.68,1826.68,69.9,2022-03-01,2026-12-31,2028-12-31,2026-05-01,36,0.0,0
PAIM-617980,mode in the state of Telangana (MoRTH) (617980),Infrastructure & Highways,Ministry of Railways,617980,Telangana,963.7,963.7,633.67,65.8,2023-03-01,2028-12-31,2029-12-31,2026-05-01,12,0.0,0
PAIM-10157,(MoRTH) (617980) (N24000994) (10157),Infrastructure & Highways,Ministry of Railways,N24000994,Telangana,349.54,349.54,231.92,66.4,2021-03-01,2026-12-31,2028-12-31,2026-05-01,18,0.0,0
PAIM-617981,on EPC mode under NH O Annual Plan 2016-17 (MoRTH) (617981),Infrastructure & Highways,Ministry of Railways,617981,Telangana,939.58,939.58,362.32,38.6,2022-03-01,2026-12-31,2027-12-31,2026-05-01,6,0.0,0
PAIM-617982,159/0 to 165/4 and 186/0 to 215/0 of NH-163 on EPC mode int the state of Telangana (MoRTH) (617982),Infrastructure & Highways,Ministry of Railways,617982,Telangana,2427.55,2427.55,491.06,20.2,2022-03-01,2026-12-31,2027-12-31,2026-05-01,36,0.0,0
PAIM-617983,2020-21 on EPC Mode in the state of Telangana. (MoRTH) (617983),Infrastructure & Highways,Ministry of Railways,617983,Telangana,3726.73,3726.73,634.3,17.0,2022-03-01,2028-12-31,2028-12-31,2026-05-01,12,0.0,0
PAIM-617992,state of Telangana (MoRTH) (617992),Infrastructure & Highways,Ministry of Railways,617992,Telangana,3528.32,3528.32,2094.0,59.3,2024-03-01,2028-12-31,2029-12-31,2026-05-01,18,0.0,0
PAIM-617993,EPC mode in the state of Telangana (MoRTH) (617993),Infrastructure & Highways,Ministry of Railways,617993,Telangana,2204.41,2204.41,373.88,17.0,2024-03-01,2027-12-31,2028-12-31,2026-05-01,24,0.0,0
PAIM-617994,Telangana (MoRTH) (617994),Infrastructure & Highways,Ministry of Railways,617994,Telangana,884.12,884.12,307.1,34.7,2024-03-01,2027-12-31,2027-12-31,2026-05-01,0,0.0,0
PAIM-617995,Telangana on EPC mode under NH O Annual Plan 2016-17 (MoRTH) (617995),Infrastructure & Highways,Ministry of Railways,617995,Telangana,3494.46,3494.46,2013.99,57.6,2024-03-01,2027-12-31,2029-12-31,2026-05-01,0,0.0,0
PAIM-617996,167 on Haggari-Jadcherla Road on EPC mode under NHO in the state of Telangana (MoRTH) (617996),Infrastructure & Highways,Ministry of Railways,617996,Telangana,2399.0,2399.0,1674.58,69.8,2022-03-01,2027-12-31,2027-12-31,2026-05-01,36,0.0,0
PAIM-618001,of Telangana (MoRTH) (618001),Infrastructure & Highways,Ministry of Railways,618001,Telangana,2987.8,2987.8,1786.27,59.8,2021-03-01,2027-12-31,2029-12-31,2026-05-01,18,0.0,0
PAIM-618025,mode (MoRTH) (618025),Infrastructure & Highways,Ministry of Railways,618025,Telangana,3603.42,3603.42,851.89,23.6,2023-03-01,2028-12-31,2028-12-31,2026-05-01,36,0.0,0
PAIM-618026,Telangana under EPC mode (MoRTH) (618026),Infrastructure & Highways,Ministry of Railways,618026,Telangana,1045.75,1045.75,448.2,42.9,2023-03-01,2026-12-31,2028-12-31,2026-05-01,24,0.0,0
PAIM-10165,(MoRTH) (618026) (N24000996) (10165),Infrastructure & Highways,Ministry of Railways,N24000996,Telangana,4300.41,4300.41,3015.1,70.1,2023-03-01,2026-12-31,2029-12-31,2026-05-01,18,0.0,0
PAIM-618091,2021-22 on EPC mode under NHO (MoRTH) (618091),Infrastructure & Highways,Ministry of Railways,618091,Telangana,3914.05,3914.05,3026.85,77.3,2021-03-01,2027-12-31,2029-12-31,2026-05-01,36,0.0,0
PAIM-10177,(MoRTH) (618091) (-) (10177),Infrastructure & Highways,Ministry of Railways,10177,Telangana,1749.4,1749.4,1300.05,74.3,2024-03-01,2028-12-31,2029-12-31,2026-05-01,18,0.0,0
PAIM-618104,plan 2021-22 on EPC mode under NHO. (MoRTH) (618104),Infrastructure & Highways,Ministry of Railways,618104,Telangana,933.99,933.99,258.9,27.7,2021-03-01,2028-12-31,2028-12-31,2026-05-01,12,0.0,0
PAIM-10183,(MoRTH) (618104) (N24002007) (10183),Infrastructure & Highways,Ministry of Railways,N24002007,Telangana,469.79,469.79,376.69,80.2,2024-03-01,2026-12-31,2028-12-31,2026-05-01,24,0.0,0
PAIM-618105,Telangana on EPC mode. (MoRTH) (618105),Infrastructure & Highways,Ministry of Railways,618105,Telangana,3625.1,3625.1,699.84,19.3,2024-03-01,2028-12-31,2027-12-31,2026-05-01,24,0.0,0
PAIM-10184,(MoRTH) (618105) (N24002010) (10184),Infrastructure & Highways,Ministry of Railways,N24002010,Telangana,879.06,879.06,115.81,13.2,2023-03-01,2028-12-31,2028-12-31,2026-05-01,6,0.0,0
PAIM-618106,2021-22-75 (MoRTH) (618106),Infrastructure & Highways,Ministry of Railways,618106,Telangana,1478.84,1478.84,314.7,21.3,2022-03-01,2028-12-31,2028-12-31,2026-05-01,6,0.0,0
PAIM-10185,(MoRTH) (618106) (N24002009) (10185),Infrastructure & Highways,Ministry of Railways,N24002009,Telangana,2970.01,2970.01,476.4,16.0,2022-03-01,2028-12-31,2028-12-31,2026-05-01,18,0.0,0
PAIM-618130,section of NH 353B in the State of Telangana (MoRTH) (618130),Infrastructure & Highways,Ministry of Railways,618130,Telangana,3151.0,3151.0,829.32,26.3,2024-03-01,2026-12-31,2028-12-31,2026-05-01,18,0.0,0
PAIM-618132,state of Telangana (MoRTH) (618132),Infrastructure & Highways,Ministry of Railways,618132,Telangana,1803.28,1803.28,361.9,20.1,2022-03-01,2028-12-31,2028-12-31,2026-05-01,36,0.0,0
PAIM-618140,365A on Kodad-Khammam-Kurvi road. (MoRTH) (618140),Infrastructure & Highways,Ministry of Railways,618140,Telangana,2259.17,2259.17,660.63,29.2,2023-03-01,2028-12-31,2028-12-31,2026-05-01,6,0.0,0
PAIM-618141,Telangana on EPC Mode (MoRTH) (618141),Infrastructure & Highways,Ministry of Railways,618141,Telangana,2544.03,2544.03,1259.79,49.5,2023-03-01,2027-12-31,2028-12-31,2026-05-01,18,0.0,0
PAIM-618142,Thirumanlagiri-- Suryapet Section of NH-365B earstwhile section of SH-16 (MoRTH) (618142),Infrastructure & Highways,Ministry of Railways,618142,Telangana,799.14,799.14,353.09,44.2,2024-03-01,2027-12-31,2028-12-31,2026-05-01,6,0.0,0
PAIM-618143,Plan 2016-17 (MoRTH) (618143),Infrastructure & Highways,Ministry of Railways,618143,Telangana,2328.26,2328.26,993.63,42.7,2021-03-01,2027-12-31,2029-12-31,2026-05-01,36,0.0,0
PAIM-618182,Annual plan 2022-23 (MoRTH) (618182),Infrastructure & Highways,Ministry of Railways,618182,Telangana,3240.79,3240.79,599.2,18.5,2021-03-01,2027-12-31,2028-12-31,2026-05-01,36,0.0,0
PAIM-618183,mode under NHO (MoRTH) (618183),Infrastructure & Highways,Ministry of Railways,618183,Telangana,917.18,917.18,589.76,64.3,2021-03-01,2026-12-31,2029-12-31,2026-05-01,12,0.0,0
PAIM-618186,"Telangana on Engineering, Procurement and Construction EPC Basis (MoRTH) (618186)",Infrastructure & Highways,Ministry of Railways,618186,Telangana,4332.66,4332.66,3638.39,84.0,2021-03-01,2026-12-31,2028-12-31,2026-05-01,36,0.0,0
PAIM-10201,(MoRTH) (618186) (N24002003) (10201),Infrastructure & Highways,Ministry of Railways,N24002003,Telangana,3737.08,3737.08,2181.52,58.4,2024-03-01,2026-12-31,2028-12-31,2026-05-01,36,0.0,0
PAIM-618190,22 on EPC Mode under NH  O. (MoRTH) (618190),Infrastructure & Highways,Ministry of Railways,618190,Telangana,1055.12,1055.12,796.14,75.5,2021-03-01,2028-12-31,2027-12-31,2026-05-01,24,0.0,0
PAIM-10204,(MoRTH) (618190) (N24002005) (10204),Infrastructure & Highways,Ministry of Railways,N24002005,Telangana,2546.89,2546.89,436.9,17.2,2023-03-01,2028-12-31,2027-12-31,2026-05-01,12,0.0,0
PAIM-618196,2021-22 on EPC mode (MoRTH) (618196),Infrastructure & Highways,Ministry of Railways,618196,Telangana,2519.61,2519.61,1196.4,47.5,2022-03-01,2026-12-31,2027-12-31,2026-05-01,36,0.0,0
PAIM-10205,(MoRTH) (618196) (N24002008) (10205),Infrastructure & Highways,Ministry of Railways,N24002008,Telangana,2501.67,2501.67,1533.61,61.3,2021-03-01,2027-12-31,2029-12-31,2026-05-01,6,0.0,0
PAIM-618197,EPC mode (MoRTH) (618197),Infrastructure & Highways,Ministry of Railways,618197,Telangana,3280.21,3280.21,2363.09,72.0,2024-03-01,2027-12-31,2029-12-31,2026-05-01,24,0.0,0
PAIM-10206,(MoRTH) (618197) (N24002001) (10206),Infrastructure & Highways,Ministry of Railways,N24002001,Telangana,3853.76,3853.76,1121.99,29.1,2021-03-01,2027-12-31,2028-12-31,2026-05-01,0,0.0,0
PAIM-618558,471.00 of NH-44 (National Highways Authority of India [NHAI]) (618558),Infrastructure & Highways,Ministry of Railways,618558,Telangana,1403.07,1403.07,890.26,63.5,2022-03-01,2027-12-31,2029-12-31,2026-05-01,6,0.0,0
PAIM-10404,(National Highways Authority of India [NHAI]) (618558) (N24001555) (10404),Infrastructure & Highways,Ministry of Railways,N24001555,Telangana,4274.19,4274.19,3581.95,83.8,2022-03-01,2028-12-31,2027-12-31,2026-05-01,24,0.0,0
PAIM-618559,481.331 of NH-44 (National Highways Authority of India [NHAI]) (618559),Infrastructure & Highways,Ministry of Railways,618559,Telangana,998.67,998.67,618.84,62.0,2021-03-01,2026-12-31,2029-12-31,2026-05-01,0,0.0,0
PAIM-10405,(National Highways Authority of India [NHAI]) (618559) (N24001556) (10405),Infrastructure & Highways,Ministry of Railways,N24001556,Telangana,4280.38,4280.38,766.61,17.9,2023-03-01,2028-12-31,2027-12-31,2026-05-01,0,0.0,0
PAIM-618560,NH-44 (National Highways Authority of India [NHAI]) (618560),Infrastructure & Highways,Ministry of Railways,618560,Telangana,3871.62,3871.62,1177.35,30.4,2022-03-01,2026-12-31,2028-12-31,2026-05-01,18,0.0,0
PAIM-10406,(National Highways Authority of India [NHAI]) (618560) (N24002082) (10406),Infrastructure & Highways,Ministry of Railways,N24002082,Telangana,2547.57,2547.57,1472.47,57.8,2021-03-01,2027-12-31,2028-12-31,2026-05-01,36,0.0,0
PAIM-618746,village to Somavaram village Design Chainage 0000 to 33604] (National Highways Authority of India [NHAI]) (618746),Infrastructure & Highways,Ministry of Railways,618746,Telangana,519.79,519.79,402.53,77.4,2023-03-01,2028-12-31,2027-12-31,2026-05-01,12,0.0,0
PAIM-10533,(National Highways Authority of India [NHAI]) (618746) (N24001482) (10533),Infrastructure & Highways,Ministry of Railways,N24001482,Telangana,1403.63,1403.63,282.7,20.1,2023-03-01,2028-12-31,2027-12-31,2026-05-01,0,0.0,0
PAIM-618765,4L of Karimnagar-Warangal section from km 49.500 to km 117.820 of NH-563 (National Highways Authority of India [NHAI]) (,Infrastructure & Highways,Ministry of Railways,618765,Telangana,1596.53,1596.53,1313.04,82.2,2023-03-01,2028-12-31,2027-12-31,2026-05-01,6,0.0,0
PAIM-10546,(National Highways Authority of India [NHAI]) (618765) (N24002083) (10546),Infrastructure & Highways,Ministry of Railways,N24002083,Telangana,2639.74,2639.74,1109.86,42.0,2022-03-01,2027-12-31,2028-12-31,2026-05-01,12,0.0,0
PAIM-618811,112.240 KmPackage-III (National Highways Authority of India [NHAI]) (618811),Infrastructure & Highways,Ministry of Railways,618811,Telangana,2714.15,2714.15,396.23,14.6,2023-03-01,2028-12-31,2027-12-31,2026-05-01,12,0.0,0
PAIM-10578,(National Highways Authority of India [NHAI]) (618811) (-) (10578),Infrastructure & Highways,Ministry of Railways,10578,Telangana,4314.93,4314.93,2065.27,47.9,2021-03-01,2028-12-31,2028-12-31,2026-05-01,12,0.0,0
PAIM-618812,at Design Ch. 35.300 Km to Pangidipalle village at Design Ch. 72.350 KmPackage-II (National Highways Authority of India ,Infrastructure & Highways,Ministry of Railways,618812,Telangana,4293.79,4293.79,1145.37,26.7,2022-03-01,2027-12-31,2027-12-31,2026-05-01,6,0.0,0
PAIM-10579,(National Highways Authority of India [NHAI]) (618812) (-) (10579),Infrastructure & Highways,Ministry of Railways,10579,Telangana,3022.59,3022.59,2051.98,67.9,2023-03-01,2027-12-31,2027-12-31,2026-05-01,36,0.0,0
PAIM-618813,Design Ch. 3.834 Km to Puttapaka village at Design Ch. 35.300 Km Package-I (National Highways Authority of India [NHAI]),Infrastructure & Highways,Ministry of Railways,618813,Telangana,849.7,849.7,439.66,51.7,2024-03-01,2026-12-31,2027-12-31,2026-05-01,6,0.0,0
PAIM-10580,(National Highways Authority of India [NHAI]) (618813) (-) (10580),Infrastructure & Highways,Ministry of Railways,10580,Telangana,3097.26,3097.26,2571.55,83.0,2022-03-01,2028-12-31,2027-12-31,2026-05-01,12,0.0,0
PAIM-618815,Thallasenkesa village in Mahabubabed District at Design Ch. 189.650 kmPackage-II (National Highways Authority of India [,Infrastructure & Highways,Ministry of Railways,618815,Telangana,4077.72,4077.72,2043.54,50.1,2023-03-01,2028-12-31,2029-12-31,2026-05-01,24,0.0,0
PAIM-10582,(National Highways Authority of India [NHAI]) (618815) (-) (10582),Infrastructure & Highways,Ministry of Railways,10582,Telangana,2994.25,2994.25,576.73,19.3,2022-03-01,2028-12-31,2029-12-31,2026-05-01,0,0.0,0
PAIM-618816,Khammam District at Design Ch. 220.480 KmPackage-III (National Highways Authority of India [NHAI]) (618816),Infrastructure & Highways,Ministry of Railways,618816,Telangana,1453.41,1453.41,724.01,49.8,2021-03-01,2027-12-31,2027-12-31,2026-05-01,18,0.0,0
PAIM-10583,(National Highways Authority of India [NHAI]) (618816) (-) (10583),Infrastructure & Highways,Ministry of Railways,10583,Telangana,264.05,264.05,189.47,71.8,2021-03-01,2028-12-31,2027-12-31,2026-05-01,6,0.0,0
PAIM-618817,at Design Ch. 250.400 Km Package-I. (National Highways Authority of India [NHAI]) (618817),Infrastructure & Highways,Ministry of Railways,618817,Telangana,4111.69,4111.69,973.83,23.7,2024-03-01,2028-12-31,2029-12-31,2026-05-01,36,0.0,0
PAIM-10584,(National Highways Authority of India [NHAI]) (618817) (-) (10584),Infrastructure & Highways,Ministry of Railways,10584,Telangana,473.41,473.41,252.67,53.4,2024-03-01,2028-12-31,2028-12-31,2026-05-01,24,0.0,0
PAIM-618944,Hyderabad - Maneguda (National Highways Authority of India [NHAI]) (618944),Infrastructure & Highways,Ministry of Railways,618944,Telangana,4129.28,4129.28,1630.84,39.5,2022-03-01,2026-12-31,2027-12-31,2026-05-01,12,0.0,0
PAIM-10682,(National Highways Authority of India [NHAI]) (618944) (-) (10682),Infrastructure & Highways,Ministry of Railways,10682,Telangana,682.95,682.95,287.54,42.1,2022-03-01,2026-12-31,2027-12-31,2026-05-01,36,0.0,0
PAIM-618945,31.800/Existing Km 29.400 of NH-365A (National Highways Authority of India [NHAI]) (618945),Infrastructure & Highways,Ministry of Railways,618945,Telangana,3910.13,3910.13,2430.02,62.1,2021-03-01,2028-12-31,2027-12-31,2026-05-01,0,0.0,0
PAIM-10683,(National Highways Authority of India [NHAI]) (618945) (N24001522) (10683),Infrastructure & Highways,Ministry of Railways,N24001522,Telangana,3877.97,3877.97,2419.92,62.4,2024-03-01,2026-12-31,2028-12-31,2026-05-01,24,0.0,0
PAIM-619009,Telangana on EPC Mode under Annual Plan 2022-23 (MoRTH) (619009),Infrastructure & Highways,Ministry of Railways,619009,Telangana,2900.02,2900.02,1377.89,47.5,2024-03-01,2028-12-31,2027-12-31,2026-05-01,18,0.0,0
PAIM-12154,(MoRTH) (619009) (-) (12154),Infrastructure & Highways,Ministry of Railways,12154,Telangana,2244.43,2244.43,1229.78,54.8,2021-03-01,2026-12-31,2027-12-31,2026-05-01,0,0.0,0
PAIM-619128,village to Chintagudem village Design Chainage 33604 to 63117] (National Highways Authority of India [NHAI]) (619128),Infrastructure & Highways,Ministry of Railways,619128,Telangana,1616.5,1616.5,780.19,48.3,2021-03-01,2026-12-31,2027-12-31,2026-05-01,18,0.0,0
PAIM-11797,(National Highways Authority of India [NHAI]) (619128) (N24001483) (11797),Infrastructure & Highways,Ministry of Railways,N24001483,Telangana,233.47,233.47,193.66,82.9,2022-03-01,2027-12-31,2028-12-31,2026-05-01,12,0.0,0
PAIM-619165,Thanamcherla-Jamandlapally 2LPS (National Highways Authority of India [NHAI]) (619165),Infrastructure & Highways,Ministry of Railways,619165,Telangana,2007.16,2007.16,1180.42,58.8,2023-03-01,2028-12-31,2027-12-31,2026-05-01,0,0.0,0
PAIM-619193,Telangana through EPC mode (MoRTH) (619193),Infrastructure & Highways,Ministry of Railways,619193,Telangana,3326.5,3326.5,1550.52,46.6,2024-03-01,2027-12-31,2028-12-31,2026-05-01,18,0.0,0
PAIM-619253,State of Telangara on EPC under Annual Plan 2024 -25 (MoRTH) (619253),Infrastructure & Highways,Ministry of Railways,619253,Telangana,1625.45,1625.45,1289.42,79.3,2021-03-01,2028-12-31,2027-12-31,2026-05-01,24,0.0,0
PAIM-12153,(MoRTH) (619253) (-) (12153),Infrastructure & Highways,Ministry of Railways,12153,Telangana,1697.75,1697.75,1353.0,79.7,2021-03-01,2027-12-31,2027-12-31,2026-05-01,36,0.0,0
PAIM-10272,(NHIDCL) (618350) (N24002205) (10272),Infrastructure & Highways,Ministry of Railways,N24002205,Multi-State,943.53,943.53,742.91,78.7,2022-03-01,2026-12-31,2029-12-31,2026-05-01,18,0.0,0
PAIM-10282,(NHIDCL) (618367) (N24002228) (10282),Infrastructure & Highways,Ministry of Railways,N24002228,Multi-State,3749.06,3749.06,2759.34,73.6,2023-03-01,2027-12-31,2028-12-31,2026-05-01,24,0.0,0
PAIM-10283,(NHIDCL) (618368) (N24002162) (10283),Infrastructure & Highways,Ministry of Railways,N24002162,Multi-State,2041.09,2041.09,1358.8,66.6,2022-03-01,2026-12-31,2029-12-31,2026-05-01,36,0.0,0
PAIM-10284,(NHIDCL) (618369) (N24002161) (10284),Infrastructure & Highways,Ministry of Railways,N24002161,Multi-State,2214.36,2214.36,969.72,43.8,2022-03-01,2027-12-31,2027-12-31,2026-05-01,12,0.0,0
PAIM-10305,(NHIDCL) (618417) (N24002132) (10305),Infrastructure & Highways,Ministry of Railways,N24002132,Multi-State,4469.8,4469.8,3123.22,69.9,2022-03-01,2026-12-31,2028-12-31,2026-05-01,24,0.0,0
PAIM-617957,of Uttar Pradesh. (MoRTH) (617957),Infrastructure & Highways,Ministry of Railways,617957,Uttar Pradesh,4453.19,4453.19,2312.18,51.9,2021-03-01,2028-12-31,2027-12-31,2026-05-01,6,0.0,0
PAIM-617963,92 under EPC mode in the State of Uttar Pradesh (MoRTH) (617963),Infrastructure & Highways,Ministry of Railways,617963,Uttar Pradesh,1104.54,1104.54,607.32,55.0,2022-03-01,2028-12-31,2028-12-31,2026-05-01,12,0.0,0
PAIM-617964,EPC mode in the state of Uttar Pradesh. (MoRTH) (617964),Infrastructure & Highways,Ministry of Railways,617964,Uttar Pradesh,3647.66,3647.66,2358.49,64.7,2023-03-01,2027-12-31,2028-12-31,2026-05-01,6,0.0,0
PAIM-618008,EPC mode (MoRTH) (618008),Infrastructure & Highways,Ministry of Railways,618008,Uttar Pradesh,4018.86,4018.86,2566.48,63.9,2022-03-01,2026-12-31,2029-12-31,2026-05-01,36,0.0,0
PAIM-618009,24B Phase-1 on EPC mode. (MoRTH) (618009),Infrastructure & Highways,Ministry of Railways,618009,Uttar Pradesh,3784.01,3784.01,893.06,23.6,2023-03-01,2028-12-31,2027-12-31,2026-05-01,18,0.0,0
PAIM-618054,km.223.000 of NH-330 to km.328.300 of NH-730 under EPC mode (MoRTH) (618054),Infrastructure & Highways,Ministry of Railways,618054,Uttar Pradesh,3720.48,3720.48,878.27,23.6,2024-03-01,2026-12-31,2027-12-31,2026-05-01,36,0.0,0
PAIM-10171,(MoRTH) (618054) (N24002150) (10171),Infrastructure & Highways,Ministry of Railways,N24002150,Uttar Pradesh,3994.95,3994.95,1069.62,26.8,2023-03-01,2026-12-31,2027-12-31,2026-05-01,6,0.0,0
PAIM-618055,mode in the State of Uttar Pradesh. (MoRTH) (618055),Infrastructure & Highways,Ministry of Railways,618055,Uttar Pradesh,894.39,894.39,142.94,16.0,2024-03-01,2028-12-31,2028-12-31,2026-05-01,6,0.0,0
PAIM-618056,Uttar Pradesh EPC basis (MoRTH) (618056),Infrastructure & Highways,Ministry of Railways,618056,Uttar Pradesh,267.92,267.92,152.05,56.8,2022-03-01,2027-12-31,2029-12-31,2026-05-01,36,0.0,0
PAIM-618057,Pradesh (MoRTH) (618057),Infrastructure & Highways,Ministry of Railways,618057,Uttar Pradesh,813.23,813.23,344.65,42.4,2023-03-01,2028-12-31,2029-12-31,2026-05-01,6,0.0,0
PAIM-618063,km.40.00 of NH-91-A on EPC mode (MoRTH) (618063),Infrastructure & Highways,Ministry of Railways,618063,Uttar Pradesh,2165.67,2165.67,1381.85,63.8,2024-03-01,2028-12-31,2027-12-31,2026-05-01,36,0.0,0
PAIM-618066,state of Uttar Pradesh (MoRTH) (618066),Infrastructure & Highways,Ministry of Railways,618066,Uttar Pradesh,4192.89,4192.89,3338.7,79.6,2021-03-01,2028-12-31,2029-12-31,2026-05-01,0,0.0,0
PAIM-618067,"Engineering, Procurement & Construction EpC mode in the State of Uttar Pradesh (MoRTH) (618067)",Infrastructure & Highways,Ministry of Railways,618067,Uttar Pradesh,3775.19,3775.19,2810.37,74.4,2021-03-01,2028-12-31,2028-12-31,2026-05-01,12,0.0,0
PAIM-10172,(MoRTH) (618067) (-) (10172),Infrastructure & Highways,Ministry of Railways,10172,Uttar Pradesh,3787.41,3787.41,1524.4,40.2,2024-03-01,2028-12-31,2028-12-31,2026-05-01,6,0.0,0
PAIM-618075,design km. 0.000 to km. 54.048 of NH-124D (MoRTH) (618075),Infrastructure & Highways,Ministry of Railways,618075,Uttar Pradesh,3360.08,3360.08,2066.02,61.5,2021-03-01,2026-12-31,2029-12-31,2026-05-01,18,0.0,0
PAIM-10174,(MoRTH) (618075) (N24002031) (10174),Infrastructure & Highways,Ministry of Railways,N24002031,Uttar Pradesh,384.48,384.48,46.25,12.0,2021-03-01,2027-12-31,2029-12-31,2026-05-01,36,0.0,0
PAIM-618081,53.540 to Km.59.200 of NH-135A on EPC mode in the state of Uttar Pradesh (MoRTH) (618081),Infrastructure & Highways,Ministry of Railways,618081,Uttar Pradesh,3354.7,3354.7,1496.12,44.6,2023-03-01,2026-12-31,2027-12-31,2026-05-01,0,0.0,0
PAIM-618082,km.73.134 Jaunpur of NH-135A on EPC mode (MoRTH) (618082),Infrastructure & Highways,Ministry of Railways,618082,Uttar Pradesh,1374.11,1374.11,392.79,28.6,2023-03-01,2027-12-31,2028-12-31,2026-05-01,6,0.0,0
PAIM-618110,to near Sikriganj in the State of UP on EPC Mode. (MoRTH) (618110),Infrastructure & Highways,Ministry of Railways,618110,Uttar Pradesh,1349.22,1349.22,637.92,47.3,2021-03-01,2027-12-31,2027-12-31,2026-05-01,0,0.0,0
PAIM-618111,Barhalganj in the State of UP on EPC Mode. (MoRTH) (618111),Infrastructure & Highways,Ministry of Railways,618111,Uttar Pradesh,4343.58,4343.58,2822.52,65.0,2021-03-01,2028-12-31,2027-12-31,2026-05-01,12,0.0,0
PAIM-618112,in the State of Uttar Pradesh on EPC basis (MoRTH) (618112),Infrastructure & Highways,Ministry of Railways,618112,Uttar Pradesh,3514.4,3514.4,1898.73,54.0,2022-03-01,2028-12-31,2027-12-31,2026-05-01,18,0.0,0
PAIM-10186,(MoRTH) (618112) (N24002240) (10186),Infrastructure & Highways,Ministry of Railways,N24002240,Uttar Pradesh,3098.13,3098.13,1118.6,36.1,2023-03-01,2028-12-31,2027-12-31,2026-05-01,12,0.0,0
PAIM-618113,basis. (MoRTH) (618113),Infrastructure & Highways,Ministry of Railways,618113,Uttar Pradesh,2809.37,2809.37,2240.33,79.7,2023-03-01,2026-12-31,2027-12-31,2026-05-01,0,0.0,0
PAIM-10187,(MoRTH) (618113) (N24002241) (10187),Infrastructure & Highways,Ministry of Railways,N24002241,Uttar Pradesh,4224.45,4224.45,2339.81,55.4,2021-03-01,2028-12-31,2027-12-31,2026-05-01,12,0.0,0
PAIM-618114,the State of Uttar Pradesh (MoRTH) (618114),Infrastructure & Highways,Ministry of Railways,618114,Uttar Pradesh,499.5,499.5,380.25,76.1,2023-03-01,2028-12-31,2028-12-31,2026-05-01,24,0.0,0
PAIM-12089,(MoRTH) (618114) (-) (12089),Infrastructure & Highways,Ministry of Railways,12089,Uttar Pradesh,599.6,599.6,275.64,46.0,2023-03-01,2026-12-31,2027-12-31,2026-05-01,6,0.0,0
PAIM-618116,NH-227B 84 Kosi Parikrama Marg to 2LPS along with Parikrama Path (MoRTH) (618116),Infrastructure & Highways,Ministry of Railways,618116,Uttar Pradesh,4430.36,4430.36,1265.94,28.6,2022-03-01,2027-12-31,2027-12-31,2026-05-01,24,0.0,0
PAIM-618124,State of Uttar Pradesh (MoRTH) (618124),Infrastructure & Highways,Ministry of Railways,618124,Uttar Pradesh,2445.35,2445.35,467.41,19.1,2024-03-01,2027-12-31,2028-12-31,2026-05-01,12,0.0,0
PAIM-618162,under HAM (MoRTH) (618162),Infrastructure & Highways,Ministry of Railways,618162,Uttar Pradesh,1591.26,1591.26,708.48,44.5,2022-03-01,2028-12-31,2027-12-31,2026-05-01,0,0.0,0
PAIM-618163,"on Engineering, Procurement & Construction EPC Basis. (MoRTH) (618163)",Infrastructure & Highways,Ministry of Railways,618163,Uttar Pradesh,414.5,414.5,329.34,79.5,2023-03-01,2026-12-31,2029-12-31,2026-05-01,18,0.0,0
PAIM-10195,(MoRTH) (618163) (N24001418) (10195),Infrastructure & Highways,Ministry of Railways,N24001418,Uttar Pradesh,3229.51,3229.51,1418.27,43.9,2022-03-01,2026-12-31,2029-12-31,2026-05-01,12,0.0,0
PAIM-618164,of NH-731A i/c Yamuna Bridge on HAM in the state of Uttar Pradesh. (MoRTH) (618164),Infrastructure & Highways,Ministry of Railways,618164,Uttar Pradesh,3499.4,3499.4,2058.81,58.8,2021-03-01,2028-12-31,2028-12-31,2026-05-01,36,0.0,0
PAIM-10196,(MoRTH) (618164) (N24001419) (10196),Infrastructure & Highways,Ministry of Railways,N24001419,Uttar Pradesh,4427.32,4427.32,2650.61,59.9,2023-03-01,2028-12-31,2027-12-31,2026-05-01,0,0.0,0
PAIM-618165,NH-731A on Hybrid Annuity Mode in the state of Uttar Pradesh (MoRTH) (618165),Infrastructure & Highways,Ministry of Railways,618165,Uttar Pradesh,3301.43,3301.43,865.91,26.2,2021-03-01,2027-12-31,2027-12-31,2026-05-01,24,0.0,0
PAIM-10197,(MoRTH) (618165) (N24001545) (10197),Infrastructure & Highways,Ministry of Railways,N24001545,Uttar Pradesh,3025.43,3025.43,977.52,32.3,2024-03-01,2027-12-31,2028-12-31,2026-05-01,0,0.0,0
PAIM-618166,731A with paved shoulders on Hybrid Annuity Mode in the state of Uttar Pradesh (MoRTH) (618166),Infrastructure & Highways,Ministry of Railways,618166,Uttar Pradesh,2279.71,2279.71,895.08,39.3,2021-03-01,2028-12-31,2029-12-31,2026-05-01,12,0.0,0
PAIM-10198,(MoRTH) (618166) (N24001647) (10198),Infrastructure & Highways,Ministry of Railways,N24001647,Uttar Pradesh,2461.63,2461.63,1805.68,73.4,2024-03-01,2028-12-31,2028-12-31,2026-05-01,36,0.0,0
PAIM-618167,paved shoulder under EPC mode (MoRTH) (618167),Infrastructure & Highways,Ministry of Railways,618167,Uttar Pradesh,1959.22,1959.22,1121.31,57.2,2021-03-01,2026-12-31,2027-12-31,2026-05-01,24,0.0,0
PAIM-618168,NH-731B on EPC mode in the state of Uttar Pradesh (MoRTH) (618168),Infrastructure & Highways,Ministry of Railways,618168,Uttar Pradesh,3092.66,3092.66,314.82,10.2,2023-03-01,2026-12-31,2029-12-31,2026-05-01,18,0.0,0
PAIM-10199,(MoRTH) (618168) (N24001792) (10199),Infrastructure & Highways,Ministry of Railways,N24001792,Uttar Pradesh,1089.3,1089.3,312.55,28.7,2022-03-01,2026-12-31,2028-12-31,2026-05-01,18,0.0,0
PAIM-618169,Ch.49.2OO of NH-731B on EPC Mode (MoRTH) (618169),Infrastructure & Highways,Ministry of Railways,618169,Uttar Pradesh,773.39,773.39,383.4,49.6,2022-03-01,2026-12-31,2028-12-31,2026-05-01,24,0.0,0
PAIM-10200,(MoRTH) (618169) (N24001730) (10200),Infrastructure & Highways,Ministry of Railways,N24001730,Uttar Pradesh,4195.97,4195.97,2594.36,61.8,2022-03-01,2027-12-31,2028-12-31,2026-05-01,6,0.0,0
PAIM-618187,areas in a total length of 9.732 km in the state of Uttar Pradesh on EPC mode (MoRTH) (618187),Infrastructure & Highways,Ministry of Railways,618187,Uttar Pradesh,4162.71,4162.71,912.31,21.9,2021-03-01,2026-12-31,2027-12-31,2026-05-01,0,0.0,0
PAIM-10202,(MoRTH) (618187) (-) (10202),Infrastructure & Highways,Ministry of Railways,10202,Uttar Pradesh,4146.67,4146.67,2042.46,49.3,2024-03-01,2028-12-31,2027-12-31,2026-05-01,36,0.0,0
PAIM-618229,assistance of world Bank on EPC mode. (MoRTH) (618229),Infrastructure & Highways,Ministry of Railways,618229,Uttar Pradesh,3613.64,3613.64,2887.56,79.9,2022-03-01,2026-12-31,2029-12-31,2026-05-01,24,0.0,0
PAIM-618233,Allahabad on EPC mode (MoRTH) (618233),Infrastructure & Highways,Ministry of Railways,618233,Uttar Pradesh,2294.61,2294.61,596.65,26.0,2021-03-01,2028-12-31,2028-12-31,2026-05-01,0,0.0,0
PAIM-10222,(MoRTH) (618233) (N24001421) (10222),Infrastructure & Highways,Ministry of Railways,N24001421,Uttar Pradesh,2843.67,2843.67,1205.45,42.4,2021-03-01,2027-12-31,2028-12-31,2026-05-01,36,0.0,0
PAIM-618240,assistance of world Bank on EPC mode. (MoRTH) (618240),Infrastructure & Highways,Ministry of Railways,618240,Uttar Pradesh,2659.54,2659.54,1143.26,43.0,2022-03-01,2028-12-31,2029-12-31,2026-05-01,24,0.0,0
PAIM-618243,state of Uttar Pradesh on HAM mode (MoRTH) (618243),Infrastructure & Highways,Ministry of Railways,618243,Uttar Pradesh,354.63,354.63,78.2,22.1,2022-03-01,2028-12-31,2027-12-31,2026-05-01,18,0.0,0
PAIM-10224,(MoRTH) (618243) (N24002245) (10224),Infrastructure & Highways,Ministry of Railways,N24002245,Uttar Pradesh,3247.47,3247.47,2733.7,84.2,2022-03-01,2026-12-31,2027-12-31,2026-05-01,24,0.0,0
PAIM-618244,Raebareli City in the state of Uttar Pradesh on Hybrid Annuity Model HAM basis (MoRTH) (618244),Infrastructure & Highways,Ministry of Railways,618244,Uttar Pradesh,1248.78,1248.78,402.47,32.2,2024-03-01,2026-12-31,2029-12-31,2026-05-01,18,0.0,0
PAIM-10225,(MoRTH) (618244) (N24002235) (10225),Infrastructure & Highways,Ministry of Railways,N24002235,Uttar Pradesh,1154.12,1154.12,163.6,14.2,2023-03-01,2027-12-31,2028-12-31,2026-05-01,24,0.0,0
PAIM-618247,0.000 to km 15.000 of NH 135A in the State of Uttar Pradesh on HAM Mode. (MoRTH) (618247),Infrastructure & Highways,Ministry of Railways,618247,Uttar Pradesh,2402.03,2402.03,1545.85,64.4,2023-03-01,2027-12-31,2029-12-31,2026-05-01,12,0.0,0
PAIM-618248,Pradesh. (MoRTH) (618248),Infrastructure & Highways,Ministry of Railways,618248,Uttar Pradesh,3855.81,3855.81,2564.05,66.5,2022-03-01,2027-12-31,2028-12-31,2026-05-01,24,0.0,0
PAIM-618249,Akbarpur section on Hybrid Annuity Mode in the state of Uttar Pradesh (MoRTH) (618249),Infrastructure & Highways,Ministry of Railways,618249,Uttar Pradesh,3551.89,3551.89,1200.43,33.8,2024-03-01,2027-12-31,2028-12-31,2026-05-01,0,0.0,0
PAIM-10227,(MoRTH) (618249) (N24002234) (10227),Infrastructure & Highways,Ministry of Railways,N24002234,Uttar Pradesh,3218.05,3218.05,2659.19,82.6,2021-03-01,2028-12-31,2029-12-31,2026-05-01,18,0.0,0
PAIM-618252,the state of Uttar Pradesh on Hybrid Annuity Model HAM basis (MoRTH) (618252),Infrastructure & Highways,Ministry of Railways,618252,Uttar Pradesh,991.6,991.6,608.13,61.3,2024-03-01,2027-12-31,2029-12-31,2026-05-01,0,0.0,0
PAIM-10230,(MoRTH) (618252) (N24002201) (10230),Infrastructure & Highways,Ministry of Railways,N24002201,Uttar Pradesh,201.45,201.45,91.66,45.5,2023-03-01,2028-12-31,2029-12-31,2026-05-01,12,0.0,0
PAIM-618260,Annuity Mode HAM in the State of Uttar Pradesh (MoRTH) (618260),Infrastructure & Highways,Ministry of Railways,618260,Uttar Pradesh,4111.52,4111.52,603.09,14.7,2021-03-01,2026-12-31,2027-12-31,2026-05-01,12,0.0,0
PAIM-10231,(MoRTH) (618260) (-) (10231),Infrastructure & Highways,Ministry of Railways,10231,Uttar Pradesh,3045.52,3045.52,1136.72,37.3,2021-03-01,2028-12-31,2028-12-31,2026-05-01,12,0.0,0
PAIM-618262,shoulder configuration under Hybrid Annuity Mode HAM in the State of Uttar Pradesh (MoRTH) (618262),Infrastructure & Highways,Ministry of Railways,618262,Uttar Pradesh,2378.13,2378.13,1523.77,64.1,2023-03-01,2026-12-31,2028-12-31,2026-05-01,0,0.0,0
PAIM-10232,(MoRTH) (618262) (-) (10232),Infrastructure & Highways,Ministry of Railways,10232,Uttar Pradesh,2055.96,2055.96,352.75,17.2,2021-03-01,2026-12-31,2027-12-31,2026-05-01,6,0.0,0
PAIM-618263,Uttar Pradesh (MoRTH) (618263),Infrastructure & Highways,Ministry of Railways,618263,Uttar Pradesh,2093.29,2093.29,1204.92,57.6,2021-03-01,2028-12-31,2028-12-31,2026-05-01,12,0.0,0
PAIM-10233,(MoRTH) (618263) (N24002213) (10233),Infrastructure & Highways,Ministry of Railways,N24002213,Uttar Pradesh,1220.5,1220.5,472.27,38.7,2024-03-01,2026-12-31,2029-12-31,2026-05-01,12,0.0,0
PAIM-618264,NH-727B near Sikanderpur under EPC mode (MoRTH) (618264),Infrastructure & Highways,Ministry of Railways,618264,Uttar Pradesh,1345.19,1345.19,1052.99,78.3,2023-03-01,2028-12-31,2028-12-31,2026-05-01,18,0.0,0
PAIM-10234,(MoRTH) (618264) (-) (10234),Infrastructure & Highways,Ministry of Railways,10234,Uttar Pradesh,995.96,995.96,634.15,63.7,2022-03-01,2028-12-31,2028-12-31,2026-05-01,12,0.0,0
PAIM-618265,the loan assistance of world Bank on EPC mode. (MoRTH) (618265),Infrastructure & Highways,Ministry of Railways,618265,Uttar Pradesh,1953.71,1953.71,1108.43,56.7,2021-03-01,2027-12-31,2027-12-31,2026-05-01,24,0.0,0
PAIM-618266,assistance of world Bank on EPC mode. (MoRTH) (618266),Infrastructure & Highways,Ministry of Railways,618266,Uttar Pradesh,371.75,371.75,194.54,52.3,2024-03-01,2027-12-31,2027-12-31,2026-05-01,12,0.0,0
PAIM-618498,6L Greenfield Kanpur - Lucknow Expressway Pkg II from km. 28.500 to km. 73.744 (National Highways Authority of India [NH,Infrastructure & Highways,Ministry of Railways,618498,Uttar Pradesh,3289.01,3289.01,1861.89,56.6,2021-03-01,2028-12-31,2027-12-31,2026-05-01,36,0.0,0
PAIM-10356,(National Highways Authority of India [NHAI]) (618498) (N24001731) (10356),Infrastructure & Highways,Ministry of Railways,N24001731,Uttar Pradesh,1125.93,1125.93,534.46,47.5,2024-03-01,2026-12-31,2029-12-31,2026-05-01,36,0.0,0
PAIM-618499,6L Elevated Kanpur - Lucknow Exeressway Pkg-1 from Km. 10980 to Km. 28500 (National Highways Authority of India [NHAI]) ,Infrastructure & Highways,Ministry of Railways,618499,Uttar Pradesh,556.25,556.25,409.73,73.7,2022-03-01,2026-12-31,2027-12-31,2026-05-01,12,0.0,0
PAIM-10357,(National Highways Authority of India [NHAI]) (618499) (N24001745) (10357),Infrastructure & Highways,Ministry of Railways,N24001745,Uttar Pradesh,2347.7,2347.7,977.58,41.6,2024-03-01,2026-12-31,2029-12-31,2026-05-01,6,0.0,0
PAIM-618500,Km 8.520 of NH-235 Pkg-5 (National Highways Authority of India [NHAI]) (618500),Infrastructure & Highways,Ministry of Railways,618500,Uttar Pradesh,3195.65,3195.65,795.45,24.9,2021-03-01,2026-12-31,2027-12-31,2026-05-01,0,0.0,0
PAIM-10358,(National Highways Authority of India [NHAI]) (618500) (N24001772) (10358),Infrastructure & Highways,Ministry of Railways,N24001772,Uttar Pradesh,220.88,220.88,139.44,63.1,2021-03-01,2026-12-31,2029-12-31,2026-05-01,36,0.0,0
PAIM-618529,Revasa Village km 818.80 / NH-2 (National Highways Authority of India [NHAI]) (618529),Infrastructure & Highways,Ministry of Railways,618529,Uttar Pradesh,701.04,701.04,494.77,70.6,2023-03-01,2026-12-31,2027-12-31,2026-05-01,6,0.0,0
PAIM-10380,(National Highways Authority of India [NHAI]) (618529) (N24001826) (10380),Infrastructure & Highways,Ministry of Railways,N24001826,Uttar Pradesh,1555.82,1555.82,1224.22,78.7,2024-03-01,2026-12-31,2027-12-31,2026-05-01,12,0.0,0
PAIM-618536,Pakari Package-IV in State of Uttar Pradesh. (National Highways Authority of India [NHAI]) (618536),Infrastructure & Highways,Ministry of Railways,618536,Uttar Pradesh,380.01,380.01,204.51,53.8,2024-03-01,2028-12-31,2028-12-31,2026-05-01,24,0.0,0
PAIM-10385,(National Highways Authority of India [NHAI]) (618536) (-) (10385),Infrastructure & Highways,Ministry of Railways,10385,Uttar Pradesh,3181.47,3181.47,2537.4,79.8,2024-03-01,2028-12-31,2027-12-31,2026-05-01,18,0.0,0
PAIM-618537,Sachendi I to Maharajpur Package-I (National Highways Authority of India [NHAI]) (618537),Infrastructure & Highways,Ministry of Railways,618537,Uttar Pradesh,3395.61,3395.61,1566.4,46.1,2023-03-01,2026-12-31,2029-12-31,2026-05-01,36,0.0,0
PAIM-10386,(National Highways Authority of India [NHAI]) (618537) (N24002104) (10386),Infrastructure & Highways,Ministry of Railways,N24002104,Uttar Pradesh,3845.07,3845.07,641.54,16.7,2024-03-01,2026-12-31,2029-12-31,2026-05-01,24,0.0,0
PAIM-618538,Harbanch-Uchti Pkg-III (National Highways Authority of India [NHAI]) (618538),Infrastructure & Highways,Ministry of Railways,618538,Uttar Pradesh,1852.22,1852.22,1264.05,68.2,2022-03-01,2028-12-31,2029-12-31,2026-05-01,18,0.0,0
PAIM-10387,(National Highways Authority of India [NHAI]) (618538) (-) (10387),Infrastructure & Highways,Ministry of Railways,10387,Uttar Pradesh,3053.49,3053.49,1387.11,45.4,2021-03-01,2028-12-31,2029-12-31,2026-05-01,6,0.0,0
PAIM-618539,Sathara Package-II B (National Highways Authority of India [NHAI]) (618539),Infrastructure & Highways,Ministry of Railways,618539,Uttar Pradesh,4144.85,4144.85,2039.85,49.2,2022-03-01,2026-12-31,2028-12-31,2026-05-01,24,0.0,0
PAIM-10388,(National Highways Authority of India [NHAI]) (618539) (-) (10388),Infrastructure & Highways,Ministry of Railways,10388,Uttar Pradesh,1986.18,1986.18,860.73,43.3,2022-03-01,2026-12-31,2029-12-31,2026-05-01,12,0.0,0
PAIM-618540,to Transganga Package-IIA (National Highways Authority of India [NHAI]) (618540),Infrastructure & Highways,Ministry of Railways,618540,Uttar Pradesh,2583.71,2583.71,387.52,15.0,2023-03-01,2027-12-31,2028-12-31,2026-05-01,24,0.0,0
PAIM-10389,(National Highways Authority of India [NHAI]) (618540) (-) (10389),Infrastructure & Highways,Ministry of Railways,10389,Uttar Pradesh,381.4,381.4,150.87,39.6,2024-03-01,2026-12-31,2027-12-31,2026-05-01,18,0.0,0
PAIM-618553,141.000 of Yamuna Expressways (National Highways Authority of India [NHAI]) (618553),Infrastructure & Highways,Ministry of Railways,618553,Uttar Pradesh,2978.98,2978.98,1897.9,63.7,2021-03-01,2026-12-31,2028-12-31,2026-05-01,24,0.0,0
PAIM-10399,(National Highways Authority of India [NHAI]) (618553) (N24001852) (10399),Infrastructure & Highways,Ministry of Railways,N24001852,Uttar Pradesh,2466.06,2466.06,1393.64,56.5,2024-03-01,2028-12-31,2027-12-31,2026-05-01,24,0.0,0
PAIM-618554,NH-44 village Bad from Km. 0.000 to Km. 7.772 (National Highways Authority of India [NHAI]) (618554),Infrastructure & Highways,Ministry of Railways,618554,Uttar Pradesh,1709.13,1709.13,1140.1,66.7,2022-03-01,2027-12-31,2029-12-31,2026-05-01,36,0.0,0
PAIM-10400,(National Highways Authority of India [NHAI]) (618554) (N24001853) (10400),Infrastructure & Highways,Ministry of Railways,N24001853,Uttar Pradesh,3585.2,3585.2,672.76,18.8,2022-03-01,2028-12-31,2029-12-31,2026-05-01,0,0.0,0
PAIM-618565,Km. 144020 of NH 28 New NH 27Pkg-3 (NHAI) (618565),Infrastructure & Highways,Ministry of Railways,618565,Uttar Pradesh,1385.83,1385.83,884.26,63.8,2022-03-01,2027-12-31,2029-12-31,2026-05-01,12,0.0,0
PAIM-618566,29E Chainage 83.308 and end at NH-28 Chainage 285.100 (National Highways Authority of India [NHAI]) (618566),Infrastructure & Highways,Ministry of Railways,618566,Uttar Pradesh,4270.12,4270.12,2465.24,57.7,2023-03-01,2026-12-31,2029-12-31,2026-05-01,18,0.0,0
PAIM-10409,(National Highways Authority of India [NHAI]) (618566) (N24002096) (10409),Infrastructure & Highways,Ministry of Railways,N24002096,Uttar Pradesh,3818.95,3818.95,1763.15,46.2,2021-03-01,2026-12-31,2028-12-31,2026-05-01,36,0.0,0
PAIM-618567,of existing NH-27 part-1 and part-2 south of NH-27 from km 0.000 to km 5.000. (NHAI) (618567),Infrastructure & Highways,Ministry of Railways,618567,Uttar Pradesh,2616.6,2616.6,1575.61,60.2,2021-03-01,2028-12-31,2029-12-31,2026-05-01,18,0.0,0
PAIM-10410,(NHAI) (618567) (-) (10410),Infrastructure & Highways,Ministry of Railways,10410,Uttar Pradesh,843.59,843.59,308.89,36.6,2022-03-01,2028-12-31,2029-12-31,2026-05-01,12,0.0,0
PAIM-618568,112.540 and ending at Km. 153.281 of NH-27 (NHAI) (618568),Infrastructure & Highways,Ministry of Railways,618568,Uttar Pradesh,3166.01,3166.01,878.98,27.8,2021-03-01,2028-12-31,2028-12-31,2026-05-01,6,0.0,0
PAIM-10411,(NHAI) (618568) (-) (10411),Infrastructure & Highways,Ministry of Railways,10411,Uttar Pradesh,3014.48,3014.48,2516.76,83.5,2024-03-01,2028-12-31,2029-12-31,2026-05-01,24,0.0,0
PAIM-618669,EC in MP & UP on HAM (National Highways Authority of India [NHAI]) (618669),Infrastructure & Highways,Ministry of Railways,618669,Uttar Pradesh,2935.37,2935.37,1253.18,42.7,2021-03-01,2028-12-31,2028-12-31,2026-05-01,6,0.0,0
PAIM-10474,(National Highways Authority of India [NHAI]) (618669) (-) (10474),Infrastructure & Highways,Ministry of Railways,10474,Uttar Pradesh,3241.36,3241.36,1888.5,58.3,2021-03-01,2026-12-31,2028-12-31,2026-05-01,6,0.0,0
PAIM-618690,UP on HAM mode (National Highways Authority of India [NHAI]) (618690),Infrastructure & Highways,Ministry of Railways,618690,Uttar Pradesh,3794.61,3794.61,2700.03,71.2,2022-03-01,2027-12-31,2029-12-31,2026-05-01,18,0.0,0
PAIM-10491,(National Highways Authority of India [NHAI]) (618690) (-) (10491),Infrastructure & Highways,Ministry of Railways,10491,Uttar Pradesh,319.79,319.79,99.59,31.1,2022-03-01,2028-12-31,2028-12-31,2026-05-01,12,0.0,0
PAIM-618692,Aligarh-Kanpur Pkg I [Aligarh-Bhadwas] (National Highways Authority of India [NHAI]) (618692),Infrastructure & Highways,Ministry of Railways,618692,Uttar Pradesh,1604.88,1604.88,1120.52,69.8,2023-03-01,2028-12-31,2029-12-31,2026-05-01,24,0.0,0
PAIM-10493,(National Highways Authority of India [NHAI]) (618692) (-) (10493),Infrastructure & Highways,Ministry of Railways,10493,Uttar Pradesh,3230.55,3230.55,671.74,20.8,2022-03-01,2026-12-31,2029-12-31,2026-05-01,36,0.0,0
PAIM-618710,DL/UP Border - EPE Crossing Pkg-02 (National Highways Authority of India [NHAI]) (618710),Infrastructure & Highways,Ministry of Railways,618710,Uttar Pradesh,1523.31,1523.31,477.65,31.4,2023-03-01,2027-12-31,2028-12-31,2026-05-01,36,0.0,0
PAIM-10505,(National Highways Authority of India [NHAI]) (618710) (N24001830) (10505),Infrastructure & Highways,Ministry of Railways,N24001830,Uttar Pradesh,829.28,829.28,236.99,28.6,2023-03-01,2027-12-31,2028-12-31,2026-05-01,6,0.0,0
PAIM-618722,to km 45.500 (National Highways Authority of India [NHAI]) (618722),Infrastructure & Highways,Ministry of Railways,618722,Uttar Pradesh,327.21,327.21,235.14,71.9,2023-03-01,2026-12-31,2028-12-31,2026-05-01,36,0.0,0
PAIM-10517,(National Highways Authority of India [NHAI]) (618722) (N24002036) (10517),Infrastructure & Highways,Ministry of Railways,N24002036,Uttar Pradesh,3758.85,3758.85,1993.86,53.0,2022-03-01,2026-12-31,2028-12-31,2026-05-01,18,0.0,0
PAIM-618761,bypassing Meerut Town of NH 709 A (National Highways Authority of India [NHAI]) (618761),Infrastructure & Highways,Ministry of Railways,618761,Uttar Pradesh,397.18,397.18,189.57,47.7,2023-03-01,2028-12-31,2027-12-31,2026-05-01,36,0.0,0
PAIM-10543,(National Highways Authority of India [NHAI]) (618761) (N24001754) (10543),Infrastructure & Highways,Ministry of Railways,N24001754,Uttar Pradesh,3921.48,3921.48,3277.29,83.6,2024-03-01,2027-12-31,2028-12-31,2026-05-01,24,0.0,0
PAIM-618768,144.60 to Km. 28.000 near Asroi village in Hathras of NH-509 Package-I (National Highways Authority of India [NHAI]) (61,Infrastructure & Highways,Ministry of Railways,618768,Uttar Pradesh,1326.39,1326.39,431.31,32.5,2024-03-01,2026-12-31,2027-12-31,2026-05-01,0,0.0,0
PAIM-12084,(National Highways Authority of India [NHAI]) (618768) (-) (12084),Infrastructure & Highways,Ministry of Railways,12084,Uttar Pradesh,3949.84,3949.84,1472.05,37.3,2021-03-01,2027-12-31,2029-12-31,2026-05-01,0,0.0,0
PAIM-618770,and NH-709A Karnal  Meerut bypassing Shamli district UP (National Highways Authority of India [NHAI]) (618770),Infrastructure & Highways,Ministry of Railways,618770,Uttar Pradesh,3279.54,3279.54,539.88,16.5,2023-03-01,2026-12-31,2029-12-31,2026-05-01,36,0.0,0
PAIM-618782,4L of Bareilly-Pilibhit-Sitarganj from Km. 0.000 to Km. 32.500 of NH-30 Pkg-1 (National Highways Authority of India [NHA,Infrastructure & Highways,Ministry of Railways,618782,Uttar Pradesh,850.9,850.9,478.57,56.2,2023-03-01,2026-12-31,2029-12-31,2026-05-01,6,0.0,0
PAIM-10557,(National Highways Authority of India [NHAI]) (618782) (-) (10557),Infrastructure & Highways,Ministry of Railways,10557,Uttar Pradesh,3597.9,3597.9,484.48,13.5,2022-03-01,2026-12-31,2028-12-31,2026-05-01,12,0.0,0
PAIM-618798,4L of Sonauli - Gorakhpur (National Highways Authority of India [NHAI]) (618798),Infrastructure & Highways,Ministry of Railways,618798,Uttar Pradesh,3340.64,3340.64,2371.16,71.0,2021-03-01,2028-12-31,2028-12-31,2026-05-01,36,0.0,0
PAIM-10569,(National Highways Authority of India [NHAI]) (618798) (N24002095) (10569),Infrastructure & Highways,Ministry of Railways,N24002095,Uttar Pradesh,3911.87,3911.87,2173.34,55.6,2023-03-01,2027-12-31,2027-12-31,2026-05-01,18,0.0,0
PAIM-618843,Km 219/720 of NH-31 under NHO in the state of Uttar Pradesh on EPC mode (National Highways Authority of India [NHAI]) (6,Infrastructure & Highways,Ministry of Railways,618843,Uttar Pradesh,3018.44,3018.44,1902.06,63.0,2023-03-01,2027-12-31,2029-12-31,2026-05-01,6,0.0,0
PAIM-618848,expansion of runway of Babatpur Airport Varanasi (National Highways Authority of India [NHAI]) (618848),Infrastructure & Highways,Ministry of Railways,618848,Uttar Pradesh,2170.68,2170.68,1574.95,72.6,2021-03-01,2028-12-31,2027-12-31,2026-05-01,6,0.0,0
PAIM-10607,(National Highways Authority of India [NHAI]) (618848) (-) (10607),Infrastructure & Highways,Ministry of Railways,10607,Uttar Pradesh,367.13,367.13,76.07,20.7,2024-03-01,2027-12-31,2028-12-31,2026-05-01,18,0.0,0
PAIM-618854,2L PS of Raebareli - Jagdishpur with 4L Jagdishpur Bypass Spur (National Highways Authority of India [NHAI]) (618854),Infrastructure & Highways,Ministry of Railways,618854,Uttar Pradesh,3214.23,3214.23,2327.71,72.4,2022-03-01,2027-12-31,2029-12-31,2026-05-01,18,0.0,0
PAIM-10610,(National Highways Authority of India [NHAI]) (618854) (N24001306) (10610),Infrastructure & Highways,Ministry of Railways,N24001306,Uttar Pradesh,3677.98,3677.98,1670.13,45.4,2024-03-01,2027-12-31,2029-12-31,2026-05-01,24,0.0,0
PAIM-618855,"88.750, start of Khutar bypass to start of Shahjahanpur bypass of NH 731Pkg-I (National Highways Authority of India [NHA",Infrastructure & Highways,Ministry of Railways,618855,Uttar Pradesh,3889.82,3889.82,411.93,10.6,2024-03-01,2026-12-31,2027-12-31,2026-05-01,24,0.0,0
PAIM-10611,(National Highways Authority of India [NHAI]) (618855) (N24001727) (10611),Infrastructure & Highways,Ministry of Railways,N24001727,Uttar Pradesh,2772.22,2772.22,369.78,13.3,2021-03-01,2027-12-31,2027-12-31,2026-05-01,12,0.0,0
PAIM-618856,"175.080, from Start of Shahabad Bypass to End of Hardoi bypass of NH 731 Pkg-2B (National Highways Authority of India [N",Infrastructure & Highways,Ministry of Railways,618856,Uttar Pradesh,1638.2,1638.2,807.93,49.3,2021-03-01,2027-12-31,2029-12-31,2026-05-01,0,0.0,0
PAIM-10612,(National Highways Authority of India [NHAI]) (618856) (N24002094) (10612),Infrastructure & Highways,Ministry of Railways,N24002094,Uttar Pradesh,767.03,767.03,434.5,56.6,2023-03-01,2026-12-31,2028-12-31,2026-05-01,18,0.0,0
PAIM-618858,731Pkg.-2A (National Highways Authority of India [NHAI]) (618858),Infrastructure & Highways,Ministry of Railways,618858,Uttar Pradesh,4395.44,4395.44,552.94,12.6,2021-03-01,2027-12-31,2029-12-31,2026-05-01,36,0.0,0
PAIM-10614,(National Highways Authority of India [NHAI]) (618858) (-) (10614),Infrastructure & Highways,Ministry of Railways,10614,Uttar Pradesh,3967.38,3967.38,1112.05,28.0,2024-03-01,2027-12-31,2028-12-31,2026-05-01,0,0.0,0
PAIM-618859,"260.800, End of Hardoi District to Lucknow Ring road of NH 731 Pkg-4 (National Highways Authority of India [NHAI]) (6188",Infrastructure & Highways,Ministry of Railways,618859,Uttar Pradesh,3958.15,3958.15,2307.48,58.3,2024-03-01,2027-12-31,2029-12-31,2026-05-01,6,0.0,0
PAIM-10615,(National Highways Authority of India [NHAI]) (618859) (N24001732) (10615),Infrastructure & Highways,Ministry of Railways,N24001732,Uttar Pradesh,4380.07,4380.07,2173.35,49.6,2022-03-01,2027-12-31,2028-12-31,2026-05-01,24,0.0,0
PAIM-618864,32.982 of NH-530B Pkg-IB (National Highways Authority of India [NHAI]) (618864),Infrastructure & Highways,Ministry of Railways,618864,Uttar Pradesh,3167.28,3167.28,1686.26,53.2,2021-03-01,2027-12-31,2028-12-31,2026-05-01,12,0.0,0
PAIM-10619,(National Highways Authority of India [NHAI]) (618864) (N24001851) (10619),Infrastructure & Highways,Ministry of Railways,N24001851,Uttar Pradesh,1966.24,1966.24,1038.46,52.8,2022-03-01,2028-12-31,2029-12-31,2026-05-01,0,0.0,0
PAIM-618865,530B Pkg-1C. (National Highways Authority of India [NHAI]) (618865),Infrastructure & Highways,Ministry of Railways,618865,Uttar Pradesh,1241.53,1241.53,410.11,33.0,2023-03-01,2028-12-31,2028-12-31,2026-05-01,0,0.0,0
PAIM-10620,(National Highways Authority of India [NHAI]) (618865) (N24001730) (10620),Infrastructure & Highways,Ministry of Railways,N24001730,Uttar Pradesh,2478.35,2478.35,1837.2,74.1,2021-03-01,2028-12-31,2029-12-31,2026-05-01,12,0.0,0
PAIM-618866,"218.000 Section of NH 530B, in the State of Uttar Pradesh on HAM Mode under NH0 (National Highways Authority of India [N",Infrastructure & Highways,Ministry of Railways,618866,Uttar Pradesh,3928.92,3928.92,481.21,12.2,2024-03-01,2028-12-31,2028-12-31,2026-05-01,24,0.0,0
PAIM-10621,(National Highways Authority of India [NHAI]) (618866) (-) (10621),Infrastructure & Highways,Ministry of Railways,10621,Uttar Pradesh,553.57,553.57,368.63,66.6,2021-03-01,2028-12-31,2028-12-31,2026-05-01,6,0.0,0
PAIM-618867,4L Kasganj-Badaun Section from Km. 123.100 to Km. 179.500 Pkg-III of NH530B (National Highways Authority of India [NHAI],Infrastructure & Highways,Ministry of Railways,618867,Uttar Pradesh,2286.45,2286.45,771.56,33.7,2022-03-01,2027-12-31,2027-12-31,2026-05-01,36,0.0,0
PAIM-10622,(National Highways Authority of India [NHAI]) (618867) (-) (10622),Infrastructure & Highways,Ministry of Railways,10622,Uttar Pradesh,1440.0,1440.0,296.79,20.6,2024-03-01,2027-12-31,2028-12-31,2026-05-01,12,0.0,0
PAIM-618868,530B (National Highways Authority of India [NHAI]) (618868),Infrastructure & Highways,Ministry of Railways,618868,Uttar Pradesh,2679.64,2679.64,886.44,33.1,2022-03-01,2026-12-31,2029-12-31,2026-05-01,18,0.0,0
PAIM-10623,(National Highways Authority of India [NHAI]) (618868) (-) (10623),Infrastructure & Highways,Ministry of Railways,10623,Uttar Pradesh,263.26,263.26,111.22,42.2,2022-03-01,2028-12-31,2029-12-31,2026-05-01,0,0.0,0
PAIM-618869,30 near Invertis University including Trumpet Interchange (National Highways Authority of India [NHAI]) (618869),Infrastructure & Highways,Ministry of Railways,618869,Uttar Pradesh,1957.5,1957.5,768.18,39.2,2023-03-01,2026-12-31,2028-12-31,2026-05-01,12,0.0,0
PAIM-618883,42.500] on EPC Mode in the state of Uttar Pradesh. (National Highways Authority of India [NHAI]) (618883),Infrastructure & Highways,Ministry of Railways,618883,Uttar Pradesh,2964.02,2964.02,852.72,28.8,2022-03-01,2028-12-31,2028-12-31,2026-05-01,6,0.0,0
PAIM-10634,(National Highways Authority of India [NHAI]) (618883) (N24002086) (10634),Infrastructure & Highways,Ministry of Railways,N24002086,Uttar Pradesh,3901.45,3901.45,610.78,15.7,2023-03-01,2028-12-31,2028-12-31,2026-05-01,18,0.0,0
PAIM-618884,78.150] on EPC Mode in the state of Uttar Pradesh. (National Highways Authority of India [NHAI]) (618884),Infrastructure & Highways,Ministry of Railways,618884,Uttar Pradesh,2057.63,2057.63,786.48,38.2,2021-03-01,2027-12-31,2027-12-31,2026-05-01,6,0.0,0
PAIM-10635,(National Highways Authority of India [NHAI]) (618884) (N24002087) (10635),Infrastructure & Highways,Ministry of Railways,N24002087,Uttar Pradesh,545.18,545.18,443.81,81.4,2021-03-01,2026-12-31,2029-12-31,2026-05-01,36,0.0,0
PAIM-618885,EPC Mode in the state of Uttar Pradesh. (National Highways Authority of India [NHAI]) (618885),Infrastructure & Highways,Ministry of Railways,618885,Uttar Pradesh,2256.32,2256.32,954.69,42.3,2021-03-01,2027-12-31,2027-12-31,2026-05-01,36,0.0,0
PAIM-10636,(National Highways Authority of India [NHAI]) (618885) (N24002089) (10636),Infrastructure & Highways,Ministry of Railways,N24002089,Uttar Pradesh,2177.62,2177.62,1180.15,54.2,2023-03-01,2028-12-31,2028-12-31,2026-05-01,0,0.0,0
PAIM-618893,Gorakhpur (National Highways Authority of India [NHAI]) (618893),Infrastructure & Highways,Ministry of Railways,618893,Uttar Pradesh,2012.85,2012.85,1393.46,69.2,2024-03-01,2027-12-31,2027-12-31,2026-05-01,18,0.0,0
PAIM-10642,(National Highways Authority of India [NHAI]) (618893) (-) (10642),Infrastructure & Highways,Ministry of Railways,10642,Uttar Pradesh,2535.77,2535.77,1615.09,63.7,2022-03-01,2026-12-31,2028-12-31,2026-05-01,6,0.0,0
PAIM-618911,13.700 connecting NH-24 to NH-87 bypassing rampur town (National Highways Authority of India [NHAI]) (618911),Infrastructure & Highways,Ministry of Railways,618911,Uttar Pradesh,1203.29,1203.29,462.0,38.4,2021-03-01,2028-12-31,2027-12-31,2026-05-01,36,0.0,0
PAIM-10658,(National Highways Authority of India [NHAI]) (618911) (N24002090) (10658),Infrastructure & Highways,Ministry of Railways,N24002090,Uttar Pradesh,4054.36,4054.36,2892.61,71.3,2023-03-01,2026-12-31,2027-12-31,2026-05-01,12,0.0,0
PAIM-618923,Design Length 39.560 Km  of NH-119 Pkg-II (National Highways Authority of India [NHAI]) (618923),Infrastructure & Highways,Ministry of Railways,618923,Uttar Pradesh,4287.04,4287.04,1676.91,39.1,2021-03-01,2028-12-31,2028-12-31,2026-05-01,0,0.0,0
PAIM-10669,(National Highways Authority of India [NHAI]) (618923) (-) (10669),Infrastructure & Highways,Ministry of Railways,10669,Uttar Pradesh,1794.16,1794.16,518.43,28.9,2022-03-01,2026-12-31,2028-12-31,2026-05-01,6,0.0,0
PAIM-618924,2L PS of Najibabad Kotdwar section from 112.575 to Km. 138.635 of NH 119 (National Highways Authority of India [NHAI]) (,Infrastructure & Highways,Ministry of Railways,618924,Uttar Pradesh,3889.28,3889.28,3160.3,81.3,2024-03-01,2028-12-31,2027-12-31,2026-05-01,24,0.0,0
PAIM-618925,Bijnor-Kotawali (National Highways Authority of India [NHAI]) (618925),Infrastructure & Highways,Ministry of Railways,618925,Uttar Pradesh,3111.41,3111.41,1759.91,56.6,2024-03-01,2026-12-31,2029-12-31,2026-05-01,36,0.0,0
PAIM-618927,734 Pkg-II (National Highways Authority of India [NHAI]) (618927),Infrastructure & Highways,Ministry of Railways,618927,Uttar Pradesh,2272.8,2272.8,1549.36,68.2,2023-03-01,2027-12-31,2028-12-31,2026-05-01,6,0.0,0
PAIM-10671,(National Highways Authority of India [NHAI]) (618927) (-) (10671),Infrastructure & Highways,Ministry of Railways,10671,Uttar Pradesh,2099.7,2099.7,1711.93,81.5,2022-03-01,2026-12-31,2029-12-31,2026-05-01,6,0.0,0
PAIM-618929,Km. 33.200 Pkg-I (National Highways Authority of India [NHAI]) (618929),Infrastructure & Highways,Ministry of Railways,618929,Uttar Pradesh,1945.47,1945.47,1221.93,62.8,2021-03-01,2026-12-31,2029-12-31,2026-05-01,18,0.0,0
PAIM-10673,(National Highways Authority of India [NHAI]) (618929) (-) (10673),Infrastructure & Highways,Ministry of Railways,10673,Uttar Pradesh,3579.85,3579.85,2742.94,76.6,2024-03-01,2027-12-31,2028-12-31,2026-05-01,24,0.0,0
PAIM-618959,NH-19 (National Highways Authority of India [NHAI]) (618959),Infrastructure & Highways,Ministry of Railways,618959,Uttar Pradesh,426.04,426.04,90.21,21.2,2022-03-01,2028-12-31,2028-12-31,2026-05-01,12,0.0,0
PAIM-618960,43.200 - 50.860 (National Highways Authority of India [NHAI]) (618960),Infrastructure & Highways,Ministry of Railways,618960,Uttar Pradesh,1631.61,1631.61,1364.96,83.7,2023-03-01,2026-12-31,2028-12-31,2026-05-01,18,0.0,0
PAIM-10694,(National Highways Authority of India [NHAI]) (618960) (N24002105) (10694),Infrastructure & Highways,Ministry of Railways,N24002105,Uttar Pradesh,2685.55,2685.55,1369.75,51.0,2024-03-01,2028-12-31,2028-12-31,2026-05-01,18,0.0,0
PAIM-618961,34.400  43.200 (National Highways Authority of India [NHAI]) (618961),Infrastructure & Highways,Ministry of Railways,618961,Uttar Pradesh,2787.08,2787.08,2261.98,81.2,2023-03-01,2027-12-31,2028-12-31,2026-05-01,12,0.0,0
PAIM-618968,Bypass  from Km. 82.000 to Km. 119.790 Pkg-4 (National Highways Authority of India [NHAI]) (618968),Infrastructure & Highways,Ministry of Railways,618968,Uttar Pradesh,3663.49,3663.49,2625.3,71.7,2021-03-01,2028-12-31,2028-12-31,2026-05-01,18,0.0,0
PAIM-10698,(National Highways Authority of India [NHAI]) (618968) (N24001735) (10698),Infrastructure & Highways,Ministry of Railways,N24001735,Uttar Pradesh,1037.75,1037.75,506.06,48.8,2023-03-01,2027-12-31,2027-12-31,2026-05-01,18,0.0,0
PAIM-618970,Km. 27.000 to Km. 56.500 Pkg-2 (National Highways Authority of India [NHAI]) (618970),Infrastructure & Highways,Ministry of Railways,618970,Uttar Pradesh,1915.28,1915.28,878.13,45.8,2022-03-01,2027-12-31,2029-12-31,2026-05-01,0,0.0,0
PAIM-10700,(National Highways Authority of India [NHAI]) (618970) (N24001734) (10700),Infrastructure & Highways,Ministry of Railways,N24001734,Uttar Pradesh,3370.72,3370.72,2576.26,76.4,2022-03-01,2026-12-31,2029-12-31,2026-05-01,6,0.0,0
PAIM-619162,74 Bypass of NH-119 (National Highways Authority of India [NHAI]) (619162),Infrastructure & Highways,Ministry of Railways,619162,Uttar Pradesh,1057.53,1057.53,835.61,79.0,2022-03-01,2028-12-31,2028-12-31,2026-05-01,12,0.0,0
PAIM-11817,(National Highways Authority of India [NHAI]) (619162) (N24001753) (11817),Infrastructure & Highways,Ministry of Railways,N24001753,Uttar Pradesh,2217.27,2217.27,1747.43,78.8,2024-03-01,2027-12-31,2028-12-31,2026-05-01,36,0.0,0
PAIM-619168,Lohadda from Km. 0.000  to Km. 27.000 Pkg-1 (National Highways Authority of India [NHAI]) (619168),Infrastructure & Highways,Ministry of Railways,619168,Uttar Pradesh,1974.72,1974.72,332.42,16.8,2023-03-01,2027-12-31,2028-12-31,2026-05-01,18,0.0,0
PAIM-11822,(National Highways Authority of India [NHAI]) (619168) (N24001733) (11822),Infrastructure & Highways,Ministry of Railways,N24001733,Uttar Pradesh,1138.83,1138.83,536.08,47.1,2022-03-01,2027-12-31,2029-12-31,2026-05-01,6,0.0,0
PAIM-619308,Dehradun  section  from Km.0 to Km.8.3 of NH-72A  Package-1 (NHAI) (619308),Infrastructure & Highways,Ministry of Railways,619308,Uttar Pradesh,2455.47,2455.47,349.41,14.2,2024-03-01,2028-12-31,2028-12-31,2026-05-01,36,0.0,0
PAIM-12098,(NHAI) (619308) (-) (12098),Infrastructure & Highways,Ministry of Railways,12098,Uttar Pradesh,1535.73,1535.73,936.06,61.0,2023-03-01,2026-12-31,2029-12-31,2026-05-01,6,0.0,0
PAIM-617888,296.925 10 location under EPC mode in the State of Uttarakhand on EPC Mode (MoRTH) (617888),Infrastructure & Highways,Ministry of Railways,617888,Multi-State,805.92,805.92,285.88,35.5,2022-03-01,2028-12-31,2028-12-31,2026-05-01,18,0.0,0
PAIM-617889,12509 in the State of Uttarakhand under EPC mode in NHO Annual Plan 2022-23 (MoRTH) (617889),Infrastructure & Highways,Ministry of Railways,617889,Multi-State,1027.79,1027.79,828.13,80.6,2023-03-01,2026-12-31,2029-12-31,2026-05-01,12,0.0,0
PAIM-617890,9.847 of NH-125 in District-Champawat in the state of Uttrakhand on EPC mode. (MoRTH) (617890),Infrastructure & Highways,Ministry of Railways,617890,Multi-State,1534.12,1534.12,432.23,28.2,2023-03-01,2028-12-31,2029-12-31,2026-05-01,36,0.0,0
PAIM-617929,Km 47.700 existing Km 33.130 to Km 41.260 of NH-109 in the State of Uttarakhand (MoRTH) (617929),Infrastructure & Highways,Ministry of Railways,617929,Multi-State,224.67,224.67,64.07,28.5,2024-03-01,2026-12-31,2028-12-31,2026-05-01,24,0.0,0
PAIM-617967,EPC mode in the state of Uttarakhand. (MoRTH) (617967),Infrastructure & Highways,Ministry of Railways,617967,Multi-State,2411.18,2411.18,1685.17,69.9,2022-03-01,2027-12-31,2028-12-31,2026-05-01,24,0.0,0
PAIM-617968,to Sitapur on NH 109 in UK (MoRTH) (617968),Infrastructure & Highways,Ministry of Railways,617968,Multi-State,2090.27,2090.27,923.03,44.2,2023-03-01,2027-12-31,2028-12-31,2026-05-01,12,0.0,0
PAIM-617970,92.880 of NH- (MoRTH) (617970),Infrastructure & Highways,Ministry of Railways,617970,Multi-State,4215.43,4215.43,2762.36,65.5,2021-03-01,2026-12-31,2029-12-31,2026-05-01,24,0.0,0
PAIM-617974,Dharasu to Yamunotri Road of NH- 134 Old NH-94 (MoRTH) (617974),Infrastructure & Highways,Ministry of Railways,617974,Multi-State,803.17,803.17,290.82,36.2,2023-03-01,2028-12-31,2028-12-31,2026-05-01,36,0.0,0
PAIM-617975,Uttarakhand (MoRTH) (617975),Infrastructure & Highways,Ministry of Railways,617975,Multi-State,1260.65,1260.65,586.03,46.5,2023-03-01,2027-12-31,2029-12-31,2026-05-01,18,0.0,0
PAIM-618039,Km 53.365 to Km 78.785 on NH- 507 in the State of Uttarakhand. (MoRTH) (618039),Infrastructure & Highways,Ministry of Railways,618039,Multi-State,2447.47,2447.47,426.95,17.4,2021-03-01,2027-12-31,2027-12-31,2026-05-01,36,0.0,0
PAIM-618040,534 in the State of Uttarakhand under NHO Annual Plan 2021-22 under EPC mode (MoRTH) (618040),Infrastructure & Highways,Ministry of Railways,618040,Multi-State,992.4,992.4,171.62,17.3,2023-03-01,2028-12-31,2027-12-31,2026-05-01,0,0.0,0
PAIM-618041,2021-22. (MoRTH) (618041),Infrastructure & Highways,Ministry of Railways,618041,Multi-State,4136.93,4136.93,852.09,20.6,2024-03-01,2028-12-31,2028-12-31,2026-05-01,36,0.0,0
PAIM-618119,309Ain the State of Uttarakhand Package-IV under NHO Annual Plan 2021-22 (MoRTH) (618119),Infrastructure & Highways,Ministry of Railways,618119,Multi-State,477.25,477.25,379.9,79.6,2024-03-01,2028-12-31,2029-12-31,2026-05-01,18,0.0,0
PAIM-618207,under Annual Plan 2022-23 length 50.987 (MoRTH) (618207),Infrastructure & Highways,Ministry of Railways,618207,Multi-State,1449.07,1449.07,640.19,44.2,2023-03-01,2028-12-31,2029-12-31,2026-05-01,6,0.0,0
PAIM-10213,(MoRTH) (618207) (-) (10213),Infrastructure & Highways,Ministry of Railways,10213,Multi-State,601.54,601.54,368.02,61.2,2022-03-01,2026-12-31,2027-12-31,2026-05-01,12,0.0,0
PAIM-618208,Chardham Programme in the State of Uttarakhand. (MoRTH) (618208),Infrastructure & Highways,Ministry of Railways,618208,Multi-State,276.2,276.2,130.24,47.2,2023-03-01,2027-12-31,2029-12-31,2026-05-01,6,0.0,0
PAIM-618209,Uttarakhand Length 6.35 km (MoRTH) (618209),Infrastructure & Highways,Ministry of Railways,618209,Multi-State,907.8,907.8,550.66,60.7,2022-03-01,2026-12-31,2029-12-31,2026-05-01,12,0.0,0
PAIM-618210,Length-35.605 Km CA No EPC/MORT&H/HRK/01/2021-22 (MoRTH) (618210),Infrastructure & Highways,Ministry of Railways,618210,Multi-State,4026.7,4026.7,1340.35,33.3,2024-03-01,2027-12-31,2029-12-31,2026-05-01,24,0.0,0
PAIM-10214,(MoRTH) (618210) (-) (10214),Infrastructure & Highways,Ministry of Railways,10214,Multi-State,3082.65,3082.65,1570.69,51.0,2024-03-01,2026-12-31,2028-12-31,2026-05-01,36,0.0,0
PAIM-618211,Pariyojna on EPC Mode (MoRTH) (618211),Infrastructure & Highways,Ministry of Railways,618211,Multi-State,897.87,897.87,681.04,75.9,2024-03-01,2026-12-31,2028-12-31,2026-05-01,18,0.0,0
PAIM-10215,(MoRTH) (618211) (-) (10215),Infrastructure & Highways,Ministry of Railways,10215,Multi-State,1132.28,1132.28,819.12,72.3,2024-03-01,2026-12-31,2029-12-31,2026-05-01,0,0.0,0
PAIM-618212,SLIDE - 12 NOS (MoRTH) (618212),Infrastructure & Highways,Ministry of Railways,618212,Multi-State,2682.37,2682.37,1618.57,60.3,2021-03-01,2026-12-31,2027-12-31,2026-05-01,0,0.0,0
PAIM-618213,Chardham in (MoRTH) (618213),Infrastructure & Highways,Ministry of Railways,618213,Multi-State,1785.41,1785.41,829.7,46.5,2022-03-01,2026-12-31,2028-12-31,2026-05-01,6,0.0,0
PAIM-618214,mode under improvement to NH connectivity to Chardham in the state of Uttarakhand. (MoRTH) (618214),Infrastructure & Highways,Ministry of Railways,618214,Multi-State,4339.85,4339.85,2175.72,50.1,2023-03-01,2026-12-31,2027-12-31,2026-05-01,12,0.0,0
PAIM-618218,Pariyojna on EPC mode in the state of Uttarakhand (MoRTH) (618218),Infrastructure & Highways,Ministry of Railways,618218,Multi-State,1245.5,1245.5,887.46,71.3,2024-03-01,2026-12-31,2028-12-31,2026-05-01,6,0.0,0
PAIM-618219,Malari Ch. 60.550 km road on NH- 107B under in the state of Uttarakhand. (MoRTH) (618219),Infrastructure & Highways,Ministry of Railways,618219,Multi-State,3169.42,3169.42,2114.77,66.7,2024-03-01,2026-12-31,2029-12-31,2026-05-01,0,0.0,0
PAIM-618390,along NH-134 Old NH-94 on EPC mode (NHIDCL) (618390),Infrastructure & Highways,Ministry of Railways,618390,Multi-State,984.36,984.36,363.03,36.9,2021-03-01,2027-12-31,2028-12-31,2026-05-01,0,0.0,0
PAIM-10297,(NHIDCL) (618390) (N24000855) (10297),Infrastructure & Highways,Ministry of Railways,N24000855,Multi-State,3489.11,3489.11,2818.91,80.8,2023-03-01,2027-12-31,2029-12-31,2026-05-01,6,0.0,0
PAIM-618391,01 No. Bridge from Ch. 450.00 to Ch. 468.00 18 Km. Length on NH-07 Package-III (NHIDCL) (618391),Infrastructure & Highways,Ministry of Railways,618391,Multi-State,593.45,593.45,67.63,11.4,2024-03-01,2028-12-31,2029-12-31,2026-05-01,24,0.0,0
PAIM-618392,state of Uttarakhand Package-2 (NHIDCL) (618392),Infrastructure & Highways,Ministry of Railways,618392,Multi-State,215.19,215.19,150.43,69.9,2024-03-01,2027-12-31,2028-12-31,2026-05-01,0,0.0,0
PAIM-618393,EPC Mode in Uttarakhand Package-1 (NHIDCL) (618393),Infrastructure & Highways,Ministry of Railways,618393,Multi-State,899.18,899.18,95.05,10.6,2023-03-01,2026-12-31,2028-12-31,2026-05-01,18,0.0,0
PAIM-618875,to km 27.509 of EUP mitigation measures on NH74 (National Highways Authority of India [NHAI]) (618875),Infrastructure & Highways,Ministry of Railways,618875,Multi-State,610.46,610.46,470.48,77.1,2023-03-01,2026-12-31,2027-12-31,2026-05-01,24,0.0,0
PAIM-619142,Priyojana of NH-109D on EPC mode in the State of Uttarakhand (National Highways Authority of India [NHAI]) (619142),Infrastructure & Highways,Ministry of Railways,619142,Multi-State,3069.78,3069.78,1140.89,37.2,2024-03-01,2026-12-31,2028-12-31,2026-05-01,6,0.0,0
PAIM-619155,15.100 Km 5.100 of NH 74 PKg-1 (National Highways Authority of India [NHAI]) (619155),Infrastructure & Highways,Ministry of Railways,619155,Multi-State,327.76,327.76,35.54,10.8,2024-03-01,2026-12-31,2028-12-31,2026-05-01,18,0.0,0
PAIM-11813,(National Highways Authority of India [NHAI]) (619155) (N24001526) (11813),Infrastructure & Highways,Ministry of Railways,N24001526,Multi-State,294.28,294.28,219.8,74.7,2024-03-01,2028-12-31,2028-12-31,2026-05-01,12,0.0,0
PAIM-619292,4L Medinipur to Ballupur from Km. 458.65 to Km. 487.65 of NH-07Pkg-2 (NHAI) (619292),Infrastructure & Highways,Ministry of Railways,619292,Multi-State,2509.25,2509.25,1894.82,75.5,2022-03-01,2027-12-31,2028-12-31,2026-05-01,12,0.0,0
PAIM-12093,(NHAI) (619292) (-) (12093),Infrastructure & Highways,Ministry of Railways,12093,Multi-State,3817.03,3817.03,1190.01,31.2,2021-03-01,2028-12-31,2028-12-31,2026-05-01,36,0.0,0
PAIM-619293,on EPC Mode in the State of Uttarakhand under NHO (NHAI) (619293),Infrastructure & Highways,Ministry of Railways,619293,Multi-State,1284.56,1284.56,1007.63,78.4,2024-03-01,2026-12-31,2027-12-31,2026-05-01,6,0.0,0
PAIM-619294,under NHO. (NHAI) (619294),Infrastructure & Highways,Ministry of Railways,619294,Multi-State,306.98,306.98,249.57,81.3,2023-03-01,2026-12-31,2029-12-31,2026-05-01,18,0.0,0
PAIM-619295,0.000 to Km 19.780 (NHAI) (619295),Infrastructure & Highways,Ministry of Railways,619295,Multi-State,2985.19,2985.19,1843.26,61.7,2024-03-01,2026-12-31,2028-12-31,2026-05-01,12,0.0,0
PAIM-12094,(NHAI) (619295) (-) (12094),Infrastructure & Highways,Ministry of Railways,12094,Multi-State,1998.17,1998.17,1027.55,51.4,2022-03-01,2027-12-31,2029-12-31,2026-05-01,18,0.0,0
PAIM-617893,014-W8-2023-24/527   . (MoRTH) (617893),Infrastructure & Highways,Ministry of Railways,617893,West Bengal,4008.76,4008.76,621.25,15.5,2021-03-01,2027-12-31,2029-12-31,2026-05-01,12,0.0,0
PAIM-617894,West Bengal in EPC Mode- reg.   Job No. 014-WB-2022-23/514 (MoRTH) (617894),Infrastructure & Highways,Ministry of Railways,617894,West Bengal,4347.27,4347.27,547.76,12.6,2024-03-01,2028-12-31,2029-12-31,2026-05-01,18,0.0,0
PAIM-617931,NH-60. (MoRTH) (617931),Infrastructure & Highways,Ministry of Railways,617931,West Bengal,1652.85,1652.85,449.7,27.2,2021-03-01,2028-12-31,2028-12-31,2026-05-01,6,0.0,0
PAIM-617960,Km 46.550 to Km 59.697 in the district of Malda. Job No-081-WB-2015-16/400 (MoRTH) (617960),Infrastructure & Highways,Ministry of Railways,617960,West Bengal,3188.65,3188.65,2492.43,78.2,2021-03-01,2026-12-31,2027-12-31,2026-05-01,6,0.0,0
PAIM-618227,Bengal on EPC Mode Job No. 010/WB/2021-22/490 (MoRTH) (618227),Infrastructure & Highways,Ministry of Railways,618227,West Bengal,2152.58,2152.58,1088.95,50.6,2022-03-01,2026-12-31,2028-12-31,2026-05-01,18,0.0,0
PAIM-10220,(MoRTH) (618227) (N24001850) (10220),Infrastructure & Highways,Ministry of Railways,N24001850,West Bengal,1999.17,1999.17,258.02,12.9,2021-03-01,2028-12-31,2029-12-31,2026-05-01,24,0.0,0
PAIM-618427,NH717-A on EPC under SARDP-NE A in state of West Bengal Pkg-VA (NHIDCL) (618427),Infrastructure & Highways,Ministry of Railways,618427,West Bengal,917.71,917.71,172.26,18.8,2022-03-01,2027-12-31,2029-12-31,2026-05-01,36,0.0,0
PAIM-618429,to Gangtok Lava More-Reshi Border  Pkg-VB (NHIDCL) (618429),Infrastructure & Highways,Ministry of Railways,618429,West Bengal,241.11,241.11,53.79,22.3,2024-03-01,2028-12-31,2029-12-31,2026-05-01,6,0.0,0
PAIM-618430,Mode under Phase-A of SARDP-NE in the State of West Bengal PKG- IVA (NHIDCL) (618430),Infrastructure & Highways,Ministry of Railways,618430,West Bengal,1291.72,1291.72,667.5,51.7,2022-03-01,2028-12-31,2029-12-31,2026-05-01,24,0.0,0
PAIM-618431,Mode under Phase-A of SARDP-NE in the State of West Bengal PKG- IVB (NHIDCL) (618431),Infrastructure & Highways,Ministry of Railways,618431,West Bengal,1533.19,1533.19,180.19,11.8,2021-03-01,2026-12-31,2028-12-31,2026-05-01,0,0.0,0
PAIM-618572,Binnaguri Bypass-Descoped portion of Ghoshpukur-Dhupguri Section of NH-31Dpkg-1 (National Highways Authority of India [N,Infrastructure & Highways,Ministry of Railways,618572,West Bengal,1189.1,1189.1,594.99,50.0,2024-03-01,2026-12-31,2027-12-31,2026-05-01,0,0.0,0
PAIM-618574,Ghoshpukur-Salsalabari Section (National Highways Authority of India [NHAI]) (618574),Infrastructure & Highways,Ministry of Railways,618574,West Bengal,2762.52,2762.52,551.28,20.0,2022-03-01,2028-12-31,2027-12-31,2026-05-01,18,0.0,0
PAIM-10412,(National Highways Authority of India [NHAI]) (618574) (-) (10412),Infrastructure & Highways,Ministry of Railways,10412,West Bengal,1464.4,1464.4,1124.52,76.8,2024-03-01,2027-12-31,2027-12-31,2026-05-01,18,0.0,0
PAIM-618808,6L Elevated Kona Expressway from Km. 0.145 to Km. 7.337 of NH-117 (National Highways Authority of India [NHAI]) (618808),Infrastructure & Highways,Ministry of Railways,618808,West Bengal,3004.6,3004.6,1494.89,49.8,2022-03-01,2027-12-31,2029-12-31,2026-05-01,36,0.0,0
PAIM-10575,(National Highways Authority of India [NHAI]) (618808) (-) (10575),Infrastructure & Highways,Ministry of Railways,10575,West Bengal,269.64,269.64,28.92,10.7,2024-03-01,2028-12-31,2027-12-31,2026-05-01,12,0.0,0
PAIM-618823,the district of North 24 - Parganas (National Highways Authority of India [NHAI]) (618823),Infrastructure & Highways,Ministry of Railways,618823,West Bengal,1125.33,1125.33,295.65,26.3,2024-03-01,2027-12-31,2029-12-31,2026-05-01,18,0.0,0
PAIM-618824,"to Berhampore section of NH-34 New NH-12 , in the state of West Bengal under NHO. (National Highways Authority of India ",Infrastructure & Highways,Ministry of Railways,618824,West Bengal,3865.48,3865.48,3029.56,78.4,2024-03-01,2027-12-31,2027-12-31,2026-05-01,12,0.0,0
PAIM-618825,Farakka-Raiganj (National Highways Authority of India [NHAI]) (618825),Infrastructure & Highways,Ministry of Railways,618825,West Bengal,1374.21,1374.21,890.71,64.8,2022-03-01,2027-12-31,2027-12-31,2026-05-01,12,0.0,0
PAIM-10589,(National Highways Authority of India [NHAI]) (618825) (N24001750) (10589),Infrastructure & Highways,Ministry of Railways,N24001750,West Bengal,1207.33,1207.33,217.97,18.1,2024-03-01,2027-12-31,2028-12-31,2026-05-01,24,0.0,0
PAIM-618910,4L of Purulia Bypass section from Km 84.030 to Km 94.345 of NH-32 (National Highways Authority of India [NHAI]) (618910),Infrastructure & Highways,Ministry of Railways,618910,West Bengal,4470.55,4470.55,1636.45,36.6,2023-03-01,2026-12-31,2028-12-31,2026-05-01,0,0.0,0
PAIM-10657,(National Highways Authority of India [NHAI]) (618910) (N24001749) (10657),Infrastructure & Highways,Ministry of Railways,N24001749,West Bengal,3671.06,3671.06,1931.09,52.6,2024-03-01,2026-12-31,2028-12-31,2026-05-01,18,0.0,0
PAIM-619004,23/518   . (MoRTH) (619004),Infrastructure & Highways,Ministry of Railways,619004,West Bengal,2066.18,2066.18,489.15,23.7,2022-03-01,2028-12-31,2029-12-31,2026-05-01,0,0.0,0
PAIM-10805,(MoRTH) (619004) (-) (10805),Infrastructure & Highways,Ministry of Railways,10805,West Bengal,3795.67,3795.67,2316.02,61.0,2024-03-01,2027-12-31,2029-12-31,2026-05-01,18,0.0,0
PAIM-619187,in the State of West Bengal on EPC mode (NHIDCL) (619187),Infrastructure & Highways,Ministry of Railways,619187,West Bengal,3776.41,3776.41,2855.78,75.6,2024-03-01,2026-12-31,2028-12-31,2026-05-01,18,0.0,0
PAIM-709859,OF COMMUNICATION FINANCE [NICF] AT GHITORNI (National Communication Academy - Finance [Erstwhile NICF]) (709859),Infrastructure & Highways,Ministry of Railways,709859,Delhi,2170.58,2170.58,1590.48,73.3,2021-03-01,2026-12-31,2027-12-31,2026-05-01,36,0.0,0
PAIM-617413,Upgradation (Department of Telecommunications [DoT]) (617413),Infrastructure & Highways,Ministry of Railways,617413,Maharashtra,3008.68,3008.68,2034.96,67.6,2022-03-01,2026-12-31,2029-12-31,2026-05-01,0,0.0,0
PAIM-701599,Mobile connectivity in Left Wing Extremism [LWE] affected areas-Phase2 (Department of Telecommunications [DoT]) (701599),Infrastructure & Highways,Ministry of Railways,701599,Maharashtra,1884.18,1884.18,446.42,23.7,2022-03-01,2027-12-31,2027-12-31,2026-05-01,24,0.0,0
PAIM-701602,Odisha (Department of Telecommunications [DoT]) (701602),Infrastructure & Highways,Ministry of Railways,701602,Maharashtra,242.87,242.87,124.05,51.1,2024-03-01,2028-12-31,2027-12-31,2026-05-01,18,0.0,0
PAIM-704495,and Uttar Pradesh (Department of Telecommunications [DoT]) (704495),Infrastructure & Highways,Ministry of Railways,704495,Uttar Pradesh,206.47,206.47,158.78,76.9,2022-03-01,2027-12-31,2029-12-31,2026-05-01,36,0.0,0
PAIM-400013,Saturation 4G mobile coverage of Uncovered Villages through USOF (Department of Telecommunications [DoT]) (400013),Infrastructure & Highways,Ministry of Railways,400013,Rajasthan,3924.44,3924.44,3150.57,80.3,2024-03-01,2028-12-31,2029-12-31,2026-05-01,24,0.0,0
PAIM-701593,4G Services by BSNL (Department of Telecommunications [DoT]) (701593),Infrastructure & Highways,Ministry of Railways,701593,Multi-State,4193.13,4193.13,2099.88,50.1,2021-03-01,2026-12-31,2029-12-31,2026-05-01,12,0.0,0
PAIM-19592,(03/2026) 28466 (19592) 8471.19 98.34,Infrastructure & Highways,Ministry of Railways,19592,Multi-State,8471.19,98.34,910.08,100.0,2024-03-01,2027-12-31,2027-12-31,2026-05-01,24,0.0,0
PAIM-706775,BharatNet (Department of Telecommunications [DoT]) (706775),Infrastructure & Highways,Ministry of Railways,706775,Multi-State,2397.98,2397.98,701.09,29.2,2024-03-01,2027-12-31,2027-12-31,2026-05-01,24,0.0,0
PAIM-188000,(03/2027) 61109 (188000) 46431.54 83.3,Infrastructure & Highways,Ministry of Railways,188000,Multi-State,46431.54,83.3,26176.04,100.0,2023-03-01,2027-12-31,2028-12-31,2026-05-01,0,0.0,0
PAIM-709856,ALONG WITH TEST AND MEASURING EQUIPMENT (BSNL) (709856),Infrastructure & Highways,Ministry of Railways,709856,Multi-State,3777.54,3777.54,1784.62,47.2,2024-03-01,2027-12-31,2029-12-31,2026-05-01,12,0.0,0
PAIM-709857,including Mumbai & Delhi LSA on turnkey basis under Phase IX.2 Project. (BSNL) (709857),Infrastructure & Highways,Ministry of Railways,709857,Delhi,3569.33,3569.33,1566.06,43.9,2021-03-01,2027-12-31,2027-12-31,2026-05-01,36,0.0,0
PAIM-616600,PPP mode-Namami Gange Programme (National Mission for Clean Ganga) (616600),Infrastructure & Highways,Ministry of Railways,616600,Bihar,4475.1,4475.1,932.98,20.8,2021-03-01,2026-12-31,2029-12-31,2026-05-01,0,0.0,0
PAIM-616611,under Hybrid annuity based PPP mode-Namami Gange Programme (National Mission for Clean Ganga) (616611),Infrastructure & Highways,Ministry of Railways,616611,Bihar,1059.13,1059.13,137.73,13.0,2022-03-01,2026-12-31,2028-12-31,2026-05-01,18,0.0,0
PAIM-616612,Patna under Hybrid annuity based PPP mode-Namami Gange Programme (National Mission for Clean Ganga) (616612),Infrastructure & Highways,Ministry of Railways,616612,Bihar,694.08,694.08,287.94,41.5,2021-03-01,2026-12-31,2028-12-31,2026-05-01,18,0.0,0
PAIM-616615,"Sewer Network,  SPS and STP at Begusarai (National Mission for Clean Ganga) (616615)",Infrastructure & Highways,Ministry of Railways,616615,Bihar,2073.39,2073.39,254.06,12.3,2021-03-01,2028-12-31,2027-12-31,2026-05-01,18,0.0,0
PAIM-616616,"Sewer Networks,  SPS and STP at Hajipur (National Mission for Clean Ganga) (616616)",Infrastructure & Highways,Ministry of Railways,616616,Bihar,634.87,634.87,330.67,52.1,2022-03-01,2027-12-31,2027-12-31,2026-05-01,18,0.0,0
PAIM-616594,annuity based PPP model-Namami Gange Programme (National Mission for Clean Ganga) (616594),Infrastructure & Highways,Ministry of Railways,616594,Uttar Pradesh,4183.6,4183.6,3294.14,78.7,2021-03-01,2028-12-31,2028-12-31,2026-05-01,0,0.0,0
PAIM-616605,Interception & Diversion with  STP (National Mission for Clean Ganga) (616605),Infrastructure & Highways,Ministry of Railways,616605,Uttar Pradesh,755.46,755.46,596.2,78.9,2021-03-01,2027-12-31,2029-12-31,2026-05-01,0,0.0,0
PAIM-616604,Interception & Diversion with STP (National Mission for Clean Ganga) (616604),Infrastructure & Highways,Ministry of Railways,616604,West Bengal,210.06,210.06,59.35,28.3,2021-03-01,2027-12-31,2027-12-31,2026-05-01,24,0.0,0
PAIM-400100,Sardar Gouthu Latchanna Thotapalli Barrage Project (Water Resources-AP) (400100),Infrastructure & Highways,Ministry of Railways,400100,West Bengal,3720.9,3720.9,1482.49,39.8,2023-03-01,2028-12-31,2028-12-31,2026-05-01,12,0.0,0
PAIM-400101,Gundlakamma project (Water Resources-AP) (400101),Infrastructure & Highways,Ministry of Railways,400101,Andhra Pradesh,934.82,934.82,370.07,39.6,2021-03-01,2026-12-31,2028-12-31,2026-05-01,24,0.0,0
PAIM-701415,Polavaram Irrigation Project (Water Resources-AP) (701415),Infrastructure & Highways,Ministry of Railways,701415,Andhra Pradesh,4490.95,4490.95,2469.79,55.0,2022-03-01,2027-12-31,2029-12-31,2026-05-01,24,0.0,0
PAIM-400111,Kelo Irrigation Project (Water Resources-CT) (400111),Infrastructure & Highways,Ministry of Railways,400111,Assam,2506.24,2506.24,1494.87,59.6,2021-03-01,2028-12-31,2027-12-31,2026-05-01,12,0.0,0
PAIM-701399,"Kudali Irrigation Project (Department of Water Resources, River Development & GR) (701399)",Infrastructure & Highways,Ministry of Railways,701399,Multi-State,2404.09,2404.09,1606.72,66.8,2024-03-01,2026-12-31,2027-12-31,2026-05-01,0,0.0,0
PAIM-701372,"Sardar Sarovar Project (Narmada and Water Resources, Water Supply and Kalpsar Department-GJ) (701372)",Infrastructure & Highways,Ministry of Railways,701372,Gujarat,2234.59,2234.59,372.11,16.7,2024-03-01,2027-12-31,2028-12-31,2026-05-01,0,0.0,0
PAIM-701376,"Subernarekha   Multipurpose Project, Jharkhand (Department of Water Resources-JH) (701376)",Infrastructure & Highways,Ministry of Railways,701376,Gujarat,2323.35,2323.35,448.38,19.3,2024-03-01,2026-12-31,2027-12-31,2026-05-01,0,0.0,0
PAIM-701377,Upper Tunga Irrigation Project (Water Resources-KA) (701377),Infrastructure & Highways,Ministry of Railways,701377,Karnataka,1845.95,1845.95,187.37,10.2,2024-03-01,2028-12-31,2028-12-31,2026-05-01,18,0.0,0
PAIM-400115,Bargi Diversion Project Phase - IV [km. 154 to km 197] (Water Resources-MP) (400115),Infrastructure & Highways,Ministry of Railways,400115,Karnataka,2249.16,2249.16,1435.81,63.8,2022-03-01,2026-12-31,2027-12-31,2026-05-01,18,0.0,0
PAIM-400116,Bargi Diversion Project Phase - III [km. 104 to km 154] (Water Resources-MP) (400116),Infrastructure & Highways,Ministry of Railways,400116,Madhya Pradesh,4088.95,4088.95,644.42,15.8,2023-03-01,2027-12-31,2027-12-31,2026-05-01,12,0.0,0
PAIM-617422,Bodwad Parisar Sinchan Yojna (Department of Water Resources-MH) (617422),Infrastructure & Highways,Ministry of Railways,617422,Maharashtra,3767.36,3767.36,1518.36,40.3,2022-03-01,2026-12-31,2028-12-31,2026-05-01,36,0.0,0
PAIM-701383,Waghur Project (Department of water resources-MH - II) (701383),Infrastructure & Highways,Ministry of Railways,701383,Maharashtra,3181.68,3181.68,2025.97,63.7,2022-03-01,2026-12-31,2028-12-31,2026-05-01,36,0.0,0
PAIM-701386,Gosikhurd Project (Department of water resources-MH - II) (701386),Infrastructure & Highways,Ministry of Railways,701386,Maharashtra,1759.17,1759.17,477.76,27.2,2022-03-01,2026-12-31,2029-12-31,2026-05-01,36,0.0,0
PAIM-701391,Aruna Medium Irrigation Project (Department of water resources-MH - II) (701391),Infrastructure & Highways,Ministry of Railways,701391,Maharashtra,2539.88,2539.88,612.81,24.1,2021-03-01,2027-12-31,2027-12-31,2026-05-01,18,0.0,0
PAIM-701396,Lower Pedhi Project (Department of water resources-MH - II) (701396),Infrastructure & Highways,Ministry of Railways,701396,Maharashtra,264.5,264.5,211.06,79.8,2022-03-01,2027-12-31,2029-12-31,2026-05-01,36,0.0,0
PAIM-701398,Nardave Medium Irrigation Project (Department of water resources-MH - II) (701398),Infrastructure & Highways,Ministry of Railways,701398,Maharashtra,2543.64,2543.64,2049.0,80.6,2023-03-01,2028-12-31,2027-12-31,2026-05-01,24,0.0,0
PAIM-701412,"North Koel Reservoir Project (Department of Water Resources, River Development & GR) (701412)",Infrastructure & Highways,Ministry of Railways,701412,Bihar,2461.43,2461.43,1615.96,65.7,2021-03-01,2028-12-31,2029-12-31,2026-05-01,6,0.0,0
PAIM-701530,"Ken-Betwa Linking Development Project (Department of Water Resources, River Development, ) (701530)",Infrastructure & Highways,Ministry of Railways,701530,Uttar Pradesh,3066.88,3066.88,1667.35,54.4,2022-03-01,2027-12-31,2028-12-31,2026-05-01,36,0.0,0
PAIM-10035,"(Department of Water Resources, River Development, ) (701530) (-) (10035)",Infrastructure & Highways,Ministry of Railways,10035,Odisha,848.66,848.66,610.07,71.9,2022-03-01,2027-12-31,2029-12-31,2026-05-01,24,0.0,0
PAIM-21030,(-) 21030 (21030) 8530.86 0,Infrastructure & Highways,Ministry of Railways,21030,Odisha,8530.86,8530.86,4926.57,57.7,2021-03-01,2028-12-31,2028-12-31,2026-05-01,6,0.0,0
PAIM-603945,Integrated Anandpur Barrage Project (Water Resources-OR) (603945),Infrastructure & Highways,Ministry of Railways,603945,Odisha,3076.78,3076.78,2123.65,69.0,2021-03-01,2026-12-31,2029-12-31,2026-05-01,6,0.0,0
PAIM-701402,"Subernarekha Project, Odisha (Department of Water Resources, River Development & GR) (701402)",Infrastructure & Highways,Ministry of Railways,701402,Odisha,2212.02,2212.02,1602.14,72.4,2022-03-01,2028-12-31,2028-12-31,2026-05-01,24,0.0,0
PAIM-701404,Kanupur Irrigation Project (Irrigation and CAD-TG) (701404),Infrastructure & Highways,Ministry of Railways,701404,Odisha,1156.45,1156.45,231.66,20.0,2022-03-01,2027-12-31,2027-12-31,2026-05-01,12,0.0,0
PAIM-701410,Relining of  Rajasthan feeder and Sirhind Feeder canal (Department of Water Resources-PB) (701410),Infrastructure & Highways,Ministry of Railways,701410,Odisha,1928.9,1928.9,1115.42,57.8,2024-03-01,2028-12-31,2029-12-31,2026-05-01,6,0.0,0
PAIM-701411,Shahpur Kandi Dam Project (Department of Water Resources-PB) (701411),Infrastructure & Highways,Ministry of Railways,701411,Punjab,810.93,810.93,377.95,46.6,2023-03-01,2028-12-31,2029-12-31,2026-05-01,0,0.0,0
PAIM-400102,Sri Ram Sagar Project Stage - II (Irrigation and CAD-TG) (400102),Infrastructure & Highways,Ministry of Railways,400102,Telangana,912.49,912.49,157.39,17.2,2024-03-01,2028-12-31,2029-12-31,2026-05-01,18,0.0,0
PAIM-400103,Indiramma Flood Flow Canal Project (Irrigation and CAD-TG) (400103),Infrastructure & Highways,Ministry of Railways,400103,Telangana,3820.16,3820.16,2967.26,77.7,2021-03-01,2026-12-31,2027-12-31,2026-05-01,36,0.0,0
PAIM-701405,J. Chokka Rao Devadula Lift Irrigation Scheme (Irrigation and CAD-TG) (701405),Infrastructure & Highways,Ministry of Railways,701405,Telangana,3848.98,3848.98,2905.01,75.5,2023-03-01,2027-12-31,2029-12-31,2026-05-01,24,0.0,0
PAIM-14730,(12/2025) 8200.71 (14730) 4784.54 87.7,Infrastructure & Highways,Ministry of Railways,14730,Telangana,4784.54,87.7,2236.79,100.0,2024-03-01,2028-12-31,2028-12-31,2026-05-01,18,0.0,0
PAIM-701406,Rajiv Bhima Lift Irrigation Scheme (Irrigation and CAD-TG) (701406),Infrastructure & Highways,Ministry of Railways,701406,Telangana,2829.87,2829.87,2374.42,83.9,2024-03-01,2026-12-31,2027-12-31,2026-05-01,6,0.0,0
PAIM-701395,"Morna [Gureghar] Irrigation Project (Department of Water Resources, River Development & GR) (701395)",Infrastructure & Highways,Ministry of Railways,701395,Uttar Pradesh,704.91,704.91,564.86,80.1,2023-03-01,2026-12-31,2027-12-31,2026-05-01,6,0.0,0
PAIM-701408,Madhya Ganga canal Phase-II (Irrigation & Water Resources-UP) (701408),Infrastructure & Highways,Ministry of Railways,701408,Uttar Pradesh,2429.13,2429.13,644.98,26.6,2024-03-01,2027-12-31,2029-12-31,2026-05-01,24,0.0,0
PAIM-613787,Jamrani Dam Multipurpose Project (Irrigation-UK) (613787),Infrastructure & Highways,Ministry of Railways,613787,Uttar Pradesh,3487.0,3487.0,2572.73,73.8,2024-03-01,2027-12-31,2028-12-31,2026-05-01,6,0.0,0
