project_code,project_name,sector,ministry,implementing_agency,state,original_cost,revised_cost,expenditure,physical_progress,sanction_date,original_doc,revised_doc,snapshot_date,target_final_delay_months,target_cost_overrun_pct,target_is_high_risk
PAIM-108841,"Amended BharatNet Program - KTK, GOA, PY (Department of Telecommunications) (108841)",Infrastructure & Highways,Ministry of Road Transport & Highways,108841,Uttar Pradesh,429.74,429.74,101.32,23.6,2023-03-01,2027-12-31,2028-12-31,2026-06-01,18,0.0,0
PAIM-222253,Amended BharatNet Program - UP (East) (Department of Telecommunications) (222253),Infrastructure & Highways,Ministry of Road Transport & Highways,222253,Uttar Pradesh,719.78,719.78,175.72,24.4,2024-03-01,2028-12-31,2029-12-31,2026-06-01,6,0.0,0
PAIM-708687,Amended BharatNet Program - UP (West) (Department of Telecommunications) (708687),Infrastructure & Highways,Ministry of Road Transport & Highways,708687,Uttar Pradesh,3527.7,3527.7,1378.98,39.1,2024-03-01,2028-12-31,2027-12-31,2026-06-01,36,0.0,0
PAIM-619248,Length 24.819 Km in the state of Arunachal Pradesh on EPC mode Pkg-1 (NHIDCL) (619248),Infrastructure & Highways,Ministry of Road Transport & Highways,619248,Multi-State,2009.76,2009.76,1194.01,59.4,2024-03-01,2026-12-31,2027-12-31,2026-06-01,0,0.0,0
PAIM-619039,Procurement & Construction EPC Basis (MoRTH) (619039),Infrastructure & Highways,Ministry of Road Transport & Highways,619039,Multi-State,1308.24,1308.24,1035.6,79.2,2023-03-01,2027-12-31,2027-12-31,2026-06-01,18,0.0,0
PAIM-619347,2025-26 (MoRTH) (619347),Infrastructure & Highways,Ministry of Road Transport & Highways,619347,Multi-State,3690.6,3690.6,1857.99,50.3,2023-03-01,2026-12-31,2028-12-31,2026-06-01,6,0.0,0
PAIM-618892,"Chainage -Km 33185 to Km 41000, Design Length-7.815 Km Package-IIB (NHAI) (618892)",Infrastructure & Highways,Ministry of Road Transport & Highways,618892,Multi-State,3134.25,3134.25,896.15,28.6,2021-03-01,2027-12-31,2027-12-31,2026-06-01,12,0.0,0
PAIM-618729,junction with  NH-20 in Bongabar village from km 288.600 to km 325.500 Pkg -11 (NHAI) (618729),Infrastructure & Highways,Ministry of Road Transport & Highways,618729,Multi-State,3909.36,3909.36,2544.23,65.1,2023-03-01,2026-12-31,2028-12-31,2026-06-01,24,0.0,0
PAIM-618733,358.500  Pkg -12 (NHAI) (618733),Infrastructure & Highways,Ministry of Road Transport & Highways,618733,Multi-State,2417.72,2417.72,985.44,40.8,2021-03-01,2026-12-31,2029-12-31,2026-06-01,12,0.0,0
PAIM-619204,528550 & LVUP 1 x 15m at Sherekarpada Km. 528800 (NHAI) (619204),Infrastructure & Highways,Ministry of Road Transport & Highways,619204,Maharashtra,2069.98,2069.98,835.71,40.4,2021-03-01,2026-12-31,2027-12-31,2026-06-01,0,0.0,0
PAIM-619298,on EPC mode under NHO (NHAI) (619298),Infrastructure & Highways,Ministry of Road Transport & Highways,619298,Maharashtra,1791.16,1791.16,1031.2,57.6,2021-03-01,2028-12-31,2029-12-31,2026-06-01,6,0.0,0
PAIM-619299,EPC Mode. (NHAI) (619299),Infrastructure & Highways,Ministry of Road Transport & Highways,619299,Maharashtra,1222.07,1222.07,558.09,45.7,2023-03-01,2027-12-31,2029-12-31,2026-06-01,18,0.0,0
PAIM-619300,EPC Mode (NHAI) (619300),Infrastructure & Highways,Ministry of Road Transport & Highways,619300,Maharashtra,2482.98,2482.98,1375.17,55.4,2024-03-01,2027-12-31,2027-12-31,2026-06-01,6,0.0,0
PAIM-618648,"Village Ballowal, km 0000 to km 25240 (NHAI) (618648)",Infrastructure & Highways,Ministry of Road Transport & Highways,618648,Punjab,637.17,637.17,103.87,16.3,2021-03-01,2027-12-31,2028-12-31,2026-06-01,12,0.0,0
PAIM-619270,"Engineering, Procurement & Construction EPC Mode (NHAI) (619270)",Infrastructure & Highways,Ministry of Road Transport & Highways,619270,Rajasthan,3106.45,3106.45,786.67,25.3,2021-03-01,2026-12-31,2027-12-31,2026-06-01,18,0.0,0
PAIM-619271,Section of NH-48 in Udaipur District in the State of Rajasthan on EPC mode (NHAI) (619271),Infrastructure & Highways,Ministry of Road Transport & Highways,619271,Rajasthan,4498.4,4498.4,745.34,16.6,2024-03-01,2026-12-31,2027-12-31,2026-06-01,36,0.0,0
PAIM-618842,Jaunpur Section  Design km 0.00 to Km 53177 of NH-31 (NHAI) (618842),Infrastructure & Highways,Ministry of Road Transport & Highways,618842,Uttar Pradesh,3202.68,3202.68,765.51,23.9,2023-03-01,2028-12-31,2027-12-31,2026-06-01,18,0.0,0
PAIM-706724,Guwahati Airport New Integrated Terminal Building Construction Project (Adani Airport Holdings Limited) (706724),Infrastructure & Highways,Ministry of Civil Aviation,706724,Assam,4054.06,4054.06,740.37,18.3,2024-03-01,2026-12-31,2027-12-31,2026-06-01,6,0.0,0
PAIM-706718,C/o NITB Imphal Airport (Airport Authority of India [AAI]) (706718),Infrastructure & Highways,Ministry of Civil Aviation,706718,Assam,4496.62,4496.62,2572.14,57.2,2024-03-01,2027-12-31,2027-12-31,2026-06-01,36,0.0,0
PAIM-612793,with integrated 10 years maintenance. (Airport Authority of India [AAI]) (612793),Infrastructure & Highways,Ministry of Civil Aviation,612793,Assam,412.28,412.28,70.88,17.2,2024-03-01,2027-12-31,2029-12-31,2026-06-01,36,0.0,0
PAIM-615821,TIRAP OCP (INVALID CO.) (615821),Infrastructure & Highways,Ministry of Civil Aviation,615821,Assam,686.43,686.43,490.84,71.5,2024-03-01,2028-12-31,2028-12-31,2026-06-01,24,0.0,0
PAIM-615820,TIKAK EXTENSION OCP (INVALID CO.) (615820),Infrastructure & Highways,Ministry of Civil Aviation,615820,Assam,2316.5,2316.5,1499.23,64.7,2023-03-01,2028-12-31,2029-12-31,2026-06-01,6,0.0,0
PAIM-612898,"Pradesh (National Institute of Technology, Arunachal Pradesh) (612898)",Infrastructure & Highways,Ministry of Civil Aviation,612898,Assam,1258.18,1258.18,853.53,67.8,2021-03-01,2027-12-31,2029-12-31,2026-06-01,36,0.0,0
PAIM-606112,Tezpur University Projects (Tezpur University) (606112),Infrastructure & Highways,Ministry of Civil Aviation,606112,Assam,3647.75,3647.75,1381.87,37.9,2021-03-01,2027-12-31,2027-12-31,2026-06-01,18,0.0,0
PAIM-612885,"Permanent Campus at Sohra (National Institute of Technology, Meghalaya) (612885)",Infrastructure & Highways,Ministry of Civil Aviation,612885,Multi-State,2857.07,2857.07,1637.68,57.3,2022-03-01,2028-12-31,2028-12-31,2026-06-01,0,0.0,0
PAIM-612876,"Construction of Permanent Campus for NIT Mizoram at Lengpui, Aizawl (NIT Mizoram) (612876)",Infrastructure & Highways,Ministry of Civil Aviation,612876,Multi-State,819.75,819.75,381.66,46.6,2022-03-01,2027-12-31,2029-12-31,2026-06-01,18,0.0,0
PAIM-613013,Establishment of NIT Nagaland (NIT Nagaland) (613013),Infrastructure & Highways,Ministry of Civil Aviation,613013,Multi-State,1621.31,1621.31,805.3,49.7,2024-03-01,2028-12-31,2028-12-31,2026-06-01,6,0.0,0
PAIM-612883,District (NIT Sikkim) (612883),Infrastructure & Highways,Ministry of Civil Aviation,612883,Multi-State,2529.72,2529.72,1834.36,72.5,2022-03-01,2027-12-31,2028-12-31,2026-06-01,12,0.0,0
PAIM-609736,Sikkim (Sikkim University) (609736),Infrastructure & Highways,Ministry of Civil Aviation,609736,Multi-State,3676.45,3676.45,890.48,24.2,2024-03-01,2027-12-31,2028-12-31,2026-06-01,0,0.0,0
PAIM-400081,"National Sports University [NSU], Imphal [Manipur] (Department of Sports & Youth Affairs) (400081)",Infrastructure & Highways,Ministry of Civil Aviation,400081,Multi-State,1907.86,1907.86,1323.36,69.4,2023-03-01,2027-12-31,2029-12-31,2026-06-01,6,0.0,0
PAIM-602182,Dibang Multipurpose Project (National Hydroelectric Power Corporation Limited [NHPC]) (602182),Infrastructure & Highways,Ministry of Civil Aviation,602182,Multi-State,2768.5,2768.5,878.46,31.7,2022-03-01,2028-12-31,2029-12-31,2026-06-01,18,0.0,0
PAIM-611698,240MW Heo HE Project (North Eastern Electric Power Corporation Limited) (611698),Infrastructure & Highways,Ministry of Civil Aviation,611698,Multi-State,3786.16,3786.16,2356.35,62.2,2023-03-01,2027-12-31,2029-12-31,2026-06-01,0,0.0,0
PAIM-611699,186 MW Tato-I H E Project (North Eastern Electric Power Corporation Limited) (611699),Infrastructure & Highways,Ministry of Civil Aviation,611699,Multi-State,2212.69,2212.69,1240.04,56.0,2023-03-01,2027-12-31,2027-12-31,2026-06-01,18,0.0,0
PAIM-611716,700 MW Tato-II HE Project (North Eastern Electric Power Corporation Limited) (611716),Infrastructure & Highways,Ministry of Civil Aviation,611716,Multi-State,1671.0,1671.0,816.94,48.9,2021-03-01,2027-12-31,2029-12-31,2026-06-01,12,0.0,0
PAIM-619311,Kalai-II Hydro Electric Project [1200 MW] (THDC India Limited) (619311),Infrastructure & Highways,Ministry of Civil Aviation,619311,Multi-State,3403.66,3403.66,2009.86,59.0,2021-03-01,2027-12-31,2027-12-31,2026-06-01,6,0.0,0
PAIM-602096,Subansiri Lower HE Project [2000 MW] (National Hydroelectric Power Corporation Limited [NHPC]) (602096),Infrastructure & Highways,Ministry of Civil Aviation,602096,Assam,699.64,699.64,320.48,45.8,2024-03-01,2028-12-31,2027-12-31,2026-06-01,24,0.0,0
PAIM-602181,through NCLT] (National Hydroelectric Power Corporation Limited [NHPC]) (602181),Infrastructure & Highways,Ministry of Civil Aviation,602181,Multi-State,822.15,822.15,658.42,80.1,2022-03-01,2027-12-31,2027-12-31,2026-06-01,36,0.0,0
PAIM-605156,A wholly owned subsidiary of NHPC Ltd. acquired through NCLT (National Hydroelectric Power Corporation Limited [NHPC]) (,Infrastructure & Highways,Ministry of Civil Aviation,605156,Multi-State,968.08,968.08,625.89,64.7,2022-03-01,2026-12-31,2029-12-31,2026-06-01,24,0.0,0
PAIM-617375,North Eastern Region Expansion Scheme-XXIII [NERES-XXIII] (Power Grid Corporation of India Limited [POWERGRID]) (617375),Infrastructure & Highways,Ministry of Petroleum & Natural Gas,617375,Multi-State,1298.11,1298.11,918.03,70.7,2022-03-01,2026-12-31,2028-12-31,2026-06-01,36,0.0,0
PAIM-602223,[T&D] Systems [CSST&DS] in Arunachal Pradesh and Sikkim (Power Grid Corporation of India Limited [POWERGRID]) (602223),Infrastructure & Highways,Ministry of Petroleum & Natural Gas,602223,Multi-State,2528.55,2528.55,526.62,20.8,2024-03-01,2026-12-31,2029-12-31,2026-06-01,12,0.0,0
PAIM-607709,[NERPSIP] (Power Grid Corporation of India Limited [POWERGRID]) (607709),Infrastructure & Highways,Ministry of Petroleum & Natural Gas,607709,Assam,3412.84,3412.84,1378.55,40.4,2022-03-01,2026-12-31,2027-12-31,2026-06-01,6,0.0,0
PAIM-709755,"Setting up of new rail fed POL facility at Kamardanga, Assam (Hindustan Petroleum Corporation Limited [HPCL]) (709755)",Infrastructure & Highways,Ministry of Petroleum & Natural Gas,709755,Assam,635.44,635.44,436.43,68.7,2022-03-01,2026-12-31,2029-12-31,2026-06-01,36,0.0,0
PAIM-709754,"Construction of LPG Facilities at Kamardanga, Assam (Hindustan Petroleum Corporation Limited) (709754)",Infrastructure & Highways,Ministry of Petroleum & Natural Gas,709754,Assam,3801.74,3801.74,1775.5,46.7,2024-03-01,2028-12-31,2028-12-31,2026-06-01,24,0.0,0
PAIM-701349,[COIT] at Paradip (Ministry of Petroleum & Natural Gas) (701349),Infrastructure & Highways,Ministry of Petroleum & Natural Gas,701349,Assam,1556.65,1556.65,467.39,30.0,2024-03-01,2026-12-31,2029-12-31,2026-06-01,12,0.0,0
PAIM-617829,LPG Bottling Plant at Mualkhang (MinistryofPetroleumNaturalGas) (617829),Infrastructure & Highways,Ministry of Petroleum & Natural Gas,617829,Assam,2473.2,2473.2,373.01,15.1,2023-03-01,2026-12-31,2029-12-31,2026-06-01,6,0.0,0
PAIM-619316,"Group Gathering Station, Lakwagaon (Ministry of Petroleum & Natural Gas) (619316)",Infrastructure & Highways,Ministry of Petroleum & Natural Gas,619316,Assam,1748.69,1748.69,705.65,40.4,2023-03-01,2027-12-31,2029-12-31,2026-06-01,12,0.0,0
PAIM-617836,Coke Drum Structure Package (Ministry of Petroleum & Natural Gas) (617836),Infrastructure & Highways,Ministry of Petroleum & Natural Gas,617836,Assam,1433.12,1433.12,540.95,37.7,2023-03-01,2028-12-31,2029-12-31,2026-06-01,18,0.0,0
PAIM-617827,"Pipeline Rehabilitation Project, Phase-II (Ministry of Petroleum & Natural Gas) (617827)",Infrastructure & Highways,Ministry of Petroleum & Natural Gas,617827,Assam,488.37,488.37,243.23,49.8,2024-03-01,2027-12-31,2029-12-31,2026-06-01,18,0.0,0
PAIM-616858,processing & transportation of natural Gas to be produced from Baghjan Field (Ministry of Petroleum & Natural Gas) (6168,Infrastructure & Highways,Ministry of Petroleum & Natural Gas,616858,Assam,1570.75,1570.75,521.06,33.2,2022-03-01,2028-12-31,2028-12-31,2026-06-01,12,0.0,0
PAIM-604863,Natural Gas from Nadua and East Khagorija (Ministry of Petroleum & Natural Gas) (604863),Infrastructure & Highways,Ministry of Petroleum & Natural Gas,604863,Assam,347.63,347.63,103.73,29.8,2024-03-01,2028-12-31,2029-12-31,2026-06-01,24,0.0,0
PAIM-604791,Numaligarh Refinery Expansion Project (Ministry of Petroleum & Natural Gas) (604791),Infrastructure & Highways,Ministry of Petroleum & Natural Gas,604791,Assam,318.53,318.53,133.91,42.0,2023-03-01,2026-12-31,2027-12-31,2026-06-01,18,0.0,0
PAIM-709865,Scheme (NRL) (709865),Infrastructure & Highways,Ministry of Petroleum & Natural Gas,709865,Assam,4060.89,4060.89,2592.13,63.8,2021-03-01,2026-12-31,2028-12-31,2026-06-01,24,0.0,0
PAIM-709864,DCU Revamp Project (NRL) (709864),Infrastructure & Highways,Ministry of Petroleum & Natural Gas,709864,Assam,1767.38,1767.38,1003.69,56.8,2024-03-01,2028-12-31,2027-12-31,2026-06-01,0,0.0,0
PAIM-709850,Borholla GGS Life Extension Project [BLEP] (Ministry of Petroleum & Natural Gas) (709850),Infrastructure & Highways,Ministry of Petroleum & Natural Gas,709850,Assam,473.85,473.85,101.69,21.5,2022-03-01,2027-12-31,2028-12-31,2026-06-01,18,0.0,0
PAIM-709847,Pipeline Network Project Rudrasagar (Ministry of Petroleum & Natural Gas) (709847),Infrastructure & Highways,Ministry of Petroleum & Natural Gas,709847,Assam,1227.62,1227.62,588.02,47.9,2023-03-01,2026-12-31,2028-12-31,2026-06-01,6,0.0,0
PAIM-709779,Capacity Expansion of Digboi Refinery from 0.65 to 1.0 MMTPA (MinistryofPetroleumNaturalGas) (709779),Infrastructure & Highways,Ministry of Petroleum & Natural Gas,709779,Assam,991.65,991.65,126.36,12.7,2022-03-01,2028-12-31,2027-12-31,2026-06-01,6,0.0,0
PAIM-709776,Augmentation/Revamping of Facilities at existing Guwahati Terminal at Betkuchi (MinistryofPetroleumNaturalGas) (709776),Infrastructure & Highways,Ministry of Petroleum & Natural Gas,709776,Assam,1810.39,1810.39,834.37,46.1,2021-03-01,2026-12-31,2028-12-31,2026-06-01,18,0.0,0
PAIM-701346,North East Gas Grid (Ministry of Petroleum & Natural Gas) (701346),Infrastructure & Highways,Ministry of Petroleum & Natural Gas,701346,Assam,2021.89,2021.89,1239.95,61.3,2021-03-01,2027-12-31,2028-12-31,2026-06-01,0,0.0,0
PAIM-709786,"Augmentation/ Revamping of Dimapur Depot, Dimapur (MinistryofPetroleumNaturalGas) (709786)",Infrastructure & Highways,Ministry of Petroleum & Natural Gas,709786,Assam,1051.5,1051.5,819.97,78.0,2024-03-01,2026-12-31,2029-12-31,2026-06-01,18,0.0,0
PAIM-709837,"Creation of Gas Dehydration  Facilities, Tripura Asset (Oil and Natural Gas Corporation Limited [ONGC]) (709837)",Infrastructure & Highways,Ministry of Petroleum & Natural Gas,709837,Multi-State,2475.91,2475.91,944.1,38.1,2022-03-01,2028-12-31,2028-12-31,2026-06-01,6,0.0,0
PAIM-706989,"Establishment of new GMC West Garo Hills [Tura] (Medical Education, Ministry of Health and Family Welfare) (706989)",Infrastructure & Highways,Ministry of Petroleum & Natural Gas,706989,Multi-State,2900.23,2900.23,1187.13,40.9,2024-03-01,2026-12-31,2028-12-31,2026-06-01,24,0.0,0
PAIM-707067,"Establishment of new GMC Mon (Medical Education, Ministry of Health and Family Welfare) (707067)",Infrastructure & Highways,Ministry of Petroleum & Natural Gas,707067,Multi-State,3908.58,3908.58,2448.06,62.6,2021-03-01,2026-12-31,2028-12-31,2026-06-01,24,0.0,0
PAIM-707039,"Establishment of new GMC Gangtok (Medical Education, Ministry of Health and Family Welfare) (707039)",Infrastructure & Highways,Ministry of Health and Family Welfare,707039,Multi-State,1115.67,1115.67,548.82,49.2,2024-03-01,2028-12-31,2028-12-31,2026-06-01,6,0.0,0
PAIM-618986,Furkating-New Tinsukia[194 Km] (Northeast Frontier Railway [NFR]) (618986),Infrastructure & Highways,Ministry of Health and Family Welfare,618986,Assam,3047.91,3047.91,1504.94,49.4,2023-03-01,2028-12-31,2028-12-31,2026-06-01,0,0.0,0
PAIM-706942,Harmuty-Murkongselek Branch Line Electrification Project (GM/C/ NFR) (706942),Infrastructure & Highways,Ministry of Health and Family Welfare,706942,Assam,235.41,235.41,171.69,72.9,2023-03-01,2027-12-31,2028-12-31,2026-06-01,6,0.0,0
PAIM-706940,"Mariani-Jorhat, Tinsukia-Dangri and Makum -TirapTrack Electrification Project (GM/C/ NFR) (706940)",Infrastructure & Highways,Ministry of Health and Family Welfare,706940,Assam,3761.92,3761.92,2684.86,71.4,2024-03-01,2028-12-31,2027-12-31,2026-06-01,12,0.0,0
PAIM-705572,Doubling of New Bonggigaon to Kamakhya via Goalpara - 176 km (Northeast Frontier Railway [NFR]) (705572),Infrastructure & Highways,Ministry of Health and Family Welfare,705572,Assam,1373.78,1373.78,346.5,25.2,2024-03-01,2028-12-31,2027-12-31,2026-06-01,12,0.0,0
PAIM-706922,Guwahati-Dibrugarh via Tinsukia & Simaluguri-Dibrugarh (Central Organisation for Railway Electrification [CORE]) (706922,Infrastructure & Highways,Ministry of Health and Family Welfare,706922,Assam,1829.17,1829.17,983.26,53.8,2021-03-01,2027-12-31,2027-12-31,2026-06-01,18,0.0,0
PAIM-705391,Jiribam-Imphal new line project (Northeast Frontier Railway [NFR]) (705391),Infrastructure & Highways,Ministry of Health and Family Welfare,705391,Assam,1847.33,1847.33,842.52,45.6,2023-03-01,2027-12-31,2027-12-31,2026-06-01,12,0.0,0
PAIM-705396,Byrnihat-Shillong New Rail Line- 108 km (Northeast Frontier Railway [NFR]) (705396),Infrastructure & Highways,Ministry of Health and Family Welfare,705396,Assam,1896.53,1896.53,737.96,38.9,2022-03-01,2026-12-31,2028-12-31,2026-06-01,12,0.0,0
PAIM-705401,Murkongselek-Pasighat (Northeast Frontier Railway [NFR] - II) (705401),Infrastructure & Highways,Ministry of Health and Family Welfare,705401,Assam,2722.89,2722.89,887.08,32.6,2024-03-01,2028-12-31,2027-12-31,2026-06-01,36,0.0,0
PAIM-705394,Tetlia-Byrnihat New Railway Line (Northeast Frontier Railway [NFR]) (705394),Infrastructure & Highways,Ministry of Health and Family Welfare,705394,Assam,1133.51,1133.51,448.08,39.5,2024-03-01,2027-12-31,2027-12-31,2026-06-01,18,0.0,0
PAIM-616701,Lumding Furkating Doubling Project 140 km (Northeast Frontier Railway [NFR]) (616701),Infrastructure & Highways,Ministry of Health and Family Welfare,616701,Assam,3007.1,3007.1,911.21,30.3,2023-03-01,2026-12-31,2028-12-31,2026-06-01,0,0.0,0
PAIM-705392,Dimapur [Dhansiri]-Sukhobi Kohima [Zubza] NL [82.5 Km] (Northeast Frontier Railway [NFR] - II) (705392),Infrastructure & Highways,Ministry of Health and Family Welfare,705392,Assam,2678.25,2678.25,1850.66,69.1,2024-03-01,2027-12-31,2028-12-31,2026-06-01,24,0.0,0
PAIM-705432,Sivok-Rangpo New Rail Line (Indian Railway Construction International Limited [IRCON]) (705432),Infrastructure & Highways,Ministry of Health and Family Welfare,705432,Assam,3475.6,3475.6,2350.91,67.6,2022-03-01,2026-12-31,2029-12-31,2026-06-01,6,0.0,0
PAIM-617892,SARDP-NE/P-P/Pkg-A/NH-13/Ar.Pr./PWD/2018-19/116] (MoRTH) (617892),Infrastructure & Highways,Ministry of Health and Family Welfare,617892,Multi-State,602.18,602.18,511.84,85.0,2024-03-01,2026-12-31,2028-12-31,2026-06-01,12,0.0,0
PAIM-618033,415/Ar. P/2020-21/031 (MoRTH) (618033),Infrastructure & Highways,Ministry of Health and Family Welfare,618033,Multi-State,984.7,984.7,658.95,66.9,2023-03-01,2027-12-31,2029-12-31,2026-06-01,18,0.0,0
PAIM-618433,Arunachal Pradesh on EPC Mode under SARDP-NE Pkg-7 (NHIDCL) (618433),Infrastructure & Highways,Ministry of Health and Family Welfare,618433,Multi-State,4379.08,4379.08,1739.94,39.7,2021-03-01,2028-12-31,2029-12-31,2026-06-01,12,0.0,0
PAIM-618434,Roing-Hunli Road Greenfield Alignment Project (NHIDCL) (618434),Infrastructure & Highways,Ministry of Health and Family Welfare,618434,Multi-State,2395.29,2395.29,1203.34,50.2,2023-03-01,2027-12-31,2029-12-31,2026-06-01,36,0.0,0
PAIM-618445,Balance Work (NHIDCL) (618445),Infrastructure & Highways,Ministry of Health and Family Welfare,618445,Multi-State,1602.09,1602.09,353.77,22.1,2023-03-01,2027-12-31,2027-12-31,2026-06-01,6,0.0,0
PAIM-619014,Length-35.066 Km in the state of Arunachal Pradesh on EPC mode Pkg-2 (NHIDCL) (619014),Infrastructure & Highways,Ministry of Health and Family Welfare,619014,Multi-State,2726.51,2726.51,1328.14,48.7,2021-03-01,2028-12-31,2029-12-31,2026-06-01,24,0.0,0
PAIM-618405,the State of Arunachal Pradesh on EPC mode Pkg-1 (NHIDCL) (618405),Infrastructure & Highways,Ministry of Health and Family Welfare,618405,Multi-State,3400.06,3400.06,2355.88,69.3,2024-03-01,2027-12-31,2027-12-31,2026-06-01,6,0.0,0
PAIM-618404,Vijaynagar along China border in state of Arunachal pradesh on EPC mode (NHIDCL) (618404),Infrastructure & Highways,Ministry of Health and Family Welfare,618404,Multi-State,3535.14,3535.14,2631.83,74.4,2023-03-01,2027-12-31,2029-12-31,2026-06-01,24,0.0,0
PAIM-618403,NHO-NE (NHIDCL) (618403),Infrastructure & Highways,Ministry of Health and Family Welfare,618403,Multi-State,3641.61,3641.61,506.14,13.9,2022-03-01,2026-12-31,2028-12-31,2026-06-01,36,0.0,0
PAIM-618402,Package-I (NHIDCL) (618402),Infrastructure & Highways,Ministry of Health and Family Welfare,618402,Multi-State,2986.92,2986.92,2102.11,70.4,2024-03-01,2027-12-31,2029-12-31,2026-06-01,36,0.0,0
PAIM-618401,on EPC Mode Pkg-3 (NHIDCL) (618401),Infrastructure & Highways,Ministry of Health and Family Welfare,618401,Multi-State,446.56,446.56,173.67,38.9,2022-03-01,2027-12-31,2028-12-31,2026-06-01,0,0.0,0
PAIM-618308,Pariyojana in Economic Corridors Silchar- Churaibari Package-2 (NHIDCL) (618308),Infrastructure & Highways,Ministry of Health and Family Welfare,618308,Assam,2444.49,2444.49,572.95,23.4,2021-03-01,2027-12-31,2028-12-31,2026-06-01,6,0.0,0
PAIM-618309,Mode Package-4 (NHIDCL) (618309),Infrastructure & Highways,Ministry of Health and Family Welfare,618309,Assam,1025.55,1025.55,455.24,44.4,2021-03-01,2027-12-31,2027-12-31,2026-06-01,24,0.0,0
PAIM-618310,Border on Silchar-Churaibari  in the State of Assam on HAM Mode Package-7 (NHIDCL) (618310),Infrastructure & Highways,Ministry of Health and Family Welfare,618310,Assam,3379.65,3379.65,1194.26,35.3,2021-03-01,2026-12-31,2029-12-31,2026-06-01,36,0.0,0
PAIM-618311,border in the state of Assam on HAM Mode Package-6 (NHIDCL) (618311),Infrastructure & Highways,Ministry of Health and Family Welfare,618311,Assam,1408.78,1408.78,289.21,20.5,2022-03-01,2026-12-31,2027-12-31,2026-06-01,6,0.0,0
PAIM-618312,NH-8 on Silchar-Churaibari in the state of Assam on HAM Mode Package-5 (NHIDCL) (618312),Infrastructure & Highways,Ministry of Health and Family Welfare,618312,Assam,423.0,423.0,74.91,17.7,2024-03-01,2027-12-31,2029-12-31,2026-06-01,12,0.0,0
PAIM-618313,Kalinagar Pt I on NH-37 in Assam on HAM Mode Pkg-1 (NHIDCL) (618313),Infrastructure & Highways,Ministry of Health and Family Welfare,618313,Assam,1873.58,1873.58,1101.91,58.8,2022-03-01,2028-12-31,2027-12-31,2026-06-01,24,0.0,0
PAIM-618314,Pariyojna on EPC mode. Project Length 29.360 km under NHO-NE Package-2 (NHIDCL) (618314),Infrastructure & Highways,Ministry of Health and Family Welfare,618314,Assam,3483.39,3483.39,426.87,12.3,2022-03-01,2028-12-31,2027-12-31,2026-06-01,6,0.0,0
PAIM-618315,EPC mode Package-1 (NHIDCL) (618315),Infrastructure & Highways,Ministry of Health and Family Welfare,618315,Assam,668.77,668.77,330.69,49.4,2022-03-01,2027-12-31,2027-12-31,2026-06-01,18,0.0,0
PAIM-618325,Dillai to Lahorijan Package-7 (NHIDCL) (618325),Infrastructure & Highways,Ministry of Health and Family Welfare,618325,Assam,316.41,316.41,162.25,51.3,2023-03-01,2028-12-31,2027-12-31,2026-06-01,18,0.0,0
PAIM-618326,Daboka-Parokhaowa of NH 29 on EPC under NHO-NE Package-1 (NHIDCL) (618326),Infrastructure & Highways,Ministry of Health and Family Welfare,618326,Assam,2497.09,2497.09,1237.24,49.5,2024-03-01,2027-12-31,2027-12-31,2026-06-01,12,0.0,0
PAIM-618331,Package Silchar-Jiribam Pkg-1 in the state of Assam on HAM Mode (NHIDCL) (618331),Infrastructure & Highways,Ministry of Health and Family Welfare,618331,Assam,1035.62,1035.62,543.03,52.4,2023-03-01,2028-12-31,2027-12-31,2026-06-01,36,0.0,0
PAIM-618289,and Design Km 0.000 to km 14.660 under BMP on EPC mode (NHIDCL) (618289),Infrastructure & Highways,Ministry of Health and Family Welfare,618289,Assam,2223.02,2223.02,1460.09,65.7,2022-03-01,2026-12-31,2028-12-31,2026-06-01,6,0.0,0
PAIM-618288,"Mowatari, before Chapar Bypass  in the state ol Assam on HAM mode Package-1 (NHIDCL) (618288)",Infrastructure & Highways,Ministry of Health and Family Welfare,618288,Assam,1875.88,1875.88,935.94,49.9,2024-03-01,2026-12-31,2028-12-31,2026-06-01,6,0.0,0
PAIM-618287,NE Package-2 (NHIDCL) (618287),Infrastructure & Highways,Ministry of Health and Family Welfare,618287,Assam,2767.36,2767.36,1932.49,69.8,2022-03-01,2026-12-31,2027-12-31,2026-06-01,36,0.0,0
PAIM-618286,4385 across River Brahmaputra on NH-17 at Jogighopa in Assam on EPC mode (NHIDCL) (618286),Infrastructure & Highways,Ministry of Health and Family Welfare,618286,Assam,1945.93,1945.93,571.49,29.4,2021-03-01,2027-12-31,2029-12-31,2026-06-01,36,0.0,0
PAIM-618284,NHO-NE Package-8 (NHIDCL) (618284),Infrastructure & Highways,Ministry of Health and Family Welfare,618284,Assam,2193.94,2193.94,1262.37,57.5,2024-03-01,2027-12-31,2027-12-31,2026-06-01,36,0.0,0
PAIM-618283,4-L Bilasipara-Guwahati Package-9 (NHIDCL) (618283),Infrastructure & Highways,Ministry of Health and Family Welfare,618283,Assam,2948.97,2948.97,1643.4,55.7,2023-03-01,2026-12-31,2027-12-31,2026-06-01,6,0.0,0
PAIM-618282,4-L Bilasipara-Guwahati Package-10 (NHIDCL) (618282),Infrastructure & Highways,Ministry of Health and Family Welfare,618282,Assam,2843.86,2843.86,1802.46,63.4,2024-03-01,2027-12-31,2028-12-31,2026-06-01,18,0.0,0
PAIM-618160,Job no. 715/AS/2020-21/213 (MoRTH) (618160),Infrastructure & Highways,Ministry of Health and Family Welfare,618160,Assam,530.82,530.82,243.58,45.9,2023-03-01,2026-12-31,2027-12-31,2026-06-01,12,0.0,0
PAIM-618159,20.479 km in the State of Assam Job No. 715K/AS/2023-24/256 (MoRTH) (618159),Infrastructure & Highways,Ministry of Health and Family Welfare,618159,Assam,1405.04,1405.04,936.75,66.7,2022-03-01,2026-12-31,2028-12-31,2026-06-01,18,0.0,0
PAIM-618034,No.427/AS/2022-23/245 (MoRTH) (618034),Infrastructure & Highways,Ministry of Health and Family Welfare,618034,Assam,1508.87,1508.87,405.44,26.9,2021-03-01,2026-12-31,2027-12-31,2026-06-01,12,0.0,0
PAIM-617896,31/AS/ 2023-24/265 (MoRTH) (617896),Infrastructure & Highways,Ministry of Health and Family Welfare,617896,Assam,1921.22,1921.22,1225.6,63.8,2023-03-01,2026-12-31,2027-12-31,2026-06-01,18,0.0,0
PAIM-617895,15/AS/2021-22/234 (MoRTH) (617895),Infrastructure & Highways,Ministry of Health and Family Welfare,617895,Assam,1009.22,1009.22,283.73,28.1,2021-03-01,2026-12-31,2027-12-31,2026-06-01,24,0.0,0
PAIM-618444,Mode in the state of Assam  Pkg-IV Structures & Toll Plaza (NHIDCL) (618444),Infrastructure & Highways,Ministry of Health and Family Welfare,618444,Assam,2287.48,2287.48,909.81,39.8,2023-03-01,2026-12-31,2029-12-31,2026-06-01,18,0.0,0
PAIM-618443,under EPC Mode in the state of Assam Pkg-II Road Works (NHIDCL) (618443),Infrastructure & Highways,Ministry of Health and Family Welfare,618443,Assam,1457.03,1457.03,652.85,44.8,2022-03-01,2027-12-31,2027-12-31,2026-06-01,0,0.0,0
PAIM-618454,from Jogighopa Railway Station to MMLP (NHIDCL) (618454),Infrastructure & Highways,Ministry of Health and Family Welfare,618454,Assam,2697.85,2697.85,1172.75,43.5,2021-03-01,2028-12-31,2029-12-31,2026-06-01,12,0.0,0
PAIM-618455,Mode Package-I Road and Utility Works (NHIDCL) (618455),Infrastructure & Highways,Ministry of Health and Family Welfare,618455,Assam,2326.19,2326.19,463.05,19.9,2021-03-01,2028-12-31,2027-12-31,2026-06-01,18,0.0,0
PAIM-618934,Guwahati Ring Road in the State of Assam (NHAI) (618934),Infrastructure & Highways,Ministry of Health and Family Welfare,618934,Assam,520.07,520.07,308.5,59.3,2024-03-01,2026-12-31,2027-12-31,2026-06-01,24,0.0,0
PAIM-618958,Myanmar (NHAI) (618958),Infrastructure & Highways,Ministry of Health and Family Welfare,618958,Assam,3214.1,3214.1,1508.29,46.9,2022-03-01,2026-12-31,2027-12-31,2026-06-01,6,0.0,0
PAIM-619013,under EPC Mode in the state of Assam Pkg-II Road Works (NHIDCL) (619013),Infrastructure & Highways,Ministry of Health and Family Welfare,619013,Assam,2845.87,2845.87,2387.05,83.9,2021-03-01,2028-12-31,2028-12-31,2026-06-01,12,0.0,0
PAIM-619057,Pariyojana in Economic Corridors Silchar- Churaibari Pkg-3 (NHIDCL) (619057),Infrastructure & Highways,Ministry of Health and Family Welfare,619057,Assam,3434.66,3434.66,1498.92,43.6,2024-03-01,2028-12-31,2029-12-31,2026-06-01,12,0.0,0
PAIM-619060,under EPC Mode in the state of Assam Pkg-III Road Works (NHIDCL) (619060),Infrastructure & Highways,Ministry of Health and Family Welfare,619060,Assam,665.81,665.81,117.0,17.6,2022-03-01,2026-12-31,2028-12-31,2026-06-01,18,0.0,0
PAIM-619089,Km 0.000 to Km 49.230 of NH-27 (NHAI) (619089),Infrastructure & Highways,Ministry of Health and Family Welfare,619089,Assam,4139.89,4139.89,951.83,23.0,2023-03-01,2026-12-31,2028-12-31,2026-06-01,24,0.0,0
PAIM-618442,under EPC Mode in the state of Assam Pkg-III Road Works (NHIDCL) (618442),Infrastructure & Highways,Ministry of Health and Family Welfare,618442,Assam,2859.21,2859.21,2212.96,77.4,2021-03-01,2028-12-31,2027-12-31,2026-06-01,36,0.0,0
PAIM-618441,under EPC Mode in the state of Assam Pkg-I Road Works (NHIDCL) (618441),Infrastructure & Highways,Ministry of Health and Family Welfare,618441,Assam,3412.9,3412.9,2257.93,66.2,2021-03-01,2027-12-31,2028-12-31,2026-06-01,24,0.0,0
PAIM-618440,the state of Assam Pkg- IV Structures & Toll Plaza (NHIDCL) (618440),Infrastructure & Highways,Ministry of Health and Family Welfare,618440,Assam,1556.69,1556.69,156.83,10.1,2021-03-01,2027-12-31,2028-12-31,2026-06-01,12,0.0,0
PAIM-618339,NH-38 in Tinsukia District under NHO- NE Package-4 (NHIDCL) (618339),Infrastructure & Highways,Ministry of Health and Family Welfare,618339,Assam,3146.52,3146.52,1697.85,54.0,2024-03-01,2028-12-31,2027-12-31,2026-06-01,0,0.0,0
PAIM-618340,EPCMode under NHO-NE Package-3 (NHIDCL) (618340),Infrastructure & Highways,Ministry of Health and Family Welfare,618340,Assam,3906.98,3906.98,3295.22,84.3,2024-03-01,2028-12-31,2028-12-31,2026-06-01,36,0.0,0
PAIM-618439,EPC Mode in the state of Assam Pkg-I Road Works (NHIDCL) (618439),Infrastructure & Highways,Ministry of Health and Family Welfare,618439,Assam,3975.83,3975.83,1390.01,35.0,2023-03-01,2027-12-31,2028-12-31,2026-06-01,6,0.0,0
PAIM-618438,"SARDP-NE, Phase 'A' in the State of Assam on EPC mode (NHIDCL) (618438)",Infrastructure & Highways,Ministry of Health and Family Welfare,618438,Assam,2007.93,2007.93,1052.84,52.4,2022-03-01,2028-12-31,2027-12-31,2026-06-01,12,0.0,0
PAIM-618437,works & Toll Plaza (NHIDCL) (618437),Infrastructure & Highways,Ministry of Health and Family Welfare,618437,Assam,3524.28,3524.28,502.19,14.2,2021-03-01,2026-12-31,2029-12-31,2026-06-01,36,0.0,0
PAIM-618436,to Km 208.000 of NH-52 on EPC mode in state of Assam under SARDP-NE (NHIDCL) (618436),Infrastructure & Highways,Ministry of Health and Family Welfare,618436,Assam,2915.95,2915.95,542.06,18.6,2024-03-01,2028-12-31,2029-12-31,2026-06-01,36,0.0,0
PAIM-618435,NH-37 on EPC basis under SARDP-NE in state of Assam (NHIDCL) (618435),Infrastructure & Highways,Ministry of Health and Family Welfare,618435,Assam,1020.88,1020.88,244.24,23.9,2021-03-01,2027-12-31,2028-12-31,2026-06-01,18,0.0,0
PAIM-618351,Package-10 (NHIDCL) (618351),Infrastructure & Highways,Ministry of Health and Family Welfare,618351,Assam,3436.36,3436.36,1979.61,57.6,2024-03-01,2026-12-31,2029-12-31,2026-06-01,12,0.0,0
PAIM-618352,9 (NHIDCL) (618352),Infrastructure & Highways,Ministry of Health and Family Welfare,618352,Assam,1923.27,1923.27,1177.35,61.2,2021-03-01,2027-12-31,2028-12-31,2026-06-01,24,0.0,0
PAIM-618353,Package 8 (NHIDCL) (618353),Infrastructure & Highways,Ministry of Health and Family Welfare,618353,Assam,2498.89,2498.89,368.0,14.7,2022-03-01,2028-12-31,2027-12-31,2026-06-01,12,0.0,0
PAIM-618354,km 116.550 near Hangrum Package-7 on EPC mode Package7 (NHIDCL) (618354),Infrastructure & Highways,Ministry of Health and Family Welfare,618354,Assam,289.25,289.25,97.54,33.7,2021-03-01,2026-12-31,2027-12-31,2026-06-01,36,0.0,0
PAIM-618373,NH-127B under JICA ODA Loan assistance Phase-III (NHIDCL) (618373),Infrastructure & Highways,Ministry of Health and Family Welfare,618373,Assam,906.01,906.01,523.99,57.8,2024-03-01,2026-12-31,2028-12-31,2026-06-01,18,0.0,0
PAIM-618371,Km under JICA ODA Loan assistance Phase-V -Balance work (NHIDCL) (618371),Infrastructure & Highways,Ministry of Health and Family Welfare,618371,Assam,630.47,630.47,262.07,41.6,2024-03-01,2026-12-31,2028-12-31,2026-06-01,36,0.0,0
PAIM-618306,"under Bharatmala Pariyojana, under NHO-NE  Package-5 (NHIDCL) (618306)",Infrastructure & Highways,Ministry of Health and Family Welfare,618306,Multi-State,266.99,266.99,50.73,19.0,2022-03-01,2027-12-31,2027-12-31,2026-06-01,6,0.0,0
PAIM-618305,mode under Bharatmala Pariyojana under NHO-NE  Package-6 (NHIDCL) (618305),Infrastructure & Highways,Ministry of Health and Family Welfare,618305,Multi-State,709.27,709.27,222.91,31.4,2023-03-01,2028-12-31,2029-12-31,2026-06-01,36,0.0,0
PAIM-618304,"Bharatmala Pariyojana, under NHO-NE Package-7 (NHIDCL) (618304)",Infrastructure & Highways,Ministry of Health and Family Welfare,618304,Multi-State,3084.29,3084.29,1503.15,48.7,2021-03-01,2028-12-31,2029-12-31,2026-06-01,36,0.0,0
PAIM-618303,state of Manipur on EPC mode Package-1 (NHIDCL) (618303),Infrastructure & Highways,Ministry of Health and Family Welfare,618303,Multi-State,833.56,833.56,591.67,71.0,2022-03-01,2027-12-31,2027-12-31,2026-06-01,18,0.0,0
PAIM-618302,state of Manipur on EPC mode Package-2 (NHIDCL) (618302),Infrastructure & Highways,Ministry of Health and Family Welfare,618302,Multi-State,2553.44,2553.44,1033.59,40.5,2024-03-01,2027-12-31,2029-12-31,2026-06-01,6,0.0,0
PAIM-618416,22.340 km on NH-129A in the State of Manipur on EPC mode (NHIDCL) (618416),Infrastructure & Highways,Ministry of Health and Family Welfare,618416,Multi-State,1134.95,1134.95,611.16,53.8,2024-03-01,2028-12-31,2029-12-31,2026-06-01,12,0.0,0
PAIM-618415,40.000 km on NH-129A in the State of Manipur on EPC mode (NHIDCL) (618415),Infrastructure & Highways,Ministry of Health and Family Welfare,618415,Multi-State,1836.6,1836.6,1022.45,55.7,2023-03-01,2028-12-31,2027-12-31,2026-06-01,24,0.0,0
PAIM-618389,of Manipur on EPC mode under NHO-TSP Package -4 (NHIDCL) (618389),Infrastructure & Highways,Ministry of Health and Family Welfare,618389,Multi-State,2366.08,2366.08,1950.75,82.4,2022-03-01,2027-12-31,2029-12-31,2026-06-01,36,0.0,0
PAIM-618388,of Manipur on EPC mode under NHO-TSP Package -3 (NHIDCL) (618388),Infrastructure & Highways,Ministry of Health and Family Welfare,618388,Multi-State,1283.19,1283.19,535.05,41.7,2022-03-01,2027-12-31,2028-12-31,2026-06-01,0,0.0,0
PAIM-618387,EPC mode under NHO-NE Package-2 (NHIDCL) (618387),Infrastructure & Highways,Ministry of Health and Family Welfare,618387,Multi-State,681.05,681.05,86.83,12.7,2024-03-01,2026-12-31,2029-12-31,2026-06-01,24,0.0,0
PAIM-618358,EPC Mode Package-6 (NHIDCL) (618358),Infrastructure & Highways,Ministry of Health and Family Welfare,618358,Multi-State,4459.24,4459.24,621.65,13.9,2021-03-01,2027-12-31,2028-12-31,2026-06-01,18,0.0,0
PAIM-618338,Balance Works & Rectification works (NHIDCL) (618338),Infrastructure & Highways,Ministry of Health and Family Welfare,618338,Multi-State,549.37,549.37,285.98,52.1,2023-03-01,2027-12-31,2028-12-31,2026-06-01,18,0.0,0
PAIM-618357,Mandeu on EPC Mode Package 5 (NHIDCL) (618357),Infrastructure & Highways,Ministry of Health and Family Welfare,618357,Multi-State,3851.15,3851.15,2499.29,64.9,2022-03-01,2027-12-31,2029-12-31,2026-06-01,12,0.0,0
PAIM-618333,PKG-7 (NHIDCL) (618333),Infrastructure & Highways,Ministry of Health and Family Welfare,618333,Multi-State,3910.14,3910.14,2352.45,60.2,2021-03-01,2027-12-31,2028-12-31,2026-06-01,6,0.0,0
PAIM-618334,NHO-TSP PKG-6 (NHIDCL) (618334),Infrastructure & Highways,Ministry of Health and Family Welfare,618334,Multi-State,654.06,654.06,310.25,47.4,2021-03-01,2026-12-31,2029-12-31,2026-06-01,0,0.0,0
PAIM-618335,Puilon Kambiron Village on EPC Mode in Manipur PKG-5 (NHIDCL) (618335),Infrastructure & Highways,Ministry of Health and Family Welfare,618335,Multi-State,1892.93,1892.93,1115.11,58.9,2022-03-01,2026-12-31,2029-12-31,2026-06-01,6,0.0,0
PAIM-618336,km 103.557 on EPC Mode in Manipur PKG-4 (NHIDCL) (618336),Infrastructure & Highways,Ministry of Health and Family Welfare,618336,Multi-State,4190.75,4190.75,1795.54,42.8,2022-03-01,2028-12-31,2027-12-31,2026-06-01,0,0.0,0
PAIM-618337,33.395 to km 67.496 on EPC Mode in Manipur PKG-3 (NHIDCL) (618337),Infrastructure & Highways,Ministry of Health and Family Welfare,618337,Multi-State,1742.16,1742.16,886.77,50.9,2024-03-01,2027-12-31,2027-12-31,2026-06-01,36,0.0,0
PAIM-618301,297.700 of NH-39 New NH-02 in state of Manipur on EPC mode Pkg-5A (NHIDCL) (618301),Infrastructure & Highways,Ministry of Health and Family Welfare,618301,Multi-State,377.14,377.14,41.4,11.0,2022-03-01,2026-12-31,2027-12-31,2026-06-01,0,0.0,0
PAIM-618300,from Km 262175 to Km 274610 in the state of Manipur on EPC mode Pkg-4A (NHIDCL) (618300),Infrastructure & Highways,Ministry of Health and Family Welfare,618300,Multi-State,3661.79,3661.79,1180.81,32.2,2021-03-01,2027-12-31,2029-12-31,2026-06-01,0,0.0,0
PAIM-618299,from Km 274610 to Km 287000 in the state of Manipur on EPC mode Pkg-4B (NHIDCL) (618299),Infrastructure & Highways,Ministry of Health and Family Welfare,618299,Multi-State,3258.82,3258.82,1664.52,51.1,2023-03-01,2028-12-31,2027-12-31,2026-06-01,0,0.0,0
PAIM-618298,Pkg-5B (NHIDCL) (618298),Infrastructure & Highways,Ministry of Health and Family Welfare,618298,Multi-State,985.76,985.76,619.32,62.8,2022-03-01,2028-12-31,2028-12-31,2026-06-01,0,0.0,0
PAIM-618356,near Phelong on EPC Mode Package-3 (NHIDCL) (618356),Infrastructure & Highways,Ministry of Health and Family Welfare,618356,Multi-State,3574.83,3574.83,2605.11,72.9,2021-03-01,2027-12-31,2028-12-31,2026-06-01,24,0.0,0
PAIM-618355,Package-2 (NHIDCL) (618355),Infrastructure & Highways,Ministry of Health and Family Welfare,618355,Multi-State,3114.19,3114.19,1103.28,35.4,2021-03-01,2027-12-31,2029-12-31,2026-06-01,6,0.0,0
PAIM-618344,on EPC mode Package-3 (NHIDCL) (618344),Infrastructure & Highways,Ministry of Health and Family Welfare,618344,Multi-State,3873.74,3873.74,1309.02,33.8,2024-03-01,2026-12-31,2028-12-31,2026-06-01,12,0.0,0
PAIM-618345,Package-2B (NHIDCL) (618345),Infrastructure & Highways,Ministry of Health and Family Welfare,618345,Multi-State,4114.1,4114.1,3444.0,83.7,2021-03-01,2028-12-31,2028-12-31,2026-06-01,36,0.0,0
PAIM-618346,NHO Package-2A (NHIDCL) (618346),Infrastructure & Highways,Ministry of Health and Family Welfare,618346,Multi-State,3089.91,3089.91,767.54,24.8,2023-03-01,2027-12-31,2028-12-31,2026-06-01,6,0.0,0
PAIM-618347,NHO Package-1B (NHIDCL) (618347),Infrastructure & Highways,Ministry of Health and Family Welfare,618347,Multi-State,2914.02,2914.02,1331.51,45.7,2022-03-01,2026-12-31,2029-12-31,2026-06-01,6,0.0,0
PAIM-618348,State of Manipur on EPC Mode (NHIDCL) (618348),Infrastructure & Highways,Ministry of Health and Family Welfare,618348,Multi-State,1711.68,1711.68,1219.66,71.3,2024-03-01,2026-12-31,2029-12-31,2026-06-01,0,0.0,0
PAIM-618349,Package-4A in the State of Manipur on EPC Mode (NHIDCL) (618349),Infrastructure & Highways,Ministry of Health and Family Welfare,618349,Multi-State,637.5,637.5,109.92,17.2,2023-03-01,2028-12-31,2029-12-31,2026-06-01,0,0.0,0
PAIM-618374,assistance Phase-II Pkg-5 -Balance work (NHIDCL) (618374),Infrastructure & Highways,Ministry of Health and Family Welfare,618374,Multi-State,3367.12,3367.12,1574.59,46.8,2024-03-01,2027-12-31,2027-12-31,2026-06-01,12,0.0,0
PAIM-618375,Balance work Pkg-4 (NHIDCL) (618375),Infrastructure & Highways,Ministry of Health and Family Welfare,618375,Multi-State,381.46,381.46,274.47,72.0,2022-03-01,2027-12-31,2027-12-31,2026-06-01,6,0.0,0
PAIM-618376,ODA Loan assistance Phase-II -Balance Work-Pkg-2 (NHIDCL) (618376),Infrastructure & Highways,Ministry of Health and Family Welfare,618376,Multi-State,2802.17,2802.17,1313.68,46.9,2021-03-01,2028-12-31,2027-12-31,2026-06-01,36,0.0,0
PAIM-618377,under JICA ODA Loan assistance Phase-II -Balance Work Pkg-1 (NHIDCL) (618377),Infrastructure & Highways,Ministry of Health and Family Welfare,618377,Multi-State,1225.88,1225.88,202.26,16.5,2024-03-01,2027-12-31,2028-12-31,2026-06-01,18,0.0,0
PAIM-617885,NE  ong-Don-Maw/MG/2020-21/294 (MoRTH) (617885),Infrastructure & Highways,Ministry of Health and Family Welfare,617885,Assam,2194.91,2194.91,406.35,18.5,2021-03-01,2027-12-31,2027-12-31,2026-06-01,18,0.0,0
PAIM-618418,NE in the State of Meghalaya  Package-1 (NHIDCL) (618418),Infrastructure & Highways,Ministry of Health and Family Welfare,618418,Assam,1055.74,1055.74,623.18,59.0,2024-03-01,2028-12-31,2029-12-31,2026-06-01,6,0.0,0
PAIM-618419,state of Meghalaya on EPC Mode Greenfield alignment (NHIDCL) (618419),Infrastructure & Highways,Ministry of Health and Family Welfare,618419,Multi-State,1749.91,1749.91,1411.76,80.7,2021-03-01,2028-12-31,2029-12-31,2026-06-01,12,0.0,0
PAIM-618420,of Meghalaya on EPC Mode (NHIDCL) (618420),Infrastructure & Highways,Ministry of Health and Family Welfare,618420,Multi-State,641.99,641.99,194.27,30.3,2024-03-01,2028-12-31,2028-12-31,2026-06-01,24,0.0,0
PAIM-618295,Km 8600 to Km 53000 of Old NH-62 under BMP Lot-1 Pkg-1B Meghalaya portion (NHIDCL) (618295),Infrastructure & Highways,Ministry of Health and Family Welfare,618295,Multi-State,4462.75,4462.75,3620.1,81.1,2024-03-01,2026-12-31,2029-12-31,2026-06-01,36,0.0,0
PAIM-618294,of NH-1278 under Bharatmala Pariyojana Lot-1 Pkg-1B Meghalaya portion (NHIDCL) (618294),Infrastructure & Highways,Ministry of Health and Family Welfare,618294,Multi-State,3667.48,3667.48,486.94,13.3,2022-03-01,2028-12-31,2028-12-31,2026-06-01,6,0.0,0
PAIM-618421,Meghalaya on EPC Mode Greenfield alignment (NHIDCL) (618421),Infrastructure & Highways,Ministry of Health and Family Welfare,618421,Multi-State,4125.29,4125.29,2542.15,61.6,2023-03-01,2027-12-31,2027-12-31,2026-06-01,0,0.0,0
PAIM-618076,31.500 Goeragre to km 63.224 Package-II in state of Meghalaya (MoRTH) (618076),Infrastructure & Highways,Ministry of Health and Family Welfare,618076,Multi-State,1739.52,1739.52,584.51,33.6,2024-03-01,2027-12-31,2028-12-31,2026-06-01,18,0.0,0
PAIM-618452,"in the State of Mizoram on EPC mode under NHO-NE, stretch of IMBR (NHIDCL) (618452)",Infrastructure & Highways,Ministry of Health and Family Welfare,618452,Multi-State,549.95,549.95,302.83,55.1,2024-03-01,2028-12-31,2029-12-31,2026-06-01,6,0.0,0
PAIM-618383,section under JICA ODA Loan assistance Phase-I Package-8 (NHIDCL) (618383),Infrastructure & Highways,Ministry of Health and Family Welfare,618383,Multi-State,3865.3,3865.3,3028.57,78.4,2022-03-01,2027-12-31,2029-12-31,2026-06-01,24,0.0,0
PAIM-618380,Tuipang Section of NH-54 in the State of Mizoram Package-3 (NHIDCL) (618380),Infrastructure & Highways,Ministry of Health and Family Welfare,618380,Multi-State,592.13,592.13,470.88,79.5,2021-03-01,2028-12-31,2027-12-31,2026-06-01,24,0.0,0
PAIM-618379,Tuipang Section of NH-54 in the State of Mizoram Package-5 (NHIDCL) (618379),Infrastructure & Highways,Ministry of Health and Family Welfare,618379,Multi-State,4239.72,4239.72,755.42,17.8,2021-03-01,2027-12-31,2028-12-31,2026-06-01,24,0.0,0
PAIM-618316,Pariyojna under NHO-NE. Package-1&2 in Assam state (NHIDCL) (618316),Infrastructure & Highways,Ministry of Health and Family Welfare,618316,Assam,520.3,520.3,272.78,52.4,2024-03-01,2027-12-31,2027-12-31,2026-06-01,24,0.0,0
PAIM-618317,Pariyojna on EPC mode Vairengte - Sairang Pkg-4 (NHIDCL) (618317),Infrastructure & Highways,Ministry of Health and Family Welfare,618317,Multi-State,1483.35,1483.35,330.57,22.3,2024-03-01,2026-12-31,2029-12-31,2026-06-01,12,0.0,0
PAIM-618318,under NHO-NE Vairengte - Sairang Pkg-5 (NHIDCL) (618318),Infrastructure & Highways,Ministry of Health and Family Welfare,618318,Multi-State,1172.96,1172.96,375.17,32.0,2022-03-01,2027-12-31,2028-12-31,2026-06-01,12,0.0,0
PAIM-618319,"on Silchar-Vairengte- Sairang road, Vairengte - Sairang Pkg-6 (NHIDCL) (618319)",Infrastructure & Highways,Ministry of Health and Family Welfare,618319,Multi-State,3723.3,3723.3,2679.88,72.0,2022-03-01,2026-12-31,2028-12-31,2026-06-01,36,0.0,0
PAIM-619010,NHO-NE Package-3  Keifang- Tuivai Pkg-3 (NHIDCL) (619010),Infrastructure & Highways,Ministry of Health and Family Welfare,619010,Multi-State,638.04,638.04,140.8,22.1,2021-03-01,2026-12-31,2029-12-31,2026-06-01,36,0.0,0
PAIM-618320,Sairang road in the State of Mizoram on EPC mode (NHIDCL) (618320),Infrastructure & Highways,Ministry of Health and Family Welfare,618320,Multi-State,1973.3,1973.3,435.19,22.1,2022-03-01,2028-12-31,2028-12-31,2026-06-01,0,0.0,0
PAIM-618321,Pariyojna on EPC mode under NHO-NE Package-8 (NHIDCL) (618321),Infrastructure & Highways,Ministry of Health and Family Welfare,618321,Multi-State,2619.71,2619.71,737.64,28.2,2024-03-01,2027-12-31,2027-12-31,2026-06-01,18,0.0,0
PAIM-618323,2 (NHIDCL) (618323),Infrastructure & Highways,Ministry of Health and Family Welfare,618323,Multi-State,3319.88,3319.88,787.59,23.7,2021-03-01,2026-12-31,2029-12-31,2026-06-01,12,0.0,0
PAIM-618324,Pariyojna on EPC Mode under NHO-NE (NHIDCL) (618324),Infrastructure & Highways,Ministry of Health and Family Welfare,618324,Multi-State,1037.51,1037.51,635.15,61.2,2023-03-01,2028-12-31,2029-12-31,2026-06-01,36,0.0,0
PAIM-619321,Mizoram. (MoRTH) (619321),Infrastructure & Highways,Ministry of Health and Family Welfare,619321,Multi-State,3295.52,3295.52,1503.89,45.6,2023-03-01,2028-12-31,2027-12-31,2026-06-01,24,0.0,0
PAIM-618363,under Bharatmala Pariyojana on EPC mode [Pkg-B] (NHIDCL) (618363),Infrastructure & Highways,Ministry of Health and Family Welfare,618363,Multi-State,407.22,407.22,70.87,17.4,2021-03-01,2026-12-31,2027-12-31,2026-06-01,6,0.0,0
PAIM-618362,A (NHIDCL) (618362),Infrastructure & Highways,Ministry of Health and Family Welfare,618362,Multi-State,1468.59,1468.59,676.18,46.0,2024-03-01,2027-12-31,2028-12-31,2026-06-01,0,0.0,0
PAIM-618359,EPC mode under Bharatmala Pariyojna of Length 27.514 Km Package-3 (NHIDCL) (618359),Infrastructure & Highways,Ministry of Health and Family Welfare,618359,Assam,1561.21,1561.21,797.88,51.1,2022-03-01,2028-12-31,2029-12-31,2026-06-01,18,0.0,0
PAIM-618291,state of Nagaland Under SARDP-NE on EPC Mode Package- 3 (NHIDCL) (618291),Infrastructure & Highways,Ministry of Health and Family Welfare,618291,Multi-State,4317.75,4317.75,2249.87,52.1,2022-03-01,2027-12-31,2028-12-31,2026-06-01,0,0.0,0
PAIM-618290,State of Nagaland under SARDP-NE on EPC Mode Package-IV (NHIDCL) (618290),Infrastructure & Highways,Ministry of Health and Family Welfare,618290,Multi-State,1215.06,1215.06,813.58,67.0,2024-03-01,2028-12-31,2027-12-31,2026-06-01,36,0.0,0
PAIM-618423,Balance work (NHIDCL) (618423),Infrastructure & Highways,Ministry of Health and Family Welfare,618423,Multi-State,2952.48,2952.48,418.32,14.2,2022-03-01,2027-12-31,2029-12-31,2026-06-01,0,0.0,0
PAIM-618422,SARDP-NE package-V  Balance work (NHIDCL) (618422),Infrastructure & Highways,Ministry of Health and Family Welfare,618422,Multi-State,1798.25,1798.25,203.38,11.3,2024-03-01,2028-12-31,2029-12-31,2026-06-01,18,0.0,0
PAIM-618292,state of Nagaland Under SARDP-NE on EPC Mode Package-2 (NHIDCL) (618292),Infrastructure & Highways,Ministry of Health and Family Welfare,618292,Multi-State,871.64,871.64,536.89,61.6,2021-03-01,2027-12-31,2027-12-31,2026-06-01,6,0.0,0
PAIM-618072,Km 220.00 of NH-61 New NH-02 in the state of Nagaland. (MoRTH) (618072),Infrastructure & Highways,Ministry of Health and Family Welfare,618072,Multi-State,831.21,831.21,240.89,29.0,2023-03-01,2028-12-31,2028-12-31,2026-06-01,24,0.0,0
PAIM-618293,on EPC Mode Package-1 -Balance work (NHIDCL) (618293),Infrastructure & Highways,Ministry of Health and Family Welfare,618293,Multi-State,2064.11,2064.11,265.59,12.9,2022-03-01,2027-12-31,2027-12-31,2026-06-01,18,0.0,0
PAIM-618296,on EPC Mode Package-V under NHO (NHIDCL) (618296),Infrastructure & Highways,Ministry of Health and Family Welfare,618296,Multi-State,3563.21,3563.21,2263.55,63.5,2021-03-01,2028-12-31,2027-12-31,2026-06-01,36,0.0,0
PAIM-618297,Mode under NHO Package-II -Balance work (NHIDCL) (618297),Infrastructure & Highways,Ministry of Health and Family Welfare,618297,Multi-State,4436.47,4436.47,1859.45,41.9,2024-03-01,2026-12-31,2028-12-31,2026-06-01,36,0.0,0
PAIM-618328,Bypass under SARDP-NE Package-III (NHIDCL) (618328),Infrastructure & Highways,Ministry of Health and Family Welfare,618328,Multi-State,1175.22,1175.22,616.94,52.5,2024-03-01,2027-12-31,2028-12-31,2026-06-01,0,0.0,0
PAIM-618364,on EPC mode under NH O-NE (NHIDCL) (618364),Infrastructure & Highways,Ministry of Health and Family Welfare,618364,Multi-State,1011.94,1011.94,538.79,53.2,2023-03-01,2026-12-31,2027-12-31,2026-06-01,6,0.0,0
PAIM-618365,Nagaland on EPC mode under NHO-NE (NHIDCL) (618365),Infrastructure & Highways,Ministry of Health and Family Welfare,618365,Multi-State,4011.83,4011.83,613.62,15.3,2023-03-01,2026-12-31,2029-12-31,2026-06-01,24,0.0,0
PAIM-618366,on EPC mode under NHO-NE (NHIDCL) (618366),Infrastructure & Highways,Ministry of Health and Family Welfare,618366,Multi-State,2221.65,2221.65,1487.99,67.0,2022-03-01,2026-12-31,2029-12-31,2026-06-01,6,0.0,0
PAIM-619059,SARDP-NE  PKG-IV Balance work (NHIDCL) (619059),Infrastructure & Highways,Ministry of Health and Family Welfare,619059,Multi-State,2764.49,2764.49,1658.87,60.0,2023-03-01,2028-12-31,2029-12-31,2026-06-01,0,0.0,0
PAIM-617886,to Km 125 of NH 61 (MoRTH) (617886),Infrastructure & Highways,Ministry of Health and Family Welfare,617886,Multi-State,1989.94,1989.94,1067.79,53.7,2023-03-01,2028-12-31,2029-12-31,2026-06-01,18,0.0,0
PAIM-618413,Nagaland on EPC mode under NHO-TSP Package-III (NHIDCL) (618413),Infrastructure & Highways,Ministry of Health and Family Welfare,618413,Multi-State,1560.83,1560.83,598.46,38.3,2023-03-01,2028-12-31,2028-12-31,2026-06-01,0,0.0,0
PAIM-618414,in the state of Nagaland on EPC mode under NHO-TSP Package-II (NHIDCL) (618414),Infrastructure & Highways,Ministry of Health and Family Welfare,618414,Multi-State,2844.7,2844.7,1495.23,52.6,2021-03-01,2028-12-31,2029-12-31,2026-06-01,12,0.0,0
PAIM-618428,Bridge of 680 m in the State of Sikkim on EPC Mode-COS work (NHIDCL) (618428),Infrastructure & Highways,Ministry of Health and Family Welfare,618428,Multi-State,648.95,648.95,488.94,75.3,2021-03-01,2027-12-31,2028-12-31,2026-06-01,24,0.0,0
PAIM-618426,State of Sikkim (NHIDCL) (618426),Infrastructure & Highways,Ministry of Health and Family Welfare,618426,Multi-State,3205.69,3205.69,1577.35,49.2,2024-03-01,2028-12-31,2029-12-31,2026-06-01,36,0.0,0
PAIM-618071,Ranipool to Burtuk Ch 0.00 Km to 23.316 L23.316 Km in the State of Sikkim (MoRTH) (618071),Infrastructure & Highways,Ministry of Health and Family Welfare,618071,Multi-State,3168.19,3168.19,1457.16,46.0,2022-03-01,2027-12-31,2028-12-31,2026-06-01,18,0.0,0
PAIM-618446,Rongli to Chochenpheri of NH 717B Pkg-II C (NHIDCL) (618446),Infrastructure & Highways,Ministry of Health and Family Welfare,618446,Multi-State,3587.15,3587.15,2950.22,82.2,2024-03-01,2026-12-31,2028-12-31,2026-06-01,36,0.0,0
PAIM-618447,Sikkim. (NHIDCL) (618447),Infrastructure & Highways,Ministry of Health and Family Welfare,618447,Multi-State,4496.22,4496.22,2934.64,65.3,2022-03-01,2028-12-31,2029-12-31,2026-06-01,6,0.0,0
PAIM-618448,the State of Sikkim. (NHIDCL) (618448),Infrastructure & Highways,Ministry of Health and Family Welfare,618448,Multi-State,4410.36,4410.36,449.68,10.2,2024-03-01,2028-12-31,2028-12-31,2026-06-01,0,0.0,0
PAIM-618449,spur NH-717B on EPC Mode under SARDP-NE Phase-A in Sikkim Pkg-II B (NHIDCL) (618449),Infrastructure & Highways,Ministry of Health and Family Welfare,618449,Multi-State,3746.78,3746.78,905.21,24.2,2022-03-01,2027-12-31,2027-12-31,2026-06-01,12,0.0,0
PAIM-618450,km58.840 under SARDP-NE Phase A  Pkg- IV (NHIDCL) (618450),Infrastructure & Highways,Ministry of Health and Family Welfare,618450,Multi-State,2688.42,2688.42,876.03,32.6,2024-03-01,2026-12-31,2028-12-31,2026-06-01,12,0.0,0
PAIM-618350,state of Tripura on EPC basis under NHO-NE (NHIDCL) (618350),Infrastructure & Highways,Ministry of Health and Family Welfare,618350,Multi-State,1815.1,1815.1,1011.54,55.7,2021-03-01,2027-12-31,2027-12-31,2026-06-01,18,0.0,0
PAIM-618367,JICA ODA Loan Phase VI Package-4 (NHIDCL) (618367),Infrastructure & Highways,Ministry of Health and Family Welfare,618367,Multi-State,2852.02,2852.02,2309.08,81.0,2021-03-01,2026-12-31,2028-12-31,2026-06-01,0,0.0,0
PAIM-618368,under JICA ODA Loan Phase VI Package-3 (NHIDCL) (618368),Infrastructure & Highways,Ministry of Health and Family Welfare,618368,Multi-State,3557.6,3557.6,1741.81,49.0,2024-03-01,2028-12-31,2029-12-31,2026-06-01,24,0.0,0
PAIM-618369,the state of Tripura on EPC mode under JICA ODA Loan Phase VI Package-2 (NHIDCL) (618369),Infrastructure & Highways,Ministry of Health and Family Welfare,618369,Multi-State,1613.02,1613.02,741.99,46.0,2022-03-01,2028-12-31,2029-12-31,2026-06-01,18,0.0,0
PAIM-618370,JICA ODA Loan Phase VI Package-1 (NHIDCL) (618370),Infrastructure & Highways,Ministry of Health and Family Welfare,618370,Multi-State,4043.41,4043.41,2936.86,72.6,2021-03-01,2027-12-31,2029-12-31,2026-06-01,0,0.0,0
PAIM-618417,state of Tripura on EPC basis under NHO-NE (NHIDCL) (618417),Infrastructure & Highways,Ministry of Health and Family Welfare,618417,Multi-State,3720.72,3720.72,1498.59,40.3,2024-03-01,2028-12-31,2027-12-31,2026-06-01,0,0.0,0
PAIM-618307,Pariyojana Manu-Simlung -2 (NHIDCL) (618307),Infrastructure & Highways,Ministry of Health and Family Welfare,618307,Multi-State,1794.1,1794.1,434.97,24.2,2022-03-01,2027-12-31,2029-12-31,2026-06-01,18,0.0,0
PAIM-618385,with paved shoulder on EPC basis under NHO Package-III- Balance Work (NHIDCL) (618385),Infrastructure & Highways,Ministry of Health and Family Welfare,618385,Multi-State,1559.27,1559.27,1136.07,72.9,2021-03-01,2028-12-31,2027-12-31,2026-06-01,6,0.0,0
PAIM-618411,and overlay from Km 20.30 to Km 22.00 1.7 Km Total Length  13.2 Km (NHIDCL) (618411),Infrastructure & Highways,Ministry of Health and Family Welfare,618411,Multi-State,3653.46,3653.46,1079.55,29.5,2024-03-01,2026-12-31,2028-12-31,2026-06-01,36,0.0,0
PAIM-701598,Highways of Meghalaya (Department of Telecommunications) (701598),Infrastructure & Highways,Ministry of Health and Family Welfare,701598,Assam,3104.96,3104.96,2470.24,79.6,2023-03-01,2028-12-31,2027-12-31,2026-06-01,0,0.0,0
PAIM-701597,2 Districts of Assam (Department of Telecommunications) (701597),Infrastructure & Highways,Ministry of Health and Family Welfare,701597,Assam,840.68,840.68,686.52,81.7,2021-03-01,2026-12-31,2027-12-31,2026-06-01,12,0.0,0
PAIM-709856,ALONG WITH TEST AND MEASURING EQUIPMENT (BSNL) (709856),Infrastructure & Highways,Ministry of Health and Family Welfare,709856,Assam,1211.75,1211.75,992.54,81.9,2023-03-01,2028-12-31,2027-12-31,2026-06-01,18,0.0,0
PAIM-706775,BharatNet (Department of Telecommunications [DoT]) (706775),Infrastructure & Highways,Ministry of Health and Family Welfare,706775,Assam,2563.89,2563.89,1578.38,61.6,2024-03-01,2026-12-31,2027-12-31,2026-06-01,18,0.0,0
PAIM-701370,"Borolia Irrigation Project (Department of Water Resources, River Development & GR) (701370)",Infrastructure & Highways,Ministry of Health and Family Welfare,701370,Assam,2197.5,2197.5,518.84,23.6,2023-03-01,2027-12-31,2028-12-31,2026-06-01,0,0.0,0
PAIM-701400,Thoubal Multipurpose Project (Water Resources Department-MN) (701400),Infrastructure & Highways,Ministry of Health and Family Welfare,701400,Assam,3306.43,3306.43,579.27,17.5,2022-03-01,2028-12-31,2027-12-31,2026-06-01,6,0.0,0
PAIM-612786,"including maintenance, operations and AICMC at Kadapa Airport (Airport Authority of India [AAI]) (612786)",Infrastructure & Highways,Ministry of Civil Aviation,612786,Andhra Pradesh,2762.54,2762.54,336.67,12.2,2021-03-01,2028-12-31,2029-12-31,2026-06-01,0,0.0,0
PAIM-701107,Airport. (Airport Authority of India [AAI]) (701107),Infrastructure & Highways,Ministry of Civil Aviation,701107,Andhra Pradesh,1148.5,1148.5,535.43,46.6,2022-03-01,2028-12-31,2028-12-31,2026-06-01,36,0.0,0
PAIM-701121,Construction of New  Domestic Terminal Building  at Rajahmundry Airport. (Airport Authority of India [AAI]) (701121),Infrastructure & Highways,Ministry of Civil Aviation,701121,Andhra Pradesh,2098.91,2098.91,1406.66,67.0,2022-03-01,2026-12-31,2029-12-31,2026-06-01,6,0.0,0
PAIM-612183,Development of New Civil Enclave at Bihta (Airport Authority of India [AAI]) (612183),Infrastructure & Highways,Ministry of Civil Aviation,612183,Bihar,1385.93,1385.93,1068.46,77.1,2023-03-01,2028-12-31,2029-12-31,2026-06-01,24,0.0,0
PAIM-612194,Development of New Civil Enclave and associated works at Darbhanga Airport (Airport Authority of India [AAI]) (612194),Infrastructure & Highways,Ministry of Civil Aviation,612194,Bihar,2423.52,2423.52,1996.84,82.4,2022-03-01,2028-12-31,2027-12-31,2026-06-01,0,0.0,0
PAIM-701101,"structures at JPNI Airport, Patna (Airport Authority of India [AAI]) (701101)",Infrastructure & Highways,Ministry of Civil Aviation,701101,Gujarat,2729.64,2729.64,1795.28,65.8,2024-03-01,2028-12-31,2028-12-31,2026-06-01,36,0.0,0
PAIM-619054,Development of Keshod Airport. (Airport Authority of India [AAI]) (619054),Infrastructure & Highways,Ministry of Civil Aviation,619054,Gujarat,491.36,491.36,239.58,48.8,2023-03-01,2027-12-31,2028-12-31,2026-06-01,36,0.0,0
PAIM-701126,"Development of Dholera International Greenfield Airport , Gujarat (Airport Authority of India [AAI]) (701126)",Infrastructure & Highways,Ministry of Civil Aviation,701126,Gujarat,3252.45,3252.45,2608.96,80.2,2022-03-01,2027-12-31,2027-12-31,2026-06-01,12,0.0,0
PAIM-611047,works and electrical & mechanical installations towards Tawi River side at CA Jammu. (Airport Authority of India [AAI]) ,Infrastructure & Highways,Ministry of Civil Aviation,611047,Multi-State,401.69,401.69,254.54,63.4,2021-03-01,2027-12-31,2028-12-31,2026-06-01,0,0.0,0
PAIM-612787,Airport (Airport Authority of India [AAI]) (612787),Infrastructure & Highways,Ministry of Civil Aviation,612787,Karnataka,3610.1,3610.1,889.16,24.6,2023-03-01,2026-12-31,2029-12-31,2026-06-01,0,0.0,0
PAIM-612788,Belagavi Airport. (Airport Authority of India [AAI]) (612788),Infrastructure & Highways,Ministry of Civil Aviation,612788,Karnataka,4070.08,4070.08,486.71,12.0,2021-03-01,2027-12-31,2027-12-31,2026-06-01,18,0.0,0
PAIM-612789,works for additional RESA on either end on Runway 10-28 (Airport Authority of India [AAI]) (612789),Infrastructure & Highways,Ministry of Civil Aviation,612789,Multi-State,4202.2,4202.2,1636.38,38.9,2022-03-01,2028-12-31,2027-12-31,2026-06-01,18,0.0,0
PAIM-400010,"Construction of Terminal Building & Associated works at Leh Airport, Ladakh (Airport Authority of India [AAI]) (400010)",Infrastructure & Highways,Ministry of Civil Aviation,400010,Multi-State,2157.86,2157.86,1444.55,66.9,2022-03-01,2026-12-31,2028-12-31,2026-06-01,6,0.0,0
PAIM-611570,"Navi Mumbai, Jewar [earlier MOPA, without ASMGCS], HIAL & BIAL (Airport Authority of India [AAI]) (611570)",Infrastructure & Highways,Ministry of Civil Aviation,611570,Maharashtra,2874.09,2874.09,2008.85,69.9,2022-03-01,2028-12-31,2028-12-31,2026-06-01,18,0.0,0
PAIM-618977,"Development of New Greenfield Airport at Bundi, Kota Rajasthan. (Airport Authority of India [AAI]) (618977)",Infrastructure & Highways,Ministry of Civil Aviation,618977,Rajasthan,2936.93,2936.93,1472.87,50.1,2022-03-01,2028-12-31,2029-12-31,2026-06-01,0,0.0,0
PAIM-701127,Airport. (Airport Authority of India [AAI]) (701127),Infrastructure & Highways,Ministry of Civil Aviation,701127,Rajasthan,714.08,714.08,434.72,60.9,2024-03-01,2026-12-31,2028-12-31,2026-06-01,12,0.0,0
PAIM-701128,Construction of New Integrated Passenger Terminal Building at Udaipur Airport (Airport Authority of India [AAI]) (701128,Infrastructure & Highways,Ministry of Civil Aviation,701128,Rajasthan,3812.19,3812.19,2726.33,71.5,2023-03-01,2028-12-31,2029-12-31,2026-06-01,18,0.0,0
PAIM-611602,"Modernization of Chennai Airport, Phase II, Part 2 (Airport Authority of India [AAI]) (611602)",Infrastructure & Highways,Ministry of Coal,611602,Tamil Nadu,4249.4,4249.4,2950.17,69.4,2024-03-01,2027-12-31,2028-12-31,2026-06-01,12,0.0,0
PAIM-701113,"Terminal Building, Apron Extension, Runway Extension, PTT and allied works. (Airport Authority of India [AAI]) (701113)",Infrastructure & Highways,Ministry of Coal,701113,Uttar Pradesh,4491.5,4491.5,547.57,12.2,2024-03-01,2028-12-31,2027-12-31,2026-06-01,18,0.0,0
PAIM-701122,Development of New Integrated Civil Enclave at Agra Airport (Airport Authority of India [AAI]) (701122),Infrastructure & Highways,Ministry of Coal,701122,Uttar Pradesh,3652.33,3652.33,1522.88,41.7,2024-03-01,2027-12-31,2029-12-31,2026-06-01,24,0.0,0
PAIM-611495,Development of New Civil Enclave at Bagdogra Airport (Airport Authority of India [AAI]) (611495),Infrastructure & Highways,Ministry of Coal,611495,Uttar Pradesh,552.03,552.03,190.04,34.4,2021-03-01,2028-12-31,2027-12-31,2026-06-01,24,0.0,0
PAIM-612791,Strengthening of C Taxiway at NSCBI Airport Kolkata. (Airport Authority of India [AAI]) (612791),Infrastructure & Highways,Ministry of Coal,612791,West Bengal,1070.55,1070.55,242.15,22.6,2024-03-01,2026-12-31,2028-12-31,2026-06-01,36,0.0,0
PAIM-400144,PORDA CHIMTAPANI OCP [10 MTY] (South Eastern Coalfields Limited [SECL]) (400144),Infrastructure & Highways,Ministry of Coal,400144,Assam,1176.57,1176.57,412.42,35.1,2021-03-01,2026-12-31,2028-12-31,2026-06-01,12,0.0,0
PAIM-400149,BAROUD OC EXPANSION [3.0-10.0M (South Eastern Coalfields Limited [SECL]) (400149),Infrastructure & Highways,Ministry of Coal,400149,Multi-State,1457.88,1457.88,681.62,46.8,2022-03-01,2027-12-31,2028-12-31,2026-06-01,6,0.0,0
PAIM-400354,DIPKA EXPANSION OCP [40 MTY] (South Eastern Coalfields Limited [SECL]) (400354),Infrastructure & Highways,Ministry of Coal,400354,Multi-State,3412.04,3412.04,1050.75,30.8,2022-03-01,2027-12-31,2029-12-31,2026-06-01,0,0.0,0
PAIM-400424,GEVRA OC [70 MTY] (SECL - CIL) (400424),Infrastructure & Highways,Ministry of Coal,400424,Multi-State,2431.02,2431.02,1104.22,45.4,2022-03-01,2026-12-31,2028-12-31,2026-06-01,36,0.0,0
PAIM-613798,AMERA OC RCE [1.0 MTY] (SECL - CIL) (613798),Infrastructure & Highways,Ministry of Coal,613798,Multi-State,4447.07,4447.07,1710.6,38.5,2022-03-01,2026-12-31,2029-12-31,2026-06-01,24,0.0,0
PAIM-613799,AMGAON OC RCE [1.0 MTY] (SECL - CIL) (613799),Infrastructure & Highways,Ministry of Coal,613799,Multi-State,1651.1,1651.1,742.77,45.0,2023-03-01,2028-12-31,2028-12-31,2026-06-01,24,0.0,0
PAIM-613800,JAGANNATHPUR OC RCE PROJECT (SECL - CIL) (613800),Infrastructure & Highways,Ministry of Coal,613800,Multi-State,4264.74,4264.74,2930.25,68.7,2024-03-01,2028-12-31,2028-12-31,2026-06-01,0,0.0,0
PAIM-613801,MAHAMAYA OCP [1.50 MTY] (SECL - CIL) (613801),Infrastructure & Highways,Ministry of Coal,613801,Multi-State,2990.95,2990.95,1532.53,51.2,2024-03-01,2026-12-31,2027-12-31,2026-06-01,36,0.0,0
PAIM-615191,KATKONA RO UG MINE (SECL - CIL) (615191),Infrastructure & Highways,Ministry of Coal,615191,Multi-State,267.79,267.79,191.69,71.6,2024-03-01,2026-12-31,2027-12-31,2026-06-01,18,0.0,0
PAIM-616234,PELMA OC MDO (SECL - CIL) (616234),Infrastructure & Highways,Ministry of Coal,616234,Multi-State,308.76,308.76,186.23,60.3,2022-03-01,2027-12-31,2028-12-31,2026-06-01,6,0.0,0
PAIM-617287,KUSMUNDA OC EXPANSION PROJECT (SECL - CIL) (617287),Infrastructure & Highways,Ministry of Coal,617287,Multi-State,3375.62,3375.62,1817.2,53.8,2022-03-01,2027-12-31,2029-12-31,2026-06-01,0,0.0,0
PAIM-617288,MANIKPUR OC EXPANSION PROJECT (SECL - CIL) (617288),Infrastructure & Highways,Ministry of Coal,617288,Multi-State,3815.63,3815.63,3096.58,81.2,2022-03-01,2028-12-31,2027-12-31,2026-06-01,12,0.0,0
PAIM-619171,RPR FOR DURGAPUR OCP 10 MTY (SECL - CIL) (619171),Infrastructure & Highways,Ministry of Coal,619171,Multi-State,793.32,793.32,567.12,71.5,2023-03-01,2028-12-31,2028-12-31,2026-06-01,0,0.0,0
PAIM-619172,MADANNAGAR OCP 12 MTY - MDO (SECL - CIL) (619172),Infrastructure & Highways,Ministry of Coal,619172,Multi-State,3542.07,3542.07,2923.64,82.5,2022-03-01,2026-12-31,2027-12-31,2026-06-01,6,0.0,0
PAIM-400018,HURA C OCP (ECL - CIL) (400018),Infrastructure & Highways,Ministry of Coal,400018,Multi-State,2158.55,2158.55,770.6,35.7,2023-03-01,2028-12-31,2028-12-31,2026-06-01,18,0.0,0
PAIM-400073,KONAR EXPANSION OCP (CCL - CIL) (400073),Infrastructure & Highways,Ministry of Coal,400073,Multi-State,890.57,890.57,463.96,52.1,2021-03-01,2027-12-31,2028-12-31,2026-06-01,12,0.0,0
PAIM-400074,KARO EXPANSION OCP (CCL - CIL) (400074),Infrastructure & Highways,Ministry of Coal,400074,Multi-State,2988.74,2988.74,2512.19,84.1,2023-03-01,2026-12-31,2028-12-31,2026-06-01,12,0.0,0
PAIM-400136,SANGHMITRA OC (CCL - CIL) (400136),Infrastructure & Highways,Ministry of Coal,400136,Multi-State,2951.4,2951.4,2109.45,71.5,2023-03-01,2027-12-31,2029-12-31,2026-06-01,12,0.0,0
PAIM-400138,CHANDRAGUPT OCP (CCL - CIL) (400138),Infrastructure & Highways,Ministry of Coal,400138,Multi-State,3336.27,3336.27,1017.28,30.5,2023-03-01,2028-12-31,2028-12-31,2026-06-01,18,0.0,0
PAIM-400139,KOTRE BASANTPUR PACHMO OCP (Ministry of Coal) (400139),Infrastructure & Highways,Ministry of Coal,400139,Multi-State,3045.09,3045.09,326.5,10.7,2024-03-01,2028-12-31,2027-12-31,2026-06-01,12,0.0,0
PAIM-400142,Pachwara South Coal Block (NLC India Limited) (400142),Infrastructure & Highways,Ministry of Coal,400142,Multi-State,517.94,517.94,125.78,24.3,2024-03-01,2026-12-31,2029-12-31,2026-06-01,24,0.0,0
PAIM-400150,RPR MAGADH EXP OCP (Ministry of Coal) (400150),Infrastructure & Highways,Ministry of Coal,400150,Multi-State,720.26,720.26,602.08,83.6,2021-03-01,2028-12-31,2029-12-31,2026-06-01,6,0.0,0
PAIM-400151,NORTH URIMARI EXPANSION OCP (Ministry of Coal) (400151),Infrastructure & Highways,Ministry of Coal,400151,Multi-State,1892.17,1892.17,332.18,17.6,2023-03-01,2026-12-31,2028-12-31,2026-06-01,6,0.0,0
PAIM-400153,EPR ROHINI - KARKETTA OCP (Ministry of Coal) (400153),Infrastructure & Highways,Ministry of Coal,400153,Multi-State,1457.16,1457.16,513.08,35.2,2023-03-01,2026-12-31,2028-12-31,2026-06-01,0,0.0,0
PAIM-400154,EPR PUNDI OCP (Ministry of Coal) (400154),Infrastructure & Highways,Ministry of Coal,400154,Multi-State,1491.17,1491.17,697.3,46.8,2021-03-01,2028-12-31,2029-12-31,2026-06-01,6,0.0,0
PAIM-400155,EPR ASHOK OC (Ministry of Coal) (400155),Infrastructure & Highways,Ministry of Coal,400155,Multi-State,971.5,971.5,226.66,23.3,2021-03-01,2027-12-31,2029-12-31,2026-06-01,0,0.0,0
PAIM-400156,EPR AMRAPALI OCP (CCL - CIL) (400156),Infrastructure & Highways,Ministry of Coal,400156,Multi-State,2484.7,2484.7,1757.39,70.7,2024-03-01,2028-12-31,2029-12-31,2026-06-01,6,0.0,0
PAIM-400160,RAJRAPPA RCE OCP (CCL - CIL) (400160),Infrastructure & Highways,Ministry of Coal,400160,Multi-State,1343.23,1343.23,858.91,63.9,2022-03-01,2027-12-31,2027-12-31,2026-06-01,0,0.0,0
PAIM-400172,CHITRA EAST OC (ECL - CIL) (400172),Infrastructure & Highways,Ministry of Coal,400172,Multi-State,228.71,228.71,120.43,52.7,2021-03-01,2026-12-31,2028-12-31,2026-06-01,24,0.0,0
PAIM-400352,JHARKHAND-LAIYO OCP (Ministry of Coal) (400352),Infrastructure & Highways,Ministry of Coal,400352,Multi-State,3145.96,3145.96,2219.66,70.6,2022-03-01,2027-12-31,2027-12-31,2026-06-01,12,0.0,0
PAIM-400425,MOONIDIH XV SEAM UG (BCCL - CIL) (400425),Infrastructure & Highways,Ministry of Coal,400425,Multi-State,3466.48,3466.48,392.97,11.3,2023-03-01,2027-12-31,2027-12-31,2026-06-01,6,0.0,0
PAIM-611864,AMALAGAMATED NTST KUJAMA OCP 8.5MTY (Bharat Coking Coal Limited (BCCL)) (611864),Infrastructure & Highways,Ministry of Coal,611864,Multi-State,4327.8,4327.8,1630.36,37.7,2024-03-01,2028-12-31,2028-12-31,2026-06-01,12,0.0,0
PAIM-613808,MURAIDIH UG PROJECT (BCCL - CIL) (613808),Infrastructure & Highways,Ministry of Coal,613808,Multi-State,1536.42,1536.42,1241.63,80.8,2023-03-01,2026-12-31,2027-12-31,2026-06-01,36,0.0,0
PAIM-615349,TAPIN SOUTH EXPN (CCL - CIL) (615349),Infrastructure & Highways,Ministry of Coal,615349,Multi-State,996.29,996.29,439.47,44.1,2021-03-01,2026-12-31,2029-12-31,2026-06-01,6,0.0,0
PAIM-615822,SIRKA OC (CCL - CIL) (615822),Infrastructure & Highways,Ministry of Coal,615822,Multi-State,4334.55,4334.55,1866.59,43.1,2023-03-01,2026-12-31,2029-12-31,2026-06-01,6,0.0,0
PAIM-615843,TETARIAKHAR OC (CCL - CIL) (615843),Infrastructure & Highways,Ministry of Coal,615843,Multi-State,560.24,560.24,62.32,11.1,2022-03-01,2027-12-31,2027-12-31,2026-06-01,0,0.0,0
PAIM-616225,CHUPERBHITA SIMLONG OCP MDO 6 (ECL - CIL) (616225),Infrastructure & Highways,Ministry of Coal,616225,Multi-State,4040.64,4040.64,2137.86,52.9,2023-03-01,2028-12-31,2028-12-31,2026-06-01,18,0.0,0
PAIM-616236,JARANGDIH EXPN. OCP 1.5 MTY (CCL - CIL) (616236),Infrastructure & Highways,Ministry of Coal,616236,Multi-State,1716.67,1716.67,412.86,24.1,2024-03-01,2026-12-31,2029-12-31,2026-06-01,0,0.0,0
PAIM-616253,BLOCK E OCP (BCCL - CIL) (616253),Infrastructure & Highways,Ministry of Coal,616253,Multi-State,3112.85,3112.85,1432.96,46.0,2022-03-01,2028-12-31,2029-12-31,2026-06-01,12,0.0,0
PAIM-617416,affected families in Jharia Coalfield- Reg. (Bharat Coking Coal Limited [BCCL]) (617416),Infrastructure & Highways,Ministry of Coal,617416,Multi-State,3757.85,3757.85,987.09,26.3,2021-03-01,2026-12-31,2027-12-31,2026-06-01,36,0.0,0
PAIM-617764,North Dhadu Western Part OCP (NLC India Limited [NLCIL]) (617764),Infrastructure & Highways,Ministry of Coal,617764,Madhya Pradesh,250.16,250.16,29.77,11.9,2022-03-01,2027-12-31,2029-12-31,2026-06-01,24,0.0,0
PAIM-400148,AMADAND OCP[4.0MTY] (SECL - CIL) (400148),Infrastructure & Highways,Ministry of Coal,400148,Madhya Pradesh,730.32,730.32,292.06,40.0,2021-03-01,2028-12-31,2029-12-31,2026-06-01,36,0.0,0
PAIM-400162,BLOCK B EXPANSION  [3.5 TO 8.0 (NCL - CIL) (400162),Infrastructure & Highways,Ministry of Coal,400162,Madhya Pradesh,2827.68,2827.68,429.53,15.2,2022-03-01,2026-12-31,2029-12-31,2026-06-01,0,0.0,0
PAIM-400321,NIGAHI EXPANSION [15 TO 25 MTP (NCL - CIL) (400321),Infrastructure & Highways,Ministry of Coal,400321,Madhya Pradesh,2753.32,2753.32,1649.59,59.9,2022-03-01,2027-12-31,2028-12-31,2026-06-01,24,0.0,0
PAIM-613802,KANCHAN OC EXP (SECL - CIL) (613802),Infrastructure & Highways,Ministry of Coal,613802,Madhya Pradesh,4108.25,4108.25,2630.26,64.0,2023-03-01,2027-12-31,2029-12-31,2026-06-01,0,0.0,0
PAIM-613803,JHIRIA WEST OCP [1.5 MTY] (SECL - CIL) (613803),Infrastructure & Highways,Ministry of Coal,613803,Madhya Pradesh,2455.93,2455.93,1485.56,60.5,2021-03-01,2026-12-31,2029-12-31,2026-06-01,12,0.0,0
PAIM-613804,RPR TAWA-III UG 0.84 MTY (WCL - CIL) (613804),Infrastructure & Highways,Ministry of Coal,613804,Madhya Pradesh,2083.29,2083.29,963.45,46.2,2023-03-01,2026-12-31,2027-12-31,2026-06-01,24,0.0,0
PAIM-615185,AMALGAMATED DHANKASA & JAMUNIA (WCL - CIL) (615185),Infrastructure & Highways,Ministry of Coal,615185,Madhya Pradesh,4131.72,4131.72,1167.52,28.3,2021-03-01,2028-12-31,2028-12-31,2026-06-01,0,0.0,0
PAIM-615187,RPR OF VISHNUPURI UG TO OC (WCL - CIL) (615187),Infrastructure & Highways,Ministry of Coal,615187,Madhya Pradesh,1095.18,1095.18,642.0,58.6,2024-03-01,2027-12-31,2029-12-31,2026-06-01,12,0.0,0
PAIM-615194,URDHAN EXPANSION OC COST PLUS (WCL - CIL) (615194),Infrastructure & Highways,Ministry of Coal,615194,Madhya Pradesh,1440.19,1440.19,498.81,34.6,2022-03-01,2027-12-31,2027-12-31,2026-06-01,18,0.0,0
PAIM-615195,SHARDA UG MINE (WCL - CIL) (615195),Infrastructure & Highways,Ministry of Coal,615195,Madhya Pradesh,849.38,849.38,593.73,69.9,2024-03-01,2027-12-31,2028-12-31,2026-06-01,0,0.0,0
PAIM-615206,GANDHIGRAM UG MINE (WCL - CIL) (615206),Infrastructure & Highways,Ministry of Coal,615206,Madhya Pradesh,3885.86,3885.86,2964.65,76.3,2023-03-01,2026-12-31,2028-12-31,2026-06-01,0,0.0,0
PAIM-619032,JAYANT EXPN. [20 TO 38 MTPA] (NCL - CIL) (619032),Infrastructure & Highways,Ministry of Coal,619032,Madhya Pradesh,506.77,506.77,429.43,84.7,2024-03-01,2027-12-31,2029-12-31,2026-06-01,12,0.0,0
PAIM-619053,RPR FOR RAMPUR BATURA OCP (SECL - CIL) (619053),Infrastructure & Highways,Ministry of Coal,619053,Maharashtra,3537.16,3537.16,354.87,10.0,2021-03-01,2027-12-31,2028-12-31,2026-06-01,24,0.0,0
PAIM-400033,BHATADI EXPANSION OC (WCL - CIL) (400033),Infrastructure & Highways,Ministry of Coal,400033,Maharashtra,3668.66,3668.66,2393.34,65.2,2023-03-01,2028-12-31,2029-12-31,2026-06-01,6,0.0,0
PAIM-400177,AMALGAMATED YEKONA I & YEKONA (WCL - CIL) (400177),Infrastructure & Highways,Ministry of Coal,400177,Maharashtra,2511.85,2511.85,1618.38,64.4,2023-03-01,2026-12-31,2027-12-31,2026-06-01,18,0.0,0
PAIM-400178,DINESH[MAKARDHOKRA-III] OC (WCL - CIL) (400178),Infrastructure & Highways,Ministry of Coal,400178,Maharashtra,2242.13,2242.13,804.9,35.9,2024-03-01,2027-12-31,2029-12-31,2026-06-01,36,0.0,0
PAIM-400353,DHUPTALA OC [SASTI UG TO OC ] (WCL - CIL) (400353),Infrastructure & Highways,Ministry of Coal,400353,Maharashtra,1811.15,1811.15,633.35,35.0,2022-03-01,2027-12-31,2028-12-31,2026-06-01,6,0.0,0
PAIM-615184,SAONER UG MINE -1 EXPANSION 1. (WCL - CIL) (615184),Infrastructure & Highways,Ministry of Coal,615184,Maharashtra,4023.8,4023.8,3107.16,77.2,2022-03-01,2027-12-31,2028-12-31,2026-06-01,0,0.0,0
PAIM-615186,SASTI  EXPANSION OPENCAST (WCL - CIL) (615186),Infrastructure & Highways,Ministry of Coal,615186,Maharashtra,928.85,928.85,736.71,79.3,2021-03-01,2028-12-31,2028-12-31,2026-06-01,6,0.0,0
PAIM-615188,NEW MAJRI UG TO OC 3 MTY COST (WCL - CIL) (615188),Infrastructure & Highways,Ministry of Coal,615188,Maharashtra,4414.67,4414.67,2889.17,65.4,2024-03-01,2026-12-31,2027-12-31,2026-06-01,6,0.0,0
PAIM-615189,MAKARDHOKRA EXPN OC 4.9 MTY (WCL - CIL) (615189),Infrastructure & Highways,Ministry of Coal,615189,Maharashtra,3606.95,3606.95,1096.65,30.4,2022-03-01,2026-12-31,2027-12-31,2026-06-01,36,0.0,0
PAIM-615190,SINGHORI DEEP OC MIN 2.0 MTY (WCL - CIL) (615190),Infrastructure & Highways,Ministry of Coal,615190,Maharashtra,3109.06,3109.06,2039.23,65.6,2022-03-01,2028-12-31,2027-12-31,2026-06-01,24,0.0,0
PAIM-615192,GOKUL EXTENSION OC MINE (WCL - CIL) (615192),Infrastructure & Highways,Ministry of Coal,615192,Maharashtra,602.59,602.59,269.63,44.7,2021-03-01,2026-12-31,2027-12-31,2026-06-01,0,0.0,0
PAIM-615199,KOLGAON EXPANSION DEEP OC MINE (WCL - CIL) (615199),Infrastructure & Highways,Ministry of Coal,615199,Maharashtra,3032.23,3032.23,1395.14,46.0,2024-03-01,2026-12-31,2029-12-31,2026-06-01,6,0.0,0
PAIM-615330,BALLARPUR NORTH WEST OC MINE (WCL - CIL) (615330),Infrastructure & Highways,Ministry of Coal,615330,Maharashtra,3607.37,3607.37,2324.86,64.4,2024-03-01,2027-12-31,2027-12-31,2026-06-01,24,0.0,0
PAIM-615331,GADEGAON OC 3 MTY (WCL - CIL) (615331),Infrastructure & Highways,Ministry of Coal,615331,Maharashtra,3910.47,3910.47,1513.67,38.7,2023-03-01,2028-12-31,2027-12-31,2026-06-01,18,0.0,0
PAIM-615914,GHONSA EXPANSION DEEP OC MINE (WCL - CIL) (615914),Infrastructure & Highways,Ministry of Coal,615914,Maharashtra,4283.58,4283.58,1811.56,42.3,2024-03-01,2027-12-31,2027-12-31,2026-06-01,18,0.0,0
PAIM-615916,AMLG GAURI PAUNI EXPANSION OC (WCL - CIL) (615916),Infrastructure & Highways,Ministry of Coal,615916,Maharashtra,1013.53,1013.53,746.57,73.7,2024-03-01,2027-12-31,2028-12-31,2026-06-01,12,0.0,0
PAIM-615917,GAURIDEEP/GAURI CENTRAL OCP 7. (WCL - CIL) (615917),Infrastructure & Highways,Ministry of Coal,615917,Maharashtra,910.08,910.08,106.06,11.7,2022-03-01,2028-12-31,2027-12-31,2026-06-01,0,0.0,0
PAIM-615918,RPR OF BHANEGAON OC (WCL - CIL) (615918),Infrastructure & Highways,Ministry of Coal,615918,Maharashtra,1021.75,1021.75,202.59,19.8,2021-03-01,2027-12-31,2028-12-31,2026-06-01,18,0.0,0
PAIM-615919,N. EXTN. MUNGOLI NIRGUDA D OCP (WCL - CIL) (615919),Infrastructure & Highways,Ministry of Coal,615919,Maharashtra,3795.77,3795.77,2277.79,60.0,2024-03-01,2026-12-31,2027-12-31,2026-06-01,6,0.0,0
PAIM-615982,NILJAI EXPANSION DEEP  OCP (WCL - CIL) (615982),Infrastructure & Highways,Ministry of Coal,615982,Maharashtra,210.27,210.27,87.55,41.6,2024-03-01,2026-12-31,2029-12-31,2026-06-01,18,0.0,0
PAIM-616044,UKNI DEEP OC MINE -COST PLUS (WCL - CIL) (616044),Infrastructure & Highways,Ministry of Coal,616044,Maharashtra,4093.61,4093.61,2959.18,72.3,2021-03-01,2027-12-31,2028-12-31,2026-06-01,36,0.0,0
PAIM-616050,AMALGAMATED INDER-KAMPTEE DEEP (WCL - CIL) (616050),Infrastructure & Highways,Ministry of Coal,616050,Maharashtra,1773.29,1773.29,983.44,55.5,2023-03-01,2028-12-31,2029-12-31,2026-06-01,0,0.0,0
PAIM-616223,ADASA UG TO OC MINE (WCL - CIL) (616223),Infrastructure & Highways,Ministry of Coal,616223,Maharashtra,4325.71,4325.71,2337.79,54.0,2021-03-01,2028-12-31,2027-12-31,2026-06-01,6,0.0,0
PAIM-616229,AMAL GONDEGAON GHATROHANA EXPN (WCL - CIL) (616229),Infrastructure & Highways,Ministry of Coal,616229,Maharashtra,2053.43,2053.43,353.62,17.2,2022-03-01,2027-12-31,2027-12-31,2026-06-01,36,0.0,0
PAIM-617233,WAGHODA UG MINE [1.02 MTY] (WCL - CIL) (617233),Infrastructure & Highways,Ministry of Coal,617233,Maharashtra,2472.8,2472.8,921.24,37.3,2023-03-01,2028-12-31,2027-12-31,2026-06-01,24,0.0,0
PAIM-617278,KOLARPIMPRI EXPANSION OC [2.5 (WCL - CIL) (617278),Infrastructure & Highways,Ministry of Coal,617278,Maharashtra,4203.27,4203.27,2887.91,68.7,2023-03-01,2027-12-31,2027-12-31,2026-06-01,18,0.0,0
PAIM-619055,SAONER-III EXPN UG MINE 1.54 (WCL - CIL) (619055),Infrastructure & Highways,Ministry of Coal,619055,Maharashtra,1735.05,1735.05,960.65,55.4,2023-03-01,2027-12-31,2029-12-31,2026-06-01,0,0.0,0
PAIM-400369,BINA KAKRI AMALGAMATION EXPANS (NCL - CIL) (400369),Infrastructure & Highways,Ministry of Coal,400369,Maharashtra,392.92,392.92,150.39,38.3,2024-03-01,2027-12-31,2028-12-31,2026-06-01,36,0.0,0
PAIM-615183,KHADIA EXPANSION [10 TO 16 MTP (NCL - CIL) (615183),Infrastructure & Highways,Ministry of Coal,615183,Uttar Pradesh,1207.62,1207.62,158.08,13.1,2022-03-01,2026-12-31,2029-12-31,2026-06-01,18,0.0,0
PAIM-400165,SUBHADRA OCP (Mahanadi Coalfields Limited [MCL]) (400165),Infrastructure & Highways,Ministry of Coal,400165,Odisha,4174.37,4174.37,960.37,23.0,2021-03-01,2027-12-31,2029-12-31,2026-06-01,18,0.0,0
PAIM-400166,SIARMAL OCP (Mahanadi Coalfields Limited [MCL]) (400166),Infrastructure & Highways,Ministry of Coal,400166,Odisha,887.27,887.27,443.32,50.0,2022-03-01,2028-12-31,2028-12-31,2026-06-01,24,0.0,0
PAIM-400183,BALARAM EXPANSION OCP (Mahanadi Coalfields Limited [MCL]) (400183),Infrastructure & Highways,Ministry of Coal,400183,Odisha,1229.94,1229.94,629.5,51.2,2023-03-01,2026-12-31,2029-12-31,2026-06-01,18,0.0,0
PAIM-400185,GOPALJI KANIHA OCP [10 TO 30 M (MCL - CIL) (400185),Infrastructure & Highways,Ministry of Coal,400185,Odisha,664.27,664.27,263.29,39.6,2022-03-01,2028-12-31,2027-12-31,2026-06-01,12,0.0,0
PAIM-400187,INTEGRATED LAKHANPUR-BELPAHAR- (Mahanadi Coalfields Limited [MCL]) (400187),Infrastructure & Highways,Ministry of Coal,400187,Odisha,3138.51,3138.51,2113.74,67.3,2023-03-01,2026-12-31,2027-12-31,2026-06-01,6,0.0,0
PAIM-400392,BHARATPUR RE-ORGANIZATION OCP (Mahanadi Coalfields Limited [MCL]) (400392),Infrastructure & Highways,Ministry of Coal,400392,Odisha,4250.52,4250.52,531.0,12.5,2023-03-01,2027-12-31,2027-12-31,2026-06-01,12,0.0,0
PAIM-615857,Naini Coal Mine (Singareni Collieries Company Limited [SCCL]) (615857),Infrastructure & Highways,Ministry of Coal,615857,Odisha,1324.26,1324.26,168.9,12.8,2023-03-01,2028-12-31,2029-12-31,2026-06-01,18,0.0,0
PAIM-616226,INTEGRATED KULDA GARJANBAHAL O (MCL - CIL) (616226),Infrastructure & Highways,Ministry of Coal,616226,Odisha,2910.29,2910.29,2070.13,71.1,2022-03-01,2026-12-31,2028-12-31,2026-06-01,0,0.0,0
PAIM-616231,BHUBANESWARI EXPN OCP 50 MTY (MCL - CIL) (616231),Infrastructure & Highways,Ministry of Coal,616231,Odisha,2578.45,2578.45,333.49,12.9,2022-03-01,2026-12-31,2027-12-31,2026-06-01,12,0.0,0
PAIM-616232,HINGULA II OC EXPN PH III 15 M (MCL - CIL) (616232),Infrastructure & Highways,Ministry of Coal,616232,Odisha,617.21,617.21,68.12,11.0,2024-03-01,2028-12-31,2029-12-31,2026-06-01,24,0.0,0
PAIM-616233,BALABHADRA OCP (MCL - CIL) (616233),Infrastructure & Highways,Ministry of Coal,616233,Odisha,1334.04,1334.04,865.54,64.9,2021-03-01,2027-12-31,2027-12-31,2026-06-01,0,0.0,0
PAIM-618982,Talabira II & III OCP - FMC (NLC India Limited [NLCIL]) (618982),Infrastructure & Highways,Ministry of Coal,618982,Odisha,1132.09,1132.09,148.06,13.1,2021-03-01,2026-12-31,2027-12-31,2026-06-01,12,0.0,0
PAIM-615818,Jawahar Khani Open Cast Mine (Singareni Collieries Company Limited [SCCL]) (615818),Infrastructure & Highways,Ministry of Coal,615818,Odisha,474.45,474.45,324.57,68.4,2021-03-01,2027-12-31,2029-12-31,2026-06-01,18,0.0,0
PAIM-615858,Kalyanikhani Opencast Project (Singareni Collieries Company Limited [SCCL]) (615858),Infrastructure & Highways,Ministry of Coal,615858,Telangana,3875.87,3875.87,892.0,23.0,2021-03-01,2027-12-31,2028-12-31,2026-06-01,18,0.0,0
PAIM-615860,Godavarikhani Coal Mine - 5 (Singareni Collieries Company Limited [SCCL]) (615860),Infrastructure & Highways,Ministry of Coal,615860,Telangana,3590.91,3590.91,1747.11,48.7,2024-03-01,2027-12-31,2027-12-31,2026-06-01,36,0.0,0
PAIM-615861,Indaram Opencast Project (Singareni Collieries Company Limited [SCCL]) (615861),Infrastructure & Highways,Ministry of Coal,615861,Telangana,1098.81,1098.81,409.43,37.3,2024-03-01,2027-12-31,2027-12-31,2026-06-01,0,0.0,0
PAIM-615862,Goleti Opencast Mine (Singareni Collieries Company Limited [SCCL]) (615862),Infrastructure & Highways,Ministry of Coal,615862,Telangana,636.64,636.64,219.2,34.4,2023-03-01,2026-12-31,2029-12-31,2026-06-01,36,0.0,0
PAIM-615863,Venkatesh Khani Coal Mine (Singareni Collieries Company Limited [SCCL]) (615863),Infrastructure & Highways,Ministry of Coal,615863,Telangana,717.37,717.37,335.33,46.7,2023-03-01,2026-12-31,2029-12-31,2026-06-01,18,0.0,0
PAIM-615865,Kakatiyakhani OC - 2 Project (Singareni Collieries Company Limited [SCCL]) (615865),Infrastructure & Highways,Ministry of Coal,615865,West Bengal,1564.62,1564.62,1133.48,72.4,2023-03-01,2028-12-31,2029-12-31,2026-06-01,6,0.0,0
PAIM-400173,MOHANPUR EXPANSION OC -PHASE I (ECL - CIL) (400173),Infrastructure & Highways,Ministry of Coal,400173,West Bengal,4087.16,4087.16,1472.41,36.0,2021-03-01,2028-12-31,2027-12-31,2026-06-01,6,0.0,0
PAIM-400180,BONJEMEHARI EXPANSION OCP (Eastern Coal Fields Limited [ECL]) (400180),Infrastructure & Highways,Ministry of Coal,400180,West Bengal,3891.9,3891.9,2896.88,74.4,2022-03-01,2028-12-31,2028-12-31,2026-06-01,24,0.0,0
PAIM-400181,NAKRAKONDA KUMARDIH- B OCP (ECL - CIL) (400181),Infrastructure & Highways,Ministry of Coal,400181,West Bengal,4178.5,4178.5,3210.24,76.8,2022-03-01,2026-12-31,2029-12-31,2026-06-01,12,0.0,0
PAIM-400186,TILABONI UG (ECL - CIL) (400186),Infrastructure & Highways,Ministry of Coal,400186,West Bengal,2064.37,2064.37,866.72,42.0,2024-03-01,2026-12-31,2028-12-31,2026-06-01,18,0.0,0
PAIM-400312,JHANJRA EXPANSION UG (Eastern Coal Fields Limited [ECL]) (400312),Infrastructure & Highways,Ministry of Coal,400312,West Bengal,583.56,583.56,140.53,24.1,2022-03-01,2026-12-31,2027-12-31,2026-06-01,6,0.0,0
PAIM-400315,SONEPUR BAZARI EXPANSION OCP [ (Eastern Coal Fields Limited [ECL]) (400315),Infrastructure & Highways,Ministry of Coal,400315,West Bengal,4484.11,4484.11,1054.9,23.5,2024-03-01,2027-12-31,2028-12-31,2026-06-01,18,0.0,0
PAIM-612816,ITAPARA OCP (ECL - CIL) (612816),Infrastructure & Highways,Ministry of Coal,612816,West Bengal,485.23,485.23,80.11,16.5,2021-03-01,2027-12-31,2027-12-31,2026-06-01,24,0.0,0
PAIM-613793,SHYAMSUNDARPUR UG INCLUDING SA (ECL - CIL) (613793),Infrastructure & Highways,Ministry of Coal,613793,West Bengal,2788.07,2788.07,1690.37,60.6,2023-03-01,2027-12-31,2029-12-31,2026-06-01,24,0.0,0
PAIM-613794,PARASEA-BELBAID UG PROJECT (ECL - CIL) (613794),Infrastructure & Highways,Ministry of Coal,613794,West Bengal,3189.2,3189.2,1739.85,54.6,2022-03-01,2026-12-31,2027-12-31,2026-06-01,24,0.0,0
PAIM-616230,PARASCOLE JAMBAD OCP (ECL - CIL) (616230),Infrastructure & Highways,Ministry of Coal,616230,West Bengal,2550.69,2550.69,1493.3,58.5,2023-03-01,2028-12-31,2029-12-31,2026-06-01,24,0.0,0
PAIM-617299,50 MW Wind Power Project (NLC India Limited) (617299),Infrastructure & Highways,Ministry of Coal,617299,Gujarat,560.07,560.07,208.09,37.2,2024-03-01,2027-12-31,2028-12-31,2026-06-01,12,0.0,0
PAIM-617730,600 MW Khavda Solar Power Project (NLC India Limited [NLCIL]) (617730),Infrastructure & Highways,Ministry of Coal,617730,Gujarat,2275.74,2275.74,828.5,36.4,2023-03-01,2026-12-31,2028-12-31,2026-06-01,12,0.0,0
PAIM-618991,200 MW SPP part of 510 MW CPSU scheme (NLC India Limited [NLCIL]) (618991),Infrastructure & Highways,Ministry of Coal,618991,Gujarat,1355.04,1355.04,629.35,46.4,2023-03-01,2026-12-31,2028-12-31,2026-06-01,18,0.0,0
PAIM-618992,100 MW SPP part of SECI 150 MW Hybrid (NLC India Limited [NLCIL]) (618992),Infrastructure & Highways,Ministry of Coal,618992,Odisha,4480.15,4480.15,3055.49,68.2,2024-03-01,2026-12-31,2027-12-31,2026-06-01,12,0.0,0
PAIM-400231,NLC Talabira Thermal Power Project (NLC India Limited) (400231),Infrastructure & Highways,Ministry of Coal,400231,Odisha,3482.7,3482.7,478.08,13.7,2023-03-01,2027-12-31,2027-12-31,2026-06-01,36,0.0,0
PAIM-618981,810 MW Solar Power Project - Rajasthan (NLC India Limited [NLCIL]) (618981),Infrastructure & Highways,Ministry of Coal,618981,Odisha,416.01,416.01,72.27,17.4,2022-03-01,2028-12-31,2029-12-31,2026-06-01,36,0.0,0
PAIM-400203,Dharamjaigarh-Korba (Railway) (400203),Infrastructure & Highways,Ministry of Coal,400203,Rajasthan,2191.32,2191.32,296.68,13.5,2024-03-01,2028-12-31,2028-12-31,2026-06-01,24,0.0,0
PAIM-400416,line] (Ministry of Coal) (400416),Infrastructure & Highways,Ministry of Coal,400416,Multi-State,1480.69,1480.69,1131.84,76.4,2022-03-01,2027-12-31,2027-12-31,2026-06-01,0,0.0,0
PAIM-400192,Tubed Coal Mine (Damodar Valley Corporation) (400192),Infrastructure & Highways,Ministry of Coal,400192,Multi-State,4345.78,4345.78,1823.49,42.0,2024-03-01,2026-12-31,2028-12-31,2026-06-01,0,0.0,0
PAIM-603293,Badam Coal Mining project of NTPC (National Thermal Power Corporation [NTPC]) (603293),Infrastructure & Highways,Ministry of Coal,603293,Multi-State,1959.12,1959.12,741.91,37.9,2024-03-01,2028-12-31,2028-12-31,2026-06-01,12,0.0,0
PAIM-602579,Buxar Thermal Power Project [1320 MW] (Satluj Jal Vidyut Nigam [SJVN] Thermal Limited) (602579),Infrastructure & Highways,Ministry of Coal,602579,Bihar,235.1,235.1,118.87,50.6,2021-03-01,2027-12-31,2027-12-31,2026-06-01,36,0.0,0
PAIM-619051,"Nabinagar Super Thermal Power Project, Stage-II [3x800 MW] (National Thermal Power Corporation [NTPC]) (619051)",Infrastructure & Highways,Ministry of Coal,619051,Bihar,3504.4,3504.4,2752.71,78.6,2024-03-01,2026-12-31,2029-12-31,2026-06-01,18,0.0,0
PAIM-611930,Lara Super Thermal Power Project Stage-II [2 x 800 MW] (National Thermal Power Corporation [NTPC]) (611930),Infrastructure & Highways,Ministry of Coal,611930,Bihar,4484.74,4484.74,1802.82,40.2,2024-03-01,2026-12-31,2029-12-31,2026-06-01,24,0.0,0
PAIM-617188,"Sipat Super Thermal Power Project, Stage-III [1x800 MW] (National Thermal Power Corporation [NTPC]) (617188)",Infrastructure & Highways,Ministry of Coal,617188,Multi-State,2389.0,2389.0,593.45,24.8,2023-03-01,2027-12-31,2028-12-31,2026-06-01,12,0.0,0
PAIM-709747,Bagodara Solar Power Project (Satluj Jal Vidyut Nigam [SJVN] Thermal Limited) (709747),Infrastructure & Highways,Ministry of Coal,709747,Gujarat,2231.41,2231.41,297.13,13.3,2021-03-01,2026-12-31,2028-12-31,2026-06-01,12,0.0,0
PAIM-602582,Dhaulasidh Hydro Electric Project [66 MW] (Satluj Jal Vidyut Nigam [SJVN] Thermal Limited) (602582),Infrastructure & Highways,Ministry of Coal,602582,Gujarat,1701.45,1701.45,344.38,20.2,2024-03-01,2028-12-31,2027-12-31,2026-06-01,12,0.0,0
PAIM-602593,Luhri Stage-I Hydro Electric Project [210 MW] (Satluj Jal Vidyut Nigam [SJVN] Thermal Limited) (602593),Infrastructure & Highways,Ministry of Coal,602593,Multi-State,1552.49,1552.49,185.92,12.0,2023-03-01,2026-12-31,2027-12-31,2026-06-01,0,0.0,0
PAIM-611586,Sunni Dam Hydro Electric Project [382 MW] (Satluj Jal Vidyut Nigam [SJVN] Thermal Limited) (611586),Infrastructure & Highways,Ministry of Coal,611586,Multi-State,4070.33,4070.33,1378.28,33.9,2023-03-01,2027-12-31,2029-12-31,2026-06-01,6,0.0,0
PAIM-602525,"Pakal Dul [Drangdhuran] Hydroelectric Project, 1000 MW (National Hydroelectric Power Corporation Limited [NHPC]) (602525",Infrastructure & Highways,Ministry of Coal,602525,Multi-State,3972.65,3972.65,2551.24,64.2,2021-03-01,2026-12-31,2028-12-31,2026-06-01,18,0.0,0
PAIM-602532,Kiru HE Project (National Hydroelectric Power Corporation Limited [NHPC]) (602532),Infrastructure & Highways,Ministry of Coal,602532,Multi-State,4166.05,4166.05,1450.94,34.8,2023-03-01,2026-12-31,2028-12-31,2026-06-01,18,0.0,0
PAIM-602535,"Ratle HE Project - 850 MW, Ratle Hydroelectric Power Corporation Limited. (National Hydroelectric Power Corporation Limi",Infrastructure & Highways,Ministry of Coal,602535,Multi-State,2597.59,2597.59,679.09,26.1,2024-03-01,2026-12-31,2027-12-31,2026-06-01,36,0.0,0
PAIM-605155,Kwar HE Project (National Hydroelectric Power Corporation Limited [NHPC]) (605155),Infrastructure & Highways,Ministry of Coal,605155,Multi-State,1976.91,1976.91,380.01,19.2,2023-03-01,2028-12-31,2027-12-31,2026-06-01,12,0.0,0
PAIM-400261,Patratu Thermal Power Station Expansion Project Phase-I [3x800 MW] (National Thermal Power Corporation [NTPC]) (400261),Infrastructure & Highways,Ministry of Coal,400261,Multi-State,3105.32,3105.32,902.59,29.1,2021-03-01,2026-12-31,2029-12-31,2026-06-01,0,0.0,0
PAIM-611509,"Koderma Thermal Power Station Phase II [2X800 MW] At Koderma, Jharkhand (Damodar Valley Corporation) (611509)",Infrastructure & Highways,Ministry of Coal,611509,Multi-State,1181.5,1181.5,601.57,50.9,2022-03-01,2027-12-31,2027-12-31,2026-06-01,18,0.0,0
PAIM-618976,"Gadarwara Super Thermal Power Project, Stage-II [2x800 MW] (National Thermal Power Corporation [NTPC]) (618976)",Infrastructure & Highways,Ministry of Coal,618976,Madhya Pradesh,4250.78,4250.78,2226.5,52.4,2023-03-01,2028-12-31,2029-12-31,2026-06-01,36,0.0,0
PAIM-602961,Talcher Thermal Power Station Stage III [2 x 660 MW] Expansion (National Thermal Power Corporation [NTPC]) (602961),Infrastructure & Highways,Ministry of Coal,602961,Odisha,3339.25,3339.25,2771.7,83.0,2021-03-01,2027-12-31,2029-12-31,2026-06-01,36,0.0,0
PAIM-619056,"Darlipali Super Thermal Power Project, Stage-II [1x800 MW] (National Thermal Power Corporation [NTPC]) (619056)",Infrastructure & Highways,Ministry of Coal,619056,Odisha,4057.09,4057.09,2647.28,65.3,2024-03-01,2028-12-31,2027-12-31,2026-06-01,12,0.0,0
PAIM-619341,"Telangana Super Thermal Power Project , Stage-II [3 x 800 MW] (National Thermal Power Corporation [NTPC]) (619341)",Infrastructure & Highways,Ministry of Coal,619341,Telangana,420.16,420.16,269.7,64.2,2022-03-01,2028-12-31,2027-12-31,2026-06-01,12,0.0,0
PAIM-612142,"Singrauli Super Thermal Power Project, Stage-III [2x800 MW] (National Thermal Power Corporation [NTPC]) (612142)",Infrastructure & Highways,Ministry of Coal,612142,Uttar Pradesh,1557.85,1557.85,1073.26,68.9,2023-03-01,2026-12-31,2027-12-31,2026-06-01,36,0.0,0
PAIM-602185,Tapovan-Vishnugad HEP [4x130 MW] (National Thermal Power Corporation [NTPC]) (602185),Infrastructure & Highways,Ministry of Coal,602185,Uttar Pradesh,4414.52,4414.52,2095.2,47.5,2021-03-01,2028-12-31,2028-12-31,2026-06-01,24,0.0,0
PAIM-602195,Vishnugad Pipalkoti Hydro Electric Project [444 MW] (THDC India Limited) (602195),Infrastructure & Highways,Ministry of Coal,602195,West Bengal,1561.76,1561.76,1060.63,67.9,2022-03-01,2026-12-31,2029-12-31,2026-06-01,0,0.0,0
PAIM-400062,West Bengal (Damodar Valley Corporation) (400062),Infrastructure & Highways,Ministry of Coal,400062,West Bengal,3883.14,3883.14,2316.32,59.7,2022-03-01,2026-12-31,2027-12-31,2026-06-01,18,0.0,0
PAIM-602184,Rammam-III HEPP [3x40 MW] (National Thermal Power Corporation [NTPC]) (602184),Infrastructure & Highways,Ministry of Coal,602184,West Bengal,4170.93,4170.93,1366.42,32.8,2023-03-01,2028-12-31,2028-12-31,2026-06-01,0,0.0,0
PAIM-602538,Installation of FGD for 4x210 & 2x250 MW MTPS U 1-6 (Damodar Valley Corporation) (602538),Infrastructure & Highways,Ministry of Coal,602538,West Bengal,4061.93,4061.93,509.47,12.5,2022-03-01,2028-12-31,2029-12-31,2026-06-01,36,0.0,0
PAIM-617183,generation projects [POWERGRID Kurnool III PS RE Transmission Limited] (Power Grid Corporation of India Limited [POWERGR,Infrastructure & Highways,Ministry of Coal,617183,Andhra Pradesh,4469.73,4469.73,1095.57,24.5,2022-03-01,2026-12-31,2028-12-31,2026-06-01,18,0.0,0
PAIM-615336,phase-III Part-D Phase-II (Power Grid Corporation of India Limited [POWERGRID]) (615336),Infrastructure & Highways,Ministry of Coal,615336,Rajasthan,2863.65,2863.65,450.75,15.7,2023-03-01,2028-12-31,2027-12-31,2026-06-01,6,0.0,0
PAIM-612139,park under Phase-III Part B [Vataman Transmission Limited] (Power Grid Corporation of India Limited [POWERGRID]) (612139,Infrastructure & Highways,Ministry of Coal,612139,Gujarat,3650.97,3650.97,2014.73,55.2,2021-03-01,2028-12-31,2028-12-31,2026-06-01,36,0.0,0
PAIM-612855,in Khavda Area of Gujarat under Ph-IV [7GW] Part E2 (Power Grid Corporation of India Limited [POWERGRID]) (612855),Infrastructure & Highways,Ministry of Coal,612855,Gujarat,4388.02,4388.02,2508.65,57.2,2024-03-01,2026-12-31,2027-12-31,2026-06-01,36,0.0,0
PAIM-615342,POWERGRID Jam Khambhaliya Transmission Limited] (Power Grid Corporation of India Limited [POWERGRID]) (615342),Infrastructure & Highways,Ministry of Coal,615342,Gujarat,4382.37,4382.37,1273.85,29.1,2021-03-01,2026-12-31,2028-12-31,2026-06-01,0,0.0,0
PAIM-615343,Khavda Pooling station 3 [KPS3] (Power Grid Corporation of India Limited [POWERGRID]) (615343),Infrastructure & Highways,Ministry of Coal,615343,Gujarat,3876.49,3876.49,3281.31,84.6,2024-03-01,2028-12-31,2029-12-31,2026-06-01,6,0.0,0
PAIM-615345,South Olpad Transmission Limited] (Power Grid Corporation of India Limited [POWERGRID]) (615345),Infrastructure & Highways,Ministry of Coal,615345,Gujarat,3074.61,3074.61,1139.4,37.1,2024-03-01,2026-12-31,2027-12-31,2026-06-01,12,0.0,0
PAIM-617069,Transmission Limited] (Power Grid Corporation of India Limited [POWERGRID]) (617069),Infrastructure & Highways,Ministry of Coal,617069,Gujarat,1279.91,1279.91,854.72,66.8,2023-03-01,2027-12-31,2029-12-31,2026-06-01,0,0.0,0
PAIM-617182,Transco Limited] (Power Grid Corporation of India Limited [POWERGRID]) (617182),Infrastructure & Highways,Ministry of Coal,617182,Gujarat,360.88,360.88,68.31,18.9,2024-03-01,2026-12-31,2028-12-31,2026-06-01,18,0.0,0
PAIM-617391,Augmentation of Transformation Capacity at Bhuj-II PS [GIS] (Power Grid Corporation of India Limited [POWERGRID]) (61739,Infrastructure & Highways,Ministry of Coal,617391,Gujarat,3831.34,3831.34,1911.95,49.9,2023-03-01,2026-12-31,2028-12-31,2026-06-01,0,0.0,0
PAIM-617405,Jamnagar Transmission Limited (Adani Transmission Limited) (617405),Infrastructure & Highways,Ministry of Coal,617405,Gujarat,257.89,257.89,163.57,63.4,2023-03-01,2026-12-31,2027-12-31,2026-06-01,12,0.0,0
PAIM-617801,Provision of ICT Augmentation & Bus Reactor at Bhuj-II PS (Power Grid Corporation of India Limited [POWERGRID]) (617801),Infrastructure & Highways,Ministry of Coal,617801,Gujarat,4165.92,4165.92,2403.01,57.7,2024-03-01,2027-12-31,2029-12-31,2026-06-01,24,0.0,0
PAIM-619026,KPSIII HVDC Transmission Limited (Adani Transmission Limited) (619026),Infrastructure & Highways,Ministry of Coal,619026,Gujarat,4358.34,4358.34,2311.27,53.0,2023-03-01,2028-12-31,2028-12-31,2026-06-01,18,0.0,0
PAIM-619029,Transmission System for Reliable Power Supply to Dholera (Power Grid Corporation of India Limited [POWERGRID]) (619029),Infrastructure & Highways,Ministry of Coal,619029,Gujarat,2985.23,2985.23,2476.87,83.0,2023-03-01,2027-12-31,2028-12-31,2026-06-01,18,0.0,0
PAIM-619049,Khavda IVA Power Transmission Limited (Adani Transmission Limited) (619049),Infrastructure & Highways,Ministry of Coal,619049,Gujarat,1952.36,1952.36,533.74,27.3,2022-03-01,2028-12-31,2028-12-31,2026-06-01,6,0.0,0
PAIM-617179,MW] Part B (Power Grid Corporation of India Limited [POWERGRID]) (617179),Infrastructure & Highways,Ministry of Coal,617179,Multi-State,661.13,661.13,185.76,28.1,2023-03-01,2026-12-31,2027-12-31,2026-06-01,36,0.0,0
PAIM-617326,Project (Power Grid Corporation of India Limited [POWERGRID]) (617326),Infrastructure & Highways,Ministry of Coal,617326,Multi-State,3113.11,3113.11,2356.09,75.7,2021-03-01,2027-12-31,2029-12-31,2026-06-01,36,0.0,0
PAIM-612140,TRANSMISSION LIMITED] (Power Grid Corporation of India Limited [POWERGRID]) (612140),Infrastructure & Highways,Ministry of Coal,612140,Karnataka,3764.83,3764.83,2297.69,61.0,2022-03-01,2027-12-31,2028-12-31,2026-06-01,24,0.0,0
PAIM-616672,Limited] (Power Grid Corporation of India Limited [POWERGRID]) (616672),Infrastructure & Highways,Ministry of Coal,616672,Karnataka,4218.2,4218.2,779.82,18.5,2021-03-01,2027-12-31,2027-12-31,2026-06-01,12,0.0,0
PAIM-617068,Augmentation Transmission Limited] (Power Grid Corporation of India Limited [POWERGRID]) (617068),Infrastructure & Highways,Ministry of Coal,617068,Karnataka,4135.52,4135.52,2699.73,65.3,2021-03-01,2028-12-31,2029-12-31,2026-06-01,36,0.0,0
PAIM-617184,Karnataka  [POWERGRID Chitradurga Bellary REZ Transmission Limited] (Power Grid Corporation of India Limited [POWERGRID],Infrastructure & Highways,Ministry of Coal,617184,Karnataka,3876.13,3876.13,2045.14,52.8,2021-03-01,2026-12-31,2029-12-31,2026-06-01,0,0.0,0
PAIM-617803,[SPV Name - POWERGRID Davanagere Power Transmission Limited] (Power Grid Corporation of India Limited [POWERGRID]) (6178,Infrastructure & Highways,Ministry of Coal,617803,Karnataka,3917.66,3917.66,831.21,21.2,2023-03-01,2028-12-31,2028-12-31,2026-06-01,0,0.0,0
PAIM-619228,Davanagere [0.25 GW] and Bellary [2.75 GW] (Power Grid Corporation of India Limited [POWERGRID]) (619228),Infrastructure & Highways,Ministry of Coal,619228,Karnataka,1715.08,1715.08,868.07,50.6,2021-03-01,2026-12-31,2027-12-31,2026-06-01,6,0.0,0
PAIM-619028,Kerala (Power Grid Corporation of India Limited [POWERGRID]) (619028),Infrastructure & Highways,Ministry of Coal,619028,Rajasthan,898.02,898.02,479.34,53.4,2021-03-01,2028-12-31,2027-12-31,2026-06-01,24,0.0,0
PAIM-615344,TRANSMISSION LIMITED] (Power Grid Corporation of India Limited [POWERGRID]) (615344),Infrastructure & Highways,Ministry of Coal,615344,Rajasthan,1125.1,1125.1,192.82,17.1,2021-03-01,2028-12-31,2027-12-31,2026-06-01,24,0.0,0
PAIM-615346,Transmission Limited] (Power Grid Corporation of India Limited [POWERGRID]) (615346),Infrastructure & Highways,Ministry of Coal,615346,Rajasthan,2127.1,2127.1,1306.25,61.4,2023-03-01,2027-12-31,2028-12-31,2026-06-01,0,0.0,0
PAIM-617272,Hindalco Switchyard (Power Grid Corporation of India Limited [POWERGRID]) (617272),Infrastructure & Highways,Ministry of Coal,617272,Madhya Pradesh,1996.57,1996.57,1394.23,69.8,2021-03-01,2026-12-31,2029-12-31,2026-06-01,36,0.0,0
PAIM-617279,Transmission Limited] (Power Grid Corporation of India Limited [POWERGRID]) (617279),Infrastructure & Highways,Ministry of Coal,617279,Madhya Pradesh,249.83,249.83,198.32,79.4,2021-03-01,2028-12-31,2027-12-31,2026-06-01,24,0.0,0
PAIM-617802,Transmission Limited] (Power Grid Corporation of India Limited [POWERGRID]) (617802),Infrastructure & Highways,Ministry of Coal,617802,Madhya Pradesh,4298.69,4298.69,3071.29,71.4,2022-03-01,2026-12-31,2027-12-31,2026-06-01,12,0.0,0
PAIM-619024,Mahan Transmission Limited (Adani Transmission Limited) (619024),Infrastructure & Highways,Ministry of Coal,619024,Gujarat,4026.34,4026.34,1313.35,32.6,2024-03-01,2027-12-31,2028-12-31,2026-06-01,24,0.0,0
PAIM-611966,of Gujarat under phase IV 7GW-Part E4 (Power Grid Corporation of India Limited [POWERGRID]) (611966),Infrastructure & Highways,Ministry of Coal,611966,Maharashtra,2911.77,2911.77,1278.89,43.9,2021-03-01,2026-12-31,2029-12-31,2026-06-01,6,0.0,0
PAIM-619027,WRNES Talegaon Power Transmission Limited (Adani Transmission Limited) (619027),Infrastructure & Highways,Ministry of Coal,619027,Maharashtra,2528.88,2528.88,444.65,17.6,2022-03-01,2026-12-31,2028-12-31,2026-06-01,24,0.0,0
PAIM-619227,Pune Region-I [765/400kV AIS Pune East] (Power Grid Corporation of India Limited [POWERGRID]) (619227),Infrastructure & Highways,Ministry of Coal,619227,Maharashtra,4470.97,4470.97,1233.24,27.6,2023-03-01,2026-12-31,2028-12-31,2026-06-01,36,0.0,0
PAIM-617185,[POWERGRID Kurnool-IV Transmission Limited] (Power Grid Corporation of India Limited [POWERGRID]) (617185),Infrastructure & Highways,Ministry of Coal,617185,Karnataka,2646.22,2646.22,2087.76,78.9,2021-03-01,2026-12-31,2028-12-31,2026-06-01,6,0.0,0
PAIM-617806,Name Anantapuram 2 REZ Transmission Ltd (Sterlite Power) (617806),Infrastructure & Highways,Ministry of Coal,617806,Karnataka,3516.84,3516.84,1026.52,29.2,2022-03-01,2026-12-31,2027-12-31,2026-06-01,36,0.0,0
PAIM-619030,Inter-Regional Strengthening between SR Grid and ER Grid (Power Grid Corporation of India Limited [POWERGRID]) (619030),Infrastructure & Highways,Ministry of Coal,619030,Odisha,3723.51,3723.51,3082.36,82.8,2024-03-01,2026-12-31,2028-12-31,2026-06-01,36,0.0,0
PAIM-617271,Eastern Region  Expansion Scheme-43 [ERES-43] (Power Grid Corporation of India Limited [POWERGRID]) (617271),Infrastructure & Highways,Ministry of Coal,617271,Odisha,3775.97,3775.97,989.7,26.2,2024-03-01,2028-12-31,2027-12-31,2026-06-01,12,0.0,0
PAIM-617807,765 kV Vindhyachal-Varanasi D/c line (Power Grid Corporation of India Limited [POWERGRID]) (617807),Infrastructure & Highways,Ministry of Coal,617807,Bihar,4031.08,4031.08,3389.36,84.1,2024-03-01,2026-12-31,2027-12-31,2026-06-01,6,0.0,0
PAIM-617270,Eastern Region  Expansion Scheme-44 [ERES-44] (Power Grid Corporation of India Limited [POWERGRID]) (617270),Infrastructure & Highways,Ministry of Coal,617270,Rajasthan,1199.69,1199.69,316.17,26.4,2024-03-01,2028-12-31,2028-12-31,2026-06-01,18,0.0,0
PAIM-611735,Phase-III Part J (Power Grid Corporation of India Limited [POWERGRID]) (611735),Infrastructure & Highways,Ministry of Coal,611735,Rajasthan,3197.46,3197.46,1185.08,37.1,2023-03-01,2027-12-31,2028-12-31,2026-06-01,12,0.0,0
PAIM-612132,Phase-III Part D Phase I [Sikar Khetri Transmission Ltd] (Power Grid Corporation of India Limited [POWERGRID]) (612132),Infrastructure & Highways,Ministry of Coal,612132,Rajasthan,4173.3,4173.3,3516.07,84.3,2022-03-01,2027-12-31,2029-12-31,2026-06-01,12,0.0,0
PAIM-615347,[8 GW] PART A   [SPV Name POWERGRID West Central Transmission Limited] (Power Grid Corporation of India Limited [POWERGR,Infrastructure & Highways,Ministry of Coal,615347,Maharashtra,965.12,965.12,125.72,13.0,2022-03-01,2026-12-31,2029-12-31,2026-06-01,18,0.0,0
PAIM-615339,Limited] (Power Grid Corporation of India Limited [POWERGRID]) (615339),Infrastructure & Highways,Ministry of Coal,615339,Rajasthan,849.51,849.51,381.61,44.9,2024-03-01,2028-12-31,2029-12-31,2026-06-01,0,0.0,0
PAIM-615340,POWERGRID Siwani Transmission Limited] (Power Grid Corporation of India Limited [POWERGRID]) (615340),Infrastructure & Highways,Ministry of Coal,615340,Rajasthan,1467.47,1467.47,755.39,51.5,2022-03-01,2026-12-31,2029-12-31,2026-06-01,18,0.0,0
PAIM-617808,Inter-Regional Strengthening between SR Grid and WR Grid (Power Grid Corporation of India Limited [POWERGRID]) (617808),Infrastructure & Highways,Ministry of Coal,617808,Maharashtra,3164.43,3164.43,1315.39,41.6,2022-03-01,2026-12-31,2027-12-31,2026-06-01,6,0.0,0
PAIM-612138,Transmission Ltd] (Power Grid Corporation of India Limited [POWERGRID]) (612138),Infrastructure & Highways,Ministry of Coal,612138,Karnataka,1554.1,1554.1,850.84,54.7,2021-03-01,2026-12-31,2029-12-31,2026-06-01,18,0.0,0
PAIM-615333,Mandsaur Transmission Limited] (Power Grid Corporation of India Limited [POWERGRID]) (615333),Infrastructure & Highways,Ministry of Coal,615333,Rajasthan,781.54,781.54,492.39,63.0,2022-03-01,2028-12-31,2027-12-31,2026-06-01,12,0.0,0
PAIM-615334,Transmission Limited] (Power Grid Corporation of India Limited [POWERGRID]) (615334),Infrastructure & Highways,Ministry of Coal,615334,Rajasthan,1964.66,1964.66,977.82,49.8,2023-03-01,2027-12-31,2029-12-31,2026-06-01,0,0.0,0
PAIM-617186,Transmission Limited] (Power Grid Corporation of India Limited [POWERGRID]) (617186),Infrastructure & Highways,Ministry of Coal,617186,Rajasthan,2513.45,2513.45,553.77,22.0,2023-03-01,2028-12-31,2028-12-31,2026-06-01,36,0.0,0
PAIM-619025,RAJASTHAN PART I POWER TRANSMISSION LIMITED (Adani Transmission Limited) (619025),Infrastructure & Highways,Ministry of Coal,619025,Rajasthan,4297.7,4297.7,2898.89,67.5,2024-03-01,2026-12-31,2029-12-31,2026-06-01,6,0.0,0
PAIM-612133,[Bikaner Complex] Part D [Neemrana Bareilly Transmission Ltd] (Power Grid Corporation of India Limited [POWERGRID]) (612,Infrastructure & Highways,Ministry of Coal,612133,Rajasthan,3843.95,3843.95,1093.94,28.5,2022-03-01,2028-12-31,2029-12-31,2026-06-01,36,0.0,0
PAIM-616670,GW] Part A  [SPV name POWERGRID Ghiror Transmission Limited] (Power Grid Corporation of India Limited [POWERGRID]) (6166,Infrastructure & Highways,Ministry of Coal,616670,Rajasthan,313.07,313.07,130.0,41.5,2024-03-01,2026-12-31,2029-12-31,2026-06-01,12,0.0,0
PAIM-611949,Phase-III part C1 (Power Grid Corporation of India Limited [POWERGRID]) (611949),Infrastructure & Highways,Ministry of Coal,611949,Rajasthan,2548.33,2548.33,2009.43,78.9,2023-03-01,2027-12-31,2027-12-31,2026-06-01,0,0.0,0
PAIM-612134,[Bikaner Complex] Part A [Bikaner Neemrana  Transmission Ltd] (Power Grid Corporation of India Limited [POWERGRID]) (612,Infrastructure & Highways,Ministry of Coal,612134,Rajasthan,2455.33,2455.33,712.37,29.0,2023-03-01,2027-12-31,2029-12-31,2026-06-01,18,0.0,0
PAIM-615332,Transmission Limited] (Power Grid Corporation of India Limited [POWERGRID]) (615332),Infrastructure & Highways,Ministry of Coal,615332,Rajasthan,411.96,411.96,311.42,75.6,2023-03-01,2027-12-31,2029-12-31,2026-06-01,6,0.0,0
PAIM-615335,Complex [SPV Name POWERGRID BHADLA BIKANER TRANSMISSION LIMITED] (Power Grid Corporation of India Limited [POWERGRID]) (,Infrastructure & Highways,Ministry of Coal,615335,Rajasthan,3736.57,3736.57,888.91,23.8,2022-03-01,2027-12-31,2029-12-31,2026-06-01,24,0.0,0
PAIM-615337,Power Transmission Limited] (Power Grid Corporation of India Limited [POWERGRID]) (615337),Infrastructure & Highways,Ministry of Coal,615337,Rajasthan,4183.0,4183.0,2799.07,66.9,2021-03-01,2027-12-31,2027-12-31,2026-06-01,0,0.0,0
PAIM-615338,Name POWERGRID BARMER I TRANSMISSION LIMITED] (Power Grid Corporation of India Limited [POWERGRID]) (615338),Infrastructure & Highways,Ministry of Coal,615338,Rajasthan,2027.03,2027.03,634.34,31.3,2021-03-01,2027-12-31,2027-12-31,2026-06-01,12,0.0,0
PAIM-617181,[POWERGRID Fatehgarh Barmer Augmentation Transmission Limited] (Power Grid Corporation of India Limited [POWERGRID]) (61,Infrastructure & Highways,Ministry of Coal,617181,Rajasthan,1295.14,1295.14,920.57,71.1,2022-03-01,2028-12-31,2027-12-31,2026-06-01,24,0.0,0
PAIM-616671,[2x1000 MW]  [SPV Name POWERGRID Kudankulam Tarnsmission Limited] (Power Grid Corporation of India Limited [POWERGRID]) ,Infrastructure & Highways,Ministry of Coal,616671,Tamil Nadu,3654.81,3654.81,1497.14,41.0,2023-03-01,2027-12-31,2027-12-31,2026-06-01,24,0.0,0
PAIM-617269,Bhadla/Bikaner Complex (Power Grid Corporation of India Limited [POWERGRID]) (617269),Infrastructure & Highways,Ministry of Coal,617269,Uttar Pradesh,2168.79,2168.79,1237.53,57.1,2021-03-01,2026-12-31,2027-12-31,2026-06-01,6,0.0,0
PAIM-617412,"Commissionerates of Central Tax at Khajaguda, Serilingampally, Hyderabad. (Central Public Works Department - CPWD) (6174",Infrastructure & Highways,Ministry of Housing & Urban Affairs,617412,Telangana,2222.54,2222.54,1762.36,79.3,2021-03-01,2026-12-31,2027-12-31,2026-06-01,36,0.0,0
PAIM-707229,"Port, Ship Service, Smart Solid Waste Management, Smart Public Transport System (ministry of housing and urban affairs) ",Infrastructure & Highways,Ministry of Housing & Urban Affairs,707229,Delhi,3937.27,3937.27,703.07,17.9,2021-03-01,2027-12-31,2028-12-31,2026-06-01,36,0.0,0
PAIM-400188,in Delhi (National Buildings Construction Corporation [NBCC]) (400188),Infrastructure & Highways,Ministry of Housing & Urban Affairs,400188,Delhi,3435.73,3435.73,1399.28,40.7,2021-03-01,2026-12-31,2029-12-31,2026-06-01,18,0.0,0
PAIM-701719,Rehablitation in Junavadaj Area Smart City Project (ministry of housing and urban affairs) (701719),Infrastructure & Highways,Ministry of Housing & Urban Affairs,701719,Gujarat,1518.72,1518.72,875.28,57.6,2022-03-01,2028-12-31,2029-12-31,2026-06-01,0,0.0,0
PAIM-701766,Green Building Development Project (ministry of housing and urban affairs) (701766),Infrastructure & Highways,Ministry of Housing & Urban Affairs,701766,Gujarat,1409.06,1409.06,517.08,36.7,2022-03-01,2027-12-31,2028-12-31,2026-06-01,18,0.0,0
PAIM-702627,Patna Metro Rail Project (Patna Metro Rail Corporation Ltd. [PMRCL]) (702627),Infrastructure & Highways,Ministry of Housing & Urban Affairs,702627,Bihar,2968.2,2968.2,2376.1,80.1,2023-03-01,2026-12-31,2029-12-31,2026-06-01,12,0.0,0
PAIM-617207,Delhi Metro Rail Phase-IV [2 Corridors] (Delhi Metro Rail Corporation Limited [DMRC]) (617207),Infrastructure & Highways,Ministry of Housing & Urban Affairs,617207,Bihar,459.09,459.09,181.51,39.5,2021-03-01,2027-12-31,2027-12-31,2026-06-01,6,0.0,0
PAIM-619031,Delhi Metro Rail Phase V A (Delhi Metro Rail Corporation Limited [DMRC]) (619031),Infrastructure & Highways,Ministry of Housing & Urban Affairs,619031,Delhi,1734.83,1734.83,1379.1,79.5,2022-03-01,2026-12-31,2027-12-31,2026-06-01,18,0.0,0
PAIM-702632,DMRTS Phase - IV [3 Priority Corridors] (Delhi Metro Rail Corporation Limited [DMRC]) (702632),Infrastructure & Highways,Ministry of Housing & Urban Affairs,702632,Gujarat,572.05,572.05,401.78,70.2,2024-03-01,2028-12-31,2027-12-31,2026-06-01,18,0.0,0
PAIM-702630,Surat Metro Rail Project (Gujarat Metro Rail Corporation Limited [GMRCL]) (702630),Infrastructure & Highways,Ministry of Housing & Urban Affairs,702630,Gujarat,2099.08,2099.08,1257.85,59.9,2024-03-01,2028-12-31,2027-12-31,2026-06-01,12,0.0,0
PAIM-619022,"Expressway, Gurugram. (Gurugram Metro Rail Limited [GMRL]) (619022)",Infrastructure & Highways,Ministry of Housing & Urban Affairs,619022,Karnataka,781.78,781.78,523.92,67.0,2021-03-01,2026-12-31,2028-12-31,2026-06-01,36,0.0,0
PAIM-612878,Bangalore Metro Rail Project - PHASE-3 (Bengaluru Metro Rail) (612878),Infrastructure & Highways,Ministry of Housing & Urban Affairs,612878,Karnataka,2368.49,2368.49,1886.38,79.6,2021-03-01,2028-12-31,2027-12-31,2026-06-01,6,0.0,0
PAIM-702635,Construction of Bangalore Metro Rail Project Phase 2. (Bengaluru Metro Rail) (702635),Infrastructure & Highways,Ministry of Housing & Urban Affairs,702635,Karnataka,4234.68,4234.68,3563.29,84.1,2024-03-01,2026-12-31,2029-12-31,2026-06-01,12,0.0,0
PAIM-702665,Construction Bangalore Metro Rail Project Phase-2A & 2B (Bengaluru Metro Rail) (702665),Infrastructure & Highways,Ministry of Housing & Urban Affairs,702665,Karnataka,3268.59,3268.59,1638.63,50.1,2022-03-01,2027-12-31,2029-12-31,2026-06-01,12,0.0,0
PAIM-702664,Kochi Metro Rail Phase 2 Development  Project (CSPCC Projects) (702664),Infrastructure & Highways,Ministry of Housing & Urban Affairs,702664,Karnataka,3686.33,3686.33,2578.57,69.9,2024-03-01,2027-12-31,2029-12-31,2026-06-01,24,0.0,0
PAIM-702625,Bhopal Metro Rail Project (Madhya Pradesh Metro Rail Co Limited [MPMRCL]) (702625),Infrastructure & Highways,Ministry of Housing & Urban Affairs,702625,Madhya Pradesh,2720.82,2720.82,1780.11,65.4,2022-03-01,2028-12-31,2028-12-31,2026-06-01,18,0.0,0
PAIM-702626,Indore Metro Rail Project (Madhya Pradesh Metro Rail Co Limited [MPMRCL]) (702626),Infrastructure & Highways,Ministry of Housing & Urban Affairs,702626,Maharashtra,3986.97,3986.97,521.59,13.1,2023-03-01,2026-12-31,2027-12-31,2026-06-01,0,0.0,0
PAIM-617225,PCMC To Nigdi- Extension Of North South Corridor Of Phase-1 (Maharashtra Metro Rail Corporation Limited [MMRCL]) (617225,Infrastructure & Highways,Ministry of Housing & Urban Affairs,617225,Maharashtra,4461.96,4461.96,1132.42,25.4,2021-03-01,2026-12-31,2028-12-31,2026-06-01,24,0.0,0
PAIM-617226,Pune Metro Phase-1 Extension line towards south from Swargate to Katraj (Maharashtra Metro Rail Corporation Limited [MMR,Infrastructure & Highways,Ministry of Housing & Urban Affairs,617226,Maharashtra,642.67,642.67,78.55,12.2,2022-03-01,2026-12-31,2029-12-31,2026-06-01,24,0.0,0
PAIM-617327,Thane Integral Ring Metro Rail Project (Maharashtra Metro Rail Corporation Limited [MMRCL]) (617327),Infrastructure & Highways,Ministry of Housing & Urban Affairs,617327,Maharashtra,2910.77,2910.77,1119.49,38.5,2023-03-01,2026-12-31,2027-12-31,2026-06-01,0,0.0,0
PAIM-618971,2B Ramwadi to Wagholi/Vitthalwadi (Maharashtra Metro Rail Corporation Limited [MMRCL]) (618971),Infrastructure & Highways,Ministry of Housing & Urban Affairs,618971,Maharashtra,4387.07,4387.07,871.95,19.9,2023-03-01,2027-12-31,2029-12-31,2026-06-01,6,0.0,0
PAIM-618985,Nal Stop - Warje - Manikbaug (Maharashtra Metro Rail Corporation Limited [MMRCL]) (618985),Infrastructure & Highways,Ministry of Housing & Urban Affairs,618985,Maharashtra,1347.28,1347.28,281.72,20.9,2022-03-01,2027-12-31,2027-12-31,2026-06-01,12,0.0,0
PAIM-701745,New Suburba Station Development Project (ministry of housing and urban affairs) (701745),Infrastructure & Highways,Ministry of Housing & Urban Affairs,701745,Maharashtra,3938.33,3938.33,1381.62,35.1,2022-03-01,2026-12-31,2027-12-31,2026-06-01,24,0.0,0
PAIM-701991,Kalyan Station Precinct Imporvement Project (ministry of housing and urban affairs) (701991),Infrastructure & Highways,Ministry of Housing & Urban Affairs,701991,Maharashtra,4380.54,4380.54,2594.9,59.2,2024-03-01,2028-12-31,2029-12-31,2026-06-01,18,0.0,0
PAIM-702637,Mumbai Metro Line 3 (Mumbai Metro Rail Corporation Limited [MMRC]) (702637),Infrastructure & Highways,Ministry of Housing & Urban Affairs,702637,Maharashtra,3168.07,3168.07,2448.33,77.3,2024-03-01,2027-12-31,2027-12-31,2026-06-01,18,0.0,0
PAIM-702658,Nagpur Metro Rail Phase II Development Project (Maharashtra Metro Rail Corporation Limited [MMRCL]) (702658),Infrastructure & Highways,Ministry of Housing & Urban Affairs,702658,Maharashtra,2658.06,2658.06,735.44,27.7,2023-03-01,2026-12-31,2027-12-31,2026-06-01,6,0.0,0
PAIM-617206,Delhi Metro Rail Phase-IV [Rithala - Kundli Corridor] (Delhi Metro Rail Corporation Limited [DMRC]) (617206),Infrastructure & Highways,Ministry of Housing & Urban Affairs,617206,Maharashtra,2879.89,2879.89,1109.4,38.5,2023-03-01,2026-12-31,2029-12-31,2026-06-01,24,0.0,0
PAIM-612066,Galta Gate (Jaipur Metro Rail Corporation) (612066),Infrastructure & Highways,Ministry of Housing & Urban Affairs,612066,Rajasthan,1443.92,1443.92,743.83,51.5,2024-03-01,2026-12-31,2027-12-31,2026-06-01,24,0.0,0
PAIM-612068,Jaipur Metro Phase 1D Project from Mansarovar to Ajmer Road Chauraha (Jaipur Metro Rail Corporation) (612068),Infrastructure & Highways,Ministry of Housing & Urban Affairs,612068,Rajasthan,2324.61,2324.61,1081.76,46.5,2023-03-01,2026-12-31,2028-12-31,2026-06-01,18,0.0,0
PAIM-702668,Chennai Metro Rail Phase-II Development Project (Chennai Metro Rail Limited [CMRL]) (702668),Infrastructure & Highways,Ministry of Housing & Urban Affairs,702668,Tamil Nadu,3797.86,3797.86,2557.86,67.4,2024-03-01,2026-12-31,2027-12-31,2026-06-01,0,0.0,0
PAIM-616221,"Garden, Noida of Noida Metro Rail Corporation (Noida Metro Rail Corporation Ltd. [NMRCL]) (616221)",Infrastructure & Highways,Ministry of Housing & Urban Affairs,616221,Uttar Pradesh,1190.42,1190.42,251.4,21.1,2024-03-01,2026-12-31,2029-12-31,2026-06-01,12,0.0,0
PAIM-619052,LUCKNOW METRO RAIL PROJECT PHASE-1B EAST WEST CORRIDOR (Uttar Pradesh metro rail corporation [UPMRC]) (619052),Infrastructure & Highways,Ministry of Housing & Urban Affairs,619052,Uttar Pradesh,3366.54,3366.54,1369.58,40.7,2024-03-01,2028-12-31,2027-12-31,2026-06-01,36,0.0,0
PAIM-702628,Kanpur Metro Rail Project (Uttar Pradesh metro rail corporation [UPMRC]) (702628),Infrastructure & Highways,Ministry of Housing & Urban Affairs,702628,Uttar Pradesh,3334.95,3334.95,1443.77,43.3,2024-03-01,2028-12-31,2028-12-31,2026-06-01,6,0.0,0
PAIM-702629,Agra Metro Rail Project (Uttar Pradesh metro rail corporation [UPMRC]) (702629),Infrastructure & Highways,Ministry of Housing & Urban Affairs,702629,Uttar Pradesh,4038.55,4038.55,2990.96,74.1,2021-03-01,2028-12-31,2027-12-31,2026-06-01,12,0.0,0
PAIM-702674,"nos. upgrading of feeder mains, pumping station etc. - Phase II (Ministry of Housing & Urban Affairs) (702674)",Infrastructure & Highways,Ministry of Housing & Urban Affairs,702674,Andhra Pradesh,3556.96,3556.96,1132.29,31.8,2023-03-01,2027-12-31,2028-12-31,2026-06-01,12,0.0,0
PAIM-702699,Muzaffarpur Storm Water Drainage Phase-I Project (Ministry of Housing & Urban Affairs) (702699),Infrastructure & Highways,Ministry of Housing & Urban Affairs,702699,Bihar,2833.4,2833.4,1143.07,40.3,2021-03-01,2028-12-31,2027-12-31,2026-06-01,36,0.0,0
PAIM-702734,Sewerage Management Scheme Part-3 Implementation (Ministry of Housing & Urban Affairs) (702734),Infrastructure & Highways,Ministry of Housing & Urban Affairs,702734,Bihar,3934.71,3934.71,3250.95,82.6,2023-03-01,2027-12-31,2028-12-31,2026-06-01,18,0.0,0
PAIM-702741,Dhanbad Water Supply Infrastructure Project (Ministry of Housing & Urban Affairs) (702741),Infrastructure & Highways,Ministry of Housing & Urban Affairs,702741,Haryana,2431.43,2431.43,401.19,16.5,2023-03-01,2028-12-31,2029-12-31,2026-06-01,36,0.0,0
PAIM-702742,SAAP-3 Water Supply Infrastructure SAAP-3 Project (Ministry of Housing & Urban Affairs) (702742),Infrastructure & Highways,Ministry of Housing & Urban Affairs,702742,Multi-State,3705.78,3705.78,1437.98,38.8,2024-03-01,2028-12-31,2029-12-31,2026-06-01,18,0.0,0
PAIM-702746,Augmentation and Strenghthning of Urban Water Supply Phase 1 - SAAP 3 (Ministry of Housing & Urban Affairs) (702746),Infrastructure & Highways,Ministry of Housing & Urban Affairs,702746,Multi-State,3345.25,3345.25,1570.27,46.9,2022-03-01,2028-12-31,2029-12-31,2026-06-01,6,0.0,0
PAIM-702760,Belgavi Improvement in Sewerage System Project (Ministry of Housing & Urban Affairs) (702760),Infrastructure & Highways,Ministry of Housing & Urban Affairs,702760,Karnataka,4110.5,4110.5,1499.24,36.5,2024-03-01,2027-12-31,2029-12-31,2026-06-01,36,0.0,0
PAIM-702793,Indore Water Supply Infrastructure Project (Ministry of Housing & Urban Affairs) (702793),Infrastructure & Highways,Ministry of Housing & Urban Affairs,702793,Karnataka,2391.24,2391.24,555.25,23.2,2024-03-01,2026-12-31,2029-12-31,2026-06-01,0,0.0,0
PAIM-702808,Satna Sewerage Management and Treatment Infrastructure Project (Ministry of Housing & Urban Affairs) (702808),Infrastructure & Highways,Ministry of Housing & Urban Affairs,702808,Madhya Pradesh,1524.74,1524.74,338.27,22.2,2021-03-01,2028-12-31,2028-12-31,2026-06-01,12,0.0,0
PAIM-702810,Singrauli Sewerage Management and Treatment Infrastructure Project (Ministry of Housing & Urban Affairs) (702810),Infrastructure & Highways,Ministry of Housing & Urban Affairs,702810,Madhya Pradesh,3366.93,3366.93,546.13,16.2,2022-03-01,2026-12-31,2028-12-31,2026-06-01,36,0.0,0
PAIM-702833,Kalyan-Dombivali Water Supply Infrastructure Project (Ministry of Housing & Urban Affairs) (702833),Infrastructure & Highways,Ministry of Housing & Urban Affairs,702833,Maharashtra,2569.22,2569.22,1299.84,50.6,2021-03-01,2028-12-31,2027-12-31,2026-06-01,18,0.0,0
PAIM-702851,Pune Water Supply Infrastructure Project (Ministry of Housing & Urban Affairs) (702851),Infrastructure & Highways,Ministry of Housing & Urban Affairs,702851,Maharashtra,2684.92,2684.92,1541.73,57.4,2021-03-01,2027-12-31,2028-12-31,2026-06-01,36,0.0,0
PAIM-703021,Jalandhar Water Supply Infrastructure Project (Ministry of Housing & Urban Affairs) (703021),Infrastructure & Highways,Ministry of Housing & Urban Affairs,703021,Maharashtra,4318.24,4318.24,2122.55,49.2,2023-03-01,2027-12-31,2028-12-31,2026-06-01,18,0.0,0
PAIM-703057,Patiala Water Supply Infrastructure Part-2 Project (Ministry of Housing & Urban Affairs) (703057),Infrastructure & Highways,Ministry of Housing & Urban Affairs,703057,Punjab,4249.39,4249.39,537.16,12.6,2023-03-01,2028-12-31,2029-12-31,2026-06-01,0,0.0,0
PAIM-702949,Jhansi Water Supply Infrastructure Phase-II Project (Ministry of Housing & Urban Affairs) (702949),Infrastructure & Highways,Ministry of Housing & Urban Affairs,702949,Uttar Pradesh,2432.07,2432.07,355.98,14.6,2024-03-01,2028-12-31,2028-12-31,2026-06-01,24,0.0,0
PAIM-702958,Lucknow Sewerage Management Infrastructure Project (Ministry of Housing & Urban Affairs) (702958),Infrastructure & Highways,Ministry of Housing & Urban Affairs,702958,Uttar Pradesh,1685.39,1685.39,1354.44,80.4,2021-03-01,2026-12-31,2027-12-31,2026-06-01,18,0.0,0
PAIM-617280,"Director General, GSI Building at plot No.GN-40, Sector-V, Salt Lake, Kolkata (Central Public Works Department [CPWD]) (",Infrastructure & Highways,Ministry of Housing & Urban Affairs,617280,West Bengal,1168.25,1168.25,940.57,80.5,2023-03-01,2028-12-31,2029-12-31,2026-06-01,0,0.0,0
PAIM-400426,Expansion of Malanjkhand Copper Project (Hindustan Copper Limited [HCL]) (400426),Infrastructure & Highways,Ministry of Housing & Urban Affairs,400426,West Bengal,1432.71,1432.71,1214.99,84.8,2021-03-01,2028-12-31,2028-12-31,2026-06-01,12,0.0,0
PAIM-400141,enhancement of 1.0 Million Tonee Per Annum (National Aluminium Company Limited [NALCO]) (400141),Infrastructure & Highways,Ministry of Housing & Urban Affairs,400141,Odisha,3840.75,3840.75,3127.29,81.4,2024-03-01,2026-12-31,2027-12-31,2026-06-01,36,0.0,0
PAIM-400299,Pottangi Bauxite Mines Project (National Aluminium Company Limited [NALCO]) (400299),Infrastructure & Highways,Ministry of Housing & Urban Affairs,400299,Odisha,3945.47,3945.47,2734.66,69.3,2024-03-01,2026-12-31,2028-12-31,2026-06-01,0,0.0,0
PAIM-709831,REFINERY FROM SOUTH BLOCK MINING LEASE OF PANCHPATMAILI MINES (National Aluminium Company Limited [NALCO]) (709831),Infrastructure & Highways,Ministry of Housing & Urban Affairs,709831,Odisha,3730.64,3730.64,2165.2,58.0,2021-03-01,2027-12-31,2027-12-31,2026-06-01,0,0.0,0
PAIM-709832,25.5 MW WIND POWER PROJECT AT KAYATHAR IN TAMILNADU (National Aluminium Company Limited [NALCO]) (709832),Infrastructure & Highways,Ministry of Housing & Urban Affairs,709832,Odisha,1957.73,1957.73,1254.62,64.1,2024-03-01,2027-12-31,2029-12-31,2026-06-01,24,0.0,0
PAIM-613008,Phase-1 (Central Tribal University of Andhra Pradesh) (613008),Infrastructure & Highways,Ministry of Housing & Urban Affairs,613008,Andhra Pradesh,2631.14,2631.14,1412.88,53.7,2023-03-01,2027-12-31,2028-12-31,2026-06-01,24,0.0,0
PAIM-606013,Additional Campus  of NITPatna (NIT Patna) (606013),Infrastructure & Highways,Ministry of Housing & Urban Affairs,606013,Bihar,2096.25,2096.25,970.54,46.3,2022-03-01,2026-12-31,2027-12-31,2026-06-01,36,0.0,0
PAIM-617877,"Phase B Construction of Permanent Campus of IIT Bhilai (Indian Institute of Technology, Bhilai) (617877)",Infrastructure & Highways,Ministry of Housing & Urban Affairs,617877,Bihar,2992.63,2992.63,2539.54,84.9,2023-03-01,2027-12-31,2029-12-31,2026-06-01,24,0.0,0
PAIM-612851,"Campus on Engineering, Procurement and Construction basis (National Institute of Technology Delhi) (612851)",Infrastructure & Highways,Ministry of Housing & Urban Affairs,612851,Delhi,1820.84,1820.84,202.16,11.1,2022-03-01,2028-12-31,2027-12-31,2026-06-01,18,0.0,0
PAIM-616886,Delhi University Eastern Campus at Surajmal Vihar (Delhi University) (616886),Infrastructure & Highways,Ministry of Housing & Urban Affairs,616886,Gujarat,2938.52,2938.52,844.15,28.7,2021-03-01,2028-12-31,2029-12-31,2026-06-01,0,0.0,0
PAIM-612916,"kundhela, Dist. Vadodara, Gujarat. (Central University of Gujarat) (612916)",Infrastructure & Highways,Ministry of Housing & Urban Affairs,612916,Gujarat,1242.64,1242.64,744.92,59.9,2022-03-01,2027-12-31,2028-12-31,2026-06-01,12,0.0,0
PAIM-602099,"Establishment of Permanent campus Phase 1 of IIM Sirmaur (Indian Institute of Management, Sirmaur) (602099)",Infrastructure & Highways,Ministry of Housing & Urban Affairs,602099,Gujarat,2814.73,2814.73,1439.04,51.1,2021-03-01,2027-12-31,2027-12-31,2026-06-01,0,0.0,0
PAIM-612128,"Hostel blocks & dining hall block (Indian Institute of Technology, Mandi) (612128)",Infrastructure & Highways,Ministry of Housing & Urban Affairs,612128,Multi-State,1569.98,1569.98,831.45,53.0,2021-03-01,2027-12-31,2027-12-31,2026-06-01,18,0.0,0
PAIM-612894,"Mode 1] Basis. (Central University, Himachal Pradesh) (612894)",Infrastructure & Highways,Ministry of Housing & Urban Affairs,612894,Multi-State,2496.99,2496.99,887.98,35.6,2024-03-01,2027-12-31,2029-12-31,2026-06-01,0,0.0,0
PAIM-602098,"Jammu, J&K (Indian Institute of Management, Jammu) (602098)",Infrastructure & Highways,Ministry of Housing & Urban Affairs,602098,Multi-State,537.33,537.33,167.71,31.2,2024-03-01,2026-12-31,2027-12-31,2026-06-01,12,0.0,0
PAIM-606431,1A (INDIAN INSTITUTE OF TECHNOLOGY PALAKKAD) (606431),Infrastructure & Highways,Ministry of Housing & Urban Affairs,606431,Multi-State,1864.43,1864.43,1379.04,74.0,2023-03-01,2026-12-31,2028-12-31,2026-06-01,36,0.0,0
PAIM-617878,Phase B of Construction of Permanent Campus of IIT Palakkad (INDIAN INSTITUTE OF TECHNOLOGY PALAKKAD) (617878),Infrastructure & Highways,Ministry of Housing & Urban Affairs,617878,Multi-State,4406.87,4406.87,2707.47,61.4,2023-03-01,2028-12-31,2029-12-31,2026-06-01,18,0.0,0
PAIM-611957,"excellence] (Indian Institute of Technology, Indore) (611957)",Infrastructure & Highways,Ministry of Housing & Urban Affairs,611957,Madhya Pradesh,2878.75,2878.75,874.31,30.4,2023-03-01,2027-12-31,2029-12-31,2026-06-01,12,0.0,0
PAIM-610315,"IISER BERHAMPUR (Indian Institutes of Science Education and Research, Behrampur) (610315)",Infrastructure & Highways,Ministry of Housing & Urban Affairs,610315,Odisha,3554.91,3554.91,1451.42,40.8,2022-03-01,2028-12-31,2027-12-31,2026-06-01,12,0.0,0
PAIM-611961,"Construction of IIT Bhubaneswar -Phase III (Indian Institute of Technology, Bhubaneshwar) (611961)",Infrastructure & Highways,Ministry of Housing & Urban Affairs,611961,Odisha,3145.82,3145.82,2189.37,69.6,2021-03-01,2027-12-31,2029-12-31,2026-06-01,18,0.0,0
PAIM-619033,and Faculty Residence - 72 nos. Flats (NIT Rourkela) (619033),Infrastructure & Highways,Ministry of Housing & Urban Affairs,619033,Odisha,4444.82,4444.82,1389.58,31.3,2024-03-01,2028-12-31,2027-12-31,2026-06-01,12,0.0,0
PAIM-612877,"Establishment of NIT Puducherry Permanent Campus [Phase-I and Phase-II] (National Institute of Technology, Puducherry) (",Infrastructure & Highways,Ministry of Housing & Urban Affairs,612877,Odisha,3503.6,3503.6,2558.99,73.0,2021-03-01,2027-12-31,2028-12-31,2026-06-01,18,0.0,0
PAIM-605292,"Punjab, Phase-I (Indian intitue of Management, Amritsar) (605292)",Infrastructure & Highways,Ministry of Petroleum & Natural Gas,605292,Punjab,451.44,451.44,250.72,55.5,2021-03-01,2027-12-31,2027-12-31,2026-06-01,6,0.0,0
PAIM-617221,"International Hostel 100 seater, VC Residence and Purchase of Equipment (Central University of Punjab) (617221)",Infrastructure & Highways,Ministry of Petroleum & Natural Gas,617221,Punjab,3977.88,3977.88,1289.64,32.4,2024-03-01,2026-12-31,2029-12-31,2026-06-01,6,0.0,0
PAIM-609996,"Construction of Precast housing and hostels at IIT Hyderabad (Indian Institute of Technology, Hyderabad) (609996)",Infrastructure & Highways,Ministry of Petroleum & Natural Gas,609996,Telangana,1723.95,1723.95,568.59,33.0,2023-03-01,2028-12-31,2028-12-31,2026-06-01,0,0.0,0
PAIM-606479,Banaras Hindu University [ Kayakalp of Institute of Medical Sciences] (Banaras Hindu University) (606479),Infrastructure & Highways,Ministry of Petroleum & Natural Gas,606479,Uttar Pradesh,3126.27,3126.27,426.72,13.6,2022-03-01,2026-12-31,2028-12-31,2026-06-01,6,0.0,0
PAIM-611963,"Uttarakhand at Sumari, Pauri Garhwal (National Institute of Technology Uttarakhand) (611963)",Infrastructure & Highways,Ministry of Petroleum & Natural Gas,611963,Multi-State,1314.73,1314.73,231.38,17.6,2021-03-01,2028-12-31,2029-12-31,2026-06-01,36,0.0,0
PAIM-609019,"buildings, class room complex and other campus facilities in IIT Kharagpur (Indian Institute of Technology, Kharagpur) (",Infrastructure & Highways,Ministry of Petroleum & Natural Gas,609019,West Bengal,3516.17,3516.17,2307.04,65.6,2022-03-01,2026-12-31,2027-12-31,2026-06-01,18,0.0,0
PAIM-617839,MMTPA (Ministry of Petroleum & Natural Gas) (617839),Infrastructure & Highways,Ministry of Petroleum & Natural Gas,617839,Gujarat,538.06,538.06,75.67,14.1,2022-03-01,2028-12-31,2028-12-31,2026-06-01,6,0.0,0
PAIM-604833,"Andheri Residential Towers, Mumbai (Ministry of Petroleum & Natural Gas) (604833)",Infrastructure & Highways,Ministry of Petroleum & Natural Gas,604833,Maharashtra,841.91,841.91,408.44,48.5,2023-03-01,2028-12-31,2027-12-31,2026-06-01,18,0.0,0
PAIM-619313,Consumption at MR (MinistryofPetroleumNaturalGas) (619313),Infrastructure & Highways,Ministry of Petroleum & Natural Gas,619313,Maharashtra,4049.18,4049.18,2038.29,50.3,2023-03-01,2027-12-31,2029-12-31,2026-06-01,0,0.0,0
PAIM-701343,Srikakulam Angul Gas Pipeline Project (Ministry of Petroleum & Natural Gas) (701343),Infrastructure & Highways,Ministry of Petroleum & Natural Gas,701343,Odisha,1553.86,1553.86,1083.78,69.7,2023-03-01,2027-12-31,2028-12-31,2026-06-01,0,0.0,0
PAIM-400078,New Mundra Panipat Crude Oil Pipeline (Ministry of Petroleum & Natural Gas) (400078),Infrastructure & Highways,Ministry of Petroleum & Natural Gas,400078,Odisha,3418.81,3418.81,2797.15,81.8,2022-03-01,2026-12-31,2027-12-31,2026-06-01,24,0.0,0
PAIM-400012,Kandla Gorakhpur LPG Pipeline (Ministry of Petroleum & Natural Gas) (400012),Infrastructure & Highways,Ministry of Petroleum & Natural Gas,400012,Gujarat,3077.83,3077.83,2044.4,66.4,2021-03-01,2027-12-31,2027-12-31,2026-06-01,24,0.0,0
PAIM-400301,"Multi Product Pipeline from Irugur to Devangonthi (Department of Water Resources, River Development & GR) (400301)",Infrastructure & Highways,Ministry of Petroleum & Natural Gas,400301,Karnataka,3163.33,3163.33,844.11,26.7,2023-03-01,2028-12-31,2029-12-31,2026-06-01,12,0.0,0
PAIM-709759,"Petrochemical evacuation marketing terminal at Barmer, Rajasthan (Hindustan Petroleum Corporation Limited [HPCL]) (70975",Infrastructure & Highways,Ministry of Petroleum & Natural Gas,709759,Rajasthan,2305.64,2305.64,1560.72,67.7,2022-03-01,2026-12-31,2029-12-31,2026-06-01,36,0.0,0
PAIM-400043,Vallur [Chennai] (Ministry of Petroleum & Natural Gas) (400043),Infrastructure & Highways,Ministry of Petroleum & Natural Gas,400043,Tamil Nadu,2342.91,2342.91,1070.17,45.7,2023-03-01,2026-12-31,2028-12-31,2026-06-01,0,0.0,0
PAIM-604852,"Grass-root Terminal at Mirzapur, Uttar Pradesh (Ministry of Petroleum & Natural Gas) (604852)",Infrastructure & Highways,Ministry of Petroleum & Natural Gas,604852,Tamil Nadu,248.24,248.24,192.7,77.6,2023-03-01,2028-12-31,2027-12-31,2026-06-01,24,0.0,0
PAIM-400120,KG-DWN-98/2 Cluster - II Development Project - NELP Block (MinistryofPetroleumNaturalGas) (400120),Infrastructure & Highways,Ministry of Petroleum & Natural Gas,400120,Andhra Pradesh,2021.46,2021.46,1667.33,82.5,2022-03-01,2026-12-31,2028-12-31,2026-06-01,18,0.0,0
PAIM-619226,Provision of four bitumen tanks with capacity of 5 TMT each at Visakh Refinery (Ministry of Petroleum and Natural Gas) (,Infrastructure & Highways,Ministry of Petroleum & Natural Gas,619226,Andhra Pradesh,2667.37,2667.37,2012.09,75.4,2022-03-01,2027-12-31,2029-12-31,2026-06-01,36,0.0,0
PAIM-709752,HP-COAT [Crude to Olefins and Aromatics Technology] demo unit at Visakh Refinery (Hindustan Petroleum Corporation Limite,Infrastructure & Highways,Ministry of Petroleum & Natural Gas,709752,Andhra Pradesh,2936.22,2936.22,1253.4,42.7,2021-03-01,2026-12-31,2029-12-31,2026-06-01,6,0.0,0
PAIM-617304,"Setting up of LPG Plant with Rail Unloading Facility at Hathua, Dist. Gopalganj, Bihar (MinistryofPetroleumNaturalGas) (",Infrastructure & Highways,Ministry of Petroleum & Natural Gas,617304,Bihar,4210.7,4210.7,1669.97,39.7,2023-03-01,2028-12-31,2027-12-31,2026-06-01,12,0.0,0
PAIM-701324,Barauni Refinery Capacity Expansion from 6.0 to 9.0 MMTPA (Ministry of Petroleum & Natural Gas) (701324),Infrastructure & Highways,Ministry of Petroleum & Natural Gas,701324,Bihar,3036.55,3036.55,2225.0,73.3,2021-03-01,2026-12-31,2028-12-31,2026-06-01,6,0.0,0
PAIM-709777,Refinery (MinistryofPetroleumNaturalGas) (709777),Infrastructure & Highways,Ministry of Petroleum & Natural Gas,709777,Bihar,2667.15,2667.15,1073.97,40.3,2023-03-01,2028-12-31,2028-12-31,2026-06-01,18,0.0,0
PAIM-709792,Sheohar districts (Bharat Petroleum Corporation Limited [BPCL]) (709792),Infrastructure & Highways,Ministry of Petroleum & Natural Gas,709792,Bihar,1034.05,1034.05,751.82,72.7,2022-03-01,2026-12-31,2027-12-31,2026-06-01,6,0.0,0
PAIM-709793,Champaran and Deoria districts (Bharat Petroleum Corporation Limited [BPCL]) (709793),Infrastructure & Highways,Ministry of Petroleum & Natural Gas,709793,Bihar,2984.9,2984.9,1923.07,64.4,2023-03-01,2027-12-31,2029-12-31,2026-06-01,36,0.0,0
PAIM-617819,Bijapur & Dantewada GA (Ministry of Petroleum & Natural Gas) (617819),Infrastructure & Highways,Ministry of Petroleum & Natural Gas,617819,Multi-State,1873.84,1873.84,375.64,20.0,2021-03-01,2027-12-31,2028-12-31,2026-06-01,6,0.0,0
PAIM-400087,Redevelopment of Sobhasan Complex (Oil and Natural Gas Corporation Limited [ONGC]) (400087),Infrastructure & Highways,Ministry of Petroleum & Natural Gas,400087,Gujarat,3441.19,3441.19,732.16,21.3,2023-03-01,2027-12-31,2027-12-31,2026-06-01,6,0.0,0
PAIM-400167,Redevelopment of Santhal Field [Onshore-Mehsana Asset] (Oil and Natural Gas Corporation Limited [ONGC]) (400167),Infrastructure & Highways,Ministry of Petroleum & Natural Gas,400167,Gujarat,476.41,476.41,175.65,36.9,2021-03-01,2026-12-31,2028-12-31,2026-06-01,0,0.0,0
PAIM-400169,Redevelopment of Linch Field (MinistryofPetroleumNaturalGas) (400169),Infrastructure & Highways,Ministry of Petroleum & Natural Gas,400169,Gujarat,4461.55,4461.55,1772.94,39.7,2023-03-01,2026-12-31,2027-12-31,2026-06-01,12,0.0,0
PAIM-701329,Petrochemical and Lube Integration Project at Gujarat Refinery (Ministry of Petroleum & Natural Gas) (701329),Infrastructure & Highways,Ministry of Petroleum & Natural Gas,701329,Gujarat,4211.84,4211.84,1638.07,38.9,2022-03-01,2026-12-31,2027-12-31,2026-06-01,6,0.0,0
PAIM-709778,Installation of new Biturox Unit along with allied facilities at Gujarat Refinery (MinistryofPetroleumNaturalGas) (70977,Infrastructure & Highways,Ministry of Petroleum & Natural Gas,709778,Gujarat,3101.31,3101.31,635.05,20.5,2023-03-01,2027-12-31,2027-12-31,2026-06-01,36,0.0,0
PAIM-709838,Commercial Polymer Flooding Project in Bechraji field (Oil and Natural Gas Corporation Limited [ONGC]) (709838),Infrastructure & Highways,Ministry of Petroleum & Natural Gas,709838,Gujarat,3087.17,3087.17,2445.53,79.2,2021-03-01,2027-12-31,2027-12-31,2026-06-01,6,0.0,0
PAIM-709840,"Restoration of Gas Terminal, Phase-I [Part-A], Hazira (Oil and Natural Gas Corporation Limited [ONGC]) (709840)",Infrastructure & Highways,Ministry of Petroleum & Natural Gas,709840,Gujarat,1835.97,1835.97,1007.87,54.9,2021-03-01,2028-12-31,2028-12-31,2026-06-01,12,0.0,0
PAIM-709841,Old Pipe Line Replacement [OPRP] Group-A (Oil and Natural Gas Corporation Limited [ONGC]) (709841),Infrastructure & Highways,Ministry of Petroleum & Natural Gas,709841,Gujarat,1197.73,1197.73,409.34,34.2,2024-03-01,2028-12-31,2029-12-31,2026-06-01,24,0.0,0
PAIM-709842,"Kalol Redevelopment Project, Ahmedabad Asset (Oil and Natural Gas Corporation Limited [ONGC]) (709842)",Infrastructure & Highways,Ministry of Petroleum & Natural Gas,709842,Gujarat,1085.99,1085.99,345.46,31.8,2022-03-01,2026-12-31,2027-12-31,2026-06-01,0,0.0,0
PAIM-709845,"Revamping of SV Stations, Gas Terminal & Kribhco Terminal (Oil and Natural Gas Corporation Limited [ONGC]) (709845)",Infrastructure & Highways,Ministry of Petroleum & Natural Gas,709845,Gujarat,3604.86,3604.86,899.24,24.9,2023-03-01,2026-12-31,2028-12-31,2026-06-01,12,0.0,0
PAIM-604853,Faridabad (Ministry of Petroleum & Natural Gas) (604853),Infrastructure & Highways,Ministry of Petroleum & Natural Gas,604853,Haryana,3218.13,3218.13,2092.82,65.0,2024-03-01,2028-12-31,2029-12-31,2026-06-01,6,0.0,0
PAIM-611917,Poly Butadiene Rubber plant at Panipat (Indian Oil Corporation Limited [IOCL]) (611917),Infrastructure & Highways,Ministry of Petroleum & Natural Gas,611917,Haryana,3346.36,3346.36,706.22,21.1,2023-03-01,2028-12-31,2029-12-31,2026-06-01,12,0.0,0
PAIM-619196,from Crude oil to Product (IOCL) (619196),Infrastructure & Highways,Ministry of Petroleum & Natural Gas,619196,Haryana,642.68,642.68,118.83,18.5,2024-03-01,2027-12-31,2027-12-31,2026-06-01,12,0.0,0
PAIM-701289,Capacity Expansion of Panipat Refinery from 15 to 25 MMTPA (Ministry of Petroleum & Natural Gas) (701289),Infrastructure & Highways,Ministry of Petroleum & Natural Gas,701289,Haryana,733.62,733.62,541.51,73.8,2022-03-01,2028-12-31,2027-12-31,2026-06-01,36,0.0,0
PAIM-709783,and Petrochemical Complex. (MinistryofPetroleumNaturalGas) (709783),Infrastructure & Highways,Ministry of Petroleum & Natural Gas,709783,Haryana,355.07,355.07,231.71,65.3,2023-03-01,2026-12-31,2027-12-31,2026-06-01,0,0.0,0
PAIM-709773,Districts (MinistryofPetroleumNaturalGas) (709773),Infrastructure & Highways,Ministry of Petroleum & Natural Gas,709773,Haryana,4155.3,4155.3,1412.1,34.0,2022-03-01,2028-12-31,2029-12-31,2026-06-01,24,0.0,0
PAIM-610984,Development of Jharia CBM Block [Phase-1] (Oil and Natural Gas Corporation Limited [ONGC]) (610984),Infrastructure & Highways,Ministry of Petroleum & Natural Gas,610984,Multi-State,2618.37,2618.37,1685.39,64.4,2022-03-01,2026-12-31,2029-12-31,2026-06-01,18,0.0,0
PAIM-709785,Laying of Natural Gas Pipeline from Hazaribagh to Ranchi [HRPL] (MinistryofPetroleumNaturalGas) (709785),Infrastructure & Highways,Ministry of Petroleum & Natural Gas,709785,Multi-State,4124.22,4124.22,1364.63,33.1,2023-03-01,2026-12-31,2027-12-31,2026-06-01,24,0.0,0
PAIM-612790,Power System Upgradation Project (MinistryofPetroleumNaturalGas) (612790),Infrastructure & Highways,Ministry of Petroleum & Natural Gas,612790,Karnataka,3740.33,3740.33,2941.6,78.6,2021-03-01,2027-12-31,2029-12-31,2026-06-01,0,0.0,0
PAIM-616879,Demo Bio-ATF Project (Ministry of Petroleum & Natural Gas) (616879),Infrastructure & Highways,Ministry of Petroleum & Natural Gas,616879,Karnataka,3396.78,3396.78,2493.54,73.4,2022-03-01,2026-12-31,2029-12-31,2026-06-01,24,0.0,0
PAIM-709774,Revamping/ Augmentation of facilities at existing port terminal at Mangalore (Ministry of Petroleum & Natural Gas) (7097,Infrastructure & Highways,Ministry of Petroleum & Natural Gas,709774,Karnataka,1580.08,1580.08,579.3,36.7,2022-03-01,2028-12-31,2027-12-31,2026-06-01,36,0.0,0
PAIM-617838,Palakkad TOP (Ministry of Petroleum & Natural Gas) (617838),Infrastructure & Highways,Ministry of Petroleum & Natural Gas,617838,Multi-State,1014.51,1014.51,705.95,69.6,2024-03-01,2026-12-31,2027-12-31,2026-06-01,24,0.0,0
PAIM-709799,Setting up Polypropylene Unit at Kochi Refinery (MinistryofPetroleumNaturalGas) (709799),Infrastructure & Highways,Ministry of Petroleum & Natural Gas,709799,Madhya Pradesh,2298.53,2298.53,1022.46,44.5,2022-03-01,2028-12-31,2029-12-31,2026-06-01,24,0.0,0
PAIM-617830,C2/C3 Vijaipur Pata Pipeline (Ministry of Petroleum & Natural Gas) (617830),Infrastructure & Highways,Ministry of Petroleum & Natural Gas,617830,Madhya Pradesh,1808.12,1808.12,657.39,36.4,2021-03-01,2027-12-31,2029-12-31,2026-06-01,0,0.0,0
PAIM-709798,and expansion of Refinery (MinistryofPetroleumNaturalGas) (709798),Infrastructure & Highways,Ministry of Petroleum & Natural Gas,709798,Maharashtra,844.99,844.99,133.8,15.8,2021-03-01,2026-12-31,2027-12-31,2026-06-01,12,0.0,0
PAIM-400168,"500 KTA PDHPP Project, Usar (Ministry of Petroleum & Natural Gas) (400168)",Infrastructure & Highways,Ministry of Petroleum & Natural Gas,400168,Maharashtra,2434.72,2434.72,1109.78,45.6,2023-03-01,2026-12-31,2027-12-31,2026-06-01,18,0.0,0
PAIM-616933,Lube Modernization & Bottom Upgradation Project at Mumbai Refinery (Ministry of Petroleum and Natural Gas) (616933),Infrastructure & Highways,Ministry of Petroleum & Natural Gas,616933,Maharashtra,1731.03,1731.03,943.4,54.5,2021-03-01,2027-12-31,2029-12-31,2026-06-01,0,0.0,0
PAIM-619223,Mumbai Refinery (Ministry of Petroleum & Natural Gas) (619223),Infrastructure & Highways,Ministry of Petroleum & Natural Gas,619223,Maharashtra,224.99,224.99,137.8,61.2,2023-03-01,2026-12-31,2027-12-31,2026-06-01,36,0.0,0
PAIM-619224,Augmentation of DUPL-DPPL Pipeline (Ministry of Petroleum & Natural Gas) (619224),Infrastructure & Highways,Ministry of Petroleum & Natural Gas,619224,Maharashtra,2575.5,2575.5,262.63,10.2,2024-03-01,2026-12-31,2029-12-31,2026-06-01,24,0.0,0
PAIM-619225,Installation of Compression facility at GAIL Usar (Ministry of Petroleum & Natural Gas) (619225),Infrastructure & Highways,Ministry of Petroleum & Natural Gas,619225,Maharashtra,2031.59,2031.59,1133.51,55.8,2023-03-01,2027-12-31,2027-12-31,2026-06-01,18,0.0,0
PAIM-619328,ONGC-BP Redevelopment Phase-1 Scheme of Mumbai High Field (Ministry of Petroleum & Natural Gas) (619328),Infrastructure & Highways,Ministry of Petroleum & Natural Gas,619328,Maharashtra,4441.28,4441.28,729.44,16.4,2022-03-01,2026-12-31,2029-12-31,2026-06-01,36,0.0,0
PAIM-709771,"City Gas Distribution Project at Beed, Jalgaon and Jalna Districts (MinistryofPetroleumNaturalGas) (709771)",Infrastructure & Highways,Ministry of Petroleum & Natural Gas,709771,Maharashtra,3689.8,3689.8,1985.34,53.8,2024-03-01,2028-12-31,2029-12-31,2026-06-01,6,0.0,0
PAIM-709780,Construction of Additional Tankages and Allied Facilities at JNPT Terminal (MinistryofPetroleumNaturalGas) (709780),Infrastructure & Highways,Ministry of Petroleum & Natural Gas,709780,Maharashtra,1691.07,1691.07,244.79,14.5,2021-03-01,2028-12-31,2029-12-31,2026-06-01,6,0.0,0
PAIM-709797,POL & LOBS Installations with Receipt Pipelines at Rasayani (Bharat Petroleum Corporation Limited [BPCL]) (709797),Infrastructure & Highways,Ministry of Petroleum & Natural Gas,709797,Maharashtra,2504.52,2504.52,929.59,37.1,2024-03-01,2027-12-31,2029-12-31,2026-06-01,6,0.0,0
PAIM-616254,Visakh Raipur Pipeline Project (Ministry of Petroleum and Natural Gas) (616254),Infrastructure & Highways,Ministry of Petroleum & Natural Gas,616254,Maharashtra,3513.15,3513.15,523.89,14.9,2024-03-01,2026-12-31,2027-12-31,2026-06-01,36,0.0,0
PAIM-701330,Mehsana-Bhatinda & Bhatinda-Jammu Natural Gas Pipeline (Ministry of Petroleum & Natural Gas) (701330),Infrastructure & Highways,Ministry of Petroleum & Natural Gas,701330,Gujarat,3742.14,3742.14,2957.89,79.0,2024-03-01,2026-12-31,2027-12-31,2026-06-01,0,0.0,0
PAIM-612853,Gurdaspur Jammu Pipeline (Gas Authority of India Limited [GAIL]) (612853),Infrastructure & Highways,Ministry of Petroleum & Natural Gas,612853,Gujarat,3650.12,3650.12,842.2,23.1,2021-03-01,2027-12-31,2027-12-31,2026-06-01,0,0.0,0
PAIM-701228,Kochi - Koottanad - Bangalore - Mangalore Pipeline Phase-II (Ministry of Petroleum & Natural Gas) (701228),Infrastructure & Highways,Ministry of Petroleum & Natural Gas,701228,Maharashtra,2508.04,2508.04,1917.9,76.5,2023-03-01,2028-12-31,2027-12-31,2026-06-01,18,0.0,0
PAIM-701338,City Gas Distribution Maharashtra Natural Gas Limited (Ministry of Petroleum & Natural Gas) (701338),Infrastructure & Highways,Ministry of Petroleum & Natural Gas,701338,Maharashtra,932.16,932.16,225.56,24.2,2023-03-01,2027-12-31,2027-12-31,2026-06-01,18,0.0,0
PAIM-701344,Dhamra Haldia Pipeline Project (Ministry of Petroleum & Natural Gas) (701344),Infrastructure & Highways,Ministry of Petroleum & Natural Gas,701344,Maharashtra,4191.27,4191.27,1164.44,27.8,2021-03-01,2027-12-31,2029-12-31,2026-06-01,12,0.0,0
PAIM-709794,and Hanumangarh districts (Bharat Petroleum Corporation Limited [BPCL]) (709794),Infrastructure & Highways,Ministry of Petroleum & Natural Gas,709794,Rajasthan,825.6,825.6,669.75,81.1,2024-03-01,2026-12-31,2028-12-31,2026-06-01,36,0.0,0
PAIM-604859,Refinery (Ministry of Petroleum & Natural Gas) (604859),Infrastructure & Highways,Ministry of Petroleum & Natural Gas,604859,Odisha,2218.06,2218.06,1015.56,45.8,2021-03-01,2027-12-31,2028-12-31,2026-06-01,36,0.0,0
PAIM-617818,"City Gas Distribution [CGD] Project in Gajapati, Kandhamal, Boudh, & Sonepur GA (Ministry of Petroleum & Natural Gas) (6",Infrastructure & Highways,Ministry of Petroleum & Natural Gas,617818,Odisha,3241.38,3241.38,1656.84,51.1,2023-03-01,2027-12-31,2029-12-31,2026-06-01,18,0.0,0
PAIM-709800,"CUF POL Depot at Sadashibpur [Meramundali], Odisha (MinistryofPetroleumNaturalGas) (709800)",Infrastructure & Highways,Ministry of Petroleum & Natural Gas,709800,Odisha,2780.23,2780.23,286.94,10.3,2021-03-01,2027-12-31,2028-12-31,2026-06-01,0,0.0,0
PAIM-400119,Life Extension of 48 well platforms of Mumbai High & Heera Fields (Oil and Natural Gas Corporation Limited [ONGC]) (4001,Infrastructure & Highways,Ministry of Petroleum & Natural Gas,400119,Odisha,613.06,613.06,187.07,30.5,2022-03-01,2028-12-31,2029-12-31,2026-06-01,36,0.0,0
PAIM-616950,PRP-VIII [Group-A] (Ministry of Petroleum & Natural Gas) (616950),Infrastructure & Highways,Ministry of Petroleum & Natural Gas,616950,Multi-State,1087.71,1087.71,491.07,45.1,2021-03-01,2027-12-31,2027-12-31,2026-06-01,0,0.0,0
PAIM-619314,Pipeline Replacement Project- PRP-IX (Ministry of Petroleum & Natural Gas) (619314),Infrastructure & Highways,Ministry of Petroleum & Natural Gas,619314,Multi-State,2926.91,2926.91,1963.22,67.1,2024-03-01,2026-12-31,2027-12-31,2026-06-01,36,0.0,0
PAIM-709839,Daman Upside Development Project (Oil and Natural Gas Corporation Limited [ONGC]) (709839),Infrastructure & Highways,Ministry of Petroleum & Natural Gas,709839,Multi-State,1998.59,1998.59,765.57,38.3,2023-03-01,2028-12-31,2029-12-31,2026-06-01,18,0.0,0
PAIM-709848,MHN TCPP PGC BGC Project [MTPBP] (Ministry of Petroleum & Natural Gas) (709848),Infrastructure & Highways,Ministry of Petroleum & Natural Gas,709848,Multi-State,980.79,980.79,678.47,69.2,2024-03-01,2027-12-31,2027-12-31,2026-06-01,18,0.0,0
PAIM-709849,PRP-VIII Group B [NH & BS Asset] (Ministry of Petroleum & Natural Gas) (709849),Infrastructure & Highways,Ministry of Petroleum & Natural Gas,709849,Multi-State,437.91,437.91,219.4,50.1,2023-03-01,2028-12-31,2029-12-31,2026-06-01,36,0.0,0
PAIM-709851,Integrated Development of 4 Contract Areas under DSF-II (Ministry of Petroleum & Natural Gas) (709851),Infrastructure & Highways,Ministry of Petroleum & Natural Gas,709851,Punjab,2030.6,2030.6,333.63,16.4,2021-03-01,2028-12-31,2027-12-31,2026-06-01,24,0.0,0
PAIM-400171,2G Ethanol Biorefinery at Bathinda (MinistryofPetroleumNaturalGas) (400171),Infrastructure & Highways,Ministry of Petroleum & Natural Gas,400171,Punjab,3155.98,3155.98,2445.02,77.5,2023-03-01,2026-12-31,2029-12-31,2026-06-01,12,0.0,0
PAIM-709770,City Gas Distribution Project at Pathankot District (MinistryofPetroleumNaturalGas) (709770),Infrastructure & Highways,Ministry of Petroleum & Natural Gas,709770,Tamil Nadu,2181.49,2181.49,1838.26,84.3,2023-03-01,2028-12-31,2028-12-31,2026-06-01,36,0.0,0
PAIM-604795,CBR 9 MMTPA Project (Chennai Petroleum Corporation Limited [CPCL]) (604795),Infrastructure & Highways,Ministry of Petroleum & Natural Gas,604795,Tamil Nadu,3302.07,3302.07,761.42,23.1,2023-03-01,2028-12-31,2028-12-31,2026-06-01,12,0.0,0
PAIM-709750,between CPCL Manali Refinery and CPCL Desalination plant at Ennore (Chennai Petroleum Corporation Limited [CPCL]) (70975,Infrastructure & Highways,Ministry of Petroleum & Natural Gas,709750,Tamil Nadu,3756.2,3756.2,2515.11,67.0,2024-03-01,2027-12-31,2028-12-31,2026-06-01,12,0.0,0
PAIM-709796,City Gas Distribution Projects at the Nilgiris and Erode districts (Bharat Petroleum Corporation Limited [BPCL]) (709796,Infrastructure & Highways,Ministry of Petroleum & Natural Gas,709796,Tamil Nadu,3915.06,3915.06,2519.43,64.4,2024-03-01,2026-12-31,2028-12-31,2026-06-01,36,0.0,0
PAIM-617822,airport (MinistryofPetroleumNaturalGas) (617822),Infrastructure & Highways,Ministry of Petroleum & Natural Gas,617822,Tamil Nadu,4304.83,4304.83,852.0,19.8,2022-03-01,2027-12-31,2028-12-31,2026-06-01,18,0.0,0
PAIM-619191,Kanpur LPG Bottling Plant (MinistryofPetroleumNaturalGas) (619191),Infrastructure & Highways,Ministry of Petroleum & Natural Gas,619191,Uttar Pradesh,1782.5,1782.5,788.67,44.2,2021-03-01,2028-12-31,2028-12-31,2026-06-01,36,0.0,0
PAIM-619312,Bulk Loading Hub- Kanpur (MinistryofPetroleumNaturalGas) (619312),Infrastructure & Highways,Ministry of Petroleum & Natural Gas,619312,Uttar Pradesh,2493.83,2493.83,1242.72,49.8,2021-03-01,2026-12-31,2027-12-31,2026-06-01,0,0.0,0
PAIM-709781,Revamping / Augmentation of Facilities at Mathura Bitumen Plant (MinistryofPetroleumNaturalGas) (709781),Infrastructure & Highways,Ministry of Petroleum & Natural Gas,709781,Uttar Pradesh,3135.35,3135.35,587.8,18.7,2024-03-01,2026-12-31,2029-12-31,2026-06-01,36,0.0,0
PAIM-709795,"Shravasti,Balrampur, Siddharth Nagar & Maharajganj districts (Bharat Petroleum Corporation Limited [BPCL]) (709795)",Infrastructure & Highways,Ministry of Petroleum & Natural Gas,709795,Uttar Pradesh,2223.92,2223.92,1736.32,78.1,2024-03-01,2027-12-31,2028-12-31,2026-06-01,18,0.0,0
PAIM-617302,Durgapur - Haldia Pipeline [Section-3B of JHBDPL Project] (Ministry of Petroleum & Natural Gas) (617302),Infrastructure & Highways,Ministry of Petroleum & Natural Gas,617302,Uttar Pradesh,2023.79,2023.79,880.57,43.5,2022-03-01,2028-12-31,2027-12-31,2026-06-01,12,0.0,0
PAIM-617828,Siliguri-Jhapa Pipeline Project (Indian Oil Corporation Limited [IOCL]) (617828),Infrastructure & Highways,Ministry of Petroleum & Natural Gas,617828,West Bengal,3516.6,3516.6,2905.29,82.6,2023-03-01,2027-12-31,2029-12-31,2026-06-01,18,0.0,0
PAIM-617837,Siliguri Marketing Terminal [SMT] Capacity Augmentation Project (Ministry of Petroleum & Natural Gas) (617837),Infrastructure & Highways,Ministry of Petroleum & Natural Gas,617837,West Bengal,3280.54,3280.54,2586.13,78.8,2021-03-01,2026-12-31,2028-12-31,2026-06-01,12,0.0,0
PAIM-709753,Haldia Panagarh Pipeline Project (Hindustan Petroleum Corporation Limited) (709753),Infrastructure & Highways,Ministry of Petroleum & Natural Gas,709753,West Bengal,3916.74,3916.74,1814.33,46.3,2023-03-01,2028-12-31,2028-12-31,2026-06-01,36,0.0,0
PAIM-709772,"City Gas Distribution Project at East Mednipore, West Mednipore & Jhargram Districts (MinistryofPetroleumNaturalGas) (70",Infrastructure & Highways,Ministry of Petroleum & Natural Gas,709772,West Bengal,3501.61,3501.61,426.86,12.2,2022-03-01,2027-12-31,2027-12-31,2026-06-01,18,0.0,0
PAIM-709791,City Gas Distribution Projects at Alipurduar and Cooch Behar (Bharat Petroleum Corporation Limited [BPCL]) (709791),Infrastructure & Highways,Ministry of Petroleum & Natural Gas,709791,West Bengal,2163.99,2163.99,1263.72,58.4,2024-03-01,2027-12-31,2028-12-31,2026-06-01,6,0.0,0
PAIM-701172,AIIMS Darbhanga (PMSSY AND Institute of NATIONAL Importance) (701172),Infrastructure & Highways,Ministry of Petroleum & Natural Gas,701172,Bihar,3439.92,3439.92,785.61,22.8,2024-03-01,2026-12-31,2029-12-31,2026-06-01,6,0.0,0
PAIM-706965,"Establishment of new GMC Saran [Chhapara] (Medical Education, Ministry of Health and Family Welfare) (706965)",Infrastructure & Highways,Ministry of Petroleum & Natural Gas,706965,Bihar,1464.33,1464.33,1019.83,69.6,2022-03-01,2028-12-31,2028-12-31,2026-06-01,36,0.0,0
PAIM-706966,"Establishment of new GMC Samastipur (Medical Education, Ministry of Health and Family Welfare) (706966)",Infrastructure & Highways,Ministry of Petroleum & Natural Gas,706966,Bihar,387.29,387.29,80.55,20.8,2024-03-01,2028-12-31,2027-12-31,2026-06-01,6,0.0,0
PAIM-707016,"Establishment of new GMC Sitamarhi (Medical Education, Ministry of Health and Family Welfare) (707016)",Infrastructure & Highways,Ministry of Petroleum & Natural Gas,707016,Bihar,978.6,978.6,519.02,53.0,2024-03-01,2026-12-31,2029-12-31,2026-06-01,6,0.0,0
PAIM-707017,"Establishment of new GMC Jhanjharpur (Medical Education, Ministry of Health and Family Welfare) (707017)",Infrastructure & Highways,Ministry of Petroleum & Natural Gas,707017,Bihar,2357.25,2357.25,1259.53,53.4,2023-03-01,2026-12-31,2027-12-31,2026-06-01,12,0.0,0
PAIM-707018,"Establishment of new GMC Siwan (Medical Education, Ministry of Health and Family Welfare) (707018)",Infrastructure & Highways,Ministry of Petroleum & Natural Gas,707018,Bihar,1073.15,1073.15,138.1,12.9,2022-03-01,2026-12-31,2028-12-31,2026-06-01,24,0.0,0
PAIM-707019,"Establishment of new GMC Buxar (Medical Education, Ministry of Health and Family Welfare) (707019)",Infrastructure & Highways,Ministry of Petroleum & Natural Gas,707019,Bihar,890.73,890.73,486.99,54.7,2024-03-01,2027-12-31,2029-12-31,2026-06-01,24,0.0,0
PAIM-707020,"Establishment of new GMC Jamui (Medical Education, Ministry of Health and Family Welfare) (707020)",Infrastructure & Highways,Ministry of Petroleum & Natural Gas,707020,Bihar,3932.37,3932.37,2093.02,53.2,2021-03-01,2027-12-31,2027-12-31,2026-06-01,24,0.0,0
PAIM-707044,"Establishment of new GMC Korba (Medical Education, Ministry of Health and Family Welfare) (707044)",Infrastructure & Highways,Ministry of Petroleum & Natural Gas,707044,Bihar,2013.76,2013.76,1085.17,53.9,2022-03-01,2027-12-31,2028-12-31,2026-06-01,36,0.0,0
PAIM-707045,"Establishment of new GMC Mahasamund (Medical Education, Ministry of Health and Family Welfare) (707045)",Infrastructure & Highways,Ministry of Petroleum & Natural Gas,707045,Multi-State,3734.7,3734.7,1785.39,47.8,2023-03-01,2028-12-31,2029-12-31,2026-06-01,36,0.0,0
PAIM-707046,"Establishment of new GMC Kanker (Medical Education, Ministry of Health and Family Welfare) (707046)",Infrastructure & Highways,Ministry of Petroleum & Natural Gas,707046,Multi-State,751.3,751.3,206.53,27.5,2023-03-01,2028-12-31,2029-12-31,2026-06-01,24,0.0,0
PAIM-617882,Delhi (PMSSY AND Institute of NATIONAL Importance) (617882),Infrastructure & Highways,Ministry of Health and Family Welfare,617882,Delhi,2159.48,2159.48,257.87,11.9,2024-03-01,2028-12-31,2028-12-31,2026-06-01,0,0.0,0
PAIM-617883,"campuses of AIIMS, New Delhi (PMSSY AND Institute of NATIONAL Importance) (617883)",Infrastructure & Highways,Ministry of Health and Family Welfare,617883,Gujarat,3702.81,3702.81,2548.16,68.8,2022-03-01,2027-12-31,2028-12-31,2026-06-01,0,0.0,0
PAIM-701170,AIIMS Rajkot (PMSSY AND Institute of NATIONAL Importance) (701170),Infrastructure & Highways,Ministry of Health and Family Welfare,701170,Gujarat,520.21,520.21,310.3,59.6,2021-03-01,2026-12-31,2027-12-31,2026-06-01,0,0.0,0
PAIM-707049,"Establishment of new GMC Panchmahal (Medical Education, Ministry of Health and Family Welfare) (707049)",Infrastructure & Highways,Ministry of Health and Family Welfare,707049,Gujarat,2548.1,2548.1,334.37,13.1,2023-03-01,2026-12-31,2028-12-31,2026-06-01,18,0.0,0
PAIM-707050,"Establishment of new GMC Porbandar (Medical Education, Ministry of Health and Family Welfare) (707050)",Infrastructure & Highways,Ministry of Health and Family Welfare,707050,Gujarat,2076.6,2076.6,1119.03,53.9,2024-03-01,2026-12-31,2028-12-31,2026-06-01,0,0.0,0
PAIM-701173,AIIMS Majra Rewari Haryana (PMSSY AND Institute of NATIONAL Importance) (701173),Infrastructure & Highways,Ministry of Health and Family Welfare,701173,Gujarat,3380.94,3380.94,2705.11,80.0,2021-03-01,2027-12-31,2027-12-31,2026-06-01,12,0.0,0
PAIM-701167,AIIMS Kashmir at Awantipora Jammu & Kashmir (PMSSY AND Institute of NATIONAL Importance) (701167),Infrastructure & Highways,Ministry of Health and Family Welfare,701167,Haryana,3639.43,3639.43,2736.27,75.2,2021-03-01,2027-12-31,2028-12-31,2026-06-01,18,0.0,0
PAIM-707051,"Establishment of new GMc Udhampur (Medical Education, Ministry of Health and Family Welfare) (707051)",Infrastructure & Highways,Ministry of Health and Family Welfare,707051,Multi-State,4242.14,4242.14,699.19,16.5,2023-03-01,2028-12-31,2027-12-31,2026-06-01,12,0.0,0
PAIM-707052,"Establishment of new GMC Handwara [Distt. Kupwara] (Medical Education, Ministry of Health and Family Welfare) (707052)",Infrastructure & Highways,Ministry of Health and Family Welfare,707052,Multi-State,4467.07,4467.07,1053.35,23.6,2024-03-01,2027-12-31,2028-12-31,2026-06-01,0,0.0,0
PAIM-707021,"Establishment of new GMC Koderma (Medical Education, Ministry of Health and Family Welfare) (707021)",Infrastructure & Highways,Ministry of Health and Family Welfare,707021,Multi-State,955.59,955.59,108.33,11.3,2024-03-01,2027-12-31,2028-12-31,2026-06-01,6,0.0,0
PAIM-707022,"Establishment of new GMC Chaibasa [Singhbhum] (Medical Education, Ministry of Health and Family Welfare) (707022)",Infrastructure & Highways,Ministry of Health and Family Welfare,707022,Multi-State,2009.55,2009.55,1307.51,65.1,2024-03-01,2028-12-31,2027-12-31,2026-06-01,18,0.0,0
PAIM-707057,"Establishment of new GMC Leh (Medical Education, Ministry of Health and Family Welfare) (707057)",Infrastructure & Highways,Ministry of Health and Family Welfare,707057,Madhya Pradesh,661.7,661.7,410.25,62.0,2024-03-01,2026-12-31,2028-12-31,2026-06-01,24,0.0,0
PAIM-707058,"Establishment of new GMC Rajgarh (Medical Education, Ministry of Health and Family Welfare) (707058)",Infrastructure & Highways,Ministry of Health and Family Welfare,707058,Madhya Pradesh,1468.2,1468.2,389.9,26.6,2022-03-01,2027-12-31,2029-12-31,2026-06-01,6,0.0,0
PAIM-707059,"Establishment of new GMC Mandla (Medical Education, Ministry of Health and Family Welfare) (707059)",Infrastructure & Highways,Ministry of Health and Family Welfare,707059,Madhya Pradesh,2794.41,2794.41,280.65,10.0,2021-03-01,2027-12-31,2028-12-31,2026-06-01,18,0.0,0
PAIM-706988,"Establishment of new GMC Gondia (Medical Education, Ministry of Health and Family Welfare) (706988)",Infrastructure & Highways,Ministry of Health and Family Welfare,706988,Maharashtra,2674.53,2674.53,1721.38,64.4,2024-03-01,2028-12-31,2028-12-31,2026-06-01,18,0.0,0
PAIM-707069,"Establishment of new GMC Kapurthala (Medical Education, Ministry of Health and Family Welfare) (707069)",Infrastructure & Highways,Ministry of Health and Family Welfare,707069,Punjab,1958.33,1958.33,1522.43,77.7,2023-03-01,2028-12-31,2027-12-31,2026-06-01,24,0.0,0
PAIM-707070,"Establishment of new GMC Hoshiarpur (Medical Education, Ministry of Health and Family Welfare) (707070)",Infrastructure & Highways,Ministry of Health and Family Welfare,707070,Punjab,4169.9,4169.9,1033.78,24.8,2022-03-01,2027-12-31,2027-12-31,2026-06-01,0,0.0,0
PAIM-701168,ALL India Institute of Medical Sciences-AIIMS  Madurai (PMSSY AND Institute of NATIONAL Importance) (701168),Infrastructure & Highways,Ministry of Health and Family Welfare,701168,Tamil Nadu,3523.56,3523.56,407.82,11.6,2023-03-01,2026-12-31,2027-12-31,2026-06-01,18,0.0,0
PAIM-701171,AIIMS Bibinagar (PMSSY AND Institute of NATIONAL Importance) (701171),Infrastructure & Highways,Ministry of Health and Family Welfare,701171,Tamil Nadu,3317.84,3317.84,2126.9,64.1,2023-03-01,2027-12-31,2029-12-31,2026-06-01,24,0.0,0
PAIM-707086,"Establishment of new GMC Rudrapur (Medical Education, Ministry of Health and Family Welfare) (707086)",Infrastructure & Highways,Ministry of Health and Family Welfare,707086,Multi-State,2811.29,2811.29,600.05,21.3,2024-03-01,2027-12-31,2028-12-31,2026-06-01,0,0.0,0
PAIM-707087,"Establishment of new GMC Pithoragarh (Medical Education, Ministry of Health and Family Welfare) (707087)",Infrastructure & Highways,Ministry of Health and Family Welfare,707087,Multi-State,969.31,969.31,249.54,25.7,2022-03-01,2028-12-31,2029-12-31,2026-06-01,12,0.0,0
PAIM-612167,"Visakhapatnam, Andhra Pradesh (Employee's State Insurance Company [ESIC]) (612167)",Infrastructure & Highways,Ministry of Health and Family Welfare,612167,Andhra Pradesh,793.68,793.68,563.38,71.0,2023-03-01,2026-12-31,2028-12-31,2026-06-01,12,0.0,0
PAIM-612186,350 Bedded [Upgradable to 500 beds] ESI Hospital at Sanand (Employee's State Insurance Company [ESIC]) (612186),Infrastructure & Highways,Ministry of Health and Family Welfare,612186,Gujarat,4032.88,4032.88,1264.59,31.4,2024-03-01,2028-12-31,2029-12-31,2026-06-01,24,0.0,0
PAIM-612211,to 150 beds. (Employee's State Insurance Company [ESIC]) (612211),Infrastructure & Highways,Ministry of Health and Family Welfare,612211,Gujarat,933.41,933.41,685.36,73.4,2022-03-01,2028-12-31,2029-12-31,2026-06-01,6,0.0,0
PAIM-612745,"Construction of 200 bed ESI Hospital at Bommasandra, Karnataka (Employee's State Insurance Company [ESIC]) (612745)",Infrastructure & Highways,Ministry of Health and Family Welfare,612745,Gujarat,2714.38,2714.38,1732.21,63.8,2021-03-01,2026-12-31,2029-12-31,2026-06-01,12,0.0,0
PAIM-612748,Karnataka (Employee's State Insurance Company [ESIC]) (612748),Infrastructure & Highways,Ministry of Health and Family Welfare,612748,Maharashtra,2786.4,2786.4,1395.76,50.1,2022-03-01,2026-12-31,2029-12-31,2026-06-01,6,0.0,0
PAIM-612213,"Construction of 200 Bedded ESIC Hospital at Butibori, Nagpur, Maharashtra. (Employee's State Insurance Company [ESIC]) (",Infrastructure & Highways,Ministry of Health and Family Welfare,612213,Maharashtra,3432.03,3432.03,2307.53,67.2,2021-03-01,2028-12-31,2027-12-31,2026-06-01,0,0.0,0
PAIM-616691,"Housing for ESIC Hospital at Andheri, Mumbai (Employee's State Insurance Company [ESIC]) (616691)",Infrastructure & Highways,Ministry of Health and Family Welfare,616691,Maharashtra,936.21,936.21,111.48,11.9,2021-03-01,2028-12-31,2027-12-31,2026-06-01,12,0.0,0
PAIM-612513,"Construction of 100 Bedded ESI Hospital at Duburi, Odisha. (Employee's State Insurance Company [ESIC]) (612513)",Infrastructure & Highways,Ministry of Health and Family Welfare,612513,Maharashtra,4034.56,4034.56,3099.9,76.8,2024-03-01,2027-12-31,2028-12-31,2026-06-01,0,0.0,0
PAIM-612259,CONSTRUCTION OF 300 BEDDED HOSPITAL AT HARIDWAR (Employee's State Insurance Company [ESIC]) (612259),Infrastructure & Highways,Ministry of Health and Family Welfare,612259,Odisha,3329.32,3329.32,1622.0,48.7,2023-03-01,2028-12-31,2027-12-31,2026-06-01,0,0.0,0
PAIM-701565,Jal Marg Vikas Project (Inland Waterways Authority of India [IWAI]) (701565),Infrastructure & Highways,Ministry of Health and Family Welfare,701565,Uttar Pradesh,3083.46,3083.46,1907.22,61.9,2021-03-01,2027-12-31,2028-12-31,2026-06-01,24,0.0,0
PAIM-609424,Under PPP Mode (Deendayal Port Trust) (609424),Infrastructure & Highways,Ministry of Health and Family Welfare,609424,Gujarat,266.01,266.01,34.47,13.0,2024-03-01,2028-12-31,2029-12-31,2026-06-01,24,0.0,0
PAIM-701570,"Replacement and revamping of pipeline projects in oil jetty area, Kandla (Deendayal Port Trust [DPT]) (701570)",Infrastructure & Highways,Ministry of Health and Family Welfare,701570,Gujarat,1272.69,1272.69,728.29,57.2,2024-03-01,2028-12-31,2029-12-31,2026-06-01,6,0.0,0
PAIM-617804,basis - Phase II (New Mangalore Port Authority) (617804),Infrastructure & Highways,Ministry of Health and Family Welfare,617804,Maharashtra,4220.22,4220.22,2939.01,69.6,2021-03-01,2028-12-31,2028-12-31,2026-06-01,0,0.0,0
PAIM-400382,Rewas Port Project (Reliance Industries Ltd) (400382),Infrastructure & Highways,Ministry of Health and Family Welfare,400382,Maharashtra,3197.64,3197.64,402.84,12.6,2024-03-01,2026-12-31,2029-12-31,2026-06-01,24,0.0,0
PAIM-701574,Western Dock on BOT basis to handle Cape size vessels (Paradip Port Trust [PPT]) (701574),Infrastructure & Highways,Ministry of Health and Family Welfare,701574,Odisha,3442.48,3442.48,2580.58,75.0,2021-03-01,2026-12-31,2029-12-31,2026-06-01,18,0.0,0
PAIM-619229,"KDS, SMPK on DBFOT basis through PPP mode (Syama Prasad Mookerjee Port Kolkata) (619229)",Infrastructure & Highways,Ministry of Health and Family Welfare,619229,West Bengal,3738.05,3738.05,1734.74,46.4,2024-03-01,2026-12-31,2029-12-31,2026-06-01,36,0.0,0
PAIM-707215,National Maritime Heritage Complex [NMHC] Phase-I (Indian Port Rail & Ropeway Corporation Ltd. [IPRCL]) (707215),Infrastructure & Highways,Ministry of Steel,707215,Gujarat,4196.22,4196.22,1919.31,45.7,2022-03-01,2027-12-31,2027-12-31,2026-06-01,24,0.0,0
PAIM-707410,Infrastructure Development Phase 1 (National Highways & Infrastructure Development Corporation Ltd. [NHIDCL]) (707410),Infrastructure & Highways,Ministry of Steel,707410,Andhra Pradesh,773.6,773.6,281.78,36.4,2022-03-01,2026-12-31,2029-12-31,2026-06-01,12,0.0,0
PAIM-617727,Orvakal Industrial Area (NICDC) (617727),Infrastructure & Highways,Ministry of Steel,617727,Andhra Pradesh,2801.69,2801.69,1199.48,42.8,2023-03-01,2028-12-31,2028-12-31,2026-06-01,6,0.0,0
PAIM-617729,Kopparthy Industrial Area (NICDC) (617729),Infrastructure & Highways,Ministry of Steel,617729,Andhra Pradesh,563.58,563.58,287.58,51.0,2024-03-01,2028-12-31,2029-12-31,2026-06-01,24,0.0,0
PAIM-701658,Krishnapatnam Node - Phase 1 - Roads and Services Development (National Industrial Corridor Development Corporation) (70,Infrastructure & Highways,Ministry of Steel,701658,Andhra Pradesh,2767.98,2767.98,2306.81,83.3,2023-03-01,2027-12-31,2029-12-31,2026-06-01,24,0.0,0
PAIM-701657,Tumakuru Node - Phase 1 - Roads and Services Development (National Highways & Infrastructure Development Corporation Ltd,Infrastructure & Highways,Ministry of Steel,701657,Karnataka,416.31,416.31,276.03,66.3,2024-03-01,2027-12-31,2028-12-31,2026-06-01,12,0.0,0
PAIM-701668,Development of Palakkad Node under extension of CBIC to Kochi (National Industrial Corridor Development Corporation) (70,Infrastructure & Highways,Ministry of Steel,701668,Rajasthan,3520.46,3520.46,895.14,25.4,2022-03-01,2026-12-31,2028-12-31,2026-06-01,24,0.0,0
PAIM-603210,Development of Jodhpur Pali Marwar Industrial Area JPMIA in Rajasthan (National Industrial Corridor Development Corporat,Infrastructure & Highways,Ministry of Steel,603210,Rajasthan,2264.77,2264.77,1021.1,45.1,2023-03-01,2026-12-31,2028-12-31,2026-06-01,0,0.0,0
PAIM-601812,Development of Zaheerabad Node under Hyderabad Nagpur Industrial Corridor (National Industrial Corridor Development Corp,Infrastructure & Highways,Ministry of Steel,601812,Uttar Pradesh,4096.85,4096.85,1949.1,47.6,2024-03-01,2027-12-31,2028-12-31,2026-06-01,0,0.0,0
PAIM-707419,IMC at Prayagraj (National Industrial Corridor Development Corporation) (707419),Infrastructure & Highways,Ministry of Steel,707419,Uttar Pradesh,202.15,202.15,67.29,33.3,2022-03-01,2028-12-31,2027-12-31,2026-06-01,36,0.0,0
PAIM-615202,Capacity expansion of Deposit-14 and 14 NMZ at Kirandul (National Mineral Development Corporation Limited [NMDC]) (61520,Infrastructure & Highways,Ministry of Steel,615202,Multi-State,4277.14,4277.14,2496.43,58.4,2023-03-01,2026-12-31,2029-12-31,2026-06-01,36,0.0,0
PAIM-617243,Replacement of Hot Leveller No.1 of Plate Mill at Bhilai Steel Plant (Steel Authority of India Limited [SAIL]) (617243),Infrastructure & Highways,Ministry of Steel,617243,Multi-State,3541.67,3541.67,797.71,22.5,2021-03-01,2026-12-31,2028-12-31,2026-06-01,6,0.0,0
PAIM-617255,Secondary Emission at Bhilai Steel Plant (Steel Authority of India Limited [SAIL]) (617255),Infrastructure & Highways,Ministry of Steel,617255,Multi-State,2606.08,2606.08,881.16,33.8,2021-03-01,2027-12-31,2029-12-31,2026-06-01,6,0.0,0
PAIM-617256,Rebuilding of Coke Oven Battery No.7 & 8 at Bhilai Steel Plant (Steel Authority of India Limited [SAIL]) (617256),Infrastructure & Highways,Ministry of Steel,617256,Multi-State,539.7,539.7,182.83,33.9,2024-03-01,2028-12-31,2028-12-31,2026-06-01,6,0.0,0
PAIM-706811,NMDC Slurry Pipeline Project Phase-1 (National Mineral Development Corporation Limited [NMDC]) (706811),Infrastructure & Highways,Ministry of Steel,706811,Multi-State,2411.65,2411.65,763.81,31.7,2021-03-01,2028-12-31,2027-12-31,2026-06-01,36,0.0,0
PAIM-709826,SCREENING PLANT-III AT KIRANDUL (National Mineral Development Corporation Limited [NMDC]) (709826),Infrastructure & Highways,Ministry of Steel,709826,Multi-State,3273.2,3273.2,2365.71,72.3,2021-03-01,2028-12-31,2029-12-31,2026-06-01,0,0.0,0
PAIM-400174,"New Sinter Plant at BSL, SAIL (Steel Authority of India Limited [SAIL]) (400174)",Infrastructure & Highways,Ministry of Steel,400174,Multi-State,714.59,714.59,173.04,24.2,2024-03-01,2026-12-31,2028-12-31,2026-06-01,24,0.0,0
PAIM-617249,Replacement of existing Grinders in CRM-I & II at Bokaro Steel Plant (Steel Authority of India Limited [SAIL]) (617249),Infrastructure & Highways,Ministry of Steel,617249,Multi-State,427.07,427.07,113.98,26.7,2021-03-01,2027-12-31,2028-12-31,2026-06-01,12,0.0,0
PAIM-617250,Secondary Emission Control in Converters of SMS-II at Bokaro Steel Plant (Steel Authority of India Limited [SAIL]) (6172,Infrastructure & Highways,Ministry of Railways,617250,Multi-State,3369.15,3369.15,1207.79,35.8,2022-03-01,2026-12-31,2028-12-31,2026-06-01,12,0.0,0
PAIM-617254,Plant-1 at Bokaro Steel Plant (Steel Authority of India Limited [SAIL]) (617254),Infrastructure & Highways,Ministry of Railways,617254,Multi-State,3019.9,3019.9,1914.07,63.4,2021-03-01,2028-12-31,2029-12-31,2026-06-01,0,0.0,0
PAIM-617257,Rebuilding of Coke Oven Battery No.6 at Bokaro Steel Plant (Steel Authority of India Limited [SAIL]) (617257),Infrastructure & Highways,Ministry of Railways,617257,Multi-State,1831.9,1831.9,527.83,28.8,2023-03-01,2028-12-31,2028-12-31,2026-06-01,36,0.0,0
PAIM-400121,"Complex of NMDC Limited at Ballari Dt, Karnataka. (National Mineral Development Corporation Limited [NMDC]) (400121)",Infrastructure & Highways,Ministry of Railways,400121,Karnataka,2902.28,2902.28,372.49,12.8,2023-03-01,2028-12-31,2028-12-31,2026-06-01,18,0.0,0
PAIM-612781,Rebuilding of COB 4 at Durgapur Steel Plant (Steel Authority of India Limited [SAIL]) (612781),Infrastructure & Highways,Ministry of Railways,612781,Karnataka,3797.61,3797.61,918.09,24.2,2024-03-01,2026-12-31,2028-12-31,2026-06-01,6,0.0,0
PAIM-617242,Installation of New Bar Mill at Durgapur Steel Plant (Steel Authority of India Limited [SAIL]) (617242),Infrastructure & Highways,Ministry of Railways,617242,West Bengal,1899.53,1899.53,729.77,38.4,2024-03-01,2028-12-31,2027-12-31,2026-06-01,6,0.0,0
PAIM-617246,Up-gradation of Blast Furnace No. 3 at Durgapur Steel Plant (Steel Authority of India Limited [SAIL]) (617246),Infrastructure & Highways,Ministry of Railways,617246,West Bengal,2719.76,2719.76,824.11,30.3,2023-03-01,2026-12-31,2027-12-31,2026-06-01,12,0.0,0
PAIM-617248,Third Ladle Furnace in Secondary Refinery Unit at IISCO Steel Plant (Steel Authority of India Limited [SAIL]) (617248),Infrastructure & Highways,Ministry of Railways,617248,West Bengal,1019.2,1019.2,652.25,64.0,2024-03-01,2027-12-31,2027-12-31,2026-06-01,0,0.0,0
PAIM-617251,Revamping of Air Pollution Control Systems of SP-1 at Durgapur Steel Plant (Steel Authority of India Limited [SAIL]) (61,Infrastructure & Highways,Ministry of Railways,617251,West Bengal,3781.41,3781.41,469.63,12.4,2021-03-01,2026-12-31,2028-12-31,2026-06-01,24,0.0,0
PAIM-617338,Stamp Charge Battery No.12 Battery Proper at IISCO Steel Plant (Steel Authority of India Limited [SAIL]) (617338),Infrastructure & Highways,Ministry of Railways,617338,West Bengal,1730.56,1730.56,203.05,11.7,2021-03-01,2028-12-31,2028-12-31,2026-06-01,24,0.0,0
PAIM-400298,Nadikudi - Srikalahasti New Line (South Central Railway [SCR] - II) (400298),Infrastructure & Highways,Ministry of Railways,400298,Andhra Pradesh,1693.27,1693.27,184.62,10.9,2024-03-01,2027-12-31,2028-12-31,2026-06-01,18,0.0,0
PAIM-611754,GUNTAKAL WEST-MALLAPPA GATE RAIL OVER RAIL - ROR TRACK (South Central Railway [SCR] - II) (611754),Infrastructure & Highways,Ministry of Railways,611754,Andhra Pradesh,3993.98,3993.98,1658.57,41.5,2022-03-01,2028-12-31,2027-12-31,2026-06-01,6,0.0,0
PAIM-611927,Kurnool - Setting up facilities for coach midlife rehabilitation workshop (WPO/Patna) (611927),Infrastructure & Highways,Ministry of Railways,611927,Andhra Pradesh,736.15,736.15,615.72,83.6,2021-03-01,2028-12-31,2027-12-31,2026-06-01,0,0.0,0
PAIM-612827,Simhachalam  7.135 km    PB 73 of 2023  24 NR (East Coast Railway [ECoR] - II) (612827),Infrastructure & Highways,Ministry of Railways,612827,Andhra Pradesh,3363.15,3363.15,1986.97,59.1,2023-03-01,2028-12-31,2028-12-31,2026-06-01,12,0.0,0
PAIM-616697,to Gangavaram port (East Coast Railway [ECoR] - II) (616697),Infrastructure & Highways,Ministry of Railways,616697,Andhra Pradesh,1728.09,1728.09,477.13,27.6,2022-03-01,2027-12-31,2028-12-31,2026-06-01,24,0.0,0
PAIM-617210,Tiupati Katpadi 104.39 kms (South Central Railway [SCR] - II) (617210),Infrastructure & Highways,Ministry of Railways,617210,Andhra Pradesh,3487.91,3487.91,759.64,21.8,2023-03-01,2026-12-31,2029-12-31,2026-06-01,12,0.0,0
PAIM-617216,3rd Line between Gudur Renigunta 83.17 Km (South Central Railway [SCR] - II) (617216),Infrastructure & Highways,Ministry of Railways,617216,Andhra Pradesh,2616.0,2616.0,1002.45,38.3,2022-03-01,2026-12-31,2027-12-31,2026-06-01,0,0.0,0
PAIM-619326,Nidadavolu-Duvvada 3rd & 4th Lines (South Central Railway [SCR] - II) (619326),Infrastructure & Highways,Ministry of Railways,619326,Andhra Pradesh,4384.62,4384.62,2279.11,52.0,2021-03-01,2027-12-31,2027-12-31,2026-06-01,24,0.0,0
PAIM-705253,Kurnool Coach Midlife Rehabilitation Project (South Central Railway [SCR] - II) (705253),Infrastructure & Highways,Ministry of Railways,705253,Andhra Pradesh,1821.48,1821.48,1449.81,79.6,2021-03-01,2028-12-31,2029-12-31,2026-06-01,6,0.0,0
PAIM-705436,Kotapalli - Narasapur New Line (South Central Railway [SCR] - II) (705436),Infrastructure & Highways,Ministry of Railways,705436,Andhra Pradesh,1052.98,1052.98,780.69,74.1,2021-03-01,2026-12-31,2028-12-31,2026-06-01,18,0.0,0
PAIM-705633,Guntur-Guntakal Doubling Project (South Central Railway [SCR] - II) (705633),Infrastructure & Highways,Ministry of Railways,705633,Andhra Pradesh,388.82,388.82,68.57,17.6,2022-03-01,2026-12-31,2027-12-31,2026-06-01,36,0.0,0
PAIM-705648,Vijaywada-Gudur 3rd Line (RVNL - II) (705648),Infrastructure & Highways,Ministry of Railways,705648,Assam,973.06,973.06,430.33,44.2,2023-03-01,2028-12-31,2027-12-31,2026-06-01,36,0.0,0
PAIM-400254,Sakri -Hasanpur [via Harnagar - Kusheshwar Asthan] New Railway line (East Central Railway [ECR] - I) (400254),Infrastructure & Highways,Ministry of Railways,400254,Bihar,1597.32,1597.32,248.85,15.6,2023-03-01,2028-12-31,2028-12-31,2026-06-01,18,0.0,0
PAIM-617231,Construction of Bulb line at Nabinagar  Ankorah of East Central Railway (East Central Railway [ECR] - I) (617231),Infrastructure & Highways,Ministry of Railways,617231,Bihar,4023.41,4023.41,1252.9,31.1,2021-03-01,2028-12-31,2027-12-31,2026-06-01,6,0.0,0
PAIM-617239,KM (East Central Railway [ECR] - I) (617239),Infrastructure & Highways,Ministry of Railways,617239,Bihar,1349.09,1349.09,801.69,59.4,2023-03-01,2028-12-31,2029-12-31,2026-06-01,36,0.0,0
PAIM-705364,Khagaria-Kusheshwar Asthan [42Km] new line project (East Central Railway [ECR] - I) (705364),Infrastructure & Highways,Ministry of Railways,705364,Bihar,884.44,884.44,221.48,25.0,2022-03-01,2027-12-31,2029-12-31,2026-06-01,12,0.0,0
PAIM-705366,Hajipur-Sagauli New line (East Central Railway [ECR] - I) (705366),Infrastructure & Highways,Ministry of Railways,705366,Bihar,3122.02,3122.02,1774.95,56.9,2022-03-01,2027-12-31,2029-12-31,2026-06-01,0,0.0,0
PAIM-705368,Araria Supaul New BG Line (East Central Railway [ECR] - I) (705368),Infrastructure & Highways,Ministry of Railways,705368,Bihar,3770.8,3770.8,3176.23,84.2,2024-03-01,2028-12-31,2029-12-31,2026-06-01,24,0.0,0
PAIM-705373,"Biharsharif, Biharsharif to Barbigha , Barbigha to Shekhpura (East Central Railway [ECR] - I) (705373)",Infrastructure & Highways,Ministry of Railways,705373,Bihar,2856.4,2856.4,2046.16,71.6,2021-03-01,2026-12-31,2029-12-31,2026-06-01,6,0.0,0
PAIM-705450,Jogbani-Biratnagar New Rail Line project (Indian Railway Construction International Limited [IRCON]) (705450),Infrastructure & Highways,Ministry of Railways,705450,Bihar,2372.05,2372.05,1791.35,75.5,2021-03-01,2028-12-31,2029-12-31,2026-06-01,18,0.0,0
PAIM-705526,Samastipur-Darbhanga Doubling Railway Project (East Central Railway [ECR] - I) (705526),Infrastructure & Highways,Ministry of Railways,705526,Bihar,534.57,534.57,59.95,11.2,2022-03-01,2028-12-31,2027-12-31,2026-06-01,12,0.0,0
PAIM-705527,Sagauli-Valmiknagar (East Central Railway [ECR] - I) (705527),Infrastructure & Highways,Ministry of Railways,705527,Bihar,2474.41,2474.41,825.72,33.4,2022-03-01,2026-12-31,2028-12-31,2026-06-01,18,0.0,0
PAIM-705528,Muzaffarpur-Sugauli (East Central Railway [ECR] - I) (705528),Infrastructure & Highways,Ministry of Railways,705528,Bihar,774.0,774.0,274.22,35.4,2022-03-01,2027-12-31,2028-12-31,2026-06-01,0,0.0,0
PAIM-706759,Rampur Dumra-Tal-Rajendrapul Additional Bridge and Railway Line Doubling (Indian Railway Construction International Limi,Infrastructure & Highways,Ministry of Railways,706759,Bihar,1874.65,1874.65,786.35,41.9,2021-03-01,2028-12-31,2028-12-31,2026-06-01,24,0.0,0
PAIM-706860,Barauni-Bachwara [16 km] - 3rd & 4th line incl. Barauni yard remodelling [32 km] (East Central Railway [ECR] - I) (70686,Infrastructure & Highways,Ministry of Railways,706860,Bihar,2333.82,2333.82,975.12,41.8,2024-03-01,2027-12-31,2029-12-31,2026-06-01,18,0.0,0
PAIM-900874,JHAJHA - BATIA (East Central Railway [ECR] - I) (900874),Infrastructure & Highways,Ministry of Railways,900874,Bihar,802.83,802.83,271.27,33.8,2023-03-01,2026-12-31,2029-12-31,2026-06-01,36,0.0,0
PAIM-400220,Kharsia-Dharamjaygarh with Spur line [East Corridor-Phase 1] (Indian Railway Construction International Limited [IRCON]),Infrastructure & Highways,Ministry of Railways,400220,Bihar,260.89,260.89,189.02,72.5,2024-03-01,2027-12-31,2029-12-31,2026-06-01,18,0.0,0
PAIM-400291,Doubling of Kirandul-Jagdalpur Line [150 km] (East Coast Railway [ECoR] - II) (400291),Infrastructure & Highways,Ministry of Railways,400291,Multi-State,378.68,378.68,39.74,10.5,2024-03-01,2027-12-31,2028-12-31,2026-06-01,18,0.0,0
PAIM-602792,Kms - 2nd Material Modification to Raipur Titlagarh doubling. (SECR) (602792),Infrastructure & Highways,Ministry of Railways,602792,Multi-State,2035.81,2035.81,919.96,45.2,2023-03-01,2026-12-31,2029-12-31,2026-06-01,18,0.0,0
PAIM-612815,4th line between Nipania Bhatapara 14.4 Km (South East Central Railway [SECR] - II) (612815),Infrastructure & Highways,Ministry of Railways,612815,Multi-State,2729.1,2729.1,450.66,16.5,2024-03-01,2028-12-31,2027-12-31,2026-06-01,6,0.0,0
PAIM-617200,KHARSIA- NAYA RAIPUR-PARMALKASA 5th and 6th Line [278KM] (CAO/C/SECR) (617200),Infrastructure & Highways,Ministry of Railways,617200,Multi-State,943.1,943.1,436.05,46.2,2023-03-01,2026-12-31,2029-12-31,2026-06-01,0,0.0,0
PAIM-617374,"Dallirajhara - Rowghat New Rail Line Project, Phase-I (Rail Vikas Nigam Limited) (617374)",Infrastructure & Highways,Ministry of Railways,617374,Multi-State,1349.43,1349.43,1093.62,81.0,2024-03-01,2027-12-31,2029-12-31,2026-06-01,12,0.0,0
PAIM-705433,Dallirajhra- Rowghat New Railway Line - Phase I [95 km] (Rail Vikas Nigam Limited) (705433),Infrastructure & Highways,Ministry of Railways,705433,Multi-State,2620.81,2620.81,2026.22,77.3,2022-03-01,2027-12-31,2029-12-31,2026-06-01,12,0.0,0
PAIM-705444,Gevra Road-Pendra Road New Railway Line [135 km] (Indian Railway Construction International Limited [IRCON]) (705444),Infrastructure & Highways,Ministry of Railways,705444,Multi-State,3905.42,3905.42,905.44,23.2,2021-03-01,2027-12-31,2029-12-31,2026-06-01,0,0.0,0
PAIM-706854,Boridand - Ambikapur Doubling Line Project (South East Central Railway [SECR] - II) (706854),Infrastructure & Highways,Ministry of Railways,706854,Multi-State,2419.83,2419.83,1358.77,56.2,2023-03-01,2027-12-31,2027-12-31,2026-06-01,12,0.0,0
PAIM-709815,4TH LINE - BHATAPARA-HATHBAND [8.8 KM] [PB-72/NR/2022-23] (SECR) (709815),Infrastructure & Highways,Ministry of Railways,709815,Multi-State,3156.71,3156.71,1278.11,40.5,2021-03-01,2028-12-31,2028-12-31,2026-06-01,36,0.0,0
PAIM-709816,4TH LINE - BHILAI-BHILAI NAGAR [8.8 KM] [PB-72/NR/2022-23] (SECR) (709816),Infrastructure & Highways,Ministry of Railways,709816,Multi-State,950.19,950.19,712.08,74.9,2021-03-01,2026-12-31,2029-12-31,2026-06-01,6,0.0,0
PAIM-709818,4TH LINE RAJNANDGAON-DONGARHGARH [31.2 KM] [PB-72/NR/2022-23] (SECR) (709818),Infrastructure & Highways,Ministry of Railways,709818,Multi-State,3003.1,3003.1,2534.23,84.4,2023-03-01,2028-12-31,2027-12-31,2026-06-01,18,0.0,0
PAIM-709819,3RD AND 4TH LINE - SARAGBUNDIA AND MADWARANI (SECR) (709819),Infrastructure & Highways,Ministry of Railways,709819,Delhi,2230.0,2230.0,1465.34,65.7,2024-03-01,2028-12-31,2028-12-31,2026-06-01,24,0.0,0
PAIM-613785,infrastructure (Rail Land Development Authority) (613785),Infrastructure & Highways,Ministry of Railways,613785,Delhi,4389.34,4389.34,3270.14,74.5,2021-03-01,2028-12-31,2029-12-31,2026-06-01,36,0.0,0
PAIM-617379,Development of New Bijwasan Railway Terminal (Northern Railways) (617379),Infrastructure & Highways,Ministry of Railways,617379,Delhi,1675.38,1675.38,917.19,54.7,2024-03-01,2027-12-31,2027-12-31,2026-06-01,12,0.0,0
PAIM-705583,Anand Vihar-Tilak Bridge 3rd & 4th line (CAO/C/NR) (705583),Infrastructure & Highways,Ministry of Railways,705583,Delhi,1238.42,1238.42,962.46,77.7,2023-03-01,2026-12-31,2027-12-31,2026-06-01,0,0.0,0
PAIM-706865,Chandargaon - Cansaulium Rail Flyover Project [16 Km] (South Western Railway [SWR] - II) (706865),Infrastructure & Highways,Ministry of Railways,706865,Gujarat,3568.21,3568.21,851.38,23.9,2024-03-01,2028-12-31,2027-12-31,2026-06-01,0,0.0,0
PAIM-611918,Kosamba Umarpada 70 Km (PCE/WR) (611918),Infrastructure & Highways,Ministry of Railways,611918,Gujarat,2615.79,2615.79,1900.34,72.6,2024-03-01,2028-12-31,2028-12-31,2026-06-01,18,0.0,0
PAIM-611943,New Broad Gauge line between Naliya to Jakhau Port (Western Railway [WR] - II) (611943),Infrastructure & Highways,Ministry of Railways,611943,Gujarat,871.13,871.13,502.9,57.7,2023-03-01,2026-12-31,2029-12-31,2026-06-01,18,0.0,0
PAIM-611945,Petlad-Bhadran 22.5 km (CAOCWR WR mor) (611945),Infrastructure & Highways,Ministry of Railways,611945,Gujarat,1074.61,1074.61,201.03,18.7,2022-03-01,2028-12-31,2029-12-31,2026-06-01,0,0.0,0
PAIM-611970,Samlaya Timba Road 54 km (PCE/WR) (611970),Infrastructure & Highways,Ministry of Railways,611970,Gujarat,547.57,547.57,97.33,17.8,2021-03-01,2026-12-31,2029-12-31,2026-06-01,24,0.0,0
PAIM-611971,Samni Jambusar 24 km (PCE/WR) (611971),Infrastructure & Highways,Ministry of Railways,611971,Gujarat,2175.09,2175.09,1551.24,71.3,2022-03-01,2027-12-31,2029-12-31,2026-06-01,36,0.0,0
PAIM-611974,Western Railway Samakhiali Gandhidham Quadrupiling 53 Kms (Western Railway [WR] - II) (611974),Infrastructure & Highways,Ministry of Railways,611974,Gujarat,2581.82,2581.82,987.61,38.3,2024-03-01,2027-12-31,2027-12-31,2026-06-01,6,0.0,0
PAIM-611977,Manufacturing  at (PCE/WR) (611977),Infrastructure & Highways,Ministry of Railways,611977,Gujarat,3470.34,3470.34,2225.23,64.1,2022-03-01,2026-12-31,2027-12-31,2026-06-01,18,0.0,0
PAIM-611978,Dahod Rolling Stock Workshop Provision of Infrastructure for CBS at (PCE/WR) (611978),Infrastructure & Highways,Ministry of Railways,611978,Gujarat,1953.51,1953.51,541.33,27.7,2022-03-01,2027-12-31,2027-12-31,2026-06-01,18,0.0,0
PAIM-611979,Sabarmati  Setting up of Maintenance Facilities for Train Sets Phase ii (Western Railway [WR] - II) (611979),Infrastructure & Highways,Ministry of Railways,611979,Gujarat,297.84,297.84,60.15,20.2,2021-03-01,2026-12-31,2028-12-31,2026-06-01,36,0.0,0
PAIM-612072,4th LINE BETWEEN BAREJADI NANDEJ-SANAND-AHMEDABAD BYPASS (Western Railway WR - II) (612072),Infrastructure & Highways,Ministry of Railways,612072,Gujarat,364.54,364.54,301.31,82.7,2024-03-01,2028-12-31,2027-12-31,2026-06-01,12,0.0,0
PAIM-613786,"engineering, procurement and construction mode (Rail Land Development Authority) (613786)",Infrastructure & Highways,Ministry of Railways,613786,Gujarat,1926.05,1926.05,1018.57,52.9,2024-03-01,2026-12-31,2028-12-31,2026-06-01,6,0.0,0
PAIM-616983,Kosamba Umarpada GC PROJECT (Ministry of Railways-) (616983),Infrastructure & Highways,Ministry of Railways,616983,Gujarat,1097.52,1097.52,848.89,77.3,2022-03-01,2028-12-31,2029-12-31,2026-06-01,24,0.0,0
PAIM-617880,Desalpar-Hajipir-Luna and Vayor-Lakhpat New Line (Western Railway [WR] - II) (617880),Infrastructure & Highways,Ministry of Railways,617880,Gujarat,3318.74,3318.74,932.04,28.1,2021-03-01,2027-12-31,2027-12-31,2026-06-01,0,0.0,0
PAIM-618972,Devbhumi Dwarka [Okha] - Kanalus Doubling (Western Railway [WR] - II) (618972),Infrastructure & Highways,Ministry of Railways,618972,Gujarat,1108.85,1108.85,336.76,30.4,2022-03-01,2027-12-31,2027-12-31,2026-06-01,6,0.0,0
PAIM-705458,Miyagam-Karjan-Dabhoi-Samlaya [GC] (Western Railway [WR] - II) (705458),Infrastructure & Highways,Ministry of Railways,705458,Gujarat,3754.74,3754.74,2021.79,53.8,2024-03-01,2028-12-31,2028-12-31,2026-06-01,6,0.0,0
PAIM-706757,Modasa-Shamlaji Road Railway Line Project (Western Railway WR - II) (706757),Infrastructure & Highways,Ministry of Railways,706757,Gujarat,1939.26,1939.26,606.38,31.3,2021-03-01,2026-12-31,2027-12-31,2026-06-01,36,0.0,0
PAIM-706763,Rajkot - Kanalus Doubling Project [111.2 Kms] (Western Railway WR - II) (706763),Infrastructure & Highways,Ministry of Railways,706763,Gujarat,1002.13,1002.13,389.32,38.8,2022-03-01,2027-12-31,2027-12-31,2026-06-01,36,0.0,0
PAIM-709812,NADIAD-PETLAD [37.26 KM] (Railway) (709812),Infrastructure & Highways,Ministry of Railways,709812,Gujarat,2529.82,2529.82,1185.6,46.9,2023-03-01,2027-12-31,2027-12-31,2026-06-01,6,0.0,0
PAIM-709813,BOTAD-AHMEDABAD [16.51 KM] (Western Railway [WR] - II) (709813),Infrastructure & Highways,Ministry of Railways,709813,Gujarat,2419.8,2419.8,731.52,30.2,2021-03-01,2028-12-31,2027-12-31,2026-06-01,18,0.0,0
PAIM-611884,Bhiwani - Dobh Bahali Doubling Project [42.30 Km] (North Western Railway [NWR]) (611884),Infrastructure & Highways,Ministry of Railways,611884,Gujarat,733.18,733.18,91.11,12.4,2021-03-01,2026-12-31,2029-12-31,2026-06-01,6,0.0,0
PAIM-617832,Koderma-Arigada Doubling 133.38 Km of East Central Railway (East Central Railway [ECR] - I) (617832),Infrastructure & Highways,Ministry of Railways,617832,Haryana,3954.01,3954.01,2194.04,55.5,2024-03-01,2026-12-31,2028-12-31,2026-06-01,24,0.0,0
PAIM-705747,Parasnath-Madhuban-Giridih new line (East Central Railway [ECR] - I) (705747),Infrastructure & Highways,Ministry of Railways,705747,Multi-State,816.26,816.26,581.99,71.3,2022-03-01,2028-12-31,2028-12-31,2026-06-01,6,0.0,0
PAIM-705765,Gomoh - Flyover for DN trains (East Central Railway [ECR] - I) (705765),Infrastructure & Highways,Ministry of Railways,705765,Multi-State,871.3,871.3,377.88,43.4,2024-03-01,2027-12-31,2027-12-31,2026-06-01,18,0.0,0
PAIM-705785,Lodhma - Piska - Link Line bypassing Hatia/Ranchi with Y connection (South Eastern Railway [SER] - I) (705785),Infrastructure & Highways,Ministry of Railways,705785,Multi-State,1061.25,1061.25,747.4,70.4,2022-03-01,2027-12-31,2029-12-31,2026-06-01,0,0.0,0
PAIM-706837,Pradhan Kuntha Jn Line Doubling Project (East Central Railway [ECR] - I) (706837),Infrastructure & Highways,Ministry of Railways,706837,Multi-State,961.45,961.45,626.33,65.1,2022-03-01,2027-12-31,2029-12-31,2026-06-01,36,0.0,0
PAIM-400023,Construction of New BG line between Hassan to Belur [27 Km] (South Western Railway [SWR] - II) (400023),Infrastructure & Highways,Ministry of Railways,400023,Karnataka,4414.93,4414.93,1570.31,35.6,2022-03-01,2027-12-31,2029-12-31,2026-06-01,18,0.0,0
PAIM-703585,Yeshvanthpur - Channasandra Doubling Project [21.70 Km] (Karnataka Rail Infrastructure Development Company Limited [K-RI,Infrastructure & Highways,Ministry of Railways,703585,Karnataka,1141.6,1141.6,533.38,46.7,2021-03-01,2027-12-31,2029-12-31,2026-06-01,6,0.0,0
PAIM-705434,New Railway Line between Ginigera and Raichur [165.57 km] (South Western Railway [SWR] - II) (705434),Infrastructure & Highways,Ministry of Railways,705434,Karnataka,1445.85,1445.85,1134.23,78.4,2023-03-01,2028-12-31,2029-12-31,2026-06-01,6,0.0,0
PAIM-705464,[142 Km] (South Western Railway [SWR] - II) (705464),Infrastructure & Highways,Ministry of Railways,705464,Karnataka,1908.91,1908.91,553.66,29.0,2023-03-01,2027-12-31,2028-12-31,2026-06-01,18,0.0,0
PAIM-705490,Gadag-Wadi New Railway Line [257 km] (South Western Railway [SWR] - II) (705490),Infrastructure & Highways,Ministry of Railways,705490,Karnataka,1076.92,1076.92,880.28,81.7,2022-03-01,2028-12-31,2027-12-31,2026-06-01,0,0.0,0
PAIM-705492,Kadur - Chickamagalur - Sakleshpur [93km] (South Western Railway [SWR] - II) (705492),Infrastructure & Highways,Ministry of Railways,705492,Karnataka,4236.12,4236.12,930.15,22.0,2024-03-01,2026-12-31,2028-12-31,2026-06-01,18,0.0,0
PAIM-705493,Hubli-Ankola New Line Project [164.44 km] (South Western Railway [SWR] - II) (705493),Infrastructure & Highways,Ministry of Railways,705493,Karnataka,2942.8,2942.8,2401.0,81.6,2024-03-01,2028-12-31,2028-12-31,2026-06-01,36,0.0,0
PAIM-705495,Bagalkot-Kudachi New Railway Line [142 km] (South Western Railway [SWR] - II) (705495),Infrastructure & Highways,Ministry of Railways,705495,Karnataka,1812.32,1812.32,783.34,43.2,2024-03-01,2028-12-31,2028-12-31,2026-06-01,18,0.0,0
PAIM-705496,Tumkur-Chitradurga-Davangere New Rail Line Project [191 km] (South Western Railway [SWR] - II) (705496),Infrastructure & Highways,Ministry of Railways,705496,Karnataka,3039.52,3039.52,1946.77,64.0,2023-03-01,2027-12-31,2027-12-31,2026-06-01,12,0.0,0
PAIM-705663,Bangalore-Whitefield-Bangalore City-Krishnarajapuram [23.08 km] - Quadrupling (South Western Railway [SWR] - II) (705663,Infrastructure & Highways,Ministry of Railways,705663,Karnataka,4408.56,4408.56,2403.23,54.5,2024-03-01,2028-12-31,2028-12-31,2026-06-01,18,0.0,0
PAIM-705761,SHIMOGA - SHIKARIPURA - RANEBENNUR [96 Km] (South Western Railway [SWR] - II) (705761),Infrastructure & Highways,Ministry of Railways,705761,Karnataka,2530.23,2530.23,1770.43,70.0,2022-03-01,2027-12-31,2029-12-31,2026-06-01,0,0.0,0
PAIM-705762,Construction of New BG line between Hassan [Alur] to Belur [ Km 27.34] (CAOC/SWR SWR mor) (705762),Infrastructure & Highways,Ministry of Railways,705762,Karnataka,2575.98,2575.98,572.81,22.2,2022-03-01,2028-12-31,2029-12-31,2026-06-01,12,0.0,0
PAIM-705941,Bangalore Suburban Railway Project (Karnataka Rail Infrastructure Development Company Limited [K-RIDE]) (705941),Infrastructure & Highways,Ministry of Railways,705941,Karnataka,1196.14,1196.14,962.59,80.5,2022-03-01,2027-12-31,2029-12-31,2026-06-01,36,0.0,0
PAIM-706835,Belgaum-Dharwad via Kittur [73.10Km] (South Western Railway [SWR] - II) (706835),Infrastructure & Highways,Ministry of Railways,706835,Karnataka,2988.79,2988.79,900.33,30.1,2023-03-01,2028-12-31,2028-12-31,2026-06-01,18,0.0,0
PAIM-705638,Kumbalam-Turavur doubling project [15.59 Km] (Ministry of Railways) (705638),Infrastructure & Highways,Ministry of Railways,705638,Karnataka,495.06,495.06,332.46,67.2,2024-03-01,2026-12-31,2027-12-31,2026-06-01,6,0.0,0
PAIM-705639,Ernakulam-Kumbalam doubling project [7.71 Km] (SR-ERS) (705639),Infrastructure & Highways,Ministry of Railways,705639,Multi-State,897.92,897.92,684.49,76.2,2021-03-01,2027-12-31,2029-12-31,2026-06-01,18,0.0,0
PAIM-705480,"Lalitpur-Satna, Rewa-Singrauli & Mahoba-Khajuraho (North Central Railway) (705480)",Infrastructure & Highways,Ministry of Railways,705480,Madhya Pradesh,1333.19,1333.19,515.15,38.6,2021-03-01,2028-12-31,2027-12-31,2026-06-01,18,0.0,0
PAIM-705659,Satna-Rewa Railway Line Doubling Project (West Central Railway [WCR] - II) (705659),Infrastructure & Highways,Ministry of Railways,705659,Madhya Pradesh,3670.89,3670.89,1553.62,42.3,2022-03-01,2028-12-31,2028-12-31,2026-06-01,24,0.0,0
PAIM-705660,Doubling of Katni - Singrauli Railway Line [261 km] (Indian Railway Construction International Limited [IRCON]) (705660),Infrastructure & Highways,Ministry of Railways,705660,Madhya Pradesh,3435.3,3435.3,2198.98,64.0,2024-03-01,2027-12-31,2029-12-31,2026-06-01,36,0.0,0
PAIM-705661,Katni Grade Separator/Bye Pass (Indian Railway Construction International Limited [IRCON]) (705661),Infrastructure & Highways,Ministry of Railways,705661,Madhya Pradesh,2215.0,2215.0,1437.54,64.9,2023-03-01,2027-12-31,2027-12-31,2026-06-01,18,0.0,0
PAIM-705763,Indore - Budni New Railway Line [198 kms] (RVNL - II) (705763),Infrastructure & Highways,Ministry of Railways,705763,Madhya Pradesh,1791.27,1791.27,976.13,54.5,2024-03-01,2026-12-31,2029-12-31,2026-06-01,24,0.0,0
PAIM-705933,Nimach-Ratlam Doubling [133 Km] (Western Railway [WR] - II) (705933),Infrastructure & Highways,Ministry of Railways,705933,Madhya Pradesh,4116.1,4116.1,458.33,11.1,2024-03-01,2028-12-31,2028-12-31,2026-06-01,12,0.0,0
PAIM-400019,DHULE [BORVIHIR] - NARDANA NEW LINE [50.60 KMS] (Central Railway) (400019),Infrastructure & Highways,Ministry of Railways,400019,Maharashtra,1266.29,1266.29,1062.72,83.9,2023-03-01,2026-12-31,2027-12-31,2026-06-01,12,0.0,0
PAIM-400271,Wardha-Nanded Via Yavatmal New BG Line (Central Railway [CR] - II) (400271),Infrastructure & Highways,Ministry of Railways,400271,Maharashtra,4326.62,4326.62,2912.47,67.3,2024-03-01,2026-12-31,2028-12-31,2026-06-01,24,0.0,0
PAIM-611751,AURANGABAD-ANKAI - DOUBLING PROJECT 98.25 Km (South Central Railway [SCR] - II) (611751),Infrastructure & Highways,Ministry of Railways,611751,Maharashtra,1121.96,1121.96,394.41,35.2,2024-03-01,2026-12-31,2028-12-31,2026-06-01,6,0.0,0
PAIM-612845,Kms] (Central Railway [CR] - II) (612845),Infrastructure & Highways,Ministry of Railways,612845,Maharashtra,2399.46,2399.46,338.06,14.1,2022-03-01,2027-12-31,2028-12-31,2026-06-01,0,0.0,0
PAIM-613015,associated infrastructure (Rail Land Development Authority) (613015),Infrastructure & Highways,Ministry of Railways,613015,Maharashtra,3763.8,3763.8,1353.48,36.0,2022-03-01,2028-12-31,2029-12-31,2026-06-01,0,0.0,0
PAIM-617201,Gondia-Balharshah [Chanda Fort] Doubling [240 Km] (South East Central Railway) (617201),Infrastructure & Highways,Ministry of Railways,617201,Maharashtra,2463.07,2463.07,1809.28,73.5,2022-03-01,2028-12-31,2028-12-31,2026-06-01,0,0.0,0
PAIM-617215,Doubling between Parbhani  Parli Vaijanath stations  64.71 Km (South Central Railway [SCR] - II) (617215),Infrastructure & Highways,Ministry of Railways,617215,Maharashtra,2866.64,2866.64,498.59,17.4,2023-03-01,2028-12-31,2027-12-31,2026-06-01,0,0.0,0
PAIM-617361,Babupeth - Sasti New Rail Line [13.114 KMs] (CentralRailway) (617361),Infrastructure & Highways,Ministry of Railways,617361,Maharashtra,4341.46,4341.46,621.4,14.3,2024-03-01,2028-12-31,2028-12-31,2026-06-01,18,0.0,0
PAIM-617364,Double Chord line Between Nilaje-Kopar (CentralRailway) (617364),Infrastructure & Highways,Ministry of Railways,617364,Maharashtra,2620.88,2620.88,1389.24,53.0,2021-03-01,2028-12-31,2028-12-31,2026-06-01,18,0.0,0
PAIM-705356,km] (Central Railway [CR] - II) (705356),Infrastructure & Highways,Ministry of Railways,705356,Maharashtra,2567.26,2567.26,823.07,32.1,2024-03-01,2026-12-31,2027-12-31,2026-06-01,24,0.0,0
PAIM-705357,Baramati Lonand New Line Project (Central Railway) (705357),Infrastructure & Highways,Ministry of Railways,705357,Maharashtra,1035.61,1035.61,567.73,54.8,2023-03-01,2026-12-31,2029-12-31,2026-06-01,36,0.0,0
PAIM-705479,Wadsa-Gadchiroli (South East Central Railway) (705479),Infrastructure & Highways,Ministry of Railways,705479,Maharashtra,3237.42,3237.42,1718.98,53.1,2024-03-01,2027-12-31,2028-12-31,2026-06-01,0,0.0,0
PAIM-705497,Wardha - Yavatmal Nanded Railway Line Project (Central Railways) (705497),Infrastructure & Highways,Ministry of Railways,705497,Maharashtra,2744.69,2744.69,1426.53,52.0,2023-03-01,2026-12-31,2029-12-31,2026-06-01,18,0.0,0
PAIM-705498,3rd Line Kalyan - Kasara [67.35 Kilometres] (Central Railway) (705498),Infrastructure & Highways,Ministry of Railways,705498,Maharashtra,1063.8,1063.8,714.65,67.2,2024-03-01,2027-12-31,2029-12-31,2026-06-01,36,0.0,0
PAIM-705500,3rd Line Wardha - Sewagram - Nagpur (Central Railway [CR] - II) (705500),Infrastructure & Highways,Ministry of Railways,705500,Maharashtra,306.64,306.64,251.14,81.9,2022-03-01,2028-12-31,2027-12-31,2026-06-01,24,0.0,0
PAIM-705502,3rd Line Wardha - Ballarshah [132 Kilometres] (Central Railway [CR] - II) (705502),Infrastructure & Highways,Ministry of Railways,705502,Maharashtra,4072.17,4072.17,2441.3,60.0,2023-03-01,2028-12-31,2027-12-31,2026-06-01,12,0.0,0
PAIM-705504,Doubling of Daund Manmad Line [247.6 km] (Central Railway) (705504),Infrastructure & Highways,Ministry of Railways,705504,Maharashtra,3543.33,3543.33,2018.92,57.0,2023-03-01,2026-12-31,2028-12-31,2026-06-01,12,0.0,0
PAIM-705505,4th Line Wardha - Nagpur [78.7 Kilometres] (Central Railway [CR] - II) (705505),Infrastructure & Highways,Ministry of Railways,705505,Maharashtra,505.83,505.83,259.43,51.3,2023-03-01,2027-12-31,2029-12-31,2026-06-01,6,0.0,0
PAIM-705506,3rd Line Manmad - Jalgaon [160 Kilometres] (Central Railway [CR] - II) (705506),Infrastructure & Highways,Ministry of Railways,705506,Maharashtra,3821.59,3821.59,1088.54,28.5,2022-03-01,2026-12-31,2027-12-31,2026-06-01,6,0.0,0
PAIM-705735,Solapur-tuljapur-Osmanabad (Central Railway) (705735),Infrastructure & Highways,Ministry of Railways,705735,Maharashtra,2647.86,2647.86,1595.53,60.3,2023-03-01,2027-12-31,2029-12-31,2026-06-01,24,0.0,0
PAIM-705799,Nagpur- Nagbhir Railway Line Gauge Conversion Project (MRIDC) (705799),Infrastructure & Highways,Ministry of Railways,705799,Maharashtra,317.65,317.65,248.92,78.4,2024-03-01,2027-12-31,2027-12-31,2026-06-01,36,0.0,0
PAIM-706779,Mumbai Urban Transport Project [MUTP] - PHASE II (Mumbai Rail Vikas Corporation Ltd.[MRVC]) (706779),Infrastructure & Highways,Ministry of Railways,706779,Maharashtra,4168.37,4168.37,3237.74,77.7,2021-03-01,2026-12-31,2029-12-31,2026-06-01,18,0.0,0
PAIM-706780,Mumbai Urban Transport Project [MUTP]  Phase-IIIA (Mumbai Rail Vikas Corporation Ltd.[MRVC]) (706780),Infrastructure & Highways,Ministry of Railways,706780,Maharashtra,401.5,401.5,67.76,16.9,2022-03-01,2026-12-31,2027-12-31,2026-06-01,18,0.0,0
PAIM-706781,Mumbai Urban Transport Project Phase-III (Mumbai Rail Vikas Corporation Ltd.[MRVC]) (706781),Infrastructure & Highways,Ministry of Railways,706781,Maharashtra,4049.07,4049.07,702.23,17.3,2023-03-01,2026-12-31,2027-12-31,2026-06-01,6,0.0,0
PAIM-705491,Marikuppam - Kuppam New Line Project [23.70 Km] (South Western Railway [SWR] - II) (705491),Infrastructure & Highways,Ministry of Railways,705491,Karnataka,2011.54,2011.54,1351.05,67.2,2024-03-01,2027-12-31,2029-12-31,2026-06-01,6,0.0,0
PAIM-705494,Rayadurg-Tumkur via Kalyandurg New Line [207 km] (South Western Railway [SWR] - II) (705494),Infrastructure & Highways,Ministry of Railways,705494,Karnataka,3366.95,3366.95,771.58,22.9,2022-03-01,2026-12-31,2028-12-31,2026-06-01,12,0.0,0
PAIM-705610,"Renigunta, Wadi & Gooty Bypass Railway Project (South Central Railway [SCR] - II) (705610)",Infrastructure & Highways,Ministry of Railways,705610,Karnataka,850.86,850.86,418.59,49.2,2023-03-01,2027-12-31,2029-12-31,2026-06-01,6,0.0,0
PAIM-617212,Doubling between Mudkhed  Medchal & Mahbubnagar  Dhone section 417.88 Km (South Central Railway [SCR] - II) (617212),Infrastructure & Highways,Ministry of Railways,617212,Maharashtra,4160.89,4160.89,3340.48,80.3,2023-03-01,2026-12-31,2029-12-31,2026-06-01,24,0.0,0
PAIM-400253,Vizianagaram - Titlagarh 3rd line  [272 Km including By - pass line of 7.68 KM] (RVNL - II) (400253),Infrastructure & Highways,Ministry of Railways,400253,Maharashtra,2515.6,2515.6,536.3,21.3,2022-03-01,2027-12-31,2029-12-31,2026-06-01,12,0.0,0
PAIM-705512,Doubling of Kottavalasa-Koraput Rail Line [189 KM] (East Coast Railway [ECoR] - II) (705512),Infrastructure & Highways,Ministry of Railways,705512,Odisha,1497.76,1497.76,490.01,32.7,2023-03-01,2028-12-31,2029-12-31,2026-06-01,6,0.0,0
PAIM-400275,Tindivanam-Nagari New Line Project [184.5 km] (Ministry of Railways) (400275),Infrastructure & Highways,Ministry of Railways,400275,Odisha,2345.81,2345.81,885.38,37.7,2021-03-01,2027-12-31,2029-12-31,2026-06-01,6,0.0,0
PAIM-616857,Motumari - 10.877 Km (South Central Railway [SCR] - II) (616857),Infrastructure & Highways,Ministry of Railways,616857,Telangana,1125.26,1125.26,292.83,26.0,2024-03-01,2026-12-31,2027-12-31,2026-06-01,18,0.0,0
PAIM-617211,Doubling of Guntur Bibinagar 239 Km (South Central Railway [SCR] - II) (617211),Infrastructure & Highways,Ministry of Railways,617211,Telangana,3166.81,3166.81,425.13,13.4,2023-03-01,2027-12-31,2027-12-31,2026-06-01,36,0.0,0
PAIM-617214,Rail Connectivity to Errupalem Amravati Namburu 57 Km (South Central Railway [SCR] - II) (617214),Infrastructure & Highways,Ministry of Railways,617214,Telangana,2363.85,2363.85,1212.48,51.3,2024-03-01,2027-12-31,2028-12-31,2026-06-01,12,0.0,0
PAIM-705612,Kazipet-Vijayawada 3rd line with electrification [220 km] (South Central Railway [SCR] - II) (705612),Infrastructure & Highways,Ministry of Railways,705612,Telangana,1654.66,1654.66,729.57,44.1,2022-03-01,2027-12-31,2028-12-31,2026-06-01,6,0.0,0
PAIM-705632,Vijayawada - Kazipet Byepass line (South Central Railway [SCR] - II) (705632),Infrastructure & Highways,Ministry of Railways,705632,Telangana,3469.96,3469.96,480.18,13.8,2023-03-01,2028-12-31,2029-12-31,2026-06-01,24,0.0,0
PAIM-705794,New Delhi- Howrah Speed Booster[160Kmph] Project (PCE/NCR) (705794),Infrastructure & Highways,Ministry of Railways,705794,Bihar,1054.96,1054.96,174.48,16.5,2024-03-01,2026-12-31,2028-12-31,2026-06-01,24,0.0,0
PAIM-616699,Multi tracking of Son Nagar-Andal 374.53 rkm & 814.38 tkm (East Central Railway [ECR] - I) (616699),Infrastructure & Highways,Ministry of Railways,616699,Bihar,3680.52,3680.52,1520.53,41.3,2021-03-01,2027-12-31,2029-12-31,2026-06-01,6,0.0,0
PAIM-705375,Koderma-Tilaiya New Line (East Central Railway [ECR] - I) (705375),Infrastructure & Highways,Ministry of Railways,705375,Bihar,2296.65,2296.65,979.92,42.7,2023-03-01,2026-12-31,2027-12-31,2026-06-01,18,0.0,0
PAIM-705385,Pirpainti - Jasidih [100.52 Km] New BG line (Eastern Railway [ER] - I) (705385),Infrastructure & Highways,Ministry of Railways,705385,Bihar,2426.54,2426.54,480.38,19.8,2021-03-01,2028-12-31,2028-12-31,2026-06-01,18,0.0,0
PAIM-611669,Gramin & Burhwal Jn [Excl]  Sitapur Jn section of high density routes (North Eastern Railway [NER]) (611669),Infrastructure & Highways,Ministry of Railways,611669,Bihar,330.54,330.54,172.34,52.1,2021-03-01,2026-12-31,2027-12-31,2026-06-01,0,0.0,0
PAIM-617224,Gorakhpur-Valmikinagar Doubling project (NER) (617224),Infrastructure & Highways,Ministry of Railways,617224,Bihar,4410.04,4410.04,1294.84,29.4,2024-03-01,2027-12-31,2027-12-31,2026-06-01,24,0.0,0
PAIM-705562,Chhapra-Ballia Patch Doubling (North Eastern Railway [NER]) (705562),Infrastructure & Highways,Ministry of Railways,705562,Bihar,1027.22,1027.22,446.58,43.5,2023-03-01,2026-12-31,2028-12-31,2026-06-01,18,0.0,0
PAIM-617245,Katihar Kumedpur & Katihar Mukuria BG Doubling Project (Northeast Frontier Railway [NFR]) (617245),Infrastructure & Highways,Ministry of Railways,617245,Bihar,2878.83,2878.83,624.96,21.7,2021-03-01,2027-12-31,2028-12-31,2026-06-01,24,0.0,0
PAIM-618978,Gondia - Dongargarh 4th line [84 Km] (South Eastern Central Railway) (618978),Infrastructure & Highways,Ministry of Railways,618978,Maharashtra,926.93,926.93,645.19,69.6,2022-03-01,2026-12-31,2029-12-31,2026-06-01,0,0.0,0
PAIM-705617,Rajnandgaon - Nagpur [Kalumna] Third Railway Line [228.30 km] (South East Central Railway [SECR] - II) (705617),Infrastructure & Highways,Ministry of Railways,705617,Maharashtra,3174.94,3174.94,1267.91,39.9,2024-03-01,2028-12-31,2029-12-31,2026-06-01,24,0.0,0
PAIM-617390,Sardega -Bhalumuda New Double line [37.24 Km] (SECR) (617390),Infrastructure & Highways,Ministry of Railways,617390,Maharashtra,3823.06,3823.06,1194.81,31.3,2023-03-01,2028-12-31,2029-12-31,2026-06-01,36,0.0,0
PAIM-705511,Jagdalpur-Koraput (East Coast Railway [ECoR] - II) (705511),Infrastructure & Highways,Ministry of Railways,705511,Odisha,4047.14,4047.14,1529.58,37.8,2023-03-01,2027-12-31,2028-12-31,2026-06-01,12,0.0,0
PAIM-705616,Jharsuguda-Bilaspur Fourth Railway Line [206 km] (SECR) (705616),Infrastructure & Highways,Ministry of Railways,705616,Odisha,4147.46,4147.46,2757.94,66.5,2022-03-01,2026-12-31,2027-12-31,2026-06-01,24,0.0,0
PAIM-705728,Mumbai-Ahmedabad High Speed Rail Project- 508 km (National High Speed Rail Corporation [NHSRC]) (705728),Infrastructure & Highways,Ministry of Railways,705728,Maharashtra,1812.21,1812.21,570.97,31.5,2021-03-01,2028-12-31,2028-12-31,2026-06-01,0,0.0,0
PAIM-705793,Vadodara-Ahmedabad (PCE/WR) (705793),Infrastructure & Highways,Ministry of Railways,705793,Maharashtra,1196.93,1196.93,983.41,82.2,2021-03-01,2027-12-31,2028-12-31,2026-06-01,36,0.0,0
PAIM-705650,Hospet - Tinaighat - Vasco Rail Doubling Project (RVNL - II) (705650),Infrastructure & Highways,Ministry of Railways,705650,Maharashtra,864.94,864.94,278.97,32.3,2021-03-01,2028-12-31,2029-12-31,2026-06-01,6,0.0,0
PAIM-706950,Hospet-Hubli-Vasco da Gama Line Electrification Project (RVNL) (706950),Infrastructure & Highways,Ministry of Railways,706950,Karnataka,2250.88,2250.88,377.85,16.8,2021-03-01,2027-12-31,2027-12-31,2026-06-01,24,0.0,0
PAIM-705237,Western Dedicated Freight Corridor (DFCCIL) (705237),Infrastructure & Highways,Ministry of Railways,705237,Maharashtra,470.34,470.34,275.57,58.6,2024-03-01,2028-12-31,2027-12-31,2026-06-01,12,0.0,0
PAIM-705453,"New line Dahod-Indore via Sardarpur, Jabuwa and Dhar (Western Railway [WR] - II) (705453)",Infrastructure & Highways,Ministry of Railways,705453,Maharashtra,2266.76,2266.76,536.81,23.7,2024-03-01,2027-12-31,2028-12-31,2026-06-01,6,0.0,0
PAIM-705454,Chhota Udaipur - Dhar New Line Project [157 km] (Western Railway [WR] - II) (705454),Infrastructure & Highways,Ministry of Railways,705454,Gujarat,3688.55,3688.55,2456.02,66.6,2022-03-01,2028-12-31,2027-12-31,2026-06-01,0,0.0,0
PAIM-611452,SYSTEM 500 RKM (Western Railway) (611452),Infrastructure & Highways,Ministry of Railways,611452,Maharashtra,1809.5,1809.5,655.72,36.2,2022-03-01,2026-12-31,2027-12-31,2026-06-01,0,0.0,0
PAIM-400022,Taranga Hill-Abu Road via Ambaji (North Western Railway [NWR]) (400022),Infrastructure & Highways,Ministry of Railways,400022,Maharashtra,2686.56,2686.56,553.08,20.6,2023-03-01,2028-12-31,2027-12-31,2026-06-01,12,0.0,0
PAIM-616842,LUNI- SAMDARI- BHILDI DOUBLING (North Western Railway [NWR]) (616842),Infrastructure & Highways,Ministry of Railways,616842,Gujarat,1527.56,1527.56,164.41,10.8,2021-03-01,2027-12-31,2028-12-31,2026-06-01,18,0.0,0
PAIM-705424,Chandigarh-Baddi New Rail Line- 36 km (Northen Railway [NR]) (705424),Infrastructure & Highways,Ministry of Railways,705424,Gujarat,622.13,622.13,405.06,65.1,2021-03-01,2028-12-31,2028-12-31,2026-06-01,6,0.0,0
PAIM-611861,Rewari - Kathuwas Doubling Project [27.72 Km] (North Western Railway [NWR]) (611861),Infrastructure & Highways,Ministry of Railways,611861,Rajasthan,4195.31,4195.31,723.4,17.2,2023-03-01,2026-12-31,2027-12-31,2026-06-01,0,0.0,0
PAIM-705410,Mukerian-Talwara [29 KM] (Northen Railway [NR]) (705410),Infrastructure & Highways,Ministry of Railways,705410,Rajasthan,3650.62,3650.62,1944.21,53.3,2021-03-01,2026-12-31,2029-12-31,2026-06-01,36,0.0,0
PAIM-705428,Bhanupalli-Bilaspur-Beri New Railway Line Project (RVNL - II) (705428),Infrastructure & Highways,Ministry of Railways,705428,Punjab,3617.18,3617.18,447.71,12.4,2024-03-01,2028-12-31,2027-12-31,2026-06-01,6,0.0,0
PAIM-705628,Doubling of Hatia [Ranchi]-Bondamunda Rail Line - 159 km (South Eastern Railway - JH) (705628),Infrastructure & Highways,Ministry of Railways,705628,Odisha,3684.95,3684.95,567.29,15.4,2021-03-01,2028-12-31,2029-12-31,2026-06-01,12,0.0,0
PAIM-616588,Buramara-Chakulia new line [59.96 km] (South Eastern Railway [SER] - I) (616588),Infrastructure & Highways,Ministry of Railways,616588,Odisha,2881.48,2881.48,1601.23,55.6,2024-03-01,2026-12-31,2029-12-31,2026-06-01,18,0.0,0
PAIM-616227,Chandil - Anara - Damodar - 3rd line [121.26 km] (CAO/C/SER) (616227),Infrastructure & Highways,Ministry of Railways,616227,Odisha,357.3,357.3,264.39,74.0,2023-03-01,2028-12-31,2027-12-31,2026-06-01,36,0.0,0
PAIM-705668,KHARAGPUR-ADITYAPUR THIRD RAIL LINE- 132 KM (RVNL - I) (705668),Infrastructure & Highways,Ministry of Railways,705668,Karnataka,3505.71,3505.71,359.03,10.2,2024-03-01,2026-12-31,2029-12-31,2026-06-01,18,0.0,0
PAIM-703586,Baiyyappanahalli - Hosur Doubling Project [48 km] (Karnataka Rail Infrastructure Development Company Limited [K-RIDE]) (,Infrastructure & Highways,Ministry of Railways,703586,Karnataka,2619.41,2619.41,567.29,21.7,2021-03-01,2027-12-31,2027-12-31,2026-06-01,36,0.0,0
PAIM-705635,Trivandrum- Kanyakumari (Southern Railway [SR] - I) (705635),Infrastructure & Highways,Ministry of Railways,705635,Karnataka,859.93,859.93,419.64,48.8,2022-03-01,2026-12-31,2029-12-31,2026-06-01,36,0.0,0
PAIM-705457,Ratlam-Mhow-Khandwa-Akola Gauge Conversion (Western Railway [WR] - II) (705457),Infrastructure & Highways,Ministry of Railways,705457,Maharashtra,1775.93,1775.93,585.43,33.0,2021-03-01,2026-12-31,2027-12-31,2026-06-01,0,0.0,0
PAIM-705507,Itarsi - Nagpur Third Railway Line [280 km] (Central Railway [CR] - II) (705507),Infrastructure & Highways,Ministry of Railways,705507,Maharashtra,4004.41,4004.41,1943.67,48.5,2021-03-01,2027-12-31,2028-12-31,2026-06-01,18,0.0,0
PAIM-617406,RATLAM- DUNGARPUR VIA BANSWARA NEW LINE PROJECT (North Western Railway [NWR]) (617406),Infrastructure & Highways,Ministry of Railways,617406,Maharashtra,3790.6,3790.6,658.16,17.4,2024-03-01,2026-12-31,2028-12-31,2026-06-01,6,0.0,0
PAIM-705419,Gwalior - Seopurkala with extension to Kota [Gauge Conversion] (North Central Railway) (705419),Infrastructure & Highways,Ministry of Railways,705419,Rajasthan,908.87,908.87,415.48,45.7,2022-03-01,2027-12-31,2027-12-31,2026-06-01,0,0.0,0
PAIM-705764,Nimach-Badi Sadri  New Rail Line Project (Western Railway [WR] - II) (705764),Infrastructure & Highways,Ministry of Railways,705764,Rajasthan,221.38,221.38,185.53,83.8,2021-03-01,2028-12-31,2028-12-31,2026-06-01,36,0.0,0
PAIM-705667,Mathura-Jhansi Third Railway Line [274 Km] (RVNL - II) (705667),Infrastructure & Highways,Ministry of Railways,705667,Rajasthan,1724.37,1724.37,1001.91,58.1,2022-03-01,2026-12-31,2028-12-31,2026-06-01,12,0.0,0
PAIM-705598,Jhansi - Bina Third Railway Line [153 Km] (CAO/C/NCR) (705598),Infrastructure & Highways,Ministry of Railways,705598,Uttar Pradesh,3537.55,3537.55,1803.74,51.0,2021-03-01,2026-12-31,2028-12-31,2026-06-01,6,0.0,0
PAIM-705608,Jhansi-Khairar-Manikpur & Khirar-Bhimsen (North Central Railway) (705608),Infrastructure & Highways,Ministry of Railways,705608,Uttar Pradesh,1342.11,1342.11,587.69,43.8,2021-03-01,2028-12-31,2027-12-31,2026-06-01,12,0.0,0
PAIM-705613,Third Line [new] between Kazipet - Balharshah  with electrification [201.04 Km] (South Central Railway [SCR] - II) (7056,Infrastructure & Highways,Ministry of Railways,705613,Maharashtra,3147.11,3147.11,2145.67,68.2,2022-03-01,2028-12-31,2029-12-31,2026-06-01,12,0.0,0
PAIM-705629,Narayangarh-Bhadrak 3rd line (South Eastern Railway [SER] - I) (705629),Infrastructure & Highways,Ministry of Railways,705629,Maharashtra,2741.92,2741.92,2288.53,83.5,2023-03-01,2027-12-31,2027-12-31,2026-06-01,36,0.0,0
PAIM-400223,Nagapattinam-Tiruturaipundi and Karaikal-Peralam New Line (Ministry of Railways) (400223),Infrastructure & Highways,Ministry of Railways,400223,Odisha,4381.32,4381.32,1301.06,29.7,2024-03-01,2028-12-31,2029-12-31,2026-06-01,18,0.0,0
PAIM-602797,"Sainthia, Sitarampur, Mughalsarai, Allahabad & Etawah - Bypass Line Project (Eastern Railway [ER] - I) (602797)",Infrastructure & Highways,Ministry of Railways,602797,Multi-State,2970.71,2970.71,574.11,19.3,2021-03-01,2027-12-31,2029-12-31,2026-06-01,24,0.0,0
PAIM-400006,Barpali. (South Eastern Railway [SER] - I) (400006),Infrastructure & Highways,Ministry of Railways,400006,Odisha,1397.91,1397.91,732.52,52.4,2021-03-01,2027-12-31,2028-12-31,2026-06-01,6,0.0,0
PAIM-400045,Under Deposit Scheme. (East Coast Railway [ECoR] - II) (400045),Infrastructure & Highways,Ministry of Railways,400045,Odisha,3417.42,3417.42,2232.59,65.3,2021-03-01,2026-12-31,2027-12-31,2026-06-01,18,0.0,0
PAIM-400047,exchange yard and NTPC Block Cabin. (East Coast Railway [ECoR] - II) (400047),Infrastructure & Highways,Ministry of Railways,400047,Odisha,428.01,428.01,203.03,47.4,2021-03-01,2026-12-31,2029-12-31,2026-06-01,0,0.0,0
PAIM-400048,Doubling of lines connecting the loading spurs in Talcher Yard. (East Coast Railway [ECoR] - II) (400048),Infrastructure & Highways,Ministry of Railways,400048,Odisha,965.02,965.02,693.95,71.9,2021-03-01,2026-12-31,2029-12-31,2026-06-01,12,0.0,0
PAIM-400232,Brundamal-Jharsuguda- flyover connection for joining downline (East Coast Railway [ECoR] - II) (400232),Infrastructure & Highways,Ministry of Railways,400232,Odisha,4220.06,4220.06,714.61,16.9,2023-03-01,2026-12-31,2028-12-31,2026-06-01,18,0.0,0
PAIM-612834,3rd & 4th line between Sarla - Sason [8 km] [PB 73/2023-24/NR] (East Coast Railway [ECoR] - II) (612834),Infrastructure & Highways,Ministry of Railways,612834,Odisha,1063.15,1063.15,473.7,44.6,2023-03-01,2027-12-31,2028-12-31,2026-06-01,6,0.0,0
PAIM-615915,Rourkela-Bondamunda A-Cabin 5th line [9.6 km] (CAO/C/SER) (615915),Infrastructure & Highways,Ministry of Railways,615915,Odisha,3377.98,3377.98,1956.08,57.9,2024-03-01,2027-12-31,2029-12-31,2026-06-01,24,0.0,0
PAIM-616586,Bangriposi-Gorumahisani new line [ 85.60 km ] (CAO/C/SER) (616586),Infrastructure & Highways,Ministry of Railways,616586,Odisha,3556.76,3556.76,1801.21,50.6,2021-03-01,2027-12-31,2029-12-31,2026-06-01,36,0.0,0
PAIM-616587,Badampahar-Kendujhargarh new line [82.06 km] (CAO/C/SER) (616587),Infrastructure & Highways,Ministry of Railways,616587,Odisha,3432.32,3432.32,1779.39,51.8,2024-03-01,2027-12-31,2028-12-31,2026-06-01,24,0.0,0
PAIM-616694,Flyover between Siju and Paradeep coaching Yard to avoid Surface crossing of trains (East Coast Railway [ECoR] - II) (61,Infrastructure & Highways,Ministry of Railways,616694,Odisha,3505.42,3505.42,1437.2,41.0,2024-03-01,2026-12-31,2028-12-31,2026-06-01,12,0.0,0
PAIM-616695,Paradeep - Badabandha 3rd & 4th Line / 18.51kms (East Coast Railway [ECoR] - II) (616695),Infrastructure & Highways,Ministry of Railways,616695,Odisha,2191.84,2191.84,374.26,17.1,2022-03-01,2027-12-31,2029-12-31,2026-06-01,6,0.0,0
PAIM-616839,Naupada-Gunupur - New line upto Theruvali [73.62 km] (Indian Railway) (616839),Infrastructure & Highways,Ministry of Railways,616839,Odisha,3263.01,3263.01,426.11,13.1,2022-03-01,2027-12-31,2028-12-31,2026-06-01,0,0.0,0
PAIM-618995,New Line between Junagarh - Nabarangpur [116.21 Km] (Indian Railway) (618995),Infrastructure & Highways,Ministry of Railways,618995,Odisha,3694.06,3694.06,958.56,25.9,2022-03-01,2028-12-31,2027-12-31,2026-06-01,24,0.0,0
PAIM-705358,Khurda-Bolangir New Broad Gauge Rail Link [301km] (East Coast Railway [ECoR] - II) (705358),Infrastructure & Highways,Ministry of Railways,705358,Odisha,2908.49,2908.49,1831.22,63.0,2022-03-01,2028-12-31,2029-12-31,2026-06-01,6,0.0,0
PAIM-705359,Talcher-Bimlagarh New Railway Line (East Coast Railway [ECoR] - II) (705359),Infrastructure & Highways,Ministry of Railways,705359,Odisha,1544.81,1544.81,874.53,56.6,2023-03-01,2026-12-31,2029-12-31,2026-06-01,0,0.0,0
PAIM-705510,Bhadrak-Nergundi Third Line (East Coast Railway [ECoR] - II) (705510),Infrastructure & Highways,Ministry of Railways,705510,Odisha,4386.51,4386.51,3702.9,84.4,2024-03-01,2026-12-31,2028-12-31,2026-06-01,6,0.0,0
PAIM-705513,Koraput - Singapur Railway Doubling (East Coast Railway [ECoR] - II) (705513),Infrastructure & Highways,Ministry of Railways,705513,Odisha,1740.19,1740.19,657.34,37.8,2023-03-01,2026-12-31,2028-12-31,2026-06-01,36,0.0,0
PAIM-705514,Jarapada- Budhapank with flyover at Talcher road 3rd and 4th Line (East Coast Railway [ECoR] - II) (705514),Infrastructure & Highways,Ministry of Railways,705514,Odisha,884.7,884.7,159.2,18.0,2021-03-01,2027-12-31,2028-12-31,2026-06-01,24,0.0,0
PAIM-705515,3rd & 4th Railway Line Project from Salegaon to Budhapank via Rajathgarh. (East Coast Railway [ECoR] - II) (705515),Infrastructure & Highways,Ministry of Railways,705515,Odisha,1278.95,1278.95,820.95,64.2,2024-03-01,2028-12-31,2027-12-31,2026-06-01,24,0.0,0
PAIM-705741,Jeypore-Navarangpur New  Rail Line Project (East Coast Railway [ECoR] - II) (705741),Infrastructure & Highways,Ministry of Railways,705741,Odisha,3592.13,3592.13,1562.72,43.5,2022-03-01,2027-12-31,2028-12-31,2026-06-01,18,0.0,0
PAIM-706898,Khurda Road - Balangir Electrification of Railway Track Project (Ministry of Railways) (706898),Infrastructure & Highways,Ministry of Railways,706898,Odisha,3578.3,3578.3,2592.12,72.4,2021-03-01,2026-12-31,2028-12-31,2026-06-01,18,0.0,0
PAIM-709811,GANDHAMARDAN IRON ORE MINES TO GOALDIH STATION/12.76kms (East Coast Railway [ECoR] - II) (709811),Infrastructure & Highways,Ministry of Railways,709811,Odisha,590.71,590.71,414.58,70.2,2021-03-01,2027-12-31,2028-12-31,2026-06-01,0,0.0,0
PAIM-705362,"Jaynagar-Bijalpura, incl. extn. Bet, Bijalpura-Bardibas [Nepal] (East Central Railway [ECR] - I) (705362)",Infrastructure & Highways,Ministry of Railways,705362,Odisha,3164.28,3164.28,2189.6,69.2,2023-03-01,2026-12-31,2027-12-31,2026-06-01,12,0.0,0
PAIM-705298,North Region Video Surveillance Project (RCIL) (705298),Infrastructure & Highways,Ministry of Railways,705298,Punjab,2513.56,2513.56,308.41,12.3,2021-03-01,2028-12-31,2029-12-31,2026-06-01,36,0.0,0
PAIM-607653,Ludhiana Mullanpur 21Km Doubling Railway project (CAO/C/NR) (607653),Infrastructure & Highways,Ministry of Railways,607653,Punjab,1583.3,1583.3,850.4,53.7,2022-03-01,2028-12-31,2029-12-31,2026-06-01,24,0.0,0
PAIM-705783,Ludhiana- Killa Raipur Railway  Doubling Project (Railway) (705783),Infrastructure & Highways,Ministry of Railways,705783,Punjab,4392.15,4392.15,2608.05,59.4,2022-03-01,2026-12-31,2029-12-31,2026-06-01,12,0.0,0
PAIM-611855,Gauge Conversion [152 Km] (North Western Railway [NWR]) (611855),Infrastructure & Highways,Ministry of Railways,611855,Rajasthan,3533.61,3533.61,1917.99,54.3,2022-03-01,2027-12-31,2029-12-31,2026-06-01,12,0.0,0
PAIM-611929,under WTA 527 (WPO/Patna) (611929),Infrastructure & Highways,Ministry of Railways,611929,Rajasthan,1368.27,1368.27,654.29,47.8,2023-03-01,2028-12-31,2027-12-31,2026-06-01,0,0.0,0
PAIM-616841,PUSHKAR- MERTA CITY NEW LINE (North Western Railway [NWR]) (616841),Infrastructure & Highways,Ministry of Railways,616841,Rajasthan,4428.34,4428.34,3384.96,76.4,2024-03-01,2028-12-31,2027-12-31,2026-06-01,6,0.0,0
PAIM-616843,AJMER- CHANDERIYA DOUBLING (North Western Railway [NWR]) (616843),Infrastructure & Highways,Ministry of Railways,616843,Rajasthan,3358.64,3358.64,2633.54,78.4,2021-03-01,2026-12-31,2027-12-31,2026-06-01,6,0.0,0
PAIM-617403,SADULPUR - CHURU  DOUBLING PROJECT (North Western Railway [NWR]) (617403),Infrastructure & Highways,Ministry of Railways,617403,Rajasthan,1849.57,1849.57,1375.61,74.4,2023-03-01,2026-12-31,2028-12-31,2026-06-01,18,0.0,0
PAIM-617404,POKHRAN - RAMDEVRA New Line (North Western Railway [NWR]) (617404),Infrastructure & Highways,Ministry of Railways,617404,Rajasthan,4167.61,4167.61,3315.7,79.6,2024-03-01,2027-12-31,2027-12-31,2026-06-01,24,0.0,0
PAIM-617408,NATHDWARA- NATHDWARA TOWN NL (North Western Railway [NWR]) (617408),Infrastructure & Highways,Ministry of Railways,617408,Rajasthan,3137.95,3137.95,482.27,15.4,2023-03-01,2026-12-31,2029-12-31,2026-06-01,12,0.0,0
PAIM-705482,Dholpur - Sirmuttra Gauge Conversion (North Central Railway) (705482),Infrastructure & Highways,Ministry of Railways,705482,Rajasthan,3353.16,3353.16,1208.95,36.1,2021-03-01,2026-12-31,2028-12-31,2026-06-01,36,0.0,0
PAIM-705752,Gudha-Thatha Mithri Construction of Railway Track Project (North Western Railway [NWR]) (705752),Infrastructure & Highways,Ministry of Railways,705752,Rajasthan,4052.44,4052.44,3386.6,83.6,2023-03-01,2028-12-31,2029-12-31,2026-06-01,0,0.0,0
PAIM-705912,Sawai Madhopur-Jaipur Railway Line Project (North Western Railway [NWR]) (705912),Infrastructure & Highways,Ministry of Railways,705912,Rajasthan,569.41,569.41,302.16,53.1,2024-03-01,2026-12-31,2027-12-31,2026-06-01,24,0.0,0
PAIM-705919,Agra Fort-Bandikui Doubling Line Project (CAO/C/NCR) (705919),Infrastructure & Highways,Ministry of Railways,705919,Rajasthan,544.49,544.49,406.4,74.6,2021-03-01,2028-12-31,2027-12-31,2026-06-01,0,0.0,0
PAIM-706836,Dedicated Test Track for RDSO /Phase-II Project (North Western Railway [NWR]) (706836),Infrastructure & Highways,Ministry of Railways,706836,Rajasthan,3383.62,3383.62,531.37,15.7,2024-03-01,2028-12-31,2028-12-31,2026-06-01,24,0.0,0
PAIM-706866,Sawaimadhopur Bye Pass Line Project (North Western Railway [NWR]) (706866),Infrastructure & Highways,Ministry of Railways,706866,Rajasthan,301.55,301.55,169.73,56.3,2023-03-01,2026-12-31,2027-12-31,2026-06-01,18,0.0,0
PAIM-400280,Phase II extension of MRTS from Velachery to St Thomas Mount (Ministry of Railways) (400280),Infrastructure & Highways,Ministry of Railways,400280,Tamil Nadu,2025.1,2025.1,227.85,11.3,2024-03-01,2026-12-31,2028-12-31,2026-06-01,6,0.0,0
PAIM-613002,Redevelopment of Chennai Egmore Station (Ministry of Railways) (613002),Infrastructure & Highways,Ministry of Railways,613002,Tamil Nadu,729.1,729.1,375.77,51.5,2021-03-01,2026-12-31,2027-12-31,2026-06-01,24,0.0,0
PAIM-705244,Coach Production Factory Upgradation Project (CPM/ICF) (705244),Infrastructure & Highways,Ministry of Railways,705244,Tamil Nadu,2595.84,2595.84,2011.44,77.5,2021-03-01,2028-12-31,2027-12-31,2026-06-01,36,0.0,0
PAIM-616856,Doubling between Bhadrachalam Road and Dornakal (South Central Railway [SCR] - II) (616856),Infrastructure & Highways,Ministry of Railways,616856,Tamil Nadu,3152.17,3152.17,822.16,26.1,2022-03-01,2026-12-31,2027-12-31,2026-06-01,36,0.0,0
PAIM-617409,Railway Manufacturing Unit (RVNL - II) (617409),Infrastructure & Highways,Ministry of Railways,617409,Telangana,2178.04,2178.04,1816.18,83.4,2023-03-01,2028-12-31,2029-12-31,2026-06-01,0,0.0,0
PAIM-705252,Kazipet Wagon Overhauling Project (RVNL) (705252),Infrastructure & Highways,Ministry of Railways,705252,Telangana,3850.2,3850.2,2308.46,60.0,2023-03-01,2028-12-31,2029-12-31,2026-06-01,12,0.0,0
PAIM-705437,Manoharabad-Kothapalli New Rail Line [151 km] (South Central Railway [SCR] - II) (705437),Infrastructure & Highways,Ministry of Railways,705437,Telangana,2232.03,2232.03,1560.74,69.9,2022-03-01,2027-12-31,2029-12-31,2026-06-01,18,0.0,0
PAIM-400204,Bahraich-Shravasti-Balrampur-Siddharthnagar -Santkabir nagar (North Eastern Railway [NER]) (400204),Infrastructure & Highways,Ministry of Railways,400204,Uttar Pradesh,3097.51,3097.51,1054.45,34.0,2024-03-01,2027-12-31,2029-12-31,2026-06-01,0,0.0,0
PAIM-400205,Sahjanwa-Dohrighat (North Eastern Railway [NER]) (400205),Infrastructure & Highways,Ministry of Railways,400205,Uttar Pradesh,3406.37,3406.37,819.54,24.1,2024-03-01,2026-12-31,2029-12-31,2026-06-01,12,0.0,0
PAIM-617213,Rail-cum-Road Bridge across Ganga River. (Northern Railways) (617213),Infrastructure & Highways,Ministry of Railways,617213,Uttar Pradesh,3689.63,3689.63,2729.27,74.0,2024-03-01,2028-12-31,2027-12-31,2026-06-01,18,0.0,0
PAIM-617252,Anandnagar - Ghugli via Maharajganj New line 52.7 km (Construction NER) (617252),Infrastructure & Highways,Ministry of Railways,617252,Uttar Pradesh,741.62,741.62,266.76,36.0,2023-03-01,2026-12-31,2028-12-31,2026-06-01,12,0.0,0
PAIM-617284,Chunar-Chopan doubling project (North Central Railway) (617284),Infrastructure & Highways,Ministry of Railways,617284,Uttar Pradesh,1190.58,1190.58,723.56,60.8,2024-03-01,2028-12-31,2027-12-31,2026-06-01,12,0.0,0
PAIM-617333,Surface triangle line bet. Bhadura stn and new crossing stn Karma (East Central Railway [ECR] - I) (617333),Infrastructure & Highways,Ministry of Railways,617333,Uttar Pradesh,3433.17,3433.17,1151.55,33.5,2021-03-01,2026-12-31,2029-12-31,2026-06-01,36,0.0,0
PAIM-617370,Doubling between Jaunpur Jn - Zaffarabad 6.28 km (M/S SRC company Infra Private Limited) (617370),Infrastructure & Highways,Ministry of Railways,617370,Uttar Pradesh,2590.08,2590.08,456.63,17.6,2021-03-01,2026-12-31,2028-12-31,2026-06-01,36,0.0,0
PAIM-705567,Burhwal Gonda 3rd line (North Eastern Railway [NER]) (705567),Infrastructure & Highways,Ministry of Railways,705567,Uttar Pradesh,3467.22,3467.22,2130.98,61.5,2022-03-01,2028-12-31,2029-12-31,2026-06-01,6,0.0,0
PAIM-705588,Janghai-Pratapgarh- Amethi (CAO/C/II/NR) (705588),Infrastructure & Highways,Ministry of Railways,705588,Uttar Pradesh,3017.83,3017.83,749.26,24.8,2021-03-01,2027-12-31,2027-12-31,2026-06-01,12,0.0,0
PAIM-705766,Lalitpur-Birari with flyover at Lalitpur- 16 Km (North Central Railway) (705766),Infrastructure & Highways,Ministry of Railways,705766,Uttar Pradesh,4173.84,4173.84,2736.98,65.6,2023-03-01,2026-12-31,2028-12-31,2026-06-01,12,0.0,0
PAIM-705771,Allahabad-Bamhrauli Flyover Construction & 4th Railway Line Project (North Central Railway) (705771),Infrastructure & Highways,Ministry of Railways,705771,Uttar Pradesh,1464.91,1464.91,412.73,28.2,2021-03-01,2028-12-31,2027-12-31,2026-06-01,12,0.0,0
PAIM-705772,"Mughalsarai-Allahabad, 3rd line (North Central Railway) (705772)",Infrastructure & Highways,Ministry of Railways,705772,Uttar Pradesh,2613.49,2613.49,1089.92,41.7,2022-03-01,2027-12-31,2027-12-31,2026-06-01,0,0.0,0
PAIM-705774,Aligarh -Daud Khan Flyover Construction & 3rd Railway Line Project (CAO/C/NCR) (705774),Infrastructure & Highways,Ministry of Railways,705774,Uttar Pradesh,4459.35,4459.35,1788.89,40.1,2024-03-01,2026-12-31,2028-12-31,2026-06-01,0,0.0,0
PAIM-705777,Bhandai - Flyover for Etawah bound down train- 10 Km (North Central Railway [NCR] - II) (705777),Infrastructure & Highways,Ministry of Railways,705777,Uttar Pradesh,1132.21,1132.21,436.35,38.5,2022-03-01,2028-12-31,2029-12-31,2026-06-01,18,0.0,0
PAIM-705780,Bhatni-Aurnihar with electrification excluding Indara-Mau (RVNL - I) (705780),Infrastructure & Highways,Ministry of Railways,705780,Uttar Pradesh,3660.03,3660.03,2390.29,65.3,2023-03-01,2026-12-31,2029-12-31,2026-06-01,18,0.0,0
PAIM-705782,Barabanki-Malhaur 3rd & 4th Railway Line Project (Ministry of Railways) (705782),Infrastructure & Highways,Ministry of Railways,705782,Uttar Pradesh,4498.07,4498.07,1679.91,37.3,2021-03-01,2026-12-31,2027-12-31,2026-06-01,18,0.0,0
PAIM-705918,Allahabad division - Aligarh - Harduaganj Flyover (North Central Railway) (705918),Infrastructure & Highways,Ministry of Railways,705918,Uttar Pradesh,1961.72,1961.72,1491.68,76.0,2022-03-01,2026-12-31,2029-12-31,2026-06-01,6,0.0,0
PAIM-705429,Rishikesh-Karnaprayag New Rail Line- 125 km (RVNL - II) (705429),Infrastructure & Highways,Ministry of Railways,705429,Uttar Pradesh,4338.88,4338.88,2237.49,51.6,2021-03-01,2027-12-31,2029-12-31,2026-06-01,12,0.0,0
PAIM-400247,And Naihati-Ranaghat 3rd Line. (Eastern Railway [ER] - I) (400247),Infrastructure & Highways,Ministry of Railways,400247,West Bengal,842.7,842.7,476.82,56.6,2023-03-01,2026-12-31,2027-12-31,2026-06-01,12,0.0,0
PAIM-400273,Tarakeshwar-Bishnupur New Line [82.47 km] (Eastern Railway [ER] - I) (400273),Infrastructure & Highways,Ministry of Railways,400273,West Bengal,3371.33,3371.33,2805.72,83.2,2023-03-01,2027-12-31,2028-12-31,2026-06-01,24,0.0,0
PAIM-400277,Dum Dum Airport-New Garia via Rajarhat-Construction of Metro Railway (RVNL - II) (400277),Infrastructure & Highways,Ministry of Railways,400277,West Bengal,329.32,329.32,190.09,57.7,2021-03-01,2027-12-31,2027-12-31,2026-06-01,24,0.0,0
PAIM-612096,Construction of Balurghat-Hilli new BG Line (Northeast Frontier Railway [NFR]) (612096),Infrastructure & Highways,Ministry of Railways,612096,West Bengal,1330.42,1330.42,766.47,57.6,2024-03-01,2027-12-31,2029-12-31,2026-06-01,18,0.0,0
PAIM-617345,Car maintenance cum workshop depot. (South Eastern Railway - JH) (617345),Infrastructure & Highways,Ministry of Railways,617345,West Bengal,538.05,538.05,320.24,59.5,2022-03-01,2028-12-31,2029-12-31,2026-06-01,36,0.0,0
PAIM-705730,Joka-BBD Bag new metro project (RVNL - II) (705730),Infrastructure & Highways,Ministry of Railways,705730,West Bengal,714.92,714.92,228.49,32.0,2023-03-01,2027-12-31,2029-12-31,2026-06-01,0,0.0,0
PAIM-706776,"Noapara-Barasat via Bimanbandar - Construction of Metro railway [18 km] (Metro Railway, Kolkata) (706776)",Infrastructure & Highways,Ministry of Road Transport & Highways,706776,West Bengal,3279.86,3279.86,1746.12,53.2,2023-03-01,2028-12-31,2027-12-31,2026-06-01,6,0.0,0
PAIM-706777,Baranagar-Barrackpore and Dakshineshwar- Construction of Metro Railway (RVNL - II) (706777),Infrastructure & Highways,Ministry of Road Transport & Highways,706777,West Bengal,2537.04,2537.04,256.75,10.1,2021-03-01,2028-12-31,2028-12-31,2026-06-01,24,0.0,0
PAIM-619184,IIIA (NHIDCL) (619184),Infrastructure & Highways,Ministry of Road Transport & Highways,619184,Multi-State,2187.37,2187.37,1022.92,46.8,2023-03-01,2027-12-31,2027-12-31,2026-06-01,36,0.0,0
PAIM-619185,Package-III.B Balance work (NHIDCL) (619185),Infrastructure & Highways,Ministry of Road Transport & Highways,619185,Multi-State,3385.55,3385.55,1902.58,56.2,2022-03-01,2027-12-31,2028-12-31,2026-06-01,18,0.0,0
PAIM-619186,the Union Territory of Andaman & Nicobar Islands on EPC basis (NHIDCL) (619186),Infrastructure & Highways,Ministry of Road Transport & Highways,619186,Multi-State,3352.13,3352.13,1538.59,45.9,2024-03-01,2028-12-31,2029-12-31,2026-06-01,24,0.0,0
PAIM-617949,of AP state under NHO on EPC Mode under Annual Plan 2022-23 (MoRTH) (617949),Infrastructure & Highways,Ministry of Road Transport & Highways,617949,Andhra Pradesh,2256.13,2256.13,535.54,23.7,2023-03-01,2026-12-31,2029-12-31,2026-06-01,6,0.0,0
PAIM-617984,"Gudivada Town 2 RoB, and Road improvement NH-165 (MoRTH) (617984)",Infrastructure & Highways,Ministry of Road Transport & Highways,617984,Andhra Pradesh,1535.22,1535.22,1190.98,77.6,2023-03-01,2027-12-31,2029-12-31,2026-06-01,6,0.0,0
PAIM-617985,Akiveedu (MoRTH) (617985),Infrastructure & Highways,Ministry of Road Transport & Highways,617985,Andhra Pradesh,3264.53,3264.53,815.4,25.0,2023-03-01,2028-12-31,2028-12-31,2026-06-01,18,0.0,0
PAIM-617986,248010 to km 269900 to 2 (MoRTH) (617986),Infrastructure & Highways,Ministry of Road Transport & Highways,617986,Andhra Pradesh,3330.93,3330.93,891.72,26.8,2022-03-01,2028-12-31,2029-12-31,2026-06-01,12,0.0,0
PAIM-617987,250/000Design Ch.186000 to 248010 to 2LPS (MoRTH) (617987),Infrastructure & Highways,Ministry of Road Transport & Highways,617987,Andhra Pradesh,3223.33,3223.33,505.44,15.7,2022-03-01,2027-12-31,2028-12-31,2026-06-01,0,0.0,0
PAIM-617988,section   including Nandyal Bypass      from Km 143/6 to 185/9       NH-167K (MoRTH) (617988),Infrastructure & Highways,Ministry of Road Transport & Highways,617988,Andhra Pradesh,685.79,685.79,265.55,38.7,2021-03-01,2028-12-31,2029-12-31,2026-06-01,0,0.0,0
PAIM-617991,"State of Andhra Pradesh under Corridor Approach through Engineering, Procurement (MoRTH) (617991)",Infrastructure & Highways,Ministry of Road Transport & Highways,617991,Andhra Pradesh,2829.32,2829.32,476.08,16.8,2021-03-01,2028-12-31,2027-12-31,2026-06-01,6,0.0,0
PAIM-618013,4-laning of  Puttaparthi-Koduru Section of NH-342 (MoRTH) (618013),Infrastructure & Highways,Ministry of Road Transport & Highways,618013,Andhra Pradesh,761.75,761.75,600.91,78.9,2021-03-01,2026-12-31,2027-12-31,2026-06-01,18,0.0,0
PAIM-618037,section of NH-440 in the State of Andhra Pradesh on EPC mode. (MoRTH) (618037),Infrastructure & Highways,Ministry of Road Transport & Highways,618037,Andhra Pradesh,991.2,991.2,597.73,60.3,2024-03-01,2027-12-31,2027-12-31,2026-06-01,36,0.0,0
PAIM-618052,Andhra Pradesh (MoRTH) (618052),Infrastructure & Highways,Ministry of Road Transport & Highways,618052,Andhra Pradesh,1029.23,1029.23,261.35,25.4,2023-03-01,2028-12-31,2027-12-31,2026-06-01,12,0.0,0
PAIM-618053,Km    in the State of Andhra Pradesh on EPC mode Job no. 741 (MoRTH) (618053),Infrastructure & Highways,Ministry of Road Transport & Highways,618053,Andhra Pradesh,2801.11,2801.11,1704.39,60.8,2022-03-01,2027-12-31,2028-12-31,2026-06-01,24,0.0,0
PAIM-618101,to 4LPS (MoRTH) (618101),Infrastructure & Highways,Ministry of Road Transport & Highways,618101,Andhra Pradesh,677.53,677.53,388.34,57.3,2022-03-01,2026-12-31,2027-12-31,2026-06-01,6,0.0,0
PAIM-618103,Shoulder in (MoRTH) (618103),Infrastructure & Highways,Ministry of Road Transport & Highways,618103,Andhra Pradesh,2885.58,2885.58,1045.47,36.2,2021-03-01,2026-12-31,2028-12-31,2026-06-01,12,0.0,0
PAIM-618125,paved Shoulders in the State of Andhra Pradesh under NHO on EPC Mode (MoRTH) (618125),Infrastructure & Highways,Ministry of Road Transport & Highways,618125,Odisha,2636.26,2636.26,893.78,33.9,2022-03-01,2028-12-31,2029-12-31,2026-06-01,6,0.0,0
PAIM-618193,Under Annual Plan 2023-24 through EPC Mode (MoRTH) (618193),Infrastructure & Highways,Ministry of Road Transport & Highways,618193,Andhra Pradesh,1294.01,1294.01,340.54,26.3,2023-03-01,2026-12-31,2029-12-31,2026-06-01,18,0.0,0
PAIM-618194,to 102/20 of Kalyandrg - Molakalmuru Section (MoRTH) (618194),Infrastructure & Highways,Ministry of Road Transport & Highways,618194,Andhra Pradesh,1875.49,1875.49,1514.79,80.8,2024-03-01,2027-12-31,2029-12-31,2026-06-01,18,0.0,0
PAIM-618236,AP-NH (MoRTH) (618236),Infrastructure & Highways,Ministry of Road Transport & Highways,618236,Andhra Pradesh,1440.04,1440.04,1022.52,71.0,2021-03-01,2028-12-31,2027-12-31,2026-06-01,0,0.0,0
PAIM-618238,the state of Andhra Pradesh under NHDP-IV (MoRTH) (618238),Infrastructure & Highways,Ministry of Road Transport & Highways,618238,Andhra Pradesh,4061.11,4061.11,732.24,18.0,2024-03-01,2028-12-31,2027-12-31,2026-06-01,36,0.0,0
PAIM-618239,EPC    mode. (MoRTH) (618239),Infrastructure & Highways,Ministry of Road Transport & Highways,618239,Andhra Pradesh,3436.48,3436.48,1076.66,31.3,2021-03-01,2026-12-31,2028-12-31,2026-06-01,12,0.0,0
PAIM-618254,on NH-516E (MoRTH) (618254),Infrastructure & Highways,Ministry of Road Transport & Highways,618254,Andhra Pradesh,3003.39,3003.39,1704.98,56.8,2021-03-01,2027-12-31,2027-12-31,2026-06-01,0,0.0,0
PAIM-618255,Two laning with paved shoulders of Lambasingi to Paderusection  of NH 516E (MoRTH) (618255),Infrastructure & Highways,Ministry of Road Transport & Highways,618255,Andhra Pradesh,2804.89,2804.89,1068.71,38.1,2024-03-01,2026-12-31,2028-12-31,2026-06-01,0,0.0,0
PAIM-618256,with the loan assistance of World Bank on EPC mode (MoRTH) (618256),Infrastructure & Highways,Ministry of Road Transport & Highways,618256,Andhra Pradesh,3655.44,3655.44,2923.59,80.0,2023-03-01,2028-12-31,2028-12-31,2026-06-01,6,0.0,0
PAIM-618257,with the loan assistance of World Bank on EPC mode (MoRTH) (618257),Infrastructure & Highways,Ministry of Road Transport & Highways,618257,Andhra Pradesh,2348.24,2348.24,315.35,13.4,2023-03-01,2028-12-31,2028-12-31,2026-06-01,0,0.0,0
PAIM-618412,PMDP (NHIDCL) (618412),Infrastructure & Highways,Ministry of Road Transport & Highways,618412,Andhra Pradesh,2768.59,2768.59,1965.56,71.0,2023-03-01,2026-12-31,2027-12-31,2026-06-01,24,0.0,0
PAIM-618475,Baireddypalle to Bangarupalem section (NHAI) (618475),Infrastructure & Highways,Ministry of Road Transport & Highways,618475,Andhra Pradesh,1445.59,1445.59,166.0,11.5,2023-03-01,2027-12-31,2029-12-31,2026-06-01,24,0.0,0
PAIM-618476,Bangarupalem to Gudipala section (NHAI) (618476),Infrastructure & Highways,Ministry of Road Transport & Highways,618476,Andhra Pradesh,1611.02,1611.02,535.65,33.2,2021-03-01,2027-12-31,2027-12-31,2026-06-01,36,0.0,0
PAIM-618524,Andhra Pradesh on EPC Mode under NHO. (NHAI) (618524),Infrastructure & Highways,Ministry of Road Transport & Highways,618524,Andhra Pradesh,4373.11,4373.11,3282.0,75.0,2021-03-01,2027-12-31,2027-12-31,2026-06-01,0,0.0,0
PAIM-618525,on EPC mode under NHO (NHAI) (618525),Infrastructure & Highways,Ministry of Road Transport & Highways,618525,Andhra Pradesh,1814.18,1814.18,1151.24,63.5,2024-03-01,2028-12-31,2029-12-31,2026-06-01,0,0.0,0
PAIM-618526,New NH-16 (NHAI) (618526),Infrastructure & Highways,Ministry of Road Transport & Highways,618526,Andhra Pradesh,2001.39,2001.39,1676.46,83.8,2023-03-01,2026-12-31,2028-12-31,2026-06-01,0,0.0,0
PAIM-618579,NH-16 (NHAI) (618579),Infrastructure & Highways,Ministry of Road Transport & Highways,618579,Andhra Pradesh,1690.38,1690.38,231.94,13.7,2023-03-01,2028-12-31,2027-12-31,2026-06-01,12,0.0,0
PAIM-618629,Nandigama Bypass and Kanchikacherla bypass (NHAI) (618629),Infrastructure & Highways,Ministry of Road Transport & Highways,618629,Andhra Pradesh,4404.34,4404.34,3197.4,72.6,2021-03-01,2028-12-31,2027-12-31,2026-06-01,12,0.0,0
PAIM-618633,section (NHAI) (618633),Infrastructure & Highways,Ministry of Road Transport & Highways,618633,Andhra Pradesh,3257.18,3257.18,875.74,26.9,2024-03-01,2026-12-31,2028-12-31,2026-06-01,36,0.0,0
PAIM-618682,Pkg-3 (NHAI) (618682),Infrastructure & Highways,Ministry of Road Transport & Highways,618682,Andhra Pradesh,1514.66,1514.66,967.66,63.9,2023-03-01,2027-12-31,2029-12-31,2026-06-01,24,0.0,0
PAIM-618700,Renigunta - Poyya - Naidupeta km 124.60 to km 183.4 of NH 71 (NHAI) (618700),Infrastructure & Highways,Ministry of Road Transport & Highways,618700,Andhra Pradesh,1141.5,1141.5,184.93,16.2,2021-03-01,2027-12-31,2027-12-31,2026-06-01,18,0.0,0
PAIM-618712,24300 of [NH-544G]  Package-1 (NHAI) (618712),Infrastructure & Highways,Ministry of Road Transport & Highways,618712,Andhra Pradesh,4304.76,4304.76,2102.04,48.8,2023-03-01,2026-12-31,2027-12-31,2026-06-01,24,0.0,0
PAIM-618713,Audireddipalle Ch. 160000 of [NH  544G]  Package-6 (NHAI) (618713),Infrastructure & Highways,Ministry of Road Transport & Highways,618713,Andhra Pradesh,2764.48,2764.48,1709.68,61.8,2024-03-01,2026-12-31,2028-12-31,2026-06-01,24,0.0,0
PAIM-618714,Yerragudipadu Ch. 129000 of [NH-544G]  Package-5 (NHAI) (618714),Infrastructure & Highways,Ministry of Road Transport & Highways,618714,Andhra Pradesh,1332.68,1332.68,370.83,27.8,2023-03-01,2027-12-31,2028-12-31,2026-06-01,36,0.0,0
PAIM-618715,palli Ch. 96300 of [NH-544G]Package-4 (NHAI) (618715),Infrastructure & Highways,Ministry of Road Transport & Highways,618715,Andhra Pradesh,1930.98,1930.98,1062.09,55.0,2022-03-01,2027-12-31,2029-12-31,2026-06-01,6,0.0,0
PAIM-618716,Ch. 72000 of [NH-544G]Package-3 (NHAI) (618716),Infrastructure & Highways,Ministry of Road Transport & Highways,618716,Andhra Pradesh,3383.07,3383.07,1796.48,53.1,2023-03-01,2028-12-31,2029-12-31,2026-06-01,0,0.0,0
PAIM-618717,Ch. 45700 of [NH-544G]  Package-2 (NHAI) (618717),Infrastructure & Highways,Ministry of Road Transport & Highways,618717,Andhra Pradesh,1233.42,1233.42,372.85,30.2,2023-03-01,2027-12-31,2028-12-31,2026-06-01,24,0.0,0
PAIM-618718,Narayanmpet Ch. 203500Package-09 (NHAI) (618718),Infrastructure & Highways,Ministry of Road Transport & Highways,618718,Andhra Pradesh,1743.4,1743.4,1298.02,74.5,2024-03-01,2026-12-31,2027-12-31,2026-06-01,0,0.0,0
PAIM-618719,Kavulakuntla Ch. 196000 Package-08 (NHAI) (618719),Infrastructure & Highways,Ministry of Road Transport & Highways,618719,Andhra Pradesh,755.0,755.0,544.84,72.2,2023-03-01,2028-12-31,2028-12-31,2026-06-01,36,0.0,0
PAIM-618720,Mallapalle Ch. 176000Package-07 (NHAI) (618720),Infrastructure & Highways,Ministry of Road Transport & Highways,618720,Andhra Pradesh,1577.14,1577.14,786.09,49.8,2021-03-01,2028-12-31,2028-12-31,2026-06-01,12,0.0,0
PAIM-618721,Polavaram Ch. 260000of [NH-544G] Package-11 (NHAI) (618721),Infrastructure & Highways,Ministry of Road Transport & Highways,618721,Andhra Pradesh,3530.24,3530.24,2395.28,67.9,2021-03-01,2028-12-31,2028-12-31,2026-06-01,36,0.0,0
PAIM-618749,village to Devarapalle village Design Chainage 132664 to 162126 (NHAI) (618749),Infrastructure & Highways,Ministry of Road Transport & Highways,618749,Andhra Pradesh,1103.45,1103.45,179.12,16.2,2023-03-01,2028-12-31,2029-12-31,2026-06-01,0,0.0,0
PAIM-618759,4L PS Mydukur - Badvel from Km 585.820 to Km 630.960 of NH-67 (NHAI) (618759),Infrastructure & Highways,Ministry of Road Transport & Highways,618759,Andhra Pradesh,3260.88,3260.88,1951.14,59.8,2021-03-01,2028-12-31,2029-12-31,2026-06-01,36,0.0,0
PAIM-618777,95.717 of NH-71Package-II (NHAI) (618777),Infrastructure & Highways,Ministry of Road Transport & Highways,618777,Andhra Pradesh,1993.55,1993.55,1478.96,74.2,2023-03-01,2028-12-31,2027-12-31,2026-06-01,36,0.0,0
PAIM-618778,4L of Madanapalle to Pileru Section from Km 0.000 to Km 55.900 of NH-71Package-I (NHAI) (618778),Infrastructure & Highways,Ministry of Road Transport & Highways,618778,Andhra Pradesh,1031.53,1031.53,161.24,15.6,2024-03-01,2026-12-31,2027-12-31,2026-06-01,12,0.0,0
PAIM-618803,Kakinada Port Connectivity to NH-16 Rajanagaram Junction in East Godavari District (NHAI) (618803),Infrastructure & Highways,Ministry of Road Transport & Highways,618803,Andhra Pradesh,1385.59,1385.59,567.85,41.0,2024-03-01,2026-12-31,2029-12-31,2026-06-01,0,0.0,0
PAIM-618804,Dedicated Port road to Krishnapatnam Port Package-I from Km. 0.000 to Km. 18.000 (NHAI) (618804),Infrastructure & Highways,Ministry of Road Transport & Highways,618804,Andhra Pradesh,4405.57,4405.57,756.23,17.2,2024-03-01,2026-12-31,2027-12-31,2026-06-01,6,0.0,0
PAIM-618805,6L Connectivity to Port Road from Sabbavaram Sheelanagar-NH516C (NHAI) (618805),Infrastructure & Highways,Ministry of Road Transport & Highways,618805,Andhra Pradesh,380.46,380.46,122.06,32.1,2021-03-01,2028-12-31,2028-12-31,2026-06-01,18,0.0,0
PAIM-618806,connectivity road from Convent junction to Sheelanagar Junction (NHAI) (618806),Infrastructure & Highways,Ministry of Road Transport & Highways,618806,Andhra Pradesh,3019.58,3019.58,842.77,27.9,2024-03-01,2028-12-31,2027-12-31,2026-06-01,18,0.0,0
PAIM-618807,"Part I & 6L  extension of dedicated port road of NH-67 Km 18.0 to Km 19.3, Part II (NHAI) (618807)",Infrastructure & Highways,Ministry of Road Transport & Highways,618807,Andhra Pradesh,1628.05,1628.05,669.39,41.1,2022-03-01,2026-12-31,2027-12-31,2026-06-01,0,0.0,0
PAIM-618826,Pkg-1 (NHAI) (618826),Infrastructure & Highways,Ministry of Road Transport & Highways,618826,Andhra Pradesh,2215.73,2215.73,1670.36,75.4,2024-03-01,2028-12-31,2028-12-31,2026-06-01,6,0.0,0
PAIM-618827,Pkg-2 (NHAI) (618827),Infrastructure & Highways,Ministry of Road Transport & Highways,618827,Andhra Pradesh,2913.33,2913.33,1406.7,48.3,2023-03-01,2028-12-31,2028-12-31,2026-06-01,6,0.0,0
PAIM-618920,with Paved Shoulders from Mallavaram to Renigunta (NHAI) (618920),Infrastructure & Highways,Ministry of Road Transport & Highways,618920,Andhra Pradesh,3929.51,3929.51,2340.53,59.6,2021-03-01,2027-12-31,2029-12-31,2026-06-01,18,0.0,0
PAIM-619076,Gundugolanu Section from km. 0.00 to km. 30.00 Pkg-III (NHAI) (619076),Infrastructure & Highways,Ministry of Road Transport & Highways,619076,Andhra Pradesh,1163.12,1163.12,972.34,83.6,2021-03-01,2026-12-31,2028-12-31,2026-06-01,6,0.0,0
PAIM-619102,Renigunta section (NHAI) (619102),Infrastructure & Highways,Ministry of Road Transport & Highways,619102,Andhra Pradesh,1624.64,1624.64,1295.98,79.8,2024-03-01,2027-12-31,2029-12-31,2026-06-01,18,0.0,0
PAIM-619111,2 (NHAI) (619111),Infrastructure & Highways,Ministry of Road Transport & Highways,619111,Andhra Pradesh,2395.93,2395.93,625.06,26.1,2024-03-01,2026-12-31,2029-12-31,2026-06-01,36,0.0,0
PAIM-619112,464.662 Pkg-4 (NHAI) (619112),Infrastructure & Highways,Ministry of Road Transport & Highways,619112,Andhra Pradesh,4119.7,4119.7,1334.23,32.4,2021-03-01,2028-12-31,2028-12-31,2026-06-01,24,0.0,0
PAIM-619123,Chandrasekharpuram Ch. 228000Package-10 (NHAI) (619123),Infrastructure & Highways,Ministry of Road Transport & Highways,619123,Andhra Pradesh,4415.56,4415.56,3202.93,72.5,2024-03-01,2027-12-31,2027-12-31,2026-06-01,24,0.0,0
PAIM-619124,Ch. 285500 of [NH-544G]Package-12 (NHAI) (619124),Infrastructure & Highways,Ministry of Road Transport & Highways,619124,Andhra Pradesh,559.25,559.25,148.27,26.5,2024-03-01,2028-12-31,2029-12-31,2026-06-01,18,0.0,0
PAIM-619125,Muppavaram Ch.343240 of [NH-544G] Package-14 (NHAI) (619125),Infrastructure & Highways,Ministry of Road Transport & Highways,619125,Andhra Pradesh,2506.37,2506.37,309.51,12.3,2024-03-01,2026-12-31,2027-12-31,2026-06-01,12,0.0,0
PAIM-619126,Somavarappadu Ch. 314600 of [NH-544G] Package-13 (NHAI) (619126),Infrastructure & Highways,Ministry of Road Transport & Highways,619126,Andhra Pradesh,2227.49,2227.49,1076.34,48.3,2021-03-01,2026-12-31,2028-12-31,2026-06-01,0,0.0,0
PAIM-619140,6L of Naidupeta Junction - Turpukanupur Section from km 57.046 to km 91.927 (NHAI) (619140),Infrastructure & Highways,Ministry of Road Transport & Highways,619140,Andhra Pradesh,329.85,329.85,151.12,45.8,2024-03-01,2026-12-31,2029-12-31,2026-06-01,0,0.0,0
PAIM-619141,Pradesh on HAM Mode under Bharatmala Pariyojana Phase I (NHAI) (619141),Infrastructure & Highways,Ministry of Road Transport & Highways,619141,Andhra Pradesh,1793.21,1793.21,753.21,42.0,2023-03-01,2026-12-31,2028-12-31,2026-06-01,18,0.0,0
PAIM-619160,Balance works in AP Portion and punch list items in TN & AP portion of NH-205 (NHAI) (619160),Infrastructure & Highways,Ministry of Road Transport & Highways,619160,Andhra Pradesh,1441.7,1441.7,181.54,12.6,2023-03-01,2026-12-31,2028-12-31,2026-06-01,24,0.0,0
PAIM-617897,EPC mode connecting NH 19 to 85 origin (MoRTH) (617897),Infrastructure & Highways,Ministry of Road Transport & Highways,617897,Bihar,637.39,637.39,512.65,80.4,2023-03-01,2026-12-31,2027-12-31,2026-06-01,18,0.0,0
PAIM-617958,Widening & Strenthening from km132.895 to km 190.15 NH-80 (MoRTH) (617958),Infrastructure & Highways,Ministry of Road Transport & Highways,617958,Bihar,1409.42,1409.42,851.15,60.4,2024-03-01,2026-12-31,2029-12-31,2026-06-01,12,0.0,0
PAIM-617961,Gaya-Hisua-Rajgir-Nalanda-Biharsharif section km0.00 to 92.935 NH-82 (MoRTH) (617961),Infrastructure & Highways,Ministry of Road Transport & Highways,617961,Bihar,4183.25,4183.25,2437.43,58.3,2021-03-01,2027-12-31,2027-12-31,2026-06-01,12,0.0,0
PAIM-617966,NHIIP-BR-106-7 [NHIIP-BR-106-7] (MoRTH) (617966),Infrastructure & Highways,Ministry of Road Transport & Highways,617966,Bihar,1787.87,1787.87,901.94,50.4,2023-03-01,2026-12-31,2028-12-31,2026-06-01,24,0.0,0
PAIM-617969,Islampur IPR section in the state of Bihar on EPC mode. (MoRTH) (617969),Infrastructure & Highways,Ministry of Road Transport & Highways,617969,Bihar,353.91,353.91,217.55,61.5,2022-03-01,2028-12-31,2028-12-31,2026-06-01,24,0.0,0
PAIM-618004,16.150 Kmunder EPC mode in the state of Bihar (MoRTH) (618004),Infrastructure & Highways,Ministry of Road Transport & Highways,618004,Bihar,465.68,465.68,231.93,49.8,2024-03-01,2027-12-31,2029-12-31,2026-06-01,36,0.0,0
PAIM-618005,Sheohar-Sitamarhi Section km 40.000 to 79.400 km Lot-I (MoRTH) (618005),Infrastructure & Highways,Ministry of Road Transport & Highways,618005,Bihar,3102.31,3102.31,991.26,32.0,2023-03-01,2027-12-31,2027-12-31,2026-06-01,0,0.0,0
PAIM-618073,Km 29.730 of NH 122 B in the State of Bihar. (MoRTH) (618073),Infrastructure & Highways,Ministry of Road Transport & Highways,618073,Bihar,2186.12,2186.12,1007.28,46.1,2022-03-01,2027-12-31,2028-12-31,2026-06-01,12,0.0,0
PAIM-618074,under EPC mode (MoRTH) (618074),Infrastructure & Highways,Ministry of Road Transport & Highways,618074,Bihar,4286.18,4286.18,2710.72,63.2,2024-03-01,2028-12-31,2028-12-31,2026-06-01,36,0.0,0
PAIM-618080,under EPC mode in the state of Bihar (MoRTH) (618080),Infrastructure & Highways,Ministry of Road Transport & Highways,618080,Bihar,772.98,772.98,291.82,37.8,2023-03-01,2027-12-31,2029-12-31,2026-06-01,6,0.0,0
PAIM-618120,Package - 2 in the State of Bihar on EPC Mode. (MoRTH) (618120),Infrastructure & Highways,Ministry of Road Transport & Highways,618120,Bihar,872.37,872.37,393.37,45.1,2022-03-01,2026-12-31,2027-12-31,2026-06-01,18,0.0,0
PAIM-618121,state of Bihar under EPC mode (MoRTH) (618121),Infrastructure & Highways,Ministry of Road Transport & Highways,618121,Bihar,2267.91,2267.91,1254.79,55.3,2024-03-01,2027-12-31,2028-12-31,2026-06-01,18,0.0,0
PAIM-618126,length-14.359 Km to two lane with paved shoulders standard in State of Bihar. (MoRTH) (618126),Infrastructure & Highways,Ministry of Road Transport & Highways,618126,Bihar,2633.44,2633.44,1763.13,67.0,2023-03-01,2028-12-31,2029-12-31,2026-06-01,12,0.0,0
PAIM-618146,from km 3.500 to 43.000 of NH 527 E on EPC mode in State of Bihar (MoRTH) (618146),Infrastructure & Highways,Ministry of Road Transport & Highways,618146,Bihar,1422.59,1422.59,518.14,36.4,2024-03-01,2027-12-31,2029-12-31,2026-06-01,6,0.0,0
PAIM-618228,0.00 to km 14.500 across river Ganga on NH-19 at Patna in the state of Bihar. (MoRTH) (618228),Infrastructure & Highways,Ministry of Road Transport & Highways,618228,Bihar,2636.75,2636.75,2019.78,76.6,2023-03-01,2027-12-31,2029-12-31,2026-06-01,24,0.0,0
PAIM-618234,EPC mode (MoRTH) (618234),Infrastructure & Highways,Ministry of Road Transport & Highways,618234,Bihar,2653.81,2653.81,977.4,36.8,2024-03-01,2028-12-31,2029-12-31,2026-06-01,18,0.0,0
PAIM-618246,Bihar (MoRTH) (618246),Infrastructure & Highways,Ministry of Road Transport & Highways,618246,Bihar,3673.55,3673.55,1598.44,43.5,2022-03-01,2027-12-31,2027-12-31,2026-06-01,0,0.0,0
PAIM-618250,Bihar (MoRTH) (618250),Infrastructure & Highways,Ministry of Road Transport & Highways,618250,Bihar,1582.44,1582.44,1260.42,79.7,2023-03-01,2028-12-31,2028-12-31,2026-06-01,6,0.0,0
PAIM-618251,Annuity Model HAM basis (MoRTH) (618251),Infrastructure & Highways,Ministry of Road Transport & Highways,618251,Bihar,3758.16,3758.16,3092.78,82.3,2023-03-01,2028-12-31,2029-12-31,2026-06-01,12,0.0,0
PAIM-618569,Balance work - WB-10 Gandak Bridge Km 402.00 to Km 440.00 Devanpur - Kotwa (NHAI) (618569),Infrastructure & Highways,Ministry of Road Transport & Highways,618569,Bihar,2503.38,2503.38,1169.59,46.7,2023-03-01,2026-12-31,2029-12-31,2026-06-01,12,0.0,0
PAIM-618571,km.520.000 Total length 80.00Km (NHAI) (618571),Infrastructure & Highways,Ministry of Road Transport & Highways,618571,Bihar,2927.43,2927.43,804.83,27.5,2021-03-01,2027-12-31,2027-12-31,2026-06-01,0,0.0,0
PAIM-618725,Anarbansalea village From KM. 116000 to KM. 151200 Package-6 (NHAI) (618725),Infrastructure & Highways,Ministry of Road Transport & Highways,618725,Bihar,4375.58,4375.58,3379.88,77.2,2022-03-01,2027-12-31,2029-12-31,2026-06-01,36,0.0,0
PAIM-618726,village from Km. 27.000 to Km. 54.000 Pkg-2 (NHAI) (618726),Infrastructure & Highways,Ministry of Road Transport & Highways,618726,Bihar,2081.18,2081.18,972.16,46.7,2022-03-01,2028-12-31,2027-12-31,2026-06-01,0,0.0,0
PAIM-618727,road in Bhairopur village to Konki village From KM. 54.000 to KM. 90.000Pkg-3 (NHAI) (618727),Infrastructure & Highways,Ministry of Road Transport & Highways,618727,Bihar,2198.3,2198.3,1132.86,51.5,2023-03-01,2027-12-31,2027-12-31,2026-06-01,12,0.0,0
PAIM-618738,131G starting from Km 8.480 near Sherpur to Km 23.000 near Dighwara (NHAI) (618738),Infrastructure & Highways,Ministry of Road Transport & Highways,618738,Bihar,2475.44,2475.44,1388.99,56.1,2023-03-01,2026-12-31,2028-12-31,2026-06-01,24,0.0,0
PAIM-618739,119 D Pkg-I (NHAI) (618739),Infrastructure & Highways,Ministry of Road Transport & Highways,618739,Bihar,215.56,215.56,102.94,47.8,2024-03-01,2026-12-31,2029-12-31,2026-06-01,6,0.0,0
PAIM-618740,109.300 of NH 119 D Pkg-II (NHAI) (618740),Infrastructure & Highways,Ministry of Road Transport & Highways,618740,Bihar,2098.35,2098.35,1616.98,77.1,2023-03-01,2026-12-31,2029-12-31,2026-06-01,18,0.0,0
PAIM-618741,4L  Greenfield Alignment from Kalyanapur to Tal Dashraha of NH-119D Pkg-III (NHAI) (618741),Infrastructure & Highways,Ministry of Road Transport & Highways,618741,Bihar,1416.3,1416.3,1113.43,78.6,2024-03-01,2028-12-31,2028-12-31,2026-06-01,12,0.0,0
PAIM-618742,"196700 to Km 198600, as part of the Amas-Darbhanga. (NHAI) (618742)",Infrastructure & Highways,Ministry of Road Transport & Highways,618742,Bihar,1867.77,1867.77,880.71,47.2,2022-03-01,2028-12-31,2029-12-31,2026-06-01,18,0.0,0
PAIM-618775,Ara Bypass (NHAI) (618775),Infrastructure & Highways,Ministry of Road Transport & Highways,618775,Bihar,893.19,893.19,218.34,24.4,2023-03-01,2027-12-31,2027-12-31,2026-06-01,18,0.0,0
PAIM-618790,under Bharatmalapariyona (NHAI) (618790),Infrastructure & Highways,Ministry of Road Transport & Highways,618790,Bihar,4156.51,4156.51,507.93,12.2,2022-03-01,2027-12-31,2027-12-31,2026-06-01,0,0.0,0
PAIM-618791,4L PS under NH configuration of Manikpur-Sahebganj of NH-139W (NHAI) (618791),Infrastructure & Highways,Ministry of Road Transport & Highways,618791,Bihar,3097.5,3097.5,1775.41,57.3,2024-03-01,2027-12-31,2029-12-31,2026-06-01,18,0.0,0
PAIM-618840,Simaria Km. 206.050 to Khagaria Km. 266.282 (NHAI) (618840),Infrastructure & Highways,Ministry of Road Transport & Highways,618840,Bihar,291.12,291.12,117.95,40.5,2024-03-01,2026-12-31,2027-12-31,2026-06-01,18,0.0,0
PAIM-618841,section  from Km. 221.047 to Km. 225.302 of NH-31 (NHAI) (618841),Infrastructure & Highways,Ministry of Road Transport & Highways,618841,Bihar,2428.11,2428.11,377.89,15.6,2024-03-01,2026-12-31,2028-12-31,2026-06-01,12,0.0,0
PAIM-618861,Bakhtiyarpur-Rajauli Pkg-II from km. 54.405 to km.101.630 (NHAI) (618861),Infrastructure & Highways,Ministry of Road Transport & Highways,618861,Bihar,1372.99,1372.99,816.68,59.5,2022-03-01,2028-12-31,2027-12-31,2026-06-01,36,0.0,0
PAIM-618862,Bakhtiyarpur-Rajauli Pkg-III from km. 101.630 to km.152.520 (NHAI) (618862),Infrastructure & Highways,Ministry of Road Transport & Highways,618862,Bihar,1680.45,1680.45,337.12,20.1,2021-03-01,2026-12-31,2028-12-31,2026-06-01,24,0.0,0
PAIM-618902,Maheshkunt-Saharsa-Purnea Pkg I km 0.00 to km. 90.00 of NH-107 (NHAI) (618902),Infrastructure & Highways,Ministry of Road Transport & Highways,618902,Bihar,3917.87,3917.87,768.82,19.6,2021-03-01,2028-12-31,2028-12-31,2026-06-01,12,0.0,0
PAIM-618903,Maheshkunt -Saharsa-Purnea Pkg II (NHAI) (618903),Infrastructure & Highways,Ministry of Road Transport & Highways,618903,Bihar,3674.35,3674.35,1230.57,33.5,2024-03-01,2027-12-31,2027-12-31,2026-06-01,36,0.0,0
PAIM-618904,Chhapra - Hajipur from km. 143.200 to km. 209.200 (NHAI) (618904),Infrastructure & Highways,Ministry of Road Transport & Highways,618904,Bihar,3286.66,3286.66,339.65,10.3,2021-03-01,2027-12-31,2028-12-31,2026-06-01,18,0.0,0
PAIM-618905,143.200 to Km. 159.255 Pkg-1 (NHAI) (618905),Infrastructure & Highways,Ministry of Road Transport & Highways,618905,Bihar,4004.54,4004.54,1728.79,43.2,2021-03-01,2028-12-31,2028-12-31,2026-06-01,18,0.0,0
PAIM-618914,section (NHAI) (618914),Infrastructure & Highways,Ministry of Road Transport & Highways,618914,Bihar,2457.91,2457.91,834.65,34.0,2021-03-01,2028-12-31,2027-12-31,2026-06-01,18,0.0,0
PAIM-618917,point of Patna-Gaya-Dobhi Section of NH-83 (NHAI) (618917),Infrastructure & Highways,Ministry of Road Transport & Highways,618917,Bihar,3270.03,3270.03,2723.14,83.3,2022-03-01,2028-12-31,2029-12-31,2026-06-01,0,0.0,0
PAIM-618926,NH-227A (NHAI) (618926),Infrastructure & Highways,Ministry of Road Transport & Highways,618926,Bihar,233.23,233.23,111.1,47.6,2022-03-01,2027-12-31,2029-12-31,2026-06-01,12,0.0,0
PAIM-618953,Umagaon-Saharsa Package-IV Koshi Bridge & approach Road - Bheja-Bakaur (NHAI) (618953),Infrastructure & Highways,Ministry of Road Transport & Highways,618953,Bihar,604.15,604.15,288.24,47.7,2022-03-01,2026-12-31,2029-12-31,2026-06-01,36,0.0,0
PAIM-618954,KM to 15.00KM of NH527ABideshwarsthan-Bheja0.000KM to 25.915KM of NH527A. (NHAI) (618954),Infrastructure & Highways,Ministry of Road Transport & Highways,618954,Bihar,621.64,621.64,524.58,84.4,2023-03-01,2028-12-31,2028-12-31,2026-06-01,18,0.0,0
PAIM-618955,2L PS of Majhauli to Charout section from km. 0.00 to km. 63.655 (NHAI) (618955),Infrastructure & Highways,Ministry of Road Transport & Highways,618955,Bihar,3924.72,3924.72,2969.97,75.7,2021-03-01,2027-12-31,2027-12-31,2026-06-01,6,0.0,0
PAIM-618956,Approaches from Design km.16.500 to km.21.500 (NHAI) (618956),Infrastructure & Highways,Ministry of Road Transport & Highways,618956,Bihar,1400.02,1400.02,1104.28,78.9,2021-03-01,2028-12-31,2027-12-31,2026-06-01,12,0.0,0
PAIM-619127,Nawda Section  of NH-119D (NHAI) (619127),Infrastructure & Highways,Ministry of Road Transport & Highways,619127,Bihar,3424.98,3424.98,2570.36,75.0,2024-03-01,2026-12-31,2027-12-31,2026-06-01,0,0.0,0
PAIM-619136,No 227F to 2 lane with paved shoulders from Design Ch.0.000 to Ch. 34.566 (NHAI) (619136),Infrastructure & Highways,Ministry of Road Transport & Highways,619136,Bihar,1617.68,1617.68,1075.42,66.5,2024-03-01,2028-12-31,2027-12-31,2026-06-01,18,0.0,0
PAIM-619152,Bakhtiyarpur Km 153.300 to Mokama Km 197.900 (NHAI) (619152),Infrastructure & Highways,Ministry of Road Transport & Highways,619152,Bihar,2148.75,2148.75,596.1,27.7,2023-03-01,2027-12-31,2027-12-31,2026-06-01,18,0.0,0
PAIM-619166,Umagaon-Saharsa Package-V Bakaur-Parsarma-Bangaon-Bariyahi & Spur to Mahishi (NHAI) (619166),Infrastructure & Highways,Ministry of Road Transport & Highways,619166,Bihar,2777.65,2777.65,1248.8,45.0,2022-03-01,2028-12-31,2028-12-31,2026-06-01,0,0.0,0
PAIM-619289,69520 to Km 95580 Pkg-1 (NHAI) (619289),Infrastructure & Highways,Ministry of Road Transport & Highways,619289,Bihar,1879.75,1879.75,1230.58,65.5,2021-03-01,2028-12-31,2028-12-31,2026-06-01,36,0.0,0
PAIM-619301,Munger Ghat  NH-333 B (NHAI) (619301),Infrastructure & Highways,Ministry of Road Transport & Highways,619301,Bihar,1317.89,1317.89,689.11,52.3,2023-03-01,2027-12-31,2027-12-31,2026-06-01,12,0.0,0
PAIM-619305,from Km 125000 to Km 157350 Pkg-3 (NHAI) (619305),Infrastructure & Highways,Ministry of Road Transport & Highways,619305,Bihar,1675.26,1675.26,612.44,36.6,2024-03-01,2028-12-31,2027-12-31,2026-06-01,12,0.0,0
PAIM-619306,4L of Munger  Mirzachauki section from Km 95580 to Km 125000 Pkg-2 (NHAI) (619306),Infrastructure & Highways,Ministry of Road Transport & Highways,619306,Bihar,1136.94,1136.94,437.8,38.5,2024-03-01,2028-12-31,2029-12-31,2026-06-01,6,0.0,0
PAIM-619317,E-W Corridor at Km. 515045 (NHAI) (619317),Infrastructure & Highways,Ministry of Road Transport & Highways,619317,Bihar,3486.93,3486.93,2358.75,67.6,2021-03-01,2026-12-31,2028-12-31,2026-06-01,18,0.0,0
PAIM-617908,Bemetara Bypass NH 30 (MoRTH) (617908),Infrastructure & Highways,Ministry of Road Transport & Highways,617908,Bihar,1693.52,1693.52,1339.1,79.1,2023-03-01,2026-12-31,2029-12-31,2026-06-01,18,0.0,0
PAIM-617919,2017-18-56 (MoRTH) (617919),Infrastructure & Highways,Ministry of Road Transport & Highways,617919,Multi-State,202.52,202.52,40.69,20.1,2024-03-01,2027-12-31,2027-12-31,2026-06-01,12,0.0,0
PAIM-617971,retained    on NH-130D under EPC mode in the State Chhattisgarh. (MoRTH) (617971),Infrastructure & Highways,Ministry of Road Transport & Highways,617971,Multi-State,1148.7,1148.7,509.28,44.3,2024-03-01,2028-12-31,2028-12-31,2026-06-01,36,0.0,0
PAIM-617972,NH-130D under EPC mode in the state of Chhattisgarh. (MoRTH) (617972),Infrastructure & Highways,Ministry of Road Transport & Highways,617972,Multi-State,603.44,603.44,237.08,39.3,2021-03-01,2028-12-31,2029-12-31,2026-06-01,12,0.0,0
PAIM-618014,udner corridor scheme under EPC Mode in the of Chhattisgarh (MoRTH) (618014),Infrastructure & Highways,Ministry of Road Transport & Highways,618014,Multi-State,4079.5,4079.5,1744.84,42.8,2021-03-01,2026-12-31,2027-12-31,2026-06-01,36,0.0,0
PAIM-618015,under Corridor scheme on EPC mode in the state of Chhattisgarh. (MoRTH) (618015),Infrastructure & Highways,Ministry of Road Transport & Highways,618015,Multi-State,3750.11,3750.11,994.27,26.5,2023-03-01,2027-12-31,2029-12-31,2026-06-01,6,0.0,0
PAIM-618016,shoulders under EPC mode in the state of Chhattisgarh (MoRTH) (618016),Infrastructure & Highways,Ministry of Road Transport & Highways,618016,Multi-State,4082.14,4082.14,2837.74,69.5,2022-03-01,2027-12-31,2027-12-31,2026-06-01,18,0.0,0
PAIM-618017,Corridor scheme on EPC mode in the state of Chhattisgarh. (MoRTH) (618017),Infrastructure & Highways,Ministry of Road Transport & Highways,618017,Multi-State,819.88,819.88,304.72,37.2,2022-03-01,2028-12-31,2029-12-31,2026-06-01,0,0.0,0
PAIM-618018,in the (MoRTH) (618018),Infrastructure & Highways,Ministry of Road Transport & Highways,618018,Multi-State,4464.06,4464.06,3236.02,72.5,2023-03-01,2026-12-31,2029-12-31,2026-06-01,12,0.0,0
PAIM-618589,to near Khatti Village (NHAI) (618589),Infrastructure & Highways,Ministry of Road Transport & Highways,618589,Multi-State,1539.93,1539.93,227.65,14.8,2021-03-01,2027-12-31,2027-12-31,2026-06-01,0,0.0,0
PAIM-618590,near Aurang (NHAI) (618590),Infrastructure & Highways,Ministry of Road Transport & Highways,618590,Multi-State,3541.29,3541.29,1644.77,46.4,2023-03-01,2027-12-31,2029-12-31,2026-06-01,18,0.0,0
PAIM-618639,4L of Bilaspur to Urga km 0.00 to 70.2 of NH-130A (NHAI) (618639),Infrastructure & Highways,Ministry of Road Transport & Highways,618639,Multi-State,2462.08,2462.08,1879.78,76.3,2021-03-01,2028-12-31,2028-12-31,2026-06-01,18,0.0,0
PAIM-618640,4L of Urga - Pathalgaon from Km. 70.200 to km. 157.745 of NH-130A (NHAI) (618640),Infrastructure & Highways,Ministry of Road Transport & Highways,618640,Multi-State,513.28,513.28,424.14,82.6,2022-03-01,2026-12-31,2028-12-31,2026-06-01,24,0.0,0
PAIM-618646,Km.104.250 (NHAI) (618646),Infrastructure & Highways,Ministry of Road Transport & Highways,618646,Multi-State,948.21,948.21,757.74,79.9,2021-03-01,2028-12-31,2029-12-31,2026-06-01,0,0.0,0
PAIM-618673,130CD Pkg-CG-1 (NHAI) (618673),Infrastructure & Highways,Ministry of Road Transport & Highways,618673,Multi-State,1869.89,1869.89,413.94,22.1,2023-03-01,2026-12-31,2028-12-31,2026-06-01,36,0.0,0
PAIM-618674,130CD Pkg-CG-2 (NHAI) (618674),Infrastructure & Highways,Ministry of Road Transport & Highways,618674,Multi-State,4074.46,4074.46,3331.52,81.8,2023-03-01,2026-12-31,2028-12-31,2026-06-01,12,0.0,0
PAIM-618675,of NH-130-CD (NHAI) (618675),Infrastructure & Highways,Ministry of Road Transport & Highways,618675,Multi-State,3363.82,3363.82,1688.68,50.2,2022-03-01,2028-12-31,2027-12-31,2026-06-01,24,0.0,0
PAIM-618957,4 laning of Champa - Korba from km 0.00 to km 38.2 (NHAI) (618957),Infrastructure & Highways,Ministry of Road Transport & Highways,618957,Multi-State,2414.85,2414.85,275.64,11.4,2024-03-01,2026-12-31,2027-12-31,2026-06-01,24,0.0,0
PAIM-619103,4/6 Laning of Raipur-Simga Pkg-I from km. 0.00 to km. 48.58 (NHAI) (619103),Infrastructure & Highways,Ministry of Road Transport & Highways,619103,Multi-State,392.78,392.78,99.22,25.3,2023-03-01,2028-12-31,2028-12-31,2026-06-01,36,0.0,0
PAIM-619167,Kathghora (NHAI) (619167),Infrastructure & Highways,Ministry of Road Transport & Highways,619167,Multi-State,2908.81,2908.81,1948.96,67.0,2024-03-01,2026-12-31,2027-12-31,2026-06-01,18,0.0,0
PAIM-619183,and Nagar Haveli and Daman and Diu (MoRTH) (619183),Infrastructure & Highways,Ministry of Road Transport & Highways,619183,Multi-State,4312.45,4312.45,2773.56,64.3,2022-03-01,2026-12-31,2028-12-31,2026-06-01,12,0.0,0
PAIM-618509,from km. 0.70 to km.15.00 (NHAI) (618509),Infrastructure & Highways,Ministry of Road Transport & Highways,618509,Delhi,1757.35,1757.35,1394.04,79.3,2022-03-01,2026-12-31,2029-12-31,2026-06-01,18,0.0,0
PAIM-619090,5.300 Km.to 9.500 Km. of NH-248BB (NHAI) (619090),Infrastructure & Highways,Ministry of Road Transport & Highways,619090,Delhi,524.34,524.34,146.22,27.9,2024-03-01,2028-12-31,2028-12-31,2026-06-01,6,0.0,0
PAIM-619202,Dwarka Sector 21 (NHAI) (619202),Infrastructure & Highways,Ministry of Road Transport & Highways,619202,Delhi,3409.37,3409.37,1770.48,51.9,2022-03-01,2026-12-31,2027-12-31,2026-06-01,0,0.0,0
PAIM-617941,from Km 536.800 to Km 543.450 (MoRTH) (617941),Infrastructure & Highways,Ministry of Road Transport & Highways,617941,Multi-State,4117.55,4117.55,3054.74,74.2,2023-03-01,2027-12-31,2028-12-31,2026-06-01,6,0.0,0
PAIM-617942,approaches on NH-66 (MoRTH) (617942),Infrastructure & Highways,Ministry of Road Transport & Highways,617942,Multi-State,3747.71,3747.71,2915.52,77.8,2021-03-01,2027-12-31,2027-12-31,2026-06-01,36,0.0,0
PAIM-617943,HAM Mode (MoRTH) (617943),Infrastructure & Highways,Ministry of Road Transport & Highways,617943,Multi-State,3881.46,3881.46,2133.61,55.0,2021-03-01,2026-12-31,2027-12-31,2026-06-01,18,0.0,0
PAIM-618609,3.330 to Km. 4.550 (NHAI) (618609),Infrastructure & Highways,Ministry of Road Transport & Highways,618609,Multi-State,4102.8,4102.8,824.92,20.1,2023-03-01,2026-12-31,2029-12-31,2026-06-01,0,0.0,0
PAIM-617906,Gujarat on EPC (MoRTH) (617906),Infrastructure & Highways,Ministry of Road Transport & Highways,617906,Gujarat,513.72,513.72,253.44,49.3,2021-03-01,2026-12-31,2027-12-31,2026-06-01,18,0.0,0
PAIM-617916,47 in the State of Gujarat on HAM mode (MoRTH) (617916),Infrastructure & Highways,Ministry of Road Transport & Highways,617916,Gujarat,750.18,750.18,141.6,18.9,2024-03-01,2026-12-31,2029-12-31,2026-06-01,0,0.0,0
PAIM-617926,on Hybrid Annuity Mode HAM (MoRTH) (617926),Infrastructure & Highways,Ministry of Road Transport & Highways,617926,Gujarat,2588.88,2588.88,2034.0,78.6,2023-03-01,2026-12-31,2027-12-31,2026-06-01,24,0.0,0
PAIM-617927,Antrasuba Mathasur road  of NH 58 in the State of Gujarat (MoRTH) (617927),Infrastructure & Highways,Ministry of Road Transport & Highways,617927,Gujarat,2801.28,2801.28,1659.62,59.2,2022-03-01,2026-12-31,2028-12-31,2026-06-01,24,0.0,0
PAIM-617928,"Vrundavan Chokdi, Kheralu on NH-58 in the State of Gujarat. (MoRTH) (617928)",Infrastructure & Highways,Ministry of Road Transport & Highways,617928,Gujarat,4494.35,4494.35,3772.41,83.9,2021-03-01,2027-12-31,2028-12-31,2026-06-01,24,0.0,0
PAIM-617976,sate of Gujarat (MoRTH) (617976),Infrastructure & Highways,Ministry of Road Transport & Highways,617976,Gujarat,3802.4,3802.4,2805.5,73.8,2021-03-01,2027-12-31,2028-12-31,2026-06-01,6,0.0,0
PAIM-618022,of NH 351    Mahuva  to Badhada section    in the State of Gujarat (MoRTH) (618022),Infrastructure & Highways,Ministry of Road Transport & Highways,618022,Gujarat,780.4,780.4,375.23,48.1,2023-03-01,2028-12-31,2027-12-31,2026-06-01,18,0.0,0
PAIM-618107,Hybrid Annuity Mode HAM (MoRTH) (618107),Infrastructure & Highways,Ministry of Road Transport & Highways,618107,Gujarat,932.34,932.34,399.29,42.8,2024-03-01,2028-12-31,2028-12-31,2026-06-01,6,0.0,0
PAIM-618108,168G Idar-Bhiloda-Samlaji in the state of Gujarat Length  34.275 km (MoRTH) (618108),Infrastructure & Highways,Ministry of Road Transport & Highways,618108,Gujarat,2621.17,2621.17,1501.19,57.3,2024-03-01,2026-12-31,2028-12-31,2026-06-01,18,0.0,0
PAIM-618459,Delhi-Vadodara Greenfield Alignment NH-148N Pkg-26 Ch.696890 to Ch.726390 (NHAI) (618459),Infrastructure & Highways,Ministry of Road Transport & Highways,618459,Gujarat,4106.6,4106.6,3078.98,75.0,2022-03-01,2028-12-31,2027-12-31,2026-06-01,24,0.0,0
PAIM-618460,Delhi-Vadodara Greenfield Alignment NH-148N Pkg-28 Ch.756052 to Ch.781282 (NHAI) (618460),Infrastructure & Highways,Ministry of Road Transport & Highways,618460,Gujarat,888.95,888.95,461.17,51.9,2024-03-01,2026-12-31,2027-12-31,2026-06-01,6,0.0,0
PAIM-618462,[Junction near Pratap nagar Village - Junction near Dodka Village] (NHAI) (618462),Infrastructure & Highways,Ministry of Road Transport & Highways,618462,Gujarat,3406.59,3406.59,1228.77,36.1,2024-03-01,2026-12-31,2027-12-31,2026-06-01,12,0.0,0
PAIM-618463,Vadodara Mumbai Expressway Kim to Ankleshwar Phase IA - Pkg V (NHAI) (618463),Infrastructure & Highways,Ministry of Road Transport & Highways,618463,Gujarat,3079.77,3079.77,2608.05,84.7,2023-03-01,2028-12-31,2027-12-31,2026-06-01,12,0.0,0
PAIM-618466,Phase-I Package-VIII (NHAI) (618466),Infrastructure & Highways,Ministry of Road Transport & Highways,618466,Gujarat,4166.28,4166.28,1073.55,25.8,2023-03-01,2028-12-31,2028-12-31,2026-06-01,36,0.0,0
PAIM-618467,Phase-I Package-IX (NHAI) (618467),Infrastructure & Highways,Ministry of Road Transport & Highways,618467,Gujarat,4060.59,4060.59,1810.43,44.6,2021-03-01,2027-12-31,2028-12-31,2026-06-01,36,0.0,0
PAIM-618503,DSIR zone] (NHAI) (618503),Infrastructure & Highways,Ministry of Road Transport & Highways,618503,Gujarat,1479.23,1479.23,933.37,63.1,2021-03-01,2027-12-31,2028-12-31,2026-06-01,12,0.0,0
PAIM-618504,Adhelai Village] (NHAI) (618504),Infrastructure & Highways,Ministry of Road Transport & Highways,618504,Gujarat,3324.59,3324.59,2377.85,71.5,2022-03-01,2027-12-31,2028-12-31,2026-06-01,0,0.0,0
PAIM-618507,NH-48 in the state of Gujarat on single Percentage Item Rate Contract (NHAI) (618507),Infrastructure & Highways,Ministry of Road Transport & Highways,618507,Gujarat,3981.48,3981.48,1676.24,42.1,2024-03-01,2028-12-31,2029-12-31,2026-06-01,36,0.0,0
PAIM-618508,of NH48 between existing Km. 108.000 to Km. 250.000 (NHAI) (618508),Infrastructure & Highways,Ministry of Road Transport & Highways,618508,Gujarat,3329.3,3329.3,1007.07,30.2,2024-03-01,2028-12-31,2029-12-31,2026-06-01,18,0.0,0
PAIM-618564,NH-27 (NHAI) (618564),Infrastructure & Highways,Ministry of Road Transport & Highways,618564,Gujarat,4316.8,4316.8,3046.42,70.6,2024-03-01,2028-12-31,2028-12-31,2026-06-01,6,0.0,0
PAIM-618615,Sanchore - Santalpur from km 99.000 - km 130.073 of NH-754K AJ-RGBS-Package-4 (NHAI) (618615),Infrastructure & Highways,Ministry of Road Transport & Highways,618615,Gujarat,2160.97,2160.97,544.43,25.2,2021-03-01,2026-12-31,2029-12-31,2026-06-01,24,0.0,0
PAIM-618616,existing Ch. 42000 to 48500 of ongoing Dhrol-Bhadra-Pipaliya section of NH-151A (NHAI) (618616),Infrastructure & Highways,Ministry of Road Transport & Highways,618616,Gujarat,2097.04,2097.04,218.34,10.4,2023-03-01,2027-12-31,2028-12-31,2026-06-01,18,0.0,0
PAIM-618787,Junction from Km 0.000 to Km 65.478 of NH-341 (NHAI) (618787),Infrastructure & Highways,Ministry of Road Transport & Highways,618787,Gujarat,2668.24,2668.24,1922.94,72.1,2021-03-01,2026-12-31,2028-12-31,2026-06-01,12,0.0,0
PAIM-618833,120.900 to km. 121.150 of NH-8D (NHAI) (618833),Infrastructure & Highways,Ministry of Road Transport & Highways,618833,Gujarat,1534.45,1534.45,919.64,59.9,2022-03-01,2026-12-31,2027-12-31,2026-06-01,36,0.0,0
PAIM-618901,Km 128.940 of NH-68 (NHAI) (618901),Infrastructure & Highways,Ministry of Road Transport & Highways,618901,Gujarat,304.18,304.18,99.3,32.6,2023-03-01,2027-12-31,2027-12-31,2026-06-01,24,0.0,0
PAIM-618930,NH-56 Pkg-III (NHAI) (618930),Infrastructure & Highways,Ministry of Road Transport & Highways,618930,Gujarat,1242.43,1242.43,956.25,77.0,2021-03-01,2026-12-31,2029-12-31,2026-06-01,18,0.0,0
PAIM-618931,NH-56 Pkg-V (NHAI) (618931),Infrastructure & Highways,Ministry of Road Transport & Highways,618931,Gujarat,3557.61,3557.61,1301.08,36.6,2023-03-01,2026-12-31,2029-12-31,2026-06-01,18,0.0,0
PAIM-619061,km 95/500 of NH 168G in the State of Gujarat (MoRTH) (619061),Infrastructure & Highways,Ministry of Road Transport & Highways,619061,Gujarat,1357.08,1357.08,806.71,59.4,2024-03-01,2026-12-31,2027-12-31,2026-06-01,18,0.0,0
PAIM-619087,Km. 185.00 on NH-27 (NHAI) (619087),Infrastructure & Highways,Ministry of Road Transport & Highways,619087,Gujarat,3940.58,3940.58,1335.15,33.9,2021-03-01,2027-12-31,2029-12-31,2026-06-01,18,0.0,0
PAIM-619145,Four Laning of Una to Kodinar from km. 180.478 to km. 221.610 Package-V (NHAI) (619145),Infrastructure & Highways,Ministry of Road Transport & Highways,619145,Gujarat,1528.1,1528.1,532.67,34.9,2024-03-01,2026-12-31,2029-12-31,2026-06-01,18,0.0,0
PAIM-619146,Kagvadar - Una Package-IV (NHAI) (619146),Infrastructure & Highways,Ministry of Road Transport & Highways,619146,Gujarat,2899.84,2899.84,2086.79,72.0,2021-03-01,2026-12-31,2028-12-31,2026-06-01,18,0.0,0
PAIM-619197,Delhi-Vadodara Greenfield Alignment NH-148N Pkg-27 Ch.729.700 to Ch.756.052 (NHAI) (619197),Infrastructure & Highways,Ministry of Road Transport & Highways,619197,Gujarat,2780.94,2780.94,1269.86,45.7,2022-03-01,2027-12-31,2028-12-31,2026-06-01,18,0.0,0
PAIM-618482,Km 0000 to Km 34000 (NHAI) (618482),Infrastructure & Highways,Ministry of Road Transport & Highways,618482,Haryana,2734.97,2734.97,289.19,10.6,2023-03-01,2026-12-31,2029-12-31,2026-06-01,18,0.0,0
PAIM-618483,near Gangana village Km 34000 to Km 60800 (NHAI) (618483),Infrastructure & Highways,Ministry of Road Transport & Highways,618483,Haryana,2128.84,2128.84,846.36,39.8,2022-03-01,2028-12-31,2027-12-31,2026-06-01,0,0.0,0
PAIM-618506,in the State of Haryana (NHAI) (618506),Infrastructure & Highways,Ministry of Road Transport & Highways,618506,Haryana,4263.04,4263.04,2567.13,60.2,2021-03-01,2026-12-31,2029-12-31,2026-06-01,12,0.0,0
PAIM-618580,Gohana - Sonipat PKG-2 (NHAI) (618580),Infrastructure & Highways,Ministry of Road Transport & Highways,618580,Haryana,3466.77,3466.77,2748.27,79.3,2023-03-01,2026-12-31,2028-12-31,2026-06-01,12,0.0,0
PAIM-618788,4L Greenfield Jalbhera  Shahbad section from km. 0.000 to km. 22.850 of NH-152G (NHAI) (618788),Infrastructure & Highways,Ministry of Road Transport & Highways,618788,Haryana,2911.61,2911.61,1245.51,42.8,2024-03-01,2028-12-31,2027-12-31,2026-06-01,12,0.0,0
PAIM-618792,4L Bhiwani-Hansi road section of NH-148B (NHAI) (618792),Infrastructure & Highways,Ministry of Road Transport & Highways,618792,Haryana,406.53,406.53,183.72,45.2,2023-03-01,2026-12-31,2029-12-31,2026-06-01,12,0.0,0
PAIM-618936,Jagadhari - Tajewala from Km -0.175 to 32.337 km of NH-344 (NHAI) (618936),Infrastructure & Highways,Ministry of Road Transport & Highways,618936,Haryana,2387.44,2387.44,697.2,29.2,2021-03-01,2026-12-31,2028-12-31,2026-06-01,6,0.0,0
PAIM-619080,4L PS of Ambala Ring Road of New NH-44 (NHAI) (619080),Infrastructure & Highways,Ministry of Road Transport & Highways,619080,Haryana,3038.94,3038.94,1536.94,50.6,2023-03-01,2028-12-31,2028-12-31,2026-06-01,24,0.0,0
PAIM-619092,NHO (NHAI) (619092),Infrastructure & Highways,Ministry of Road Transport & Highways,619092,Haryana,649.49,649.49,174.23,26.8,2024-03-01,2028-12-31,2029-12-31,2026-06-01,36,0.0,0
PAIM-619132,4/6L of Gurgaon - Pataudi - Rewari from km. 0.00 to km.43.87 of NH-352W (NHAI) (619132),Infrastructure & Highways,Ministry of Road Transport & Highways,619132,Haryana,3700.61,3700.61,759.86,20.5,2024-03-01,2027-12-31,2028-12-31,2026-06-01,6,0.0,0
PAIM-619201,Karnal ring road Lot-4/Pkg-1 (NHAI) (619201),Infrastructure & Highways,Ministry of Road Transport & Highways,619201,Haryana,3321.11,3321.11,1266.37,38.1,2021-03-01,2028-12-31,2028-12-31,2026-06-01,36,0.0,0
PAIM-618051,Rehabilitation and Upgrading of NH-707 OLD 72-B Package - 2 Hewna to Ashyari (MoRTH) (618051),Infrastructure & Highways,Ministry of Road Transport & Highways,618051,Haryana,1920.48,1920.48,525.54,27.4,2024-03-01,2028-12-31,2027-12-31,2026-06-01,0,0.0,0
PAIM-618215,"under project Deepak, BRO (MoRTH) (618215)",Infrastructure & Highways,Ministry of Road Transport & Highways,618215,Multi-State,415.82,415.82,245.66,59.1,2023-03-01,2026-12-31,2027-12-31,2026-06-01,12,0.0,0
PAIM-618216,"project Deepak, BRO (MoRTH) (618216)",Infrastructure & Highways,Ministry of Road Transport & Highways,618216,Multi-State,1469.38,1469.38,575.81,39.2,2023-03-01,2027-12-31,2029-12-31,2026-06-01,18,0.0,0
PAIM-618217,Gramphoo road  in the state of Himachal Pradesh Package I (MoRTH) (618217),Infrastructure & Highways,Ministry of Road Transport & Highways,618217,Multi-State,2197.13,2197.13,241.02,11.0,2021-03-01,2026-12-31,2027-12-31,2026-06-01,18,0.0,0
PAIM-618230,mode.Package-3 (MoRTH) (618230),Infrastructure & Highways,Ministry of Road Transport & Highways,618230,Multi-State,2094.6,2094.6,1020.58,48.7,2021-03-01,2026-12-31,2027-12-31,2026-06-01,36,0.0,0
PAIM-618231,mode.Package-1 (MoRTH) (618231),Infrastructure & Highways,Ministry of Road Transport & Highways,618231,Multi-State,2126.78,2126.78,318.33,15.0,2023-03-01,2026-12-31,2028-12-31,2026-06-01,12,0.0,0
PAIM-618232,EPC mode.Package-2 (MoRTH) (618232),Infrastructure & Highways,Ministry of Road Transport & Highways,618232,Multi-State,2327.32,2327.32,1756.23,75.5,2021-03-01,2026-12-31,2027-12-31,2026-06-01,18,0.0,0
PAIM-618253,Bridge on back water of Govindsagar and its approaches in Himachal Pradesh. (MoRTH) (618253),Infrastructure & Highways,Ministry of Road Transport & Highways,618253,Multi-State,250.87,250.87,85.97,34.3,2022-03-01,2028-12-31,2029-12-31,2026-06-01,12,0.0,0
PAIM-618850,Nerchowk km 190.000 to Pandoh including Pandoh bypass  km221.305 (NHAI) (618850),Infrastructure & Highways,Ministry of Road Transport & Highways,618850,Multi-State,3881.02,3881.02,1596.64,41.1,2024-03-01,2028-12-31,2028-12-31,2026-06-01,12,0.0,0
PAIM-618851,Pandoh bypass 221.305 to Takoli 242.000 of NH-21 in the state of Himachal Pradesh (NHAI) (618851),Infrastructure & Highways,Ministry of Road Transport & Highways,618851,Multi-State,2714.23,2714.23,1220.93,45.0,2024-03-01,2027-12-31,2028-12-31,2026-06-01,0,0.0,0
PAIM-618852,4L  Sundar Nagar Bypass from  Km.173.900 to Km.179.600 of NH-21 (NHAI) (618852),Infrastructure & Highways,Ministry of Road Transport & Highways,618852,Multi-State,2578.24,2578.24,1782.37,69.1,2024-03-01,2027-12-31,2027-12-31,2026-06-01,18,0.0,0
PAIM-618878,from Km 51.000 to Km 72.000 of NH-154 Package-IIA (NHAI) (618878),Infrastructure & Highways,Ministry of Road Transport & Highways,618878,Multi-State,4061.52,4061.52,2624.79,64.6,2023-03-01,2026-12-31,2028-12-31,2026-06-01,12,0.0,0
PAIM-618879,Bijni section from Km 180.000 to Km 202.815 of NH-154 Pkg-VA (NHAI) (618879),Infrastructure & Highways,Ministry of Road Transport & Highways,618879,Multi-State,509.4,509.4,125.51,24.6,2024-03-01,2027-12-31,2027-12-31,2026-06-01,0,0.0,0
PAIM-618880,Paror section from Km 85.135 to Km 100.840 of NH-154 Pkg-IIC (NHAI) (618880),Infrastructure & Highways,Ministry of Road Transport & Highways,618880,Multi-State,2500.8,2500.8,647.96,25.9,2024-03-01,2027-12-31,2027-12-31,2026-06-01,6,0.0,0
PAIM-618881,of Pathankot-Mandi Package-VB (NHAI) (618881),Infrastructure & Highways,Ministry of Road Transport & Highways,618881,Multi-State,3283.86,3283.86,1543.76,47.0,2021-03-01,2027-12-31,2028-12-31,2026-06-01,12,0.0,0
PAIM-618888,88 Pkg-IV (NHAI) (618888),Infrastructure & Highways,Ministry of Road Transport & Highways,618888,Multi-State,3420.71,3420.71,2841.2,83.1,2022-03-01,2026-12-31,2028-12-31,2026-06-01,24,0.0,0
PAIM-618889,"303,503 up to Intersection with NH-154 from Km 175.270 to Km 193.400 Pkg-VB (NHAI) (618889)",Infrastructure & Highways,Ministry of Road Transport & Highways,618889,Multi-State,2121.9,2121.9,911.9,43.0,2022-03-01,2026-12-31,2028-12-31,2026-06-01,6,0.0,0
PAIM-618890,2L PS of Hamirpur Bypass from Km 121.175 to Km.138.295 of NH-103&3 (NHAI) (618890),Infrastructure & Highways,Ministry of Road Transport & Highways,618890,Multi-State,2487.04,2487.04,673.39,27.1,2021-03-01,2026-12-31,2028-12-31,2026-06-01,18,0.0,0
PAIM-618891,58.450 (NHAI) (618891),Infrastructure & Highways,Ministry of Road Transport & Highways,618891,Multi-State,3055.52,3055.52,1842.44,60.3,2024-03-01,2026-12-31,2027-12-31,2026-06-01,12,0.0,0
PAIM-618921,Bypass - Pkg I (NHAI) (618921),Infrastructure & Highways,Ministry of Road Transport & Highways,618921,Multi-State,3151.43,3151.43,1569.16,49.8,2021-03-01,2027-12-31,2029-12-31,2026-06-01,0,0.0,0
PAIM-618922,Bypass - Pkg II and Shimla connectivity from Km 0.000 to Km 0.725 of NH-5 (NHAI) (618922),Infrastructure & Highways,Ministry of Road Transport & Highways,618922,Multi-State,1943.29,1943.29,212.96,11.0,2023-03-01,2026-12-31,2029-12-31,2026-06-01,18,0.0,0
PAIM-619003,Solan - Kaithlighat Section of NH-22 Now NH-5 from Km. 106.139 to Km.129.05 (NHAI) (619003),Infrastructure & Highways,Ministry of Road Transport & Highways,619003,Punjab,3889.23,3889.23,3072.22,79.0,2024-03-01,2028-12-31,2028-12-31,2026-06-01,0,0.0,0
PAIM-619153,Package-IA (NHAI) (619153),Infrastructure & Highways,Ministry of Road Transport & Highways,619153,Punjab,3301.72,3301.72,1295.99,39.3,2022-03-01,2027-12-31,2029-12-31,2026-06-01,36,0.0,0
PAIM-618038,EPC mode. (MoRTH) (618038),Infrastructure & Highways,Ministry of Road Transport & Highways,618038,Multi-State,4340.29,4340.29,1843.24,42.5,2022-03-01,2028-12-31,2029-12-31,2026-06-01,0,0.0,0
PAIM-618201,"Kashmir under project BEACON, Border Roads Organization BRO on EPC mode. (MoRTH) (618201)",Infrastructure & Highways,Ministry of Road Transport & Highways,618201,Multi-State,695.47,695.47,274.91,39.5,2021-03-01,2026-12-31,2028-12-31,2026-06-01,6,0.0,0
PAIM-618202,Kashmir under Project.Package-III (MoRTH) (618202),Infrastructure & Highways,Ministry of Road Transport & Highways,618202,Multi-State,4191.31,4191.31,1995.2,47.6,2022-03-01,2026-12-31,2028-12-31,2026-06-01,12,0.0,0
PAIM-618203,Package-II (MoRTH) (618203),Infrastructure & Highways,Ministry of Road Transport & Highways,618203,Multi-State,2101.87,2101.87,1758.52,83.7,2023-03-01,2028-12-31,2027-12-31,2026-06-01,0,0.0,0
PAIM-618204,Vijayak   BRO    in the UT of Ladakh on EPC Mode (MoRTH) (618204),Infrastructure & Highways,Ministry of Road Transport & Highways,618204,Multi-State,4423.39,4423.39,1983.97,44.9,2024-03-01,2027-12-31,2029-12-31,2026-06-01,12,0.0,0
PAIM-618205,Border Roads Organization BRO  Package-IJob No NH-1-J&K-2022-23-110 (MoRTH) (618205),Infrastructure & Highways,Ministry of Road Transport & Highways,618205,Multi-State,4371.66,4371.66,1815.63,41.5,2021-03-01,2026-12-31,2029-12-31,2026-06-01,0,0.0,0
PAIM-618206,under Project Beacon in the UT of Jammu & Kashmir on EPC mode Package-I. (MoRTH) (618206),Infrastructure & Highways,Ministry of Road Transport & Highways,618206,Multi-State,808.95,808.95,410.05,50.7,2021-03-01,2027-12-31,2028-12-31,2026-06-01,24,0.0,0
PAIM-618221,on Akhnoor-Poonch Roads on EPC mode NH-144A Package-VII (MoRTH) (618221),Infrastructure & Highways,Ministry of Road Transport & Highways,618221,Multi-State,1909.28,1909.28,1150.43,60.3,2023-03-01,2027-12-31,2028-12-31,2026-06-01,6,0.0,0
PAIM-618222,NH-144A-J&K-2022-2023-111 (MoRTH) (618222),Infrastructure & Highways,Ministry of Road Transport & Highways,618222,Multi-State,1425.9,1425.9,840.38,58.9,2024-03-01,2026-12-31,2027-12-31,2026-06-01,18,0.0,0
PAIM-618223,Kashmir on EPC mode Package-III Job no  NH-144A-J&K-2019-20-79 (MoRTH) (618223),Infrastructure & Highways,Ministry of Road Transport & Highways,618223,Multi-State,1004.77,1004.77,801.95,79.8,2021-03-01,2028-12-31,2028-12-31,2026-06-01,12,0.0,0
PAIM-618224,Kashmir on EPC mode Package-II Job no  NH-144A-J&K-2019-20-78 (MoRTH) (618224),Infrastructure & Highways,Ministry of Road Transport & Highways,618224,Multi-State,602.16,602.16,139.06,23.1,2022-03-01,2027-12-31,2029-12-31,2026-06-01,18,0.0,0
PAIM-618225,Sampark BRO on EPC mode Package-VI Job no  NH-144A-J&K-2021-22-106 (MoRTH) (618225),Infrastructure & Highways,Ministry of Road Transport & Highways,618225,Multi-State,4004.11,4004.11,1517.28,37.9,2022-03-01,2026-12-31,2027-12-31,2026-06-01,12,0.0,0
PAIM-618226,the UT of Jammu & Kashmir EPC modePackage-I Job no NH-144A-J&K-2020-21-83. (MoRTH) (618226),Infrastructure & Highways,Ministry of Road Transport & Highways,618226,Multi-State,4096.91,4096.91,2295.12,56.0,2023-03-01,2026-12-31,2029-12-31,2026-06-01,18,0.0,0
PAIM-618394,244  in UT of Jammu and Kashmir on EPC Mode Pkg-1 (NHIDCL) (618394),Infrastructure & Highways,Ministry of Road Transport & Highways,618394,Multi-State,2855.48,2855.48,1323.35,46.3,2021-03-01,2027-12-31,2029-12-31,2026-06-01,0,0.0,0
PAIM-618395,Mode under NHO-Gen Pkg - 2 (NHIDCL) (618395),Infrastructure & Highways,Ministry of Road Transport & Highways,618395,Multi-State,3944.05,3944.05,636.18,16.1,2021-03-01,2026-12-31,2027-12-31,2026-06-01,12,0.0,0
PAIM-618397,section of NH-244 in UT of Jammu and Kashmir to be executed on EPC basis (NHIDCL) (618397),Infrastructure & Highways,Ministry of Road Transport & Highways,618397,Multi-State,2532.87,2532.87,562.08,22.2,2021-03-01,2028-12-31,2029-12-31,2026-06-01,0,0.0,0
PAIM-618398,Mode Package II (NHIDCL) (618398),Infrastructure & Highways,Ministry of Road Transport & Highways,618398,Multi-State,502.12,502.12,262.79,52.3,2024-03-01,2026-12-31,2028-12-31,2026-06-01,36,0.0,0
PAIM-618399,of Jammu and Kashmir on EPC Mode Pkg-4 (NHIDCL) (618399),Infrastructure & Highways,Ministry of Road Transport & Highways,618399,Multi-State,4038.04,4038.04,1779.11,44.1,2024-03-01,2028-12-31,2028-12-31,2026-06-01,6,0.0,0
PAIM-618400,in the UT of J&K on EPC Mode under NHO-Gen Pkg-3 (NHIDCL) (618400),Infrastructure & Highways,Ministry of Road Transport & Highways,618400,Multi-State,1734.34,1734.34,537.72,31.0,2023-03-01,2026-12-31,2028-12-31,2026-06-01,6,0.0,0
PAIM-618406,Kashmir on EPC basis Pkg-3A (NHIDCL) (618406),Infrastructure & Highways,Ministry of Road Transport & Highways,618406,Multi-State,1816.44,1816.44,758.74,41.8,2021-03-01,2027-12-31,2027-12-31,2026-06-01,24,0.0,0
PAIM-618407,Jammu-Akhnoor Road Pkg-I (NHIDCL) (618407),Infrastructure & Highways,Ministry of Road Transport & Highways,618407,Delhi,4354.22,4354.22,3312.19,76.1,2023-03-01,2027-12-31,2028-12-31,2026-06-01,24,0.0,0
PAIM-618494,village from Km 468100 to Km 503250] (NHAI) (618494),Infrastructure & Highways,Ministry of Road Transport & Highways,618494,Multi-State,320.24,320.24,43.5,13.6,2024-03-01,2028-12-31,2028-12-31,2026-06-01,24,0.0,0
PAIM-618495,566.520 Domel to Katra Section Phase II-Package XVII (NHAI) (618495),Infrastructure & Highways,Ministry of Road Transport & Highways,618495,Delhi,1713.68,1713.68,1408.75,82.2,2021-03-01,2028-12-31,2029-12-31,2026-06-01,6,0.0,0
PAIM-618496,to km 514500] (NHAI) (618496),Infrastructure & Highways,Ministry of Road Transport & Highways,618496,Delhi,2531.94,2531.94,1643.66,64.9,2024-03-01,2027-12-31,2029-12-31,2026-06-01,36,0.0,0
PAIM-618497,545.300 Sidhra to Domel Section of NH-44 (NHAI) (618497),Infrastructure & Highways,Ministry of Road Transport & Highways,618497,Multi-State,3859.53,3859.53,2222.84,57.6,2022-03-01,2028-12-31,2028-12-31,2026-06-01,6,0.0,0
PAIM-618541,4L Ring road/bypass around Srinagar city from km 0.000 to km 42.100 Phase-I (NHAI) (618541),Infrastructure & Highways,Ministry of Road Transport & Highways,618541,Multi-State,3420.89,3420.89,1263.36,36.9,2024-03-01,2027-12-31,2029-12-31,2026-06-01,6,0.0,0
PAIM-618542,Srinagar Ring Road Phase  IIA (NHAI) (618542),Infrastructure & Highways,Ministry of Road Transport & Highways,618542,Multi-State,2694.96,2694.96,1940.73,72.0,2022-03-01,2027-12-31,2029-12-31,2026-06-01,36,0.0,0
PAIM-618543,Bound of  Ramban to Banihal Pkg-I of Old NH-1A New NH-44 (NHAI) (618543),Infrastructure & Highways,Ministry of Road Transport & Highways,618543,Multi-State,2186.46,2186.46,966.77,44.2,2024-03-01,2027-12-31,2028-12-31,2026-06-01,12,0.0,0
PAIM-618544,"T4 ,Single tube tunnel of Ramban to Banihal Pkg-II of Old NH-1A New NH-44 (NHAI) (618544)",Infrastructure & Highways,Ministry of Road Transport & Highways,618544,Multi-State,4023.89,4023.89,1168.86,29.0,2024-03-01,2026-12-31,2027-12-31,2026-06-01,36,0.0,0
PAIM-618545,Banihal Pkg-III of Old NH-1A New NH-44 (NHAI) (618545),Infrastructure & Highways,Ministry of Road Transport & Highways,618545,Multi-State,3409.97,3409.97,673.02,19.7,2022-03-01,2026-12-31,2028-12-31,2026-06-01,6,0.0,0
PAIM-618547,standard as part of Srinagar Ring Road PhaseII [Design Ch. 41.907 to Ch. 66.609] (NHAI) (618547),Infrastructure & Highways,Ministry of Road Transport & Highways,618547,Multi-State,4480.53,4480.53,804.63,18.0,2024-03-01,2028-12-31,2029-12-31,2026-06-01,0,0.0,0
PAIM-618549,residual NHDP component of Bharatmala Pariyojna (NHAI) (618549),Infrastructure & Highways,Ministry of Road Transport & Highways,618549,Multi-State,3531.05,3531.05,772.42,21.9,2024-03-01,2027-12-31,2029-12-31,2026-06-01,0,0.0,0
PAIM-618550,Samba section of NH-44 from Chainage Km. 16.300 to Km. 74.100 (NHAI) (618550),Infrastructure & Highways,Ministry of Road Transport & Highways,618550,Multi-State,695.91,695.91,454.23,65.3,2023-03-01,2028-12-31,2029-12-31,2026-06-01,36,0.0,0
PAIM-618967,from Km 0.000 to Km 39.100 (NHAI) (618967),Infrastructure & Highways,Ministry of Road Transport & Highways,618967,Multi-State,1784.01,1784.01,752.51,42.2,2023-03-01,2027-12-31,2027-12-31,2026-06-01,18,0.0,0
PAIM-619038,section on NH-244  in UT of Jammu and Kashmir on EPC Mode Pkg-5 (NHIDCL) (619038),Infrastructure & Highways,Ministry of Road Transport & Highways,619038,Multi-State,3349.97,3349.97,507.2,15.1,2023-03-01,2028-12-31,2027-12-31,2026-06-01,18,0.0,0
PAIM-618060,from km 116.00 to km 176.355 of NH-75E in the State of Jharkhand on EPC mode. (MoRTH) (618060),Infrastructure & Highways,Ministry of Road Transport & Highways,618060,Multi-State,4272.22,4272.22,1467.95,34.4,2023-03-01,2026-12-31,2029-12-31,2026-06-01,36,0.0,0
PAIM-618084,of NH-143A including re-construction of culverts and bridges. (MoRTH) (618084),Infrastructure & Highways,Ministry of Road Transport & Highways,618084,Multi-State,670.94,670.94,313.19,46.7,2022-03-01,2026-12-31,2029-12-31,2026-06-01,18,0.0,0
PAIM-618123,under EPC mode (MoRTH) (618123),Infrastructure & Highways,Ministry of Road Transport & Highways,618123,Multi-State,235.87,235.87,157.28,66.7,2022-03-01,2026-12-31,2027-12-31,2026-06-01,0,0.0,0
PAIM-618127,93.050 Pakur of NH-333A in the State of Jharkhand on EPC mode (MoRTH) (618127),Infrastructure & Highways,Ministry of Road Transport & Highways,618127,Multi-State,2002.84,2002.84,1148.44,57.3,2023-03-01,2028-12-31,2027-12-31,2026-06-01,18,0.0,0
PAIM-618242,65.325 of Nh-419 in the State of Jharkhand on EPC mode. (MoRTH) (618242),Infrastructure & Highways,Ministry of Road Transport & Highways,618242,Multi-State,1585.97,1585.97,335.44,21.2,2023-03-01,2026-12-31,2027-12-31,2026-06-01,18,0.0,0
PAIM-618534,Panagarh Bypass in the State of Jharkhand on EPC Mode. (NHAI) (618534),Infrastructure & Highways,Ministry of Road Transport & Highways,618534,Multi-State,2055.89,2055.89,1374.58,66.9,2021-03-01,2027-12-31,2029-12-31,2026-06-01,24,0.0,0
PAIM-618535,including Panagarh Bypass in the State of Jharkhand on EPC Mode. (NHAI) (618535),Infrastructure & Highways,Ministry of Road Transport & Highways,618535,Multi-State,2603.06,2603.06,788.69,30.3,2023-03-01,2026-12-31,2027-12-31,2026-06-01,24,0.0,0
PAIM-618641,Jhrkhand (NHAI) (618641),Infrastructure & Highways,Ministry of Road Transport & Highways,618641,Multi-State,2179.61,2179.61,1468.46,67.4,2023-03-01,2026-12-31,2029-12-31,2026-06-01,0,0.0,0
PAIM-618642,4L of Palma to Gumla from km. 26.00 to km. 89.170 of NH-23 (NHAI) (618642),Infrastructure & Highways,Ministry of Road Transport & Highways,618642,Multi-State,1894.53,1894.53,980.63,51.8,2021-03-01,2026-12-31,2027-12-31,2026-06-01,24,0.0,0
PAIM-618644,4L of Ormanjhi-Gola section from Km 81.450 to Km 53.600 of NH- 320BPKG-II (NHAI) (618644),Infrastructure & Highways,Ministry of Road Transport & Highways,618644,Multi-State,3098.09,3098.09,762.3,24.6,2024-03-01,2027-12-31,2027-12-31,2026-06-01,6,0.0,0
PAIM-618645,4L of Gola-BokaroJaina More section from Km 53.600 to Km 21.110 of NH-320PKG-1 (NHAI) (618645),Infrastructure & Highways,Ministry of Road Transport & Highways,618645,Multi-State,792.99,792.99,460.38,58.1,2021-03-01,2027-12-31,2029-12-31,2026-06-01,36,0.0,0
PAIM-618730,Donoreshan village from km 253.000 to km 288.600  Pkg -10 (NHAI) (618730),Infrastructure & Highways,Ministry of Road Transport & Highways,618730,Multi-State,2462.07,2462.07,1974.02,80.2,2022-03-01,2028-12-31,2028-12-31,2026-06-01,6,0.0,0
PAIM-618736,NH-33 New NH-18 from km 241940 to km 251961 Length 10.021 km (NHAI) (618736),Infrastructure & Highways,Ministry of Road Transport & Highways,618736,Multi-State,4040.41,4040.41,2523.26,62.5,2024-03-01,2026-12-31,2029-12-31,2026-06-01,36,0.0,0
PAIM-618737,& Km. 139.225 junction with Ranchi  Jamshedpur road on 4L Ranchi Bypass of NH-33 (NHAI) (618737),Infrastructure & Highways,Ministry of Road Transport & Highways,618737,Multi-State,776.12,776.12,567.82,73.2,2022-03-01,2028-12-31,2028-12-31,2026-06-01,36,0.0,0
PAIM-618830,4L from Km 147.450 Bhogu to Km 196.870 Sankha on NH-75 Sec-III (NHAI) (618830),Infrastructure & Highways,Ministry of Road Transport & Highways,618830,Multi-State,3321.8,3321.8,1343.88,40.5,2023-03-01,2028-12-31,2028-12-31,2026-06-01,6,0.0,0
PAIM-618831,4L from Km 95.400 Udaipura to Km 147.450 Bhogu on NH-75 Sec-II (NHAI) (618831),Infrastructure & Highways,Ministry of Road Transport & Highways,618831,Multi-State,3671.36,3671.36,1328.53,36.2,2024-03-01,2027-12-31,2028-12-31,2026-06-01,18,0.0,0
PAIM-618832,4L from Km 55.00 Kuru to Km 95.400 Udaipura on NH-75 Sec-I (NHAI) (618832),Infrastructure & Highways,Ministry of Road Transport & Highways,618832,Multi-State,350.63,350.63,96.96,27.7,2023-03-01,2028-12-31,2028-12-31,2026-06-01,24,0.0,0
PAIM-618863,Barhi-Koderma Section of NH31 km 0.00 - km 27.5 (NHAI) (618863),Infrastructure & Highways,Ministry of Road Transport & Highways,618863,Multi-State,3005.16,3005.16,711.46,23.7,2021-03-01,2027-12-31,2027-12-31,2026-06-01,24,0.0,0
PAIM-618947,4L of NH-80 from km 215.00 to km 260.00 Mirza Chauki to Farkka Pkg-I (NHAI) (618947),Infrastructure & Highways,Ministry of Road Transport & Highways,618947,Multi-State,4446.84,4446.84,2993.5,67.3,2024-03-01,2027-12-31,2028-12-31,2026-06-01,6,0.0,0
PAIM-618949,4L of Basukinath- Deoghar Section of NH-114A (NHAI) (618949),Infrastructure & Highways,Ministry of Road Transport & Highways,618949,Multi-State,4249.18,4249.18,2068.82,48.7,2021-03-01,2028-12-31,2029-12-31,2026-06-01,12,0.0,0
PAIM-618950,Bypass from design km 0.000 to design Km 49.000 (NHAI) (618950),Infrastructure & Highways,Ministry of Road Transport & Highways,618950,Multi-State,3726.97,3726.97,1311.47,35.2,2023-03-01,2028-12-31,2029-12-31,2026-06-01,18,0.0,0
PAIM-619005,Jharkhand under EPC Mode (MoRTH) (619005),Infrastructure & Highways,Ministry of Road Transport & Highways,619005,Multi-State,3556.47,3556.47,763.15,21.5,2024-03-01,2027-12-31,2027-12-31,2026-06-01,6,0.0,0
PAIM-617935,on EPC basis (MoRTH) (617935),Infrastructure & Highways,Ministry of Road Transport & Highways,617935,Karnataka,3510.32,3510.32,356.94,10.2,2023-03-01,2027-12-31,2027-12-31,2026-06-01,36,0.0,0
PAIM-617950,dated 22.11.2022 (MoRTH) (617950),Infrastructure & Highways,Ministry of Road Transport & Highways,617950,Karnataka,1786.63,1786.63,1410.3,78.9,2023-03-01,2028-12-31,2029-12-31,2026-06-01,12,0.0,0
PAIM-617951,Mode under NHO Annual Plan 2022-23. NH-69-KNT-2022-23-989 dated 24.03.2023 (MoRTH) (617951),Infrastructure & Highways,Ministry of Road Transport & Highways,617951,Karnataka,1622.39,1622.39,1165.76,71.9,2022-03-01,2027-12-31,2027-12-31,2026-06-01,18,0.0,0
PAIM-617955,EPC Mode under Annual Plan 2021-22   Job No NH-73-KNT-2021-22-945 (MoRTH) (617955),Infrastructure & Highways,Ministry of Road Transport & Highways,617955,Karnataka,1584.68,1584.68,387.31,24.4,2023-03-01,2026-12-31,2028-12-31,2026-06-01,24,0.0,0
PAIM-617989,Jadcherla section (MoRTH) (617989),Infrastructure & Highways,Ministry of Road Transport & Highways,617989,Karnataka,1420.88,1420.88,888.1,62.5,2024-03-01,2026-12-31,2029-12-31,2026-06-01,36,0.0,0
PAIM-617997,Annual plan 2022-23 NH-169-KNT-2022-23-978 dated 08.03.2023 (MoRTH) (617997),Infrastructure & Highways,Ministry of Road Transport & Highways,617997,Karnataka,2948.45,2948.45,712.94,24.2,2021-03-01,2026-12-31,2029-12-31,2026-06-01,12,0.0,0
PAIM-617998,Job No. NH-169-KNT-2021-22-949 (MoRTH) (617998),Infrastructure & Highways,Ministry of Road Transport & Highways,617998,Karnataka,2396.97,2396.97,1161.47,48.5,2024-03-01,2026-12-31,2028-12-31,2026-06-01,12,0.0,0
PAIM-617999,state of Karnataka NH-173-KNT-2022-23-980 dated 13.03.2023 (MoRTH) (617999),Infrastructure & Highways,Ministry of Road Transport & Highways,617999,Karnataka,1543.09,1543.09,753.94,48.9,2024-03-01,2028-12-31,2027-12-31,2026-06-01,6,0.0,0
PAIM-618000,EPC mode under Annual Plan 2021-22 Job no. NH-173-KNT-2021-22-946 (MoRTH) (618000),Infrastructure & Highways,Ministry of Road Transport & Highways,618000,Karnataka,2460.55,2460.55,1500.33,61.0,2023-03-01,2027-12-31,2027-12-31,2026-06-01,12,0.0,0
PAIM-618027,dated 08.02.2023 (MoRTH) (618027),Infrastructure & Highways,Ministry of Road Transport & Highways,618027,Karnataka,2214.4,2214.4,632.73,28.6,2024-03-01,2028-12-31,2027-12-31,2026-06-01,6,0.0,0
PAIM-618028,under Annual Plan 2022-23. NH-367-KNT-2022-23-973 dated 08.02.2023 (MoRTH) (618028),Infrastructure & Highways,Ministry of Road Transport & Highways,618028,Karnataka,3099.86,3099.86,2385.71,77.0,2021-03-01,2028-12-31,2027-12-31,2026-06-01,18,0.0,0
PAIM-618029,mode. Job No. NH-367-KNT-2021-22-930 (MoRTH) (618029),Infrastructure & Highways,Ministry of Road Transport & Highways,618029,Karnataka,1615.38,1615.38,979.95,60.7,2023-03-01,2027-12-31,2028-12-31,2026-06-01,12,0.0,0
PAIM-618030,2021-22-934 (MoRTH) (618030),Infrastructure & Highways,Ministry of Road Transport & Highways,618030,Karnataka,4266.13,4266.13,1099.02,25.8,2024-03-01,2027-12-31,2029-12-31,2026-06-01,0,0.0,0
PAIM-618031,mode. (MoRTH) (618031),Infrastructure & Highways,Ministry of Road Transport & Highways,618031,Karnataka,3347.3,3347.3,887.95,26.5,2023-03-01,2028-12-31,2028-12-31,2026-06-01,24,0.0,0
PAIM-618086,Plan 2022-23  NH-150A-KNT-2022-23-977 dated 08.03.2023 (MoRTH) (618086),Infrastructure & Highways,Ministry of Road Transport & Highways,618086,Karnataka,2234.25,2234.25,1512.12,67.7,2024-03-01,2027-12-31,2029-12-31,2026-06-01,12,0.0,0
PAIM-618087,of Karnataka on EPC mode. Job No. NH-150A-KNT-2021-22-951 (MoRTH) (618087),Infrastructure & Highways,Ministry of Road Transport & Highways,618087,Karnataka,3136.47,3136.47,611.56,19.5,2024-03-01,2026-12-31,2029-12-31,2026-06-01,24,0.0,0
PAIM-618095,166E-KNT-2022-23-974 (MoRTH) (618095),Infrastructure & Highways,Ministry of Road Transport & Highways,618095,Karnataka,3515.53,3515.53,501.37,14.3,2024-03-01,2027-12-31,2029-12-31,2026-06-01,0,0.0,0
PAIM-618109,KNT-2021-22-927 (MoRTH) (618109),Infrastructure & Highways,Ministry of Road Transport & Highways,618109,Karnataka,3878.39,3878.39,1995.31,51.4,2024-03-01,2028-12-31,2027-12-31,2026-06-01,36,0.0,0
PAIM-618147,23 (MoRTH) (618147),Infrastructure & Highways,Ministry of Road Transport & Highways,618147,Karnataka,3840.87,3840.87,2470.3,64.3,2024-03-01,2028-12-31,2028-12-31,2026-06-01,12,0.0,0
PAIM-618148,2022-23-979 dated 09.03.2023 (MoRTH) (618148),Infrastructure & Highways,Ministry of Road Transport & Highways,618148,Karnataka,4162.82,4162.82,1030.58,24.8,2024-03-01,2028-12-31,2027-12-31,2026-06-01,18,0.0,0
PAIM-618149,of NH-548B Murrum-Maharashtra Border in the State of Karnataka (MoRTH) (618149),Infrastructure & Highways,Ministry of Road Transport & Highways,618149,Maharashtra,1566.57,1566.57,185.03,11.8,2024-03-01,2026-12-31,2029-12-31,2026-06-01,18,0.0,0
PAIM-618151,23 NH-548B-KNT-2022-23-982 (MoRTH) (618151),Infrastructure & Highways,Ministry of Road Transport & Highways,618151,Karnataka,921.5,921.5,176.67,19.2,2022-03-01,2027-12-31,2027-12-31,2026-06-01,18,0.0,0
PAIM-618184,of Karnataka NH-766C-KNT-2022-23 dated 14.10.2022 (MoRTH) (618184),Infrastructure & Highways,Ministry of Road Transport & Highways,618184,Karnataka,1216.7,1216.7,244.07,20.1,2021-03-01,2027-12-31,2028-12-31,2026-06-01,0,0.0,0
PAIM-618185,Plan 2022-23 NH-766C-KNT-2022-23-969 dated 30.12.2022 (MoRTH) (618185),Infrastructure & Highways,Ministry of Road Transport & Highways,618185,Karnataka,3258.15,3258.15,2533.48,77.8,2023-03-01,2026-12-31,2028-12-31,2026-06-01,18,0.0,0
PAIM-618189,Job No. NH-73Spur-KNT-2023-24-996 (MoRTH) (618189),Infrastructure & Highways,Ministry of Road Transport & Highways,618189,Karnataka,2632.38,2632.38,982.31,37.3,2022-03-01,2026-12-31,2027-12-31,2026-06-01,0,0.0,0
PAIM-618517,403.80 to km. 433.20 (NHAI) (618517),Infrastructure & Highways,Ministry of Road Transport & Highways,618517,Karnataka,4095.11,4095.11,2551.36,62.3,2022-03-01,2026-12-31,2029-12-31,2026-06-01,36,0.0,0
PAIM-618518,Davanagere - Haveri of NH-48 Old NH-4 from km. 260.00 to km. 338.923 (NHAI) (618518),Infrastructure & Highways,Ministry of Road Transport & Highways,618518,Karnataka,2212.14,2212.14,475.43,21.5,2024-03-01,2028-12-31,2027-12-31,2026-06-01,18,0.0,0
PAIM-618520,old NH-207] [Bangalore Ring Road Pkg 1] (NHAI) (618520),Infrastructure & Highways,Ministry of Road Transport & Highways,618520,Karnataka,4332.17,4332.17,3107.82,71.7,2021-03-01,2028-12-31,2028-12-31,2026-06-01,24,0.0,0
PAIM-618630,26.000 to Km. 97.000 in Gulbarga of NH-150C Pkg-II (NHAI) (618630),Infrastructure & Highways,Ministry of Road Transport & Highways,618630,Karnataka,1567.75,1567.75,1275.82,81.4,2022-03-01,2027-12-31,2027-12-31,2026-06-01,36,0.0,0
PAIM-618649,Raichur Section of NH 748 A  Package-6 (NHAI) (618649),Infrastructure & Highways,Ministry of Road Transport & Highways,618649,Karnataka,248.51,248.51,140.09,56.4,2021-03-01,2027-12-31,2028-12-31,2026-06-01,12,0.0,0
PAIM-618650,Raichur Section of NH-748A Package-3 (NHAI) (618650),Infrastructure & Highways,Ministry of Road Transport & Highways,618650,Karnataka,1096.52,1096.52,452.57,41.3,2024-03-01,2026-12-31,2028-12-31,2026-06-01,12,0.0,0
PAIM-618651,Raichur Section of NH-748A Package-2 (NHAI) (618651),Infrastructure & Highways,Ministry of Road Transport & Highways,618651,Karnataka,1773.91,1773.91,260.99,14.7,2022-03-01,2028-12-31,2027-12-31,2026-06-01,24,0.0,0
PAIM-618697,Village Balance work of NH 150A of Bellary  Byrapura Section (NHAI) (618697),Infrastructure & Highways,Ministry of Road Transport & Highways,618697,Karnataka,3507.87,3507.87,1449.01,41.3,2024-03-01,2026-12-31,2028-12-31,2026-06-01,24,0.0,0
PAIM-618702,from Km. 311.57 to Km. 313.67 of NH-75 Old NH-48 (NHAI) (618702),Infrastructure & Highways,Ministry of Road Transport & Highways,618702,Karnataka,427.87,427.87,120.38,28.1,2022-03-01,2027-12-31,2029-12-31,2026-06-01,18,0.0,0
PAIM-618706,Bangalore-Nidagatta Pkg. I (NHAI) (618706),Infrastructure & Highways,Ministry of Road Transport & Highways,618706,Karnataka,4075.08,4075.08,692.65,17.0,2022-03-01,2026-12-31,2028-12-31,2026-06-01,6,0.0,0
PAIM-618707,Access control with close toll from Km.17.300 to  Km.136.300 of NH-275 (NHAI) (618707),Infrastructure & Highways,Ministry of Road Transport & Highways,618707,Karnataka,1762.84,1762.84,1011.8,57.4,2021-03-01,2027-12-31,2027-12-31,2026-06-01,6,0.0,0
PAIM-618709,Dec.Ch. to Km.375450Des.Ch. of NH-63 New-67 (NHAI) (618709),Infrastructure & Highways,Ministry of Road Transport & Highways,618709,Karnataka,3195.17,3195.17,2596.46,81.3,2021-03-01,2027-12-31,2028-12-31,2026-06-01,6,0.0,0
PAIM-618799,Rd. and km 4.965 - km 60.00 of SH-69 (NHAI) (618799),Infrastructure & Highways,Ministry of Road Transport & Highways,618799,Karnataka,2883.28,2883.28,547.6,19.0,2024-03-01,2027-12-31,2028-12-31,2026-06-01,12,0.0,0
PAIM-618870,KR Nagar Jn section from Km. 144.900 to Km. 169.000 of NH-275  Pkg. III (NHAI) (618870),Infrastructure & Highways,Ministry of Road Transport & Highways,618870,Karnataka,1172.25,1172.25,923.69,78.8,2022-03-01,2028-12-31,2028-12-31,2026-06-01,12,0.0,0
PAIM-618871,Pkg. II (NHAI) (618871),Infrastructure & Highways,Ministry of Road Transport & Highways,618871,Karnataka,1786.02,1786.02,404.18,22.6,2021-03-01,2028-12-31,2029-12-31,2026-06-01,6,0.0,0
PAIM-618872,Yelawala Road Junction fcrom Km 169.000 to Km 195.550 of NH-275 Pkg-IV (NHAI) (618872),Infrastructure & Highways,Ministry of Road Transport & Highways,618872,Karnataka,686.34,686.34,98.34,14.3,2023-03-01,2026-12-31,2027-12-31,2026-06-01,36,0.0,0
PAIM-618873,275 Pkg-V (NHAI) (618873),Infrastructure & Highways,Ministry of Road Transport & Highways,618873,Karnataka,4103.66,4103.66,1256.86,30.6,2021-03-01,2027-12-31,2027-12-31,2026-06-01,12,0.0,0
PAIM-618887,Tumkur- Shivamogga Pkg-IV (NHAI) (618887),Infrastructure & Highways,Ministry of Road Transport & Highways,618887,Karnataka,2377.93,2377.93,667.25,28.1,2024-03-01,2028-12-31,2027-12-31,2026-06-01,24,0.0,0
PAIM-618896,Karkala - Mangalore Package-III (NHAI) (618896),Infrastructure & Highways,Ministry of Road Transport & Highways,618896,Karnataka,901.32,901.32,391.61,43.4,2021-03-01,2026-12-31,2027-12-31,2026-06-01,0,0.0,0
PAIM-619065,Bangalore-Chennai Expressway Phase-I Package-II (NHAI) (619065),Infrastructure & Highways,Ministry of Road Transport & Highways,619065,Karnataka,2018.58,2018.58,1336.1,66.2,2023-03-01,2026-12-31,2028-12-31,2026-06-01,0,0.0,0
PAIM-619071,Tumkur - Nelamangala 6L (NHAI) (619071),Infrastructure & Highways,Ministry of Road Transport & Highways,619071,Karnataka,2568.36,2568.36,2121.66,82.6,2021-03-01,2027-12-31,2027-12-31,2026-06-01,12,0.0,0
PAIM-619072,Bangalore/TN border to Hoskote (NHAI) (619072),Infrastructure & Highways,Ministry of Road Transport & Highways,619072,Karnataka,218.23,218.23,155.99,71.5,2021-03-01,2028-12-31,2029-12-31,2026-06-01,24,0.0,0
PAIM-619073,NH-207 [Bangalore Ring Road Pkg 2] (NHAI) (619073),Infrastructure & Highways,Ministry of Road Transport & Highways,619073,Karnataka,981.56,981.56,144.09,14.7,2024-03-01,2026-12-31,2029-12-31,2026-06-01,12,0.0,0
PAIM-619096,Goa / Karnataka Km.93.700 to Kundapur Km.283.30 (NHAI) (619096),Infrastructure & Highways,Ministry of Road Transport & Highways,619096,Karnataka,2949.16,2949.16,957.09,32.5,2024-03-01,2027-12-31,2029-12-31,2026-06-01,0,0.0,0
PAIM-619106,Raichur Section of NH 748 A  Package-5 (NHAI) (619106),Infrastructure & Highways,Ministry of Road Transport & Highways,619106,Karnataka,2570.66,2570.66,1474.54,57.4,2021-03-01,2028-12-31,2028-12-31,2026-06-01,24,0.0,0
PAIM-619107,Raichur Section of NH-748A Package-4 (NHAI) (619107),Infrastructure & Highways,Ministry of Road Transport & Highways,619107,Karnataka,3666.3,3666.3,2458.32,67.1,2022-03-01,2027-12-31,2027-12-31,2026-06-01,18,0.0,0
PAIM-619108,Section of NH-748A Package-1 (NHAI) (619108),Infrastructure & Highways,Ministry of Road Transport & Highways,619108,Karnataka,4152.63,4152.63,2234.09,53.8,2023-03-01,2028-12-31,2029-12-31,2026-06-01,24,0.0,0
PAIM-619117,Hassan km 184.912 to Maranahally km 230.060 of NH - 75 in Karnataka (NHAI) (619117),Infrastructure & Highways,Ministry of Road Transport & Highways,619117,Karnataka,319.71,319.71,187.65,58.7,2024-03-01,2026-12-31,2028-12-31,2026-06-01,18,0.0,0
PAIM-619120,Nidagatta-Mysore Pkg II (NHAI) (619120),Infrastructure & Highways,Ministry of Road Transport & Highways,619120,Karnataka,2965.85,2965.85,1802.53,60.8,2021-03-01,2028-12-31,2029-12-31,2026-06-01,36,0.0,0
PAIM-619138,Yekkambi-Haveri (NHAI) (619138),Infrastructure & Highways,Ministry of Road Transport & Highways,619138,Karnataka,299.86,299.86,32.89,11.0,2021-03-01,2027-12-31,2027-12-31,2026-06-01,36,0.0,0
PAIM-619150,209 in Karnataka (NHAI) (619150),Infrastructure & Highways,Ministry of Road Transport & Highways,619150,Karnataka,4233.35,4233.35,2708.91,64.0,2023-03-01,2026-12-31,2029-12-31,2026-06-01,36,0.0,0
PAIM-619164,Belgaum-Khanapur Pkg I Km 0.000-Km 30.800 of NH-4A (NHAI) (619164),Infrastructure & Highways,Ministry of Road Transport & Highways,619164,Karnataka,3981.43,3981.43,1841.0,46.2,2024-03-01,2026-12-31,2028-12-31,2026-06-01,0,0.0,0
PAIM-619211,97.000 to Km. 162.500 in Yadgir of NH-150C Pkg-III (NHAI) (619211),Infrastructure & Highways,Ministry of Road Transport & Highways,619211,Karnataka,1025.06,1025.06,136.62,13.3,2023-03-01,2027-12-31,2029-12-31,2026-06-01,24,0.0,0
PAIM-619214,Hassan section (NHAI) (619214),Infrastructure & Highways,Ministry of Road Transport & Highways,619214,Karnataka,2681.36,2681.36,371.61,13.9,2024-03-01,2028-12-31,2029-12-31,2026-06-01,0,0.0,0
PAIM-619218,12.300 to Km. 65.195 (NHAI) (619218),Infrastructure & Highways,Ministry of Road Transport & Highways,619218,Karnataka,2060.82,2060.82,1221.54,59.3,2021-03-01,2028-12-31,2027-12-31,2026-06-01,12,0.0,0
PAIM-619219,NH-206 (NHAI) (619219),Infrastructure & Highways,Ministry of Road Transport & Highways,619219,Karnataka,547.08,547.08,384.88,70.4,2021-03-01,2026-12-31,2029-12-31,2026-06-01,0,0.0,0
PAIM-619220,Old NH-206 (NHAI) (619220),Infrastructure & Highways,Ministry of Road Transport & Highways,619220,Karnataka,2192.78,2192.78,1837.87,83.8,2021-03-01,2028-12-31,2028-12-31,2026-06-01,12,0.0,0
PAIM-618070,Annual Plan 2016-17 in the state of Kerala (MoRTH) (618070),Infrastructure & Highways,Ministry of Road Transport & Highways,618070,Multi-State,1513.69,1513.69,523.4,34.6,2022-03-01,2028-12-31,2028-12-31,2026-06-01,0,0.0,0
PAIM-618595,6L of Chengala - Neeleshwaram from km. 56.200 to km. 93.468 (NHAI) (618595),Infrastructure & Highways,Ministry of Road Transport & Highways,618595,Multi-State,3254.07,3254.07,2038.56,62.6,2021-03-01,2026-12-31,2027-12-31,2026-06-01,6,0.0,0
PAIM-618596,6L of Taliparamba to Muzhappilangad from Km 134.650 to Km 170.6 of NH-66 (NHAI) (618596),Infrastructure & Highways,Ministry of Road Transport & Highways,618596,Multi-State,613.63,613.63,261.2,42.6,2022-03-01,2026-12-31,2029-12-31,2026-06-01,18,0.0,0
PAIM-618597,6L of Azhiyur-Vengalam from km. 189.200 to km. 230.400 of NH-66 (NHAI) (618597),Infrastructure & Highways,Ministry of Road Transport & Highways,618597,Multi-State,460.56,460.56,86.03,18.7,2024-03-01,2027-12-31,2028-12-31,2026-06-01,36,0.0,0
PAIM-618598,and allied works (NHAI) (618598),Infrastructure & Highways,Ministry of Road Transport & Highways,618598,Multi-State,317.91,317.91,226.68,71.3,2022-03-01,2026-12-31,2029-12-31,2026-06-01,6,0.0,0
PAIM-618599,6L of Ramanatukkara Junction to start of Valanchery bypass section of NH-66 (NHAI) (618599),Infrastructure & Highways,Ministry of Road Transport & Highways,618599,Multi-State,1938.59,1938.59,668.51,34.5,2021-03-01,2027-12-31,2028-12-31,2026-06-01,6,0.0,0
PAIM-618600,6L of Valanchery bypass to Kappirikkad of NH  66 from km. 298500 to km 335850 (NHAI) (618600),Infrastructure & Highways,Ministry of Road Transport & Highways,618600,Multi-State,227.52,227.52,144.46,63.5,2021-03-01,2026-12-31,2029-12-31,2026-06-01,36,0.0,0
PAIM-618601,NH-17 (NHAI) (618601),Infrastructure & Highways,Ministry of Road Transport & Highways,618601,Multi-State,1931.36,1931.36,1586.84,82.2,2022-03-01,2026-12-31,2028-12-31,2026-06-01,36,0.0,0
PAIM-618602,NH-17 (NHAI) (618602),Infrastructure & Highways,Ministry of Road Transport & Highways,618602,Multi-State,2633.43,2633.43,1245.28,47.3,2021-03-01,2028-12-31,2029-12-31,2026-06-01,12,0.0,0
PAIM-618603,NH-17 (NHAI) (618603),Infrastructure & Highways,Ministry of Road Transport & Highways,618603,Multi-State,1068.77,1068.77,877.15,82.1,2022-03-01,2028-12-31,2028-12-31,2026-06-01,36,0.0,0
PAIM-618604,Aroor-Thuravoor Thekku (NHAI) (618604),Infrastructure & Highways,Ministry of Road Transport & Highways,618604,Multi-State,4090.96,4090.96,2701.67,66.0,2022-03-01,2026-12-31,2028-12-31,2026-06-01,24,0.0,0
PAIM-618605,Thuravoor Thekku-Paravoor (NHAI) (618605),Infrastructure & Highways,Ministry of Road Transport & Highways,618605,Multi-State,251.4,251.4,96.93,38.6,2023-03-01,2028-12-31,2028-12-31,2026-06-01,0,0.0,0
PAIM-618606,Paravoor-Kottankulangara (NHAI) (618606),Infrastructure & Highways,Ministry of Road Transport & Highways,618606,Multi-State,248.48,248.48,122.58,49.3,2024-03-01,2028-12-31,2027-12-31,2026-06-01,18,0.0,0
PAIM-618607,Kottankulangara- Start of Kollam Bypass (NHAI) (618607),Infrastructure & Highways,Ministry of Road Transport & Highways,618607,Multi-State,4301.76,4301.76,593.15,13.8,2022-03-01,2026-12-31,2028-12-31,2026-06-01,0,0.0,0
PAIM-618708,2L/LPS section in the state of Kerala on EPC Mode under Bharatmala Pariyojana (NHAI) (618708),Infrastructure & Highways,Ministry of Road Transport & Highways,618708,Multi-State,3475.23,3475.23,1770.13,50.9,2021-03-01,2027-12-31,2027-12-31,2026-06-01,24,0.0,0
PAIM-619098,Kozhikode Bypass Calicut Bypass Vengalam Jn. to Ramanattukara Jn. (NHAI) (619098),Infrastructure & Highways,Ministry of Road Transport & Highways,619098,Multi-State,1396.44,1396.44,1144.62,82.0,2023-03-01,2027-12-31,2029-12-31,2026-06-01,0,0.0,0
PAIM-619206,6L of Perole Nileshwar town to Taliparamba from Km 94.248 to Km 134.650 of NH-66 (NHAI) (619206),Infrastructure & Highways,Ministry of Road Transport & Highways,619206,Multi-State,3712.84,3712.84,1151.14,31.0,2022-03-01,2028-12-31,2029-12-31,2026-06-01,24,0.0,0
PAIM-619207,Start of Kollam Bypass - Kadambattukonam (NHAI) (619207),Infrastructure & Highways,Ministry of Road Transport & Highways,619207,Multi-State,4427.25,4427.25,3241.27,73.2,2021-03-01,2028-12-31,2028-12-31,2026-06-01,24,0.0,0
PAIM-619208,Kadambattukonam-Kazhakuttom (NHAI) (619208),Infrastructure & Highways,Ministry of Road Transport & Highways,619208,Multi-State,1245.2,1245.2,550.19,44.2,2022-03-01,2028-12-31,2027-12-31,2026-06-01,18,0.0,0
PAIM-618408,Kargil Zanskar Road (NHIDCL) (618408),Infrastructure & Highways,Ministry of Road Transport & Highways,618408,Multi-State,1910.37,1910.37,656.46,34.4,2021-03-01,2027-12-31,2027-12-31,2026-06-01,0,0.0,0
PAIM-618409,30.000 Km length Pkg-lll (NHIDCL) (618409),Infrastructure & Highways,Ministry of Road Transport & Highways,618409,Multi-State,3242.82,3242.82,2049.78,63.2,2022-03-01,2026-12-31,2028-12-31,2026-06-01,24,0.0,0
PAIM-618410,of 26.960 Km length Pkg-II (NHIDCL) (618410),Infrastructure & Highways,Ministry of Road Transport & Highways,618410,Multi-State,2254.32,2254.32,880.14,39.0,2022-03-01,2028-12-31,2027-12-31,2026-06-01,0,0.0,0
PAIM-617909,19.200 in the State of Madhya Pradesh on Hybrid Annuity Mode HAM. (MoRTH) (617909),Infrastructure & Highways,Ministry of Road Transport & Highways,617909,Madhya Pradesh,558.66,558.66,290.21,51.9,2023-03-01,2026-12-31,2029-12-31,2026-06-01,18,0.0,0
PAIM-617911,on EPC mode under NHDP-IVA (MoRTH) (617911),Infrastructure & Highways,Ministry of Road Transport & Highways,617911,Madhya Pradesh,1800.81,1800.81,1124.64,62.5,2022-03-01,2028-12-31,2027-12-31,2026-06-01,24,0.0,0
PAIM-617914,Pradesh on EPC mode (MoRTH) (617914),Infrastructure & Highways,Ministry of Road Transport & Highways,617914,Madhya Pradesh,576.26,576.26,375.19,65.1,2022-03-01,2026-12-31,2028-12-31,2026-06-01,18,0.0,0
PAIM-617915,9.1 km in the state of Madhya Pradesh on EPC mode. (MoRTH) (617915),Infrastructure & Highways,Ministry of Road Transport & Highways,617915,Madhya Pradesh,3362.5,3362.5,2018.83,60.0,2024-03-01,2027-12-31,2029-12-31,2026-06-01,6,0.0,0
PAIM-618019,the State of Madhya Pradesh under EPC mode. (MoRTH) (618019),Infrastructure & Highways,Ministry of Road Transport & Highways,618019,Madhya Pradesh,1846.36,1846.36,1344.43,72.8,2023-03-01,2028-12-31,2027-12-31,2026-06-01,24,0.0,0
PAIM-618020,up areas in a total length of 22.615 km in the state of Madhya Pradesh on EPC mode. (MoRTH) (618020),Infrastructure & Highways,Ministry of Road Transport & Highways,618020,Madhya Pradesh,3737.2,3737.2,2910.23,77.9,2023-03-01,2028-12-31,2029-12-31,2026-06-01,24,0.0,0
PAIM-618021,two lane with paved shoulders in the state of Madhya Pradesh on EPC mode (MoRTH) (618021),Infrastructure & Highways,Ministry of Road Transport & Highways,618021,Madhya Pradesh,361.12,361.12,60.2,16.7,2022-03-01,2027-12-31,2029-12-31,2026-06-01,12,0.0,0
PAIM-618035,Pradesh on EPCmode. (MoRTH) (618035),Infrastructure & Highways,Ministry of Road Transport & Highways,618035,Madhya Pradesh,3856.96,3856.96,589.95,15.3,2023-03-01,2028-12-31,2028-12-31,2026-06-01,36,0.0,0
PAIM-618036,Pradesh on EPCmode. (MoRTH) (618036),Infrastructure & Highways,Ministry of Road Transport & Highways,618036,Madhya Pradesh,2373.21,2373.21,1901.61,80.1,2021-03-01,2028-12-31,2028-12-31,2026-06-01,12,0.0,0
PAIM-618043,a total length of 7.23 km in the state of Madhya Pradesh on EPC mode (MoRTH) (618043),Infrastructure & Highways,Ministry of Road Transport & Highways,618043,Madhya Pradesh,496.42,496.42,242.31,48.8,2021-03-01,2026-12-31,2027-12-31,2026-06-01,36,0.0,0
PAIM-618044,Pradesh (MoRTH) (618044),Infrastructure & Highways,Ministry of Road Transport & Highways,618044,Madhya Pradesh,1019.3,1019.3,425.57,41.8,2023-03-01,2026-12-31,2028-12-31,2026-06-01,0,0.0,0
PAIM-618068,pavement on NH-943 in the State of Madhya Pradesh on EPC Mode. (MoRTH) (618068),Infrastructure & Highways,Ministry of Road Transport & Highways,618068,Madhya Pradesh,348.23,348.23,281.48,80.8,2021-03-01,2026-12-31,2027-12-31,2026-06-01,24,0.0,0
PAIM-618085,Km 0150 to Km 50500 of NH-146B in the state of Madhya Pradesh on EPC mode. (MoRTH) (618085),Infrastructure & Highways,Ministry of Road Transport & Highways,618085,Madhya Pradesh,1452.24,1452.24,383.44,26.4,2022-03-01,2028-12-31,2027-12-31,2026-06-01,24,0.0,0
PAIM-618129,configuration in the State of Madhya Pradesh on EPC mode. (MoRTH) (618129),Infrastructure & Highways,Ministry of Road Transport & Highways,618129,Madhya Pradesh,4259.22,4259.22,880.7,20.7,2023-03-01,2026-12-31,2027-12-31,2026-06-01,6,0.0,0
PAIM-618156,Madhya Pradesh on EPC mode (MoRTH) (618156),Infrastructure & Highways,Ministry of Road Transport & Highways,618156,Madhya Pradesh,742.0,742.0,562.65,75.8,2022-03-01,2026-12-31,2029-12-31,2026-06-01,24,0.0,0
PAIM-618157,Pradesh on EPC mode. (MoRTH) (618157),Infrastructure & Highways,Ministry of Road Transport & Highways,618157,Madhya Pradesh,2240.8,2240.8,1575.24,70.3,2023-03-01,2026-12-31,2029-12-31,2026-06-01,0,0.0,0
PAIM-618158,Pradesh on EPC mode (MoRTH) (618158),Infrastructure & Highways,Ministry of Road Transport & Highways,618158,Madhya Pradesh,2867.38,2867.38,1463.78,51.0,2024-03-01,2027-12-31,2027-12-31,2026-06-01,24,0.0,0
PAIM-618170,10.470 km in the State of Madhya Pradesh on EPC mode. (MoRTH) (618170),Infrastructure & Highways,Ministry of Road Transport & Highways,618170,Madhya Pradesh,838.73,838.73,363.12,43.3,2024-03-01,2028-12-31,2029-12-31,2026-06-01,12,0.0,0
PAIM-618171,to 2LPS in the State of Madhya Pradesh under EPC mode (MoRTH) (618171),Infrastructure & Highways,Ministry of Road Transport & Highways,618171,Madhya Pradesh,658.75,658.75,470.5,71.4,2023-03-01,2027-12-31,2027-12-31,2026-06-01,12,0.0,0
PAIM-618619,Bypass on Western side of Gwalior City (NHAI) (618619),Infrastructure & Highways,Ministry of Road Transport & Highways,618619,Madhya Pradesh,1458.47,1458.47,592.63,40.6,2021-03-01,2027-12-31,2028-12-31,2026-06-01,12,0.0,0
PAIM-618620,Dewas section of NH-52 in the state of Madhya Pradesh on EPC Mode (NHAI) (618620),Infrastructure & Highways,Ministry of Road Transport & Highways,618620,Madhya Pradesh,2703.1,2703.1,309.06,11.4,2021-03-01,2028-12-31,2027-12-31,2026-06-01,6,0.0,0
PAIM-618621,Indore - Edlabad Pkg-II [Tejajinagar to Balwara] (NHAI) (618621),Infrastructure & Highways,Ministry of Road Transport & Highways,618621,Madhya Pradesh,822.53,822.53,451.28,54.9,2023-03-01,2026-12-31,2027-12-31,2026-06-01,18,0.0,0
PAIM-618622,of NH347BG & 753L (NHAI) (618622),Infrastructure & Highways,Ministry of Road Transport & Highways,618622,Madhya Pradesh,1831.05,1831.05,512.08,28.0,2023-03-01,2026-12-31,2029-12-31,2026-06-01,6,0.0,0
PAIM-618623,753L (NHAI) (618623),Infrastructure & Highways,Ministry of Road Transport & Highways,618623,Madhya Pradesh,2295.95,2295.95,1163.13,50.7,2021-03-01,2026-12-31,2029-12-31,2026-06-01,0,0.0,0
PAIM-618654,4L Greenfield Rudhi to Deshgaon Pkg V of Betul-Khandwa/Deshgaon (NHAI) (618654),Infrastructure & Highways,Ministry of Road Transport & Highways,618654,Madhya Pradesh,1000.36,1000.36,507.81,50.8,2021-03-01,2028-12-31,2029-12-31,2026-06-01,6,0.0,0
PAIM-618655,114.000 KM Package  III of Betul  Khandwa (NHAI) (618655),Infrastructure & Highways,Ministry of Road Transport & Highways,618655,Madhya Pradesh,1964.55,1964.55,334.93,17.0,2024-03-01,2026-12-31,2027-12-31,2026-06-01,0,0.0,0
PAIM-618661,4L from km 0.000 to 42.040 Bhopal Ratnaigiri Tiraha to Vidisha Morikodi (NHAI) (618661),Infrastructure & Highways,Ministry of Road Transport & Highways,618661,Madhya Pradesh,1659.6,1659.6,450.37,27.1,2021-03-01,2027-12-31,2027-12-31,2026-06-01,24,0.0,0
PAIM-618662,chainage km 81240  to Design Chainage km 88361 existing chainage km 110.315 (NHAI) (618662),Infrastructure & Highways,Ministry of Road Transport & Highways,618662,Madhya Pradesh,3156.79,3156.79,738.84,23.4,2024-03-01,2026-12-31,2029-12-31,2026-06-01,6,0.0,0
PAIM-618663,NH-146 (NHAI) (618663),Infrastructure & Highways,Ministry of Road Transport & Highways,618663,Madhya Pradesh,4329.4,4329.4,938.57,21.7,2023-03-01,2028-12-31,2028-12-31,2026-06-01,6,0.0,0
PAIM-618664,Berkhedi to Godpehra on NH-44 Sagar link road (NHAI) (618664),Infrastructure & Highways,Ministry of Road Transport & Highways,618664,Madhya Pradesh,2224.23,2224.23,1133.29,51.0,2023-03-01,2027-12-31,2027-12-31,2026-06-01,0,0.0,0
PAIM-618666,length 39.575 km Package-2 in the State of Madhya Pradesh on EPC Mode (NHAI) (618666),Infrastructure & Highways,Ministry of Road Transport & Highways,618666,Madhya Pradesh,800.79,800.79,606.39,75.7,2022-03-01,2027-12-31,2027-12-31,2026-06-01,36,0.0,0
PAIM-618667,145.000 Package-3 (NHAI) (618667),Infrastructure & Highways,Ministry of Road Transport & Highways,618667,Madhya Pradesh,2283.25,2283.25,1874.7,82.1,2024-03-01,2026-12-31,2027-12-31,2026-06-01,36,0.0,0
PAIM-618671,134.549 (NHAI) (618671),Infrastructure & Highways,Ministry of Road Transport & Highways,618671,Madhya Pradesh,2528.05,2528.05,1450.14,57.4,2024-03-01,2027-12-31,2029-12-31,2026-06-01,0,0.0,0
PAIM-618672,124470 in the state of MP on HAM mode (NHAI) (618672),Infrastructure & Highways,Ministry of Road Transport & Highways,618672,Madhya Pradesh,603.21,603.21,484.05,80.2,2022-03-01,2027-12-31,2029-12-31,2026-06-01,6,0.0,0
PAIM-618684,Outer Ring Road of Jabalpur Town from Manegaon to NH-45 Pkg-2 (NHAI) (618684),Infrastructure & Highways,Ministry of Road Transport & Highways,618684,Madhya Pradesh,2642.54,2642.54,1215.76,46.0,2022-03-01,2027-12-31,2027-12-31,2026-06-01,36,0.0,0
PAIM-618685,Outer Ring Road of Jabalpur Town from NH45 to Kushner Pkg-3 (NHAI) (618685),Infrastructure & Highways,Ministry of Road Transport & Highways,618685,Madhya Pradesh,3919.34,3919.34,1723.49,44.0,2024-03-01,2028-12-31,2028-12-31,2026-06-01,24,0.0,0
PAIM-618686,Connectivity Pkg-IV (NHAI) (618686),Infrastructure & Highways,Ministry of Road Transport & Highways,618686,Madhya Pradesh,4021.14,4021.14,857.87,21.3,2021-03-01,2028-12-31,2027-12-31,2026-06-01,36,0.0,0
PAIM-618687,Outer Ring Road of Jabalpur Town from Barela to Manegaon Pkg-1 (NHAI) (618687),Infrastructure & Highways,Ministry of Road Transport & Highways,618687,Madhya Pradesh,496.19,496.19,337.64,68.0,2021-03-01,2026-12-31,2028-12-31,2026-06-01,36,0.0,0
PAIM-618688,to barela Pkg-V (NHAI) (618688),Infrastructure & Highways,Ministry of Road Transport & Highways,618688,Madhya Pradesh,785.96,785.96,510.05,64.9,2023-03-01,2027-12-31,2028-12-31,2026-06-01,24,0.0,0
PAIM-618694,Indore - Harda Pkg-I [Indore to Raghav Garh from km. 0.25 to km. 26.903] (NHAI) (618694),Infrastructure & Highways,Ministry of Road Transport & Highways,618694,Madhya Pradesh,3365.77,3365.77,381.38,11.3,2023-03-01,2026-12-31,2027-12-31,2026-06-01,36,0.0,0
PAIM-618735,41.400 of  NH-148NG Pkg-I (NHAI) (618735),Infrastructure & Highways,Ministry of Road Transport & Highways,618735,Madhya Pradesh,4436.43,4436.43,2991.25,67.4,2023-03-01,2026-12-31,2028-12-31,2026-06-01,36,0.0,0
PAIM-618751,Mehulwa-Talbehat Pkg-II Section of NH- 346 (NHAI) (618751),Infrastructure & Highways,Ministry of Road Transport & Highways,618751,Madhya Pradesh,1819.01,1819.01,685.94,37.7,2022-03-01,2026-12-31,2028-12-31,2026-06-01,24,0.0,0
PAIM-618762,Itarsi Km. 63.000 to Betul Km. 137.000 of NH-69 in Madhya Pradesh (NHAI) (618762),Infrastructure & Highways,Ministry of Road Transport & Highways,618762,Madhya Pradesh,2787.23,2787.23,1084.32,38.9,2021-03-01,2027-12-31,2028-12-31,2026-06-01,36,0.0,0
PAIM-618784,in the State of Madhya Pradesh (NHAI) (618784),Infrastructure & Highways,Ministry of Road Transport & Highways,618784,Madhya Pradesh,2080.48,2080.48,1133.66,54.5,2022-03-01,2028-12-31,2028-12-31,2026-06-01,18,0.0,0
PAIM-618932,State of Madhya Pradesh on Hybrid Annuity Mode under NHO (NHAI) (618932),Infrastructure & Highways,Ministry of Road Transport & Highways,618932,Madhya Pradesh,2093.49,2093.49,1049.23,50.1,2023-03-01,2027-12-31,2027-12-31,2026-06-01,12,0.0,0
PAIM-618933,the state of Madhya Pradesh on Hybrid Annuity Mode under NHO (NHAI) (618933),Infrastructure & Highways,Ministry of Road Transport & Highways,618933,Madhya Pradesh,201.97,201.97,89.06,44.1,2023-03-01,2027-12-31,2027-12-31,2026-06-01,36,0.0,0
PAIM-618962,Km. 102.000 (NHAI) (618962),Infrastructure & Highways,Ministry of Road Transport & Highways,618962,Madhya Pradesh,3439.58,3439.58,364.64,10.6,2022-03-01,2028-12-31,2028-12-31,2026-06-01,24,0.0,0
PAIM-618963,from design km 102.000 to design km 142.357 Design length 40.357 km (NHAI) (618963),Infrastructure & Highways,Ministry of Road Transport & Highways,618963,Madhya Pradesh,2094.96,2094.96,1120.86,53.5,2023-03-01,2028-12-31,2029-12-31,2026-06-01,18,0.0,0
PAIM-618964,4 Laning of Sandalpur to Nasrullaganj Pkg-1 section of NH-146B Length 43.2 Km. (NHAI) (618964),Infrastructure & Highways,Ministry of Road Transport & Highways,618964,Madhya Pradesh,1968.31,1968.31,1269.29,64.5,2024-03-01,2027-12-31,2028-12-31,2026-06-01,12,0.0,0
PAIM-618966,near Ashram Tiraha on NH-46 to Km 16439 end at Ratnagiri Tiraha on Nh-146 (NHAI) (618966),Infrastructure & Highways,Ministry of Road Transport & Highways,618966,Madhya Pradesh,1257.76,1257.76,397.2,31.6,2022-03-01,2026-12-31,2028-12-31,2026-06-01,0,0.0,0
PAIM-619007,Madhya Pradesh on EPC mode. (MoRTH) (619007),Infrastructure & Highways,Ministry of Road Transport & Highways,619007,Madhya Pradesh,3794.67,3794.67,772.68,20.4,2024-03-01,2026-12-31,2027-12-31,2026-06-01,6,0.0,0
PAIM-619100,Dhangaon - Borgaon section km 81.000 to km 139.000 [Indore - Edlabad Pkg IV] (NHAI) (619100),Infrastructure & Highways,Ministry of Road Transport & Highways,619100,Madhya Pradesh,3581.24,3581.24,861.69,24.1,2022-03-01,2028-12-31,2027-12-31,2026-06-01,36,0.0,0
PAIM-619114,Indore - Harda Pkg-II [Raghavgarh to Nanasa from km. 29.30 to km. 92.30] (NHAI) (619114),Infrastructure & Highways,Ministry of Road Transport & Highways,619114,Madhya Pradesh,2430.24,2430.24,729.66,30.0,2022-03-01,2027-12-31,2028-12-31,2026-06-01,18,0.0,0
PAIM-617912,in Nagpur district in the state of Maharashtra on HAM mode. (MoRTH) (617912),Infrastructure & Highways,Ministry of Road Transport & Highways,617912,Maharashtra,3867.86,3867.86,2391.39,61.8,2021-03-01,2027-12-31,2027-12-31,2026-06-01,18,0.0,0
PAIM-617932,on EPC mode in the State of Maharashtra. (MoRTH) (617932),Infrastructure & Highways,Ministry of Road Transport & Highways,617932,Maharashtra,378.17,378.17,107.67,28.5,2021-03-01,2026-12-31,2027-12-31,2026-06-01,6,0.0,0
PAIM-617934,Nasratpur to Barasgaon section of NH-61 2L / 4L  PS from Km.514/00 to 558/200 (MoRTH) (617934),Infrastructure & Highways,Ministry of Road Transport & Highways,617934,Maharashtra,1674.97,1674.97,754.37,45.0,2021-03-01,2028-12-31,2029-12-31,2026-06-01,6,0.0,0
PAIM-617937,Udgir Raavi Degloor Aadampur phata to Sagroli fata (MoRTH) (617937),Infrastructure & Highways,Ministry of Road Transport & Highways,617937,Maharashtra,2273.24,2273.24,434.64,19.1,2022-03-01,2028-12-31,2028-12-31,2026-06-01,36,0.0,0
PAIM-617938,EPC mode under Annual Plan 2024-25 Total length - 37.525 Km. (MoRTH) (617938),Infrastructure & Highways,Ministry of Road Transport & Highways,617938,Maharashtra,2388.56,2388.56,807.35,33.8,2022-03-01,2026-12-31,2028-12-31,2026-06-01,6,0.0,0
PAIM-617945,Maharashtra under NHO on EPC Mode. (MoRTH) (617945),Infrastructure & Highways,Ministry of Road Transport & Highways,617945,Maharashtra,1903.29,1903.29,1529.89,80.4,2021-03-01,2027-12-31,2029-12-31,2026-06-01,24,0.0,0
PAIM-617946,Kashedi to Parshuram Ghat section of NH-66 from Km 161/600 - Km 205/400 - 4L  PS (MoRTH) (617946),Infrastructure & Highways,Ministry of Road Transport & Highways,617946,Maharashtra,2630.2,2630.2,1065.45,40.5,2022-03-01,2028-12-31,2029-12-31,2026-06-01,12,0.0,0
PAIM-617947,Arawali Kante section of NH-17New NH-66 4L  PS from Km.241/300 to 281/300 (MoRTH) (617947),Infrastructure & Highways,Ministry of Road Transport & Highways,617947,Maharashtra,3853.43,3853.43,1687.83,43.8,2021-03-01,2026-12-31,2027-12-31,2026-06-01,12,0.0,0
PAIM-617948,Kante - Wakad section of NH-66 4L  PS from Km.281/300 to 332/200 (MoRTH) (617948),Infrastructure & Highways,Ministry of Road Transport & Highways,617948,Maharashtra,1822.36,1822.36,443.17,24.3,2022-03-01,2027-12-31,2028-12-31,2026-06-01,6,0.0,0
PAIM-617965,Kopargaon to Savali Vihir section (MoRTH) (617965),Infrastructure & Highways,Ministry of Road Transport & Highways,617965,Maharashtra,1203.94,1203.94,353.01,29.3,2022-03-01,2026-12-31,2028-12-31,2026-06-01,12,0.0,0
PAIM-617978,392/950 ending at Vita Village in the State of Maharashtra on EPC Mode. (MoRTH) (617978),Infrastructure & Highways,Ministry of Road Transport & Highways,617978,Maharashtra,3661.87,3661.87,2382.67,65.1,2024-03-01,2027-12-31,2029-12-31,2026-06-01,6,0.0,0
PAIM-617979,340466km in the S (MoRTH) (617979),Infrastructure & Highways,Ministry of Road Transport & Highways,617979,Maharashtra,3099.0,3099.0,1202.31,38.8,2024-03-01,2026-12-31,2029-12-31,2026-06-01,6,0.0,0
PAIM-618042,mode in the State of Maharashtra (MoRTH) (618042),Infrastructure & Highways,Ministry of Road Transport & Highways,618042,Maharashtra,4111.25,4111.25,1420.93,34.6,2021-03-01,2026-12-31,2028-12-31,2026-06-01,0,0.0,0
PAIM-618047,State of Maharashtra on EPC mode. Length  49.713 km (MoRTH) (618047),Infrastructure & Highways,Ministry of Road Transport & Highways,618047,Maharashtra,2354.96,2354.96,398.92,16.9,2023-03-01,2026-12-31,2028-12-31,2026-06-01,6,0.0,0
PAIM-618049,Maharashtra on EPC mode. (MoRTH) (618049),Infrastructure & Highways,Ministry of Road Transport & Highways,618049,Maharashtra,1076.36,1076.36,870.69,80.9,2022-03-01,2028-12-31,2028-12-31,2026-06-01,0,0.0,0
PAIM-618059,Maharashtra. Total Length of the project 15.781 Km. (MoRTH) (618059),Infrastructure & Highways,Ministry of Road Transport & Highways,618059,Maharashtra,3928.86,3928.86,3023.94,77.0,2021-03-01,2028-12-31,2027-12-31,2026-06-01,6,0.0,0
PAIM-618061,Mode Length 37.970 Km (MoRTH) (618061),Infrastructure & Highways,Ministry of Road Transport & Highways,618061,Maharashtra,4413.61,4413.61,1338.05,30.3,2023-03-01,2027-12-31,2027-12-31,2026-06-01,12,0.0,0
PAIM-618065,the (MoRTH) (618065),Infrastructure & Highways,Ministry of Road Transport & Highways,618065,Maharashtra,3902.26,3902.26,2301.27,59.0,2023-03-01,2026-12-31,2028-12-31,2026-06-01,0,0.0,0
PAIM-618088,Nandurshingote to Kolhar (MoRTH) (618088),Infrastructure & Highways,Ministry of Road Transport & Highways,618088,Maharashtra,4155.11,4155.11,1866.69,44.9,2023-03-01,2028-12-31,2027-12-31,2026-06-01,36,0.0,0
PAIM-618089,Maharashtra on EPC mode. (MoRTH) (618089),Infrastructure & Highways,Ministry of Road Transport & Highways,618089,Maharashtra,4126.75,4126.75,1876.54,45.5,2023-03-01,2026-12-31,2029-12-31,2026-06-01,36,0.0,0
PAIM-618094,Pen to Khopoli 2LPS (MoRTH) (618094),Infrastructure & Highways,Ministry of Road Transport & Highways,618094,Maharashtra,2596.36,2596.36,1607.73,61.9,2022-03-01,2028-12-31,2028-12-31,2026-06-01,12,0.0,0
PAIM-618096,417 of NH-166E in the state of Maharashtra on EPC mode. (MoRTH) (618096),Infrastructure & Highways,Ministry of Road Transport & Highways,618096,Maharashtra,2095.33,2095.33,666.22,31.8,2022-03-01,2028-12-31,2029-12-31,2026-06-01,18,0.0,0
PAIM-618097,53/600 Sati on NH-166E (MoRTH) (618097),Infrastructure & Highways,Ministry of Road Transport & Highways,618097,Maharashtra,1395.15,1395.15,469.43,33.6,2021-03-01,2028-12-31,2029-12-31,2026-06-01,0,0.0,0
PAIM-618098,mode (MoRTH) (618098),Infrastructure & Highways,Ministry of Road Transport & Highways,618098,Maharashtra,3962.33,3962.33,3278.38,82.7,2022-03-01,2027-12-31,2028-12-31,2026-06-01,36,0.0,0
PAIM-618133,Gadchiroli Dist in the State of Maharashtra. (MoRTH) (618133),Infrastructure & Highways,Ministry of Road Transport & Highways,618133,Maharashtra,920.81,920.81,552.83,60.0,2024-03-01,2027-12-31,2029-12-31,2026-06-01,0,0.0,0
PAIM-618134,District on EPC mode in the state of Maharashtra. (MoRTH) (618134),Infrastructure & Highways,Ministry of Road Transport & Highways,618134,Maharashtra,2110.62,2110.62,1751.65,83.0,2024-03-01,2028-12-31,2029-12-31,2026-06-01,6,0.0,0
PAIM-618137,EPC mode Length  55.5 Km. (MoRTH) (618137),Infrastructure & Highways,Ministry of Road Transport & Highways,618137,Maharashtra,582.11,582.11,198.14,34.0,2023-03-01,2027-12-31,2029-12-31,2026-06-01,24,0.0,0
PAIM-618138,km (MoRTH) (618138),Infrastructure & Highways,Ministry of Road Transport & Highways,618138,Maharashtra,2026.93,2026.93,899.17,44.4,2021-03-01,2026-12-31,2028-12-31,2026-06-01,6,0.0,0
PAIM-618139,of Maharashtra on EPC mode Length - 41.00 Km. (MoRTH) (618139),Infrastructure & Highways,Ministry of Road Transport & Highways,618139,Maharashtra,945.11,945.11,591.31,62.6,2023-03-01,2028-12-31,2029-12-31,2026-06-01,12,0.0,0
PAIM-618150,Total project length  70.9 Km. (MoRTH) (618150),Infrastructure & Highways,Ministry of Road Transport & Highways,618150,Maharashtra,1335.53,1335.53,366.3,27.4,2021-03-01,2027-12-31,2028-12-31,2026-06-01,12,0.0,0
PAIM-618152,Mhaswad to Tembhurni section of NH-548C - 2L  PS (MoRTH) (618152),Infrastructure & Highways,Ministry of Road Transport & Highways,618152,Maharashtra,3693.12,3693.12,566.08,15.3,2022-03-01,2026-12-31,2027-12-31,2026-06-01,6,0.0,0
PAIM-618153,Satara to Mhaswad (MoRTH) (618153),Infrastructure & Highways,Ministry of Road Transport & Highways,618153,Maharashtra,376.66,376.66,197.23,52.4,2024-03-01,2027-12-31,2027-12-31,2026-06-01,0,0.0,0
PAIM-618154,pavement in the state of Maharashtra on EPC mode. (MoRTH) (618154),Infrastructure & Highways,Ministry of Road Transport & Highways,618154,Maharashtra,1893.78,1893.78,735.97,38.9,2022-03-01,2027-12-31,2027-12-31,2026-06-01,24,0.0,0
PAIM-618155,State of Maharashtra. (MoRTH) (618155),Infrastructure & Highways,Ministry of Road Transport & Highways,618155,Maharashtra,1606.51,1606.51,567.67,35.3,2021-03-01,2026-12-31,2028-12-31,2026-06-01,36,0.0,0
PAIM-618172,Paithan - Shirur section 2LPS Km 0.0 to 55.00 (MoRTH) (618172),Infrastructure & Highways,Ministry of Road Transport & Highways,618172,Maharashtra,2188.03,2188.03,1837.45,84.0,2024-03-01,2026-12-31,2027-12-31,2026-06-01,24,0.0,0
PAIM-618173,Shirur-Kharda section from 55937 km to 114486 km to 2LPS/4L (MoRTH) (618173),Infrastructure & Highways,Ministry of Road Transport & Highways,618173,Maharashtra,3063.48,3063.48,542.2,17.7,2024-03-01,2027-12-31,2028-12-31,2026-06-01,6,0.0,0
PAIM-618174,state of Maharashtra on EPC Mode. Length  21.411 km. (MoRTH) (618174),Infrastructure & Highways,Ministry of Road Transport & Highways,618174,Maharashtra,3822.92,3822.92,569.78,14.9,2024-03-01,2028-12-31,2029-12-31,2026-06-01,6,0.0,0
PAIM-618175,configuration in the state of Maharashtra on EPC mode. (MoRTH) (618175),Infrastructure & Highways,Ministry of Road Transport & Highways,618175,Maharashtra,3878.59,3878.59,1760.58,45.4,2023-03-01,2026-12-31,2027-12-31,2026-06-01,6,0.0,0
PAIM-618176,on EPC mode. (MoRTH) (618176),Infrastructure & Highways,Ministry of Road Transport & Highways,618176,Maharashtra,1224.4,1224.4,870.25,71.1,2021-03-01,2028-12-31,2028-12-31,2026-06-01,0,0.0,0
PAIM-618177,Pal Phata Phulambri - Khultabad 2LPS (MoRTH) (618177),Infrastructure & Highways,Ministry of Road Transport & Highways,618177,Maharashtra,3572.0,3572.0,2044.38,57.2,2023-03-01,2028-12-31,2027-12-31,2026-06-01,18,0.0,0
PAIM-618178,on EPC mode in the State of Maharashtra. (MoRTH) (618178),Infrastructure & Highways,Ministry of Road Transport & Highways,618178,Maharashtra,1067.76,1067.76,530.53,49.7,2021-03-01,2028-12-31,2028-12-31,2026-06-01,0,0.0,0
PAIM-618179,Mode. (MoRTH) (618179),Infrastructure & Highways,Ministry of Road Transport & Highways,618179,Maharashtra,3262.12,3262.12,393.08,12.0,2022-03-01,2026-12-31,2028-12-31,2026-06-01,18,0.0,0
PAIM-618180,Pune raigarh District Border To Mangaon    Ch 69000 to 103775    NH-753F (MoRTH) (618180),Infrastructure & Highways,Ministry of Road Transport & Highways,618180,Maharashtra,1384.39,1384.39,531.52,38.4,2022-03-01,2026-12-31,2028-12-31,2026-06-01,24,0.0,0
PAIM-618188,mode in the State of Maharashtra. (MoRTH) (618188),Infrastructure & Highways,Ministry of Road Transport & Highways,618188,Maharashtra,3667.97,3667.97,2522.88,68.8,2023-03-01,2028-12-31,2028-12-31,2026-06-01,12,0.0,0
PAIM-618198,Maharashtra on EPC mode. Balance Work (MoRTH) (618198),Infrastructure & Highways,Ministry of Road Transport & Highways,618198,Maharashtra,2767.23,2767.23,1621.8,58.6,2024-03-01,2026-12-31,2027-12-31,2026-06-01,0,0.0,0
PAIM-618199,the state of Maharashtra on EPC mode. (MoRTH) (618199),Infrastructure & Highways,Ministry of Road Transport & Highways,618199,Maharashtra,3027.08,3027.08,2543.42,84.0,2024-03-01,2027-12-31,2027-12-31,2026-06-01,24,0.0,0
PAIM-618469,Shirsad - Masvan (NHAI) (618469),Infrastructure & Highways,Ministry of Road Transport & Highways,618469,Maharashtra,3541.31,3541.31,2536.42,71.6,2022-03-01,2026-12-31,2029-12-31,2026-06-01,36,0.0,0
PAIM-618470,Shirsad - Akloli (NHAI) (618470),Infrastructure & Highways,Ministry of Road Transport & Highways,618470,Maharashtra,1799.08,1799.08,1450.23,80.6,2024-03-01,2028-12-31,2029-12-31,2026-06-01,6,0.0,0
PAIM-618471,Akloli - Amne (NHAI) (618471),Infrastructure & Highways,Ministry of Road Transport & Highways,618471,Maharashtra,2462.63,2462.63,1692.29,68.7,2022-03-01,2028-12-31,2028-12-31,2026-06-01,24,0.0,0
PAIM-618472,Amne - Bhoj (NHAI) (618472),Infrastructure & Highways,Ministry of Road Transport & Highways,618472,Maharashtra,1743.12,1743.12,932.88,53.5,2021-03-01,2026-12-31,2029-12-31,2026-06-01,36,0.0,0
PAIM-618473,Spur] Bhoj - Morbe (NHAI) (618473),Infrastructure & Highways,Ministry of Road Transport & Highways,618473,Maharashtra,1237.17,1237.17,684.23,55.3,2023-03-01,2028-12-31,2027-12-31,2026-06-01,18,0.0,0
PAIM-618511,City on PuneSatara section of NH48 (NHAI) (618511),Infrastructure & Highways,Ministry of Road Transport & Highways,618511,Maharashtra,1754.89,1754.89,219.43,12.5,2024-03-01,2026-12-31,2028-12-31,2026-06-01,36,0.0,0
PAIM-618512,existing Km. 782.000 (NHAI) (618512),Infrastructure & Highways,Ministry of Road Transport & Highways,618512,Maharashtra,4074.06,4074.06,1638.57,40.2,2021-03-01,2027-12-31,2029-12-31,2026-06-01,0,0.0,0
PAIM-618513,6L of Kagal-Satara section from Km 592.500 to Km 658.000 of NH-48 Pkg-I (NHAI) (618513),Infrastructure & Highways,Ministry of Road Transport & Highways,618513,Maharashtra,1162.45,1162.45,717.83,61.8,2023-03-01,2027-12-31,2028-12-31,2026-06-01,24,0.0,0
PAIM-618514,6L of Kagal-Satara section from Km 658.000 to Km 725.000 of NH-48 Pkg-II (NHAI) (618514),Infrastructure & Highways,Ministry of Road Transport & Highways,618514,Maharashtra,1076.13,1076.13,450.69,41.9,2024-03-01,2028-12-31,2027-12-31,2026-06-01,12,0.0,0
PAIM-618557,4L of Indora Chowk to Pachpaoli and Agrasen Chowk - Ashoka Chowk (NHAI) (618557),Infrastructure & Highways,Ministry of Road Transport & Highways,618557,Maharashtra,2971.63,2971.63,417.04,14.0,2023-03-01,2026-12-31,2028-12-31,2026-06-01,0,0.0,0
PAIM-618585,6L of Gonde Km. 439.038 to Pimpri Sado Km. 459.905 section of NH-848 Old NH-3 (NHAI) (618585),Infrastructure & Highways,Ministry of Road Transport & Highways,618585,Maharashtra,3057.39,3057.39,1909.46,62.5,2021-03-01,2027-12-31,2029-12-31,2026-06-01,12,0.0,0
PAIM-618586,thick in the State Of Maharashtra on EPC Mode (NHAI) (618586),Infrastructure & Highways,Ministry of Road Transport & Highways,618586,Maharashtra,4463.66,4463.66,3738.23,83.7,2023-03-01,2028-12-31,2029-12-31,2026-06-01,6,0.0,0
PAIM-618588,NH-6 New NH-53 (NHAI) (618588),Infrastructure & Highways,Ministry of Road Transport & Highways,618588,Maharashtra,1386.25,1386.25,1060.3,76.5,2023-03-01,2027-12-31,2028-12-31,2026-06-01,36,0.0,0
PAIM-618594,Panvel to km 42.300 Kasu (NHAI) (618594),Infrastructure & Highways,Ministry of Road Transport & Highways,618594,Maharashtra,3126.58,3126.58,766.88,24.5,2024-03-01,2028-12-31,2028-12-31,2026-06-01,18,0.0,0
PAIM-618626,section Pkg  VI of NH-965 (NHAI) (618626),Infrastructure & Highways,Ministry of Road Transport & Highways,618626,Maharashtra,2230.85,2230.85,301.29,13.5,2024-03-01,2028-12-31,2027-12-31,2026-06-01,36,0.0,0
PAIM-618627,various NHs (NHAI) (618627),Infrastructure & Highways,Ministry of Road Transport & Highways,618627,Maharashtra,388.94,388.94,184.54,47.4,2022-03-01,2026-12-31,2028-12-31,2026-06-01,36,0.0,0
PAIM-618628,NH 965 from KM 36.230 to KM 44.230 from Chh. Shivaji Maharaj Chowk to Wakhari (NHAI) (618628),Infrastructure & Highways,Ministry of Road Transport & Highways,618628,Maharashtra,1024.62,1024.62,459.87,44.9,2024-03-01,2027-12-31,2028-12-31,2026-06-01,18,0.0,0
PAIM-618653,Loha-Waranga Section of NH-361 from km 187.800 to km 244.369 (NHAI) (618653),Infrastructure & Highways,Ministry of Road Transport & Highways,618653,Maharashtra,2465.62,2465.62,1636.42,66.4,2023-03-01,2028-12-31,2029-12-31,2026-06-01,36,0.0,0
PAIM-618693,Bodhre - Dhule (NHAI) (618693),Infrastructure & Highways,Ministry of Road Transport & Highways,618693,Maharashtra,2174.79,2174.79,1735.87,79.8,2024-03-01,2028-12-31,2027-12-31,2026-06-01,36,0.0,0
PAIM-618754,District in the State of Maharashtra on EPC Mode under NHO- (NHAI) (618754),Infrastructure & Highways,Ministry of Road Transport & Highways,618754,Maharashtra,4419.82,4419.82,2849.18,64.5,2022-03-01,2027-12-31,2028-12-31,2026-06-01,36,0.0,0
PAIM-618766,Bharatmala Pariyojana on EPC Mode (NHAI) (618766),Infrastructure & Highways,Ministry of Road Transport & Highways,618766,Maharashtra,2964.39,2964.39,1386.76,46.8,2021-03-01,2027-12-31,2027-12-31,2026-06-01,6,0.0,0
PAIM-618836,4L of Ratnagiri - Kolhapur section from km 67.140 to km 112.340 of NH-166 Pkg  II (NHAI) (618836),Infrastructure & Highways,Ministry of Road Transport & Highways,618836,Maharashtra,1160.61,1160.61,316.54,27.3,2023-03-01,2028-12-31,2029-12-31,2026-06-01,18,0.0,0
PAIM-618837,4L of Ratnagiri - Kolhapur section from km 112.340 to km 145.300 of NH-166 PkgIII (NHAI) (618837),Infrastructure & Highways,Ministry of Road Transport & Highways,618837,Maharashtra,239.32,239.32,116.71,48.8,2022-03-01,2027-12-31,2028-12-31,2026-06-01,12,0.0,0
PAIM-618937,4L of Nagpur-Katol Section from Km. 13.00 to Km. 62.900 of NH-353J (NHAI) (618937),Infrastructure & Highways,Ministry of Road Transport & Highways,618937,Maharashtra,1887.78,1887.78,733.02,38.8,2024-03-01,2026-12-31,2028-12-31,2026-06-01,0,0.0,0
PAIM-618939,Ch.68.800 in Gadchandur Town on NH-353B (NHAI) (618939),Infrastructure & Highways,Ministry of Road Transport & Highways,618939,Maharashtra,770.16,770.16,432.36,56.1,2022-03-01,2026-12-31,2028-12-31,2026-06-01,18,0.0,0
PAIM-619008,Maharashtra on EPC mode. Reg- Resubmission of Annual Plan Estimate. (MoRTH) (619008),Infrastructure & Highways,Ministry of Road Transport & Highways,619008,Maharashtra,4297.91,4297.91,3464.55,80.6,2021-03-01,2027-12-31,2027-12-31,2026-06-01,6,0.0,0
PAIM-619042,"Procurement and construction   EPC    Basis mode   L.1.326 Km, (MoRTH) (619042)",Infrastructure & Highways,Ministry of Road Transport & Highways,619042,Maharashtra,827.9,827.9,296.11,35.8,2022-03-01,2027-12-31,2027-12-31,2026-06-01,36,0.0,0
PAIM-619069,Satara Km 725.000 to Pune Km 865.350 of NH - 4 New NH - 48 in Maharashtra (NHAI) (619069),Infrastructure & Highways,Ministry of Road Transport & Highways,619069,Maharashtra,4047.72,4047.72,2231.69,55.1,2022-03-01,2027-12-31,2029-12-31,2026-06-01,6,0.0,0
PAIM-619095,to km 84.600 Indapur (NHAI) (619095),Infrastructure & Highways,Ministry of Road Transport & Highways,619095,Maharashtra,3889.26,3889.26,1209.71,31.1,2021-03-01,2027-12-31,2029-12-31,2026-06-01,0,0.0,0
PAIM-619149,31.000 to km 67.140 Pkg  I (NHAI) (619149),Infrastructure & Highways,Ministry of Road Transport & Highways,619149,Maharashtra,1944.07,1944.07,711.6,36.6,2024-03-01,2026-12-31,2029-12-31,2026-06-01,6,0.0,0
PAIM-619163,Tukaram Marg (NHAI) (619163),Infrastructure & Highways,Ministry of Road Transport & Highways,619163,Maharashtra,4387.68,4387.68,3259.88,74.3,2021-03-01,2027-12-31,2027-12-31,2026-06-01,12,0.0,0
PAIM-619198,- Ganjad (NHAI) (619198),Infrastructure & Highways,Ministry of Road Transport & Highways,619198,Maharashtra,4110.31,4110.31,1486.01,36.2,2021-03-01,2027-12-31,2028-12-31,2026-06-01,12,0.0,0
PAIM-619203,Vadape to Thane from km 539.202 to km 563.000 section of NH-3 new NH-848 (NHAI) (619203),Infrastructure & Highways,Ministry of Road Transport & Highways,619203,Maharashtra,2895.0,2895.0,1794.32,62.0,2023-03-01,2028-12-31,2028-12-31,2026-06-01,18,0.0,0
PAIM-619210,Dharampuri-Lonand from km. 117.00 to 166.40 Pkg-IV on Mohol-Alandi Section (NHAI) (619210),Infrastructure & Highways,Ministry of Road Transport & Highways,619210,Maharashtra,1848.01,1848.01,424.94,23.0,2021-03-01,2027-12-31,2028-12-31,2026-06-01,12,0.0,0
PAIM-619199,Bethamangala in the state of Karnataka to Byreddypalli (NHAI) (619199),Infrastructure & Highways,Ministry of Road Transport & Highways,619199,Karnataka,1512.93,1512.93,1171.37,77.4,2024-03-01,2027-12-31,2027-12-31,2026-06-01,18,0.0,0
PAIM-618681,1 (NHAI) (618681),Infrastructure & Highways,Ministry of Road Transport & Highways,618681,Odisha,3458.95,3458.95,2319.68,67.1,2021-03-01,2027-12-31,2029-12-31,2026-06-01,24,0.0,0
PAIM-618477,Km 156.000 to Km 180.000 (NHAI) (618477),Infrastructure & Highways,Ministry of Road Transport & Highways,618477,Odisha,903.23,903.23,192.41,21.3,2023-03-01,2027-12-31,2028-12-31,2026-06-01,24,0.0,0
PAIM-618634,716B Pkg-III (NHAI) (618634),Infrastructure & Highways,Ministry of Road Transport & Highways,618634,Tamil Nadu,1079.53,1079.53,573.48,53.1,2023-03-01,2028-12-31,2028-12-31,2026-06-01,6,0.0,0
PAIM-618769,Walajahpet/Ranipet to TN/AP Border Section of from Km.106.800 to  Km.133.36 NH-4 (NHAI) (618769),Infrastructure & Highways,Ministry of Road Transport & Highways,618769,Tamil Nadu,570.12,570.12,389.56,68.3,2022-03-01,2027-12-31,2027-12-31,2026-06-01,12,0.0,0
PAIM-618772,716B Pkg-II (NHAI) (618772),Infrastructure & Highways,Ministry of Road Transport & Highways,618772,Tamil Nadu,2918.86,2918.86,1672.24,57.3,2023-03-01,2028-12-31,2028-12-31,2026-06-01,12,0.0,0
PAIM-619077,6 laning of Balance Work of Chennai - Tada from km. 21.40 to km. 54.40 (NHAI) (619077),Infrastructure & Highways,Ministry of Road Transport & Highways,619077,Tamil Nadu,2401.35,2401.35,418.13,17.4,2024-03-01,2027-12-31,2027-12-31,2026-06-01,6,0.0,0
PAIM-618747,village to Recherla village Design Chainage 63117 to 105236] (NHAI) (618747),Infrastructure & Highways,Ministry of Road Transport & Highways,618747,Telangana,3924.82,3924.82,2488.03,63.4,2021-03-01,2028-12-31,2029-12-31,2026-06-01,18,0.0,0
PAIM-618818,at Design Ch. 309.909 Km Package-III (NHAI) (618818),Infrastructure & Highways,Ministry of Road Transport & Highways,618818,Telangana,2120.09,2120.09,719.22,33.9,2024-03-01,2028-12-31,2029-12-31,2026-06-01,24,0.0,0
PAIM-619143,village at Design Ch. 280.200 KmPackage-II (NHAI) (619143),Infrastructure & Highways,Ministry of Road Transport & Highways,619143,Telangana,2312.48,2312.48,1710.29,74.0,2022-03-01,2026-12-31,2029-12-31,2026-06-01,12,0.0,0
PAIM-619212,village from Km 242.200 to Km 280.400 Pkg-2 (NHAI) (619212),Infrastructure & Highways,Ministry of Road Transport & Highways,619212,Telangana,3257.71,3257.71,1082.55,33.2,2023-03-01,2026-12-31,2027-12-31,2026-06-01,36,0.0,0
PAIM-618531,km. 209.827 of NH-2 PKG-01 (NHAI) (618531),Infrastructure & Highways,Ministry of Road Transport & Highways,618531,Bihar,2071.95,2071.95,1003.86,48.5,2023-03-01,2028-12-31,2029-12-31,2026-06-01,0,0.0,0
PAIM-618724,Sagrampur village From KM. 151200 to KM. 184700Package-7 (NHAI) (618724),Infrastructure & Highways,Ministry of Road Transport & Highways,618724,Bihar,2235.45,2235.45,956.88,42.8,2021-03-01,2028-12-31,2027-12-31,2026-06-01,24,0.0,0
PAIM-618732,8 (NHAI) (618732),Infrastructure & Highways,Ministry of Road Transport & Highways,618732,Bihar,2467.59,2467.59,1606.7,65.1,2024-03-01,2027-12-31,2029-12-31,2026-06-01,18,0.0,0
PAIM-618951,Hariharganj to Parwa Mode section from km 23.284 to km 57.049 of NH-98 (NHAI) (618951),Infrastructure & Highways,Ministry of Road Transport & Highways,618951,Bihar,1222.17,1222.17,150.69,12.3,2024-03-01,2027-12-31,2027-12-31,2026-06-01,6,0.0,0
PAIM-618952,4L of Sahibganj - Manihari Ganga Bridge including Manihari Bypass (NHAI) (618952),Infrastructure & Highways,Ministry of Road Transport & Highways,618952,Bihar,4330.82,4330.82,2808.3,64.8,2021-03-01,2028-12-31,2028-12-31,2026-06-01,0,0.0,0
PAIM-619078,249.525 to km 320.810 (NHAI) (619078),Infrastructure & Highways,Ministry of Road Transport & Highways,619078,Bihar,420.78,420.78,186.67,44.4,2021-03-01,2026-12-31,2029-12-31,2026-06-01,18,0.0,0
PAIM-619307,4L of Munger  Mirzachauki section from Km 157350 to Km 193931 Pkg-4 (NHAI) (619307),Infrastructure & Highways,Ministry of Road Transport & Highways,619307,Bihar,2976.03,2976.03,1581.82,53.2,2023-03-01,2027-12-31,2028-12-31,2026-06-01,12,0.0,0
PAIM-618530,Six Laning of Varanasi to Aurangabad from km. 786.00 to km. 978.40 of Old NH-2 (NHAI) (618530),Infrastructure & Highways,Ministry of Road Transport & Highways,618530,Bihar,2418.33,2418.33,921.25,38.1,2021-03-01,2026-12-31,2029-12-31,2026-06-01,0,0.0,0
PAIM-618728,village from Km. 0.000 to Km. 27.000 - Pkg-1 (NHAI) (618728),Infrastructure & Highways,Ministry of Road Transport & Highways,618728,Bihar,741.36,741.36,118.74,16.0,2021-03-01,2027-12-31,2027-12-31,2026-06-01,0,0.0,0
PAIM-618882,Annuity Mode (NHAI) (618882),Infrastructure & Highways,Ministry of Road Transport & Highways,618882,Uttar Pradesh,1054.12,1054.12,466.01,44.2,2021-03-01,2027-12-31,2027-12-31,2026-06-01,36,0.0,0
PAIM-619154,Km 117.120] on EPC Mode in the state of Uttar Pradesh. (NHAI) (619154),Infrastructure & Highways,Ministry of Road Transport & Highways,619154,Uttar Pradesh,717.03,717.03,503.62,70.2,2022-03-01,2028-12-31,2027-12-31,2026-06-01,18,0.0,0
PAIM-618584,at Start Point Length - 1.200 Km of NH-27 (NHAI) (618584),Infrastructure & Highways,Ministry of Road Transport & Highways,618584,Bihar,1219.13,1219.13,388.86,31.9,2021-03-01,2026-12-31,2027-12-31,2026-06-01,0,0.0,0
PAIM-619064,Km 128.000] (NHAI) (619064),Infrastructure & Highways,Ministry of Road Transport & Highways,619064,Maharashtra,3975.65,3975.65,2176.17,54.7,2023-03-01,2027-12-31,2029-12-31,2026-06-01,0,0.0,0
PAIM-618577,Dwarka Expressway Pkg-III Delhi/HR Border to Start of RoB Gurugram (NHAI) (618577),Infrastructure & Highways,Ministry of Road Transport & Highways,618577,Maharashtra,3660.15,3660.15,583.88,16.0,2023-03-01,2028-12-31,2027-12-31,2026-06-01,0,0.0,0
PAIM-618942,from Km 70.800 to  km 84.120 of Khanapur- KA/GOA Border section of NH-4A (NHAI) (618942),Infrastructure & Highways,Ministry of Road Transport & Highways,618942,Maharashtra,1389.4,1389.4,460.1,33.1,2022-03-01,2026-12-31,2027-12-31,2026-06-01,24,0.0,0
PAIM-618637,Bal. Works of Fagne Km. 510.000 to Maharashtra/Gujarat Border Km. 650.794 (NHAI) (618637),Infrastructure & Highways,Ministry of Road Transport & Highways,618637,Maharashtra,4287.12,4287.12,2574.26,60.0,2021-03-01,2027-12-31,2029-12-31,2026-06-01,36,0.0,0
PAIM-618486,Patran road SH-10 near Ghagga village Km 120250 to Km 157920 (NHAI) (618486),Infrastructure & Highways,Ministry of Road Transport & Highways,618486,Haryana,1003.09,1003.09,270.79,27.0,2023-03-01,2028-12-31,2028-12-31,2026-06-01,12,0.0,0
PAIM-619093,4L Ismailabad to Ambala Section of NH-152 Lot-4/Package-1 (NHAI) (619093),Infrastructure & Highways,Ministry of Road Transport & Highways,619093,Haryana,205.08,205.08,26.57,13.0,2023-03-01,2028-12-31,2027-12-31,2026-06-01,0,0.0,0
PAIM-619134,Km. 11.157 (NHAI) (619134),Infrastructure & Highways,Ministry of Road Transport & Highways,619134,Haryana,3514.28,3514.28,2346.89,66.8,2021-03-01,2027-12-31,2027-12-31,2026-06-01,24,0.0,0
PAIM-619216,section of Shamli -Ambala Package-III Design Ch. Form km 84.400 to km 121.786 (NHAI) (619216),Infrastructure & Highways,Ministry of Road Transport & Highways,619216,Haryana,626.38,626.38,167.47,26.7,2023-03-01,2028-12-31,2029-12-31,2026-06-01,18,0.0,0
PAIM-618505,KM 273.00 (NHAI) (618505),Infrastructure & Highways,Ministry of Road Transport & Highways,618505,Rajasthan,3044.93,3044.93,806.64,26.5,2022-03-01,2028-12-31,2029-12-31,2026-06-01,36,0.0,0
PAIM-618691,of NH-334D (NHAI) (618691),Infrastructure & Highways,Ministry of Road Transport & Highways,618691,Haryana,3160.97,3160.97,2588.45,81.9,2023-03-01,2028-12-31,2029-12-31,2026-06-01,24,0.0,0
PAIM-618723,section of Shamli -Ambala Package-II Design Ch. Form km 45.500 to km 84.400 (NHAI) (618723),Infrastructure & Highways,Ministry of Road Transport & Highways,618723,Haryana,4247.44,4247.44,1731.6,40.8,2022-03-01,2027-12-31,2029-12-31,2026-06-01,0,0.0,0
PAIM-619068,Faridabad-Ballabhgarh Bypass KMP Link - Spur to Delhi Mumbai Expressway (NHAI) (619068),Infrastructure & Highways,Ministry of Road Transport & Highways,619068,Haryana,2755.91,2755.91,1787.1,64.8,2024-03-01,2026-12-31,2029-12-31,2026-06-01,18,0.0,0
PAIM-618907,2L/4L of Hoshiarpur to Una section including Hoshiarpur Bypass of NH 503A (NHAI) (618907),Infrastructure & Highways,Ministry of Road Transport & Highways,618907,Haryana,3485.32,3485.32,2333.76,67.0,2024-03-01,2028-12-31,2029-12-31,2026-06-01,12,0.0,0
PAIM-619291,4L Poanta SahebMednipur from Km. 435.65 to km. 458.65 of NH-07Pkg-1 (NHAI) (619291),Infrastructure & Highways,Ministry of Road Transport & Highways,619291,Punjab,946.55,946.55,712.59,75.3,2021-03-01,2027-12-31,2029-12-31,2026-06-01,12,0.0,0
PAIM-619066,Gurha Baildaran km 423500 to km 468100 (NHAI) (619066),Infrastructure & Highways,Ministry of Road Transport & Highways,619066,Punjab,2369.92,2369.92,932.4,39.3,2024-03-01,2027-12-31,2029-12-31,2026-06-01,24,0.0,0
PAIM-618533,Barwa Adda Km. 398.240 to Panagarh Km. 521.120 (NHAI) (618533),Infrastructure & Highways,Ministry of Road Transport & Highways,618533,Punjab,1523.05,1523.05,695.52,45.7,2021-03-01,2028-12-31,2029-12-31,2026-06-01,12,0.0,0
PAIM-618734,village to Kamlapur villageJH/WB border  from km 358.500 to km 387.200 Pkg -13 (NHAI) (618734),Infrastructure & Highways,Ministry of Road Transport & Highways,618734,Multi-State,2161.03,2161.03,472.15,21.8,2021-03-01,2026-12-31,2027-12-31,2026-06-01,36,0.0,0
PAIM-618909,Chandil Junction with NH-33 km. 153.705 of Old NH-32 (NHAI) (618909),Infrastructure & Highways,Ministry of Road Transport & Highways,618909,Multi-State,1484.23,1484.23,592.26,39.9,2023-03-01,2026-12-31,2027-12-31,2026-06-01,24,0.0,0
PAIM-618948,existing km 283.00 design km 274.133 in the state of Jharkhand  package - II (NHAI) (618948),Infrastructure & Highways,Ministry of Road Transport & Highways,618948,Multi-State,3527.92,3527.92,2888.08,81.9,2022-03-01,2028-12-31,2027-12-31,2026-06-01,6,0.0,0
PAIM-619205,Six Laning of KT/KL Border Thalapaddy -Chengala from Km. 17.200 to Km. 57.20 (NHAI) (619205),Infrastructure & Highways,Ministry of Road Transport & Highways,619205,Karnataka,1579.85,1579.85,556.26,35.2,2022-03-01,2026-12-31,2027-12-31,2026-06-01,18,0.0,0
PAIM-618516,NH-48 Pkg-II (NHAI) (618516),Infrastructure & Highways,Ministry of Road Transport & Highways,618516,Maharashtra,809.83,809.83,556.98,68.8,2021-03-01,2026-12-31,2027-12-31,2026-06-01,36,0.0,0
PAIM-618636,NH-150C part of Akkalkot  KN/TS Border section Package  XIV (NHAI) (618636),Infrastructure & Highways,Ministry of Road Transport & Highways,618636,Maharashtra,3025.14,3025.14,1581.93,52.3,2022-03-01,2028-12-31,2029-12-31,2026-06-01,0,0.0,0
PAIM-618519,to TN/KNT border from km 144.480 to 179.969 (NHAI) (618519),Infrastructure & Highways,Ministry of Road Transport & Highways,618519,Karnataka,1109.75,1109.75,239.56,21.6,2021-03-01,2027-12-31,2027-12-31,2026-06-01,0,0.0,0
PAIM-618581,Hosur to Dhamrapuri Pkg-1 [Neraluru - Thorapalli Agraharam] (NHAI) (618581),Infrastructure & Highways,Ministry of Road Transport & Highways,618581,Karnataka,677.14,677.14,369.7,54.6,2023-03-01,2026-12-31,2029-12-31,2026-06-01,0,0.0,0
PAIM-618631,to Km. 203.100 in Raichur of NH-150C Pkg-IV (NHAI) (618631),Infrastructure & Highways,Ministry of Road Transport & Highways,618631,Karnataka,2733.21,2733.21,692.75,25.3,2024-03-01,2026-12-31,2028-12-31,2026-06-01,6,0.0,0
PAIM-618632,Km 202.900 to Km 242.200 Pkg-1 (NHAI) (618632),Infrastructure & Highways,Ministry of Road Transport & Highways,618632,Karnataka,2576.06,2576.06,2119.7,82.3,2024-03-01,2028-12-31,2029-12-31,2026-06-01,24,0.0,0
PAIM-619097,Thalassery Mahe Bypass Km 170.600 to Km 189.200 of NH-17New NH-66 in Kerala (NHAI) (619097),Infrastructure & Highways,Ministry of Road Transport & Highways,619097,Karnataka,4456.07,4456.07,820.66,18.4,2021-03-01,2027-12-31,2029-12-31,2026-06-01,12,0.0,0
PAIM-619101,Boregaon Buzurg to Muktainagar (NHAI) (619101),Infrastructure & Highways,Ministry of Road Transport & Highways,619101,Maharashtra,4375.26,4375.26,599.92,13.7,2023-03-01,2026-12-31,2027-12-31,2026-06-01,18,0.0,0
PAIM-618556,Lakhnadon section of NH-44 NS (NHAI) (618556),Infrastructure & Highways,Ministry of Road Transport & Highways,618556,Maharashtra,3990.15,3990.15,1471.09,36.9,2021-03-01,2028-12-31,2027-12-31,2026-06-01,24,0.0,0
PAIM-618668,168.630 Package-4 (NHAI) (618668),Infrastructure & Highways,Ministry of Road Transport & Highways,618668,Uttar Pradesh,2251.19,2251.19,1011.53,44.9,2024-03-01,2028-12-31,2029-12-31,2026-06-01,36,0.0,0
PAIM-618941,19.000 to km 51.985 (NHAI) (618941),Infrastructure & Highways,Ministry of Road Transport & Highways,618941,Maharashtra,3595.83,3595.83,1781.11,49.5,2024-03-01,2026-12-31,2029-12-31,2026-06-01,0,0.0,0
PAIM-618844,Viluppuram Km.0.000 to Puducherry Km.29.000 (NHAI) (618844),Infrastructure & Highways,Ministry of Road Transport & Highways,618844,Maharashtra,4491.99,4491.99,2788.41,62.1,2023-03-01,2027-12-31,2028-12-31,2026-06-01,36,0.0,0
PAIM-618845,Puducherry Km.29.000 to Poondiyankuppam Km.67.000 (NHAI) (618845),Infrastructure & Highways,Ministry of Road Transport & Highways,618845,Multi-State,735.8,735.8,199.12,27.1,2023-03-01,2026-12-31,2029-12-31,2026-06-01,6,0.0,0
PAIM-618847,Sattanathapuram to Nagapattinam from Km 123.800 to Km 179.555 (NHAI) (618847),Infrastructure & Highways,Ministry of Road Transport & Highways,618847,Multi-State,3663.85,3663.85,752.91,20.5,2023-03-01,2026-12-31,2029-12-31,2026-06-01,0,0.0,0
PAIM-618711,Km to 41.820 Km of Delhi- Dehradun Economic Corridor package-2 (NHAI) (618711),Infrastructure & Highways,Ministry of Road Transport & Highways,618711,Delhi,453.62,453.62,103.68,22.9,2024-03-01,2027-12-31,2028-12-31,2026-06-01,36,0.0,0
PAIM-618783,4-laning of Pilibhit - Sitarganj from Km. 32.500 to Km. 70.800 Pkg-2 of NH-30 (NHAI) (618783),Infrastructure & Highways,Ministry of Road Transport & Highways,618783,Multi-State,1285.02,1285.02,484.5,37.7,2022-03-01,2026-12-31,2028-12-31,2026-06-01,12,0.0,0
PAIM-618886,NH-334 from Km 143000 to Km 196000 (NHAI) (618886),Infrastructure & Highways,Ministry of Road Transport & Highways,618886,Multi-State,665.5,665.5,427.79,64.3,2021-03-01,2028-12-31,2029-12-31,2026-06-01,6,0.0,0
PAIM-618928,"14.490 Km., Starts from Ch. 38770 and ends at Ch. 53260 existing Ch. 05560 (NHAI) (618928)",Infrastructure & Highways,Ministry of Road Transport & Highways,618928,Multi-State,323.94,323.94,245.95,75.9,2021-03-01,2027-12-31,2029-12-31,2026-06-01,24,0.0,0
PAIM-618969,4/6L of  Spur to Haridwar Greenfield from Km. 0.000 to Km. 50.70 (NHAI) (618969),Infrastructure & Highways,Ministry of Road Transport & Highways,618969,Multi-State,419.0,419.0,317.35,75.7,2023-03-01,2026-12-31,2029-12-31,2026-06-01,6,0.0,0
PAIM-619217,4L of Haridwar-Nagina section from km. 0.00 to km. 71.614 of NH-74 (NHAI) (619217),Infrastructure & Highways,Ministry of Road Transport & Highways,619217,Multi-State,580.12,580.12,78.53,13.5,2024-03-01,2027-12-31,2027-12-31,2026-06-01,0,0.0,0
PAIM-617898,Odisha (MoRTH) (617898),Infrastructure & Highways,Ministry of Road Transport & Highways,617898,Odisha,4141.28,4141.28,1398.86,33.8,2021-03-01,2028-12-31,2028-12-31,2026-06-01,18,0.0,0
PAIM-617899,Mangalpur section of NH 20 in the state of Odisha on Annual Plan 2021-22 (MoRTH) (617899),Infrastructure & Highways,Ministry of Road Transport & Highways,617899,Odisha,2587.5,2587.5,1654.93,64.0,2023-03-01,2028-12-31,2027-12-31,2026-06-01,0,0.0,0
PAIM-617902,construction or By-pass road on NH-26 for Nabrangpur Town (MoRTH) (617902),Infrastructure & Highways,Ministry of Road Transport & Highways,617902,Odisha,1737.6,1737.6,919.33,52.9,2023-03-01,2027-12-31,2028-12-31,2026-06-01,18,0.0,0
PAIM-617904,79/800 Design km 11/670 of NH-26 in the State of Odisha. (MoRTH) (617904),Infrastructure & Highways,Ministry of Road Transport & Highways,617904,Odisha,3888.65,3888.65,475.46,12.2,2022-03-01,2027-12-31,2028-12-31,2026-06-01,36,0.0,0
PAIM-617905,EPC mode under Annual Plan 2021-22 (MoRTH) (617905),Infrastructure & Highways,Ministry of Road Transport & Highways,617905,Odisha,1656.14,1656.14,1402.01,84.7,2022-03-01,2027-12-31,2028-12-31,2026-06-01,24,0.0,0
PAIM-617920,Odisha. Job No. NH-55-OD-2022-23-656 (MoRTH) (617920),Infrastructure & Highways,Ministry of Road Transport & Highways,617920,Odisha,3064.23,3064.23,1336.2,43.6,2021-03-01,2027-12-31,2028-12-31,2026-06-01,24,0.0,0
PAIM-617921,277/500 to 318/970 of NH-55 in the State of Odisha under Annual Plan 2021-22. (MoRTH) (617921),Infrastructure & Highways,Ministry of Road Transport & Highways,617921,Odisha,3700.82,3700.82,2040.93,55.1,2024-03-01,2026-12-31,2029-12-31,2026-06-01,18,0.0,0
PAIM-617922,Plan 2022-23 for the state of Odisha Job No.NH-49-OD-2022-23-655 (MoRTH) (617922),Infrastructure & Highways,Ministry of Road Transport & Highways,617922,Odisha,1639.36,1639.36,1380.39,84.2,2022-03-01,2026-12-31,2029-12-31,2026-06-01,12,0.0,0
PAIM-617923,land acquisition in the state of Odisha on EPC mode under Annual Plan 2022-23. (MoRTH) (617923),Infrastructure & Highways,Ministry of Road Transport & Highways,617923,Odisha,2315.6,2315.6,290.48,12.5,2024-03-01,2027-12-31,2029-12-31,2026-06-01,6,0.0,0
PAIM-617925,including LA in the State of Odisha on EPC mode. (MoRTH) (617925),Infrastructure & Highways,Ministry of Road Transport & Highways,617925,Odisha,1899.07,1899.07,1270.8,66.9,2021-03-01,2028-12-31,2027-12-31,2026-06-01,0,0.0,0
PAIM-617930,Berhampur town including 4-lane RoB in the state of Odisha. (MoRTH) (617930),Infrastructure & Highways,Ministry of Road Transport & Highways,617930,Odisha,1433.06,1433.06,348.62,24.3,2021-03-01,2027-12-31,2029-12-31,2026-06-01,12,0.0,0
PAIM-618003,2033-34 (MoRTH) (618003),Infrastructure & Highways,Ministry of Road Transport & Highways,618003,Odisha,1038.11,1038.11,734.77,70.8,2021-03-01,2026-12-31,2029-12-31,2026-06-01,0,0.0,0
PAIM-618012,section of NH 326 in the State of Odisha under Annual Plan 2021.22. (MoRTH) (618012),Infrastructure & Highways,Ministry of Road Transport & Highways,618012,Odisha,3425.72,3425.72,2880.29,84.1,2022-03-01,2026-12-31,2028-12-31,2026-06-01,36,0.0,0
PAIM-618079,state of Odisha on EPC Mode under Annual plan 2022-23. (MoRTH) (618079),Infrastructure & Highways,Ministry of Road Transport & Highways,618079,Odisha,3504.43,3504.43,2071.72,59.1,2024-03-01,2027-12-31,2028-12-31,2026-06-01,6,0.0,0
PAIM-618122,Plan 2021-22. (MoRTH) (618122),Infrastructure & Highways,Ministry of Road Transport & Highways,618122,Odisha,3612.23,3612.23,1993.01,55.2,2021-03-01,2027-12-31,2027-12-31,2026-06-01,24,0.0,0
PAIM-618523,Bhadrak KM 136.500 to Baleshwar KM 199.141 (NHAI) (618523),Infrastructure & Highways,Ministry of Road Transport & Highways,618523,Odisha,697.94,697.94,254.21,36.4,2023-03-01,2028-12-31,2027-12-31,2026-06-01,0,0.0,0
PAIM-618591,"Earlier NH-6 in Sambalpur, on EPC mode in Odisha under NHO (NHAI) (618591)",Infrastructure & Highways,Ministry of Road Transport & Highways,618591,Odisha,3353.83,3353.83,1321.87,39.4,2023-03-01,2026-12-31,2029-12-31,2026-06-01,12,0.0,0
PAIM-618592,at Km.215.270 in Baharagora-Singhara section of NH-49 (NHAI) (618592),Infrastructure & Highways,Ministry of Road Transport & Highways,618592,Odisha,4008.72,4008.72,2743.1,68.4,2021-03-01,2028-12-31,2027-12-31,2026-06-01,12,0.0,0
PAIM-618593,Bangriposi Ghat section in the State of Odisha on EPC Mode (NHAI) (618593),Infrastructure & Highways,Ministry of Road Transport & Highways,618593,Odisha,1193.7,1193.7,1013.77,84.9,2023-03-01,2027-12-31,2029-12-31,2026-06-01,12,0.0,0
PAIM-618677,km 293000 Package  OD-5 (NHAI) (618677),Infrastructure & Highways,Ministry of Road Transport & Highways,618677,Odisha,3610.11,3610.11,1193.48,33.1,2024-03-01,2028-12-31,2027-12-31,2026-06-01,0,0.0,0
PAIM-618678,km 338500 Package  OD-6 (NHAI) (618678),Infrastructure & Highways,Ministry of Road Transport & Highways,618678,Odisha,3893.53,3893.53,1895.46,48.7,2022-03-01,2026-12-31,2028-12-31,2026-06-01,0,0.0,0
PAIM-618680,365033 Package-OD-8 (NHAI) (618680),Infrastructure & Highways,Ministry of Road Transport & Highways,618680,Odisha,609.05,609.05,447.41,73.5,2024-03-01,2027-12-31,2027-12-31,2026-06-01,18,0.0,0
PAIM-618704,Corridor of Angul  Sambalpur Section of NH-42 New NH-55 Km.202.533 (NHAI) (618704),Infrastructure & Highways,Ministry of Road Transport & Highways,618704,Odisha,4368.84,4368.84,2337.93,53.5,2024-03-01,2028-12-31,2027-12-31,2026-06-01,18,0.0,0
PAIM-618705,NH149 & at Km.84.000 to Km.86.100 of NH55 (NHAI) (618705),Infrastructure & Highways,Ministry of Road Transport & Highways,618705,Odisha,719.41,719.41,400.75,55.7,2022-03-01,2026-12-31,2029-12-31,2026-06-01,12,0.0,0
PAIM-618820,NH-53 Old NH  5A from Km.39.000 to Km.60.00 Package-3 (NHAI) (618820),Infrastructure & Highways,Ministry of Road Transport & Highways,618820,Odisha,2476.26,2476.26,480.77,19.4,2024-03-01,2028-12-31,2029-12-31,2026-06-01,0,0.0,0
PAIM-618821,Package-2 (NHAI) (618821),Infrastructure & Highways,Ministry of Road Transport & Highways,618821,Odisha,2909.37,2909.37,2160.9,74.3,2021-03-01,2027-12-31,2028-12-31,2026-06-01,0,0.0,0
PAIM-618822,NH-53 Old NH  5A from Km.0.00 to Km.18.00Package-1 (NHAI) (618822),Infrastructure & Highways,Ministry of Road Transport & Highways,618822,Odisha,3001.01,3001.01,1910.37,63.7,2022-03-01,2027-12-31,2027-12-31,2026-06-01,18,0.0,0
PAIM-618908,NH-200 New NH -53 (NHAI) (618908),Infrastructure & Highways,Ministry of Road Transport & Highways,618908,Odisha,3140.35,3140.35,843.84,26.9,2024-03-01,2027-12-31,2028-12-31,2026-06-01,0,0.0,0
PAIM-619109,Package  OD-3 (NHAI) (619109),Infrastructure & Highways,Ministry of Road Transport & Highways,619109,Odisha,2430.08,2430.08,1948.08,80.2,2021-03-01,2026-12-31,2028-12-31,2026-06-01,0,0.0,0
PAIM-619118,Four Laning of Angul to Sambalpur from Km.112.000 to Km.265.000 (NHAI) (619118),Infrastructure & Highways,Ministry of Road Transport & Highways,619118,Odisha,3694.81,3694.81,2089.47,56.6,2024-03-01,2028-12-31,2027-12-31,2026-06-01,6,0.0,0
PAIM-619119,State of Odisha (NHAI) (619119),Infrastructure & Highways,Ministry of Road Transport & Highways,619119,Odisha,3438.1,3438.1,2685.88,78.1,2023-03-01,2026-12-31,2028-12-31,2026-06-01,6,0.0,0
PAIM-619157,149 and km 301.875 - km 335.946 of NH-53 Pkg-I (NHAI) (619157),Infrastructure & Highways,Ministry of Road Transport & Highways,619157,Odisha,3951.75,3951.75,2098.24,53.1,2023-03-01,2028-12-31,2029-12-31,2026-06-01,18,0.0,0
PAIM-619158,4 Laning of Duburi Chandikhole from km 388.376 to km 428.074 Pkg-III (NHAI) (619158),Infrastructure & Highways,Ministry of Road Transport & Highways,619158,Odisha,3414.24,3414.24,1257.29,36.8,2021-03-01,2028-12-31,2029-12-31,2026-06-01,36,0.0,0
PAIM-619181,NH-53 Old NH  5A from Km.60.000 to Km.76.646 Package-4 (NHAI) (619181),Infrastructure & Highways,Ministry of Road Transport & Highways,619181,Odisha,1350.19,1350.19,885.7,65.6,2021-03-01,2026-12-31,2029-12-31,2026-06-01,12,0.0,0
PAIM-619213,Package  OD-2 (NHAI) (619213),Infrastructure & Highways,Ministry of Road Transport & Highways,619213,Odisha,2899.29,2899.29,586.87,20.2,2022-03-01,2026-12-31,2027-12-31,2026-06-01,18,0.0,0
PAIM-619215,the State of Odisha (NHAI) (619215),Infrastructure & Highways,Ministry of Road Transport & Highways,619215,Odisha,3678.29,3678.29,1307.24,35.5,2024-03-01,2027-12-31,2028-12-31,2026-06-01,12,0.0,0
PAIM-618010,Punjab. Job No NH-254-PB-2022-23-565 (MoRTH) (618010),Infrastructure & Highways,Ministry of Road Transport & Highways,618010,Punjab,508.86,508.86,273.92,53.8,2023-03-01,2028-12-31,2028-12-31,2026-06-01,0,0.0,0
PAIM-618023,on EPC mode. Job No. NH-354-PB-2021-22-555 (MoRTH) (618023),Infrastructure & Highways,Ministry of Road Transport & Highways,618023,Punjab,2502.47,2502.47,1076.34,43.0,2024-03-01,2027-12-31,2029-12-31,2026-06-01,6,0.0,0
PAIM-618024,No. NH-354-PB-2020-21-532 (MoRTH) (618024),Infrastructure & Highways,Ministry of Road Transport & Highways,618024,Punjab,1289.19,1289.19,993.28,77.0,2021-03-01,2026-12-31,2028-12-31,2026-06-01,36,0.0,0
PAIM-618488,near Mullanpur Dakha Km 225770 to km 260860 (NHAI) (618488),Infrastructure & Highways,Ministry of Road Transport & Highways,618488,Punjab,3648.57,3648.57,2529.52,69.3,2022-03-01,2026-12-31,2029-12-31,2026-06-01,24,0.0,0
PAIM-618489,Kang Sahibu village Km 260860 to km 303900 (NHAI) (618489),Infrastructure & Highways,Ministry of Road Transport & Highways,618489,Punjab,1198.58,1198.58,659.72,55.0,2024-03-01,2026-12-31,2027-12-31,2026-06-01,6,0.0,0
PAIM-618490,Sultanpur Lodhi road NH-703A km 000 to km 24000 to Amritsar connectivity (NHAI) (618490),Infrastructure & Highways,Ministry of Road Transport & Highways,618490,Punjab,2084.25,2084.25,232.06,11.1,2024-03-01,2026-12-31,2027-12-31,2026-06-01,0,0.0,0
PAIM-618491,362420 (NHAI) (618491),Infrastructure & Highways,Ministry of Road Transport & Highways,618491,Punjab,1691.8,1691.8,395.88,23.4,2021-03-01,2027-12-31,2028-12-31,2026-06-01,12,0.0,0
PAIM-618492,Pathankot-Gurdaspur road NH-54 near Gurdaspur Km 362420 to km 397700 (NHAI) (618492),Infrastructure & Highways,Ministry of Road Transport & Highways,618492,Punjab,1322.3,1322.3,232.77,17.6,2023-03-01,2028-12-31,2029-12-31,2026-06-01,18,0.0,0
PAIM-618493,NH-703AA near Goinwal Sahib [Km 24000 to Km 41000 of Amritsar connectivity] (NHAI) (618493),Infrastructure & Highways,Ministry of Road Transport & Highways,618493,Punjab,2053.66,2053.66,1651.68,80.4,2021-03-01,2028-12-31,2028-12-31,2026-06-01,24,0.0,0
PAIM-618551,Talwara village on NH-44 Pathankot by-pass (NHAI) (618551),Infrastructure & Highways,Ministry of Road Transport & Highways,618551,Punjab,1875.68,1875.68,1072.75,57.2,2022-03-01,2026-12-31,2029-12-31,2026-06-01,18,0.0,0
PAIM-618552,at Kang Sahbu NH-703  via Sarmastpur NH-44 - Madara NH-03 - Khajurla NH-44 (NHAI) (618552),Infrastructure & Highways,Ministry of Road Transport & Highways,618552,Haryana,1787.12,1787.12,605.22,33.9,2024-03-01,2028-12-31,2027-12-31,2026-06-01,6,0.0,0
PAIM-618610,NH-54 from km. 0.000 to km. 27.400 of NH-54 (NHAI) (618610),Infrastructure & Highways,Ministry of Road Transport & Highways,618610,Haryana,3503.27,3503.27,956.28,27.3,2023-03-01,2027-12-31,2029-12-31,2026-06-01,6,0.0,0
PAIM-618617,Pkg-1 (NHAI) (618617),Infrastructure & Highways,Ministry of Road Transport & Highways,618617,Punjab,4232.8,4232.8,2457.07,58.0,2021-03-01,2028-12-31,2028-12-31,2026-06-01,6,0.0,0
PAIM-618618,Sangat Kalan from km 93.000 to km 154.866 of NH-754A Pkg-3 (NHAI) (618618),Infrastructure & Highways,Ministry of Road Transport & Highways,618618,Punjab,2644.9,2644.9,1907.87,72.1,2024-03-01,2027-12-31,2028-12-31,2026-06-01,6,0.0,0
PAIM-618647,Road NH-703 near village Tallewal from Km 0.0 to Km 30.3 of NH-754AD Pkg-1 (NHAI) (618647),Infrastructure & Highways,Ministry of Road Transport & Highways,618647,Punjab,3489.06,3489.06,1258.96,36.1,2023-03-01,2026-12-31,2028-12-31,2026-06-01,18,0.0,0
PAIM-618764,Moga - Bagha Purana - Bajakhana from km. 0.00 to km. 43.32 (NHAI) (618764),Infrastructure & Highways,Ministry of Road Transport & Highways,618764,Punjab,3114.12,3114.12,2445.63,78.5,2024-03-01,2028-12-31,2029-12-31,2026-06-01,24,0.0,0
PAIM-618776,4L of Greenfield section from  Sirhind to Mohali (NHAI) (618776),Infrastructure & Highways,Ministry of Road Transport & Highways,618776,Punjab,540.57,540.57,329.73,61.0,2022-03-01,2027-12-31,2027-12-31,2026-06-01,6,0.0,0
PAIM-618785,Pkg-3 (NHAI) (618785),Infrastructure & Highways,Ministry of Road Transport & Highways,618785,Punjab,2059.85,2059.85,516.05,25.1,2022-03-01,2027-12-31,2029-12-31,2026-06-01,6,0.0,0
PAIM-618786,4L of Phagwara - Hoshiarpur (NHAI) (618786),Infrastructure & Highways,Ministry of Road Transport & Highways,618786,Punjab,4482.74,4482.74,797.16,17.8,2024-03-01,2028-12-31,2028-12-31,2026-06-01,18,0.0,0
PAIM-618793,& Fazilka Bypasses (NHAI) (618793),Infrastructure & Highways,Ministry of Road Transport & Highways,618793,Punjab,2970.48,2970.48,1317.92,44.4,2022-03-01,2028-12-31,2029-12-31,2026-06-01,0,0.0,0
PAIM-618794,Amritsarairport Junction - Ramdas from km. 100.835 to km. 139.813 Pkg - IV (NHAI) (618794),Infrastructure & Highways,Ministry of Road Transport & Highways,618794,Punjab,1947.05,1947.05,1198.49,61.6,2024-03-01,2028-12-31,2027-12-31,2026-06-01,12,0.0,0
PAIM-618795,Amritsar Bypass Pkg III from km. 71.496 to km. 105.158 (NHAI) (618795),Infrastructure & Highways,Ministry of Road Transport & Highways,618795,Punjab,3692.42,3692.42,1239.36,33.6,2022-03-01,2027-12-31,2027-12-31,2026-06-01,0,0.0,0
PAIM-618809,0.000 to Km. 31.300 Pkg-1 (NHAI) (618809),Infrastructure & Highways,Ministry of Road Transport & Highways,618809,Punjab,2080.35,2080.35,1630.49,78.4,2024-03-01,2026-12-31,2029-12-31,2026-06-01,12,0.0,0
PAIM-618810,Nanak  from Km. 31.300 to Km. 69.100  with Additional batala Bypass Pkg-II (NHAI) (618810),Infrastructure & Highways,Ministry of Road Transport & Highways,618810,Punjab,1390.03,1390.03,254.11,18.3,2023-03-01,2028-12-31,2028-12-31,2026-06-01,18,0.0,0
PAIM-618906,503A Package-I (NHAI) (618906),Infrastructure & Highways,Ministry of Road Transport & Highways,618906,Punjab,920.4,920.4,297.66,32.3,2023-03-01,2028-12-31,2029-12-31,2026-06-01,24,0.0,0
PAIM-619099,from km 39.000 to km 93.000 of NH-754A Pkg-2 (NHAI) (619099),Infrastructure & Highways,Ministry of Road Transport & Highways,619099,Punjab,3340.09,3340.09,728.28,21.8,2022-03-01,2026-12-31,2029-12-31,2026-06-01,6,0.0,0
PAIM-619105,near Ludhiana village Ballowal from Km 30.300 to Km 75.543 of NH-754AD Pkg-2 (NHAI) (619105),Infrastructure & Highways,Ministry of Road Transport & Highways,619105,Punjab,3457.98,3457.98,2123.01,61.4,2022-03-01,2026-12-31,2027-12-31,2026-06-01,36,0.0,0
PAIM-619200,354 near Amritsar Airport [Km 71000 to Km 99000 of Amritsar connectivity] (NHAI) (619200),Infrastructure & Highways,Ministry of Road Transport & Highways,619200,Punjab,1851.86,1851.86,1190.74,64.3,2024-03-01,2028-12-31,2028-12-31,2026-06-01,12,0.0,0
PAIM-619318,Km. 37.7 including spur to Kharar with Ludhiana bypass of NH-205K Pkg-1 (NHAI) (619318),Infrastructure & Highways,Ministry of Road Transport & Highways,619318,Rajasthan,1816.34,1816.34,1257.22,69.2,2024-03-01,2028-12-31,2027-12-31,2026-06-01,6,0.0,0
PAIM-617887,Beawer Gomti 4LPS from km 58.245 to km 108.600 Pkg-I (MoRTH) (617887),Infrastructure & Highways,Ministry of Road Transport & Highways,617887,Rajasthan,1360.24,1360.24,618.92,45.5,2024-03-01,2028-12-31,2029-12-31,2026-06-01,12,0.0,0
PAIM-617901,on EPC mode in the state of Rajasthan. (MoRTH) (617901),Infrastructure & Highways,Ministry of Road Transport & Highways,617901,Rajasthan,843.66,843.66,326.32,38.7,2021-03-01,2028-12-31,2029-12-31,2026-06-01,24,0.0,0
PAIM-618011,the state of Rajasthan on EPC Mode (MoRTH) (618011),Infrastructure & Highways,Ministry of Road Transport & Highways,618011,Rajasthan,3175.27,3175.27,1919.52,60.5,2023-03-01,2026-12-31,2028-12-31,2026-06-01,24,0.0,0
PAIM-618069,74.645 of NH-54 in the State of Rajasthan on EPC mode. (MoRTH) (618069),Infrastructure & Highways,Ministry of Road Transport & Highways,618069,Rajasthan,1394.91,1394.91,1128.05,80.9,2021-03-01,2026-12-31,2029-12-31,2026-06-01,12,0.0,0
PAIM-618092,NH-162E in the State of Rajasthan on EPC mode. (MoRTH) (618092),Infrastructure & Highways,Ministry of Road Transport & Highways,618092,Rajasthan,4181.39,4181.39,2608.43,62.4,2022-03-01,2027-12-31,2028-12-31,2026-06-01,24,0.0,0
PAIM-618117,Bara in the State of Rajasthan on EPC Mode. (MoRTH) (618117),Infrastructure & Highways,Ministry of Road Transport & Highways,618117,Rajasthan,2221.57,2221.57,1462.43,65.8,2021-03-01,2027-12-31,2028-12-31,2026-06-01,18,0.0,0
PAIM-618200,in the State of Rajasthan. (MoRTH) (618200),Infrastructure & Highways,Ministry of Road Transport & Highways,618200,Rajasthan,602.95,602.95,127.03,21.1,2021-03-01,2026-12-31,2029-12-31,2026-06-01,6,0.0,0
PAIM-618235,Green National Highway Corridor Project GNHCP. (MoRTH) (618235),Infrastructure & Highways,Ministry of Road Transport & Highways,618235,Rajasthan,3637.65,3637.65,1236.07,34.0,2021-03-01,2027-12-31,2029-12-31,2026-06-01,36,0.0,0
PAIM-618457,[End of Interchange on NH-166 near village Mui to Hardeoganj village near Indergarh] (NHAI) (618457),Infrastructure & Highways,Ministry of Road Transport & Highways,618457,Rajasthan,4264.68,4264.68,2223.83,52.1,2023-03-01,2026-12-31,2029-12-31,2026-06-01,6,0.0,0
PAIM-618458,Nayagaon Jageer village] (NHAI) (618458),Infrastructure & Highways,Ministry of Road Transport & Highways,618458,Rajasthan,2880.51,2880.51,2132.94,74.0,2021-03-01,2028-12-31,2027-12-31,2026-06-01,24,0.0,0
PAIM-618611,Package-7 (NHAI) (618611),Infrastructure & Highways,Ministry of Road Transport & Highways,618611,Gujarat,3469.48,3469.48,488.92,14.1,2022-03-01,2027-12-31,2028-12-31,2026-06-01,36,0.0,0
PAIM-618612,Deogarh near Dhandhaniya-Rajasthan/Gujarat Border Phase-I AJ/DRGB-Package-6 (NHAI) (618612),Infrastructure & Highways,Ministry of Road Transport & Highways,618612,Gujarat,1620.03,1620.03,272.59,16.8,2024-03-01,2028-12-31,2029-12-31,2026-06-01,36,0.0,0
PAIM-618613,Deogarh near Dhandhaniya-Rajasthan/Gujarat Border Phase-I AJ/DRGB-Package-7 (NHAI) (618613),Infrastructure & Highways,Ministry of Road Transport & Highways,618613,Gujarat,3867.96,3867.96,2667.53,69.0,2022-03-01,2027-12-31,2029-12-31,2026-06-01,18,0.0,0
PAIM-618757,Section (NHAI) (618757),Infrastructure & Highways,Ministry of Road Transport & Highways,618757,Rajasthan,744.15,744.15,490.35,65.9,2021-03-01,2028-12-31,2027-12-31,2026-06-01,6,0.0,0
PAIM-618758,Paniyala-Barodameo ICR (NHAI) (618758),Infrastructure & Highways,Ministry of Road Transport & Highways,618758,Rajasthan,3753.66,3753.66,1308.56,34.9,2023-03-01,2028-12-31,2027-12-31,2026-06-01,12,0.0,0
PAIM-618796,Pakisthan Border NH-968 Pkg-BM/5 (NHAI) (618796),Infrastructure & Highways,Ministry of Road Transport & Highways,618796,Rajasthan,1542.83,1542.83,878.26,56.9,2021-03-01,2028-12-31,2028-12-31,2026-06-01,24,0.0,0
PAIM-618797,Sundra  Myajilar  Ambsingh ki Dhani Road part of Munabao  Tanot project NH-70 (NHAI) (618797),Infrastructure & Highways,Ministry of Road Transport & Highways,618797,Rajasthan,2371.51,2371.51,1841.29,77.6,2022-03-01,2026-12-31,2027-12-31,2026-06-01,12,0.0,0
PAIM-618838,Road Pkg-II (NHAI) (618838),Infrastructure & Highways,Ministry of Road Transport & Highways,618838,Rajasthan,3635.46,3635.46,2334.51,64.2,2024-03-01,2026-12-31,2028-12-31,2026-06-01,12,0.0,0
PAIM-618853,NH-68 (NHAI) (618853),Infrastructure & Highways,Ministry of Road Transport & Highways,618853,Rajasthan,3169.74,3169.74,1616.44,51.0,2023-03-01,2028-12-31,2027-12-31,2026-06-01,6,0.0,0
PAIM-619251,km 140.950 of NH-56 old NH No. 113 on EPC mode in the State of Rajasthan. (MoRTH) (619251),Infrastructure & Highways,Ministry of Road Transport & Highways,619251,Rajasthan,2331.38,2331.38,1198.86,51.4,2024-03-01,2028-12-31,2028-12-31,2026-06-01,18,0.0,0
PAIM-617962,the state of Tamil Nadu job No.NH-49 Extn New NH 85 - TN-2021-22-997 (MoRTH) (617962),Infrastructure & Highways,Ministry of Road Transport & Highways,617962,Tamil Nadu,3373.69,3373.69,586.21,17.4,2021-03-01,2028-12-31,2027-12-31,2026-06-01,6,0.0,0
PAIM-618478,Km 180.000 to Km 204.500 (NHAI) (618478),Infrastructure & Highways,Ministry of Road Transport & Highways,618478,Tamil Nadu,2118.02,2118.02,1793.89,84.7,2022-03-01,2027-12-31,2029-12-31,2026-06-01,18,0.0,0
PAIM-618479,from Km 204.500 to Km 230.000 (NHAI) (618479),Infrastructure & Highways,Ministry of Road Transport & Highways,618479,Tamil Nadu,2117.98,2117.98,1200.71,56.7,2024-03-01,2027-12-31,2029-12-31,2026-06-01,6,0.0,0
PAIM-618480,Sriperumbudur Toll Plaza at km. 35700 (NHAI) (618480),Infrastructure & Highways,Ministry of Road Transport & Highways,618480,Tamil Nadu,524.32,524.32,137.06,26.1,2024-03-01,2028-12-31,2029-12-31,2026-06-01,36,0.0,0
PAIM-618481,Kanchepuram to Sriperumbudur Section Phase-III/Package-IV (NHAI) (618481),Infrastructure & Highways,Ministry of Road Transport & Highways,618481,Tamil Nadu,1238.09,1238.09,852.78,68.9,2021-03-01,2027-12-31,2028-12-31,2026-06-01,36,0.0,0
PAIM-618521,Karaipettai to Walajapet from Km 71.015 to 107.091 (NHAI) (618521),Infrastructure & Highways,Ministry of Road Transport & Highways,618521,Tamil Nadu,4406.05,4406.05,1644.62,37.3,2022-03-01,2028-12-31,2029-12-31,2026-06-01,36,0.0,0
PAIM-618522,EPC mode underNHDP Phase-V (NHAI) (618522),Infrastructure & Highways,Ministry of Road Transport & Highways,618522,Tamil Nadu,1350.2,1350.2,799.7,59.2,2021-03-01,2028-12-31,2028-12-31,2026-06-01,12,0.0,0
PAIM-618561,Dharmapuri - Salem Section of NH-44 (NHAI) (618561),Infrastructure & Highways,Ministry of Road Transport & Highways,618561,Tamil Nadu,2153.09,2153.09,291.63,13.5,2022-03-01,2028-12-31,2027-12-31,2026-06-01,36,0.0,0
PAIM-618563,4L of Madurai Ring Road Phase 1 [Vadipatti-Thamrapatti] from km 0.00 - km 29.960 (NHAI) (618563),Infrastructure & Highways,Ministry of Road Transport & Highways,618563,Tamil Nadu,4154.17,4154.17,2550.86,61.4,2022-03-01,2027-12-31,2029-12-31,2026-06-01,24,0.0,0
PAIM-618608,Kanyakumari Section from Km 43.0 to Km 96.174 of NH66 (NHAI) (618608),Infrastructure & Highways,Ministry of Road Transport & Highways,618608,Tamil Nadu,2806.15,2806.15,673.42,24.0,2022-03-01,2026-12-31,2029-12-31,2026-06-01,36,0.0,0
PAIM-618635,IV (NHAI) (618635),Infrastructure & Highways,Ministry of Road Transport & Highways,618635,Tamil Nadu,355.22,355.22,203.26,57.2,2021-03-01,2027-12-31,2029-12-31,2026-06-01,12,0.0,0
PAIM-618744,4L of Thirumangalam to Vadugapatti section from km 0.000 to km 36.000 of NH-744 (NHAI) (618744),Infrastructure & Highways,Ministry of Road Transport & Highways,618744,Tamil Nadu,1450.11,1450.11,631.18,43.5,2022-03-01,2026-12-31,2027-12-31,2026-06-01,18,0.0,0
PAIM-618756,Melur - Pilayarpatti - Karaikudi from km 99.920 of NH 38 to km 12.9 of NH 383 Ext. (NHAI) (618756),Infrastructure & Highways,Ministry of Road Transport & Highways,618756,Tamil Nadu,1909.94,1909.94,295.5,15.5,2023-03-01,2026-12-31,2027-12-31,2026-06-01,18,0.0,0
PAIM-618800,Km 4.604 to Km 9.700 (NHAI) (618800),Infrastructure & Highways,Ministry of Road Transport & Highways,618800,Tamil Nadu,658.82,658.82,172.42,26.2,2023-03-01,2028-12-31,2029-12-31,2026-06-01,6,0.0,0
PAIM-618801,0342 to Km 4604 (NHAI) (618801),Infrastructure & Highways,Ministry of Road Transport & Highways,618801,Tamil Nadu,1289.48,1289.48,572.69,44.4,2024-03-01,2028-12-31,2028-12-31,2026-06-01,18,0.0,0
PAIM-618846,Poondiyankuppam Km.67.000 to Sattanathapuram Km.123.800 (NHAI) (618846),Infrastructure & Highways,Ministry of Road Transport & Highways,618846,Tamil Nadu,3428.1,3428.1,727.86,21.2,2023-03-01,2026-12-31,2028-12-31,2026-06-01,12,0.0,0
PAIM-618894,83 (NHAI) (618894),Infrastructure & Highways,Ministry of Road Transport & Highways,618894,Tamil Nadu,347.58,347.58,53.3,15.3,2021-03-01,2026-12-31,2028-12-31,2026-06-01,12,0.0,0
PAIM-618895,Kamalapuram to Oddanchatram from km. 0.00 to km. 35.822 (NHAI) (618895),Infrastructure & Highways,Ministry of Road Transport & Highways,618895,Tamil Nadu,2686.12,2686.12,1922.26,71.6,2022-03-01,2026-12-31,2028-12-31,2026-06-01,36,0.0,0
PAIM-618898,Km 65.96 of NH-45C in Tamil Nadu under NHDP Phase-IV on EPC mode (NHAI) (618898),Infrastructure & Highways,Ministry of Road Transport & Highways,618898,Tamil Nadu,1075.59,1075.59,320.51,29.8,2022-03-01,2027-12-31,2027-12-31,2026-06-01,0,0.0,0
PAIM-618899,Kallagam km.38.700 to Meensurutti Km.98.433 of NH-227 in Tamil Nadu (NHAI) (618899),Infrastructure & Highways,Ministry of Road Transport & Highways,618899,Tamil Nadu,1904.96,1904.96,565.51,29.7,2023-03-01,2027-12-31,2027-12-31,2026-06-01,18,0.0,0
PAIM-619045,Km 14.185 to Km 20.593 (NHAI) (619045),Infrastructure & Highways,Ministry of Road Transport & Highways,619045,Tamil Nadu,4175.95,4175.95,535.72,12.8,2024-03-01,2027-12-31,2029-12-31,2026-06-01,12,0.0,0
PAIM-619074,NHDP-V (NHAI) (619074),Infrastructure & Highways,Ministry of Road Transport & Highways,619074,Tamil Nadu,2955.51,2955.51,1853.28,62.7,2024-03-01,2027-12-31,2029-12-31,2026-06-01,24,0.0,0
PAIM-619086,Walayar K183.010 Package No. NS-2/BOT/TN-08 (NHAI) (619086),Infrastructure & Highways,Ministry of Road Transport & Highways,619086,Tamil Nadu,1304.68,1304.68,987.05,75.7,2022-03-01,2026-12-31,2029-12-31,2026-06-01,12,0.0,0
PAIM-619094,Dhamrapuri Pkg-2] (NHAI) (619094),Infrastructure & Highways,Ministry of Road Transport & Highways,619094,Tamil Nadu,3380.25,3380.25,2612.74,77.3,2023-03-01,2027-12-31,2029-12-31,2026-06-01,12,0.0,0
PAIM-619113,4L of Padalur - Trichy section from km. 285.00 to km. 325.00 of NH - 45 Pkg VI-C (NHAI) (619113),Infrastructure & Highways,Ministry of Road Transport & Highways,619113,Tamil Nadu,4350.85,4350.85,1283.84,29.5,2023-03-01,2026-12-31,2027-12-31,2026-06-01,36,0.0,0
PAIM-619129,Mahabalipuram - Pondicherry Pkg-I [Mamallapuram to Mugaiyur] (NHAI) (619129),Infrastructure & Highways,Ministry of Road Transport & Highways,619129,Tamil Nadu,1559.64,1559.64,1221.79,78.3,2023-03-01,2026-12-31,2029-12-31,2026-06-01,0,0.0,0
PAIM-619130,Mahabalipuram - Pondicherry Pkg-II [Mugaiyur to Marakkanam] (NHAI) (619130),Infrastructure & Highways,Ministry of Road Transport & Highways,619130,Tamil Nadu,1210.05,1210.05,616.67,51.0,2023-03-01,2028-12-31,2027-12-31,2026-06-01,24,0.0,0
PAIM-619131,Four Laning of Chettikulam to Natham section of NH-785 (NHAI) (619131),Infrastructure & Highways,Ministry of Road Transport & Highways,619131,Tamil Nadu,855.39,855.39,361.1,42.2,2024-03-01,2026-12-31,2028-12-31,2026-06-01,36,0.0,0
PAIM-619139,Km 9.700 to Km 14.185 (NHAI) (619139),Infrastructure & Highways,Ministry of Road Transport & Highways,619139,Tamil Nadu,3913.69,3913.69,2037.65,52.1,2023-03-01,2027-12-31,2027-12-31,2026-06-01,36,0.0,0
PAIM-619156,4 Laning of Paramakudi to Ramanathapuram Section of NH-87 Old NH-49 (NHAI) (619156),Infrastructure & Highways,Ministry of Road Transport & Highways,619156,Tamil Nadu,4213.6,4213.6,605.99,14.4,2024-03-01,2027-12-31,2027-12-31,2026-06-01,12,0.0,0
PAIM-619161,Tirupati Package-1 (NHAI) (619161),Infrastructure & Highways,Ministry of Road Transport & Highways,619161,Tamil Nadu,1500.52,1500.52,1223.48,81.5,2023-03-01,2027-12-31,2027-12-31,2026-06-01,24,0.0,0
PAIM-619222,17.520 kms of Tirupathi- Tiruttani- Chennai section of NH 205 (NHAI) (619222),Infrastructure & Highways,Ministry of Road Transport & Highways,619222,Tamil Nadu,413.29,413.29,186.48,45.1,2023-03-01,2028-12-31,2029-12-31,2026-06-01,0,0.0,0
PAIM-617913,Bangalore section of NH-44 Under NHO EPC basis in the state of Telangana (MoRTH) (617913),Infrastructure & Highways,Ministry of Road Transport & Highways,617913,Telangana,2582.43,2582.43,1753.75,67.9,2021-03-01,2027-12-31,2028-12-31,2026-06-01,12,0.0,0
PAIM-617936,Telangana. (MoRTH) (617936),Infrastructure & Highways,Ministry of Road Transport & Highways,617936,Telangana,1740.04,1740.04,1024.49,58.9,2021-03-01,2026-12-31,2029-12-31,2026-06-01,12,0.0,0
PAIM-617939,Sangareddy X Roads to Madinaguda in the State of Telangana (MoRTH) (617939),Infrastructure & Highways,Ministry of Road Transport & Highways,617939,Telangana,3150.6,3150.6,1917.56,60.9,2023-03-01,2026-12-31,2029-12-31,2026-06-01,18,0.0,0
PAIM-617940,under NH O for the year 2020-21 in the state of Telangana on EPC Mode. (MoRTH) (617940),Infrastructure & Highways,Ministry of Road Transport & Highways,617940,Telangana,3509.49,3509.49,2497.45,71.2,2021-03-01,2026-12-31,2027-12-31,2026-06-01,12,0.0,0
PAIM-617980,mode in the state of Telangana (MoRTH) (617980),Infrastructure & Highways,Ministry of Road Transport & Highways,617980,Telangana,2018.07,2018.07,1592.6,78.9,2022-03-01,2028-12-31,2028-12-31,2026-06-01,18,0.0,0
PAIM-617983,2020-21 on EPC Mode in the state of Telangana. (MoRTH) (617983),Infrastructure & Highways,Ministry of Road Transport & Highways,617983,Telangana,4462.84,4462.84,3647.74,81.7,2022-03-01,2026-12-31,2029-12-31,2026-06-01,12,0.0,0
PAIM-617994,Telangana (MoRTH) (617994),Infrastructure & Highways,Ministry of Road Transport & Highways,617994,Telangana,3830.34,3830.34,1556.28,40.6,2021-03-01,2028-12-31,2028-12-31,2026-06-01,18,0.0,0
PAIM-617995,Telangana on EPC mode under NH O Annual Plan 2016-17 (MoRTH) (617995),Infrastructure & Highways,Ministry of Road Transport & Highways,617995,Telangana,3789.22,3789.22,3112.51,82.1,2023-03-01,2026-12-31,2029-12-31,2026-06-01,0,0.0,0
PAIM-618001,of Telangana (MoRTH) (618001),Infrastructure & Highways,Ministry of Road Transport & Highways,618001,Telangana,732.52,732.52,346.63,47.3,2024-03-01,2028-12-31,2029-12-31,2026-06-01,18,0.0,0
PAIM-618025,mode (MoRTH) (618025),Infrastructure & Highways,Ministry of Road Transport & Highways,618025,Telangana,3826.3,3826.3,541.36,14.1,2021-03-01,2026-12-31,2028-12-31,2026-06-01,18,0.0,0
PAIM-618091,2021-22 on EPC mode under NHO (MoRTH) (618091),Infrastructure & Highways,Ministry of Road Transport & Highways,618091,Telangana,2202.03,2202.03,1245.44,56.6,2022-03-01,2027-12-31,2029-12-31,2026-06-01,18,0.0,0
PAIM-618104,plan 2021-22 on EPC mode under NHO. (MoRTH) (618104),Infrastructure & Highways,Ministry of Road Transport & Highways,618104,Telangana,3825.05,3825.05,2386.44,62.4,2024-03-01,2028-12-31,2029-12-31,2026-06-01,6,0.0,0
PAIM-618105,Telangana on EPC mode. (MoRTH) (618105),Infrastructure & Highways,Ministry of Road Transport & Highways,618105,Telangana,674.27,674.27,561.65,83.3,2024-03-01,2027-12-31,2027-12-31,2026-06-01,36,0.0,0
PAIM-618106,2021-22-75 (MoRTH) (618106),Infrastructure & Highways,Ministry of Road Transport & Highways,618106,Telangana,2176.19,2176.19,1184.91,54.4,2023-03-01,2028-12-31,2027-12-31,2026-06-01,0,0.0,0
PAIM-618130,section of NH 353B in the State of Telangana (MoRTH) (618130),Infrastructure & Highways,Ministry of Road Transport & Highways,618130,Telangana,321.56,321.56,262.6,81.7,2022-03-01,2027-12-31,2028-12-31,2026-06-01,24,0.0,0
PAIM-618140,365A on Kodad-Khammam-Kurvi road. (MoRTH) (618140),Infrastructure & Highways,Ministry of Road Transport & Highways,618140,Telangana,1532.32,1532.32,630.5,41.1,2022-03-01,2027-12-31,2029-12-31,2026-06-01,12,0.0,0
PAIM-618141,Telangana on EPC Mode (MoRTH) (618141),Infrastructure & Highways,Ministry of Road Transport & Highways,618141,Telangana,1548.62,1548.62,300.95,19.4,2023-03-01,2027-12-31,2029-12-31,2026-06-01,6,0.0,0
PAIM-618182,Annual plan 2022-23 (MoRTH) (618182),Infrastructure & Highways,Ministry of Road Transport & Highways,618182,Telangana,1306.8,1306.8,393.09,30.1,2021-03-01,2027-12-31,2028-12-31,2026-06-01,18,0.0,0
PAIM-618183,mode under NHO (MoRTH) (618183),Infrastructure & Highways,Ministry of Road Transport & Highways,618183,Telangana,1110.59,1110.59,926.64,83.4,2021-03-01,2027-12-31,2029-12-31,2026-06-01,0,0.0,0
PAIM-618186,"Telangana on Engineering, Procurement and Construction EPC Basis (MoRTH) (618186)",Infrastructure & Highways,Ministry of Road Transport & Highways,618186,Telangana,3951.36,3951.36,2012.21,50.9,2021-03-01,2028-12-31,2028-12-31,2026-06-01,36,0.0,0
PAIM-618190,22 on EPC Mode under NH  O. (MoRTH) (618190),Infrastructure & Highways,Ministry of Road Transport & Highways,618190,Telangana,480.41,480.41,332.02,69.1,2023-03-01,2028-12-31,2028-12-31,2026-06-01,6,0.0,0
PAIM-618196,2021-22 on EPC mode (MoRTH) (618196),Infrastructure & Highways,Ministry of Road Transport & Highways,618196,Telangana,377.04,377.04,72.92,19.3,2023-03-01,2026-12-31,2028-12-31,2026-06-01,6,0.0,0
PAIM-618197,EPC mode (MoRTH) (618197),Infrastructure & Highways,Ministry of Road Transport & Highways,618197,Telangana,1658.54,1658.54,561.34,33.8,2021-03-01,2027-12-31,2029-12-31,2026-06-01,6,0.0,0
PAIM-618558,471.00 of NH-44 (NHAI) (618558),Infrastructure & Highways,Ministry of Road Transport & Highways,618558,Telangana,2287.51,2287.51,831.7,36.4,2024-03-01,2026-12-31,2027-12-31,2026-06-01,0,0.0,0
PAIM-618559,481.331 of NH-44 (NHAI) (618559),Infrastructure & Highways,Ministry of Road Transport & Highways,618559,Telangana,2304.02,2304.02,1457.52,63.3,2021-03-01,2026-12-31,2029-12-31,2026-06-01,6,0.0,0
PAIM-618560,NH-44 (NHAI) (618560),Infrastructure & Highways,Ministry of Road Transport & Highways,618560,Telangana,814.0,814.0,127.12,15.6,2023-03-01,2027-12-31,2027-12-31,2026-06-01,18,0.0,0
PAIM-618746,village to Somavaram village Design Chainage 0000 to 33604] (NHAI) (618746),Infrastructure & Highways,Ministry of Road Transport & Highways,618746,Telangana,1024.98,1024.98,776.6,75.8,2021-03-01,2027-12-31,2028-12-31,2026-06-01,18,0.0,0
PAIM-618765,4L of Karimnagar-Warangal section from km 49.500 to km 117.820 of NH-563 (NHAI) (618765),Infrastructure & Highways,Ministry of Road Transport & Highways,618765,Telangana,3782.51,3782.51,2260.2,59.8,2023-03-01,2027-12-31,2029-12-31,2026-06-01,12,0.0,0
PAIM-618811,112.240 KmPackage-III (NHAI) (618811),Infrastructure & Highways,Ministry of Road Transport & Highways,618811,Telangana,1972.82,1972.82,1609.63,81.6,2024-03-01,2027-12-31,2029-12-31,2026-06-01,6,0.0,0
PAIM-618812,at Design Ch. 35.300 Km to Pangidipalle village at Design Ch. 72.350 KmPackage-II (NHAI) (618812),Infrastructure & Highways,Ministry of Road Transport & Highways,618812,Telangana,2136.43,2136.43,709.86,33.2,2022-03-01,2027-12-31,2029-12-31,2026-06-01,24,0.0,0
PAIM-618813,Design Ch. 3.834 Km to Puttapaka village at Design Ch. 35.300 Km Package-I (NHAI) (618813),Infrastructure & Highways,Ministry of Road Transport & Highways,618813,Telangana,1741.48,1741.48,1440.9,82.7,2023-03-01,2026-12-31,2027-12-31,2026-06-01,0,0.0,0
PAIM-618814,Venkatpur village in Warangal District at Design Ch. 150.240 KmPackage-I (NHAI) (618814),Infrastructure & Highways,Ministry of Road Transport & Highways,618814,Telangana,2872.42,2872.42,2403.68,83.7,2022-03-01,2027-12-31,2029-12-31,2026-06-01,0,0.0,0
PAIM-618815,Thallasenkesa village in Mahabubabed District at Design Ch. 189.650 kmPackage-II (NHAI) (618815),Infrastructure & Highways,Ministry of Road Transport & Highways,618815,Telangana,1349.72,1349.72,1126.33,83.4,2024-03-01,2027-12-31,2028-12-31,2026-06-01,6,0.0,0
PAIM-618816,Khammam District at Design Ch. 220.480 KmPackage-III (NHAI) (618816),Infrastructure & Highways,Ministry of Road Transport & Highways,618816,Telangana,3837.92,3837.92,1503.89,39.2,2023-03-01,2026-12-31,2029-12-31,2026-06-01,0,0.0,0
PAIM-618817,at Design Ch. 250.400 Km Package-I. (NHAI) (618817),Infrastructure & Highways,Ministry of Road Transport & Highways,618817,Telangana,1613.86,1613.86,1255.93,77.8,2023-03-01,2026-12-31,2028-12-31,2026-06-01,18,0.0,0
PAIM-618944,Hyderabad - Maneguda (NHAI) (618944),Infrastructure & Highways,Ministry of Road Transport & Highways,618944,Telangana,3337.19,3337.19,2470.55,74.0,2022-03-01,2027-12-31,2027-12-31,2026-06-01,6,0.0,0
PAIM-618945,31.800/Existing Km 29.400 of NH-365A (NHAI) (618945),Infrastructure & Highways,Ministry of Road Transport & Highways,618945,Telangana,3520.57,3520.57,2652.93,75.4,2023-03-01,2026-12-31,2028-12-31,2026-06-01,18,0.0,0
PAIM-619009,Telangana on EPC Mode under Annual Plan 2022-23 (MoRTH) (619009),Infrastructure & Highways,Ministry of Road Transport & Highways,619009,Telangana,4075.43,4075.43,2627.3,64.5,2021-03-01,2028-12-31,2028-12-31,2026-06-01,24,0.0,0
PAIM-619128,village to Chintagudem village Design Chainage 33604 to 63117] (NHAI) (619128),Infrastructure & Highways,Ministry of Road Transport & Highways,619128,Telangana,2667.29,2667.29,1885.81,70.7,2024-03-01,2026-12-31,2027-12-31,2026-06-01,12,0.0,0
PAIM-619165,Thanamcherla-Jamandlapally 2LPS (NHAI) (619165),Infrastructure & Highways,Ministry of Road Transport & Highways,619165,Telangana,2672.52,2672.52,766.42,28.7,2024-03-01,2026-12-31,2029-12-31,2026-06-01,24,0.0,0
PAIM-619193,Telangana through EPC mode (MoRTH) (619193),Infrastructure & Highways,Ministry of Road Transport & Highways,619193,Telangana,2139.41,2139.41,1410.99,66.0,2023-03-01,2026-12-31,2028-12-31,2026-06-01,6,0.0,0
PAIM-619253,State of Telangara on EPC under Annual Plan 2024 -25 (MoRTH) (619253),Infrastructure & Highways,Ministry of Road Transport & Highways,619253,Telangana,1109.94,1109.94,138.26,12.5,2021-03-01,2026-12-31,2027-12-31,2026-06-01,18,0.0,0
PAIM-617963,92 under EPC mode in the State of Uttar Pradesh (MoRTH) (617963),Infrastructure & Highways,Ministry of Road Transport & Highways,617963,Uttar Pradesh,2670.85,2670.85,1598.53,59.9,2023-03-01,2027-12-31,2028-12-31,2026-06-01,0,0.0,0
PAIM-617964,EPC mode in the state of Uttar Pradesh. (MoRTH) (617964),Infrastructure & Highways,Ministry of Road Transport & Highways,617964,Uttar Pradesh,3929.33,3929.33,2902.82,73.9,2024-03-01,2028-12-31,2029-12-31,2026-06-01,12,0.0,0
PAIM-618009,24B Phase-1 on EPC mode. (MoRTH) (618009),Infrastructure & Highways,Ministry of Road Transport & Highways,618009,Uttar Pradesh,2717.7,2717.7,469.55,17.3,2024-03-01,2026-12-31,2029-12-31,2026-06-01,18,0.0,0
PAIM-618054,km.223.000 of NH-330 to km.328.300 of NH-730 under EPC mode (MoRTH) (618054),Infrastructure & Highways,Ministry of Road Transport & Highways,618054,Uttar Pradesh,1506.98,1506.98,390.61,25.9,2022-03-01,2028-12-31,2028-12-31,2026-06-01,12,0.0,0
PAIM-618055,mode in the State of Uttar Pradesh. (MoRTH) (618055),Infrastructure & Highways,Ministry of Road Transport & Highways,618055,Uttar Pradesh,1990.99,1990.99,630.29,31.7,2023-03-01,2027-12-31,2028-12-31,2026-06-01,36,0.0,0
PAIM-618056,Uttar Pradesh EPC basis (MoRTH) (618056),Infrastructure & Highways,Ministry of Road Transport & Highways,618056,Uttar Pradesh,2523.07,2523.07,2010.28,79.7,2024-03-01,2027-12-31,2029-12-31,2026-06-01,36,0.0,0
PAIM-618057,Pradesh (MoRTH) (618057),Infrastructure & Highways,Ministry of Road Transport & Highways,618057,Uttar Pradesh,1208.15,1208.15,231.91,19.2,2024-03-01,2026-12-31,2029-12-31,2026-06-01,6,0.0,0
PAIM-618063,km.40.00 of NH-91-A on EPC mode (MoRTH) (618063),Infrastructure & Highways,Ministry of Road Transport & Highways,618063,Uttar Pradesh,3932.56,3932.56,2112.89,53.7,2022-03-01,2028-12-31,2029-12-31,2026-06-01,0,0.0,0
PAIM-618066,state of Uttar Pradesh (MoRTH) (618066),Infrastructure & Highways,Ministry of Road Transport & Highways,618066,Uttar Pradesh,1833.44,1833.44,285.56,15.6,2024-03-01,2027-12-31,2029-12-31,2026-06-01,6,0.0,0
PAIM-618067,"Engineering, Procurement & Construction EpC mode in the State of Uttar Pradesh (MoRTH) (618067)",Infrastructure & Highways,Ministry of Road Transport & Highways,618067,Uttar Pradesh,1076.19,1076.19,516.53,48.0,2021-03-01,2028-12-31,2029-12-31,2026-06-01,0,0.0,0
PAIM-618075,design km. 0.000 to km. 54.048 of NH-124D (MoRTH) (618075),Infrastructure & Highways,Ministry of Road Transport & Highways,618075,Uttar Pradesh,1723.89,1723.89,689.09,40.0,2024-03-01,2027-12-31,2028-12-31,2026-06-01,24,0.0,0
PAIM-618081,53.540 to Km.59.200 of NH-135A on EPC mode in the state of Uttar Pradesh (MoRTH) (618081),Infrastructure & Highways,Ministry of Road Transport & Highways,618081,Uttar Pradesh,1640.98,1640.98,926.83,56.5,2021-03-01,2027-12-31,2027-12-31,2026-06-01,24,0.0,0
PAIM-618082,km.73.134 Jaunpur of NH-135A on EPC mode (MoRTH) (618082),Infrastructure & Highways,Ministry of Road Transport & Highways,618082,Uttar Pradesh,3479.51,3479.51,2558.36,73.5,2021-03-01,2026-12-31,2029-12-31,2026-06-01,6,0.0,0
PAIM-618111,Barhalganj in the State of UP on EPC Mode. (MoRTH) (618111),Infrastructure & Highways,Ministry of Road Transport & Highways,618111,Uttar Pradesh,3699.69,3699.69,1927.04,52.1,2024-03-01,2028-12-31,2028-12-31,2026-06-01,24,0.0,0
PAIM-618112,in the State of Uttar Pradesh on EPC basis (MoRTH) (618112),Infrastructure & Highways,Ministry of Road Transport & Highways,618112,Uttar Pradesh,2889.65,2889.65,796.58,27.6,2023-03-01,2027-12-31,2029-12-31,2026-06-01,6,0.0,0
PAIM-618113,basis. (MoRTH) (618113),Infrastructure & Highways,Ministry of Road Transport & Highways,618113,Uttar Pradesh,3886.07,3886.07,1620.36,41.7,2021-03-01,2026-12-31,2027-12-31,2026-06-01,24,0.0,0
PAIM-618114,the State of Uttar Pradesh (MoRTH) (618114),Infrastructure & Highways,Ministry of Road Transport & Highways,618114,Uttar Pradesh,1784.55,1784.55,1254.71,70.3,2021-03-01,2027-12-31,2028-12-31,2026-06-01,6,0.0,0
PAIM-618116,NH-227B 84 Kosi Parikrama Marg to 2LPS along with Parikrama Path (MoRTH) (618116),Infrastructure & Highways,Ministry of Road Transport & Highways,618116,Uttar Pradesh,1509.54,1509.54,712.3,47.2,2022-03-01,2028-12-31,2028-12-31,2026-06-01,18,0.0,0
PAIM-618124,State of Uttar Pradesh (MoRTH) (618124),Infrastructure & Highways,Ministry of Road Transport & Highways,618124,Uttar Pradesh,3176.25,3176.25,721.13,22.7,2021-03-01,2027-12-31,2027-12-31,2026-06-01,12,0.0,0
PAIM-618162,under HAM (MoRTH) (618162),Infrastructure & Highways,Ministry of Road Transport & Highways,618162,Uttar Pradesh,3536.1,3536.1,2103.3,59.5,2023-03-01,2027-12-31,2029-12-31,2026-06-01,0,0.0,0
PAIM-618163,"on Engineering, Procurement & Construction EPC Basis. (MoRTH) (618163)",Infrastructure & Highways,Ministry of Road Transport & Highways,618163,Uttar Pradesh,4006.58,4006.58,2677.88,66.8,2023-03-01,2026-12-31,2027-12-31,2026-06-01,12,0.0,0
PAIM-618164,of NH-731A i/c Yamuna Bridge on HAM in the state of Uttar Pradesh. (MoRTH) (618164),Infrastructure & Highways,Ministry of Road Transport & Highways,618164,Uttar Pradesh,592.34,592.34,168.57,28.5,2021-03-01,2026-12-31,2027-12-31,2026-06-01,36,0.0,0
PAIM-618165,NH-731A on Hybrid Annuity Mode in the state of Uttar Pradesh (MoRTH) (618165),Infrastructure & Highways,Ministry of Road Transport & Highways,618165,Uttar Pradesh,2339.39,2339.39,1412.91,60.4,2023-03-01,2026-12-31,2029-12-31,2026-06-01,36,0.0,0
PAIM-618166,731A with paved shoulders on Hybrid Annuity Mode in the state of Uttar Pradesh (MoRTH) (618166),Infrastructure & Highways,Ministry of Road Transport & Highways,618166,Uttar Pradesh,3032.03,3032.03,2139.8,70.6,2023-03-01,2027-12-31,2027-12-31,2026-06-01,36,0.0,0
PAIM-618168,NH-731B on EPC mode in the state of Uttar Pradesh (MoRTH) (618168),Infrastructure & Highways,Ministry of Road Transport & Highways,618168,Uttar Pradesh,4255.19,4255.19,846.43,19.9,2022-03-01,2027-12-31,2027-12-31,2026-06-01,18,0.0,0
PAIM-618169,Ch.49.2OO of NH-731B on EPC Mode (MoRTH) (618169),Infrastructure & Highways,Ministry of Road Transport & Highways,618169,Uttar Pradesh,3948.05,3948.05,1768.42,44.8,2022-03-01,2026-12-31,2028-12-31,2026-06-01,24,0.0,0
PAIM-618187,areas in a total length of 9.732 km in the state of Uttar Pradesh on EPC mode (MoRTH) (618187),Infrastructure & Highways,Ministry of Road Transport & Highways,618187,Uttar Pradesh,1238.54,1238.54,635.86,51.3,2022-03-01,2028-12-31,2029-12-31,2026-06-01,0,0.0,0
PAIM-618233,Allahabad on EPC mode (MoRTH) (618233),Infrastructure & Highways,Ministry of Road Transport & Highways,618233,Uttar Pradesh,977.29,977.29,256.24,26.2,2022-03-01,2027-12-31,2028-12-31,2026-06-01,6,0.0,0
PAIM-618240,assistance of world Bank on EPC mode. (MoRTH) (618240),Infrastructure & Highways,Ministry of Road Transport & Highways,618240,Uttar Pradesh,1258.03,1258.03,141.03,11.2,2024-03-01,2027-12-31,2029-12-31,2026-06-01,12,0.0,0
PAIM-618243,state of Uttar Pradesh on HAM mode (MoRTH) (618243),Infrastructure & Highways,Ministry of Road Transport & Highways,618243,Uttar Pradesh,832.74,832.74,147.63,17.7,2022-03-01,2028-12-31,2028-12-31,2026-06-01,0,0.0,0
PAIM-618244,Raebareli City in the state of Uttar Pradesh on Hybrid Annuity Model HAM basis (MoRTH) (618244),Infrastructure & Highways,Ministry of Road Transport & Highways,618244,Uttar Pradesh,1109.6,1109.6,910.25,82.0,2022-03-01,2026-12-31,2028-12-31,2026-06-01,18,0.0,0
PAIM-618247,0.000 to km 15.000 of NH 135A in the State of Uttar Pradesh on HAM Mode. (MoRTH) (618247),Infrastructure & Highways,Ministry of Road Transport & Highways,618247,Uttar Pradesh,2222.13,2222.13,295.67,13.3,2024-03-01,2028-12-31,2028-12-31,2026-06-01,36,0.0,0
PAIM-618248,Pradesh. (MoRTH) (618248),Infrastructure & Highways,Ministry of Road Transport & Highways,618248,Uttar Pradesh,812.45,812.45,617.19,76.0,2023-03-01,2028-12-31,2027-12-31,2026-06-01,6,0.0,0
PAIM-618249,Akbarpur section on Hybrid Annuity Mode in the state of Uttar Pradesh (MoRTH) (618249),Infrastructure & Highways,Ministry of Road Transport & Highways,618249,Uttar Pradesh,456.73,456.73,123.25,27.0,2022-03-01,2027-12-31,2028-12-31,2026-06-01,6,0.0,0
PAIM-618252,the state of Uttar Pradesh on Hybrid Annuity Model HAM basis (MoRTH) (618252),Infrastructure & Highways,Ministry of Road Transport & Highways,618252,Uttar Pradesh,4386.9,4386.9,533.24,12.2,2023-03-01,2028-12-31,2027-12-31,2026-06-01,0,0.0,0
PAIM-618260,Annuity Mode HAM in the State of Uttar Pradesh (MoRTH) (618260),Infrastructure & Highways,Ministry of Road Transport & Highways,618260,Uttar Pradesh,3388.57,3388.57,2047.58,60.4,2023-03-01,2027-12-31,2029-12-31,2026-06-01,0,0.0,0
PAIM-618262,shoulder configuration under Hybrid Annuity Mode HAM in the State of Uttar Pradesh (MoRTH) (618262),Infrastructure & Highways,Ministry of Road Transport & Highways,618262,Uttar Pradesh,3962.24,3962.24,3195.39,80.6,2023-03-01,2028-12-31,2027-12-31,2026-06-01,18,0.0,0
PAIM-618263,Uttar Pradesh (MoRTH) (618263),Infrastructure & Highways,Ministry of Road Transport & Highways,618263,Uttar Pradesh,1352.61,1352.61,563.07,41.6,2023-03-01,2027-12-31,2028-12-31,2026-06-01,36,0.0,0
PAIM-618264,NH-727B near Sikanderpur under EPC mode (MoRTH) (618264),Infrastructure & Highways,Ministry of Road Transport & Highways,618264,Uttar Pradesh,539.04,539.04,203.15,37.7,2022-03-01,2028-12-31,2027-12-31,2026-06-01,36,0.0,0
PAIM-618265,the loan assistance of world Bank on EPC mode. (MoRTH) (618265),Infrastructure & Highways,Ministry of Road Transport & Highways,618265,Uttar Pradesh,780.06,780.06,136.43,17.5,2022-03-01,2027-12-31,2027-12-31,2026-06-01,36,0.0,0
PAIM-618266,assistance of world Bank on EPC mode. (MoRTH) (618266),Infrastructure & Highways,Ministry of Road Transport & Highways,618266,Uttar Pradesh,3793.14,3793.14,1703.71,44.9,2023-03-01,2026-12-31,2027-12-31,2026-06-01,24,0.0,0
PAIM-618267,Pradesh. (MoRTH) (618267),Infrastructure & Highways,Ministry of Road Transport & Highways,618267,Uttar Pradesh,3030.43,3030.43,985.27,32.5,2024-03-01,2027-12-31,2027-12-31,2026-06-01,36,0.0,0
PAIM-618499,6L Elevated Kanpur - Lucknow Exeressway Pkg-1 from Km. 10980 to Km. 28500 (NHAI) (618499),Infrastructure & Highways,Ministry of Road Transport & Highways,618499,Uttar Pradesh,807.84,807.84,290.8,36.0,2021-03-01,2026-12-31,2029-12-31,2026-06-01,12,0.0,0
PAIM-618500,Km 8.520 of NH-235 Pkg-5 (NHAI) (618500),Infrastructure & Highways,Ministry of Road Transport & Highways,618500,Uttar Pradesh,4234.04,4234.04,736.93,17.4,2024-03-01,2026-12-31,2027-12-31,2026-06-01,12,0.0,0
PAIM-618529,Revasa Village km 818.80 / NH-2 (NHAI) (618529),Infrastructure & Highways,Ministry of Road Transport & Highways,618529,Uttar Pradesh,499.4,499.4,376.34,75.4,2022-03-01,2028-12-31,2028-12-31,2026-06-01,0,0.0,0
PAIM-618536,Pakari Package-IV in State of Uttar Pradesh. (NHAI) (618536),Infrastructure & Highways,Ministry of Road Transport & Highways,618536,Uttar Pradesh,2459.68,2459.68,1730.56,70.4,2023-03-01,2026-12-31,2028-12-31,2026-06-01,12,0.0,0
PAIM-618537,Sachendi I to Maharajpur Package-I (NHAI) (618537),Infrastructure & Highways,Ministry of Road Transport & Highways,618537,Uttar Pradesh,905.76,905.76,476.86,52.6,2021-03-01,2027-12-31,2027-12-31,2026-06-01,0,0.0,0
PAIM-618538,Harbanch-Uchti Pkg-III (NHAI) (618538),Infrastructure & Highways,Ministry of Road Transport & Highways,618538,Uttar Pradesh,2666.2,2666.2,1335.14,50.1,2023-03-01,2028-12-31,2029-12-31,2026-06-01,0,0.0,0
PAIM-618539,Sathara Package-II B (NHAI) (618539),Infrastructure & Highways,Ministry of Road Transport & Highways,618539,Uttar Pradesh,1897.01,1897.01,399.08,21.0,2023-03-01,2028-12-31,2028-12-31,2026-06-01,36,0.0,0
PAIM-618540,to Transganga Package-IIA (NHAI) (618540),Infrastructure & Highways,Ministry of Road Transport & Highways,618540,Uttar Pradesh,2897.35,2897.35,455.8,15.7,2024-03-01,2026-12-31,2029-12-31,2026-06-01,36,0.0,0
PAIM-618554,NH-44 village Bad from Km. 0.000 to Km. 7.772 (NHAI) (618554),Infrastructure & Highways,Ministry of Road Transport & Highways,618554,Uttar Pradesh,1181.26,1181.26,647.12,54.8,2022-03-01,2028-12-31,2028-12-31,2026-06-01,12,0.0,0
PAIM-618566,29E Chainage 83.308 and end at NH-28 Chainage 285.100 (NHAI) (618566),Infrastructure & Highways,Ministry of Road Transport & Highways,618566,Uttar Pradesh,3396.42,3396.42,1289.41,38.0,2021-03-01,2027-12-31,2027-12-31,2026-06-01,12,0.0,0
PAIM-618567,of existing NH-27 part-1 and part-2 south of NH-27 from km 0.000 to km 5.000. (NHAI) (618567),Infrastructure & Highways,Ministry of Road Transport & Highways,618567,Uttar Pradesh,1960.79,1960.79,642.6,32.8,2023-03-01,2028-12-31,2027-12-31,2026-06-01,0,0.0,0
PAIM-618568,112.540 and ending at Km. 153.281 of NH-27 (NHAI) (618568),Infrastructure & Highways,Ministry of Road Transport & Highways,618568,Uttar Pradesh,1180.48,1180.48,504.99,42.8,2021-03-01,2026-12-31,2027-12-31,2026-06-01,6,0.0,0
PAIM-618669,EC in MP & UP on HAM (NHAI) (618669),Infrastructure & Highways,Ministry of Road Transport & Highways,618669,Uttar Pradesh,958.73,958.73,378.81,39.5,2024-03-01,2028-12-31,2027-12-31,2026-06-01,6,0.0,0
PAIM-618690,UP on HAM mode (NHAI) (618690),Infrastructure & Highways,Ministry of Road Transport & Highways,618690,Uttar Pradesh,565.3,565.3,461.34,81.6,2022-03-01,2026-12-31,2027-12-31,2026-06-01,36,0.0,0
PAIM-618692,Aligarh-Kanpur Pkg I [Aligarh-Bhadwas] (NHAI) (618692),Infrastructure & Highways,Ministry of Road Transport & Highways,618692,Uttar Pradesh,3391.86,3391.86,1997.48,58.9,2022-03-01,2027-12-31,2029-12-31,2026-06-01,6,0.0,0
PAIM-618710,DL/UP Border - EPE Crossing Pkg-02 (NHAI) (618710),Infrastructure & Highways,Ministry of Road Transport & Highways,618710,Uttar Pradesh,2305.04,2305.04,773.49,33.6,2023-03-01,2028-12-31,2028-12-31,2026-06-01,6,0.0,0
PAIM-618722,to km 45.500 (NHAI) (618722),Infrastructure & Highways,Ministry of Road Transport & Highways,618722,Uttar Pradesh,3297.69,3297.69,1637.71,49.7,2021-03-01,2026-12-31,2028-12-31,2026-06-01,18,0.0,0
PAIM-618761,bypassing Meerut Town of NH 709 A (NHAI) (618761),Infrastructure & Highways,Ministry of Road Transport & Highways,618761,Uttar Pradesh,1513.12,1513.12,260.87,17.2,2024-03-01,2028-12-31,2027-12-31,2026-06-01,12,0.0,0
PAIM-618768,144.60 to Km. 28.000 near Asroi village in Hathras of NH-509 Package-I (NHAI) (618768),Infrastructure & Highways,Ministry of Road Transport & Highways,618768,Uttar Pradesh,1028.69,1028.69,234.98,22.8,2021-03-01,2026-12-31,2028-12-31,2026-06-01,12,0.0,0
PAIM-618782,4L of Bareilly-Pilibhit-Sitarganj from Km. 0.000 to Km. 32.500 of NH-30 Pkg-1 (NHAI) (618782),Infrastructure & Highways,Ministry of Road Transport & Highways,618782,Uttar Pradesh,3653.65,3653.65,374.45,10.2,2022-03-01,2028-12-31,2028-12-31,2026-06-01,24,0.0,0
PAIM-618798,4L of Sonauli - Gorakhpur (NHAI) (618798),Infrastructure & Highways,Ministry of Road Transport & Highways,618798,Uttar Pradesh,3088.73,3088.73,1166.27,37.8,2021-03-01,2027-12-31,2027-12-31,2026-06-01,12,0.0,0
PAIM-618843,Km 219/720 of NH-31 under NHO in the state of Uttar Pradesh on EPC mode (NHAI) (618843),Infrastructure & Highways,Ministry of Road Transport & Highways,618843,Uttar Pradesh,874.8,874.8,248.19,28.4,2021-03-01,2027-12-31,2028-12-31,2026-06-01,0,0.0,0
PAIM-618848,expansion of runway of Babatpur Airport Varanasi (NHAI) (618848),Infrastructure & Highways,Ministry of Road Transport & Highways,618848,Uttar Pradesh,1519.85,1519.85,1051.68,69.2,2021-03-01,2026-12-31,2029-12-31,2026-06-01,36,0.0,0
PAIM-618856,"175.080, from Start of Shahabad Bypass to End of Hardoi bypass of NH 731 Pkg-2B (NHAI) (618856)",Infrastructure & Highways,Ministry of Road Transport & Highways,618856,Uttar Pradesh,1850.59,1850.59,1137.76,61.5,2022-03-01,2026-12-31,2029-12-31,2026-06-01,24,0.0,0
PAIM-618858,731Pkg.-2A (NHAI) (618858),Infrastructure & Highways,Ministry of Road Transport & Highways,618858,Uttar Pradesh,4036.12,4036.12,2089.36,51.8,2021-03-01,2026-12-31,2029-12-31,2026-06-01,36,0.0,0
PAIM-618859,"260.800, End of Hardoi District to Lucknow Ring road of NH 731 Pkg-4 (NHAI) (618859)",Infrastructure & Highways,Ministry of Road Transport & Highways,618859,Uttar Pradesh,3900.32,3900.32,667.67,17.1,2024-03-01,2026-12-31,2029-12-31,2026-06-01,6,0.0,0
PAIM-618866,"218.000 Section of NH 530B, in the State of Uttar Pradesh on HAM Mode under NH0 (NHAI) (618866)",Infrastructure & Highways,Ministry of Road Transport & Highways,618866,Uttar Pradesh,1249.97,1249.97,718.84,57.5,2022-03-01,2028-12-31,2027-12-31,2026-06-01,12,0.0,0
PAIM-618867,4L Kasganj-Badaun Section from Km. 123.100 to Km. 179.500 Pkg-III of NH530B (NHAI) (618867),Infrastructure & Highways,Ministry of Road Transport & Highways,618867,Uttar Pradesh,952.21,952.21,332.32,34.9,2024-03-01,2026-12-31,2029-12-31,2026-06-01,6,0.0,0
PAIM-618868,530B (NHAI) (618868),Infrastructure & Highways,Ministry of Road Transport & Highways,618868,Uttar Pradesh,2116.95,2116.95,1297.85,61.3,2021-03-01,2026-12-31,2027-12-31,2026-06-01,24,0.0,0
PAIM-618869,30 near Invertis University including Trumpet Interchange (NHAI) (618869),Infrastructure & Highways,Ministry of Road Transport & Highways,618869,Uttar Pradesh,3012.16,3012.16,2401.3,79.7,2022-03-01,2027-12-31,2029-12-31,2026-06-01,0,0.0,0
PAIM-618883,42.500] on EPC Mode in the state of Uttar Pradesh. (NHAI) (618883),Infrastructure & Highways,Ministry of Road Transport & Highways,618883,Uttar Pradesh,681.0,681.0,472.57,69.4,2024-03-01,2027-12-31,2028-12-31,2026-06-01,24,0.0,0
PAIM-618884,78.150] on EPC Mode in the state of Uttar Pradesh. (NHAI) (618884),Infrastructure & Highways,Ministry of Road Transport & Highways,618884,Uttar Pradesh,430.81,430.81,56.23,13.1,2022-03-01,2026-12-31,2027-12-31,2026-06-01,36,0.0,0
PAIM-618885,EPC Mode in the state of Uttar Pradesh. (NHAI) (618885),Infrastructure & Highways,Ministry of Road Transport & Highways,618885,Uttar Pradesh,2733.08,2733.08,1231.24,45.0,2021-03-01,2028-12-31,2028-12-31,2026-06-01,12,0.0,0
PAIM-618893,Gorakhpur (NHAI) (618893),Infrastructure & Highways,Ministry of Road Transport & Highways,618893,Uttar Pradesh,3849.33,3849.33,2101.51,54.6,2022-03-01,2026-12-31,2027-12-31,2026-06-01,24,0.0,0
PAIM-618911,13.700 connecting NH-24 to NH-87 bypassing rampur town (NHAI) (618911),Infrastructure & Highways,Ministry of Road Transport & Highways,618911,Uttar Pradesh,385.29,385.29,159.62,41.4,2024-03-01,2028-12-31,2029-12-31,2026-06-01,36,0.0,0
PAIM-618923,Design Length 39.560 Km  of NH-119 Pkg-II (NHAI) (618923),Infrastructure & Highways,Ministry of Road Transport & Highways,618923,Uttar Pradesh,1797.79,1797.79,1139.32,63.4,2024-03-01,2027-12-31,2028-12-31,2026-06-01,6,0.0,0
PAIM-618924,2L PS of Najibabad Kotdwar section from 112.575 to Km. 138.635 of NH 119 (NHAI) (618924),Infrastructure & Highways,Ministry of Road Transport & Highways,618924,Uttar Pradesh,3623.63,3623.63,430.81,11.9,2024-03-01,2026-12-31,2027-12-31,2026-06-01,12,0.0,0
PAIM-618925,Bijnor-Kotawali (NHAI) (618925),Infrastructure & Highways,Ministry of Road Transport & Highways,618925,Uttar Pradesh,2680.31,2680.31,915.15,34.1,2021-03-01,2026-12-31,2027-12-31,2026-06-01,0,0.0,0
PAIM-618927,734 Pkg-II (NHAI) (618927),Infrastructure & Highways,Ministry of Road Transport & Highways,618927,Uttar Pradesh,3283.14,3283.14,2748.59,83.7,2023-03-01,2026-12-31,2028-12-31,2026-06-01,12,0.0,0
PAIM-618929,Km. 33.200 Pkg-I (NHAI) (618929),Infrastructure & Highways,Ministry of Road Transport & Highways,618929,Uttar Pradesh,617.88,617.88,348.02,56.3,2021-03-01,2027-12-31,2027-12-31,2026-06-01,6,0.0,0
PAIM-618960,43.200 - 50.860 (NHAI) (618960),Infrastructure & Highways,Ministry of Road Transport & Highways,618960,Uttar Pradesh,3671.33,3671.33,2824.44,76.9,2023-03-01,2028-12-31,2028-12-31,2026-06-01,36,0.0,0
PAIM-618961,34.400  43.200 (NHAI) (618961),Infrastructure & Highways,Ministry of Road Transport & Highways,618961,Uttar Pradesh,1057.67,1057.67,757.98,71.7,2023-03-01,2028-12-31,2027-12-31,2026-06-01,6,0.0,0
PAIM-618968,Bypass  from Km. 82.000 to Km. 119.790 Pkg-4 (NHAI) (618968),Infrastructure & Highways,Ministry of Road Transport & Highways,618968,Uttar Pradesh,3882.74,3882.74,2346.21,60.4,2024-03-01,2026-12-31,2029-12-31,2026-06-01,36,0.0,0
PAIM-618970,Km. 27.000 to Km. 56.500 Pkg-2 (NHAI) (618970),Infrastructure & Highways,Ministry of Road Transport & Highways,618970,Uttar Pradesh,1110.46,1110.46,260.71,23.5,2023-03-01,2027-12-31,2029-12-31,2026-06-01,36,0.0,0
PAIM-619162,74 Bypass of NH-119 (NHAI) (619162),Infrastructure & Highways,Ministry of Road Transport & Highways,619162,Uttar Pradesh,4152.03,4152.03,2253.99,54.3,2024-03-01,2028-12-31,2027-12-31,2026-06-01,12,0.0,0
PAIM-619168,Lohadda from Km. 0.000  to Km. 27.000 Pkg-1 (NHAI) (619168),Infrastructure & Highways,Ministry of Road Transport & Highways,619168,Uttar Pradesh,1679.09,1679.09,467.69,27.9,2024-03-01,2027-12-31,2029-12-31,2026-06-01,24,0.0,0
PAIM-619194,State of Uttar Pradesh. (MoRTH) (619194),Infrastructure & Highways,Ministry of Road Transport & Highways,619194,Uttar Pradesh,309.73,309.73,167.09,53.9,2024-03-01,2028-12-31,2027-12-31,2026-06-01,18,0.0,0
PAIM-619308,Dehradun  section  from Km.0 to Km.8.3 of NH-72A  Package-1 (NHAI) (619308),Infrastructure & Highways,Ministry of Road Transport & Highways,619308,Uttar Pradesh,2338.16,2338.16,1388.18,59.4,2022-03-01,2027-12-31,2027-12-31,2026-06-01,36,0.0,0
PAIM-617888,296.925 10 location under EPC mode in the State of Uttarakhand on EPC Mode (MoRTH) (617888),Infrastructure & Highways,Ministry of Road Transport & Highways,617888,Multi-State,3360.15,3360.15,2162.25,64.3,2021-03-01,2028-12-31,2027-12-31,2026-06-01,12,0.0,0
PAIM-617889,12509 in the State of Uttarakhand under EPC mode in NHO Annual Plan 2022-23 (MoRTH) (617889),Infrastructure & Highways,Ministry of Road Transport & Highways,617889,Multi-State,1860.62,1860.62,1475.6,79.3,2024-03-01,2027-12-31,2028-12-31,2026-06-01,6,0.0,0
PAIM-617890,9.847 of NH-125 in District-Champawat in the state of Uttrakhand on EPC mode. (MoRTH) (617890),Infrastructure & Highways,Ministry of Road Transport & Highways,617890,Multi-State,2018.29,2018.29,499.02,24.7,2022-03-01,2028-12-31,2029-12-31,2026-06-01,24,0.0,0
PAIM-617929,Km 47.700 existing Km 33.130 to Km 41.260 of NH-109 in the State of Uttarakhand (MoRTH) (617929),Infrastructure & Highways,Ministry of Road Transport & Highways,617929,Multi-State,2125.98,2125.98,1220.6,57.4,2024-03-01,2028-12-31,2029-12-31,2026-06-01,12,0.0,0
PAIM-617967,EPC mode in the state of Uttarakhand. (MoRTH) (617967),Infrastructure & Highways,Ministry of Road Transport & Highways,617967,Multi-State,2552.16,2552.16,576.04,22.6,2022-03-01,2028-12-31,2029-12-31,2026-06-01,24,0.0,0
PAIM-617968,to Sitapur on NH 109 in UK (MoRTH) (617968),Infrastructure & Highways,Ministry of Road Transport & Highways,617968,Multi-State,4109.06,4109.06,3258.61,79.3,2024-03-01,2027-12-31,2029-12-31,2026-06-01,24,0.0,0
PAIM-617974,Dharasu to Yamunotri Road of NH- 134 Old NH-94 (MoRTH) (617974),Infrastructure & Highways,Ministry of Road Transport & Highways,617974,Multi-State,4122.51,4122.51,901.75,21.9,2023-03-01,2027-12-31,2028-12-31,2026-06-01,0,0.0,0
PAIM-618039,Km 53.365 to Km 78.785 on NH- 507 in the State of Uttarakhand. (MoRTH) (618039),Infrastructure & Highways,Ministry of Road Transport & Highways,618039,Multi-State,3552.34,3552.34,1636.31,46.1,2022-03-01,2028-12-31,2027-12-31,2026-06-01,36,0.0,0
PAIM-618040,534 in the State of Uttarakhand under NHO Annual Plan 2021-22 under EPC mode (MoRTH) (618040),Infrastructure & Highways,Ministry of Road Transport & Highways,618040,Multi-State,4064.54,4064.54,2017.77,49.6,2024-03-01,2027-12-31,2029-12-31,2026-06-01,24,0.0,0
PAIM-618041,2021-22. (MoRTH) (618041),Infrastructure & Highways,Ministry of Road Transport & Highways,618041,Multi-State,804.56,804.56,378.32,47.0,2024-03-01,2027-12-31,2028-12-31,2026-06-01,18,0.0,0
PAIM-618119,309Ain the State of Uttarakhand Package-IV under NHO Annual Plan 2021-22 (MoRTH) (618119),Infrastructure & Highways,Ministry of Road Transport & Highways,618119,Multi-State,1209.35,1209.35,760.76,62.9,2024-03-01,2028-12-31,2028-12-31,2026-06-01,18,0.0,0
PAIM-618207,under Annual Plan 2022-23 length 50.987 (MoRTH) (618207),Infrastructure & Highways,Ministry of Road Transport & Highways,618207,Multi-State,4349.88,4349.88,1760.06,40.5,2022-03-01,2028-12-31,2028-12-31,2026-06-01,6,0.0,0
PAIM-618209,Uttarakhand Length 6.35 km (MoRTH) (618209),Infrastructure & Highways,Ministry of Road Transport & Highways,618209,Multi-State,1214.32,1214.32,682.1,56.2,2021-03-01,2027-12-31,2029-12-31,2026-06-01,18,0.0,0
PAIM-618210,Length-35.605 Km CA No EPC/MORT&H/HRK/01/2021-22 (MoRTH) (618210),Infrastructure & Highways,Ministry of Road Transport & Highways,618210,Multi-State,2958.92,2958.92,1087.86,36.8,2023-03-01,2028-12-31,2029-12-31,2026-06-01,36,0.0,0
PAIM-618211,Pariyojna on EPC Mode (MoRTH) (618211),Infrastructure & Highways,Ministry of Road Transport & Highways,618211,Multi-State,4017.48,4017.48,2316.78,57.7,2022-03-01,2026-12-31,2028-12-31,2026-06-01,36,0.0,0
PAIM-618212,SLIDE - 12 NOS (MoRTH) (618212),Infrastructure & Highways,Ministry of Road Transport & Highways,618212,Multi-State,1018.77,1018.77,631.68,62.0,2022-03-01,2026-12-31,2029-12-31,2026-06-01,12,0.0,0
PAIM-618213,Chardham in (MoRTH) (618213),Infrastructure & Highways,Ministry of Road Transport & Highways,618213,Multi-State,3478.41,3478.41,1854.31,53.3,2023-03-01,2026-12-31,2029-12-31,2026-06-01,24,0.0,0
PAIM-618214,mode under improvement to NH connectivity to Chardham in the state of Uttarakhand. (MoRTH) (618214),Infrastructure & Highways,Ministry of Road Transport & Highways,618214,Multi-State,2821.66,2821.66,446.44,15.8,2021-03-01,2026-12-31,2027-12-31,2026-06-01,36,0.0,0
PAIM-618218,Pariyojna on EPC mode in the state of Uttarakhand (MoRTH) (618218),Infrastructure & Highways,Ministry of Road Transport & Highways,618218,Multi-State,2523.28,2523.28,1590.23,63.0,2021-03-01,2027-12-31,2028-12-31,2026-06-01,18,0.0,0
PAIM-618219,Malari Ch. 60.550 km road on NH- 107B under in the state of Uttarakhand. (MoRTH) (618219),Infrastructure & Highways,Ministry of Road Transport & Highways,618219,Multi-State,1493.6,1493.6,1056.94,70.8,2021-03-01,2028-12-31,2029-12-31,2026-06-01,12,0.0,0
PAIM-618390,along NH-134 Old NH-94 on EPC mode (NHIDCL) (618390),Infrastructure & Highways,Ministry of Road Transport & Highways,618390,Multi-State,1934.1,1934.1,1255.75,64.9,2023-03-01,2027-12-31,2028-12-31,2026-06-01,12,0.0,0
PAIM-618391,01 No. Bridge from Ch. 450.00 to Ch. 468.00 18 Km. Length on NH-07 Package-III (NHIDCL) (618391),Infrastructure & Highways,Ministry of Road Transport & Highways,618391,Multi-State,3091.7,3091.7,997.69,32.3,2021-03-01,2028-12-31,2027-12-31,2026-06-01,0,0.0,0
PAIM-618392,state of Uttarakhand Package-2 (NHIDCL) (618392),Infrastructure & Highways,Ministry of Road Transport & Highways,618392,Multi-State,1969.91,1969.91,574.35,29.2,2023-03-01,2027-12-31,2027-12-31,2026-06-01,12,0.0,0
PAIM-618393,EPC Mode in Uttarakhand Package-1 (NHIDCL) (618393),Infrastructure & Highways,Ministry of Road Transport & Highways,618393,Multi-State,2935.43,2935.43,2200.81,75.0,2024-03-01,2027-12-31,2028-12-31,2026-06-01,36,0.0,0
PAIM-618875,to km 27.509 of EUP mitigation measures on NH74 (NHAI) (618875),Infrastructure & Highways,Ministry of Road Transport & Highways,618875,Multi-State,2145.1,2145.1,1798.17,83.8,2022-03-01,2026-12-31,2027-12-31,2026-06-01,0,0.0,0
PAIM-619142,Priyojana of NH-109D on EPC mode in the State of Uttarakhand (NHAI) (619142),Infrastructure & Highways,Ministry of Road Transport & Highways,619142,Multi-State,2228.17,2228.17,1206.31,54.1,2024-03-01,2027-12-31,2027-12-31,2026-06-01,36,0.0,0
PAIM-619155,15.100 Km 5.100 of NH 74 PKg-1 (NHAI) (619155),Infrastructure & Highways,Ministry of Road Transport & Highways,619155,Multi-State,1474.12,1474.12,1010.2,68.5,2022-03-01,2026-12-31,2027-12-31,2026-06-01,12,0.0,0
PAIM-619292,4L Medinipur to Ballupur from Km. 458.65 to Km. 487.65 of NH-07Pkg-2 (NHAI) (619292),Infrastructure & Highways,Ministry of Road Transport & Highways,619292,Multi-State,2763.69,2763.69,507.14,18.4,2024-03-01,2028-12-31,2027-12-31,2026-06-01,36,0.0,0
PAIM-619293,on EPC Mode in the State of Uttarakhand under NHO (NHAI) (619293),Infrastructure & Highways,Ministry of Road Transport & Highways,619293,Multi-State,2726.47,2726.47,1014.63,37.2,2024-03-01,2026-12-31,2027-12-31,2026-06-01,6,0.0,0
PAIM-619294,under NHO. (NHAI) (619294),Infrastructure & Highways,Ministry of Road Transport & Highways,619294,Multi-State,4190.11,4190.11,1165.69,27.8,2024-03-01,2027-12-31,2028-12-31,2026-06-01,0,0.0,0
PAIM-619295,0.000 to Km 19.780 (NHAI) (619295),Infrastructure & Highways,Ministry of Road Transport & Highways,619295,Multi-State,4184.62,4184.62,3433.69,82.1,2024-03-01,2027-12-31,2029-12-31,2026-06-01,0,0.0,0
PAIM-617893,014-W8-2023-24/527   . (MoRTH) (617893),Infrastructure & Highways,Ministry of Road Transport & Highways,617893,West Bengal,3805.23,3805.23,407.16,10.7,2022-03-01,2028-12-31,2029-12-31,2026-06-01,0,0.0,0
PAIM-617894,West Bengal in EPC Mode- reg.   Job No. 014-WB-2022-23/514 (MoRTH) (617894),Infrastructure & Highways,Ministry of Road Transport & Highways,617894,West Bengal,3870.43,3870.43,2498.69,64.6,2023-03-01,2026-12-31,2029-12-31,2026-06-01,0,0.0,0
PAIM-617931,NH-60. (MoRTH) (617931),Infrastructure & Highways,Ministry of Road Transport & Highways,617931,West Bengal,1903.58,1903.58,852.05,44.8,2023-03-01,2027-12-31,2028-12-31,2026-06-01,18,0.0,0
PAIM-617960,Km 46.550 to Km 59.697 in the district of Malda. Job No-081-WB-2015-16/400 (MoRTH) (617960),Infrastructure & Highways,Ministry of Road Transport & Highways,617960,West Bengal,4015.92,4015.92,1495.3,37.2,2023-03-01,2027-12-31,2027-12-31,2026-06-01,18,0.0,0
PAIM-618227,Bengal on EPC Mode Job No. 010/WB/2021-22/490 (MoRTH) (618227),Infrastructure & Highways,Ministry of Road Transport & Highways,618227,West Bengal,1015.2,1015.2,226.53,22.3,2023-03-01,2028-12-31,2028-12-31,2026-06-01,6,0.0,0
PAIM-618427,NH717-A on EPC under SARDP-NE A in state of West Bengal Pkg-VA (NHIDCL) (618427),Infrastructure & Highways,Ministry of Road Transport & Highways,618427,West Bengal,2436.33,2436.33,1424.39,58.5,2023-03-01,2028-12-31,2029-12-31,2026-06-01,36,0.0,0
PAIM-618429,to Gangtok Lava More-Reshi Border  Pkg-VB (NHIDCL) (618429),Infrastructure & Highways,Ministry of Road Transport & Highways,618429,West Bengal,2854.46,2854.46,1363.34,47.8,2021-03-01,2028-12-31,2029-12-31,2026-06-01,36,0.0,0
PAIM-618430,Mode under Phase-A of SARDP-NE in the State of West Bengal PKG- IVA (NHIDCL) (618430),Infrastructure & Highways,Ministry of Road Transport & Highways,618430,West Bengal,1962.57,1962.57,1219.3,62.1,2021-03-01,2026-12-31,2028-12-31,2026-06-01,6,0.0,0
PAIM-618431,Mode under Phase-A of SARDP-NE in the State of West Bengal PKG- IVB (NHIDCL) (618431),Infrastructure & Highways,Ministry of Road Transport & Highways,618431,West Bengal,3413.38,3413.38,613.77,18.0,2021-03-01,2027-12-31,2028-12-31,2026-06-01,12,0.0,0
PAIM-618572,Binnaguri Bypass-Descoped portion of Ghoshpukur-Dhupguri Section of NH-31Dpkg-1 (NHAI) (618572),Infrastructure & Highways,Ministry of Road Transport & Highways,618572,West Bengal,2290.51,2290.51,1142.2,49.9,2022-03-01,2027-12-31,2028-12-31,2026-06-01,18,0.0,0
PAIM-618574,Ghoshpukur-Salsalabari Section (NHAI) (618574),Infrastructure & Highways,Ministry of Road Transport & Highways,618574,West Bengal,2016.74,2016.74,791.52,39.2,2022-03-01,2028-12-31,2028-12-31,2026-06-01,0,0.0,0
PAIM-618808,6L Elevated Kona Expressway from Km. 0.145 to Km. 7.337 of NH-117 (NHAI) (618808),Infrastructure & Highways,Ministry of Road Transport & Highways,618808,West Bengal,1339.52,1339.52,861.67,64.3,2021-03-01,2026-12-31,2028-12-31,2026-06-01,12,0.0,0
PAIM-618823,the district of North 24 - Parganas (NHAI) (618823),Infrastructure & Highways,Ministry of Road Transport & Highways,618823,West Bengal,623.4,623.4,327.28,52.5,2023-03-01,2028-12-31,2029-12-31,2026-06-01,18,0.0,0
PAIM-618824,"to Berhampore section of NH-34 New NH-12 , in the state of West Bengal under NHO. (NHAI) (618824)",Infrastructure & Highways,Ministry of Road Transport & Highways,618824,West Bengal,1375.72,1375.72,658.41,47.9,2021-03-01,2028-12-31,2028-12-31,2026-06-01,18,0.0,0
PAIM-618825,Farakka-Raiganj (NHAI) (618825),Infrastructure & Highways,Ministry of Road Transport & Highways,618825,West Bengal,1415.78,1415.78,1018.93,72.0,2023-03-01,2027-12-31,2028-12-31,2026-06-01,36,0.0,0
PAIM-618910,4L of Purulia Bypass section from Km 84.030 to Km 94.345 of NH-32 (NHAI) (618910),Infrastructure & Highways,Ministry of Road Transport & Highways,618910,West Bengal,2524.59,2524.59,1814.64,71.9,2023-03-01,2026-12-31,2029-12-31,2026-06-01,24,0.0,0
PAIM-619004,23/518   . (MoRTH) (619004),Infrastructure & Highways,Ministry of Road Transport & Highways,619004,West Bengal,4417.24,4417.24,1249.51,28.3,2021-03-01,2027-12-31,2027-12-31,2026-06-01,6,0.0,0
PAIM-619187,in the State of West Bengal on EPC mode (NHIDCL) (619187),Infrastructure & Highways,Ministry of Road Transport & Highways,619187,West Bengal,3686.92,3686.92,881.13,23.9,2023-03-01,2028-12-31,2029-12-31,2026-06-01,18,0.0,0
PAIM-709859,OF COMMUNICATION FINANCE [NICF] AT GHITORNI (National Communication Academy - Finance [Erstwhile NICF]) (709859),Infrastructure & Highways,Ministry of Road Transport & Highways,709859,Delhi,3092.67,3092.67,554.51,17.9,2022-03-01,2026-12-31,2027-12-31,2026-06-01,12,0.0,0
PAIM-617413,Upgradation (Department of Telecommunications [DoT]) (617413),Infrastructure & Highways,Ministry of Road Transport & Highways,617413,Maharashtra,768.57,768.57,627.2,81.6,2021-03-01,2028-12-31,2027-12-31,2026-06-01,12,0.0,0
PAIM-701599,Mobile connectivity in Left Wing Extremism [LWE] affected areas-Phase2 (Department of Telecommunications [DoT]) (701599),Infrastructure & Highways,Ministry of Road Transport & Highways,701599,Maharashtra,2032.46,2032.46,977.3,48.1,2023-03-01,2028-12-31,2029-12-31,2026-06-01,6,0.0,0
PAIM-701602,Odisha (Department of Telecommunications [DoT]) (701602),Infrastructure & Highways,Ministry of Road Transport & Highways,701602,Maharashtra,4414.05,4414.05,2079.01,47.1,2021-03-01,2028-12-31,2027-12-31,2026-06-01,0,0.0,0
PAIM-704495,and Uttar Pradesh (Department of Telecommunications [DoT]) (704495),Infrastructure & Highways,Ministry of Road Transport & Highways,704495,Uttar Pradesh,548.59,548.59,95.19,17.4,2024-03-01,2026-12-31,2028-12-31,2026-06-01,0,0.0,0
PAIM-400013,Saturation 4G mobile coverage of Uncovered Villages through USOF (Department of Telecommunications [DoT]) (400013),Infrastructure & Highways,Ministry of Road Transport & Highways,400013,Multi-State,3887.51,3887.51,731.42,18.8,2022-03-01,2027-12-31,2027-12-31,2026-06-01,24,0.0,0
PAIM-701593,4G Services by BSNL (Department of Telecommunications [DoT]) (701593),Infrastructure & Highways,Ministry of Road Transport & Highways,701593,Multi-State,1126.92,1126.92,848.07,75.3,2024-03-01,2027-12-31,2029-12-31,2026-06-01,18,0.0,0
PAIM-709857,including Mumbai & Delhi LSA on turnkey basis under Phase IX.2 Project. (BSNL) (709857),Infrastructure & Highways,Ministry of Road Transport & Highways,709857,Delhi,2378.76,2378.76,1438.56,60.5,2024-03-01,2026-12-31,2028-12-31,2026-06-01,24,0.0,0
PAIM-616600,PPP mode-Namami Gange Programme (National Mission for Clean Ganga) (616600),Infrastructure & Highways,Ministry of Road Transport & Highways,616600,Bihar,3747.8,3747.8,1697.56,45.3,2021-03-01,2026-12-31,2029-12-31,2026-06-01,6,0.0,0
PAIM-616611,under Hybrid annuity based PPP mode-Namami Gange Programme (National Mission for Clean Ganga) (616611),Infrastructure & Highways,Ministry of Road Transport & Highways,616611,Bihar,3893.32,3893.32,623.38,16.0,2024-03-01,2028-12-31,2027-12-31,2026-06-01,36,0.0,0
PAIM-616612,Patna under Hybrid annuity based PPP mode Namami Gange Programme (NMCG1) (616612),Infrastructure & Highways,Ministry of Road Transport & Highways,616612,Bihar,2811.9,2811.9,2128.13,75.7,2024-03-01,2028-12-31,2027-12-31,2026-06-01,0,0.0,0
PAIM-616615,"Sewer Network,  SPS and STP at Begusarai (National Mission for Clean Ganga) (616615)",Infrastructure & Highways,Ministry of Road Transport & Highways,616615,Bihar,4394.0,4394.0,1307.5,29.8,2024-03-01,2027-12-31,2027-12-31,2026-06-01,6,0.0,0
PAIM-616616,"Sewer Networks,  SPS and STP at Hajipur (National Mission for Clean Ganga) (616616)",Infrastructure & Highways,Ministry of Road Transport & Highways,616616,Bihar,2654.71,2654.71,303.38,11.4,2024-03-01,2026-12-31,2029-12-31,2026-06-01,6,0.0,0
PAIM-616594,annuity based PPP model-Namami Gange Programme (National Mission for Clean Ganga) (616594),Infrastructure & Highways,Ministry of Road Transport & Highways,616594,Uttar Pradesh,234.82,234.82,111.51,47.5,2022-03-01,2028-12-31,2027-12-31,2026-06-01,12,0.0,0
PAIM-616605,Interception & Diversion with  STP (National Mission for Clean Ganga) (616605),Infrastructure & Highways,Ministry of Road Transport & Highways,616605,Uttar Pradesh,2870.44,2870.44,1964.26,68.4,2023-03-01,2027-12-31,2027-12-31,2026-06-01,36,0.0,0
PAIM-616604,Interception & Diversion with STP (National Mission for Clean Ganga) (616604),Infrastructure & Highways,Ministry of Road Transport & Highways,616604,West Bengal,2429.31,2429.31,1734.73,71.4,2021-03-01,2027-12-31,2027-12-31,2026-06-01,12,0.0,0
PAIM-400100,Sardar Gouthu Latchanna Thotapalli Barrage Project (Water Resources-AP) (400100),Infrastructure & Highways,Ministry of Road Transport & Highways,400100,West Bengal,1382.45,1382.45,409.44,29.6,2023-03-01,2026-12-31,2029-12-31,2026-06-01,36,0.0,0
PAIM-400101,Gundlakamma project (Water Resources-AP) (400101),Infrastructure & Highways,Ministry of Road Transport & Highways,400101,Andhra Pradesh,970.4,970.4,774.44,79.8,2024-03-01,2028-12-31,2029-12-31,2026-06-01,12,0.0,0
PAIM-701415,Polavaram Irrigation Project (Water Resources-AP) (701415),Infrastructure & Highways,Ministry of Road Transport & Highways,701415,Andhra Pradesh,987.8,987.8,814.36,82.4,2022-03-01,2026-12-31,2029-12-31,2026-06-01,12,0.0,0
PAIM-400111,Kelo Irrigation Project (Water Resources-CT) (400111),Infrastructure & Highways,Ministry of Road Transport & Highways,400111,Assam,4042.83,4042.83,1890.2,46.8,2022-03-01,2028-12-31,2028-12-31,2026-06-01,24,0.0,0
PAIM-701399,"Kudali Irrigation Project (Department of Water Resources, River Development & GR) (701399)",Infrastructure & Highways,Ministry of Road Transport & Highways,701399,Multi-State,706.47,706.47,252.47,35.7,2023-03-01,2028-12-31,2027-12-31,2026-06-01,18,0.0,0
PAIM-701372,"Sardar Sarovar Project (Narmada and Water Resources, Water Supply and Kalpsar Department-GJ) (701372)",Infrastructure & Highways,Ministry of Road Transport & Highways,701372,Gujarat,644.34,644.34,150.27,23.3,2023-03-01,2026-12-31,2027-12-31,2026-06-01,18,0.0,0
PAIM-701376,"Subernarekha   Multipurpose Project, Jharkhand (Department of Water Resources-JH) (701376)",Infrastructure & Highways,Ministry of Road Transport & Highways,701376,Gujarat,1749.13,1749.13,625.74,35.8,2021-03-01,2027-12-31,2027-12-31,2026-06-01,24,0.0,0
PAIM-701377,Upper Tunga Irrigation Project (Water Resources-KA) (701377),Infrastructure & Highways,Ministry of Road Transport & Highways,701377,Karnataka,373.92,373.92,219.82,58.8,2024-03-01,2028-12-31,2028-12-31,2026-06-01,0,0.0,0
PAIM-400115,Bargi Diversion Project Phase - IV [km. 154 to km 197] (Water Resources-MP) (400115),Infrastructure & Highways,Ministry of Road Transport & Highways,400115,Karnataka,1776.7,1776.7,1145.85,64.5,2023-03-01,2028-12-31,2028-12-31,2026-06-01,18,0.0,0
PAIM-400116,Bargi Diversion Project Phase - III [km. 104 to km 154] (Water Resources-MP) (400116),Infrastructure & Highways,Ministry of Road Transport & Highways,400116,Madhya Pradesh,4393.05,4393.05,1013.98,23.1,2022-03-01,2028-12-31,2027-12-31,2026-06-01,6,0.0,0
PAIM-617422,Bodwad Parisar Sinchan Yojna (Department of Water Resources-MH) (617422),Infrastructure & Highways,Ministry of Road Transport & Highways,617422,Maharashtra,3383.29,3383.29,605.03,17.9,2022-03-01,2028-12-31,2028-12-31,2026-06-01,36,0.0,0
PAIM-701383,Waghur Project (Department of water resources-MH - II) (701383),Infrastructure & Highways,Ministry of Road Transport & Highways,701383,Maharashtra,3261.43,3261.43,916.24,28.1,2021-03-01,2027-12-31,2029-12-31,2026-06-01,24,0.0,0
PAIM-701386,Gosikhurd Project (Department of water resources-MH - II) (701386),Infrastructure & Highways,Ministry of Road Transport & Highways,701386,Maharashtra,2450.18,2450.18,1345.28,54.9,2023-03-01,2027-12-31,2029-12-31,2026-06-01,24,0.0,0
PAIM-701391,Aruna Medium Irrigation Project (Department of water resources-MH - II) (701391),Infrastructure & Highways,Ministry of Road Transport & Highways,701391,Maharashtra,1739.11,1739.11,811.63,46.7,2021-03-01,2028-12-31,2029-12-31,2026-06-01,12,0.0,0
PAIM-701396,Lower Pedhi Project (Department of water resources-MH - II) (701396),Infrastructure & Highways,Ministry of Road Transport & Highways,701396,Maharashtra,1263.69,1263.69,201.94,16.0,2023-03-01,2026-12-31,2027-12-31,2026-06-01,6,0.0,0
PAIM-701398,Nardave Medium Irrigation Project (Department of water resources-MH - II) (701398),Infrastructure & Highways,Ministry of Road Transport & Highways,701398,Maharashtra,1364.9,1364.9,777.23,56.9,2024-03-01,2028-12-31,2028-12-31,2026-06-01,0,0.0,0
PAIM-701412,"North Koel Reservoir Project (Department of Water Resources, River Development & GR) (701412)",Infrastructure & Highways,Ministry of Road Transport & Highways,701412,Bihar,1298.27,1298.27,578.25,44.5,2021-03-01,2026-12-31,2027-12-31,2026-06-01,36,0.0,0
PAIM-701530,"Ken-Betwa Linking Development Project (Department of Water Resources, River Development,) (701530)",Infrastructure & Highways,Ministry of Road Transport & Highways,701530,Uttar Pradesh,2122.22,2122.22,534.81,25.2,2021-03-01,2028-12-31,2027-12-31,2026-06-01,24,0.0,0
PAIM-603945,Integrated Anandpur Barrage Project (Water Resources-OR) (603945),Infrastructure & Highways,Ministry of Road Transport & Highways,603945,Odisha,2515.19,2515.19,1418.25,56.4,2022-03-01,2026-12-31,2027-12-31,2026-06-01,36,0.0,0
PAIM-701402,"Subernarekha Project, Odisha (Department of Water Resources, River Development & GR) (701402)",Infrastructure & Highways,Ministry of Road Transport & Highways,701402,Odisha,564.22,564.22,373.55,66.2,2022-03-01,2028-12-31,2027-12-31,2026-06-01,12,0.0,0
PAIM-701404,Kanupur Irrigation Project (Irrigation and CAD-TG) (701404),Infrastructure & Highways,Ministry of Road Transport & Highways,701404,Odisha,261.55,261.55,77.7,29.7,2021-03-01,2026-12-31,2027-12-31,2026-06-01,0,0.0,0
PAIM-701410,Relining of  Rajasthan feeder and Sirhind Feeder canal (Department of Water Resources-PB) (701410),Infrastructure & Highways,Ministry of Road Transport & Highways,701410,Odisha,3694.52,3694.52,1364.94,36.9,2024-03-01,2028-12-31,2027-12-31,2026-06-01,0,0.0,0
PAIM-701411,Shahpur Kandi Dam Project (Department of Water Resources-PB) (701411),Infrastructure & Highways,Ministry of Road Transport & Highways,701411,Telangana,835.81,835.81,145.68,17.4,2023-03-01,2027-12-31,2029-12-31,2026-06-01,18,0.0,0
PAIM-400102,Sri Ram Sagar Project Stage - II (Irrigation and CAD-TG) (400102),Infrastructure & Highways,Ministry of Road Transport & Highways,400102,Telangana,2269.86,2269.86,1429.54,63.0,2024-03-01,2027-12-31,2029-12-31,2026-06-01,36,0.0,0
PAIM-400103,Indiramma Flood Flow Canal Project (Irrigation and CAD-TG) (400103),Infrastructure & Highways,Ministry of Road Transport & Highways,400103,Telangana,3970.29,3970.29,3309.17,83.3,2023-03-01,2026-12-31,2028-12-31,2026-06-01,12,0.0,0
PAIM-701405,J. Chokka Rao Devadula Lift Irrigation Scheme (Irrigation and CAD-TG) (701405),Infrastructure & Highways,Ministry of Road Transport & Highways,701405,Telangana,1450.4,1450.4,666.99,46.0,2023-03-01,2026-12-31,2027-12-31,2026-06-01,18,0.0,0
PAIM-701406,Rajiv Bhima Lift Irrigation Scheme (Irrigation and CAD-TG) (701406),Infrastructure & Highways,Ministry of Road Transport & Highways,701406,Telangana,3431.87,3431.87,2753.57,80.2,2021-03-01,2026-12-31,2029-12-31,2026-06-01,0,0.0,0
PAIM-701395,"Morna [Gureghar] Irrigation Project (Department of Water Resources, River Development & GR) (701395)",Infrastructure & Highways,Ministry of Road Transport & Highways,701395,Uttar Pradesh,3219.66,3219.66,428.39,13.3,2021-03-01,2026-12-31,2029-12-31,2026-06-01,36,0.0,0
PAIM-701408,Madhya Ganga canal Phase-II (Irrigation & Water Resources-UP) (701408),Infrastructure & Highways,Ministry of Road Transport & Highways,701408,Uttar Pradesh,4460.57,4460.57,2883.73,64.6,2022-03-01,2028-12-31,2027-12-31,2026-06-01,24,0.0,0
PAIM-613787,Jamrani Dam Multipurpose Project (Irrigation-UK) (613787),Infrastructure & Highways,Ministry of Road Transport & Highways,613787,Uttar Pradesh,302.65,302.65,105.58,34.9,2023-03-01,2027-12-31,2029-12-31,2026-06-01,36,0.0,0
