project_code,project_name,sector,ministry,implementing_agency,state,original_cost,revised_cost,expenditure,physical_progress,sanction_date,original_doc,revised_doc,snapshot_date,target_final_delay_months,target_cost_overrun_pct,target_is_high_risk
PAIM-707410,Infrastructure Development Phase 1 (National Highways & Infrastructure Development Corporation Ltd. [NHIDCL]) (707410),Infrastructure & Highways,Ministry of Civil Aviation,707410,Haryana,3736.87,3736.87,1531.99,41.0,2023-03-01,2027-12-31,2029-12-31,2026-01-01,36,0.0,0
PAIM-619033,and Faculty Residence - 72 nos. Flats (NIT Rourkela) (619033),Infrastructure & Highways,Ministry of Civil Aviation,619033,Odisha,3364.49,3364.49,2609.79,77.6,2021-03-01,2026-12-31,2028-12-31,2026-01-01,36,0.0,0
PAIM-619054,Development of Keshod Airport. (Airport Authority of India [AAI]) (619054),Infrastructure & Highways,Ministry of Civil Aviation,619054,Odisha,2024.44,2024.44,1422.75,70.3,2021-03-01,2026-12-31,2028-12-31,2026-01-01,18,0.0,0
PAIM-619032,JAYANT EXPN. [20 TO 38 MTPA] (Northern Coalfields Limited [NCL]) (619032),Infrastructure & Highways,Ministry of Civil Aviation,619032,Gujarat,1252.77,1252.77,484.42,38.7,2023-03-01,2028-12-31,2027-12-31,2026-01-01,6,0.0,0
PAIM-619053,RPR FOR RAMPUR BATURA OCP (SECL - CIL) (619053),Infrastructure & Highways,Ministry of Civil Aviation,619053,Maharashtra,4105.99,4105.99,3257.83,79.3,2022-03-01,2027-12-31,2029-12-31,2026-01-01,0,0.0,0
PAIM-619055,SAONER-III EXPN UG MINE 1.54 (Western Coalfields Limited [WCL]) (619055),Infrastructure & Highways,Ministry of Civil Aviation,619055,Maharashtra,3447.77,3447.77,989.65,28.7,2022-03-01,2026-12-31,2028-12-31,2026-01-01,0,0.0,0
PAIM-707020,"Establishment of new GMC Jamui (Medical Education, Ministry of Health and Family Welfare) (707020)",Infrastructure & Highways,Ministry of Civil Aviation,707020,Bihar,2286.08,2286.08,1879.94,82.2,2021-03-01,2026-12-31,2028-12-31,2026-01-01,6,0.0,0
PAIM-707044,"Establishment of new GMC Korba (Medical Education, Ministry of Health and Family Welfare) (707044)",Infrastructure & Highways,Ministry of Civil Aviation,707044,Bihar,3078.67,3078.67,1957.33,63.6,2023-03-01,2027-12-31,2027-12-31,2026-01-01,12,0.0,0
PAIM-707045,"Establishment of new GMC Mahasamund (Medical Education, Ministry of Health and Family Welfare) (707045)",Infrastructure & Highways,Ministry of Civil Aviation,707045,Multi-State,2301.68,2301.68,1952.65,84.8,2021-03-01,2028-12-31,2029-12-31,2026-01-01,6,0.0,0
PAIM-707046,"Establishment of new GMC Kanker (Medical Education, Ministry of Health and Family Welfare) (707046)",Infrastructure & Highways,Ministry of Civil Aviation,707046,Gujarat,1630.45,1630.45,908.43,55.7,2023-03-01,2026-12-31,2029-12-31,2026-01-01,0,0.0,0
PAIM-707049,"Establishment of new GMC Panchmahal (Medical Education, Ministry of Health and Family Welfare) (707049)",Infrastructure & Highways,Ministry of Civil Aviation,707049,Gujarat,375.99,375.99,266.48,70.9,2021-03-01,2027-12-31,2027-12-31,2026-01-01,6,0.0,0
PAIM-707050,"Establishment of new GMC Porbandar (Medical Education, Ministry of Health and Family Welfare) (707050)",Infrastructure & Highways,Ministry of Civil Aviation,707050,Gujarat,968.75,968.75,135.89,14.0,2024-03-01,2028-12-31,2027-12-31,2026-01-01,18,0.0,0
PAIM-707021,"Establishment of new GMC Koderma (Medical Education, Ministry of Health and Family Welfare) (707021)",Infrastructure & Highways,Ministry of Civil Aviation,707021,Gujarat,3007.19,3007.19,2198.04,73.1,2021-03-01,2028-12-31,2029-12-31,2026-01-01,24,0.0,0
PAIM-707022,"Establishment of new GMC Chaibasa [Singhbhum] (Medical Education, Ministry of Health and Family Welfare) (707022)",Infrastructure & Highways,Ministry of Civil Aviation,707022,Madhya Pradesh,3368.71,3368.71,2580.3,76.6,2024-03-01,2027-12-31,2027-12-31,2026-01-01,18,0.0,0
PAIM-707058,"Establishment of new GMC Rajgarh (Medical Education, Ministry of Health and Family Welfare) (707058)",Infrastructure & Highways,Ministry of Civil Aviation,707058,Madhya Pradesh,3722.88,3722.88,726.59,19.5,2023-03-01,2027-12-31,2028-12-31,2026-01-01,12,0.0,0
PAIM-707059,"Establishment of new GMC Mandla (Medical Education, Ministry of Health and Family Welfare) (707059)",Infrastructure & Highways,Ministry of Civil Aviation,707059,Madhya Pradesh,1953.16,1953.16,245.5,12.6,2023-03-01,2026-12-31,2029-12-31,2026-01-01,6,0.0,0
PAIM-707069,"Establishment of new GMC Kapurthala (Medical Education, Ministry of Health and Family Welfare) (707069)",Infrastructure & Highways,Ministry of Civil Aviation,707069,Madhya Pradesh,3565.3,3565.3,916.91,25.7,2024-03-01,2028-12-31,2028-12-31,2026-01-01,36,0.0,0
PAIM-707070,"Establishment of new GMC Hoshiarpur (Medical Education, Ministry of Health and Family Welfare) (707070)",Infrastructure & Highways,Ministry of Civil Aviation,707070,Punjab,834.36,834.36,99.21,11.9,2021-03-01,2028-12-31,2029-12-31,2026-01-01,18,0.0,0
PAIM-707039,"Establishment of new GMC Gangtok (Medical Education, Ministry of Health and Family Welfare) (707039)",Infrastructure & Highways,Ministry of Civil Aviation,707039,Punjab,2100.22,2100.22,855.69,40.7,2024-03-01,2026-12-31,2029-12-31,2026-01-01,18,0.0,0
PAIM-707086,"Establishment of new GMC Rudrapur (Medical Education, Ministry of Health and Family Welfare) (707086)",Infrastructure & Highways,Ministry of Civil Aviation,707086,Multi-State,4156.75,4156.75,3362.17,80.9,2024-03-01,2027-12-31,2029-12-31,2026-01-01,12,0.0,0
PAIM-707087,"Establishment of new GMC Pithoragarh (Medical Education, Ministry of Health and Family Welfare) (707087)",Infrastructure & Highways,Ministry of Civil Aviation,707087,Delhi,421.65,421.65,69.64,16.5,2022-03-01,2027-12-31,2027-12-31,2026-01-01,36,0.0,0
PAIM-619031,Delhi Metro Rail Phase V A (Delhi Metro Rail Corporation Limited [DMRC]) (619031),Infrastructure & Highways,Ministry of Civil Aviation,619031,Delhi,387.59,387.59,83.08,21.4,2023-03-01,2026-12-31,2029-12-31,2026-01-01,12,0.0,0
PAIM-619022,"Expressway, Gurugram. (Gurugram Metro Rail Limited (GMRL)) (619022)",Infrastructure & Highways,Ministry of Power,619022,Uttar Pradesh,1103.28,1103.28,656.9,59.5,2024-03-01,2026-12-31,2029-12-31,2026-01-01,18,0.0,0
PAIM-619052,LUCKNOW METRO RAIL PROJECT PHASE-1B EAST WEST CORRIDOR (Uttar Pradesh metro rail corporation [UPMRC]) (619052),Infrastructure & Highways,Ministry of Power,619052,Uttar Pradesh,3037.8,3037.8,1048.26,34.5,2023-03-01,2028-12-31,2028-12-31,2026-01-01,0,0.0,0
PAIM-619051,"Nabinagar Super Thermal Power Project, Stage-II [3x800 MW] (National Thermal Power Corporation [NTPC]) (619051)",Infrastructure & Highways,Ministry of Power,619051,Gujarat,1976.18,1976.18,1554.34,78.7,2024-03-01,2027-12-31,2029-12-31,2026-01-01,6,0.0,0
PAIM-619026,KPSIII HVDC Transmission Limited (Adani Transmission Limited) (619026),Infrastructure & Highways,Ministry of Power,619026,Gujarat,3718.11,3718.11,1863.08,50.1,2021-03-01,2027-12-31,2027-12-31,2026-01-01,12,0.0,0
PAIM-619029,Transmission System for Reliable Power Supply to Dholera (Power Grid Corporation of India Limited [POWERGRID]) (619029),Infrastructure & Highways,Ministry of Power,619029,Gujarat,2549.26,2549.26,1771.92,69.5,2021-03-01,2026-12-31,2029-12-31,2026-01-01,18,0.0,0
PAIM-619049,Khavda IVA Power Transmission Limited (Adani Transmission Limited) (619049),Infrastructure & Highways,Ministry of Power,619049,Gujarat,2279.64,2279.64,296.47,13.0,2022-03-01,2026-12-31,2028-12-31,2026-01-01,12,0.0,0
PAIM-619028,Kerala (Power Grid Corporation of India Limited [POWERGRID]) (619028),Infrastructure & Highways,Ministry of Power,619028,Gujarat,1965.08,1965.08,1133.2,57.7,2024-03-01,2026-12-31,2029-12-31,2026-01-01,24,0.0,0
PAIM-619024,Mahan Transmission Limited (Adani Transmission Limited) (619024),Infrastructure & Highways,Ministry of Power,619024,Maharashtra,3232.41,3232.41,371.18,11.5,2024-03-01,2026-12-31,2029-12-31,2026-01-01,6,0.0,0
PAIM-619027,WRNES Talegaon Power Transmission Limited (Adani Transmission Limited) (619027),Infrastructure & Highways,Ministry of Power,619027,Maharashtra,1019.11,1019.11,643.83,63.2,2022-03-01,2026-12-31,2029-12-31,2026-01-01,36,0.0,0
PAIM-619030,Inter-Regional Strengthening between SR Grid and ER Grid (Power Grid Corporation of India Limited [POWERGRID]) (619030),Infrastructure & Highways,Ministry of Power,619030,Maharashtra,2553.83,2553.83,1811.04,70.9,2024-03-01,2026-12-31,2028-12-31,2026-01-01,0,0.0,0
PAIM-619025,RAJASTHAN PART I POWER TRANSMISSION LIMITED (Adani Transmission Limited) (619025),Infrastructure & Highways,Ministry of Power,619025,Odisha,2844.27,2844.27,1279.18,45.0,2024-03-01,2027-12-31,2027-12-31,2026-01-01,18,0.0,0
PAIM-611855,Gauge Conversion [152 Km] (North Western Railway [NWR]) (611855),Infrastructure & Highways,Ministry of Power,611855,Rajasthan,4261.51,4261.51,2998.86,70.4,2022-03-01,2028-12-31,2028-12-31,2026-01-01,36,0.0,0
PAIM-619160,Balance works in AP Portion and punch list items in TN & AP portion of NH-205 (National Highways Authority of India [NHA,Infrastructure & Highways,Ministry of Power,619160,Andhra Pradesh,3449.29,3449.29,2323.77,67.4,2023-03-01,2027-12-31,2028-12-31,2026-01-01,12,0.0,0
PAIM-619076,Gundugolanu Section from km. 0.00 to km. 30.00 Pkg-III (National Highways Authority of India [NHAI]) (619076),Infrastructure & Highways,Ministry of Power,619076,Andhra Pradesh,803.83,803.83,671.29,83.5,2022-03-01,2027-12-31,2028-12-31,2026-01-01,24,0.0,0
PAIM-617987,250/000Design Ch.186000 to 248010 to 2LPS (MoRTH) (617987),Infrastructure & Highways,Ministry of Power,617987,Andhra Pradesh,3664.78,3664.78,3002.8,81.9,2022-03-01,2028-12-31,2028-12-31,2026-01-01,18,0.0,0
PAIM-617988,section   including Nandyal Bypass      from Km 143/6 to 185/9       NH-167K (MoRTH) (617988),Infrastructure & Highways,Ministry of Power,617988,Andhra Pradesh,586.87,586.87,146.38,24.9,2024-03-01,2026-12-31,2027-12-31,2026-01-01,6,0.0,0
PAIM-618052,Andhra Pradesh (MoRTH) (618052),Infrastructure & Highways,Ministry of Power,618052,Andhra Pradesh,1759.18,1759.18,828.35,47.1,2022-03-01,2028-12-31,2029-12-31,2026-01-01,18,0.0,0
PAIM-618053,Km    in the State of Andhra Pradesh on EPC mode Job no. 741 (MoRTH) (618053),Infrastructure & Highways,Ministry of Power,618053,Odisha,1464.76,1464.76,597.92,40.8,2023-03-01,2028-12-31,2028-12-31,2026-01-01,24,0.0,0
PAIM-618125,paved Shoulders in the State of Andhra Pradesh under NHO on EPC Mode (MoRTH) (618125),Infrastructure & Highways,Ministry of Power,618125,Odisha,3813.79,3813.79,1858.95,48.7,2021-03-01,2027-12-31,2028-12-31,2026-01-01,36,0.0,0
PAIM-618525,on EPC mode under NHO (National Highways Authority of India [NHAI]) (618525),Infrastructure & Highways,Ministry of Power,618525,Andhra Pradesh,1555.01,1555.01,1116.58,71.8,2022-03-01,2026-12-31,2028-12-31,2026-01-01,6,0.0,0
PAIM-618579,NH-16 (National Highways Authority of India [NHAI]) (618579),Infrastructure & Highways,Ministry of Power,618579,Andhra Pradesh,2979.22,2979.22,2501.52,84.0,2021-03-01,2026-12-31,2028-12-31,2026-01-01,18,0.0,0
PAIM-618718,Narayanmpet Ch. 203500Package-09 (National Highways Authority of India [NHAI]) (618718),Infrastructure & Highways,Ministry of Power,618718,Andhra Pradesh,956.76,956.76,234.78,24.5,2021-03-01,2026-12-31,2027-12-31,2026-01-01,24,0.0,0
PAIM-618401,Pkg-3 (NHIDCL) (618401),Infrastructure & Highways,Ministry of Power,618401,Assam,292.51,292.51,218.24,74.6,2021-03-01,2026-12-31,2029-12-31,2026-01-01,12,0.0,0
PAIM-618934,Guwahati Ring Road in the State of Assam (National Highways Authority of India [NHAI]) (618934),Infrastructure & Highways,Ministry of Power,618934,Assam,2357.19,2357.19,613.09,26.0,2021-03-01,2026-12-31,2027-12-31,2026-01-01,6,0.0,0
PAIM-618309,Nilambazar/Cheragi Bypass in the state of Assam on HAM Mode Package-4 (NHIDCL) (618309),Infrastructure & Highways,Ministry of Power,618309,Assam,3905.43,3905.43,997.96,25.6,2024-03-01,2026-12-31,2028-12-31,2026-01-01,0,0.0,0
PAIM-618313,I on NH-37 in Assam on HAM Mode Pkg-1 (NHIDCL) (618313),Infrastructure & Highways,Ministry of Power,618313,Assam,3488.69,3488.69,2840.44,81.4,2024-03-01,2027-12-31,2027-12-31,2026-01-01,24,0.0,0
PAIM-618159,of Assam Job No. 715K/AS/2023-24/256 (MoRTH) (618159),Infrastructure & Highways,Ministry of Power,618159,Assam,1974.24,1974.24,730.74,37.0,2024-03-01,2027-12-31,2027-12-31,2026-01-01,0,0.0,0
PAIM-618160,715/AS/2020-21/213 (MoRTH) (618160),Infrastructure & Highways,Ministry of Power,618160,Bihar,841.91,841.91,619.66,73.6,2023-03-01,2027-12-31,2027-12-31,2026-01-01,18,0.0,0
PAIM-618120,Package - 2 in the State of Bihar on EPC Mode. (MoRTH) (618120),Infrastructure & Highways,Ministry of Power,618120,Bihar,2560.52,2560.52,514.95,20.1,2021-03-01,2027-12-31,2029-12-31,2026-01-01,0,0.0,0
PAIM-618251,Annuity Model HAM basis (MoRTH) (618251),Infrastructure & Highways,Ministry of Power,618251,Bihar,2942.95,2942.95,1970.41,67.0,2022-03-01,2027-12-31,2028-12-31,2026-01-01,12,0.0,0
PAIM-618725,Anarbansalea village From KM. 116000 to KM. 151200 Package-6 (National Highways Authority of India [NHAI]) (618725),Infrastructure & Highways,Ministry of Power,618725,Bihar,1517.23,1517.23,831.1,54.8,2022-03-01,2027-12-31,2027-12-31,2026-01-01,36,0.0,0
PAIM-618726,village from Km. 27.000 to Km. 54.000 Pkg-2 (National Highways Authority of India [NHAI]) (618726),Infrastructure & Highways,Ministry of Power,618726,Bihar,2292.61,2292.61,1926.72,84.0,2022-03-01,2027-12-31,2027-12-31,2026-01-01,18,0.0,0
PAIM-618727,road in Bhairopur village to Konki village From KM. 54.000 to KM. 90.000Pkg-3 (National Highways Authority of India [NHA,Infrastructure & Highways,Ministry of Power,618727,Bihar,4407.12,4407.12,1048.97,23.8,2024-03-01,2028-12-31,2028-12-31,2026-01-01,6,0.0,0
PAIM-618775,Ara Bypass (National Highways Authority of India [NHAI]) (618775),Infrastructure & Highways,Ministry of Power,618775,Bihar,552.22,552.22,94.74,17.2,2022-03-01,2026-12-31,2029-12-31,2026-01-01,18,0.0,0
PAIM-618791,4L PS under NH configuration of Manikpur-Sahebganj of NH-139W (National Highways Authority of India [NHAI]) (618791),Infrastructure & Highways,Ministry of Power,618791,Bihar,2622.09,2622.09,1760.51,67.1,2024-03-01,2028-12-31,2028-12-31,2026-01-01,12,0.0,0
PAIM-619127,Nawda Section  of NH-119D (NHAI) (619127),Infrastructure & Highways,Ministry of Power,619127,Bihar,2333.93,2333.93,1076.28,46.1,2024-03-01,2026-12-31,2029-12-31,2026-01-01,6,0.0,0
PAIM-619136,227F to 2 lane with paved shoulders from Design Ch.0.000 to Ch. 34.566 (National Highways Authority of India [NHAI]) (61,Infrastructure & Highways,Ministry of Power,619136,Bihar,3662.74,3662.74,1403.78,38.3,2022-03-01,2027-12-31,2029-12-31,2026-01-01,6,0.0,0
PAIM-619166,Umagaon-Saharsa Package-V Bakaur-Parsarma-Bangaon-Bariyahi & Spur to Mahishi (NHAI) (619166),Infrastructure & Highways,Ministry of Power,619166,Bihar,4423.24,4423.24,3354.7,75.8,2023-03-01,2026-12-31,2029-12-31,2026-01-01,36,0.0,0
PAIM-619167,Kathghora (National Highways Authority of India [NHAI]) (619167),Infrastructure & Highways,Ministry of Power,619167,Bihar,3396.17,3396.17,409.56,12.1,2021-03-01,2028-12-31,2027-12-31,2026-01-01,18,0.0,0
PAIM-619103,4/6 Laning of Raipur-Simga Pkg-I from km. 0.00 to km. 48.58 (National Highways Authority of India [NHAI]) (619103),Infrastructure & Highways,Ministry of Power,619103,Multi-State,3980.84,3980.84,1638.29,41.2,2023-03-01,2028-12-31,2027-12-31,2026-01-01,24,0.0,0
PAIM-617971,retained    on NH-130D under EPC mode in the State Chhattisgarh. (MoRTH) (617971),Infrastructure & Highways,Ministry of Power,617971,Multi-State,3749.36,3749.36,2398.39,64.0,2023-03-01,2027-12-31,2027-12-31,2026-01-01,0,0.0,0
PAIM-617926,on Hybrid Annuity Mode HAM (MoRTH) (617926),Infrastructure & Highways,Ministry of Power,617926,Gujarat,2303.49,2303.49,808.43,35.1,2024-03-01,2026-12-31,2029-12-31,2026-01-01,36,0.0,0
PAIM-617927,Antrasuba Mathasur road of NH 58 in the State of Gujarat (MoRTH) (617927),Infrastructure & Highways,Ministry of Power,617927,Gujarat,3205.06,3205.06,952.27,29.7,2022-03-01,2028-12-31,2029-12-31,2026-01-01,6,0.0,0
PAIM-617916,47 in the State of Gujarat on HAM mode (MoRTH) (617916),Infrastructure & Highways,Ministry of Power,617916,Gujarat,738.43,738.43,221.48,30.0,2024-03-01,2026-12-31,2027-12-31,2026-01-01,0,0.0,0
PAIM-618107,Hybrid Annuity Mode HAM (MoRTH) (618107),Infrastructure & Highways,Ministry of Power,618107,Gujarat,1952.28,1952.28,1267.72,64.9,2021-03-01,2026-12-31,2027-12-31,2026-01-01,36,0.0,0
PAIM-618616,existing Ch. 42000 to 48500 of ongoing Dhrol-Bhadra-Pipaliya section of NH-151A (National Highways Authority of India [N,Infrastructure & Highways,Ministry of Power,618616,Gujarat,1904.58,1904.58,1456.05,76.4,2021-03-01,2026-12-31,2027-12-31,2026-01-01,0,0.0,0
PAIM-618930,NH-56 Pkg-III (National Highways Authority of India [NHAI]) (618930),Infrastructure & Highways,Ministry of Power,618930,Gujarat,3337.36,3337.36,1134.78,34.0,2024-03-01,2026-12-31,2027-12-31,2026-01-01,24,0.0,0
PAIM-618931,NH-56 Pkg-V (National Highways Authority of India [NHAI]) (618931),Infrastructure & Highways,Ministry of Power,618931,Gujarat,3282.19,3282.19,915.53,27.9,2023-03-01,2028-12-31,2029-12-31,2026-01-01,0,0.0,0
PAIM-619067,6L of Chiloda-Naroda section from Km. 540.595 to  Km. 555.595 of NH-8Package-VII (National Highways Authority of India [,Infrastructure & Highways,Ministry of Power,619067,Gujarat,2580.52,2580.52,1300.57,50.4,2022-03-01,2028-12-31,2029-12-31,2026-01-01,6,0.0,0
PAIM-619145,Four Laning of Una to Kodinar from km. 180.478 to km. 221.610 Package-V (National Highways Authority of India [NHAI]) (6,Infrastructure & Highways,Ministry of Power,619145,Gujarat,2470.41,2470.41,384.18,15.6,2024-03-01,2026-12-31,2029-12-31,2026-01-01,36,0.0,0
PAIM-619148,4L of Bhavnagar - Talaja Package-I from Km. 6.945 to Km. 54.990 of Old NH-8E (National Highways Authority of India [NHAI,Infrastructure & Highways,Ministry of Power,619148,Gujarat,3033.2,3033.2,2411.66,79.5,2023-03-01,2028-12-31,2028-12-31,2026-01-01,18,0.0,0
PAIM-619137,km 171.800 to km 125.000 of NH-151A (National Highways Authority of India [NHAI]) (619137),Infrastructure & Highways,Ministry of Power,619137,Gujarat,4149.77,4149.77,2315.91,55.8,2024-03-01,2026-12-31,2027-12-31,2026-01-01,6,0.0,0
PAIM-619080,4L PS of Ambala Ring Road of New NH-44 (National Highways Authority of India [NHAI]) (619080),Infrastructure & Highways,Ministry of Power,619080,Gujarat,2347.3,2347.3,1338.78,57.0,2021-03-01,2026-12-31,2027-12-31,2026-01-01,0,0.0,0
PAIM-619092,NHO (National Highways Authority of India [NHAI]) (619092),Infrastructure & Highways,Ministry of Power,619092,Haryana,409.18,409.18,138.67,33.9,2024-03-01,2026-12-31,2029-12-31,2026-01-01,36,0.0,0
PAIM-618881,of Pathankot-Mandi Package-VB (National Highways Authority of India [NHAI]) (618881),Infrastructure & Highways,Ministry of Power,618881,Multi-State,1790.89,1790.89,933.82,52.1,2021-03-01,2026-12-31,2028-12-31,2026-01-01,36,0.0,0
PAIM-618967,from Km 0.000 to Km 39.100 (National Highways Authority of India [NHAI]) (618967),Infrastructure & Highways,Ministry of Power,618967,Multi-State,1821.51,1821.51,1494.44,82.0,2023-03-01,2027-12-31,2028-12-31,2026-01-01,36,0.0,0
PAIM-618038,EPC mode. (MoRTH) (618038),Infrastructure & Highways,Ministry of Power,618038,Multi-State,1304.66,1304.66,1101.43,84.4,2022-03-01,2027-12-31,2029-12-31,2026-01-01,0,0.0,0
PAIM-618127,Pakur of NH-333A in the State of Jharkhand on EPC mode (MoRTH) (618127),Infrastructure & Highways,Ministry of Power,618127,Multi-State,2992.67,2992.67,1728.35,57.8,2022-03-01,2026-12-31,2028-12-31,2026-01-01,0,0.0,0
PAIM-618535,including Panagarh Bypass in the State of Jharkhand on EPC Mode. (National Highways Authority of India [NHAI]) (618535),Infrastructure & Highways,Ministry of Power,618535,Multi-State,3348.59,3348.59,732.58,21.9,2022-03-01,2026-12-31,2027-12-31,2026-01-01,6,0.0,0
PAIM-618950,from design km 0.000 to design Km 49.000 (National Highways Authority of India [NHAI]) (618950),Infrastructure & Highways,Ministry of Power,618950,Multi-State,3716.37,3716.37,881.89,23.7,2024-03-01,2028-12-31,2029-12-31,2026-01-01,12,0.0,0
PAIM-618737,& Km. 139.225 junction with Ranchi  Jamshedpur road on 4L Ranchi Bypass of NH-33 (National Highways Authority of India [,Infrastructure & Highways,Ministry of Power,618737,Multi-State,2014.68,2014.68,846.06,42.0,2022-03-01,2028-12-31,2028-12-31,2026-01-01,36,0.0,0
PAIM-619005,Jharkhand under EPC Mode (MoRTH) (619005),Infrastructure & Highways,Ministry of Power,619005,Multi-State,486.91,486.91,341.19,70.1,2022-03-01,2026-12-31,2028-12-31,2026-01-01,24,0.0,0
PAIM-619065,Bangalore-Chennai Expressway Phase-I Package-II (NHAI) (619065),Infrastructure & Highways,Ministry of Power,619065,Karnataka,1711.84,1711.84,435.2,25.4,2021-03-01,2027-12-31,2028-12-31,2026-01-01,6,0.0,0
PAIM-619070,Tumkur-Chitradurga (National Highways Authority of India [NHAI]) (619070),Infrastructure & Highways,Ministry of Power,619070,Karnataka,3713.68,3713.68,2249.1,60.6,2024-03-01,2028-12-31,2027-12-31,2026-01-01,6,0.0,0
PAIM-619073,NH-207 [Bangalore Ring Road Pkg 2] (National Highways Authority of India [NHAI]) (619073),Infrastructure & Highways,Ministry of Power,619073,Karnataka,1336.58,1336.58,376.63,28.2,2021-03-01,2028-12-31,2028-12-31,2026-01-01,12,0.0,0
PAIM-618871,Pkg. II (National Highways Authority of India [NHAI]) (618871),Infrastructure & Highways,Ministry of Power,618871,Karnataka,2230.23,2230.23,579.72,26.0,2024-03-01,2026-12-31,2029-12-31,2026-01-01,12,0.0,0
PAIM-618651,Section of NH-748A Package-2 (National Highways Authority of India [NHAI]) (618651),Infrastructure & Highways,Ministry of Power,618651,Karnataka,3128.96,3128.96,2383.31,76.2,2022-03-01,2028-12-31,2028-12-31,2026-01-01,36,0.0,0
PAIM-618697,Village Balance work of NH 150A of Bellary  Byrapura Section (National Highways Authority of India [NHAI]) (618697),Infrastructure & Highways,Ministry of Power,618697,Karnataka,4055.05,4055.05,960.33,23.7,2021-03-01,2027-12-31,2027-12-31,2026-01-01,24,0.0,0
PAIM-618707,Access control with close toll from Km.17.300 to  Km.136.300 of NH-275 (National Highways Authority of India [NHAI]) (61,Infrastructure & Highways,Ministry of Power,618707,Karnataka,2947.68,2947.68,606.42,20.6,2024-03-01,2027-12-31,2029-12-31,2026-01-01,24,0.0,0
PAIM-618184,Karnataka NH-766C-KNT-2022-23 dated 14.10.2022 (MoRTH) (618184),Infrastructure & Highways,Ministry of Power,618184,Karnataka,1596.33,1596.33,492.96,30.9,2024-03-01,2026-12-31,2029-12-31,2026-01-01,0,0.0,0
PAIM-618185,Plan 2022-23 NH-766C-KNT-2022-23-969 dated 30.12.2022 (MoRTH) (618185),Infrastructure & Highways,Ministry of Power,618185,Karnataka,1823.67,1823.67,1096.36,60.1,2021-03-01,2026-12-31,2028-12-31,2026-01-01,24,0.0,0
PAIM-617950,22.11.2022 (MoRTH) (617950),Infrastructure & Highways,Ministry of Power,617950,Karnataka,3718.72,3718.72,622.13,16.7,2022-03-01,2027-12-31,2028-12-31,2026-01-01,0,0.0,0
PAIM-618086,Plan 2022-23  NH-150A-KNT-2022-23-977 dated 08.03.2023 (MoRTH) (618086),Infrastructure & Highways,Ministry of Power,618086,Karnataka,4277.34,4277.34,889.44,20.8,2023-03-01,2027-12-31,2027-12-31,2026-01-01,0,0.0,0
PAIM-619115,4L of Byrapura to Challakere Section from km 308.550 to km 358.500 of NH-150 A (National Highways Authority of India [NH,Infrastructure & Highways,Ministry of Power,619115,Karnataka,606.34,606.34,250.04,41.2,2021-03-01,2028-12-31,2027-12-31,2026-01-01,6,0.0,0
PAIM-619117,Hassan km 184.912 to Maranahally km 230.060 of NH - 75 in Karnataka (National Highways Authority of India [NHAI]) (61911,Infrastructure & Highways,Ministry of Power,619117,Karnataka,3911.7,3911.7,2599.83,66.5,2021-03-01,2027-12-31,2027-12-31,2026-01-01,36,0.0,0
PAIM-619120,Nidagatta-Mysore Pkg II (National Highways Authority of India [NHAI]) (619120),Infrastructure & Highways,Ministry of Power,619120,Karnataka,4476.27,4476.27,916.57,20.5,2021-03-01,2027-12-31,2028-12-31,2026-01-01,18,0.0,0
PAIM-619121,4L of Hubli - Hospet Section of NH-63 from Km 128.850 to Km 272.571 (National Highways Authority of India [NHAI]) (61912,Infrastructure & Highways,Ministry of Power,619121,Karnataka,2683.82,2683.82,967.9,36.1,2022-03-01,2028-12-31,2028-12-31,2026-01-01,0,0.0,0
PAIM-619106,Raichur Section of NH 748 A  Package-5 (National Highways Authority of India [NHAI]) (619106),Infrastructure & Highways,Ministry of Power,619106,Karnataka,1997.65,1997.65,1504.38,75.3,2021-03-01,2028-12-31,2029-12-31,2026-01-01,36,0.0,0
PAIM-619107,Raichur Section of NH-748A Package-4 (National Highways Authority of India [NHAI]) (619107),Infrastructure & Highways,Ministry of Power,619107,Karnataka,3672.17,3672.17,2716.22,74.0,2023-03-01,2028-12-31,2027-12-31,2026-01-01,0,0.0,0
PAIM-619108,Section of NH-748A Package-1 (National Highways Authority of India [NHAI]) (619108),Infrastructure & Highways,Ministry of Power,619108,Karnataka,1213.56,1213.56,812.64,67.0,2023-03-01,2028-12-31,2029-12-31,2026-01-01,12,0.0,0
PAIM-619150,209 in Karnataka (National Highways Authority of India [NHAI]) (619150),Infrastructure & Highways,Ministry of Power,619150,Karnataka,3361.0,3361.0,950.16,28.3,2021-03-01,2028-12-31,2027-12-31,2026-01-01,0,0.0,0
PAIM-619144,Hospet - Chitradurga from km. 299.00 to km. 418.750 (National Highways Authority of India [NHAI]) (619144),Infrastructure & Highways,Ministry of Power,619144,Karnataka,1807.47,1807.47,955.05,52.8,2024-03-01,2026-12-31,2027-12-31,2026-01-01,36,0.0,0
PAIM-619164,Belgaum-Khanapur Pkg I Km 0.000-Km 30.800 of NH-4A (National Highways Authority of India [NHAI]) (619164),Infrastructure & Highways,Ministry of Power,619164,Karnataka,404.31,404.31,251.67,62.2,2021-03-01,2028-12-31,2028-12-31,2026-01-01,36,0.0,0
PAIM-619114,Indore - Harda Pkg-II [Raghavgarh to Nanasa from km. 29.30 to km. 92.30] (National Highways Authority of India [NHAI]) (,Infrastructure & Highways,Ministry of Power,619114,Karnataka,2774.12,2774.12,1920.56,69.2,2023-03-01,2028-12-31,2028-12-31,2026-01-01,18,0.0,0
PAIM-619100,Dhangaon - Borgaon section km 81.000 to km 139.000 [Indore - Edlabad Pkg IV] (National Highways Authority of India [NHAI,Infrastructure & Highways,Ministry of Power,619100,Madhya Pradesh,2260.8,2260.8,779.05,34.5,2023-03-01,2027-12-31,2028-12-31,2026-01-01,6,0.0,0
PAIM-618021,two lane with paved shoulders in the state of Madhya Pradesh on EPC mode (MoRTH) (618021),Infrastructure & Highways,Ministry of Power,618021,Madhya Pradesh,791.31,791.31,443.21,56.0,2022-03-01,2026-12-31,2027-12-31,2026-01-01,0,0.0,0
PAIM-617914,Pradesh on EPC mode (MoRTH) (617914),Infrastructure & Highways,Ministry of Power,617914,Madhya Pradesh,464.57,464.57,221.55,47.7,2024-03-01,2027-12-31,2028-12-31,2026-01-01,18,0.0,0
PAIM-618156,Madhya Pradesh on EPC mode (MoRTH) (618156),Infrastructure & Highways,Ministry of Power,618156,Madhya Pradesh,2481.57,2481.57,1820.38,73.4,2022-03-01,2027-12-31,2029-12-31,2026-01-01,18,0.0,0
PAIM-618661,4L from km 0.000 to 42.040 Bhopal Ratnaigiri Tiraha to Vidisha Morikodi (National Highways Authority of India [NHAI]) (6,Infrastructure & Highways,Ministry of Power,618661,Madhya Pradesh,1294.37,1294.37,725.36,56.0,2021-03-01,2028-12-31,2029-12-31,2026-01-01,12,0.0,0
PAIM-618667,145.000 Package-3 (National Highways Authority of India [NHAI]) (618667),Infrastructure & Highways,Ministry of Power,618667,Madhya Pradesh,1374.0,1374.0,1087.49,79.1,2024-03-01,2028-12-31,2029-12-31,2026-01-01,6,0.0,0
PAIM-618671,134.549 (National Highways Authority of India [NHAI]) (618671),Infrastructure & Highways,Ministry of Power,618671,Madhya Pradesh,852.97,852.97,702.24,82.3,2023-03-01,2028-12-31,2028-12-31,2026-01-01,0,0.0,0
PAIM-618672,124470 in the state of MP on HAM mode (National Highways Authority of India [NHAI]) (618672),Infrastructure & Highways,Ministry of Power,618672,Madhya Pradesh,1914.45,1914.45,471.89,24.6,2021-03-01,2028-12-31,2029-12-31,2026-01-01,6,0.0,0
PAIM-618688,barela Pkg-V (National Highways Authority of India [NHAI]) (618688),Infrastructure & Highways,Ministry of Power,618688,Madhya Pradesh,3712.01,3712.01,653.22,17.6,2021-03-01,2027-12-31,2027-12-31,2026-01-01,18,0.0,0
PAIM-618619,Bypass on Western side of Gwalior City (National Highways Authority of India [NHAI]) (618619),Infrastructure & Highways,Ministry of Power,618619,Madhya Pradesh,3283.97,3283.97,1819.69,55.4,2022-03-01,2026-12-31,2028-12-31,2026-01-01,36,0.0,0
PAIM-618932,State of Madhya Pradesh on Hybrid Annuity Mode under NHO (National Highways Authority of India [NHAI]) (618932),Infrastructure & Highways,Ministry of Power,618932,Madhya Pradesh,566.93,566.93,101.97,18.0,2023-03-01,2028-12-31,2029-12-31,2026-01-01,36,0.0,0
PAIM-618962,Km. 102.000 (National Highways Authority of India [NHAI]) (618962),Infrastructure & Highways,Ministry of Power,618962,Madhya Pradesh,3772.76,3772.76,2941.72,78.0,2022-03-01,2027-12-31,2027-12-31,2026-01-01,36,0.0,0
PAIM-618964,4 Laning of Sandalpur to Nasrullaganj Pkg-1 section of NH-146B Length 43.2 Km. (National Highways Authority of India [NH,Infrastructure & Highways,Ministry of Power,618964,Madhya Pradesh,1517.42,1517.42,320.45,21.1,2024-03-01,2026-12-31,2027-12-31,2026-01-01,24,0.0,0
PAIM-618966,near Ashram Tiraha on NH-46 to Km 16439 end at Ratnagiri Tiraha on Nh-146 (National Highways Authority of India [NHAI]) ,Infrastructure & Highways,Ministry of Power,618966,Madhya Pradesh,1605.23,1605.23,845.69,52.7,2024-03-01,2026-12-31,2027-12-31,2026-01-01,18,0.0,0
PAIM-618939,Ch.68.800 in Gadchandur Town on NH-353B (National Highways Authority of India [NHAI]) (618939),Infrastructure & Highways,Ministry of Power,618939,Maharashtra,2185.49,2185.49,979.06,44.8,2021-03-01,2028-12-31,2029-12-31,2026-01-01,12,0.0,0
PAIM-619069,Satara Km 725.000 to Pune Km 865.350 of NH - 4 New NH - 48 in Maharashtra (National Highways Authority of India [NHAI]) ,Infrastructure & Highways,Ministry of Power,619069,Maharashtra,1696.78,1696.78,181.41,10.7,2022-03-01,2026-12-31,2027-12-31,2026-01-01,18,0.0,0
PAIM-618627,various NHs (National Highways Authority of India [NHAI]) (618627),Infrastructure & Highways,Ministry of Power,618627,Maharashtra,3288.15,3288.15,979.22,29.8,2021-03-01,2028-12-31,2028-12-31,2026-01-01,0,0.0,0
PAIM-618134,District on EPC mode in the state of Maharashtra. (MoRTH) (618134),Infrastructure & Highways,Ministry of Power,618134,Maharashtra,933.65,933.65,686.19,73.5,2021-03-01,2028-12-31,2027-12-31,2026-01-01,12,0.0,0
PAIM-618176,to two-lane with paved shoulder / four lanes in the State of Maharashtra on EPC mode. (MoRTH) (618176),Infrastructure & Highways,Ministry of Power,618176,Maharashtra,2349.18,2349.18,520.52,22.2,2023-03-01,2028-12-31,2027-12-31,2026-01-01,24,0.0,0
PAIM-617912,Nagpur district in the state of Maharashtra on HAM mode. (MoRTH) (617912),Infrastructure & Highways,Ministry of Power,617912,Maharashtra,1860.9,1860.9,1544.89,83.0,2024-03-01,2026-12-31,2027-12-31,2026-01-01,24,0.0,0
PAIM-617938,EPC mode under Annual Plan 2024-25 Total length - 37.525 Km. (MoRTH) (617938),Infrastructure & Highways,Ministry of Power,617938,Maharashtra,3428.96,3428.96,950.2,27.7,2024-03-01,2028-12-31,2029-12-31,2026-01-01,0,0.0,0
PAIM-617945,Maharashtra under NHO on EPC Mode. (MoRTH) (617945),Infrastructure & Highways,Ministry of Power,617945,Maharashtra,3304.86,3304.86,1505.09,45.5,2022-03-01,2027-12-31,2027-12-31,2026-01-01,0,0.0,0
PAIM-618061,Mode Length 37.970 Km (MoRTH) (618061),Infrastructure & Highways,Ministry of Power,618061,Maharashtra,3087.25,3087.25,787.69,25.5,2021-03-01,2026-12-31,2028-12-31,2026-01-01,12,0.0,0
PAIM-618348,Manipur on EPC Mode (NHIDCL) (618348),Infrastructure & Highways,Ministry of Power,618348,Multi-State,206.39,206.39,117.02,56.7,2021-03-01,2027-12-31,2027-12-31,2026-01-01,6,0.0,0
PAIM-618349,4A in the State of Manipur on EPC Mode (NHIDCL) (618349),Infrastructure & Highways,Ministry of Power,618349,Multi-State,3050.13,3050.13,845.89,27.7,2023-03-01,2028-12-31,2027-12-31,2026-01-01,24,0.0,0
PAIM-618294,under Bharatmala Pariyojana Lot-1 Pkg-1B Meghalaya portion (NHIDCL) (618294),Infrastructure & Highways,Ministry of Power,618294,Multi-State,1434.73,1434.73,1180.62,82.3,2021-03-01,2026-12-31,2029-12-31,2026-01-01,24,0.0,0
PAIM-618316,NHO-NE. Package-1&2 in Assam state (NHIDCL) (618316),Infrastructure & Highways,Ministry of Power,618316,Assam,4137.02,4137.02,1113.51,26.9,2023-03-01,2027-12-31,2029-12-31,2026-01-01,36,0.0,0
PAIM-618317,mode Vairengte - Sairang Pkg-4 (NHIDCL) (618317),Infrastructure & Highways,Ministry of Power,618317,Multi-State,2372.55,2372.55,1796.64,75.7,2021-03-01,2027-12-31,2029-12-31,2026-01-01,0,0.0,0
PAIM-618318,Sairang Pkg-5 (NHIDCL) (618318),Infrastructure & Highways,Ministry of Power,618318,Multi-State,3601.56,3601.56,1196.51,33.2,2021-03-01,2026-12-31,2028-12-31,2026-01-01,24,0.0,0
PAIM-618319,"Vairengte- Sairang road, Vairengte - Sairang Pkg-6 (NHIDCL) (618319)",Infrastructure & Highways,Ministry of Power,618319,Multi-State,1570.19,1570.19,622.17,39.6,2023-03-01,2027-12-31,2029-12-31,2026-01-01,12,0.0,0
PAIM-618320,of Mizoram on EPC mode (NHIDCL) (618320),Infrastructure & Highways,Ministry of Power,618320,Multi-State,1087.0,1087.0,890.79,81.9,2021-03-01,2027-12-31,2028-12-31,2026-01-01,6,0.0,0
PAIM-618321,on EPC mode under NHO-NE Package-8 (NHIDCL) (618321),Infrastructure & Highways,Ministry of Power,618321,Multi-State,1168.86,1168.86,495.81,42.4,2024-03-01,2027-12-31,2028-12-31,2026-01-01,18,0.0,0
PAIM-618323,NH-6 in the State of Mizoram on EPC Mode under NHO-NE  Package-2 (NHIDCL) (618323),Infrastructure & Highways,Ministry of Power,618323,Multi-State,775.57,775.57,78.9,10.2,2022-03-01,2027-12-31,2027-12-31,2026-01-01,12,0.0,0
PAIM-618324,Pariyojna on EPC Mode under NHO-NE (NHIDCL) (618324),Infrastructure & Highways,Ministry of Power,618324,Multi-State,1518.18,1518.18,960.28,63.3,2021-03-01,2026-12-31,2029-12-31,2026-01-01,18,0.0,0
PAIM-618769,Walajahpet/Ranipet to TN/AP Border Section of from Km.106.800 to  Km.133.36 NH-4 (National Highways Authority of India [,Infrastructure & Highways,Ministry of Power,618769,Tamil Nadu,4326.27,4326.27,2939.88,68.0,2022-03-01,2026-12-31,2028-12-31,2026-01-01,12,0.0,0
PAIM-619077,6 laning of Balance Work of Chennai - Tada from km. 21.40 to km. 54.40 (National Highways Authority of India [NHAI]) (61,Infrastructure & Highways,Ministry of Power,619077,Tamil Nadu,2228.45,2228.45,832.22,37.3,2023-03-01,2028-12-31,2027-12-31,2026-01-01,6,0.0,0
PAIM-619143,village at Design Ch. 280.200 KmPackage-II (National Highways Authority of India [NHAI]) (619143),Infrastructure & Highways,Ministry of Power,619143,Telangana,1922.22,1922.22,1628.15,84.7,2022-03-01,2028-12-31,2028-12-31,2026-01-01,36,0.0,0
PAIM-618724,Sagrampur village From KM. 151200 to KM. 184700Package-7 (National Highways Authority of India [NHAI]) (618724),Infrastructure & Highways,Ministry of Power,618724,Bihar,589.03,589.03,388.57,66.0,2021-03-01,2028-12-31,2027-12-31,2026-01-01,24,0.0,0
PAIM-618882,Annuity Mode (National Highways Authority of India [NHAI]) (618882),Infrastructure & Highways,Ministry of Power,618882,Uttar Pradesh,2185.42,2185.42,960.21,43.9,2022-03-01,2026-12-31,2027-12-31,2026-01-01,24,0.0,0
PAIM-619154,Km 117.120] on EPC Mode in the state of Uttar Pradesh. (National Highways Authority of India [NHAI]) (619154),Infrastructure & Highways,Ministry of Power,619154,Uttar Pradesh,1564.82,1564.82,1175.39,75.1,2023-03-01,2028-12-31,2028-12-31,2026-01-01,36,0.0,0
PAIM-618584,4L Kishanganj - Bahadurganj section greenfield from km. 0.000 to km. 22.600 (National Highways Authority of India [NHAI],Infrastructure & Highways,Ministry of Power,618584,Bihar,3962.94,3962.94,1808.4,45.6,2022-03-01,2027-12-31,2027-12-31,2026-01-01,18,0.0,0
PAIM-619093,4L Ismailabad to Ambala Section of NH-152 Lot-4/Package-1 (National Highways Authority of India [NHAI]) (619093),Infrastructure & Highways,Ministry of Power,619093,Bihar,906.11,906.11,445.84,49.2,2023-03-01,2027-12-31,2027-12-31,2026-01-01,36,0.0,0
PAIM-618691,of NH-334D (National Highways Authority of India [NHAI]) (618691),Infrastructure & Highways,Ministry of Power,618691,Haryana,480.9,480.9,296.03,61.6,2024-03-01,2027-12-31,2029-12-31,2026-01-01,18,0.0,0
PAIM-618734,village to Kamlapur villageJH/WB border  from km 358.500 to km 387.200 Pkg -13 (National Highways Authority of India [NH,Infrastructure & Highways,Ministry of Power,618734,Multi-State,846.17,846.17,235.15,27.8,2022-03-01,2027-12-31,2028-12-31,2026-01-01,36,0.0,0
PAIM-618948,existing km 283.00 design km 274.133 in the state of Jharkhand  package - II (National Highways Authority of India [NHAI,Infrastructure & Highways,Ministry of Power,618948,Multi-State,3985.96,3985.96,1590.85,39.9,2022-03-01,2028-12-31,2028-12-31,2026-01-01,12,0.0,0
PAIM-619104,56.889 of Old NH-32 (National Highways Authority of India [NHAI]) (619104),Infrastructure & Highways,Ministry of Power,619104,Multi-State,1511.09,1511.09,565.94,37.5,2023-03-01,2027-12-31,2029-12-31,2026-01-01,6,0.0,0
PAIM-619097,Thalassery Mahe Bypass Km 170.600 to Km 189.200 of NH-17New NH-66 in Kerala (National Highways Authority of India [NHAI],Infrastructure & Highways,Ministry of Power,619097,Multi-State,962.31,962.31,545.3,56.7,2022-03-01,2028-12-31,2028-12-31,2026-01-01,12,0.0,0
PAIM-619101,Boregaon Buzurg to Muktainagar (National Highways Authority of India [NHAI]) (619101),Infrastructure & Highways,Ministry of Power,619101,Maharashtra,4327.12,4327.12,3088.22,71.4,2023-03-01,2027-12-31,2028-12-31,2026-01-01,6,0.0,0
PAIM-618668,168.630 Package-4 (National Highways Authority of India [NHAI]) (618668),Infrastructure & Highways,Ministry of Power,618668,Uttar Pradesh,3816.79,3816.79,2818.52,73.8,2022-03-01,2027-12-31,2027-12-31,2026-01-01,18,0.0,0
PAIM-618886,NH-334 from Km 143000 to Km 196000 (National Highways Authority of India [NHAI]) (618886),Infrastructure & Highways,Ministry of Power,618886,Uttar Pradesh,2400.54,2400.54,329.82,13.7,2024-03-01,2027-12-31,2028-12-31,2026-01-01,0,0.0,0
PAIM-619075,6L of Bhubaneswar - Jagatpur - Chandikhole Section of NH-16 (National Highways Authority of India [NHAI]) (619075),Infrastructure & Highways,Ministry of Power,619075,Odisha,4233.72,4233.72,2803.74,66.2,2024-03-01,2026-12-31,2027-12-31,2026-01-01,0,0.0,0
PAIM-618592,Km.215.270 in Baharagora-Singhara section of NH-49 (National Highways Authority of India [NHAI]) (618592),Infrastructure & Highways,Ministry of Power,618592,Odisha,931.89,931.89,324.77,34.9,2021-03-01,2026-12-31,2028-12-31,2026-01-01,12,0.0,0
PAIM-617923,acquisition in the state of Odisha on EPC mode under Annual Plan 2022-23. (MoRTH) (617923),Infrastructure & Highways,Ministry of Power,617923,Odisha,1420.06,1420.06,635.07,44.7,2023-03-01,2028-12-31,2028-12-31,2026-01-01,36,0.0,0
PAIM-618551,Talwara village on NH-44 Pathankot by-pass (National Highways Authority of India [NHAI]) (618551),Infrastructure & Highways,Ministry of Power,618551,Punjab,657.49,657.49,309.4,47.1,2023-03-01,2026-12-31,2027-12-31,2026-01-01,6,0.0,0
PAIM-619099,from km 39.000 to km 93.000 of NH-754A Pkg-2 (National Highways Authority of India [NHAI]) (619099),Infrastructure & Highways,Ministry of Power,619099,Punjab,401.26,401.26,331.77,82.7,2023-03-01,2026-12-31,2029-12-31,2026-01-01,6,0.0,0
PAIM-619105,near Ludhiana village Ballowal from Km 30.300 to Km 75.543 of NH-754AD Pkg-2 (National Highways Authority of India [NHAI,Infrastructure & Highways,Ministry of Power,619105,Punjab,959.01,959.01,536.97,56.0,2021-03-01,2028-12-31,2027-12-31,2026-01-01,6,0.0,0
PAIM-618797,Sundra  Myajilar  Ambsingh ki Dhani Road part of Munabao  Tanot project NH-70 (National Highways Authority of India [NHA,Infrastructure & Highways,Ministry of Power,618797,Rajasthan,847.81,847.81,173.46,20.5,2021-03-01,2026-12-31,2029-12-31,2026-01-01,24,0.0,0
PAIM-619083,Thumbipadi-Namakkal from km. 180.00 to km. 248.625 Package No. NS-2/BOT/TN-02 (National Highways Authority of India [NHA,Infrastructure & Highways,Ministry of Power,619083,Tamil Nadu,1738.79,1738.79,466.5,26.8,2022-03-01,2026-12-31,2028-12-31,2026-01-01,12,0.0,0
PAIM-619084,No. NS2/BOT/TN-4 (National Highways Authority of India [NHAI]) (619084),Infrastructure & Highways,Ministry of Power,619084,Tamil Nadu,4469.73,4469.73,1371.78,30.7,2023-03-01,2026-12-31,2027-12-31,2026-01-01,24,0.0,0
PAIM-619086,Walayar K183.010 Package No. NS-2/BOT/TN-08 (National Highways Authority of India [NHAI]) (619086),Infrastructure & Highways,Ministry of Power,619086,Tamil Nadu,3484.91,3484.91,2675.09,76.8,2022-03-01,2026-12-31,2029-12-31,2026-01-01,12,0.0,0
PAIM-619074,NHDP-V (National Highways Authority of India [NHAI]) (619074),Infrastructure & Highways,Ministry of Power,619074,Tamil Nadu,3147.85,3147.85,2254.24,71.6,2023-03-01,2028-12-31,2027-12-31,2026-01-01,0,0.0,0
PAIM-618943,Salem - Ulundurpet section from km 0.313 to km 136.670 of NH-68 (National Highways Authority of India [NHAI]) (618943),Infrastructure & Highways,Ministry of Power,618943,Tamil Nadu,4151.47,4151.47,1402.06,33.8,2023-03-01,2027-12-31,2027-12-31,2026-01-01,18,0.0,0
PAIM-619161,Tirupati Package-1 (National Highways Authority of India [NHAI]) (619161),Infrastructure & Highways,Ministry of Power,619161,Tamil Nadu,3479.73,3479.73,667.41,19.2,2021-03-01,2027-12-31,2027-12-31,2026-01-01,24,0.0,0
PAIM-619113,4L of Padalur - Trichy section from km. 285.00 to km. 325.00 of NH - 45 Pkg VI-C (National Highways Authority of India [,Infrastructure & Highways,Ministry of Power,619113,Tamil Nadu,2238.95,2238.95,679.09,30.3,2021-03-01,2028-12-31,2028-12-31,2026-01-01,12,0.0,0
PAIM-619139,Km 9.700 to Km 14.185 (National Highways Authority of India [NHAI]) (619139),Infrastructure & Highways,Ministry of Power,619139,Tamil Nadu,3353.51,3353.51,1807.66,53.9,2021-03-01,2026-12-31,2027-12-31,2026-01-01,24,0.0,0
PAIM-619165,Thanamcherla-Jamandlapally 2LPS (National Highways Authority of India [NHAI]) (619165),Infrastructure & Highways,Ministry of Power,619165,Tamil Nadu,1261.27,1261.27,584.57,46.3,2023-03-01,2026-12-31,2028-12-31,2026-01-01,12,0.0,0
PAIM-618811,112.240 KmPackage-III (National Highways Authority of India [NHAI]) (618811),Infrastructure & Highways,Ministry of Power,618811,Telangana,1533.98,1533.98,306.95,20.0,2023-03-01,2026-12-31,2029-12-31,2026-01-01,36,0.0,0
PAIM-618814,Venkatpur village in Warangal District at Design Ch. 150.240 KmPackage-I (National Highways Authority of India [NHAI]) (,Infrastructure & Highways,Ministry of Power,618814,Telangana,2591.61,2591.61,1978.22,76.3,2024-03-01,2026-12-31,2028-12-31,2026-01-01,12,0.0,0
PAIM-618816,Khammam District at Design Ch. 220.480 KmPackage-III (National Highways Authority of India [NHAI]) (618816),Infrastructure & Highways,Ministry of Power,618816,Telangana,2877.57,2877.57,1111.22,38.6,2024-03-01,2026-12-31,2027-12-31,2026-01-01,0,0.0,0
PAIM-618817,at Design Ch. 250.400 Km Package-I. (National Highways Authority of India [NHAI]) (618817),Infrastructure & Highways,Ministry of Power,618817,Telangana,4245.44,4245.44,2641.19,62.2,2023-03-01,2026-12-31,2028-12-31,2026-01-01,24,0.0,0
PAIM-618843,Km 219/720 of NH-31 under NHO in the state of Uttar Pradesh on EPC mode (National Highways Authority of India [NHAI]) (6,Infrastructure & Highways,Ministry of Power,618843,Uttar Pradesh,2584.36,2584.36,261.65,10.1,2022-03-01,2026-12-31,2027-12-31,2026-01-01,18,0.0,0
PAIM-618848,expansion of runway of Babatpur Airport Varanasi (National Highways Authority of India [NHAI]) (618848),Infrastructure & Highways,Ministry of Power,618848,Uttar Pradesh,2489.82,2489.82,1796.82,72.2,2022-03-01,2027-12-31,2028-12-31,2026-01-01,36,0.0,0
PAIM-618866,"Section of NH 530B, in the State of Uttar Pradesh on HAM Mode under NH0 (National Highways Authority of India [NHAI]) (6",Infrastructure & Highways,Ministry of Power,618866,Uttar Pradesh,290.95,290.95,135.9,46.7,2024-03-01,2026-12-31,2028-12-31,2026-01-01,24,0.0,0
PAIM-618867,4L Kasganj-Badaun Section from Km. 123.100 to Km. 179.500 Pkg-III of NH530B (National Highways Authority of India [NHAI],Infrastructure & Highways,Ministry of Power,618867,Uttar Pradesh,295.18,295.18,137.74,46.7,2021-03-01,2027-12-31,2028-12-31,2026-01-01,36,0.0,0
PAIM-618869,30 near Invertis University including Trumpet Interchange (National Highways Authority of India [NHAI]) (618869),Infrastructure & Highways,Ministry of Power,618869,Uttar Pradesh,2017.42,2017.42,1416.27,70.2,2023-03-01,2027-12-31,2028-12-31,2026-01-01,12,0.0,0
PAIM-618567,of existing NH-27 part-1 and part-2 south of NH-27 from km 0.000 to km 5.000. (NHAI) (618567),Infrastructure & Highways,Ministry of Power,618567,Uttar Pradesh,3435.91,3435.91,2060.08,60.0,2022-03-01,2026-12-31,2028-12-31,2026-01-01,36,0.0,0
PAIM-618961,34.400  43.200 (National Highways Authority of India [NHAI]) (618961),Infrastructure & Highways,Ministry of Power,618961,Uttar Pradesh,1077.8,1077.8,739.85,68.6,2021-03-01,2026-12-31,2029-12-31,2026-01-01,0,0.0,0
PAIM-618067,"Engineering, Procurement & Construction EpC mode in the State of Uttar Pradesh (MoRTH) (618067)",Infrastructure & Highways,Ministry of Power,618067,Uttar Pradesh,3570.24,3570.24,1619.81,45.4,2022-03-01,2028-12-31,2027-12-31,2026-01-01,0,0.0,0
PAIM-618247,0.000 to km 15.000 of NH 135A in the State of Uttar Pradesh on HAM Mode. (MoRTH) (618247),Infrastructure & Highways,Ministry of Power,618247,Uttar Pradesh,4130.72,4130.72,2223.38,53.8,2021-03-01,2028-12-31,2029-12-31,2026-01-01,0,0.0,0
PAIM-618248,Pradesh. (MoRTH) (618248),Infrastructure & Highways,Ministry of Power,618248,Uttar Pradesh,2965.08,2965.08,1594.16,53.8,2022-03-01,2027-12-31,2029-12-31,2026-01-01,18,0.0,0
PAIM-618536,Pakari Package-IV in State of Uttar Pradesh. (National Highways Authority of India [NHAI]) (618536),Infrastructure & Highways,Ministry of Power,618536,Uttar Pradesh,4065.74,4065.74,3043.53,74.9,2022-03-01,2026-12-31,2029-12-31,2026-01-01,36,0.0,0
PAIM-618540,to Transganga Package-IIA (National Highways Authority of India [NHAI]) (618540),Infrastructure & Highways,Ministry of Power,618540,Uttar Pradesh,627.58,627.58,85.37,13.6,2023-03-01,2026-12-31,2028-12-31,2026-01-01,0,0.0,0
PAIM-618116,NH-227B 84 Kosi Parikrama Marg to 2LPS along with Parikrama Path (MoRTH) (618116),Infrastructure & Highways,Ministry of Power,618116,Uttar Pradesh,1119.41,1119.41,918.97,82.1,2023-03-01,2028-12-31,2028-12-31,2026-01-01,18,0.0,0
PAIM-618162,under HAM (MoRTH) (618162),Infrastructure & Highways,Ministry of Power,618162,Uttar Pradesh,2969.54,2969.54,1505.76,50.7,2022-03-01,2028-12-31,2028-12-31,2026-01-01,12,0.0,0
PAIM-618187,areas in a total length of 9.732 km in the state of Uttar Pradesh on EPC mode (MoRTH) (618187),Infrastructure & Highways,Ministry of Power,618187,Uttar Pradesh,1399.3,1399.3,920.54,65.8,2022-03-01,2028-12-31,2027-12-31,2026-01-01,12,0.0,0
PAIM-618260,Annuity Mode HAM in the State of Uttar Pradesh (MoRTH) (618260),Infrastructure & Highways,Ministry of Power,618260,Uttar Pradesh,4143.47,4143.47,1380.96,33.3,2024-03-01,2027-12-31,2027-12-31,2026-01-01,12,0.0,0
PAIM-618262,configuration under Hybrid Annuity Mode HAM in the State of Uttar Pradesh (MoRTH) (618262),Infrastructure & Highways,Ministry of Power,618262,Uttar Pradesh,874.51,874.51,684.36,78.3,2022-03-01,2028-12-31,2028-12-31,2026-01-01,24,0.0,0
PAIM-618264,NH-727B near Sikanderpur under EPC mode (MoRTH) (618264),Infrastructure & Highways,Ministry of Power,618264,Uttar Pradesh,2626.46,2626.46,655.28,24.9,2024-03-01,2027-12-31,2027-12-31,2026-01-01,6,0.0,0
PAIM-618212,SLIDE - 12 NOS (MoRTH) (618212),Infrastructure & Highways,Ministry of Power,618212,Multi-State,2411.0,2411.0,973.14,40.4,2023-03-01,2026-12-31,2029-12-31,2026-01-01,18,0.0,0
PAIM-618039,Km 53.365 to Km 78.785 on NH- 507 in the State of Uttarakhand. (MoRTH) (618039),Infrastructure & Highways,Ministry of Power,618039,Multi-State,2361.09,2361.09,1020.14,43.2,2023-03-01,2026-12-31,2028-12-31,2026-01-01,6,0.0,0
PAIM-618041,2021-22. (MoRTH) (618041),Infrastructure & Highways,Ministry of Power,618041,Multi-State,307.31,307.31,110.6,36.0,2022-03-01,2028-12-31,2028-12-31,2026-01-01,18,0.0,0
PAIM-617974,Dharasu to Yamunotri Road of NH- 134 Old NH-94 (MoRTH) (617974),Infrastructure & Highways,Ministry of Power,617974,Multi-State,2288.76,2288.76,844.56,36.9,2022-03-01,2027-12-31,2028-12-31,2026-01-01,36,0.0,0
PAIM-617890,9.847 of NH-125 in District-Champawat in the state of Uttrakhand on EPC mode. (MoRTH) (617890),Infrastructure & Highways,Ministry of Power,617890,Multi-State,2228.99,2228.99,1759.81,79.0,2023-03-01,2028-12-31,2029-12-31,2026-01-01,12,0.0,0
PAIM-619142,Priyojana of NH-109D on EPC mode in the State of Uttarakhand (National Highways Authority of India [NHAI]) (619142),Infrastructure & Highways,Ministry of Power,619142,Multi-State,2398.67,2398.67,734.54,30.6,2022-03-01,2028-12-31,2028-12-31,2026-01-01,6,0.0,0
PAIM-617893,24/527. (MoRTH) (617893),Infrastructure & Highways,Ministry of Power,617893,West Bengal,1533.35,1533.35,296.14,19.3,2024-03-01,2026-12-31,2028-12-31,2026-01-01,12,0.0,0
PAIM-619004,under Annual Plan 2022-23 in EPC Mode- reg.  Job. No. 014-WB-2022-23/518. (MoRTH) (619004),Infrastructure & Highways,Ministry of Power,619004,West Bengal,1921.24,1921.24,457.08,23.8,2022-03-01,2026-12-31,2027-12-31,2026-01-01,18,0.0,0
PAIM-618572,Binnaguri Bypass-Descoped portion of Ghoshpukur-Dhupguri Section of NH-31Dpkg-1 (National Highways Authority of India [N,Infrastructure & Highways,Ministry of Power,618572,West Bengal,3135.9,3135.9,2648.38,84.5,2022-03-01,2028-12-31,2028-12-31,2026-01-01,36,0.0,0
PAIM-706724,Guwahati Airport New Integrated Terminal Building Construction Project (Adani Airport Holdings Limited) (706724),Infrastructure & Highways,Ministry of Civil Aviation,706724,Assam,3556.23,3556.23,1244.14,35.0,2023-03-01,2028-12-31,2028-12-31,2026-01-01,24,0.0,0
PAIM-706718,C/o NITB Imphal Airport (Airport Authority of India [AAI]) (706718),Infrastructure & Highways,Ministry of Civil Aviation,706718,Assam,2960.96,2960.96,2431.2,82.1,2023-03-01,2028-12-31,2028-12-31,2026-01-01,12,0.0,0
PAIM-612793,with integrated 10 years maintenance. (Airport Authority of India [AAI]) (612793),Infrastructure & Highways,Ministry of Civil Aviation,612793,Assam,723.62,723.62,613.44,84.8,2023-03-01,2027-12-31,2028-12-31,2026-01-01,0,0.0,0
PAIM-615820,TIKAK EXTENSION OCP (MIS MoCoal Integration Logins) (615820),Infrastructure & Highways,Ministry of Civil Aviation,615820,Assam,3111.83,3111.83,1198.2,38.5,2024-03-01,2028-12-31,2027-12-31,2026-01-01,0,0.0,0
PAIM-615821,TIRAP OCP (MIS MoCoal Integration Logins) (615821),Infrastructure & Highways,Ministry of Civil Aviation,615821,Assam,960.57,960.57,288.4,30.0,2021-03-01,2027-12-31,2027-12-31,2026-01-01,18,0.0,0
PAIM-612898,"Pradesh (National Institute of Technology, Arunachal Pradesh) (612898)",Infrastructure & Highways,Ministry of Civil Aviation,612898,Assam,377.65,377.65,275.68,73.0,2023-03-01,2026-12-31,2029-12-31,2026-01-01,12,0.0,0
PAIM-606112,Tezpur University Projects (Tezpur University) (606112),Infrastructure & Highways,Ministry of Civil Aviation,606112,Assam,2245.66,2245.66,1767.15,78.7,2022-03-01,2028-12-31,2029-12-31,2026-01-01,18,0.0,0
PAIM-612876,"Construction of Permanent Campus for NIT Mizoram at Lengpui, Aizawl (NIT Mizoram) (612876)",Infrastructure & Highways,Ministry of Civil Aviation,612876,Assam,233.76,233.76,39.23,16.8,2022-03-01,2028-12-31,2027-12-31,2026-01-01,18,0.0,0
PAIM-613013,Establishment of NIT Nagaland (NIT Nagaland) (613013),Infrastructure & Highways,Ministry of Civil Aviation,613013,Multi-State,4260.39,4260.39,3243.26,76.1,2024-03-01,2028-12-31,2028-12-31,2026-01-01,6,0.0,0
PAIM-609736,Sikkim (Sikkim University) (609736),Infrastructure & Highways,Ministry of Civil Aviation,609736,Multi-State,2486.83,2486.83,1827.19,73.5,2021-03-01,2026-12-31,2029-12-31,2026-01-01,36,0.0,0
PAIM-612883,District (NIT Sikkim) (612883),Infrastructure & Highways,Ministry of Civil Aviation,612883,Multi-State,3837.05,3837.05,2251.8,58.7,2023-03-01,2028-12-31,2029-12-31,2026-01-01,6,0.0,0
PAIM-400081,"National Sports University [NSU], Imphal [Manipur] (Department of Sports & Youth Affairs) (400081)",Infrastructure & Highways,Ministry of Civil Aviation,400081,Multi-State,740.26,740.26,191.08,25.8,2024-03-01,2026-12-31,2029-12-31,2026-01-01,18,0.0,0
PAIM-602182,Dibang Multipurpose Project (National Hydroelectric Power Corporation Limited (NHPC)) (602182),Infrastructure & Highways,Ministry of Civil Aviation,602182,Multi-State,3243.83,3243.83,2110.5,65.1,2021-03-01,2026-12-31,2028-12-31,2026-01-01,36,0.0,0
PAIM-611698,240MW Heo HE Project (North Eastern Electric Power Corporation Limited) (611698),Infrastructure & Highways,Ministry of Civil Aviation,611698,Multi-State,975.84,975.84,244.52,25.1,2021-03-01,2027-12-31,2027-12-31,2026-01-01,36,0.0,0
PAIM-611699,186 MW Tato-I H E Project (North Eastern Electric Power Corporation Limited) (611699),Infrastructure & Highways,Ministry of Civil Aviation,611699,Multi-State,1725.36,1725.36,686.05,39.8,2021-03-01,2027-12-31,2028-12-31,2026-01-01,6,0.0,0
PAIM-602096,Subansiri Lower HE Project [2000 MW] (National Hydroelectric Power Corporation Limited (NHPC)) (602096),Infrastructure & Highways,Ministry of Civil Aviation,602096,Assam,4451.78,4451.78,1459.29,32.8,2021-03-01,2026-12-31,2028-12-31,2026-01-01,24,0.0,0
PAIM-602181,through NCLT] (National Hydroelectric Power Corporation Limited (NHPC)) (602181),Infrastructure & Highways,Ministry of Civil Aviation,602181,Multi-State,3916.51,3916.51,2984.6,76.2,2024-03-01,2028-12-31,2029-12-31,2026-01-01,24,0.0,0
PAIM-605156,A wholly owned subsidiary of NHPC Ltd. acquired through NCLT (National Hydroelectric Power Corporation Limited (NHPC)) (,Infrastructure & Highways,Ministry of Civil Aviation,605156,Multi-State,372.71,372.71,162.77,43.7,2021-03-01,2026-12-31,2029-12-31,2026-01-01,0,0.0,0
PAIM-617375,North Eastern Region Expansion Scheme-XXIII [NERES-XXIII] (Power Grid Corporation of India Limited [POWERGRID]) (617375),Infrastructure & Highways,Ministry of Civil Aviation,617375,Multi-State,3872.09,3872.09,1209.89,31.2,2024-03-01,2026-12-31,2029-12-31,2026-01-01,6,0.0,0
PAIM-602223,[T&D] Systems [CSST&DS] in Arunachal Pradesh and Sikkim (Power Grid Corporation of India Limited [POWERGRID]) (602223),Infrastructure & Highways,Ministry of Civil Aviation,602223,Multi-State,1014.39,1014.39,772.27,76.1,2023-03-01,2027-12-31,2028-12-31,2026-01-01,6,0.0,0
PAIM-607709,[NERPSIP] (Power Grid Corporation of India Limited [POWERGRID]) (607709),Infrastructure & Highways,Ministry of Petroleum & Natural Gas,607709,Assam,3789.81,3789.81,2956.98,78.0,2022-03-01,2027-12-31,2027-12-31,2026-01-01,18,0.0,0
PAIM-709754,"Construction of LPG Facilities at Kamardanga, Assam (Hindustan Petroleum Corporation Limited) (709754)",Infrastructure & Highways,Ministry of Petroleum & Natural Gas,709754,Assam,3241.85,3241.85,1453.06,44.8,2021-03-01,2028-12-31,2028-12-31,2026-01-01,0,0.0,0
PAIM-709755,"Setting up of new rail fed POL facility at Kamardanga, Assam (Hindustan Petroleum Corporation Limited [HPCL]) (709755)",Infrastructure & Highways,Ministry of Petroleum & Natural Gas,709755,Assam,3076.5,3076.5,514.18,16.7,2023-03-01,2027-12-31,2028-12-31,2026-01-01,24,0.0,0
PAIM-701349,[COIT] at Paradip (Ministry of Petroleum & Natural Gas) (701349),Infrastructure & Highways,Ministry of Petroleum & Natural Gas,701349,Assam,2684.74,2684.74,1594.23,59.4,2022-03-01,2026-12-31,2028-12-31,2026-01-01,0,0.0,0
PAIM-617829,LPG Bottling Plant at Mualkhang (Ministry of Petroleum & Natural Gas) (617829),Infrastructure & Highways,Ministry of Petroleum & Natural Gas,617829,Assam,2902.83,2902.83,1761.08,60.7,2022-03-01,2027-12-31,2029-12-31,2026-01-01,36,0.0,0
PAIM-400035,Dharmanagar Depot (Indian Oil Corporation Limited [IOCL]) (400035),Infrastructure & Highways,Ministry of Petroleum & Natural Gas,400035,Multi-State,1594.78,1594.78,481.12,30.2,2021-03-01,2027-12-31,2029-12-31,2026-01-01,36,0.0,0
PAIM-607701,Guwahati Refinery (Ministry of Petroleum & Natural Gas) (607701),Infrastructure & Highways,Ministry of Petroleum & Natural Gas,607701,Assam,392.84,392.84,318.64,81.1,2024-03-01,2026-12-31,2028-12-31,2026-01-01,36,0.0,0
PAIM-604791,Numaligarh Refinery Expansion Project (Ministry of Petroleum & Natural Gas) (604791),Infrastructure & Highways,Ministry of Petroleum & Natural Gas,604791,Assam,1586.93,1586.93,528.87,33.3,2021-03-01,2028-12-31,2027-12-31,2026-01-01,18,0.0,0
PAIM-604863,Natural Gas from Nadua and East Khagorija (Ministry of Petroleum & Natural Gas) (604863),Infrastructure & Highways,Ministry of Petroleum & Natural Gas,604863,Assam,3164.57,3164.57,1885.99,59.6,2022-03-01,2028-12-31,2028-12-31,2026-01-01,0,0.0,0
PAIM-617836,Coke Drum Structure Package (Ministry of Petroleum & Natural Gas) (617836),Infrastructure & Highways,Ministry of Petroleum & Natural Gas,617836,Assam,2147.17,2147.17,1431.7,66.7,2023-03-01,2026-12-31,2027-12-31,2026-01-01,0,0.0,0
PAIM-616858,processing & transportation of natural Gas to be produced from Baghjan Field (Ministry of Petroleum & Natural Gas) (6168,Infrastructure & Highways,Ministry of Petroleum & Natural Gas,616858,Assam,1663.48,1663.48,381.87,23.0,2021-03-01,2027-12-31,2027-12-31,2026-01-01,12,0.0,0
PAIM-617827,"Pipeline Rehabilitation Project, Phase-II (Ministry of Petroleum & Natural Gas) (617827)",Infrastructure & Highways,Ministry of Petroleum & Natural Gas,617827,Assam,1382.51,1382.51,1169.96,84.6,2022-03-01,2026-12-31,2028-12-31,2026-01-01,24,0.0,0
PAIM-701350,transportation of additional products from existing 1.72 MMTPA to 5.5 MMTPA (Ministry of Petroleum & Natural Gas) (70135,Infrastructure & Highways,Ministry of Petroleum & Natural Gas,701350,Assam,4179.49,4179.49,3437.44,82.2,2024-03-01,2027-12-31,2027-12-31,2026-01-01,18,0.0,0
PAIM-709776,Augmentation/Revamping of Facilities at existing Guwahati Terminal at Betkuchi (MinistryofPetroleumNaturalGas) (709776),Infrastructure & Highways,Ministry of Petroleum & Natural Gas,709776,Assam,757.95,757.95,343.83,45.4,2023-03-01,2027-12-31,2027-12-31,2026-01-01,18,0.0,0
PAIM-709779,Capacity Expansion of Digboi Refinery from 0.65 to 1.0 MMTPA (MinistryofPetroleumNaturalGas) (709779),Infrastructure & Highways,Ministry of Petroleum & Natural Gas,709779,Assam,328.49,328.49,62.59,19.1,2024-03-01,2027-12-31,2027-12-31,2026-01-01,36,0.0,0
PAIM-709847,Pipeline Network Project Rudrasagar (Ministry of Petroleum & Natural Gas) (709847),Infrastructure & Highways,Ministry of Petroleum & Natural Gas,709847,Assam,3043.23,3043.23,2508.48,82.4,2024-03-01,2027-12-31,2028-12-31,2026-01-01,18,0.0,0
PAIM-709850,Borholla GGS Life Extension Project [BLEP] (Ministry of Petroleum & Natural Gas) (709850),Infrastructure & Highways,Ministry of Petroleum & Natural Gas,709850,Assam,2536.67,2536.67,425.42,16.8,2022-03-01,2028-12-31,2029-12-31,2026-01-01,12,0.0,0
PAIM-709864,DCU Revamp Project (NRL) (709864),Infrastructure & Highways,Ministry of Petroleum & Natural Gas,709864,Assam,2112.41,2112.41,1431.75,67.8,2022-03-01,2027-12-31,2028-12-31,2026-01-01,18,0.0,0
PAIM-709865,Scheme (NRL) (709865),Infrastructure & Highways,Ministry of Petroleum & Natural Gas,709865,Assam,3444.83,3444.83,645.12,18.7,2023-03-01,2026-12-31,2029-12-31,2026-01-01,18,0.0,0
PAIM-701346,North East Gas Grid (Ministry of Petroleum & Natural Gas) (701346),Infrastructure & Highways,Ministry of Petroleum & Natural Gas,701346,Assam,3739.83,3739.83,676.9,18.1,2023-03-01,2028-12-31,2029-12-31,2026-01-01,12,0.0,0
PAIM-709786,"Augmentation/ Revamping of Dimapur Depot, Dimapur (MinistryofPetroleumNaturalGas) (709786)",Infrastructure & Highways,Ministry of Petroleum & Natural Gas,709786,Multi-State,3201.69,3201.69,866.85,27.1,2022-03-01,2027-12-31,2027-12-31,2026-01-01,18,0.0,0
PAIM-709837,"Creation of Gas Dehydration Facilities, Tripura Asset (Oil and Natural Gas Corporation Limited [ONGC]) (709837)",Infrastructure & Highways,Ministry of Petroleum & Natural Gas,709837,Multi-State,455.77,455.77,192.59,42.3,2024-03-01,2027-12-31,2029-12-31,2026-01-01,24,0.0,0
PAIM-612201,"Construction of 200 bedded ESIC Hospital with 62 Nos Staff quarters , Beltola (Employee's State Insurance Company [ESIC]",Infrastructure & Highways,Ministry of Labour and Employment,612201,Assam,1994.09,1994.09,1669.1,83.7,2022-03-01,2027-12-31,2028-12-31,2026-01-01,0,0.0,0
PAIM-705572,Doubling of New Bonggigaon to Kamakhya via Goalpara - 176 km (Northeast Frontier Railway [NFR]) (705572),Infrastructure & Highways,Ministry of Labour and Employment,705572,Assam,4058.42,4058.42,3436.33,84.7,2021-03-01,2027-12-31,2027-12-31,2026-01-01,0,0.0,0
PAIM-706922,Guwahati-Dibrugarh via Tinsukia & Simaluguri-Dibrugarh (Central Organisation for Railway Electrification [CORE]) (706922,Infrastructure & Highways,Ministry of Labour and Employment,706922,Assam,826.31,826.31,434.92,52.6,2021-03-01,2026-12-31,2028-12-31,2026-01-01,36,0.0,0
PAIM-706940,"Mariani-Jorhat, Tinsukia-Dangri and Makum -TirapTrack Electrification Project (GM/C/ NFR) (706940)",Infrastructure & Highways,Ministry of Labour and Employment,706940,Assam,495.97,495.97,59.87,12.1,2021-03-01,2026-12-31,2029-12-31,2026-01-01,0,0.0,0
PAIM-706942,Harmuty-Murkongselek Branch Line Electrification Project (GM/C/ NFR) (706942),Infrastructure & Highways,Ministry of Labour and Employment,706942,Assam,1844.05,1844.05,1066.13,57.8,2024-03-01,2028-12-31,2028-12-31,2026-01-01,24,0.0,0
PAIM-618986,Furkating-New Tinsukia[194 Km] (Northeast Frontier Railway [NFR]) (618986),Infrastructure & Highways,Ministry of Labour and Employment,618986,Assam,4199.81,4199.81,1219.31,29.0,2021-03-01,2027-12-31,2028-12-31,2026-01-01,12,0.0,0
PAIM-705391,Jiribam-Imphal new line project (Northeast Frontier Railway [NFR]) (705391),Infrastructure & Highways,Ministry of Labour and Employment,705391,Assam,1510.79,1510.79,651.59,43.1,2023-03-01,2028-12-31,2028-12-31,2026-01-01,12,0.0,0
PAIM-705401,Murkongselek-Pasighat (Northeast Frontier Railway (NFR) - II) (705401),Infrastructure & Highways,Ministry of Labour and Employment,705401,Assam,3024.43,3024.43,1059.96,35.0,2023-03-01,2027-12-31,2028-12-31,2026-01-01,6,0.0,0
PAIM-705392,Dimapur [Dhansiri]-Sukhobi Kohima [Zubza] NL [82.5 Km] (Northeast Frontier Railway (NFR) - II) (705392),Infrastructure & Highways,Ministry of Labour and Employment,705392,Assam,2380.03,2380.03,1336.75,56.2,2022-03-01,2028-12-31,2028-12-31,2026-01-01,24,0.0,0
PAIM-616701,Lumding Furkating Doubling Project 140 km (Northeast Frontier Railway [NFR]) (616701),Infrastructure & Highways,Ministry of Labour and Employment,616701,Assam,1107.63,1107.63,359.73,32.5,2021-03-01,2028-12-31,2027-12-31,2026-01-01,6,0.0,0
PAIM-705432,Sivok-Rangpo New Rail Line (Indian Railway Construction International Limited [IRCON]) (705432),Infrastructure & Highways,Ministry of Labour and Employment,705432,Assam,1772.58,1772.58,688.72,38.9,2021-03-01,2026-12-31,2027-12-31,2026-01-01,6,0.0,0
PAIM-618033,415/Ar. P/2020-21/031 (MoRTH) (618033),Infrastructure & Highways,Ministry of Labour and Employment,618033,Multi-State,1402.53,1402.53,966.47,68.9,2024-03-01,2028-12-31,2028-12-31,2026-01-01,24,0.0,0
PAIM-617892,SARDP-NE/P-P/Pkg-A/NH-13/Ar.Pr./PWD/2018-19/116] (MoRTH) (617892),Infrastructure & Highways,Ministry of Labour and Employment,617892,Multi-State,3855.76,3855.76,1363.5,35.4,2022-03-01,2027-12-31,2029-12-31,2026-01-01,6,0.0,0
PAIM-618402,Package-I (NHIDCL) (618402),Infrastructure & Highways,Ministry of Labour and Employment,618402,Multi-State,3487.43,3487.43,1355.73,38.9,2022-03-01,2026-12-31,2027-12-31,2026-01-01,12,0.0,0
PAIM-618403,NHO-NE (NHIDCL) (618403),Infrastructure & Highways,Ministry of Labour and Employment,618403,Multi-State,1796.8,1796.8,781.83,43.5,2024-03-01,2026-12-31,2027-12-31,2026-01-01,6,0.0,0
PAIM-618405,the State of Arunachal Pradesh on EPC mode Pkg-1 (NHIDCL) (618405),Infrastructure & Highways,Ministry of Labour and Employment,618405,Multi-State,2869.53,2869.53,1436.27,50.1,2021-03-01,2028-12-31,2029-12-31,2026-01-01,6,0.0,0
PAIM-618424,HayuliangHawai road to Hawai Town under SARDP-NE -Balance work Pkg - IV (NHIDCL) (618424),Infrastructure & Highways,Ministry of Labour and Employment,618424,Multi-State,4183.88,4183.88,1237.59,29.6,2023-03-01,2027-12-31,2029-12-31,2026-01-01,18,0.0,0
PAIM-618432,Km 70.000 in the state of Arunachal Pradesh under SARDP-NE Pkg-3 (NHIDCL) (618432),Infrastructure & Highways,Ministry of Labour and Employment,618432,Multi-State,1392.01,1392.01,910.24,65.4,2021-03-01,2028-12-31,2027-12-31,2026-01-01,24,0.0,0
PAIM-618433,Arunachal Pradesh on EPC Mode under SARDP-NE Pkg-7 (NHIDCL) (618433),Infrastructure & Highways,Ministry of Labour and Employment,618433,Multi-State,4263.94,4263.94,1176.01,27.6,2023-03-01,2027-12-31,2028-12-31,2026-01-01,0,0.0,0
PAIM-618434,Roing-Hunli Road Greenfield Alignment Project (NHIDCL) (618434),Infrastructure & Highways,Ministry of Labour and Employment,618434,Multi-State,3587.36,3587.36,1022.65,28.5,2021-03-01,2027-12-31,2028-12-31,2026-01-01,6,0.0,0
PAIM-618435,NH-37 on EPC basis under SARDP-NE in state of Assam (NHIDCL) (618435),Infrastructure & Highways,Ministry of Labour and Employment,618435,Assam,4054.52,4054.52,586.35,14.5,2022-03-01,2026-12-31,2028-12-31,2026-01-01,6,0.0,0
PAIM-618436,to Km 208.000 of NH-52 on EPC mode in state of Assam under SARDP-NE (NHIDCL) (618436),Infrastructure & Highways,Ministry of Labour and Employment,618436,Assam,1350.75,1350.75,570.08,42.2,2021-03-01,2028-12-31,2029-12-31,2026-01-01,6,0.0,0
PAIM-618437,works & Toll Plaza (NHIDCL) (618437),Infrastructure & Highways,Ministry of Labour and Employment,618437,Assam,1714.9,1714.9,1311.97,76.5,2024-03-01,2026-12-31,2028-12-31,2026-01-01,24,0.0,0
PAIM-618438,"SARDP-NE, Phase 'A' in the State of Assam on EPC mode (NHIDCL) (618438)",Infrastructure & Highways,Ministry of Labour and Employment,618438,Assam,3414.33,3414.33,1936.97,56.7,2024-03-01,2028-12-31,2028-12-31,2026-01-01,12,0.0,0
PAIM-618439,EPC Mode in the state of Assam Pkg-I Road Works (NHIDCL) (618439),Infrastructure & Highways,Ministry of Labour and Employment,618439,Assam,3322.54,3322.54,2134.64,64.2,2021-03-01,2028-12-31,2029-12-31,2026-01-01,0,0.0,0
PAIM-618440,the state of Assam Pkg- IV Structures & Toll Plaza (NHIDCL) (618440),Infrastructure & Highways,Ministry of Labour and Employment,618440,Assam,2214.25,2214.25,1413.24,63.8,2024-03-01,2026-12-31,2029-12-31,2026-01-01,36,0.0,0
PAIM-618441,under EPC Mode in the state of Assam Pkg-I Road Works (NHIDCL) (618441),Infrastructure & Highways,Ministry of Labour and Employment,618441,Assam,1830.17,1830.17,216.82,11.8,2023-03-01,2026-12-31,2027-12-31,2026-01-01,24,0.0,0
PAIM-618442,under EPC Mode in the state of Assam Pkg-III Road Works (NHIDCL) (618442),Infrastructure & Highways,Ministry of Labour and Employment,618442,Assam,1540.77,1540.77,563.99,36.6,2021-03-01,2027-12-31,2027-12-31,2026-01-01,18,0.0,0
PAIM-618443,under EPC Mode in the state of Assam Pkg-II Road Works (NHIDCL) (618443),Infrastructure & Highways,Ministry of Labour and Employment,618443,Assam,356.17,356.17,69.56,19.5,2022-03-01,2027-12-31,2028-12-31,2026-01-01,18,0.0,0
PAIM-618444,Mode in the state of Assam  Pkg-IV Structures & Toll Plaza (NHIDCL) (618444),Infrastructure & Highways,Ministry of Labour and Employment,618444,Assam,3140.5,3140.5,1952.05,62.2,2022-03-01,2028-12-31,2029-12-31,2026-01-01,18,0.0,0
PAIM-618371,Km under JICA ODA Loan assistance Phase-V -Balance work (NHIDCL) (618371),Infrastructure & Highways,Ministry of Labour and Employment,618371,Assam,3419.11,3419.11,628.86,18.4,2024-03-01,2028-12-31,2029-12-31,2026-01-01,6,0.0,0
PAIM-618372,Pkg-2] (NHIDCL) (618372),Infrastructure & Highways,Ministry of Labour and Employment,618372,Assam,2744.93,2744.93,2016.01,73.4,2022-03-01,2026-12-31,2029-12-31,2026-01-01,12,0.0,0
PAIM-618373,NH-127B under JICA ODA Loan assistance Phase-III (NHIDCL) (618373),Infrastructure & Highways,Ministry of Labour and Employment,618373,Assam,3720.19,3720.19,2089.34,56.2,2022-03-01,2027-12-31,2027-12-31,2026-01-01,6,0.0,0
PAIM-618330,'Phase-A' on EPC mode Assam Portion (NHIDCL) (618330),Infrastructure & Highways,Ministry of Labour and Employment,618330,Assam,3101.76,3101.76,1295.44,41.8,2024-03-01,2028-12-31,2029-12-31,2026-01-01,18,0.0,0
PAIM-618331,Package Silchar-Jiribam Pkg-1 in the state of Assam on HAM Mode (NHIDCL) (618331),Infrastructure & Highways,Ministry of Labour and Employment,618331,Assam,2280.3,2280.3,1431.41,62.8,2022-03-01,2026-12-31,2028-12-31,2026-01-01,6,0.0,0
PAIM-618339,NH-38 in Tinsukia District under NHO- NE Package-4 (NHIDCL) (618339),Infrastructure & Highways,Ministry of Labour and Employment,618339,Assam,520.4,520.4,187.35,36.0,2024-03-01,2027-12-31,2027-12-31,2026-01-01,24,0.0,0
PAIM-618340,EPCMode under NHO-NE Package-3 (NHIDCL) (618340),Infrastructure & Highways,Ministry of Labour and Employment,618340,Assam,2489.74,2489.74,647.71,26.0,2024-03-01,2028-12-31,2027-12-31,2026-01-01,12,0.0,0
PAIM-618351,Package-10 (NHIDCL) (618351),Infrastructure & Highways,Ministry of Labour and Employment,618351,Assam,1854.88,1854.88,605.39,32.6,2024-03-01,2027-12-31,2027-12-31,2026-01-01,0,0.0,0
PAIM-618352,9 (NHIDCL) (618352),Infrastructure & Highways,Ministry of Labour and Employment,618352,Assam,2722.07,2722.07,343.99,12.6,2022-03-01,2027-12-31,2029-12-31,2026-01-01,12,0.0,0
PAIM-618353,Package 8 (NHIDCL) (618353),Infrastructure & Highways,Ministry of Labour and Employment,618353,Assam,1916.61,1916.61,709.25,37.0,2021-03-01,2026-12-31,2027-12-31,2026-01-01,24,0.0,0
PAIM-618354,km 116.550 near Hangrum Package-7 on EPC mode Package7 (NHIDCL) (618354),Infrastructure & Highways,Ministry of Labour and Employment,618354,Assam,2099.18,2099.18,1037.7,49.4,2024-03-01,2028-12-31,2029-12-31,2026-01-01,0,0.0,0
PAIM-618359,EPC mode under Bharatmala Pariyojna of Length 27.514 Km Package-3 (NHIDCL) (618359),Infrastructure & Highways,Ministry of Labour and Employment,618359,Assam,3456.83,3456.83,1639.35,47.4,2024-03-01,2026-12-31,2027-12-31,2026-01-01,0,0.0,0
PAIM-617895,15/AS/2021-22/234 (MoRTH) (617895),Infrastructure & Highways,Ministry of Labour and Employment,617895,Assam,4184.35,4184.35,1364.47,32.6,2022-03-01,2028-12-31,2028-12-31,2026-01-01,18,0.0,0
PAIM-617896,31/AS/ 2023-24/265 (MoRTH) (617896),Infrastructure & Highways,Ministry of Labour and Employment,617896,Assam,3981.41,3981.41,483.37,12.1,2023-03-01,2026-12-31,2029-12-31,2026-01-01,24,0.0,0
PAIM-618034,No.427/AS/2022-23/245 (MoRTH) (618034),Infrastructure & Highways,Ministry of Labour and Employment,618034,Assam,2938.86,2938.86,1538.67,52.4,2022-03-01,2028-12-31,2027-12-31,2026-01-01,0,0.0,0
PAIM-618282,4-L Bilasipara-Guwahati Package-10 (NHIDCL) (618282),Infrastructure & Highways,Ministry of Labour and Employment,618282,Assam,2996.51,2996.51,1857.17,62.0,2024-03-01,2027-12-31,2028-12-31,2026-01-01,0,0.0,0
PAIM-618283,4-L Bilasipara-Guwahati Package-9 (NHIDCL) (618283),Infrastructure & Highways,Ministry of Labour and Employment,618283,Assam,1337.28,1337.28,430.59,32.2,2024-03-01,2027-12-31,2029-12-31,2026-01-01,12,0.0,0
PAIM-618284,NHO-NE Package-8 (NHIDCL) (618284),Infrastructure & Highways,Ministry of Labour and Employment,618284,Assam,339.75,339.75,283.07,83.3,2023-03-01,2027-12-31,2027-12-31,2026-01-01,0,0.0,0
PAIM-618285,on EPC Package-7 (NHIDCL) (618285),Infrastructure & Highways,Ministry of Labour and Employment,618285,Assam,2708.26,2708.26,1620.31,59.8,2021-03-01,2026-12-31,2027-12-31,2026-01-01,18,0.0,0
PAIM-618286,4385 across River Brahmaputra on NH-17 at Jogighopa in Assam on EPC mode (NHIDCL) (618286),Infrastructure & Highways,Ministry of Labour and Employment,618286,Assam,1981.19,1981.19,1007.45,50.9,2021-03-01,2028-12-31,2027-12-31,2026-01-01,12,0.0,0
PAIM-618287,NE Package-2 (NHIDCL) (618287),Infrastructure & Highways,Ministry of Labour and Employment,618287,Assam,2918.49,2918.49,2381.61,81.6,2023-03-01,2027-12-31,2027-12-31,2026-01-01,12,0.0,0
PAIM-618288,"Mowatari, before Chapar Bypass  in the state ol Assam on HAM mode Package-1 (NHIDCL) (618288)",Infrastructure & Highways,Ministry of Labour and Employment,618288,Assam,3683.35,3683.35,508.14,13.8,2023-03-01,2026-12-31,2027-12-31,2026-01-01,12,0.0,0
PAIM-618289,and Design Km 0.000 to km 14.660 under BMP on EPC mode (NHIDCL) (618289),Infrastructure & Highways,Ministry of Labour and Employment,618289,Assam,2661.67,2661.67,1534.66,57.7,2023-03-01,2027-12-31,2029-12-31,2026-01-01,6,0.0,0
PAIM-618308,Pariyojana in Economic Corridors Silchar- Churaibari Package-2 (NHIDCL) (618308),Infrastructure & Highways,Ministry of Labour and Employment,618308,Assam,673.44,673.44,499.52,74.2,2021-03-01,2027-12-31,2028-12-31,2026-01-01,18,0.0,0
PAIM-618312,NH-8 on Silchar-Churaibari in the state of Assam on HAM Mode Package-5 (NHIDCL) (618312),Infrastructure & Highways,Ministry of Labour and Employment,618312,Assam,4243.62,4243.62,3359.03,79.2,2021-03-01,2026-12-31,2028-12-31,2026-01-01,36,0.0,0
PAIM-618314,Pariyojna on EPC mode. Project Length 29.360 km under NHO-NE Package-2 (NHIDCL) (618314),Infrastructure & Highways,Ministry of Labour and Employment,618314,Assam,3668.82,3668.82,2270.79,61.9,2023-03-01,2027-12-31,2027-12-31,2026-01-01,6,0.0,0
PAIM-618315,EPC mode Package-1 (NHIDCL) (618315),Infrastructure & Highways,Ministry of Labour and Employment,618315,Assam,1771.98,1771.98,1171.06,66.1,2024-03-01,2028-12-31,2028-12-31,2026-01-01,6,0.0,0
PAIM-618325,Dillai to Lahorijan Package-7 (NHIDCL) (618325),Infrastructure & Highways,Ministry of Labour and Employment,618325,Assam,1199.71,1199.71,128.88,10.7,2023-03-01,2026-12-31,2028-12-31,2026-01-01,18,0.0,0
PAIM-618326,Daboka-Parokhaowa of NH 29 on EPC under NHO-NE Package-1 (NHIDCL) (618326),Infrastructure & Highways,Ministry of Labour and Employment,618326,Assam,2575.97,2575.97,644.63,25.0,2022-03-01,2027-12-31,2028-12-31,2026-01-01,36,0.0,0
PAIM-618327,Section in Assam on EPC Package-6 (NHIDCL) (618327),Infrastructure & Highways,Ministry of Labour and Employment,618327,Assam,2771.16,2771.16,1985.36,71.6,2022-03-01,2027-12-31,2029-12-31,2026-01-01,0,0.0,0
PAIM-619060,under EPC Mode in the state of Assam Pkg-III Road Works (NHIDCL) (619060),Infrastructure & Highways,Ministry of Labour and Employment,619060,Assam,4134.46,4134.46,1687.51,40.8,2024-03-01,2026-12-31,2029-12-31,2026-01-01,0,0.0,0
PAIM-619089,Km 0.000 to Km 49.230 of NH-27 (NHAI) (619089),Infrastructure & Highways,Ministry of Labour and Employment,619089,Assam,314.82,314.82,77.37,24.6,2021-03-01,2027-12-31,2029-12-31,2026-01-01,18,0.0,0
PAIM-619013,under EPC Mode in the state of Assam Pkg-II Road Works (NHIDCL) (619013),Infrastructure & Highways,Ministry of Labour and Employment,619013,Assam,3506.99,3506.99,1060.57,30.2,2023-03-01,2027-12-31,2027-12-31,2026-01-01,0,0.0,0
PAIM-619057,Pariyojana in Economic Corridors Silchar- Churaibari Pkg-3 (NHIDCL) (619057),Infrastructure & Highways,Ministry of Labour and Employment,619057,Assam,2689.87,2689.87,1063.71,39.5,2023-03-01,2026-12-31,2028-12-31,2026-01-01,36,0.0,0
PAIM-618454,from Jogighopa Railway Station to MMLP (NHIDCL) (618454),Infrastructure & Highways,Ministry of Labour and Employment,618454,Assam,3164.67,3164.67,2334.62,73.8,2021-03-01,2026-12-31,2028-12-31,2026-01-01,12,0.0,0
PAIM-618455,Mode Package-I Road and Utility Works (NHIDCL) (618455),Infrastructure & Highways,Ministry of Labour and Employment,618455,Assam,271.08,271.08,217.21,80.1,2023-03-01,2027-12-31,2029-12-31,2026-01-01,0,0.0,0
PAIM-618575,and Baihata Bypass Junctions on stretches of NH-31 and NH-27 (National Highways Authority of India [NHAI]) (618575),Infrastructure & Highways,Ministry of Labour and Employment,618575,Assam,3464.36,3464.36,554.43,16.0,2022-03-01,2028-12-31,2029-12-31,2026-01-01,0,0.0,0
PAIM-618576,at Jagiroad on stretches of NH 36 and NH 27 (National Highways Authority of India [NHAI]) (618576),Infrastructure & Highways,Ministry of Labour and Employment,618576,Assam,2638.82,2638.82,2066.44,78.3,2024-03-01,2026-12-31,2028-12-31,2026-01-01,6,0.0,0
PAIM-618415,40.000 km on NH-129A in the State of Manipur on EPC mode (NHIDCL) (618415),Infrastructure & Highways,Ministry of Labour and Employment,618415,Multi-State,3407.74,3407.74,1616.93,47.4,2024-03-01,2028-12-31,2029-12-31,2026-01-01,12,0.0,0
PAIM-618416,22.340 km on NH-129A in the State of Manipur on EPC mode (NHIDCL) (618416),Infrastructure & Highways,Ministry of Labour and Employment,618416,Multi-State,3539.32,3539.32,1422.88,40.2,2022-03-01,2027-12-31,2029-12-31,2026-01-01,0,0.0,0
PAIM-618298,Pkg-5B (NHIDCL) (618298),Infrastructure & Highways,Ministry of Labour and Employment,618298,Multi-State,2596.02,2596.02,773.04,29.8,2024-03-01,2028-12-31,2029-12-31,2026-01-01,36,0.0,0
PAIM-618300,from Km 262175 to Km 274610 in the state of Manipur on EPC mode Pkg-4A (NHIDCL) (618300),Infrastructure & Highways,Ministry of Labour and Employment,618300,Multi-State,3670.7,3670.7,613.94,16.7,2021-03-01,2028-12-31,2029-12-31,2026-01-01,0,0.0,0
PAIM-618302,state of Manipur on EPC mode Package-2 (NHIDCL) (618302),Infrastructure & Highways,Ministry of Labour and Employment,618302,Multi-State,2933.24,2933.24,1265.29,43.1,2024-03-01,2026-12-31,2029-12-31,2026-01-01,12,0.0,0
PAIM-618303,state of Manipur on EPC mode Package-1 (NHIDCL) (618303),Infrastructure & Highways,Ministry of Labour and Employment,618303,Multi-State,908.97,908.97,237.74,26.2,2023-03-01,2026-12-31,2027-12-31,2026-01-01,6,0.0,0
PAIM-618304,"Bharatmala Pariyojana, under NHO-NE Package-7 (NHIDCL) (618304)",Infrastructure & Highways,Ministry of Labour and Employment,618304,Multi-State,3746.97,3746.97,2996.51,80.0,2023-03-01,2028-12-31,2029-12-31,2026-01-01,24,0.0,0
PAIM-618305,mode under Bharatmala Pariyojana under NHO-NE  Package-6 (NHIDCL) (618305),Infrastructure & Highways,Ministry of Labour and Employment,618305,Multi-State,3443.15,3443.15,1639.51,47.6,2022-03-01,2028-12-31,2029-12-31,2026-01-01,0,0.0,0
PAIM-618306,"under Bharatmala Pariyojana, under NHO-NE  Package-5 (NHIDCL) (618306)",Infrastructure & Highways,Ministry of Labour and Employment,618306,Multi-State,2531.68,2531.68,1773.92,70.1,2023-03-01,2027-12-31,2027-12-31,2026-01-01,6,0.0,0
PAIM-618355,Package-2 (NHIDCL) (618355),Infrastructure & Highways,Ministry of Labour and Employment,618355,Multi-State,1551.18,1551.18,1096.38,70.7,2024-03-01,2026-12-31,2029-12-31,2026-01-01,0,0.0,0
PAIM-618356,near Phelong on EPC Mode Package-3 (NHIDCL) (618356),Infrastructure & Highways,Ministry of Labour and Employment,618356,Multi-State,3130.44,3130.44,778.92,24.9,2023-03-01,2026-12-31,2028-12-31,2026-01-01,12,0.0,0
PAIM-618357,Mandeu on EPC Mode Package 5 (NHIDCL) (618357),Infrastructure & Highways,Ministry of Labour and Employment,618357,Multi-State,2472.01,2472.01,710.94,28.8,2021-03-01,2026-12-31,2029-12-31,2026-01-01,0,0.0,0
PAIM-618358,EPC Mode Package-6 (NHIDCL) (618358),Infrastructure & Highways,Ministry of Labour and Employment,618358,Multi-State,3357.54,3357.54,1230.78,36.7,2023-03-01,2026-12-31,2029-12-31,2026-01-01,6,0.0,0
PAIM-618344,on EPC mode Package-3 (NHIDCL) (618344),Infrastructure & Highways,Ministry of Labour and Employment,618344,Multi-State,693.87,693.87,443.37,63.9,2024-03-01,2028-12-31,2028-12-31,2026-01-01,0,0.0,0
PAIM-618345,Package-2B (NHIDCL) (618345),Infrastructure & Highways,Ministry of Labour and Employment,618345,Multi-State,4448.47,4448.47,2112.42,47.5,2023-03-01,2028-12-31,2029-12-31,2026-01-01,6,0.0,0
PAIM-618346,NHO Package-2A (NHIDCL) (618346),Infrastructure & Highways,Ministry of Labour and Employment,618346,Multi-State,923.52,923.52,185.78,20.1,2021-03-01,2028-12-31,2028-12-31,2026-01-01,0,0.0,0
PAIM-618347,NHO Package-1B (NHIDCL) (618347),Infrastructure & Highways,Ministry of Labour and Employment,618347,Multi-State,1300.33,1300.33,768.35,59.1,2023-03-01,2027-12-31,2027-12-31,2026-01-01,24,0.0,0
PAIM-618333,PKG-7 (NHIDCL) (618333),Infrastructure & Highways,Ministry of Labour and Employment,618333,Multi-State,268.67,268.67,177.04,65.9,2024-03-01,2026-12-31,2029-12-31,2026-01-01,24,0.0,0
PAIM-618334,NHO-TSP PKG-6 (NHIDCL) (618334),Infrastructure & Highways,Ministry of Labour and Employment,618334,Multi-State,3785.34,3785.34,2586.96,68.3,2023-03-01,2026-12-31,2029-12-31,2026-01-01,18,0.0,0
PAIM-618335,Puilon Kambiron Village on EPC Mode in Manipur PKG-5 (NHIDCL) (618335),Infrastructure & Highways,Ministry of Labour and Employment,618335,Multi-State,779.09,779.09,297.24,38.2,2021-03-01,2026-12-31,2028-12-31,2026-01-01,36,0.0,0
PAIM-618336,km 103.557 on EPC Mode in Manipur PKG-4 (NHIDCL) (618336),Infrastructure & Highways,Ministry of Labour and Employment,618336,Multi-State,3566.25,3566.25,1136.07,31.9,2024-03-01,2027-12-31,2028-12-31,2026-01-01,12,0.0,0
PAIM-618337,33.395 to km 67.496 on EPC Mode in Manipur PKG-3 (NHIDCL) (618337),Infrastructure & Highways,Ministry of Labour and Employment,618337,Multi-State,229.29,229.29,39.2,17.1,2022-03-01,2028-12-31,2028-12-31,2026-01-01,6,0.0,0
PAIM-618338,Balance Works & Rectification works (NHIDCL) (618338),Infrastructure & Highways,Ministry of Labour and Employment,618338,Multi-State,1706.58,1706.58,739.82,43.4,2021-03-01,2027-12-31,2028-12-31,2026-01-01,6,0.0,0
PAIM-618387,EPC mode under NHO-NE Package-2 (NHIDCL) (618387),Infrastructure & Highways,Ministry of Labour and Employment,618387,Multi-State,3108.92,3108.92,2300.43,74.0,2021-03-01,2026-12-31,2029-12-31,2026-01-01,6,0.0,0
PAIM-618388,of Manipur on EPC mode under NHO-TSP Package -3 (NHIDCL) (618388),Infrastructure & Highways,Ministry of Labour and Employment,618388,Multi-State,982.45,982.45,467.77,47.6,2021-03-01,2027-12-31,2027-12-31,2026-01-01,6,0.0,0
PAIM-618389,of Manipur on EPC mode under NHO-TSP Package -4 (NHIDCL) (618389),Infrastructure & Highways,Ministry of Labour and Employment,618389,Multi-State,1558.77,1558.77,246.86,15.8,2022-03-01,2028-12-31,2029-12-31,2026-01-01,0,0.0,0
PAIM-618076,31.500 Goeragre to km 63.224 Package-II in state of Meghalaya (MoRTH) (618076),Infrastructure & Highways,Ministry of Labour and Employment,618076,Multi-State,3190.71,3190.71,2116.98,66.3,2023-03-01,2027-12-31,2029-12-31,2026-01-01,6,0.0,0
PAIM-618374,assistance Phase-II Pkg-5 -Balance work (NHIDCL) (618374),Infrastructure & Highways,Ministry of Labour and Employment,618374,Multi-State,548.49,548.49,212.79,38.8,2023-03-01,2028-12-31,2029-12-31,2026-01-01,24,0.0,0
PAIM-618375,Balance work Pkg-4 (NHIDCL) (618375),Infrastructure & Highways,Ministry of Labour and Employment,618375,Multi-State,3326.08,3326.08,643.03,19.3,2023-03-01,2028-12-31,2028-12-31,2026-01-01,24,0.0,0
PAIM-618376,ODA Loan assistance Phase-II -Balance Work-Pkg-2 (NHIDCL) (618376),Infrastructure & Highways,Ministry of Labour and Employment,618376,Multi-State,2162.14,2162.14,439.78,20.3,2023-03-01,2027-12-31,2029-12-31,2026-01-01,18,0.0,0
PAIM-618377,under JICA ODA Loan assistance Phase-II -Balance Work Pkg-1 (NHIDCL) (618377),Infrastructure & Highways,Ministry of Labour and Employment,618377,Multi-State,4167.52,4167.52,2745.74,65.9,2024-03-01,2028-12-31,2027-12-31,2026-01-01,0,0.0,0
PAIM-618295,Km 8600 to Km 53000 of Old NH-62 under BMP Lot-1 Pkg-1B Meghalaya portion (NHIDCL) (618295),Infrastructure & Highways,Ministry of Labour and Employment,618295,Multi-State,555.24,555.24,469.27,84.5,2022-03-01,2028-12-31,2029-12-31,2026-01-01,12,0.0,0
PAIM-617885,NE/Nong-Don-Maw/MG/2020-21/294 (MoRTH) (617885),Infrastructure & Highways,Ministry of Labour and Employment,617885,Multi-State,691.63,691.63,297.97,43.1,2022-03-01,2026-12-31,2029-12-31,2026-01-01,0,0.0,0
PAIM-618418,NE in the State of Meghalaya  Package-1 (NHIDCL) (618418),Infrastructure & Highways,Ministry of Labour and Employment,618418,Assam,2835.07,2835.07,1423.67,50.2,2023-03-01,2028-12-31,2029-12-31,2026-01-01,18,0.0,0
PAIM-618419,state of Meghalaya on EPC Mode Greenfield alignment (NHIDCL) (618419),Infrastructure & Highways,Ministry of Labour and Employment,618419,Multi-State,3738.36,3738.36,2368.4,63.4,2021-03-01,2026-12-31,2029-12-31,2026-01-01,12,0.0,0
PAIM-618420,of Meghalaya on EPC Mode (NHIDCL) (618420),Infrastructure & Highways,Ministry of Labour and Employment,618420,Multi-State,4474.4,4474.4,526.09,11.8,2024-03-01,2028-12-31,2029-12-31,2026-01-01,12,0.0,0
PAIM-618421,Meghalaya on EPC Mode Greenfield alignment (NHIDCL) (618421),Infrastructure & Highways,Ministry of Labour and Employment,618421,Multi-State,1791.97,1791.97,938.65,52.4,2023-03-01,2027-12-31,2028-12-31,2026-01-01,36,0.0,0
PAIM-619010,NHO-NE Package-3  Keifang- Tuivai Pkg-3 (NHIDCL) (619010),Infrastructure & Highways,Ministry of Labour and Employment,619010,Multi-State,3325.81,3325.81,2780.86,83.6,2024-03-01,2027-12-31,2029-12-31,2026-01-01,36,0.0,0
PAIM-618452,"in the State of Mizoram on EPC mode under NHO-NE, stretch of IMBR (NHIDCL) (618452)",Infrastructure & Highways,Ministry of Labour and Employment,618452,Multi-State,3680.56,3680.56,709.24,19.3,2021-03-01,2028-12-31,2029-12-31,2026-01-01,0,0.0,0
PAIM-618379,Tuipang Section of NH-54 in the State of Mizoram Package-5 (NHIDCL) (618379),Infrastructure & Highways,Ministry of Labour and Employment,618379,Multi-State,587.02,587.02,163.52,27.9,2023-03-01,2028-12-31,2028-12-31,2026-01-01,0,0.0,0
PAIM-618380,Tuipang Section of NH-54 in the State of Mizoram Package-3 (NHIDCL) (618380),Infrastructure & Highways,Ministry of Labour and Employment,618380,Multi-State,2974.98,2974.98,1941.53,65.3,2022-03-01,2028-12-31,2027-12-31,2026-01-01,6,0.0,0
PAIM-618381,Tuipang section under JICA ODA Loan assistance Phase-I Package-6 (NHIDCL) (618381),Infrastructure & Highways,Ministry of Labour and Employment,618381,Multi-State,2086.14,2086.14,893.47,42.8,2023-03-01,2028-12-31,2028-12-31,2026-01-01,12,0.0,0
PAIM-618382,section under JICA ODA Loan assistance Phase-I Package-7 (NHIDCL) (618382),Infrastructure & Highways,Ministry of Labour and Employment,618382,Multi-State,1744.77,1744.77,319.96,18.3,2023-03-01,2028-12-31,2029-12-31,2026-01-01,18,0.0,0
PAIM-618383,section under JICA ODA Loan assistance Phase-I Package-8 (NHIDCL) (618383),Infrastructure & Highways,Ministry of Labour and Employment,618383,Multi-State,3132.52,3132.52,2249.2,71.8,2022-03-01,2028-12-31,2028-12-31,2026-01-01,36,0.0,0
PAIM-618384,Tuipang Section of NH-54 in the State of Mizoram Package-4 (NHIDCL) (618384),Infrastructure & Highways,Ministry of Labour and Employment,618384,Multi-State,1872.3,1872.3,331.14,17.7,2022-03-01,2027-12-31,2028-12-31,2026-01-01,24,0.0,0
PAIM-618341,Tuivai Pkg-2 (NHIDCL) (618341),Infrastructure & Highways,Ministry of Labour and Employment,618341,Multi-State,4002.4,4002.4,1621.81,40.5,2022-03-01,2026-12-31,2028-12-31,2026-01-01,12,0.0,0
PAIM-618342,state  of Mizoram under Bharatmala Pariyojana on EPC mode (NHIDCL) (618342),Infrastructure & Highways,Ministry of Labour and Employment,618342,Multi-State,1817.48,1817.48,435.61,24.0,2024-03-01,2028-12-31,2028-12-31,2026-01-01,36,0.0,0
PAIM-618343,Mizoram under Bharatmala Pariyojna on EPC Mode Seling-Dulte - III (NHIDCL) (618343),Infrastructure & Highways,Ministry of Labour and Employment,618343,Multi-State,4077.2,4077.2,2664.42,65.3,2024-03-01,2026-12-31,2028-12-31,2026-01-01,12,0.0,0
PAIM-618362,A (NHIDCL) (618362),Infrastructure & Highways,Ministry of Labour and Employment,618362,Multi-State,2228.9,2228.9,837.94,37.6,2024-03-01,2027-12-31,2029-12-31,2026-01-01,6,0.0,0
PAIM-618363,under Bharatmala Pariyojana on EPC mode [Pkg-B] (NHIDCL) (618363),Infrastructure & Highways,Ministry of Labour and Employment,618363,Multi-State,2955.2,2955.2,1302.45,44.1,2023-03-01,2028-12-31,2028-12-31,2026-01-01,18,0.0,0
PAIM-618364,on EPC mode under NH O-NE (NHIDCL) (618364),Infrastructure & Highways,Ministry of Labour and Employment,618364,Multi-State,3959.4,3959.4,2532.32,64.0,2021-03-01,2027-12-31,2028-12-31,2026-01-01,0,0.0,0
PAIM-618365,Nagaland on EPC mode under NHO-NE (NHIDCL) (618365),Infrastructure & Highways,Ministry of Labour and Employment,618365,Multi-State,3132.14,3132.14,2447.27,78.1,2024-03-01,2027-12-31,2028-12-31,2026-01-01,18,0.0,0
PAIM-618366,on EPC mode under NHO-NE (NHIDCL) (618366),Infrastructure & Highways,Ministry of Labour and Employment,618366,Multi-State,540.34,540.34,278.09,51.5,2022-03-01,2026-12-31,2028-12-31,2026-01-01,24,0.0,0
PAIM-618072,Km 220.00 of NH-61 New NH-02 in the state of Nagaland. (MoRTH) (618072),Infrastructure & Highways,Ministry of Labour and Employment,618072,Multi-State,3878.4,3878.4,781.7,20.2,2022-03-01,2028-12-31,2028-12-31,2026-01-01,24,0.0,0
PAIM-618296,on EPC Mode Package-V under NHO (NHIDCL) (618296),Infrastructure & Highways,Ministry of Labour and Employment,618296,Multi-State,4490.25,4490.25,1734.58,38.6,2022-03-01,2026-12-31,2028-12-31,2026-01-01,36,0.0,0
PAIM-618297,Mode under NHO Package-II -Balance work (NHIDCL) (618297),Infrastructure & Highways,Ministry of Labour and Employment,618297,Multi-State,2765.05,2765.05,1393.07,50.4,2022-03-01,2028-12-31,2028-12-31,2026-01-01,6,0.0,0
PAIM-618328,Bypass under SARDP-NE Package-III (NHIDCL) (618328),Infrastructure & Highways,Ministry of Labour and Employment,618328,Multi-State,891.96,891.96,730.83,81.9,2022-03-01,2026-12-31,2028-12-31,2026-01-01,36,0.0,0
PAIM-618329,SARDP-NE (NHIDCL) (618329),Infrastructure & Highways,Ministry of Labour and Employment,618329,Multi-State,3946.92,3946.92,2026.27,51.3,2021-03-01,2028-12-31,2028-12-31,2026-01-01,0,0.0,0
PAIM-618290,State of Nagaland under SARDP-NE on EPC Mode Package-IV (NHIDCL) (618290),Infrastructure & Highways,Ministry of Labour and Employment,618290,Multi-State,2689.45,2689.45,1602.15,59.6,2021-03-01,2028-12-31,2029-12-31,2026-01-01,0,0.0,0
PAIM-618291,state of Nagaland Under SARDP-NE on EPC Mode Package- 3 (NHIDCL) (618291),Infrastructure & Highways,Ministry of Labour and Employment,618291,Multi-State,1632.24,1632.24,235.95,14.5,2024-03-01,2027-12-31,2029-12-31,2026-01-01,0,0.0,0
PAIM-618292,state of Nagaland Under SARDP-NE on EPC Mode Package-2 (NHIDCL) (618292),Infrastructure & Highways,Ministry of Labour and Employment,618292,Multi-State,4023.06,4023.06,1010.48,25.1,2021-03-01,2026-12-31,2029-12-31,2026-01-01,24,0.0,0
PAIM-618293,on EPC Mode Package-1 -Balance work (NHIDCL) (618293),Infrastructure & Highways,Ministry of Labour and Employment,618293,Multi-State,3729.78,3729.78,2317.74,62.1,2022-03-01,2027-12-31,2028-12-31,2026-01-01,12,0.0,0
PAIM-617886,to Km 125 of NH 61 (MoRTH) (617886),Infrastructure & Highways,Ministry of Labour and Employment,617886,Multi-State,4384.56,4384.56,3699.38,84.4,2024-03-01,2028-12-31,2029-12-31,2026-01-01,18,0.0,0
PAIM-618002,Chare via Dikhu in the state of Nagaland on EPC mode (MoRTH) (618002),Infrastructure & Highways,Ministry of Labour and Employment,618002,Multi-State,4215.08,4215.08,618.34,14.7,2022-03-01,2027-12-31,2029-12-31,2026-01-01,24,0.0,0
PAIM-619059,SARDP-NE  PKG-IV Balance work (NHIDCL) (619059),Infrastructure & Highways,Ministry of Labour and Employment,619059,Multi-State,2182.74,2182.74,768.09,35.2,2022-03-01,2027-12-31,2027-12-31,2026-01-01,12,0.0,0
PAIM-618422,SARDP-NE package-V  Balance work (NHIDCL) (618422),Infrastructure & Highways,Ministry of Labour and Employment,618422,Multi-State,1357.37,1357.37,900.62,66.4,2022-03-01,2027-12-31,2028-12-31,2026-01-01,24,0.0,0
PAIM-618423,Balance work (NHIDCL) (618423),Infrastructure & Highways,Ministry of Labour and Employment,618423,Multi-State,4070.13,4070.13,817.02,20.1,2021-03-01,2026-12-31,2028-12-31,2026-01-01,24,0.0,0
PAIM-618413,Nagaland on EPC mode under NHO-TSP Package-III (NHIDCL) (618413),Infrastructure & Highways,Ministry of Labour and Employment,618413,Multi-State,2410.51,2410.51,590.0,24.5,2022-03-01,2027-12-31,2029-12-31,2026-01-01,18,0.0,0
PAIM-618414,in the state of Nagaland on EPC mode under NHO-TSP Package-II (NHIDCL) (618414),Infrastructure & Highways,Ministry of Labour and Employment,618414,Multi-State,679.49,679.49,300.32,44.2,2024-03-01,2027-12-31,2029-12-31,2026-01-01,0,0.0,0
PAIM-618071,Ranipool to Burtuk Ch 0.00 Km to 23.316 L23.316 Km in the State of Sikkim (MoRTH) (618071),Infrastructure & Highways,Ministry of Labour and Employment,618071,Multi-State,3441.6,3441.6,1073.55,31.2,2021-03-01,2027-12-31,2029-12-31,2026-01-01,24,0.0,0
PAIM-618446,Rongli to Chochenpheri of NH 717B Pkg-II C (NHIDCL) (618446),Infrastructure & Highways,Ministry of Labour and Employment,618446,Multi-State,4415.08,4415.08,1615.88,36.6,2022-03-01,2027-12-31,2028-12-31,2026-01-01,12,0.0,0
PAIM-618447,Sikkim. (NHIDCL) (618447),Infrastructure & Highways,Ministry of Labour and Employment,618447,Multi-State,2380.0,2380.0,1793.98,75.4,2022-03-01,2027-12-31,2028-12-31,2026-01-01,24,0.0,0
PAIM-618448,the State of Sikkim. (NHIDCL) (618448),Infrastructure & Highways,Ministry of Labour and Employment,618448,Multi-State,3400.12,3400.12,1409.4,41.5,2023-03-01,2028-12-31,2029-12-31,2026-01-01,24,0.0,0
PAIM-618449,spur NH-717B on EPC Mode under SARDP-NE Phase-A in Sikkim Pkg-II B (NHIDCL) (618449),Infrastructure & Highways,Ministry of Labour and Employment,618449,Multi-State,625.78,625.78,280.09,44.8,2023-03-01,2026-12-31,2027-12-31,2026-01-01,0,0.0,0
PAIM-618450,km58.840 under SARDP-NE Phase A  Pkg- IV (NHIDCL) (618450),Infrastructure & Highways,Ministry of Labour and Employment,618450,Multi-State,4225.38,4225.38,2709.34,64.1,2023-03-01,2028-12-31,2029-12-31,2026-01-01,18,0.0,0
PAIM-618411,and overlay from Km 20.30 to Km 22.00 1.7 Km Total Length  13.2 Km (NHIDCL) (618411),Infrastructure & Highways,Ministry of Labour and Employment,618411,Multi-State,2869.83,2869.83,2194.19,76.5,2023-03-01,2027-12-31,2029-12-31,2026-01-01,36,0.0,0
PAIM-618385,with paved shoulder on EPC basis under NHO Package-III- Balance Work (NHIDCL) (618385),Infrastructure & Highways,Ministry of Labour and Employment,618385,Multi-State,2206.92,2206.92,837.31,37.9,2022-03-01,2026-12-31,2027-12-31,2026-01-01,24,0.0,0
PAIM-618386,shoulder on EPC bais under NHO (NHIDCL) (618386),Infrastructure & Highways,Ministry of Labour and Employment,618386,Multi-State,3471.58,3471.58,2715.66,78.2,2023-03-01,2028-12-31,2027-12-31,2026-01-01,0,0.0,0
PAIM-618367,JICA ODA Loan Phase VI Package-4 (NHIDCL) (618367),Infrastructure & Highways,Ministry of Labour and Employment,618367,Multi-State,2439.47,2439.47,1148.97,47.1,2022-03-01,2027-12-31,2027-12-31,2026-01-01,12,0.0,0
PAIM-618368,under JICA ODA Loan Phase VI Package-3 (NHIDCL) (618368),Infrastructure & Highways,Ministry of Labour and Employment,618368,Multi-State,986.92,986.92,611.08,61.9,2021-03-01,2027-12-31,2028-12-31,2026-01-01,36,0.0,0
PAIM-618369,the state of Tripura on EPC mode under JICA ODA Loan Phase VI Package-2 (NHIDCL) (618369),Infrastructure & Highways,Ministry of Labour and Employment,618369,Multi-State,2055.48,2055.48,508.49,24.7,2023-03-01,2027-12-31,2027-12-31,2026-01-01,18,0.0,0
PAIM-618370,JICA ODA Loan Phase VI Package-1 (NHIDCL) (618370),Infrastructure & Highways,Ministry of Labour and Employment,618370,Multi-State,4294.33,4294.33,1781.0,41.5,2024-03-01,2028-12-31,2028-12-31,2026-01-01,12,0.0,0
PAIM-618350,state of Tripura on EPC basis under NHO-NE (NHIDCL) (618350),Infrastructure & Highways,Ministry of Labour and Employment,618350,Multi-State,1104.99,1104.99,762.63,69.0,2021-03-01,2028-12-31,2028-12-31,2026-01-01,6,0.0,0
PAIM-618307,Pariyojana Manu-Simlung -2 (NHIDCL) (618307),Infrastructure & Highways,Ministry of Labour and Employment,618307,Multi-State,2085.23,2085.23,1389.43,66.6,2024-03-01,2027-12-31,2028-12-31,2026-01-01,36,0.0,0
PAIM-618417,state of Tripura on EPC basis under NHO-NE (NHIDCL) (618417),Infrastructure & Highways,Ministry of Labour and Employment,618417,Multi-State,3221.74,3221.74,1230.3,38.2,2021-03-01,2026-12-31,2027-12-31,2026-01-01,36,0.0,0
PAIM-701598,Highways of Meghalaya (Department of Telecommunications) (701598),Infrastructure & Highways,Ministry of Labour and Employment,701598,Assam,289.25,289.25,70.18,24.3,2024-03-01,2028-12-31,2027-12-31,2026-01-01,24,0.0,0
PAIM-701597,2 Districts of Assam (Department of Telecommunications) (701597),Infrastructure & Highways,Ministry of Labour and Employment,701597,Assam,2736.88,2736.88,2011.12,73.5,2021-03-01,2026-12-31,2029-12-31,2026-01-01,12,0.0,0
PAIM-701370,"Borolia Irrigation Project (Department of Water Resources, River Development & GR) (701370)",Infrastructure & Highways,Ministry of Labour and Employment,701370,Assam,4465.24,4465.24,778.72,17.4,2022-03-01,2028-12-31,2027-12-31,2026-01-01,0,0.0,0
PAIM-701400,Thoubal Multipurpose Project (Water Resources Department-MN) (701400),Infrastructure & Highways,Ministry of Labour and Employment,701400,Assam,1732.75,1732.75,177.0,10.2,2023-03-01,2028-12-31,2027-12-31,2026-01-01,24,0.0,0
PAIM-612786,"including maintenance, operations and AICMC at Kadapa Airport (Airport Authority of India [AAI]) (612786)",Infrastructure & Highways,Ministry of Civil Aviation,612786,Andhra Pradesh,2066.07,2066.07,952.36,46.1,2022-03-01,2026-12-31,2029-12-31,2026-01-01,36,0.0,0
PAIM-701107,Airport. (Airport Authority of India [AAI]) (701107),Infrastructure & Highways,Ministry of Civil Aviation,701107,Andhra Pradesh,4075.54,4075.54,1675.88,41.1,2022-03-01,2028-12-31,2027-12-31,2026-01-01,18,0.0,0
PAIM-701121,Construction of New  Domestic Terminal Building  at Rajahmundry Airport. (Airport Authority of India [AAI]) (701121),Infrastructure & Highways,Ministry of Civil Aviation,701121,Andhra Pradesh,4084.49,4084.49,3052.74,74.7,2024-03-01,2027-12-31,2028-12-31,2026-01-01,18,0.0,0
PAIM-612183,Development of New Civil Enclave at Bihta (Airport Authority of India [AAI]) (612183),Infrastructure & Highways,Ministry of Civil Aviation,612183,Bihar,1347.9,1347.9,660.54,49.0,2021-03-01,2027-12-31,2029-12-31,2026-01-01,36,0.0,0
PAIM-612194,Development of New Civil Enclave and associated works at Darbhanga Airport (Airport Authority of India [AAI]) (612194),Infrastructure & Highways,Ministry of Civil Aviation,612194,Bihar,4060.39,4060.39,640.2,15.8,2023-03-01,2028-12-31,2028-12-31,2026-01-01,36,0.0,0
PAIM-701101,"structures at JPNI Airport, Patna (Airport Authority of India [AAI]) (701101)",Infrastructure & Highways,Ministry of Civil Aviation,701101,Bihar,4178.27,4178.27,619.1,14.8,2022-03-01,2028-12-31,2029-12-31,2026-01-01,0,0.0,0
PAIM-701105,Goa Airport Terminal Building Extension Project (Airport Authority of India [AAI]) (701105),Infrastructure & Highways,Ministry of Civil Aviation,701105,Gujarat,1530.0,1530.0,260.53,17.0,2024-03-01,2026-12-31,2028-12-31,2026-01-01,0,0.0,0
PAIM-701126,"Development of Dholera International Greenfield Airport , Gujarat (Airport Authority of India [AAI]) (701126)",Infrastructure & Highways,Ministry of Civil Aviation,701126,Gujarat,601.41,601.41,221.24,36.8,2021-03-01,2027-12-31,2027-12-31,2026-01-01,12,0.0,0
PAIM-611047,works and electrical & mechanical installations towards Tawi River side at CA Jammu. (Airport Authority of India [AAI]) ,Infrastructure & Highways,Ministry of Civil Aviation,611047,Multi-State,3600.39,3600.39,1864.01,51.8,2022-03-01,2027-12-31,2027-12-31,2026-01-01,36,0.0,0
PAIM-612787,Airport (Airport Authority of India [AAI]) (612787),Infrastructure & Highways,Ministry of Civil Aviation,612787,Karnataka,3847.36,3847.36,1497.52,38.9,2022-03-01,2027-12-31,2028-12-31,2026-01-01,36,0.0,0
PAIM-612788,Belagavi Airport. (Airport Authority of India [AAI]) (612788),Infrastructure & Highways,Ministry of Civil Aviation,612788,Karnataka,2114.85,2114.85,591.85,28.0,2021-03-01,2026-12-31,2028-12-31,2026-01-01,24,0.0,0
PAIM-612789,works for additional RESA on either end on Runway 10-28 (Airport Authority of India [AAI]) (612789),Infrastructure & Highways,Ministry of Civil Aviation,612789,Multi-State,750.16,750.16,146.4,19.5,2022-03-01,2026-12-31,2028-12-31,2026-01-01,24,0.0,0
PAIM-400010,"Construction of Terminal Building & Associated works at Leh Airport, Ladakh (Airport Authority of India [AAI]) (400010)",Infrastructure & Highways,Ministry of Civil Aviation,400010,Multi-State,926.29,926.29,322.92,34.9,2021-03-01,2028-12-31,2029-12-31,2026-01-01,0,0.0,0
PAIM-611570,"Navi Mumbai, Jewar [earlier MOPA, without ASMGCS], HIAL & BIAL (Airport Authority of India [AAI]) (611570)",Infrastructure & Highways,Ministry of Civil Aviation,611570,Maharashtra,3691.68,3691.68,916.71,24.8,2022-03-01,2027-12-31,2027-12-31,2026-01-01,18,0.0,0
PAIM-618977,"Development of New Greenfield Airport at Bundi, Kota Rajasthan. (Airport Authority of India [AAI]) (618977)",Infrastructure & Highways,Ministry of Civil Aviation,618977,Rajasthan,3473.38,3473.38,1763.21,50.8,2023-03-01,2026-12-31,2027-12-31,2026-01-01,6,0.0,0
PAIM-701127,Airport. (Airport Authority of India [AAI]) (701127),Infrastructure & Highways,Ministry of Civil Aviation,701127,Rajasthan,2575.65,2575.65,1014.52,39.4,2023-03-01,2026-12-31,2029-12-31,2026-01-01,36,0.0,0
PAIM-701128,Construction of New Integrated Passenger Terminal Building at Udaipur Airport (Airport Authority of India [AAI]) (701128,Infrastructure & Highways,Ministry of Civil Aviation,701128,Rajasthan,2102.21,2102.21,1396.01,66.4,2022-03-01,2026-12-31,2028-12-31,2026-01-01,0,0.0,0
PAIM-611602,"Modernization of Chennai Airport, Phase II, Part 2 (Airport Authority of India [AAI]) (611602)",Infrastructure & Highways,Ministry of Civil Aviation,611602,Tamil Nadu,2413.18,2413.18,1885.51,78.1,2022-03-01,2026-12-31,2029-12-31,2026-01-01,0,0.0,0
PAIM-701113,"Terminal Building, Apron Extension, Runway Extension, PTT and allied works. (Airport Authority of India [AAI]) (701113)",Infrastructure & Highways,Ministry of Civil Aviation,701113,Uttar Pradesh,1198.56,1198.56,246.65,20.6,2023-03-01,2026-12-31,2027-12-31,2026-01-01,6,0.0,0
PAIM-701122,Development of New Integrated Civil Enclave at Agra Airport (Airport Authority of India [AAI]) (701122),Infrastructure & Highways,Ministry of Civil Aviation,701122,Uttar Pradesh,683.05,683.05,384.3,56.3,2024-03-01,2028-12-31,2029-12-31,2026-01-01,36,0.0,0
PAIM-611495,Development of New Civil Enclave at Bagdogra Airport (Airport Authority of India [AAI]) (611495),Infrastructure & Highways,Ministry of Civil Aviation,611495,Uttar Pradesh,1184.88,1184.88,337.84,28.5,2024-03-01,2027-12-31,2027-12-31,2026-01-01,36,0.0,0
PAIM-612791,Strengthening of C Taxiway at NSCBI Airport Kolkata. (Airport Authority of India [AAI]) (612791),Infrastructure & Highways,Ministry of Coal,612791,West Bengal,4415.22,4415.22,2654.17,60.1,2023-03-01,2026-12-31,2028-12-31,2026-01-01,0,0.0,0
PAIM-400144,PORDA CHIMTAPANI OCP [10 MTY] (South Eastern Coalfields Limited [SECL]) (400144),Infrastructure & Highways,Ministry of Coal,400144,Assam,410.31,410.31,66.6,16.2,2021-03-01,2027-12-31,2029-12-31,2026-01-01,36,0.0,0
PAIM-400149,BAROUD OC EXPANSION [3.0-10.0M (South Eastern Coalfields Limited [SECL]) (400149),Infrastructure & Highways,Ministry of Coal,400149,Multi-State,4027.35,4027.35,2614.33,64.9,2024-03-01,2028-12-31,2027-12-31,2026-01-01,24,0.0,0
PAIM-400354,DIPKA EXPANSION OCP [40 MTY] (South Eastern Coalfields Limited [SECL]) (400354),Infrastructure & Highways,Ministry of Coal,400354,Multi-State,3753.37,3753.37,2975.45,79.3,2021-03-01,2028-12-31,2027-12-31,2026-01-01,6,0.0,0
PAIM-400424,GEVRA OC [70 MTY] (South Eastern Coalfields Limited [SECL]) (400424),Infrastructure & Highways,Ministry of Coal,400424,Multi-State,813.2,813.2,160.56,19.7,2024-03-01,2026-12-31,2029-12-31,2026-01-01,18,0.0,0
PAIM-613798,AMERA OC RCE [1.0 MTY] (South Eastern Coalfields Limited [SECL]) (613798),Infrastructure & Highways,Ministry of Coal,613798,Multi-State,1079.71,1079.71,354.7,32.9,2024-03-01,2027-12-31,2027-12-31,2026-01-01,18,0.0,0
PAIM-613799,AMGAON OC RCE [1.0 MTY] (South Eastern Coalfields Limited [SECL]) (613799),Infrastructure & Highways,Ministry of Coal,613799,Multi-State,1903.46,1903.46,894.48,47.0,2021-03-01,2026-12-31,2028-12-31,2026-01-01,0,0.0,0
PAIM-613800,JAGANNATHPUR OC RCE PROJECT (South Eastern Coalfields Limited [SECL]) (613800),Infrastructure & Highways,Ministry of Coal,613800,Multi-State,4205.39,4205.39,2030.98,48.3,2024-03-01,2027-12-31,2029-12-31,2026-01-01,12,0.0,0
PAIM-613801,MAHAMAYA OCP [1.50 MTY] (South Eastern Coalfields Limited [SECL]) (613801),Infrastructure & Highways,Ministry of Coal,613801,Multi-State,2063.43,2063.43,1204.68,58.4,2024-03-01,2028-12-31,2027-12-31,2026-01-01,18,0.0,0
PAIM-615191,KATKONA RO UG MINE (South Eastern Coalfields Limited [SECL]) (615191),Infrastructure & Highways,Ministry of Coal,615191,Multi-State,2157.39,2157.39,1559.37,72.3,2024-03-01,2027-12-31,2028-12-31,2026-01-01,12,0.0,0
PAIM-616234,PELMA OC MDO (South Eastern Coalfields Limited [SECL]) (616234),Infrastructure & Highways,Ministry of Coal,616234,Multi-State,2961.7,2961.7,728.8,24.6,2021-03-01,2028-12-31,2028-12-31,2026-01-01,6,0.0,0
PAIM-617287,KUSMUNDA OC EXPANSION PROJECT (SECL - CIL) (617287),Infrastructure & Highways,Ministry of Coal,617287,Multi-State,4227.48,4227.48,599.81,14.2,2022-03-01,2027-12-31,2029-12-31,2026-01-01,6,0.0,0
PAIM-617288,MANIKPUR OC EXPANSION PROJECT (South Eastern Coalfields Limited [SECL]) (617288),Infrastructure & Highways,Ministry of Coal,617288,Multi-State,4440.92,4440.92,1258.65,28.3,2024-03-01,2026-12-31,2027-12-31,2026-01-01,12,0.0,0
PAIM-400018,HURA C OCP (ECL - CIL) (400018),Infrastructure & Highways,Ministry of Coal,400018,Multi-State,3118.46,3118.46,1085.6,34.8,2022-03-01,2026-12-31,2027-12-31,2026-01-01,36,0.0,0
PAIM-400073,KONAR EXPANSION OCP (Ministry of Coal) (400073),Infrastructure & Highways,Ministry of Coal,400073,Multi-State,1377.78,1377.78,664.39,48.2,2023-03-01,2026-12-31,2029-12-31,2026-01-01,18,0.0,0
PAIM-400074,KARO EXPANSION OCP (Ministry of Coal) (400074),Infrastructure & Highways,Ministry of Coal,400074,Multi-State,3330.17,3330.17,2575.58,77.3,2021-03-01,2028-12-31,2028-12-31,2026-01-01,12,0.0,0
PAIM-400136,SANGHMITRA OC (Ministry of Coal) (400136),Infrastructure & Highways,Ministry of Coal,400136,Multi-State,4425.14,4425.14,1362.75,30.8,2021-03-01,2026-12-31,2027-12-31,2026-01-01,12,0.0,0
PAIM-400138,CHANDRAGUPT OCP (Ministry of Coal) (400138),Infrastructure & Highways,Ministry of Coal,400138,Multi-State,3103.56,3103.56,563.2,18.1,2022-03-01,2028-12-31,2029-12-31,2026-01-01,24,0.0,0
PAIM-400139,KOTRE BASANTPUR PACHMO OCP (Ministry of Coal) (400139),Infrastructure & Highways,Ministry of Coal,400139,Multi-State,921.6,921.6,314.77,34.2,2022-03-01,2027-12-31,2028-12-31,2026-01-01,18,0.0,0
PAIM-400142,Pachwara South Coal Block (NLC India Limited [NLCIL]) (400142),Infrastructure & Highways,Ministry of Coal,400142,Multi-State,3161.91,3161.91,686.02,21.7,2023-03-01,2028-12-31,2029-12-31,2026-01-01,36,0.0,0
PAIM-400150,RPR MAGADH EXP OCP (Ministry of Coal) (400150),Infrastructure & Highways,Ministry of Coal,400150,Multi-State,1486.35,1486.35,797.33,53.6,2024-03-01,2027-12-31,2027-12-31,2026-01-01,18,0.0,0
PAIM-400151,NORTH URIMARI EXPANSION OCP (Ministry of Coal) (400151),Infrastructure & Highways,Ministry of Coal,400151,Multi-State,3439.78,3439.78,617.58,18.0,2021-03-01,2028-12-31,2029-12-31,2026-01-01,6,0.0,0
PAIM-400153,EPR ROHINI - KARKETTA OCP (Ministry of Coal) (400153),Infrastructure & Highways,Ministry of Coal,400153,Multi-State,253.05,253.05,108.59,42.9,2023-03-01,2028-12-31,2028-12-31,2026-01-01,6,0.0,0
PAIM-400154,EPR PUNDI OCP (Ministry of Coal) (400154),Infrastructure & Highways,Ministry of Coal,400154,Multi-State,1684.85,1684.85,577.02,34.2,2023-03-01,2026-12-31,2027-12-31,2026-01-01,36,0.0,0
PAIM-400155,EPR ASHOK OC (Ministry of Coal) (400155),Infrastructure & Highways,Ministry of Coal,400155,Multi-State,2241.63,2241.63,1111.34,49.6,2023-03-01,2028-12-31,2028-12-31,2026-01-01,24,0.0,0
PAIM-400156,EPR AMRAPALI OCP (Ministry of Coal) (400156),Infrastructure & Highways,Ministry of Coal,400156,Multi-State,499.34,499.34,251.09,50.3,2023-03-01,2027-12-31,2029-12-31,2026-01-01,36,0.0,0
PAIM-400160,RAJRAPPA RCE OCP (Ministry of Coal) (400160),Infrastructure & Highways,Ministry of Coal,400160,Multi-State,3965.08,3965.08,972.24,24.5,2022-03-01,2026-12-31,2027-12-31,2026-01-01,12,0.0,0
PAIM-400172,CHITRA EAST OC (Eastern Coal Fields Limited [ECL]) (400172),Infrastructure & Highways,Ministry of Coal,400172,Multi-State,4185.79,4185.79,3025.68,72.3,2021-03-01,2028-12-31,2028-12-31,2026-01-01,6,0.0,0
PAIM-400352,JHARKHAND-LAIYO OCP (Ministry of Coal) (400352),Infrastructure & Highways,Ministry of Coal,400352,Multi-State,1171.73,1171.73,200.41,17.1,2024-03-01,2027-12-31,2027-12-31,2026-01-01,6,0.0,0
PAIM-400425,MOONIDIH XV SEAM UG (Ministry of Coal) (400425),Infrastructure & Highways,Ministry of Coal,400425,Multi-State,1368.96,1368.96,1134.95,82.9,2022-03-01,2028-12-31,2029-12-31,2026-01-01,18,0.0,0
PAIM-611017,2.5 MTPA PATHERDIH NLW WASHERY (Ministry of Coal) (611017),Infrastructure & Highways,Ministry of Coal,611017,Multi-State,4322.26,4322.26,1983.42,45.9,2021-03-01,2028-12-31,2027-12-31,2026-01-01,6,0.0,0
PAIM-611864,AMALAGAMATED NTST KUJAMA OCP 8.5MTY (Ministry of Coal) (611864),Infrastructure & Highways,Ministry of Coal,611864,Multi-State,1653.7,1653.7,185.39,11.2,2022-03-01,2027-12-31,2029-12-31,2026-01-01,18,0.0,0
PAIM-613808,MURAIDIH UG PROJECT (Ministry of Coal) (613808),Infrastructure & Highways,Ministry of Coal,613808,Multi-State,292.36,292.36,85.59,29.3,2024-03-01,2027-12-31,2029-12-31,2026-01-01,0,0.0,0
PAIM-615349,TAPIN SOUTH EXPN (Ministry of Coal) (615349),Infrastructure & Highways,Ministry of Coal,615349,Multi-State,807.84,807.84,621.09,76.9,2023-03-01,2026-12-31,2029-12-31,2026-01-01,6,0.0,0
PAIM-615822,SIRKA OC (Ministry of Coal) (615822),Infrastructure & Highways,Ministry of Coal,615822,Multi-State,1485.65,1485.65,832.42,56.0,2022-03-01,2026-12-31,2029-12-31,2026-01-01,36,0.0,0
PAIM-615843,TETARIAKHAR OC (Ministry of Coal) (615843),Infrastructure & Highways,Ministry of Coal,615843,Multi-State,818.19,818.19,265.49,32.4,2023-03-01,2028-12-31,2028-12-31,2026-01-01,36,0.0,0
PAIM-616225,CHUPERBHITA SIMLONG OCP MDO 6 (Eastern Coal Fields Limited [ECL]) (616225),Infrastructure & Highways,Ministry of Coal,616225,Multi-State,4179.09,4179.09,2923.92,70.0,2024-03-01,2026-12-31,2028-12-31,2026-01-01,24,0.0,0
PAIM-616236,JARANGDIH EXPN. OCP 1.5 MTY (CCL - CIL) (616236),Infrastructure & Highways,Ministry of Coal,616236,Multi-State,2775.57,2775.57,2286.16,82.4,2023-03-01,2027-12-31,2029-12-31,2026-01-01,18,0.0,0
PAIM-616253,BLOCK E OCP (Ministry of Coal) (616253),Infrastructure & Highways,Ministry of Coal,616253,Multi-State,361.85,361.85,73.35,20.3,2021-03-01,2026-12-31,2028-12-31,2026-01-01,12,0.0,0
PAIM-617416,affected families in Jharia Coalfield- Reg. (Bharat Coking Coal Limited (BCCL)) (617416),Infrastructure & Highways,Ministry of Coal,617416,Madhya Pradesh,1098.61,1098.61,558.29,50.8,2024-03-01,2027-12-31,2027-12-31,2026-01-01,12,0.0,0
PAIM-400148,AMADAND OCP[4.0MTY] (Ministry of Coal) (400148),Infrastructure & Highways,Ministry of Coal,400148,Madhya Pradesh,2169.44,2169.44,1443.94,66.6,2023-03-01,2028-12-31,2029-12-31,2026-01-01,36,0.0,0
PAIM-400152,RAMPUR BATURA OCP [4.0MTY] (South Eastern Coalfields Limited [SECL]) (400152),Infrastructure & Highways,Ministry of Coal,400152,Madhya Pradesh,476.58,476.58,317.39,66.6,2024-03-01,2027-12-31,2027-12-31,2026-01-01,24,0.0,0
PAIM-400162,BLOCK B EXPANSION [3.5 TO 8.0 (Northern Coalfields Limited [NCL]) (400162),Infrastructure & Highways,Ministry of Coal,400162,Madhya Pradesh,2784.37,2784.37,812.88,29.2,2022-03-01,2028-12-31,2027-12-31,2026-01-01,6,0.0,0
PAIM-400321,NIGAHI EXPANSION [15 TO 25 MTP (Northern Coalfields Limited [NCL]) (400321),Infrastructure & Highways,Ministry of Coal,400321,Madhya Pradesh,3693.59,3693.59,1985.0,53.7,2023-03-01,2026-12-31,2027-12-31,2026-01-01,12,0.0,0
PAIM-613802,KANCHAN OC EXP (South Eastern Coalfields Limited [SECL]) (613802),Infrastructure & Highways,Ministry of Coal,613802,Madhya Pradesh,881.35,881.35,132.54,15.0,2023-03-01,2028-12-31,2028-12-31,2026-01-01,36,0.0,0
PAIM-613803,JHIRIA WEST OCP [1.5 MTY] (South Eastern Coalfields Limited [SECL]) (613803),Infrastructure & Highways,Ministry of Coal,613803,Madhya Pradesh,3036.8,3036.8,1228.97,40.5,2021-03-01,2028-12-31,2028-12-31,2026-01-01,12,0.0,0
PAIM-613804,RPR TAWA-III UG 0.84 MTY (Western Coalfields Limited [WCL]) (613804),Infrastructure & Highways,Ministry of Coal,613804,Madhya Pradesh,420.05,420.05,209.04,49.8,2022-03-01,2028-12-31,2028-12-31,2026-01-01,0,0.0,0
PAIM-615185,AMALGAMATED DHANKASA & JAMUNIA (Western Coalfields Limited [WCL]) (615185),Infrastructure & Highways,Ministry of Coal,615185,Madhya Pradesh,4360.26,4360.26,1088.63,25.0,2024-03-01,2026-12-31,2027-12-31,2026-01-01,18,0.0,0
PAIM-615187,RPR OF VISHNUPURI UG TO OC (Western Coalfields Limited [WCL]) (615187),Infrastructure & Highways,Ministry of Coal,615187,Madhya Pradesh,3434.45,3434.45,960.41,28.0,2023-03-01,2028-12-31,2028-12-31,2026-01-01,18,0.0,0
PAIM-615194,URDHAN EXPANSION OC COST PLUS (Western Coalfields Limited [WCL]) (615194),Infrastructure & Highways,Ministry of Coal,615194,Madhya Pradesh,4221.33,4221.33,558.65,13.2,2024-03-01,2027-12-31,2027-12-31,2026-01-01,36,0.0,0
PAIM-615195,SHARDA UG MINE (Western Coalfields Limited [WCL]) (615195),Infrastructure & Highways,Ministry of Coal,615195,Madhya Pradesh,1305.64,1305.64,754.11,57.8,2024-03-01,2026-12-31,2028-12-31,2026-01-01,6,0.0,0
PAIM-615206,GANDHIGRAM UG MINE (Western Coalfields Limited [WCL]) (615206),Infrastructure & Highways,Ministry of Coal,615206,Madhya Pradesh,851.28,851.28,284.57,33.4,2022-03-01,2026-12-31,2029-12-31,2026-01-01,24,0.0,0
PAIM-400033,BHATADI EXPANSION OC (Western Coalfields Limited [WCL]) (400033),Infrastructure & Highways,Ministry of Coal,400033,Maharashtra,1323.58,1323.58,974.28,73.6,2022-03-01,2026-12-31,2029-12-31,2026-01-01,6,0.0,0
PAIM-400177,AMALGAMATED YEKONA I & YEKONA (Western Coalfields Limited [WCL]) (400177),Infrastructure & Highways,Ministry of Coal,400177,Maharashtra,425.28,425.28,64.28,15.1,2021-03-01,2027-12-31,2027-12-31,2026-01-01,36,0.0,0
PAIM-400178,DINESH[MAKARDHOKRA-III] OC (Western Coalfields Limited [WCL]) (400178),Infrastructure & Highways,Ministry of Coal,400178,Maharashtra,2149.92,2149.92,545.55,25.4,2021-03-01,2028-12-31,2029-12-31,2026-01-01,18,0.0,0
PAIM-400353,DHUPTALA OC [SASTI UG TO OC ] (Western Coalfields Limited [WCL]) (400353),Infrastructure & Highways,Ministry of Coal,400353,Maharashtra,2995.72,2995.72,587.68,19.6,2022-03-01,2028-12-31,2027-12-31,2026-01-01,6,0.0,0
PAIM-615184,SAONER UG MINE -1 EXPANSION 1. (Western Coalfields Limited [WCL]) (615184),Infrastructure & Highways,Ministry of Coal,615184,Maharashtra,2659.05,2659.05,863.58,32.5,2021-03-01,2026-12-31,2029-12-31,2026-01-01,36,0.0,0
PAIM-615186,SASTI  EXPANSION OPENCAST (Western Coalfields Limited [WCL]) (615186),Infrastructure & Highways,Ministry of Coal,615186,Maharashtra,2523.82,2523.82,1306.09,51.8,2023-03-01,2026-12-31,2029-12-31,2026-01-01,12,0.0,0
PAIM-615188,NEW MAJRI UG TO OC 3 MTY COST (Western Coalfields Limited [WCL]) (615188),Infrastructure & Highways,Ministry of Coal,615188,Maharashtra,4384.9,4384.9,3689.52,84.1,2023-03-01,2028-12-31,2029-12-31,2026-01-01,6,0.0,0
PAIM-615189,MAKARDHOKRA EXPN OC 4.9 MTY (Western Coalfields Limited [WCL]) (615189),Infrastructure & Highways,Ministry of Coal,615189,Maharashtra,1324.43,1324.43,656.6,49.6,2024-03-01,2027-12-31,2028-12-31,2026-01-01,18,0.0,0
PAIM-615190,SINGHORI DEEP OC MIN 2.0 MTY (Western Coalfields Limited [WCL]) (615190),Infrastructure & Highways,Ministry of Coal,615190,Maharashtra,2651.36,2651.36,656.22,24.8,2024-03-01,2026-12-31,2027-12-31,2026-01-01,24,0.0,0
PAIM-615192,GOKUL EXTENSION OC MINE (Western Coalfields Limited [WCL]) (615192),Infrastructure & Highways,Ministry of Coal,615192,Maharashtra,4466.1,4466.1,3531.42,79.1,2022-03-01,2027-12-31,2027-12-31,2026-01-01,36,0.0,0
PAIM-615199,KOLGAON EXPANSION DEEP OC MINE (Western Coalfields Limited [WCL]) (615199),Infrastructure & Highways,Ministry of Coal,615199,Maharashtra,737.28,737.28,268.83,36.5,2024-03-01,2026-12-31,2028-12-31,2026-01-01,24,0.0,0
PAIM-615330,BALLARPUR NORTH WEST OC MINE (Western Coalfields Limited [WCL]) (615330),Infrastructure & Highways,Ministry of Coal,615330,Maharashtra,1495.57,1495.57,269.03,18.0,2023-03-01,2026-12-31,2028-12-31,2026-01-01,12,0.0,0
PAIM-615331,GADEGAON OC 3 MTY (Western Coalfields Limited [WCL]) (615331),Infrastructure & Highways,Ministry of Coal,615331,Maharashtra,2441.92,2441.92,1173.91,48.1,2021-03-01,2026-12-31,2027-12-31,2026-01-01,36,0.0,0
PAIM-615914,GHONSA EXPANSION DEEP OC MINE (Western Coalfields Limited [WCL]) (615914),Infrastructure & Highways,Ministry of Coal,615914,Maharashtra,525.96,525.96,414.99,78.9,2021-03-01,2028-12-31,2027-12-31,2026-01-01,24,0.0,0
PAIM-615916,AMLG GAURI PAUNI EXPANSION OC (Western Coalfields Limited [WCL]) (615916),Infrastructure & Highways,Ministry of Coal,615916,Maharashtra,2736.5,2736.5,1005.86,36.8,2024-03-01,2028-12-31,2027-12-31,2026-01-01,6,0.0,0
PAIM-615917,GAURIDEEP/GAURI CENTRAL OCP 7. (Western Coalfields Limited [WCL]) (615917),Infrastructure & Highways,Ministry of Coal,615917,Maharashtra,3471.75,3471.75,1444.55,41.6,2023-03-01,2028-12-31,2028-12-31,2026-01-01,0,0.0,0
PAIM-615918,RPR OF BHANEGAON OC (Western Coalfields Limited [WCL]) (615918),Infrastructure & Highways,Ministry of Coal,615918,Maharashtra,217.93,217.93,155.94,71.6,2022-03-01,2028-12-31,2028-12-31,2026-01-01,24,0.0,0
PAIM-615919,N. EXTN. MUNGOLI NIRGUDA D OCP (Western Coalfields Limited [WCL]) (615919),Infrastructure & Highways,Ministry of Coal,615919,Maharashtra,1962.03,1962.03,567.75,28.9,2021-03-01,2027-12-31,2027-12-31,2026-01-01,24,0.0,0
PAIM-615982,NILJAI EXPANSION DEEP OCP (Western Coalfields Limited [WCL]) (615982),Infrastructure & Highways,Ministry of Coal,615982,Maharashtra,702.81,702.81,575.64,81.9,2023-03-01,2026-12-31,2027-12-31,2026-01-01,6,0.0,0
PAIM-616044,UKNI DEEP OC MINE -COST PLUS (Western Coalfields Limited [WCL]) (616044),Infrastructure & Highways,Ministry of Coal,616044,Maharashtra,961.49,961.49,136.78,14.2,2021-03-01,2028-12-31,2028-12-31,2026-01-01,12,0.0,0
PAIM-616050,AMALGAMATED INDER-KAMPTEE DEEP (Western Coalfields Limited [WCL]) (616050),Infrastructure & Highways,Ministry of Coal,616050,Maharashtra,1403.95,1403.95,659.96,47.0,2021-03-01,2027-12-31,2027-12-31,2026-01-01,6,0.0,0
PAIM-616223,ADASA UG TO OC MINE (Western Coalfields Limited [WCL]) (616223),Infrastructure & Highways,Ministry of Coal,616223,Maharashtra,3341.22,3341.22,2211.99,66.2,2024-03-01,2026-12-31,2029-12-31,2026-01-01,6,0.0,0
PAIM-616229,AMAL GONDEGAON GHATROHANA EXPN (Western Coalfields Limited [WCL]) (616229),Infrastructure & Highways,Ministry of Coal,616229,Maharashtra,1378.64,1378.64,160.8,11.7,2022-03-01,2028-12-31,2028-12-31,2026-01-01,18,0.0,0
PAIM-617233,WAGHODA UG MINE [1.02 MTY] (Western Coalfields Limited [WCL]) (617233),Infrastructure & Highways,Ministry of Coal,617233,Maharashtra,4339.52,4339.52,2904.76,66.9,2024-03-01,2028-12-31,2027-12-31,2026-01-01,0,0.0,0
PAIM-617278,KOLARPIMPRI EXPANSION OC [2.5 (Western Coalfields Limited [WCL]) (617278),Infrastructure & Highways,Ministry of Coal,617278,Maharashtra,562.65,562.65,458.5,81.5,2022-03-01,2028-12-31,2027-12-31,2026-01-01,6,0.0,0
PAIM-400313,Master Plan for Jharia and Raniganj Coalfields (Bharat Coking Coal Limited [BCCL]) (400313),Infrastructure & Highways,Ministry of Coal,400313,Maharashtra,1105.92,1105.92,300.31,27.2,2022-03-01,2027-12-31,2028-12-31,2026-01-01,0,0.0,0
PAIM-400369,BINA KAKRI AMALGAMATION EXPANS (Northern Coalfields Limited [NCL]) (400369),Infrastructure & Highways,Ministry of Coal,400369,Uttar Pradesh,1376.7,1376.7,148.23,10.8,2021-03-01,2028-12-31,2027-12-31,2026-01-01,18,0.0,0
PAIM-615183,KHADIA EXPANSION [10 TO 16 MTP (Northern Coalfields Limited [NCL]) (615183),Infrastructure & Highways,Ministry of Coal,615183,Odisha,1089.25,1089.25,173.65,15.9,2022-03-01,2026-12-31,2028-12-31,2026-01-01,6,0.0,0
PAIM-400165,SUBHADRA OCP (Mahanadi Coalfields Limited [MCL]) (400165),Infrastructure & Highways,Ministry of Coal,400165,Odisha,1538.7,1538.7,832.7,54.1,2024-03-01,2027-12-31,2027-12-31,2026-01-01,18,0.0,0
PAIM-400166,SIARMAL OCP (Mahanadi Coalfields Limited [MCL]) (400166),Infrastructure & Highways,Ministry of Coal,400166,Odisha,1337.2,1337.2,178.44,13.3,2024-03-01,2026-12-31,2028-12-31,2026-01-01,12,0.0,0
PAIM-400183,BALARAM EXPANSION OCP (Mahanadi Coalfields Limited [MCL]) (400183),Infrastructure & Highways,Ministry of Coal,400183,Odisha,3445.24,3445.24,412.99,12.0,2023-03-01,2028-12-31,2028-12-31,2026-01-01,6,0.0,0
PAIM-400185,GOPALJI KANIHA OCP [10 TO 30 M (MCL - CIL) (400185),Infrastructure & Highways,Ministry of Coal,400185,Odisha,1062.0,1062.0,680.72,64.1,2024-03-01,2028-12-31,2029-12-31,2026-01-01,36,0.0,0
PAIM-400187,INTEGRATED LAKHANPUR-BELPAHAR- (Mahanadi Coalfields Limited [MCL]) (400187),Infrastructure & Highways,Ministry of Coal,400187,Odisha,2396.25,2396.25,1149.43,48.0,2023-03-01,2028-12-31,2029-12-31,2026-01-01,6,0.0,0
PAIM-400392,BHARATPUR RE-ORGANIZATION OCP (Mahanadi Coalfields Limited [MCL]) (400392),Infrastructure & Highways,Ministry of Coal,400392,Odisha,1194.05,1194.05,819.36,68.6,2021-03-01,2027-12-31,2029-12-31,2026-01-01,36,0.0,0
PAIM-615193,BASUNDHARA WEST EXTENSION OPEN (MCL - CIL) (615193),Infrastructure & Highways,Ministry of Coal,615193,Odisha,647.72,647.72,72.14,11.1,2024-03-01,2027-12-31,2028-12-31,2026-01-01,18,0.0,0
PAIM-615857,Naini Coal Mine (Singareni Collieries Company Limited [SCCL]) (615857),Infrastructure & Highways,Ministry of Coal,615857,Odisha,1210.48,1210.48,220.76,18.2,2021-03-01,2027-12-31,2027-12-31,2026-01-01,18,0.0,0
PAIM-616226,INTEGRATED KULDA GARJANBAHAL O (Mahanadi Coalfields Limited [MCL]) (616226),Infrastructure & Highways,Ministry of Coal,616226,Odisha,315.16,315.16,93.39,29.6,2023-03-01,2026-12-31,2029-12-31,2026-01-01,6,0.0,0
PAIM-616231,BHUBANESWARI EXPN OCP 50 MTY (MCL - CIL) (616231),Infrastructure & Highways,Ministry of Coal,616231,Odisha,1062.62,1062.62,212.04,20.0,2024-03-01,2026-12-31,2029-12-31,2026-01-01,36,0.0,0
PAIM-616232,HINGULA II OC EXPN PH III 15 M (MCL - CIL) (616232),Infrastructure & Highways,Ministry of Coal,616232,Odisha,2796.77,2796.77,1841.88,65.9,2024-03-01,2026-12-31,2029-12-31,2026-01-01,18,0.0,0
PAIM-616233,BALABHADRA OCP (MCL - CIL) (616233),Infrastructure & Highways,Ministry of Coal,616233,Odisha,4109.34,4109.34,3340.42,81.3,2024-03-01,2028-12-31,2028-12-31,2026-01-01,6,0.0,0
PAIM-618982,Talabira II & III OCP - FMC (NLC India Limited [NLCIL]) (618982),Infrastructure & Highways,Ministry of Coal,618982,Odisha,4333.49,4333.49,1974.11,45.6,2024-03-01,2028-12-31,2029-12-31,2026-01-01,6,0.0,0
PAIM-615818,Jawahar Khani Open Cast Mine (Singareni Collieries Company Limited [SCCL]) (615818),Infrastructure & Highways,Ministry of Coal,615818,Odisha,1498.77,1498.77,449.97,30.0,2021-03-01,2028-12-31,2028-12-31,2026-01-01,6,0.0,0
PAIM-615858,Kalyanikhani Opencast Project (Singareni Collieries Company Limited [SCCL]) (615858),Infrastructure & Highways,Ministry of Coal,615858,Telangana,2464.33,2464.33,1811.06,73.5,2023-03-01,2026-12-31,2028-12-31,2026-01-01,12,0.0,0
PAIM-615860,Godavarikhani Coal Mine - 5 (Singareni Collieries Company Limited [SCCL]) (615860),Infrastructure & Highways,Ministry of Coal,615860,Telangana,221.02,221.02,126.51,57.2,2023-03-01,2028-12-31,2028-12-31,2026-01-01,12,0.0,0
PAIM-615861,Indaram Opencast Project (Singareni Collieries Company Limited [SCCL]) (615861),Infrastructure & Highways,Ministry of Coal,615861,Telangana,2035.19,2035.19,653.94,32.1,2021-03-01,2028-12-31,2029-12-31,2026-01-01,12,0.0,0
PAIM-615862,Goleti Opencast Mine (Singareni Collieries Company Limited [SCCL]) (615862),Infrastructure & Highways,Ministry of Coal,615862,Telangana,3936.51,3936.51,2447.2,62.2,2023-03-01,2028-12-31,2027-12-31,2026-01-01,6,0.0,0
PAIM-615863,Venkatesh Khani Coal Mine (Singareni Collieries Company Limited [SCCL]) (615863),Infrastructure & Highways,Ministry of Coal,615863,Telangana,3731.85,3731.85,2280.97,61.1,2024-03-01,2027-12-31,2027-12-31,2026-01-01,24,0.0,0
PAIM-615865,Kakatiyakhani OC - 2 Project (Singareni Collieries Company Limited [SCCL]) (615865),Infrastructure & Highways,Ministry of Coal,615865,West Bengal,762.58,762.58,159.27,20.9,2021-03-01,2027-12-31,2028-12-31,2026-01-01,12,0.0,0
PAIM-400173,MOHANPUR EXPANSION OC -PHASE I (Eastern Coal Fields Limited [ECL]) (400173),Infrastructure & Highways,Ministry of Coal,400173,West Bengal,1379.98,1379.98,662.07,48.0,2022-03-01,2028-12-31,2029-12-31,2026-01-01,12,0.0,0
PAIM-400180,BONJEMEHARI EXPANSION OCP (Eastern Coal Fields Limited [ECL]) (400180),Infrastructure & Highways,Ministry of Coal,400180,West Bengal,947.44,947.44,697.54,73.6,2021-03-01,2027-12-31,2028-12-31,2026-01-01,6,0.0,0
PAIM-400181,NAKRAKONDA KUMARDIH- B OCP (Eastern Coal Fields Limited [ECL]) (400181),Infrastructure & Highways,Ministry of Coal,400181,West Bengal,631.26,631.26,518.92,82.2,2024-03-01,2028-12-31,2028-12-31,2026-01-01,12,0.0,0
PAIM-400182,SIDULI [OC & UG] (ECL - CIL) (400182),Infrastructure & Highways,Ministry of Coal,400182,West Bengal,4480.57,4480.57,3425.94,76.5,2023-03-01,2026-12-31,2027-12-31,2026-01-01,6,0.0,0
PAIM-400186,TILABONI UG (Eastern Coal Fields Limited [ECL]) (400186),Infrastructure & Highways,Ministry of Coal,400186,West Bengal,764.41,764.41,496.63,65.0,2021-03-01,2027-12-31,2029-12-31,2026-01-01,12,0.0,0
PAIM-400312,JHANJRA EXPANSION UG (Eastern Coal Fields Limited [ECL]) (400312),Infrastructure & Highways,Ministry of Coal,400312,West Bengal,462.84,462.84,237.02,51.2,2022-03-01,2026-12-31,2028-12-31,2026-01-01,24,0.0,0
PAIM-400315,SONEPUR BAZARI EXPANSION OCP [ (Eastern Coal Fields Limited [ECL]) (400315),Infrastructure & Highways,Ministry of Coal,400315,West Bengal,4074.7,4074.7,2595.03,63.7,2022-03-01,2028-12-31,2028-12-31,2026-01-01,0,0.0,0
PAIM-611016,2.0 MTPA BHOJUDIH NLW WASHERY (Ministry of Coal) (611016),Infrastructure & Highways,Ministry of Coal,611016,West Bengal,378.92,378.92,135.9,35.9,2024-03-01,2026-12-31,2029-12-31,2026-01-01,36,0.0,0
PAIM-612816,ITAPARA OCP (Eastern Coal Fields Limited [ECL]) (612816),Infrastructure & Highways,Ministry of Coal,612816,West Bengal,934.31,934.31,434.53,46.5,2022-03-01,2026-12-31,2029-12-31,2026-01-01,0,0.0,0
PAIM-613793,SHYAMSUNDARPUR UG INCLUDING SA (Eastern Coal Fields Limited [ECL]) (613793),Infrastructure & Highways,Ministry of Coal,613793,West Bengal,2577.34,2577.34,1368.43,53.1,2022-03-01,2026-12-31,2027-12-31,2026-01-01,12,0.0,0
PAIM-613794,PARASEA-BELBAID UG PROJECT (Eastern Coal Fields Limited [ECL]) (613794),Infrastructure & Highways,Ministry of Coal,613794,West Bengal,1421.86,1421.86,384.76,27.1,2023-03-01,2026-12-31,2029-12-31,2026-01-01,6,0.0,0
PAIM-616230,PARASCOLE JAMBAD OCP (Eastern Coal Fields Limited [ECL]) (616230),Infrastructure & Highways,Ministry of Coal,616230,West Bengal,469.47,469.47,285.52,60.8,2023-03-01,2027-12-31,2027-12-31,2026-01-01,0,0.0,0
PAIM-617299,50 MW Wind Power Project (NLC India Limited [NLCIL]) (617299),Infrastructure & Highways,Ministry of Coal,617299,Gujarat,3854.24,3854.24,2681.78,69.6,2024-03-01,2026-12-31,2029-12-31,2026-01-01,6,0.0,0
PAIM-617730,600 MW Khavda Solar Power Project (NLC India Limited [NLCIL]) (617730),Infrastructure & Highways,Ministry of Coal,617730,Gujarat,460.44,460.44,98.15,21.3,2022-03-01,2028-12-31,2029-12-31,2026-01-01,12,0.0,0
PAIM-618991,200 MW SPP part of 510 MW CPSU scheme (NLC India Limited [NLCIL]) (618991),Infrastructure & Highways,Ministry of Coal,618991,Gujarat,3828.89,3828.89,2945.7,76.9,2022-03-01,2026-12-31,2029-12-31,2026-01-01,6,0.0,0
PAIM-618992,100 MW SPP part of SECI 150 MW Hybrid (NLC India Limited [NLCIL]) (618992),Infrastructure & Highways,Ministry of Coal,618992,Gujarat,1181.87,1181.87,561.59,47.5,2023-03-01,2027-12-31,2029-12-31,2026-01-01,18,0.0,0
PAIM-400231,NLC Talabira Thermal Power Project (NLC India Limited [NLCIL]) (400231),Infrastructure & Highways,Ministry of Coal,400231,Odisha,1268.35,1268.35,209.83,16.5,2022-03-01,2027-12-31,2029-12-31,2026-01-01,12,0.0,0
PAIM-612819,300 MW SPP part of 510 MW CPSU scheme (NLC India Limited [NLCIL]) (612819),Infrastructure & Highways,Ministry of Coal,612819,Odisha,208.12,208.12,53.92,25.9,2024-03-01,2026-12-31,2027-12-31,2026-01-01,24,0.0,0
PAIM-615327,50 MW Solar PP Minedout Area (NLC India Limited [NLCIL]) (615327),Infrastructure & Highways,Ministry of Coal,615327,Tamil Nadu,2033.22,2033.22,755.24,37.1,2022-03-01,2027-12-31,2028-12-31,2026-01-01,6,0.0,0
PAIM-400259,Ghatampur Thermal Power Plant 3 X 660 MW (NLC India Limited [NLCIL]) (400259),Infrastructure & Highways,Ministry of Coal,400259,Tamil Nadu,3121.78,3121.78,1459.29,46.7,2022-03-01,2027-12-31,2029-12-31,2026-01-01,36,0.0,0
PAIM-400203,Dharamjaigarh-Korba (Railway) (400203),Infrastructure & Highways,Ministry of Coal,400203,Uttar Pradesh,1396.58,1396.58,878.87,62.9,2021-03-01,2028-12-31,2028-12-31,2026-01-01,6,0.0,0
PAIM-400416,line] (Ministry of Coal) (400416),Infrastructure & Highways,Ministry of Coal,400416,Multi-State,4035.39,4035.39,1844.09,45.7,2021-03-01,2028-12-31,2028-12-31,2026-01-01,0,0.0,0
PAIM-400192,Tubed Coal Mine (Damodar Valley Corporation) (400192),Infrastructure & Highways,Ministry of Coal,400192,Multi-State,3429.32,3429.32,1660.79,48.4,2021-03-01,2028-12-31,2029-12-31,2026-01-01,18,0.0,0
PAIM-603293,Badam Coal Mining project of NTPC (National Thermal Power Corporation [NTPC]) (603293),Infrastructure & Highways,Ministry of Coal,603293,Multi-State,1655.11,1655.11,716.29,43.3,2021-03-01,2028-12-31,2027-12-31,2026-01-01,0,0.0,0
PAIM-602579,Buxar Thermal Power Project [1320 MW] (Satluj Jal Vidyut Nigam [SJVN] Thermal Limited) (602579),Infrastructure & Highways,Ministry of Coal,602579,Bihar,1140.55,1140.55,468.02,41.0,2023-03-01,2027-12-31,2029-12-31,2026-01-01,18,0.0,0
PAIM-611930,Lara Super Thermal Power Project Stage-II [2 x 800 MW] (National Thermal Power Corporation [NTPC]) (611930),Infrastructure & Highways,Ministry of Coal,611930,Bihar,1770.87,1770.87,978.47,55.3,2023-03-01,2026-12-31,2028-12-31,2026-01-01,12,0.0,0
PAIM-617188,"Sipat Super Thermal Power Project, Stage-III [1x800 MW] (National Thermal Power Corporation [NTPC]) (617188)",Infrastructure & Highways,Ministry of Coal,617188,Gujarat,1698.94,1698.94,1440.72,84.8,2021-03-01,2026-12-31,2029-12-31,2026-01-01,6,0.0,0
PAIM-709747,Bagodara Solar Power Project (Satluj Jal Vidyut Nigam [SJVN] Thermal Limited) (709747),Infrastructure & Highways,Ministry of Coal,709747,Gujarat,2332.46,2332.46,1547.4,66.3,2023-03-01,2028-12-31,2029-12-31,2026-01-01,36,0.0,0
PAIM-602582,Dhaulasidh Hydro Electric Project [66 MW] (Satluj Jal Vidyut Nigam [SJVN] Thermal Limited) (602582),Infrastructure & Highways,Ministry of Coal,602582,Gujarat,1916.79,1916.79,952.19,49.7,2021-03-01,2026-12-31,2028-12-31,2026-01-01,6,0.0,0
PAIM-602593,Luhri Stage-I Hydro Electric Project [210 MW] (Satluj Jal Vidyut Nigam [SJVN] Thermal Limited) (602593),Infrastructure & Highways,Ministry of Coal,602593,Multi-State,2594.86,2594.86,870.02,33.5,2021-03-01,2028-12-31,2028-12-31,2026-01-01,6,0.0,0
PAIM-602633,382 MW Sunni Dam HEP (Satluj Jal Vidyut Nigam [SJVN] Thermal Limited) (602633),Infrastructure & Highways,Ministry of Coal,602633,Multi-State,955.07,955.07,96.9,10.1,2021-03-01,2028-12-31,2027-12-31,2026-01-01,36,0.0,0
PAIM-611586,Sunni Dam Hydro Electric Project [382 MW] (Satluj Jal Vidyut Nigam [SJVN] Thermal Limited) (611586),Infrastructure & Highways,Ministry of Coal,611586,Multi-State,1963.02,1963.02,1181.08,60.2,2023-03-01,2028-12-31,2029-12-31,2026-01-01,24,0.0,0
PAIM-602525,"Pakal Dul [Drangdhuran] Hydroelectric Project, 1000 MW (National Hydroelectric Power Corporation Limited [NHPC]) (602525",Infrastructure & Highways,Ministry of Coal,602525,Multi-State,4027.1,4027.1,1870.21,46.4,2022-03-01,2026-12-31,2028-12-31,2026-01-01,6,0.0,0
PAIM-602532,Kiru HE Project (National Hydroelectric Power Corporation Limited [NHPC]) (602532),Infrastructure & Highways,Ministry of Coal,602532,Multi-State,2705.88,2705.88,614.85,22.7,2021-03-01,2026-12-31,2027-12-31,2026-01-01,0,0.0,0
PAIM-602535,"Ratle HE Project - 850 MW, Ratle Hydroelectric Power Corporation Limited. (National Hydroelectric Power Corporation Limi",Infrastructure & Highways,Ministry of Coal,602535,Multi-State,2276.23,2276.23,1219.13,53.6,2023-03-01,2027-12-31,2028-12-31,2026-01-01,12,0.0,0
PAIM-605155,Kwar HE Project (National Hydroelectric Power Corporation Limited [NHPC]) (605155),Infrastructure & Highways,Ministry of Coal,605155,Multi-State,2233.05,2233.05,1260.54,56.4,2021-03-01,2026-12-31,2027-12-31,2026-01-01,0,0.0,0
PAIM-400261,Patratu Thermal Power Station Expansion Project Phase-I [3x800 MW] (National Thermal Power Corporation [NTPC]) (400261),Infrastructure & Highways,Ministry of Coal,400261,Multi-State,3248.34,3248.34,2567.97,79.1,2021-03-01,2028-12-31,2028-12-31,2026-01-01,36,0.0,0
PAIM-611509,"Koderma Thermal Power Station Phase II [2X800 MW] At Koderma, Jharkhand (Damodar Valley Corporation) (611509)",Infrastructure & Highways,Ministry of Coal,611509,Multi-State,1222.3,1222.3,134.86,11.0,2023-03-01,2027-12-31,2027-12-31,2026-01-01,36,0.0,0
PAIM-618976,"Gadarwara Super Thermal Power Project, Stage-II [2x800 MW] (National Thermal Power Corporation [NTPC]) (618976)",Infrastructure & Highways,Ministry of Coal,618976,Madhya Pradesh,945.03,945.03,549.16,58.1,2024-03-01,2027-12-31,2028-12-31,2026-01-01,0,0.0,0
PAIM-602961,Talcher Thermal Power Station Stage III [2 x 660 MW] Expansion (National Thermal Power Corporation [NTPC]) (602961),Infrastructure & Highways,Ministry of Coal,602961,Odisha,3454.99,3454.99,1675.36,48.5,2021-03-01,2027-12-31,2027-12-31,2026-01-01,12,0.0,0
PAIM-612142,"Singrauli Super Thermal Power Project, Stage-III [2x800 MW] (National Thermal Power Corporation [NTPC]) (612142)",Infrastructure & Highways,Ministry of Coal,612142,Uttar Pradesh,2137.66,2137.66,1123.73,52.6,2024-03-01,2028-12-31,2028-12-31,2026-01-01,0,0.0,0
PAIM-602185,Tapovan-Vishnugad HEP [4x130 MW] (National Thermal Power Corporation [NTPC]) (602185),Infrastructure & Highways,Ministry of Coal,602185,Uttar Pradesh,1444.1,1444.1,733.98,50.8,2024-03-01,2027-12-31,2027-12-31,2026-01-01,18,0.0,0
PAIM-602193,Tehri Pumped Storage Plant Project [4x250 MW] (THDC India Limited) (602193),Infrastructure & Highways,Ministry of Coal,602193,Multi-State,1721.87,1721.87,565.28,32.8,2021-03-01,2027-12-31,2028-12-31,2026-01-01,0,0.0,0
PAIM-602195,Vishnugad Pipalkoti Hydro Electric Project [444 MW] (THDC India Limited) (602195),Infrastructure & Highways,Ministry of Coal,602195,West Bengal,3225.25,3225.25,2526.89,78.3,2022-03-01,2027-12-31,2027-12-31,2026-01-01,24,0.0,0
PAIM-400062,West Bengal (Damodar Valley Corporation) (400062),Infrastructure & Highways,Ministry of Coal,400062,West Bengal,1924.43,1924.43,573.43,29.8,2022-03-01,2028-12-31,2029-12-31,2026-01-01,24,0.0,0
PAIM-602184,Rammam-III HEPP [3x40 MW] (National Thermal Power Corporation [NTPC]) (602184),Infrastructure & Highways,Ministry of Coal,602184,West Bengal,3660.1,3660.1,1273.93,34.8,2024-03-01,2028-12-31,2028-12-31,2026-01-01,36,0.0,0
PAIM-602538,Installation of FGD for 4x210 & 2x250 MW MTPS U 1-6 (Damodar Valley Corporation) (602538),Infrastructure & Highways,Ministry of Coal,602538,West Bengal,3109.51,3109.51,1105.98,35.6,2024-03-01,2028-12-31,2027-12-31,2026-01-01,24,0.0,0
PAIM-611967,1000MW (Power Grid Corporation of India Limited [POWERGRID]) (611967),Infrastructure & Highways,Ministry of Coal,611967,Andhra Pradesh,1446.82,1446.82,1061.38,73.4,2021-03-01,2026-12-31,2027-12-31,2026-01-01,36,0.0,0
PAIM-612856,New Substation (Power Grid Corporation of India Limited [POWERGRID]) (612856),Infrastructure & Highways,Ministry of Coal,612856,Andhra Pradesh,3588.42,3588.42,1926.8,53.7,2021-03-01,2027-12-31,2028-12-31,2026-01-01,6,0.0,0
PAIM-617183,generation projects [POWERGRID Kurnool III PS RE Transmission Limited] (Power Grid Corporation of India Limited [POWERGR,Infrastructure & Highways,Ministry of Coal,617183,Andhra Pradesh,2119.52,2119.52,953.63,45.0,2021-03-01,2026-12-31,2028-12-31,2026-01-01,12,0.0,0
PAIM-612139,park under Phase-III Part B [Vataman Transmission Limited] (Power Grid Corporation of India Limited [POWERGRID]) (612139,Infrastructure & Highways,Ministry of Coal,612139,Gujarat,2655.54,2655.54,1945.97,73.3,2024-03-01,2026-12-31,2027-12-31,2026-01-01,18,0.0,0
PAIM-612151,in Khavda Area of Gujarat under Phase IV [7 GW] Part E3 (Power Grid Corporation of India Limited [POWERGRID]) (612151),Infrastructure & Highways,Ministry of Coal,612151,Gujarat,2187.29,2187.29,396.47,18.1,2024-03-01,2028-12-31,2027-12-31,2026-01-01,0,0.0,0
PAIM-612855,in Khavda Area of Gujarat under Ph-IV [7GW] Part E2 (Power Grid Corporation of India Limited [POWERGRID]) (612855),Infrastructure & Highways,Ministry of Coal,612855,Gujarat,2608.78,2608.78,826.52,31.7,2024-03-01,2028-12-31,2029-12-31,2026-01-01,18,0.0,0
PAIM-615342,POWERGRID Jam Khambhaliya Transmission Limited] (Power Grid Corporation of India Limited [POWERGRID]) (615342),Infrastructure & Highways,Ministry of Coal,615342,Gujarat,3944.15,3944.15,2874.29,72.9,2022-03-01,2026-12-31,2028-12-31,2026-01-01,0,0.0,0
PAIM-615343,Khavda Pooling station 3 [KPS3] (Power Grid Corporation of India Limited [POWERGRID]) (615343),Infrastructure & Highways,Ministry of Coal,615343,Gujarat,3271.8,3271.8,2416.22,73.8,2021-03-01,2026-12-31,2029-12-31,2026-01-01,12,0.0,0
PAIM-615345,South Olpad Transmission Limited] (Power Grid Corporation of India Limited [POWERGRID]) (615345),Infrastructure & Highways,Ministry of Coal,615345,Gujarat,2508.64,2508.64,592.4,23.6,2022-03-01,2028-12-31,2028-12-31,2026-01-01,36,0.0,0
PAIM-617069,Transmission Limited] (Power Grid Corporation of India Limited [POWERGRID]) (617069),Infrastructure & Highways,Ministry of Coal,617069,Gujarat,3482.29,3482.29,2491.2,71.5,2021-03-01,2026-12-31,2027-12-31,2026-01-01,36,0.0,0
PAIM-617182,Transco Limited] (Power Grid Corporation of India Limited [POWERGRID]) (617182),Infrastructure & Highways,Ministry of Coal,617182,Gujarat,1909.5,1909.5,627.19,32.8,2022-03-01,2027-12-31,2029-12-31,2026-01-01,18,0.0,0
PAIM-617391,Augmentation of Transformation Capacity at Bhuj-II PS [GIS] (Power Grid Corporation of India Limited [POWERGRID]) (61739,Infrastructure & Highways,Ministry of Coal,617391,Gujarat,3302.04,3302.04,2610.9,79.1,2021-03-01,2026-12-31,2029-12-31,2026-01-01,6,0.0,0
PAIM-617405,Jamnagar Transmission Limited (Adani Transmission Limited) (617405),Infrastructure & Highways,Ministry of Coal,617405,Gujarat,1567.67,1567.67,178.62,11.4,2021-03-01,2026-12-31,2027-12-31,2026-01-01,6,0.0,0
PAIM-617801,Provision of ICT Augmentation & Bus Reactor at Bhuj-II PS (Power Grid Corporation of India Limited [POWERGRID]) (617801),Infrastructure & Highways,Ministry of Coal,617801,Gujarat,836.37,836.37,664.93,79.5,2021-03-01,2026-12-31,2029-12-31,2026-01-01,18,0.0,0
PAIM-617272,Hindalco Switchyard (Power Grid Corporation of India Limited [POWERGRID]) (617272),Infrastructure & Highways,Ministry of Coal,617272,Haryana,1424.23,1424.23,1006.86,70.7,2024-03-01,2028-12-31,2028-12-31,2026-01-01,6,0.0,0
PAIM-617179,MW] Part B (Power Grid Corporation of India Limited [POWERGRID]) (617179),Infrastructure & Highways,Ministry of Coal,617179,Multi-State,2827.97,2827.97,1588.85,56.2,2023-03-01,2027-12-31,2027-12-31,2026-01-01,0,0.0,0
PAIM-617326,Project (Power Grid Corporation of India Limited [POWERGRID]) (617326),Infrastructure & Highways,Ministry of Coal,617326,Multi-State,1377.4,1377.4,371.6,27.0,2022-03-01,2026-12-31,2029-12-31,2026-01-01,0,0.0,0
PAIM-612140,TRANSMISSION LIMITED] (Power Grid Corporation of India Limited [POWERGRID]) (612140),Infrastructure & Highways,Ministry of Coal,612140,Karnataka,2778.04,2778.04,1919.59,69.1,2023-03-01,2027-12-31,2028-12-31,2026-01-01,36,0.0,0
PAIM-616672,Limited] (Power Grid Corporation of India Limited [POWERGRID]) (616672),Infrastructure & Highways,Ministry of Coal,616672,Karnataka,2720.37,2720.37,1075.08,39.5,2024-03-01,2028-12-31,2029-12-31,2026-01-01,36,0.0,0
PAIM-617068,Augmentation Transmission Limited] (Power Grid Corporation of India Limited [POWERGRID]) (617068),Infrastructure & Highways,Ministry of Coal,617068,Karnataka,2033.14,2033.14,365.09,18.0,2023-03-01,2026-12-31,2028-12-31,2026-01-01,6,0.0,0
PAIM-617184,Karnataka [POWERGRID Chitradurga Bellary REZ Transmission Limited] (Power Grid Corporation of India Limited [POWERGRID]),Infrastructure & Highways,Ministry of Coal,617184,Karnataka,1266.87,1266.87,168.26,13.3,2021-03-01,2027-12-31,2029-12-31,2026-01-01,0,0.0,0
PAIM-617803,[SPV Name - POWERGRID Davanagere Power Transmission Limited] (Power Grid Corporation of India Limited [POWERGRID]) (6178,Infrastructure & Highways,Ministry of Coal,617803,Karnataka,3306.05,3306.05,2695.37,81.5,2024-03-01,2026-12-31,2029-12-31,2026-01-01,24,0.0,0
PAIM-615344,TRANSMISSION LIMITED] (Power Grid Corporation of India Limited [POWERGRID]) (615344),Infrastructure & Highways,Ministry of Coal,615344,Rajasthan,1621.93,1621.93,1221.6,75.3,2024-03-01,2026-12-31,2028-12-31,2026-01-01,18,0.0,0
PAIM-615346,Transmission Limited] (Power Grid Corporation of India Limited [POWERGRID]) (615346),Infrastructure & Highways,Ministry of Coal,615346,Rajasthan,1693.33,1693.33,536.71,31.7,2021-03-01,2026-12-31,2027-12-31,2026-01-01,0,0.0,0
PAIM-617279,Transmission Limited] (Power Grid Corporation of India Limited [POWERGRID]) (617279),Infrastructure & Highways,Ministry of Coal,617279,Madhya Pradesh,4449.06,4449.06,1835.38,41.3,2024-03-01,2026-12-31,2029-12-31,2026-01-01,12,0.0,0
PAIM-617802,Transmission Limited] (Power Grid Corporation of India Limited [POWERGRID]) (617802),Infrastructure & Highways,Ministry of Coal,617802,Madhya Pradesh,2001.25,2001.25,1001.86,50.1,2023-03-01,2026-12-31,2028-12-31,2026-01-01,24,0.0,0
PAIM-611966,of Gujarat under phase IV 7GW-Part E4 (Power Grid Corporation of India Limited [POWERGRID]) (611966),Infrastructure & Highways,Ministry of Coal,611966,Maharashtra,615.46,615.46,235.47,38.3,2023-03-01,2026-12-31,2027-12-31,2026-01-01,36,0.0,0
PAIM-617185,[POWERGRID Kurnool-IV Transmission Limited] (Power Grid Corporation of India Limited [POWERGRID]) (617185),Infrastructure & Highways,Ministry of Coal,617185,Karnataka,1091.45,1091.45,274.77,25.2,2022-03-01,2028-12-31,2028-12-31,2026-01-01,24,0.0,0
PAIM-617806,Name Anantapuram 2 REZ Transmission Ltd (Sterlite Power) (617806),Infrastructure & Highways,Ministry of Coal,617806,Karnataka,3113.04,3113.04,2267.79,72.8,2021-03-01,2026-12-31,2028-12-31,2026-01-01,6,0.0,0
PAIM-900808,Part-B (Power Grid Corporation of India Limited [POWERGRID]) (900808),Infrastructure & Highways,Ministry of Coal,900808,Telangana,3993.16,3993.16,1177.76,29.5,2021-03-01,2026-12-31,2027-12-31,2026-01-01,12,0.0,0
PAIM-617271,Eastern Region  Expansion Scheme-43 [ERES-43] (Power Grid Corporation of India Limited [POWERGRID]) (617271),Infrastructure & Highways,Ministry of Coal,617271,Odisha,3874.2,3874.2,1382.44,35.7,2024-03-01,2026-12-31,2029-12-31,2026-01-01,24,0.0,0
PAIM-617807,765 kV Vindhyachal-Varanasi D/c line (Power Grid Corporation of India Limited [POWERGRID]) (617807),Infrastructure & Highways,Ministry of Coal,617807,Bihar,4021.52,4021.52,3208.33,79.8,2023-03-01,2028-12-31,2028-12-31,2026-01-01,18,0.0,0
PAIM-617270,Eastern Region  Expansion Scheme-44 [ERES-44] (Power Grid Corporation of India Limited [POWERGRID]) (617270),Infrastructure & Highways,Ministry of Coal,617270,Gujarat,2689.77,2689.77,519.74,19.3,2023-03-01,2028-12-31,2028-12-31,2026-01-01,12,0.0,0
PAIM-400005,Transmission Network Expansion in Gujarat to increase its ATC from ISTS Part B (Power Grid Corporation of India Limited ,Infrastructure & Highways,Ministry of Coal,400005,Maharashtra,2217.35,2217.35,692.4,31.2,2024-03-01,2026-12-31,2029-12-31,2026-01-01,12,0.0,0
PAIM-611735,Phase-III Part J (Power Grid Corporation of India Limited [POWERGRID]) (611735),Infrastructure & Highways,Ministry of Coal,611735,Rajasthan,1083.05,1083.05,481.81,44.5,2022-03-01,2028-12-31,2027-12-31,2026-01-01,18,0.0,0
PAIM-612132,Phase-III Part D Phase I [Sikar Khetri Transmission Ltd] (Power Grid Corporation of India Limited [POWERGRID]) (612132),Infrastructure & Highways,Ministry of Coal,612132,Rajasthan,3964.15,3964.15,3315.88,83.6,2021-03-01,2028-12-31,2027-12-31,2026-01-01,6,0.0,0
PAIM-615347,[8 GW] PART A   [SPV Name POWERGRID West Central Transmission Limited] (Power Grid Corporation of India Limited [POWERGR,Infrastructure & Highways,Ministry of Coal,615347,Maharashtra,591.15,591.15,363.96,61.6,2021-03-01,2027-12-31,2029-12-31,2026-01-01,18,0.0,0
PAIM-615339,Limited] (Power Grid Corporation of India Limited [POWERGRID]) (615339),Infrastructure & Highways,Ministry of Coal,615339,Rajasthan,3617.25,3617.25,758.9,21.0,2024-03-01,2027-12-31,2029-12-31,2026-01-01,12,0.0,0
PAIM-615340,POWERGRID Siwani Transmission Limited] (Power Grid Corporation of India Limited [POWERGRID]) (615340),Infrastructure & Highways,Ministry of Coal,615340,Rajasthan,3169.43,3169.43,1962.65,61.9,2023-03-01,2026-12-31,2029-12-31,2026-01-01,0,0.0,0
PAIM-617808,Inter-Regional Strengthening between SR Grid and WR Grid (Power Grid Corporation of India Limited [POWERGRID]) (617808),Infrastructure & Highways,Ministry of Coal,617808,Maharashtra,1644.02,1644.02,628.99,38.3,2021-03-01,2027-12-31,2029-12-31,2026-01-01,12,0.0,0
PAIM-612138,Transmission Ltd] (Power Grid Corporation of India Limited [POWERGRID]) (612138),Infrastructure & Highways,Ministry of Coal,612138,Karnataka,1575.59,1575.59,640.9,40.7,2024-03-01,2026-12-31,2027-12-31,2026-01-01,18,0.0,0
PAIM-615333,Mandsaur Transmission Limited] (Power Grid Corporation of India Limited [POWERGRID]) (615333),Infrastructure & Highways,Ministry of Coal,615333,Rajasthan,3253.69,3253.69,1206.08,37.1,2023-03-01,2026-12-31,2029-12-31,2026-01-01,24,0.0,0
PAIM-615334,Transmission Limited] (Power Grid Corporation of India Limited [POWERGRID]) (615334),Infrastructure & Highways,Ministry of Coal,615334,Rajasthan,3939.01,3939.01,3333.18,84.6,2024-03-01,2027-12-31,2029-12-31,2026-01-01,12,0.0,0
PAIM-617186,Transmission Limited] (Power Grid Corporation of India Limited [POWERGRID]) (617186),Infrastructure & Highways,Ministry of Coal,617186,Rajasthan,2651.18,2651.18,606.52,22.9,2022-03-01,2027-12-31,2027-12-31,2026-01-01,12,0.0,0
PAIM-612133,[Bikaner Complex] Part D [Neemrana Bareilly Transmission Ltd] (Power Grid Corporation of India Limited [POWERGRID]) (612,Infrastructure & Highways,Ministry of Coal,612133,Rajasthan,266.18,266.18,84.49,31.7,2023-03-01,2027-12-31,2029-12-31,2026-01-01,0,0.0,0
PAIM-616670,GW] Part A [SPV name POWERGRID Ghiror Transmission Limited] (Power Grid Corporation of India Limited [POWERGRID]) (61667,Infrastructure & Highways,Ministry of Coal,616670,Rajasthan,2255.81,2255.81,500.71,22.2,2024-03-01,2027-12-31,2028-12-31,2026-01-01,6,0.0,0
PAIM-611947,Phase III- Part E2 (Power Grid Corporation of India Limited [POWERGRID]) (611947),Infrastructure & Highways,Ministry of Coal,611947,Rajasthan,2205.9,2205.9,680.69,30.9,2024-03-01,2028-12-31,2027-12-31,2026-01-01,12,0.0,0
PAIM-611948,Phase-III part H (Power Grid Corporation of India Limited [POWERGRID]) (611948),Infrastructure & Highways,Ministry of Coal,611948,Rajasthan,4300.5,4300.5,3369.81,78.4,2023-03-01,2028-12-31,2027-12-31,2026-01-01,6,0.0,0
PAIM-611949,Phase-III part C1 (Power Grid Corporation of India Limited [POWERGRID]) (611949),Infrastructure & Highways,Ministry of Coal,611949,Rajasthan,3798.31,3798.31,1010.42,26.6,2022-03-01,2026-12-31,2028-12-31,2026-01-01,12,0.0,0
PAIM-611950,Phase-III part B1 (Power Grid Corporation of India Limited [POWERGRID]) (611950),Infrastructure & Highways,Ministry of Housing & Urban Affairs,611950,Rajasthan,405.58,405.58,168.86,41.6,2024-03-01,2028-12-31,2028-12-31,2026-01-01,36,0.0,0
PAIM-611951,Phase-III Part E1 (Power Grid Corporation of India Limited [POWERGRID]) (611951),Infrastructure & Highways,Ministry of Housing & Urban Affairs,611951,Rajasthan,3817.39,3817.39,2980.61,78.1,2022-03-01,2026-12-31,2028-12-31,2026-01-01,12,0.0,0
PAIM-612134,[Bikaner Complex] Part A [Bikaner Neemrana Transmission Ltd] (Power Grid Corporation of India Limited [POWERGRID]) (6121,Infrastructure & Highways,Ministry of Housing & Urban Affairs,612134,Rajasthan,1134.93,1134.93,649.39,57.2,2024-03-01,2028-12-31,2029-12-31,2026-01-01,18,0.0,0
PAIM-615332,Transmission Limited] (Power Grid Corporation of India Limited [POWERGRID]) (615332),Infrastructure & Highways,Ministry of Housing & Urban Affairs,615332,Rajasthan,3800.05,3800.05,1634.31,43.0,2024-03-01,2028-12-31,2029-12-31,2026-01-01,24,0.0,0
PAIM-615335,Complex [SPV Name POWERGRID BHADLA BIKANER TRANSMISSION LIMITED] (Power Grid Corporation of India Limited [POWERGRID]) (,Infrastructure & Highways,Ministry of Housing & Urban Affairs,615335,Rajasthan,2608.95,2608.95,1407.89,54.0,2024-03-01,2028-12-31,2029-12-31,2026-01-01,6,0.0,0
PAIM-615337,Power Transmission Limited] (Power Grid Corporation of India Limited [POWERGRID]) (615337),Infrastructure & Highways,Ministry of Housing & Urban Affairs,615337,Rajasthan,2723.26,2723.26,1721.92,63.2,2021-03-01,2028-12-31,2028-12-31,2026-01-01,12,0.0,0
PAIM-615338,Name POWERGRID BARMER I TRANSMISSION LIMITED] (Power Grid Corporation of India Limited [POWERGRID]) (615338),Infrastructure & Highways,Ministry of Housing & Urban Affairs,615338,Rajasthan,3309.57,3309.57,834.44,25.2,2022-03-01,2028-12-31,2027-12-31,2026-01-01,6,0.0,0
PAIM-617181,[POWERGRID Fatehgarh Barmer Augmentation Transmission Limited] (Power Grid Corporation of India Limited [POWERGRID]) (61,Infrastructure & Highways,Ministry of Housing & Urban Affairs,617181,Rajasthan,2782.27,2782.27,1865.56,67.1,2022-03-01,2026-12-31,2027-12-31,2026-01-01,36,0.0,0
PAIM-616671,[2x1000 MW]  [SPV Name POWERGRID Kudankulam Tarnsmission Limited] (Power Grid Corporation of India Limited [POWERGRID]) ,Infrastructure & Highways,Ministry of Housing & Urban Affairs,616671,Tamil Nadu,3120.55,3120.55,950.02,30.4,2022-03-01,2027-12-31,2027-12-31,2026-01-01,12,0.0,0
PAIM-617269,Bhadla/Bikaner Complex (Power Grid Corporation of India Limited [POWERGRID]) (617269),Infrastructure & Highways,Ministry of Housing & Urban Affairs,617269,Uttar Pradesh,3270.33,3270.33,1249.19,38.2,2022-03-01,2026-12-31,2029-12-31,2026-01-01,12,0.0,0
PAIM-617412,"Commissionerates of Central Tax at Khajaguda, Serilingampally, Hyderabad. (Central Public Works Department - CPWD) (6174",Infrastructure & Highways,Ministry of Housing & Urban Affairs,617412,Telangana,4255.58,4255.58,1536.29,36.1,2021-03-01,2026-12-31,2028-12-31,2026-01-01,0,0.0,0
PAIM-707229,"Port, Ship Service, Smart Solid Waste Management, Smart Public Transport System (ministry of housing and urban affairs) ",Infrastructure & Highways,Ministry of Housing & Urban Affairs,707229,Delhi,1877.87,1877.87,775.55,41.3,2023-03-01,2028-12-31,2029-12-31,2026-01-01,6,0.0,0
PAIM-400188,in Delhi (National Buildings Construction Corporation [NBCC]) (400188),Infrastructure & Highways,Ministry of Housing & Urban Affairs,400188,Gujarat,205.45,205.45,133.17,64.8,2021-03-01,2026-12-31,2028-12-31,2026-01-01,18,0.0,0
PAIM-701719,Rehablitation in Junavadaj Area Smart City Project (ministry of housing and urban affairs) (701719),Infrastructure & Highways,Ministry of Housing & Urban Affairs,701719,Gujarat,2080.24,2080.24,1007.2,48.4,2024-03-01,2026-12-31,2027-12-31,2026-01-01,0,0.0,0
PAIM-701766,Green Building Development Project (ministry of housing and urban affairs) (701766),Infrastructure & Highways,Ministry of Housing & Urban Affairs,701766,Gujarat,1910.35,1910.35,761.69,39.9,2023-03-01,2028-12-31,2028-12-31,2026-01-01,36,0.0,0
PAIM-702627,Patna Metro Rail Project (Patna Metro Rail Corporation Ltd. [PMRCL]) (702627),Infrastructure & Highways,Ministry of Housing & Urban Affairs,702627,Bihar,698.28,698.28,80.15,11.5,2022-03-01,2027-12-31,2029-12-31,2026-01-01,24,0.0,0
PAIM-617207,Delhi Metro Rail Phase-IV [2 Corridors] (Delhi Metro Rail Corporation Limited [DMRC]) (617207),Infrastructure & Highways,Ministry of Housing & Urban Affairs,617207,Bihar,3434.63,3434.63,867.5,25.3,2024-03-01,2026-12-31,2028-12-31,2026-01-01,24,0.0,0
PAIM-702632,DMRTS Phase - IV [3 Priority Corridors] (Delhi Metro Rail Corporation Limited [DMRC]) (702632),Infrastructure & Highways,Ministry of Housing & Urban Affairs,702632,Gujarat,2267.75,2267.75,678.78,29.9,2023-03-01,2027-12-31,2029-12-31,2026-01-01,18,0.0,0
PAIM-702630,Surat Metro Rail Project (Gujarat Metro Rail Corporation Limited [GMRCL]) (702630),Infrastructure & Highways,Ministry of Housing & Urban Affairs,702630,Gujarat,2900.53,2900.53,512.6,17.7,2024-03-01,2027-12-31,2029-12-31,2026-01-01,0,0.0,0
PAIM-702631,"Ahmedabad Metro Rail Project, Phase-II (Gujarat Metro Rail Corporation Limited [GMRCL]) (702631)",Infrastructure & Highways,Ministry of Housing & Urban Affairs,702631,Gujarat,786.79,786.79,216.33,27.5,2024-03-01,2027-12-31,2028-12-31,2026-01-01,24,0.0,0
PAIM-702639,Ahmedabad Metro Rail Project [Phase-I] (Gujarat Metro Rail Corporation Limited [GMRCL]) (702639),Infrastructure & Highways,Ministry of Housing & Urban Affairs,702639,Gujarat,2994.35,2994.35,813.89,27.2,2024-03-01,2027-12-31,2028-12-31,2026-01-01,0,0.0,0
PAIM-702635,Construction of Bangalore Metro Rail Project Phase 2. (Bengaluru Metro Rail) (702635),Infrastructure & Highways,Ministry of Housing & Urban Affairs,702635,Karnataka,3032.83,3032.83,914.68,30.2,2022-03-01,2026-12-31,2027-12-31,2026-01-01,0,0.0,0
PAIM-702665,Construction Bangalore Metro Rail Project Phase-2A & 2B (Bengaluru Metro Rail) (702665),Infrastructure & Highways,Ministry of Housing & Urban Affairs,702665,Karnataka,2066.1,2066.1,818.11,39.6,2021-03-01,2026-12-31,2029-12-31,2026-01-01,18,0.0,0
PAIM-702664,Kochi Metro Rail Phase 2 Development  Project (CSPCC Projects) (702664),Infrastructure & Highways,Ministry of Housing & Urban Affairs,702664,Karnataka,2677.25,2677.25,1709.82,63.9,2021-03-01,2026-12-31,2029-12-31,2026-01-01,36,0.0,0
PAIM-702625,Bhopal Metro Rail Project (Madhya Pradesh Metro Rail Co Limited [MPMRCL]) (702625),Infrastructure & Highways,Ministry of Housing & Urban Affairs,702625,Madhya Pradesh,900.31,900.31,622.67,69.2,2023-03-01,2026-12-31,2027-12-31,2026-01-01,0,0.0,0
PAIM-702626,Indore Metro Rail Project (Madhya Pradesh Metro Rail Co Limited [MPMRCL]) (702626),Infrastructure & Highways,Ministry of Housing & Urban Affairs,702626,Maharashtra,2564.81,2564.81,1738.45,67.8,2023-03-01,2026-12-31,2029-12-31,2026-01-01,24,0.0,0
PAIM-617225,PCMC To Nigdi- Extension Of North South Corridor Of Phase-1 (Maharashtra Metro Rail Corporation Limited [MMRCL]) (617225,Infrastructure & Highways,Ministry of Housing & Urban Affairs,617225,Maharashtra,2039.34,2039.34,375.48,18.4,2022-03-01,2028-12-31,2028-12-31,2026-01-01,18,0.0,0
PAIM-617226,Pune Metro Phase-1 Extension line towards south from Swargate to Katraj (Maharashtra Metro Rail Corporation Limited [MMR,Infrastructure & Highways,Ministry of Housing & Urban Affairs,617226,Maharashtra,2115.15,2115.15,758.03,35.8,2023-03-01,2026-12-31,2028-12-31,2026-01-01,0,0.0,0
PAIM-617327,Thane Integral Ring Metro Rail Project (Maharashtra Metro Rail Corporation Limited [MMRCL]) (617327),Infrastructure & Highways,Ministry of Housing & Urban Affairs,617327,Maharashtra,2686.41,2686.41,510.98,19.0,2021-03-01,2028-12-31,2027-12-31,2026-01-01,18,0.0,0
PAIM-618971,2B Ramwadi to Wagholi/Vitthalwadi (Maharashtra Metro Rail Corporation Limited [MMRCL]) (618971),Infrastructure & Highways,Ministry of Housing & Urban Affairs,618971,Maharashtra,308.5,308.5,103.66,33.6,2024-03-01,2026-12-31,2028-12-31,2026-01-01,18,0.0,0
PAIM-618985,Nal Stop - Warje - Manikbaug (Maharashtra Metro Rail Corporation Limited [MMRCL]) (618985),Infrastructure & Highways,Ministry of Housing & Urban Affairs,618985,Maharashtra,4031.74,4031.74,1999.59,49.6,2022-03-01,2027-12-31,2027-12-31,2026-01-01,6,0.0,0
PAIM-701745,New Suburba Station Development Project (ministry of housing and urban affairs) (701745),Infrastructure & Highways,Ministry of Housing & Urban Affairs,701745,Maharashtra,2688.35,2688.35,774.33,28.8,2023-03-01,2027-12-31,2027-12-31,2026-01-01,18,0.0,0
PAIM-701991,Kalyan Station Precinct Imporvement Project (ministry of housing and urban affairs) (701991),Infrastructure & Highways,Ministry of Housing & Urban Affairs,701991,Maharashtra,2340.98,2340.98,1973.81,84.3,2021-03-01,2028-12-31,2027-12-31,2026-01-01,18,0.0,0
PAIM-702637,Mumbai Metro Line 3 (Mumbai Metro Rail Corporation Limited [MMRC]) (702637),Infrastructure & Highways,Ministry of Housing & Urban Affairs,702637,Maharashtra,1431.3,1431.3,723.73,50.6,2023-03-01,2028-12-31,2029-12-31,2026-01-01,24,0.0,0
PAIM-702658,Nagpur Metro Rail Phase II Development Project (Maharashtra Metro Rail Corporation Limited [MMRCL]) (702658),Infrastructure & Highways,Ministry of Housing & Urban Affairs,702658,Maharashtra,2283.8,2283.8,1171.72,51.3,2023-03-01,2027-12-31,2027-12-31,2026-01-01,6,0.0,0
PAIM-617206,Delhi Metro Rail Phase-IV [Rithala - Kundli Corridor] (Delhi Metro Rail Corporation Limited [DMRC]) (617206),Infrastructure & Highways,Ministry of Housing & Urban Affairs,617206,Maharashtra,3834.79,3834.79,1916.9,50.0,2021-03-01,2028-12-31,2028-12-31,2026-01-01,12,0.0,0
PAIM-702633,Delhi-Ghaziabad-Meerut Regional Rapid Transit System [RRTS] corridor (National Capital Region Transport Corporation [NCR,Infrastructure & Highways,Ministry of Housing & Urban Affairs,702633,Uttar Pradesh,567.47,567.47,268.91,47.4,2021-03-01,2026-12-31,2027-12-31,2026-01-01,0,0.0,0
PAIM-702668,Chennai Metro Rail Phase-II Development Project (Chennai Metro Rail Limited [CMRL]) (702668),Infrastructure & Highways,Ministry of Housing & Urban Affairs,702668,Tamil Nadu,398.48,398.48,248.57,62.4,2024-03-01,2026-12-31,2028-12-31,2026-01-01,6,0.0,0
PAIM-702628,Kanpur Metro Rail Project (Uttar Pradesh metro rail corporation [UPMRC]) (702628),Infrastructure & Highways,Ministry of Housing & Urban Affairs,702628,Uttar Pradesh,3250.54,3250.54,1776.9,54.7,2023-03-01,2026-12-31,2029-12-31,2026-01-01,12,0.0,0
PAIM-702629,Agra Metro Rail Project (Uttar Pradesh metro rail corporation [UPMRC]) (702629),Infrastructure & Highways,Ministry of Housing & Urban Affairs,702629,Uttar Pradesh,2570.41,2570.41,636.31,24.8,2021-03-01,2026-12-31,2027-12-31,2026-01-01,18,0.0,0
PAIM-702674,"nos. upgrading of feeder mains, pumping station etc. - Phase II (Ministry of Housing & Urban Affairs) (702674)",Infrastructure & Highways,Ministry of Housing & Urban Affairs,702674,Bihar,317.73,317.73,203.22,64.0,2022-03-01,2028-12-31,2027-12-31,2026-01-01,6,0.0,0
PAIM-702699,Muzaffarpur Storm Water Drainage Phase-I Project (Ministry of Housing & Urban Affairs) (702699),Infrastructure & Highways,Ministry of Housing & Urban Affairs,702699,Bihar,329.52,329.52,141.52,42.9,2021-03-01,2028-12-31,2028-12-31,2026-01-01,6,0.0,0
PAIM-702355,Storm water drainag Development Project (ministry of housing and urban affairs) (702355),Infrastructure & Highways,Ministry of Housing & Urban Affairs,702355,Bihar,1350.61,1350.61,273.27,20.2,2021-03-01,2028-12-31,2027-12-31,2026-01-01,24,0.0,0
PAIM-707267,Upgradation of Sewerage system in Gandhinagar City (ministry of housing and urban affairs) (707267),Infrastructure & Highways,Ministry of Housing & Urban Affairs,707267,Gujarat,3028.03,3028.03,668.27,22.1,2023-03-01,2028-12-31,2027-12-31,2026-01-01,12,0.0,0
PAIM-702734,Sewerage Management Scheme Part-3 Implementation (Ministry of Housing & Urban Affairs) (702734),Infrastructure & Highways,Ministry of Housing & Urban Affairs,702734,Gujarat,4483.77,4483.77,2422.39,54.0,2021-03-01,2028-12-31,2028-12-31,2026-01-01,12,0.0,0
PAIM-702735,Sewerage Management Scheme Part-3 Implementation (Ministry of Housing & Urban Affairs) (702735),Infrastructure & Highways,Ministry of Housing & Urban Affairs,702735,Haryana,1737.74,1737.74,870.13,50.1,2023-03-01,2028-12-31,2029-12-31,2026-01-01,6,0.0,0
PAIM-702741,Dhanbad Water Supply Infrastructure Project (Ministry of Housing & Urban Affairs) (702741),Infrastructure & Highways,Ministry of Housing & Urban Affairs,702741,Haryana,3224.95,3224.95,1890.78,58.6,2024-03-01,2028-12-31,2029-12-31,2026-01-01,36,0.0,0
PAIM-702742,SAAP-3 Water Supply Infrastructure SAAP-3 Project (Ministry of Housing & Urban Affairs) (702742),Infrastructure & Highways,Ministry of Housing & Urban Affairs,702742,Multi-State,489.77,489.77,390.5,79.7,2023-03-01,2027-12-31,2029-12-31,2026-01-01,0,0.0,0
PAIM-702746,Augmentation and Strenghthning of Urban Water Supply Phase 1 - SAAP 3 (Ministry of Housing & Urban Affairs) (702746),Infrastructure & Highways,Ministry of Housing & Urban Affairs,702746,Karnataka,3358.25,3358.25,578.94,17.2,2024-03-01,2028-12-31,2027-12-31,2026-01-01,6,0.0,0
PAIM-702760,Belgavi Improvement in Sewerage System Project (Ministry of Housing & Urban Affairs) (702760),Infrastructure & Highways,Ministry of Housing & Urban Affairs,702760,Karnataka,1889.55,1889.55,193.83,10.3,2022-03-01,2028-12-31,2028-12-31,2026-01-01,12,0.0,0
PAIM-702764,24/7 water supply under AMRUT for Davanagere (Ministry of Housing & Urban Affairs) (702764),Infrastructure & Highways,Ministry of Housing & Urban Affairs,702764,Karnataka,1708.42,1708.42,312.43,18.3,2021-03-01,2026-12-31,2029-12-31,2026-01-01,0,0.0,0
PAIM-702793,Indore Water Supply Infrastructure Project (Ministry of Housing & Urban Affairs) (702793),Infrastructure & Highways,Ministry of Housing & Urban Affairs,702793,Karnataka,419.31,419.31,355.83,84.9,2022-03-01,2026-12-31,2029-12-31,2026-01-01,36,0.0,0
PAIM-702798,Jabalpur Sewerage Management and Treatment Infrastructure Project (Ministry of Housing & Urban Affairs) (702798),Infrastructure & Highways,Ministry of Housing & Urban Affairs,702798,Madhya Pradesh,2082.64,2082.64,670.31,32.2,2021-03-01,2026-12-31,2028-12-31,2026-01-01,0,0.0,0
PAIM-702808,Satna Sewerage Management and Treatment Infrastructure Project (Ministry of Housing & Urban Affairs) (702808),Infrastructure & Highways,Ministry of Housing & Urban Affairs,702808,Madhya Pradesh,3724.26,3724.26,3050.9,81.9,2022-03-01,2028-12-31,2028-12-31,2026-01-01,18,0.0,0
PAIM-702810,Singrauli Sewerage Management and Treatment Infrastructure Project (Ministry of Housing & Urban Affairs) (702810),Infrastructure & Highways,Ministry of Housing & Urban Affairs,702810,Madhya Pradesh,1869.73,1869.73,773.11,41.3,2021-03-01,2026-12-31,2028-12-31,2026-01-01,36,0.0,0
PAIM-702833,Kalyan-Dombivali Water Supply Infrastructure Project (Ministry of Housing & Urban Affairs) (702833),Infrastructure & Highways,Ministry of Housing & Urban Affairs,702833,Maharashtra,2176.31,2176.31,1664.94,76.5,2022-03-01,2028-12-31,2028-12-31,2026-01-01,12,0.0,0
PAIM-702840,Mira-Bhayandar Water Supply Infrastructure Project (Ministry of Housing & Urban Affairs) (702840),Infrastructure & Highways,Ministry of Housing & Urban Affairs,702840,Maharashtra,2855.17,2855.17,1263.26,44.2,2023-03-01,2028-12-31,2028-12-31,2026-01-01,12,0.0,0
PAIM-702851,Pune Water Supply Infrastructure Project (Ministry of Housing & Urban Affairs) (702851),Infrastructure & Highways,Ministry of Housing & Urban Affairs,702851,Maharashtra,1981.12,1981.12,1081.02,54.6,2022-03-01,2028-12-31,2028-12-31,2026-01-01,18,0.0,0
PAIM-702854,Solapur Sewerage Management Infrastructure Project (Ministry of Housing & Urban Affairs) (702854),Infrastructure & Highways,Ministry of Housing & Urban Affairs,702854,Maharashtra,2785.02,2785.02,1324.23,47.5,2024-03-01,2028-12-31,2027-12-31,2026-01-01,0,0.0,0
PAIM-703021,Jalandhar Water Supply Infrastructure Project (Ministry of Housing & Urban Affairs) (703021),Infrastructure & Highways,Ministry of Housing & Urban Affairs,703021,Maharashtra,3575.8,3575.8,1412.91,39.5,2024-03-01,2027-12-31,2027-12-31,2026-01-01,24,0.0,0
PAIM-703057,Patiala Water Supply Infrastructure Part-2 Project (Ministry of Housing & Urban Affairs) (703057),Infrastructure & Highways,Ministry of Housing & Urban Affairs,703057,Uttar Pradesh,2685.25,2685.25,1291.68,48.1,2021-03-01,2028-12-31,2027-12-31,2026-01-01,24,0.0,0
PAIM-702948,Jaunpur Sewerage Management Infrastructure Project (Ministry of Housing & Urban Affairs) (702948),Infrastructure & Highways,Ministry of Housing & Urban Affairs,702948,Uttar Pradesh,1094.05,1094.05,856.09,78.2,2021-03-01,2027-12-31,2028-12-31,2026-01-01,36,0.0,0
PAIM-702949,Jhansi Water Supply Infrastructure Phase-II Project (Ministry of Housing & Urban Affairs) (702949),Infrastructure & Highways,Ministry of Housing & Urban Affairs,702949,Uttar Pradesh,1192.05,1192.05,674.37,56.6,2022-03-01,2026-12-31,2029-12-31,2026-01-01,18,0.0,0
PAIM-617280,"Director General, GSI Building at plot No.GN-40, Sector-V, Salt Lake, Kolkata (Central Public Works Department (CPWD)) (",Infrastructure & Highways,Ministry of Housing & Urban Affairs,617280,West Bengal,4267.49,4267.49,2145.77,50.3,2021-03-01,2026-12-31,2027-12-31,2026-01-01,6,0.0,0
PAIM-400426,Expansion of Malanjkhand Copper Project (Hindustan Copper Limited [HCL]) (400426),Infrastructure & Highways,Ministry of Housing & Urban Affairs,400426,West Bengal,1688.52,1688.52,424.49,25.1,2023-03-01,2028-12-31,2027-12-31,2026-01-01,18,0.0,0
PAIM-400141,enhancement of 1.0 Million Tonee Per Annum (National Aluminium Company Limited [NALCO]) (400141),Infrastructure & Highways,Ministry of Housing & Urban Affairs,400141,Odisha,205.99,205.99,68.83,33.4,2022-03-01,2028-12-31,2027-12-31,2026-01-01,36,0.0,0
PAIM-400299,Pottangi Bauxite Mines Project (National Aluminium Company Limited [NALCO]) (400299),Infrastructure & Highways,Ministry of Housing & Urban Affairs,400299,Odisha,3987.44,3987.44,1710.98,42.9,2024-03-01,2026-12-31,2027-12-31,2026-01-01,36,0.0,0
PAIM-709830,TRAIN OF HRDS AND DCWS IN STREAMS 1 AND (Ministry of Mines) (709830),Infrastructure & Highways,Ministry of Housing & Urban Affairs,709830,Odisha,3606.56,3606.56,717.1,19.9,2022-03-01,2027-12-31,2028-12-31,2026-01-01,12,0.0,0
PAIM-709831,REFINERY FROM SOUTH BLOCK MINING LEASE OF PANCHPATMAILI MINES (National Aluminium Company Limited [NALCO]) (709831),Infrastructure & Highways,Ministry of Housing & Urban Affairs,709831,Odisha,2316.3,2316.3,817.26,35.3,2022-03-01,2028-12-31,2028-12-31,2026-01-01,18,0.0,0
PAIM-709832,25.5 MW WIND POWER PROJECT AT KAYATHAR IN TAMILNADU (National Aluminium Company Limited [NALCO]) (709832),Infrastructure & Highways,Ministry of Housing & Urban Affairs,709832,Odisha,1669.31,1669.31,438.23,26.3,2021-03-01,2028-12-31,2027-12-31,2026-01-01,6,0.0,0
PAIM-612885,"Permanent Campus at Sohra (National Institute of Technology, Meghalaya) (612885)",Infrastructure & Highways,Ministry of Housing & Urban Affairs,612885,Andhra Pradesh,4285.34,4285.34,2092.51,48.8,2021-03-01,2026-12-31,2028-12-31,2026-01-01,24,0.0,0
PAIM-613008,Phase-1 (Central Tribal University of Andhra Pradesh) (613008),Infrastructure & Highways,Ministry of Housing & Urban Affairs,613008,Andhra Pradesh,1826.87,1826.87,612.74,33.5,2021-03-01,2028-12-31,2028-12-31,2026-01-01,36,0.0,0
PAIM-606013,Additional Campus of NITPatna (NIT Patna) (606013),Infrastructure & Highways,Ministry of Housing & Urban Affairs,606013,Bihar,3759.74,3759.74,2428.27,64.6,2021-03-01,2026-12-31,2029-12-31,2026-01-01,24,0.0,0
PAIM-617877,"Phase B of Construction of Permanent Campus of IIT Bhilai (Indian Institute of Technology, Bhilai) (617877)",Infrastructure & Highways,Ministry of Housing & Urban Affairs,617877,Bihar,1430.09,1430.09,804.95,56.3,2024-03-01,2028-12-31,2028-12-31,2026-01-01,6,0.0,0
PAIM-612851,"Campus on Engineering, Procurement and Construction basis (National Institute of Technology Delhi) (612851)",Infrastructure & Highways,Ministry of Housing & Urban Affairs,612851,Delhi,2755.14,2755.14,441.91,16.0,2022-03-01,2028-12-31,2028-12-31,2026-01-01,36,0.0,0
PAIM-616886,Delhi University Eastern Campus at Surajmal Vihar (Delhi University) (616886),Infrastructure & Highways,Ministry of Housing & Urban Affairs,616886,Gujarat,1519.33,1519.33,1088.33,71.6,2022-03-01,2026-12-31,2027-12-31,2026-01-01,0,0.0,0
PAIM-612916,"kundhela, Dist. Vadodara, Gujarat. (Central University of Gujarat) (612916)",Infrastructure & Highways,Ministry of Housing & Urban Affairs,612916,Gujarat,2573.11,2573.11,1289.46,50.1,2022-03-01,2026-12-31,2028-12-31,2026-01-01,18,0.0,0
PAIM-602099,"Establishment of Permanent campus Phase 1 of IIM Sirmaur (Indian Institute of Management, Sirmaur) (602099)",Infrastructure & Highways,Ministry of Housing & Urban Affairs,602099,Gujarat,3782.32,3782.32,2161.51,57.1,2023-03-01,2028-12-31,2027-12-31,2026-01-01,18,0.0,0
PAIM-612128,"Hostel blocks & dining hall block (Indian Institute of Technology, Mandi) (612128)",Infrastructure & Highways,Ministry of Housing & Urban Affairs,612128,Multi-State,1145.49,1145.49,301.2,26.3,2024-03-01,2027-12-31,2028-12-31,2026-01-01,6,0.0,0
PAIM-612894,"Mode 1] Basis. (Central University, Himachal Pradesh) (612894)",Infrastructure & Highways,Ministry of Housing & Urban Affairs,612894,Multi-State,1149.1,1149.1,869.72,75.7,2024-03-01,2028-12-31,2027-12-31,2026-01-01,12,0.0,0
PAIM-602098,"Jammu, J&K (Indian Institute of Management, Jammu) (602098)",Infrastructure & Highways,Ministry of Housing & Urban Affairs,602098,Multi-State,4482.89,4482.89,1357.94,30.3,2021-03-01,2027-12-31,2027-12-31,2026-01-01,6,0.0,0
PAIM-606431,1A (INDIAN INSTITUTE OF TECHNOLOGY PALAKKAD) (606431),Infrastructure & Highways,Ministry of Housing & Urban Affairs,606431,Multi-State,2362.76,2362.76,507.13,21.5,2022-03-01,2026-12-31,2028-12-31,2026-01-01,0,0.0,0
PAIM-617878,Phase B of Construction of Permanent Campus of IIT Palakkad (INDIAN INSTITUTE OF TECHNOLOGY PALAKKAD) (617878),Infrastructure & Highways,Ministry of Housing & Urban Affairs,617878,Multi-State,1939.13,1939.13,1003.42,51.7,2021-03-01,2028-12-31,2028-12-31,2026-01-01,36,0.0,0
PAIM-611957,"excellence] (Indian Institute of Technology, Indore) (611957)",Infrastructure & Highways,Ministry of Housing & Urban Affairs,611957,Madhya Pradesh,351.27,351.27,138.01,39.3,2022-03-01,2027-12-31,2028-12-31,2026-01-01,36,0.0,0
PAIM-610315,"IISER BERHAMPUR (Indian Institutes of Science Education and Research, Behrampur) (610315)",Infrastructure & Highways,Ministry of Housing & Urban Affairs,610315,Odisha,1549.48,1549.48,444.4,28.7,2021-03-01,2028-12-31,2028-12-31,2026-01-01,18,0.0,0
PAIM-612877,"Establishment of NIT Puducherry Permanent Campus [Phase-I and Phase-II] (National Institute of Technology, Puducherry) (",Infrastructure & Highways,Ministry of Housing & Urban Affairs,612877,Odisha,1032.85,1032.85,666.04,64.5,2021-03-01,2027-12-31,2027-12-31,2026-01-01,0,0.0,0
PAIM-605292,"Punjab, Phase-I (Indian intitue of Management, Amritsar) (605292)",Infrastructure & Highways,Ministry of Housing & Urban Affairs,605292,Punjab,1033.12,1033.12,136.44,13.2,2022-03-01,2027-12-31,2027-12-31,2026-01-01,24,0.0,0
PAIM-617221,"International Hostel 100 seater, VC Residence and Purchase of Equipment (Central University of Punjab) (617221)",Infrastructure & Highways,Ministry of Housing & Urban Affairs,617221,Punjab,4462.58,4462.58,3160.27,70.8,2022-03-01,2028-12-31,2027-12-31,2026-01-01,18,0.0,0
PAIM-609996,"Construction of Precast housing and hostels at IIT Hyderabad (Indian Institute of Technology, Hyderabad) (609996)",Infrastructure & Highways,Ministry of Housing & Urban Affairs,609996,Telangana,648.33,648.33,227.58,35.1,2023-03-01,2028-12-31,2029-12-31,2026-01-01,12,0.0,0
PAIM-606479,Banaras Hindu University [ Kayakalp of Institute of Medical Sciences] (Banaras Hindu University) (606479),Infrastructure & Highways,Ministry of Housing & Urban Affairs,606479,Uttar Pradesh,2482.45,2482.45,994.81,40.1,2021-03-01,2027-12-31,2028-12-31,2026-01-01,6,0.0,0
PAIM-611963,"Uttarakhand at Sumari, Pauri Garhwal (National Institute of Technology Uttarakhand) (611963)",Infrastructure & Highways,Ministry of Housing & Urban Affairs,611963,Multi-State,3772.89,3772.89,814.11,21.6,2022-03-01,2026-12-31,2027-12-31,2026-01-01,18,0.0,0
PAIM-609019,"buildings, class room complex and other campus facilities in IIT Kharagpur (Indian Institute of Technology, Kharagpur) (",Infrastructure & Highways,Ministry of Petroleum & Natural Gas,609019,West Bengal,2016.28,2016.28,736.33,36.5,2024-03-01,2027-12-31,2028-12-31,2026-01-01,18,0.0,0
PAIM-616235,Construction of Aviation Fuel farm Facilities at Bhogapuram Airport (Ministry of Petroleum & Natural Gas) (616235),Infrastructure & Highways,Ministry of Petroleum & Natural Gas,616235,Assam,282.09,282.09,239.17,84.8,2023-03-01,2028-12-31,2027-12-31,2026-01-01,36,0.0,0
PAIM-617839,MMTPA (Ministry of Petroleum & Natural Gas) (617839),Infrastructure & Highways,Ministry of Petroleum & Natural Gas,617839,Maharashtra,3700.09,3700.09,1419.04,38.4,2024-03-01,2028-12-31,2028-12-31,2026-01-01,0,0.0,0
PAIM-604833,"Andheri Residential Towers, Mumbai (Ministry of Petroleum & Natural Gas) (604833)",Infrastructure & Highways,Ministry of Petroleum & Natural Gas,604833,Maharashtra,299.19,299.19,117.47,39.3,2024-03-01,2028-12-31,2028-12-31,2026-01-01,0,0.0,0
PAIM-701343,Srikakulam Angul Gas Pipeline Project (Ministry of Petroleum & Natural Gas) (701343),Infrastructure & Highways,Ministry of Petroleum & Natural Gas,701343,Odisha,3065.63,3065.63,2513.23,82.0,2022-03-01,2026-12-31,2028-12-31,2026-01-01,24,0.0,0
PAIM-400078,New Mundra Panipat Crude Oil Pipeline (Ministry of Petroleum & Natural Gas) (400078),Infrastructure & Highways,Ministry of Petroleum & Natural Gas,400078,Odisha,1514.4,1514.4,900.01,59.4,2021-03-01,2027-12-31,2029-12-31,2026-01-01,6,0.0,0
PAIM-400012,Kandla Gorakhpur LPG Pipeline (Ministry of Petroleum & Natural Gas) (400012),Infrastructure & Highways,Ministry of Petroleum & Natural Gas,400012,Gujarat,570.36,570.36,283.98,49.8,2023-03-01,2026-12-31,2029-12-31,2026-01-01,36,0.0,0
PAIM-400301,"Multi Product Pipeline from Irugur to Devangonthi (Department of Water Resources, River Development & GR) (400301)",Infrastructure & Highways,Ministry of Petroleum & Natural Gas,400301,Karnataka,1751.03,1751.03,926.32,52.9,2021-03-01,2027-12-31,2028-12-31,2026-01-01,18,0.0,0
PAIM-701263,Rajasthan Refinery Project (MinistryofPetroleumNaturalGas) (701263),Infrastructure & Highways,Ministry of Petroleum & Natural Gas,701263,Karnataka,927.98,927.98,740.88,79.8,2022-03-01,2026-12-31,2028-12-31,2026-01-01,12,0.0,0
PAIM-709759,"Petrochemical evacuation marketing terminal at Barmer, Rajasthan (Hindustan Petroleum Corporation Limited [HPCL]) (70975",Infrastructure & Highways,Ministry of Petroleum & Natural Gas,709759,Rajasthan,307.19,307.19,71.03,23.1,2024-03-01,2027-12-31,2029-12-31,2026-01-01,6,0.0,0
PAIM-400043,Vallur [Chennai] (Ministry of Petroleum & Natural Gas) (400043),Infrastructure & Highways,Ministry of Petroleum & Natural Gas,400043,Tamil Nadu,2267.59,2267.59,1901.47,83.9,2024-03-01,2027-12-31,2027-12-31,2026-01-01,18,0.0,0
PAIM-400077,"Grass root POL Terminal at Vallur, Chennai (Indian Oil Corporation Limited [IOCL]) (400077)",Infrastructure & Highways,Ministry of Petroleum & Natural Gas,400077,Tamil Nadu,1381.67,1381.67,441.11,31.9,2022-03-01,2026-12-31,2027-12-31,2026-01-01,36,0.0,0
PAIM-604852,"Grass-root Terminal at Mirzapur, Uttar Pradesh (Ministry of Petroleum & Natural Gas) (604852)",Infrastructure & Highways,Ministry of Petroleum & Natural Gas,604852,Uttar Pradesh,623.25,623.25,321.96,51.7,2022-03-01,2028-12-31,2027-12-31,2026-01-01,12,0.0,0
PAIM-400120,KG-DWN-98/2 Cluster - II Development Project - NELP Block (Oil and Natural Gas Corporation Limited [ONGC]) (400120),Infrastructure & Highways,Ministry of Petroleum & Natural Gas,400120,Andhra Pradesh,2151.29,2151.29,615.07,28.6,2022-03-01,2027-12-31,2028-12-31,2026-01-01,36,0.0,0
PAIM-709752,HP-COAT [Crude to Olefins and Aromatics Technology] demo unit at Visakh Refinery (Hindustan Petroleum Corporation Limite,Infrastructure & Highways,Ministry of Petroleum & Natural Gas,709752,Andhra Pradesh,2116.44,2116.44,1727.46,81.6,2021-03-01,2026-12-31,2029-12-31,2026-01-01,6,0.0,0
PAIM-709766,"City Gas Distribution Project at Kurnool, Guntur & Prakasam Districts (MinistryofPetroleumNaturalGas) (709766)",Infrastructure & Highways,Ministry of Petroleum & Natural Gas,709766,Assam,2667.38,2667.38,1597.73,59.9,2023-03-01,2026-12-31,2027-12-31,2026-01-01,0,0.0,0
PAIM-617304,"Setting up of LPG Plant with Rail Unloading Facility at Hathua, Dist. Gopalganj, Bihar (MinistryofPetroleumNaturalGas) (",Infrastructure & Highways,Ministry of Petroleum & Natural Gas,617304,Bihar,2388.71,2388.71,562.74,23.6,2021-03-01,2026-12-31,2029-12-31,2026-01-01,6,0.0,0
PAIM-701324,Barauni Refinery Capacity Expansion from 6.0 to 9.0 MMTPA (Ministry of Petroleum & Natural Gas) (701324),Infrastructure & Highways,Ministry of Petroleum & Natural Gas,701324,Bihar,3366.19,3366.19,1115.58,33.1,2023-03-01,2028-12-31,2029-12-31,2026-01-01,36,0.0,0
PAIM-709777,Refinery (MinistryofPetroleumNaturalGas) (709777),Infrastructure & Highways,Ministry of Petroleum & Natural Gas,709777,Bihar,3514.93,3514.93,1150.64,32.7,2023-03-01,2028-12-31,2028-12-31,2026-01-01,6,0.0,0
PAIM-709792,Sheohar districts (Bharat Petroleum Corporation Limited [BPCL]) (709792),Infrastructure & Highways,Ministry of Petroleum & Natural Gas,709792,Bihar,3653.82,3653.82,3012.9,82.5,2021-03-01,2027-12-31,2028-12-31,2026-01-01,6,0.0,0
PAIM-709793,Champaran and Deoria districts (Bharat Petroleum Corporation Limited [BPCL]) (709793),Infrastructure & Highways,Ministry of Petroleum & Natural Gas,709793,Bihar,3654.27,3654.27,1561.21,42.7,2024-03-01,2028-12-31,2027-12-31,2026-01-01,12,0.0,0
PAIM-617819,Bijapur & Dantewada GA (GAIL Gas) (617819),Infrastructure & Highways,Ministry of Petroleum & Natural Gas,617819,Gujarat,948.2,948.2,199.49,21.0,2024-03-01,2028-12-31,2027-12-31,2026-01-01,0,0.0,0
PAIM-400087,Redevelopment of Sobhasan Complex (Oil and Natural Gas Corporation Limited [ONGC]) (400087),Infrastructure & Highways,Ministry of Petroleum & Natural Gas,400087,Gujarat,3069.71,3069.71,1581.49,51.5,2022-03-01,2027-12-31,2028-12-31,2026-01-01,36,0.0,0
PAIM-400167,Redevelopment of Santhal Field [Onshore-Mehsana Asset] (Oil and Natural Gas Corporation Limited [ONGC]) (400167),Infrastructure & Highways,Ministry of Petroleum & Natural Gas,400167,Gujarat,2961.72,2961.72,2006.19,67.7,2023-03-01,2028-12-31,2028-12-31,2026-01-01,18,0.0,0
PAIM-400169,Redevelopment of Linch Field (Oil and Natural Gas Corporation Limited [ONGC]) (400169),Infrastructure & Highways,Ministry of Petroleum & Natural Gas,400169,Gujarat,1708.39,1708.39,604.41,35.4,2024-03-01,2026-12-31,2027-12-31,2026-01-01,24,0.0,0
PAIM-701329,Petrochemical and Lube Integration Project at Gujarat Refinery (Ministry of Petroleum & Natural Gas) (701329),Infrastructure & Highways,Ministry of Petroleum & Natural Gas,701329,Gujarat,3369.02,3369.02,1315.31,39.0,2021-03-01,2028-12-31,2028-12-31,2026-01-01,18,0.0,0
PAIM-709778,Installation of new Biturox Unit along with allied facilities at Gujarat Refinery (MinistryofPetroleumNaturalGas) (70977,Infrastructure & Highways,Ministry of Petroleum & Natural Gas,709778,Gujarat,3279.8,3279.8,398.03,12.1,2021-03-01,2027-12-31,2029-12-31,2026-01-01,36,0.0,0
PAIM-709838,Commercial Polymer Flooding Project in Bechraji field (Oil and Natural Gas Corporation Limited [ONGC]) (709838),Infrastructure & Highways,Ministry of Petroleum & Natural Gas,709838,Gujarat,433.11,433.11,177.65,41.0,2023-03-01,2026-12-31,2027-12-31,2026-01-01,12,0.0,0
PAIM-709840,"Restoration of Gas Terminal, Phase-I [Part-A], Hazira (Oil and Natural Gas Corporation Limited [ONGC]) (709840)",Infrastructure & Highways,Ministry of Petroleum & Natural Gas,709840,Gujarat,4495.04,4495.04,855.5,19.0,2023-03-01,2028-12-31,2028-12-31,2026-01-01,18,0.0,0
PAIM-709841,Old Pipe Line Replacement [OPRP] Group-A (Oil and Natural Gas Corporation Limited [ONGC]) (709841),Infrastructure & Highways,Ministry of Petroleum & Natural Gas,709841,Gujarat,379.15,379.15,307.1,81.0,2024-03-01,2026-12-31,2028-12-31,2026-01-01,6,0.0,0
PAIM-709842,"Kalol Redevelopment Project, Ahmedabad Asset (Oil and Natural Gas Corporation Limited [ONGC]) (709842)",Infrastructure & Highways,Ministry of Petroleum & Natural Gas,709842,Gujarat,442.52,442.52,84.58,19.1,2024-03-01,2028-12-31,2029-12-31,2026-01-01,24,0.0,0
PAIM-709845,"Revamping of SV Stations, Gas Terminal & Kribhco Terminal (Oil and Natural Gas Corporation Limited [ONGC]) (709845)",Infrastructure & Highways,Ministry of Petroleum & Natural Gas,709845,Gujarat,757.65,757.65,127.83,16.9,2022-03-01,2028-12-31,2028-12-31,2026-01-01,36,0.0,0
PAIM-604853,Faridabad (Ministry of Petroleum & Natural Gas) (604853),Infrastructure & Highways,Ministry of Petroleum & Natural Gas,604853,Haryana,1903.29,1903.29,1562.99,82.1,2024-03-01,2026-12-31,2029-12-31,2026-01-01,6,0.0,0
PAIM-611917,Poly Butadiene Rubber plant at Panipat (Indian Oil Corporation Limited [IOCL]) (611917),Infrastructure & Highways,Ministry of Petroleum & Natural Gas,611917,Haryana,1290.82,1290.82,632.83,49.0,2024-03-01,2027-12-31,2027-12-31,2026-01-01,18,0.0,0
PAIM-701289,Capacity Expansion of Panipat Refinery from 15 to 25 MMTPA (Ministry of Petroleum & Natural Gas) (701289),Infrastructure & Highways,Ministry of Petroleum & Natural Gas,701289,Haryana,2032.09,2032.09,724.44,35.6,2024-03-01,2028-12-31,2027-12-31,2026-01-01,0,0.0,0
PAIM-709783,and Petrochemical Complex. (MinistryofPetroleumNaturalGas) (709783),Infrastructure & Highways,Ministry of Petroleum & Natural Gas,709783,Haryana,3447.87,3447.87,1189.8,34.5,2022-03-01,2028-12-31,2028-12-31,2026-01-01,6,0.0,0
PAIM-709773,Districts (MinistryofPetroleumNaturalGas) (709773),Infrastructure & Highways,Ministry of Petroleum & Natural Gas,709773,Multi-State,719.14,719.14,130.64,18.2,2024-03-01,2028-12-31,2027-12-31,2026-01-01,12,0.0,0
PAIM-610984,Development of Jharia CBM Block [Phase-1] (Oil and Natural Gas Corporation Limited [ONGC]) (610984),Infrastructure & Highways,Ministry of Petroleum & Natural Gas,610984,Multi-State,3776.34,3776.34,2322.83,61.5,2022-03-01,2027-12-31,2029-12-31,2026-01-01,0,0.0,0
PAIM-709785,Laying of Natural Gas Pipeline from Hazaribagh to Ranchi [HRPL] (MinistryofPetroleumNaturalGas) (709785),Infrastructure & Highways,Ministry of Petroleum & Natural Gas,709785,Karnataka,1397.04,1397.04,281.51,20.2,2023-03-01,2026-12-31,2027-12-31,2026-01-01,0,0.0,0
PAIM-612790,Power System Upgradation Project (Mangalore Refinary and Petrochemicals Limited) (612790),Infrastructure & Highways,Ministry of Petroleum & Natural Gas,612790,Karnataka,3372.96,3372.96,2132.78,63.2,2021-03-01,2028-12-31,2029-12-31,2026-01-01,24,0.0,0
PAIM-616879,Demo Bio-ATF Project (Ministry of Petroleum & Natural Gas) (616879),Infrastructure & Highways,Ministry of Petroleum & Natural Gas,616879,Karnataka,1887.04,1887.04,1023.38,54.2,2021-03-01,2028-12-31,2029-12-31,2026-01-01,18,0.0,0
PAIM-709774,Revamping/ Augmentation of facilities at existing port terminal at Mangalore (Ministry of Petroleum & Natural Gas) (7097,Infrastructure & Highways,Ministry of Petroleum & Natural Gas,709774,Karnataka,3788.52,3788.52,1668.4,44.0,2022-03-01,2028-12-31,2028-12-31,2026-01-01,0,0.0,0
PAIM-617838,Palakkad TOP (Ministry of Petroleum & Natural Gas) (617838),Infrastructure & Highways,Ministry of Petroleum & Natural Gas,617838,Multi-State,4288.4,4288.4,2807.1,65.5,2024-03-01,2027-12-31,2027-12-31,2026-01-01,6,0.0,0
PAIM-709790,Replacement and Extension of Jetty Pipelines [REJP] at KR (Bharat Petroleum Corporation Limited [BPCL]) (709790),Infrastructure & Highways,Ministry of Petroleum & Natural Gas,709790,Multi-State,2304.97,2304.97,1882.32,81.7,2024-03-01,2028-12-31,2028-12-31,2026-01-01,12,0.0,0
PAIM-709799,Setting up Polypropylene Unit at Kochi Refinery (MinistryofPetroleumNaturalGas) (709799),Infrastructure & Highways,Ministry of Petroleum & Natural Gas,709799,Madhya Pradesh,1157.54,1157.54,366.35,31.6,2022-03-01,2028-12-31,2028-12-31,2026-01-01,36,0.0,0
PAIM-617830,C2/C3 Vijaipur Pata Pipeline (Ministry of Petroleum & Natural Gas) (617830),Infrastructure & Highways,Ministry of Petroleum & Natural Gas,617830,Madhya Pradesh,2996.71,2996.71,1896.56,63.3,2024-03-01,2026-12-31,2029-12-31,2026-01-01,36,0.0,0
PAIM-709798,and expansion of Refinery (MinistryofPetroleumNaturalGas) (709798),Infrastructure & Highways,Ministry of Petroleum & Natural Gas,709798,Maharashtra,2785.38,2785.38,606.55,21.8,2022-03-01,2027-12-31,2027-12-31,2026-01-01,36,0.0,0
PAIM-400168,"500 KTA PDHPP Project, Usar (Ministry of Petroleum & Natural Gas) (400168)",Infrastructure & Highways,Ministry of Petroleum & Natural Gas,400168,Maharashtra,2040.24,2040.24,229.28,11.2,2024-03-01,2027-12-31,2027-12-31,2026-01-01,0,0.0,0
PAIM-616933,Lube Modernization & Bottom Upgradation Project at Mumbai Refinery (Ministry of Petroleum and Natural Gas) (616933),Infrastructure & Highways,Ministry of Petroleum & Natural Gas,616933,Maharashtra,2140.26,2140.26,1156.88,54.1,2021-03-01,2026-12-31,2028-12-31,2026-01-01,0,0.0,0
PAIM-709760,HP TDAE Unit in Mumbai Refinery (Hindustan Petroleum Corporation Limited) (709760),Infrastructure & Highways,Ministry of Petroleum & Natural Gas,709760,Maharashtra,1070.61,1070.61,178.75,16.7,2023-03-01,2026-12-31,2029-12-31,2026-01-01,24,0.0,0
PAIM-709771,"City Gas Distribution Project at Beed, Jalgaon and Jalna Districts (MinistryofPetroleumNaturalGas) (709771)",Infrastructure & Highways,Ministry of Petroleum & Natural Gas,709771,Maharashtra,538.11,538.11,127.22,23.6,2022-03-01,2027-12-31,2027-12-31,2026-01-01,12,0.0,0
PAIM-709780,Construction of Additional Tankages and Allied Facilities at JNPT Terminal (MinistryofPetroleumNaturalGas) (709780),Infrastructure & Highways,Ministry of Petroleum & Natural Gas,709780,Maharashtra,4169.57,4169.57,3160.93,75.8,2021-03-01,2026-12-31,2028-12-31,2026-01-01,36,0.0,0
PAIM-709782,ATF Pipeline from Jawaharlal Nehru Port Trust to Navi Mumbai International Airport (Indian Oil Corporation Limited [IOCL,Infrastructure & Highways,Ministry of Petroleum & Natural Gas,709782,Maharashtra,1615.13,1615.13,1343.22,83.2,2023-03-01,2026-12-31,2028-12-31,2026-01-01,12,0.0,0
PAIM-709789,Installation of Independent De- Aromatized Solvents [DAS] production facilities at MR (Bharat Petroleum Corporation Limi,Infrastructure & Highways,Ministry of Petroleum & Natural Gas,709789,Maharashtra,1305.88,1305.88,914.71,70.0,2024-03-01,2028-12-31,2028-12-31,2026-01-01,12,0.0,0
PAIM-709797,POL & LOBS Installations with Receipt Pipelines at Rasayani (Bharat Petroleum Corporation Limited [BPCL]) (709797),Infrastructure & Highways,Ministry of Petroleum & Natural Gas,709797,Maharashtra,3109.81,3109.81,2596.92,83.5,2021-03-01,2026-12-31,2027-12-31,2026-01-01,18,0.0,0
PAIM-709846,Part Replacement Pipeline Project  [PRPP] (Oil and Natural Gas Corporation Limited [ONGC]) (709846),Infrastructure & Highways,Ministry of Petroleum & Natural Gas,709846,Maharashtra,1222.56,1222.56,725.18,59.3,2023-03-01,2026-12-31,2028-12-31,2026-01-01,6,0.0,0
PAIM-616254,Visakh Raipur Pipeline Project (Ministry of Petroleum and Natural Gas) (616254),Infrastructure & Highways,Ministry of Petroleum & Natural Gas,616254,Maharashtra,3639.75,3639.75,1037.85,28.5,2022-03-01,2026-12-31,2029-12-31,2026-01-01,36,0.0,0
PAIM-709757,"CGD Project in Banka, Dumka, Godda, Jamtara, Pakur, Sahibganj GA ID 11A.02 (Hindustan Petroleum Corporation Limited) (70",Infrastructure & Highways,Ministry of Petroleum & Natural Gas,709757,Bihar,2710.78,2710.78,698.48,25.8,2024-03-01,2027-12-31,2029-12-31,2026-01-01,12,0.0,0
PAIM-701354,Mumbai Nagpur Jharsuguda Pipeline Project (Ministry of Petroleum & Natural Gas) (701354),Infrastructure & Highways,Ministry of Petroleum & Natural Gas,701354,Maharashtra,1887.59,1887.59,794.17,42.1,2024-03-01,2027-12-31,2028-12-31,2026-01-01,36,0.0,0
PAIM-701330,Mehsana-Bhatinda & Bhatinda-Jammu Natural Gas Pipeline (Ministry of Petroleum & Natural Gas) (701330),Infrastructure & Highways,Ministry of Petroleum & Natural Gas,701330,Maharashtra,886.75,886.75,274.4,30.9,2021-03-01,2026-12-31,2029-12-31,2026-01-01,0,0.0,0
PAIM-612853,Gurdaspur Jammu Pipeline (Gas Authority of India Limited [GAIL]) (612853),Infrastructure & Highways,Ministry of Petroleum & Natural Gas,612853,Punjab,4172.65,4172.65,713.84,17.1,2022-03-01,2027-12-31,2029-12-31,2026-01-01,12,0.0,0
PAIM-701228,Kochi - Koottanad - Bangalore - Mangalore Pipeline Phase-II (Ministry of Petroleum & Natural Gas) (701228),Infrastructure & Highways,Ministry of Petroleum & Natural Gas,701228,Maharashtra,3504.59,3504.59,1600.97,45.7,2024-03-01,2028-12-31,2028-12-31,2026-01-01,0,0.0,0
PAIM-701338,City Gas Distribution Maharashtra Natural Gas Limited (Ministry of Petroleum & Natural Gas) (701338),Infrastructure & Highways,Ministry of Petroleum & Natural Gas,701338,Maharashtra,2294.55,2294.55,380.42,16.6,2021-03-01,2026-12-31,2029-12-31,2026-01-01,12,0.0,0
PAIM-701344,Dhamra Haldia Pipeline Project (Ministry of Petroleum & Natural Gas) (701344),Infrastructure & Highways,Ministry of Petroleum & Natural Gas,701344,Maharashtra,1099.17,1099.17,417.53,38.0,2021-03-01,2027-12-31,2028-12-31,2026-01-01,12,0.0,0
PAIM-709794,and Hanumangarh districts (Bharat Petroleum Corporation Limited [BPCL]) (709794),Infrastructure & Highways,Ministry of Petroleum & Natural Gas,709794,Rajasthan,3680.33,3680.33,1350.5,36.7,2023-03-01,2026-12-31,2029-12-31,2026-01-01,18,0.0,0
PAIM-604859,Refinery (Ministry of Petroleum & Natural Gas) (604859),Infrastructure & Highways,Ministry of Petroleum & Natural Gas,604859,Odisha,2438.72,2438.72,1351.03,55.4,2021-03-01,2027-12-31,2028-12-31,2026-01-01,6,0.0,0
PAIM-617818,"City Gas Distribution [CGD] Project in Gajapati, Kandhamal, Boudh, & Sonepur GA (GAIL Gas) (617818)",Infrastructure & Highways,Ministry of Petroleum & Natural Gas,617818,Odisha,714.12,714.12,382.1,53.5,2024-03-01,2026-12-31,2029-12-31,2026-01-01,36,0.0,0
PAIM-709800,"CUF POL Depot at Sadashibpur [Meramundali], Odisha (MinistryofPetroleumNaturalGas) (709800)",Infrastructure & Highways,Ministry of Petroleum & Natural Gas,709800,Odisha,3067.98,3067.98,332.63,10.8,2024-03-01,2027-12-31,2027-12-31,2026-01-01,6,0.0,0
PAIM-400119,Life Extension of 48 well platforms of Mumbai High & Heera Fields (Oil and Natural Gas Corporation Limited [ONGC]) (4001,Infrastructure & Highways,Ministry of Petroleum & Natural Gas,400119,Odisha,3239.5,3239.5,1770.82,54.7,2023-03-01,2027-12-31,2027-12-31,2026-01-01,6,0.0,0
PAIM-616950,PRP-VIII [Group-A] (Ministry of Petroleum & Natural Gas) (616950),Infrastructure & Highways,Ministry of Petroleum & Natural Gas,616950,Multi-State,3305.43,3305.43,1530.58,46.3,2024-03-01,2028-12-31,2027-12-31,2026-01-01,6,0.0,0
PAIM-709839,Daman Upside Development Project (Oil and Natural Gas Corporation Limited [ONGC]) (709839),Infrastructure & Highways,Ministry of Petroleum & Natural Gas,709839,Multi-State,2933.32,2933.32,1485.12,50.6,2022-03-01,2028-12-31,2029-12-31,2026-01-01,36,0.0,0
PAIM-709848,MHN TCPP PGC BGC Project [MTPBP] (Ministry of Petroleum & Natural Gas) (709848),Infrastructure & Highways,Ministry of Petroleum & Natural Gas,709848,Multi-State,1080.63,1080.63,430.27,39.8,2022-03-01,2027-12-31,2029-12-31,2026-01-01,12,0.0,0
PAIM-709849,PRP-VIII Group B [NH & BS Asset] (Ministry of Petroleum & Natural Gas) (709849),Infrastructure & Highways,Ministry of Petroleum & Natural Gas,709849,Multi-State,3328.46,3328.46,1324.92,39.8,2024-03-01,2026-12-31,2027-12-31,2026-01-01,0,0.0,0
PAIM-709851,Integrated Development of 4 Contract Areas under DSF-II (Ministry of Petroleum & Natural Gas) (709851),Infrastructure & Highways,Ministry of Petroleum & Natural Gas,709851,Punjab,4006.24,4006.24,821.77,20.5,2021-03-01,2028-12-31,2028-12-31,2026-01-01,6,0.0,0
PAIM-400171,2G Ethanol Biorefinery at Bathinda (Hindustan Petroleum Corporation Limited [HPCL]) (400171),Infrastructure & Highways,Ministry of Petroleum & Natural Gas,400171,Punjab,1075.57,1075.57,691.87,64.3,2023-03-01,2026-12-31,2027-12-31,2026-01-01,36,0.0,0
PAIM-709770,City Gas Distribution Project at Pathankot District (MinistryofPetroleumNaturalGas) (709770),Infrastructure & Highways,Ministry of Petroleum & Natural Gas,709770,Tamil Nadu,2269.78,2269.78,1614.74,71.1,2022-03-01,2026-12-31,2029-12-31,2026-01-01,12,0.0,0
PAIM-604795,CBR 9 MMTPA Project (Chennai Petroleum Corporation Limited [CPCL]) (604795),Infrastructure & Highways,Ministry of Petroleum & Natural Gas,604795,Tamil Nadu,1964.11,1964.11,995.43,50.7,2021-03-01,2027-12-31,2027-12-31,2026-01-01,6,0.0,0
PAIM-709750,between CPCL Manali Refinery and CPCL Desalination plant at Ennore (Chennai Petroleum Corporation Limited [CPCL]) (70975,Infrastructure & Highways,Ministry of Petroleum & Natural Gas,709750,Tamil Nadu,4421.42,4421.42,612.81,13.9,2024-03-01,2027-12-31,2028-12-31,2026-01-01,12,0.0,0
PAIM-709796,City Gas Distribution Projects at the Nilgiris and Erode districts (Bharat Petroleum Corporation Limited [BPCL]) (709796,Infrastructure & Highways,Ministry of Petroleum & Natural Gas,709796,Tamil Nadu,2887.57,2887.57,957.28,33.2,2023-03-01,2027-12-31,2027-12-31,2026-01-01,36,0.0,0
PAIM-617822,airport (MinistryofPetroleumNaturalGas) (617822),Infrastructure & Highways,Ministry of Petroleum & Natural Gas,617822,Tamil Nadu,2071.82,2071.82,208.6,10.1,2023-03-01,2027-12-31,2028-12-31,2026-01-01,6,0.0,0
PAIM-400161,"PP Project, Pata (Gas Authority of India Limited [GAIL]) (400161)",Infrastructure & Highways,Ministry of Petroleum & Natural Gas,400161,Uttar Pradesh,2764.96,2764.96,948.54,34.3,2021-03-01,2026-12-31,2027-12-31,2026-01-01,24,0.0,0
PAIM-709781,Revamping / Augmentation of Facilities at Mathura Bitumen Plant (MinistryofPetroleumNaturalGas) (709781),Infrastructure & Highways,Ministry of Petroleum & Natural Gas,709781,Uttar Pradesh,3085.02,3085.02,1672.07,54.2,2023-03-01,2026-12-31,2029-12-31,2026-01-01,6,0.0,0
PAIM-709795,"Shravasti,Balrampur, Siddharth Nagar & Maharajganj districts (Bharat Petroleum Corporation Limited [BPCL]) (709795)",Infrastructure & Highways,Ministry of Petroleum & Natural Gas,709795,Uttar Pradesh,3483.43,3483.43,1346.72,38.7,2022-03-01,2028-12-31,2028-12-31,2026-01-01,18,0.0,0
PAIM-617302,Durgapur - Haldia Pipeline [Section-3B of JHBDPL Project] (Ministry of Petroleum & Natural Gas) (617302),Infrastructure & Highways,Ministry of Petroleum & Natural Gas,617302,Uttar Pradesh,800.36,800.36,533.65,66.7,2021-03-01,2028-12-31,2027-12-31,2026-01-01,0,0.0,0
PAIM-617828,Siliguri-Jhapa Pipeline Project (Indian Oil Corporation Limited [IOCL]) (617828),Infrastructure & Highways,Ministry of Petroleum & Natural Gas,617828,West Bengal,2753.95,2753.95,275.74,10.0,2024-03-01,2027-12-31,2029-12-31,2026-01-01,12,0.0,0
PAIM-617837,Siliguri Marketing Terminal [SMT] Capacity Augmentation Project (Ministry of Petroleum & Natural Gas) (617837),Infrastructure & Highways,Ministry of Petroleum & Natural Gas,617837,West Bengal,3168.39,3168.39,2444.87,77.2,2024-03-01,2027-12-31,2028-12-31,2026-01-01,6,0.0,0
PAIM-709753,Haldia Panagarh Pipeline Project (Hindustan Petroleum Corporation Limited) (709753),Infrastructure & Highways,Ministry of Petroleum & Natural Gas,709753,West Bengal,298.09,298.09,249.87,83.8,2024-03-01,2028-12-31,2027-12-31,2026-01-01,6,0.0,0
PAIM-709758,"CGD Project in Malda, Birbhum, Murshidabad, Dakshin Dinajpur GA ID 11A.03 (Hindustan Petroleum Corporation Limited) (709",Infrastructure & Highways,Ministry of Health & Family Welfare,709758,West Bengal,2364.14,2364.14,1282.15,54.2,2022-03-01,2027-12-31,2028-12-31,2026-01-01,6,0.0,0
PAIM-709772,"City Gas Distribution Project at East Mednipore, West Mednipore & Jhargram Districts (MinistryofPetroleumNaturalGas) (70",Infrastructure & Highways,Ministry of Health & Family Welfare,709772,West Bengal,1319.69,1319.69,335.36,25.4,2023-03-01,2027-12-31,2029-12-31,2026-01-01,0,0.0,0
PAIM-709791,City Gas Distribution Projects at Alipurduar and Cooch Behar (Bharat Petroleum Corporation Limited [BPCL]) (709791),Infrastructure & Highways,Ministry of Health & Family Welfare,709791,West Bengal,1311.55,1311.55,537.62,41.0,2022-03-01,2027-12-31,2027-12-31,2026-01-01,6,0.0,0
PAIM-701172,AIIMS Darbhanga (PMSSY AND Institute of NATIONAL Importance) (701172),Infrastructure & Highways,Ministry of Health & Family Welfare,701172,Bihar,923.51,923.51,228.87,24.8,2021-03-01,2027-12-31,2027-12-31,2026-01-01,12,0.0,0
PAIM-617882,Delhi (PMSSY AND Institute of NATIONAL Importance) (617882),Infrastructure & Highways,Ministry of Health & Family Welfare,617882,Delhi,2300.41,2300.41,920.9,40.0,2021-03-01,2027-12-31,2029-12-31,2026-01-01,36,0.0,0
PAIM-617883,"campuses of AIIMS, New Delhi (PMSSY AND Institute of NATIONAL Importance) (617883)",Infrastructure & Highways,Ministry of Health & Family Welfare,617883,Gujarat,1664.87,1664.87,778.74,46.8,2021-03-01,2027-12-31,2028-12-31,2026-01-01,0,0.0,0
PAIM-701170,AIIMS Rajkot (PMSSY AND Institute of NATIONAL Importance) (701170),Infrastructure & Highways,Ministry of Health & Family Welfare,701170,Gujarat,3301.23,3301.23,1597.57,48.4,2022-03-01,2028-12-31,2027-12-31,2026-01-01,6,0.0,0
PAIM-701173,AIIMS Majra Rewari Haryana (PMSSY AND Institute of NATIONAL Importance) (701173),Infrastructure & Highways,Ministry of Health & Family Welfare,701173,Gujarat,4495.85,4495.85,2735.28,60.8,2022-03-01,2028-12-31,2027-12-31,2026-01-01,18,0.0,0
PAIM-701167,AIIMS Kashmir at Awantipora Jammu & Kashmir (PMSSY AND Institute of NATIONAL Importance) (701167),Infrastructure & Highways,Ministry of Health & Family Welfare,701167,Haryana,736.14,736.14,119.67,16.3,2021-03-01,2027-12-31,2028-12-31,2026-01-01,6,0.0,0
PAIM-701168,ALL India Institute of Medical Sciences-AIIMS  Madurai (PMSSY AND Institute of NATIONAL Importance) (701168),Infrastructure & Highways,Ministry of Health & Family Welfare,701168,Tamil Nadu,4497.06,4497.06,784.85,17.5,2022-03-01,2027-12-31,2029-12-31,2026-01-01,0,0.0,0
PAIM-701171,AIIMS Bibinagar (PMSSY AND Institute of NATIONAL Importance) (701171),Infrastructure & Highways,Ministry of Health & Family Welfare,701171,Tamil Nadu,3067.13,3067.13,1598.3,52.1,2022-03-01,2027-12-31,2028-12-31,2026-01-01,6,0.0,0
PAIM-612167,"Visakhapatnam, Andhra Pradesh (Employee's State Insurance Company [ESIC]) (612167)",Infrastructure & Highways,Ministry of Health & Family Welfare,612167,Andhra Pradesh,1372.95,1372.95,365.81,26.6,2021-03-01,2028-12-31,2027-12-31,2026-01-01,36,0.0,0
PAIM-612185,Gujarat. (Employee's State Insurance Company [ESIC]) (612185),Infrastructure & Highways,Ministry of Ports,612185,Gujarat,1303.94,1303.94,979.71,75.1,2024-03-01,2028-12-31,2029-12-31,2026-01-01,24,0.0,0
PAIM-612186,350 Bedded [Upgradable to 500 beds] ESI Hospital at Sanand (Employee's State Insurance Company [ESIC]) (612186),Infrastructure & Highways,Ministry of Ports,612186,Gujarat,4293.77,4293.77,2760.42,64.3,2024-03-01,2028-12-31,2029-12-31,2026-01-01,36,0.0,0
PAIM-612211,to 150 beds. (Employee's State Insurance Company [ESIC]) (612211),Infrastructure & Highways,Ministry of Ports,612211,Gujarat,451.0,451.0,231.69,51.4,2024-03-01,2028-12-31,2028-12-31,2026-01-01,24,0.0,0
PAIM-612745,"Construction of 200 bed ESI Hospital at Bommasandra, Karnataka (Employee's State Insurance Company [ESIC]) (612745)",Infrastructure & Highways,Ministry of Ports,612745,Gujarat,1222.89,1222.89,893.77,73.1,2021-03-01,2026-12-31,2029-12-31,2026-01-01,18,0.0,0
PAIM-612748,Karnataka (Employee's State Insurance Company [ESIC]) (612748),Infrastructure & Highways,Ministry of Ports,612748,Karnataka,1634.07,1634.07,711.43,43.5,2021-03-01,2028-12-31,2028-12-31,2026-01-01,24,0.0,0
PAIM-612188,"ESIC Hospital at Bibewadi, Pune (Employee's State Insurance Company [ESIC]) (612188)",Infrastructure & Highways,Ministry of Ports,612188,Maharashtra,3226.5,3226.5,917.96,28.5,2022-03-01,2028-12-31,2029-12-31,2026-01-01,0,0.0,0
PAIM-612213,"Construction of 200 Bedded ESIC Hospital at Butibori, Nagpur, Maharashtra. (Employee's State Insurance Company [ESIC]) (",Infrastructure & Highways,Ministry of Ports,612213,Maharashtra,4091.79,4091.79,2016.5,49.3,2021-03-01,2026-12-31,2029-12-31,2026-01-01,6,0.0,0
PAIM-616691,"Housing for ESIC Hospital at Andheri, Mumbai (Employee's State Insurance Company [ESIC]) (616691)",Infrastructure & Highways,Ministry of Ports,616691,Maharashtra,340.38,340.38,219.35,64.4,2021-03-01,2026-12-31,2028-12-31,2026-01-01,0,0.0,0
PAIM-612513,"Construction of 100 Bedded ESI Hospital at Duburi, Odisha. (Employee's State Insurance Company [ESIC]) (612513)",Infrastructure & Highways,Ministry of Ports,612513,Maharashtra,2686.43,2686.43,1349.74,50.2,2021-03-01,2026-12-31,2029-12-31,2026-01-01,18,0.0,0
PAIM-612178,"at Vallam Vadangal, SIPCOT, Sriperumbudur (Employee's State Insurance Company [ESIC]) (612178)",Infrastructure & Highways,Ministry of Ports,612178,Tamil Nadu,458.93,458.93,189.72,41.3,2023-03-01,2026-12-31,2027-12-31,2026-01-01,24,0.0,0
PAIM-612259,CONSTRUCTION OF 300 BEDDED HOSPITAL AT HARIDWAR (Employee's State Insurance Company [ESIC]) (612259),Infrastructure & Highways,Ministry of Ports,612259,Tamil Nadu,359.7,359.7,98.37,27.3,2024-03-01,2026-12-31,2027-12-31,2026-01-01,24,0.0,0
PAIM-708662,Medical college and further expansion on PPP basis. (Mumbai Port Trust [MPT]) (708662),Infrastructure & Highways,Ministry of Ports,708662,Maharashtra,3537.19,3537.19,1072.5,30.3,2021-03-01,2028-12-31,2028-12-31,2026-01-01,0,0.0,0
PAIM-701565,Jal Marg Vikas Project (Inland Waterways Authority of India [IWAI]) (701565),Infrastructure & Highways,Ministry of Ports,701565,Maharashtra,2100.05,2100.05,1019.19,48.5,2021-03-01,2028-12-31,2029-12-31,2026-01-01,24,0.0,0
PAIM-611142,Fairway Development in West Bengal Farakka - Kahelgaon (Inland Waterways Authority of India [IWAI]) (611142),Infrastructure & Highways,Ministry of Ports,611142,West Bengal,4015.97,4015.97,476.95,11.9,2023-03-01,2028-12-31,2028-12-31,2026-01-01,12,0.0,0
PAIM-609424,Under PPP Mode (Deendayal Port Trust) (609424),Infrastructure & Highways,Ministry of Ports,609424,Gujarat,3437.02,3437.02,1647.42,47.9,2022-03-01,2028-12-31,2027-12-31,2026-01-01,18,0.0,0
PAIM-701568,Construction of oil jetty No.8 at old kandla through internal resources (Deendayal Port Trust [DPT]) (701568),Infrastructure & Highways,Ministry of Ports,701568,Gujarat,1708.68,1708.68,458.59,26.8,2021-03-01,2026-12-31,2027-12-31,2026-01-01,24,0.0,0
PAIM-701570,"Replacement and revamping of pipeline projects in oil jetty area, Kandla (Deendayal Port Trust [DPT]) (701570)",Infrastructure & Highways,Ministry of Ports,701570,Gujarat,709.03,709.03,519.12,73.2,2023-03-01,2028-12-31,2029-12-31,2026-01-01,0,0.0,0
PAIM-617804,basis - Phase II (New Mangalore Port Authority) (617804),Infrastructure & Highways,Ministry of Ports,617804,Maharashtra,4072.2,4072.2,1539.25,37.8,2023-03-01,2028-12-31,2027-12-31,2026-01-01,6,0.0,0
PAIM-400382,Rewas Port Project (Reliance Industries Ltd) (400382),Infrastructure & Highways,Ministry of Ports,400382,Maharashtra,4168.37,4168.37,3164.14,75.9,2022-03-01,2026-12-31,2027-12-31,2026-01-01,0,0.0,0
PAIM-701586,Setting up of a Floating Storage and Regasification Unit [FSRU] - Mumbai (Mumbai Port Trust [MPT]) (701586),Infrastructure & Highways,Ministry of Ports,701586,Maharashtra,2704.01,2704.01,332.61,12.3,2023-03-01,2026-12-31,2028-12-31,2026-01-01,0,0.0,0
PAIM-701574,Western Dock on BOT basis to handle Cape size vessels (Paradip Port Trust [PPT]) (701574),Infrastructure & Highways,Ministry of Ports,701574,Odisha,600.0,600.0,134.13,22.4,2022-03-01,2026-12-31,2029-12-31,2026-01-01,36,0.0,0
PAIM-701576,"Berth No. 2 [previously Berth 3] of HDC Mechanization Project (Haldia Dock Complex, Syama Prasad Mookerjee Port Authorit",Infrastructure & Highways,Ministry of Ports,701576,West Bengal,3322.89,3322.89,2227.23,67.0,2024-03-01,2028-12-31,2028-12-31,2026-01-01,6,0.0,0
PAIM-701577,"Shalukkhali Liquid Cargo Handling Facility Development Project (Haldia Dock Complex, Syama Prasad Mookerjee Port Authori",Infrastructure & Highways,Ministry of Ports,701577,West Bengal,3142.96,3142.96,1178.46,37.5,2024-03-01,2028-12-31,2027-12-31,2026-01-01,12,0.0,0
PAIM-707215,National Maritime Heritage Complex [NMHC] Phase-I (Indian Port Rail & Ropeway Corporation Ltd. [IPRCL]) (707215),Infrastructure & Highways,Ministry of Steel,707215,Gujarat,1952.57,1952.57,240.37,12.3,2024-03-01,2026-12-31,2027-12-31,2026-01-01,6,0.0,0
PAIM-701658,Krishnapatnam Node - Phase 1 - Roads and Services Development (National Industrial Corridor Development Corporation) (70,Infrastructure & Highways,Ministry of Steel,701658,Andhra Pradesh,1973.21,1973.21,1287.35,65.2,2022-03-01,2026-12-31,2029-12-31,2026-01-01,6,0.0,0
PAIM-701657,Tumakuru Node - Phase 1 - Roads and Services Development (National Highways & Infrastructure Development Corporation Ltd,Infrastructure & Highways,Ministry of Steel,701657,Karnataka,510.75,510.75,290.19,56.8,2022-03-01,2027-12-31,2028-12-31,2026-01-01,12,0.0,0
PAIM-615202,Capacity expansion of Deposit-14 and 14 NMZ at Kirandul (National Mineral Development Corporation Limited [NMDC]) (61520,Infrastructure & Highways,Ministry of Steel,615202,Multi-State,3263.71,3263.71,1007.98,30.9,2021-03-01,2027-12-31,2028-12-31,2026-01-01,0,0.0,0
PAIM-617243,Replacement of Hot Leveller No.1 of Plate Mill at Bhilai Steel Plant (Steel Authority of India Limited [SAIL]) (617243),Infrastructure & Highways,Ministry of Steel,617243,Multi-State,841.6,841.6,254.85,30.3,2022-03-01,2027-12-31,2028-12-31,2026-01-01,36,0.0,0
PAIM-617255,Secondary Emission at Bhilai Steel Plant (Steel Authority of India Limited [SAIL]) (617255),Infrastructure & Highways,Ministry of Steel,617255,Multi-State,1041.08,1041.08,459.67,44.2,2022-03-01,2026-12-31,2027-12-31,2026-01-01,18,0.0,0
PAIM-617256,Rebuilding of Coke Oven Battery No.7 & 8 at Bhilai Steel Plant (Steel Authority of India Limited [SAIL]) (617256),Infrastructure & Highways,Ministry of Steel,617256,Multi-State,1521.71,1521.71,860.35,56.5,2022-03-01,2026-12-31,2027-12-31,2026-01-01,6,0.0,0
PAIM-706811,NMDC Slurry Pipeline Project Phase-1 (National Mineral Development Corporation Limited [NMDC]) (706811),Infrastructure & Highways,Ministry of Steel,706811,Multi-State,4301.82,4301.82,1198.28,27.9,2023-03-01,2028-12-31,2028-12-31,2026-01-01,0,0.0,0
PAIM-709826,SCREENING PLANT-III AT KIRANDUL (National Mineral Development Corporation Limited [NMDC]) (709826),Infrastructure & Highways,Ministry of Steel,709826,Multi-State,1551.75,1551.75,167.71,10.8,2022-03-01,2027-12-31,2027-12-31,2026-01-01,12,0.0,0
PAIM-709827,CONSTRUCTION OF RESIDENTIAL TOWERS AT BIOM KIRANDUL COMPLEX (National Mineral Development Corporation Limited [NMDC]) (7,Infrastructure & Highways,Ministry of Steel,709827,Multi-State,456.58,456.58,106.3,23.3,2023-03-01,2027-12-31,2028-12-31,2026-01-01,24,0.0,0
PAIM-400174,"New Sinter Plant at BSL, SAIL (Steel Authority of India Limited [SAIL]) (400174)",Infrastructure & Highways,Ministry of Steel,400174,Multi-State,1398.01,1398.01,295.5,21.1,2023-03-01,2028-12-31,2028-12-31,2026-01-01,0,0.0,0
PAIM-617249,Replacement of existing Grinders in CRM-I & II at Bokaro Steel Plant (Steel Authority of India Limited [SAIL]) (617249),Infrastructure & Highways,Ministry of Steel,617249,Multi-State,2733.09,2733.09,974.51,35.7,2024-03-01,2026-12-31,2028-12-31,2026-01-01,18,0.0,0
PAIM-617250,Secondary Emission Control in Converters of SMS-II at Bokaro Steel Plant (Steel Authority of India Limited [SAIL]) (6172,Infrastructure & Highways,Ministry of Steel,617250,Multi-State,3404.45,3404.45,1974.57,58.0,2021-03-01,2027-12-31,2027-12-31,2026-01-01,24,0.0,0
PAIM-617253,Revamping of old sub-systems of Blast Furnace 3 at Bokaro Steel Plant (Steel Authority of India Limited [SAIL]) (617253),Infrastructure & Highways,Ministry of Steel,617253,Multi-State,3107.8,3107.8,1796.53,57.8,2021-03-01,2027-12-31,2027-12-31,2026-01-01,18,0.0,0
PAIM-617254,Plant-1 at Bokaro Steel Plant (Steel Authority of India Limited [SAIL]) (617254),Infrastructure & Highways,Ministry of Steel,617254,Multi-State,1188.11,1188.11,585.76,49.3,2022-03-01,2027-12-31,2029-12-31,2026-01-01,36,0.0,0
PAIM-617257,Rebuilding of Coke Oven Battery No.6 at Bokaro Steel Plant (Steel Authority of India Limited [SAIL]) (617257),Infrastructure & Highways,Ministry of Steel,617257,Multi-State,3455.57,3455.57,747.91,21.6,2022-03-01,2028-12-31,2028-12-31,2026-01-01,18,0.0,0
PAIM-400121,"Complex of NMDC Limited at Ballari Dt, Karnataka. (National Mineral Development Corporation Limited [NMDC]) (400121)",Infrastructure & Highways,Ministry of Steel,400121,Karnataka,4163.22,4163.22,1313.83,31.6,2024-03-01,2027-12-31,2028-12-31,2026-01-01,18,0.0,0
PAIM-612781,Rebuilding of COB 4 at Durgapur Steel Plant (Steel Authority of India Limited [SAIL]) (612781),Infrastructure & Highways,Ministry of Steel,612781,Karnataka,1477.67,1477.67,809.3,54.8,2021-03-01,2026-12-31,2027-12-31,2026-01-01,0,0.0,0
PAIM-617242,Installation of New Bar Mill at Durgapur Steel Plant (Steel Authority of India Limited [SAIL]) (617242),Infrastructure & Highways,Ministry of Steel,617242,West Bengal,4433.6,4433.6,1789.66,40.4,2023-03-01,2028-12-31,2027-12-31,2026-01-01,18,0.0,0
PAIM-617246,Up-gradation of Blast Furnace No. 3 at Durgapur Steel Plant (Steel Authority of India Limited [SAIL]) (617246),Infrastructure & Highways,Ministry of Steel,617246,West Bengal,2171.99,2171.99,602.64,27.7,2022-03-01,2028-12-31,2027-12-31,2026-01-01,18,0.0,0
PAIM-617248,Third Ladle Furnace in Secondary Refinery Unit at IISCO Steel Plant (Steel Authority of India Limited [SAIL]) (617248),Infrastructure & Highways,Ministry of Steel,617248,West Bengal,2960.95,2960.95,322.3,10.9,2023-03-01,2026-12-31,2027-12-31,2026-01-01,36,0.0,0
PAIM-617251,Revamping of Air Pollution Control Systems of SP-1 at Durgapur Steel Plant (Steel Authority of India Limited [SAIL]) (61,Infrastructure & Highways,Ministry of Steel,617251,West Bengal,1637.2,1637.2,1174.27,71.7,2023-03-01,2028-12-31,2027-12-31,2026-01-01,12,0.0,0
PAIM-617338,Stamp Charge Battery No.12 Battery Proper at IISCO Steel Plant (Steel Authority of India Limited [SAIL]) (617338),Infrastructure & Highways,Ministry of Steel,617338,West Bengal,4048.29,4048.29,945.29,23.4,2021-03-01,2028-12-31,2028-12-31,2026-01-01,6,0.0,0
PAIM-400298,Nadikudi - Srikalahasti New Line (South Central Railway [SCR] - II) (400298),Infrastructure & Highways,Ministry of Railways,400298,Andhra Pradesh,3860.85,3860.85,1196.07,31.0,2023-03-01,2028-12-31,2027-12-31,2026-01-01,36,0.0,0
PAIM-611752,GOOTY-PENDEKALLU DOUBLING 29.225 Km (South Central Railway [SCR] - II) (611752),Infrastructure & Highways,Ministry of Railways,611752,Andhra Pradesh,1608.01,1608.01,355.81,22.1,2024-03-01,2026-12-31,2029-12-31,2026-01-01,36,0.0,0
PAIM-611754,GUNTAKAL WEST-MALLAPPA GATE RAIL OVER RAIL - ROR TRACK (South Central Railway [SCR] - II) (611754),Infrastructure & Highways,Ministry of Railways,611754,Andhra Pradesh,1063.14,1063.14,490.3,46.1,2023-03-01,2027-12-31,2028-12-31,2026-01-01,12,0.0,0
PAIM-611927,Kurnool - Setting up facilities for coach midlife rehabilitation workshop (WPO/Patna) (611927),Infrastructure & Highways,Ministry of Railways,611927,Andhra Pradesh,379.09,379.09,50.57,13.3,2024-03-01,2028-12-31,2028-12-31,2026-01-01,24,0.0,0
PAIM-612827,Simhachalam  7.135 km    PB 73 of 2023  24 NR (East Coast Railway [ECoR] - II) (612827),Infrastructure & Highways,Ministry of Railways,612827,Andhra Pradesh,4300.13,4300.13,3299.63,76.7,2023-03-01,2026-12-31,2029-12-31,2026-01-01,18,0.0,0
PAIM-616697,to Gangavaram port (East Coast Railway [ECoR] - II) (616697),Infrastructure & Highways,Ministry of Railways,616697,Andhra Pradesh,3812.86,3812.86,2673.84,70.1,2021-03-01,2027-12-31,2027-12-31,2026-01-01,24,0.0,0
PAIM-617210,Tiupati Katpadi 104.39 kms (South Central Railway [SCR] - II) (617210),Infrastructure & Highways,Ministry of Railways,617210,Andhra Pradesh,879.79,879.79,585.39,66.5,2024-03-01,2028-12-31,2028-12-31,2026-01-01,6,0.0,0
PAIM-617216,3rd Line between Gudur Renigunta 83.17 Km (South Central Railway [SCR] - II) (617216),Infrastructure & Highways,Ministry of Railways,617216,Andhra Pradesh,2468.6,2468.6,946.25,38.3,2023-03-01,2028-12-31,2029-12-31,2026-01-01,18,0.0,0
PAIM-705253,Kurnool Coach Midlife Rehabilitation Project (WPO/Patna) (705253),Infrastructure & Highways,Ministry of Railways,705253,Andhra Pradesh,1116.01,1116.01,795.22,71.3,2024-03-01,2027-12-31,2029-12-31,2026-01-01,24,0.0,0
PAIM-705436,Kotapalli - Narasapur New Line (South Central Railway [SCR] - II) (705436),Infrastructure & Highways,Ministry of Railways,705436,Andhra Pradesh,3378.32,3378.32,2713.65,80.3,2021-03-01,2027-12-31,2029-12-31,2026-01-01,36,0.0,0
PAIM-705633,Guntur-Guntakal Doubling Project (South Central Railway [SCR] - II) (705633),Infrastructure & Highways,Ministry of Railways,705633,Andhra Pradesh,2778.7,2778.7,1772.01,63.8,2021-03-01,2028-12-31,2027-12-31,2026-01-01,0,0.0,0
PAIM-705648,Vijaywada-Gudur 3rd Line (RVNL - II) (705648),Infrastructure & Highways,Ministry of Railways,705648,Andhra Pradesh,949.57,949.57,780.1,82.2,2022-03-01,2028-12-31,2028-12-31,2026-01-01,12,0.0,0
PAIM-705789,Penukonda - Dharmavaram Doubling Project [41.5 Km] (South Western Railway [SWR] - II) (705789),Infrastructure & Highways,Ministry of Railways,705789,Assam,230.19,230.19,175.93,76.4,2024-03-01,2028-12-31,2029-12-31,2026-01-01,18,0.0,0
PAIM-400254,Sakri -Hasanpur [via Harnagar - Kusheshwar Asthan] New Railway line (East Central Railway [ECR] - I) (400254),Infrastructure & Highways,Ministry of Railways,400254,Bihar,2597.3,2597.3,1130.28,43.5,2023-03-01,2028-12-31,2027-12-31,2026-01-01,0,0.0,0
PAIM-617231,Construction of Bulb line at Nabinagar  Ankorah of East Central Railway (East Central Railway [ECR] - I) (617231),Infrastructure & Highways,Ministry of Railways,617231,Bihar,4057.71,4057.71,893.31,22.0,2022-03-01,2028-12-31,2029-12-31,2026-01-01,12,0.0,0
PAIM-705364,Khagaria-Kusheshwar Asthan [42Km] new line project (East Central Railway [ECR] - I) (705364),Infrastructure & Highways,Ministry of Railways,705364,Bihar,726.64,726.64,204.04,28.1,2023-03-01,2027-12-31,2027-12-31,2026-01-01,6,0.0,0
PAIM-705366,Hajipur-Sagauli New line (East Central Railway [ECR] - I) (705366),Infrastructure & Highways,Ministry of Railways,705366,Bihar,1781.91,1781.91,640.33,35.9,2024-03-01,2027-12-31,2029-12-31,2026-01-01,12,0.0,0
PAIM-705368,Araria Supaul New BG Line (East Central Railway [ECR] - I) (705368),Infrastructure & Highways,Ministry of Railways,705368,Bihar,3364.73,3364.73,1016.72,30.2,2022-03-01,2027-12-31,2029-12-31,2026-01-01,12,0.0,0
PAIM-705373,"Biharsharif, Biharsharif to Barbigha , Barbigha to Shekhpura (East Central Railway [ECR] - I) (705373)",Infrastructure & Highways,Ministry of Railways,705373,Bihar,572.93,572.93,238.96,41.7,2022-03-01,2028-12-31,2027-12-31,2026-01-01,0,0.0,0
PAIM-705450,Jogbani-Biratnagar New Rail Line project (Indian Railway Construction International Limited [IRCON]) (705450),Infrastructure & Highways,Ministry of Railways,705450,Bihar,562.24,562.24,249.77,44.4,2023-03-01,2027-12-31,2027-12-31,2026-01-01,18,0.0,0
PAIM-705526,Samastipur-Darbhanga Doubling Railway Project (East Central Railway [ECR] - I) (705526),Infrastructure & Highways,Ministry of Railways,705526,Bihar,1057.73,1057.73,875.6,82.8,2023-03-01,2028-12-31,2028-12-31,2026-01-01,0,0.0,0
PAIM-705527,Sagauli-Valmiknagar (East Central Railway [ECR] - I) (705527),Infrastructure & Highways,Ministry of Railways,705527,Bihar,1210.18,1210.18,705.78,58.3,2023-03-01,2027-12-31,2028-12-31,2026-01-01,0,0.0,0
PAIM-705528,Muzaffarpur-Sugauli (East Central Railway [ECR] - I) (705528),Infrastructure & Highways,Ministry of Railways,705528,Bihar,2084.38,2084.38,792.52,38.0,2022-03-01,2027-12-31,2027-12-31,2026-01-01,24,0.0,0
PAIM-706759,Rampur Dumra-Tal-Rajendrapul Additional Bridge and Railway Line Doubling (Indian Railway Construction International Limi,Infrastructure & Highways,Ministry of Railways,706759,Bihar,4292.77,4292.77,792.86,18.5,2022-03-01,2028-12-31,2029-12-31,2026-01-01,6,0.0,0
PAIM-706860,Barauni-Bachwara [16 km] - 3rd & 4th line incl. Barauni yard remodelling [32 km] (East Central Railway [ECR] - I) (70686,Infrastructure & Highways,Ministry of Railways,706860,Bihar,3664.69,3664.69,2211.61,60.3,2022-03-01,2027-12-31,2028-12-31,2026-01-01,18,0.0,0
PAIM-900874,JHAJHA - BATIA (East Central Railway [ECR] - I) (900874),Infrastructure & Highways,Ministry of Railways,900874,Bihar,1063.63,1063.63,529.38,49.8,2023-03-01,2028-12-31,2029-12-31,2026-01-01,12,0.0,0
PAIM-400220,Kharsia-Dharamjaygarh with Spur line [East Corridor-Phase 1] (Indian Railway Construction International Limited [IRCON]),Infrastructure & Highways,Ministry of Railways,400220,Bihar,1762.77,1762.77,714.03,40.5,2023-03-01,2026-12-31,2029-12-31,2026-01-01,12,0.0,0
PAIM-400291,Doubling of Kirandul-Jagdalpur Line [150 km] (East Coast Railway [ECoR] - II) (400291),Infrastructure & Highways,Ministry of Railways,400291,Multi-State,3173.78,3173.78,1664.09,52.4,2021-03-01,2027-12-31,2027-12-31,2026-01-01,12,0.0,0
PAIM-602792,Kms - 2nd Material Modification to Raipur Titlagarh doubling. (SECR) (602792),Infrastructure & Highways,Ministry of Railways,602792,Multi-State,2312.11,2312.11,1025.43,44.4,2023-03-01,2028-12-31,2029-12-31,2026-01-01,18,0.0,0
PAIM-612815,4th line between Nipania Bhatapara 14.4 Km (South East Central Railway [SECR] - II) (612815),Infrastructure & Highways,Ministry of Railways,612815,Multi-State,471.49,471.49,145.99,31.0,2024-03-01,2028-12-31,2027-12-31,2026-01-01,24,0.0,0
PAIM-617200,KHARSIA- NAYA RAIPUR-PARMALKASA 5th and 6th Line [278KM] (CAO/C/SECR) (617200),Infrastructure & Highways,Ministry of Railways,617200,Multi-State,1346.94,1346.94,306.8,22.8,2024-03-01,2028-12-31,2029-12-31,2026-01-01,24,0.0,0
PAIM-617374,"Dallirajhara - Rowghat New Rail Line Project, Phase-I (Rail Vikas Nigam Limited) (617374)",Infrastructure & Highways,Ministry of Railways,617374,Multi-State,3184.6,3184.6,2071.01,65.0,2024-03-01,2027-12-31,2027-12-31,2026-01-01,0,0.0,0
PAIM-705433,Dallirajhra- Rowghat New Railway Line - Phase I [95 km] (Rail Vikas Nigam Limited) (705433),Infrastructure & Highways,Ministry of Railways,705433,Multi-State,2206.98,2206.98,1055.28,47.8,2021-03-01,2027-12-31,2028-12-31,2026-01-01,18,0.0,0
PAIM-705444,Gevra Road-Pendra Road New Railway Line [135 km] (Indian Railway Construction International Limited [IRCON]) (705444),Infrastructure & Highways,Ministry of Railways,705444,Multi-State,1412.05,1412.05,718.21,50.9,2022-03-01,2028-12-31,2027-12-31,2026-01-01,0,0.0,0
PAIM-706854,Boridand - Ambikapur Doubling Line Project (South East Central Railway [SECR] - II) (706854),Infrastructure & Highways,Ministry of Railways,706854,Multi-State,3298.76,3298.76,443.6,13.4,2024-03-01,2026-12-31,2028-12-31,2026-01-01,6,0.0,0
PAIM-709815,4TH LINE - BHATAPARA-HATHBAND [8.8 KM] [PB-72/NR/2022-23] (SECR) (709815),Infrastructure & Highways,Ministry of Railways,709815,Multi-State,3543.53,3543.53,2619.59,73.9,2021-03-01,2028-12-31,2028-12-31,2026-01-01,12,0.0,0
PAIM-709816,4TH LINE - BHILAI-BHILAI NAGAR [8.8 KM] [PB-72/NR/2022-23] (SECR) (709816),Infrastructure & Highways,Ministry of Railways,709816,Multi-State,1453.84,1453.84,297.69,20.5,2021-03-01,2027-12-31,2027-12-31,2026-01-01,36,0.0,0
PAIM-709817,4TH LINE - DADHAPARA-BELHA [9.2 KM] [PB-72/NR/2022-23] (SECR) (709817),Infrastructure & Highways,Ministry of Railways,709817,Multi-State,1051.6,1051.6,319.11,30.3,2021-03-01,2027-12-31,2028-12-31,2026-01-01,36,0.0,0
PAIM-709818,4TH LINE RAJNANDGAON-DONGARHGARH [31.2 KM] [PB-72/NR/2022-23] (SECR) (709818),Infrastructure & Highways,Ministry of Railways,709818,Multi-State,2656.95,2656.95,2043.72,76.9,2024-03-01,2027-12-31,2028-12-31,2026-01-01,6,0.0,0
PAIM-709819,3RD AND 4TH LINE - SARAGBUNDIA AND MADWARANI (SECR) (709819),Infrastructure & Highways,Ministry of Railways,709819,Delhi,1214.77,1214.77,548.31,45.1,2022-03-01,2026-12-31,2027-12-31,2026-01-01,6,0.0,0
PAIM-613785,infrastructure (Rail Land Development Authority) (613785),Infrastructure & Highways,Ministry of Railways,613785,Delhi,508.6,508.6,317.96,62.5,2021-03-01,2028-12-31,2027-12-31,2026-01-01,36,0.0,0
PAIM-617379,Development of New Bijwasan Railway Terminal (Northern Railways) (617379),Infrastructure & Highways,Ministry of Railways,617379,Delhi,4285.19,4285.19,3286.33,76.7,2023-03-01,2027-12-31,2027-12-31,2026-01-01,24,0.0,0
PAIM-705583,Anand Vihar-Tilak Bridge 3rd & 4th line (CAO/C/NR) (705583),Infrastructure & Highways,Ministry of Railways,705583,Gujarat,3157.29,3157.29,813.46,25.8,2023-03-01,2026-12-31,2029-12-31,2026-01-01,6,0.0,0
PAIM-611918,Kosamba Umarpada 70 Km (PCE/WR) (611918),Infrastructure & Highways,Ministry of Railways,611918,Gujarat,908.66,908.66,140.83,15.5,2023-03-01,2028-12-31,2029-12-31,2026-01-01,18,0.0,0
PAIM-611943,New Broad Gauge line between Naliya to Jakhau Port (Western Railway (WR) - II) (611943),Infrastructure & Highways,Ministry of Railways,611943,Gujarat,2483.39,2483.39,435.35,17.5,2022-03-01,2027-12-31,2029-12-31,2026-01-01,36,0.0,0
PAIM-611944,direct entry towards Mundra Port and Bhuj and high level platform at Gopalpur 11Kms (Western Railway (WR) - II) (611944),Infrastructure & Highways,Ministry of Railways,611944,Gujarat,3856.88,3856.88,2517.59,65.3,2024-03-01,2028-12-31,2029-12-31,2026-01-01,36,0.0,0
PAIM-611945,Petlad Bhadran 23 Kms (Western Railway) (611945),Infrastructure & Highways,Ministry of Railways,611945,Gujarat,2977.9,2977.9,1433.79,48.1,2022-03-01,2026-12-31,2029-12-31,2026-01-01,0,0.0,0
PAIM-611970,Samlaya Timba Road 54 km (PCE/WR) (611970),Infrastructure & Highways,Ministry of Railways,611970,Gujarat,259.67,259.67,112.48,43.3,2021-03-01,2027-12-31,2027-12-31,2026-01-01,24,0.0,0
PAIM-611971,Samni Jambusar 24 km (PCE/WR) (611971),Infrastructure & Highways,Ministry of Railways,611971,Gujarat,2045.34,2045.34,1478.47,72.3,2022-03-01,2028-12-31,2029-12-31,2026-01-01,6,0.0,0
PAIM-611974,Western Railway Samakhiali Gandhidham Quadrupiling 53 Kms (Western Railway (WR) - II) (611974),Infrastructure & Highways,Ministry of Railways,611974,Gujarat,2744.72,2744.72,593.51,21.6,2023-03-01,2028-12-31,2029-12-31,2026-01-01,18,0.0,0
PAIM-611977,Manufacturing at (PCE/WR) (611977),Infrastructure & Highways,Ministry of Railways,611977,Gujarat,2536.02,2536.02,918.78,36.2,2024-03-01,2026-12-31,2028-12-31,2026-01-01,36,0.0,0
PAIM-611978,Dahod Rolling Stock Workshop Provision of Infrastructure for CBS at (PCE/WR) (611978),Infrastructure & Highways,Ministry of Railways,611978,Gujarat,3559.32,3559.32,2802.22,78.7,2021-03-01,2027-12-31,2027-12-31,2026-01-01,24,0.0,0
PAIM-611979,Sabarmati Setting up of Maintenance Facilities for Train Sets Phase ii (Western Railway (WR) - II) (611979),Infrastructure & Highways,Ministry of Railways,611979,Gujarat,3120.51,3120.51,478.86,15.3,2023-03-01,2026-12-31,2027-12-31,2026-01-01,0,0.0,0
PAIM-612072,4th LINE BETWEEN BAREJADI NANDEJ-SANAND-AHMEDABAD BYPASS (Western Railway WR - II) (612072),Infrastructure & Highways,Ministry of Railways,612072,Gujarat,1159.02,1159.02,397.9,34.3,2024-03-01,2028-12-31,2027-12-31,2026-01-01,6,0.0,0
PAIM-613786,"engineering, procurement and construction mode (Rail Land Development Authority) (613786)",Infrastructure & Highways,Ministry of Railways,613786,Gujarat,1212.55,1212.55,864.89,71.3,2024-03-01,2026-12-31,2029-12-31,2026-01-01,12,0.0,0
PAIM-618972,Devbhumi Dwarka [Okha] - Kanalus Doubling (Western Railway (WR) - II) (618972),Infrastructure & Highways,Ministry of Railways,618972,Gujarat,3899.4,3899.4,1898.23,48.7,2023-03-01,2026-12-31,2029-12-31,2026-01-01,0,0.0,0
PAIM-705458,Miyagam-Karjan-Dabhoi-Samlaya [GC] (Western Railway [WR] - II) (705458),Infrastructure & Highways,Ministry of Railways,705458,Gujarat,2500.67,2500.67,439.61,17.6,2021-03-01,2028-12-31,2029-12-31,2026-01-01,18,0.0,0
PAIM-706757,Modasa-Shamlaji Road Railway Line Project (Western Railway (WR) - II) (706757),Infrastructure & Highways,Ministry of Railways,706757,Gujarat,4200.65,4200.65,2856.19,68.0,2021-03-01,2027-12-31,2029-12-31,2026-01-01,36,0.0,0
PAIM-706763,Rajkot - Kanalus Doubling Project [111.2 Kms] (Western Railway WR - II) (706763),Infrastructure & Highways,Ministry of Railways,706763,Gujarat,3843.01,3843.01,788.54,20.5,2024-03-01,2028-12-31,2027-12-31,2026-01-01,18,0.0,0
PAIM-709812,NADIAD-PETLAD [37.26 KM] (Railway) (709812),Infrastructure & Highways,Ministry of Railways,709812,Gujarat,383.23,383.23,201.06,52.5,2023-03-01,2027-12-31,2029-12-31,2026-01-01,24,0.0,0
PAIM-709813,BOTAD-AHMEDABAD [16.51 KM] (Western Railway (WR) - II) (709813),Infrastructure & Highways,Ministry of Railways,709813,Gujarat,970.97,970.97,544.91,56.1,2021-03-01,2026-12-31,2028-12-31,2026-01-01,24,0.0,0
PAIM-611884,Bhiwani - Dobh Bahali Doubling Project [42.30 Km] (North Western Railway [NWR]) (611884),Infrastructure & Highways,Ministry of Railways,611884,Gujarat,1398.5,1398.5,610.05,43.6,2023-03-01,2028-12-31,2029-12-31,2026-01-01,24,0.0,0
PAIM-617372,Doubling between Pradhankunta-Patherih-Bhojudih of East Central Railway (East Central Railway [ECR] - I) (617372),Infrastructure & Highways,Ministry of Railways,617372,Haryana,4440.48,4440.48,2897.63,65.3,2023-03-01,2028-12-31,2029-12-31,2026-01-01,36,0.0,0
PAIM-617832,Koderma-Arigada Doubling 133.38 Km of East Central Railway (East Central Railway [ECR] - I) (617832),Infrastructure & Highways,Ministry of Railways,617832,Multi-State,1194.07,1194.07,257.3,21.5,2021-03-01,2027-12-31,2028-12-31,2026-01-01,24,0.0,0
PAIM-705765,Gomoh - Flyover for DN trains (East Central Railway [ECR] - I) (705765),Infrastructure & Highways,Ministry of Railways,705765,Multi-State,3856.17,3856.17,1965.59,51.0,2021-03-01,2026-12-31,2029-12-31,2026-01-01,6,0.0,0
PAIM-705785,Lodhma - Piska - Link Line bypassing Hatia/Ranchi with Y connection (South Eastern Railway [SER] - I) (705785),Infrastructure & Highways,Ministry of Railways,705785,Multi-State,3089.17,3089.17,1214.44,39.3,2021-03-01,2026-12-31,2028-12-31,2026-01-01,18,0.0,0
PAIM-706837,Pradhan Kuntha Jn Line Doubling Project (East Central Railway [ECR] - I) (706837),Infrastructure & Highways,Ministry of Railways,706837,Multi-State,3077.07,3077.07,1407.16,45.7,2023-03-01,2027-12-31,2029-12-31,2026-01-01,36,0.0,0
PAIM-400023,Construction of New BG line between Hassan to Belur [27 Km] (South Western Railway [SWR] - II) (400023),Infrastructure & Highways,Ministry of Railways,400023,Karnataka,2539.45,2539.45,369.03,14.5,2021-03-01,2027-12-31,2029-12-31,2026-01-01,6,0.0,0
PAIM-703585,Yeshvanthpur - Channasandra Doubling Project [21.70 Km] (Karnataka Rail Infrastructure Development Company Limited [K-RI,Infrastructure & Highways,Ministry of Railways,703585,Karnataka,2257.59,2257.59,1203.09,53.3,2024-03-01,2027-12-31,2028-12-31,2026-01-01,0,0.0,0
PAIM-705434,New Railway Line between Ginigera and Raichur [165.57 km] (South Western Railway [SWR] - II) (705434),Infrastructure & Highways,Ministry of Railways,705434,Karnataka,2553.87,2553.87,1631.21,63.9,2023-03-01,2027-12-31,2028-12-31,2026-01-01,0,0.0,0
PAIM-705490,Gadag-Wadi New Railway Line [257 km] (South Western Railway [SWR] - II) (705490),Infrastructure & Highways,Ministry of Railways,705490,Karnataka,3160.1,3160.1,1770.07,56.0,2023-03-01,2026-12-31,2027-12-31,2026-01-01,12,0.0,0
PAIM-705492,Kadur - Chickamagalur - Sakleshpur [93km] (South Western Railway [SWR] - II) (705492),Infrastructure & Highways,Ministry of Railways,705492,Karnataka,1044.89,1044.89,364.66,34.9,2023-03-01,2028-12-31,2028-12-31,2026-01-01,0,0.0,0
PAIM-705495,Bagalkot-Kudachi New Railway Line [142 km] (South Western Railway [SWR] - II) (705495),Infrastructure & Highways,Ministry of Railways,705495,Karnataka,2535.1,2535.1,1470.91,58.0,2022-03-01,2026-12-31,2027-12-31,2026-01-01,0,0.0,0
PAIM-705496,Tumkur-Chitradurga-Davangere New Rail Line Project [191 km] (South Western Railway [SWR] - II) (705496),Infrastructure & Highways,Ministry of Railways,705496,Karnataka,885.71,885.71,743.03,83.9,2021-03-01,2028-12-31,2027-12-31,2026-01-01,18,0.0,0
PAIM-705663,Bangalore-Whitefield-Bangalore City-Krishnarajapuram [23.08 km] - Quadrupling (South Western Railway [SWR] - II) (705663,Infrastructure & Highways,Ministry of Railways,705663,Karnataka,3533.22,3533.22,394.92,11.2,2023-03-01,2028-12-31,2027-12-31,2026-01-01,36,0.0,0
PAIM-705761,SHIMOGA - SHIKARIPURA - RANEBENNUR [96 Km] (South Western Railway [SWR] - II) (705761),Infrastructure & Highways,Ministry of Railways,705761,Karnataka,3166.57,3166.57,869.08,27.4,2023-03-01,2028-12-31,2028-12-31,2026-01-01,0,0.0,0
PAIM-705941,Bangalore Suburban Railway Project (Karnataka Rail Infrastructure Development Company Limited [K-RIDE]) (705941),Infrastructure & Highways,Ministry of Railways,705941,Karnataka,2783.97,2783.97,459.75,16.5,2024-03-01,2027-12-31,2029-12-31,2026-01-01,12,0.0,0
PAIM-706835,Belgaum-Dharwad via Kittur [73.10Km] (South Western Railway [SWR] - II) (706835),Infrastructure & Highways,Ministry of Railways,706835,Karnataka,2911.54,2911.54,670.47,23.0,2021-03-01,2028-12-31,2027-12-31,2026-01-01,18,0.0,0
PAIM-705638,Kumbalam-Turavur doubling project [15.59 Km] (Ministry of Railways) (705638),Infrastructure & Highways,Ministry of Railways,705638,Karnataka,2431.22,2431.22,1557.38,64.1,2021-03-01,2026-12-31,2027-12-31,2026-01-01,24,0.0,0
PAIM-705639,Ernakulam-Kumbalam doubling project [7.71 Km] (SR-ERS) (705639),Infrastructure & Highways,Ministry of Railways,705639,Madhya Pradesh,4470.72,4470.72,3353.66,75.0,2021-03-01,2027-12-31,2027-12-31,2026-01-01,0,0.0,0
PAIM-705480,"Lalitpur-Satna, Rewa-Singrauli & Mahoba-Khajuraho (North Central Railway) (705480)",Infrastructure & Highways,Ministry of Railways,705480,Madhya Pradesh,2960.4,2960.4,1710.82,57.8,2023-03-01,2028-12-31,2029-12-31,2026-01-01,18,0.0,0
PAIM-705651,Katni - Bina Third Railway Line [279 km] (West Central Railway WCR I) (705651),Infrastructure & Highways,Ministry of Railways,705651,Madhya Pradesh,475.39,475.39,392.01,82.5,2022-03-01,2028-12-31,2027-12-31,2026-01-01,18,0.0,0
PAIM-705659,Satna-Rewa Railway Line Doubling Project (West Central Railway [WCR] - II) (705659),Infrastructure & Highways,Ministry of Railways,705659,Madhya Pradesh,1161.42,1161.42,337.1,29.0,2023-03-01,2026-12-31,2027-12-31,2026-01-01,6,0.0,0
PAIM-705660,Doubling of Katni - Singrauli Railway Line [261 km] (Indian Railway Construction International Limited [IRCON]) (705660),Infrastructure & Highways,Ministry of Railways,705660,Madhya Pradesh,1520.73,1520.73,847.23,55.7,2023-03-01,2027-12-31,2028-12-31,2026-01-01,18,0.0,0
PAIM-705661,Katni Grade Separator/Bye Pass (Indian Railway Construction International Limited [IRCON]) (705661),Infrastructure & Highways,Ministry of Railways,705661,Madhya Pradesh,671.92,671.92,431.7,64.2,2022-03-01,2027-12-31,2029-12-31,2026-01-01,36,0.0,0
PAIM-705763,Indore - Budni New Railway Line [198 kms] (RVNL - II) (705763),Infrastructure & Highways,Ministry of Railways,705763,Madhya Pradesh,1698.61,1698.61,627.33,36.9,2021-03-01,2026-12-31,2029-12-31,2026-01-01,6,0.0,0
PAIM-705933,Nimach-Ratlam Doubling [133 Km] (Western Railway [WR] - II) (705933),Infrastructure & Highways,Ministry of Railways,705933,Maharashtra,1964.93,1964.93,686.79,35.0,2023-03-01,2026-12-31,2028-12-31,2026-01-01,36,0.0,0
PAIM-400019,DHULE [BORVIHIR] - NARDANA NEW LINE [50.60 KMS] (Central Railway) (400019),Infrastructure & Highways,Ministry of Railways,400019,Maharashtra,4061.47,4061.47,1505.5,37.1,2024-03-01,2028-12-31,2029-12-31,2026-01-01,6,0.0,0
PAIM-400271,Wardha-Nanded Via Yavatmal New BG Line (Central Railway [CR] - II) (400271),Infrastructure & Highways,Ministry of Railways,400271,Maharashtra,2922.24,2922.24,1819.39,62.3,2023-03-01,2028-12-31,2029-12-31,2026-01-01,18,0.0,0
PAIM-611751,AURANGABAD-ANKAI - DOUBLING PROJECT 98.25 Km (South Central Railway [SCR] - II) (611751),Infrastructure & Highways,Ministry of Railways,611751,Maharashtra,2654.36,2654.36,1409.92,53.1,2024-03-01,2027-12-31,2029-12-31,2026-01-01,12,0.0,0
PAIM-613015,associated infrastructure (Rail Land Development Authority) (613015),Infrastructure & Highways,Ministry of Railways,613015,Maharashtra,1832.13,1832.13,1314.45,71.7,2023-03-01,2026-12-31,2027-12-31,2026-01-01,36,0.0,0
PAIM-617201,Gondia-Balharshah [Chanda Fort] Doubling [240 Km] (South East Central Railway) (617201),Infrastructure & Highways,Ministry of Railways,617201,Maharashtra,1207.54,1207.54,482.66,40.0,2022-03-01,2026-12-31,2029-12-31,2026-01-01,12,0.0,0
PAIM-617215,Doubling between Parbhani Parli Vaijanath stations 64.71 Km (South Central Railway [SCR] - II) (617215),Infrastructure & Highways,Ministry of Railways,617215,Maharashtra,1380.97,1380.97,1045.12,75.7,2024-03-01,2027-12-31,2029-12-31,2026-01-01,18,0.0,0
PAIM-617361,Babupeth - Sasti New Rail Line [13.114 KMs] (CentralRailway) (617361),Infrastructure & Highways,Ministry of Railways,617361,Maharashtra,2677.22,2677.22,270.05,10.1,2021-03-01,2026-12-31,2029-12-31,2026-01-01,12,0.0,0
PAIM-617364,Double Chord line Between Nilaje-Kopar (CentralRailway) (617364),Infrastructure & Highways,Ministry of Railways,617364,Maharashtra,1138.36,1138.36,333.77,29.3,2024-03-01,2027-12-31,2029-12-31,2026-01-01,18,0.0,0
PAIM-705356,km] (Central Railway [CR] - II) (705356),Infrastructure & Highways,Ministry of Railways,705356,Maharashtra,2814.26,2814.26,857.24,30.5,2021-03-01,2028-12-31,2027-12-31,2026-01-01,12,0.0,0
PAIM-705357,Baramati Lonand New Line Project (Central Railway) (705357),Infrastructure & Highways,Ministry of Railways,705357,Maharashtra,552.16,552.16,276.49,50.1,2021-03-01,2027-12-31,2029-12-31,2026-01-01,0,0.0,0
PAIM-705479,Wadsa-Gadchiroli (South East Central Railway) (705479),Infrastructure & Highways,Ministry of Railways,705479,Maharashtra,4438.55,4438.55,1839.71,41.4,2023-03-01,2026-12-31,2029-12-31,2026-01-01,18,0.0,0
PAIM-705498,3rd Line Kalyan - Kasara [67.35 Kilometres] (Central Railway) (705498),Infrastructure & Highways,Ministry of Railways,705498,Maharashtra,3145.13,3145.13,2081.92,66.2,2022-03-01,2026-12-31,2028-12-31,2026-01-01,36,0.0,0
PAIM-705500,3rd Line Wardha - Sewagram - Nagpur (Central Railway [CR] - II) (705500),Infrastructure & Highways,Ministry of Railways,705500,Maharashtra,3112.34,3112.34,1396.35,44.9,2023-03-01,2028-12-31,2027-12-31,2026-01-01,24,0.0,0
PAIM-705502,3rd Line Wardha - Ballarshah [132 Kilometres] (Central Railway [CR] - II) (705502),Infrastructure & Highways,Ministry of Railways,705502,Maharashtra,2977.56,2977.56,2153.89,72.3,2022-03-01,2027-12-31,2028-12-31,2026-01-01,6,0.0,0
PAIM-705503,Pune - Miraj-Londa  [467 Kilometres] (Central Railway) (705503),Infrastructure & Highways,Ministry of Railways,705503,Maharashtra,382.16,382.16,243.83,63.8,2023-03-01,2027-12-31,2029-12-31,2026-01-01,12,0.0,0
PAIM-705504,Doubling of Daund Manmad Line [247.6 km] (Central Railway) (705504),Infrastructure & Highways,Ministry of Railways,705504,Maharashtra,3275.28,3275.28,1512.88,46.2,2021-03-01,2027-12-31,2029-12-31,2026-01-01,0,0.0,0
PAIM-705505,4th Line Wardha - Nagpur [78.7 Kilometres] (Central Railway [CR] - II) (705505),Infrastructure & Highways,Ministry of Railways,705505,Maharashtra,3267.76,3267.76,2120.71,64.9,2021-03-01,2028-12-31,2028-12-31,2026-01-01,18,0.0,0
PAIM-705506,3rd Line Manmad - Jalgaon [160 Kilometres] (Central Railway [CR] - II) (705506),Infrastructure & Highways,Ministry of Railways,705506,Maharashtra,3918.57,3918.57,2306.84,58.9,2021-03-01,2027-12-31,2028-12-31,2026-01-01,36,0.0,0
PAIM-705735,Solapur-tuljapur-Osmanabad (Central Railway) (705735),Infrastructure & Highways,Ministry of Railways,705735,Maharashtra,3233.8,3233.8,1862.55,57.6,2024-03-01,2028-12-31,2028-12-31,2026-01-01,12,0.0,0
PAIM-705799,Nagpur- Nagbhir Railway Line Gauge Conversion Project (MRIDC) (705799),Infrastructure & Highways,Ministry of Railways,705799,Maharashtra,2684.74,2684.74,1100.88,41.0,2023-03-01,2028-12-31,2027-12-31,2026-01-01,24,0.0,0
PAIM-706779,Mumbai Urban Transport Project [MUTP] - PHASE II (Mumbai Rail Vikas Corporation Ltd.[MRVC]) (706779),Infrastructure & Highways,Ministry of Railways,706779,Maharashtra,3332.81,3332.81,1283.71,38.5,2023-03-01,2028-12-31,2028-12-31,2026-01-01,12,0.0,0
PAIM-706780,Mumbai Urban Transport Project [MUTP]  Phase-IIIA (Mumbai Rail Vikas Corporation Ltd.[MRVC]) (706780),Infrastructure & Highways,Ministry of Railways,706780,Maharashtra,1588.43,1588.43,968.77,61.0,2021-03-01,2028-12-31,2029-12-31,2026-01-01,12,0.0,0
PAIM-706781,Mumbai Urban Transport Project Phase-III (Mumbai Rail Vikas Corporation Ltd.[MRVC]) (706781),Infrastructure & Highways,Ministry of Railways,706781,Maharashtra,3317.73,3317.73,1221.67,36.8,2023-03-01,2026-12-31,2029-12-31,2026-01-01,0,0.0,0
PAIM-705491,Marikuppam - Kuppam New Line Project [23.70 Km] (South Western Railway [SWR] - II) (705491),Infrastructure & Highways,Ministry of Railways,705491,Karnataka,3386.72,3386.72,2810.03,83.0,2022-03-01,2028-12-31,2028-12-31,2026-01-01,0,0.0,0
PAIM-705494,Rayadurg-Tumkur via Kalyandurg New Line [207 km] (South Western Railway [SWR] - II) (705494),Infrastructure & Highways,Ministry of Railways,705494,Karnataka,2477.11,2477.11,424.28,17.1,2024-03-01,2028-12-31,2027-12-31,2026-01-01,18,0.0,0
PAIM-705610,"Renigunta, Wadi & Gooty Bypass Railway Project (South Central Railway [SCR] - II) (705610)",Infrastructure & Highways,Ministry of Railways,705610,Karnataka,549.3,549.3,385.35,70.2,2022-03-01,2026-12-31,2028-12-31,2026-01-01,18,0.0,0
PAIM-617212,Doubling between Mudkhed  Medchal & Mahbubnagar  Dhone section 417.88 Km (South Central Railway [SCR] - II) (617212),Infrastructure & Highways,Ministry of Railways,617212,Maharashtra,3502.4,3502.4,1977.75,56.5,2023-03-01,2027-12-31,2029-12-31,2026-01-01,24,0.0,0
PAIM-400253,Vizianagaram - Titlagarh 3rd line  [272 Km including By - pass line of 7.68 KM] (RVNL - II) (400253),Infrastructure & Highways,Ministry of Railways,400253,Maharashtra,3453.55,3453.55,2042.25,59.1,2023-03-01,2026-12-31,2028-12-31,2026-01-01,24,0.0,0
PAIM-705512,Doubling of Kottavalasa-Koraput Rail Line [189 KM] (East Coast Railway [ECoR] - II) (705512),Infrastructure & Highways,Ministry of Railways,705512,Odisha,2592.83,2592.83,1672.21,64.5,2024-03-01,2026-12-31,2028-12-31,2026-01-01,6,0.0,0
PAIM-400275,Tindivanam-Nagari New Line Project [184.5 km] (Ministry of Railways) (400275),Infrastructure & Highways,Ministry of Railways,400275,Odisha,4410.14,4410.14,2946.45,66.8,2023-03-01,2027-12-31,2028-12-31,2026-01-01,12,0.0,0
PAIM-616857,Motumari - 10.877 Km (South Central Railway [SCR] - II) (616857),Infrastructure & Highways,Ministry of Railways,616857,Telangana,3159.31,3159.31,2161.47,68.4,2023-03-01,2028-12-31,2027-12-31,2026-01-01,36,0.0,0
PAIM-617211,Doubling of Guntur Bibinagar 239 Km (South Central Railway [SCR] - II) (617211),Infrastructure & Highways,Ministry of Railways,617211,Telangana,3194.82,3194.82,2637.04,82.5,2022-03-01,2027-12-31,2029-12-31,2026-01-01,12,0.0,0
PAIM-617214,Rail Connectivity to Errupalem Amravati Namburu 57 Km (South Central Railway [SCR] - II) (617214),Infrastructure & Highways,Ministry of Railways,617214,Telangana,439.42,439.42,121.76,27.7,2024-03-01,2026-12-31,2029-12-31,2026-01-01,12,0.0,0
PAIM-705612,Kazipet-Vijayawada 3rd line with electrification [220 km] (South Central Railway [SCR] - II) (705612),Infrastructure & Highways,Ministry of Railways,705612,Telangana,2690.67,2690.67,1687.08,62.7,2023-03-01,2028-12-31,2027-12-31,2026-01-01,36,0.0,0
PAIM-705632,Vijayawada - Kazipet Byepass line (South Central Railway [SCR] - II) (705632),Infrastructure & Highways,Ministry of Railways,705632,Telangana,1905.84,1905.84,877.88,46.1,2024-03-01,2027-12-31,2028-12-31,2026-01-01,6,0.0,0
PAIM-705794,New Delhi- Howrah Speed Booster[160Kmph] Project (PCE/NCR) (705794),Infrastructure & Highways,Ministry of Railways,705794,Bihar,2833.75,2833.75,780.45,27.5,2022-03-01,2027-12-31,2028-12-31,2026-01-01,0,0.0,0
PAIM-616699,Multi tracking of Son Nagar-Andal 374.53 rkm & 814.38 tkm (East Central Railway [ECR] - I) (616699),Infrastructure & Highways,Ministry of Railways,616699,Bihar,579.54,579.54,192.79,33.3,2023-03-01,2026-12-31,2029-12-31,2026-01-01,18,0.0,0
PAIM-705375,Koderma-Tilaiya New Line (East Central Railway [ECR] - I) (705375),Infrastructure & Highways,Ministry of Railways,705375,Bihar,966.62,966.62,355.69,36.8,2024-03-01,2028-12-31,2029-12-31,2026-01-01,18,0.0,0
PAIM-705385,Pirpainti - Jasidih [100.52 Km] New BG line (Eastern Railway [ER] - I) (705385),Infrastructure & Highways,Ministry of Railways,705385,Bihar,1094.36,1094.36,444.56,40.6,2024-03-01,2027-12-31,2027-12-31,2026-01-01,12,0.0,0
PAIM-611669,Gramin & Burhwal Jn [Excl] Sitapur Jn section of high density routes (North Eastern Railway [NER]) (611669),Infrastructure & Highways,Ministry of Railways,611669,Bihar,3166.15,3166.15,1491.77,47.1,2022-03-01,2026-12-31,2027-12-31,2026-01-01,24,0.0,0
PAIM-617224,Gorakhpur-Valmikinagar Doubling project (NER) (617224),Infrastructure & Highways,Ministry of Railways,617224,Bihar,2558.14,2558.14,1304.83,51.0,2021-03-01,2027-12-31,2028-12-31,2026-01-01,36,0.0,0
PAIM-705562,Chhapra-Ballia Patch Doubling (North Eastern Railway [NER]) (705562),Infrastructure & Highways,Ministry of Railways,705562,Bihar,3381.81,3381.81,482.28,14.3,2023-03-01,2027-12-31,2028-12-31,2026-01-01,0,0.0,0
PAIM-617245,Katihar Kumedpur & Katihar Mukuria BG Doubling Project (Northeast Frontier Railway [NFR]) (617245),Infrastructure & Highways,Ministry of Railways,617245,Bihar,590.96,590.96,347.58,58.8,2024-03-01,2026-12-31,2027-12-31,2026-01-01,12,0.0,0
PAIM-618978,Gondia - Dongargarh 4th line [84 Km] (South Eastern Central Railway) (618978),Infrastructure & Highways,Ministry of Railways,618978,Maharashtra,3758.45,3758.45,394.51,10.5,2021-03-01,2026-12-31,2029-12-31,2026-01-01,18,0.0,0
PAIM-705617,Rajnandgaon - Nagpur [Kalumna] Third Railway Line [228.30 km] (South East Central Railway [SECR] - II) (705617),Infrastructure & Highways,Ministry of Railways,705617,Maharashtra,2095.98,2095.98,241.44,11.5,2022-03-01,2026-12-31,2029-12-31,2026-01-01,12,0.0,0
PAIM-617390,Sardega -Bhalumuda New Double line [37.24 Km] (SECR) (617390),Infrastructure & Highways,Ministry of Railways,617390,Maharashtra,204.19,204.19,128.9,63.1,2024-03-01,2027-12-31,2028-12-31,2026-01-01,0,0.0,0
PAIM-705511,Jagdalpur-Koraput (East Coast Railway [ECoR] - II) (705511),Infrastructure & Highways,Ministry of Railways,705511,Odisha,1442.7,1442.7,1169.28,81.0,2021-03-01,2027-12-31,2028-12-31,2026-01-01,12,0.0,0
PAIM-705616,Jharsuguda-Bilaspur Fourth Railway Line [206 km] (SECR) (705616),Infrastructure & Highways,Ministry of Railways,705616,Odisha,1809.05,1809.05,717.63,39.7,2021-03-01,2026-12-31,2028-12-31,2026-01-01,6,0.0,0
PAIM-705728,Mumbai-Ahmedabad High Speed Rail Project- 508 km (National High Speed Rail Corporation [NHSRC]) (705728),Infrastructure & Highways,Ministry of Railways,705728,Maharashtra,3934.29,3934.29,1849.72,47.0,2022-03-01,2027-12-31,2027-12-31,2026-01-01,24,0.0,0
PAIM-705793,Vadodara-Ahmedabad (PCE/WR) (705793),Infrastructure & Highways,Ministry of Railways,705793,Maharashtra,3157.98,3157.98,2610.15,82.7,2024-03-01,2027-12-31,2029-12-31,2026-01-01,0,0.0,0
PAIM-705650,Hospet - Tinaighat - Vasco Rail Doubling Project (RVNL - II) (705650),Infrastructure & Highways,Ministry of Railways,705650,Maharashtra,2857.65,2857.65,2023.39,70.8,2021-03-01,2028-12-31,2027-12-31,2026-01-01,18,0.0,0
PAIM-706950,Hospet-Hubli-Vasco da Gama Line Electrification Project (RVNL) (706950),Infrastructure & Highways,Ministry of Railways,706950,Gujarat,2566.06,2566.06,1752.89,68.3,2021-03-01,2026-12-31,2027-12-31,2026-01-01,6,0.0,0
PAIM-705237,Western Dedicated Freight Corridor (DFCCIL) (705237),Infrastructure & Highways,Ministry of Railways,705237,Maharashtra,889.71,889.71,717.29,80.6,2022-03-01,2027-12-31,2029-12-31,2026-01-01,6,0.0,0
PAIM-705453,"New line Dahod-Indore via Sardarpur, Jabuwa and Dhar (Western Railway [WR] - II) (705453)",Infrastructure & Highways,Ministry of Railways,705453,Maharashtra,2800.08,2800.08,1590.72,56.8,2023-03-01,2028-12-31,2029-12-31,2026-01-01,6,0.0,0
PAIM-705454,Chhota Udaipur - Dhar New Line Project [157 km] (Western Railway [WR] - II) (705454),Infrastructure & Highways,Ministry of Railways,705454,Gujarat,1670.16,1670.16,719.32,43.1,2021-03-01,2026-12-31,2028-12-31,2026-01-01,36,0.0,0
PAIM-611452,SYSTEM 500 RKM (Western Railway) (611452),Infrastructure & Highways,Ministry of Railways,611452,Maharashtra,2617.18,2617.18,395.23,15.1,2024-03-01,2027-12-31,2028-12-31,2026-01-01,6,0.0,0
PAIM-400022,Taranga Hill-Abu Road via Ambaji (North Western Railway [NWR]) (400022),Infrastructure & Highways,Ministry of Railways,400022,Maharashtra,3243.83,3243.83,622.06,19.2,2022-03-01,2026-12-31,2029-12-31,2026-01-01,6,0.0,0
PAIM-616842,LUNI- SAMDARI- BHILDI DOUBLING (North Western Railway [NWR]) (616842),Infrastructure & Highways,Ministry of Railways,616842,Gujarat,904.85,904.85,346.78,38.3,2023-03-01,2028-12-31,2028-12-31,2026-01-01,6,0.0,0
PAIM-705424,Chandigarh-Baddi New Rail Line- 36 km (Northen Railway [NR]) (705424),Infrastructure & Highways,Ministry of Railways,705424,Gujarat,1530.1,1530.1,695.07,45.4,2023-03-01,2028-12-31,2027-12-31,2026-01-01,12,0.0,0
PAIM-611861,Rewari - Kathuwas Doubling Project [27.72 Km] (North Western Railway [NWR]) (611861),Infrastructure & Highways,Ministry of Railways,611861,Rajasthan,1348.46,1348.46,923.95,68.5,2024-03-01,2028-12-31,2027-12-31,2026-01-01,12,0.0,0
PAIM-705410,Mukerian-Talwara [29 KM] (Northen Railway [NR]) (705410),Infrastructure & Highways,Ministry of Railways,705410,Rajasthan,2604.43,2604.43,704.04,27.0,2023-03-01,2028-12-31,2029-12-31,2026-01-01,12,0.0,0
PAIM-705428,Bhanupalli-Bilaspur-Beri New Railway Line Project (RVNL - II) (705428),Infrastructure & Highways,Ministry of Railways,705428,Punjab,3797.32,3797.32,1720.49,45.3,2021-03-01,2028-12-31,2028-12-31,2026-01-01,36,0.0,0
PAIM-705628,Doubling of Hatia [Ranchi]-Bondamunda Rail Line - 159 km (South Eastern Railway - JH) (705628),Infrastructure & Highways,Ministry of Railways,705628,Odisha,1379.41,1379.41,453.23,32.9,2024-03-01,2026-12-31,2029-12-31,2026-01-01,12,0.0,0
PAIM-616588,Buramara-Chakulia new line [59.96 km] (South Eastern Railway [SER] - I) (616588),Infrastructure & Highways,Ministry of Railways,616588,Odisha,1903.95,1903.95,1505.66,79.1,2024-03-01,2027-12-31,2029-12-31,2026-01-01,24,0.0,0
PAIM-616227,Chandil - Anara - Damodar - 3rd line [121.26 km] (CAO/C/SER) (616227),Infrastructure & Highways,Ministry of Railways,616227,Odisha,1804.8,1804.8,1489.79,82.5,2024-03-01,2027-12-31,2028-12-31,2026-01-01,6,0.0,0
PAIM-705668,KHARAGPUR-ADITYAPUR THIRD RAIL LINE- 132 KM (RVNL - I) (705668),Infrastructure & Highways,Ministry of Railways,705668,Multi-State,2696.27,2696.27,785.29,29.1,2024-03-01,2027-12-31,2029-12-31,2026-01-01,36,0.0,0
PAIM-705662,Hotgi-Kudgi-Gadag Doubling Project (South Western Railway [SWR] - II) (705662),Infrastructure & Highways,Ministry of Railways,705662,Maharashtra,2400.59,2400.59,1861.75,77.6,2021-03-01,2028-12-31,2027-12-31,2026-01-01,12,0.0,0
PAIM-703586,Baiyyappanahalli - Hosur Doubling Project [48 km] (Karnataka Rail Infrastructure Development Company Limited [K-RIDE]) (,Infrastructure & Highways,Ministry of Railways,703586,Maharashtra,4204.73,4204.73,1230.75,29.3,2021-03-01,2027-12-31,2027-12-31,2026-01-01,0,0.0,0
PAIM-705635,Trivandrum- Kanyakumari (Southern Railway (SR) - I) (705635),Infrastructure & Highways,Ministry of Railways,705635,Karnataka,1992.25,1992.25,910.69,45.7,2023-03-01,2027-12-31,2027-12-31,2026-01-01,0,0.0,0
PAIM-705457,Ratlam-Mhow-Khandwa-Akola Gauge Conversion (Western Railway [WR] - II) (705457),Infrastructure & Highways,Ministry of Railways,705457,Maharashtra,2440.05,2440.05,1263.65,51.8,2022-03-01,2027-12-31,2029-12-31,2026-01-01,12,0.0,0
PAIM-705507,Itarsi - Nagpur Third Railway Line [280 km] (Central Railway [CR] - II) (705507),Infrastructure & Highways,Ministry of Railways,705507,Maharashtra,1888.8,1888.8,1347.86,71.4,2024-03-01,2028-12-31,2028-12-31,2026-01-01,12,0.0,0
PAIM-617406,RATLAM- DUNGARPUR VIA BANSWARA NEW LINE PROJECT (North Western Railway [NWR]) (617406),Infrastructure & Highways,Ministry of Railways,617406,Maharashtra,2633.97,2633.97,1953.58,74.2,2021-03-01,2027-12-31,2029-12-31,2026-01-01,12,0.0,0
PAIM-705419,Gwalior - Seopurkala with extension to Kota [Gauge Conversion] (North Central Railway) (705419),Infrastructure & Highways,Ministry of Railways,705419,Rajasthan,4342.4,4342.4,2581.2,59.4,2024-03-01,2027-12-31,2028-12-31,2026-01-01,0,0.0,0
PAIM-705481,Ramganjmandi-Bhopal New Line Project [262 km] (West Central Railway [WCR] - II) (705481),Infrastructure & Highways,Ministry of Railways,705481,Rajasthan,328.54,328.54,212.32,64.6,2021-03-01,2027-12-31,2029-12-31,2026-01-01,0,0.0,0
PAIM-705764,Nimach-Badi Sadri  New Rail Line Project (Western Railway [WR] - II) (705764),Infrastructure & Highways,Ministry of Railways,705764,Rajasthan,1700.96,1700.96,1153.66,67.8,2021-03-01,2027-12-31,2028-12-31,2026-01-01,6,0.0,0
PAIM-705667,Mathura-Jhansi Third Railway Line [274 Km] (RVNL - II) (705667),Infrastructure & Highways,Ministry of Railways,705667,Rajasthan,2741.72,2741.72,575.83,21.0,2023-03-01,2027-12-31,2028-12-31,2026-01-01,24,0.0,0
PAIM-705598,Jhansi - Bina Third Railway Line [153 Km] (CAO/C/NCR) (705598),Infrastructure & Highways,Ministry of Railways,705598,Uttar Pradesh,1754.48,1754.48,1119.65,63.8,2022-03-01,2026-12-31,2029-12-31,2026-01-01,24,0.0,0
PAIM-705608,Jhansi-Khairar-Manikpur & Khirar-Bhimsen (North Central Railway) (705608),Infrastructure & Highways,Ministry of Railways,705608,Uttar Pradesh,2719.74,2719.74,1316.99,48.4,2024-03-01,2027-12-31,2029-12-31,2026-01-01,36,0.0,0
PAIM-705613,Third Line [new] between Kazipet - Balharshah  with electrification [201.04 Km] (South Central Railway [SCR] - II) (7056,Infrastructure & Highways,Ministry of Railways,705613,Maharashtra,517.17,517.17,178.48,34.5,2024-03-01,2028-12-31,2029-12-31,2026-01-01,36,0.0,0
PAIM-705629,Narayangarh-Bhadrak 3rd line (South Eastern Railway [SER] - I) (705629),Infrastructure & Highways,Ministry of Railways,705629,Maharashtra,1418.82,1418.82,1010.43,71.2,2021-03-01,2027-12-31,2027-12-31,2026-01-01,6,0.0,0
PAIM-400223,Nagapattinam-Tiruturaipundi and Karaikal-Peralam New Line (Ministry of Railways) (400223),Infrastructure & Highways,Ministry of Railways,400223,Multi-State,2457.66,2457.66,1796.38,73.1,2021-03-01,2026-12-31,2027-12-31,2026-01-01,36,0.0,0
PAIM-602797,"Sainthia, Sitarampur, Mughalsarai, Allahabad & Etawah - Bypass Line Project (Eastern Railway [ER] - I) (602797)",Infrastructure & Highways,Ministry of Railways,602797,Multi-State,4086.56,4086.56,2606.94,63.8,2023-03-01,2028-12-31,2028-12-31,2026-01-01,24,0.0,0
PAIM-400006,Barpali. (South Eastern Railway [SER] - I) (400006),Infrastructure & Highways,Ministry of Railways,400006,Odisha,434.19,434.19,91.13,21.0,2021-03-01,2026-12-31,2029-12-31,2026-01-01,36,0.0,0
PAIM-400045,Under Deposit Scheme. (East Coast Railway [ECoR] - II) (400045),Infrastructure & Highways,Ministry of Railways,400045,Odisha,3441.14,3441.14,837.95,24.4,2024-03-01,2027-12-31,2029-12-31,2026-01-01,12,0.0,0
PAIM-400047,exchange yard and NTPC Block Cabin. (East Coast Railway [ECoR] - II) (400047),Infrastructure & Highways,Ministry of Railways,400047,Odisha,2886.66,2886.66,2374.5,82.3,2021-03-01,2027-12-31,2028-12-31,2026-01-01,12,0.0,0
PAIM-400048,Doubling of lines connecting the loading spurs in Talcher Yard. (East Coast Railway [ECoR] - II) (400048),Infrastructure & Highways,Ministry of Railways,400048,Odisha,2487.59,2487.59,360.53,14.5,2023-03-01,2026-12-31,2027-12-31,2026-01-01,36,0.0,0
PAIM-400232,Brundamal-Jharsuguda- flyover connection for joining downline (East Coast Railway [ECoR] - II) (400232),Infrastructure & Highways,Ministry of Railways,400232,Odisha,1771.06,1771.06,829.82,46.9,2024-03-01,2026-12-31,2029-12-31,2026-01-01,0,0.0,0
PAIM-612834,3rd & 4th line between Sarla - Sason [8 km] [PB 73/2023-24/NR] (East Coast Railway [ECoR] - II) (612834),Infrastructure & Highways,Ministry of Railways,612834,Odisha,3719.6,3719.6,3038.63,81.7,2022-03-01,2028-12-31,2027-12-31,2026-01-01,24,0.0,0
PAIM-616586,Bangriposi-Gorumahisani new line [ 85.60 km ] (CAO/C/SER) (616586),Infrastructure & Highways,Ministry of Railways,616586,Odisha,2268.26,2268.26,1312.86,57.9,2023-03-01,2027-12-31,2028-12-31,2026-01-01,36,0.0,0
PAIM-616587,Badampahar-Kendujhargarh new line [82.06 km] (CAO/C/SER) (616587),Infrastructure & Highways,Ministry of Railways,616587,Odisha,2610.59,2610.59,1672.26,64.1,2023-03-01,2028-12-31,2027-12-31,2026-01-01,12,0.0,0
PAIM-616694,Flyover between Siju and Paradeep coaching Yard to avoid Surface crossing of trains (East Coast Railway [ECoR] - II) (61,Infrastructure & Highways,Ministry of Railways,616694,Odisha,2785.23,2785.23,1686.15,60.5,2021-03-01,2026-12-31,2027-12-31,2026-01-01,0,0.0,0
PAIM-616695,Paradeep - Badabandha 3rd & 4th Line / 18.51kms (East Coast Railway [ECoR] - II) (616695),Infrastructure & Highways,Ministry of Railways,616695,Odisha,2328.93,2328.93,934.76,40.1,2024-03-01,2026-12-31,2028-12-31,2026-01-01,0,0.0,0
PAIM-618995,New Line between Junagarh - Nabarangpur [116.21 Km] (Indian Railway) (618995),Infrastructure & Highways,Ministry of Railways,618995,Odisha,3418.5,3418.5,517.18,15.1,2021-03-01,2026-12-31,2028-12-31,2026-01-01,18,0.0,0
PAIM-705358,Khurda-Bolangir New Broad Gauge Rail Link [301km] (East Coast Railway [ECoR] - II) (705358),Infrastructure & Highways,Ministry of Railways,705358,Odisha,1728.56,1728.56,1180.93,68.3,2023-03-01,2028-12-31,2027-12-31,2026-01-01,18,0.0,0
PAIM-705359,Talcher-Bimlagarh New Railway Line (East Coast Railway [ECoR] - II) (705359),Infrastructure & Highways,Ministry of Railways,705359,Odisha,1080.14,1080.14,778.99,72.1,2021-03-01,2026-12-31,2027-12-31,2026-01-01,6,0.0,0
PAIM-705510,Bhadrak-Nergundi Third Line (East Coast Railway [ECoR] - II) (705510),Infrastructure & Highways,Ministry of Railways,705510,Odisha,2368.83,2368.83,589.19,24.9,2022-03-01,2028-12-31,2028-12-31,2026-01-01,6,0.0,0
PAIM-705513,Koraput - Singapur Railway Doubling (East Coast Railway [ECoR] - II) (705513),Infrastructure & Highways,Ministry of Railways,705513,Odisha,4464.13,4464.13,1956.54,43.8,2022-03-01,2027-12-31,2029-12-31,2026-01-01,36,0.0,0
PAIM-705514,Jarapada- Budhapank with flyover at Talcher road 3rd and 4th Line (East Coast Railway [ECoR] - II) (705514),Infrastructure & Highways,Ministry of Railways,705514,Odisha,4487.07,4487.07,2287.89,51.0,2021-03-01,2026-12-31,2028-12-31,2026-01-01,18,0.0,0
PAIM-705515,3rd & 4th Railway Line Project from Salegaon to Budhapank via Rajathgarh. (East Coast Railway [ECoR] - II) (705515),Infrastructure & Highways,Ministry of Railways,705515,Odisha,693.44,693.44,93.57,13.5,2021-03-01,2026-12-31,2029-12-31,2026-01-01,18,0.0,0
PAIM-705741,Jeypore-Navarangpur New Rail Line Project (East Coast Railway [ECoR] - II) (705741),Infrastructure & Highways,Ministry of Railways,705741,Odisha,3320.71,3320.71,699.69,21.1,2023-03-01,2027-12-31,2028-12-31,2026-01-01,18,0.0,0
PAIM-705742,Jeypore-Malkanagiri New Railway Line Project (East Coast Railway [ECoR] - II) (705742),Infrastructure & Highways,Ministry of Railways,705742,Odisha,2473.12,2473.12,1486.75,60.1,2022-03-01,2026-12-31,2027-12-31,2026-01-01,0,0.0,0
PAIM-706898,Khurda Road - Balangir Electrification of Railway Track Project (Ministry of Railways) (706898),Infrastructure & Highways,Ministry of Railways,706898,Odisha,2090.46,2090.46,315.1,15.1,2022-03-01,2028-12-31,2027-12-31,2026-01-01,0,0.0,0
PAIM-709811,GANDHAMARDAN IRON ORE MINES TO GOALDIH STATION/12.76kms (East Coast Railway [ECoR] - II) (709811),Infrastructure & Highways,Ministry of Railways,709811,Odisha,4106.95,4106.95,1013.97,24.7,2022-03-01,2026-12-31,2028-12-31,2026-01-01,6,0.0,0
PAIM-705362,"Jaynagar-Bijalpura, incl. extn. Bet, Bijalpura-Bardibas [Nepal] (East Central Railway [ECR] - I) (705362)",Infrastructure & Highways,Ministry of Railways,705362,Odisha,3445.54,3445.54,420.55,12.2,2021-03-01,2026-12-31,2028-12-31,2026-01-01,12,0.0,0
PAIM-705298,North Region Video Surveillance Project (RCIL) (705298),Infrastructure & Highways,Ministry of Railways,705298,Punjab,4321.28,4321.28,1203.0,27.8,2024-03-01,2027-12-31,2028-12-31,2026-01-01,0,0.0,0
PAIM-705783,Ludhiana- Killa Raipur Railway Doubling Project (Railway) (705783),Infrastructure & Highways,Ministry of Railways,705783,Punjab,3597.93,3597.93,1837.9,51.1,2023-03-01,2026-12-31,2029-12-31,2026-01-01,18,0.0,0
PAIM-611849,Gauge Conversion [152 Km] (North Western Railway [NWR]) (611849),Infrastructure & Highways,Ministry of Railways,611849,Rajasthan,4184.55,4184.55,1936.81,46.3,2022-03-01,2028-12-31,2028-12-31,2026-01-01,0,0.0,0
PAIM-611929,under WTA 527 (WPO/Patna) (611929),Infrastructure & Highways,Ministry of Railways,611929,Rajasthan,1722.29,1722.29,713.77,41.4,2022-03-01,2027-12-31,2029-12-31,2026-01-01,0,0.0,0
PAIM-616841,PUSHKAR- MERTA CITY NEW LINE (North Western Railway [NWR]) (616841),Infrastructure & Highways,Ministry of Railways,616841,Rajasthan,551.4,551.4,358.51,65.0,2022-03-01,2027-12-31,2027-12-31,2026-01-01,24,0.0,0
PAIM-616843,AJMER- CHANDERIYA DOUBLING (North Western Railway [NWR]) (616843),Infrastructure & Highways,Ministry of Railways,616843,Rajasthan,854.47,854.47,693.09,81.1,2024-03-01,2027-12-31,2029-12-31,2026-01-01,6,0.0,0
PAIM-617403,SADULPUR - CHURU DOUBLING PROJECT (North Western Railway [NWR]) (617403),Infrastructure & Highways,Ministry of Railways,617403,Rajasthan,4360.77,4360.77,1771.75,40.6,2023-03-01,2027-12-31,2027-12-31,2026-01-01,36,0.0,0
PAIM-617404,POKHRAN - RAMDEVRA New Line (North Western Railway [NWR]) (617404),Infrastructure & Highways,Ministry of Railways,617404,Rajasthan,1630.78,1630.78,507.43,31.1,2022-03-01,2026-12-31,2029-12-31,2026-01-01,12,0.0,0
PAIM-617408,NATHDWARA- NATHDWARA TOWN NL (North Western Railway [NWR]) (617408),Infrastructure & Highways,Ministry of Railways,617408,Rajasthan,2194.52,2194.52,1139.43,51.9,2023-03-01,2026-12-31,2027-12-31,2026-01-01,18,0.0,0
PAIM-705482,Dholpur - Sirmuttra Gauge Conversion (North Central Railway) (705482),Infrastructure & Highways,Ministry of Railways,705482,Rajasthan,2444.65,2444.65,369.81,15.1,2023-03-01,2027-12-31,2029-12-31,2026-01-01,24,0.0,0
PAIM-705752,Gudha-Thatha Mithri Construction of Railway Track Project (North Western Railway [NWR]) (705752),Infrastructure & Highways,Ministry of Railways,705752,Rajasthan,2804.14,2804.14,1080.56,38.5,2022-03-01,2026-12-31,2029-12-31,2026-01-01,6,0.0,0
PAIM-705912,Sawai Madhopur-Jaipur Railway Line Project (North Western Railway [NWR]) (705912),Infrastructure & Highways,Ministry of Railways,705912,Rajasthan,3027.72,3027.72,623.75,20.6,2023-03-01,2028-12-31,2028-12-31,2026-01-01,24,0.0,0
PAIM-705919,Agra Fort-Bandikui Doubling Line Project (CAO/C/NCR) (705919),Infrastructure & Highways,Ministry of Railways,705919,Rajasthan,348.73,348.73,34.93,10.0,2024-03-01,2028-12-31,2028-12-31,2026-01-01,18,0.0,0
PAIM-706866,Sawaimadhopur Bye Pass Line Project (North Western Railway [NWR]) (706866),Infrastructure & Highways,Ministry of Railways,706866,Tamil Nadu,3828.03,3828.03,1944.24,50.8,2024-03-01,2027-12-31,2028-12-31,2026-01-01,18,0.0,0
PAIM-400280,Phase II extension of MRTS from Velachery to St Thomas Mount (Ministry of Railways) (400280),Infrastructure & Highways,Ministry of Railways,400280,Tamil Nadu,3779.87,3779.87,1944.03,51.4,2022-03-01,2028-12-31,2028-12-31,2026-01-01,24,0.0,0
PAIM-613002,Redevelopment of Chennai Egmore Station (Ministry of Railways) (613002),Infrastructure & Highways,Ministry of Railways,613002,Tamil Nadu,867.71,867.71,522.82,60.3,2022-03-01,2027-12-31,2027-12-31,2026-01-01,36,0.0,0
PAIM-705244,Coach Production Factory Upgradation Project (CPM/ICF) (705244),Infrastructure & Highways,Ministry of Railways,705244,Tamil Nadu,2769.42,2769.42,1586.66,57.3,2021-03-01,2028-12-31,2027-12-31,2026-01-01,24,0.0,0
PAIM-616856,Doubling between Bhadrachalam Road and Dornakal (South Central Railway [SCR] - II) (616856),Infrastructure & Highways,Ministry of Railways,616856,Tamil Nadu,1539.52,1539.52,773.52,50.2,2021-03-01,2028-12-31,2028-12-31,2026-01-01,6,0.0,0
PAIM-617409,Railway Manufacturing Unit (RVNL - II) (617409),Infrastructure & Highways,Ministry of Railways,617409,Telangana,425.89,425.89,236.71,55.6,2021-03-01,2026-12-31,2028-12-31,2026-01-01,0,0.0,0
PAIM-705252,Kazipet Wagon Overhauling Project (RVNL) (705252),Infrastructure & Highways,Ministry of Railways,705252,Telangana,2744.42,2744.42,1107.19,40.3,2023-03-01,2027-12-31,2029-12-31,2026-01-01,6,0.0,0
PAIM-705437,Manoharabad-Kothapalli New Rail Line [151 km] (South Central Railway [SCR] - II) (705437),Infrastructure & Highways,Ministry of Railways,705437,Telangana,2313.51,2313.51,567.58,24.5,2023-03-01,2028-12-31,2028-12-31,2026-01-01,18,0.0,0
PAIM-400204,Bahraich-Shravasti-Balrampur-Siddharthnagar -Santkabir nagar (North Eastern Railway (NER) - II) (400204),Infrastructure & Highways,Ministry of Railways,400204,Uttar Pradesh,590.11,590.11,320.36,54.3,2024-03-01,2026-12-31,2029-12-31,2026-01-01,12,0.0,0
PAIM-400205,Sahjanwa-Dohrighat (North Eastern Railway (NER) - II) (400205),Infrastructure & Highways,Ministry of Railways,400205,Uttar Pradesh,2042.35,2042.35,253.86,12.4,2021-03-01,2027-12-31,2027-12-31,2026-01-01,6,0.0,0
PAIM-617213,Rail-cum-Road Bridge across Ganga River. (Northern Railways) (617213),Infrastructure & Highways,Ministry of Railways,617213,Uttar Pradesh,2634.86,2634.86,1986.84,75.4,2022-03-01,2027-12-31,2029-12-31,2026-01-01,18,0.0,0
PAIM-617252,Anandnagar - Ghugli via Maharajganj New line 52.7 km (Construction NER) (617252),Infrastructure & Highways,Ministry of Railways,617252,Uttar Pradesh,3521.82,3521.82,1087.91,30.9,2022-03-01,2027-12-31,2028-12-31,2026-01-01,6,0.0,0
PAIM-617284,Chunar-Chopan doubling project (North Central Railway) (617284),Infrastructure & Highways,Ministry of Railways,617284,Uttar Pradesh,3477.14,3477.14,1653.46,47.6,2024-03-01,2026-12-31,2029-12-31,2026-01-01,6,0.0,0
PAIM-617333,Surface triangle line bet. Bhadura stn and new crossing stn Karma (East Central Railway [ECR] - I) (617333),Infrastructure & Highways,Ministry of Railways,617333,Uttar Pradesh,250.31,250.31,30.34,12.1,2021-03-01,2027-12-31,2027-12-31,2026-01-01,36,0.0,0
PAIM-617370,Doubling between Jaunpur Jn - Zaffarabad 6.28 km (M/S SRC company Infra Private Limited) (617370),Infrastructure & Highways,Ministry of Railways,617370,Uttar Pradesh,4039.46,4039.46,515.97,12.8,2024-03-01,2028-12-31,2029-12-31,2026-01-01,0,0.0,0
PAIM-705567,Burhwal Gonda 3rd line (North Eastern Railway [NER]) (705567),Infrastructure & Highways,Ministry of Railways,705567,Uttar Pradesh,1456.99,1456.99,882.82,60.6,2023-03-01,2027-12-31,2029-12-31,2026-01-01,36,0.0,0
PAIM-705588,Janghai-Pratapgarh- Amethi (CAO/C/II/NR) (705588),Infrastructure & Highways,Ministry of Railways,705588,Uttar Pradesh,564.47,564.47,256.98,45.5,2022-03-01,2027-12-31,2027-12-31,2026-01-01,24,0.0,0
PAIM-705766,Lalitpur-Birari with flyover at Lalitpur- 16 Km (North Central Railway) (705766),Infrastructure & Highways,Ministry of Railways,705766,Uttar Pradesh,451.7,451.7,112.08,24.8,2021-03-01,2026-12-31,2029-12-31,2026-01-01,12,0.0,0
PAIM-705771,Allahabad-Bamhrauli Flyover Construction & 4th Railway Line Project (North Central Railway) (705771),Infrastructure & Highways,Ministry of Railways,705771,Uttar Pradesh,2246.66,2246.66,556.64,24.8,2022-03-01,2028-12-31,2027-12-31,2026-01-01,0,0.0,0
PAIM-705772,"Mughalsarai-Allahabad, 3rd line (North Central Railway) (705772)",Infrastructure & Highways,Ministry of Railways,705772,Uttar Pradesh,3021.79,3021.79,2133.23,70.6,2024-03-01,2026-12-31,2029-12-31,2026-01-01,12,0.0,0
PAIM-705774,Aligarh -Daud Khan Flyover Construction & 3rd Railway Line Project (CAO/C/NCR) (705774),Infrastructure & Highways,Ministry of Railways,705774,Uttar Pradesh,811.92,811.92,107.62,13.3,2024-03-01,2028-12-31,2028-12-31,2026-01-01,12,0.0,0
PAIM-705777,Bhandai - Flyover for Etawah bound down train- 10 Km (North Central Railway (NCR) - II) (705777),Infrastructure & Highways,Ministry of Railways,705777,Uttar Pradesh,2253.46,2253.46,396.09,17.6,2023-03-01,2027-12-31,2027-12-31,2026-01-01,12,0.0,0
PAIM-705780,Bhatni-Aurnihar with electrification excluding Indara-Mau (RVNL - I) (705780),Infrastructure & Highways,Ministry of Railways,705780,Uttar Pradesh,2164.17,2164.17,732.77,33.9,2021-03-01,2026-12-31,2027-12-31,2026-01-01,36,0.0,0
PAIM-705782,Barabanki-Malhaur 3rd & 4th Railway Line Project (Ministry of Railways) (705782),Infrastructure & Highways,Ministry of Railways,705782,Uttar Pradesh,3843.02,3843.02,2721.77,70.8,2023-03-01,2026-12-31,2028-12-31,2026-01-01,24,0.0,0
PAIM-705918,Allahabad division - Aligarh - Harduaganj Flyover (North Central Railway) (705918),Infrastructure & Highways,Ministry of Railways,705918,Uttar Pradesh,3145.49,3145.49,2294.91,73.0,2021-03-01,2027-12-31,2027-12-31,2026-01-01,36,0.0,0
PAIM-705429,Rishikesh-Karnaprayag New Rail Line- 125 km (RVNL - II) (705429),Infrastructure & Highways,Ministry of Railways,705429,Uttar Pradesh,2963.76,2963.76,537.53,18.1,2021-03-01,2026-12-31,2029-12-31,2026-01-01,24,0.0,0
PAIM-400247,And Naihati-Ranaghat 3rd Line. (Eastern Railway [ER] - I) (400247),Infrastructure & Highways,Ministry of Railways,400247,West Bengal,1045.87,1045.87,156.02,14.9,2024-03-01,2027-12-31,2027-12-31,2026-01-01,36,0.0,0
PAIM-400273,Tarakeshwar-Bishnupur New Line [82.47 km] (Eastern Railway [ER] - I) (400273),Infrastructure & Highways,Ministry of Railways,400273,West Bengal,2084.69,2084.69,897.08,43.0,2023-03-01,2028-12-31,2029-12-31,2026-01-01,0,0.0,0
PAIM-400277,Dum Dum Airport-New Garia via Rajarhat-Construction of Metro Railway (RVNL - II) (400277),Infrastructure & Highways,Ministry of Railways,400277,West Bengal,3193.62,3193.62,1573.02,49.3,2024-03-01,2027-12-31,2029-12-31,2026-01-01,6,0.0,0
PAIM-612096,Construction of Balurghat-Hilli new BG Line (Northeast Frontier Railway [NFR]) (612096),Infrastructure & Highways,Ministry of Railways,612096,West Bengal,3395.9,3395.9,774.77,22.8,2023-03-01,2026-12-31,2027-12-31,2026-01-01,24,0.0,0
PAIM-617345,Car maintenance cum workshop depot. (South Eastern Railway - JH) (617345),Infrastructure & Highways,Ministry of Railways,617345,West Bengal,1818.95,1818.95,671.61,36.9,2021-03-01,2027-12-31,2028-12-31,2026-01-01,12,0.0,0
PAIM-705730,Joka-BBD Bag new metro project (RVNL - II) (705730),Infrastructure & Highways,Ministry of Railways,705730,West Bengal,2709.57,2709.57,1299.09,47.9,2021-03-01,2027-12-31,2027-12-31,2026-01-01,12,0.0,0
PAIM-706776,"Noapara-Barasat via Bimanbandar - Construction of Metro railway [18 km] (Metro Railway, Kolkata) (706776)",Infrastructure & Highways,Ministry of Railways,706776,West Bengal,4246.62,4246.62,2664.55,62.7,2024-03-01,2026-12-31,2028-12-31,2026-01-01,0,0.0,0
PAIM-706777,Baranagar-Barrackpore and Dakshineshwar- Construction of Metro Railway (RVNL - II) (706777),Infrastructure & Highways,Ministry of Railways,706777,West Bengal,4348.14,4348.14,922.24,21.2,2022-03-01,2026-12-31,2028-12-31,2026-01-01,24,0.0,0
PAIM-617907,mode. (MoRTH) (617907),Infrastructure & Highways,Ministry of Railways,617907,Andhra Pradesh,493.61,493.61,142.39,28.8,2022-03-01,2028-12-31,2028-12-31,2026-01-01,12,0.0,0
PAIM-617949,of AP state under NHO on EPC Mode under Annual Plan 2022-23 (MoRTH) (617949),Infrastructure & Highways,Ministry of Railways,617949,Andhra Pradesh,506.26,506.26,323.4,63.9,2023-03-01,2028-12-31,2027-12-31,2026-01-01,18,0.0,0
PAIM-617984,"Gudivada Town 2 RoB, and Road improvement NH-165 (MoRTH) (617984)",Infrastructure & Highways,Ministry of Railways,617984,Andhra Pradesh,2245.49,2245.49,919.1,40.9,2022-03-01,2026-12-31,2029-12-31,2026-01-01,36,0.0,0
PAIM-617985,Akiveedu (MoRTH) (617985),Infrastructure & Highways,Ministry of Railways,617985,Andhra Pradesh,1354.07,1354.07,828.78,61.2,2021-03-01,2026-12-31,2027-12-31,2026-01-01,24,0.0,0
PAIM-617986,248010 to km 269900 to 2 (MoRTH) (617986),Infrastructure & Highways,Ministry of Railways,617986,Andhra Pradesh,1226.23,1226.23,1010.5,82.4,2024-03-01,2026-12-31,2027-12-31,2026-01-01,36,0.0,0
PAIM-617990,road from km.62/700 to 71/400 in Kurnool District in the State of Andhra Pradesh. (MoRTH) (617990),Infrastructure & Highways,Ministry of Railways,617990,Andhra Pradesh,2241.79,2241.79,1237.73,55.2,2022-03-01,2028-12-31,2029-12-31,2026-01-01,0,0.0,0
PAIM-617991,"State of Andhra Pradesh under Corridor Approach through Engineering, Procurement (MoRTH) (617991)",Infrastructure & Highways,Ministry of Railways,617991,Andhra Pradesh,1065.89,1065.89,867.97,81.4,2024-03-01,2027-12-31,2028-12-31,2026-01-01,24,0.0,0
PAIM-618037,section of NH-440 in the State of Andhra Pradesh on EPC mode. (MoRTH) (618037),Infrastructure & Highways,Ministry of Railways,618037,Andhra Pradesh,3307.62,3307.62,677.58,20.5,2023-03-01,2026-12-31,2027-12-31,2026-01-01,36,0.0,0
PAIM-618062,NH-765 Package-2 (MoRTH) (618062),Infrastructure & Highways,Ministry of Railways,618062,Andhra Pradesh,2039.49,2039.49,530.88,26.0,2022-03-01,2026-12-31,2029-12-31,2026-01-01,18,0.0,0
PAIM-618145,mode Job No. 737 (MoRTH) (618145),Infrastructure & Highways,Ministry of Railways,618145,Andhra Pradesh,4430.64,4430.64,2196.62,49.6,2022-03-01,2028-12-31,2027-12-31,2026-01-01,12,0.0,0
PAIM-618161,no. 742 (MoRTH) (618161),Infrastructure & Highways,Ministry of Railways,618161,Andhra Pradesh,627.48,627.48,362.8,57.8,2023-03-01,2028-12-31,2027-12-31,2026-01-01,6,0.0,0
PAIM-618191,shoulders in the state of Andhra Pradesh job-729 (MoRTH) (618191),Infrastructure & Highways,Ministry of Railways,618191,Andhra Pradesh,3593.83,3593.83,884.36,24.6,2022-03-01,2026-12-31,2027-12-31,2026-01-01,6,0.0,0
PAIM-618192,from in the State of Andhra Pradesh on EPC mode (MoRTH) (618192),Infrastructure & Highways,Ministry of Railways,618192,Andhra Pradesh,4211.64,4211.64,3233.43,76.8,2024-03-01,2026-12-31,2027-12-31,2026-01-01,18,0.0,0
PAIM-618194,to 102/20 of Kalyandrg - Molakalmuru Section (MoRTH) (618194),Infrastructure & Highways,Ministry of Railways,618194,Andhra Pradesh,3870.74,3870.74,957.86,24.7,2021-03-01,2026-12-31,2029-12-31,2026-01-01,6,0.0,0
PAIM-618237,Andhra Pradesh under NHDP-IV (MoRTH) (618237),Infrastructure & Highways,Ministry of Railways,618237,Andhra Pradesh,3061.77,3061.77,1989.37,65.0,2022-03-01,2027-12-31,2029-12-31,2026-01-01,18,0.0,0
PAIM-618238,the state of Andhra Pradesh under NHDP-IV (MoRTH) (618238),Infrastructure & Highways,Ministry of Railways,618238,Andhra Pradesh,1753.98,1753.98,839.21,47.8,2023-03-01,2027-12-31,2028-12-31,2026-01-01,6,0.0,0
PAIM-618254,on NH-516E (MoRTH) (618254),Infrastructure & Highways,Ministry of Railways,618254,Andhra Pradesh,2274.56,2274.56,483.18,21.2,2024-03-01,2026-12-31,2028-12-31,2026-01-01,18,0.0,0
PAIM-618255,Two laning with paved shoulders of Lambasingi to Paderusection  of NH 516E (MoRTH) (618255),Infrastructure & Highways,Ministry of Railways,618255,Andhra Pradesh,1994.24,1994.24,1277.13,64.0,2021-03-01,2027-12-31,2028-12-31,2026-01-01,24,0.0,0
PAIM-618256,with the loan assistance of World Bank on EPC mode (MoRTH) (618256),Infrastructure & Highways,Ministry of Railways,618256,Andhra Pradesh,2647.48,2647.48,1322.2,49.9,2024-03-01,2027-12-31,2027-12-31,2026-01-01,0,0.0,0
PAIM-618257,with the loan assistance of World Bank on EPC mode (MoRTH) (618257),Infrastructure & Highways,Ministry of Railways,618257,Andhra Pradesh,3892.45,3892.45,1796.2,46.1,2021-03-01,2027-12-31,2028-12-31,2026-01-01,6,0.0,0
PAIM-618258,516E (MoRTH) (618258),Infrastructure & Highways,Ministry of Railways,618258,Andhra Pradesh,4493.09,4493.09,1234.67,27.5,2021-03-01,2027-12-31,2027-12-31,2026-01-01,24,0.0,0
PAIM-618259,Two laning with paved shoulders of Paderu to GundigudaSection  of NH 516E (MoRTH) (618259),Infrastructure & Highways,Ministry of Railways,618259,Andhra Pradesh,4172.37,4172.37,1365.28,32.7,2021-03-01,2027-12-31,2028-12-31,2026-01-01,12,0.0,0
PAIM-618412,PMDP (NHIDCL) (618412),Infrastructure & Highways,Ministry of Railways,618412,Andhra Pradesh,4338.6,4338.6,898.08,20.7,2022-03-01,2028-12-31,2027-12-31,2026-01-01,6,0.0,0
PAIM-618475,Baireddypalle to Bangarupalem section (National Highways Authority of India [NHAI]) (618475),Infrastructure & Highways,Ministry of Railways,618475,Andhra Pradesh,884.17,884.17,674.84,76.3,2021-03-01,2026-12-31,2028-12-31,2026-01-01,18,0.0,0
PAIM-618476,Bangarupalem to Gudipala section (National Highways Authority of India [NHAI]) (618476),Infrastructure & Highways,Ministry of Railways,618476,Andhra Pradesh,1606.82,1606.82,873.52,54.4,2021-03-01,2026-12-31,2029-12-31,2026-01-01,18,0.0,0
PAIM-618527,Gundugolanu Section from km. 30.00 to km. 47.881 Pkg-IV (National Highways Authority of India [NHAI]) (618527),Infrastructure & Highways,Ministry of Railways,618527,Andhra Pradesh,2838.88,2838.88,580.32,20.4,2023-03-01,2028-12-31,2029-12-31,2026-01-01,24,0.0,0
PAIM-618700,Renigunta - Poyya - Naidupeta km 124.60 to km 183.4 of NH 71 (National Highways Authority of India [NHAI]) (618700),Infrastructure & Highways,Ministry of Railways,618700,Andhra Pradesh,474.55,474.55,328.46,69.2,2021-03-01,2027-12-31,2028-12-31,2026-01-01,36,0.0,0
PAIM-618712,24300 of [NH-544G]  Package-1 (National Highways Authority of India [NHAI]) (618712),Infrastructure & Highways,Ministry of Railways,618712,Andhra Pradesh,4060.91,4060.91,676.92,16.7,2023-03-01,2028-12-31,2028-12-31,2026-01-01,36,0.0,0
PAIM-618713,Audireddipalle Ch. 160000 of [NH  544G]  Package-6 (National Highways Authority of India [NHAI]) (618713),Infrastructure & Highways,Ministry of Railways,618713,Andhra Pradesh,402.87,402.87,243.45,60.4,2024-03-01,2026-12-31,2029-12-31,2026-01-01,6,0.0,0
PAIM-618714,Yerragudipadu Ch. 129000 of [NH-544G]  Package-5 (National Highways Authority of India [NHAI]) (618714),Infrastructure & Highways,Ministry of Railways,618714,Andhra Pradesh,4449.68,4449.68,999.26,22.5,2024-03-01,2028-12-31,2028-12-31,2026-01-01,12,0.0,0
PAIM-618715,palli Ch. 96300 of [NH-544G]Package-4 (National Highways Authority of India [NHAI]) (618715),Infrastructure & Highways,Ministry of Railways,618715,Andhra Pradesh,2023.37,2023.37,663.97,32.8,2023-03-01,2028-12-31,2028-12-31,2026-01-01,6,0.0,0
PAIM-618716,Ch. 72000 of [NH-544G]Package-3 (National Highways Authority of India [NHAI]) (618716),Infrastructure & Highways,Ministry of Railways,618716,Andhra Pradesh,1870.4,1870.4,924.12,49.4,2024-03-01,2026-12-31,2027-12-31,2026-01-01,0,0.0,0
PAIM-618717,Ch. 45700 of [NH-544G]  Package-2 (National Highways Authority of India [NHAI]) (618717),Infrastructure & Highways,Ministry of Railways,618717,Andhra Pradesh,3839.44,3839.44,1251.21,32.6,2021-03-01,2026-12-31,2027-12-31,2026-01-01,18,0.0,0
PAIM-618719,Kavulakuntla Ch. 196000 Package-08 (National Highways Authority of India [NHAI]) (618719),Infrastructure & Highways,Ministry of Railways,618719,Andhra Pradesh,4445.15,4445.15,945.89,21.3,2024-03-01,2026-12-31,2029-12-31,2026-01-01,6,0.0,0
PAIM-618720,Mallapalle Ch. 176000Package-07 (National Highways Authority of India [NHAI]) (618720),Infrastructure & Highways,Ministry of Railways,618720,Andhra Pradesh,3167.26,3167.26,1794.24,56.6,2021-03-01,2027-12-31,2029-12-31,2026-01-01,12,0.0,0
PAIM-618721,Polavaram Ch. 260000of [NH-544G] Package-11 (National Highways Authority of India [NHAI]) (618721),Infrastructure & Highways,Ministry of Railways,618721,Andhra Pradesh,2544.64,2544.64,1899.24,74.6,2021-03-01,2028-12-31,2028-12-31,2026-01-01,24,0.0,0
PAIM-618748,to Gurvaygudem village Design Chainage 105236 to 132664] (National Highways Authority of India [NHAI]) (618748),Infrastructure & Highways,Ministry of Railways,618748,Andhra Pradesh,2260.16,2260.16,1405.08,62.2,2022-03-01,2028-12-31,2028-12-31,2026-01-01,24,0.0,0
PAIM-618749,village to Devarapalle village Design Chainage 132664 to 162126 (National Highways Authority of India [NHAI]) (618749),Infrastructure & Highways,Ministry of Railways,618749,Andhra Pradesh,2167.15,2167.15,427.08,19.7,2023-03-01,2028-12-31,2028-12-31,2026-01-01,36,0.0,0
PAIM-618759,4L PS Mydukur - Badvel from Km 585.820 to Km 630.960 of NH-67 (National Highways Authority of India [NHAI]) (618759),Infrastructure & Highways,Ministry of Railways,618759,Andhra Pradesh,2288.93,2288.93,938.33,41.0,2023-03-01,2028-12-31,2028-12-31,2026-01-01,0,0.0,0
PAIM-618777,95.717 of NH-71Package-II (National Highways Authority of India [NHAI]) (618777),Infrastructure & Highways,Ministry of Railways,618777,Andhra Pradesh,3929.84,3929.84,3295.59,83.9,2024-03-01,2026-12-31,2028-12-31,2026-01-01,36,0.0,0
PAIM-618778,4L of Madanapalle to Pileru Section from Km 0.000 to Km 55.900 of NH-71Package-I (National Highways Authority of India [,Infrastructure & Highways,Ministry of Railways,618778,Andhra Pradesh,3070.39,3070.39,1565.78,51.0,2024-03-01,2028-12-31,2028-12-31,2026-01-01,36,0.0,0
PAIM-618803,Kakinada Port Connectivity to NH-16 Rajanagaram Junction in East Godavari District (National Highways Authority of India,Infrastructure & Highways,Ministry of Railways,618803,Andhra Pradesh,3135.61,3135.61,2094.28,66.8,2024-03-01,2026-12-31,2029-12-31,2026-01-01,6,0.0,0
PAIM-618804,Dedicated Port road to Krishnapatnam Port Package-I from Km. 0.000 to Km. 18.000 (National Highways Authority of India [,Infrastructure & Highways,Ministry of Railways,618804,Andhra Pradesh,2569.53,2569.53,1196.45,46.6,2022-03-01,2027-12-31,2027-12-31,2026-01-01,6,0.0,0
PAIM-618807,"Part I & 6L  extension of dedicated port road of NH-67 Km 18.0 to Km 19.3, Part II (National Highways Authority of India",Infrastructure & Highways,Ministry of Railways,618807,Andhra Pradesh,3023.85,3023.85,1608.65,53.2,2024-03-01,2028-12-31,2029-12-31,2026-01-01,24,0.0,0
PAIM-618826,Pkg-1 (National Highways Authority of India [NHAI]) (618826),Infrastructure & Highways,Ministry of Railways,618826,Andhra Pradesh,551.66,551.66,412.6,74.8,2024-03-01,2026-12-31,2028-12-31,2026-01-01,12,0.0,0
PAIM-618827,Pkg-2 (National Highways Authority of India [NHAI]) (618827),Infrastructure & Highways,Ministry of Railways,618827,Andhra Pradesh,761.87,761.87,389.96,51.2,2022-03-01,2026-12-31,2028-12-31,2026-01-01,18,0.0,0
PAIM-618919,Km.73.000/Design Km 66.115 of NH340C  Package2 (National Highways Authority of India [NHAI]) (618919),Infrastructure & Highways,Ministry of Railways,618919,Andhra Pradesh,1984.46,1984.46,598.42,30.2,2021-03-01,2028-12-31,2027-12-31,2026-01-01,0,0.0,0
PAIM-619111,2 (National Highways Authority of India [NHAI]) (619111),Infrastructure & Highways,Ministry of Railways,619111,Andhra Pradesh,1922.27,1922.27,725.31,37.7,2021-03-01,2027-12-31,2028-12-31,2026-01-01,0,0.0,0
PAIM-619112,464.662 Pkg-4 (National Highways Authority of India [NHAI]) (619112),Infrastructure & Highways,Ministry of Railways,619112,Andhra Pradesh,473.61,473.61,267.57,56.5,2022-03-01,2026-12-31,2028-12-31,2026-01-01,18,0.0,0
PAIM-619123,Chandrasekharpuram Ch. 228000Package-10 (National Highways Authority of India [NHAI]) (619123),Infrastructure & Highways,Ministry of Railways,619123,Andhra Pradesh,605.21,605.21,351.07,58.0,2022-03-01,2027-12-31,2029-12-31,2026-01-01,18,0.0,0
PAIM-619124,Ch. 285500 of [NH-544G]Package-12 (National Highways Authority of India [NHAI]) (619124),Infrastructure & Highways,Ministry of Railways,619124,Andhra Pradesh,509.95,509.95,383.73,75.2,2021-03-01,2028-12-31,2029-12-31,2026-01-01,12,0.0,0
PAIM-619125,Muppavaram Ch.343240 of [NH-544G] Package-14 (National Highways Authority of India [NHAI]) (619125),Infrastructure & Highways,Ministry of Railways,619125,Andhra Pradesh,1495.35,1495.35,250.51,16.8,2022-03-01,2027-12-31,2028-12-31,2026-01-01,12,0.0,0
PAIM-619126,Somavarappadu Ch. 314600 of [NH-544G] Package-13 (National Highways Authority of India [NHAI]) (619126),Infrastructure & Highways,Ministry of Railways,619126,Andhra Pradesh,2633.39,2633.39,1419.16,53.9,2022-03-01,2027-12-31,2027-12-31,2026-01-01,24,0.0,0
PAIM-619140,6L of Naidupeta Junction - Turpukanupur Section from km 57.046 to km 91.927 (National Highways Authority of India [NHAI],Infrastructure & Highways,Ministry of Railways,619140,Andhra Pradesh,2662.67,2662.67,1134.9,42.6,2021-03-01,2028-12-31,2027-12-31,2026-01-01,12,0.0,0
PAIM-619141,on HAM Mode under Bharatmala Pariyojana Phase I (National Highways Authority of India [NHAI]) (619141),Infrastructure & Highways,Ministry of Railways,619141,Andhra Pradesh,2062.19,2062.19,1060.51,51.4,2022-03-01,2027-12-31,2029-12-31,2026-01-01,36,0.0,0
PAIM-617897,EPC mode connecting NH 19 to 85 origin (MoRTH) (617897),Infrastructure & Highways,Ministry of Railways,617897,Bihar,944.15,944.15,678.71,71.9,2022-03-01,2026-12-31,2028-12-31,2026-01-01,6,0.0,0
PAIM-617958,Widening & Strenthening from km132.895 to km 190.15 NH-80 (MoRTH) (617958),Infrastructure & Highways,Ministry of Railways,617958,Bihar,3107.9,3107.9,2291.64,73.7,2023-03-01,2026-12-31,2029-12-31,2026-01-01,0,0.0,0
PAIM-617959,on EPC Mode in the State of Bihar. (MoRTH) (617959),Infrastructure & Highways,Ministry of Railways,617959,Bihar,1664.85,1664.85,362.13,21.8,2023-03-01,2027-12-31,2027-12-31,2026-01-01,24,0.0,0
PAIM-617961,Gaya-Hisua-Rajgir-Nalanda-Biharsharif section km0.00 to 92.935 NH-82 (MoRTH) (617961),Infrastructure & Highways,Ministry of Railways,617961,Bihar,2149.69,2149.69,1631.87,75.9,2021-03-01,2026-12-31,2028-12-31,2026-01-01,36,0.0,0
PAIM-617966,NHIIP-BR-106-7 [NHIIP-BR-106-7] (MoRTH) (617966),Infrastructure & Highways,Ministry of Railways,617966,Bihar,556.2,556.2,356.63,64.1,2024-03-01,2027-12-31,2028-12-31,2026-01-01,24,0.0,0
PAIM-617969,Islampur IPR section in the state of Bihar on EPC mode. (MoRTH) (617969),Infrastructure & Highways,Ministry of Railways,617969,Bihar,3528.73,3528.73,2481.3,70.3,2023-03-01,2028-12-31,2028-12-31,2026-01-01,6,0.0,0
PAIM-618004,16.150 Kmunder EPC mode in the state of Bihar (MoRTH) (618004),Infrastructure & Highways,Ministry of Railways,618004,Bihar,4386.22,4386.22,3636.25,82.9,2021-03-01,2028-12-31,2029-12-31,2026-01-01,12,0.0,0
PAIM-618005,Sheohar-Sitamarhi Section km 40.000 to 79.400 km Lot-I (MoRTH) (618005),Infrastructure & Highways,Ministry of Railways,618005,Bihar,2483.31,2483.31,1140.23,45.9,2023-03-01,2028-12-31,2027-12-31,2026-01-01,12,0.0,0
PAIM-618006,Sitamarhi-Jaynagar Section km 79.400 to km 156.500 Lot-II (MoRTH) (618006),Infrastructure & Highways,Ministry of Railways,618006,Bihar,1621.53,1621.53,982.41,60.6,2023-03-01,2027-12-31,2029-12-31,2026-01-01,0,0.0,0
PAIM-618007,Jaynagar-Narahia Section km 156.500 to km 219.945 Lot-III (MoRTH) (618007),Infrastructure & Highways,Ministry of Railways,618007,Bihar,3190.89,3190.89,1336.43,41.9,2023-03-01,2028-12-31,2027-12-31,2026-01-01,18,0.0,0
PAIM-618073,Km 29.730 of NH 122 B in the State of Bihar. (MoRTH) (618073),Infrastructure & Highways,Ministry of Railways,618073,Bihar,2057.88,2057.88,1133.18,55.1,2023-03-01,2028-12-31,2028-12-31,2026-01-01,12,0.0,0
PAIM-618074,under EPC mode (MoRTH) (618074),Infrastructure & Highways,Ministry of Railways,618074,Bihar,3894.7,3894.7,2685.85,69.0,2021-03-01,2027-12-31,2027-12-31,2026-01-01,0,0.0,0
PAIM-618080,under EPC mode in the state of Bihar (MoRTH) (618080),Infrastructure & Highways,Ministry of Railways,618080,Bihar,313.92,313.92,150.01,47.8,2024-03-01,2026-12-31,2028-12-31,2026-01-01,12,0.0,0
PAIM-618121,state of Bihar under EPC mode (MoRTH) (618121),Infrastructure & Highways,Ministry of Railways,618121,Bihar,395.13,395.13,302.16,76.5,2022-03-01,2026-12-31,2029-12-31,2026-01-01,6,0.0,0
PAIM-618146,from km 3.500 to 43.000 of NH 527 E on EPC mode in State of Bihar (MoRTH) (618146),Infrastructure & Highways,Ministry of Railways,618146,Bihar,808.4,808.4,197.96,24.5,2024-03-01,2027-12-31,2029-12-31,2026-01-01,0,0.0,0
PAIM-618228,0.00 to km 14.500 across river Ganga on NH-19 at Patna in the state of Bihar. (MoRTH) (618228),Infrastructure & Highways,Ministry of Railways,618228,Bihar,2856.67,2856.67,1666.49,58.3,2022-03-01,2028-12-31,2029-12-31,2026-01-01,6,0.0,0
PAIM-618234,EPC mode (MoRTH) (618234),Infrastructure & Highways,Ministry of Railways,618234,Bihar,429.2,429.2,232.6,54.2,2022-03-01,2027-12-31,2027-12-31,2026-01-01,36,0.0,0
PAIM-618246,Bihar (MoRTH) (618246),Infrastructure & Highways,Ministry of Railways,618246,Bihar,828.58,828.58,289.38,34.9,2024-03-01,2026-12-31,2028-12-31,2026-01-01,0,0.0,0
PAIM-618250,Bihar (MoRTH) (618250),Infrastructure & Highways,Ministry of Railways,618250,Bihar,3716.06,3716.06,1121.14,30.2,2021-03-01,2026-12-31,2027-12-31,2026-01-01,0,0.0,0
PAIM-618569,Balance work - WB-10 Gandak Bridge Km 402.00 to Km 440.00 Devanpur - Kotwa (National Highways Authority of India [NHAI]),Infrastructure & Highways,Ministry of Railways,618569,Bihar,534.91,534.91,127.34,23.8,2021-03-01,2026-12-31,2029-12-31,2026-01-01,6,0.0,0
PAIM-618570,384.000 to Km. 386.750 on NH-27 (National Highways Authority of India [NHAI]) (618570),Infrastructure & Highways,Ministry of Railways,618570,Bihar,4375.84,4375.84,2927.12,66.9,2024-03-01,2026-12-31,2027-12-31,2026-01-01,6,0.0,0
PAIM-618571,km.520.000 Total length 80.00Km (National Highways Authority of India [NHAI]) (618571),Infrastructure & Highways,Ministry of Railways,618571,Bihar,4399.06,4399.06,3308.32,75.2,2021-03-01,2027-12-31,2028-12-31,2026-01-01,12,0.0,0
PAIM-618738,131G starting from Km 8.480 near Sherpur to Km 23.000 near Dighwara (National Highways Authority of India [NHAI]) (61873,Infrastructure & Highways,Ministry of Railways,618738,Bihar,2621.66,2621.66,421.42,16.1,2021-03-01,2028-12-31,2028-12-31,2026-01-01,24,0.0,0
PAIM-618739,119 D Pkg-I (National Highways Authority of India [NHAI]) (618739),Infrastructure & Highways,Ministry of Railways,618739,Bihar,3279.14,3279.14,2661.18,81.2,2023-03-01,2026-12-31,2027-12-31,2026-01-01,24,0.0,0
PAIM-618740,109.300 of NH 119 D Pkg-II (National Highways Authority of India [NHAI]) (618740),Infrastructure & Highways,Ministry of Railways,618740,Bihar,244.67,244.67,145.99,59.7,2021-03-01,2027-12-31,2029-12-31,2026-01-01,0,0.0,0
PAIM-618741,4L  Greenfield Alignment from Kalyanapur to Tal Dashraha of NH-119D Pkg-III (NHAI) (618741),Infrastructure & Highways,Ministry of Railways,618741,Bihar,3094.08,3094.08,2085.77,67.4,2023-03-01,2028-12-31,2029-12-31,2026-01-01,18,0.0,0
PAIM-618774,Ara - Mohania Pkg-II (National Highways Authority of India [NHAI]) (618774),Infrastructure & Highways,Ministry of Railways,618774,Bihar,4173.73,4173.73,2770.85,66.4,2024-03-01,2028-12-31,2028-12-31,2026-01-01,24,0.0,0
PAIM-618779,4L of Aurangabad-Paithan (NHAI) (618779),Infrastructure & Highways,Ministry of Railways,618779,Bihar,3342.06,3342.06,464.71,13.9,2023-03-01,2026-12-31,2029-12-31,2026-01-01,12,0.0,0
PAIM-618839,Aunta - Simaria including Ganga Bridge (National Highways Authority of India [NHAI]) (618839),Infrastructure & Highways,Ministry of Railways,618839,Bihar,3970.85,3970.85,2491.77,62.8,2023-03-01,2026-12-31,2028-12-31,2026-01-01,36,0.0,0
PAIM-618840,Simaria Km. 206.050 to Khagaria Km. 266.282 (National Highways Authority of India [NHAI]) (618840),Infrastructure & Highways,Ministry of Railways,618840,Bihar,3226.64,3226.64,2261.45,70.1,2021-03-01,2026-12-31,2027-12-31,2026-01-01,18,0.0,0
PAIM-618841,section  from Km. 221.047 to Km. 225.302 of NH-31 (National Highways Authority of India [NHAI]) (618841),Infrastructure & Highways,Ministry of Railways,618841,Bihar,307.85,307.85,64.51,21.0,2024-03-01,2027-12-31,2029-12-31,2026-01-01,24,0.0,0
PAIM-618861,Bakhtiyarpur-Rajauli Pkg-II from km. 54.405 to km.101.630 (National Highways Authority of India [NHAI]) (618861),Infrastructure & Highways,Ministry of Railways,618861,Bihar,1553.04,1553.04,910.99,58.7,2023-03-01,2026-12-31,2029-12-31,2026-01-01,24,0.0,0
PAIM-618902,Maheshkunt-Saharsa-Purnea Pkg I km 0.00 to km. 90.00 of NH-107 (National Highways Authority of India [NHAI]) (618902),Infrastructure & Highways,Ministry of Railways,618902,Bihar,2612.75,2612.75,1656.22,63.4,2023-03-01,2028-12-31,2029-12-31,2026-01-01,36,0.0,0
PAIM-618903,Maheshkunt -Saharsa-Purnea Pkg II (National Highways Authority of India [NHAI]) (618903),Infrastructure & Highways,Ministry of Railways,618903,Bihar,221.49,221.49,167.67,75.7,2023-03-01,2027-12-31,2027-12-31,2026-01-01,24,0.0,0
PAIM-618904,Chhapra - Hajipur from km. 143.200 to km. 209.200 (National Highways Authority of India [NHAI]) (618904),Infrastructure & Highways,Ministry of Railways,618904,Bihar,2436.84,2436.84,1657.36,68.0,2024-03-01,2026-12-31,2027-12-31,2026-01-01,0,0.0,0
PAIM-618915,83 (National Highways Authority of India [NHAI]) (618915),Infrastructure & Highways,Ministry of Railways,618915,Bihar,3387.01,3387.01,1261.75,37.3,2023-03-01,2027-12-31,2029-12-31,2026-01-01,18,0.0,0
PAIM-618916,NH-83 (National Highways Authority of India [NHAI]) (618916),Infrastructure & Highways,Ministry of Railways,618916,Bihar,3315.6,3315.6,1975.31,59.6,2023-03-01,2026-12-31,2028-12-31,2026-01-01,36,0.0,0
PAIM-618953,Umagaon-Saharsa Package-IV Koshi Bridge & approach Road - Bheja-Bakaur (NHAI) (618953),Infrastructure & Highways,Ministry of Railways,618953,Bihar,1868.66,1868.66,1494.98,80.0,2023-03-01,2026-12-31,2029-12-31,2026-01-01,36,0.0,0
PAIM-618955,2L PS of Majhauli to Charout section from km. 0.00 to km. 63.655 (NHAI) (618955),Infrastructure & Highways,Ministry of Railways,618955,Bihar,721.28,721.28,334.44,46.4,2023-03-01,2026-12-31,2029-12-31,2026-01-01,0,0.0,0
PAIM-619152,Bakhtiyarpur Km 153.300 to Mokama Km 197.900 (National Highways Authority of India [NHAI]) (619152),Infrastructure & Highways,Ministry of Railways,619152,Bihar,4371.25,4371.25,3208.87,73.4,2022-03-01,2026-12-31,2028-12-31,2026-01-01,6,0.0,0
PAIM-617919,2017-18-56 (MoRTH) (617919),Infrastructure & Highways,Ministry of Railways,617919,Multi-State,4243.8,4243.8,1919.88,45.2,2024-03-01,2028-12-31,2027-12-31,2026-01-01,18,0.0,0
PAIM-617973,chhattisgarh.job No. 130-CG-2017-18-348 (MoRTH) (617973),Infrastructure & Highways,Ministry of Railways,617973,Multi-State,1805.86,1805.86,707.65,39.2,2022-03-01,2028-12-31,2028-12-31,2026-01-01,6,0.0,0
PAIM-618064,Chhattisgarh under EPC mode (MoRTH) (618064),Infrastructure & Highways,Ministry of Railways,618064,Multi-State,371.81,371.81,99.41,26.7,2022-03-01,2027-12-31,2027-12-31,2026-01-01,24,0.0,0
PAIM-618078,lane with paved shoulders in the State of Chhattisgarh on EPC mode. (MoRTH) (618078),Infrastructure & Highways,Ministry of Railways,618078,Multi-State,2608.68,2608.68,1572.21,60.3,2023-03-01,2026-12-31,2029-12-31,2026-01-01,6,0.0,0
PAIM-618589,to near Khatti Village (National Highways Authority of India [NHAI]) (618589),Infrastructure & Highways,Ministry of Railways,618589,Multi-State,2625.74,2625.74,1917.97,73.0,2024-03-01,2027-12-31,2027-12-31,2026-01-01,36,0.0,0
PAIM-618590,near Aurang (National Highways Authority of India [NHAI]) (618590),Infrastructure & Highways,Ministry of Railways,618590,Multi-State,2170.34,2170.34,690.14,31.8,2021-03-01,2026-12-31,2028-12-31,2026-01-01,12,0.0,0
PAIM-618639,4L of Bilaspur to Urga km 0.00 to 70.2 of NH-130A (National Highways Authority of India [NHAI]) (618639),Infrastructure & Highways,Ministry of Railways,618639,Multi-State,4099.45,4099.45,3426.41,83.6,2021-03-01,2026-12-31,2029-12-31,2026-01-01,18,0.0,0
PAIM-618673,130CD Pkg-CG-1 (National Highways Authority of India [NHAI]) (618673),Infrastructure & Highways,Ministry of Railways,618673,Multi-State,2514.41,2514.41,636.08,25.3,2021-03-01,2026-12-31,2028-12-31,2026-01-01,24,0.0,0
PAIM-618674,130CD Pkg-CG-2 (National Highways Authority of India [NHAI]) (618674),Infrastructure & Highways,Ministry of Railways,618674,Multi-State,3528.72,3528.72,1427.11,40.4,2021-03-01,2028-12-31,2029-12-31,2026-01-01,0,0.0,0
PAIM-618675,of NH-130-CD (National Highways Authority of India [NHAI]) (618675),Infrastructure & Highways,Ministry of Railways,618675,Multi-State,3278.2,3278.2,753.19,23.0,2021-03-01,2027-12-31,2027-12-31,2026-01-01,12,0.0,0
PAIM-618849,the tunnel from Km 12.732 to Km 14.568 of Kiratpur to Nerchowk Section of NH-21 (National Highways Authority of India [N,Infrastructure & Highways,Ministry of Railways,618849,Multi-State,712.36,712.36,434.6,61.0,2022-03-01,2028-12-31,2028-12-31,2026-01-01,18,0.0,0
PAIM-618509,from km. 0.70 to km.15.00 (National Highways Authority of India [NHAI]) (618509),Infrastructure & Highways,Ministry of Railways,618509,Delhi,635.41,635.41,515.13,81.1,2024-03-01,2026-12-31,2028-12-31,2026-01-01,0,0.0,0
PAIM-618578,Road of NH-148NA from km. 0.00 to km. 9.00 in NCR (National Highways Authority of India [NHAI]) (618578),Infrastructure & Highways,Ministry of Railways,618578,Delhi,993.95,993.95,754.43,75.9,2023-03-01,2027-12-31,2027-12-31,2026-01-01,6,0.0,0
PAIM-619090,5.300 Km.to 9.500 Km. of NH-248BB (National Highways Authority of India [NHAI]) (619090),Infrastructure & Highways,Ministry of Railways,619090,Delhi,871.07,871.07,436.1,50.1,2021-03-01,2028-12-31,2028-12-31,2026-01-01,0,0.0,0
PAIM-617942,approaches on NH-66 (MoRTH) (617942),Infrastructure & Highways,Ministry of Railways,617942,Delhi,3241.47,3241.47,1853.41,57.2,2021-03-01,2027-12-31,2027-12-31,2026-01-01,0,0.0,0
PAIM-617906,Gujarat on EPC (MoRTH) (617906),Infrastructure & Highways,Ministry of Railways,617906,Gujarat,2968.23,2968.23,1109.45,37.4,2023-03-01,2028-12-31,2029-12-31,2026-01-01,24,0.0,0
PAIM-617928,"Vrundavan Chokdi, Kheralu on NH-58 in the State of Gujarat. (MoRTH) (617928)",Infrastructure & Highways,Ministry of Railways,617928,Gujarat,2288.86,2288.86,703.65,30.7,2024-03-01,2028-12-31,2027-12-31,2026-01-01,6,0.0,0
PAIM-617976,sate of Gujarat (MoRTH) (617976),Infrastructure & Highways,Ministry of Railways,617976,Gujarat,4049.43,4049.43,1609.62,39.7,2023-03-01,2027-12-31,2029-12-31,2026-01-01,24,0.0,0
PAIM-618022,NH 351  Mahuva to Badhada section in the State of Gujarat (MoRTH) (618022),Infrastructure & Highways,Ministry of Railways,618022,Gujarat,1781.69,1781.69,833.56,46.8,2021-03-01,2028-12-31,2027-12-31,2026-01-01,0,0.0,0
PAIM-618108,168G Idar-Bhiloda-Samlaji in the state of Gujarat Length  34.275 km (MoRTH) (618108),Infrastructure & Highways,Ministry of Railways,618108,Gujarat,3417.49,3417.49,2211.94,64.7,2022-03-01,2026-12-31,2027-12-31,2026-01-01,6,0.0,0
PAIM-618459,Delhi-Vadodara Greenfield Alignment NH-148N Pkg-26 Ch.696890 to Ch.726390 (National Highways Authority of India [NHAI]) ,Infrastructure & Highways,Ministry of Railways,618459,Gujarat,1563.3,1563.3,1165.53,74.6,2021-03-01,2028-12-31,2028-12-31,2026-01-01,6,0.0,0
PAIM-618460,Delhi-Vadodara Greenfield Alignment NH-148N Pkg-28 Ch.756052 to Ch.781282 (National Highways Authority of India [NHAI]) ,Infrastructure & Highways,Ministry of Railways,618460,Gujarat,2813.63,2813.63,1374.83,48.9,2021-03-01,2028-12-31,2028-12-31,2026-01-01,36,0.0,0
PAIM-618461,[Baletiya Village - Junction near Pratap Nagar Village] (National Highways Authority of India [NHAI]) (618461),Infrastructure & Highways,Ministry of Railways,618461,Gujarat,1654.02,1654.02,528.12,31.9,2023-03-01,2026-12-31,2029-12-31,2026-01-01,6,0.0,0
PAIM-618462,[Junction near Pratap nagar Village - Junction near Dodka Village] (National Highways Authority of India [NHAI]) (618462,Infrastructure & Highways,Ministry of Railways,618462,Gujarat,1452.96,1452.96,368.77,25.4,2024-03-01,2026-12-31,2029-12-31,2026-01-01,18,0.0,0
PAIM-618463,Vadodara Mumbai Expressway Kim to Ankleshwar Phase IA - Pkg V (National Highways Authority of India [NHAI]) (618463),Infrastructure & Highways,Ministry of Railways,618463,Gujarat,1114.23,1114.23,941.64,84.5,2023-03-01,2026-12-31,2029-12-31,2026-01-01,6,0.0,0
PAIM-618465,217.500] (National Highways Authority of India [NHAI]) (618465),Infrastructure & Highways,Ministry of Railways,618465,Gujarat,3066.62,3066.62,2053.06,66.9,2022-03-01,2026-12-31,2027-12-31,2026-01-01,18,0.0,0
PAIM-618501,Sindhrej Village] (National Highways Authority of India [NHAI]) (618501),Infrastructure & Highways,Ministry of Railways,618501,Gujarat,1643.13,1643.13,358.72,21.8,2023-03-01,2028-12-31,2029-12-31,2026-01-01,12,0.0,0
PAIM-618502,Village] (National Highways Authority of India [NHAI]) (618502),Infrastructure & Highways,Ministry of Railways,618502,Gujarat,981.53,981.53,613.29,62.5,2023-03-01,2028-12-31,2027-12-31,2026-01-01,18,0.0,0
PAIM-618503,DSIR zone] (National Highways Authority of India [NHAI]) (618503),Infrastructure & Highways,Ministry of Railways,618503,Gujarat,4102.23,4102.23,1654.1,40.3,2021-03-01,2027-12-31,2028-12-31,2026-01-01,6,0.0,0
PAIM-618504,Adhelai Village] (National Highways Authority of India [NHAI]) (618504),Infrastructure & Highways,Ministry of Railways,618504,Gujarat,2671.84,2671.84,836.53,31.3,2024-03-01,2027-12-31,2027-12-31,2026-01-01,12,0.0,0
PAIM-618614,Sanchore - Santalpur from km 67.000 - km 99.000 of NH-754K AJ-RGBS-Package-3 (National Highways Authority of India [NHAI,Infrastructure & Highways,Ministry of Railways,618614,Gujarat,3651.8,3651.8,1913.69,52.4,2021-03-01,2026-12-31,2028-12-31,2026-01-01,6,0.0,0
PAIM-618615,Sanchore - Santalpur from km 99.000 - km 130.073 of NH-754K AJ-RGBS-Package-4 (National Highways Authority of India [NHA,Infrastructure & Highways,Ministry of Railways,618615,Gujarat,2819.12,2819.12,2186.35,77.6,2022-03-01,2028-12-31,2028-12-31,2026-01-01,12,0.0,0
PAIM-618787,Junction from Km 0.000 to Km 65.478 of NH-341 (National Highways Authority of India [NHAI]) (618787),Infrastructure & Highways,Ministry of Railways,618787,Gujarat,2016.47,2016.47,1387.29,68.8,2023-03-01,2027-12-31,2029-12-31,2026-01-01,0,0.0,0
PAIM-618833,120.900 to km. 121.150 of NH-8D (National Highways Authority of India [NHAI]) (618833),Infrastructure & Highways,Ministry of Railways,618833,Gujarat,3539.22,3539.22,871.94,24.6,2023-03-01,2027-12-31,2027-12-31,2026-01-01,18,0.0,0
PAIM-618834,NH-8E NH 51 new (National Highways Authority of India [NHAI]) (618834),Infrastructure & Highways,Ministry of Railways,618834,Gujarat,844.39,844.39,515.15,61.0,2023-03-01,2026-12-31,2029-12-31,2026-01-01,12,0.0,0
PAIM-618835,Package-II (National Highways Authority of India [NHAI]) (618835),Infrastructure & Highways,Ministry of Railways,618835,Gujarat,2452.44,2452.44,1325.3,54.0,2024-03-01,2028-12-31,2027-12-31,2026-01-01,36,0.0,0
PAIM-619087,Km. 185.00 on NH-27 (National Highways Authority of India [NHAI]) (619087),Infrastructure & Highways,Ministry of Railways,619087,Gujarat,3134.85,3134.85,380.1,12.1,2022-03-01,2028-12-31,2029-12-31,2026-01-01,6,0.0,0
PAIM-619146,Kagvadar - Una Package-IV (National Highways Authority of India [NHAI]) (619146),Infrastructure & Highways,Ministry of Railways,619146,Gujarat,3143.27,3143.27,564.2,17.9,2024-03-01,2026-12-31,2028-12-31,2026-01-01,24,0.0,0
PAIM-619147,Pkg- III (National Highways Authority of India [NHAI]) (619147),Infrastructure & Highways,Ministry of Railways,619147,Gujarat,3669.44,3669.44,834.11,22.7,2022-03-01,2027-12-31,2029-12-31,2026-01-01,12,0.0,0
PAIM-618484,Alewa village Km 60800 to Km 91400 (National Highways Authority of India [NHAI]) (618484),Infrastructure & Highways,Ministry of Railways,618484,Haryana,1038.59,1038.59,634.55,61.1,2023-03-01,2028-12-31,2028-12-31,2026-01-01,6,0.0,0
PAIM-618485,Kharak Pandwa village Km 91400 to Km 120250 (National Highways Authority of India [NHAI]) (618485),Infrastructure & Highways,Ministry of Railways,618485,Haryana,482.73,482.73,77.03,16.0,2022-03-01,2026-12-31,2028-12-31,2026-01-01,6,0.0,0
PAIM-618580,Gohana - Sonipat PKG-2 (National Highways Authority of India [NHAI]) (618580),Infrastructure & Highways,Ministry of Railways,618580,Haryana,1205.19,1205.19,328.38,27.2,2021-03-01,2028-12-31,2029-12-31,2026-01-01,24,0.0,0
PAIM-618788,4L Greenfield Jalbhera  Shahbad section from km. 0.000 to km. 22.850 of NH-152G (National Highways Authority of India [N,Infrastructure & Highways,Ministry of Railways,618788,Haryana,3317.58,3317.58,1450.86,43.7,2022-03-01,2026-12-31,2029-12-31,2026-01-01,36,0.0,0
PAIM-618792,4L Bhiwani-Hansi road section of NH-148B (National Highways Authority of India [NHAI]) (618792),Infrastructure & Highways,Ministry of Railways,618792,Haryana,842.27,842.27,606.31,72.0,2023-03-01,2028-12-31,2027-12-31,2026-01-01,18,0.0,0
PAIM-618936,Jagadhari - Tajewala from Km -0.175 to 32.337 km of NH-344 (National Highways Authority of India [NHAI]) (618936),Infrastructure & Highways,Ministry of Railways,618936,Haryana,517.85,517.85,170.16,32.9,2024-03-01,2027-12-31,2028-12-31,2026-01-01,6,0.0,0
PAIM-619132,4/6L of Gurgaon - Pataudi - Rewari from km. 0.00 to km.43.87 of NH-352W (National Highways Authority of India [NHAI]) (6,Infrastructure & Highways,Ministry of Railways,619132,Haryana,2797.19,2797.19,1512.4,54.1,2022-03-01,2026-12-31,2029-12-31,2026-01-01,36,0.0,0
PAIM-618050,assistance of World Bank on EPC mode. (MoRTH) (618050),Infrastructure & Highways,Ministry of Railways,618050,Multi-State,656.39,656.39,483.38,73.6,2022-03-01,2027-12-31,2029-12-31,2026-01-01,6,0.0,0
PAIM-618051,Rehabilitation and Upgrading of NH-707 OLD 72-B Package - 2 Hewna to Ashyari (MoRTH) (618051),Infrastructure & Highways,Ministry of Railways,618051,Multi-State,827.7,827.7,330.8,40.0,2021-03-01,2027-12-31,2027-12-31,2026-01-01,36,0.0,0
PAIM-618216,"project Deepak, BRO (MoRTH) (618216)",Infrastructure & Highways,Ministry of Railways,618216,Multi-State,1691.99,1691.99,1150.73,68.0,2021-03-01,2027-12-31,2028-12-31,2026-01-01,36,0.0,0
PAIM-618217,Gramphoo road  in the state of Himachal Pradesh Package I (MoRTH) (618217),Infrastructure & Highways,Ministry of Railways,618217,Multi-State,2080.78,2080.78,302.64,14.5,2022-03-01,2027-12-31,2029-12-31,2026-01-01,12,0.0,0
PAIM-618230,mode.Package-3 (MoRTH) (618230),Infrastructure & Highways,Ministry of Railways,618230,Multi-State,676.44,676.44,216.28,32.0,2022-03-01,2027-12-31,2029-12-31,2026-01-01,6,0.0,0
PAIM-618231,mode.Package-1 (MoRTH) (618231),Infrastructure & Highways,Ministry of Railways,618231,Multi-State,3803.65,3803.65,1706.42,44.9,2023-03-01,2027-12-31,2027-12-31,2026-01-01,0,0.0,0
PAIM-618850,Nerchowk km 190.000 to Pandoh including Pandoh bypass  km221.305 (National Highways Authority of India [NHAI]) (618850),Infrastructure & Highways,Ministry of Railways,618850,Multi-State,2743.89,2743.89,953.95,34.8,2024-03-01,2028-12-31,2029-12-31,2026-01-01,18,0.0,0
PAIM-618852,4L  Sundar Nagar Bypass from  Km.173.900 to Km.179.600 of NH-21 (National Highways Authority of India [NHAI]) (618852),Infrastructure & Highways,Ministry of Railways,618852,Multi-State,1228.14,1228.14,517.12,42.1,2023-03-01,2026-12-31,2027-12-31,2026-01-01,12,0.0,0
PAIM-618878,from Km 51.000 to Km 72.000 of NH-154 Package-IIA (National Highways Authority of India [NHAI]) (618878),Infrastructure & Highways,Ministry of Railways,618878,Multi-State,363.79,363.79,211.46,58.1,2022-03-01,2028-12-31,2029-12-31,2026-01-01,18,0.0,0
PAIM-618888,88 Pkg-IV (National Highways Authority of India [NHAI]) (618888),Infrastructure & Highways,Ministry of Railways,618888,Multi-State,2456.02,2456.02,1174.27,47.8,2023-03-01,2027-12-31,2028-12-31,2026-01-01,24,0.0,0
PAIM-618889,"303,503 up to Intersection with NH-154 from Km 175.270 to Km 193.400 Pkg-VB (National Highways Authority of India [NHAI]",Infrastructure & Highways,Ministry of Railways,618889,Multi-State,2652.77,2652.77,2017.42,76.0,2024-03-01,2026-12-31,2029-12-31,2026-01-01,18,0.0,0
PAIM-618890,2L PS of Hamirpur Bypass from Km 121.175 to Km.138.295 of NH-103&3 (National Highways Authority of India [NHAI]) (618890,Infrastructure & Highways,Ministry of Railways,618890,Multi-State,524.96,524.96,71.05,13.5,2023-03-01,2028-12-31,2029-12-31,2026-01-01,12,0.0,0
PAIM-618921,Bypass - Pkg I (National Highways Authority of India [NHAI]) (618921),Infrastructure & Highways,Ministry of Railways,618921,Multi-State,2486.79,2486.79,1953.96,78.6,2024-03-01,2026-12-31,2028-12-31,2026-01-01,36,0.0,0
PAIM-619003,Solan - Kaithlighat Section of NH-22 Now NH-5 from Km. 106.139 to Km.129.05 (National Highways Authority of India [NHAI],Infrastructure & Highways,Ministry of Railways,619003,Punjab,3012.78,3012.78,1307.36,43.4,2021-03-01,2027-12-31,2028-12-31,2026-01-01,0,0.0,0
PAIM-619153,Package-IA (National Highways Authority of India [NHAI]) (619153),Infrastructure & Highways,Ministry of Railways,619153,Punjab,2868.72,2868.72,2217.29,77.3,2021-03-01,2027-12-31,2028-12-31,2026-01-01,12,0.0,0
PAIM-618202,Kashmir under Project.Package-III (MoRTH) (618202),Infrastructure & Highways,Ministry of Railways,618202,Multi-State,3653.5,3653.5,406.33,11.1,2023-03-01,2027-12-31,2029-12-31,2026-01-01,24,0.0,0
PAIM-618203,Package-II (MoRTH) (618203),Infrastructure & Highways,Ministry of Railways,618203,Multi-State,2108.74,2108.74,1160.18,55.0,2021-03-01,2028-12-31,2027-12-31,2026-01-01,6,0.0,0
PAIM-618204,in the UT of Ladakh on EPC Mode (MoRTH) (618204),Infrastructure & Highways,Ministry of Railways,618204,Multi-State,1893.6,1893.6,1391.14,73.5,2024-03-01,2027-12-31,2029-12-31,2026-01-01,0,0.0,0
PAIM-618205,Border Roads Organization BRO  Package-IJob No NH-1-J&K-2022-23-110 (MoRTH) (618205),Infrastructure & Highways,Ministry of Railways,618205,Multi-State,2818.37,2818.37,1914.51,67.9,2023-03-01,2027-12-31,2028-12-31,2026-01-01,36,0.0,0
PAIM-618220,mode Package-V Job no  NH-144A-J&K-2020-21-104 (MoRTH) (618220),Infrastructure & Highways,Ministry of Railways,618220,Multi-State,3241.53,3241.53,1194.38,36.8,2023-03-01,2026-12-31,2028-12-31,2026-01-01,24,0.0,0
PAIM-618221,on Akhnoor-Poonch Roads on EPC mode NH-144A Package-VII (MoRTH) (618221),Infrastructure & Highways,Ministry of Railways,618221,Multi-State,1191.81,1191.81,809.12,67.9,2022-03-01,2028-12-31,2027-12-31,2026-01-01,24,0.0,0
PAIM-618222,NH-144A-J&K-2022-2023-111 (MoRTH) (618222),Infrastructure & Highways,Ministry of Railways,618222,Multi-State,1348.16,1348.16,625.5,46.4,2022-03-01,2026-12-31,2027-12-31,2026-01-01,24,0.0,0
PAIM-618223,Kashmir on EPC mode Package-III Job no  NH-144A-J&K-2019-20-79 (MoRTH) (618223),Infrastructure & Highways,Ministry of Railways,618223,Multi-State,1003.82,1003.82,412.29,41.1,2021-03-01,2027-12-31,2027-12-31,2026-01-01,12,0.0,0
PAIM-618224,Kashmir on EPC mode Package-II Job no  NH-144A-J&K-2019-20-78 (MoRTH) (618224),Infrastructure & Highways,Ministry of Railways,618224,Multi-State,266.09,266.09,86.39,32.5,2024-03-01,2027-12-31,2028-12-31,2026-01-01,6,0.0,0
PAIM-618225,Sampark BRO on EPC mode Package-VI Job no  NH-144A-J&K-2021-22-106 (MoRTH) (618225),Infrastructure & Highways,Ministry of Railways,618225,Multi-State,1784.5,1784.5,441.73,24.8,2022-03-01,2027-12-31,2027-12-31,2026-01-01,36,0.0,0
PAIM-618226,the UT of Jammu & Kashmir EPC modePackage-I Job no NH-144A-J&K-2020-21-83. (MoRTH) (618226),Infrastructure & Highways,Ministry of Railways,618226,Multi-State,2193.85,2193.85,663.3,30.2,2022-03-01,2028-12-31,2029-12-31,2026-01-01,24,0.0,0
PAIM-618394,244  in UT of Jammu and Kashmir on EPC Mode Pkg-1 (NHIDCL) (618394),Infrastructure & Highways,Ministry of Railways,618394,Multi-State,409.53,409.53,127.86,31.2,2021-03-01,2027-12-31,2027-12-31,2026-01-01,0,0.0,0
PAIM-618395,Mode under NHO-Gen Pkg - 2 (NHIDCL) (618395),Infrastructure & Highways,Ministry of Railways,618395,Multi-State,4178.49,4178.49,799.83,19.1,2023-03-01,2028-12-31,2028-12-31,2026-01-01,6,0.0,0
PAIM-618396,under NHO-Gen PKG- 1 (NHIDCL) (618396),Infrastructure & Highways,Ministry of Railways,618396,Multi-State,3944.23,3944.23,1435.39,36.4,2021-03-01,2027-12-31,2028-12-31,2026-01-01,12,0.0,0
PAIM-618398,Mode Package II (NHIDCL) (618398),Infrastructure & Highways,Ministry of Railways,618398,Multi-State,3614.16,3614.16,2477.66,68.6,2023-03-01,2028-12-31,2027-12-31,2026-01-01,18,0.0,0
PAIM-618399,of Jammu and Kashmir on EPC Mode Pkg-4 (NHIDCL) (618399),Infrastructure & Highways,Ministry of Railways,618399,Multi-State,209.58,209.58,144.56,69.0,2023-03-01,2027-12-31,2028-12-31,2026-01-01,36,0.0,0
PAIM-618400,in the UT of J&K on EPC Mode under NHO-Gen Pkg-3 (NHIDCL) (618400),Infrastructure & Highways,Ministry of Railways,618400,Multi-State,3356.46,3356.46,577.79,17.2,2023-03-01,2027-12-31,2027-12-31,2026-01-01,18,0.0,0
PAIM-618406,Kashmir on EPC basis Pkg-3A (NHIDCL) (618406),Infrastructure & Highways,Ministry of Railways,618406,Multi-State,1186.87,1186.87,973.76,82.0,2023-03-01,2028-12-31,2027-12-31,2026-01-01,12,0.0,0
PAIM-618407,Jammu-Akhnoor Road Pkg-I (NHIDCL) (618407),Infrastructure & Highways,Ministry of Railways,618407,Delhi,2000.94,2000.94,1162.53,58.1,2024-03-01,2027-12-31,2029-12-31,2026-01-01,24,0.0,0
PAIM-618494,village from Km 468100 to Km 503250] (National Highways Authority of India [NHAI]) (618494),Infrastructure & Highways,Ministry of Railways,618494,Multi-State,734.9,734.9,121.72,16.6,2021-03-01,2027-12-31,2028-12-31,2026-01-01,6,0.0,0
PAIM-618495,566.520 Domel to Katra Section Phase II-Package XVII (National Highways Authority of India [NHAI]) (618495),Infrastructure & Highways,Ministry of Railways,618495,Delhi,2464.57,2464.57,439.55,17.8,2021-03-01,2027-12-31,2029-12-31,2026-01-01,6,0.0,0
PAIM-618496,to km 514500] (National Highways Authority of India [NHAI]) (618496),Infrastructure & Highways,Ministry of Railways,618496,Delhi,3207.28,3207.28,669.89,20.9,2023-03-01,2028-12-31,2027-12-31,2026-01-01,12,0.0,0
PAIM-618497,545.300 Sidhra to Domel Section of NH-44 (National Highways Authority of India [NHAI]) (618497),Infrastructure & Highways,Ministry of Railways,618497,Multi-State,4274.51,4274.51,1169.77,27.4,2024-03-01,2026-12-31,2027-12-31,2026-01-01,12,0.0,0
PAIM-618541,4L Ring road/bypass around Srinagar city from km 0.000 to km 42.100 Phase-I (National Highways Authority of India [NHAI],Infrastructure & Highways,Ministry of Railways,618541,Multi-State,4225.86,4225.86,1786.8,42.3,2023-03-01,2028-12-31,2028-12-31,2026-01-01,6,0.0,0
PAIM-618543,Bound of  Ramban to Banihal Pkg-I of Old NH-1A New NH-44 (National Highways Authority of India [NHAI]) (618543),Infrastructure & Highways,Ministry of Railways,618543,Multi-State,4230.84,4230.84,1997.26,47.2,2022-03-01,2026-12-31,2027-12-31,2026-01-01,6,0.0,0
PAIM-618544,"T4 ,Single tube tunnel of Ramban to Banihal Pkg-II of Old NH-1A New NH-44 (National Highways Authority of India [NHAI]) ",Infrastructure & Highways,Ministry of Railways,618544,Multi-State,4384.61,4384.61,569.04,13.0,2023-03-01,2027-12-31,2029-12-31,2026-01-01,18,0.0,0
PAIM-618545,Banihal Pkg-III of Old NH-1A New NH-44 (National Highways Authority of India [NHAI]) (618545),Infrastructure & Highways,Ministry of Railways,618545,Multi-State,2140.49,2140.49,323.55,15.1,2021-03-01,2026-12-31,2027-12-31,2026-01-01,36,0.0,0
PAIM-618546,NH-44 (National Highways Authority of India [NHAI]) (618546),Infrastructure & Highways,Ministry of Railways,618546,Multi-State,1927.34,1927.34,1281.4,66.5,2023-03-01,2028-12-31,2028-12-31,2026-01-01,36,0.0,0
PAIM-618547,standard as part of Srinagar Ring Road PhaseII [Design Ch. 41.907 to Ch. 66.609] (National Highways Authority of India [,Infrastructure & Highways,Ministry of Railways,618547,Multi-State,3032.98,3032.98,1069.14,35.3,2022-03-01,2028-12-31,2028-12-31,2026-01-01,36,0.0,0
PAIM-618548,Jagti km. 57.568 (National Highways Authority of India [NHAI]) (618548),Infrastructure & Highways,Ministry of Railways,618548,Multi-State,2034.05,2034.05,725.96,35.7,2023-03-01,2028-12-31,2027-12-31,2026-01-01,6,0.0,0
PAIM-618549,residual NHDP component of Bharatmala Pariyojna (National Highways Authority of India [NHAI]) (618549),Infrastructure & Highways,Ministry of Railways,618549,Multi-State,1333.15,1333.15,1043.8,78.3,2023-03-01,2026-12-31,2029-12-31,2026-01-01,12,0.0,0
PAIM-618550,Samba section of NH-44 from Chainage Km. 16.300 to Km. 74.100 (National Highways Authority of India [NHAI]) (618550),Infrastructure & Highways,Ministry of Railways,618550,Multi-State,2253.76,2253.76,1851.77,82.2,2023-03-01,2027-12-31,2027-12-31,2026-01-01,6,0.0,0
PAIM-619038,section on NH-244  in UT of Jammu and Kashmir on EPC Mode Pkg-5 (NHIDCL) (619038),Infrastructure & Highways,Ministry of Railways,619038,Multi-State,4312.86,4312.86,2797.46,64.9,2021-03-01,2026-12-31,2027-12-31,2026-01-01,36,0.0,0
PAIM-618060,from km 116.00 to km 176.355 of NH-75E in the State of Jharkhand on EPC mode. (MoRTH) (618060),Infrastructure & Highways,Ministry of Railways,618060,Multi-State,1070.4,1070.4,904.43,84.5,2021-03-01,2026-12-31,2027-12-31,2026-01-01,24,0.0,0
PAIM-618084,of NH-143A including re-construction of culverts and bridges. (MoRTH) (618084),Infrastructure & Highways,Ministry of Railways,618084,Multi-State,4208.49,4208.49,2600.23,61.8,2021-03-01,2027-12-31,2028-12-31,2026-01-01,12,0.0,0
PAIM-618123,under EPC mode (MoRTH) (618123),Infrastructure & Highways,Ministry of Railways,618123,Multi-State,3889.73,3889.73,2244.89,57.7,2021-03-01,2027-12-31,2028-12-31,2026-01-01,24,0.0,0
PAIM-618642,4L of Palma to Gumla from km. 26.00 to km. 89.170 of NH-23 (National Highways Authority of India [NHAI]) (618642),Infrastructure & Highways,Ministry of Railways,618642,Multi-State,755.82,755.82,413.96,54.8,2024-03-01,2028-12-31,2029-12-31,2026-01-01,0,0.0,0
PAIM-618644,4L of Ormanjhi-Gola section from Km 81.450 to Km 53.600 of NH- 320BPKG-II (National Highways Authority of India [NHAI]) ,Infrastructure & Highways,Ministry of Railways,618644,Multi-State,4037.63,4037.63,2887.48,71.5,2021-03-01,2028-12-31,2027-12-31,2026-01-01,0,0.0,0
PAIM-618645,4L of Gola-BokaroJaina More section from Km 53.600 to Km 21.110 of NH-320PKG-1 (National Highways Authority of India [NH,Infrastructure & Highways,Ministry of Railways,618645,Multi-State,4184.31,4184.31,926.11,22.1,2022-03-01,2028-12-31,2027-12-31,2026-01-01,12,0.0,0
PAIM-618829,4L from km 196.87 Sankha to km 219.6 Khajuri on NH-75 [Rehla / Garhwa Bypass] (National Highways Authority of India [NHA,Infrastructure & Highways,Ministry of Railways,618829,Multi-State,966.79,966.79,680.99,70.4,2023-03-01,2027-12-31,2029-12-31,2026-01-01,0,0.0,0
PAIM-618830,4L from Km 147.450 Bhogu to Km 196.870 Sankha on NH-75 Sec-III (National Highways Authority of India [NHAI]) (618830),Infrastructure & Highways,Ministry of Railways,618830,Multi-State,1725.11,1725.11,1395.35,80.9,2023-03-01,2027-12-31,2027-12-31,2026-01-01,0,0.0,0
PAIM-618946,4L of Mehgama - Hansdiha from  km. 41.900 to km. 93.000 of NH -133A Pkg-II (National Highways Authority of India [NHAI]),Infrastructure & Highways,Ministry of Railways,618946,Multi-State,1809.38,1809.38,610.95,33.8,2022-03-01,2027-12-31,2028-12-31,2026-01-01,12,0.0,0
PAIM-618947,4L of NH-80 from km 215.00 to km 260.00 Mirza Chauki to Farkka Pkg-I (National Highways Authority of India [NHAI]) (6189,Infrastructure & Highways,Ministry of Railways,618947,Multi-State,4447.42,4447.42,1885.36,42.4,2023-03-01,2027-12-31,2028-12-31,2026-01-01,12,0.0,0
PAIM-618949,4L of Basukinath- Deoghar Section of NH-114A (National Highways Authority of India [NHAI]) (618949),Infrastructure & Highways,Ministry of Railways,618949,Multi-State,2463.13,2463.13,960.01,39.0,2024-03-01,2028-12-31,2029-12-31,2026-01-01,36,0.0,0
PAIM-617935,on EPC basis (MoRTH) (617935),Infrastructure & Highways,Ministry of Railways,617935,Karnataka,507.12,507.12,251.36,49.6,2024-03-01,2026-12-31,2028-12-31,2026-01-01,12,0.0,0
PAIM-617954,Mode.-952 (MoRTH) (617954),Infrastructure & Highways,Ministry of Railways,617954,Karnataka,1589.73,1589.73,340.21,21.4,2021-03-01,2027-12-31,2027-12-31,2026-01-01,6,0.0,0
PAIM-617955,Mode under Annual Plan 2021-22 Job No NH-73-KNT-2021-22-945 (MoRTH) (617955),Infrastructure & Highways,Ministry of Railways,617955,Karnataka,3837.87,3837.87,1520.63,39.6,2024-03-01,2027-12-31,2028-12-31,2026-01-01,36,0.0,0
PAIM-617989,Jadcherla section (MoRTH) (617989),Infrastructure & Highways,Ministry of Railways,617989,Karnataka,497.98,497.98,367.45,73.8,2021-03-01,2028-12-31,2027-12-31,2026-01-01,6,0.0,0
PAIM-617998,Job No. NH-169-KNT-2021-22-949 (MoRTH) (617998),Infrastructure & Highways,Ministry of Railways,617998,Karnataka,745.83,745.83,192.83,25.9,2023-03-01,2028-12-31,2028-12-31,2026-01-01,18,0.0,0
PAIM-618000,EPC mode under Annual Plan 2021-22 Job no. NH-173-KNT-2021-22-946 (MoRTH) (618000),Infrastructure & Highways,Ministry of Railways,618000,Karnataka,3673.25,3673.25,973.2,26.5,2024-03-01,2028-12-31,2028-12-31,2026-01-01,6,0.0,0
PAIM-618029,mode. Job No. NH-367-KNT-2021-22-930 (MoRTH) (618029),Infrastructure & Highways,Ministry of Railways,618029,Karnataka,3298.89,3298.89,2154.03,65.3,2023-03-01,2026-12-31,2028-12-31,2026-01-01,6,0.0,0
PAIM-618030,2021-22-934 (MoRTH) (618030),Infrastructure & Highways,Ministry of Railways,618030,Karnataka,377.5,377.5,224.41,59.4,2021-03-01,2028-12-31,2029-12-31,2026-01-01,36,0.0,0
PAIM-618031,mode. (MoRTH) (618031),Infrastructure & Highways,Ministry of Railways,618031,Karnataka,3605.81,3605.81,2388.02,66.2,2022-03-01,2027-12-31,2029-12-31,2026-01-01,0,0.0,0
PAIM-618087,of Karnataka on EPC mode. Job No. NH-150A-KNT-2021-22-951 (MoRTH) (618087),Infrastructure & Highways,Ministry of Railways,618087,Karnataka,241.75,241.75,36.9,15.3,2024-03-01,2027-12-31,2029-12-31,2026-01-01,6,0.0,0
PAIM-618109,KNT-2021-22-927 (MoRTH) (618109),Infrastructure & Highways,Ministry of Railways,618109,Karnataka,1582.27,1582.27,737.83,46.6,2022-03-01,2028-12-31,2027-12-31,2026-01-01,6,0.0,0
PAIM-618144,of Karnataka on EPC mode.Job No. NH-369E-KNT-2018-19-895 dated 06.03.2019. (MoRTH) (618144),Infrastructure & Highways,Ministry of Railways,618144,Karnataka,3732.4,3732.4,2027.0,54.3,2021-03-01,2027-12-31,2027-12-31,2026-01-01,0,0.0,0
PAIM-618517,403.80 to km. 433.20 (National Highways Authority of India [NHAI]) (618517),Infrastructure & Highways,Ministry of Railways,618517,Karnataka,1868.03,1868.03,1420.15,76.0,2022-03-01,2028-12-31,2028-12-31,2026-01-01,0,0.0,0
PAIM-618630,26.000 to Km. 97.000 in Gulbarga of NH-150C Pkg-II (National Highways Authority of India [NHAI]) (618630),Infrastructure & Highways,Ministry of Railways,618630,Karnataka,4270.36,4270.36,2761.79,64.7,2021-03-01,2027-12-31,2027-12-31,2026-01-01,24,0.0,0
PAIM-618702,from Km. 311.57 to Km. 313.67 of NH-75 Old NH-48 (National Highways Authority of India [NHAI]) (618702),Infrastructure & Highways,Ministry of Railways,618702,Karnataka,2500.22,2500.22,335.26,13.4,2022-03-01,2028-12-31,2028-12-31,2026-01-01,12,0.0,0
PAIM-618709,Dec.Ch. to Km.375450Des.Ch. of NH-63 New-67 (National Highways Authority of India [NHAI]) (618709),Infrastructure & Highways,Ministry of Railways,618709,Karnataka,3132.01,3132.01,1227.45,39.2,2024-03-01,2027-12-31,2029-12-31,2026-01-01,24,0.0,0
PAIM-618799,Rd. and km 4.965 - km 60.00 of SH-69 (National Highways Authority of India [NHAI]) (618799),Infrastructure & Highways,Ministry of Railways,618799,Karnataka,805.02,805.02,158.81,19.7,2021-03-01,2028-12-31,2029-12-31,2026-01-01,18,0.0,0
PAIM-618887,Tumkur- Shivamogga Pkg-IV (National Highways Authority of India [NHAI]) (618887),Infrastructure & Highways,Ministry of Railways,618887,Karnataka,2532.92,2532.92,410.3,16.2,2022-03-01,2027-12-31,2027-12-31,2026-01-01,6,0.0,0
PAIM-618896,Karkala - Mangalore Package-III (National Highways Authority of India [NHAI]) (618896),Infrastructure & Highways,Ministry of Railways,618896,Karnataka,3225.27,3225.27,1709.42,53.0,2021-03-01,2028-12-31,2029-12-31,2026-01-01,36,0.0,0
PAIM-619071,Tumkur - Nelamangala 6L (National Highways Authority of India [NHAI]) (619071),Infrastructure & Highways,Ministry of Railways,619071,Karnataka,465.92,465.92,109.08,23.4,2023-03-01,2028-12-31,2028-12-31,2026-01-01,6,0.0,0
PAIM-619072,Bangalore/TN border to Hoskote (National Highways Authority of India [NHAI]) (619072),Infrastructure & Highways,Ministry of Railways,619072,Karnataka,4011.69,4011.69,2075.55,51.7,2023-03-01,2028-12-31,2029-12-31,2026-01-01,12,0.0,0
PAIM-619096,Goa / Karnataka Km.93.700 to Kundapur Km.283.30 (National Highways Authority of India [NHAI]) (619096),Infrastructure & Highways,Ministry of Railways,619096,Karnataka,2502.57,2502.57,2089.14,83.5,2022-03-01,2026-12-31,2028-12-31,2026-01-01,12,0.0,0
PAIM-619138,Yekkambi-Haveri (National Highways Authority of India [NHAI]) (619138),Infrastructure & Highways,Ministry of Railways,619138,Karnataka,4201.44,4201.44,2631.46,62.6,2022-03-01,2028-12-31,2027-12-31,2026-01-01,24,0.0,0
PAIM-618070,Annual Plan 2016-17 in the state of Kerala (MoRTH) (618070),Infrastructure & Highways,Ministry of Railways,618070,Multi-State,4260.84,4260.84,2724.56,63.9,2024-03-01,2028-12-31,2029-12-31,2026-01-01,36,0.0,0
PAIM-618595,6L of Chengala - Neeleshwaram from km. 56.200 to km. 93.468 (National Highways Authority of India [NHAI]) (618595),Infrastructure & Highways,Ministry of Railways,618595,Multi-State,2296.62,2296.62,900.23,39.2,2024-03-01,2028-12-31,2027-12-31,2026-01-01,36,0.0,0
PAIM-618596,6L of Taliparamba to Muzhappilangad from Km 134.650 to Km 170.6 of NH-66 (National Highways Authority of India [NHAI]) (,Infrastructure & Highways,Ministry of Railways,618596,Multi-State,2050.27,2050.27,903.19,44.1,2023-03-01,2026-12-31,2028-12-31,2026-01-01,6,0.0,0
PAIM-618597,6L of Azhiyur-Vengalam from km. 189.200 to km. 230.400 of NH-66 (National Highways Authority of India [NHAI]) (618597),Infrastructure & Highways,Ministry of Railways,618597,Multi-State,2081.58,2081.58,1145.83,55.0,2021-03-01,2028-12-31,2028-12-31,2026-01-01,12,0.0,0
PAIM-618598,and allied works (National Highways Authority of India [NHAI]) (618598),Infrastructure & Highways,Ministry of Railways,618598,Multi-State,1076.37,1076.37,614.56,57.1,2024-03-01,2026-12-31,2029-12-31,2026-01-01,36,0.0,0
PAIM-618599,6L of Ramanatukkara Junction to start of Valanchery bypass section of NH-66 (National Highways Authority of India [NHAI],Infrastructure & Highways,Ministry of Railways,618599,Multi-State,4192.12,4192.12,2735.17,65.2,2022-03-01,2026-12-31,2028-12-31,2026-01-01,24,0.0,0
PAIM-618600,6L of Valanchery bypass to Kappirikkad of NH  66 from km. 298500 to km 335850 (National Highways Authority of India [NHA,Infrastructure & Highways,Ministry of Railways,618600,Multi-State,881.38,881.38,596.06,67.6,2024-03-01,2026-12-31,2028-12-31,2026-01-01,24,0.0,0
PAIM-618601,NH-17 (National Highways Authority of India [NHAI]) (618601),Infrastructure & Highways,Ministry of Railways,618601,Multi-State,793.03,793.03,349.37,44.1,2022-03-01,2028-12-31,2029-12-31,2026-01-01,6,0.0,0
PAIM-618602,NH-17 (National Highways Authority of India [NHAI]) (618602),Infrastructure & Highways,Ministry of Railways,618602,Multi-State,2940.41,2940.41,2349.1,79.9,2022-03-01,2028-12-31,2027-12-31,2026-01-01,18,0.0,0
PAIM-618603,NH-17 (National Highways Authority of India [NHAI]) (618603),Infrastructure & Highways,Ministry of Railways,618603,Multi-State,1348.31,1348.31,265.25,19.7,2023-03-01,2027-12-31,2028-12-31,2026-01-01,0,0.0,0
PAIM-618604,Aroor-Thuravoor Thekku (National Highways Authority of India [NHAI]) (618604),Infrastructure & Highways,Ministry of Railways,618604,Multi-State,2237.04,2237.04,1428.51,63.9,2022-03-01,2028-12-31,2028-12-31,2026-01-01,24,0.0,0
PAIM-618605,Thuravoor Thekku-Paravoor (National Highways Authority of India [NHAI]) (618605),Infrastructure & Highways,Ministry of Railways,618605,Multi-State,4293.51,4293.51,2750.02,64.1,2021-03-01,2028-12-31,2027-12-31,2026-01-01,12,0.0,0
PAIM-618606,Paravoor-Kottankulangara (National Highways Authority of India [NHAI]) (618606),Infrastructure & Highways,Ministry of Railways,618606,Multi-State,2742.0,2742.0,2190.48,79.9,2023-03-01,2027-12-31,2027-12-31,2026-01-01,18,0.0,0
PAIM-618607,Kottankulangara- Start of Kollam Bypass (National Highways Authority of India [NHAI]) (618607),Infrastructure & Highways,Ministry of Railways,618607,Multi-State,2219.75,2219.75,1498.27,67.5,2024-03-01,2028-12-31,2027-12-31,2026-01-01,36,0.0,0
PAIM-618708,2L/LPS section in the state of Kerala on EPC Mode under Bharatmala Pariyojana (National Highways Authority of India [NHA,Infrastructure & Highways,Ministry of Railways,618708,Multi-State,1440.69,1440.69,1222.65,84.9,2023-03-01,2028-12-31,2027-12-31,2026-01-01,12,0.0,0
PAIM-619098,Kozhikode Bypass Calicut Bypass Vengalam Jn. to Ramanattukara Jn. (National Highways Authority of India [NHAI]) (619098),Infrastructure & Highways,Ministry of Railways,619098,Multi-State,3776.93,3776.93,2702.57,71.6,2021-03-01,2027-12-31,2027-12-31,2026-01-01,0,0.0,0
PAIM-618408,Kargil Zanskar Road (NHIDCL) (618408),Infrastructure & Highways,Ministry of Railways,618408,Multi-State,2349.32,2349.32,1306.97,55.6,2021-03-01,2026-12-31,2028-12-31,2026-01-01,24,0.0,0
PAIM-618409,30.000 Km length Pkg-lll (NHIDCL) (618409),Infrastructure & Highways,Ministry of Railways,618409,Multi-State,4165.93,4165.93,2036.66,48.9,2022-03-01,2028-12-31,2028-12-31,2026-01-01,0,0.0,0
PAIM-618410,of 26.960 Km length Pkg-II (NHIDCL) (618410),Infrastructure & Highways,Ministry of Railways,618410,Multi-State,3831.03,3831.03,1798.51,46.9,2022-03-01,2027-12-31,2027-12-31,2026-01-01,36,0.0,0
PAIM-617911,on EPC mode under NHDP-IVA (MoRTH) (617911),Infrastructure & Highways,Ministry of Railways,617911,Madhya Pradesh,1340.54,1340.54,535.25,39.9,2023-03-01,2028-12-31,2027-12-31,2026-01-01,18,0.0,0
PAIM-617915,9.1 km in the state of Madhya Pradesh on EPC mode. (MoRTH) (617915),Infrastructure & Highways,Ministry of Railways,617915,Madhya Pradesh,4015.03,4015.03,1256.81,31.3,2021-03-01,2028-12-31,2029-12-31,2026-01-01,12,0.0,0
PAIM-618019,the State of Madhya Pradesh under EPC mode. (MoRTH) (618019),Infrastructure & Highways,Ministry of Railways,618019,Madhya Pradesh,3624.97,3624.97,2632.48,72.6,2024-03-01,2028-12-31,2027-12-31,2026-01-01,12,0.0,0
PAIM-618020,up areas in a total length of 22.615 km in the state of Madhya Pradesh on EPC mode. (MoRTH) (618020),Infrastructure & Highways,Ministry of Railways,618020,Madhya Pradesh,3676.77,3676.77,1658.92,45.1,2024-03-01,2026-12-31,2027-12-31,2026-01-01,36,0.0,0
PAIM-618045,border section of NH 552E in the State of Madhya Pradesh on EPC mode (MoRTH) (618045),Infrastructure & Highways,Ministry of Railways,618045,Madhya Pradesh,2229.74,2229.74,1554.23,69.7,2023-03-01,2027-12-31,2027-12-31,2026-01-01,24,0.0,0
PAIM-618068,on NH-943 in the State of Madhya Pradesh on EPC Mode. (MoRTH) (618068),Infrastructure & Highways,Ministry of Railways,618068,Madhya Pradesh,2629.1,2629.1,802.74,30.5,2023-03-01,2027-12-31,2027-12-31,2026-01-01,24,0.0,0
PAIM-618085,Km 0150 to Km 50500 of NH-146B in the state of Madhya Pradesh on EPC mode. (MoRTH) (618085),Infrastructure & Highways,Ministry of Railways,618085,Madhya Pradesh,2221.42,2221.42,437.54,19.7,2022-03-01,2027-12-31,2029-12-31,2026-01-01,18,0.0,0
PAIM-618621,Indore - Edlabad Pkg-II [Tejajinagar to Balwara] (National Highways Authority of India [NHAI]) (618621),Infrastructure & Highways,Ministry of Railways,618621,Madhya Pradesh,284.18,284.18,194.4,68.4,2021-03-01,2027-12-31,2029-12-31,2026-01-01,12,0.0,0
PAIM-618622,of NH347BG & 753L (National Highways Authority of India [NHAI]) (618622),Infrastructure & Highways,Ministry of Railways,618622,Madhya Pradesh,1156.07,1156.07,259.74,22.5,2022-03-01,2028-12-31,2027-12-31,2026-01-01,18,0.0,0
PAIM-618654,4L Greenfield Rudhi to Deshgaon Pkg V of Betul-Khandwa/Deshgaon (National Highways Authority of India [NHAI]) (618654),Infrastructure & Highways,Ministry of Railways,618654,Madhya Pradesh,1440.75,1440.75,806.1,56.0,2021-03-01,2028-12-31,2027-12-31,2026-01-01,18,0.0,0
PAIM-618663,NH-146 (National Highways Authority of India [NHAI]) (618663),Infrastructure & Highways,Ministry of Railways,618663,Madhya Pradesh,2037.73,2037.73,952.83,46.8,2021-03-01,2028-12-31,2028-12-31,2026-01-01,18,0.0,0
PAIM-618664,Berkhedi to Godpehra on NH-44 Sagar link road (National Highways Authority of India [NHAI]) (618664),Infrastructure & Highways,Ministry of Railways,618664,Madhya Pradesh,2629.9,2629.9,1186.94,45.1,2021-03-01,2028-12-31,2027-12-31,2026-01-01,36,0.0,0
PAIM-618665,4L of Sagar - Mohari from Km.8 to Km.50 Pkg-I (National Highways Authority of India [NHAI]) (618665),Infrastructure & Highways,Ministry of Railways,618665,Madhya Pradesh,2177.77,2177.77,1392.66,63.9,2021-03-01,2028-12-31,2029-12-31,2026-01-01,18,0.0,0
PAIM-618687,Outer Ring Road of Jabalpur Town from Barela to Manegaon Pkg-1 (National Highways Authority of India [NHAI]) (618687),Infrastructure & Highways,Ministry of Railways,618687,Madhya Pradesh,3460.87,3460.87,2699.66,78.0,2023-03-01,2026-12-31,2028-12-31,2026-01-01,18,0.0,0
PAIM-618694,Indore - Harda Pkg-I [Indore to Raghav Garh from km. 0.25 to km. 26.903] (National Highways Authority of India [NHAI]) (,Infrastructure & Highways,Ministry of Railways,618694,Madhya Pradesh,1507.15,1507.15,864.03,57.3,2023-03-01,2027-12-31,2029-12-31,2026-01-01,24,0.0,0
PAIM-618695,Indore - Harda Pkg-III [Nanasa to Pidgaon Section from km 95.000 to km 142.445] (National Highways Authority of India [N,Infrastructure & Highways,Ministry of Railways,618695,Madhya Pradesh,1969.13,1969.13,797.51,40.5,2022-03-01,2028-12-31,2029-12-31,2026-01-01,12,0.0,0
PAIM-618701,Sindoor River from Km. 66.00 to 130.00  NH-12 New NH-45 (National Highways Authority of India [NHAI]) (618701),Infrastructure & Highways,Ministry of Railways,618701,Madhya Pradesh,437.32,437.32,189.33,43.3,2024-03-01,2028-12-31,2029-12-31,2026-01-01,24,0.0,0
PAIM-618735,41.400 of  NH-148NG Pkg-I (National Highways Authority of India [NHAI]) (618735),Infrastructure & Highways,Ministry of Railways,618735,Madhya Pradesh,981.24,981.24,448.55,45.7,2021-03-01,2028-12-31,2029-12-31,2026-01-01,36,0.0,0
PAIM-618751,Mehulwa-Talbehat Pkg-II Section of NH- 346 (National Highways Authority of India [NHAI]) (618751),Infrastructure & Highways,Ministry of Railways,618751,Madhya Pradesh,542.92,542.92,274.16,50.5,2021-03-01,2027-12-31,2027-12-31,2026-01-01,0,0.0,0
PAIM-617917,10/300 on NH 53 in state of Maharashtra. (MoRTH) (617917),Infrastructure & Highways,Ministry of Railways,617917,Maharashtra,1860.73,1860.73,1516.85,81.5,2023-03-01,2028-12-31,2027-12-31,2026-01-01,6,0.0,0
PAIM-617932,on EPC mode in the State of Maharashtra. (MoRTH) (617932),Infrastructure & Highways,Ministry of Railways,617932,Maharashtra,247.12,247.12,161.76,65.5,2024-03-01,2026-12-31,2028-12-31,2026-01-01,18,0.0,0
PAIM-617933,in the state of Maharashtra (MoRTH) (617933),Infrastructure & Highways,Ministry of Railways,617933,Maharashtra,3243.41,3243.41,2642.36,81.5,2022-03-01,2027-12-31,2028-12-31,2026-01-01,18,0.0,0
PAIM-617934,Nasratpur to Barasgaon section of NH-61 2L / 4L PS from Km.514/00 to 558/200 (MoRTH) (617934),Infrastructure & Highways,Ministry of Railways,617934,Maharashtra,4059.23,4059.23,2963.77,73.0,2021-03-01,2028-12-31,2027-12-31,2026-01-01,12,0.0,0
PAIM-617944,on EPC mode (MoRTH) (617944),Infrastructure & Highways,Ministry of Railways,617944,Maharashtra,4210.34,4210.34,3034.81,72.1,2023-03-01,2026-12-31,2027-12-31,2026-01-01,24,0.0,0
PAIM-617946,Kashedi to Parshuram Ghat section of NH-66 from Km 161/600 - Km 205/400 - 4L  PS (MoRTH) (617946),Infrastructure & Highways,Ministry of Railways,617946,Maharashtra,2317.64,2317.64,877.16,37.8,2024-03-01,2027-12-31,2027-12-31,2026-01-01,36,0.0,0
PAIM-617947,Arawali Kante section of NH-17New NH-66 4L PS from Km.241/300 to 281/300 (MoRTH) (617947),Infrastructure & Highways,Ministry of Railways,617947,Maharashtra,3536.52,3536.52,483.23,13.7,2023-03-01,2027-12-31,2028-12-31,2026-01-01,6,0.0,0
PAIM-617948,Kante - Wakad section of NH-66 4L PS from Km.281/300 to 332/200 (MoRTH) (617948),Infrastructure & Highways,Ministry of Railways,617948,Maharashtra,1040.78,1040.78,313.25,30.1,2021-03-01,2027-12-31,2028-12-31,2026-01-01,0,0.0,0
PAIM-617965,Kopargaon to Savali Vihir section (MoRTH) (617965),Infrastructure & Highways,Ministry of Railways,617965,Maharashtra,2798.99,2798.99,761.01,27.2,2024-03-01,2027-12-31,2029-12-31,2026-01-01,36,0.0,0
PAIM-618042,mode in the State of Maharashtra (MoRTH) (618042),Infrastructure & Highways,Ministry of Railways,618042,Maharashtra,457.92,457.92,352.67,77.0,2024-03-01,2027-12-31,2028-12-31,2026-01-01,0,0.0,0
PAIM-618046,EPC Mode Length20.122km. (MoRTH) (618046),Infrastructure & Highways,Ministry of Railways,618046,Maharashtra,2332.54,2332.54,1692.59,72.6,2023-03-01,2028-12-31,2027-12-31,2026-01-01,24,0.0,0
PAIM-618059,Maharashtra. Total Length of the project 15.781 Km. (MoRTH) (618059),Infrastructure & Highways,Ministry of Railways,618059,Maharashtra,2827.53,2827.53,1445.98,51.1,2021-03-01,2026-12-31,2028-12-31,2026-01-01,18,0.0,0
PAIM-618065,the (MoRTH) (618065),Infrastructure & Highways,Ministry of Railways,618065,Maharashtra,235.89,235.89,136.74,58.0,2024-03-01,2028-12-31,2028-12-31,2026-01-01,18,0.0,0
PAIM-618089,Maharashtra on EPC mode. (MoRTH) (618089),Infrastructure & Highways,Ministry of Railways,618089,Maharashtra,2755.27,2755.27,2065.1,75.0,2024-03-01,2028-12-31,2029-12-31,2026-01-01,18,0.0,0
PAIM-618090,Sarsam - Kothari of NH-161A - 2L  PS from Km.33/00 to 90/00 (MoRTH) (618090),Infrastructure & Highways,Ministry of Railways,618090,Maharashtra,2232.97,2232.97,948.21,42.5,2024-03-01,2028-12-31,2028-12-31,2026-01-01,36,0.0,0
PAIM-618094,Pen to Khopoli 2LPS (MoRTH) (618094),Infrastructure & Highways,Ministry of Railways,618094,Maharashtra,636.62,636.62,366.02,57.5,2022-03-01,2027-12-31,2029-12-31,2026-01-01,36,0.0,0
PAIM-618097,53/600 Sati on NH-166E (MoRTH) (618097),Infrastructure & Highways,Ministry of Railways,618097,Maharashtra,2548.18,2548.18,786.32,30.9,2023-03-01,2028-12-31,2027-12-31,2026-01-01,0,0.0,0
PAIM-618098,mode (MoRTH) (618098),Infrastructure & Highways,Ministry of Railways,618098,Maharashtra,2125.71,2125.71,490.97,23.1,2022-03-01,2026-12-31,2027-12-31,2026-01-01,6,0.0,0
PAIM-618133,Gadchiroli Dist in the State of Maharashtra. (MoRTH) (618133),Infrastructure & Highways,Ministry of Railways,618133,Maharashtra,1163.3,1163.3,816.76,70.2,2024-03-01,2027-12-31,2028-12-31,2026-01-01,6,0.0,0
PAIM-618136,EPC mode in the State of Maharashtra. (MoRTH) (618136),Infrastructure & Highways,Ministry of Railways,618136,Maharashtra,1610.74,1610.74,890.35,55.3,2023-03-01,2028-12-31,2027-12-31,2026-01-01,6,0.0,0
PAIM-618152,Mhaswad to Tembhurni section of NH-548C - 2L  PS (MoRTH) (618152),Infrastructure & Highways,Ministry of Railways,618152,Maharashtra,1342.99,1342.99,816.01,60.8,2022-03-01,2026-12-31,2029-12-31,2026-01-01,6,0.0,0
PAIM-618153,Satara to Mhaswad (MoRTH) (618153),Infrastructure & Highways,Ministry of Railways,618153,Maharashtra,723.76,723.76,164.31,22.7,2021-03-01,2026-12-31,2028-12-31,2026-01-01,12,0.0,0
PAIM-618154,pavement in the state of Maharashtra on EPC mode. (MoRTH) (618154),Infrastructure & Highways,Ministry of Railways,618154,Maharashtra,2886.34,2886.34,1197.07,41.5,2021-03-01,2027-12-31,2029-12-31,2026-01-01,18,0.0,0
PAIM-618172,Paithan - Shirur section 2LPS Km 0.0 to 55.00 (MoRTH) (618172),Infrastructure & Highways,Ministry of Railways,618172,Maharashtra,3420.35,3420.35,1322.98,38.7,2022-03-01,2026-12-31,2029-12-31,2026-01-01,18,0.0,0
PAIM-618173,Shirur-Kharda section from 55937 km to 114486 km to 2LPS/4L (MoRTH) (618173),Infrastructure & Highways,Ministry of Railways,618173,Maharashtra,975.07,975.07,698.25,71.6,2021-03-01,2026-12-31,2029-12-31,2026-01-01,18,0.0,0
PAIM-618175,configuration in the state of Maharashtra on EPC mode. (MoRTH) (618175),Infrastructure & Highways,Ministry of Railways,618175,Maharashtra,4349.03,4349.03,1764.9,40.6,2024-03-01,2027-12-31,2028-12-31,2026-01-01,6,0.0,0
PAIM-618177,Pal Phata Phulambri - Khultabad 2LPS (MoRTH) (618177),Infrastructure & Highways,Ministry of Railways,618177,Maharashtra,3076.45,3076.45,1292.55,42.0,2022-03-01,2028-12-31,2028-12-31,2026-01-01,24,0.0,0
PAIM-618180,Pune raigarh District Border To Mangaon    Ch 69000 to 103775    NH-753F (MoRTH) (618180),Infrastructure & Highways,Ministry of Railways,618180,Maharashtra,2755.09,2755.09,2133.97,77.5,2024-03-01,2026-12-31,2029-12-31,2026-01-01,6,0.0,0
PAIM-618181,753F Aurangabad-Jalgaon road on EPC Mode in the State of Maharashtra (MoRTH) (618181),Infrastructure & Highways,Ministry of Railways,618181,Maharashtra,2541.44,2541.44,1949.26,76.7,2022-03-01,2027-12-31,2029-12-31,2026-01-01,12,0.0,0
PAIM-618188,mode in the State of Maharashtra. (MoRTH) (618188),Infrastructure & Highways,Ministry of Railways,618188,Maharashtra,1385.39,1385.39,756.96,54.6,2023-03-01,2026-12-31,2028-12-31,2026-01-01,36,0.0,0
PAIM-618198,Maharashtra on EPC mode. Balance Work (MoRTH) (618198),Infrastructure & Highways,Ministry of Railways,618198,Maharashtra,3634.78,3634.78,1341.05,36.9,2022-03-01,2027-12-31,2028-12-31,2026-01-01,12,0.0,0
PAIM-618199,the state of Maharashtra on EPC mode. (MoRTH) (618199),Infrastructure & Highways,Ministry of Railways,618199,Maharashtra,2126.81,2126.81,792.38,37.3,2023-03-01,2026-12-31,2029-12-31,2026-01-01,0,0.0,0
PAIM-618468,- Talsari (National Highways Authority of India [NHAI]) (618468),Infrastructure & Highways,Ministry of Railways,618468,Maharashtra,2876.63,2876.63,970.9,33.8,2021-03-01,2027-12-31,2029-12-31,2026-01-01,18,0.0,0
PAIM-618469,Shirsad - Masvan (National Highways Authority of India [NHAI]) (618469),Infrastructure & Highways,Ministry of Railways,618469,Maharashtra,640.83,640.83,435.58,68.0,2022-03-01,2028-12-31,2027-12-31,2026-01-01,24,0.0,0
PAIM-618470,Shirsad - Akloli (National Highways Authority of India [NHAI]) (618470),Infrastructure & Highways,Ministry of Railways,618470,Maharashtra,3921.33,3921.33,2339.2,59.7,2023-03-01,2027-12-31,2028-12-31,2026-01-01,18,0.0,0
PAIM-618471,Akloli - Amne (National Highways Authority of India [NHAI]) (618471),Infrastructure & Highways,Ministry of Railways,618471,Maharashtra,269.84,269.84,206.87,76.7,2023-03-01,2027-12-31,2027-12-31,2026-01-01,0,0.0,0
PAIM-618472,Amne - Bhoj (National Highways Authority of India [NHAI]) (618472),Infrastructure & Highways,Ministry of Railways,618472,Maharashtra,2510.45,2510.45,1426.14,56.8,2021-03-01,2028-12-31,2028-12-31,2026-01-01,12,0.0,0
PAIM-618473,Spur] Bhoj - Morbe (National Highways Authority of India [NHAI]) (618473),Infrastructure & Highways,Ministry of Railways,618473,Maharashtra,1682.46,1682.46,650.81,38.7,2021-03-01,2027-12-31,2027-12-31,2026-01-01,18,0.0,0
PAIM-618512,existing Km. 782.000 (National Highways Authority of India [NHAI]) (618512),Infrastructure & Highways,Ministry of Railways,618512,Maharashtra,3113.41,3113.41,786.47,25.3,2024-03-01,2028-12-31,2028-12-31,2026-01-01,6,0.0,0
PAIM-618513,6L of Kagal-Satara section from Km 592.500 to Km 658.000 of NH-48 Pkg-I (National Highways Authority of India [NHAI]) (6,Infrastructure & Highways,Ministry of Railways,618513,Maharashtra,2256.98,2256.98,1083.67,48.0,2022-03-01,2027-12-31,2027-12-31,2026-01-01,36,0.0,0
PAIM-618514,6L of Kagal-Satara section from Km 658.000 to Km 725.000 of NH-48 Pkg-II (National Highways Authority of India [NHAI]) (,Infrastructure & Highways,Ministry of Railways,618514,Maharashtra,377.67,377.67,237.19,62.8,2024-03-01,2026-12-31,2029-12-31,2026-01-01,12,0.0,0
PAIM-618555,urban link to Nagpur -Raipur road Pardi octroi Naka to Itwari (National Highways Authority of India [NHAI]) (618555),Infrastructure & Highways,Ministry of Railways,618555,Maharashtra,3542.76,3542.76,1126.39,31.8,2023-03-01,2026-12-31,2029-12-31,2026-01-01,6,0.0,0
PAIM-618557,4L of Indora Chowk to Pachpaoli and Agrasen Chowk - Ashoka Chowk (National Highways Authority of India [NHAI]) (618557),Infrastructure & Highways,Ministry of Railways,618557,Maharashtra,2361.69,2361.69,1020.67,43.2,2024-03-01,2027-12-31,2028-12-31,2026-01-01,0,0.0,0
PAIM-618588,NH-6 New NH-53 (National Highways Authority of India [NHAI]) (618588),Infrastructure & Highways,Ministry of Railways,618588,Maharashtra,1786.64,1786.64,990.45,55.4,2021-03-01,2026-12-31,2028-12-31,2026-01-01,18,0.0,0
PAIM-618594,Panvel to km 42.300 Kasu (National Highways Authority of India [NHAI]) (618594),Infrastructure & Highways,Ministry of Railways,618594,Maharashtra,2004.8,2004.8,282.59,14.1,2024-03-01,2026-12-31,2029-12-31,2026-01-01,18,0.0,0
PAIM-618693,Bodhre - Dhule (National Highways Authority of India [NHAI]) (618693),Infrastructure & Highways,Ministry of Railways,618693,Maharashtra,1724.94,1724.94,999.34,57.9,2022-03-01,2028-12-31,2029-12-31,2026-01-01,18,0.0,0
PAIM-618836,4L of Ratnagiri - Kolhapur section from km 67.140 to km 112.340 of NH-166 Pkg  II (National Highways Authority of India ,Infrastructure & Highways,Ministry of Railways,618836,Maharashtra,3850.77,3850.77,2809.53,73.0,2023-03-01,2028-12-31,2028-12-31,2026-01-01,36,0.0,0
PAIM-618837,4L of Ratnagiri - Kolhapur section from km 112.340 to km 145.300 of NH-166 PkgIII (National Highways Authority of India ,Infrastructure & Highways,Ministry of Railways,618837,Maharashtra,3412.78,3412.78,2417.84,70.8,2024-03-01,2026-12-31,2027-12-31,2026-01-01,36,0.0,0
PAIM-618937,4L of Nagpur-Katol Section from Km. 13.00 to Km. 62.900 of NH-353J (National Highways Authority of India [NHAI]) (618937,Infrastructure & Highways,Ministry of Railways,618937,Maharashtra,733.96,733.96,84.94,11.6,2023-03-01,2026-12-31,2027-12-31,2026-01-01,6,0.0,0
PAIM-619042,"Procurement and construction   EPC    Basis mode   L.1.326 Km, (MoRTH) (619042)",Infrastructure & Highways,Ministry of Railways,619042,Maharashtra,4240.34,4240.34,2606.06,61.5,2022-03-01,2028-12-31,2028-12-31,2026-01-01,12,0.0,0
PAIM-619095,to km 84.600 Indapur (National Highways Authority of India [NHAI]) (619095),Infrastructure & Highways,Ministry of Railways,619095,Maharashtra,876.56,876.56,521.99,59.5,2021-03-01,2027-12-31,2029-12-31,2026-01-01,36,0.0,0
PAIM-619149,31.000 to km 67.140 Pkg  I (National Highways Authority of India [NHAI]) (619149),Infrastructure & Highways,Ministry of Railways,619149,Maharashtra,2840.26,2840.26,903.95,31.8,2023-03-01,2027-12-31,2027-12-31,2026-01-01,6,0.0,0
PAIM-619163,Tukaram Marg (National Highways Authority of India [NHAI]) (619163),Infrastructure & Highways,Ministry of Railways,619163,Maharashtra,3946.31,3946.31,3305.31,83.8,2022-03-01,2028-12-31,2029-12-31,2026-01-01,12,0.0,0
PAIM-618681,1 (National Highways Authority of India [NHAI]) (618681),Infrastructure & Highways,Ministry of Railways,618681,Odisha,1680.03,1680.03,948.5,56.5,2022-03-01,2028-12-31,2027-12-31,2026-01-01,18,0.0,0
PAIM-618477,Km 156.000 to Km 180.000 (National Highways Authority of India [NHAI]) (618477),Infrastructure & Highways,Ministry of Railways,618477,Tamil Nadu,1751.33,1751.33,487.87,27.9,2024-03-01,2026-12-31,2029-12-31,2026-01-01,18,0.0,0
PAIM-618634,716B Pkg-III (National Highways Authority of India [NHAI]) (618634),Infrastructure & Highways,Ministry of Railways,618634,Tamil Nadu,2911.67,2911.67,2396.6,82.3,2023-03-01,2028-12-31,2029-12-31,2026-01-01,6,0.0,0
PAIM-618771,6L of Varadharajula to Kumarajapet from km 0.000 to km 43.800 of NH-716B Pkg-I (National Highways Authority of India [NH,Infrastructure & Highways,Ministry of Railways,618771,Tamil Nadu,3338.29,3338.29,568.27,17.0,2024-03-01,2027-12-31,2029-12-31,2026-01-01,12,0.0,0
PAIM-618772,716B Pkg-II (National Highways Authority of India [NHAI]) (618772),Infrastructure & Highways,Ministry of Railways,618772,Tamil Nadu,984.4,984.4,334.16,33.9,2022-03-01,2027-12-31,2029-12-31,2026-01-01,0,0.0,0
PAIM-618747,village to Recherla village Design Chainage 63117 to 105236] (National Highways Authority of India [NHAI]) (618747),Infrastructure & Highways,Ministry of Railways,618747,Telangana,1556.97,1556.97,350.24,22.5,2023-03-01,2026-12-31,2029-12-31,2026-01-01,12,0.0,0
PAIM-618531,km. 209.827 of NH-2 PKG-01 (National Highways Authority of India [NHAI]) (618531),Infrastructure & Highways,Ministry of Railways,618531,Bihar,2752.59,2752.59,1825.07,66.3,2024-03-01,2027-12-31,2028-12-31,2026-01-01,36,0.0,0
PAIM-618532,Km. 249.525 of NH-19 PKG-02 (National Highways Authority of India [NHAI]) (618532),Infrastructure & Highways,Ministry of Railways,618532,Bihar,2649.42,2649.42,1599.1,60.4,2024-03-01,2027-12-31,2028-12-31,2026-01-01,6,0.0,0
PAIM-618951,Hariharganj to Parwa Mode section from km 23.284 to km 57.049 of NH-98 (National Highways Authority of India [NHAI]) (61,Infrastructure & Highways,Ministry of Railways,618951,Bihar,967.42,967.42,565.08,58.4,2021-03-01,2028-12-31,2029-12-31,2026-01-01,12,0.0,0
PAIM-618952,4L of Sahibganj - Manihari Ganga Bridge including Manihari Bypass (National Highways Authority of India [NHAI]) (618952),Infrastructure & Highways,Ministry of Railways,618952,Bihar,3117.46,3117.46,1113.05,35.7,2023-03-01,2026-12-31,2028-12-31,2026-01-01,36,0.0,0
PAIM-619078,249.525 to km 320.810 (National Highways Authority of India [NHAI]) (619078),Infrastructure & Highways,Ministry of Railways,619078,Bihar,1212.64,1212.64,819.5,67.6,2022-03-01,2026-12-31,2028-12-31,2026-01-01,12,0.0,0
PAIM-618530,Six Laning of Varanasi to Aurangabad from km. 786.00 to km. 978.40 of Old NH-2 (National Highways Authority of India [NH,Infrastructure & Highways,Ministry of Railways,618530,Bihar,4482.18,4482.18,788.42,17.6,2023-03-01,2026-12-31,2029-12-31,2026-01-01,0,0.0,0
PAIM-618676,Package  OD-1 (National Highways Authority of India [NHAI]) (618676),Infrastructure & Highways,Ministry of Railways,618676,Odisha,1145.98,1145.98,535.97,46.8,2021-03-01,2026-12-31,2028-12-31,2026-01-01,36,0.0,0
PAIM-619064,Km 128.000] (National Highways Authority of India [NHAI]) (619064),Infrastructure & Highways,Ministry of Railways,619064,Maharashtra,558.57,558.57,220.85,39.5,2022-03-01,2027-12-31,2028-12-31,2026-01-01,6,0.0,0
PAIM-619122,Akshardham - DL/UP Border Pkg-01 (National Highways Authority of India [NHAI]) (619122),Infrastructure & Highways,Ministry of Railways,619122,Maharashtra,939.02,939.02,491.82,52.4,2024-03-01,2028-12-31,2029-12-31,2026-01-01,12,0.0,0
PAIM-618942,from Km 70.800 to  km 84.120 of Khanapur- KA/GOA Border section of NH-4A (National Highways Authority of India [NHAI]) (,Infrastructure & Highways,Ministry of Railways,618942,Maharashtra,2355.66,2355.66,1382.27,58.7,2022-03-01,2028-12-31,2028-12-31,2026-01-01,0,0.0,0
PAIM-618637,Bal. Works of Fagne Km. 510.000 to Maharashtra/Gujarat Border Km. 650.794 (National Highways Authority of India [NHAI]) ,Infrastructure & Highways,Ministry of Railways,618637,Maharashtra,3165.83,3165.83,2227.22,70.4,2023-03-01,2026-12-31,2027-12-31,2026-01-01,6,0.0,0
PAIM-618486,Patran road SH-10 near Ghagga village Km 120250 to Km 157920 (National Highways Authority of India [NHAI]) (618486),Infrastructure & Highways,Ministry of Railways,618486,Haryana,2814.43,2814.43,1744.36,62.0,2021-03-01,2027-12-31,2028-12-31,2026-01-01,6,0.0,0
PAIM-618760,Km 27.910 Pkg-02 (National Highways Authority of India [NHAI]) (618760),Infrastructure & Highways,Ministry of Railways,618760,Haryana,1861.24,1861.24,1517.8,81.5,2022-03-01,2026-12-31,2028-12-31,2026-01-01,24,0.0,0
PAIM-618935,4L  Ambala - Kalaamb from Km. -0.800 to Km. 33.015 of old NH-72 (National Highways Authority of India [NHAI]) (618935),Infrastructure & Highways,Ministry of Railways,618935,Haryana,2730.97,2730.97,2158.37,79.0,2022-03-01,2027-12-31,2028-12-31,2026-01-01,18,0.0,0
PAIM-619134,Km. 11.157 (National Highways Authority of India [NHAI]) (619134),Infrastructure & Highways,Ministry of Railways,619134,Haryana,3350.78,3350.78,684.27,20.4,2023-03-01,2028-12-31,2027-12-31,2026-01-01,12,0.0,0
PAIM-618505,KM 273.00 (National Highways Authority of India [NHAI]) (618505),Infrastructure & Highways,Ministry of Railways,618505,Rajasthan,1402.0,1402.0,241.07,17.2,2022-03-01,2026-12-31,2029-12-31,2026-01-01,36,0.0,0
PAIM-618723,section of Shamli -Ambala Package-II Design Ch. Form km 45.500 to km 84.400 (National Highways Authority of India [NHAI],Infrastructure & Highways,Ministry of Railways,618723,Haryana,1823.72,1823.72,1078.44,59.1,2024-03-01,2027-12-31,2028-12-31,2026-01-01,24,0.0,0
PAIM-619068,Faridabad-Ballabhgarh Bypass KMP Link - Spur to Delhi Mumbai Expressway (National Highways Authority of India [NHAI]) (6,Infrastructure & Highways,Ministry of Railways,619068,Haryana,3708.61,3708.61,2585.7,69.7,2024-03-01,2028-12-31,2027-12-31,2026-01-01,0,0.0,0
PAIM-619066,Gurha Baildaran km 423500 to km 468100 (National Highways Authority of India [NHAI]) (619066),Infrastructure & Highways,Ministry of Railways,619066,Punjab,4243.47,4243.47,2663.72,62.8,2021-03-01,2027-12-31,2029-12-31,2026-01-01,12,0.0,0
PAIM-618828,4L from Km 219.600 Khajuri to Km 260.483 Wyndhamganj on NH-75 Sec-V (National Highways Authority of India [NHAI]) (61882,Infrastructure & Highways,Ministry of Railways,618828,Punjab,458.51,458.51,388.31,84.7,2023-03-01,2026-12-31,2027-12-31,2026-01-01,36,0.0,0
PAIM-618533,Barwa Adda Km. 398.240 to Panagarh Km. 521.120 (National Highways Authority of India [NHAI]) (618533),Infrastructure & Highways,Ministry of Railways,618533,Multi-State,2279.56,2279.56,1787.26,78.4,2021-03-01,2028-12-31,2029-12-31,2026-01-01,0,0.0,0
PAIM-618909,Chandil Junction with NH-33 km. 153.705 of Old NH-32 (National Highways Authority of India [NHAI]) (618909),Infrastructure & Highways,Ministry of Railways,618909,Multi-State,3561.47,3561.47,2262.7,63.5,2024-03-01,2028-12-31,2029-12-31,2026-01-01,36,0.0,0
PAIM-618515,Pkg-I (National Highways Authority of India [NHAI]) (618515),Infrastructure & Highways,Ministry of Railways,618515,Maharashtra,3004.15,3004.15,1611.93,53.7,2021-03-01,2027-12-31,2028-12-31,2026-01-01,12,0.0,0
PAIM-618516,NH-48 Pkg-II (National Highways Authority of India [NHAI]) (618516),Infrastructure & Highways,Ministry of Railways,618516,Maharashtra,2312.92,2312.92,1700.97,73.5,2022-03-01,2026-12-31,2027-12-31,2026-01-01,12,0.0,0
PAIM-618519,to TN/KNT border from km 144.480 to 179.969 (National Highways Authority of India [NHAI]) (618519),Infrastructure & Highways,Ministry of Railways,618519,Karnataka,2045.2,2045.2,538.96,26.4,2022-03-01,2027-12-31,2028-12-31,2026-01-01,24,0.0,0
PAIM-618581,Hosur to Dhamrapuri Pkg-1 [Neraluru - Thorapalli Agraharam] (National Highways Authority of India [NHAI]) (618581),Infrastructure & Highways,Ministry of Railways,618581,Karnataka,2188.18,2188.18,599.85,27.4,2023-03-01,2028-12-31,2028-12-31,2026-01-01,36,0.0,0
PAIM-618632,Km 202.900 to Km 242.200 Pkg-1 (National Highways Authority of India [NHAI]) (618632),Infrastructure & Highways,Ministry of Railways,618632,Karnataka,4040.45,4040.45,663.21,16.4,2022-03-01,2028-12-31,2029-12-31,2026-01-01,18,0.0,0
PAIM-618938,of NH-353B (National Highways Authority of India [NHAI]) (618938),Infrastructure & Highways,Ministry of Railways,618938,Maharashtra,512.35,512.35,117.04,22.8,2022-03-01,2028-12-31,2028-12-31,2026-01-01,6,0.0,0
PAIM-618845,Puducherry Km.29.000 to Poondiyankuppam Km.67.000 (National Highways Authority of India [NHAI]) (618845),Infrastructure & Highways,Ministry of Railways,618845,Maharashtra,3391.37,3391.37,779.69,23.0,2022-03-01,2027-12-31,2028-12-31,2026-01-01,24,0.0,0
PAIM-618847,Sattanathapuram to Nagapattinam from Km 123.800 to Km 179.555 (National Highways Authority of India [NHAI]) (618847),Infrastructure & Highways,Ministry of Railways,618847,Multi-State,3982.51,3982.51,960.74,24.1,2023-03-01,2026-12-31,2028-12-31,2026-01-01,24,0.0,0
PAIM-618711,Km to 41.820 Km of Delhi- Dehradun Economic Corridor package-2 (National Highways Authority of India [NHAI]) (618711),Infrastructure & Highways,Ministry of Railways,618711,Delhi,4388.81,4388.81,3064.07,69.8,2024-03-01,2026-12-31,2028-12-31,2026-01-01,36,0.0,0
PAIM-618928,"14.490 Km., Starts from Ch. 38770 and ends at Ch. 53260 existing Ch. 05560 (National Highways Authority of India [NHAI])",Infrastructure & Highways,Ministry of Railways,618928,Multi-State,4171.79,4171.79,2233.71,53.5,2021-03-01,2026-12-31,2028-12-31,2026-01-01,24,0.0,0
PAIM-618969,4/6L of  Spur to Haridwar Greenfield from Km. 0.000 to Km. 50.70 (National Highways Authority of India [NHAI]) (618969),Infrastructure & Highways,Ministry of Railways,618969,Multi-State,2081.24,2081.24,1364.87,65.6,2021-03-01,2027-12-31,2028-12-31,2026-01-01,0,0.0,0
PAIM-617899,Mangalpur section of NH 20 in the state of Odisha on Annual Plan 2021-22 (MoRTH) (617899),Infrastructure & Highways,Ministry of Railways,617899,Odisha,2237.39,2237.39,770.19,34.4,2023-03-01,2027-12-31,2028-12-31,2026-01-01,18,0.0,0
PAIM-617904,79/800 Design km 11/670 of NH-26 in the State of Odisha. (MoRTH) (617904),Infrastructure & Highways,Ministry of Railways,617904,Odisha,701.89,701.89,575.28,82.0,2021-03-01,2026-12-31,2029-12-31,2026-01-01,12,0.0,0
PAIM-617905,EPC mode under Annual Plan 2021-22 (MoRTH) (617905),Infrastructure & Highways,Ministry of Railways,617905,Odisha,2533.8,2533.8,1712.4,67.6,2021-03-01,2028-12-31,2029-12-31,2026-01-01,6,0.0,0
PAIM-617921,277/500 to 318/970 of NH-55 in the State of Odisha under Annual Plan 2021-22. (MoRTH) (617921),Infrastructure & Highways,Ministry of Railways,617921,Odisha,4325.39,4325.39,2419.07,55.9,2021-03-01,2026-12-31,2027-12-31,2026-01-01,0,0.0,0
PAIM-617924,including land acquisition in the state of Odisha. (MoRTH) (617924),Infrastructure & Highways,Ministry of Railways,617924,Odisha,2031.76,2031.76,1459.74,71.8,2021-03-01,2027-12-31,2028-12-31,2026-01-01,36,0.0,0
PAIM-617925,including LA in the State of Odisha on EPC mode. (MoRTH) (617925),Infrastructure & Highways,Ministry of Railways,617925,Odisha,2722.54,2722.54,1095.36,40.2,2024-03-01,2027-12-31,2029-12-31,2026-01-01,24,0.0,0
PAIM-617930,Berhampur town including 4-lane RoB in the state of Odisha. (MoRTH) (617930),Infrastructure & Highways,Ministry of Railways,617930,Odisha,345.15,345.15,69.36,20.1,2021-03-01,2027-12-31,2028-12-31,2026-01-01,18,0.0,0
PAIM-618003,2033-34 (MoRTH) (618003),Infrastructure & Highways,Ministry of Railways,618003,Odisha,2320.79,2320.79,1969.3,84.9,2021-03-01,2028-12-31,2027-12-31,2026-01-01,24,0.0,0
PAIM-618012,section of NH 326 in the State of Odisha under Annual Plan 2021.22. (MoRTH) (618012),Infrastructure & Highways,Ministry of Railways,618012,Odisha,4445.53,4445.53,2042.27,45.9,2024-03-01,2028-12-31,2029-12-31,2026-01-01,12,0.0,0
PAIM-618523,Bhadrak KM 136.500 to Baleshwar KM 199.141 (National Highways Authority of India [NHAI]) (618523),Infrastructure & Highways,Ministry of Railways,618523,Odisha,2323.0,2323.0,237.07,10.2,2024-03-01,2026-12-31,2027-12-31,2026-01-01,6,0.0,0
PAIM-618677,km 293000 Package  OD-5 (National Highways Authority of India [NHAI]) (618677),Infrastructure & Highways,Ministry of Railways,618677,Odisha,3306.5,3306.5,2154.76,65.2,2022-03-01,2027-12-31,2027-12-31,2026-01-01,36,0.0,0
PAIM-618678,km 338500 Package  OD-6 (National Highways Authority of India [NHAI]) (618678),Infrastructure & Highways,Ministry of Railways,618678,Odisha,2582.47,2582.47,1608.08,62.3,2022-03-01,2028-12-31,2027-12-31,2026-01-01,12,0.0,0
PAIM-618680,365033 Package-OD-8 (National Highways Authority of India [NHAI]) (618680),Infrastructure & Highways,Ministry of Railways,618680,Odisha,2521.86,2521.86,1951.55,77.4,2022-03-01,2026-12-31,2027-12-31,2026-01-01,12,0.0,0
PAIM-618819,Balance work of Panikoili Rimoli Section of new NH-20 from Km 0.00 to Km. 163.000 (National Highways Authority of India ,Infrastructure & Highways,Ministry of Railways,618819,Odisha,2240.13,2240.13,1752.58,78.2,2024-03-01,2026-12-31,2029-12-31,2026-01-01,12,0.0,0
PAIM-618820,NH-53 Old NH  5A from Km.39.000 to Km.60.00 Package-3 (National Highways Authority of India [NHAI]) (618820),Infrastructure & Highways,Ministry of Railways,618820,Odisha,368.78,368.78,194.46,52.7,2023-03-01,2027-12-31,2028-12-31,2026-01-01,18,0.0,0
PAIM-618821,Package-2 (National Highways Authority of India [NHAI]) (618821),Infrastructure & Highways,Ministry of Railways,618821,Odisha,2591.76,2591.76,407.38,15.7,2022-03-01,2027-12-31,2029-12-31,2026-01-01,18,0.0,0
PAIM-618908,NH-200 New NH -53 (National Highways Authority of India [NHAI]) (618908),Infrastructure & Highways,Ministry of Railways,618908,Odisha,3866.6,3866.6,740.22,19.1,2022-03-01,2026-12-31,2028-12-31,2026-01-01,0,0.0,0
PAIM-618913,4-L of Rajamunda to Barkote Section of NH-23 from km. 287.200 to km. 337.185 (National Highways Authority of India [NHAI,Infrastructure & Highways,Ministry of Railways,618913,Odisha,2209.28,2209.28,1188.34,53.8,2023-03-01,2028-12-31,2027-12-31,2026-01-01,6,0.0,0
PAIM-619109,Package  OD-3 (National Highways Authority of India [NHAI]) (619109),Infrastructure & Highways,Ministry of Railways,619109,Odisha,1629.44,1629.44,512.04,31.4,2024-03-01,2026-12-31,2028-12-31,2026-01-01,12,0.0,0
PAIM-619118,Four Laning of Angul to Sambalpur from Km.112.000 to Km.265.000 (National Highways Authority of India [NHAI]) (619118),Infrastructure & Highways,Ministry of Railways,619118,Odisha,3623.99,3623.99,2763.58,76.3,2022-03-01,2027-12-31,2029-12-31,2026-01-01,18,0.0,0
PAIM-619119,State of Odisha (National Highways Authority of India [NHAI]) (619119),Infrastructure & Highways,Ministry of Railways,619119,Odisha,1209.85,1209.85,560.2,46.3,2024-03-01,2028-12-31,2027-12-31,2026-01-01,6,0.0,0
PAIM-619157,149 and km 301.875 - km 335.946 of NH-53 Pkg-I (National Highways Authority of India [NHAI]) (619157),Infrastructure & Highways,Ministry of Railways,619157,Odisha,2036.39,2036.39,409.43,20.1,2023-03-01,2026-12-31,2027-12-31,2026-01-01,36,0.0,0
PAIM-619158,4 Laning of Duburi Chandikhole from km 388.376 to km 428.074 Pkg-III (National Highways Authority of India [NHAI]) (6191,Infrastructure & Highways,Ministry of Railways,619158,Odisha,3948.77,3948.77,2656.03,67.3,2021-03-01,2027-12-31,2027-12-31,2026-01-01,0,0.0,0
PAIM-618023,on EPC mode. Job No. NH-354-PB-2021-22-555 (MoRTH) (618023),Infrastructure & Highways,Ministry of Railways,618023,Punjab,4187.11,4187.11,1852.98,44.3,2021-03-01,2028-12-31,2027-12-31,2026-01-01,0,0.0,0
PAIM-618024,No. NH-354-PB-2020-21-532 (MoRTH) (618024),Infrastructure & Highways,Ministry of Railways,618024,Punjab,2927.74,2927.74,967.43,33.0,2023-03-01,2027-12-31,2027-12-31,2026-01-01,24,0.0,0
PAIM-618487,Bhogiwal village Km 188830 to km 225770 (National Highways Authority of India [NHAI]) (618487),Infrastructure & Highways,Ministry of Railways,618487,Punjab,2091.56,2091.56,579.0,27.7,2023-03-01,2027-12-31,2028-12-31,2026-01-01,36,0.0,0
PAIM-618488,near Mullanpur Dakha Km 225770 to km 260860 (National Highways Authority of India [NHAI]) (618488),Infrastructure & Highways,Ministry of Railways,618488,Punjab,1424.64,1424.64,675.52,47.4,2024-03-01,2026-12-31,2027-12-31,2026-01-01,18,0.0,0
PAIM-618489,Kang Sahibu village Km 260860 to km 303900 (National Highways Authority of India [NHAI]) (618489),Infrastructure & Highways,Ministry of Railways,618489,Punjab,202.19,202.19,168.7,83.4,2021-03-01,2026-12-31,2028-12-31,2026-01-01,36,0.0,0
PAIM-618490,Sultanpur Lodhi road NH-703A km 000 to km 24000 to Amritsar connectivity (National Highways Authority of India [NHAI]) (,Infrastructure & Highways,Ministry of Railways,618490,Punjab,1935.35,1935.35,1540.15,79.6,2021-03-01,2027-12-31,2029-12-31,2026-01-01,36,0.0,0
PAIM-618491,362420 (National Highways Authority of India [NHAI]) (618491),Infrastructure & Highways,Ministry of Railways,618491,Punjab,3437.51,3437.51,726.32,21.1,2022-03-01,2028-12-31,2028-12-31,2026-01-01,0,0.0,0
PAIM-618492,Pathankot-Gurdaspur road NH-54 near Gurdaspur Km 362420 to km 397700 (National Highways Authority of India [NHAI]) (6184,Infrastructure & Highways,Ministry of Railways,618492,Punjab,489.79,489.79,64.04,13.1,2024-03-01,2028-12-31,2029-12-31,2026-01-01,12,0.0,0
PAIM-618493,NH-703AA near Goinwal Sahib [Km 24000 to Km 41000 of Amritsar connectivity] (National Highways Authority of India [NHAI],Infrastructure & Highways,Ministry of Railways,618493,Punjab,3087.52,3087.52,983.98,31.9,2023-03-01,2028-12-31,2029-12-31,2026-01-01,6,0.0,0
PAIM-618552,at Kang Sahbu NH-703  via Sarmastpur NH-44 - Madara NH-03 - Khajurla NH-44 (National Highways Authority of India [NHAI]),Infrastructure & Highways,Ministry of Railways,618552,Haryana,4177.29,4177.29,2666.36,63.8,2023-03-01,2026-12-31,2027-12-31,2026-01-01,0,0.0,0
PAIM-618610,NH-54 from km. 0.000 to km. 27.400 of NH-54 (National Highways Authority of India [NHAI]) (618610),Infrastructure & Highways,Ministry of Railways,618610,Haryana,3139.37,3139.37,2025.27,64.5,2023-03-01,2027-12-31,2027-12-31,2026-01-01,6,0.0,0
PAIM-618617,Pkg-1 (National Highways Authority of India [NHAI]) (618617),Infrastructure & Highways,Ministry of Railways,618617,Punjab,256.01,256.01,144.48,56.4,2023-03-01,2026-12-31,2029-12-31,2026-01-01,12,0.0,0
PAIM-618618,Sangat Kalan from km 93.000 to km 154.866 of NH-754A Pkg-3 (National Highways Authority of India [NHAI]) (618618),Infrastructure & Highways,Ministry of Railways,618618,Punjab,1398.62,1398.62,191.08,13.7,2023-03-01,2026-12-31,2027-12-31,2026-01-01,18,0.0,0
PAIM-618647,Road NH-703 near village Tallewal from Km 0.0 to Km 30.3 of NH-754AD Pkg-1 (National Highways Authority of India [NHAI]),Infrastructure & Highways,Ministry of Railways,618647,Punjab,3210.32,3210.32,520.07,16.2,2023-03-01,2028-12-31,2028-12-31,2026-01-01,12,0.0,0
PAIM-618764,Moga - Bagha Purana - Bajakhana from km. 0.00 to km. 43.32 (National Highways Authority of India [NHAI]) (618764),Infrastructure & Highways,Ministry of Railways,618764,Punjab,2998.96,2998.96,1249.24,41.7,2021-03-01,2027-12-31,2029-12-31,2026-01-01,6,0.0,0
PAIM-618785,Pkg-3 (National Highways Authority of India [NHAI]) (618785),Infrastructure & Highways,Ministry of Railways,618785,Punjab,2624.96,2624.96,600.81,22.9,2021-03-01,2027-12-31,2029-12-31,2026-01-01,18,0.0,0
PAIM-618789,6L of IT City Chowk to Kurali Chandigarh Road (National Highways Authority of India [NHAI]) (618789),Infrastructure & Highways,Ministry of Railways,618789,Punjab,2187.34,2187.34,553.01,25.3,2022-03-01,2027-12-31,2027-12-31,2026-01-01,12,0.0,0
PAIM-618794,Amritsarairport Junction - Ramdas from km. 100.835 to km. 139.813 Pkg - IV (National Highways Authority of India [NHAI]),Infrastructure & Highways,Ministry of Railways,618794,Punjab,3940.65,3940.65,2880.63,73.1,2022-03-01,2027-12-31,2027-12-31,2026-01-01,6,0.0,0
PAIM-618795,Amritsar Bypass Pkg III from km. 71.496 to km. 105.158 (National Highways Authority of India [NHAI]) (618795),Infrastructure & Highways,Ministry of Railways,618795,Punjab,890.12,890.12,251.91,28.3,2024-03-01,2028-12-31,2028-12-31,2026-01-01,36,0.0,0
PAIM-618809,0.000 to Km. 31.300 Pkg-1 (National Highways Authority of India [NHAI]) (618809),Infrastructure & Highways,Ministry of Railways,618809,Punjab,2901.95,2901.95,570.85,19.7,2021-03-01,2028-12-31,2029-12-31,2026-01-01,36,0.0,0
PAIM-618810,Nanak  from Km. 31.300 to Km. 69.100  with Additional batala Bypass Pkg-II (National Highways Authority of India [NHAI]),Infrastructure & Highways,Ministry of Railways,618810,Punjab,4053.38,4053.38,2332.45,57.5,2022-03-01,2027-12-31,2028-12-31,2026-01-01,0,0.0,0
PAIM-618906,503A Package-I (National Highways Authority of India [NHAI]) (618906),Infrastructure & Highways,Ministry of Railways,618906,Punjab,2651.41,2651.41,1897.52,71.6,2022-03-01,2028-12-31,2029-12-31,2026-01-01,6,0.0,0
PAIM-617887,Beawer Gomti 4LPS from km 58.245 to km 108.600 Pkg-I (MoRTH) (617887),Infrastructure & Highways,Ministry of Railways,617887,Rajasthan,3241.85,3241.85,2292.67,70.7,2022-03-01,2028-12-31,2029-12-31,2026-01-01,12,0.0,0
PAIM-617891,Design Km 41.625 to Km 54.689 of NH-11 on EPC Mode in the state of Rajasthan . (MoRTH) (617891),Infrastructure & Highways,Ministry of Railways,617891,Rajasthan,3018.93,3018.93,1719.61,57.0,2023-03-01,2028-12-31,2027-12-31,2026-01-01,18,0.0,0
PAIM-617900,Length-93.52 Km. (MoRTH) (617900),Infrastructure & Highways,Ministry of Railways,617900,Rajasthan,404.83,404.83,117.37,29.0,2023-03-01,2026-12-31,2029-12-31,2026-01-01,0,0.0,0
PAIM-617901,on EPC mode in the state of Rajasthan. (MoRTH) (617901),Infrastructure & Highways,Ministry of Railways,617901,Rajasthan,4155.89,4155.89,1074.56,25.9,2024-03-01,2027-12-31,2028-12-31,2026-01-01,6,0.0,0
PAIM-618011,the state of Rajasthan on EPC Mode (MoRTH) (618011),Infrastructure & Highways,Ministry of Railways,618011,Rajasthan,1980.19,1980.19,949.04,47.9,2021-03-01,2026-12-31,2029-12-31,2026-01-01,18,0.0,0
PAIM-618069,74.645 of NH-54 in the State of Rajasthan on EPC mode. (MoRTH) (618069),Infrastructure & Highways,Ministry of Railways,618069,Rajasthan,1329.75,1329.75,754.11,56.7,2024-03-01,2028-12-31,2029-12-31,2026-01-01,36,0.0,0
PAIM-618092,NH-162E in the State of Rajasthan on EPC mode. (MoRTH) (618092),Infrastructure & Highways,Ministry of Railways,618092,Rajasthan,312.12,312.12,262.1,84.0,2021-03-01,2026-12-31,2028-12-31,2026-01-01,6,0.0,0
PAIM-618093,55.950 of NH-162E on EPC mode. (MoRTH) (618093),Infrastructure & Highways,Ministry of Railways,618093,Rajasthan,3740.86,3740.86,2313.21,61.8,2024-03-01,2027-12-31,2029-12-31,2026-01-01,12,0.0,0
PAIM-618118,mode in the State of Rajasthan. (MoRTH) (618118),Infrastructure & Highways,Ministry of Railways,618118,Rajasthan,1593.87,1593.87,444.58,27.9,2024-03-01,2026-12-31,2027-12-31,2026-01-01,0,0.0,0
PAIM-618200,in the State of Rajasthan. (MoRTH) (618200),Infrastructure & Highways,Ministry of Railways,618200,Rajasthan,4170.46,4170.46,3221.67,77.2,2023-03-01,2026-12-31,2028-12-31,2026-01-01,0,0.0,0
PAIM-618456,[Junction with NH- 76 to Junction with NH-12 near village Ummedpura] (National Highways Authority of India [NHAI]) (6184,Infrastructure & Highways,Ministry of Railways,618456,Rajasthan,2017.02,2017.02,231.09,11.5,2024-03-01,2028-12-31,2029-12-31,2026-01-01,6,0.0,0
PAIM-618457,[End of Interchange on NH-166 near village Mui to Hardeoganj village near Indergarh] (National Highways Authority of Ind,Infrastructure & Highways,Ministry of Railways,618457,Rajasthan,4085.25,4085.25,1962.48,48.0,2021-03-01,2027-12-31,2027-12-31,2026-01-01,6,0.0,0
PAIM-618458,Nayagaon Jageer village] (National Highways Authority of India [NHAI]) (618458),Infrastructure & Highways,Ministry of Railways,618458,Gujarat,2845.18,2845.18,838.63,29.5,2023-03-01,2026-12-31,2029-12-31,2026-01-01,0,0.0,0
PAIM-618612,Deogarh near Dhandhaniya-Rajasthan/Gujarat Border Phase-I AJ/DRGB-Package-6 (National Highways Authority of India [NHAI],Infrastructure & Highways,Ministry of Railways,618612,Gujarat,3416.15,3416.15,1057.37,31.0,2022-03-01,2027-12-31,2029-12-31,2026-01-01,6,0.0,0
PAIM-618613,Deogarh near Dhandhaniya-Rajasthan/Gujarat Border Phase-I AJ/DRGB-Package-7 (National Highways Authority of India [NHAI],Infrastructure & Highways,Ministry of Railways,618613,Gujarat,3102.39,3102.39,540.06,17.4,2023-03-01,2028-12-31,2027-12-31,2026-01-01,36,0.0,0
PAIM-618796,Pakisthan Border NH-968 Pkg-BM/5 (National Highways Authority of India [NHAI]) (618796),Infrastructure & Highways,Ministry of Railways,618796,Rajasthan,2287.06,2287.06,888.68,38.9,2023-03-01,2027-12-31,2028-12-31,2026-01-01,24,0.0,0
PAIM-618838,Road Pkg-II (National Highways Authority of India [NHAI]) (618838),Infrastructure & Highways,Ministry of Railways,618838,Rajasthan,3114.78,3114.78,2481.87,79.7,2022-03-01,2028-12-31,2027-12-31,2026-01-01,12,0.0,0
PAIM-619063,Jaipur (National Highways Authority of India [NHAI]) (619063),Infrastructure & Highways,Ministry of Railways,619063,Rajasthan,1684.06,1684.06,436.31,25.9,2023-03-01,2026-12-31,2027-12-31,2026-01-01,12,0.0,0
PAIM-617962,the state of Tamil Nadu job No.NH-49 Extn New NH 85 - TN-2021-22-997 (MoRTH) (617962),Infrastructure & Highways,Ministry of Railways,617962,Tamil Nadu,1386.46,1386.46,974.89,70.3,2023-03-01,2026-12-31,2029-12-31,2026-01-01,36,0.0,0
PAIM-618478,Km 180.000 to Km 204.500 (National Highways Authority of India [NHAI]) (618478),Infrastructure & Highways,Ministry of Railways,618478,Tamil Nadu,1556.88,1556.88,984.78,63.3,2024-03-01,2026-12-31,2027-12-31,2026-01-01,24,0.0,0
PAIM-618479,from Km 204.500 to Km 230.000 (National Highways Authority of India [NHAI]) (618479),Infrastructure & Highways,Ministry of Railways,618479,Tamil Nadu,3741.95,3741.95,1808.12,48.3,2022-03-01,2027-12-31,2028-12-31,2026-01-01,24,0.0,0
PAIM-618481,Kanchepuram to Sriperumbudur Section Phase-III/Package-IV (National Highways Authority of India [NHAI]) (618481),Infrastructure & Highways,Ministry of Railways,618481,Tamil Nadu,2906.62,2906.62,1269.82,43.7,2023-03-01,2028-12-31,2029-12-31,2026-01-01,0,0.0,0
PAIM-618521,Karaipettai to Walajapet from Km 71.015 to 107.091 (National Highways Authority of India [NHAI]) (618521),Infrastructure & Highways,Ministry of Railways,618521,Tamil Nadu,2066.19,2066.19,1463.0,70.8,2021-03-01,2028-12-31,2028-12-31,2026-01-01,12,0.0,0
PAIM-618563,4L of Madurai Ring Road Phase 1 [Vadipatti-Thamrapatti] from km 0.00 - km 29.960 (National Highways Authority of India [,Infrastructure & Highways,Ministry of Railways,618563,Tamil Nadu,3888.84,3888.84,2328.3,59.9,2022-03-01,2026-12-31,2028-12-31,2026-01-01,18,0.0,0
PAIM-618608,Kanyakumari Section from Km 43.0 to Km 96.174 of NH66 (National Highways Authority of India [NHAI]) (618608),Infrastructure & Highways,Ministry of Railways,618608,Tamil Nadu,423.65,423.65,304.98,72.0,2021-03-01,2028-12-31,2027-12-31,2026-01-01,24,0.0,0
PAIM-618635,IV (National Highways Authority of India [NHAI]) (618635),Infrastructure & Highways,Ministry of Railways,618635,Tamil Nadu,735.16,735.16,541.15,73.6,2022-03-01,2028-12-31,2028-12-31,2026-01-01,6,0.0,0
PAIM-618744,4L of Thirumangalam to Vadugapatti section from km 0.000 to km 36.000 of NH-744 (National Highways Authority of India [N,Infrastructure & Highways,Ministry of Railways,618744,Tamil Nadu,2320.45,2320.45,426.85,18.4,2023-03-01,2027-12-31,2027-12-31,2026-01-01,36,0.0,0
PAIM-618745,71.600 of NH-744 (National Highways Authority of India [NHAI]) (618745),Infrastructure & Highways,Ministry of Railways,618745,Tamil Nadu,3802.87,3802.87,1452.77,38.2,2024-03-01,2027-12-31,2028-12-31,2026-01-01,18,0.0,0
PAIM-618756,Melur - Pilayarpatti - Karaikudi from km 99.920 of NH 38 to km 12.9 of NH 383 Ext. (National Highways Authority of India,Infrastructure & Highways,Ministry of Railways,618756,Tamil Nadu,1417.4,1417.4,1130.45,79.8,2021-03-01,2027-12-31,2027-12-31,2026-01-01,36,0.0,0
PAIM-618800,Km 4.604 to Km 9.700 (National Highways Authority of India [NHAI]) (618800),Infrastructure & Highways,Ministry of Railways,618800,Tamil Nadu,228.62,228.62,159.36,69.7,2021-03-01,2028-12-31,2028-12-31,2026-01-01,6,0.0,0
PAIM-618801,0342 to Km 4604 (National Highways Authority of India [NHAI]) (618801),Infrastructure & Highways,Ministry of Railways,618801,Tamil Nadu,3483.55,3483.55,2824.34,81.1,2021-03-01,2027-12-31,2027-12-31,2026-01-01,12,0.0,0
PAIM-618894,83 (National Highways Authority of India [NHAI]) (618894),Infrastructure & Highways,Ministry of Railways,618894,Tamil Nadu,1548.08,1548.08,671.96,43.4,2024-03-01,2027-12-31,2029-12-31,2026-01-01,24,0.0,0
PAIM-618895,Kamalapuram to Oddanchatram from km. 0.00 to km. 35.822 (National Highways Authority of India [NHAI]) (618895),Infrastructure & Highways,Ministry of Railways,618895,Tamil Nadu,1235.0,1235.0,1032.43,83.6,2023-03-01,2026-12-31,2028-12-31,2026-01-01,36,0.0,0
PAIM-618897,NH45 C Pkg-II (National Highways Authority of India [NHAI]) (618897),Infrastructure & Highways,Ministry of Railways,618897,Tamil Nadu,2043.63,2043.63,1677.04,82.1,2021-03-01,2026-12-31,2027-12-31,2026-01-01,6,0.0,0
PAIM-619094,Dhamrapuri Pkg-2] (National Highways Authority of India [NHAI]) (619094),Infrastructure & Highways,Ministry of Railways,619094,Tamil Nadu,780.65,780.65,332.96,42.7,2022-03-01,2027-12-31,2027-12-31,2026-01-01,18,0.0,0
PAIM-619129,Mahabalipuram - Pondicherry Pkg-I [Mamallapuram to Mugaiyur] (National Highways Authority of India [NHAI]) (619129),Infrastructure & Highways,Ministry of Railways,619129,Tamil Nadu,3112.84,3112.84,2062.92,66.3,2024-03-01,2028-12-31,2029-12-31,2026-01-01,6,0.0,0
PAIM-619130,Mahabalipuram - Pondicherry Pkg-II [Mugaiyur to Marakkanam] (National Highways Authority of India [NHAI]) (619130),Infrastructure & Highways,Ministry of Railways,619130,Tamil Nadu,3307.03,3307.03,854.99,25.9,2023-03-01,2028-12-31,2029-12-31,2026-01-01,0,0.0,0
PAIM-619131,Four Laning of Chettikulam to Natham section of NH-785 (National Highways Authority of India [NHAI]) (619131),Infrastructure & Highways,Ministry of Railways,619131,Tamil Nadu,2788.89,2788.89,519.06,18.6,2023-03-01,2028-12-31,2028-12-31,2026-01-01,36,0.0,0
PAIM-617913,Bangalore section of NH-44 Under NHO EPC basis in the state of Telangana (MoRTH) (617913),Infrastructure & Highways,Ministry of Railways,617913,Telangana,1558.68,1558.68,963.35,61.8,2024-03-01,2028-12-31,2027-12-31,2026-01-01,24,0.0,0
PAIM-617936,Telangana. (MoRTH) (617936),Infrastructure & Highways,Ministry of Railways,617936,Telangana,894.36,894.36,197.5,22.1,2023-03-01,2027-12-31,2027-12-31,2026-01-01,18,0.0,0
PAIM-617940,under NH O for the year 2020-21 in the state of Telangana on EPC Mode. (MoRTH) (617940),Infrastructure & Highways,Ministry of Railways,617940,Telangana,300.12,300.12,90.4,30.1,2022-03-01,2027-12-31,2029-12-31,2026-01-01,36,0.0,0
PAIM-617980,mode in the state of Telangana (MoRTH) (617980),Infrastructure & Highways,Ministry of Railways,617980,Telangana,2565.46,2565.46,480.76,18.7,2024-03-01,2028-12-31,2029-12-31,2026-01-01,6,0.0,0
PAIM-617982,159/0 to 165/4 and 186/0 to 215/0 of NH-163 on EPC mode int the state of Telangana (MoRTH) (617982),Infrastructure & Highways,Ministry of Railways,617982,Telangana,3795.47,3795.47,908.32,23.9,2023-03-01,2026-12-31,2029-12-31,2026-01-01,24,0.0,0
PAIM-617983,2020-21 on EPC Mode in the state of Telangana. (MoRTH) (617983),Infrastructure & Highways,Ministry of Railways,617983,Telangana,3928.48,3928.48,1585.08,40.3,2021-03-01,2027-12-31,2029-12-31,2026-01-01,12,0.0,0
PAIM-617992,state of Telangana (MoRTH) (617992),Infrastructure & Highways,Ministry of Railways,617992,Telangana,3097.51,3097.51,580.99,18.8,2023-03-01,2027-12-31,2028-12-31,2026-01-01,24,0.0,0
PAIM-617994,Telangana (MoRTH) (617994),Infrastructure & Highways,Ministry of Railways,617994,Telangana,4332.01,4332.01,1268.12,29.3,2023-03-01,2027-12-31,2029-12-31,2026-01-01,12,0.0,0
PAIM-617995,Telangana on EPC mode under NH O Annual Plan 2016-17 (MoRTH) (617995),Infrastructure & Highways,Ministry of Railways,617995,Telangana,585.62,585.62,212.28,36.2,2024-03-01,2028-12-31,2029-12-31,2026-01-01,18,0.0,0
PAIM-617996,167 on Haggari-Jadcherla Road on EPC mode under NHO in the state of Telangana (MoRTH) (617996),Infrastructure & Highways,Ministry of Railways,617996,Telangana,2963.22,2963.22,1811.69,61.1,2022-03-01,2027-12-31,2027-12-31,2026-01-01,36,0.0,0
PAIM-618001,of Telangana (MoRTH) (618001),Infrastructure & Highways,Ministry of Railways,618001,Telangana,1312.13,1312.13,230.33,17.6,2022-03-01,2026-12-31,2028-12-31,2026-01-01,12,0.0,0
PAIM-618025,mode (MoRTH) (618025),Infrastructure & Highways,Ministry of Railways,618025,Telangana,1185.29,1185.29,842.58,71.1,2022-03-01,2028-12-31,2028-12-31,2026-01-01,24,0.0,0
PAIM-618026,Telangana under EPC mode (MoRTH) (618026),Infrastructure & Highways,Ministry of Railways,618026,Telangana,2366.13,2366.13,1390.6,58.8,2022-03-01,2027-12-31,2028-12-31,2026-01-01,12,0.0,0
PAIM-618104,plan 2021-22 on EPC mode under NHO. (MoRTH) (618104),Infrastructure & Highways,Ministry of Railways,618104,Telangana,2706.01,2706.01,1401.54,51.8,2022-03-01,2026-12-31,2029-12-31,2026-01-01,0,0.0,0
PAIM-618105,Telangana on EPC mode. (MoRTH) (618105),Infrastructure & Highways,Ministry of Railways,618105,Telangana,4368.51,4368.51,3112.54,71.2,2022-03-01,2027-12-31,2027-12-31,2026-01-01,6,0.0,0
PAIM-618106,2021-22-75 (MoRTH) (618106),Infrastructure & Highways,Ministry of Railways,618106,Telangana,3115.43,3115.43,588.94,18.9,2024-03-01,2026-12-31,2027-12-31,2026-01-01,24,0.0,0
PAIM-618132,state of Telangana (MoRTH) (618132),Infrastructure & Highways,Ministry of Railways,618132,Telangana,753.77,753.77,77.57,10.3,2024-03-01,2028-12-31,2028-12-31,2026-01-01,24,0.0,0
PAIM-618141,Telangana on EPC Mode (MoRTH) (618141),Infrastructure & Highways,Ministry of Railways,618141,Telangana,877.8,877.8,577.61,65.8,2022-03-01,2026-12-31,2028-12-31,2026-01-01,12,0.0,0
PAIM-618142,Thirumanlagiri-- Suryapet Section of NH-365B earstwhile section of SH-16 (MoRTH) (618142),Infrastructure & Highways,Ministry of Railways,618142,Telangana,1049.36,1049.36,760.34,72.5,2021-03-01,2026-12-31,2027-12-31,2026-01-01,0,0.0,0
PAIM-618143,Plan 2016-17 (MoRTH) (618143),Infrastructure & Highways,Ministry of Railways,618143,Telangana,4289.95,4289.95,1519.12,35.4,2021-03-01,2027-12-31,2028-12-31,2026-01-01,18,0.0,0
PAIM-618186,"Telangana on Engineering, Procurement and Construction EPC Basis (MoRTH) (618186)",Infrastructure & Highways,Ministry of Railways,618186,Telangana,4304.44,4304.44,996.78,23.2,2022-03-01,2026-12-31,2027-12-31,2026-01-01,0,0.0,0
PAIM-618190,22 on EPC Mode under NH  O. (MoRTH) (618190),Infrastructure & Highways,Ministry of Railways,618190,Telangana,3525.72,3525.72,2595.05,73.6,2021-03-01,2028-12-31,2027-12-31,2026-01-01,18,0.0,0
PAIM-618196,2021-22 on EPC mode (MoRTH) (618196),Infrastructure & Highways,Ministry of Railways,618196,Telangana,457.95,457.95,120.76,26.4,2022-03-01,2026-12-31,2029-12-31,2026-01-01,6,0.0,0
PAIM-618197,EPC mode (MoRTH) (618197),Infrastructure & Highways,Ministry of Railways,618197,Telangana,1122.58,1122.58,624.26,55.6,2021-03-01,2028-12-31,2028-12-31,2026-01-01,12,0.0,0
PAIM-618558,471.00 of NH-44 (National Highways Authority of India [NHAI]) (618558),Infrastructure & Highways,Ministry of Railways,618558,Telangana,2441.0,2441.0,2035.65,83.4,2023-03-01,2026-12-31,2028-12-31,2026-01-01,6,0.0,0
PAIM-618559,481.331 of NH-44 (National Highways Authority of India [NHAI]) (618559),Infrastructure & Highways,Ministry of Railways,618559,Telangana,250.32,250.32,29.25,11.7,2022-03-01,2028-12-31,2028-12-31,2026-01-01,36,0.0,0
PAIM-618560,NH-44 (National Highways Authority of India [NHAI]) (618560),Infrastructure & Highways,Ministry of Railways,618560,Telangana,1274.32,1274.32,180.25,14.1,2024-03-01,2027-12-31,2027-12-31,2026-01-01,6,0.0,0
PAIM-618746,village to Somavaram village Design Chainage 0000 to 33604] (National Highways Authority of India [NHAI]) (618746),Infrastructure & Highways,Ministry of Railways,618746,Telangana,1171.95,1171.95,448.68,38.3,2023-03-01,2028-12-31,2027-12-31,2026-01-01,6,0.0,0
PAIM-618765,4L of Karimnagar-Warangal section from km 49.500 to km 117.820 of NH-563 (National Highways Authority of India [NHAI]) (,Infrastructure & Highways,Ministry of Railways,618765,Telangana,1368.17,1368.17,512.74,37.5,2024-03-01,2026-12-31,2028-12-31,2026-01-01,18,0.0,0
PAIM-618945,31.800/Existing Km 29.400 of NH-365A (National Highways Authority of India [NHAI]) (618945),Infrastructure & Highways,Ministry of Railways,618945,Telangana,882.21,882.21,348.42,39.5,2021-03-01,2027-12-31,2028-12-31,2026-01-01,24,0.0,0
PAIM-619128,village to Chintagudem village Design Chainage 33604 to 63117] (National Highways Authority of India [NHAI]) (619128),Infrastructure & Highways,Ministry of Railways,619128,Telangana,1241.67,1241.67,599.4,48.3,2022-03-01,2027-12-31,2029-12-31,2026-01-01,36,0.0,0
PAIM-617957,of Uttar Pradesh. (MoRTH) (617957),Infrastructure & Highways,Ministry of Railways,617957,Uttar Pradesh,3935.07,3935.07,1068.88,27.2,2022-03-01,2028-12-31,2027-12-31,2026-01-01,6,0.0,0
PAIM-617963,92 under EPC mode in the State of Uttar Pradesh (MoRTH) (617963),Infrastructure & Highways,Ministry of Railways,617963,Uttar Pradesh,4316.34,4316.34,740.76,17.2,2024-03-01,2027-12-31,2027-12-31,2026-01-01,18,0.0,0
PAIM-617964,EPC mode in the state of Uttar Pradesh. (MoRTH) (617964),Infrastructure & Highways,Ministry of Railways,617964,Uttar Pradesh,2190.1,2190.1,1848.51,84.4,2022-03-01,2026-12-31,2028-12-31,2026-01-01,36,0.0,0
PAIM-618008,EPC mode (MoRTH) (618008),Infrastructure & Highways,Ministry of Railways,618008,Uttar Pradesh,3059.77,3059.77,2512.89,82.1,2023-03-01,2028-12-31,2028-12-31,2026-01-01,6,0.0,0
PAIM-618009,24B Phase-1 on EPC mode. (MoRTH) (618009),Infrastructure & Highways,Ministry of Railways,618009,Uttar Pradesh,736.33,736.33,272.04,36.9,2021-03-01,2028-12-31,2029-12-31,2026-01-01,24,0.0,0
PAIM-618054,km.223.000 of NH-330 to km.328.300 of NH-730 under EPC mode (MoRTH) (618054),Infrastructure & Highways,Ministry of Railways,618054,Uttar Pradesh,3601.17,3601.17,1355.77,37.6,2023-03-01,2026-12-31,2029-12-31,2026-01-01,12,0.0,0
PAIM-618055,mode in the State of Uttar Pradesh. (MoRTH) (618055),Infrastructure & Highways,Ministry of Railways,618055,Uttar Pradesh,855.1,855.1,538.07,62.9,2023-03-01,2027-12-31,2029-12-31,2026-01-01,24,0.0,0
PAIM-618056,Uttar Pradesh EPC basis (MoRTH) (618056),Infrastructure & Highways,Ministry of Railways,618056,Uttar Pradesh,1315.11,1315.11,1031.75,78.5,2024-03-01,2028-12-31,2028-12-31,2026-01-01,18,0.0,0
PAIM-618057,Pradesh (MoRTH) (618057),Infrastructure & Highways,Ministry of Railways,618057,Uttar Pradesh,773.68,773.68,556.7,72.0,2021-03-01,2028-12-31,2029-12-31,2026-01-01,36,0.0,0
PAIM-618063,km.40.00 of NH-91-A on EPC mode (MoRTH) (618063),Infrastructure & Highways,Ministry of Railways,618063,Uttar Pradesh,850.77,850.77,680.48,80.0,2022-03-01,2026-12-31,2027-12-31,2026-01-01,12,0.0,0
PAIM-618066,state of Uttar Pradesh (MoRTH) (618066),Infrastructure & Highways,Ministry of Railways,618066,Uttar Pradesh,578.65,578.65,102.05,17.6,2024-03-01,2026-12-31,2028-12-31,2026-01-01,0,0.0,0
PAIM-618075,design km. 0.000 to km. 54.048 of NH-124D (MoRTH) (618075),Infrastructure & Highways,Ministry of Railways,618075,Uttar Pradesh,2295.94,2295.94,604.84,26.3,2021-03-01,2027-12-31,2029-12-31,2026-01-01,18,0.0,0
PAIM-618081,53.540 to Km.59.200 of NH-135A on EPC mode in the state of Uttar Pradesh (MoRTH) (618081),Infrastructure & Highways,Ministry of Railways,618081,Uttar Pradesh,4015.29,4015.29,1008.35,25.1,2021-03-01,2027-12-31,2029-12-31,2026-01-01,18,0.0,0
PAIM-618082,km.73.134 Jaunpur of NH-135A on EPC mode (MoRTH) (618082),Infrastructure & Highways,Ministry of Railways,618082,Uttar Pradesh,2030.31,2030.31,1158.18,57.0,2022-03-01,2028-12-31,2027-12-31,2026-01-01,0,0.0,0
PAIM-618110,to near Sikriganj in the State of UP on EPC Mode. (MoRTH) (618110),Infrastructure & Highways,Ministry of Railways,618110,Uttar Pradesh,4119.66,4119.66,2013.93,48.9,2022-03-01,2026-12-31,2027-12-31,2026-01-01,0,0.0,0
PAIM-618111,Barhalganj in the State of UP on EPC Mode. (MoRTH) (618111),Infrastructure & Highways,Ministry of Railways,618111,Uttar Pradesh,3824.7,3824.7,2923.58,76.4,2023-03-01,2027-12-31,2028-12-31,2026-01-01,24,0.0,0
PAIM-618112,in the State of Uttar Pradesh on EPC basis (MoRTH) (618112),Infrastructure & Highways,Ministry of Railways,618112,Uttar Pradesh,3690.03,3690.03,1295.61,35.1,2022-03-01,2027-12-31,2027-12-31,2026-01-01,18,0.0,0
PAIM-618113,basis. (MoRTH) (618113),Infrastructure & Highways,Ministry of Railways,618113,Uttar Pradesh,855.27,855.27,693.71,81.1,2022-03-01,2027-12-31,2027-12-31,2026-01-01,12,0.0,0
PAIM-618124,State of Uttar Pradesh (MoRTH) (618124),Infrastructure & Highways,Ministry of Railways,618124,Uttar Pradesh,2880.83,2880.83,917.6,31.9,2022-03-01,2027-12-31,2029-12-31,2026-01-01,24,0.0,0
PAIM-618163,"on Engineering, Procurement & Construction EPC Basis. (MoRTH) (618163)",Infrastructure & Highways,Ministry of Railways,618163,Uttar Pradesh,975.65,975.65,156.28,16.0,2022-03-01,2027-12-31,2028-12-31,2026-01-01,6,0.0,0
PAIM-618164,of NH-731A i/c Yamuna Bridge on HAM in the state of Uttar Pradesh. (MoRTH) (618164),Infrastructure & Highways,Ministry of Railways,618164,Uttar Pradesh,1410.2,1410.2,1089.34,77.2,2021-03-01,2028-12-31,2028-12-31,2026-01-01,0,0.0,0
PAIM-618165,NH-731A on Hybrid Annuity Mode in the state of Uttar Pradesh (MoRTH) (618165),Infrastructure & Highways,Ministry of Railways,618165,Uttar Pradesh,829.45,829.45,429.73,51.8,2023-03-01,2026-12-31,2027-12-31,2026-01-01,24,0.0,0
PAIM-618166,731A with paved shoulders on Hybrid Annuity Mode in the state of Uttar Pradesh (MoRTH) (618166),Infrastructure & Highways,Ministry of Railways,618166,Uttar Pradesh,309.84,309.84,46.5,15.0,2023-03-01,2027-12-31,2028-12-31,2026-01-01,12,0.0,0
PAIM-618167,paved shoulder under EPC mode (MoRTH) (618167),Infrastructure & Highways,Ministry of Railways,618167,Uttar Pradesh,852.96,852.96,674.76,79.1,2022-03-01,2028-12-31,2028-12-31,2026-01-01,18,0.0,0
PAIM-618168,NH-731B on EPC mode in the state of Uttar Pradesh (MoRTH) (618168),Infrastructure & Highways,Ministry of Railways,618168,Uttar Pradesh,3705.88,3705.88,577.51,15.6,2021-03-01,2027-12-31,2028-12-31,2026-01-01,36,0.0,0
PAIM-618169,Ch.49.2OO of NH-731B on EPC Mode (MoRTH) (618169),Infrastructure & Highways,Ministry of Railways,618169,Uttar Pradesh,3436.16,3436.16,1181.63,34.4,2023-03-01,2026-12-31,2027-12-31,2026-01-01,24,0.0,0
PAIM-618229,assistance of world Bank on EPC mode. (MoRTH) (618229),Infrastructure & Highways,Ministry of Railways,618229,Uttar Pradesh,1400.03,1400.03,229.99,16.4,2021-03-01,2026-12-31,2028-12-31,2026-01-01,12,0.0,0
PAIM-618233,Allahabad on EPC mode (MoRTH) (618233),Infrastructure & Highways,Ministry of Railways,618233,Uttar Pradesh,3618.86,3618.86,1676.05,46.3,2024-03-01,2027-12-31,2029-12-31,2026-01-01,36,0.0,0
PAIM-618240,assistance of world Bank on EPC mode. (MoRTH) (618240),Infrastructure & Highways,Ministry of Railways,618240,Uttar Pradesh,413.22,413.22,130.99,31.7,2022-03-01,2028-12-31,2027-12-31,2026-01-01,6,0.0,0
PAIM-618243,state of Uttar Pradesh on HAM mode (MoRTH) (618243),Infrastructure & Highways,Ministry of Railways,618243,Uttar Pradesh,371.21,371.21,249.43,67.2,2022-03-01,2027-12-31,2027-12-31,2026-01-01,6,0.0,0
PAIM-618244,Raebareli City in the state of Uttar Pradesh on Hybrid Annuity Model HAM basis (MoRTH) (618244),Infrastructure & Highways,Ministry of Railways,618244,Uttar Pradesh,3842.76,3842.76,2510.99,65.3,2022-03-01,2026-12-31,2028-12-31,2026-01-01,12,0.0,0
PAIM-618249,Akbarpur section on Hybrid Annuity Mode in the state of Uttar Pradesh (MoRTH) (618249),Infrastructure & Highways,Ministry of Railways,618249,Uttar Pradesh,730.21,730.21,592.2,81.1,2024-03-01,2028-12-31,2028-12-31,2026-01-01,6,0.0,0
PAIM-618252,the state of Uttar Pradesh on Hybrid Annuity Model HAM basis (MoRTH) (618252),Infrastructure & Highways,Ministry of Railways,618252,Uttar Pradesh,4012.37,4012.37,1595.73,39.8,2024-03-01,2026-12-31,2028-12-31,2026-01-01,12,0.0,0
PAIM-618263,Uttar Pradesh (MoRTH) (618263),Infrastructure & Highways,Ministry of Railways,618263,Uttar Pradesh,1000.89,1000.89,769.3,76.9,2021-03-01,2026-12-31,2029-12-31,2026-01-01,0,0.0,0
PAIM-618265,the loan assistance of world Bank on EPC mode. (MoRTH) (618265),Infrastructure & Highways,Ministry of Railways,618265,Uttar Pradesh,3250.01,3250.01,345.64,10.6,2023-03-01,2026-12-31,2029-12-31,2026-01-01,12,0.0,0
PAIM-618266,assistance of world Bank on EPC mode. (MoRTH) (618266),Infrastructure & Highways,Ministry of Railways,618266,Uttar Pradesh,3127.28,3127.28,1478.33,47.3,2021-03-01,2027-12-31,2028-12-31,2026-01-01,18,0.0,0
PAIM-618498,6L Greenfield Kanpur - Lucknow Expressway Pkg II from km. 28.500 to km. 73.744 (National Highways Authority of India [NH,Infrastructure & Highways,Ministry of Railways,618498,Uttar Pradesh,4255.78,4255.78,1339.58,31.5,2023-03-01,2027-12-31,2029-12-31,2026-01-01,18,0.0,0
PAIM-618499,6L Elevated Kanpur - Lucknow Exeressway Pkg-1 from Km. 10980 to Km. 28500 (National Highways Authority of India [NHAI]) ,Infrastructure & Highways,Ministry of Railways,618499,Uttar Pradesh,606.97,606.97,165.89,27.3,2021-03-01,2026-12-31,2027-12-31,2026-01-01,0,0.0,0
PAIM-618500,Km 8.520 of NH-235 Pkg-5 (National Highways Authority of India [NHAI]) (618500),Infrastructure & Highways,Ministry of Railways,618500,Uttar Pradesh,3963.11,3963.11,1999.03,50.4,2022-03-01,2026-12-31,2028-12-31,2026-01-01,18,0.0,0
PAIM-618529,Revasa Village km 818.80 / NH-2 (National Highways Authority of India [NHAI]) (618529),Infrastructure & Highways,Ministry of Railways,618529,Uttar Pradesh,1895.99,1895.99,1515.08,79.9,2021-03-01,2028-12-31,2029-12-31,2026-01-01,24,0.0,0
PAIM-618537,Sachendi I to Maharajpur Package-I (National Highways Authority of India [NHAI]) (618537),Infrastructure & Highways,Ministry of Railways,618537,Uttar Pradesh,431.21,431.21,269.74,62.6,2024-03-01,2026-12-31,2028-12-31,2026-01-01,18,0.0,0
PAIM-618553,141.000 of Yamuna Expressways (National Highways Authority of India [NHAI]) (618553),Infrastructure & Highways,Ministry of Railways,618553,Uttar Pradesh,940.18,940.18,718.23,76.4,2024-03-01,2026-12-31,2029-12-31,2026-01-01,18,0.0,0
PAIM-618554,NH-44 village Bad from Km. 0.000 to Km. 7.772 (National Highways Authority of India [NHAI]) (618554),Infrastructure & Highways,Ministry of Railways,618554,Uttar Pradesh,2661.38,2661.38,412.87,15.5,2021-03-01,2026-12-31,2029-12-31,2026-01-01,12,0.0,0
PAIM-618565,Km. 144020 of NH 28 New NH 27Pkg-3 (NHAI) (618565),Infrastructure & Highways,Ministry of Railways,618565,Uttar Pradesh,4463.62,4463.62,532.14,11.9,2021-03-01,2028-12-31,2028-12-31,2026-01-01,6,0.0,0
PAIM-618566,29E Chainage 83.308 and end at NH-28 Chainage 285.100 (National Highways Authority of India [NHAI]) (618566),Infrastructure & Highways,Ministry of Railways,618566,Uttar Pradesh,3517.43,3517.43,2881.71,81.9,2021-03-01,2028-12-31,2027-12-31,2026-01-01,6,0.0,0
PAIM-618689,4L Rampur Bypass from Km. 181.000 to Km. 189.500 (National Highways Authority of India [NHAI]) (618689),Infrastructure & Highways,Ministry of Railways,618689,Uttar Pradesh,971.63,971.63,620.22,63.8,2022-03-01,2026-12-31,2027-12-31,2026-01-01,6,0.0,0
PAIM-618710,DL/UP Border - EPE Crossing Pkg-02 (National Highways Authority of India [NHAI]) (618710),Infrastructure & Highways,Ministry of Railways,618710,Uttar Pradesh,2997.93,2997.93,1436.61,47.9,2021-03-01,2026-12-31,2028-12-31,2026-01-01,24,0.0,0
PAIM-618722,to km 45.500 (National Highways Authority of India [NHAI]) (618722),Infrastructure & Highways,Ministry of Railways,618722,Uttar Pradesh,2988.94,2988.94,626.94,21.0,2021-03-01,2026-12-31,2028-12-31,2026-01-01,12,0.0,0
PAIM-618761,bypassing Meerut Town of NH 709 A (National Highways Authority of India [NHAI]) (618761),Infrastructure & Highways,Ministry of Railways,618761,Uttar Pradesh,3465.09,3465.09,509.53,14.7,2024-03-01,2027-12-31,2028-12-31,2026-01-01,24,0.0,0
PAIM-618770,and NH-709A Karnal  Meerut bypassing Shamli district UP (National Highways Authority of India [NHAI]) (618770),Infrastructure & Highways,Ministry of Railways,618770,Uttar Pradesh,2409.39,2409.39,499.03,20.7,2023-03-01,2027-12-31,2027-12-31,2026-01-01,12,0.0,0
PAIM-618798,4L of Sonauli - Gorakhpur (National Highways Authority of India [NHAI]) (618798),Infrastructure & Highways,Ministry of Railways,618798,Uttar Pradesh,3860.97,3860.97,1699.52,44.0,2021-03-01,2027-12-31,2028-12-31,2026-01-01,18,0.0,0
PAIM-618854,2L PS of Raebareli - Jagdishpur with 4L Jagdishpur Bypass Spur (National Highways Authority of India [NHAI]) (618854),Infrastructure & Highways,Ministry of Railways,618854,Uttar Pradesh,3882.57,3882.57,1147.71,29.6,2022-03-01,2027-12-31,2028-12-31,2026-01-01,12,0.0,0
PAIM-618855,"88.750, start of Khutar bypass to start of Shahjahanpur bypass of NH 731Pkg-I (National Highways Authority of India [NHA",Infrastructure & Highways,Ministry of Railways,618855,Uttar Pradesh,411.07,411.07,182.39,44.4,2021-03-01,2026-12-31,2027-12-31,2026-01-01,12,0.0,0
PAIM-618856,"175.080, from Start of Shahabad Bypass to End of Hardoi bypass of NH 731 Pkg-2B (National Highways Authority of India [N",Infrastructure & Highways,Ministry of Railways,618856,Uttar Pradesh,2132.77,2132.77,398.7,18.7,2023-03-01,2027-12-31,2027-12-31,2026-01-01,18,0.0,0
PAIM-618859,"260.800, End of Hardoi District to Lucknow Ring road of NH 731 Pkg-4 (National Highways Authority of India [NHAI]) (6188",Infrastructure & Highways,Ministry of Railways,618859,Uttar Pradesh,1380.81,1380.81,809.25,58.6,2023-03-01,2026-12-31,2027-12-31,2026-01-01,36,0.0,0
PAIM-618864,32.982 of NH-530B Pkg-IB (National Highways Authority of India [NHAI]) (618864),Infrastructure & Highways,Ministry of Railways,618864,Uttar Pradesh,488.45,488.45,262.19,53.7,2022-03-01,2027-12-31,2027-12-31,2026-01-01,24,0.0,0
PAIM-618865,530B Pkg-1C. (National Highways Authority of India [NHAI]) (618865),Infrastructure & Highways,Ministry of Railways,618865,Uttar Pradesh,1423.58,1423.58,1090.0,76.6,2024-03-01,2028-12-31,2029-12-31,2026-01-01,12,0.0,0
PAIM-618883,42.500] on EPC Mode in the state of Uttar Pradesh. (National Highways Authority of India [NHAI]) (618883),Infrastructure & Highways,Ministry of Railways,618883,Uttar Pradesh,2709.78,2709.78,2263.74,83.5,2023-03-01,2026-12-31,2028-12-31,2026-01-01,6,0.0,0
PAIM-618884,78.150] on EPC Mode in the state of Uttar Pradesh. (National Highways Authority of India [NHAI]) (618884),Infrastructure & Highways,Ministry of Railways,618884,Uttar Pradesh,3349.27,3349.27,2640.75,78.8,2023-03-01,2027-12-31,2028-12-31,2026-01-01,6,0.0,0
PAIM-618885,EPC Mode in the state of Uttar Pradesh. (National Highways Authority of India [NHAI]) (618885),Infrastructure & Highways,Ministry of Railways,618885,Uttar Pradesh,286.94,286.94,231.06,80.5,2021-03-01,2028-12-31,2027-12-31,2026-01-01,18,0.0,0
PAIM-618911,13.700 connecting NH-24 to NH-87 bypassing rampur town (National Highways Authority of India [NHAI]) (618911),Infrastructure & Highways,Ministry of Railways,618911,Uttar Pradesh,3717.48,3717.48,2153.81,57.9,2024-03-01,2028-12-31,2028-12-31,2026-01-01,24,0.0,0
PAIM-618925,Bijnor-Kotawali (National Highways Authority of India [NHAI]) (618925),Infrastructure & Highways,Ministry of Railways,618925,Uttar Pradesh,2929.91,2929.91,2450.91,83.7,2024-03-01,2026-12-31,2029-12-31,2026-01-01,18,0.0,0
PAIM-618959,NH-19 (National Highways Authority of India [NHAI]) (618959),Infrastructure & Highways,Ministry of Railways,618959,Uttar Pradesh,4098.24,4098.24,1029.53,25.1,2024-03-01,2028-12-31,2027-12-31,2026-01-01,6,0.0,0
PAIM-618960,43.200 - 50.860 (National Highways Authority of India [NHAI]) (618960),Infrastructure & Highways,Ministry of Railways,618960,Uttar Pradesh,362.87,362.87,284.21,78.3,2021-03-01,2027-12-31,2029-12-31,2026-01-01,0,0.0,0
PAIM-618968,Bypass  from Km. 82.000 to Km. 119.790 Pkg-4 (National Highways Authority of India [NHAI]) (618968),Infrastructure & Highways,Ministry of Railways,618968,Uttar Pradesh,3835.97,3835.97,485.13,12.6,2022-03-01,2028-12-31,2029-12-31,2026-01-01,24,0.0,0
PAIM-618970,Km. 27.000 to Km. 56.500 Pkg-2 (National Highways Authority of India [NHAI]) (618970),Infrastructure & Highways,Ministry of Railways,618970,Uttar Pradesh,2199.73,2199.73,833.29,37.9,2022-03-01,2027-12-31,2028-12-31,2026-01-01,0,0.0,0
PAIM-619162,74 Bypass of NH-119 (National Highways Authority of India [NHAI]) (619162),Infrastructure & Highways,Ministry of Railways,619162,Uttar Pradesh,3930.14,3930.14,799.06,20.3,2022-03-01,2026-12-31,2028-12-31,2026-01-01,12,0.0,0
PAIM-619168,Lohadda from Km. 0.000  to Km. 27.000 Pkg-1 (National Highways Authority of India [NHAI]) (619168),Infrastructure & Highways,Ministry of Railways,619168,Uttar Pradesh,1945.38,1945.38,1469.11,75.5,2023-03-01,2028-12-31,2028-12-31,2026-01-01,24,0.0,0
PAIM-617929,Km 47.700 existing Km 33.130 to Km 41.260 of NH-109 in the State of Uttarakhand (MoRTH) (617929),Infrastructure & Highways,Ministry of Railways,617929,Multi-State,3058.17,3058.17,1168.28,38.2,2023-03-01,2026-12-31,2028-12-31,2026-01-01,24,0.0,0
PAIM-617968,to Sitapur on NH 109 in UK (MoRTH) (617968),Infrastructure & Highways,Ministry of Railways,617968,Multi-State,3778.0,3778.0,877.14,23.2,2021-03-01,2027-12-31,2029-12-31,2026-01-01,18,0.0,0
PAIM-617970,92.880 of NH- (MoRTH) (617970),Infrastructure & Highways,Ministry of Railways,617970,Multi-State,3537.88,3537.88,1257.27,35.5,2024-03-01,2027-12-31,2029-12-31,2026-01-01,24,0.0,0
PAIM-617975,Uttarakhand (MoRTH) (617975),Infrastructure & Highways,Ministry of Railways,617975,Multi-State,2320.23,2320.23,694.04,29.9,2024-03-01,2027-12-31,2029-12-31,2026-01-01,24,0.0,0
PAIM-618390,along NH-134 Old NH-94 on EPC mode (NHIDCL) (618390),Infrastructure & Highways,Ministry of Railways,618390,Multi-State,1967.02,1967.02,1580.81,80.4,2021-03-01,2028-12-31,2028-12-31,2026-01-01,0,0.0,0
PAIM-618391,01 No. Bridge from Ch. 450.00 to Ch. 468.00 18 Km. Length on NH-07 Package-III (NHIDCL) (618391),Infrastructure & Highways,Ministry of Railways,618391,Multi-State,2077.23,2077.23,924.14,44.5,2024-03-01,2026-12-31,2027-12-31,2026-01-01,6,0.0,0
PAIM-618392,state of Uttarakhand Package-2 (NHIDCL) (618392),Infrastructure & Highways,Ministry of Railways,618392,Multi-State,2873.55,2873.55,1206.03,42.0,2023-03-01,2027-12-31,2028-12-31,2026-01-01,0,0.0,0
PAIM-618393,EPC Mode in Uttarakhand Package-1 (NHIDCL) (618393),Infrastructure & Highways,Ministry of Railways,618393,Multi-State,836.53,836.53,462.85,55.3,2022-03-01,2028-12-31,2028-12-31,2026-01-01,24,0.0,0
PAIM-619155,15.100 Km 5.100 of NH 74 PKg-1 (National Highways Authority of India [NHAI]) (619155),Infrastructure & Highways,Ministry of Railways,619155,Multi-State,2900.25,2900.25,1651.08,56.9,2023-03-01,2026-12-31,2028-12-31,2026-01-01,24,0.0,0
PAIM-617960,Km 46.550 to Km 59.697 in the district of Malda. (MoRTH) (617960),Infrastructure & Highways,Ministry of Railways,617960,West Bengal,3280.64,3280.64,2213.46,67.5,2022-03-01,2026-12-31,2027-12-31,2026-01-01,36,0.0,0
PAIM-618227,EPC mode-reg. (MoRTH) (618227),Infrastructure & Highways,Ministry of Railways,618227,West Bengal,1371.09,1371.09,221.45,16.2,2021-03-01,2027-12-31,2027-12-31,2026-01-01,18,0.0,0
PAIM-618427,NH717-A on EPC under SARDP-NE A in state of West Bengal Pkg-VA (NHIDCL) (618427),Infrastructure & Highways,Ministry of Railways,618427,West Bengal,3373.3,3373.3,990.17,29.4,2024-03-01,2028-12-31,2029-12-31,2026-01-01,36,0.0,0
PAIM-618429,to Gangtok Lava More-Reshi Border  Pkg-VB (NHIDCL) (618429),Infrastructure & Highways,Ministry of Railways,618429,West Bengal,3921.85,3921.85,3096.37,79.0,2022-03-01,2028-12-31,2028-12-31,2026-01-01,24,0.0,0
PAIM-618430,Mode under Phase-A of SARDP-NE in the State of West Bengal PKG- IVA (NHIDCL) (618430),Infrastructure & Highways,Ministry of Railways,618430,West Bengal,1267.18,1267.18,955.88,75.4,2022-03-01,2026-12-31,2028-12-31,2026-01-01,12,0.0,0
PAIM-618431,Mode under Phase-A of SARDP-NE in the State of West Bengal PKG- IVB (NHIDCL) (618431),Infrastructure & Highways,Ministry of Railways,618431,West Bengal,3802.18,3802.18,449.36,11.8,2022-03-01,2026-12-31,2027-12-31,2026-01-01,18,0.0,0
PAIM-618825,Farakka-Raiganj (National Highways Authority of India [NHAI]) (618825),Infrastructure & Highways,Ministry of Railways,618825,West Bengal,1510.79,1510.79,966.73,64.0,2022-03-01,2027-12-31,2028-12-31,2026-01-01,12,0.0,0
PAIM-618910,4L of Purulia Bypass section from Km 84.030 to Km 94.345 of NH-32 (National Highways Authority of India [NHAI]) (618910),Infrastructure & Highways,Ministry of Railways,618910,West Bengal,4100.77,4100.77,2013.52,49.1,2022-03-01,2026-12-31,2029-12-31,2026-01-01,6,0.0,0
PAIM-709859,OF COMMUNICATION FINANCE [NICF] AT GHITORNI (National Communication Academy - Finance (Erstwhile NICF)) (709859),Infrastructure & Highways,Ministry of Railways,709859,Delhi,3734.9,3734.9,1904.82,51.0,2022-03-01,2027-12-31,2028-12-31,2026-01-01,6,0.0,0
PAIM-617413,Upgradation (Department of Telecommunications [DoT]) (617413),Infrastructure & Highways,Ministry of Railways,617413,Maharashtra,313.21,313.21,175.24,55.9,2024-03-01,2027-12-31,2027-12-31,2026-01-01,12,0.0,0
PAIM-701599,Mobile connectivity in Left Wing Extremism [LWE] affected areas-Phase2 (Department of Telecommunications [DoT]) (701599),Infrastructure & Highways,Ministry of Railways,701599,Maharashtra,2668.85,2668.85,1806.34,67.7,2023-03-01,2026-12-31,2027-12-31,2026-01-01,24,0.0,0
PAIM-701602,Odisha (Department of Telecommunications [DoT]) (701602),Infrastructure & Highways,Ministry of Railways,701602,Maharashtra,3052.5,3052.5,1850.39,60.6,2024-03-01,2027-12-31,2027-12-31,2026-01-01,18,0.0,0
PAIM-701600,354 Uncovered Villages Scheme (Department of Telecommunications [DoT]) (701600),Infrastructure & Highways,Ministry of Railways,701600,Gujarat,2486.44,2486.44,1992.56,80.1,2022-03-01,2027-12-31,2029-12-31,2026-01-01,12,0.0,0
PAIM-704495,and Uttar Pradesh (Department of Telecommunications [DoT]) (704495),Infrastructure & Highways,Ministry of Railways,704495,Uttar Pradesh,4064.48,4064.48,909.46,22.4,2021-03-01,2026-12-31,2027-12-31,2026-01-01,0,0.0,0
PAIM-709749,DATA CENTERS WITH STATE OF THE ART (BSNL) (709749),Infrastructure & Highways,Ministry of Railways,709749,Maharashtra,2473.83,2473.83,271.65,11.0,2024-03-01,2026-12-31,2027-12-31,2026-01-01,36,0.0,0
PAIM-400013,Saturation 4G mobile coverage of Uncovered Villages through USOF (Department of Telecommunications [DoT]) (400013),Infrastructure & Highways,Ministry of Railways,400013,Telangana,3476.34,3476.34,855.58,24.6,2023-03-01,2026-12-31,2028-12-31,2026-01-01,0,0.0,0
PAIM-701593,4G Services by BSNL (Department of Telecommunications [DoT]) (701593),Infrastructure & Highways,Ministry of Railways,701593,Multi-State,2780.62,2780.62,2025.12,72.8,2022-03-01,2026-12-31,2028-12-31,2026-01-01,24,0.0,0
PAIM-706775,BharatNet (Department of Telecommunications [DoT]) (706775),Infrastructure & Highways,Ministry of Railways,706775,Multi-State,3444.08,3444.08,806.69,23.4,2023-03-01,2026-12-31,2027-12-31,2026-01-01,12,0.0,0
PAIM-709856,ALONG WITH TEST AND MEASURING EQUIPMENT (BSNL) (709856),Infrastructure & Highways,Ministry of Railways,709856,Multi-State,3667.05,3667.05,889.64,24.3,2021-03-01,2027-12-31,2028-12-31,2026-01-01,36,0.0,0
PAIM-709857,including Mumbai & Delhi LSA on turnkey basis under Phase IX.2 Project. (BSNL) (709857),Infrastructure & Highways,Ministry of Railways,709857,Delhi,2241.79,2241.79,1484.65,66.2,2022-03-01,2028-12-31,2027-12-31,2026-01-01,36,0.0,0
PAIM-616600,PPP mode-Namami Gange Programme (National Mission for Clean Ganga) (616600),Infrastructure & Highways,Ministry of Railways,616600,Bihar,4100.45,4100.45,2101.52,51.3,2021-03-01,2027-12-31,2028-12-31,2026-01-01,18,0.0,0
PAIM-616611,under Hybrid annuity based PPP mode-Namami Gange Programme (National Mission for Clean Ganga) (616611),Infrastructure & Highways,Ministry of Railways,616611,Bihar,836.14,836.14,640.17,76.6,2021-03-01,2027-12-31,2029-12-31,2026-01-01,24,0.0,0
PAIM-616612,Patna under Hybrid annuity based PPP mode-Namami Gange Programme (National Mission for Clean Ganga) (616612),Infrastructure & Highways,Ministry of Railways,616612,Bihar,1659.67,1659.67,1258.52,75.8,2021-03-01,2026-12-31,2027-12-31,2026-01-01,6,0.0,0
PAIM-616615,"Sewer Network, SPS and STP at Begusarai (National Mission for Clean Ganga) (616615)",Infrastructure & Highways,Ministry of Railways,616615,Bihar,4061.0,4061.0,2686.0,66.1,2024-03-01,2026-12-31,2028-12-31,2026-01-01,24,0.0,0
PAIM-616616,"Sewer Networks, SPS and STP at Hajipur (National Mission for Clean Ganga) (616616)",Infrastructure & Highways,Ministry of Railways,616616,Bihar,3333.74,3333.74,1538.39,46.1,2024-03-01,2028-12-31,2027-12-31,2026-01-01,0,0.0,0
PAIM-616594,annuity based PPP model-Namami Gange Programme (National Mission for Clean Ganga) (616594),Infrastructure & Highways,Ministry of Railways,616594,Uttar Pradesh,473.05,473.05,100.71,21.3,2023-03-01,2026-12-31,2027-12-31,2026-01-01,36,0.0,0
PAIM-616605,Interception & Diversion with STP (National Mission for Clean Ganga) (616605),Infrastructure & Highways,Ministry of Railways,616605,Uttar Pradesh,3013.88,3013.88,604.91,20.1,2024-03-01,2026-12-31,2028-12-31,2026-01-01,12,0.0,0
PAIM-616604,Interception & Diversion with STP (National Mission for Clean Ganga) (616604),Infrastructure & Highways,Ministry of Railways,616604,West Bengal,210.12,210.12,140.92,67.1,2024-03-01,2027-12-31,2027-12-31,2026-01-01,24,0.0,0
PAIM-400100,Sardar Gouthu Latchanna Thotapalli Barrage Project (Water Resources-AP) (400100),Infrastructure & Highways,Ministry of Railways,400100,West Bengal,3814.9,3814.9,1609.72,42.2,2024-03-01,2028-12-31,2027-12-31,2026-01-01,24,0.0,0
PAIM-400101,Gundlakamma project (Water Resources-AP) (400101),Infrastructure & Highways,Ministry of Railways,400101,Andhra Pradesh,2511.35,2511.35,503.28,20.0,2023-03-01,2028-12-31,2028-12-31,2026-01-01,12,0.0,0
PAIM-701415,Polavaram Irrigation Project (Water Resources-AP) (701415),Infrastructure & Highways,Ministry of Railways,701415,Assam,3226.07,3226.07,1368.86,42.4,2023-03-01,2028-12-31,2029-12-31,2026-01-01,0,0.0,0
PAIM-400104,Punpun Barrage Project (Water Resources-BR) (400104),Infrastructure & Highways,Ministry of Railways,400104,Bihar,2977.12,2977.12,1207.24,40.6,2023-03-01,2028-12-31,2027-12-31,2026-01-01,36,0.0,0
PAIM-400111,Kelo Irrigation Project (Water Resources-CT) (400111),Infrastructure & Highways,Ministry of Railways,400111,Bihar,3274.79,3274.79,495.44,15.1,2024-03-01,2028-12-31,2028-12-31,2026-01-01,36,0.0,0
PAIM-701399,"Kudali Irrigation Project (Department of Water Resources, River Development & GR) (701399)",Infrastructure & Highways,Ministry of Railways,701399,Multi-State,605.27,605.27,248.38,41.0,2024-03-01,2027-12-31,2028-12-31,2026-01-01,12,0.0,0
PAIM-400097,"Sardar Sarovar CADWM Project (Narmada and Water Resources, Water Supply and Kalpsar Department-GJ) (400097)",Infrastructure & Highways,Ministry of Railways,400097,Gujarat,1781.0,1781.0,609.07,34.2,2023-03-01,2026-12-31,2029-12-31,2026-01-01,12,0.0,0
PAIM-701372,"Sardar Sarovar Project (Narmada and Water Resources, Water Supply and Kalpsar Department-GJ) (701372)",Infrastructure & Highways,Ministry of Railways,701372,Gujarat,3204.48,3204.48,2711.02,84.6,2024-03-01,2026-12-31,2028-12-31,2026-01-01,18,0.0,0
PAIM-701376,"Subernarekha   Multipurpose Project, Jharkhand (Department of Water Resources-JH) (701376)",Infrastructure & Highways,Ministry of Railways,701376,Gujarat,1547.33,1547.33,330.94,21.4,2021-03-01,2028-12-31,2027-12-31,2026-01-01,36,0.0,0
PAIM-701377,Upper Tunga Irrigation Project (Water Resources-KA) (701377),Infrastructure & Highways,Ministry of Railways,701377,Karnataka,3768.98,3768.98,1190.94,31.6,2021-03-01,2028-12-31,2028-12-31,2026-01-01,36,0.0,0
PAIM-400096,Omkareshwar CADWM Project (Water resource-mp) (400096),Infrastructure & Highways,Ministry of Railways,400096,Karnataka,2808.63,2808.63,830.94,29.6,2023-03-01,2028-12-31,2029-12-31,2026-01-01,0,0.0,0
PAIM-400115,Bargi Diversion Project Phase - IV [km. 154 to km 197] (Water Resources-MP) (400115),Infrastructure & Highways,Ministry of Railways,400115,Madhya Pradesh,4048.04,4048.04,802.46,19.8,2023-03-01,2027-12-31,2028-12-31,2026-01-01,18,0.0,0
PAIM-400116,Bargi Diversion Project Phase - III [km. 104 to km 154] (Water Resources-MP) (400116),Infrastructure & Highways,Ministry of Railways,400116,Maharashtra,3404.38,3404.38,2540.73,74.6,2024-03-01,2026-12-31,2028-12-31,2026-01-01,6,0.0,0
PAIM-400095,Gosikhurd CADWM Project (Department of water resources-MH - II) (400095),Infrastructure & Highways,Ministry of Railways,400095,Maharashtra,424.41,424.41,191.71,45.2,2021-03-01,2026-12-31,2028-12-31,2026-01-01,36,0.0,0
PAIM-400105,Urmodi Irrigation Project (Department of water resources-MH - II) (400105),Infrastructure & Highways,Ministry of Railways,400105,Maharashtra,318.17,318.17,210.29,66.1,2021-03-01,2026-12-31,2027-12-31,2026-01-01,6,0.0,0
PAIM-400107,Sulwade-Jamphal-Kanoli Lift Irrigation Scheme (Department of water resources-MH - II) (400107),Infrastructure & Highways,Ministry of Railways,400107,Maharashtra,2554.27,2554.27,1614.38,63.2,2023-03-01,2026-12-31,2029-12-31,2026-01-01,18,0.0,0
PAIM-400109,Purna Barrage-2 [Ner Dhamana] Medium Irrigation Project (Department of water resources-MH - II) (400109),Infrastructure & Highways,Ministry of Railways,400109,Maharashtra,2593.73,2593.73,1238.0,47.7,2022-03-01,2027-12-31,2028-12-31,2026-01-01,36,0.0,0
PAIM-400112,Jigaon Irrigation Project (Department of water resources-MH - II) (400112),Infrastructure & Highways,Ministry of Railways,400112,Maharashtra,679.74,679.74,554.2,81.5,2024-03-01,2028-12-31,2029-12-31,2026-01-01,36,0.0,0
PAIM-617422,Bodwad Parisar Sinchan Yojna (Department of Water Resources-MH) (617422),Infrastructure & Highways,Ministry of Railways,617422,Maharashtra,2507.64,2507.64,612.44,24.4,2022-03-01,2027-12-31,2027-12-31,2026-01-01,18,0.0,0
PAIM-701383,Waghur Project (Department of water resources-MH - II) (701383),Infrastructure & Highways,Ministry of Railways,701383,Maharashtra,3159.47,3159.47,2602.62,82.4,2023-03-01,2026-12-31,2027-12-31,2026-01-01,36,0.0,0
PAIM-701386,Gosikhurd Project (Department of water resources-MH - II) (701386),Infrastructure & Highways,Ministry of Railways,701386,Maharashtra,3576.16,3576.16,2794.23,78.1,2022-03-01,2027-12-31,2028-12-31,2026-01-01,18,0.0,0
PAIM-701391,Aruna Medium Irrigation Project (Department of water resources-MH - II) (701391),Infrastructure & Highways,Ministry of Railways,701391,Maharashtra,681.06,681.06,470.07,69.0,2023-03-01,2028-12-31,2027-12-31,2026-01-01,24,0.0,0
PAIM-701396,Lower Pedhi Project (Department of water resources-MH - II) (701396),Infrastructure & Highways,Ministry of Railways,701396,Maharashtra,1298.83,1298.83,429.2,33.0,2022-03-01,2027-12-31,2028-12-31,2026-01-01,6,0.0,0
PAIM-701398,Nardave Medium Irrigation Project (Department of water resources-MH - II) (701398),Infrastructure & Highways,Ministry of Railways,701398,Maharashtra,4362.24,4362.24,2713.66,62.2,2021-03-01,2026-12-31,2028-12-31,2026-01-01,18,0.0,0
PAIM-701412,"North Koel Reservoir Project (Department of Water Resources, River Development & GR) (701412)",Infrastructure & Highways,Ministry of Railways,701412,Odisha,4479.76,4479.76,3075.19,68.6,2021-03-01,2027-12-31,2029-12-31,2026-01-01,6,0.0,0
PAIM-603945,Integrated Anandpur Barrage Project (Water Resources-OR) (603945),Infrastructure & Highways,Ministry of Railways,603945,Odisha,1445.84,1445.84,1228.85,85.0,2024-03-01,2028-12-31,2029-12-31,2026-01-01,12,0.0,0
PAIM-701404,Kanupur Irrigation Project (Irrigation and CAD-TG) (701404),Infrastructure & Highways,Ministry of Railways,701404,Odisha,1591.54,1591.54,184.66,11.6,2024-03-01,2027-12-31,2029-12-31,2026-01-01,6,0.0,0
PAIM-701410,Relining of  Rajasthan feeder and Sirhind Feeder canal (Department of Water Resources-PB) (701410),Infrastructure & Highways,Ministry of Railways,701410,Odisha,4039.62,4039.62,1758.22,43.5,2024-03-01,2027-12-31,2027-12-31,2026-01-01,36,0.0,0
PAIM-701411,Shahpur Kandi Dam Project (Department of Water Resources-PB) (701411),Infrastructure & Highways,Ministry of Railways,701411,Telangana,2907.81,2907.81,1086.7,37.4,2024-03-01,2026-12-31,2027-12-31,2026-01-01,12,0.0,0
PAIM-400102,Sri Ram Sagar Project Stage - II (Irrigation and CAD-TG) (400102),Infrastructure & Highways,Ministry of Railways,400102,Telangana,309.88,309.88,132.3,42.7,2022-03-01,2028-12-31,2029-12-31,2026-01-01,24,0.0,0
PAIM-400103,Indiramma Flood Flow Canal Project (Irrigation and CAD-TG) (400103),Infrastructure & Highways,Ministry of Railways,400103,Telangana,4219.54,4219.54,3579.94,84.8,2024-03-01,2026-12-31,2028-12-31,2026-01-01,36,0.0,0
PAIM-701405,J. Chokka Rao Devadula Lift Irrigation Scheme (Irrigation and CAD-TG) (701405),Infrastructure & Highways,Ministry of Railways,701405,Telangana,3662.82,3662.82,976.37,26.7,2022-03-01,2027-12-31,2027-12-31,2026-01-01,36,0.0,0
PAIM-701406,Rajiv Bhima Lift Irrigation Scheme (Irrigation and CAD-TG) (701406),Infrastructure & Highways,Ministry of Railways,701406,Uttar Pradesh,1000.97,1000.97,215.26,21.5,2022-03-01,2026-12-31,2027-12-31,2026-01-01,24,0.0,0
PAIM-400093,Saryu Nahar CADWM Project (Irrigation & Water Resources-UP) (400093),Infrastructure & Highways,Ministry of Railways,400093,Uttar Pradesh,3291.34,3291.34,1158.17,35.2,2022-03-01,2028-12-31,2028-12-31,2026-01-01,36,0.0,0
PAIM-701395,"Morna [Gureghar] Irrigation Project (Department of Water Resources, River Development & GR) (701395)",Infrastructure & Highways,Ministry of Railways,701395,Uttar Pradesh,2469.99,2469.99,1128.23,45.7,2024-03-01,2026-12-31,2027-12-31,2026-01-01,12,0.0,0
PAIM-701408,Madhya Ganga canal Phase-II (Irrigation & Water Resources-UP) (701408),Infrastructure & Highways,Ministry of Railways,701408,Uttar Pradesh,1219.9,1219.9,662.56,54.3,2024-03-01,2027-12-31,2029-12-31,2026-01-01,36,0.0,0
PAIM-613787,Jamrani Dam Multipurpose Project (Irrigation-UK) (613787),Infrastructure & Highways,Ministry of Railways,613787,Uttar Pradesh,1218.19,1218.19,567.77,46.6,2022-03-01,2026-12-31,2027-12-31,2026-01-01,12,0.0,0
