project_code,project_name,sector,ministry,implementing_agency,state,original_cost,revised_cost,expenditure,physical_progress,sanction_date,original_doc,revised_doc,snapshot_date,target_final_delay_months,target_cost_overrun_pct,target_is_high_risk
PAIM-619289,69520 to Km 95580 Pkg-1 (NHAI) (619289),Infrastructure & Highways,Ministry of Road Transport & Highways,619289,Bihar,533.84,533.84,253.76,47.5,2021-03-01,2027-12-31,2027-12-31,2026-03-01,36,0.0,0
PAIM-619301,Munger Ghat  NH-333 B (NHAI) (619301),Infrastructure & Highways,Ministry of Road Transport & Highways,619301,Bihar,3164.09,3164.09,818.29,25.9,2022-03-01,2026-12-31,2029-12-31,2026-03-01,6,0.0,0
PAIM-619305,from Km 125000 to Km 157350 Pkg-3 (NHAI) (619305),Infrastructure & Highways,Ministry of Road Transport & Highways,619305,Bihar,3662.62,3662.62,2168.17,59.2,2021-03-01,2028-12-31,2028-12-31,2026-03-01,36,0.0,0
PAIM-619306,4L of Munger  Mirzachauki section from Km 95580 to Km 125000 Pkg-2 (NHAI) (619306),Infrastructure & Highways,Ministry of Road Transport & Highways,619306,Bihar,3708.06,3708.06,2433.79,65.6,2023-03-01,2028-12-31,2028-12-31,2026-03-01,6,0.0,0
PAIM-619307,4L of Munger  Mirzachauki section from Km 157350 to Km 193931 Pkg-4 (NHAI) (619307),Infrastructure & Highways,Ministry of Road Transport & Highways,619307,Bihar,3763.54,3763.54,1236.94,32.9,2022-03-01,2028-12-31,2029-12-31,2026-03-01,24,0.0,0
PAIM-619291,4L Poanta SahebMednipur from Km. 435.65 to km. 458.65 of NH-07Pkg-1 (NHAI) (619291),Infrastructure & Highways,Ministry of Road Transport & Highways,619291,Bihar,2871.65,2871.65,1614.77,56.2,2022-03-01,2026-12-31,2029-12-31,2026-03-01,0,0.0,0
PAIM-619251,140.950 of NH-56 old NH No. 113 on EPC mode in the State of Rajasthan. (MoRTH) (619251),Infrastructure & Highways,Ministry of Road Transport & Highways,619251,Rajasthan,1479.91,1479.91,555.22,37.5,2023-03-01,2027-12-31,2029-12-31,2026-03-01,0,0.0,0
PAIM-619308,Dehradun  section  from Km.0 to Km.8.3 of NH-72A  Package-1 (NHAI) (619308),Infrastructure & Highways,Ministry of Road Transport & Highways,619308,Uttar Pradesh,1151.3,1151.3,828.57,72.0,2024-03-01,2028-12-31,2027-12-31,2026-03-01,0,0.0,0
PAIM-619292,4L Medinipur to Ballupur from Km. 458.65 to Km. 487.65 of NH-07Pkg-2 (NHAI) (619292),Infrastructure & Highways,Ministry of Road Transport & Highways,619292,Uttar Pradesh,1539.68,1539.68,1149.11,74.6,2022-03-01,2027-12-31,2029-12-31,2026-03-01,6,0.0,0
PAIM-619293,Mode in the State of Uttarakhand under NHO (NHAI) (619293),Infrastructure & Highways,Ministry of Road Transport & Highways,619293,Multi-State,1083.15,1083.15,872.05,80.5,2024-03-01,2026-12-31,2027-12-31,2026-03-01,24,0.0,0
PAIM-619294,under NHO. (NHAI) (619294),Infrastructure & Highways,Ministry of Road Transport & Highways,619294,Multi-State,3318.09,3318.09,1223.85,36.9,2021-03-01,2028-12-31,2027-12-31,2026-03-01,6,0.0,0
PAIM-619295,0.000 to Km 19.780 (NHAI) (619295),Infrastructure & Highways,Ministry of Road Transport & Highways,619295,Multi-State,1171.48,1171.48,774.1,66.1,2023-03-01,2027-12-31,2027-12-31,2026-03-01,6,0.0,0
PAIM-706724,Guwahati Airport New Integrated Terminal Building Construction Project (Adani Airport Holdings Limited) (706724),Infrastructure & Highways,Ministry of Civil Aviation,706724,Assam,4421.65,4421.65,2525.04,57.1,2023-03-01,2028-12-31,2027-12-31,2026-03-01,18,0.0,0
PAIM-706718,C/o NITB Imphal Airport (Airport Authority of India [AAI]) (706718),Infrastructure & Highways,Ministry of Civil Aviation,706718,Assam,819.43,819.43,559.63,68.3,2021-03-01,2026-12-31,2029-12-31,2026-03-01,24,0.0,0
PAIM-612793,with integrated 10 years maintenance. (Airport Authority of India [AAI]) (612793),Infrastructure & Highways,Ministry of Civil Aviation,612793,Assam,1383.01,1383.01,235.78,17.0,2024-03-01,2028-12-31,2028-12-31,2026-03-01,12,0.0,0
PAIM-615820,TIKAK EXTENSION OCP (MIS MoCoal Integration Logins) (615820),Infrastructure & Highways,Ministry of Civil Aviation,615820,Assam,891.93,891.93,141.48,15.9,2023-03-01,2028-12-31,2028-12-31,2026-03-01,36,0.0,0
PAIM-615821,TIRAP OCP (MIS MoCoal Integration Logins) (615821),Infrastructure & Highways,Ministry of Civil Aviation,615821,Assam,630.21,630.21,171.3,27.2,2023-03-01,2027-12-31,2027-12-31,2026-03-01,18,0.0,0
PAIM-612898,"Pradesh (National Institute of Technology, Arunachal Pradesh) (612898)",Infrastructure & Highways,Ministry of Civil Aviation,612898,Assam,2873.67,2873.67,776.84,27.0,2023-03-01,2028-12-31,2028-12-31,2026-03-01,6,0.0,0
PAIM-606112,Tezpur University Projects (Tezpur University) (606112),Infrastructure & Highways,Ministry of Civil Aviation,606112,Assam,3341.33,3341.33,2392.39,71.6,2024-03-01,2026-12-31,2028-12-31,2026-03-01,0,0.0,0
PAIM-612885,"Permanent Campus at Sohra (National Institute of Technology, Meghalaya) (612885)",Infrastructure & Highways,Ministry of Civil Aviation,612885,Multi-State,636.42,636.42,274.45,43.1,2024-03-01,2028-12-31,2028-12-31,2026-03-01,36,0.0,0
PAIM-612876,"Construction of Permanent Campus for NIT Mizoram at Lengpui, Aizawl (NIT Mizoram) (612876)",Infrastructure & Highways,Ministry of Civil Aviation,612876,Multi-State,3457.33,3457.33,2839.79,82.1,2021-03-01,2028-12-31,2027-12-31,2026-03-01,0,0.0,0
PAIM-613013,Establishment of NIT Nagaland (NIT Nagaland) (613013),Infrastructure & Highways,Ministry of Civil Aviation,613013,Multi-State,1834.07,1834.07,251.83,13.7,2021-03-01,2027-12-31,2027-12-31,2026-03-01,18,0.0,0
PAIM-609736,Sikkim (Sikkim University) (609736),Infrastructure & Highways,Ministry of Civil Aviation,609736,Multi-State,2058.0,2058.0,1267.11,61.6,2022-03-01,2028-12-31,2027-12-31,2026-03-01,36,0.0,0
PAIM-612883,District (NIT Sikkim) (612883),Infrastructure & Highways,Ministry of Civil Aviation,612883,Multi-State,1913.08,1913.08,904.92,47.3,2021-03-01,2027-12-31,2029-12-31,2026-03-01,24,0.0,0
PAIM-400081,"National Sports University [NSU], Imphal [Manipur] (Department of Sports & Youth Affairs) (400081)",Infrastructure & Highways,Ministry of Civil Aviation,400081,Multi-State,3408.21,3408.21,744.64,21.8,2022-03-01,2027-12-31,2029-12-31,2026-03-01,6,0.0,0
PAIM-611699,186 MW Tato-I H E Project (North Eastern Electric Power Corporation Limited) (611699),Infrastructure & Highways,Ministry of Civil Aviation,611699,Multi-State,2458.1,2458.1,920.2,37.4,2023-03-01,2027-12-31,2027-12-31,2026-03-01,0,0.0,0
PAIM-611698,240MW Heo HE Project (North Eastern Electric Power Corporation Limited) (611698),Infrastructure & Highways,Ministry of Civil Aviation,611698,Multi-State,1121.62,1121.62,928.4,82.8,2023-03-01,2026-12-31,2029-12-31,2026-03-01,36,0.0,0
PAIM-602182,Dibang Multipurpose Project (National Hydroelectric Power Corporation Limited [NHPC]) (602182),Infrastructure & Highways,Ministry of Civil Aviation,602182,Multi-State,363.58,363.58,48.52,13.3,2023-03-01,2026-12-31,2027-12-31,2026-03-01,36,0.0,0
PAIM-602096,Subansiri Lower HE Project [2000 MW] (National Hydroelectric Power Corporation Limited [NHPC]) (602096),Infrastructure & Highways,Ministry of Civil Aviation,602096,Assam,4281.64,4281.64,3497.54,81.7,2023-03-01,2028-12-31,2027-12-31,2026-03-01,12,0.0,0
PAIM-605156,A wholly owned subsidiary of NHPC Ltd. acquired through NCLT (National Hydroelectric Power Corporation Limited [NHPC]) (,Infrastructure & Highways,Ministry of Civil Aviation,605156,Multi-State,2460.94,2460.94,399.23,16.2,2022-03-01,2028-12-31,2028-12-31,2026-03-01,0,0.0,0
PAIM-602181,through NCLT] (National Hydroelectric Power Corporation Limited [NHPC]) (602181),Infrastructure & Highways,Ministry of Civil Aviation,602181,Multi-State,3238.32,3238.32,1585.16,49.0,2024-03-01,2026-12-31,2027-12-31,2026-03-01,36,0.0,0
PAIM-617375,North Eastern Region Expansion Scheme-XXIII [NERES-XXIII] (Power Grid Corporation of India Limited [POWERGRID]) (617375),Infrastructure & Highways,Ministry of Civil Aviation,617375,Multi-State,1515.71,1515.71,1194.45,78.8,2024-03-01,2026-12-31,2028-12-31,2026-03-01,18,0.0,0
PAIM-607709,[NERPSIP] (Power Grid Corporation of India Limited [POWERGRID]) (607709),Infrastructure & Highways,Ministry of Petroleum & Natural Gas,607709,Assam,1720.21,1720.21,378.75,22.0,2023-03-01,2027-12-31,2028-12-31,2026-03-01,18,0.0,0
PAIM-602223,[T&D] Systems [CSST&DS] in Arunachal Pradesh and Sikkim (Power Grid Corporation of India Limited [POWERGRID]) (602223),Infrastructure & Highways,Ministry of Petroleum & Natural Gas,602223,Multi-State,784.49,784.49,232.94,29.7,2024-03-01,2026-12-31,2027-12-31,2026-03-01,36,0.0,0
PAIM-709755,"Setting up of new rail fed POL facility at Kamardanga, Assam (Hindustan Petroleum Corporation Limited [HPCL]) (709755)",Infrastructure & Highways,Ministry of Petroleum & Natural Gas,709755,Assam,1559.37,1559.37,1300.02,83.4,2023-03-01,2027-12-31,2029-12-31,2026-03-01,0,0.0,0
PAIM-709754,"Construction of LPG Facilities at Kamardanga, Assam (Hindustan Petroleum Corporation Limited) (709754)",Infrastructure & Highways,Ministry of Petroleum & Natural Gas,709754,Assam,381.76,381.76,140.89,36.9,2024-03-01,2027-12-31,2028-12-31,2026-03-01,24,0.0,0
PAIM-701349,[COIT] at Paradip (Ministry of Petroleum & Natural Gas) (701349),Infrastructure & Highways,Ministry of Petroleum & Natural Gas,701349,Assam,2632.32,2632.32,1374.79,52.2,2021-03-01,2027-12-31,2028-12-31,2026-03-01,12,0.0,0
PAIM-617829,LPG Bottling Plant at Mualkhang (Ministry of Petroleum & Natural Gas) (617829),Infrastructure & Highways,Ministry of Petroleum & Natural Gas,617829,Assam,333.2,333.2,166.45,50.0,2023-03-01,2026-12-31,2029-12-31,2026-03-01,18,0.0,0
PAIM-400035,Dharmanagar Depot (Indian Oil Corporation Limited [IOCL]) (400035),Infrastructure & Highways,Ministry of Petroleum & Natural Gas,400035,Multi-State,735.89,735.89,484.16,65.8,2024-03-01,2028-12-31,2029-12-31,2026-03-01,36,0.0,0
PAIM-604791,Numaligarh Refinery Expansion Project (Ministry of Petroleum & Natural Gas) (604791),Infrastructure & Highways,Ministry of Petroleum & Natural Gas,604791,Assam,3914.01,3914.01,910.05,23.3,2023-03-01,2027-12-31,2029-12-31,2026-03-01,24,0.0,0
PAIM-604863,Natural Gas from Nadua and East Khagorija (Ministry of Petroleum & Natural Gas) (604863),Infrastructure & Highways,Ministry of Petroleum & Natural Gas,604863,Assam,1989.32,1989.32,909.27,45.7,2021-03-01,2026-12-31,2028-12-31,2026-03-01,18,0.0,0
PAIM-607701,Guwahati Refinery (Ministry of Petroleum & Natural Gas) (607701),Infrastructure & Highways,Ministry of Petroleum & Natural Gas,607701,Assam,2480.83,2480.83,964.16,38.9,2024-03-01,2028-12-31,2029-12-31,2026-03-01,12,0.0,0
PAIM-616858,processing & transportation of natural Gas to be produced from Baghjan Field (Ministry of Petroleum & Natural Gas) (6168,Infrastructure & Highways,Ministry of Petroleum & Natural Gas,616858,Assam,3776.21,3776.21,3192.82,84.6,2022-03-01,2026-12-31,2029-12-31,2026-03-01,6,0.0,0
PAIM-617827,"Pipeline Rehabilitation Project, Phase-II (Ministry of Petroleum & Natural Gas) (617827)",Infrastructure & Highways,Ministry of Petroleum & Natural Gas,617827,Assam,2217.07,2217.07,229.72,10.4,2021-03-01,2027-12-31,2029-12-31,2026-03-01,12,0.0,0
PAIM-617836,Coke Drum Structure Package (Ministry of Petroleum & Natural Gas) (617836),Infrastructure & Highways,Ministry of Petroleum & Natural Gas,617836,Assam,4256.45,4256.45,2427.96,57.0,2024-03-01,2027-12-31,2027-12-31,2026-03-01,0,0.0,0
PAIM-709776,Augmentation/Revamping of Facilities at existing Guwahati Terminal at Betkuchi (MinistryofPetroleumNaturalGas) (709776),Infrastructure & Highways,Ministry of Petroleum & Natural Gas,709776,Assam,1699.94,1699.94,840.39,49.4,2024-03-01,2028-12-31,2029-12-31,2026-03-01,0,0.0,0
PAIM-709779,Capacity Expansion of Digboi Refinery from 0.65 to 1.0 MMTPA (MinistryofPetroleumNaturalGas) (709779),Infrastructure & Highways,Ministry of Petroleum & Natural Gas,709779,Assam,1493.63,1493.63,534.81,35.8,2024-03-01,2027-12-31,2028-12-31,2026-03-01,36,0.0,0
PAIM-709847,Pipeline Network Project Rudrasagar (Ministry of Petroleum & Natural Gas) (709847),Infrastructure & Highways,Ministry of Petroleum & Natural Gas,709847,Assam,4270.16,4270.16,1671.3,39.1,2022-03-01,2027-12-31,2029-12-31,2026-03-01,36,0.0,0
PAIM-709850,Borholla GGS Life Extension Project [BLEP] (Ministry of Petroleum & Natural Gas) (709850),Infrastructure & Highways,Ministry of Petroleum & Natural Gas,709850,Assam,2254.54,2254.54,510.96,22.7,2022-03-01,2027-12-31,2028-12-31,2026-03-01,6,0.0,0
PAIM-709864,DCU Revamp Project (NRL) (709864),Infrastructure & Highways,Ministry of Petroleum & Natural Gas,709864,Assam,772.63,772.63,503.5,65.2,2021-03-01,2027-12-31,2029-12-31,2026-03-01,36,0.0,0
PAIM-709865,Scheme (NRL) (709865),Infrastructure & Highways,Ministry of Petroleum & Natural Gas,709865,Assam,1713.06,1713.06,853.19,49.8,2021-03-01,2027-12-31,2029-12-31,2026-03-01,18,0.0,0
PAIM-701346,North East Gas Grid (Ministry of Petroleum & Natural Gas) (701346),Infrastructure & Highways,Ministry of Petroleum & Natural Gas,701346,Assam,2907.91,2907.91,1656.0,56.9,2021-03-01,2027-12-31,2028-12-31,2026-03-01,6,0.0,0
PAIM-709786,"Augmentation/ Revamping of Dimapur Depot, Dimapur (MinistryofPetroleumNaturalGas) (709786)",Infrastructure & Highways,Ministry of Petroleum & Natural Gas,709786,Assam,3072.69,3072.69,1193.94,38.9,2022-03-01,2026-12-31,2029-12-31,2026-03-01,18,0.0,0
PAIM-709837,"Creation of Gas Dehydration  Facilities, Tripura Asset (Oil and Natural Gas Corporation Limited [ONGC]) (709837)",Infrastructure & Highways,Ministry of Petroleum & Natural Gas,709837,Multi-State,4113.26,4113.26,2394.02,58.2,2024-03-01,2026-12-31,2028-12-31,2026-03-01,18,0.0,0
PAIM-707039,"Establishment of new GMC Gangtok (Medical Education, Ministry of Health and Family Welfare) (707039)",Infrastructure & Highways,Ministry of Petroleum & Natural Gas,707039,Multi-State,3656.0,3656.0,2892.51,79.1,2024-03-01,2028-12-31,2027-12-31,2026-03-01,36,0.0,0
PAIM-612201,"Construction of 200 bedded ESIC Hospital with 62 Nos Staff quarters , Beltola (Employee's State Insurance Company [ESIC]",Infrastructure & Highways,Ministry of Labour and Employment,612201,Assam,2008.99,2008.99,647.81,32.2,2022-03-01,2028-12-31,2029-12-31,2026-03-01,18,0.0,0
PAIM-618986,Furkating-New Tinsukia[194 Km] (Northeast Frontier Railway [NFR]) (618986),Infrastructure & Highways,Ministry of Labour and Employment,618986,Assam,1849.62,1849.62,1176.81,63.6,2024-03-01,2027-12-31,2029-12-31,2026-03-01,0,0.0,0
PAIM-706942,Harmuty-Murkongselek Branch Line Electrification Project (GM/C/ NFR) (706942),Infrastructure & Highways,Ministry of Labour and Employment,706942,Assam,1713.8,1713.8,1074.6,62.7,2024-03-01,2026-12-31,2029-12-31,2026-03-01,18,0.0,0
PAIM-706940,"Mariani-Jorhat, Tinsukia-Dangri and Makum -TirapTrack Electrification Project (GM/C/ NFR) (706940)",Infrastructure & Highways,Ministry of Labour and Employment,706940,Assam,805.82,805.82,204.51,25.4,2021-03-01,2028-12-31,2029-12-31,2026-03-01,12,0.0,0
PAIM-706922,Guwahati-Dibrugarh via Tinsukia & Simaluguri-Dibrugarh (Central Organisation for Railway Electrification [CORE]) (706922,Infrastructure & Highways,Ministry of Labour and Employment,706922,Assam,3946.56,3946.56,2377.89,60.3,2024-03-01,2026-12-31,2027-12-31,2026-03-01,12,0.0,0
PAIM-705572,Doubling of New Bonggigaon to Kamakhya via Goalpara - 176 km (Northeast Frontier Railway [NFR]) (705572),Infrastructure & Highways,Ministry of Labour and Employment,705572,Assam,4072.04,4072.04,2597.44,63.8,2021-03-01,2028-12-31,2027-12-31,2026-03-01,6,0.0,0
PAIM-705391,Jiribam-Imphal new line project (Northeast Frontier Railway [NFR]) (705391),Infrastructure & Highways,Ministry of Labour and Employment,705391,Assam,3476.17,3476.17,2925.79,84.2,2024-03-01,2026-12-31,2027-12-31,2026-03-01,6,0.0,0
PAIM-705401,Murkongselek-Pasighat (Northeast Frontier Railway [NFR] - II) (705401),Infrastructure & Highways,Ministry of Labour and Employment,705401,Assam,2342.78,2342.78,1417.8,60.5,2023-03-01,2026-12-31,2028-12-31,2026-03-01,18,0.0,0
PAIM-705392,Dimapur [Dhansiri]-Sukhobi Kohima [Zubza] NL [82.5 Km] (Northeast Frontier Railway [NFR] - II) (705392),Infrastructure & Highways,Ministry of Labour and Employment,705392,Assam,3200.05,3200.05,1140.58,35.6,2022-03-01,2026-12-31,2028-12-31,2026-03-01,36,0.0,0
PAIM-616701,Lumding Furkating Doubling Project 140 km (Northeast Frontier Railway [NFR]) (616701),Infrastructure & Highways,Ministry of Labour and Employment,616701,Assam,2469.68,2469.68,413.55,16.7,2023-03-01,2027-12-31,2029-12-31,2026-03-01,36,0.0,0
PAIM-705432,Sivok-Rangpo New Rail Line (Indian Railway Construction International Limited [IRCON]) (705432),Infrastructure & Highways,Ministry of Labour and Employment,705432,Assam,1681.37,1681.37,346.67,20.6,2024-03-01,2028-12-31,2029-12-31,2026-03-01,6,0.0,0
PAIM-618033,415/Ar. P/2020-21/031 (MoRTH) (618033),Infrastructure & Highways,Ministry of Labour and Employment,618033,Multi-State,1336.45,1336.45,592.12,44.3,2021-03-01,2027-12-31,2028-12-31,2026-03-01,18,0.0,0
PAIM-617892,SARDP-NE/P-P/Pkg-A/NH-13/Ar.Pr./PWD/2018-19/116] (MoRTH) (617892),Infrastructure & Highways,Ministry of Labour and Employment,617892,Multi-State,1727.65,1727.65,1135.76,65.7,2022-03-01,2028-12-31,2027-12-31,2026-03-01,24,0.0,0
PAIM-618445,Balance Work (NHIDCL) (618445),Infrastructure & Highways,Ministry of Labour and Employment,618445,Multi-State,2863.12,2863.12,1345.23,47.0,2021-03-01,2027-12-31,2027-12-31,2026-03-01,24,0.0,0
PAIM-618401,on EPC Mode Pkg-3 (NHIDCL) (618401),Infrastructure & Highways,Ministry of Labour and Employment,618401,Multi-State,3852.35,3852.35,2514.14,65.3,2022-03-01,2027-12-31,2029-12-31,2026-03-01,18,0.0,0
PAIM-618402,Package-I (NHIDCL) (618402),Infrastructure & Highways,Ministry of Labour and Employment,618402,Multi-State,3725.51,3725.51,1242.06,33.3,2023-03-01,2026-12-31,2029-12-31,2026-03-01,12,0.0,0
PAIM-618403,NHO-NE (NHIDCL) (618403),Infrastructure & Highways,Ministry of Labour and Employment,618403,Multi-State,4009.36,4009.36,2852.56,71.1,2021-03-01,2027-12-31,2027-12-31,2026-03-01,12,0.0,0
PAIM-618404,Vijaynagar along China border in state of Arunachal pradesh on EPC mode (NHIDCL) (618404),Infrastructure & Highways,Ministry of Labour and Employment,618404,Multi-State,2393.47,2393.47,1487.51,62.1,2021-03-01,2027-12-31,2028-12-31,2026-03-01,0,0.0,0
PAIM-618405,the State of Arunachal Pradesh on EPC mode Pkg-1 (NHIDCL) (618405),Infrastructure & Highways,Ministry of Labour and Employment,618405,Multi-State,1824.11,1824.11,376.24,20.6,2021-03-01,2027-12-31,2029-12-31,2026-03-01,18,0.0,0
PAIM-618432,Km 70.000 in the state of Arunachal Pradesh under SARDP-NE Pkg-3 (NHIDCL) (618432),Infrastructure & Highways,Ministry of Labour and Employment,618432,Multi-State,4223.03,4223.03,1304.8,30.9,2022-03-01,2026-12-31,2027-12-31,2026-03-01,12,0.0,0
PAIM-618433,Arunachal Pradesh on EPC Mode under SARDP-NE Pkg-7 (NHIDCL) (618433),Infrastructure & Highways,Ministry of Labour and Employment,618433,Multi-State,3287.75,3287.75,1283.49,39.0,2021-03-01,2026-12-31,2027-12-31,2026-03-01,24,0.0,0
PAIM-618434,Roing-Hunli Road Greenfield Alignment Project (NHIDCL) (618434),Infrastructure & Highways,Ministry of Labour and Employment,618434,Multi-State,3577.81,3577.81,369.27,10.3,2023-03-01,2027-12-31,2029-12-31,2026-03-01,36,0.0,0
PAIM-618331,Package Silchar-Jiribam Pkg-1 in the state of Assam on HAM Mode (NHIDCL) (618331),Infrastructure & Highways,Ministry of Labour and Employment,618331,Assam,2375.61,2375.61,358.26,15.1,2022-03-01,2027-12-31,2028-12-31,2026-03-01,6,0.0,0
PAIM-618339,NH-38 in Tinsukia District under NHO- NE Package-4 (NHIDCL) (618339),Infrastructure & Highways,Ministry of Labour and Employment,618339,Assam,3129.94,3129.94,1267.44,40.5,2024-03-01,2026-12-31,2028-12-31,2026-03-01,18,0.0,0
PAIM-618340,EPCMode under NHO-NE Package-3 (NHIDCL) (618340),Infrastructure & Highways,Ministry of Labour and Employment,618340,Assam,4102.21,4102.21,2325.69,56.7,2021-03-01,2026-12-31,2028-12-31,2026-03-01,24,0.0,0
PAIM-618351,Package-10 (NHIDCL) (618351),Infrastructure & Highways,Ministry of Labour and Employment,618351,Assam,1456.72,1456.72,974.4,66.9,2024-03-01,2026-12-31,2028-12-31,2026-03-01,0,0.0,0
PAIM-618352,9 (NHIDCL) (618352),Infrastructure & Highways,Ministry of Labour and Employment,618352,Assam,630.61,630.61,312.46,49.5,2023-03-01,2028-12-31,2027-12-31,2026-03-01,6,0.0,0
PAIM-618353,Package 8 (NHIDCL) (618353),Infrastructure & Highways,Ministry of Labour and Employment,618353,Assam,3143.22,3143.22,899.02,28.6,2022-03-01,2027-12-31,2028-12-31,2026-03-01,12,0.0,0
PAIM-618354,km 116.550 near Hangrum Package-7 on EPC mode Package7 (NHIDCL) (618354),Infrastructure & Highways,Ministry of Labour and Employment,618354,Assam,1927.63,1927.63,598.69,31.1,2021-03-01,2026-12-31,2027-12-31,2026-03-01,6,0.0,0
PAIM-618371,Km under JICA ODA Loan assistance Phase-V -Balance work (NHIDCL) (618371),Infrastructure & Highways,Ministry of Labour and Employment,618371,Assam,2677.41,2677.41,2083.84,77.8,2021-03-01,2027-12-31,2027-12-31,2026-03-01,36,0.0,0
PAIM-618372,Pkg-2] (NHIDCL) (618372),Infrastructure & Highways,Ministry of Labour and Employment,618372,Assam,2529.02,2529.02,1893.41,74.9,2024-03-01,2027-12-31,2027-12-31,2026-03-01,18,0.0,0
PAIM-618373,NH-127B under JICA ODA Loan assistance Phase-III (NHIDCL) (618373),Infrastructure & Highways,Ministry of Labour and Employment,618373,Assam,3331.44,3331.44,1430.88,43.0,2024-03-01,2028-12-31,2029-12-31,2026-03-01,18,0.0,0
PAIM-618435,NH-37 on EPC basis under SARDP-NE in state of Assam (NHIDCL) (618435),Infrastructure & Highways,Ministry of Labour and Employment,618435,Assam,4039.24,4039.24,1200.62,29.7,2022-03-01,2027-12-31,2028-12-31,2026-03-01,12,0.0,0
PAIM-618436,to Km 208.000 of NH-52 on EPC mode in state of Assam under SARDP-NE (NHIDCL) (618436),Infrastructure & Highways,Ministry of Labour and Employment,618436,Assam,991.83,991.83,404.9,40.8,2021-03-01,2026-12-31,2027-12-31,2026-03-01,12,0.0,0
PAIM-618437,works & Toll Plaza (NHIDCL) (618437),Infrastructure & Highways,Ministry of Labour and Employment,618437,Assam,3580.69,3580.69,2522.62,70.5,2021-03-01,2027-12-31,2028-12-31,2026-03-01,18,0.0,0
PAIM-618438,"SARDP-NE, Phase 'A' in the State of Assam on EPC mode (NHIDCL) (618438)",Infrastructure & Highways,Ministry of Labour and Employment,618438,Assam,2879.04,2879.04,293.62,10.2,2023-03-01,2027-12-31,2028-12-31,2026-03-01,6,0.0,0
PAIM-618439,EPC Mode in the state of Assam Pkg-I Road Works (NHIDCL) (618439),Infrastructure & Highways,Ministry of Labour and Employment,618439,Assam,4253.96,4253.96,3164.79,74.4,2022-03-01,2027-12-31,2028-12-31,2026-03-01,0,0.0,0
PAIM-618440,the state of Assam Pkg- IV Structures & Toll Plaza (NHIDCL) (618440),Infrastructure & Highways,Ministry of Labour and Employment,618440,Assam,1957.79,1957.79,587.45,30.0,2024-03-01,2026-12-31,2029-12-31,2026-03-01,18,0.0,0
PAIM-618441,under EPC Mode in the state of Assam Pkg-I Road Works (NHIDCL) (618441),Infrastructure & Highways,Ministry of Labour and Employment,618441,Assam,845.26,845.26,155.32,18.4,2023-03-01,2027-12-31,2027-12-31,2026-03-01,0,0.0,0
PAIM-618442,under EPC Mode in the state of Assam Pkg-III Road Works (NHIDCL) (618442),Infrastructure & Highways,Ministry of Labour and Employment,618442,Assam,4240.82,4240.82,1156.31,27.3,2024-03-01,2027-12-31,2029-12-31,2026-03-01,0,0.0,0
PAIM-618443,under EPC Mode in the state of Assam Pkg-II Road Works (NHIDCL) (618443),Infrastructure & Highways,Ministry of Labour and Employment,618443,Assam,1535.29,1535.29,1269.21,82.7,2021-03-01,2027-12-31,2028-12-31,2026-03-01,18,0.0,0
PAIM-618444,Mode in the state of Assam  Pkg-IV Structures & Toll Plaza (NHIDCL) (618444),Infrastructure & Highways,Ministry of Labour and Employment,618444,Assam,1125.95,1125.95,194.47,17.3,2024-03-01,2026-12-31,2029-12-31,2026-03-01,12,0.0,0
PAIM-618454,from Jogighopa Railway Station to MMLP (NHIDCL) (618454),Infrastructure & Highways,Ministry of Labour and Employment,618454,Assam,1009.81,1009.81,496.18,49.1,2022-03-01,2028-12-31,2028-12-31,2026-03-01,6,0.0,0
PAIM-618455,Mode Package-I Road and Utility Works (NHIDCL) (618455),Infrastructure & Highways,Ministry of Labour and Employment,618455,Assam,3361.63,3361.63,654.67,19.5,2024-03-01,2026-12-31,2028-12-31,2026-03-01,18,0.0,0
PAIM-618576,at Jagiroad on stretches of NH 36 and NH 27 (National Highways Authority of India [NHAI]) (618576),Infrastructure & Highways,Ministry of Labour and Employment,618576,Assam,502.79,502.79,316.69,63.0,2023-03-01,2028-12-31,2028-12-31,2026-03-01,36,0.0,0
PAIM-618934,Guwahati Ring Road in the State of Assam (National Highways Authority of India [NHAI]) (618934),Infrastructure & Highways,Ministry of Labour and Employment,618934,Assam,2941.74,2941.74,1491.04,50.7,2023-03-01,2027-12-31,2028-12-31,2026-03-01,6,0.0,0
PAIM-618958,Myanmar (National Highways Authority of India [NHAI]) (618958),Infrastructure & Highways,Ministry of Labour and Employment,618958,Assam,1059.2,1059.2,241.46,22.8,2024-03-01,2028-12-31,2027-12-31,2026-03-01,36,0.0,0
PAIM-619013,under EPC Mode in the state of Assam Pkg-II Road Works (NHIDCL) (619013),Infrastructure & Highways,Ministry of Labour and Employment,619013,Assam,2232.43,2232.43,1461.3,65.5,2021-03-01,2028-12-31,2028-12-31,2026-03-01,18,0.0,0
PAIM-619057,Pariyojana in Economic Corridors Silchar- Churaibari Pkg-3 (NHIDCL) (619057),Infrastructure & Highways,Ministry of Labour and Employment,619057,Assam,691.99,691.99,470.42,68.0,2021-03-01,2028-12-31,2027-12-31,2026-03-01,6,0.0,0
PAIM-619060,under EPC Mode in the state of Assam Pkg-III Road Works (NHIDCL) (619060),Infrastructure & Highways,Ministry of Labour and Employment,619060,Assam,2430.21,2430.21,465.85,19.2,2022-03-01,2027-12-31,2027-12-31,2026-03-01,6,0.0,0
PAIM-619089,Km 0.000 to Km 49.230 of NH-27 (NHAI) (619089),Infrastructure & Highways,Ministry of Labour and Employment,619089,Assam,3689.81,3689.81,2732.79,74.1,2021-03-01,2028-12-31,2029-12-31,2026-03-01,12,0.0,0
PAIM-618330,'Phase-A' on EPC mode Assam Portion (NHIDCL) (618330),Infrastructure & Highways,Ministry of Labour and Employment,618330,Assam,4447.94,4447.94,2715.04,61.0,2022-03-01,2026-12-31,2027-12-31,2026-03-01,36,0.0,0
PAIM-618314,Pariyojna on EPC mode. Project Length 29.360 km under NHO-NE Package-2 (NHIDCL) (618314),Infrastructure & Highways,Ministry of Labour and Employment,618314,Assam,2935.17,2935.17,1597.92,54.4,2022-03-01,2028-12-31,2028-12-31,2026-03-01,24,0.0,0
PAIM-618315,EPC mode Package-1 (NHIDCL) (618315),Infrastructure & Highways,Ministry of Labour and Employment,618315,Assam,1041.75,1041.75,305.75,29.3,2023-03-01,2028-12-31,2028-12-31,2026-03-01,18,0.0,0
PAIM-617895,15/AS/2021-22/234 (MoRTH) (617895),Infrastructure & Highways,Ministry of Labour and Employment,617895,Assam,3421.17,3421.17,2627.59,76.8,2023-03-01,2026-12-31,2029-12-31,2026-03-01,24,0.0,0
PAIM-618327,Section in Assam on EPC Package-6 (NHIDCL) (618327),Infrastructure & Highways,Ministry of Labour and Employment,618327,Assam,2277.97,2277.97,1097.59,48.2,2024-03-01,2026-12-31,2029-12-31,2026-03-01,6,0.0,0
PAIM-617896,31/AS/ 2023-24/265 (MoRTH) (617896),Infrastructure & Highways,Ministry of Labour and Employment,617896,Assam,2485.85,2485.85,575.93,23.2,2023-03-01,2027-12-31,2028-12-31,2026-03-01,24,0.0,0
PAIM-618034,No.427/AS/2022-23/245 (MoRTH) (618034),Infrastructure & Highways,Ministry of Labour and Employment,618034,Assam,2094.12,2094.12,1213.69,58.0,2024-03-01,2027-12-31,2029-12-31,2026-03-01,12,0.0,0
PAIM-618313,Kalinagar Pt I on NH-37 in Assam on HAM Mode Pkg-1 (NHIDCL) (618313),Infrastructure & Highways,Ministry of Labour and Employment,618313,Assam,884.52,884.52,680.63,76.9,2022-03-01,2027-12-31,2027-12-31,2026-03-01,12,0.0,0
PAIM-618312,NH-8 on Silchar-Churaibari in the state of Assam on HAM Mode Package-5 (NHIDCL) (618312),Infrastructure & Highways,Ministry of Labour and Employment,618312,Assam,2703.14,2703.14,714.37,26.4,2023-03-01,2027-12-31,2028-12-31,2026-03-01,6,0.0,0
PAIM-618311,border in the state of Assam on HAM Mode Package-6 (NHIDCL) (618311),Infrastructure & Highways,Ministry of Labour and Employment,618311,Assam,2734.13,2734.13,1806.82,66.1,2024-03-01,2028-12-31,2027-12-31,2026-03-01,12,0.0,0
PAIM-618310,Border on Silchar-Churaibari  in the State of Assam on HAM Mode Package-7 (NHIDCL) (618310),Infrastructure & Highways,Ministry of Labour and Employment,618310,Assam,3651.04,3651.04,519.96,14.2,2022-03-01,2028-12-31,2028-12-31,2026-03-01,24,0.0,0
PAIM-618309,Mode Package-4 (NHIDCL) (618309),Infrastructure & Highways,Ministry of Labour and Employment,618309,Assam,4419.57,4419.57,2864.35,64.8,2022-03-01,2027-12-31,2028-12-31,2026-03-01,12,0.0,0
PAIM-618308,Pariyojana in Economic Corridors Silchar- Churaibari Package-2 (NHIDCL) (618308),Infrastructure & Highways,Ministry of Labour and Employment,618308,Assam,1075.13,1075.13,522.29,48.6,2021-03-01,2026-12-31,2027-12-31,2026-03-01,6,0.0,0
PAIM-618159,20.479 km in the State of Assam Job No. 715K/AS/2023-24/256 (MoRTH) (618159),Infrastructure & Highways,Ministry of Labour and Employment,618159,Assam,2199.31,2199.31,1680.76,76.4,2024-03-01,2027-12-31,2028-12-31,2026-03-01,6,0.0,0
PAIM-618326,Daboka-Parokhaowa of NH 29 on EPC under NHO-NE Package-1 (NHIDCL) (618326),Infrastructure & Highways,Ministry of Labour and Employment,618326,Assam,2342.49,2342.49,644.49,27.5,2024-03-01,2028-12-31,2029-12-31,2026-03-01,18,0.0,0
PAIM-618325,Dillai to Lahorijan Package-7 (NHIDCL) (618325),Infrastructure & Highways,Ministry of Labour and Employment,618325,Assam,3501.05,3501.05,1082.57,30.9,2023-03-01,2028-12-31,2027-12-31,2026-03-01,18,0.0,0
PAIM-618160,Job no. 715/AS/2020-21/213 (MoRTH) (618160),Infrastructure & Highways,Ministry of Labour and Employment,618160,Assam,3208.2,3208.2,1387.21,43.2,2021-03-01,2027-12-31,2029-12-31,2026-03-01,18,0.0,0
PAIM-618282,4-L Bilasipara-Guwahati Package-10 (NHIDCL) (618282),Infrastructure & Highways,Ministry of Labour and Employment,618282,Assam,645.07,645.07,123.03,19.1,2023-03-01,2026-12-31,2029-12-31,2026-03-01,6,0.0,0
PAIM-618283,4-L Bilasipara-Guwahati Package-9 (NHIDCL) (618283),Infrastructure & Highways,Ministry of Labour and Employment,618283,Assam,649.99,649.99,494.2,76.0,2022-03-01,2027-12-31,2029-12-31,2026-03-01,6,0.0,0
PAIM-618284,NHO-NE Package-8 (NHIDCL) (618284),Infrastructure & Highways,Ministry of Labour and Employment,618284,Assam,3543.07,3543.07,1494.36,42.2,2021-03-01,2028-12-31,2029-12-31,2026-03-01,6,0.0,0
PAIM-618285,on EPC Package-7 (NHIDCL) (618285),Infrastructure & Highways,Ministry of Labour and Employment,618285,Assam,1187.67,1187.67,364.29,30.7,2021-03-01,2027-12-31,2029-12-31,2026-03-01,0,0.0,0
PAIM-618286,4385 across River Brahmaputra on NH-17 at Jogighopa in Assam on EPC mode (NHIDCL) (618286),Infrastructure & Highways,Ministry of Labour and Employment,618286,Assam,2724.94,2724.94,1088.13,39.9,2022-03-01,2028-12-31,2028-12-31,2026-03-01,0,0.0,0
PAIM-618287,NE Package-2 (NHIDCL) (618287),Infrastructure & Highways,Ministry of Labour and Employment,618287,Assam,2852.03,2852.03,1881.19,66.0,2021-03-01,2026-12-31,2027-12-31,2026-03-01,12,0.0,0
PAIM-618288,"Mowatari, before Chapar Bypass  in the state ol Assam on HAM mode Package-1 (NHIDCL) (618288)",Infrastructure & Highways,Ministry of Labour and Employment,618288,Assam,3183.97,3183.97,1244.9,39.1,2021-03-01,2027-12-31,2027-12-31,2026-03-01,24,0.0,0
PAIM-618289,and Design Km 0.000 to km 14.660 under BMP on EPC mode (NHIDCL) (618289),Infrastructure & Highways,Ministry of Labour and Employment,618289,Assam,2741.55,2741.55,385.9,14.1,2022-03-01,2028-12-31,2028-12-31,2026-03-01,0,0.0,0
PAIM-618415,40.000 km on NH-129A in the State of Manipur on EPC mode (NHIDCL) (618415),Infrastructure & Highways,Ministry of Labour and Employment,618415,Multi-State,1334.67,1334.67,738.09,55.3,2022-03-01,2027-12-31,2027-12-31,2026-03-01,12,0.0,0
PAIM-618416,22.340 km on NH-129A in the State of Manipur on EPC mode (NHIDCL) (618416),Infrastructure & Highways,Ministry of Labour and Employment,618416,Multi-State,1156.86,1156.86,430.62,37.2,2021-03-01,2027-12-31,2028-12-31,2026-03-01,18,0.0,0
PAIM-618389,of Manipur on EPC mode under NHO-TSP Package -4 (NHIDCL) (618389),Infrastructure & Highways,Ministry of Labour and Employment,618389,Multi-State,2088.16,2088.16,1286.05,61.6,2021-03-01,2027-12-31,2028-12-31,2026-03-01,24,0.0,0
PAIM-618388,of Manipur on EPC mode under NHO-TSP Package -3 (NHIDCL) (618388),Infrastructure & Highways,Ministry of Labour and Employment,618388,Multi-State,1406.82,1406.82,400.86,28.5,2021-03-01,2026-12-31,2028-12-31,2026-03-01,18,0.0,0
PAIM-618387,EPC mode under NHO-NE Package-2 (NHIDCL) (618387),Infrastructure & Highways,Ministry of Labour and Employment,618387,Multi-State,2401.58,2401.58,1976.16,82.3,2023-03-01,2026-12-31,2027-12-31,2026-03-01,18,0.0,0
PAIM-618306,"under Bharatmala Pariyojana, under NHO-NE  Package-5 (NHIDCL) (618306)",Infrastructure & Highways,Ministry of Labour and Employment,618306,Multi-State,3923.13,3923.13,3055.95,77.9,2024-03-01,2026-12-31,2029-12-31,2026-03-01,36,0.0,0
PAIM-618305,mode under Bharatmala Pariyojana under NHO-NE  Package-6 (NHIDCL) (618305),Infrastructure & Highways,Ministry of Labour and Employment,618305,Multi-State,581.21,581.21,412.21,70.9,2021-03-01,2026-12-31,2027-12-31,2026-03-01,18,0.0,0
PAIM-618304,"Bharatmala Pariyojana, under NHO-NE Package-7 (NHIDCL) (618304)",Infrastructure & Highways,Ministry of Labour and Employment,618304,Multi-State,3971.67,3971.67,2686.58,67.6,2021-03-01,2028-12-31,2029-12-31,2026-03-01,6,0.0,0
PAIM-618303,state of Manipur on EPC mode Package-1 (NHIDCL) (618303),Infrastructure & Highways,Ministry of Labour and Employment,618303,Multi-State,3609.67,3609.67,529.64,14.7,2023-03-01,2026-12-31,2028-12-31,2026-03-01,36,0.0,0
PAIM-618302,state of Manipur on EPC mode Package-2 (NHIDCL) (618302),Infrastructure & Highways,Ministry of Labour and Employment,618302,Multi-State,3706.97,3706.97,2672.64,72.1,2022-03-01,2026-12-31,2027-12-31,2026-03-01,12,0.0,0
PAIM-618301,297.700 of NH-39 New NH-02 in state of Manipur on EPC mode Pkg-5A (NHIDCL) (618301),Infrastructure & Highways,Ministry of Labour and Employment,618301,Multi-State,2033.46,2033.46,1365.34,67.1,2024-03-01,2026-12-31,2028-12-31,2026-03-01,0,0.0,0
PAIM-618300,from Km 262175 to Km 274610 in the state of Manipur on EPC mode Pkg-4A (NHIDCL) (618300),Infrastructure & Highways,Ministry of Labour and Employment,618300,Multi-State,1963.23,1963.23,950.03,48.4,2022-03-01,2026-12-31,2028-12-31,2026-03-01,12,0.0,0
PAIM-618299,from Km 274610 to Km 287000 in the state of Manipur on EPC mode Pkg-4B (NHIDCL) (618299),Infrastructure & Highways,Ministry of Labour and Employment,618299,Multi-State,1408.27,1408.27,536.26,38.1,2022-03-01,2028-12-31,2027-12-31,2026-03-01,0,0.0,0
PAIM-618298,Pkg-5B (NHIDCL) (618298),Infrastructure & Highways,Ministry of Labour and Employment,618298,Multi-State,4194.15,4194.15,759.66,18.1,2022-03-01,2028-12-31,2029-12-31,2026-03-01,0,0.0,0
PAIM-618358,EPC Mode Package-6 (NHIDCL) (618358),Infrastructure & Highways,Ministry of Labour and Employment,618358,Multi-State,3103.28,3103.28,1230.04,39.6,2021-03-01,2026-12-31,2027-12-31,2026-03-01,24,0.0,0
PAIM-618357,Mandeu on EPC Mode Package 5 (NHIDCL) (618357),Infrastructure & Highways,Ministry of Labour and Employment,618357,Multi-State,1794.19,1794.19,1290.47,71.9,2022-03-01,2026-12-31,2028-12-31,2026-03-01,36,0.0,0
PAIM-618356,near Phelong on EPC Mode Package-3 (NHIDCL) (618356),Infrastructure & Highways,Ministry of Labour and Employment,618356,Multi-State,1973.71,1973.71,1052.98,53.4,2023-03-01,2028-12-31,2028-12-31,2026-03-01,36,0.0,0
PAIM-618355,Package-2 (NHIDCL) (618355),Infrastructure & Highways,Ministry of Labour and Employment,618355,Multi-State,2393.62,2393.62,396.97,16.6,2022-03-01,2027-12-31,2027-12-31,2026-03-01,0,0.0,0
PAIM-618349,Package-4A in the State of Manipur on EPC Mode (NHIDCL) (618349),Infrastructure & Highways,Ministry of Labour and Employment,618349,Multi-State,282.9,282.9,235.96,83.4,2023-03-01,2026-12-31,2029-12-31,2026-03-01,24,0.0,0
PAIM-618348,State of Manipur on EPC Mode (NHIDCL) (618348),Infrastructure & Highways,Ministry of Labour and Employment,618348,Multi-State,2644.84,2644.84,1577.37,59.6,2022-03-01,2026-12-31,2027-12-31,2026-03-01,36,0.0,0
PAIM-618347,NHO Package-1B (NHIDCL) (618347),Infrastructure & Highways,Ministry of Labour and Employment,618347,Multi-State,3653.29,3653.29,901.93,24.7,2024-03-01,2028-12-31,2027-12-31,2026-03-01,0,0.0,0
PAIM-618346,NHO Package-2A (NHIDCL) (618346),Infrastructure & Highways,Ministry of Labour and Employment,618346,Multi-State,1604.18,1604.18,1072.05,66.8,2024-03-01,2027-12-31,2029-12-31,2026-03-01,12,0.0,0
PAIM-618345,Package-2B (NHIDCL) (618345),Infrastructure & Highways,Ministry of Labour and Employment,618345,Multi-State,381.23,381.23,91.91,24.1,2021-03-01,2028-12-31,2029-12-31,2026-03-01,12,0.0,0
PAIM-618344,on EPC mode Package-3 (NHIDCL) (618344),Infrastructure & Highways,Ministry of Labour and Employment,618344,Multi-State,4388.35,4388.35,532.85,12.1,2023-03-01,2027-12-31,2027-12-31,2026-03-01,6,0.0,0
PAIM-618338,Balance Works & Rectification works (NHIDCL) (618338),Infrastructure & Highways,Ministry of Labour and Employment,618338,Multi-State,3969.36,3969.36,420.04,10.6,2021-03-01,2028-12-31,2027-12-31,2026-03-01,18,0.0,0
PAIM-618337,33.395 to km 67.496 on EPC Mode in Manipur PKG-3 (NHIDCL) (618337),Infrastructure & Highways,Ministry of Labour and Employment,618337,Multi-State,2161.56,2161.56,1348.07,62.4,2022-03-01,2028-12-31,2027-12-31,2026-03-01,12,0.0,0
PAIM-618336,km 103.557 on EPC Mode in Manipur PKG-4 (NHIDCL) (618336),Infrastructure & Highways,Ministry of Labour and Employment,618336,Multi-State,2714.43,2714.43,2265.03,83.4,2021-03-01,2028-12-31,2029-12-31,2026-03-01,18,0.0,0
PAIM-618335,Puilon Kambiron Village on EPC Mode in Manipur PKG-5 (NHIDCL) (618335),Infrastructure & Highways,Ministry of Labour and Employment,618335,Multi-State,3122.42,3122.42,1230.03,39.4,2022-03-01,2027-12-31,2029-12-31,2026-03-01,18,0.0,0
PAIM-618334,NHO-TSP PKG-6 (NHIDCL) (618334),Infrastructure & Highways,Ministry of Labour and Employment,618334,Multi-State,4493.44,4493.44,3622.03,80.6,2021-03-01,2027-12-31,2027-12-31,2026-03-01,6,0.0,0
PAIM-618333,PKG-7 (NHIDCL) (618333),Infrastructure & Highways,Ministry of Labour and Employment,618333,Multi-State,2259.09,2259.09,1206.79,53.4,2023-03-01,2027-12-31,2028-12-31,2026-03-01,0,0.0,0
PAIM-618295,Km 8600 to Km 53000 of Old NH-62 under BMP Lot-1 Pkg-1B Meghalaya portion (NHIDCL) (618295),Infrastructure & Highways,Ministry of Labour and Employment,618295,Multi-State,2366.5,2366.5,1944.1,82.2,2024-03-01,2026-12-31,2029-12-31,2026-03-01,6,0.0,0
PAIM-618294,of NH-1278 under Bharatmala Pariyojana Lot-1 Pkg-1B Meghalaya portion (NHIDCL) (618294),Infrastructure & Highways,Ministry of Labour and Employment,618294,Multi-State,3748.11,3748.11,3015.75,80.5,2021-03-01,2026-12-31,2028-12-31,2026-03-01,12,0.0,0
PAIM-618076,31.500 Goeragre to km 63.224 Package-II in state of Meghalaya (MoRTH) (618076),Infrastructure & Highways,Ministry of Labour and Employment,618076,Multi-State,1748.15,1748.15,823.76,47.1,2023-03-01,2026-12-31,2029-12-31,2026-03-01,24,0.0,0
PAIM-618421,Meghalaya on EPC Mode Greenfield alignment (NHIDCL) (618421),Infrastructure & Highways,Ministry of Labour and Employment,618421,Multi-State,3888.88,3888.88,2565.16,66.0,2022-03-01,2027-12-31,2029-12-31,2026-03-01,18,0.0,0
PAIM-618420,of Meghalaya on EPC Mode (NHIDCL) (618420),Infrastructure & Highways,Ministry of Labour and Employment,618420,Multi-State,3277.44,3277.44,609.48,18.6,2023-03-01,2026-12-31,2029-12-31,2026-03-01,24,0.0,0
PAIM-618419,state of Meghalaya on EPC Mode Greenfield alignment (NHIDCL) (618419),Infrastructure & Highways,Ministry of Labour and Employment,618419,Assam,3984.31,3984.31,2579.56,64.7,2022-03-01,2028-12-31,2027-12-31,2026-03-01,6,0.0,0
PAIM-618418,NE in the State of Meghalaya  Package-1 (NHIDCL) (618418),Infrastructure & Highways,Ministry of Labour and Employment,618418,Assam,470.21,470.21,377.37,80.3,2021-03-01,2027-12-31,2028-12-31,2026-03-01,24,0.0,0
PAIM-617885,NE  ong-Don-Maw/MG/2020-21/294 (MoRTH) (617885),Infrastructure & Highways,Ministry of Labour and Employment,617885,Multi-State,1626.68,1626.68,954.29,58.7,2022-03-01,2026-12-31,2028-12-31,2026-03-01,12,0.0,0
PAIM-618377,under JICA ODA Loan assistance Phase-II -Balance Work Pkg-1 (NHIDCL) (618377),Infrastructure & Highways,Ministry of Labour and Employment,618377,Multi-State,2780.2,2780.2,2029.57,73.0,2024-03-01,2028-12-31,2027-12-31,2026-03-01,18,0.0,0
PAIM-618376,ODA Loan assistance Phase-II -Balance Work-Pkg-2 (NHIDCL) (618376),Infrastructure & Highways,Ministry of Labour and Employment,618376,Multi-State,2308.96,2308.96,1654.53,71.7,2024-03-01,2028-12-31,2028-12-31,2026-03-01,0,0.0,0
PAIM-618375,Balance work Pkg-4 (NHIDCL) (618375),Infrastructure & Highways,Ministry of Labour and Employment,618375,Multi-State,2467.63,2467.63,883.51,35.8,2022-03-01,2028-12-31,2029-12-31,2026-03-01,24,0.0,0
PAIM-618374,assistance Phase-II Pkg-5 -Balance work (NHIDCL) (618374),Infrastructure & Highways,Ministry of Labour and Employment,618374,Multi-State,4249.03,4249.03,1017.94,24.0,2024-03-01,2026-12-31,2027-12-31,2026-03-01,6,0.0,0
PAIM-618341,Tuivai Pkg-2 (NHIDCL) (618341),Infrastructure & Highways,Ministry of Labour and Employment,618341,Multi-State,1336.74,1336.74,403.14,30.2,2022-03-01,2026-12-31,2029-12-31,2026-03-01,0,0.0,0
PAIM-618316,Pariyojna under NHO-NE. Package-1&2 in Assam state (NHIDCL) (618316),Infrastructure & Highways,Ministry of Labour and Employment,618316,Assam,1074.82,1074.82,869.9,80.9,2021-03-01,2027-12-31,2027-12-31,2026-03-01,36,0.0,0
PAIM-618317,Pariyojna on EPC mode Vairengte - Sairang Pkg-4 (NHIDCL) (618317),Infrastructure & Highways,Ministry of Labour and Employment,618317,Multi-State,1208.23,1208.23,499.62,41.4,2021-03-01,2026-12-31,2028-12-31,2026-03-01,36,0.0,0
PAIM-618318,under NHO-NE Vairengte - Sairang Pkg-5 (NHIDCL) (618318),Infrastructure & Highways,Ministry of Labour and Employment,618318,Multi-State,2409.07,2409.07,670.61,27.8,2022-03-01,2026-12-31,2028-12-31,2026-03-01,6,0.0,0
PAIM-618342,state  of Mizoram under Bharatmala Pariyojana on EPC mode (NHIDCL) (618342),Infrastructure & Highways,Ministry of Labour and Employment,618342,Multi-State,214.75,214.75,42.08,19.6,2022-03-01,2026-12-31,2028-12-31,2026-03-01,0,0.0,0
PAIM-618343,Mizoram under Bharatmala Pariyojna on EPC Mode Seling-Dulte - III (NHIDCL) (618343),Infrastructure & Highways,Ministry of Labour and Employment,618343,Multi-State,4080.72,4080.72,2631.33,64.5,2021-03-01,2028-12-31,2028-12-31,2026-03-01,12,0.0,0
PAIM-618324,Pariyojna on EPC Mode under NHO-NE (NHIDCL) (618324),Infrastructure & Highways,Ministry of Labour and Employment,618324,Multi-State,2211.37,2211.37,880.93,39.8,2021-03-01,2028-12-31,2028-12-31,2026-03-01,18,0.0,0
PAIM-618323,2 (NHIDCL) (618323),Infrastructure & Highways,Ministry of Labour and Employment,618323,Multi-State,1583.47,1583.47,788.6,49.8,2021-03-01,2028-12-31,2027-12-31,2026-03-01,6,0.0,0
PAIM-618384,Tuipang Section of NH-54 in the State of Mizoram Package-4 (NHIDCL) (618384),Infrastructure & Highways,Ministry of Labour and Employment,618384,Multi-State,289.18,289.18,210.97,73.0,2021-03-01,2026-12-31,2027-12-31,2026-03-01,24,0.0,0
PAIM-618383,section under JICA ODA Loan assistance Phase-I Package-8 (NHIDCL) (618383),Infrastructure & Highways,Ministry of Labour and Employment,618383,Multi-State,1123.57,1123.57,485.72,43.2,2022-03-01,2026-12-31,2028-12-31,2026-03-01,12,0.0,0
PAIM-618382,section under JICA ODA Loan assistance Phase-I Package-7 (NHIDCL) (618382),Infrastructure & Highways,Ministry of Labour and Employment,618382,Multi-State,4276.84,4276.84,3198.26,74.8,2023-03-01,2026-12-31,2029-12-31,2026-03-01,6,0.0,0
PAIM-618381,Tuipang section under JICA ODA Loan assistance Phase-I Package-6 (NHIDCL) (618381),Infrastructure & Highways,Ministry of Labour and Employment,618381,Multi-State,1399.74,1399.74,350.47,25.0,2022-03-01,2027-12-31,2027-12-31,2026-03-01,36,0.0,0
PAIM-618380,Tuipang Section of NH-54 in the State of Mizoram Package-3 (NHIDCL) (618380),Infrastructure & Highways,Ministry of Labour and Employment,618380,Multi-State,3818.41,3818.41,2323.1,60.8,2021-03-01,2026-12-31,2029-12-31,2026-03-01,12,0.0,0
PAIM-618379,Tuipang Section of NH-54 in the State of Mizoram Package-5 (NHIDCL) (618379),Infrastructure & Highways,Ministry of Labour and Employment,618379,Multi-State,530.78,530.78,352.46,66.4,2023-03-01,2027-12-31,2027-12-31,2026-03-01,6,0.0,0
PAIM-618319,"on Silchar-Vairengte- Sairang road, Vairengte - Sairang Pkg-6 (NHIDCL) (618319)",Infrastructure & Highways,Ministry of Labour and Employment,618319,Multi-State,204.4,204.4,95.85,46.9,2024-03-01,2026-12-31,2029-12-31,2026-03-01,6,0.0,0
PAIM-618320,Sairang road in the State of Mizoram on EPC mode (NHIDCL) (618320),Infrastructure & Highways,Ministry of Labour and Employment,618320,Multi-State,1287.57,1287.57,552.17,42.9,2021-03-01,2026-12-31,2028-12-31,2026-03-01,24,0.0,0
PAIM-618321,Pariyojna on EPC mode under NHO-NE Package-8 (NHIDCL) (618321),Infrastructure & Highways,Ministry of Labour and Employment,618321,Multi-State,456.77,456.77,52.52,11.5,2022-03-01,2028-12-31,2029-12-31,2026-03-01,18,0.0,0
PAIM-618362,A (NHIDCL) (618362),Infrastructure & Highways,Ministry of Labour and Employment,618362,Multi-State,4223.63,4223.63,2409.3,57.0,2021-03-01,2027-12-31,2028-12-31,2026-03-01,6,0.0,0
PAIM-618363,under Bharatmala Pariyojana on EPC mode [Pkg-B] (NHIDCL) (618363),Infrastructure & Highways,Ministry of Labour and Employment,618363,Multi-State,1218.91,1218.91,948.86,77.8,2023-03-01,2027-12-31,2029-12-31,2026-03-01,24,0.0,0
PAIM-618452,"in the State of Mizoram on EPC mode under NHO-NE, stretch of IMBR (NHIDCL) (618452)",Infrastructure & Highways,Ministry of Labour and Employment,618452,Multi-State,3986.82,3986.82,725.82,18.2,2021-03-01,2026-12-31,2029-12-31,2026-03-01,0,0.0,0
PAIM-619010,NHO-NE Package-3  Keifang- Tuivai Pkg-3 (NHIDCL) (619010),Infrastructure & Highways,Ministry of Labour and Employment,619010,Multi-State,4087.63,4087.63,1118.12,27.4,2023-03-01,2027-12-31,2028-12-31,2026-03-01,24,0.0,0
PAIM-618359,EPC mode under Bharatmala Pariyojna of Length 27.514 Km Package-3 (NHIDCL) (618359),Infrastructure & Highways,Ministry of Labour and Employment,618359,Assam,3685.39,3685.39,2631.55,71.4,2023-03-01,2027-12-31,2028-12-31,2026-03-01,6,0.0,0
PAIM-618329,SARDP-NE (NHIDCL) (618329),Infrastructure & Highways,Ministry of Labour and Employment,618329,Multi-State,3423.61,3423.61,1002.68,29.3,2022-03-01,2028-12-31,2028-12-31,2026-03-01,12,0.0,0
PAIM-617886,to Km 125 of NH 61 (MoRTH) (617886),Infrastructure & Highways,Ministry of Labour and Employment,617886,Multi-State,2666.65,2666.65,1771.39,66.4,2023-03-01,2027-12-31,2028-12-31,2026-03-01,12,0.0,0
PAIM-618328,Bypass under SARDP-NE Package-III (NHIDCL) (618328),Infrastructure & Highways,Ministry of Labour and Employment,618328,Multi-State,4403.7,4403.7,3608.02,81.9,2022-03-01,2028-12-31,2028-12-31,2026-03-01,18,0.0,0
PAIM-618002,Chare via Dikhu in the state of Nagaland on EPC mode (MoRTH) (618002),Infrastructure & Highways,Ministry of Labour and Employment,618002,Multi-State,1920.18,1920.18,809.46,42.2,2021-03-01,2028-12-31,2029-12-31,2026-03-01,6,0.0,0
PAIM-618072,Km 220.00 of NH-61 New NH-02 in the state of Nagaland. (MoRTH) (618072),Infrastructure & Highways,Ministry of Labour and Employment,618072,Multi-State,950.9,950.9,290.72,30.6,2023-03-01,2026-12-31,2028-12-31,2026-03-01,6,0.0,0
PAIM-618364,on EPC mode under NH O-NE (NHIDCL) (618364),Infrastructure & Highways,Ministry of Labour and Employment,618364,Multi-State,3439.1,3439.1,1290.54,37.5,2024-03-01,2026-12-31,2028-12-31,2026-03-01,36,0.0,0
PAIM-618365,Nagaland on EPC mode under NHO-NE (NHIDCL) (618365),Infrastructure & Highways,Ministry of Labour and Employment,618365,Multi-State,3093.54,3093.54,1352.52,43.7,2021-03-01,2026-12-31,2028-12-31,2026-03-01,0,0.0,0
PAIM-618366,on EPC mode under NHO-NE (NHIDCL) (618366),Infrastructure & Highways,Ministry of Labour and Employment,618366,Multi-State,1282.65,1282.65,264.05,20.6,2022-03-01,2027-12-31,2027-12-31,2026-03-01,36,0.0,0
PAIM-618290,State of Nagaland under SARDP-NE on EPC Mode Package-IV (NHIDCL) (618290),Infrastructure & Highways,Ministry of Labour and Employment,618290,Multi-State,3449.24,3449.24,960.51,27.8,2021-03-01,2028-12-31,2028-12-31,2026-03-01,24,0.0,0
PAIM-618291,state of Nagaland Under SARDP-NE on EPC Mode Package- 3 (NHIDCL) (618291),Infrastructure & Highways,Ministry of Labour and Employment,618291,Multi-State,1418.84,1418.84,1171.94,82.6,2022-03-01,2028-12-31,2027-12-31,2026-03-01,6,0.0,0
PAIM-619059,SARDP-NE  PKG-IV Balance work (NHIDCL) (619059),Infrastructure & Highways,Ministry of Labour and Employment,619059,Multi-State,3522.68,3522.68,1581.37,44.9,2022-03-01,2027-12-31,2028-12-31,2026-03-01,36,0.0,0
PAIM-618292,state of Nagaland Under SARDP-NE on EPC Mode Package-2 (NHIDCL) (618292),Infrastructure & Highways,Ministry of Labour and Employment,618292,Multi-State,3868.35,3868.35,1777.53,46.0,2023-03-01,2027-12-31,2029-12-31,2026-03-01,6,0.0,0
PAIM-618293,on EPC Mode Package-1 -Balance work (NHIDCL) (618293),Infrastructure & Highways,Ministry of Labour and Employment,618293,Multi-State,246.93,246.93,200.12,81.0,2022-03-01,2027-12-31,2029-12-31,2026-03-01,0,0.0,0
PAIM-618296,on EPC Mode Package-V under NHO (NHIDCL) (618296),Infrastructure & Highways,Ministry of Labour and Employment,618296,Multi-State,916.84,916.84,93.31,10.2,2022-03-01,2026-12-31,2027-12-31,2026-03-01,36,0.0,0
PAIM-618297,Mode under NHO Package-II -Balance work (NHIDCL) (618297),Infrastructure & Highways,Ministry of Labour and Employment,618297,Multi-State,271.82,271.82,208.95,76.9,2023-03-01,2026-12-31,2028-12-31,2026-03-01,18,0.0,0
PAIM-618423,Balance work (NHIDCL) (618423),Infrastructure & Highways,Ministry of Labour and Employment,618423,Multi-State,2655.01,2655.01,1675.77,63.1,2022-03-01,2028-12-31,2027-12-31,2026-03-01,0,0.0,0
PAIM-618422,SARDP-NE package-V  Balance work (NHIDCL) (618422),Infrastructure & Highways,Ministry of Labour and Employment,618422,Multi-State,3409.68,3409.68,1338.93,39.3,2021-03-01,2027-12-31,2027-12-31,2026-03-01,24,0.0,0
PAIM-618413,Nagaland on EPC mode under NHO-TSP Package-III (NHIDCL) (618413),Infrastructure & Highways,Ministry of Labour and Employment,618413,Multi-State,4340.7,4340.7,1775.02,40.9,2022-03-01,2027-12-31,2027-12-31,2026-03-01,24,0.0,0
PAIM-618414,in the state of Nagaland on EPC mode under NHO-TSP Package-II (NHIDCL) (618414),Infrastructure & Highways,Ministry of Labour and Employment,618414,Multi-State,3518.94,3518.94,969.87,27.6,2021-03-01,2026-12-31,2029-12-31,2026-03-01,24,0.0,0
PAIM-618450,km58.840 under SARDP-NE Phase A  Pkg- IV (NHIDCL) (618450),Infrastructure & Highways,Ministry of Labour and Employment,618450,Multi-State,4223.26,4223.26,1353.94,32.1,2023-03-01,2027-12-31,2027-12-31,2026-03-01,36,0.0,0
PAIM-618449,spur NH-717B on EPC Mode under SARDP-NE Phase-A in Sikkim Pkg-II B (NHIDCL) (618449),Infrastructure & Highways,Ministry of Labour and Employment,618449,Multi-State,1331.36,1331.36,545.71,41.0,2024-03-01,2027-12-31,2027-12-31,2026-03-01,36,0.0,0
PAIM-618448,the State of Sikkim. (NHIDCL) (618448),Infrastructure & Highways,Ministry of Labour and Employment,618448,Multi-State,3916.72,3916.72,1576.75,40.3,2022-03-01,2028-12-31,2027-12-31,2026-03-01,12,0.0,0
PAIM-618447,Sikkim. (NHIDCL) (618447),Infrastructure & Highways,Ministry of Labour and Employment,618447,Multi-State,4081.37,4081.37,1692.09,41.5,2023-03-01,2027-12-31,2027-12-31,2026-03-01,6,0.0,0
PAIM-618446,Rongli to Chochenpheri of NH 717B Pkg-II C (NHIDCL) (618446),Infrastructure & Highways,Ministry of Labour and Employment,618446,Multi-State,1629.8,1629.8,1323.18,81.2,2021-03-01,2028-12-31,2027-12-31,2026-03-01,24,0.0,0
PAIM-618428,Bridge of 680 m in the State of Sikkim on EPC Mode-COS work (NHIDCL) (618428),Infrastructure & Highways,Ministry of Labour and Employment,618428,Multi-State,1857.84,1857.84,1536.89,82.7,2023-03-01,2026-12-31,2027-12-31,2026-03-01,36,0.0,0
PAIM-618426,State of Sikkim (NHIDCL) (618426),Infrastructure & Highways,Ministry of Labour and Employment,618426,Multi-State,3876.04,3876.04,1162.38,30.0,2021-03-01,2028-12-31,2029-12-31,2026-03-01,36,0.0,0
PAIM-618071,Ranipool to Burtuk Ch 0.00 Km to 23.316 L23.316 Km in the State of Sikkim (MoRTH) (618071),Infrastructure & Highways,Ministry of Labour and Employment,618071,Multi-State,2118.0,2118.0,1570.25,74.1,2021-03-01,2027-12-31,2027-12-31,2026-03-01,6,0.0,0
PAIM-618368,under JICA ODA Loan Phase VI Package-3 (NHIDCL) (618368),Infrastructure & Highways,Ministry of Labour and Employment,618368,Multi-State,2665.37,2665.37,303.0,11.4,2021-03-01,2028-12-31,2029-12-31,2026-03-01,18,0.0,0
PAIM-618369,the state of Tripura on EPC mode under JICA ODA Loan Phase VI Package-2 (NHIDCL) (618369),Infrastructure & Highways,Ministry of Labour and Employment,618369,Multi-State,2502.09,2502.09,1493.67,59.7,2022-03-01,2028-12-31,2027-12-31,2026-03-01,0,0.0,0
PAIM-618367,JICA ODA Loan Phase VI Package-4 (NHIDCL) (618367),Infrastructure & Highways,Ministry of Labour and Employment,618367,Multi-State,397.09,397.09,311.53,78.5,2024-03-01,2028-12-31,2028-12-31,2026-03-01,12,0.0,0
PAIM-618370,JICA ODA Loan Phase VI Package-1 (NHIDCL) (618370),Infrastructure & Highways,Ministry of Labour and Employment,618370,Multi-State,2526.68,2526.68,1825.26,72.2,2021-03-01,2026-12-31,2028-12-31,2026-03-01,18,0.0,0
PAIM-618385,with paved shoulder on EPC basis under NHO Package-III- Balance Work (NHIDCL) (618385),Infrastructure & Highways,Ministry of Labour and Employment,618385,Multi-State,877.21,877.21,95.7,10.9,2021-03-01,2028-12-31,2029-12-31,2026-03-01,36,0.0,0
PAIM-618350,state of Tripura on EPC basis under NHO-NE (NHIDCL) (618350),Infrastructure & Highways,Ministry of Labour and Employment,618350,Multi-State,3158.58,3158.58,2675.39,84.7,2022-03-01,2026-12-31,2028-12-31,2026-03-01,36,0.0,0
PAIM-618386,shoulder on EPC bais under NHO (NHIDCL) (618386),Infrastructure & Highways,Ministry of Labour and Employment,618386,Multi-State,3234.66,3234.66,1519.46,47.0,2021-03-01,2026-12-31,2027-12-31,2026-03-01,36,0.0,0
PAIM-618417,state of Tripura on EPC basis under NHO-NE (NHIDCL) (618417),Infrastructure & Highways,Ministry of Labour and Employment,618417,Multi-State,718.94,718.94,445.93,62.0,2024-03-01,2028-12-31,2029-12-31,2026-03-01,24,0.0,0
PAIM-618411,and overlay from Km 20.30 to Km 22.00 1.7 Km Total Length  13.2 Km (NHIDCL) (618411),Infrastructure & Highways,Ministry of Labour and Employment,618411,Multi-State,2386.1,2386.1,675.55,28.3,2022-03-01,2027-12-31,2029-12-31,2026-03-01,18,0.0,0
PAIM-701598,Highways of Meghalaya (Department of Telecommunications) (701598),Infrastructure & Highways,Ministry of Labour and Employment,701598,Assam,622.28,622.28,196.62,31.6,2024-03-01,2028-12-31,2029-12-31,2026-03-01,18,0.0,0
PAIM-701597,2 Districts of Assam (Department of Telecommunications) (701597),Infrastructure & Highways,Ministry of Labour and Employment,701597,Assam,1995.31,1995.31,1477.14,74.0,2023-03-01,2026-12-31,2027-12-31,2026-03-01,6,0.0,0
PAIM-701370,"Borolia Irrigation Project (Department of Water Resources, River Development & GR) (701370)",Infrastructure & Highways,Ministry of Labour and Employment,701370,Assam,3714.21,3714.21,2895.99,78.0,2023-03-01,2027-12-31,2027-12-31,2026-03-01,6,0.0,0
PAIM-701400,Thoubal Multipurpose Project (Water Resources Department-MN) (701400),Infrastructure & Highways,Ministry of Labour and Employment,701400,Assam,1208.96,1208.96,825.61,68.3,2024-03-01,2027-12-31,2029-12-31,2026-03-01,36,0.0,0
PAIM-612786,"including maintenance, operations and AICMC at Kadapa Airport (Airport Authority of India [AAI]) (612786)",Infrastructure & Highways,Ministry of Civil Aviation,612786,Andhra Pradesh,2897.32,2897.32,2136.43,73.7,2022-03-01,2027-12-31,2028-12-31,2026-03-01,18,0.0,0
PAIM-701107,Airport. (Airport Authority of India [AAI]) (701107),Infrastructure & Highways,Ministry of Civil Aviation,701107,Andhra Pradesh,3647.1,3647.1,2272.09,62.3,2023-03-01,2027-12-31,2027-12-31,2026-03-01,18,0.0,0
PAIM-701121,Construction of New  Domestic Terminal Building  at Rajahmundry Airport. (Airport Authority of India [AAI]) (701121),Infrastructure & Highways,Ministry of Civil Aviation,701121,Andhra Pradesh,475.46,475.46,191.46,40.3,2021-03-01,2028-12-31,2028-12-31,2026-03-01,0,0.0,0
PAIM-612183,Development of New Civil Enclave at Bihta (Airport Authority of India [AAI]) (612183),Infrastructure & Highways,Ministry of Civil Aviation,612183,Bihar,2026.62,2026.62,1659.51,81.9,2023-03-01,2026-12-31,2029-12-31,2026-03-01,6,0.0,0
PAIM-612194,Development of New Civil Enclave and associated works at Darbhanga Airport (Airport Authority of India [AAI]) (612194),Infrastructure & Highways,Ministry of Civil Aviation,612194,Bihar,3561.75,3561.75,1613.53,45.3,2021-03-01,2026-12-31,2028-12-31,2026-03-01,0,0.0,0
PAIM-701101,"structures at JPNI Airport, Patna (Airport Authority of India [AAI]) (701101)",Infrastructure & Highways,Ministry of Civil Aviation,701101,Bihar,590.45,590.45,372.82,63.1,2023-03-01,2028-12-31,2029-12-31,2026-03-01,18,0.0,0
PAIM-701105,Goa Airport Terminal Building Extension Project (Airport Authority of India [AAI]) (701105),Infrastructure & Highways,Ministry of Civil Aviation,701105,Gujarat,3994.21,3994.21,2362.91,59.2,2024-03-01,2028-12-31,2028-12-31,2026-03-01,18,0.0,0
PAIM-619054,Development of Keshod Airport. (Airport Authority of India [AAI]) (619054),Infrastructure & Highways,Ministry of Civil Aviation,619054,Gujarat,893.2,893.2,666.58,74.6,2024-03-01,2028-12-31,2028-12-31,2026-03-01,24,0.0,0
PAIM-701126,"Development of Dholera International Greenfield Airport , Gujarat (Airport Authority of India [AAI]) (701126)",Infrastructure & Highways,Ministry of Civil Aviation,701126,Gujarat,2005.07,2005.07,696.64,34.7,2023-03-01,2027-12-31,2029-12-31,2026-03-01,36,0.0,0
PAIM-611047,works and electrical & mechanical installations towards Tawi River side at CA Jammu. (Airport Authority of India [AAI]) ,Infrastructure & Highways,Ministry of Civil Aviation,611047,Multi-State,437.34,437.34,64.39,14.7,2024-03-01,2028-12-31,2028-12-31,2026-03-01,0,0.0,0
PAIM-612787,Airport (Airport Authority of India [AAI]) (612787),Infrastructure & Highways,Ministry of Civil Aviation,612787,Karnataka,2502.97,2502.97,949.24,37.9,2021-03-01,2028-12-31,2029-12-31,2026-03-01,0,0.0,0
PAIM-612788,Belagavi Airport. (Airport Authority of India [AAI]) (612788),Infrastructure & Highways,Ministry of Civil Aviation,612788,Karnataka,2655.84,2655.84,524.13,19.7,2023-03-01,2028-12-31,2027-12-31,2026-03-01,12,0.0,0
PAIM-612789,works for additional RESA on either end on Runway 10-28 (Airport Authority of India [AAI]) (612789),Infrastructure & Highways,Ministry of Civil Aviation,612789,Multi-State,2277.73,2277.73,1517.63,66.6,2024-03-01,2027-12-31,2027-12-31,2026-03-01,24,0.0,0
PAIM-400010,"Construction of Terminal Building & Associated works at Leh Airport, Ladakh (Airport Authority of India [AAI]) (400010)",Infrastructure & Highways,Ministry of Civil Aviation,400010,Multi-State,1714.2,1714.2,883.63,51.5,2024-03-01,2028-12-31,2027-12-31,2026-03-01,36,0.0,0
PAIM-611570,"Navi Mumbai, Jewar [earlier MOPA, without ASMGCS], HIAL & BIAL (Airport Authority of India [AAI]) (611570)",Infrastructure & Highways,Ministry of Civil Aviation,611570,Maharashtra,3570.61,3570.61,978.47,27.4,2022-03-01,2026-12-31,2028-12-31,2026-03-01,0,0.0,0
PAIM-618977,"Development of New Greenfield Airport at Bundi, Kota Rajasthan. (Airport Authority of India [AAI]) (618977)",Infrastructure & Highways,Ministry of Civil Aviation,618977,Rajasthan,1305.79,1305.79,580.22,44.4,2024-03-01,2026-12-31,2027-12-31,2026-03-01,36,0.0,0
PAIM-701127,Airport. (Airport Authority of India [AAI]) (701127),Infrastructure & Highways,Ministry of Civil Aviation,701127,Rajasthan,3851.89,3851.89,2671.15,69.3,2024-03-01,2027-12-31,2027-12-31,2026-03-01,0,0.0,0
PAIM-701128,Construction of New Integrated Passenger Terminal Building at Udaipur Airport (Airport Authority of India [AAI]) (701128,Infrastructure & Highways,Ministry of Civil Aviation,701128,Rajasthan,2320.35,2320.35,1121.72,48.3,2021-03-01,2026-12-31,2027-12-31,2026-03-01,36,0.0,0
PAIM-611602,"Modernization of Chennai Airport, Phase II, Part 2 (Airport Authority of India [AAI]) (611602)",Infrastructure & Highways,Ministry of Coal,611602,Tamil Nadu,4269.08,4269.08,921.83,21.6,2023-03-01,2026-12-31,2029-12-31,2026-03-01,6,0.0,0
PAIM-701113,"Terminal Building, Apron Extension, Runway Extension, PTT and allied works. (Airport Authority of India [AAI]) (701113)",Infrastructure & Highways,Ministry of Coal,701113,Uttar Pradesh,201.72,201.72,47.15,23.4,2022-03-01,2026-12-31,2027-12-31,2026-03-01,24,0.0,0
PAIM-701122,Development of New Integrated Civil Enclave at Agra Airport (Airport Authority of India [AAI]) (701122),Infrastructure & Highways,Ministry of Coal,701122,Uttar Pradesh,1701.98,1701.98,874.58,51.4,2024-03-01,2028-12-31,2028-12-31,2026-03-01,24,0.0,0
PAIM-611495,Development of New Civil Enclave at Bagdogra Airport (Airport Authority of India [AAI]) (611495),Infrastructure & Highways,Ministry of Coal,611495,Uttar Pradesh,4267.63,4267.63,1579.99,37.0,2022-03-01,2026-12-31,2029-12-31,2026-03-01,0,0.0,0
PAIM-612791,Strengthening of C Taxiway at NSCBI Airport Kolkata. (Airport Authority of India [AAI]) (612791),Infrastructure & Highways,Ministry of Coal,612791,West Bengal,4037.66,4037.66,2506.98,62.1,2023-03-01,2026-12-31,2028-12-31,2026-03-01,24,0.0,0
PAIM-400144,PORDA CHIMTAPANI OCP [10 MTY] (South Eastern Coalfields Limited [SECL]) (400144),Infrastructure & Highways,Ministry of Coal,400144,Assam,2660.0,2660.0,577.13,21.7,2023-03-01,2026-12-31,2027-12-31,2026-03-01,6,0.0,0
PAIM-400149,BAROUD OC EXPANSION [3.0-10.0M (South Eastern Coalfields Limited [SECL]) (400149),Infrastructure & Highways,Ministry of Coal,400149,Multi-State,1544.95,1544.95,192.7,12.5,2023-03-01,2027-12-31,2029-12-31,2026-03-01,6,0.0,0
PAIM-400354,DIPKA EXPANSION OCP [40 MTY] (South Eastern Coalfields Limited [SECL]) (400354),Infrastructure & Highways,Ministry of Coal,400354,Multi-State,2421.73,2421.73,862.75,35.6,2022-03-01,2026-12-31,2027-12-31,2026-03-01,0,0.0,0
PAIM-400424,GEVRA OC [70 MTY] (South Eastern Coalfields Limited [SECL]) (400424),Infrastructure & Highways,Ministry of Coal,400424,Multi-State,2517.37,2517.37,2064.72,82.0,2021-03-01,2027-12-31,2029-12-31,2026-03-01,18,0.0,0
PAIM-613798,AMERA OC RCE [1.0 MTY] (South Eastern Coalfields Limited [SECL]) (613798),Infrastructure & Highways,Ministry of Coal,613798,Multi-State,1327.82,1327.82,484.79,36.5,2021-03-01,2028-12-31,2028-12-31,2026-03-01,6,0.0,0
PAIM-613799,AMGAON OC RCE [1.0 MTY] (South Eastern Coalfields Limited [SECL]) (613799),Infrastructure & Highways,Ministry of Coal,613799,Multi-State,4379.94,4379.94,972.87,22.2,2023-03-01,2026-12-31,2028-12-31,2026-03-01,12,0.0,0
PAIM-613800,JAGANNATHPUR OC RCE PROJECT (South Eastern Coalfields Limited [SECL]) (613800),Infrastructure & Highways,Ministry of Coal,613800,Multi-State,4315.01,4315.01,2700.04,62.6,2022-03-01,2028-12-31,2029-12-31,2026-03-01,18,0.0,0
PAIM-613801,MAHAMAYA OCP [1.50 MTY] (South Eastern Coalfields Limited [SECL]) (613801),Infrastructure & Highways,Ministry of Coal,613801,Multi-State,3569.97,3569.97,945.85,26.5,2023-03-01,2026-12-31,2027-12-31,2026-03-01,12,0.0,0
PAIM-615191,KATKONA RO UG MINE (South Eastern Coalfields Limited [SECL]) (615191),Infrastructure & Highways,Ministry of Coal,615191,Multi-State,3212.31,3212.31,2227.57,69.3,2022-03-01,2026-12-31,2028-12-31,2026-03-01,0,0.0,0
PAIM-616234,PELMA OC MDO (South Eastern Coalfields Limited [SECL]) (616234),Infrastructure & Highways,Ministry of Coal,616234,Multi-State,1312.94,1312.94,820.98,62.5,2024-03-01,2027-12-31,2029-12-31,2026-03-01,24,0.0,0
PAIM-617287,KUSMUNDA OC EXPANSION PROJECT (SECL - CIL) (617287),Infrastructure & Highways,Ministry of Coal,617287,Multi-State,4218.46,4218.46,1825.27,43.3,2022-03-01,2028-12-31,2029-12-31,2026-03-01,6,0.0,0
PAIM-617288,MANIKPUR OC EXPANSION PROJECT (South Eastern Coalfields Limited [SECL]) (617288),Infrastructure & Highways,Ministry of Coal,617288,Multi-State,1188.96,1188.96,502.08,42.2,2021-03-01,2028-12-31,2028-12-31,2026-03-01,24,0.0,0
PAIM-619171,RPR FOR DURGAPUR OCP 10 MTY (SECL - CIL) (619171),Infrastructure & Highways,Ministry of Coal,619171,Multi-State,3034.53,3034.53,1539.68,50.7,2023-03-01,2026-12-31,2027-12-31,2026-03-01,36,0.0,0
PAIM-619172,MADANNAGAR OCP 12 MTY - MDO (SECL - CIL) (619172),Infrastructure & Highways,Ministry of Coal,619172,Multi-State,4448.34,4448.34,2956.86,66.5,2021-03-01,2026-12-31,2027-12-31,2026-03-01,36,0.0,0
PAIM-400018,HURA C OCP (ECL - CIL) (400018),Infrastructure & Highways,Ministry of Coal,400018,Multi-State,765.8,765.8,150.26,19.6,2022-03-01,2028-12-31,2028-12-31,2026-03-01,0,0.0,0
PAIM-400073,KONAR EXPANSION OCP (Ministry of Coal) (400073),Infrastructure & Highways,Ministry of Coal,400073,Multi-State,3590.04,3590.04,2057.85,57.3,2023-03-01,2027-12-31,2029-12-31,2026-03-01,6,0.0,0
PAIM-400074,KARO EXPANSION OCP (Ministry of Coal) (400074),Infrastructure & Highways,Ministry of Coal,400074,Multi-State,2011.89,2011.89,236.41,11.8,2024-03-01,2027-12-31,2027-12-31,2026-03-01,36,0.0,0
PAIM-400136,SANGHMITRA OC (Ministry of Coal) (400136),Infrastructure & Highways,Ministry of Coal,400136,Multi-State,3180.2,3180.2,1785.71,56.2,2021-03-01,2027-12-31,2029-12-31,2026-03-01,36,0.0,0
PAIM-400138,CHANDRAGUPT OCP (Ministry of Coal) (400138),Infrastructure & Highways,Ministry of Coal,400138,Multi-State,411.73,411.73,64.55,15.7,2022-03-01,2028-12-31,2027-12-31,2026-03-01,18,0.0,0
PAIM-400139,KOTRE BASANTPUR PACHMO OCP (Ministry of Coal) (400139),Infrastructure & Highways,Ministry of Coal,400139,Multi-State,1924.08,1924.08,1028.49,53.5,2024-03-01,2027-12-31,2028-12-31,2026-03-01,18,0.0,0
PAIM-400142,Pachwara South Coal Block (NLC India Limited [NLCIL]) (400142),Infrastructure & Highways,Ministry of Coal,400142,Multi-State,4087.5,4087.5,2607.47,63.8,2022-03-01,2028-12-31,2028-12-31,2026-03-01,6,0.0,0
PAIM-400150,RPR MAGADH EXP OCP (Ministry of Coal) (400150),Infrastructure & Highways,Ministry of Coal,400150,Multi-State,632.29,632.29,187.4,29.6,2021-03-01,2026-12-31,2029-12-31,2026-03-01,24,0.0,0
PAIM-400151,NORTH URIMARI EXPANSION OCP (Ministry of Coal) (400151),Infrastructure & Highways,Ministry of Coal,400151,Multi-State,2746.24,2746.24,875.36,31.9,2024-03-01,2027-12-31,2028-12-31,2026-03-01,12,0.0,0
PAIM-400153,EPR ROHINI - KARKETTA OCP (Ministry of Coal) (400153),Infrastructure & Highways,Ministry of Coal,400153,Multi-State,3512.33,3512.33,2808.71,80.0,2024-03-01,2027-12-31,2029-12-31,2026-03-01,12,0.0,0
PAIM-400154,EPR PUNDI OCP (Ministry of Coal) (400154),Infrastructure & Highways,Ministry of Coal,400154,Multi-State,3144.71,3144.71,621.8,19.8,2021-03-01,2027-12-31,2029-12-31,2026-03-01,18,0.0,0
PAIM-400155,EPR ASHOK OC (Ministry of Coal) (400155),Infrastructure & Highways,Ministry of Coal,400155,Multi-State,3281.31,3281.31,1205.52,36.7,2023-03-01,2028-12-31,2029-12-31,2026-03-01,18,0.0,0
PAIM-400156,EPR AMRAPALI OCP (Ministry of Coal) (400156),Infrastructure & Highways,Ministry of Coal,400156,Multi-State,2189.71,2189.71,923.4,42.2,2021-03-01,2027-12-31,2029-12-31,2026-03-01,6,0.0,0
PAIM-400160,RAJRAPPA RCE OCP (Ministry of Coal) (400160),Infrastructure & Highways,Ministry of Coal,400160,Multi-State,1542.26,1542.26,1086.76,70.5,2024-03-01,2027-12-31,2027-12-31,2026-03-01,18,0.0,0
PAIM-400172,CHITRA EAST OC (Eastern Coal Fields Limited [ECL]) (400172),Infrastructure & Highways,Ministry of Coal,400172,Multi-State,1957.6,1957.6,1319.82,67.4,2024-03-01,2027-12-31,2029-12-31,2026-03-01,6,0.0,0
PAIM-400352,JHARKHAND-LAIYO OCP (Ministry of Coal) (400352),Infrastructure & Highways,Ministry of Coal,400352,Multi-State,2161.82,2161.82,1488.56,68.9,2022-03-01,2027-12-31,2027-12-31,2026-03-01,18,0.0,0
PAIM-400425,MOONIDIH XV SEAM UG (Ministry of Coal) (400425),Infrastructure & Highways,Ministry of Coal,400425,Multi-State,1047.38,1047.38,600.98,57.4,2021-03-01,2028-12-31,2027-12-31,2026-03-01,12,0.0,0
PAIM-611017,2.5 MTPA PATHERDIH NLW WASHERY (Ministry of Coal) (611017),Infrastructure & Highways,Ministry of Coal,611017,Multi-State,601.11,601.11,323.81,53.9,2023-03-01,2027-12-31,2027-12-31,2026-03-01,6,0.0,0
PAIM-611864,AMALAGAMATED NTST KUJAMA OCP 8.5MTY (Ministry of Coal) (611864),Infrastructure & Highways,Ministry of Coal,611864,Multi-State,2378.81,2378.81,922.85,38.8,2023-03-01,2027-12-31,2027-12-31,2026-03-01,36,0.0,0
PAIM-613808,MURAIDIH UG PROJECT (Ministry of Coal) (613808),Infrastructure & Highways,Ministry of Coal,613808,Multi-State,633.05,633.05,423.51,66.9,2023-03-01,2026-12-31,2027-12-31,2026-03-01,24,0.0,0
PAIM-615349,TAPIN SOUTH EXPN (Ministry of Coal) (615349),Infrastructure & Highways,Ministry of Coal,615349,Multi-State,371.74,371.74,132.87,35.7,2024-03-01,2028-12-31,2029-12-31,2026-03-01,18,0.0,0
PAIM-615822,SIRKA OC (Ministry of Coal) (615822),Infrastructure & Highways,Ministry of Coal,615822,Multi-State,4094.55,4094.55,716.38,17.5,2022-03-01,2027-12-31,2027-12-31,2026-03-01,12,0.0,0
PAIM-615843,TETARIAKHAR OC (Ministry of Coal) (615843),Infrastructure & Highways,Ministry of Coal,615843,Multi-State,3199.75,3199.75,2051.04,64.1,2024-03-01,2027-12-31,2027-12-31,2026-03-01,36,0.0,0
PAIM-616225,CHUPERBHITA SIMLONG OCP MDO 6 (Eastern Coal Fields Limited [ECL]) (616225),Infrastructure & Highways,Ministry of Coal,616225,Multi-State,3644.13,3644.13,2869.94,78.8,2021-03-01,2027-12-31,2028-12-31,2026-03-01,0,0.0,0
PAIM-616236,JARANGDIH EXPN. OCP 1.5 MTY (CCL - CIL) (616236),Infrastructure & Highways,Ministry of Coal,616236,Multi-State,3809.05,3809.05,2065.68,54.2,2023-03-01,2027-12-31,2027-12-31,2026-03-01,0,0.0,0
PAIM-616253,BLOCK E OCP (Ministry of Coal) (616253),Infrastructure & Highways,Ministry of Coal,616253,Multi-State,675.65,675.65,396.64,58.7,2022-03-01,2028-12-31,2027-12-31,2026-03-01,24,0.0,0
PAIM-617416,affected families in Jharia Coalfield- Reg. (Bharat Coking Coal Limited [BCCL]) (617416),Infrastructure & Highways,Ministry of Coal,617416,Madhya Pradesh,1249.49,1249.49,619.36,49.6,2023-03-01,2027-12-31,2028-12-31,2026-03-01,0,0.0,0
PAIM-400148,AMADAND OCP[4.0MTY] (Ministry of Coal) (400148),Infrastructure & Highways,Ministry of Coal,400148,Madhya Pradesh,1908.56,1908.56,640.3,33.5,2024-03-01,2027-12-31,2027-12-31,2026-03-01,18,0.0,0
PAIM-400162,BLOCK B EXPANSION  [3.5 TO 8.0 (Northern Coalfields Limited [NCL]) (400162),Infrastructure & Highways,Ministry of Coal,400162,Madhya Pradesh,2614.4,2614.4,705.58,27.0,2022-03-01,2027-12-31,2027-12-31,2026-03-01,36,0.0,0
PAIM-400321,NIGAHI EXPANSION [15 TO 25 MTP (Northern Coalfields Limited [NCL]) (400321),Infrastructure & Highways,Ministry of Coal,400321,Madhya Pradesh,3484.81,3484.81,2397.63,68.8,2023-03-01,2026-12-31,2027-12-31,2026-03-01,18,0.0,0
PAIM-613802,KANCHAN OC EXP (South Eastern Coalfields Limited [SECL]) (613802),Infrastructure & Highways,Ministry of Coal,613802,Madhya Pradesh,1859.83,1859.83,1245.43,67.0,2022-03-01,2028-12-31,2028-12-31,2026-03-01,12,0.0,0
PAIM-613803,JHIRIA WEST OCP [1.5 MTY] (South Eastern Coalfields Limited [SECL]) (613803),Infrastructure & Highways,Ministry of Coal,613803,Madhya Pradesh,1648.53,1648.53,435.41,26.4,2024-03-01,2026-12-31,2027-12-31,2026-03-01,24,0.0,0
PAIM-613804,RPR TAWA-III UG 0.84 MTY (Western Coalfields Limited [WCL]) (613804),Infrastructure & Highways,Ministry of Coal,613804,Madhya Pradesh,3465.7,3465.7,1114.05,32.1,2023-03-01,2028-12-31,2029-12-31,2026-03-01,6,0.0,0
PAIM-615185,AMALGAMATED DHANKASA & JAMUNIA (Western Coalfields Limited [WCL]) (615185),Infrastructure & Highways,Ministry of Coal,615185,Madhya Pradesh,476.75,476.75,218.17,45.8,2024-03-01,2026-12-31,2028-12-31,2026-03-01,24,0.0,0
PAIM-615187,RPR OF VISHNUPURI UG TO OC (Western Coalfields Limited [WCL]) (615187),Infrastructure & Highways,Ministry of Coal,615187,Madhya Pradesh,2548.42,2548.42,426.1,16.7,2021-03-01,2026-12-31,2028-12-31,2026-03-01,36,0.0,0
PAIM-615194,URDHAN EXPANSION OC COST PLUS (Western Coalfields Limited [WCL]) (615194),Infrastructure & Highways,Ministry of Coal,615194,Madhya Pradesh,3106.59,3106.59,869.46,28.0,2021-03-01,2026-12-31,2027-12-31,2026-03-01,18,0.0,0
PAIM-615195,SHARDA UG MINE (Western Coalfields Limited [WCL]) (615195),Infrastructure & Highways,Ministry of Coal,615195,Madhya Pradesh,3263.23,3263.23,2120.51,65.0,2023-03-01,2028-12-31,2027-12-31,2026-03-01,0,0.0,0
PAIM-615206,GANDHIGRAM UG MINE (Western Coalfields Limited [WCL]) (615206),Infrastructure & Highways,Ministry of Coal,615206,Madhya Pradesh,3428.51,3428.51,562.0,16.4,2024-03-01,2026-12-31,2029-12-31,2026-03-01,24,0.0,0
PAIM-619032,JAYANT EXPN. [20 TO 38 MTPA] (Northern Coalfields Limited [NCL]) (619032),Infrastructure & Highways,Ministry of Coal,619032,Madhya Pradesh,1258.62,1258.62,445.6,35.4,2023-03-01,2026-12-31,2028-12-31,2026-03-01,0,0.0,0
PAIM-619053,RPR FOR RAMPUR BATURA OCP (SECL - CIL) (619053),Infrastructure & Highways,Ministry of Coal,619053,Maharashtra,2854.02,2854.02,1971.04,69.1,2023-03-01,2026-12-31,2028-12-31,2026-03-01,36,0.0,0
PAIM-400033,BHATADI EXPANSION OC (Western Coalfields Limited [WCL]) (400033),Infrastructure & Highways,Ministry of Coal,400033,Maharashtra,1069.74,1069.74,530.0,49.5,2022-03-01,2028-12-31,2027-12-31,2026-03-01,12,0.0,0
PAIM-400177,AMALGAMATED YEKONA I & YEKONA (Western Coalfields Limited [WCL]) (400177),Infrastructure & Highways,Ministry of Coal,400177,Maharashtra,522.74,522.74,407.84,78.0,2023-03-01,2027-12-31,2027-12-31,2026-03-01,24,0.0,0
PAIM-400178,DINESH[MAKARDHOKRA-III] OC (Western Coalfields Limited [WCL]) (400178),Infrastructure & Highways,Ministry of Coal,400178,Maharashtra,1864.43,1864.43,1244.02,66.7,2023-03-01,2028-12-31,2028-12-31,2026-03-01,18,0.0,0
PAIM-400353,DHUPTALA OC [SASTI UG TO OC ] (Western Coalfields Limited [WCL]) (400353),Infrastructure & Highways,Ministry of Coal,400353,Maharashtra,3233.08,3233.08,2246.42,69.5,2023-03-01,2027-12-31,2027-12-31,2026-03-01,0,0.0,0
PAIM-615184,SAONER UG MINE -1 EXPANSION 1. (Western Coalfields Limited [WCL]) (615184),Infrastructure & Highways,Ministry of Coal,615184,Maharashtra,622.1,622.1,89.68,14.4,2024-03-01,2026-12-31,2028-12-31,2026-03-01,36,0.0,0
PAIM-615186,SASTI  EXPANSION OPENCAST (Western Coalfields Limited [WCL]) (615186),Infrastructure & Highways,Ministry of Coal,615186,Maharashtra,1146.76,1146.76,343.0,29.9,2024-03-01,2028-12-31,2027-12-31,2026-03-01,6,0.0,0
PAIM-615188,NEW MAJRI UG TO OC 3 MTY COST (Western Coalfields Limited [WCL]) (615188),Infrastructure & Highways,Ministry of Coal,615188,Maharashtra,2684.73,2684.73,673.26,25.1,2022-03-01,2026-12-31,2029-12-31,2026-03-01,18,0.0,0
PAIM-615189,MAKARDHOKRA EXPN OC 4.9 MTY (Western Coalfields Limited [WCL]) (615189),Infrastructure & Highways,Ministry of Coal,615189,Maharashtra,2109.04,2109.04,1787.89,84.8,2023-03-01,2026-12-31,2028-12-31,2026-03-01,24,0.0,0
PAIM-615190,SINGHORI DEEP OC MIN 2.0 MTY (Western Coalfields Limited [WCL]) (615190),Infrastructure & Highways,Ministry of Coal,615190,Maharashtra,3945.79,3945.79,1878.47,47.6,2023-03-01,2028-12-31,2029-12-31,2026-03-01,24,0.0,0
PAIM-615192,GOKUL EXTENSION OC MINE (Western Coalfields Limited [WCL]) (615192),Infrastructure & Highways,Ministry of Coal,615192,Maharashtra,1825.59,1825.59,1348.6,73.9,2024-03-01,2026-12-31,2028-12-31,2026-03-01,0,0.0,0
PAIM-615199,KOLGAON EXPANSION DEEP OC MINE (Western Coalfields Limited [WCL]) (615199),Infrastructure & Highways,Ministry of Coal,615199,Maharashtra,2906.68,2906.68,1701.73,58.5,2023-03-01,2026-12-31,2029-12-31,2026-03-01,18,0.0,0
PAIM-615330,BALLARPUR NORTH WEST OC MINE (Western Coalfields Limited [WCL]) (615330),Infrastructure & Highways,Ministry of Coal,615330,Maharashtra,3159.82,3159.82,2076.59,65.7,2024-03-01,2028-12-31,2027-12-31,2026-03-01,12,0.0,0
PAIM-615331,GADEGAON OC 3 MTY (Western Coalfields Limited [WCL]) (615331),Infrastructure & Highways,Ministry of Coal,615331,Maharashtra,1769.56,1769.56,1341.64,75.8,2021-03-01,2028-12-31,2027-12-31,2026-03-01,36,0.0,0
PAIM-615914,GHONSA EXPANSION DEEP OC MINE (Western Coalfields Limited [WCL]) (615914),Infrastructure & Highways,Ministry of Coal,615914,Maharashtra,2597.27,2597.27,1267.75,48.8,2021-03-01,2026-12-31,2028-12-31,2026-03-01,0,0.0,0
PAIM-615916,AMLG GAURI PAUNI EXPANSION OC (Western Coalfields Limited [WCL]) (615916),Infrastructure & Highways,Ministry of Coal,615916,Maharashtra,3740.35,3740.35,1585.55,42.4,2023-03-01,2027-12-31,2029-12-31,2026-03-01,18,0.0,0
PAIM-615917,GAURIDEEP/GAURI CENTRAL OCP 7. (Western Coalfields Limited [WCL]) (615917),Infrastructure & Highways,Ministry of Coal,615917,Maharashtra,1670.91,1670.91,449.76,26.9,2023-03-01,2026-12-31,2027-12-31,2026-03-01,18,0.0,0
PAIM-615918,RPR OF BHANEGAON OC (Western Coalfields Limited [WCL]) (615918),Infrastructure & Highways,Ministry of Coal,615918,Maharashtra,3067.46,3067.46,2265.62,73.9,2022-03-01,2026-12-31,2027-12-31,2026-03-01,12,0.0,0
PAIM-615919,N. EXTN. MUNGOLI NIRGUDA D OCP (Western Coalfields Limited [WCL]) (615919),Infrastructure & Highways,Ministry of Coal,615919,Maharashtra,1193.37,1193.37,282.6,23.7,2024-03-01,2027-12-31,2029-12-31,2026-03-01,6,0.0,0
PAIM-615982,NILJAI EXPANSION DEEP  OCP (Western Coalfields Limited [WCL]) (615982),Infrastructure & Highways,Ministry of Coal,615982,Maharashtra,1996.23,1996.23,1122.43,56.2,2021-03-01,2026-12-31,2029-12-31,2026-03-01,6,0.0,0
PAIM-616044,UKNI DEEP OC MINE -COST PLUS (Western Coalfields Limited [WCL]) (616044),Infrastructure & Highways,Ministry of Coal,616044,Maharashtra,1330.77,1330.77,210.47,15.8,2023-03-01,2027-12-31,2027-12-31,2026-03-01,6,0.0,0
PAIM-616050,AMALGAMATED INDER-KAMPTEE DEEP (Western Coalfields Limited [WCL]) (616050),Infrastructure & Highways,Ministry of Coal,616050,Maharashtra,3417.33,3417.33,1589.91,46.5,2023-03-01,2028-12-31,2029-12-31,2026-03-01,0,0.0,0
PAIM-616223,ADASA UG TO OC MINE (Western Coalfields Limited [WCL]) (616223),Infrastructure & Highways,Ministry of Coal,616223,Maharashtra,233.08,233.08,156.39,67.1,2022-03-01,2027-12-31,2027-12-31,2026-03-01,6,0.0,0
PAIM-616229,AMAL GONDEGAON GHATROHANA EXPN (Western Coalfields Limited [WCL]) (616229),Infrastructure & Highways,Ministry of Coal,616229,Maharashtra,848.71,848.71,477.04,56.2,2023-03-01,2027-12-31,2027-12-31,2026-03-01,12,0.0,0
PAIM-617233,WAGHODA UG MINE [1.02 MTY] (Western Coalfields Limited [WCL]) (617233),Infrastructure & Highways,Ministry of Coal,617233,Maharashtra,887.45,887.45,602.52,67.9,2022-03-01,2028-12-31,2029-12-31,2026-03-01,36,0.0,0
PAIM-617278,KOLARPIMPRI EXPANSION OC [2.5 (Western Coalfields Limited [WCL]) (617278),Infrastructure & Highways,Ministry of Coal,617278,Maharashtra,1984.25,1984.25,1190.61,60.0,2021-03-01,2026-12-31,2028-12-31,2026-03-01,24,0.0,0
PAIM-619055,SAONER-III EXPN UG MINE 1.54 (Western Coalfields Limited [WCL]) (619055),Infrastructure & Highways,Ministry of Coal,619055,Maharashtra,3472.79,3472.79,1093.7,31.5,2023-03-01,2027-12-31,2028-12-31,2026-03-01,6,0.0,0
PAIM-400313,Master Plan for Jharia and Raniganj Coalfields (Bharat Coking Coal Limited [BCCL]) (400313),Infrastructure & Highways,Ministry of Coal,400313,Maharashtra,1037.75,1037.75,801.73,77.3,2024-03-01,2028-12-31,2028-12-31,2026-03-01,12,0.0,0
PAIM-400369,BINA KAKRI AMALGAMATION EXPANS (Northern Coalfields Limited [NCL]) (400369),Infrastructure & Highways,Ministry of Coal,400369,Uttar Pradesh,766.13,766.13,546.89,71.4,2022-03-01,2027-12-31,2028-12-31,2026-03-01,36,0.0,0
PAIM-615183,KHADIA EXPANSION [10 TO 16 MTP (Northern Coalfields Limited [NCL]) (615183),Infrastructure & Highways,Ministry of Coal,615183,Uttar Pradesh,2589.74,2589.74,1355.36,52.3,2021-03-01,2028-12-31,2027-12-31,2026-03-01,0,0.0,0
PAIM-400165,SUBHADRA OCP (Mahanadi Coalfields Limited [MCL]) (400165),Infrastructure & Highways,Ministry of Coal,400165,Odisha,1772.69,1772.69,1003.2,56.6,2023-03-01,2027-12-31,2028-12-31,2026-03-01,18,0.0,0
PAIM-400166,SIARMAL OCP (Mahanadi Coalfields Limited [MCL]) (400166),Infrastructure & Highways,Ministry of Coal,400166,Odisha,3356.31,3356.31,1893.84,56.4,2024-03-01,2026-12-31,2027-12-31,2026-03-01,0,0.0,0
PAIM-400183,BALARAM EXPANSION OCP (Mahanadi Coalfields Limited [MCL]) (400183),Infrastructure & Highways,Ministry of Coal,400183,Odisha,1274.55,1274.55,778.33,61.1,2023-03-01,2028-12-31,2027-12-31,2026-03-01,24,0.0,0
PAIM-400185,GOPALJI KANIHA OCP [10 TO 30 M (MCL - CIL) (400185),Infrastructure & Highways,Ministry of Coal,400185,Odisha,574.8,574.8,269.34,46.9,2021-03-01,2027-12-31,2028-12-31,2026-03-01,24,0.0,0
PAIM-400187,INTEGRATED LAKHANPUR-BELPAHAR- (Mahanadi Coalfields Limited [MCL]) (400187),Infrastructure & Highways,Ministry of Coal,400187,Odisha,3207.28,3207.28,2128.55,66.4,2023-03-01,2027-12-31,2027-12-31,2026-03-01,24,0.0,0
PAIM-400392,BHARATPUR RE-ORGANIZATION OCP (Mahanadi Coalfields Limited [MCL]) (400392),Infrastructure & Highways,Ministry of Coal,400392,Odisha,1669.93,1669.93,767.06,45.9,2023-03-01,2028-12-31,2027-12-31,2026-03-01,24,0.0,0
PAIM-615193,BASUNDHARA WEST EXTENSION OPEN (MCL - CIL) (615193),Infrastructure & Highways,Ministry of Coal,615193,Odisha,846.38,846.38,560.4,66.2,2022-03-01,2028-12-31,2027-12-31,2026-03-01,36,0.0,0
PAIM-615857,Naini Coal Mine (Singareni Collieries Company Limited [SCCL]) (615857),Infrastructure & Highways,Ministry of Coal,615857,Odisha,2771.58,2771.58,1408.77,50.8,2021-03-01,2026-12-31,2027-12-31,2026-03-01,0,0.0,0
PAIM-616226,INTEGRATED KULDA GARJANBAHAL O (Mahanadi Coalfields Limited [MCL]) (616226),Infrastructure & Highways,Ministry of Coal,616226,Odisha,1618.1,1618.1,1322.86,81.8,2022-03-01,2028-12-31,2028-12-31,2026-03-01,12,0.0,0
PAIM-616231,BHUBANESWARI EXPN OCP 50 MTY (MCL - CIL) (616231),Infrastructure & Highways,Ministry of Coal,616231,Odisha,346.44,346.44,138.69,40.0,2022-03-01,2027-12-31,2029-12-31,2026-03-01,18,0.0,0
PAIM-616232,HINGULA II OC EXPN PH III 15 M (MCL - CIL) (616232),Infrastructure & Highways,Ministry of Coal,616232,Odisha,3461.35,3461.35,1343.0,38.8,2022-03-01,2028-12-31,2028-12-31,2026-03-01,6,0.0,0
PAIM-616233,BALABHADRA OCP (MCL - CIL) (616233),Infrastructure & Highways,Ministry of Coal,616233,Odisha,3450.89,3450.89,1058.88,30.7,2023-03-01,2028-12-31,2029-12-31,2026-03-01,36,0.0,0
PAIM-618982,Talabira II & III OCP - FMC (NLC India Limited [NLCIL]) (618982),Infrastructure & Highways,Ministry of Coal,618982,Odisha,1479.52,1479.52,451.02,30.5,2023-03-01,2026-12-31,2028-12-31,2026-03-01,36,0.0,0
PAIM-615818,Jawahar Khani Open Cast Mine (Singareni Collieries Company Limited [SCCL]) (615818),Infrastructure & Highways,Ministry of Coal,615818,Odisha,3432.52,3432.52,641.03,18.7,2023-03-01,2028-12-31,2028-12-31,2026-03-01,0,0.0,0
PAIM-615858,Kalyanikhani Opencast Project (Singareni Collieries Company Limited [SCCL]) (615858),Infrastructure & Highways,Ministry of Coal,615858,Telangana,3320.39,3320.39,1986.8,59.8,2022-03-01,2027-12-31,2027-12-31,2026-03-01,24,0.0,0
PAIM-615860,Godavarikhani Coal Mine - 5 (Singareni Collieries Company Limited [SCCL]) (615860),Infrastructure & Highways,Ministry of Coal,615860,Telangana,2482.51,2482.51,1552.33,62.5,2021-03-01,2026-12-31,2027-12-31,2026-03-01,24,0.0,0
PAIM-615861,Indaram Opencast Project (Singareni Collieries Company Limited [SCCL]) (615861),Infrastructure & Highways,Ministry of Coal,615861,Telangana,893.1,893.1,417.18,46.7,2021-03-01,2026-12-31,2028-12-31,2026-03-01,18,0.0,0
PAIM-615862,Goleti Opencast Mine (Singareni Collieries Company Limited [SCCL]) (615862),Infrastructure & Highways,Ministry of Coal,615862,Telangana,2315.17,2315.17,872.38,37.7,2021-03-01,2027-12-31,2029-12-31,2026-03-01,12,0.0,0
PAIM-615863,Venkatesh Khani Coal Mine (Singareni Collieries Company Limited [SCCL]) (615863),Infrastructure & Highways,Ministry of Coal,615863,Telangana,2655.4,2655.4,419.87,15.8,2023-03-01,2027-12-31,2029-12-31,2026-03-01,0,0.0,0
PAIM-615865,Kakatiyakhani OC - 2 Project (Singareni Collieries Company Limited [SCCL]) (615865),Infrastructure & Highways,Ministry of Coal,615865,Telangana,3800.3,3800.3,2592.98,68.2,2024-03-01,2028-12-31,2027-12-31,2026-03-01,0,0.0,0
PAIM-400173,MOHANPUR EXPANSION OC -PHASE I (Eastern Coal Fields Limited [ECL]) (400173),Infrastructure & Highways,Ministry of Coal,400173,West Bengal,4360.62,4360.62,3702.52,84.9,2022-03-01,2028-12-31,2027-12-31,2026-03-01,24,0.0,0
PAIM-400180,BONJEMEHARI EXPANSION OCP (Eastern Coal Fields Limited [ECL]) (400180),Infrastructure & Highways,Ministry of Coal,400180,West Bengal,3656.96,3656.96,2931.94,80.2,2022-03-01,2026-12-31,2027-12-31,2026-03-01,36,0.0,0
PAIM-400181,NAKRAKONDA KUMARDIH- B OCP (Eastern Coal Fields Limited [ECL]) (400181),Infrastructure & Highways,Ministry of Coal,400181,West Bengal,1227.58,1227.58,389.63,31.7,2022-03-01,2027-12-31,2029-12-31,2026-03-01,0,0.0,0
PAIM-400182,SIDULI [OC & UG] (ECL - CIL) (400182),Infrastructure & Highways,Ministry of Coal,400182,West Bengal,2424.49,2424.49,641.86,26.5,2023-03-01,2026-12-31,2027-12-31,2026-03-01,18,0.0,0
PAIM-400186,TILABONI UG (Eastern Coal Fields Limited [ECL]) (400186),Infrastructure & Highways,Ministry of Coal,400186,West Bengal,1099.01,1099.01,324.26,29.5,2023-03-01,2028-12-31,2027-12-31,2026-03-01,36,0.0,0
PAIM-400312,JHANJRA EXPANSION UG (Eastern Coal Fields Limited [ECL]) (400312),Infrastructure & Highways,Ministry of Coal,400312,West Bengal,2283.35,2283.35,1128.82,49.4,2021-03-01,2028-12-31,2027-12-31,2026-03-01,0,0.0,0
PAIM-400315,SONEPUR BAZARI EXPANSION OCP [ (Eastern Coal Fields Limited [ECL]) (400315),Infrastructure & Highways,Ministry of Coal,400315,West Bengal,661.87,661.87,347.8,52.5,2024-03-01,2027-12-31,2027-12-31,2026-03-01,36,0.0,0
PAIM-611016,2.0 MTPA BHOJUDIH NLW WASHERY (Ministry of Coal) (611016),Infrastructure & Highways,Ministry of Coal,611016,West Bengal,1471.21,1471.21,631.75,42.9,2023-03-01,2027-12-31,2027-12-31,2026-03-01,0,0.0,0
PAIM-612816,ITAPARA OCP (Eastern Coal Fields Limited [ECL]) (612816),Infrastructure & Highways,Ministry of Coal,612816,West Bengal,2128.61,2128.61,1454.27,68.3,2024-03-01,2028-12-31,2028-12-31,2026-03-01,18,0.0,0
PAIM-613793,SHYAMSUNDARPUR UG INCLUDING SA (Eastern Coal Fields Limited [ECL]) (613793),Infrastructure & Highways,Ministry of Coal,613793,West Bengal,2671.93,2671.93,1087.05,40.7,2022-03-01,2026-12-31,2028-12-31,2026-03-01,36,0.0,0
PAIM-613794,PARASEA-BELBAID UG PROJECT (Eastern Coal Fields Limited [ECL]) (613794),Infrastructure & Highways,Ministry of Coal,613794,West Bengal,3934.85,3934.85,1412.61,35.9,2024-03-01,2026-12-31,2027-12-31,2026-03-01,24,0.0,0
PAIM-616230,PARASCOLE JAMBAD OCP (Eastern Coal Fields Limited [ECL]) (616230),Infrastructure & Highways,Ministry of Coal,616230,West Bengal,2964.3,2964.3,2003.9,67.6,2022-03-01,2026-12-31,2029-12-31,2026-03-01,24,0.0,0
PAIM-617299,50 MW Wind Power Project (NLC India Limited [NLCIL]) (617299),Infrastructure & Highways,Ministry of Coal,617299,Gujarat,2874.44,2874.44,2044.29,71.1,2022-03-01,2027-12-31,2028-12-31,2026-03-01,36,0.0,0
PAIM-617730,600 MW Khavda Solar Power Project (NLC India Limited [NLCIL]) (617730),Infrastructure & Highways,Ministry of Coal,617730,Gujarat,3965.8,3965.8,1045.52,26.4,2023-03-01,2027-12-31,2029-12-31,2026-03-01,0,0.0,0
PAIM-618991,200 MW SPP part of 510 MW CPSU scheme (NLC India Limited [NLCIL]) (618991),Infrastructure & Highways,Ministry of Coal,618991,Gujarat,2223.51,2223.51,1485.42,66.8,2024-03-01,2026-12-31,2027-12-31,2026-03-01,6,0.0,0
PAIM-618992,100 MW SPP part of SECI 150 MW Hybrid (NLC India Limited [NLCIL]) (618992),Infrastructure & Highways,Ministry of Coal,618992,Odisha,3001.32,3001.32,1409.21,47.0,2023-03-01,2027-12-31,2027-12-31,2026-03-01,12,0.0,0
PAIM-400231,NLC Talabira Thermal Power Project (NLC India Limited [NLCIL]) (400231),Infrastructure & Highways,Ministry of Coal,400231,Odisha,1684.23,1684.23,754.4,44.8,2022-03-01,2028-12-31,2028-12-31,2026-03-01,18,0.0,0
PAIM-612819,300 MW SPP part of 510 MW CPSU scheme (NLC India Limited [NLCIL]) (612819),Infrastructure & Highways,Ministry of Coal,612819,Odisha,538.32,538.32,186.49,34.6,2021-03-01,2027-12-31,2027-12-31,2026-03-01,12,0.0,0
PAIM-615327,50 MW Solar PP Minedout Area (NLC India Limited [NLCIL]) (615327),Infrastructure & Highways,Ministry of Coal,615327,Tamil Nadu,490.95,490.95,62.98,12.8,2024-03-01,2028-12-31,2029-12-31,2026-03-01,24,0.0,0
PAIM-400259,Ghatampur Thermal Power Plant 3 X 660 MW (NLC India Limited [NLCIL]) (400259),Infrastructure & Highways,Ministry of Coal,400259,Tamil Nadu,2380.56,2380.56,1447.1,60.8,2023-03-01,2027-12-31,2028-12-31,2026-03-01,24,0.0,0
PAIM-400203,Dharamjaigarh-Korba (Railway) (400203),Infrastructure & Highways,Ministry of Coal,400203,Uttar Pradesh,1005.11,1005.11,548.11,54.5,2023-03-01,2028-12-31,2027-12-31,2026-03-01,0,0.0,0
PAIM-400416,line] (Ministry of Coal) (400416),Infrastructure & Highways,Ministry of Coal,400416,Multi-State,574.5,574.5,397.09,69.1,2023-03-01,2026-12-31,2029-12-31,2026-03-01,12,0.0,0
PAIM-400192,Tubed Coal Mine (Damodar Valley Corporation) (400192),Infrastructure & Highways,Ministry of Coal,400192,Multi-State,1694.26,1694.26,1340.6,79.1,2021-03-01,2028-12-31,2028-12-31,2026-03-01,18,0.0,0
PAIM-603293,Badam Coal Mining project of NTPC (National Thermal Power Corporation [NTPC]) (603293),Infrastructure & Highways,Ministry of Coal,603293,Multi-State,2407.44,2407.44,2011.05,83.5,2021-03-01,2026-12-31,2029-12-31,2026-03-01,12,0.0,0
PAIM-602579,Buxar Thermal Power Project [1320 MW] (Satluj Jal Vidyut Nigam [SJVN] Thermal Limited) (602579),Infrastructure & Highways,Ministry of Coal,602579,Bihar,4184.24,4184.24,3223.08,77.0,2023-03-01,2026-12-31,2028-12-31,2026-03-01,6,0.0,0
PAIM-619051,"Nabinagar Super Thermal Power Project, Stage-II [3x800 MW] (National Thermal Power Corporation [NTPC]) (619051)",Infrastructure & Highways,Ministry of Coal,619051,Bihar,965.77,965.77,299.15,31.0,2024-03-01,2026-12-31,2029-12-31,2026-03-01,0,0.0,0
PAIM-611930,Lara Super Thermal Power Project Stage-II [2 x 800 MW] (National Thermal Power Corporation [NTPC]) (611930),Infrastructure & Highways,Ministry of Coal,611930,Bihar,3895.75,3895.75,1506.9,38.7,2021-03-01,2027-12-31,2029-12-31,2026-03-01,24,0.0,0
PAIM-617188,"Sipat Super Thermal Power Project, Stage-III [1x800 MW] (National Thermal Power Corporation [NTPC]) (617188)",Infrastructure & Highways,Ministry of Coal,617188,Gujarat,3189.4,3189.4,592.6,18.6,2021-03-01,2026-12-31,2027-12-31,2026-03-01,36,0.0,0
PAIM-709747,Bagodara Solar Power Project (Satluj Jal Vidyut Nigam [SJVN] Thermal Limited) (709747),Infrastructure & Highways,Ministry of Coal,709747,Gujarat,1400.77,1400.77,1007.25,71.9,2023-03-01,2028-12-31,2027-12-31,2026-03-01,0,0.0,0
PAIM-602582,Dhaulasidh Hydro Electric Project [66 MW] (Satluj Jal Vidyut Nigam [SJVN] Thermal Limited) (602582),Infrastructure & Highways,Ministry of Coal,602582,Gujarat,1956.73,1956.73,783.78,40.1,2023-03-01,2028-12-31,2029-12-31,2026-03-01,24,0.0,0
PAIM-602593,Luhri Stage-I Hydro Electric Project [210 MW] (Satluj Jal Vidyut Nigam [SJVN] Thermal Limited) (602593),Infrastructure & Highways,Ministry of Coal,602593,Multi-State,3002.14,3002.14,592.58,19.7,2023-03-01,2028-12-31,2027-12-31,2026-03-01,24,0.0,0
PAIM-611586,Sunni Dam Hydro Electric Project [382 MW] (Satluj Jal Vidyut Nigam [SJVN] Thermal Limited) (611586),Infrastructure & Highways,Ministry of Coal,611586,Multi-State,2438.6,2438.6,1408.31,57.8,2021-03-01,2027-12-31,2027-12-31,2026-03-01,18,0.0,0
PAIM-602525,"Pakal Dul [Drangdhuran] Hydroelectric Project, 1000 MW (National Hydroelectric Power Corporation Limited [NHPC]) (602525",Infrastructure & Highways,Ministry of Coal,602525,Multi-State,4218.98,4218.98,1451.34,34.4,2022-03-01,2026-12-31,2027-12-31,2026-03-01,12,0.0,0
PAIM-602532,Kiru HE Project (National Hydroelectric Power Corporation Limited [NHPC]) (602532),Infrastructure & Highways,Ministry of Coal,602532,Multi-State,1062.16,1062.16,810.51,76.3,2022-03-01,2026-12-31,2029-12-31,2026-03-01,18,0.0,0
PAIM-602535,"Ratle HE Project - 850 MW, Ratle Hydroelectric Power Corporation Limited. (National Hydroelectric Power Corporation Limi",Infrastructure & Highways,Ministry of Coal,602535,Multi-State,1485.79,1485.79,1106.91,74.5,2024-03-01,2028-12-31,2027-12-31,2026-03-01,18,0.0,0
PAIM-605155,Kwar HE Project (National Hydroelectric Power Corporation Limited [NHPC]) (605155),Infrastructure & Highways,Ministry of Coal,605155,Multi-State,1507.39,1507.39,866.21,57.5,2024-03-01,2028-12-31,2029-12-31,2026-03-01,12,0.0,0
PAIM-400261,Patratu Thermal Power Station Expansion Project Phase-I [3x800 MW] (National Thermal Power Corporation [NTPC]) (400261),Infrastructure & Highways,Ministry of Coal,400261,Multi-State,2386.74,2386.74,698.87,29.3,2022-03-01,2026-12-31,2028-12-31,2026-03-01,0,0.0,0
PAIM-611509,"Koderma Thermal Power Station Phase II [2X800 MW] At Koderma, Jharkhand (Damodar Valley Corporation) (611509)",Infrastructure & Highways,Ministry of Coal,611509,Multi-State,4097.59,4097.59,3296.6,80.5,2021-03-01,2027-12-31,2029-12-31,2026-03-01,36,0.0,0
PAIM-618976,"Gadarwara Super Thermal Power Project, Stage-II [2x800 MW] (National Thermal Power Corporation [NTPC]) (618976)",Infrastructure & Highways,Ministry of Coal,618976,Madhya Pradesh,628.82,628.82,265.11,42.2,2024-03-01,2028-12-31,2029-12-31,2026-03-01,18,0.0,0
PAIM-602961,Talcher Thermal Power Station Stage III [2 x 660 MW] Expansion (National Thermal Power Corporation [NTPC]) (602961),Infrastructure & Highways,Ministry of Coal,602961,Odisha,3023.18,3023.18,1112.95,36.8,2023-03-01,2027-12-31,2028-12-31,2026-03-01,6,0.0,0
PAIM-612142,"Singrauli Super Thermal Power Project, Stage-III [2x800 MW] (National Thermal Power Corporation [NTPC]) (612142)",Infrastructure & Highways,Ministry of Coal,612142,Uttar Pradesh,1623.98,1623.98,940.26,57.9,2021-03-01,2027-12-31,2027-12-31,2026-03-01,24,0.0,0
PAIM-602185,Tapovan-Vishnugad HEP [4x130 MW] (National Thermal Power Corporation [NTPC]) (602185),Infrastructure & Highways,Ministry of Coal,602185,Uttar Pradesh,3753.22,3753.22,1604.34,42.7,2022-03-01,2027-12-31,2028-12-31,2026-03-01,18,0.0,0
PAIM-602195,Vishnugad Pipalkoti Hydro Electric Project [444 MW] (THDC India Limited) (602195),Infrastructure & Highways,Ministry of Coal,602195,Multi-State,276.93,276.93,80.45,29.1,2023-03-01,2028-12-31,2027-12-31,2026-03-01,24,0.0,0
PAIM-400062,West Bengal (Damodar Valley Corporation) (400062),Infrastructure & Highways,Ministry of Coal,400062,West Bengal,4229.21,4229.21,3090.25,73.1,2023-03-01,2026-12-31,2029-12-31,2026-03-01,0,0.0,0
PAIM-602184,Rammam-III HEPP [3x40 MW] (National Thermal Power Corporation [NTPC]) (602184),Infrastructure & Highways,Ministry of Coal,602184,West Bengal,453.84,453.84,116.96,25.8,2022-03-01,2028-12-31,2029-12-31,2026-03-01,18,0.0,0
PAIM-602538,Installation of FGD for 4x210 & 2x250 MW MTPS U 1-6 (Damodar Valley Corporation) (602538),Infrastructure & Highways,Ministry of Coal,602538,West Bengal,3743.58,3743.58,1303.68,34.8,2022-03-01,2027-12-31,2029-12-31,2026-03-01,36,0.0,0
PAIM-617272,Hindalco Switchyard (Power Grid Corporation of India Limited [POWERGRID]) (617272),Infrastructure & Highways,Ministry of Coal,617272,Multi-State,736.04,736.04,149.93,20.4,2022-03-01,2028-12-31,2027-12-31,2026-03-01,18,0.0,0
PAIM-611967,1000MW (Power Grid Corporation of India Limited [POWERGRID]) (611967),Infrastructure & Highways,Ministry of Coal,611967,Andhra Pradesh,2877.45,2877.45,1171.44,40.7,2022-03-01,2028-12-31,2027-12-31,2026-03-01,36,0.0,0
PAIM-617183,generation projects [POWERGRID Kurnool III PS RE Transmission Limited] (Power Grid Corporation of India Limited [POWERGR,Infrastructure & Highways,Ministry of Coal,617183,Andhra Pradesh,930.13,930.13,409.59,44.0,2022-03-01,2027-12-31,2028-12-31,2026-03-01,6,0.0,0
PAIM-612139,park under Phase-III Part B [Vataman Transmission Limited] (Power Grid Corporation of India Limited [POWERGRID]) (612139,Infrastructure & Highways,Ministry of Coal,612139,Gujarat,1300.11,1300.11,588.61,45.3,2022-03-01,2027-12-31,2029-12-31,2026-03-01,12,0.0,0
PAIM-612151,in Khavda Area of Gujarat under Phase IV [7 GW] Part E3 (Power Grid Corporation of India Limited [POWERGRID]) (612151),Infrastructure & Highways,Ministry of Coal,612151,Gujarat,233.4,233.4,175.88,75.4,2023-03-01,2026-12-31,2027-12-31,2026-03-01,6,0.0,0
PAIM-612855,in Khavda Area of Gujarat under Ph-IV [7GW] Part E2 (Power Grid Corporation of India Limited [POWERGRID]) (612855),Infrastructure & Highways,Ministry of Coal,612855,Gujarat,3555.69,3555.69,786.74,22.1,2022-03-01,2026-12-31,2027-12-31,2026-03-01,36,0.0,0
PAIM-615342,POWERGRID Jam Khambhaliya Transmission Limited] (Power Grid Corporation of India Limited [POWERGRID]) (615342),Infrastructure & Highways,Ministry of Coal,615342,Gujarat,2619.72,2619.72,773.13,29.5,2021-03-01,2028-12-31,2027-12-31,2026-03-01,0,0.0,0
PAIM-615343,Khavda Pooling station 3 [KPS3] (Power Grid Corporation of India Limited [POWERGRID]) (615343),Infrastructure & Highways,Ministry of Coal,615343,Gujarat,375.45,375.45,65.25,17.4,2022-03-01,2028-12-31,2028-12-31,2026-03-01,0,0.0,0
PAIM-615345,South Olpad Transmission Limited] (Power Grid Corporation of India Limited [POWERGRID]) (615345),Infrastructure & Highways,Ministry of Coal,615345,Gujarat,4161.86,4161.86,495.69,11.9,2022-03-01,2028-12-31,2027-12-31,2026-03-01,0,0.0,0
PAIM-617069,Transmission Limited] (Power Grid Corporation of India Limited [POWERGRID]) (617069),Infrastructure & Highways,Ministry of Coal,617069,Gujarat,1589.17,1589.17,334.59,21.1,2021-03-01,2026-12-31,2027-12-31,2026-03-01,6,0.0,0
PAIM-617182,Transco Limited] (Power Grid Corporation of India Limited [POWERGRID]) (617182),Infrastructure & Highways,Ministry of Coal,617182,Gujarat,2377.04,2377.04,797.92,33.6,2021-03-01,2027-12-31,2028-12-31,2026-03-01,6,0.0,0
PAIM-617391,Augmentation of Transformation Capacity at Bhuj-II PS [GIS] (Power Grid Corporation of India Limited [POWERGRID]) (61739,Infrastructure & Highways,Ministry of Coal,617391,Gujarat,396.42,396.42,208.42,52.6,2023-03-01,2027-12-31,2028-12-31,2026-03-01,18,0.0,0
PAIM-617405,Jamnagar Transmission Limited (Adani Transmission Limited) (617405),Infrastructure & Highways,Ministry of Coal,617405,Gujarat,4389.06,4389.06,607.38,13.8,2024-03-01,2027-12-31,2028-12-31,2026-03-01,18,0.0,0
PAIM-617801,Provision of ICT Augmentation & Bus Reactor at Bhuj-II PS (Power Grid Corporation of India Limited [POWERGRID]) (617801),Infrastructure & Highways,Ministry of Coal,617801,Gujarat,2060.89,2060.89,873.17,42.4,2023-03-01,2027-12-31,2027-12-31,2026-03-01,24,0.0,0
PAIM-619026,KPSIII HVDC Transmission Limited (Adani Transmission Limited) (619026),Infrastructure & Highways,Ministry of Coal,619026,Gujarat,3503.58,3503.58,2843.9,81.2,2023-03-01,2027-12-31,2029-12-31,2026-03-01,12,0.0,0
PAIM-619029,Transmission System for Reliable Power Supply to Dholera (Power Grid Corporation of India Limited [POWERGRID]) (619029),Infrastructure & Highways,Ministry of Coal,619029,Gujarat,4499.01,4499.01,1918.77,42.6,2021-03-01,2027-12-31,2028-12-31,2026-03-01,6,0.0,0
PAIM-619049,Khavda IVA Power Transmission Limited (Adani Transmission Limited) (619049),Infrastructure & Highways,Ministry of Coal,619049,Gujarat,3123.92,3123.92,791.7,25.3,2023-03-01,2028-12-31,2028-12-31,2026-03-01,24,0.0,0
PAIM-617179,MW] Part B (Power Grid Corporation of India Limited [POWERGRID]) (617179),Infrastructure & Highways,Ministry of Coal,617179,Multi-State,2869.1,2869.1,930.87,32.4,2023-03-01,2027-12-31,2028-12-31,2026-03-01,0,0.0,0
PAIM-617326,Project (Power Grid Corporation of India Limited [POWERGRID]) (617326),Infrastructure & Highways,Ministry of Coal,617326,Multi-State,3979.63,3979.63,924.9,23.2,2021-03-01,2027-12-31,2029-12-31,2026-03-01,12,0.0,0
PAIM-612140,TRANSMISSION LIMITED] (Power Grid Corporation of India Limited [POWERGRID]) (612140),Infrastructure & Highways,Ministry of Coal,612140,Karnataka,3633.19,3633.19,2705.54,74.5,2024-03-01,2027-12-31,2028-12-31,2026-03-01,36,0.0,0
PAIM-616672,Limited] (Power Grid Corporation of India Limited [POWERGRID]) (616672),Infrastructure & Highways,Ministry of Coal,616672,Karnataka,3121.69,3121.69,448.9,14.4,2023-03-01,2027-12-31,2029-12-31,2026-03-01,18,0.0,0
PAIM-617068,Augmentation Transmission Limited] (Power Grid Corporation of India Limited [POWERGRID]) (617068),Infrastructure & Highways,Ministry of Coal,617068,Karnataka,619.06,619.06,481.05,77.7,2022-03-01,2026-12-31,2028-12-31,2026-03-01,18,0.0,0
PAIM-617184,Karnataka  [POWERGRID Chitradurga Bellary REZ Transmission Limited] (Power Grid Corporation of India Limited [POWERGRID],Infrastructure & Highways,Ministry of Coal,617184,Karnataka,1745.78,1745.78,215.8,12.4,2023-03-01,2028-12-31,2028-12-31,2026-03-01,24,0.0,0
PAIM-617803,[SPV Name - POWERGRID Davanagere Power Transmission Limited] (Power Grid Corporation of India Limited [POWERGRID]) (6178,Infrastructure & Highways,Ministry of Coal,617803,Karnataka,1093.14,1093.14,722.33,66.1,2023-03-01,2027-12-31,2029-12-31,2026-03-01,12,0.0,0
PAIM-619028,Kerala (Power Grid Corporation of India Limited [POWERGRID]) (619028),Infrastructure & Highways,Ministry of Coal,619028,Rajasthan,3965.59,3965.59,2403.56,60.6,2022-03-01,2027-12-31,2028-12-31,2026-03-01,0,0.0,0
PAIM-615344,TRANSMISSION LIMITED] (Power Grid Corporation of India Limited [POWERGRID]) (615344),Infrastructure & Highways,Ministry of Coal,615344,Rajasthan,2611.83,2611.83,1106.14,42.4,2022-03-01,2027-12-31,2029-12-31,2026-03-01,6,0.0,0
PAIM-615346,Transmission Limited] (Power Grid Corporation of India Limited [POWERGRID]) (615346),Infrastructure & Highways,Ministry of Coal,615346,Rajasthan,3465.65,3465.65,2141.95,61.8,2021-03-01,2026-12-31,2027-12-31,2026-03-01,12,0.0,0
PAIM-617279,Transmission Limited] (Power Grid Corporation of India Limited [POWERGRID]) (617279),Infrastructure & Highways,Ministry of Coal,617279,Madhya Pradesh,862.64,862.64,566.95,65.7,2024-03-01,2026-12-31,2028-12-31,2026-03-01,6,0.0,0
PAIM-617802,Transmission Limited] (Power Grid Corporation of India Limited [POWERGRID]) (617802),Infrastructure & Highways,Ministry of Coal,617802,Madhya Pradesh,753.26,753.26,381.02,50.6,2021-03-01,2026-12-31,2029-12-31,2026-03-01,12,0.0,0
PAIM-619024,Mahan Transmission Limited (Adani Transmission Limited) (619024),Infrastructure & Highways,Ministry of Coal,619024,Gujarat,690.25,690.25,467.65,67.8,2023-03-01,2027-12-31,2029-12-31,2026-03-01,24,0.0,0
PAIM-611966,of Gujarat under phase IV 7GW-Part E4 (Power Grid Corporation of India Limited [POWERGRID]) (611966),Infrastructure & Highways,Ministry of Coal,611966,Maharashtra,538.62,538.62,84.08,15.6,2021-03-01,2027-12-31,2027-12-31,2026-03-01,36,0.0,0
PAIM-619027,WRNES Talegaon Power Transmission Limited (Adani Transmission Limited) (619027),Infrastructure & Highways,Ministry of Coal,619027,Maharashtra,2254.41,2254.41,1243.5,55.2,2023-03-01,2027-12-31,2028-12-31,2026-03-01,36,0.0,0
PAIM-617185,[POWERGRID Kurnool-IV Transmission Limited] (Power Grid Corporation of India Limited [POWERGRID]) (617185),Infrastructure & Highways,Ministry of Coal,617185,Karnataka,302.26,302.26,31.67,10.5,2022-03-01,2027-12-31,2028-12-31,2026-03-01,18,0.0,0
PAIM-617806,Name Anantapuram 2 REZ Transmission Ltd (Sterlite Power) (617806),Infrastructure & Highways,Ministry of Coal,617806,Karnataka,725.67,725.67,379.52,52.3,2022-03-01,2028-12-31,2028-12-31,2026-03-01,0,0.0,0
PAIM-619030,Inter-Regional Strengthening between SR Grid and ER Grid (Power Grid Corporation of India Limited [POWERGRID]) (619030),Infrastructure & Highways,Ministry of Coal,619030,Odisha,4006.82,4006.82,2418.53,60.4,2023-03-01,2028-12-31,2029-12-31,2026-03-01,24,0.0,0
PAIM-900808,Part-B (Power Grid Corporation of India Limited [POWERGRID]) (900808),Infrastructure & Highways,Ministry of Coal,900808,Telangana,975.61,975.61,539.94,55.3,2023-03-01,2028-12-31,2028-12-31,2026-03-01,6,0.0,0
PAIM-617271,Eastern Region  Expansion Scheme-43 [ERES-43] (Power Grid Corporation of India Limited [POWERGRID]) (617271),Infrastructure & Highways,Ministry of Coal,617271,Odisha,765.25,765.25,441.83,57.7,2023-03-01,2027-12-31,2027-12-31,2026-03-01,6,0.0,0
PAIM-617807,765 kV Vindhyachal-Varanasi D/c line (Power Grid Corporation of India Limited [POWERGRID]) (617807),Infrastructure & Highways,Ministry of Coal,617807,Bihar,4176.19,4176.19,2600.31,62.3,2022-03-01,2028-12-31,2028-12-31,2026-03-01,36,0.0,0
PAIM-617270,Eastern Region  Expansion Scheme-44 [ERES-44] (Power Grid Corporation of India Limited [POWERGRID]) (617270),Infrastructure & Highways,Ministry of Coal,617270,Gujarat,3229.47,3229.47,2160.13,66.9,2024-03-01,2026-12-31,2028-12-31,2026-03-01,24,0.0,0
PAIM-400005,Transmission Network Expansion in Gujarat to increase its ATC from ISTS Part B (Power Grid Corporation of India Limited ,Infrastructure & Highways,Ministry of Coal,400005,Maharashtra,318.55,318.55,250.4,78.6,2024-03-01,2028-12-31,2027-12-31,2026-03-01,12,0.0,0
PAIM-611735,Phase-III Part J (Power Grid Corporation of India Limited [POWERGRID]) (611735),Infrastructure & Highways,Ministry of Coal,611735,Rajasthan,1857.41,1857.41,1544.45,83.2,2022-03-01,2028-12-31,2027-12-31,2026-03-01,18,0.0,0
PAIM-612132,Phase-III Part D Phase I [Sikar Khetri Transmission Ltd] (Power Grid Corporation of India Limited [POWERGRID]) (612132),Infrastructure & Highways,Ministry of Coal,612132,Rajasthan,4425.46,4425.46,984.29,22.2,2021-03-01,2026-12-31,2029-12-31,2026-03-01,6,0.0,0
PAIM-615347,[8 GW] PART A   [SPV Name POWERGRID West Central Transmission Limited] (Power Grid Corporation of India Limited [POWERGR,Infrastructure & Highways,Ministry of Coal,615347,Maharashtra,3832.3,3832.3,1202.13,31.4,2024-03-01,2027-12-31,2027-12-31,2026-03-01,18,0.0,0
PAIM-615339,Limited] (Power Grid Corporation of India Limited [POWERGRID]) (615339),Infrastructure & Highways,Ministry of Coal,615339,Rajasthan,4197.85,4197.85,3222.4,76.8,2022-03-01,2027-12-31,2029-12-31,2026-03-01,6,0.0,0
PAIM-615340,POWERGRID Siwani Transmission Limited] (Power Grid Corporation of India Limited [POWERGRID]) (615340),Infrastructure & Highways,Ministry of Coal,615340,Rajasthan,1501.67,1501.67,1004.51,66.9,2021-03-01,2028-12-31,2029-12-31,2026-03-01,6,0.0,0
PAIM-617808,Inter-Regional Strengthening between SR Grid and WR Grid (Power Grid Corporation of India Limited [POWERGRID]) (617808),Infrastructure & Highways,Ministry of Coal,617808,Maharashtra,351.77,351.77,207.61,59.0,2024-03-01,2026-12-31,2029-12-31,2026-03-01,36,0.0,0
PAIM-612138,Transmission Ltd] (Power Grid Corporation of India Limited [POWERGRID]) (612138),Infrastructure & Highways,Ministry of Coal,612138,Karnataka,596.89,596.89,340.93,57.1,2022-03-01,2028-12-31,2028-12-31,2026-03-01,6,0.0,0
PAIM-615333,Mandsaur Transmission Limited] (Power Grid Corporation of India Limited [POWERGRID]) (615333),Infrastructure & Highways,Ministry of Coal,615333,Rajasthan,872.62,872.62,480.57,55.1,2024-03-01,2028-12-31,2028-12-31,2026-03-01,0,0.0,0
PAIM-615334,Transmission Limited] (Power Grid Corporation of India Limited [POWERGRID]) (615334),Infrastructure & Highways,Ministry of Coal,615334,Rajasthan,1715.16,1715.16,888.99,51.8,2021-03-01,2026-12-31,2028-12-31,2026-03-01,18,0.0,0
PAIM-617186,Transmission Limited] (Power Grid Corporation of India Limited [POWERGRID]) (617186),Infrastructure & Highways,Ministry of Coal,617186,Rajasthan,4383.24,4383.24,1476.4,33.7,2024-03-01,2027-12-31,2029-12-31,2026-03-01,24,0.0,0
PAIM-619025,RAJASTHAN PART I POWER TRANSMISSION LIMITED (Adani Transmission Limited) (619025),Infrastructure & Highways,Ministry of Housing & Urban Affairs,619025,Rajasthan,1770.58,1770.58,905.93,51.2,2023-03-01,2027-12-31,2029-12-31,2026-03-01,0,0.0,0
PAIM-612133,[Bikaner Complex] Part D [Neemrana Bareilly Transmission Ltd] (Power Grid Corporation of India Limited [POWERGRID]) (612,Infrastructure & Highways,Ministry of Housing & Urban Affairs,612133,Rajasthan,4493.12,4493.12,1285.04,28.6,2023-03-01,2026-12-31,2029-12-31,2026-03-01,36,0.0,0
PAIM-616670,GW] Part A  [SPV name POWERGRID Ghiror Transmission Limited] (Power Grid Corporation of India Limited [POWERGRID]) (6166,Infrastructure & Highways,Ministry of Housing & Urban Affairs,616670,Rajasthan,3444.31,3444.31,1523.77,44.2,2024-03-01,2028-12-31,2027-12-31,2026-03-01,36,0.0,0
PAIM-611947,Phase III- Part E2 (Power Grid Corporation of India Limited [POWERGRID]) (611947),Infrastructure & Highways,Ministry of Housing & Urban Affairs,611947,Rajasthan,657.62,657.62,367.26,55.8,2023-03-01,2026-12-31,2029-12-31,2026-03-01,18,0.0,0
PAIM-611948,Phase-III part H (Power Grid Corporation of India Limited [POWERGRID]) (611948),Infrastructure & Highways,Ministry of Housing & Urban Affairs,611948,Rajasthan,3198.55,3198.55,1657.16,51.8,2023-03-01,2028-12-31,2029-12-31,2026-03-01,12,0.0,0
PAIM-611949,Phase-III part C1 (Power Grid Corporation of India Limited [POWERGRID]) (611949),Infrastructure & Highways,Ministry of Housing & Urban Affairs,611949,Rajasthan,3723.97,3723.97,2122.94,57.0,2024-03-01,2026-12-31,2029-12-31,2026-03-01,24,0.0,0
PAIM-611951,Phase-III Part E1 (Power Grid Corporation of India Limited [POWERGRID]) (611951),Infrastructure & Highways,Ministry of Housing & Urban Affairs,611951,Rajasthan,4022.87,4022.87,1144.03,28.4,2021-03-01,2026-12-31,2029-12-31,2026-03-01,36,0.0,0
PAIM-612134,[Bikaner Complex] Part A [Bikaner Neemrana  Transmission Ltd] (Power Grid Corporation of India Limited [POWERGRID]) (612,Infrastructure & Highways,Ministry of Housing & Urban Affairs,612134,Rajasthan,4491.66,4491.66,2267.35,50.5,2022-03-01,2028-12-31,2028-12-31,2026-03-01,24,0.0,0
PAIM-615332,Transmission Limited] (Power Grid Corporation of India Limited [POWERGRID]) (615332),Infrastructure & Highways,Ministry of Housing & Urban Affairs,615332,Rajasthan,3698.55,3698.55,436.99,11.8,2022-03-01,2028-12-31,2028-12-31,2026-03-01,6,0.0,0
PAIM-615335,Complex [SPV Name POWERGRID BHADLA BIKANER TRANSMISSION LIMITED] (Power Grid Corporation of India Limited [POWERGRID]) (,Infrastructure & Highways,Ministry of Housing & Urban Affairs,615335,Rajasthan,1973.67,1973.67,1199.15,60.8,2022-03-01,2027-12-31,2029-12-31,2026-03-01,6,0.0,0
PAIM-615337,Power Transmission Limited] (Power Grid Corporation of India Limited [POWERGRID]) (615337),Infrastructure & Highways,Ministry of Housing & Urban Affairs,615337,Rajasthan,4043.15,4043.15,2145.29,53.1,2022-03-01,2026-12-31,2027-12-31,2026-03-01,24,0.0,0
PAIM-615338,Name POWERGRID BARMER I TRANSMISSION LIMITED] (Power Grid Corporation of India Limited [POWERGRID]) (615338),Infrastructure & Highways,Ministry of Housing & Urban Affairs,615338,Rajasthan,2115.19,2115.19,451.93,21.4,2021-03-01,2027-12-31,2027-12-31,2026-03-01,36,0.0,0
PAIM-617181,[POWERGRID Fatehgarh Barmer Augmentation Transmission Limited] (Power Grid Corporation of India Limited [POWERGRID]) (61,Infrastructure & Highways,Ministry of Housing & Urban Affairs,617181,Rajasthan,2262.52,2262.52,1667.41,73.7,2022-03-01,2027-12-31,2028-12-31,2026-03-01,0,0.0,0
PAIM-616671,[2x1000 MW]  [SPV Name POWERGRID Kudankulam Tarnsmission Limited] (Power Grid Corporation of India Limited [POWERGRID]) ,Infrastructure & Highways,Ministry of Housing & Urban Affairs,616671,Tamil Nadu,998.28,998.28,229.73,23.0,2023-03-01,2028-12-31,2027-12-31,2026-03-01,18,0.0,0
PAIM-617269,Bhadla/Bikaner Complex (Power Grid Corporation of India Limited [POWERGRID]) (617269),Infrastructure & Highways,Ministry of Housing & Urban Affairs,617269,Uttar Pradesh,2107.64,2107.64,687.06,32.6,2021-03-01,2027-12-31,2028-12-31,2026-03-01,12,0.0,0
PAIM-617412,"Commissionerates of Central Tax at Khajaguda, Serilingampally, Hyderabad. (Central Public Works Department - CPWD) (6174",Infrastructure & Highways,Ministry of Housing & Urban Affairs,617412,Telangana,1438.52,1438.52,588.62,40.9,2022-03-01,2027-12-31,2029-12-31,2026-03-01,6,0.0,0
PAIM-707229,"Port, Ship Service, Smart Solid Waste Management, Smart Public Transport System (ministry of housing and urban affairs) ",Infrastructure & Highways,Ministry of Housing & Urban Affairs,707229,Delhi,383.73,383.73,218.89,57.0,2023-03-01,2027-12-31,2029-12-31,2026-03-01,36,0.0,0
PAIM-400188,in Delhi (National Buildings Construction Corporation [NBCC]) (400188),Infrastructure & Highways,Ministry of Housing & Urban Affairs,400188,Delhi,4409.73,4409.73,1647.32,37.4,2022-03-01,2026-12-31,2028-12-31,2026-03-01,36,0.0,0
PAIM-701719,Rehablitation in Junavadaj Area Smart City Project (ministry of housing and urban affairs) (701719),Infrastructure & Highways,Ministry of Housing & Urban Affairs,701719,Gujarat,1112.37,1112.37,493.81,44.4,2022-03-01,2028-12-31,2027-12-31,2026-03-01,12,0.0,0
PAIM-701766,Green Building Development Project (ministry of housing and urban affairs) (701766),Infrastructure & Highways,Ministry of Housing & Urban Affairs,701766,Gujarat,1882.69,1882.69,1113.49,59.1,2023-03-01,2027-12-31,2027-12-31,2026-03-01,12,0.0,0
PAIM-702627,Patna Metro Rail Project (Patna Metro Rail Corporation Ltd. [PMRCL]) (702627),Infrastructure & Highways,Ministry of Housing & Urban Affairs,702627,Bihar,1946.83,1946.83,1648.86,84.7,2022-03-01,2028-12-31,2028-12-31,2026-03-01,36,0.0,0
PAIM-617207,Delhi Metro Rail Phase-IV [2 Corridors] (Delhi Metro Rail Corporation Limited [DMRC]) (617207),Infrastructure & Highways,Ministry of Housing & Urban Affairs,617207,Bihar,3523.86,3523.86,2577.15,73.1,2021-03-01,2028-12-31,2028-12-31,2026-03-01,0,0.0,0
PAIM-619031,Delhi Metro Rail Phase V A (Delhi Metro Rail Corporation Limited [DMRC]) (619031),Infrastructure & Highways,Ministry of Housing & Urban Affairs,619031,Delhi,1037.58,1037.58,448.06,43.2,2024-03-01,2028-12-31,2028-12-31,2026-03-01,18,0.0,0
PAIM-702632,DMRTS Phase - IV [3 Priority Corridors] (Delhi Metro Rail Corporation Limited [DMRC]) (702632),Infrastructure & Highways,Ministry of Housing & Urban Affairs,702632,Gujarat,2943.87,2943.87,1717.27,58.3,2023-03-01,2028-12-31,2029-12-31,2026-03-01,12,0.0,0
PAIM-702630,Surat Metro Rail Project (Gujarat Metro Rail Corporation Limited [GMRCL]) (702630),Infrastructure & Highways,Ministry of Housing & Urban Affairs,702630,Gujarat,212.37,212.37,25.29,11.9,2024-03-01,2028-12-31,2027-12-31,2026-03-01,0,0.0,0
PAIM-702639,Ahmedabad Metro Rail Project [Phase-I] (Gujarat Metro Rail Corporation Limited [GMRCL]) (702639),Infrastructure & Highways,Ministry of Housing & Urban Affairs,702639,Gujarat,781.12,781.12,398.18,51.0,2022-03-01,2027-12-31,2028-12-31,2026-03-01,0,0.0,0
PAIM-619022,"Expressway, Gurugram. (Gurugram Metro Rail Limited [GMRL]) (619022)",Infrastructure & Highways,Ministry of Housing & Urban Affairs,619022,Karnataka,1897.44,1897.44,482.79,25.4,2024-03-01,2027-12-31,2028-12-31,2026-03-01,18,0.0,0
PAIM-702635,Construction of Bangalore Metro Rail Project Phase 2. (Bengaluru Metro Rail) (702635),Infrastructure & Highways,Ministry of Housing & Urban Affairs,702635,Karnataka,414.82,414.82,181.23,43.7,2024-03-01,2027-12-31,2029-12-31,2026-03-01,6,0.0,0
PAIM-702665,Construction Bangalore Metro Rail Project Phase-2A & 2B (Bengaluru Metro Rail) (702665),Infrastructure & Highways,Ministry of Housing & Urban Affairs,702665,Karnataka,1713.31,1713.31,441.81,25.8,2022-03-01,2027-12-31,2027-12-31,2026-03-01,18,0.0,0
PAIM-702664,Kochi Metro Rail Phase 2 Development  Project (CSPCC Projects) (702664),Infrastructure & Highways,Ministry of Housing & Urban Affairs,702664,Karnataka,4392.4,4392.4,2789.82,63.5,2023-03-01,2026-12-31,2028-12-31,2026-03-01,24,0.0,0
PAIM-702625,Bhopal Metro Rail Project (Madhya Pradesh Metro Rail Co Limited [MPMRCL]) (702625),Infrastructure & Highways,Ministry of Housing & Urban Affairs,702625,Madhya Pradesh,4389.5,4389.5,537.37,12.2,2021-03-01,2026-12-31,2029-12-31,2026-03-01,0,0.0,0
PAIM-702626,Indore Metro Rail Project (Madhya Pradesh Metro Rail Co Limited [MPMRCL]) (702626),Infrastructure & Highways,Ministry of Housing & Urban Affairs,702626,Maharashtra,3042.57,3042.57,661.58,21.7,2021-03-01,2028-12-31,2029-12-31,2026-03-01,0,0.0,0
PAIM-617225,PCMC To Nigdi- Extension Of North South Corridor Of Phase-1 (Maharashtra Metro Rail Corporation Limited [MMRCL]) (617225,Infrastructure & Highways,Ministry of Housing & Urban Affairs,617225,Maharashtra,2888.55,2888.55,1702.12,58.9,2022-03-01,2026-12-31,2028-12-31,2026-03-01,24,0.0,0
PAIM-617226,Pune Metro Phase-1 Extension line towards south from Swargate to Katraj (Maharashtra Metro Rail Corporation Limited [MMR,Infrastructure & Highways,Ministry of Housing & Urban Affairs,617226,Maharashtra,4119.13,4119.13,675.95,16.4,2021-03-01,2028-12-31,2029-12-31,2026-03-01,0,0.0,0
PAIM-617327,Thane Integral Ring Metro Rail Project (Maharashtra Metro Rail Corporation Limited [MMRCL]) (617327),Infrastructure & Highways,Ministry of Housing & Urban Affairs,617327,Maharashtra,448.09,448.09,112.95,25.2,2023-03-01,2028-12-31,2028-12-31,2026-03-01,12,0.0,0
PAIM-618971,2B Ramwadi to Wagholi/Vitthalwadi (Maharashtra Metro Rail Corporation Limited [MMRCL]) (618971),Infrastructure & Highways,Ministry of Housing & Urban Affairs,618971,Maharashtra,3537.29,3537.29,1480.33,41.8,2023-03-01,2028-12-31,2027-12-31,2026-03-01,6,0.0,0
PAIM-618985,Nal Stop - Warje - Manikbaug (Maharashtra Metro Rail Corporation Limited [MMRCL]) (618985),Infrastructure & Highways,Ministry of Housing & Urban Affairs,618985,Maharashtra,2228.57,2228.57,656.71,29.5,2022-03-01,2027-12-31,2028-12-31,2026-03-01,12,0.0,0
PAIM-701745,New Suburba Station Development Project (ministry of housing and urban affairs) (701745),Infrastructure & Highways,Ministry of Housing & Urban Affairs,701745,Maharashtra,3148.56,3148.56,2575.87,81.8,2023-03-01,2027-12-31,2029-12-31,2026-03-01,6,0.0,0
PAIM-701991,Kalyan Station Precinct Imporvement Project (ministry of housing and urban affairs) (701991),Infrastructure & Highways,Ministry of Housing & Urban Affairs,701991,Maharashtra,2078.74,2078.74,903.3,43.5,2022-03-01,2026-12-31,2028-12-31,2026-03-01,0,0.0,0
PAIM-702637,Mumbai Metro Line 3 (Mumbai Metro Rail Corporation Limited [MMRC]) (702637),Infrastructure & Highways,Ministry of Housing & Urban Affairs,702637,Maharashtra,1442.0,1442.0,286.51,19.9,2024-03-01,2026-12-31,2027-12-31,2026-03-01,36,0.0,0
PAIM-702658,Nagpur Metro Rail Phase II Development Project (Maharashtra Metro Rail Corporation Limited [MMRCL]) (702658),Infrastructure & Highways,Ministry of Housing & Urban Affairs,702658,Maharashtra,1795.19,1795.19,525.79,29.3,2024-03-01,2027-12-31,2029-12-31,2026-03-01,12,0.0,0
PAIM-617206,Delhi Metro Rail Phase-IV [Rithala - Kundli Corridor] (Delhi Metro Rail Corporation Limited [DMRC]) (617206),Infrastructure & Highways,Ministry of Housing & Urban Affairs,617206,Maharashtra,1027.57,1027.57,494.09,48.1,2023-03-01,2027-12-31,2029-12-31,2026-03-01,18,0.0,0
PAIM-702668,Chennai Metro Rail Phase-II Development Project (Chennai Metro Rail Limited [CMRL]) (702668),Infrastructure & Highways,Ministry of Housing & Urban Affairs,702668,Tamil Nadu,3122.22,3122.22,431.09,13.8,2021-03-01,2027-12-31,2027-12-31,2026-03-01,0,0.0,0
PAIM-619052,LUCKNOW METRO RAIL PROJECT PHASE-1B EAST WEST CORRIDOR (Uttar Pradesh metro rail corporation [UPMRC]) (619052),Infrastructure & Highways,Ministry of Housing & Urban Affairs,619052,Tamil Nadu,1526.73,1526.73,1009.19,66.1,2024-03-01,2026-12-31,2027-12-31,2026-03-01,18,0.0,0
PAIM-702628,Kanpur Metro Rail Project (Uttar Pradesh metro rail corporation [UPMRC]) (702628),Infrastructure & Highways,Ministry of Housing & Urban Affairs,702628,Uttar Pradesh,3003.15,3003.15,1717.79,57.2,2023-03-01,2027-12-31,2027-12-31,2026-03-01,6,0.0,0
PAIM-702629,Agra Metro Rail Project (Uttar Pradesh metro rail corporation [UPMRC]) (702629),Infrastructure & Highways,Ministry of Housing & Urban Affairs,702629,Uttar Pradesh,775.48,775.48,283.94,36.6,2021-03-01,2026-12-31,2027-12-31,2026-03-01,6,0.0,0
PAIM-702674,"nos. upgrading of feeder mains, pumping station etc. - Phase II (Ministry of Housing & Urban Affairs) (702674)",Infrastructure & Highways,Ministry of Housing & Urban Affairs,702674,Andhra Pradesh,1484.19,1484.19,510.88,34.4,2021-03-01,2028-12-31,2028-12-31,2026-03-01,24,0.0,0
PAIM-702699,Muzaffarpur Storm Water Drainage Phase-I Project (Ministry of Housing & Urban Affairs) (702699),Infrastructure & Highways,Ministry of Housing & Urban Affairs,702699,Bihar,1118.85,1118.85,669.3,59.8,2023-03-01,2027-12-31,2028-12-31,2026-03-01,18,0.0,0
PAIM-702355,Storm water drainag Development Project (ministry of housing and urban affairs) (702355),Infrastructure & Highways,Ministry of Housing & Urban Affairs,702355,Bihar,3325.2,3325.2,2189.44,65.8,2021-03-01,2026-12-31,2029-12-31,2026-03-01,36,0.0,0
PAIM-707267,Upgradation of Sewerage system in Gandhinagar City (ministry of housing and urban affairs) (707267),Infrastructure & Highways,Ministry of Housing & Urban Affairs,707267,Gujarat,581.56,581.56,378.49,65.1,2022-03-01,2026-12-31,2027-12-31,2026-03-01,0,0.0,0
PAIM-702734,Sewerage Management Scheme Part-3 Implementation (Ministry of Housing & Urban Affairs) (702734),Infrastructure & Highways,Ministry of Housing & Urban Affairs,702734,Gujarat,2820.14,2820.14,1039.16,36.8,2024-03-01,2026-12-31,2027-12-31,2026-03-01,6,0.0,0
PAIM-702735,Sewerage Management Scheme Part-3 Implementation (Ministry of Housing & Urban Affairs) (702735),Infrastructure & Highways,Ministry of Housing & Urban Affairs,702735,Haryana,2421.91,2421.91,1175.51,48.5,2024-03-01,2027-12-31,2028-12-31,2026-03-01,24,0.0,0
PAIM-702741,Dhanbad Water Supply Infrastructure Project (Ministry of Housing & Urban Affairs) (702741),Infrastructure & Highways,Ministry of Housing & Urban Affairs,702741,Haryana,4273.07,4273.07,1530.56,35.8,2024-03-01,2026-12-31,2027-12-31,2026-03-01,18,0.0,0
PAIM-702742,SAAP-3 Water Supply Infrastructure SAAP-3 Project (Ministry of Housing & Urban Affairs) (702742),Infrastructure & Highways,Ministry of Housing & Urban Affairs,702742,Multi-State,1633.24,1633.24,1336.86,81.9,2023-03-01,2026-12-31,2027-12-31,2026-03-01,24,0.0,0
PAIM-702746,Augmentation and Strenghthning of Urban Water Supply Phase 1 - SAAP 3 (Ministry of Housing & Urban Affairs) (702746),Infrastructure & Highways,Ministry of Housing & Urban Affairs,702746,Multi-State,2362.79,2362.79,713.72,30.2,2024-03-01,2026-12-31,2028-12-31,2026-03-01,6,0.0,0
PAIM-702760,Belgavi Improvement in Sewerage System Project (Ministry of Housing & Urban Affairs) (702760),Infrastructure & Highways,Ministry of Housing & Urban Affairs,702760,Karnataka,3567.45,3567.45,2251.83,63.1,2021-03-01,2026-12-31,2027-12-31,2026-03-01,18,0.0,0
PAIM-702764,24/7 water supply under AMRUT for Davanagere (Ministry of Housing & Urban Affairs) (702764),Infrastructure & Highways,Ministry of Housing & Urban Affairs,702764,Karnataka,2577.96,2577.96,966.55,37.5,2022-03-01,2026-12-31,2027-12-31,2026-03-01,24,0.0,0
PAIM-702793,Indore Water Supply Infrastructure Project (Ministry of Housing & Urban Affairs) (702793),Infrastructure & Highways,Ministry of Housing & Urban Affairs,702793,Karnataka,1183.72,1183.72,518.21,43.8,2021-03-01,2027-12-31,2028-12-31,2026-03-01,6,0.0,0
PAIM-702798,Jabalpur Sewerage Management and Treatment Infrastructure Project (Ministry of Housing & Urban Affairs) (702798),Infrastructure & Highways,Ministry of Housing & Urban Affairs,702798,Madhya Pradesh,1492.69,1492.69,1218.53,81.6,2021-03-01,2027-12-31,2029-12-31,2026-03-01,6,0.0,0
PAIM-702808,Satna Sewerage Management and Treatment Infrastructure Project (Ministry of Housing & Urban Affairs) (702808),Infrastructure & Highways,Ministry of Housing & Urban Affairs,702808,Madhya Pradesh,3187.4,3187.4,1673.2,52.5,2022-03-01,2028-12-31,2028-12-31,2026-03-01,0,0.0,0
PAIM-702810,Singrauli Sewerage Management and Treatment Infrastructure Project (Ministry of Housing & Urban Affairs) (702810),Infrastructure & Highways,Ministry of Housing & Urban Affairs,702810,Madhya Pradesh,482.76,482.76,136.82,28.3,2024-03-01,2028-12-31,2029-12-31,2026-03-01,18,0.0,0
PAIM-702833,Kalyan-Dombivali Water Supply Infrastructure Project (Ministry of Housing & Urban Affairs) (702833),Infrastructure & Highways,Ministry of Housing & Urban Affairs,702833,Maharashtra,4296.74,4296.74,2680.99,62.4,2024-03-01,2026-12-31,2028-12-31,2026-03-01,6,0.0,0
PAIM-702840,Mira-Bhayandar Water Supply Infrastructure Project (Ministry of Housing & Urban Affairs) (702840),Infrastructure & Highways,Ministry of Housing & Urban Affairs,702840,Maharashtra,2118.2,2118.2,380.81,18.0,2021-03-01,2027-12-31,2029-12-31,2026-03-01,18,0.0,0
PAIM-702851,Pune Water Supply Infrastructure Project (Ministry of Housing & Urban Affairs) (702851),Infrastructure & Highways,Ministry of Housing & Urban Affairs,702851,Maharashtra,2483.84,2483.84,368.65,14.8,2024-03-01,2026-12-31,2028-12-31,2026-03-01,0,0.0,0
PAIM-702854,Solapur Sewerage Management Infrastructure Project (Ministry of Housing & Urban Affairs) (702854),Infrastructure & Highways,Ministry of Housing & Urban Affairs,702854,Maharashtra,548.22,548.22,224.22,40.9,2024-03-01,2026-12-31,2028-12-31,2026-03-01,6,0.0,0
PAIM-703021,Jalandhar Water Supply Infrastructure Project (Ministry of Housing & Urban Affairs) (703021),Infrastructure & Highways,Ministry of Housing & Urban Affairs,703021,Maharashtra,4059.17,4059.17,1194.07,29.4,2024-03-01,2027-12-31,2028-12-31,2026-03-01,24,0.0,0
PAIM-703057,Patiala Water Supply Infrastructure Part-2 Project (Ministry of Housing & Urban Affairs) (703057),Infrastructure & Highways,Ministry of Housing & Urban Affairs,703057,Punjab,2502.62,2502.62,1365.22,54.6,2021-03-01,2028-12-31,2027-12-31,2026-03-01,12,0.0,0
PAIM-702949,Jhansi Water Supply Infrastructure Phase-II Project (Ministry of Housing & Urban Affairs) (702949),Infrastructure & Highways,Ministry of Housing & Urban Affairs,702949,Uttar Pradesh,1371.47,1371.47,1133.37,82.6,2023-03-01,2027-12-31,2027-12-31,2026-03-01,18,0.0,0
PAIM-617280,"Director General, GSI Building at plot No.GN-40, Sector-V, Salt Lake, Kolkata (Central Public Works Department [CPWD]) (",Infrastructure & Highways,Ministry of Housing & Urban Affairs,617280,West Bengal,1914.22,1914.22,1379.25,72.1,2021-03-01,2028-12-31,2029-12-31,2026-03-01,0,0.0,0
PAIM-400426,Expansion of Malanjkhand Copper Project (Hindustan Copper Limited [HCL]) (400426),Infrastructure & Highways,Ministry of Housing & Urban Affairs,400426,West Bengal,3336.31,3336.31,1717.17,51.5,2024-03-01,2026-12-31,2027-12-31,2026-03-01,12,0.0,0
PAIM-400141,enhancement of 1.0 Million Tonee Per Annum (National Aluminium Company Limited [NALCO]) (400141),Infrastructure & Highways,Ministry of Housing & Urban Affairs,400141,Odisha,3785.31,3785.31,2878.87,76.1,2024-03-01,2026-12-31,2029-12-31,2026-03-01,6,0.0,0
PAIM-400299,Pottangi Bauxite Mines Project (National Aluminium Company Limited [NALCO]) (400299),Infrastructure & Highways,Ministry of Housing & Urban Affairs,400299,Odisha,3853.2,3853.2,2712.29,70.4,2021-03-01,2027-12-31,2029-12-31,2026-03-01,6,0.0,0
PAIM-709831,REFINERY FROM SOUTH BLOCK MINING LEASE OF PANCHPATMAILI MINES (National Aluminium Company Limited [NALCO]) (709831),Infrastructure & Highways,Ministry of Housing & Urban Affairs,709831,Odisha,2953.59,2953.59,2085.36,70.6,2022-03-01,2028-12-31,2027-12-31,2026-03-01,12,0.0,0
PAIM-709832,25.5 MW WIND POWER PROJECT AT KAYATHAR IN TAMILNADU (National Aluminium Company Limited [NALCO]) (709832),Infrastructure & Highways,Ministry of Housing & Urban Affairs,709832,Odisha,1048.96,1048.96,507.78,48.4,2021-03-01,2026-12-31,2029-12-31,2026-03-01,6,0.0,0
PAIM-613008,Phase-1 (Central Tribal University of Andhra Pradesh) (613008),Infrastructure & Highways,Ministry of Housing & Urban Affairs,613008,Andhra Pradesh,1233.35,1233.35,302.8,24.6,2022-03-01,2026-12-31,2027-12-31,2026-03-01,6,0.0,0
PAIM-606013,Additional Campus  of NITPatna (NIT Patna) (606013),Infrastructure & Highways,Ministry of Housing & Urban Affairs,606013,Bihar,3454.55,3454.55,1738.48,50.3,2021-03-01,2026-12-31,2028-12-31,2026-03-01,24,0.0,0
PAIM-617877,"Phase B Construction of Permanent Campus of IIT Bhilai (Indian Institute of Technology, Bhilai) (617877)",Infrastructure & Highways,Ministry of Housing & Urban Affairs,617877,Bihar,2256.91,2256.91,1020.13,45.2,2024-03-01,2026-12-31,2029-12-31,2026-03-01,24,0.0,0
PAIM-612851,"Campus on Engineering, Procurement and Construction basis (National Institute of Technology Delhi) (612851)",Infrastructure & Highways,Ministry of Housing & Urban Affairs,612851,Delhi,4257.03,4257.03,1883.4,44.2,2023-03-01,2027-12-31,2028-12-31,2026-03-01,6,0.0,0
PAIM-616886,Delhi University Eastern Campus at Surajmal Vihar (Delhi University) (616886),Infrastructure & Highways,Ministry of Housing & Urban Affairs,616886,Gujarat,2031.24,2031.24,795.55,39.2,2021-03-01,2027-12-31,2029-12-31,2026-03-01,0,0.0,0
PAIM-612916,"kundhela, Dist. Vadodara, Gujarat. (Central University of Gujarat) (612916)",Infrastructure & Highways,Ministry of Housing & Urban Affairs,612916,Gujarat,1879.49,1879.49,1193.62,63.5,2024-03-01,2027-12-31,2027-12-31,2026-03-01,18,0.0,0
PAIM-602099,"Establishment of Permanent campus Phase 1 of IIM Sirmaur (Indian Institute of Management, Sirmaur) (602099)",Infrastructure & Highways,Ministry of Housing & Urban Affairs,602099,Gujarat,4268.76,4268.76,1868.11,43.8,2024-03-01,2028-12-31,2029-12-31,2026-03-01,6,0.0,0
PAIM-612128,"Hostel blocks & dining hall block (Indian Institute of Technology, Mandi) (612128)",Infrastructure & Highways,Ministry of Housing & Urban Affairs,612128,Multi-State,4088.78,4088.78,3241.25,79.3,2021-03-01,2026-12-31,2029-12-31,2026-03-01,36,0.0,0
PAIM-612894,"Mode 1] Basis. (Central University, Himachal Pradesh) (612894)",Infrastructure & Highways,Ministry of Housing & Urban Affairs,612894,Multi-State,3465.01,3465.01,976.46,28.2,2022-03-01,2027-12-31,2027-12-31,2026-03-01,6,0.0,0
PAIM-602098,"Jammu, J&K (Indian Institute of Management, Jammu) (602098)",Infrastructure & Highways,Ministry of Housing & Urban Affairs,602098,Multi-State,924.48,924.48,767.81,83.1,2021-03-01,2027-12-31,2028-12-31,2026-03-01,36,0.0,0
PAIM-606431,1A (INDIAN INSTITUTE OF TECHNOLOGY PALAKKAD) (606431),Infrastructure & Highways,Ministry of Housing & Urban Affairs,606431,Multi-State,4313.65,4313.65,3112.86,72.2,2024-03-01,2028-12-31,2029-12-31,2026-03-01,24,0.0,0
PAIM-617878,Phase B of Construction of Permanent Campus of IIT Palakkad (INDIAN INSTITUTE OF TECHNOLOGY PALAKKAD) (617878),Infrastructure & Highways,Ministry of Housing & Urban Affairs,617878,Multi-State,1407.31,1407.31,357.72,25.4,2021-03-01,2026-12-31,2027-12-31,2026-03-01,36,0.0,0
PAIM-611957,"excellence] (Indian Institute of Technology, Indore) (611957)",Infrastructure & Highways,Ministry of Housing & Urban Affairs,611957,Madhya Pradesh,222.2,222.2,107.35,48.3,2022-03-01,2026-12-31,2027-12-31,2026-03-01,12,0.0,0
PAIM-610315,"IISER BERHAMPUR (Indian Institutes of Science Education and Research, Behrampur) (610315)",Infrastructure & Highways,Ministry of Housing & Urban Affairs,610315,Odisha,2909.36,2909.36,2390.44,82.2,2023-03-01,2027-12-31,2028-12-31,2026-03-01,12,0.0,0
PAIM-619033,and Faculty Residence - 72 nos. Flats (NIT Rourkela) (619033),Infrastructure & Highways,Ministry of Housing & Urban Affairs,619033,Odisha,983.27,983.27,551.34,56.1,2024-03-01,2028-12-31,2028-12-31,2026-03-01,24,0.0,0
PAIM-612877,"Establishment of NIT Puducherry Permanent Campus [Phase-I and Phase-II] (National Institute of Technology, Puducherry) (",Infrastructure & Highways,Ministry of Housing & Urban Affairs,612877,Odisha,3447.32,3447.32,967.53,28.1,2024-03-01,2026-12-31,2029-12-31,2026-03-01,24,0.0,0
PAIM-605292,"Punjab, Phase-I (Indian intitue of Management, Amritsar) (605292)",Infrastructure & Highways,Ministry of Housing & Urban Affairs,605292,Punjab,3398.86,3398.86,738.69,21.7,2023-03-01,2028-12-31,2027-12-31,2026-03-01,36,0.0,0
PAIM-617221,"International Hostel 100 seater, VC Residence and Purchase of Equipment (Central University of Punjab) (617221)",Infrastructure & Highways,Ministry of Housing & Urban Affairs,617221,Punjab,1453.67,1453.67,325.57,22.4,2024-03-01,2026-12-31,2027-12-31,2026-03-01,6,0.0,0
PAIM-609996,"Construction of Precast housing and hostels at IIT Hyderabad (Indian Institute of Technology, Hyderabad) (609996)",Infrastructure & Highways,Ministry of Housing & Urban Affairs,609996,Telangana,1954.0,1954.0,736.27,37.7,2023-03-01,2027-12-31,2028-12-31,2026-03-01,18,0.0,0
PAIM-606479,Banaras Hindu University [ Kayakalp of Institute of Medical Sciences] (Banaras Hindu University) (606479),Infrastructure & Highways,Ministry of Petroleum & Natural Gas,606479,Uttar Pradesh,1515.3,1515.3,1176.7,77.7,2023-03-01,2026-12-31,2027-12-31,2026-03-01,12,0.0,0
PAIM-611963,"Uttarakhand at Sumari, Pauri Garhwal (National Institute of Technology Uttarakhand) (611963)",Infrastructure & Highways,Ministry of Petroleum & Natural Gas,611963,Multi-State,1561.52,1561.52,358.16,22.9,2021-03-01,2028-12-31,2029-12-31,2026-03-01,12,0.0,0
PAIM-609019,"buildings, class room complex and other campus facilities in IIT Kharagpur (Indian Institute of Technology, Kharagpur) (",Infrastructure & Highways,Ministry of Petroleum & Natural Gas,609019,West Bengal,2389.14,2389.14,400.56,16.8,2021-03-01,2028-12-31,2029-12-31,2026-03-01,6,0.0,0
PAIM-617839,MMTPA (Ministry of Petroleum & Natural Gas) (617839),Infrastructure & Highways,Ministry of Petroleum & Natural Gas,617839,Maharashtra,2472.27,2472.27,472.76,19.1,2022-03-01,2027-12-31,2028-12-31,2026-03-01,6,0.0,0
PAIM-604833,"Andheri Residential Towers, Mumbai (Ministry of Petroleum & Natural Gas) (604833)",Infrastructure & Highways,Ministry of Petroleum & Natural Gas,604833,Maharashtra,519.38,519.38,68.31,13.2,2024-03-01,2026-12-31,2028-12-31,2026-03-01,24,0.0,0
PAIM-701343,Srikakulam Angul Gas Pipeline Project (Ministry of Petroleum & Natural Gas) (701343),Infrastructure & Highways,Ministry of Petroleum & Natural Gas,701343,Odisha,1357.85,1357.85,465.49,34.3,2023-03-01,2026-12-31,2027-12-31,2026-03-01,24,0.0,0
PAIM-400078,New Mundra Panipat Crude Oil Pipeline (Ministry of Petroleum & Natural Gas) (400078),Infrastructure & Highways,Ministry of Petroleum & Natural Gas,400078,Odisha,1076.89,1076.89,236.73,22.0,2023-03-01,2027-12-31,2028-12-31,2026-03-01,18,0.0,0
PAIM-400012,Kandla Gorakhpur LPG Pipeline (Ministry of Petroleum & Natural Gas) (400012),Infrastructure & Highways,Ministry of Petroleum & Natural Gas,400012,Gujarat,2835.81,2835.81,984.27,34.7,2024-03-01,2026-12-31,2028-12-31,2026-03-01,18,0.0,0
PAIM-400301,"Multi Product Pipeline from Irugur to Devangonthi (Department of Water Resources, River Development & GR) (400301)",Infrastructure & Highways,Ministry of Petroleum & Natural Gas,400301,Karnataka,3423.83,3423.83,1369.8,40.0,2021-03-01,2026-12-31,2028-12-31,2026-03-01,36,0.0,0
PAIM-701263,Rajasthan Refinery Project (MinistryofPetroleumNaturalGas) (701263),Infrastructure & Highways,Ministry of Petroleum & Natural Gas,701263,Karnataka,818.74,818.74,156.69,19.1,2022-03-01,2026-12-31,2027-12-31,2026-03-01,18,0.0,0
PAIM-709759,"Petrochemical evacuation marketing terminal at Barmer, Rajasthan (Hindustan Petroleum Corporation Limited [HPCL]) (70975",Infrastructure & Highways,Ministry of Petroleum & Natural Gas,709759,Rajasthan,2691.69,2691.69,1688.45,62.7,2022-03-01,2026-12-31,2029-12-31,2026-03-01,24,0.0,0
PAIM-400043,Vallur [Chennai] (Ministry of Petroleum & Natural Gas) (400043),Infrastructure & Highways,Ministry of Petroleum & Natural Gas,400043,Tamil Nadu,3503.69,3503.69,2252.22,64.3,2021-03-01,2026-12-31,2028-12-31,2026-03-01,18,0.0,0
PAIM-604852,"Grass-root Terminal at Mirzapur, Uttar Pradesh (Ministry of Petroleum & Natural Gas) (604852)",Infrastructure & Highways,Ministry of Petroleum & Natural Gas,604852,Uttar Pradesh,2237.66,2237.66,1746.91,78.1,2023-03-01,2027-12-31,2027-12-31,2026-03-01,36,0.0,0
PAIM-400120,KG-DWN-98/2 Cluster - II Development Project - NELP Block (Oil and Natural Gas Corporation Limited [ONGC]) (400120),Infrastructure & Highways,Ministry of Petroleum and Natural Gas,400120,Andhra Pradesh,4069.54,4069.54,1319.33,32.4,2024-03-01,2027-12-31,2029-12-31,2026-03-01,12,0.0,0
PAIM-619226,Provision of four bitumen tanks with capacity of 5 TMT each at Visakh Refinery (Ministry of Petroleum and Natural Gas) (,Infrastructure & Highways,Ministry of Petroleum and Natural Gas,619226,Andhra Pradesh,3943.46,3943.46,1169.44,29.7,2024-03-01,2026-12-31,2027-12-31,2026-03-01,24,0.0,0
PAIM-709752,HP-COAT [Crude to Olefins and Aromatics Technology] demo unit at Visakh Refinery (Hindustan Petroleum Corporation Limite,Infrastructure & Highways,Ministry of Petroleum and Natural Gas,709752,Andhra Pradesh,326.2,326.2,228.76,70.1,2023-03-01,2028-12-31,2028-12-31,2026-03-01,6,0.0,0
PAIM-617304,"Setting up of LPG Plant with Rail Unloading Facility at Hathua, Dist. Gopalganj, Bihar (MinistryofPetroleumNaturalGas) (",Infrastructure & Highways,Ministry of Petroleum and Natural Gas,617304,Bihar,838.42,838.42,445.53,53.1,2021-03-01,2026-12-31,2027-12-31,2026-03-01,0,0.0,0
PAIM-701324,Barauni Refinery Capacity Expansion from 6.0 to 9.0 MMTPA (Ministry of Petroleum & Natural Gas) (701324),Infrastructure & Highways,Ministry of Petroleum and Natural Gas,701324,Bihar,2815.57,2815.57,1685.52,59.9,2022-03-01,2027-12-31,2027-12-31,2026-03-01,24,0.0,0
PAIM-709777,Refinery (MinistryofPetroleumNaturalGas) (709777),Infrastructure & Highways,Ministry of Petroleum and Natural Gas,709777,Bihar,1260.79,1260.79,985.83,78.2,2022-03-01,2028-12-31,2027-12-31,2026-03-01,36,0.0,0
PAIM-709792,Sheohar districts (Bharat Petroleum Corporation Limited [BPCL]) (709792),Infrastructure & Highways,Ministry of Petroleum and Natural Gas,709792,Bihar,1868.53,1868.53,1523.95,81.6,2024-03-01,2027-12-31,2028-12-31,2026-03-01,12,0.0,0
PAIM-709793,Champaran and Deoria districts (Bharat Petroleum Corporation Limited [BPCL]) (709793),Infrastructure & Highways,Ministry of Petroleum and Natural Gas,709793,Bihar,3412.66,3412.66,355.82,10.4,2021-03-01,2026-12-31,2029-12-31,2026-03-01,18,0.0,0
PAIM-617819,Bijapur & Dantewada GA (Ministry of Petroleum & Natural Gas) (617819),Infrastructure & Highways,Ministry of Petroleum and Natural Gas,617819,Multi-State,3222.39,3222.39,2703.42,83.9,2023-03-01,2028-12-31,2028-12-31,2026-03-01,6,0.0,0
PAIM-400087,Redevelopment of Sobhasan Complex (Oil and Natural Gas Corporation Limited [ONGC]) (400087),Infrastructure & Highways,Ministry of Petroleum and Natural Gas,400087,Gujarat,4421.08,4421.08,3528.31,79.8,2024-03-01,2028-12-31,2027-12-31,2026-03-01,12,0.0,0
PAIM-400167,Redevelopment of Santhal Field [Onshore-Mehsana Asset] (Oil and Natural Gas Corporation Limited [ONGC]) (400167),Infrastructure & Highways,Ministry of Petroleum and Natural Gas,400167,Gujarat,2820.83,2820.83,411.56,14.6,2022-03-01,2026-12-31,2028-12-31,2026-03-01,36,0.0,0
PAIM-400169,Redevelopment of Linch Field (Oil and Natural Gas Corporation Limited [ONGC]) (400169),Infrastructure & Highways,Ministry of Petroleum & Natural Gas,400169,Gujarat,1922.27,1922.27,661.61,34.4,2023-03-01,2026-12-31,2027-12-31,2026-03-01,24,0.0,0
PAIM-701329,Petrochemical and Lube Integration Project at Gujarat Refinery (Ministry of Petroleum & Natural Gas) (701329),Infrastructure & Highways,Ministry of Petroleum & Natural Gas,701329,Gujarat,346.02,346.02,199.77,57.7,2023-03-01,2028-12-31,2027-12-31,2026-03-01,18,0.0,0
PAIM-709778,Installation of new Biturox Unit along with allied facilities at Gujarat Refinery (MinistryofPetroleumNaturalGas) (70977,Infrastructure & Highways,Ministry of Petroleum & Natural Gas,709778,Gujarat,4294.51,4294.51,3647.77,84.9,2023-03-01,2027-12-31,2029-12-31,2026-03-01,24,0.0,0
PAIM-709838,Commercial Polymer Flooding Project in Bechraji field (Oil and Natural Gas Corporation Limited [ONGC]) (709838),Infrastructure & Highways,Ministry of Petroleum & Natural Gas,709838,Gujarat,238.89,238.89,88.72,37.1,2022-03-01,2026-12-31,2028-12-31,2026-03-01,18,0.0,0
PAIM-709840,"Restoration of Gas Terminal, Phase-I [Part-A], Hazira (Oil and Natural Gas Corporation Limited [ONGC]) (709840)",Infrastructure & Highways,Ministry of Petroleum & Natural Gas,709840,Gujarat,341.07,341.07,191.46,56.1,2021-03-01,2028-12-31,2027-12-31,2026-03-01,0,0.0,0
PAIM-709841,Old Pipe Line Replacement [OPRP] Group-A (Oil and Natural Gas Corporation Limited [ONGC]) (709841),Infrastructure & Highways,Ministry of Petroleum & Natural Gas,709841,Gujarat,4449.73,4449.73,829.81,18.6,2021-03-01,2026-12-31,2029-12-31,2026-03-01,12,0.0,0
PAIM-709842,"Kalol Redevelopment Project, Ahmedabad Asset (Oil and Natural Gas Corporation Limited [ONGC]) (709842)",Infrastructure & Highways,Ministry of Petroleum & Natural Gas,709842,Gujarat,3923.04,3923.04,1788.5,45.6,2021-03-01,2027-12-31,2028-12-31,2026-03-01,24,0.0,0
PAIM-709845,"Revamping of SV Stations, Gas Terminal & Kribhco Terminal (Oil and Natural Gas Corporation Limited [ONGC]) (709845)",Infrastructure & Highways,Ministry of Petroleum & Natural Gas,709845,Gujarat,1469.69,1469.69,1169.7,79.6,2021-03-01,2028-12-31,2028-12-31,2026-03-01,36,0.0,0
PAIM-604853,Faridabad (Ministry of Petroleum & Natural Gas) (604853),Infrastructure & Highways,Ministry of Petroleum & Natural Gas,604853,Haryana,722.87,722.87,473.95,65.6,2024-03-01,2026-12-31,2029-12-31,2026-03-01,6,0.0,0
PAIM-611917,Poly Butadiene Rubber plant at Panipat (Indian Oil Corporation Limited [IOCL]) (611917),Infrastructure & Highways,Ministry of Petroleum & Natural Gas,611917,Haryana,2584.69,2584.69,1747.32,67.6,2021-03-01,2026-12-31,2028-12-31,2026-03-01,18,0.0,0
PAIM-619196,from Crude oil to Product (IOCL) (619196),Infrastructure & Highways,Ministry of Petroleum & Natural Gas,619196,Haryana,3558.21,3558.21,2573.06,72.3,2021-03-01,2027-12-31,2029-12-31,2026-03-01,24,0.0,0
PAIM-701289,Capacity Expansion of Panipat Refinery from 15 to 25 MMTPA (Ministry of Petroleum & Natural Gas) (701289),Infrastructure & Highways,Ministry of Petroleum & Natural Gas,701289,Haryana,4367.94,4367.94,2932.9,67.1,2024-03-01,2027-12-31,2027-12-31,2026-03-01,0,0.0,0
PAIM-709783,and Petrochemical Complex. (MinistryofPetroleumNaturalGas) (709783),Infrastructure & Highways,Ministry of Petroleum & Natural Gas,709783,Haryana,2076.32,2076.32,984.46,47.4,2023-03-01,2026-12-31,2029-12-31,2026-03-01,18,0.0,0
PAIM-709773,Districts (MinistryofPetroleumNaturalGas) (709773),Infrastructure & Highways,Ministry of Petroleum & Natural Gas,709773,Haryana,1674.6,1674.6,605.61,36.2,2022-03-01,2026-12-31,2028-12-31,2026-03-01,18,0.0,0
PAIM-610984,Development of Jharia CBM Block [Phase-1] (Oil and Natural Gas Corporation Limited [ONGC]) (610984),Infrastructure & Highways,Ministry of Petroleum & Natural Gas,610984,Multi-State,1881.03,1881.03,545.72,29.0,2023-03-01,2027-12-31,2029-12-31,2026-03-01,36,0.0,0
PAIM-709785,Laying of Natural Gas Pipeline from Hazaribagh to Ranchi [HRPL] (MinistryofPetroleumNaturalGas) (709785),Infrastructure & Highways,Ministry of Petroleum & Natural Gas,709785,Multi-State,1498.17,1498.17,755.04,50.4,2024-03-01,2027-12-31,2028-12-31,2026-03-01,0,0.0,0
PAIM-612790,Power System Upgradation Project (Mangalore Refinary and Petrochemicals Limited) (612790),Infrastructure & Highways,Ministry of Petroleum & Natural Gas,612790,Karnataka,453.55,453.55,271.76,59.9,2022-03-01,2028-12-31,2029-12-31,2026-03-01,24,0.0,0
PAIM-616879,Demo Bio-ATF Project (Ministry of Petroleum & Natural Gas) (616879),Infrastructure & Highways,Ministry of Petroleum & Natural Gas,616879,Karnataka,2938.82,2938.82,1464.63,49.8,2022-03-01,2028-12-31,2028-12-31,2026-03-01,6,0.0,0
PAIM-709774,Revamping/ Augmentation of facilities at existing port terminal at Mangalore (Ministry of Petroleum & Natural Gas) (7097,Infrastructure & Highways,Ministry of Petroleum & Natural Gas,709774,Karnataka,1938.85,1938.85,357.26,18.4,2022-03-01,2026-12-31,2029-12-31,2026-03-01,12,0.0,0
PAIM-617838,Palakkad TOP (Ministry of Petroleum & Natural Gas) (617838),Infrastructure & Highways,Ministry of Petroleum & Natural Gas,617838,Multi-State,2083.52,2083.52,859.13,41.2,2023-03-01,2028-12-31,2027-12-31,2026-03-01,36,0.0,0
PAIM-709799,Setting up Polypropylene Unit at Kochi Refinery (MinistryofPetroleumNaturalGas) (709799),Infrastructure & Highways,Ministry of Petroleum & Natural Gas,709799,Madhya Pradesh,428.11,428.11,303.46,70.9,2022-03-01,2026-12-31,2029-12-31,2026-03-01,24,0.0,0
PAIM-617830,C2/C3 Vijaipur Pata Pipeline (Ministry of Petroleum & Natural Gas) (617830),Infrastructure & Highways,Ministry of Petroleum & Natural Gas,617830,Madhya Pradesh,2640.99,2640.99,2001.89,75.8,2022-03-01,2027-12-31,2029-12-31,2026-03-01,24,0.0,0
PAIM-709798,and expansion of Refinery (MinistryofPetroleumNaturalGas) (709798),Infrastructure & Highways,Ministry of Petroleum & Natural Gas,709798,Madhya Pradesh,2730.23,2730.23,467.62,17.1,2023-03-01,2028-12-31,2027-12-31,2026-03-01,18,0.0,0
PAIM-400168,"500 KTA PDHPP Project, Usar (Ministry of Petroleum & Natural Gas) (400168)",Infrastructure & Highways,Ministry of Petroleum & Natural Gas,400168,Maharashtra,2755.87,2755.87,424.23,15.4,2022-03-01,2028-12-31,2027-12-31,2026-03-01,0,0.0,0
PAIM-616933,Lube Modernization & Bottom Upgradation Project at Mumbai Refinery (Ministry of Petroleum and Natural Gas) (616933),Infrastructure & Highways,Ministry of Petroleum & Natural Gas,616933,Maharashtra,1903.97,1903.97,1166.92,61.3,2022-03-01,2028-12-31,2028-12-31,2026-03-01,18,0.0,0
PAIM-619223,Mumbai Refinery (Ministry of Petroleum & Natural Gas) (619223),Infrastructure & Highways,Ministry of Petroleum & Natural Gas,619223,Maharashtra,753.32,753.32,108.18,14.4,2021-03-01,2026-12-31,2027-12-31,2026-03-01,18,0.0,0
PAIM-619224,Augmentation of DUPL-DPPL Pipeline (Ministry of Petroleum & Natural Gas) (619224),Infrastructure & Highways,Ministry of Petroleum & Natural Gas,619224,Maharashtra,2100.07,2100.07,1043.63,49.7,2024-03-01,2028-12-31,2027-12-31,2026-03-01,12,0.0,0
PAIM-619225,Installation of Compression facility at GAIL Usar (Ministry of Petroleum & Natural Gas) (619225),Infrastructure & Highways,Ministry of Petroleum & Natural Gas,619225,Maharashtra,624.92,624.92,126.06,20.2,2022-03-01,2027-12-31,2029-12-31,2026-03-01,36,0.0,0
PAIM-709760,HP TDAE Unit in Mumbai Refinery (Hindustan Petroleum Corporation Limited) (709760),Infrastructure & Highways,Ministry of Petroleum & Natural Gas,709760,Maharashtra,4269.0,4269.0,450.63,10.6,2024-03-01,2028-12-31,2029-12-31,2026-03-01,12,0.0,0
PAIM-709771,"City Gas Distribution Project at Beed, Jalgaon and Jalna Districts (MinistryofPetroleumNaturalGas) (709771)",Infrastructure & Highways,Ministry of Petroleum & Natural Gas,709771,Maharashtra,1693.51,1693.51,746.37,44.1,2023-03-01,2028-12-31,2029-12-31,2026-03-01,18,0.0,0
PAIM-709780,Construction of Additional Tankages and Allied Facilities at JNPT Terminal (MinistryofPetroleumNaturalGas) (709780),Infrastructure & Highways,Ministry of Petroleum & Natural Gas,709780,Maharashtra,1401.58,1401.58,171.3,12.2,2021-03-01,2027-12-31,2029-12-31,2026-03-01,12,0.0,0
PAIM-709782,ATF Pipeline from Jawaharlal Nehru Port Trust to Navi Mumbai International Airport (Indian Oil Corporation Limited [IOCL,Infrastructure & Highways,Ministry of Petroleum & Natural Gas,709782,Maharashtra,2188.11,2188.11,305.64,14.0,2021-03-01,2027-12-31,2027-12-31,2026-03-01,12,0.0,0
PAIM-709797,POL & LOBS Installations with Receipt Pipelines at Rasayani (Bharat Petroleum Corporation Limited [BPCL]) (709797),Infrastructure & Highways,Ministry of Petroleum & Natural Gas,709797,Maharashtra,3818.98,3818.98,2832.58,74.2,2021-03-01,2026-12-31,2029-12-31,2026-03-01,12,0.0,0
PAIM-616254,Visakh Raipur Pipeline Project (Ministry of Petroleum and Natural Gas) (616254),Infrastructure & Highways,Ministry of Petroleum & Natural Gas,616254,Maharashtra,2164.2,2164.2,1811.46,83.7,2024-03-01,2028-12-31,2029-12-31,2026-03-01,6,0.0,0
PAIM-709757,"CGD Project in Banka, Dumka, Godda, Jamtara, Pakur, Sahibganj GA ID 11A.02 (Hindustan Petroleum Corporation Limited) (70",Infrastructure & Highways,Ministry of Petroleum & Natural Gas,709757,West Bengal,1030.26,1030.26,452.4,43.9,2021-03-01,2027-12-31,2029-12-31,2026-03-01,12,0.0,0
PAIM-701354,Mumbai Nagpur Jharsuguda Pipeline Project (Ministry of Petroleum & Natural Gas) (701354),Infrastructure & Highways,Ministry of Petroleum & Natural Gas,701354,Maharashtra,2570.49,2570.49,327.94,12.8,2024-03-01,2026-12-31,2028-12-31,2026-03-01,12,0.0,0
PAIM-701330,Mehsana-Bhatinda & Bhatinda-Jammu Natural Gas Pipeline (Ministry of Petroleum & Natural Gas) (701330),Infrastructure & Highways,Ministry of Petroleum & Natural Gas,701330,Maharashtra,4259.58,4259.58,1298.16,30.5,2023-03-01,2028-12-31,2028-12-31,2026-03-01,0,0.0,0
PAIM-612853,Gurdaspur Jammu Pipeline (Gas Authority of India Limited [GAIL]) (612853),Infrastructure & Highways,Ministry of Petroleum & Natural Gas,612853,Gujarat,3793.18,3793.18,1454.36,38.3,2021-03-01,2028-12-31,2027-12-31,2026-03-01,12,0.0,0
PAIM-701228,Kochi - Koottanad - Bangalore - Mangalore Pipeline Phase-II (Ministry of Petroleum & Natural Gas) (701228),Infrastructure & Highways,Ministry of Petroleum & Natural Gas,701228,Maharashtra,1111.38,1111.38,853.63,76.8,2023-03-01,2028-12-31,2028-12-31,2026-03-01,0,0.0,0
PAIM-701338,City Gas Distribution Maharashtra Natural Gas Limited (Ministry of Petroleum & Natural Gas) (701338),Infrastructure & Highways,Ministry of Petroleum & Natural Gas,701338,Maharashtra,2717.74,2717.74,410.76,15.1,2023-03-01,2026-12-31,2027-12-31,2026-03-01,0,0.0,0
PAIM-701344,Dhamra Haldia Pipeline Project (Ministry of Petroleum & Natural Gas) (701344),Infrastructure & Highways,Ministry of Petroleum & Natural Gas,701344,Maharashtra,3345.2,3345.2,821.13,24.5,2023-03-01,2027-12-31,2027-12-31,2026-03-01,18,0.0,0
PAIM-709794,and Hanumangarh districts (Bharat Petroleum Corporation Limited [BPCL]) (709794),Infrastructure & Highways,Ministry of Petroleum & Natural Gas,709794,Rajasthan,4011.74,4011.74,621.94,15.5,2024-03-01,2027-12-31,2027-12-31,2026-03-01,12,0.0,0
PAIM-604859,Refinery (Ministry of Petroleum & Natural Gas) (604859),Infrastructure & Highways,Ministry of Petroleum & Natural Gas,604859,Odisha,4212.52,4212.52,2321.39,55.1,2023-03-01,2028-12-31,2029-12-31,2026-03-01,36,0.0,0
PAIM-617818,"City Gas Distribution [CGD] Project in Gajapati, Kandhamal, Boudh, & Sonepur GA (Ministry of Petroleum & Natural Gas) (6",Infrastructure & Highways,Ministry of Petroleum & Natural Gas,617818,Odisha,1642.13,1642.13,503.57,30.7,2024-03-01,2028-12-31,2029-12-31,2026-03-01,24,0.0,0
PAIM-709800,"CUF POL Depot at Sadashibpur [Meramundali], Odisha (MinistryofPetroleumNaturalGas) (709800)",Infrastructure & Highways,Ministry of Petroleum & Natural Gas,709800,Odisha,3526.07,3526.07,2611.97,74.1,2021-03-01,2028-12-31,2028-12-31,2026-03-01,6,0.0,0
PAIM-400119,Life Extension of 48 well platforms of Mumbai High & Heera Fields (Oil and Natural Gas Corporation Limited [ONGC]) (4001,Infrastructure & Highways,Ministry of Petroleum & Natural Gas,400119,Odisha,3368.99,3368.99,1897.76,56.3,2023-03-01,2028-12-31,2027-12-31,2026-03-01,6,0.0,0
PAIM-616950,PRP-VIII [Group-A] (Ministry of Petroleum & Natural Gas) (616950),Infrastructure & Highways,Ministry of Petroleum & Natural Gas,616950,Multi-State,4272.57,4272.57,2580.13,60.4,2021-03-01,2028-12-31,2029-12-31,2026-03-01,12,0.0,0
PAIM-709839,Daman Upside Development Project (Oil and Natural Gas Corporation Limited [ONGC]) (709839),Infrastructure & Highways,Ministry of Petroleum & Natural Gas,709839,Multi-State,505.34,505.34,134.09,26.5,2021-03-01,2027-12-31,2027-12-31,2026-03-01,12,0.0,0
PAIM-709848,MHN TCPP PGC BGC Project [MTPBP] (Ministry of Petroleum & Natural Gas) (709848),Infrastructure & Highways,Ministry of Petroleum & Natural Gas,709848,Multi-State,3356.18,3356.18,1272.9,37.9,2022-03-01,2027-12-31,2027-12-31,2026-03-01,36,0.0,0
PAIM-709849,PRP-VIII Group B [NH & BS Asset] (Ministry of Petroleum & Natural Gas) (709849),Infrastructure & Highways,Ministry of Petroleum & Natural Gas,709849,Multi-State,2239.1,2239.1,1329.31,59.4,2021-03-01,2028-12-31,2028-12-31,2026-03-01,24,0.0,0
PAIM-709851,Integrated Development of 4 Contract Areas under DSF-II (Ministry of Petroleum & Natural Gas) (709851),Infrastructure & Highways,Ministry of Petroleum & Natural Gas,709851,Multi-State,3639.98,3639.98,2889.06,79.4,2022-03-01,2027-12-31,2029-12-31,2026-03-01,6,0.0,0
PAIM-400171,2G Ethanol Biorefinery at Bathinda (Hindustan Petroleum Corporation Limited [HPCL]) (400171),Infrastructure & Highways,Ministry of Petroleum & Natural Gas,400171,Punjab,1530.14,1530.14,848.3,55.4,2023-03-01,2026-12-31,2027-12-31,2026-03-01,12,0.0,0
PAIM-709770,City Gas Distribution Project at Pathankot District (MinistryofPetroleumNaturalGas) (709770),Infrastructure & Highways,Ministry of Petroleum & Natural Gas,709770,Tamil Nadu,232.91,232.91,45.71,19.6,2021-03-01,2028-12-31,2027-12-31,2026-03-01,18,0.0,0
PAIM-604795,CBR 9 MMTPA Project (Chennai Petroleum Corporation Limited [CPCL]) (604795),Infrastructure & Highways,Ministry of Petroleum & Natural Gas,604795,Tamil Nadu,4105.0,4105.0,3308.26,80.6,2022-03-01,2028-12-31,2027-12-31,2026-03-01,36,0.0,0
PAIM-709750,between CPCL Manali Refinery and CPCL Desalination plant at Ennore (Chennai Petroleum Corporation Limited [CPCL]) (70975,Infrastructure & Highways,Ministry of Petroleum & Natural Gas,709750,Tamil Nadu,2727.32,2727.32,1328.05,48.7,2024-03-01,2028-12-31,2029-12-31,2026-03-01,36,0.0,0
PAIM-709796,City Gas Distribution Projects at the Nilgiris and Erode districts (Bharat Petroleum Corporation Limited [BPCL]) (709796,Infrastructure & Highways,Ministry of Petroleum & Natural Gas,709796,Tamil Nadu,1782.19,1782.19,517.08,29.0,2023-03-01,2026-12-31,2029-12-31,2026-03-01,12,0.0,0
PAIM-617822,airport (MinistryofPetroleumNaturalGas) (617822),Infrastructure & Highways,Ministry of Petroleum & Natural Gas,617822,Tamil Nadu,3484.49,3484.49,748.76,21.5,2022-03-01,2026-12-31,2028-12-31,2026-03-01,24,0.0,0
PAIM-619191,Kanpur LPG Bottling Plant (MinistryofPetroleumNaturalGas) (619191),Infrastructure & Highways,Ministry of Petroleum & Natural Gas,619191,Uttar Pradesh,3161.2,3161.2,2300.92,72.8,2024-03-01,2026-12-31,2029-12-31,2026-03-01,0,0.0,0
PAIM-709781,Revamping / Augmentation of Facilities at Mathura Bitumen Plant (MinistryofPetroleumNaturalGas) (709781),Infrastructure & Highways,Ministry of Petroleum & Natural Gas,709781,Uttar Pradesh,4103.84,4103.84,1204.58,29.4,2021-03-01,2027-12-31,2029-12-31,2026-03-01,0,0.0,0
PAIM-709795,"Shravasti,Balrampur, Siddharth Nagar & Maharajganj districts (Bharat Petroleum Corporation Limited [BPCL]) (709795)",Infrastructure & Highways,Ministry of Petroleum & Natural Gas,709795,Uttar Pradesh,1804.07,1804.07,1416.28,78.5,2022-03-01,2026-12-31,2028-12-31,2026-03-01,18,0.0,0
PAIM-617302,Durgapur - Haldia Pipeline [Section-3B of JHBDPL Project] (Ministry of Petroleum & Natural Gas) (617302),Infrastructure & Highways,Ministry of Petroleum & Natural Gas,617302,Uttar Pradesh,2589.24,2589.24,679.96,26.3,2024-03-01,2027-12-31,2029-12-31,2026-03-01,24,0.0,0
PAIM-617828,Siliguri-Jhapa Pipeline Project (Indian Oil Corporation Limited [IOCL]) (617828),Infrastructure & Highways,Ministry of Petroleum & Natural Gas,617828,West Bengal,782.94,782.94,641.52,81.9,2024-03-01,2027-12-31,2028-12-31,2026-03-01,18,0.0,0
PAIM-617837,Siliguri Marketing Terminal [SMT] Capacity Augmentation Project (Ministry of Petroleum & Natural Gas) (617837),Infrastructure & Highways,Ministry of Petroleum & Natural Gas,617837,West Bengal,1783.46,1783.46,900.74,50.5,2022-03-01,2027-12-31,2029-12-31,2026-03-01,24,0.0,0
PAIM-709753,Haldia Panagarh Pipeline Project (Hindustan Petroleum Corporation Limited) (709753),Infrastructure & Highways,Ministry of Health & Family Welfare,709753,West Bengal,4235.93,4235.93,2067.48,48.8,2021-03-01,2028-12-31,2029-12-31,2026-03-01,6,0.0,0
PAIM-709758,"CGD Project in Malda, Birbhum, Murshidabad, Dakshin Dinajpur GA ID 11A.03 (Hindustan Petroleum Corporation Limited) (709",Infrastructure & Highways,Ministry of Health & Family Welfare,709758,West Bengal,3279.04,3279.04,2159.18,65.8,2024-03-01,2028-12-31,2028-12-31,2026-03-01,6,0.0,0
PAIM-709772,"City Gas Distribution Project at East Mednipore, West Mednipore & Jhargram Districts (MinistryofPetroleumNaturalGas) (70",Infrastructure & Highways,Ministry of Health & Family Welfare,709772,West Bengal,2404.19,2404.19,1354.6,56.3,2024-03-01,2026-12-31,2028-12-31,2026-03-01,18,0.0,0
PAIM-709791,City Gas Distribution Projects at Alipurduar and Cooch Behar (Bharat Petroleum Corporation Limited [BPCL]) (709791),Infrastructure & Highways,Ministry of Health & Family Welfare,709791,West Bengal,2894.58,2894.58,1363.11,47.1,2024-03-01,2027-12-31,2029-12-31,2026-03-01,18,0.0,0
PAIM-701172,AIIMS Darbhanga (PMSSY AND Institute of NATIONAL Importance) (701172),Infrastructure & Highways,Ministry of Health & Family Welfare,701172,Bihar,2403.72,2403.72,430.91,17.9,2021-03-01,2026-12-31,2029-12-31,2026-03-01,18,0.0,0
PAIM-707020,"Establishment of new GMC Jamui (Medical Education, Ministry of Health and Family Welfare) (707020)",Infrastructure & Highways,Ministry of Health & Family Welfare,707020,Bihar,1501.77,1501.77,1047.92,69.8,2021-03-01,2026-12-31,2028-12-31,2026-03-01,12,0.0,0
PAIM-707044,"Establishment of new GMC Korba (Medical Education, Ministry of Health and Family Welfare) (707044)",Infrastructure & Highways,Ministry of Health & Family Welfare,707044,Bihar,2269.2,2269.2,1550.37,68.3,2021-03-01,2027-12-31,2029-12-31,2026-03-01,36,0.0,0
PAIM-707045,"Establishment of new GMC Mahasamund (Medical Education, Ministry of Health and Family Welfare) (707045)",Infrastructure & Highways,Ministry of Health & Family Welfare,707045,Multi-State,2598.97,2598.97,884.28,34.0,2024-03-01,2026-12-31,2027-12-31,2026-03-01,24,0.0,0
PAIM-707046,"Establishment of new GMC Kanker (Medical Education, Ministry of Health and Family Welfare) (707046)",Infrastructure & Highways,Ministry of Health & Family Welfare,707046,Delhi,709.11,709.11,548.11,77.3,2021-03-01,2028-12-31,2029-12-31,2026-03-01,0,0.0,0
PAIM-617882,Delhi (PMSSY AND Institute of NATIONAL Importance) (617882),Infrastructure & Highways,Ministry of Health & Family Welfare,617882,Delhi,1442.97,1442.97,913.49,63.3,2021-03-01,2027-12-31,2027-12-31,2026-03-01,0,0.0,0
PAIM-617883,"campuses of AIIMS, New Delhi (PMSSY AND Institute of NATIONAL Importance) (617883)",Infrastructure & Highways,Ministry of Health & Family Welfare,617883,Gujarat,2742.46,2742.46,830.75,30.3,2024-03-01,2027-12-31,2029-12-31,2026-03-01,18,0.0,0
PAIM-701170,AIIMS Rajkot (PMSSY AND Institute of NATIONAL Importance) (701170),Infrastructure & Highways,Ministry of Health & Family Welfare,701170,Gujarat,1254.76,1254.76,1009.32,80.4,2023-03-01,2026-12-31,2028-12-31,2026-03-01,36,0.0,0
PAIM-707049,"Establishment of new GMC Panchmahal (Medical Education, Ministry of Health and Family Welfare) (707049)",Infrastructure & Highways,Ministry of Health & Family Welfare,707049,Gujarat,1450.05,1450.05,655.49,45.2,2022-03-01,2028-12-31,2027-12-31,2026-03-01,0,0.0,0
PAIM-707050,"Establishment of new GMC Porbandar (Medical Education, Ministry of Health and Family Welfare) (707050)",Infrastructure & Highways,Ministry of Health & Family Welfare,707050,Gujarat,1200.28,1200.28,601.27,50.1,2021-03-01,2028-12-31,2029-12-31,2026-03-01,36,0.0,0
PAIM-701173,AIIMS Majra Rewari Haryana (PMSSY AND Institute of NATIONAL Importance) (701173),Infrastructure & Highways,Ministry of Health & Family Welfare,701173,Gujarat,2908.15,2908.15,752.13,25.9,2022-03-01,2026-12-31,2029-12-31,2026-03-01,24,0.0,0
PAIM-701167,AIIMS Kashmir at Awantipora Jammu & Kashmir (PMSSY AND Institute of NATIONAL Importance) (701167),Infrastructure & Highways,Ministry of Health & Family Welfare,701167,Haryana,3635.74,3635.74,1525.61,42.0,2024-03-01,2028-12-31,2029-12-31,2026-03-01,6,0.0,0
PAIM-707021,"Establishment of new GMC Koderma (Medical Education, Ministry of Health and Family Welfare) (707021)",Infrastructure & Highways,Ministry of Health & Family Welfare,707021,Multi-State,3703.31,3703.31,2777.12,75.0,2024-03-01,2028-12-31,2028-12-31,2026-03-01,18,0.0,0
PAIM-707022,"Establishment of new GMC Chaibasa [Singhbhum] (Medical Education, Ministry of Health and Family Welfare) (707022)",Infrastructure & Highways,Ministry of Health & Family Welfare,707022,Madhya Pradesh,981.51,981.51,197.07,20.1,2022-03-01,2028-12-31,2027-12-31,2026-03-01,12,0.0,0
PAIM-707058,"Establishment of new GMC Rajgarh (Medical Education, Ministry of Health and Family Welfare) (707058)",Infrastructure & Highways,Ministry of Health & Family Welfare,707058,Madhya Pradesh,336.23,336.23,167.82,49.9,2024-03-01,2026-12-31,2029-12-31,2026-03-01,18,0.0,0
PAIM-707059,"Establishment of new GMC Mandla (Medical Education, Ministry of Health and Family Welfare) (707059)",Infrastructure & Highways,Ministry of Health & Family Welfare,707059,Madhya Pradesh,3396.85,3396.85,2852.37,84.0,2021-03-01,2028-12-31,2027-12-31,2026-03-01,24,0.0,0
PAIM-707069,"Establishment of new GMC Kapurthala (Medical Education, Ministry of Health and Family Welfare) (707069)",Infrastructure & Highways,Ministry of Health & Family Welfare,707069,Madhya Pradesh,1568.04,1568.04,854.25,54.5,2024-03-01,2026-12-31,2027-12-31,2026-03-01,6,0.0,0
PAIM-707070,"Establishment of new GMC Hoshiarpur (Medical Education, Ministry of Health and Family Welfare) (707070)",Infrastructure & Highways,Ministry of Health & Family Welfare,707070,Punjab,2205.03,2205.03,385.07,17.5,2021-03-01,2028-12-31,2028-12-31,2026-03-01,36,0.0,0
PAIM-701168,ALL India Institute of Medical Sciences-AIIMS  Madurai (PMSSY AND Institute of NATIONAL Importance) (701168),Infrastructure & Highways,Ministry of Health and Family Welfare,701168,Tamil Nadu,2989.81,2989.81,1213.09,40.6,2023-03-01,2027-12-31,2027-12-31,2026-03-01,12,0.0,0
PAIM-701171,AIIMS Bibinagar (PMSSY AND Institute of NATIONAL Importance) (701171),Infrastructure & Highways,Ministry of Health and Family Welfare,701171,Tamil Nadu,1896.2,1896.2,879.04,46.4,2021-03-01,2028-12-31,2029-12-31,2026-03-01,12,0.0,0
PAIM-707086,"Establishment of new GMC Rudrapur (Medical Education, Ministry of Health and Family Welfare) (707086)",Infrastructure & Highways,Ministry of Health and Family Welfare,707086,Telangana,3026.36,3026.36,635.24,21.0,2021-03-01,2028-12-31,2027-12-31,2026-03-01,18,0.0,0
PAIM-707087,"Establishment of new GMC Pithoragarh (Medical Education, Ministry of Health and Family Welfare) (707087)",Infrastructure & Highways,Ministry of Health and Family Welfare,707087,Multi-State,1880.63,1880.63,299.47,15.9,2024-03-01,2027-12-31,2028-12-31,2026-03-01,0,0.0,0
PAIM-612167,"Visakhapatnam, Andhra Pradesh (Employee's State Insurance Company [ESIC]) (612167)",Infrastructure & Highways,Ministry of Health and Family Welfare,612167,Andhra Pradesh,3664.06,3664.06,634.26,17.3,2024-03-01,2028-12-31,2028-12-31,2026-03-01,12,0.0,0
PAIM-612186,350 Bedded [Upgradable to 500 beds] ESI Hospital at Sanand (Employee's State Insurance Company [ESIC]) (612186),Infrastructure & Highways,Ministry of Health and Family Welfare,612186,Gujarat,2364.18,2364.18,2000.91,84.6,2022-03-01,2027-12-31,2027-12-31,2026-03-01,36,0.0,0
PAIM-612211,to 150 beds. (Employee's State Insurance Company [ESIC]) (612211),Infrastructure & Highways,Ministry of Health and Family Welfare,612211,Gujarat,1551.49,1551.49,776.42,50.0,2023-03-01,2026-12-31,2028-12-31,2026-03-01,24,0.0,0
PAIM-612745,"Construction of 200 bed ESI Hospital at Bommasandra, Karnataka (Employee's State Insurance Company [ESIC]) (612745)",Infrastructure & Highways,Ministry of Health and Family Welfare,612745,Gujarat,1174.33,1174.33,665.16,56.6,2024-03-01,2026-12-31,2029-12-31,2026-03-01,24,0.0,0
PAIM-612748,Karnataka (Employee's State Insurance Company [ESIC]) (612748),Infrastructure & Highways,Ministry of Health and Family Welfare,612748,Karnataka,1257.33,1257.33,732.8,58.3,2022-03-01,2028-12-31,2028-12-31,2026-03-01,6,0.0,0
PAIM-612188,"ESIC Hospital at Bibewadi, Pune (Employee's State Insurance Company [ESIC]) (612188)",Infrastructure & Highways,Ministry of Health and Family Welfare,612188,Maharashtra,1257.71,1257.71,131.29,10.4,2022-03-01,2026-12-31,2028-12-31,2026-03-01,12,0.0,0
PAIM-612213,"Construction of 200 Bedded ESIC Hospital at Butibori, Nagpur, Maharashtra. (Employee's State Insurance Company [ESIC]) (",Infrastructure & Highways,Ministry of Health and Family Welfare,612213,Maharashtra,4424.63,4424.63,3306.65,74.7,2023-03-01,2027-12-31,2029-12-31,2026-03-01,12,0.0,0
PAIM-616691,"Housing for ESIC Hospital at Andheri, Mumbai (Employee's State Insurance Company [ESIC]) (616691)",Infrastructure & Highways,Ministry of Health and Family Welfare,616691,Maharashtra,1718.69,1718.69,766.52,44.6,2022-03-01,2027-12-31,2029-12-31,2026-03-01,6,0.0,0
PAIM-612513,"Construction of 100 Bedded ESI Hospital at Duburi, Odisha. (Employee's State Insurance Company [ESIC]) (612513)",Infrastructure & Highways,Ministry of Health and Family Welfare,612513,Maharashtra,2403.5,2403.5,1419.43,59.1,2022-03-01,2027-12-31,2029-12-31,2026-03-01,12,0.0,0
PAIM-612178,"at Vallam Vadangal, SIPCOT, Sriperumbudur (Employee's State Insurance Company [ESIC]) (612178)",Infrastructure & Highways,Ministry of Health and Family Welfare,612178,Tamil Nadu,4239.29,4239.29,2179.33,51.4,2022-03-01,2026-12-31,2027-12-31,2026-03-01,36,0.0,0
PAIM-612259,CONSTRUCTION OF 300 BEDDED HOSPITAL AT HARIDWAR (Employee's State Insurance Company [ESIC]) (612259),Infrastructure & Highways,Ministry of Health and Family Welfare,612259,Tamil Nadu,3553.22,3553.22,2443.22,68.8,2023-03-01,2026-12-31,2027-12-31,2026-03-01,6,0.0,0
PAIM-708662,Medical college and further expansion on PPP basis. (Mumbai Port Trust [MPT]) (708662),Infrastructure & Highways,Ministry of Health and Family Welfare,708662,Maharashtra,1725.29,1725.29,299.98,17.4,2023-03-01,2027-12-31,2029-12-31,2026-03-01,36,0.0,0
PAIM-701565,Jal Marg Vikas Project (Inland Waterways Authority of India [IWAI]) (701565),Infrastructure & Highways,Ministry of Health and Family Welfare,701565,Maharashtra,2377.64,2377.64,1356.69,57.1,2023-03-01,2027-12-31,2028-12-31,2026-03-01,18,0.0,0
PAIM-611142,Fairway Development in West Bengal Farakka - Kahelgaon (Inland Waterways Authority of India [IWAI]) (611142),Infrastructure & Highways,Ministry of Steel,611142,West Bengal,392.39,392.39,84.54,21.5,2021-03-01,2028-12-31,2028-12-31,2026-03-01,0,0.0,0
PAIM-609424,Under PPP Mode (Deendayal Port Trust) (609424),Infrastructure & Highways,Ministry of Steel,609424,Gujarat,3372.1,3372.1,1704.45,50.5,2021-03-01,2028-12-31,2028-12-31,2026-03-01,24,0.0,0
PAIM-701570,"Replacement and revamping of pipeline projects in oil jetty area, Kandla (Deendayal Port Trust [DPT]) (701570)",Infrastructure & Highways,Ministry of Steel,701570,Gujarat,3516.29,3516.29,2187.08,62.2,2021-03-01,2028-12-31,2028-12-31,2026-03-01,36,0.0,0
PAIM-617804,basis - Phase II (New Mangalore Port Authority) (617804),Infrastructure & Highways,Ministry of Steel,617804,Maharashtra,876.03,876.03,634.53,72.4,2022-03-01,2026-12-31,2029-12-31,2026-03-01,12,0.0,0
PAIM-400382,Rewas Port Project (Reliance Industries Ltd) (400382),Infrastructure & Highways,Ministry of Steel,400382,Maharashtra,4135.83,4135.83,1959.45,47.4,2024-03-01,2026-12-31,2027-12-31,2026-03-01,6,0.0,0
PAIM-701586,Setting up of a Floating Storage and Regasification Unit [FSRU] - Mumbai (Mumbai Port Trust [MPT]) (701586),Infrastructure & Highways,Ministry of Steel,701586,Maharashtra,3524.92,3524.92,1894.86,53.8,2022-03-01,2027-12-31,2028-12-31,2026-03-01,36,0.0,0
PAIM-701574,Western Dock on BOT basis to handle Cape size vessels (Paradip Port Trust [PPT]) (701574),Infrastructure & Highways,Ministry of Steel,701574,Odisha,4181.87,4181.87,1764.69,42.2,2024-03-01,2028-12-31,2027-12-31,2026-03-01,0,0.0,0
PAIM-701577,"Shalukkhali Liquid Cargo Handling Facility Development Project (Haldia Dock Complex, Syama Prasad Mookerjee Port Authori",Infrastructure & Highways,Ministry of Steel,701577,West Bengal,1737.93,1737.93,501.68,28.9,2022-03-01,2026-12-31,2029-12-31,2026-03-01,36,0.0,0
PAIM-707215,National Maritime Heritage Complex [NMHC] Phase-I (Indian Port Rail & Ropeway Corporation Ltd. [IPRCL]) (707215),Infrastructure & Highways,Ministry of Steel,707215,Gujarat,2900.79,2900.79,688.33,23.7,2021-03-01,2028-12-31,2028-12-31,2026-03-01,0,0.0,0
PAIM-707410,Infrastructure Development Phase 1 (National Highways & Infrastructure Development Corporation Ltd. [NHIDCL]) (707410),Infrastructure & Highways,Ministry of Steel,707410,Haryana,552.26,552.26,388.87,70.4,2024-03-01,2028-12-31,2028-12-31,2026-03-01,18,0.0,0
PAIM-701658,Krishnapatnam Node - Phase 1 - Roads and Services Development (National Industrial Corridor Development Corporation) (70,Infrastructure & Highways,Ministry of Steel,701658,Andhra Pradesh,1357.98,1357.98,587.04,43.2,2021-03-01,2028-12-31,2029-12-31,2026-03-01,24,0.0,0
PAIM-701657,Tumakuru Node - Phase 1 - Roads and Services Development (National Highways & Infrastructure Development Corporation Ltd,Infrastructure & Highways,Ministry of Steel,701657,Karnataka,827.14,827.14,247.0,29.9,2022-03-01,2028-12-31,2027-12-31,2026-03-01,0,0.0,0
PAIM-615202,Capacity expansion of Deposit-14 and 14 NMZ at Kirandul (National Mineral Development Corporation Limited [NMDC]) (61520,Infrastructure & Highways,Ministry of Steel,615202,Multi-State,3941.44,3941.44,1848.19,46.9,2023-03-01,2028-12-31,2029-12-31,2026-03-01,36,0.0,0
PAIM-617243,Replacement of Hot Leveller No.1 of Plate Mill at Bhilai Steel Plant (Steel Authority of India Limited [SAIL]) (617243),Infrastructure & Highways,Ministry of Steel,617243,Multi-State,276.75,276.75,80.89,29.2,2023-03-01,2028-12-31,2027-12-31,2026-03-01,0,0.0,0
PAIM-617255,Secondary Emission at Bhilai Steel Plant (Steel Authority of India Limited [SAIL]) (617255),Infrastructure & Highways,Ministry of Steel,617255,Multi-State,1427.91,1427.91,842.47,59.0,2023-03-01,2026-12-31,2027-12-31,2026-03-01,0,0.0,0
PAIM-617256,Rebuilding of Coke Oven Battery No.7 & 8 at Bhilai Steel Plant (Steel Authority of India Limited [SAIL]) (617256),Infrastructure & Highways,Ministry of Steel,617256,Multi-State,2412.28,2412.28,764.65,31.7,2023-03-01,2028-12-31,2029-12-31,2026-03-01,24,0.0,0
PAIM-706811,NMDC Slurry Pipeline Project Phase-1 (National Mineral Development Corporation Limited [NMDC]) (706811),Infrastructure & Highways,Ministry of Steel,706811,Multi-State,4259.71,4259.71,1687.0,39.6,2024-03-01,2027-12-31,2029-12-31,2026-03-01,6,0.0,0
PAIM-709826,SCREENING PLANT-III AT KIRANDUL (National Mineral Development Corporation Limited [NMDC]) (709826),Infrastructure & Highways,Ministry of Railways,709826,Multi-State,4280.16,4280.16,2640.22,61.7,2024-03-01,2027-12-31,2027-12-31,2026-03-01,0,0.0,0
PAIM-400174,"New Sinter Plant at BSL, SAIL (Steel Authority of India Limited [SAIL]) (400174)",Infrastructure & Highways,Ministry of Railways,400174,Multi-State,1428.75,1428.75,492.97,34.5,2023-03-01,2027-12-31,2029-12-31,2026-03-01,6,0.0,0
PAIM-617249,Replacement of existing Grinders in CRM-I & II at Bokaro Steel Plant (Steel Authority of India Limited [SAIL]) (617249),Infrastructure & Highways,Ministry of Railways,617249,Multi-State,906.87,906.87,241.65,26.6,2024-03-01,2026-12-31,2028-12-31,2026-03-01,0,0.0,0
PAIM-617250,Secondary Emission Control in Converters of SMS-II at Bokaro Steel Plant (Steel Authority of India Limited [SAIL]) (6172,Infrastructure & Highways,Ministry of Railways,617250,Multi-State,3983.41,3983.41,1402.23,35.2,2021-03-01,2026-12-31,2028-12-31,2026-03-01,36,0.0,0
PAIM-617253,Revamping of old sub-systems of Blast Furnace 3 at Bokaro Steel Plant (Steel Authority of India Limited [SAIL]) (617253),Infrastructure & Highways,Ministry of Railways,617253,Multi-State,3594.06,3594.06,1495.89,41.6,2023-03-01,2028-12-31,2028-12-31,2026-03-01,36,0.0,0
PAIM-617254,Plant-1 at Bokaro Steel Plant (Steel Authority of India Limited [SAIL]) (617254),Infrastructure & Highways,Ministry of Railways,617254,Multi-State,900.74,900.74,269.99,30.0,2021-03-01,2027-12-31,2028-12-31,2026-03-01,24,0.0,0
PAIM-617257,Rebuilding of Coke Oven Battery No.6 at Bokaro Steel Plant (Steel Authority of India Limited [SAIL]) (617257),Infrastructure & Highways,Ministry of Railways,617257,Multi-State,1020.59,1020.59,234.5,23.0,2023-03-01,2027-12-31,2027-12-31,2026-03-01,18,0.0,0
PAIM-400121,"Complex of NMDC Limited at Ballari Dt, Karnataka. (National Mineral Development Corporation Limited [NMDC]) (400121)",Infrastructure & Highways,Ministry of Railways,400121,Karnataka,4169.16,4169.16,1224.78,29.4,2021-03-01,2026-12-31,2027-12-31,2026-03-01,6,0.0,0
PAIM-612781,Rebuilding of COB 4 at Durgapur Steel Plant (Steel Authority of India Limited [SAIL]) (612781),Infrastructure & Highways,Ministry of Railways,612781,Karnataka,4039.0,4039.0,415.57,10.3,2023-03-01,2026-12-31,2029-12-31,2026-03-01,24,0.0,0
PAIM-617242,Installation of New Bar Mill at Durgapur Steel Plant (Steel Authority of India Limited [SAIL]) (617242),Infrastructure & Highways,Ministry of Railways,617242,West Bengal,2228.11,2228.11,1613.88,72.4,2024-03-01,2027-12-31,2028-12-31,2026-03-01,0,0.0,0
PAIM-617246,Up-gradation of Blast Furnace No. 3 at Durgapur Steel Plant (Steel Authority of India Limited [SAIL]) (617246),Infrastructure & Highways,Ministry of Railways,617246,West Bengal,3374.5,3374.5,1236.95,36.7,2022-03-01,2026-12-31,2028-12-31,2026-03-01,0,0.0,0
PAIM-617248,Third Ladle Furnace in Secondary Refinery Unit at IISCO Steel Plant (Steel Authority of India Limited [SAIL]) (617248),Infrastructure & Highways,Ministry of Railways,617248,West Bengal,523.31,523.31,333.38,63.7,2024-03-01,2028-12-31,2029-12-31,2026-03-01,6,0.0,0
PAIM-617251,Revamping of Air Pollution Control Systems of SP-1 at Durgapur Steel Plant (Steel Authority of India Limited [SAIL]) (61,Infrastructure & Highways,Ministry of Railways,617251,West Bengal,3707.71,3707.71,2657.57,71.7,2024-03-01,2027-12-31,2028-12-31,2026-03-01,6,0.0,0
PAIM-617338,Stamp Charge Battery No.12 Battery Proper at IISCO Steel Plant (Steel Authority of India Limited [SAIL]) (617338),Infrastructure & Highways,Ministry of Railways,617338,West Bengal,2857.18,2857.18,1304.61,45.7,2023-03-01,2028-12-31,2029-12-31,2026-03-01,0,0.0,0
PAIM-400298,Nadikudi - Srikalahasti New Line (South Central Railway [SCR] - II) (400298),Infrastructure & Highways,Ministry of Railways,400298,Andhra Pradesh,424.04,424.04,68.81,16.2,2024-03-01,2026-12-31,2028-12-31,2026-03-01,18,0.0,0
PAIM-611752,GOOTY-PENDEKALLU DOUBLING  29.225 Km (South Central Railway [SCR] - II) (611752),Infrastructure & Highways,Ministry of Railways,611752,Andhra Pradesh,2131.92,2131.92,244.34,11.5,2022-03-01,2028-12-31,2027-12-31,2026-03-01,6,0.0,0
PAIM-611754,GUNTAKAL WEST-MALLAPPA GATE RAIL OVER RAIL - ROR TRACK (South Central Railway [SCR] - II) (611754),Infrastructure & Highways,Ministry of Railways,611754,Andhra Pradesh,2295.32,2295.32,1139.65,49.7,2021-03-01,2026-12-31,2027-12-31,2026-03-01,18,0.0,0
PAIM-611927,Kurnool - Setting up facilities for coach midlife rehabilitation workshop (WPO/Patna) (611927),Infrastructure & Highways,Ministry of Railways,611927,Andhra Pradesh,2438.9,2438.9,535.93,22.0,2023-03-01,2026-12-31,2027-12-31,2026-03-01,24,0.0,0
PAIM-612827,Simhachalam  7.135 km    PB 73 of 2023  24 NR (East Coast Railway [ECoR] - II) (612827),Infrastructure & Highways,Ministry of Railways,612827,Andhra Pradesh,1566.2,1566.2,931.84,59.5,2022-03-01,2028-12-31,2028-12-31,2026-03-01,6,0.0,0
PAIM-616697,to Gangavaram port (East Coast Railway [ECoR] - II) (616697),Infrastructure & Highways,Ministry of Railways,616697,Andhra Pradesh,1965.32,1965.32,1258.22,64.0,2021-03-01,2026-12-31,2027-12-31,2026-03-01,36,0.0,0
PAIM-617210,Tiupati Katpadi 104.39 kms (South Central Railway [SCR] - II) (617210),Infrastructure & Highways,Ministry of Railways,617210,Andhra Pradesh,1565.32,1565.32,815.64,52.1,2024-03-01,2027-12-31,2027-12-31,2026-03-01,36,0.0,0
PAIM-617216,3rd Line between Gudur Renigunta 83.17 Km (South Central Railway [SCR] - II) (617216),Infrastructure & Highways,Ministry of Railways,617216,Andhra Pradesh,1873.46,1873.46,1249.72,66.7,2024-03-01,2027-12-31,2027-12-31,2026-03-01,24,0.0,0
PAIM-705253,Kurnool Coach Midlife Rehabilitation Project (WPO/Patna) (705253),Infrastructure & Highways,Ministry of Railways,705253,Andhra Pradesh,3112.2,3112.2,2417.29,77.7,2022-03-01,2027-12-31,2029-12-31,2026-03-01,36,0.0,0
PAIM-705436,Kotapalli - Narasapur New Line (South Central Railway [SCR] - II) (705436),Infrastructure & Highways,Ministry of Railways,705436,Andhra Pradesh,444.46,444.46,226.21,50.9,2022-03-01,2026-12-31,2029-12-31,2026-03-01,36,0.0,0
PAIM-705633,Guntur-Guntakal Doubling Project (South Central Railway [SCR] - II) (705633),Infrastructure & Highways,Ministry of Railways,705633,Andhra Pradesh,3767.7,3767.7,2907.59,77.2,2022-03-01,2026-12-31,2028-12-31,2026-03-01,12,0.0,0
PAIM-705648,Vijaywada-Gudur 3rd Line (RVNL - II) (705648),Infrastructure & Highways,Ministry of Railways,705648,Assam,4471.21,4471.21,2923.54,65.4,2024-03-01,2027-12-31,2027-12-31,2026-03-01,0,0.0,0
PAIM-400254,Sakri -Hasanpur [via Harnagar - Kusheshwar Asthan] New Railway line (East Central Railway [ECR] - I) (400254),Infrastructure & Highways,Ministry of Railways,400254,Bihar,559.86,559.86,378.19,67.6,2022-03-01,2026-12-31,2028-12-31,2026-03-01,12,0.0,0
PAIM-617231,Construction of Bulb line at Nabinagar  Ankorah of East Central Railway (East Central Railway [ECR] - I) (617231),Infrastructure & Highways,Ministry of Railways,617231,Bihar,4170.82,4170.82,799.22,19.2,2022-03-01,2028-12-31,2028-12-31,2026-03-01,6,0.0,0
PAIM-705364,Khagaria-Kusheshwar Asthan [42Km] new line project (East Central Railway [ECR] - I) (705364),Infrastructure & Highways,Ministry of Railways,705364,Bihar,638.06,638.06,526.44,82.5,2023-03-01,2028-12-31,2028-12-31,2026-03-01,24,0.0,0
PAIM-705366,Hajipur-Sagauli New line (East Central Railway [ECR] - I) (705366),Infrastructure & Highways,Ministry of Railways,705366,Bihar,2547.93,2547.93,1848.74,72.6,2024-03-01,2028-12-31,2028-12-31,2026-03-01,12,0.0,0
PAIM-705368,Araria Supaul New BG Line (East Central Railway [ECR] - I) (705368),Infrastructure & Highways,Ministry of Railways,705368,Bihar,1458.75,1458.75,933.15,64.0,2024-03-01,2028-12-31,2028-12-31,2026-03-01,0,0.0,0
PAIM-705373,"Biharsharif, Biharsharif to Barbigha , Barbigha to Shekhpura (East Central Railway [ECR] - I) (705373)",Infrastructure & Highways,Ministry of Railways,705373,Bihar,2434.52,2434.52,1990.66,81.8,2024-03-01,2028-12-31,2028-12-31,2026-03-01,24,0.0,0
PAIM-705450,Jogbani-Biratnagar New Rail Line project (Indian Railway Construction International Limited [IRCON]) (705450),Infrastructure & Highways,Ministry of Railways,705450,Bihar,2656.65,2656.65,333.83,12.6,2022-03-01,2027-12-31,2028-12-31,2026-03-01,6,0.0,0
PAIM-705526,Samastipur-Darbhanga Doubling Railway Project (East Central Railway [ECR] - I) (705526),Infrastructure & Highways,Ministry of Railways,705526,Bihar,2405.18,2405.18,1122.42,46.7,2022-03-01,2028-12-31,2029-12-31,2026-03-01,18,0.0,0
PAIM-705527,Sagauli-Valmiknagar (East Central Railway [ECR] - I) (705527),Infrastructure & Highways,Ministry of Railways,705527,Bihar,393.97,393.97,65.82,16.7,2023-03-01,2027-12-31,2028-12-31,2026-03-01,18,0.0,0
PAIM-705528,Muzaffarpur-Sugauli (East Central Railway [ECR] - I) (705528),Infrastructure & Highways,Ministry of Railways,705528,Bihar,3377.86,3377.86,2257.08,66.8,2021-03-01,2026-12-31,2027-12-31,2026-03-01,6,0.0,0
PAIM-706759,Rampur Dumra-Tal-Rajendrapul Additional Bridge and Railway Line Doubling (Indian Railway Construction International Limi,Infrastructure & Highways,Ministry of Railways,706759,Bihar,1039.82,1039.82,592.95,57.0,2022-03-01,2026-12-31,2028-12-31,2026-03-01,6,0.0,0
PAIM-706860,Barauni-Bachwara [16 km] - 3rd & 4th line incl. Barauni yard remodelling [32 km] (East Central Railway [ECR] - I) (70686,Infrastructure & Highways,Ministry of Railways,706860,Bihar,2284.31,2284.31,451.01,19.7,2023-03-01,2027-12-31,2028-12-31,2026-03-01,36,0.0,0
PAIM-900874,JHAJHA - BATIA (East Central Railway [ECR] - I) (900874),Infrastructure & Highways,Ministry of Railways,900874,Bihar,820.18,820.18,180.38,22.0,2022-03-01,2026-12-31,2029-12-31,2026-03-01,12,0.0,0
PAIM-400220,Kharsia-Dharamjaygarh with Spur line [East Corridor-Phase 1] (Indian Railway Construction International Limited [IRCON]),Infrastructure & Highways,Ministry of Railways,400220,Bihar,3337.74,3337.74,2563.89,76.8,2024-03-01,2026-12-31,2027-12-31,2026-03-01,12,0.0,0
PAIM-400291,Doubling of Kirandul-Jagdalpur Line [150 km] (East Coast Railway [ECoR] - II) (400291),Infrastructure & Highways,Ministry of Railways,400291,Multi-State,2783.83,2783.83,849.41,30.5,2021-03-01,2028-12-31,2028-12-31,2026-03-01,24,0.0,0
PAIM-602792,Kms - 2nd Material Modification to Raipur Titlagarh doubling. (SECR) (602792),Infrastructure & Highways,Ministry of Railways,602792,Multi-State,2279.57,2279.57,1589.68,69.7,2021-03-01,2026-12-31,2027-12-31,2026-03-01,12,0.0,0
PAIM-612815,4th line between Nipania Bhatapara 14.4 Km (South East Central Railway [SECR] - II) (612815),Infrastructure & Highways,Ministry of Railways,612815,Multi-State,3662.84,3662.84,2450.84,66.9,2024-03-01,2027-12-31,2029-12-31,2026-03-01,12,0.0,0
PAIM-617200,KHARSIA- NAYA RAIPUR-PARMALKASA 5th and 6th Line [278KM] (CAO/C/SECR) (617200),Infrastructure & Highways,Ministry of Railways,617200,Multi-State,2603.76,2603.76,835.62,32.1,2021-03-01,2027-12-31,2027-12-31,2026-03-01,12,0.0,0
PAIM-617374,"Dallirajhara - Rowghat New Rail Line Project, Phase-I (Rail Vikas Nigam Limited) (617374)",Infrastructure & Highways,Ministry of Railways,617374,Multi-State,660.66,660.66,269.56,40.8,2022-03-01,2028-12-31,2028-12-31,2026-03-01,24,0.0,0
PAIM-705433,Dallirajhra- Rowghat New Railway Line - Phase I [95 km] (Rail Vikas Nigam Limited) (705433),Infrastructure & Highways,Ministry of Railways,705433,Multi-State,4272.91,4272.91,2622.42,61.4,2021-03-01,2027-12-31,2029-12-31,2026-03-01,6,0.0,0
PAIM-705444,Gevra Road-Pendra Road New Railway Line [135 km] (Indian Railway Construction International Limited [IRCON]) (705444),Infrastructure & Highways,Ministry of Railways,705444,Multi-State,2614.86,2614.86,1368.74,52.3,2023-03-01,2026-12-31,2029-12-31,2026-03-01,18,0.0,0
PAIM-706854,Boridand - Ambikapur Doubling Line Project (South East Central Railway [SECR] - II) (706854),Infrastructure & Highways,Ministry of Railways,706854,Multi-State,1422.86,1422.86,341.03,24.0,2024-03-01,2026-12-31,2028-12-31,2026-03-01,36,0.0,0
PAIM-709815,4TH LINE - BHATAPARA-HATHBAND [8.8 KM] [PB-72/NR/2022-23] (SECR) (709815),Infrastructure & Highways,Ministry of Railways,709815,Multi-State,2496.51,2496.51,545.01,21.8,2024-03-01,2027-12-31,2029-12-31,2026-03-01,0,0.0,0
PAIM-709816,4TH LINE - BHILAI-BHILAI NAGAR [8.8 KM] [PB-72/NR/2022-23] (SECR) (709816),Infrastructure & Highways,Ministry of Railways,709816,Multi-State,3909.17,3909.17,540.83,13.8,2023-03-01,2027-12-31,2028-12-31,2026-03-01,18,0.0,0
PAIM-709817,4TH LINE - DADHAPARA-BELHA [9.2 KM] [PB-72/NR/2022-23] (SECR) (709817),Infrastructure & Highways,Ministry of Railways,709817,Multi-State,517.27,517.27,299.53,57.9,2021-03-01,2027-12-31,2027-12-31,2026-03-01,12,0.0,0
PAIM-709818,4TH LINE RAJNANDGAON-DONGARHGARH [31.2 KM] [PB-72/NR/2022-23] (SECR) (709818),Infrastructure & Highways,Ministry of Railways,709818,Multi-State,3929.63,3929.63,2898.93,73.8,2021-03-01,2026-12-31,2029-12-31,2026-03-01,18,0.0,0
PAIM-709819,3RD AND 4TH LINE - SARAGBUNDIA AND MADWARANI (SECR) (709819),Infrastructure & Highways,Ministry of Railways,709819,Delhi,3191.41,3191.41,1885.67,59.1,2024-03-01,2028-12-31,2029-12-31,2026-03-01,6,0.0,0
PAIM-613785,infrastructure (Rail Land Development Authority) (613785),Infrastructure & Highways,Ministry of Railways,613785,Delhi,1480.29,1480.29,629.18,42.5,2021-03-01,2028-12-31,2029-12-31,2026-03-01,18,0.0,0
PAIM-617379,Development of New Bijwasan Railway Terminal (Northern Railways) (617379),Infrastructure & Highways,Ministry of Railways,617379,Delhi,1189.87,1189.87,722.55,60.7,2023-03-01,2027-12-31,2028-12-31,2026-03-01,24,0.0,0
PAIM-705583,Anand Vihar-Tilak Bridge 3rd & 4th line (CAO/C/NR) (705583),Infrastructure & Highways,Ministry of Railways,705583,Gujarat,4149.2,4149.2,857.23,20.7,2021-03-01,2026-12-31,2027-12-31,2026-03-01,12,0.0,0
PAIM-611918,Kosamba Umarpada 70 Km (PCE/WR) (611918),Infrastructure & Highways,Ministry of Railways,611918,Gujarat,4123.82,4123.82,934.08,22.7,2021-03-01,2027-12-31,2029-12-31,2026-03-01,24,0.0,0
PAIM-611943,New Broad Gauge line between Naliya to Jakhau Port (Western Railway [WR] - II) (611943),Infrastructure & Highways,Ministry of Railways,611943,Gujarat,1324.41,1324.41,768.23,58.0,2022-03-01,2027-12-31,2028-12-31,2026-03-01,12,0.0,0
PAIM-611945,Petlad Bhadran 23 Kms (Western Railway) (611945),Infrastructure & Highways,Ministry of Railways,611945,Gujarat,3662.23,3662.23,1889.09,51.6,2022-03-01,2028-12-31,2029-12-31,2026-03-01,12,0.0,0
PAIM-611970,Samlaya Timba Road 54 km (PCE/WR) (611970),Infrastructure & Highways,Ministry of Railways,611970,Gujarat,902.85,902.85,234.01,25.9,2022-03-01,2028-12-31,2029-12-31,2026-03-01,24,0.0,0
PAIM-611971,Samni Jambusar 24 km (PCE/WR) (611971),Infrastructure & Highways,Ministry of Railways,611971,Gujarat,1744.45,1744.45,410.38,23.5,2023-03-01,2027-12-31,2027-12-31,2026-03-01,12,0.0,0
PAIM-611974,Western Railway Samakhiali Gandhidham Quadrupiling 53 Kms (Western Railway [WR] - II) (611974),Infrastructure & Highways,Ministry of Railways,611974,Gujarat,2767.5,2767.5,1830.48,66.1,2022-03-01,2028-12-31,2029-12-31,2026-03-01,18,0.0,0
PAIM-611977,Manufacturing  at (PCE/WR) (611977),Infrastructure & Highways,Ministry of Railways,611977,Gujarat,1958.02,1958.02,440.82,22.5,2021-03-01,2027-12-31,2027-12-31,2026-03-01,12,0.0,0
PAIM-611978,Dahod Rolling Stock Workshop Provision of Infrastructure for CBS at (PCE/WR) (611978),Infrastructure & Highways,Ministry of Railways,611978,Gujarat,1026.97,1026.97,255.68,24.9,2023-03-01,2027-12-31,2028-12-31,2026-03-01,18,0.0,0
PAIM-611979,Sabarmati  Setting up of Maintenance Facilities for Train Sets Phase ii (Western Railway [WR] - II) (611979),Infrastructure & Highways,Ministry of Railways,611979,Gujarat,1458.75,1458.75,730.94,50.1,2021-03-01,2028-12-31,2028-12-31,2026-03-01,12,0.0,0
PAIM-612072,4th LINE BETWEEN BAREJADI NANDEJ-SANAND-AHMEDABAD BYPASS (Western Railway WR - II) (612072),Infrastructure & Highways,Ministry of Railways,612072,Gujarat,3322.72,3322.72,1663.34,50.1,2024-03-01,2026-12-31,2028-12-31,2026-03-01,12,0.0,0
PAIM-613786,"engineering, procurement and construction mode (Rail Land Development Authority) (613786)",Infrastructure & Highways,Ministry of Railways,613786,Gujarat,3802.09,3802.09,1394.27,36.7,2021-03-01,2027-12-31,2028-12-31,2026-03-01,6,0.0,0
PAIM-618972,Devbhumi Dwarka [Okha] - Kanalus Doubling (Western Railway [WR] - II) (618972),Infrastructure & Highways,Ministry of Railways,618972,Gujarat,1486.78,1486.78,452.7,30.4,2023-03-01,2027-12-31,2027-12-31,2026-03-01,6,0.0,0
PAIM-705458,Miyagam-Karjan-Dabhoi-Samlaya [GC] (Western Railway [WR] - II) (705458),Infrastructure & Highways,Ministry of Railways,705458,Gujarat,667.56,667.56,542.71,81.3,2021-03-01,2026-12-31,2027-12-31,2026-03-01,6,0.0,0
PAIM-706757,Modasa-Shamlaji Road Railway Line Project (Western Railway WR - II) (706757),Infrastructure & Highways,Ministry of Railways,706757,Gujarat,2275.81,2275.81,586.15,25.8,2022-03-01,2026-12-31,2029-12-31,2026-03-01,0,0.0,0
PAIM-706763,Rajkot - Kanalus Doubling Project [111.2 Kms] (Western Railway WR - II) (706763),Infrastructure & Highways,Ministry of Railways,706763,Gujarat,2405.32,2405.32,1787.41,74.3,2024-03-01,2026-12-31,2029-12-31,2026-03-01,0,0.0,0
PAIM-709812,NADIAD-PETLAD [37.26 KM] (Railway) (709812),Infrastructure & Highways,Ministry of Railways,709812,Gujarat,3186.02,3186.02,2145.46,67.3,2024-03-01,2027-12-31,2028-12-31,2026-03-01,36,0.0,0
PAIM-709813,BOTAD-AHMEDABAD [16.51 KM] (Western Railway [WR] - II) (709813),Infrastructure & Highways,Ministry of Railways,709813,Gujarat,1587.5,1587.5,434.94,27.4,2022-03-01,2027-12-31,2028-12-31,2026-03-01,24,0.0,0
PAIM-611884,Bhiwani - Dobh Bahali Doubling Project [42.30 Km] (North Western Railway [NWR]) (611884),Infrastructure & Highways,Ministry of Railways,611884,Gujarat,2728.52,2728.52,814.58,29.9,2021-03-01,2028-12-31,2029-12-31,2026-03-01,24,0.0,0
PAIM-617372,Doubling between Pradhankunta-Patherih-Bhojudih of East Central Railway (East Central Railway [ECR] - I) (617372),Infrastructure & Highways,Ministry of Railways,617372,Haryana,2382.61,2382.61,1229.63,51.6,2022-03-01,2026-12-31,2028-12-31,2026-03-01,24,0.0,0
PAIM-617832,Koderma-Arigada Doubling 133.38 Km of East Central Railway (East Central Railway [ECR] - I) (617832),Infrastructure & Highways,Ministry of Railways,617832,Multi-State,2127.72,2127.72,274.24,12.9,2022-03-01,2027-12-31,2028-12-31,2026-03-01,6,0.0,0
PAIM-705765,Gomoh - Flyover for DN trains (East Central Railway [ECR] - I) (705765),Infrastructure & Highways,Ministry of Railways,705765,Multi-State,2529.85,2529.85,1693.17,66.9,2022-03-01,2026-12-31,2028-12-31,2026-03-01,18,0.0,0
PAIM-705785,Lodhma - Piska - Link Line bypassing Hatia/Ranchi with Y connection (South Eastern Railway [SER] - I) (705785),Infrastructure & Highways,Ministry of Railways,705785,Multi-State,2367.37,2367.37,570.01,24.1,2023-03-01,2028-12-31,2028-12-31,2026-03-01,12,0.0,0
PAIM-706837,Pradhan Kuntha Jn Line Doubling Project (East Central Railway [ECR] - I) (706837),Infrastructure & Highways,Ministry of Railways,706837,Multi-State,683.31,683.31,484.72,70.9,2022-03-01,2026-12-31,2028-12-31,2026-03-01,24,0.0,0
PAIM-400023,Construction of New BG line between Hassan to Belur [27 Km] (South Western Railway [SWR] - II) (400023),Infrastructure & Highways,Ministry of Railways,400023,Karnataka,4313.3,4313.3,544.63,12.6,2022-03-01,2026-12-31,2029-12-31,2026-03-01,18,0.0,0
PAIM-703585,Yeshvanthpur - Channasandra Doubling Project [21.70 Km] (Karnataka Rail Infrastructure Development Company Limited [K-RI,Infrastructure & Highways,Ministry of Railways,703585,Karnataka,2325.21,2325.21,1233.68,53.1,2023-03-01,2028-12-31,2029-12-31,2026-03-01,12,0.0,0
PAIM-705434,New Railway Line between Ginigera and Raichur [165.57 km] (South Western Railway [SWR] - II) (705434),Infrastructure & Highways,Ministry of Railways,705434,Karnataka,3976.31,3976.31,1294.88,32.6,2024-03-01,2026-12-31,2028-12-31,2026-03-01,36,0.0,0
PAIM-705490,Gadag-Wadi New Railway Line [257 km] (South Western Railway [SWR] - II) (705490),Infrastructure & Highways,Ministry of Railways,705490,Karnataka,3880.6,3880.6,1299.59,33.5,2022-03-01,2027-12-31,2028-12-31,2026-03-01,12,0.0,0
PAIM-705492,Kadur - Chickamagalur - Sakleshpur [93km] (South Western Railway [SWR] - II) (705492),Infrastructure & Highways,Ministry of Railways,705492,Karnataka,736.04,736.04,169.19,23.0,2021-03-01,2027-12-31,2027-12-31,2026-03-01,0,0.0,0
PAIM-705495,Bagalkot-Kudachi New Railway Line [142 km] (South Western Railway [SWR] - II) (705495),Infrastructure & Highways,Ministry of Railways,705495,Karnataka,654.77,654.77,249.59,38.1,2021-03-01,2028-12-31,2027-12-31,2026-03-01,18,0.0,0
PAIM-705496,Tumkur-Chitradurga-Davangere New Rail Line Project [191 km] (South Western Railway [SWR] - II) (705496),Infrastructure & Highways,Ministry of Railways,705496,Karnataka,991.75,991.75,597.56,60.3,2021-03-01,2026-12-31,2027-12-31,2026-03-01,36,0.0,0
PAIM-705663,Bangalore-Whitefield-Bangalore City-Krishnarajapuram [23.08 km] - Quadrupling (South Western Railway [SWR] - II) (705663,Infrastructure & Highways,Ministry of Railways,705663,Karnataka,2148.41,2148.41,1033.65,48.1,2021-03-01,2027-12-31,2027-12-31,2026-03-01,0,0.0,0
PAIM-705761,SHIMOGA - SHIKARIPURA - RANEBENNUR [96 Km] (South Western Railway [SWR] - II) (705761),Infrastructure & Highways,Ministry of Railways,705761,Karnataka,4353.78,4353.78,1352.04,31.1,2023-03-01,2028-12-31,2029-12-31,2026-03-01,24,0.0,0
PAIM-705941,Bangalore Suburban Railway Project (Karnataka Rail Infrastructure Development Company Limited [K-RIDE]) (705941),Infrastructure & Highways,Ministry of Railways,705941,Karnataka,4430.04,4430.04,2178.83,49.2,2024-03-01,2028-12-31,2027-12-31,2026-03-01,6,0.0,0
PAIM-706835,Belgaum-Dharwad via Kittur [73.10Km] (South Western Railway [SWR] - II) (706835),Infrastructure & Highways,Ministry of Railways,706835,Karnataka,1649.64,1649.64,980.25,59.4,2021-03-01,2028-12-31,2029-12-31,2026-03-01,18,0.0,0
PAIM-705638,Kumbalam-Turavur doubling project [15.59 Km] (Ministry of Railways) (705638),Infrastructure & Highways,Ministry of Railways,705638,Karnataka,2580.95,2580.95,525.81,20.4,2021-03-01,2027-12-31,2029-12-31,2026-03-01,24,0.0,0
PAIM-705639,Ernakulam-Kumbalam doubling project [7.71 Km] (SR-ERS) (705639),Infrastructure & Highways,Ministry of Railways,705639,Multi-State,1366.35,1366.35,525.84,38.5,2021-03-01,2027-12-31,2029-12-31,2026-03-01,0,0.0,0
PAIM-705480,"Lalitpur-Satna, Rewa-Singrauli & Mahoba-Khajuraho (North Central Railway) (705480)",Infrastructure & Highways,Ministry of Railways,705480,Madhya Pradesh,3450.46,3450.46,1853.97,53.7,2024-03-01,2027-12-31,2029-12-31,2026-03-01,18,0.0,0
PAIM-705659,Satna-Rewa Railway Line Doubling Project (West Central Railway [WCR] - II) (705659),Infrastructure & Highways,Ministry of Railways,705659,Madhya Pradesh,2392.52,2392.52,1225.59,51.2,2021-03-01,2027-12-31,2029-12-31,2026-03-01,0,0.0,0
PAIM-705660,Doubling of Katni - Singrauli Railway Line [261 km] (Indian Railway Construction International Limited [IRCON]) (705660),Infrastructure & Highways,Ministry of Railways,705660,Madhya Pradesh,1832.86,1832.86,1113.64,60.8,2023-03-01,2027-12-31,2029-12-31,2026-03-01,6,0.0,0
PAIM-705661,Katni Grade Separator/Bye Pass (Indian Railway Construction International Limited [IRCON]) (705661),Infrastructure & Highways,Ministry of Railways,705661,Madhya Pradesh,3337.29,3337.29,820.83,24.6,2024-03-01,2026-12-31,2027-12-31,2026-03-01,18,0.0,0
PAIM-705763,Indore - Budni New Railway Line [198 kms] (RVNL - II) (705763),Infrastructure & Highways,Ministry of Railways,705763,Madhya Pradesh,3187.31,3187.31,556.11,17.4,2022-03-01,2026-12-31,2028-12-31,2026-03-01,12,0.0,0
PAIM-705933,Nimach-Ratlam Doubling [133 Km] (Western Railway [WR] - II) (705933),Infrastructure & Highways,Ministry of Railways,705933,Madhya Pradesh,1863.17,1863.17,257.22,13.8,2024-03-01,2026-12-31,2027-12-31,2026-03-01,0,0.0,0
PAIM-400019,DHULE [BORVIHIR] - NARDANA NEW LINE [50.60 KMS] (Central Railway) (400019),Infrastructure & Highways,Ministry of Railways,400019,Maharashtra,3682.18,3682.18,2836.88,77.0,2021-03-01,2026-12-31,2028-12-31,2026-03-01,12,0.0,0
PAIM-400271,Wardha-Nanded Via Yavatmal New BG Line (Central Railway [CR] - II) (400271),Infrastructure & Highways,Ministry of Railways,400271,Maharashtra,2137.58,2137.58,1720.74,80.5,2021-03-01,2028-12-31,2028-12-31,2026-03-01,6,0.0,0
PAIM-611751,AURANGABAD-ANKAI - DOUBLING PROJECT 98.25 Km (South Central Railway [SCR] - II) (611751),Infrastructure & Highways,Ministry of Railways,611751,Maharashtra,1262.52,1262.52,912.22,72.3,2022-03-01,2027-12-31,2028-12-31,2026-03-01,18,0.0,0
PAIM-613015,associated infrastructure (Rail Land Development Authority) (613015),Infrastructure & Highways,Ministry of Railways,613015,Maharashtra,717.77,717.77,586.17,81.7,2022-03-01,2026-12-31,2027-12-31,2026-03-01,36,0.0,0
PAIM-617201,Gondia-Balharshah [Chanda Fort] Doubling [240 Km] (South East Central Railway) (617201),Infrastructure & Highways,Ministry of Railways,617201,Maharashtra,2688.41,2688.41,1024.32,38.1,2023-03-01,2027-12-31,2029-12-31,2026-03-01,18,0.0,0
PAIM-617215,Doubling between Parbhani  Parli Vaijanath stations  64.71 Km (South Central Railway [SCR] - II) (617215),Infrastructure & Highways,Ministry of Railways,617215,Maharashtra,4382.98,4382.98,2051.38,46.8,2021-03-01,2027-12-31,2027-12-31,2026-03-01,0,0.0,0
PAIM-617361,Babupeth - Sasti New Rail Line [13.114 KMs] (CentralRailway) (617361),Infrastructure & Highways,Ministry of Railways,617361,Maharashtra,4109.82,4109.82,936.19,22.8,2023-03-01,2027-12-31,2028-12-31,2026-03-01,36,0.0,0
PAIM-617364,Double Chord line Between Nilaje-Kopar (CentralRailway) (617364),Infrastructure & Highways,Ministry of Railways,617364,Maharashtra,1945.45,1945.45,1395.98,71.8,2021-03-01,2028-12-31,2027-12-31,2026-03-01,24,0.0,0
PAIM-705356,km] (Central Railway [CR] - II) (705356),Infrastructure & Highways,Ministry of Railways,705356,Maharashtra,3551.21,3551.21,2787.77,78.5,2023-03-01,2027-12-31,2028-12-31,2026-03-01,36,0.0,0
PAIM-705357,Baramati Lonand New Line Project (Central Railway) (705357),Infrastructure & Highways,Ministry of Railways,705357,Maharashtra,4359.81,4359.81,713.18,16.4,2024-03-01,2027-12-31,2029-12-31,2026-03-01,12,0.0,0
PAIM-705479,Wadsa-Gadchiroli (South East Central Railway) (705479),Infrastructure & Highways,Ministry of Railways,705479,Maharashtra,1406.15,1406.15,275.72,19.6,2022-03-01,2028-12-31,2028-12-31,2026-03-01,12,0.0,0
PAIM-705498,3rd Line Kalyan - Kasara [67.35 Kilometres] (Central Railway) (705498),Infrastructure & Highways,Ministry of Railways,705498,Maharashtra,3389.56,3389.56,2207.76,65.1,2023-03-01,2026-12-31,2029-12-31,2026-03-01,24,0.0,0
PAIM-705500,3rd Line Wardha - Sewagram - Nagpur (Central Railway [CR] - II) (705500),Infrastructure & Highways,Ministry of Railways,705500,Maharashtra,3228.33,3228.33,788.02,24.4,2022-03-01,2026-12-31,2027-12-31,2026-03-01,18,0.0,0
PAIM-705502,3rd Line Wardha - Ballarshah [132 Kilometres] (Central Railway [CR] - II) (705502),Infrastructure & Highways,Ministry of Railways,705502,Maharashtra,832.75,832.75,239.06,28.7,2023-03-01,2028-12-31,2028-12-31,2026-03-01,12,0.0,0
PAIM-705503,Pune - Miraj-Londa  [467 Kilometres] (Central Railway) (705503),Infrastructure & Highways,Ministry of Railways,705503,Maharashtra,3927.15,3927.15,500.21,12.7,2023-03-01,2028-12-31,2029-12-31,2026-03-01,6,0.0,0
PAIM-705504,Doubling of Daund Manmad Line [247.6 km] (Central Railway) (705504),Infrastructure & Highways,Ministry of Railways,705504,Maharashtra,3567.41,3567.41,416.0,11.7,2023-03-01,2026-12-31,2029-12-31,2026-03-01,36,0.0,0
PAIM-705505,4th Line Wardha - Nagpur [78.7 Kilometres] (Central Railway [CR] - II) (705505),Infrastructure & Highways,Ministry of Railways,705505,Maharashtra,4184.57,4184.57,2767.56,66.1,2021-03-01,2028-12-31,2029-12-31,2026-03-01,0,0.0,0
PAIM-705506,3rd Line Manmad - Jalgaon [160 Kilometres] (Central Railway [CR] - II) (705506),Infrastructure & Highways,Ministry of Railways,705506,Maharashtra,2938.94,2938.94,1896.5,64.5,2022-03-01,2028-12-31,2028-12-31,2026-03-01,36,0.0,0
PAIM-705735,Solapur-tuljapur-Osmanabad (Central Railway) (705735),Infrastructure & Highways,Ministry of Railways,705735,Maharashtra,3693.8,3693.8,2026.99,54.9,2022-03-01,2028-12-31,2027-12-31,2026-03-01,0,0.0,0
PAIM-705799,Nagpur- Nagbhir Railway Line Gauge Conversion Project (MRIDC) (705799),Infrastructure & Highways,Ministry of Railways,705799,Maharashtra,1397.64,1397.64,782.89,56.0,2021-03-01,2027-12-31,2029-12-31,2026-03-01,0,0.0,0
PAIM-706779,Mumbai Urban Transport Project [MUTP] - PHASE II (Mumbai Rail Vikas Corporation Ltd.[MRVC]) (706779),Infrastructure & Highways,Ministry of Railways,706779,Maharashtra,3763.64,3763.64,453.23,12.0,2022-03-01,2028-12-31,2027-12-31,2026-03-01,36,0.0,0
PAIM-706780,Mumbai Urban Transport Project [MUTP]  Phase-IIIA (Mumbai Rail Vikas Corporation Ltd.[MRVC]) (706780),Infrastructure & Highways,Ministry of Railways,706780,Maharashtra,4346.0,4346.0,2696.72,62.1,2023-03-01,2028-12-31,2027-12-31,2026-03-01,6,0.0,0
PAIM-706781,Mumbai Urban Transport Project Phase-III (Mumbai Rail Vikas Corporation Ltd.[MRVC]) (706781),Infrastructure & Highways,Ministry of Railways,706781,Maharashtra,4147.1,4147.1,1705.61,41.1,2022-03-01,2027-12-31,2029-12-31,2026-03-01,0,0.0,0
PAIM-705491,Marikuppam - Kuppam New Line Project [23.70 Km] (South Western Railway [SWR] - II) (705491),Infrastructure & Highways,Ministry of Railways,705491,Karnataka,2201.6,2201.6,228.81,10.4,2024-03-01,2026-12-31,2028-12-31,2026-03-01,0,0.0,0
PAIM-705494,Rayadurg-Tumkur via Kalyandurg New Line [207 km] (South Western Railway [SWR] - II) (705494),Infrastructure & Highways,Ministry of Railways,705494,Karnataka,3881.53,3881.53,2989.77,77.0,2021-03-01,2026-12-31,2028-12-31,2026-03-01,18,0.0,0
PAIM-705610,"Renigunta, Wadi & Gooty Bypass Railway Project (South Central Railway [SCR] - II) (705610)",Infrastructure & Highways,Ministry of Railways,705610,Karnataka,3805.94,3805.94,2935.02,77.1,2022-03-01,2027-12-31,2028-12-31,2026-03-01,18,0.0,0
PAIM-617212,Doubling between Mudkhed  Medchal & Mahbubnagar  Dhone section 417.88 Km (South Central Railway [SCR] - II) (617212),Infrastructure & Highways,Ministry of Railways,617212,Maharashtra,1595.91,1595.91,946.46,59.3,2024-03-01,2027-12-31,2028-12-31,2026-03-01,6,0.0,0
PAIM-400253,Vizianagaram - Titlagarh 3rd line  [272 Km including By - pass line of 7.68 KM] (RVNL - II) (400253),Infrastructure & Highways,Ministry of Railways,400253,Maharashtra,3366.96,3366.96,520.76,15.5,2022-03-01,2026-12-31,2028-12-31,2026-03-01,36,0.0,0
PAIM-705512,Doubling of Kottavalasa-Koraput Rail Line [189 KM] (East Coast Railway [ECoR] - II) (705512),Infrastructure & Highways,Ministry of Railways,705512,Odisha,2395.7,2395.7,1566.46,65.4,2021-03-01,2028-12-31,2027-12-31,2026-03-01,24,0.0,0
PAIM-400275,Tindivanam-Nagari New Line Project [184.5 km] (Ministry of Railways) (400275),Infrastructure & Highways,Ministry of Railways,400275,Odisha,3877.14,3877.14,3047.57,78.6,2023-03-01,2026-12-31,2028-12-31,2026-03-01,24,0.0,0
PAIM-616857,Motumari - 10.877 Km (South Central Railway [SCR] - II) (616857),Infrastructure & Highways,Ministry of Railways,616857,Telangana,4372.25,4372.25,3182.91,72.8,2024-03-01,2026-12-31,2027-12-31,2026-03-01,0,0.0,0
PAIM-617211,Doubling of Guntur Bibinagar 239 Km (South Central Railway [SCR] - II) (617211),Infrastructure & Highways,Ministry of Railways,617211,Telangana,1291.18,1291.18,294.76,22.8,2023-03-01,2027-12-31,2027-12-31,2026-03-01,0,0.0,0
PAIM-617214,Rail Connectivity to Errupalem Amravati Namburu 57 Km (South Central Railway [SCR] - II) (617214),Infrastructure & Highways,Ministry of Railways,617214,Telangana,2484.72,2484.72,946.56,38.1,2023-03-01,2026-12-31,2029-12-31,2026-03-01,12,0.0,0
PAIM-705612,Kazipet-Vijayawada 3rd line with electrification [220 km] (South Central Railway [SCR] - II) (705612),Infrastructure & Highways,Ministry of Railways,705612,Telangana,299.99,299.99,206.74,68.9,2024-03-01,2028-12-31,2029-12-31,2026-03-01,24,0.0,0
PAIM-705632,Vijayawada - Kazipet Byepass line (South Central Railway [SCR] - II) (705632),Infrastructure & Highways,Ministry of Railways,705632,Telangana,4411.13,4411.13,1336.33,30.3,2021-03-01,2027-12-31,2029-12-31,2026-03-01,18,0.0,0
PAIM-705794,New Delhi- Howrah Speed Booster[160Kmph] Project (PCE/NCR) (705794),Infrastructure & Highways,Ministry of Railways,705794,Bihar,4213.94,4213.94,2397.29,56.9,2024-03-01,2026-12-31,2027-12-31,2026-03-01,12,0.0,0
PAIM-616699,Multi tracking of Son Nagar-Andal 374.53 rkm & 814.38 tkm (East Central Railway [ECR] - I) (616699),Infrastructure & Highways,Ministry of Railways,616699,Bihar,555.72,555.72,76.72,13.8,2022-03-01,2026-12-31,2028-12-31,2026-03-01,18,0.0,0
PAIM-705375,Koderma-Tilaiya New Line (East Central Railway [ECR] - I) (705375),Infrastructure & Highways,Ministry of Railways,705375,Bihar,4223.67,4223.67,3436.91,81.4,2024-03-01,2027-12-31,2027-12-31,2026-03-01,12,0.0,0
PAIM-705385,Pirpainti - Jasidih [100.52 Km] New BG line (Eastern Railway [ER] - I) (705385),Infrastructure & Highways,Ministry of Railways,705385,Bihar,4272.7,4272.7,3420.2,80.0,2022-03-01,2026-12-31,2028-12-31,2026-03-01,0,0.0,0
PAIM-611669,Gramin & Burhwal Jn [Excl]  Sitapur Jn section of high density routes (North Eastern Railway [NER]) (611669),Infrastructure & Highways,Ministry of Railways,611669,Bihar,1604.91,1604.91,1329.58,82.8,2022-03-01,2028-12-31,2029-12-31,2026-03-01,24,0.0,0
PAIM-617224,Gorakhpur-Valmikinagar Doubling project (NER) (617224),Infrastructure & Highways,Ministry of Railways,617224,Bihar,2653.04,2653.04,1867.28,70.4,2023-03-01,2027-12-31,2027-12-31,2026-03-01,12,0.0,0
PAIM-705562,Chhapra-Ballia Patch Doubling (North Eastern Railway [NER]) (705562),Infrastructure & Highways,Ministry of Railways,705562,Bihar,2854.43,2854.43,1144.44,40.1,2024-03-01,2026-12-31,2028-12-31,2026-03-01,0,0.0,0
PAIM-617245,Katihar Kumedpur & Katihar Mukuria BG Doubling Project (Northeast Frontier Railway [NFR]) (617245),Infrastructure & Highways,Ministry of Railways,617245,Bihar,2114.33,2114.33,1641.41,77.6,2023-03-01,2026-12-31,2028-12-31,2026-03-01,24,0.0,0
PAIM-618978,Gondia - Dongargarh 4th line [84 Km] (South Eastern Central Railway) (618978),Infrastructure & Highways,Ministry of Railways,618978,Maharashtra,3921.38,3921.38,1432.6,36.5,2022-03-01,2026-12-31,2027-12-31,2026-03-01,6,0.0,0
PAIM-705617,Rajnandgaon - Nagpur [Kalumna] Third Railway Line [228.30 km] (South East Central Railway [SECR] - II) (705617),Infrastructure & Highways,Ministry of Railways,705617,Maharashtra,2191.59,2191.59,337.23,15.4,2024-03-01,2026-12-31,2029-12-31,2026-03-01,6,0.0,0
PAIM-617390,Sardega -Bhalumuda New Double line [37.24 Km] (SECR) (617390),Infrastructure & Highways,Ministry of Railways,617390,Maharashtra,513.63,513.63,293.03,57.1,2023-03-01,2026-12-31,2029-12-31,2026-03-01,0,0.0,0
PAIM-705511,Jagdalpur-Koraput (East Coast Railway [ECoR] - II) (705511),Infrastructure & Highways,Ministry of Railways,705511,Odisha,4351.23,4351.23,2263.97,52.0,2023-03-01,2028-12-31,2029-12-31,2026-03-01,18,0.0,0
PAIM-705616,Jharsuguda-Bilaspur Fourth Railway Line [206 km] (SECR) (705616),Infrastructure & Highways,Ministry of Railways,705616,Odisha,3373.59,3373.59,2711.74,80.4,2023-03-01,2026-12-31,2027-12-31,2026-03-01,0,0.0,0
PAIM-705728,Mumbai-Ahmedabad High Speed Rail Project- 508 km (National High Speed Rail Corporation [NHSRC]) (705728),Infrastructure & Highways,Ministry of Railways,705728,Maharashtra,4359.87,4359.87,1824.09,41.8,2023-03-01,2026-12-31,2028-12-31,2026-03-01,6,0.0,0
PAIM-705793,Vadodara-Ahmedabad (PCE/WR) (705793),Infrastructure & Highways,Ministry of Railways,705793,Maharashtra,451.17,451.17,320.02,70.9,2021-03-01,2026-12-31,2027-12-31,2026-03-01,12,0.0,0
PAIM-705650,Hospet - Tinaighat - Vasco Rail Doubling Project (RVNL - II) (705650),Infrastructure & Highways,Ministry of Railways,705650,Maharashtra,2879.93,2879.93,2421.86,84.1,2022-03-01,2027-12-31,2029-12-31,2026-03-01,36,0.0,0
PAIM-706950,Hospet-Hubli-Vasco da Gama Line Electrification Project (RVNL) (706950),Infrastructure & Highways,Ministry of Railways,706950,Karnataka,1124.31,1124.31,551.25,49.0,2022-03-01,2028-12-31,2027-12-31,2026-03-01,0,0.0,0
PAIM-705237,Western Dedicated Freight Corridor (DFCCIL) (705237),Infrastructure & Highways,Ministry of Railways,705237,Maharashtra,2148.27,2148.27,1097.25,51.1,2023-03-01,2028-12-31,2029-12-31,2026-03-01,24,0.0,0
PAIM-705453,"New line Dahod-Indore via Sardarpur, Jabuwa and Dhar (Western Railway [WR] - II) (705453)",Infrastructure & Highways,Ministry of Railways,705453,Gujarat,2558.26,2558.26,333.49,13.0,2022-03-01,2026-12-31,2029-12-31,2026-03-01,6,0.0,0
PAIM-705454,Chhota Udaipur - Dhar New Line Project [157 km] (Western Railway [WR] - II) (705454),Infrastructure & Highways,Ministry of Railways,705454,Gujarat,3788.35,3788.35,3160.9,83.4,2023-03-01,2027-12-31,2029-12-31,2026-03-01,0,0.0,0
PAIM-611452,SYSTEM 500 RKM (Western Railway) (611452),Infrastructure & Highways,Ministry of Railways,611452,Maharashtra,3429.4,3429.4,1691.91,49.3,2023-03-01,2027-12-31,2029-12-31,2026-03-01,0,0.0,0
PAIM-400022,Taranga Hill-Abu Road via Ambaji (North Western Railway [NWR]) (400022),Infrastructure & Highways,Ministry of Railways,400022,Maharashtra,641.44,641.44,374.86,58.4,2023-03-01,2027-12-31,2029-12-31,2026-03-01,6,0.0,0
PAIM-616842,LUNI- SAMDARI- BHILDI DOUBLING (North Western Railway [NWR]) (616842),Infrastructure & Highways,Ministry of Railways,616842,Gujarat,4239.64,4239.64,1763.01,41.6,2021-03-01,2026-12-31,2027-12-31,2026-03-01,6,0.0,0
PAIM-705424,Chandigarh-Baddi New Rail Line- 36 km (Northen Railway [NR]) (705424),Infrastructure & Highways,Ministry of Railways,705424,Gujarat,1682.41,1682.41,1020.98,60.7,2022-03-01,2028-12-31,2027-12-31,2026-03-01,12,0.0,0
PAIM-611861,Rewari - Kathuwas Doubling Project [27.72 Km] (North Western Railway [NWR]) (611861),Infrastructure & Highways,Ministry of Railways,611861,Rajasthan,3528.59,3528.59,547.64,15.5,2024-03-01,2028-12-31,2027-12-31,2026-03-01,12,0.0,0
PAIM-705428,Bhanupalli-Bilaspur-Beri New Railway Line Project (RVNL - II) (705428),Infrastructure & Highways,Ministry of Railways,705428,Rajasthan,2943.0,2943.0,1414.16,48.1,2022-03-01,2026-12-31,2029-12-31,2026-03-01,0,0.0,0
PAIM-705628,Doubling of Hatia [Ranchi]-Bondamunda Rail Line - 159 km (South Eastern Railway - JH) (705628),Infrastructure & Highways,Ministry of Railways,705628,Odisha,2176.65,2176.65,1400.6,64.3,2023-03-01,2026-12-31,2028-12-31,2026-03-01,0,0.0,0
PAIM-616588,Buramara-Chakulia new line [59.96 km] (South Eastern Railway [SER] - I) (616588),Infrastructure & Highways,Ministry of Railways,616588,Odisha,4273.47,4273.47,1845.22,43.2,2023-03-01,2026-12-31,2029-12-31,2026-03-01,36,0.0,0
PAIM-616227,Chandil - Anara - Damodar - 3rd line [121.26 km] (CAO/C/SER) (616227),Infrastructure & Highways,Ministry of Railways,616227,Odisha,4166.97,4166.97,3331.94,80.0,2023-03-01,2027-12-31,2027-12-31,2026-03-01,24,0.0,0
PAIM-705668,KHARAGPUR-ADITYAPUR THIRD RAIL LINE- 132 KM (RVNL - I) (705668),Infrastructure & Highways,Ministry of Railways,705668,Karnataka,2395.66,2395.66,1561.82,65.2,2024-03-01,2026-12-31,2027-12-31,2026-03-01,18,0.0,0
PAIM-703586,Baiyyappanahalli - Hosur Doubling Project [48 km] (Karnataka Rail Infrastructure Development Company Limited [K-RIDE]) (,Infrastructure & Highways,Ministry of Railways,703586,Karnataka,1085.28,1085.28,886.22,81.7,2023-03-01,2028-12-31,2028-12-31,2026-03-01,12,0.0,0
PAIM-705635,Trivandrum- Kanyakumari (Southern Railway [SR] - I) (705635),Infrastructure & Highways,Ministry of Railways,705635,Karnataka,3828.94,3828.94,3092.04,80.8,2022-03-01,2026-12-31,2029-12-31,2026-03-01,12,0.0,0
PAIM-705457,Ratlam-Mhow-Khandwa-Akola Gauge Conversion (Western Railway [WR] - II) (705457),Infrastructure & Highways,Ministry of Railways,705457,Maharashtra,1449.6,1449.6,732.22,50.5,2021-03-01,2026-12-31,2028-12-31,2026-03-01,24,0.0,0
PAIM-705507,Itarsi - Nagpur Third Railway Line [280 km] (Central Railway [CR] - II) (705507),Infrastructure & Highways,Ministry of Railways,705507,Maharashtra,3570.82,3570.82,2468.48,69.1,2021-03-01,2028-12-31,2029-12-31,2026-03-01,24,0.0,0
PAIM-617406,RATLAM- DUNGARPUR VIA BANSWARA NEW LINE PROJECT (North Western Railway [NWR]) (617406),Infrastructure & Highways,Ministry of Railways,617406,Maharashtra,4332.61,4332.61,2474.04,57.1,2023-03-01,2028-12-31,2029-12-31,2026-03-01,18,0.0,0
PAIM-705419,Gwalior - Seopurkala with extension to Kota [Gauge Conversion] (North Central Railway) (705419),Infrastructure & Highways,Ministry of Railways,705419,Rajasthan,1216.25,1216.25,687.48,56.5,2021-03-01,2028-12-31,2028-12-31,2026-03-01,0,0.0,0
PAIM-705481,Ramganjmandi-Bhopal New Line Project [276.50 km] (West Central Railway [WCR] - II) (705481),Infrastructure & Highways,Ministry of Railways,705481,Rajasthan,3919.21,3919.21,3041.44,77.6,2021-03-01,2028-12-31,2029-12-31,2026-03-01,6,0.0,0
PAIM-705764,Nimach-Badi Sadri  New Rail Line Project (Western Railway [WR] - II) (705764),Infrastructure & Highways,Ministry of Railways,705764,Rajasthan,2351.61,2351.61,1256.4,53.4,2022-03-01,2026-12-31,2027-12-31,2026-03-01,24,0.0,0
PAIM-705667,Mathura-Jhansi Third Railway Line [274 Km] (RVNL - II) (705667),Infrastructure & Highways,Ministry of Railways,705667,Rajasthan,528.15,528.15,112.21,21.2,2023-03-01,2026-12-31,2029-12-31,2026-03-01,18,0.0,0
PAIM-705598,Jhansi - Bina Third Railway Line [153 Km] (CAO/C/NCR) (705598),Infrastructure & Highways,Ministry of Railways,705598,Uttar Pradesh,2739.24,2739.24,300.83,11.0,2021-03-01,2028-12-31,2028-12-31,2026-03-01,24,0.0,0
PAIM-705608,Jhansi-Khairar-Manikpur & Khirar-Bhimsen (North Central Railway) (705608),Infrastructure & Highways,Ministry of Railways,705608,Uttar Pradesh,4263.63,4263.63,3263.88,76.6,2021-03-01,2028-12-31,2029-12-31,2026-03-01,0,0.0,0
PAIM-705613,Third Line [new] between Kazipet - Balharshah  with electrification [201.04 Km] (South Central Railway [SCR] - II) (7056,Infrastructure & Highways,Ministry of Railways,705613,Maharashtra,4261.59,4261.59,3384.26,79.4,2023-03-01,2027-12-31,2027-12-31,2026-03-01,0,0.0,0
PAIM-705629,Narayangarh-Bhadrak 3rd line (South Eastern Railway [SER] - I) (705629),Infrastructure & Highways,Ministry of Railways,705629,Maharashtra,2410.43,2410.43,2030.1,84.2,2021-03-01,2026-12-31,2027-12-31,2026-03-01,0,0.0,0
PAIM-400223,Nagapattinam-Tiruturaipundi and Karaikal-Peralam New Line (Ministry of Railways) (400223),Infrastructure & Highways,Ministry of Railways,400223,Odisha,3228.11,3228.11,2196.75,68.1,2021-03-01,2027-12-31,2028-12-31,2026-03-01,12,0.0,0
PAIM-602797,"Sainthia, Sitarampur, Mughalsarai, Allahabad & Etawah - Bypass Line Project (Eastern Railway [ER] - I) (602797)",Infrastructure & Highways,Ministry of Railways,602797,Multi-State,294.77,294.77,172.73,58.6,2024-03-01,2027-12-31,2028-12-31,2026-03-01,12,0.0,0
PAIM-400006,Barpali. (South Eastern Railway [SER] - I) (400006),Infrastructure & Highways,Ministry of Railways,400006,Odisha,2453.71,2453.71,839.09,34.2,2024-03-01,2027-12-31,2027-12-31,2026-03-01,0,0.0,0
PAIM-400045,Under Deposit Scheme. (East Coast Railway [ECoR] - II) (400045),Infrastructure & Highways,Ministry of Railways,400045,Odisha,4184.23,4184.23,3092.6,73.9,2023-03-01,2026-12-31,2028-12-31,2026-03-01,0,0.0,0
PAIM-400047,exchange yard and NTPC Block Cabin. (East Coast Railway [ECoR] - II) (400047),Infrastructure & Highways,Ministry of Railways,400047,Odisha,1000.61,1000.61,377.11,37.7,2021-03-01,2027-12-31,2028-12-31,2026-03-01,18,0.0,0
PAIM-400048,Doubling of lines connecting the loading spurs in Talcher Yard. (East Coast Railway [ECoR] - II) (400048),Infrastructure & Highways,Ministry of Railways,400048,Odisha,1155.95,1155.95,873.47,75.6,2024-03-01,2027-12-31,2027-12-31,2026-03-01,12,0.0,0
PAIM-400232,Brundamal-Jharsuguda- flyover connection for joining downline (East Coast Railway [ECoR] - II) (400232),Infrastructure & Highways,Ministry of Railways,400232,Odisha,2449.6,2449.6,2051.12,83.7,2024-03-01,2027-12-31,2028-12-31,2026-03-01,18,0.0,0
PAIM-612834,3rd & 4th line between Sarla - Sason [8 km] [PB 73/2023-24/NR] (East Coast Railway [ECoR] - II) (612834),Infrastructure & Highways,Ministry of Railways,612834,Odisha,1140.97,1140.97,736.99,64.6,2022-03-01,2027-12-31,2029-12-31,2026-03-01,12,0.0,0
PAIM-616586,Bangriposi-Gorumahisani new line [ 85.60 km ] (CAO/C/SER) (616586),Infrastructure & Highways,Ministry of Railways,616586,Odisha,2486.18,2486.18,434.98,17.5,2023-03-01,2027-12-31,2027-12-31,2026-03-01,6,0.0,0
PAIM-616587,Badampahar-Kendujhargarh new line [82.06 km] (CAO/C/SER) (616587),Infrastructure & Highways,Ministry of Railways,616587,Odisha,2176.97,2176.97,1552.1,71.3,2021-03-01,2028-12-31,2027-12-31,2026-03-01,6,0.0,0
PAIM-616694,Flyover between Siju and Paradeep coaching Yard to avoid Surface crossing of trains (East Coast Railway [ECoR] - II) (61,Infrastructure & Highways,Ministry of Railways,616694,Odisha,2249.19,2249.19,1609.37,71.6,2021-03-01,2027-12-31,2028-12-31,2026-03-01,36,0.0,0
PAIM-616695,Paradeep - Badabandha 3rd & 4th Line / 18.51kms (East Coast Railway [ECoR] - II) (616695),Infrastructure & Highways,Ministry of Railways,616695,Odisha,3921.92,3921.92,1051.2,26.8,2021-03-01,2026-12-31,2027-12-31,2026-03-01,18,0.0,0
PAIM-618995,New Line between Junagarh - Nabarangpur [116.21 Km] (Indian Railway) (618995),Infrastructure & Highways,Ministry of Railways,618995,Odisha,1932.94,1932.94,670.34,34.7,2022-03-01,2028-12-31,2028-12-31,2026-03-01,18,0.0,0
PAIM-705358,Khurda-Bolangir New Broad Gauge Rail Link [301km] (East Coast Railway [ECoR] - II) (705358),Infrastructure & Highways,Ministry of Railways,705358,Odisha,2541.76,2541.76,1361.21,53.6,2021-03-01,2028-12-31,2027-12-31,2026-03-01,12,0.0,0
PAIM-705359,Talcher-Bimlagarh New Railway Line (East Coast Railway [ECoR] - II) (705359),Infrastructure & Highways,Ministry of Railways,705359,Odisha,1248.71,1248.71,430.96,34.5,2024-03-01,2026-12-31,2029-12-31,2026-03-01,6,0.0,0
PAIM-705510,Bhadrak-Nergundi Third Line (East Coast Railway [ECoR] - II) (705510),Infrastructure & Highways,Ministry of Railways,705510,Odisha,1385.46,1385.46,213.65,15.4,2022-03-01,2027-12-31,2029-12-31,2026-03-01,6,0.0,0
PAIM-705513,Koraput - Singapur Railway Doubling (East Coast Railway [ECoR] - II) (705513),Infrastructure & Highways,Ministry of Railways,705513,Odisha,649.67,649.67,195.23,30.1,2021-03-01,2026-12-31,2027-12-31,2026-03-01,6,0.0,0
PAIM-705514,Jarapada- Budhapank with flyover at Talcher road 3rd and 4th Line (East Coast Railway [ECoR] - II) (705514),Infrastructure & Highways,Ministry of Railways,705514,Odisha,927.56,927.56,328.3,35.4,2024-03-01,2026-12-31,2027-12-31,2026-03-01,24,0.0,0
PAIM-705515,3rd & 4th Railway Line Project from Salegaon to Budhapank via Rajathgarh. (East Coast Railway [ECoR] - II) (705515),Infrastructure & Highways,Ministry of Railways,705515,Odisha,2483.37,2483.37,1047.18,42.2,2022-03-01,2027-12-31,2027-12-31,2026-03-01,36,0.0,0
PAIM-705741,Jeypore-Navarangpur New  Rail Line Project (East Coast Railway [ECoR] - II) (705741),Infrastructure & Highways,Ministry of Railways,705741,Odisha,2855.13,2855.13,871.98,30.5,2022-03-01,2028-12-31,2027-12-31,2026-03-01,6,0.0,0
PAIM-705742,Jeypore-Malkanagiri New Railway Line Project (East Coast Railway [ECoR] - II) (705742),Infrastructure & Highways,Ministry of Railways,705742,Odisha,3082.26,3082.26,1404.06,45.6,2023-03-01,2028-12-31,2027-12-31,2026-03-01,0,0.0,0
PAIM-706898,Khurda Road - Balangir Electrification of Railway Track Project (Ministry of Railways) (706898),Infrastructure & Highways,Ministry of Railways,706898,Odisha,4123.82,4123.82,1661.91,40.3,2023-03-01,2027-12-31,2028-12-31,2026-03-01,6,0.0,0
PAIM-709811,GANDHAMARDAN IRON ORE MINES TO GOALDIH STATION/12.76kms (East Coast Railway [ECoR] - II) (709811),Infrastructure & Highways,Ministry of Railways,709811,Odisha,1805.82,1805.82,1037.4,57.4,2024-03-01,2026-12-31,2027-12-31,2026-03-01,6,0.0,0
PAIM-705362,"Jaynagar-Bijalpura, incl. extn. Bet, Bijalpura-Bardibas [Nepal] (East Central Railway [ECR] - I) (705362)",Infrastructure & Highways,Ministry of Railways,705362,Odisha,1248.24,1248.24,298.2,23.9,2023-03-01,2028-12-31,2027-12-31,2026-03-01,6,0.0,0
PAIM-705298,North Region Video Surveillance Project (RCIL) (705298),Infrastructure & Highways,Ministry of Railways,705298,Punjab,1190.49,1190.49,836.07,70.2,2024-03-01,2027-12-31,2027-12-31,2026-03-01,0,0.0,0
PAIM-705783,Ludhiana- Killa Raipur Railway  Doubling Project (Railway) (705783),Infrastructure & Highways,Ministry of Railways,705783,Punjab,2885.58,2885.58,717.84,24.9,2021-03-01,2028-12-31,2029-12-31,2026-03-01,24,0.0,0
PAIM-611849,Gauge Conversion [152 Km] (North Western Railway [NWR]) (611849),Infrastructure & Highways,Ministry of Railways,611849,Rajasthan,3779.11,3779.11,2054.03,54.4,2024-03-01,2027-12-31,2028-12-31,2026-03-01,36,0.0,0
PAIM-611855,Gauge Conversion [152 Km] (North Western Railway [NWR]) (611855),Infrastructure & Highways,Ministry of Railways,611855,Rajasthan,3755.5,3755.5,2728.94,72.7,2021-03-01,2026-12-31,2027-12-31,2026-03-01,24,0.0,0
PAIM-611929,under WTA 527 (WPO/Patna) (611929),Infrastructure & Highways,Ministry of Railways,611929,Rajasthan,3960.14,3960.14,2446.83,61.8,2024-03-01,2027-12-31,2029-12-31,2026-03-01,18,0.0,0
PAIM-616841,PUSHKAR- MERTA CITY NEW LINE (North Western Railway [NWR]) (616841),Infrastructure & Highways,Ministry of Railways,616841,Rajasthan,4046.85,4046.85,3068.72,75.8,2023-03-01,2028-12-31,2029-12-31,2026-03-01,18,0.0,0
PAIM-616843,AJMER- CHANDERIYA DOUBLING (North Western Railway [NWR]) (616843),Infrastructure & Highways,Ministry of Railways,616843,Rajasthan,2830.48,2830.48,2221.82,78.5,2022-03-01,2028-12-31,2027-12-31,2026-03-01,0,0.0,0
PAIM-617403,SADULPUR - CHURU  DOUBLING PROJECT (North Western Railway [NWR]) (617403),Infrastructure & Highways,Ministry of Railways,617403,Rajasthan,1652.52,1652.52,1344.94,81.4,2022-03-01,2026-12-31,2029-12-31,2026-03-01,36,0.0,0
PAIM-617404,POKHRAN - RAMDEVRA New Line (North Western Railway [NWR]) (617404),Infrastructure & Highways,Ministry of Railways,617404,Rajasthan,3335.82,3335.82,639.06,19.2,2024-03-01,2028-12-31,2027-12-31,2026-03-01,6,0.0,0
PAIM-617408,NATHDWARA- NATHDWARA TOWN NL (North Western Railway [NWR]) (617408),Infrastructure & Highways,Ministry of Railways,617408,Rajasthan,2343.31,2343.31,1279.36,54.6,2022-03-01,2028-12-31,2027-12-31,2026-03-01,24,0.0,0
PAIM-705482,Dholpur - Sirmuttra Gauge Conversion (North Central Railway) (705482),Infrastructure & Highways,Ministry of Railways,705482,Rajasthan,2432.04,2432.04,286.08,11.8,2024-03-01,2026-12-31,2027-12-31,2026-03-01,12,0.0,0
PAIM-705752,Gudha-Thatha Mithri Construction of Railway Track Project (North Western Railway [NWR]) (705752),Infrastructure & Highways,Ministry of Railways,705752,Rajasthan,889.14,889.14,695.81,78.3,2023-03-01,2026-12-31,2027-12-31,2026-03-01,36,0.0,0
PAIM-705912,Sawai Madhopur-Jaipur Railway Line Project (North Western Railway [NWR]) (705912),Infrastructure & Highways,Ministry of Railways,705912,Rajasthan,472.81,472.81,57.27,12.1,2022-03-01,2027-12-31,2028-12-31,2026-03-01,12,0.0,0
PAIM-705919,Agra Fort-Bandikui Doubling Line Project (CAO/C/NCR) (705919),Infrastructure & Highways,Ministry of Railways,705919,Rajasthan,3153.09,3153.09,2557.75,81.1,2022-03-01,2028-12-31,2029-12-31,2026-03-01,24,0.0,0
PAIM-706866,Sawaimadhopur Bye Pass Line Project (North Western Railway [NWR]) (706866),Infrastructure & Highways,Ministry of Railways,706866,Rajasthan,1668.34,1668.34,1088.44,65.2,2023-03-01,2027-12-31,2028-12-31,2026-03-01,0,0.0,0
PAIM-400280,Phase II extension of MRTS from Velachery to St Thomas Mount (Ministry of Railways) (400280),Infrastructure & Highways,Ministry of Railways,400280,Tamil Nadu,2112.93,2112.93,333.09,15.8,2022-03-01,2028-12-31,2029-12-31,2026-03-01,18,0.0,0
PAIM-613002,Redevelopment of Chennai Egmore Station (Ministry of Railways) (613002),Infrastructure & Highways,Ministry of Railways,613002,Tamil Nadu,4456.79,4456.79,3421.82,76.8,2024-03-01,2026-12-31,2029-12-31,2026-03-01,24,0.0,0
PAIM-705244,Coach Production Factory Upgradation Project (CPM/ICF) (705244),Infrastructure & Highways,Ministry of Railways,705244,Tamil Nadu,877.33,877.33,277.29,31.6,2022-03-01,2027-12-31,2029-12-31,2026-03-01,24,0.0,0
PAIM-616856,Doubling between Bhadrachalam Road and Dornakal (South Central Railway [SCR] - II) (616856),Infrastructure & Highways,Ministry of Railways,616856,Tamil Nadu,631.82,631.82,402.47,63.7,2023-03-01,2028-12-31,2028-12-31,2026-03-01,18,0.0,0
PAIM-617409,Railway Manufacturing Unit (RVNL - II) (617409),Infrastructure & Highways,Ministry of Railways,617409,Telangana,684.99,684.99,487.52,71.2,2022-03-01,2026-12-31,2027-12-31,2026-03-01,12,0.0,0
PAIM-705252,Kazipet Wagon Overhauling Project (RVNL) (705252),Infrastructure & Highways,Ministry of Railways,705252,Telangana,4218.97,4218.97,813.8,19.3,2024-03-01,2027-12-31,2029-12-31,2026-03-01,0,0.0,0
PAIM-705437,Manoharabad-Kothapalli New Rail Line [151 km] (South Central Railway [SCR] - II) (705437),Infrastructure & Highways,Ministry of Railways,705437,Telangana,620.5,620.5,93.38,15.0,2023-03-01,2027-12-31,2029-12-31,2026-03-01,12,0.0,0
PAIM-400204,Bahraich-Shravasti-Balrampur-Siddharthnagar -Santkabir nagar (North Eastern Railway [NER]) (400204),Infrastructure & Highways,Ministry of Railways,400204,Uttar Pradesh,3899.86,3899.86,3280.73,84.1,2024-03-01,2028-12-31,2029-12-31,2026-03-01,6,0.0,0
PAIM-400205,Sahjanwa-Dohrighat (North Eastern Railway [NER]) (400205),Infrastructure & Highways,Ministry of Railways,400205,Uttar Pradesh,2611.91,2611.91,727.46,27.9,2024-03-01,2027-12-31,2028-12-31,2026-03-01,12,0.0,0
PAIM-617213,Rail-cum-Road Bridge across Ganga River. (Northern Railways) (617213),Infrastructure & Highways,Ministry of Railways,617213,Uttar Pradesh,4311.97,4311.97,2505.03,58.1,2021-03-01,2028-12-31,2029-12-31,2026-03-01,0,0.0,0
PAIM-617252,Anandnagar - Ghugli via Maharajganj New line 52.7 km (Construction NER) (617252),Infrastructure & Highways,Ministry of Railways,617252,Uttar Pradesh,2477.08,2477.08,302.91,12.2,2022-03-01,2026-12-31,2028-12-31,2026-03-01,6,0.0,0
PAIM-617284,Chunar-Chopan doubling project (North Central Railway) (617284),Infrastructure & Highways,Ministry of Railways,617284,Uttar Pradesh,2448.48,2448.48,1088.88,44.5,2023-03-01,2026-12-31,2027-12-31,2026-03-01,18,0.0,0
PAIM-617333,Surface triangle line bet. Bhadura stn and new crossing stn Karma (East Central Railway [ECR] - I) (617333),Infrastructure & Highways,Ministry of Railways,617333,Uttar Pradesh,430.86,430.86,100.81,23.4,2021-03-01,2028-12-31,2027-12-31,2026-03-01,18,0.0,0
PAIM-617370,Doubling between Jaunpur Jn - Zaffarabad 6.28 km (M/S SRC company Infra Private Limited) (617370),Infrastructure & Highways,Ministry of Railways,617370,Uttar Pradesh,1411.12,1411.12,1130.71,80.1,2021-03-01,2027-12-31,2027-12-31,2026-03-01,0,0.0,0
PAIM-705567,Burhwal Gonda 3rd line (North Eastern Railway [NER]) (705567),Infrastructure & Highways,Ministry of Railways,705567,Uttar Pradesh,2268.78,2268.78,475.6,21.0,2022-03-01,2027-12-31,2029-12-31,2026-03-01,24,0.0,0
PAIM-705588,Janghai-Pratapgarh- Amethi (CAO/C/II/NR) (705588),Infrastructure & Highways,Ministry of Railways,705588,Uttar Pradesh,4102.95,4102.95,3310.68,80.7,2023-03-01,2027-12-31,2029-12-31,2026-03-01,0,0.0,0
PAIM-705766,Lalitpur-Birari with flyover at Lalitpur- 16 Km (North Central Railway) (705766),Infrastructure & Highways,Ministry of Railways,705766,Uttar Pradesh,4225.28,4225.28,2653.86,62.8,2023-03-01,2028-12-31,2029-12-31,2026-03-01,24,0.0,0
PAIM-705771,Allahabad-Bamhrauli Flyover Construction & 4th Railway Line Project (North Central Railway) (705771),Infrastructure & Highways,Ministry of Railways,705771,Uttar Pradesh,1244.44,1244.44,226.7,18.2,2022-03-01,2026-12-31,2028-12-31,2026-03-01,36,0.0,0
PAIM-705772,"Mughalsarai-Allahabad, 3rd line (North Central Railway) (705772)",Infrastructure & Highways,Ministry of Railways,705772,Uttar Pradesh,3639.61,3639.61,2842.77,78.1,2023-03-01,2026-12-31,2029-12-31,2026-03-01,18,0.0,0
PAIM-705774,Aligarh -Daud Khan Flyover Construction & 3rd Railway Line Project (CAO/C/NCR) (705774),Infrastructure & Highways,Ministry of Railways,705774,Uttar Pradesh,3231.1,3231.1,2225.91,68.9,2023-03-01,2026-12-31,2029-12-31,2026-03-01,36,0.0,0
PAIM-705777,Bhandai - Flyover for Etawah bound down train- 10 Km (North Central Railway [NCR] - II) (705777),Infrastructure & Highways,Ministry of Railways,705777,Uttar Pradesh,2502.56,2502.56,1798.31,71.9,2021-03-01,2028-12-31,2027-12-31,2026-03-01,6,0.0,0
PAIM-705780,Bhatni-Aurnihar with electrification excluding Indara-Mau (RVNL - I) (705780),Infrastructure & Highways,Ministry of Railways,705780,Uttar Pradesh,4432.42,4432.42,1948.66,44.0,2024-03-01,2028-12-31,2029-12-31,2026-03-01,0,0.0,0
PAIM-705782,Barabanki-Malhaur 3rd & 4th Railway Line Project (Ministry of Railways) (705782),Infrastructure & Highways,Ministry of Railways,705782,Uttar Pradesh,2196.22,2196.22,1714.32,78.1,2021-03-01,2026-12-31,2028-12-31,2026-03-01,6,0.0,0
PAIM-705918,Allahabad division - Aligarh - Harduaganj Flyover (North Central Railway) (705918),Infrastructure & Highways,Ministry of Railways,705918,Uttar Pradesh,353.58,353.58,258.11,73.0,2022-03-01,2027-12-31,2028-12-31,2026-03-01,18,0.0,0
PAIM-705429,Rishikesh-Karnaprayag New Rail Line- 125 km (RVNL - II) (705429),Infrastructure & Highways,Ministry of Railways,705429,Uttar Pradesh,702.25,702.25,216.79,30.9,2021-03-01,2028-12-31,2029-12-31,2026-03-01,12,0.0,0
PAIM-400247,And Naihati-Ranaghat 3rd Line. (Eastern Railway [ER] - I) (400247),Infrastructure & Highways,Ministry of Railways,400247,West Bengal,1189.47,1189.47,633.58,53.3,2023-03-01,2026-12-31,2029-12-31,2026-03-01,12,0.0,0
PAIM-400273,Tarakeshwar-Bishnupur New Line [82.47 km] (Eastern Railway [ER] - I) (400273),Infrastructure & Highways,Ministry of Railways,400273,West Bengal,3128.66,3128.66,1863.01,59.5,2022-03-01,2028-12-31,2027-12-31,2026-03-01,12,0.0,0
PAIM-400277,Dum Dum Airport-New Garia via Rajarhat-Construction of Metro Railway (RVNL - II) (400277),Infrastructure & Highways,Ministry of Road Transport & Highways,400277,West Bengal,2764.22,2764.22,563.98,20.4,2022-03-01,2028-12-31,2029-12-31,2026-03-01,6,0.0,0
PAIM-612096,Construction of Balurghat-Hilli new BG Line (Northeast Frontier Railway [NFR]) (612096),Infrastructure & Highways,Ministry of Road Transport & Highways,612096,West Bengal,2576.92,2576.92,1756.93,68.2,2024-03-01,2028-12-31,2028-12-31,2026-03-01,0,0.0,0
PAIM-617345,Car maintenance cum workshop depot. (South Eastern Railway - JH) (617345),Infrastructure & Highways,Ministry of Road Transport & Highways,617345,West Bengal,995.05,995.05,534.47,53.7,2021-03-01,2028-12-31,2029-12-31,2026-03-01,12,0.0,0
PAIM-705730,Joka-BBD Bag new metro project (RVNL - II) (705730),Infrastructure & Highways,Ministry of Road Transport & Highways,705730,West Bengal,2429.33,2429.33,402.97,16.6,2023-03-01,2028-12-31,2027-12-31,2026-03-01,36,0.0,0
PAIM-706776,"Noapara-Barasat via Bimanbandar - Construction of Metro railway [18 km] (Metro Railway, Kolkata) (706776)",Infrastructure & Highways,Ministry of Road Transport & Highways,706776,West Bengal,3974.21,3974.21,2145.49,54.0,2024-03-01,2028-12-31,2029-12-31,2026-03-01,36,0.0,0
PAIM-706777,Baranagar-Barrackpore and Dakshineshwar- Construction of Metro Railway (RVNL - II) (706777),Infrastructure & Highways,Ministry of Road Transport & Highways,706777,West Bengal,4180.65,4180.65,2562.87,61.3,2022-03-01,2027-12-31,2027-12-31,2026-03-01,24,0.0,0
PAIM-619184,Rangat of NH-04 in UT of A&N on EPC Package-IIIA (NHIDCL) (619184),Infrastructure & Highways,Ministry of Road Transport & Highways,619184,Multi-State,3781.35,3781.35,2245.71,59.4,2024-03-01,2027-12-31,2029-12-31,2026-03-01,24,0.0,0
PAIM-619185,Package-III.B Balance work (NHIDCL) (619185),Infrastructure & Highways,Ministry of Road Transport & Highways,619185,Multi-State,3936.93,3936.93,2183.85,55.5,2024-03-01,2028-12-31,2029-12-31,2026-03-01,36,0.0,0
PAIM-619186,the Union Territory of Andaman & Nicobar Islands on EPC basis (NHIDCL) (619186),Infrastructure & Highways,Ministry of Road Transport & Highways,619186,Multi-State,2796.35,2796.35,669.84,24.0,2022-03-01,2026-12-31,2027-12-31,2026-03-01,24,0.0,0
PAIM-617907,mode. (MoRTH) (617907),Infrastructure & Highways,Ministry of Road Transport & Highways,617907,Andhra Pradesh,577.94,577.94,129.75,22.5,2024-03-01,2027-12-31,2027-12-31,2026-03-01,18,0.0,0
PAIM-617949,of AP state under NHO on EPC Mode under Annual Plan 2022-23 (MoRTH) (617949),Infrastructure & Highways,Ministry of Road Transport & Highways,617949,Andhra Pradesh,3936.44,3936.44,1170.02,29.7,2024-03-01,2027-12-31,2027-12-31,2026-03-01,6,0.0,0
PAIM-617984,"Gudivada Town 2 RoB, and Road improvement NH-165 (MoRTH) (617984)",Infrastructure & Highways,Ministry of Road Transport & Highways,617984,Andhra Pradesh,1557.1,1557.1,582.57,37.4,2021-03-01,2027-12-31,2028-12-31,2026-03-01,12,0.0,0
PAIM-617985,Akiveedu (MoRTH) (617985),Infrastructure & Highways,Ministry of Road Transport & Highways,617985,Andhra Pradesh,4145.96,4145.96,3486.4,84.1,2022-03-01,2028-12-31,2027-12-31,2026-03-01,18,0.0,0
PAIM-617986,248010 to km 269900 to 2 (MoRTH) (617986),Infrastructure & Highways,Ministry of Road Transport & Highways,617986,Andhra Pradesh,1426.69,1426.69,533.05,37.4,2024-03-01,2026-12-31,2028-12-31,2026-03-01,18,0.0,0
PAIM-617987,250/000Design Ch.186000 to 248010 to 2LPS (MoRTH) (617987),Infrastructure & Highways,Ministry of Road Transport & Highways,617987,Andhra Pradesh,209.46,209.46,44.03,21.0,2021-03-01,2028-12-31,2027-12-31,2026-03-01,18,0.0,0
PAIM-617988,section   including Nandyal Bypass      from Km 143/6 to 185/9       NH-167K (MoRTH) (617988),Infrastructure & Highways,Ministry of Road Transport & Highways,617988,Andhra Pradesh,3558.51,3558.51,924.3,26.0,2024-03-01,2026-12-31,2028-12-31,2026-03-01,6,0.0,0
PAIM-617990,road from km.62/700 to 71/400 in Kurnool District in the State of Andhra Pradesh. (MoRTH) (617990),Infrastructure & Highways,Ministry of Road Transport & Highways,617990,Andhra Pradesh,1989.24,1989.24,1290.74,64.9,2021-03-01,2028-12-31,2029-12-31,2026-03-01,6,0.0,0
PAIM-617991,"State of Andhra Pradesh under Corridor Approach through Engineering, Procurement (MoRTH) (617991)",Infrastructure & Highways,Ministry of Road Transport & Highways,617991,Andhra Pradesh,1059.07,1059.07,659.08,62.2,2022-03-01,2028-12-31,2028-12-31,2026-03-01,24,0.0,0
PAIM-618013,4-laning of  Puttaparthi-Koduru Section of NH-342 (MoRTH) (618013),Infrastructure & Highways,Ministry of Road Transport & Highways,618013,Andhra Pradesh,2070.76,2070.76,1046.68,50.5,2022-03-01,2027-12-31,2029-12-31,2026-03-01,0,0.0,0
PAIM-618037,section of NH-440 in the State of Andhra Pradesh on EPC mode. (MoRTH) (618037),Infrastructure & Highways,Ministry of Road Transport & Highways,618037,Andhra Pradesh,2420.89,2420.89,532.25,22.0,2024-03-01,2028-12-31,2027-12-31,2026-03-01,6,0.0,0
PAIM-618052,Andhra Pradesh (MoRTH) (618052),Infrastructure & Highways,Ministry of Road Transport & Highways,618052,Andhra Pradesh,3506.69,3506.69,2477.57,70.7,2024-03-01,2026-12-31,2028-12-31,2026-03-01,36,0.0,0
PAIM-618053,Km    in the State of Andhra Pradesh on EPC mode Job no. 741 (MoRTH) (618053),Infrastructure & Highways,Ministry of Road Transport & Highways,618053,Andhra Pradesh,2096.56,2096.56,1327.3,63.3,2022-03-01,2026-12-31,2028-12-31,2026-03-01,36,0.0,0
PAIM-618062,NH-765 Package-2 (MoRTH) (618062),Infrastructure & Highways,Ministry of Road Transport & Highways,618062,Andhra Pradesh,3026.53,3026.53,2399.37,79.3,2023-03-01,2027-12-31,2027-12-31,2026-03-01,6,0.0,0
PAIM-618101,to 4LPS (MoRTH) (618101),Infrastructure & Highways,Ministry of Road Transport & Highways,618101,Andhra Pradesh,3506.2,3506.2,2925.1,83.4,2023-03-01,2028-12-31,2029-12-31,2026-03-01,24,0.0,0
PAIM-618103,Shoulder in (MoRTH) (618103),Infrastructure & Highways,Ministry of Road Transport & Highways,618103,Andhra Pradesh,236.72,236.72,70.64,29.8,2022-03-01,2027-12-31,2028-12-31,2026-03-01,18,0.0,0
PAIM-618125,paved Shoulders in the State of Andhra Pradesh under NHO on EPC Mode (MoRTH) (618125),Infrastructure & Highways,Ministry of Road Transport & Highways,618125,Odisha,202.09,202.09,128.73,63.7,2021-03-01,2028-12-31,2028-12-31,2026-03-01,0,0.0,0
PAIM-618145,mode Job No. 737 (MoRTH) (618145),Infrastructure & Highways,Ministry of Road Transport & Highways,618145,Andhra Pradesh,2731.76,2731.76,2250.58,82.4,2021-03-01,2028-12-31,2027-12-31,2026-03-01,6,0.0,0
PAIM-618161,no. 742 (MoRTH) (618161),Infrastructure & Highways,Ministry of Road Transport & Highways,618161,Andhra Pradesh,367.98,367.98,57.74,15.7,2021-03-01,2026-12-31,2029-12-31,2026-03-01,0,0.0,0
PAIM-618191,shoulders in the state of Andhra Pradesh job-729 (MoRTH) (618191),Infrastructure & Highways,Ministry of Road Transport & Highways,618191,Andhra Pradesh,2683.09,2683.09,1147.1,42.8,2021-03-01,2027-12-31,2027-12-31,2026-03-01,12,0.0,0
PAIM-618192,from in the State of Andhra Pradesh on EPC mode (MoRTH) (618192),Infrastructure & Highways,Ministry of Road Transport & Highways,618192,Andhra Pradesh,1112.39,1112.39,777.8,69.9,2022-03-01,2026-12-31,2029-12-31,2026-03-01,0,0.0,0
PAIM-618193,Under Annual Plan 2023-24 through EPC Mode (MoRTH) (618193),Infrastructure & Highways,Ministry of Road Transport & Highways,618193,Andhra Pradesh,1090.58,1090.58,667.6,61.2,2024-03-01,2028-12-31,2027-12-31,2026-03-01,18,0.0,0
PAIM-618194,to 102/20 of Kalyandrg - Molakalmuru Section (MoRTH) (618194),Infrastructure & Highways,Ministry of Road Transport & Highways,618194,Andhra Pradesh,417.75,417.75,98.02,23.5,2024-03-01,2026-12-31,2027-12-31,2026-03-01,24,0.0,0
PAIM-618236,NH (MoRTH) (618236),Infrastructure & Highways,Ministry of Road Transport & Highways,618236,Andhra Pradesh,2223.22,2223.22,1691.73,76.1,2023-03-01,2027-12-31,2028-12-31,2026-03-01,24,0.0,0
PAIM-618237,Andhra Pradesh under NHDP-IV (MoRTH) (618237),Infrastructure & Highways,Ministry of Road Transport & Highways,618237,Andhra Pradesh,845.08,845.08,583.66,69.1,2023-03-01,2026-12-31,2029-12-31,2026-03-01,6,0.0,0
PAIM-618238,the state of Andhra Pradesh under NHDP-IV (MoRTH) (618238),Infrastructure & Highways,Ministry of Road Transport & Highways,618238,Andhra Pradesh,2361.86,2361.86,1361.79,57.7,2022-03-01,2027-12-31,2028-12-31,2026-03-01,12,0.0,0
PAIM-618239,EPC mode. (MoRTH) (618239),Infrastructure & Highways,Ministry of Road Transport & Highways,618239,Andhra Pradesh,353.8,353.8,262.37,74.2,2023-03-01,2028-12-31,2028-12-31,2026-03-01,0,0.0,0
PAIM-618254,on NH-516E (MoRTH) (618254),Infrastructure & Highways,Ministry of Road Transport & Highways,618254,Andhra Pradesh,2917.86,2917.86,2118.14,72.6,2021-03-01,2026-12-31,2028-12-31,2026-03-01,6,0.0,0
PAIM-618255,Two laning with paved shoulders of Lambasingi to Paderusection  of NH 516E (MoRTH) (618255),Infrastructure & Highways,Ministry of Road Transport & Highways,618255,Andhra Pradesh,3256.19,3256.19,2129.95,65.4,2023-03-01,2027-12-31,2028-12-31,2026-03-01,36,0.0,0
PAIM-618256,with the loan assistance of World Bank on EPC mode (MoRTH) (618256),Infrastructure & Highways,Ministry of Road Transport & Highways,618256,Andhra Pradesh,4163.57,4163.57,2061.21,49.5,2021-03-01,2028-12-31,2028-12-31,2026-03-01,24,0.0,0
PAIM-618257,with the loan assistance of World Bank on EPC mode (MoRTH) (618257),Infrastructure & Highways,Ministry of Road Transport & Highways,618257,Andhra Pradesh,2294.42,2294.42,1666.81,72.6,2023-03-01,2028-12-31,2028-12-31,2026-03-01,6,0.0,0
PAIM-618258,516E (MoRTH) (618258),Infrastructure & Highways,Ministry of Road Transport & Highways,618258,Andhra Pradesh,1433.68,1433.68,229.22,16.0,2022-03-01,2026-12-31,2027-12-31,2026-03-01,6,0.0,0
PAIM-618259,Two laning with paved shoulders of Paderu to GundigudaSection  of NH 516E (MoRTH) (618259),Infrastructure & Highways,Ministry of Road Transport & Highways,618259,Andhra Pradesh,574.54,574.54,94.79,16.5,2023-03-01,2028-12-31,2028-12-31,2026-03-01,36,0.0,0
PAIM-618412,PMDP (NHIDCL) (618412),Infrastructure & Highways,Ministry of Road Transport & Highways,618412,Andhra Pradesh,2684.1,2684.1,1405.61,52.4,2021-03-01,2026-12-31,2028-12-31,2026-03-01,36,0.0,0
PAIM-618475,Baireddypalle to Bangarupalem section (National Highways Authority of India [NHAI]) (618475),Infrastructure & Highways,Ministry of Road Transport & Highways,618475,Andhra Pradesh,1808.02,1808.02,612.52,33.9,2021-03-01,2028-12-31,2028-12-31,2026-03-01,0,0.0,0
PAIM-618476,Bangarupalem to Gudipala section (National Highways Authority of India [NHAI]) (618476),Infrastructure & Highways,Ministry of Road Transport & Highways,618476,Andhra Pradesh,3815.55,3815.55,1423.22,37.3,2021-03-01,2026-12-31,2027-12-31,2026-03-01,6,0.0,0
PAIM-618524,Andhra Pradesh on EPC Mode under NHO. (National Highways Authority of India [NHAI]) (618524),Infrastructure & Highways,Ministry of Road Transport & Highways,618524,Andhra Pradesh,3749.08,3749.08,1046.13,27.9,2023-03-01,2027-12-31,2029-12-31,2026-03-01,0,0.0,0
PAIM-618525,on EPC mode under NHO (National Highways Authority of India [NHAI]) (618525),Infrastructure & Highways,Ministry of Road Transport & Highways,618525,Andhra Pradesh,3677.93,3677.93,886.38,24.1,2021-03-01,2028-12-31,2029-12-31,2026-03-01,0,0.0,0
PAIM-618526,New NH-16 (National Highways Authority of India [NHAI]) (618526),Infrastructure & Highways,Ministry of Road Transport & Highways,618526,Andhra Pradesh,1959.9,1959.9,1361.64,69.5,2021-03-01,2028-12-31,2027-12-31,2026-03-01,24,0.0,0
PAIM-618527,Gundugolanu Section from km. 30.00 to km. 47.881 Pkg-IV (National Highways Authority of India [NHAI]) (618527),Infrastructure & Highways,Ministry of Road Transport & Highways,618527,Andhra Pradesh,1050.45,1050.45,440.45,41.9,2021-03-01,2028-12-31,2029-12-31,2026-03-01,0,0.0,0
PAIM-618579,NH-16 (National Highways Authority of India [NHAI]) (618579),Infrastructure & Highways,Ministry of Road Transport & Highways,618579,Andhra Pradesh,587.22,587.22,276.11,47.0,2023-03-01,2026-12-31,2028-12-31,2026-03-01,12,0.0,0
PAIM-618629,Nandigama Bypass and Kanchikacherla bypass (National Highways Authority of India [NHAI]) (618629),Infrastructure & Highways,Ministry of Road Transport & Highways,618629,Andhra Pradesh,4386.7,4386.7,2319.37,52.9,2022-03-01,2028-12-31,2029-12-31,2026-03-01,12,0.0,0
PAIM-618682,Pkg-3 (National Highways Authority of India [NHAI]) (618682),Infrastructure & Highways,Ministry of Road Transport & Highways,618682,Andhra Pradesh,3828.65,3828.65,2861.89,74.7,2024-03-01,2028-12-31,2028-12-31,2026-03-01,24,0.0,0
PAIM-618700,Renigunta - Poyya - Naidupeta km 124.60 to km 183.4 of NH 71 (National Highways Authority of India [NHAI]) (618700),Infrastructure & Highways,Ministry of Road Transport & Highways,618700,Andhra Pradesh,2013.89,2013.89,1386.58,68.9,2021-03-01,2027-12-31,2028-12-31,2026-03-01,0,0.0,0
PAIM-618712,24300 of [NH-544G]  Package-1 (National Highways Authority of India [NHAI]) (618712),Infrastructure & Highways,Ministry of Road Transport & Highways,618712,Andhra Pradesh,974.8,974.8,827.61,84.9,2023-03-01,2028-12-31,2028-12-31,2026-03-01,12,0.0,0
PAIM-618713,Audireddipalle Ch. 160000 of [NH  544G]  Package-6 (National Highways Authority of India [NHAI]) (618713),Infrastructure & Highways,Ministry of Road Transport & Highways,618713,Andhra Pradesh,1720.44,1720.44,943.36,54.8,2024-03-01,2026-12-31,2029-12-31,2026-03-01,36,0.0,0
PAIM-618714,Yerragudipadu Ch. 129000 of [NH-544G]  Package-5 (National Highways Authority of India [NHAI]) (618714),Infrastructure & Highways,Ministry of Road Transport & Highways,618714,Andhra Pradesh,2503.69,2503.69,360.13,14.4,2022-03-01,2026-12-31,2027-12-31,2026-03-01,18,0.0,0
PAIM-618715,palli Ch. 96300 of [NH-544G]Package-4 (National Highways Authority of India [NHAI]) (618715),Infrastructure & Highways,Ministry of Road Transport & Highways,618715,Andhra Pradesh,1476.26,1476.26,212.55,14.4,2024-03-01,2028-12-31,2028-12-31,2026-03-01,0,0.0,0
PAIM-618716,Ch. 72000 of [NH-544G]Package-3 (National Highways Authority of India [NHAI]) (618716),Infrastructure & Highways,Ministry of Road Transport & Highways,618716,Andhra Pradesh,4374.39,4374.39,3444.89,78.8,2024-03-01,2027-12-31,2028-12-31,2026-03-01,24,0.0,0
PAIM-618717,Ch. 45700 of [NH-544G]  Package-2 (National Highways Authority of India [NHAI]) (618717),Infrastructure & Highways,Ministry of Road Transport & Highways,618717,Andhra Pradesh,2698.68,2698.68,322.08,11.9,2023-03-01,2028-12-31,2027-12-31,2026-03-01,18,0.0,0
PAIM-618718,Narayanmpet Ch. 203500Package-09 (National Highways Authority of India [NHAI]) (618718),Infrastructure & Highways,Ministry of Road Transport & Highways,618718,Andhra Pradesh,3453.61,3453.61,2902.07,84.0,2023-03-01,2027-12-31,2027-12-31,2026-03-01,6,0.0,0
PAIM-618719,Kavulakuntla Ch. 196000 Package-08 (National Highways Authority of India [NHAI]) (618719),Infrastructure & Highways,Ministry of Road Transport & Highways,618719,Andhra Pradesh,4283.59,4283.59,2678.2,62.5,2022-03-01,2027-12-31,2027-12-31,2026-03-01,12,0.0,0
PAIM-618720,Mallapalle Ch. 176000Package-07 (National Highways Authority of India [NHAI]) (618720),Infrastructure & Highways,Ministry of Road Transport & Highways,618720,Andhra Pradesh,2482.06,2482.06,568.44,22.9,2022-03-01,2026-12-31,2029-12-31,2026-03-01,36,0.0,0
PAIM-618721,Polavaram Ch. 260000of [NH-544G] Package-11 (National Highways Authority of India [NHAI]) (618721),Infrastructure & Highways,Ministry of Road Transport & Highways,618721,Andhra Pradesh,3475.41,3475.41,1491.06,42.9,2021-03-01,2027-12-31,2029-12-31,2026-03-01,18,0.0,0
PAIM-618748,to Gurvaygudem village Design Chainage 105236 to 132664] (National Highways Authority of India [NHAI]) (618748),Infrastructure & Highways,Ministry of Road Transport & Highways,618748,Andhra Pradesh,4203.37,4203.37,847.23,20.2,2021-03-01,2027-12-31,2028-12-31,2026-03-01,0,0.0,0
PAIM-618749,village to Devarapalle village Design Chainage 132664 to 162126 (National Highways Authority of India [NHAI]) (618749),Infrastructure & Highways,Ministry of Road Transport & Highways,618749,Andhra Pradesh,1297.42,1297.42,872.67,67.3,2023-03-01,2028-12-31,2028-12-31,2026-03-01,0,0.0,0
PAIM-618759,4L PS Mydukur - Badvel from Km 585.820 to Km 630.960 of NH-67 (National Highways Authority of India [NHAI]) (618759),Infrastructure & Highways,Ministry of Road Transport & Highways,618759,Andhra Pradesh,711.34,711.34,445.94,62.7,2022-03-01,2027-12-31,2027-12-31,2026-03-01,6,0.0,0
PAIM-618777,95.717 of NH-71Package-II (National Highways Authority of India [NHAI]) (618777),Infrastructure & Highways,Ministry of Road Transport & Highways,618777,Andhra Pradesh,588.18,588.18,297.96,50.7,2022-03-01,2026-12-31,2029-12-31,2026-03-01,0,0.0,0
PAIM-618778,4L of Madanapalle to Pileru Section from Km 0.000 to Km 55.900 of NH-71Package-I (National Highways Authority of India [,Infrastructure & Highways,Ministry of Road Transport & Highways,618778,Andhra Pradesh,2451.81,2451.81,1143.97,46.7,2023-03-01,2028-12-31,2027-12-31,2026-03-01,24,0.0,0
PAIM-618803,Kakinada Port Connectivity to NH-16 Rajanagaram Junction in East Godavari District (National Highways Authority of India,Infrastructure & Highways,Ministry of Road Transport & Highways,618803,Andhra Pradesh,4465.01,4465.01,498.19,11.2,2024-03-01,2028-12-31,2027-12-31,2026-03-01,12,0.0,0
PAIM-618804,Dedicated Port road to Krishnapatnam Port Package-I from Km. 0.000 to Km. 18.000 (National Highways Authority of India [,Infrastructure & Highways,Ministry of Road Transport & Highways,618804,Andhra Pradesh,1712.97,1712.97,182.55,10.7,2021-03-01,2026-12-31,2028-12-31,2026-03-01,0,0.0,0
PAIM-618805,6L Connectivity to Port Road from Sabbavaram Sheelanagar-NH516C (National Highways Authority of India [NHAI]) (618805),Infrastructure & Highways,Ministry of Road Transport & Highways,618805,Andhra Pradesh,4109.11,4109.11,1080.45,26.3,2024-03-01,2027-12-31,2027-12-31,2026-03-01,12,0.0,0
PAIM-618806,connectivity road from Convent junction to Sheelanagar Junction (National Highways Authority of India [NHAI]) (618806),Infrastructure & Highways,Ministry of Road Transport & Highways,618806,Andhra Pradesh,2354.38,2354.38,1577.76,67.0,2021-03-01,2026-12-31,2028-12-31,2026-03-01,36,0.0,0
PAIM-618807,"Part I & 6L  extension of dedicated port road of NH-67 Km 18.0 to Km 19.3, Part II (National Highways Authority of India",Infrastructure & Highways,Ministry of Road Transport & Highways,618807,Andhra Pradesh,2196.19,2196.19,1525.45,69.5,2024-03-01,2027-12-31,2027-12-31,2026-03-01,12,0.0,0
PAIM-618826,Pkg-1 (National Highways Authority of India [NHAI]) (618826),Infrastructure & Highways,Ministry of Road Transport & Highways,618826,Andhra Pradesh,3371.8,3371.8,2458.59,72.9,2022-03-01,2026-12-31,2028-12-31,2026-03-01,18,0.0,0
PAIM-618827,Pkg-2 (National Highways Authority of India [NHAI]) (618827),Infrastructure & Highways,Ministry of Road Transport & Highways,618827,Andhra Pradesh,3086.62,3086.62,1594.81,51.7,2024-03-01,2027-12-31,2027-12-31,2026-03-01,18,0.0,0
PAIM-618919,Km.73.000/Design Km 66.115 of NH340C  Package2 (National Highways Authority of India [NHAI]) (618919),Infrastructure & Highways,Ministry of Road Transport & Highways,618919,Andhra Pradesh,420.57,420.57,70.68,16.8,2021-03-01,2027-12-31,2028-12-31,2026-03-01,36,0.0,0
PAIM-618920,with Paved Shoulders from Mallavaram to Renigunta (National Highways Authority of India [NHAI]) (618920),Infrastructure & Highways,Ministry of Road Transport & Highways,618920,Andhra Pradesh,2413.46,2413.46,1024.43,42.4,2023-03-01,2028-12-31,2029-12-31,2026-03-01,24,0.0,0
PAIM-619076,Gundugolanu Section from km. 0.00 to km. 30.00 Pkg-III (National Highways Authority of India [NHAI]) (619076),Infrastructure & Highways,Ministry of Road Transport & Highways,619076,Andhra Pradesh,2735.52,2735.52,685.01,25.0,2023-03-01,2027-12-31,2027-12-31,2026-03-01,0,0.0,0
PAIM-619111,2 (National Highways Authority of India [NHAI]) (619111),Infrastructure & Highways,Ministry of Road Transport & Highways,619111,Andhra Pradesh,499.98,499.98,376.46,75.3,2024-03-01,2027-12-31,2028-12-31,2026-03-01,36,0.0,0
PAIM-619112,464.662 Pkg-4 (National Highways Authority of India [NHAI]) (619112),Infrastructure & Highways,Ministry of Road Transport & Highways,619112,Andhra Pradesh,4394.29,4394.29,1791.15,40.8,2022-03-01,2028-12-31,2028-12-31,2026-03-01,0,0.0,0
PAIM-619123,Chandrasekharpuram Ch. 228000Package-10 (National Highways Authority of India [NHAI]) (619123),Infrastructure & Highways,Ministry of Road Transport & Highways,619123,Andhra Pradesh,4105.4,4105.4,905.66,22.1,2022-03-01,2027-12-31,2028-12-31,2026-03-01,36,0.0,0
PAIM-619124,Ch. 285500 of [NH-544G]Package-12 (National Highways Authority of India [NHAI]) (619124),Infrastructure & Highways,Ministry of Road Transport & Highways,619124,Andhra Pradesh,1270.81,1270.81,364.66,28.7,2022-03-01,2026-12-31,2029-12-31,2026-03-01,18,0.0,0
PAIM-619125,Muppavaram Ch.343240 of [NH-544G] Package-14 (National Highways Authority of India [NHAI]) (619125),Infrastructure & Highways,Ministry of Road Transport & Highways,619125,Andhra Pradesh,905.6,905.6,265.98,29.4,2023-03-01,2028-12-31,2027-12-31,2026-03-01,18,0.0,0
PAIM-619126,Somavarappadu Ch. 314600 of [NH-544G] Package-13 (National Highways Authority of India [NHAI]) (619126),Infrastructure & Highways,Ministry of Road Transport & Highways,619126,Andhra Pradesh,3393.07,3393.07,1634.41,48.2,2021-03-01,2027-12-31,2027-12-31,2026-03-01,36,0.0,0
PAIM-619140,6L of Naidupeta Junction - Turpukanupur Section from km 57.046 to km 91.927 (National Highways Authority of India [NHAI],Infrastructure & Highways,Ministry of Road Transport & Highways,619140,Andhra Pradesh,3248.05,3248.05,2225.65,68.5,2021-03-01,2027-12-31,2029-12-31,2026-03-01,36,0.0,0
PAIM-619141,on HAM Mode under Bharatmala Pariyojana Phase I (National Highways Authority of India [NHAI]) (619141),Infrastructure & Highways,Ministry of Road Transport & Highways,619141,Andhra Pradesh,2143.21,2143.21,793.2,37.0,2024-03-01,2028-12-31,2029-12-31,2026-03-01,6,0.0,0
PAIM-619160,Balance works in AP Portion and punch list items in TN & AP portion of NH-205 (National Highways Authority of India [NHA,Infrastructure & Highways,Ministry of Road Transport & Highways,619160,Andhra Pradesh,3799.88,3799.88,697.51,18.4,2024-03-01,2028-12-31,2027-12-31,2026-03-01,24,0.0,0
PAIM-617897,EPC mode connecting NH 19 to 85 origin (MoRTH) (617897),Infrastructure & Highways,Ministry of Road Transport & Highways,617897,Bihar,2254.46,2254.46,1819.96,80.7,2021-03-01,2027-12-31,2029-12-31,2026-03-01,24,0.0,0
PAIM-617958,Widening & Strenthening from km132.895 to km 190.15 NH-80 (MoRTH) (617958),Infrastructure & Highways,Ministry of Road Transport & Highways,617958,Bihar,677.8,677.8,71.36,10.5,2022-03-01,2028-12-31,2027-12-31,2026-03-01,18,0.0,0
PAIM-617959,on EPC Mode in the State of Bihar. (MoRTH) (617959),Infrastructure & Highways,Ministry of Road Transport & Highways,617959,Bihar,762.09,762.09,389.26,51.1,2021-03-01,2026-12-31,2028-12-31,2026-03-01,6,0.0,0
PAIM-617961,Gaya-Hisua-Rajgir-Nalanda-Biharsharif section km0.00 to 92.935 NH-82 (MoRTH) (617961),Infrastructure & Highways,Ministry of Road Transport & Highways,617961,Bihar,2627.6,2627.6,1650.65,62.8,2021-03-01,2028-12-31,2027-12-31,2026-03-01,0,0.0,0
PAIM-617966,NHIIP-BR-106-7 [NHIIP-BR-106-7] (MoRTH) (617966),Infrastructure & Highways,Ministry of Road Transport & Highways,617966,Bihar,3296.49,3296.49,2663.97,80.8,2024-03-01,2027-12-31,2029-12-31,2026-03-01,12,0.0,0
PAIM-617969,Islampur IPR section in the state of Bihar on EPC mode. (MoRTH) (617969),Infrastructure & Highways,Ministry of Road Transport & Highways,617969,Bihar,1456.39,1456.39,351.52,24.1,2023-03-01,2026-12-31,2027-12-31,2026-03-01,0,0.0,0
PAIM-618004,16.150 Kmunder EPC mode in the state of Bihar (MoRTH) (618004),Infrastructure & Highways,Ministry of Road Transport & Highways,618004,Bihar,3348.28,3348.28,1796.22,53.6,2023-03-01,2027-12-31,2028-12-31,2026-03-01,0,0.0,0
PAIM-618005,Sheohar-Sitamarhi Section km 40.000 to 79.400 km Lot-I (MoRTH) (618005),Infrastructure & Highways,Ministry of Road Transport & Highways,618005,Bihar,3697.15,3697.15,1337.91,36.2,2021-03-01,2027-12-31,2029-12-31,2026-03-01,18,0.0,0
PAIM-618006,Sitamarhi-Jaynagar Section km 79.400 to km 156.500 Lot-II (MoRTH) (618006),Infrastructure & Highways,Ministry of Road Transport & Highways,618006,Bihar,2809.2,2809.2,1366.35,48.6,2024-03-01,2026-12-31,2028-12-31,2026-03-01,0,0.0,0
PAIM-618007,Jaynagar-Narahia Section km 156.500 to km 219.945 Lot-III (MoRTH) (618007),Infrastructure & Highways,Ministry of Road Transport & Highways,618007,Bihar,3133.13,3133.13,399.61,12.8,2022-03-01,2026-12-31,2028-12-31,2026-03-01,36,0.0,0
PAIM-618073,Km 29.730 of NH 122 B in the State of Bihar. (MoRTH) (618073),Infrastructure & Highways,Ministry of Road Transport & Highways,618073,Bihar,4014.9,4014.9,1347.87,33.6,2024-03-01,2026-12-31,2028-12-31,2026-03-01,12,0.0,0
PAIM-618074,under EPC mode (MoRTH) (618074),Infrastructure & Highways,Ministry of Road Transport & Highways,618074,Bihar,703.77,703.77,500.66,71.1,2021-03-01,2026-12-31,2029-12-31,2026-03-01,12,0.0,0
PAIM-618080,under EPC mode in the state of Bihar (MoRTH) (618080),Infrastructure & Highways,Ministry of Road Transport & Highways,618080,Bihar,3881.9,3881.9,2556.69,65.9,2022-03-01,2027-12-31,2029-12-31,2026-03-01,36,0.0,0
PAIM-618120,Package - 2 in the State of Bihar on EPC Mode. (MoRTH) (618120),Infrastructure & Highways,Ministry of Road Transport & Highways,618120,Bihar,2552.02,2552.02,1211.48,47.5,2021-03-01,2026-12-31,2028-12-31,2026-03-01,6,0.0,0
PAIM-618121,state of Bihar under EPC mode (MoRTH) (618121),Infrastructure & Highways,Ministry of Road Transport & Highways,618121,Bihar,499.98,499.98,134.62,26.9,2024-03-01,2027-12-31,2027-12-31,2026-03-01,0,0.0,0
PAIM-618126,length-14.359 Km to two lane with paved shoulders standard in State of Bihar. (MoRTH) (618126),Infrastructure & Highways,Ministry of Road Transport & Highways,618126,Bihar,2111.79,2111.79,1493.57,70.7,2021-03-01,2028-12-31,2027-12-31,2026-03-01,12,0.0,0
PAIM-618146,from km 3.500 to 43.000 of NH 527 E on EPC mode in State of Bihar (MoRTH) (618146),Infrastructure & Highways,Ministry of Road Transport & Highways,618146,Bihar,1300.1,1300.1,1092.74,84.1,2021-03-01,2028-12-31,2027-12-31,2026-03-01,6,0.0,0
PAIM-618228,0.00 to km 14.500 across river Ganga on NH-19 at Patna in the state of Bihar. (MoRTH) (618228),Infrastructure & Highways,Ministry of Road Transport & Highways,618228,Bihar,1193.11,1193.11,544.02,45.6,2021-03-01,2027-12-31,2029-12-31,2026-03-01,0,0.0,0
PAIM-618234,EPC mode (MoRTH) (618234),Infrastructure & Highways,Ministry of Road Transport & Highways,618234,Bihar,370.47,370.47,211.08,57.0,2024-03-01,2026-12-31,2029-12-31,2026-03-01,24,0.0,0
PAIM-618246,Bihar (MoRTH) (618246),Infrastructure & Highways,Ministry of Road Transport & Highways,618246,Bihar,1905.56,1905.56,512.2,26.9,2024-03-01,2028-12-31,2027-12-31,2026-03-01,36,0.0,0
PAIM-618250,Bihar (MoRTH) (618250),Infrastructure & Highways,Ministry of Road Transport & Highways,618250,Bihar,1294.61,1294.61,142.09,11.0,2022-03-01,2026-12-31,2029-12-31,2026-03-01,18,0.0,0
PAIM-618251,Annuity Model HAM basis (MoRTH) (618251),Infrastructure & Highways,Ministry of Road Transport & Highways,618251,Bihar,485.3,485.3,149.17,30.7,2022-03-01,2028-12-31,2028-12-31,2026-03-01,24,0.0,0
PAIM-618569,Balance work - WB-10 Gandak Bridge Km 402.00 to Km 440.00 Devanpur - Kotwa (National Highways Authority of India [NHAI]),Infrastructure & Highways,Ministry of Road Transport & Highways,618569,Bihar,1579.43,1579.43,366.96,23.2,2022-03-01,2028-12-31,2028-12-31,2026-03-01,24,0.0,0
PAIM-618570,384.000 to Km. 386.750 on NH-27 (National Highways Authority of India [NHAI]) (618570),Infrastructure & Highways,Ministry of Road Transport & Highways,618570,Bihar,1658.35,1658.35,392.27,23.7,2024-03-01,2027-12-31,2029-12-31,2026-03-01,18,0.0,0
PAIM-618571,km.520.000 Total length 80.00Km (National Highways Authority of India [NHAI]) (618571),Infrastructure & Highways,Ministry of Road Transport & Highways,618571,Bihar,1884.72,1884.72,1094.86,58.1,2023-03-01,2028-12-31,2029-12-31,2026-03-01,24,0.0,0
PAIM-618582,NH327E (National Highways Authority of India [NHAI]) (618582),Infrastructure & Highways,Ministry of Road Transport & Highways,618582,Bihar,629.98,629.98,465.8,73.9,2022-03-01,2028-12-31,2029-12-31,2026-03-01,6,0.0,0
PAIM-618583,327E (National Highways Authority of India [NHAI]) (618583),Infrastructure & Highways,Ministry of Road Transport & Highways,618583,Bihar,2594.17,2594.17,2157.68,83.2,2022-03-01,2027-12-31,2028-12-31,2026-03-01,12,0.0,0
PAIM-618725,Anarbansalea village From KM. 116000 to KM. 151200 Package-6 (National Highways Authority of India [NHAI]) (618725),Infrastructure & Highways,Ministry of Road Transport & Highways,618725,Bihar,350.09,350.09,137.89,39.4,2024-03-01,2027-12-31,2029-12-31,2026-03-01,12,0.0,0
PAIM-618726,village from Km. 27.000 to Km. 54.000 Pkg-2 (National Highways Authority of India [NHAI]) (618726),Infrastructure & Highways,Ministry of Road Transport & Highways,618726,Bihar,361.4,361.4,184.31,51.0,2023-03-01,2026-12-31,2028-12-31,2026-03-01,6,0.0,0
PAIM-618727,road in Bhairopur village to Konki village From KM. 54.000 to KM. 90.000Pkg-3 (National Highways Authority of India [NHA,Infrastructure & Highways,Ministry of Road Transport & Highways,618727,Bihar,3743.02,3743.02,967.98,25.9,2024-03-01,2028-12-31,2028-12-31,2026-03-01,0,0.0,0
PAIM-618738,131G starting from Km 8.480 near Sherpur to Km 23.000 near Dighwara (National Highways Authority of India [NHAI]) (61873,Infrastructure & Highways,Ministry of Road Transport & Highways,618738,Bihar,4482.44,4482.44,2988.0,66.7,2023-03-01,2028-12-31,2029-12-31,2026-03-01,0,0.0,0
PAIM-618739,119 D Pkg-I (National Highways Authority of India [NHAI]) (618739),Infrastructure & Highways,Ministry of Road Transport & Highways,618739,Bihar,1187.07,1187.07,833.34,70.2,2024-03-01,2026-12-31,2027-12-31,2026-03-01,36,0.0,0
PAIM-618740,109.300 of NH 119 D Pkg-II (National Highways Authority of India [NHAI]) (618740),Infrastructure & Highways,Ministry of Road Transport & Highways,618740,Bihar,4064.61,4064.61,739.32,18.2,2024-03-01,2028-12-31,2027-12-31,2026-03-01,24,0.0,0
PAIM-618741,4L  Greenfield Alignment from Kalyanapur to Tal Dashraha of NH-119D Pkg-III (NHAI) (618741),Infrastructure & Highways,Ministry of Road Transport & Highways,618741,Bihar,2484.26,2484.26,692.42,27.9,2022-03-01,2026-12-31,2029-12-31,2026-03-01,12,0.0,0
PAIM-618774,Ara - Mohania Pkg-II (National Highways Authority of India [NHAI]) (618774),Infrastructure & Highways,Ministry of Road Transport & Highways,618774,Bihar,3106.04,3106.04,882.57,28.4,2024-03-01,2028-12-31,2027-12-31,2026-03-01,6,0.0,0
PAIM-618775,Ara Bypass (National Highways Authority of India [NHAI]) (618775),Infrastructure & Highways,Ministry of Road Transport & Highways,618775,Bihar,1722.29,1722.29,480.85,27.9,2024-03-01,2028-12-31,2027-12-31,2026-03-01,6,0.0,0
PAIM-618779,4L of Aurangabad-Paithan (NHAI) (618779),Infrastructure & Highways,Ministry of Road Transport & Highways,618779,Bihar,512.36,512.36,122.21,23.9,2021-03-01,2028-12-31,2027-12-31,2026-03-01,6,0.0,0
PAIM-618791,4L PS under NH configuration of Manikpur-Sahebganj of NH-139W (National Highways Authority of India [NHAI]) (618791),Infrastructure & Highways,Ministry of Road Transport & Highways,618791,Bihar,4409.74,4409.74,2502.13,56.7,2023-03-01,2028-12-31,2029-12-31,2026-03-01,18,0.0,0
PAIM-618839,Aunta - Simaria including Ganga Bridge (National Highways Authority of India [NHAI]) (618839),Infrastructure & Highways,Ministry of Road Transport & Highways,618839,Bihar,3672.82,3672.82,1419.25,38.6,2022-03-01,2027-12-31,2029-12-31,2026-03-01,36,0.0,0
PAIM-618840,Simaria Km. 206.050 to Khagaria Km. 266.282 (National Highways Authority of India [NHAI]) (618840),Infrastructure & Highways,Ministry of Road Transport & Highways,618840,Bihar,2370.37,2370.37,1219.51,51.4,2024-03-01,2028-12-31,2028-12-31,2026-03-01,18,0.0,0
PAIM-618841,section  from Km. 221.047 to Km. 225.302 of NH-31 (National Highways Authority of India [NHAI]) (618841),Infrastructure & Highways,Ministry of Road Transport & Highways,618841,Bihar,3083.38,3083.38,988.36,32.1,2024-03-01,2027-12-31,2028-12-31,2026-03-01,36,0.0,0
PAIM-618861,Bakhtiyarpur-Rajauli Pkg-II from km. 54.405 to km.101.630 (National Highways Authority of India [NHAI]) (618861),Infrastructure & Highways,Ministry of Road Transport & Highways,618861,Bihar,3306.22,3306.22,2545.41,77.0,2023-03-01,2026-12-31,2027-12-31,2026-03-01,36,0.0,0
PAIM-618862,Bakhtiyarpur-Rajauli Pkg-III from km. 101.630 to km.152.520 (National Highways Authority of India [NHAI]) (618862),Infrastructure & Highways,Ministry of Road Transport & Highways,618862,Bihar,1139.29,1139.29,348.03,30.5,2023-03-01,2027-12-31,2029-12-31,2026-03-01,0,0.0,0
PAIM-618902,Maheshkunt-Saharsa-Purnea Pkg I km 0.00 to km. 90.00 of NH-107 (National Highways Authority of India [NHAI]) (618902),Infrastructure & Highways,Ministry of Road Transport & Highways,618902,Bihar,2005.86,2005.86,325.19,16.2,2024-03-01,2028-12-31,2027-12-31,2026-03-01,6,0.0,0
PAIM-618903,Maheshkunt -Saharsa-Purnea Pkg II (National Highways Authority of India [NHAI]) (618903),Infrastructure & Highways,Ministry of Road Transport & Highways,618903,Bihar,2821.94,2821.94,871.03,30.9,2022-03-01,2028-12-31,2027-12-31,2026-03-01,18,0.0,0
PAIM-618904,Chhapra - Hajipur from km. 143.200 to km. 209.200 (National Highways Authority of India [NHAI]) (618904),Infrastructure & Highways,Ministry of Road Transport & Highways,618904,Bihar,310.88,310.88,115.77,37.2,2023-03-01,2026-12-31,2027-12-31,2026-03-01,6,0.0,0
PAIM-618905,143.200 to Km. 159.255 Pkg-1 (National Highways Authority of India [NHAI]) (618905),Infrastructure & Highways,Ministry of Road Transport & Highways,618905,Bihar,2424.4,2424.4,1948.35,80.4,2021-03-01,2026-12-31,2027-12-31,2026-03-01,0,0.0,0
PAIM-618914,section (National Highways Authority of India [NHAI]) (618914),Infrastructure & Highways,Ministry of Road Transport & Highways,618914,Bihar,3478.81,3478.81,2472.39,71.1,2021-03-01,2027-12-31,2027-12-31,2026-03-01,6,0.0,0
PAIM-618915,83 (National Highways Authority of India [NHAI]) (618915),Infrastructure & Highways,Ministry of Road Transport & Highways,618915,Bihar,3367.16,3367.16,518.11,15.4,2021-03-01,2028-12-31,2029-12-31,2026-03-01,0,0.0,0
PAIM-618916,NH-83 (National Highways Authority of India [NHAI]) (618916),Infrastructure & Highways,Ministry of Road Transport & Highways,618916,Bihar,3609.49,3609.49,2617.28,72.5,2021-03-01,2026-12-31,2028-12-31,2026-03-01,36,0.0,0
PAIM-618917,point of Patna-Gaya-Dobhi Section of NH-83 (National Highways Authority of India [NHAI]) (618917),Infrastructure & Highways,Ministry of Road Transport & Highways,618917,Bihar,1381.98,1381.98,336.56,24.4,2022-03-01,2028-12-31,2027-12-31,2026-03-01,24,0.0,0
PAIM-618926,NH-227A (National Highways Authority of India [NHAI]) (618926),Infrastructure & Highways,Ministry of Road Transport & Highways,618926,Bihar,3846.75,3846.75,856.58,22.3,2024-03-01,2028-12-31,2027-12-31,2026-03-01,24,0.0,0
PAIM-618953,Umagaon-Saharsa Package-IV Koshi Bridge & approach Road - Bheja-Bakaur (NHAI) (618953),Infrastructure & Highways,Ministry of Road Transport & Highways,618953,Bihar,739.19,739.19,463.47,62.7,2021-03-01,2027-12-31,2028-12-31,2026-03-01,6,0.0,0
PAIM-618954,KM to 15.00KM of NH527ABideshwarsthan-Bheja0.000KM to 25.915KM of NH527A. (NHAI) (618954),Infrastructure & Highways,Ministry of Road Transport & Highways,618954,Bihar,3423.13,3423.13,1417.06,41.4,2023-03-01,2028-12-31,2029-12-31,2026-03-01,18,0.0,0
PAIM-618955,2L PS of Majhauli to Charout section from km. 0.00 to km. 63.655 (NHAI) (618955),Infrastructure & Highways,Ministry of Road Transport & Highways,618955,Bihar,1699.99,1699.99,918.51,54.0,2023-03-01,2026-12-31,2027-12-31,2026-03-01,12,0.0,0
PAIM-618956,Approaches from Design km.16.500 to km.21.500 (NHAI) (618956),Infrastructure & Highways,Ministry of Road Transport & Highways,618956,Bihar,3114.08,3114.08,1659.67,53.3,2024-03-01,2028-12-31,2029-12-31,2026-03-01,0,0.0,0
PAIM-619127,Nawda Section  of NH-119D (NHAI) (619127),Infrastructure & Highways,Ministry of Road Transport & Highways,619127,Bihar,1499.52,1499.52,1224.0,81.6,2024-03-01,2027-12-31,2027-12-31,2026-03-01,18,0.0,0
PAIM-619136,No 227F to 2 lane with paved shoulders from Design Ch.0.000 to Ch. 34.566 (National Highways Authority of India [NHAI]) ,Infrastructure & Highways,Ministry of Road Transport & Highways,619136,Bihar,1861.71,1861.71,1201.73,64.5,2023-03-01,2028-12-31,2029-12-31,2026-03-01,0,0.0,0
PAIM-619152,Bakhtiyarpur Km 153.300 to Mokama Km 197.900 (National Highways Authority of India [NHAI]) (619152),Infrastructure & Highways,Ministry of Road Transport & Highways,619152,Bihar,1573.08,1573.08,521.89,33.2,2021-03-01,2026-12-31,2029-12-31,2026-03-01,24,0.0,0
PAIM-619166,Umagaon-Saharsa Package-V Bakaur-Parsarma-Bangaon-Bariyahi & Spur to Mahishi (NHAI) (619166),Infrastructure & Highways,Ministry of Road Transport & Highways,619166,Bihar,2339.84,2339.84,476.69,20.4,2021-03-01,2026-12-31,2028-12-31,2026-03-01,12,0.0,0
PAIM-617908,Bemetara Bypass NH 30 (MoRTH) (617908),Infrastructure & Highways,Ministry of Road Transport & Highways,617908,Bihar,772.98,772.98,481.67,62.3,2024-03-01,2027-12-31,2029-12-31,2026-03-01,24,0.0,0
PAIM-617919,2017-18-56 (MoRTH) (617919),Infrastructure & Highways,Ministry of Road Transport & Highways,617919,Multi-State,1874.26,1874.26,643.82,34.4,2023-03-01,2027-12-31,2028-12-31,2026-03-01,24,0.0,0
PAIM-617971,retained    on NH-130D under EPC mode in the State Chhattisgarh. (MoRTH) (617971),Infrastructure & Highways,Ministry of Road Transport & Highways,617971,Multi-State,1666.39,1666.39,190.65,11.4,2022-03-01,2028-12-31,2028-12-31,2026-03-01,6,0.0,0
PAIM-617972,NH-130D under EPC mode in the state of Chhattisgarh. (MoRTH) (617972),Infrastructure & Highways,Ministry of Road Transport & Highways,617972,Multi-State,2223.21,2223.21,1681.78,75.6,2023-03-01,2027-12-31,2028-12-31,2026-03-01,18,0.0,0
PAIM-617973,chhattisgarh.job No. 130-CG-2017-18-348 (MoRTH) (617973),Infrastructure & Highways,Ministry of Road Transport & Highways,617973,Multi-State,787.07,787.07,428.54,54.4,2022-03-01,2028-12-31,2027-12-31,2026-03-01,24,0.0,0
PAIM-618014,udner corridor scheme under EPC Mode in the of Chhattisgarh (MoRTH) (618014),Infrastructure & Highways,Ministry of Road Transport & Highways,618014,Multi-State,1010.89,1010.89,155.47,15.4,2021-03-01,2027-12-31,2027-12-31,2026-03-01,36,0.0,0
PAIM-618015,under Corridor scheme on EPC mode in the state of Chhattisgarh. (MoRTH) (618015),Infrastructure & Highways,Ministry of Road Transport & Highways,618015,Multi-State,4497.59,4497.59,2154.53,47.9,2024-03-01,2027-12-31,2029-12-31,2026-03-01,12,0.0,0
PAIM-618016,shoulders under EPC mode in the state of Chhattisgarh (MoRTH) (618016),Infrastructure & Highways,Ministry of Road Transport & Highways,618016,Multi-State,1356.52,1356.52,733.3,54.1,2023-03-01,2027-12-31,2029-12-31,2026-03-01,12,0.0,0
PAIM-618017,Corridor scheme on EPC mode in the state of Chhattisgarh. (MoRTH) (618017),Infrastructure & Highways,Ministry of Road Transport & Highways,618017,Multi-State,1993.27,1993.27,630.07,31.6,2024-03-01,2027-12-31,2027-12-31,2026-03-01,36,0.0,0
PAIM-618018,in the (MoRTH) (618018),Infrastructure & Highways,Ministry of Road Transport & Highways,618018,Multi-State,3251.98,3251.98,1614.02,49.6,2023-03-01,2027-12-31,2028-12-31,2026-03-01,18,0.0,0
PAIM-618064,Chhattisgarh under EPC mode (MoRTH) (618064),Infrastructure & Highways,Ministry of Road Transport & Highways,618064,Multi-State,504.17,504.17,111.24,22.1,2024-03-01,2027-12-31,2028-12-31,2026-03-01,18,0.0,0
PAIM-618078,lane with paved shoulders in the State of Chhattisgarh on EPC mode. (MoRTH) (618078),Infrastructure & Highways,Ministry of Road Transport & Highways,618078,Multi-State,3524.43,3524.43,2320.06,65.8,2023-03-01,2028-12-31,2029-12-31,2026-03-01,36,0.0,0
PAIM-618589,to near Khatti Village (National Highways Authority of India [NHAI]) (618589),Infrastructure & Highways,Ministry of Road Transport & Highways,618589,Multi-State,3939.58,3939.58,678.41,17.2,2022-03-01,2026-12-31,2027-12-31,2026-03-01,6,0.0,0
PAIM-618590,near Aurang (National Highways Authority of India [NHAI]) (618590),Infrastructure & Highways,Ministry of Road Transport & Highways,618590,Multi-State,214.76,214.76,118.28,55.1,2021-03-01,2027-12-31,2029-12-31,2026-03-01,6,0.0,0
PAIM-618639,4L of Bilaspur to Urga km 0.00 to 70.2 of NH-130A (National Highways Authority of India [NHAI]) (618639),Infrastructure & Highways,Ministry of Road Transport & Highways,618639,Multi-State,1833.64,1833.64,658.4,35.9,2022-03-01,2026-12-31,2028-12-31,2026-03-01,18,0.0,0
PAIM-618640,4L of Urga - Pathalgaon from Km. 70.200 to km. 157.745 of NH-130A (National Highways Authority of India [NHAI]) (618640),Infrastructure & Highways,Ministry of Road Transport & Highways,618640,Multi-State,2722.8,2722.8,789.88,29.0,2022-03-01,2026-12-31,2027-12-31,2026-03-01,36,0.0,0
PAIM-618673,130CD Pkg-CG-1 (National Highways Authority of India [NHAI]) (618673),Infrastructure & Highways,Ministry of Road Transport & Highways,618673,Multi-State,2492.3,2492.3,1425.74,57.2,2024-03-01,2028-12-31,2027-12-31,2026-03-01,36,0.0,0
PAIM-618674,130CD Pkg-CG-2 (National Highways Authority of India [NHAI]) (618674),Infrastructure & Highways,Ministry of Road Transport & Highways,618674,Multi-State,3020.31,3020.31,753.28,24.9,2024-03-01,2026-12-31,2029-12-31,2026-03-01,6,0.0,0
PAIM-618675,of NH-130-CD (National Highways Authority of India [NHAI]) (618675),Infrastructure & Highways,Ministry of Road Transport & Highways,618675,Multi-State,921.28,921.28,614.92,66.7,2024-03-01,2028-12-31,2028-12-31,2026-03-01,18,0.0,0
PAIM-618849,the tunnel from Km 12.732 to Km 14.568 of Kiratpur to Nerchowk Section of NH-21 (National Highways Authority of India [N,Infrastructure & Highways,Ministry of Road Transport & Highways,618849,Multi-State,2647.34,2647.34,554.68,21.0,2024-03-01,2026-12-31,2027-12-31,2026-03-01,36,0.0,0
PAIM-618957,4 laning of Champa - Korba from km 0.00 to km 38.2 (National Highways Authority of India [NHAI]) (618957),Infrastructure & Highways,Ministry of Road Transport & Highways,618957,Multi-State,3639.54,3639.54,1910.44,52.5,2021-03-01,2028-12-31,2028-12-31,2026-03-01,0,0.0,0
PAIM-619103,4/6 Laning of Raipur-Simga Pkg-I from km. 0.00 to km. 48.58 (National Highways Authority of India [NHAI]) (619103),Infrastructure & Highways,Ministry of Road Transport & Highways,619103,Multi-State,3616.83,3616.83,2236.11,61.8,2023-03-01,2027-12-31,2028-12-31,2026-03-01,18,0.0,0
PAIM-619167,Kathghora (National Highways Authority of India [NHAI]) (619167),Infrastructure & Highways,Ministry of Road Transport & Highways,619167,Multi-State,4167.77,4167.77,993.87,23.8,2024-03-01,2027-12-31,2029-12-31,2026-03-01,18,0.0,0
PAIM-619183,and Nagar Haveli and Daman and Diu (MoRTH) (619183),Infrastructure & Highways,Ministry of Road Transport & Highways,619183,Multi-State,1550.59,1550.59,350.65,22.6,2022-03-01,2026-12-31,2029-12-31,2026-03-01,24,0.0,0
PAIM-618509,from km. 0.70 to km.15.00 (National Highways Authority of India [NHAI]) (618509),Infrastructure & Highways,Ministry of Road Transport & Highways,618509,Delhi,428.59,428.59,321.07,74.9,2024-03-01,2028-12-31,2028-12-31,2026-03-01,36,0.0,0
PAIM-618578,Road of NH-148NA from km. 0.00 to km. 9.00 in NCR (National Highways Authority of India [NHAI]) (618578),Infrastructure & Highways,Ministry of Road Transport & Highways,618578,Delhi,1600.83,1600.83,376.51,23.5,2023-03-01,2028-12-31,2027-12-31,2026-03-01,0,0.0,0
PAIM-619090,5.300 Km.to 9.500 Km. of NH-248BB (National Highways Authority of India [NHAI]) (619090),Infrastructure & Highways,Ministry of Road Transport & Highways,619090,Delhi,3070.65,3070.65,1458.69,47.5,2024-03-01,2028-12-31,2029-12-31,2026-03-01,12,0.0,0
PAIM-619202,Dwarka Sector 21 (National Highways Authority of India [NHAI]) (619202),Infrastructure & Highways,Ministry of Road Transport & Highways,619202,Delhi,1139.53,1139.53,577.94,50.7,2023-03-01,2026-12-31,2029-12-31,2026-03-01,0,0.0,0
PAIM-617941,from Km 536.800 to Km 543.450 (MoRTH) (617941),Infrastructure & Highways,Ministry of Road Transport & Highways,617941,Multi-State,4427.82,4427.82,1852.96,41.8,2024-03-01,2028-12-31,2029-12-31,2026-03-01,6,0.0,0
PAIM-617942,approaches on NH-66 (MoRTH) (617942),Infrastructure & Highways,Ministry of Road Transport & Highways,617942,Multi-State,3429.25,3429.25,1360.18,39.7,2024-03-01,2027-12-31,2029-12-31,2026-03-01,18,0.0,0
PAIM-618609,3.330 to Km. 4.550 (National Highways Authority of India [NHAI]) (618609),Infrastructure & Highways,Ministry of Road Transport & Highways,618609,Multi-State,4161.08,4161.08,2458.02,59.1,2022-03-01,2028-12-31,2027-12-31,2026-03-01,6,0.0,0
PAIM-617906,Gujarat on EPC (MoRTH) (617906),Infrastructure & Highways,Ministry of Road Transport & Highways,617906,Gujarat,2081.74,2081.74,1414.1,67.9,2024-03-01,2028-12-31,2027-12-31,2026-03-01,24,0.0,0
PAIM-617916,47 in the State of Gujarat on HAM mode (MoRTH) (617916),Infrastructure & Highways,Ministry of Road Transport & Highways,617916,Gujarat,777.61,777.61,639.8,82.3,2023-03-01,2028-12-31,2028-12-31,2026-03-01,6,0.0,0
PAIM-617926,on Hybrid Annuity Mode HAM (MoRTH) (617926),Infrastructure & Highways,Ministry of Road Transport & Highways,617926,Gujarat,533.06,533.06,404.52,75.9,2023-03-01,2026-12-31,2027-12-31,2026-03-01,12,0.0,0
PAIM-617927,Antrasuba Mathasur road  of NH 58 in the State of Gujarat (MoRTH) (617927),Infrastructure & Highways,Ministry of Road Transport & Highways,617927,Gujarat,4088.39,4088.39,1337.03,32.7,2021-03-01,2028-12-31,2029-12-31,2026-03-01,36,0.0,0
PAIM-617928,"Vrundavan Chokdi, Kheralu on NH-58 in the State of Gujarat. (MoRTH) (617928)",Infrastructure & Highways,Ministry of Road Transport & Highways,617928,Gujarat,2660.32,2660.32,971.78,36.5,2024-03-01,2028-12-31,2027-12-31,2026-03-01,0,0.0,0
PAIM-617976,sate of Gujarat (MoRTH) (617976),Infrastructure & Highways,Ministry of Road Transport & Highways,617976,Gujarat,1204.77,1204.77,462.74,38.4,2021-03-01,2028-12-31,2029-12-31,2026-03-01,12,0.0,0
PAIM-617977,Development of Chiloda - Gandhinagar- Sarkhej ofNH-147 Package -II (MoRTH) (617977),Infrastructure & Highways,Ministry of Road Transport & Highways,617977,Gujarat,905.43,905.43,573.17,63.3,2024-03-01,2026-12-31,2029-12-31,2026-03-01,12,0.0,0
PAIM-618022,NH 351  Mahuva to Badhada section in the State of Gujarat (MoRTH) (618022),Infrastructure & Highways,Ministry of Road Transport & Highways,618022,Gujarat,1612.27,1612.27,1356.13,84.1,2024-03-01,2027-12-31,2027-12-31,2026-03-01,24,0.0,0
PAIM-618107,Hybrid Annuity Mode HAM (MoRTH) (618107),Infrastructure & Highways,Ministry of Road Transport & Highways,618107,Gujarat,3684.51,3684.51,2934.64,79.6,2021-03-01,2026-12-31,2027-12-31,2026-03-01,6,0.0,0
PAIM-618108,168G Idar-Bhiloda-Samlaji in the state of Gujarat Length  34.275 km (MoRTH) (618108),Infrastructure & Highways,Ministry of Road Transport & Highways,618108,Gujarat,3108.13,3108.13,1897.6,61.1,2021-03-01,2026-12-31,2029-12-31,2026-03-01,24,0.0,0
PAIM-618459,Delhi-Vadodara Greenfield Alignment NH-148N Pkg-26 Ch.696890 to Ch.726390 (National Highways Authority of India [NHAI]) ,Infrastructure & Highways,Ministry of Road Transport & Highways,618459,Gujarat,618.53,618.53,512.47,82.9,2024-03-01,2026-12-31,2027-12-31,2026-03-01,0,0.0,0
PAIM-618460,Delhi-Vadodara Greenfield Alignment NH-148N Pkg-28 Ch.756052 to Ch.781282 (National Highways Authority of India [NHAI]) ,Infrastructure & Highways,Ministry of Road Transport & Highways,618460,Gujarat,3931.91,3931.91,1946.3,49.5,2022-03-01,2027-12-31,2027-12-31,2026-03-01,0,0.0,0
PAIM-618462,[Junction near Pratap nagar Village - Junction near Dodka Village] (National Highways Authority of India [NHAI]) (618462,Infrastructure & Highways,Ministry of Road Transport & Highways,618462,Gujarat,711.7,711.7,498.62,70.1,2024-03-01,2028-12-31,2028-12-31,2026-03-01,24,0.0,0
PAIM-618463,Vadodara Mumbai Expressway Kim to Ankleshwar Phase IA - Pkg V (National Highways Authority of India [NHAI]) (618463),Infrastructure & Highways,Ministry of Road Transport & Highways,618463,Gujarat,3089.85,3089.85,2483.01,80.4,2022-03-01,2028-12-31,2028-12-31,2026-03-01,6,0.0,0
PAIM-618464,254.430] (National Highways Authority of India [NHAI]) (618464),Infrastructure & Highways,Ministry of Road Transport & Highways,618464,Gujarat,4038.37,4038.37,2540.03,62.9,2022-03-01,2027-12-31,2029-12-31,2026-03-01,18,0.0,0
PAIM-618465,217.500] (National Highways Authority of India [NHAI]) (618465),Infrastructure & Highways,Ministry of Road Transport & Highways,618465,Gujarat,1536.57,1536.57,1188.95,77.4,2022-03-01,2027-12-31,2028-12-31,2026-03-01,12,0.0,0
PAIM-618466,Phase-I Package-VIII (National Highways Authority of India [NHAI]) (618466),Infrastructure & Highways,Ministry of Road Transport & Highways,618466,Gujarat,3424.53,3424.53,878.6,25.7,2021-03-01,2026-12-31,2029-12-31,2026-03-01,6,0.0,0
PAIM-618467,Phase-I Package-IX (National Highways Authority of India [NHAI]) (618467),Infrastructure & Highways,Ministry of Road Transport & Highways,618467,Gujarat,4105.35,4105.35,419.48,10.2,2023-03-01,2026-12-31,2029-12-31,2026-03-01,12,0.0,0
PAIM-618501,Sindhrej Village] (National Highways Authority of India [NHAI]) (618501),Infrastructure & Highways,Ministry of Road Transport & Highways,618501,Gujarat,526.09,526.09,280.02,53.2,2022-03-01,2028-12-31,2029-12-31,2026-03-01,24,0.0,0
PAIM-618502,Village] (National Highways Authority of India [NHAI]) (618502),Infrastructure & Highways,Ministry of Road Transport & Highways,618502,Gujarat,2885.86,2885.86,2452.11,85.0,2024-03-01,2027-12-31,2028-12-31,2026-03-01,0,0.0,0
PAIM-618503,DSIR zone] (National Highways Authority of India [NHAI]) (618503),Infrastructure & Highways,Ministry of Road Transport & Highways,618503,Gujarat,2313.24,2313.24,915.57,39.6,2024-03-01,2027-12-31,2029-12-31,2026-03-01,24,0.0,0
PAIM-618504,Adhelai Village] (National Highways Authority of India [NHAI]) (618504),Infrastructure & Highways,Ministry of Road Transport & Highways,618504,Gujarat,2501.2,2501.2,1430.18,57.2,2021-03-01,2026-12-31,2029-12-31,2026-03-01,0,0.0,0
PAIM-618507,NH-48 in the state of Gujarat on single Percentage Item Rate Contract (National Highways Authority of India [NHAI]) (618,Infrastructure & Highways,Ministry of Road Transport & Highways,618507,Gujarat,3698.15,3698.15,2640.24,71.4,2024-03-01,2028-12-31,2028-12-31,2026-03-01,36,0.0,0
PAIM-618508,of NH48 between existing Km. 108.000 to Km. 250.000 (National Highways Authority of India [NHAI]) (618508),Infrastructure & Highways,Ministry of Road Transport & Highways,618508,Gujarat,4486.78,4486.78,3197.71,71.3,2021-03-01,2026-12-31,2028-12-31,2026-03-01,12,0.0,0
PAIM-618564,NH-27 (National Highways Authority of India [NHAI]) (618564),Infrastructure & Highways,Ministry of Road Transport & Highways,618564,Gujarat,881.95,881.95,195.37,22.2,2022-03-01,2028-12-31,2029-12-31,2026-03-01,36,0.0,0
PAIM-618614,Sanchore - Santalpur from km 67.000 - km 99.000 of NH-754K AJ-RGBS-Package-3 (National Highways Authority of India [NHAI,Infrastructure & Highways,Ministry of Road Transport & Highways,618614,Gujarat,4240.44,4240.44,2420.35,57.1,2022-03-01,2026-12-31,2027-12-31,2026-03-01,36,0.0,0
PAIM-618615,Sanchore - Santalpur from km 99.000 - km 130.073 of NH-754K AJ-RGBS-Package-4 (National Highways Authority of India [NHA,Infrastructure & Highways,Ministry of Road Transport & Highways,618615,Gujarat,879.81,879.81,447.69,50.9,2023-03-01,2027-12-31,2028-12-31,2026-03-01,18,0.0,0
PAIM-618616,existing Ch. 42000 to 48500 of ongoing Dhrol-Bhadra-Pipaliya section of NH-151A (National Highways Authority of India [N,Infrastructure & Highways,Ministry of Road Transport & Highways,618616,Gujarat,2399.3,2399.3,1575.95,65.7,2021-03-01,2026-12-31,2029-12-31,2026-03-01,6,0.0,0
PAIM-618699,Pipli Bhavnagar-Package 1 from km 136.025 to km 169.328 (National Highways Authority of India [NHAI]) (618699),Infrastructure & Highways,Ministry of Road Transport & Highways,618699,Gujarat,4324.44,4324.44,1765.73,40.8,2021-03-01,2026-12-31,2029-12-31,2026-03-01,24,0.0,0
PAIM-618787,Junction from Km 0.000 to Km 65.478 of NH-341 (National Highways Authority of India [NHAI]) (618787),Infrastructure & Highways,Ministry of Road Transport & Highways,618787,Gujarat,3828.73,3828.73,3246.19,84.8,2022-03-01,2026-12-31,2027-12-31,2026-03-01,12,0.0,0
PAIM-618833,120.900 to km. 121.150 of NH-8D (National Highways Authority of India [NHAI]) (618833),Infrastructure & Highways,Ministry of Road Transport & Highways,618833,Gujarat,3808.99,3808.99,584.0,15.3,2024-03-01,2028-12-31,2027-12-31,2026-03-01,36,0.0,0
PAIM-618834,NH-8E NH 51 new (National Highways Authority of India [NHAI]) (618834),Infrastructure & Highways,Ministry of Road Transport & Highways,618834,Gujarat,2051.28,2051.28,945.75,46.1,2024-03-01,2026-12-31,2028-12-31,2026-03-01,12,0.0,0
PAIM-618835,Package-II (National Highways Authority of India [NHAI]) (618835),Infrastructure & Highways,Ministry of Road Transport & Highways,618835,Gujarat,1297.1,1297.1,483.09,37.2,2022-03-01,2028-12-31,2027-12-31,2026-03-01,36,0.0,0
PAIM-618901,Km 128.940 of NH-68 (National Highways Authority of India [NHAI]) (618901),Infrastructure & Highways,Ministry of Road Transport & Highways,618901,Gujarat,3961.73,3961.73,807.7,20.4,2021-03-01,2027-12-31,2028-12-31,2026-03-01,18,0.0,0
PAIM-618931,NH-56 Pkg-V (National Highways Authority of India [NHAI]) (618931),Infrastructure & Highways,Ministry of Road Transport & Highways,618931,Gujarat,2023.01,2023.01,1353.31,66.9,2022-03-01,2027-12-31,2028-12-31,2026-03-01,0,0.0,0
PAIM-619067,6L of Chiloda-Naroda section from Km. 540.595 to  Km. 555.595 of NH-8Package-VII (National Highways Authority of India [,Infrastructure & Highways,Ministry of Road Transport & Highways,619067,Gujarat,1464.88,1464.88,266.84,18.2,2022-03-01,2027-12-31,2028-12-31,2026-03-01,6,0.0,0
PAIM-619087,Km. 185.00 on NH-27 (National Highways Authority of India [NHAI]) (619087),Infrastructure & Highways,Ministry of Road Transport & Highways,619087,Gujarat,1896.34,1896.34,658.84,34.7,2024-03-01,2026-12-31,2027-12-31,2026-03-01,0,0.0,0
PAIM-619137,km 171.800 to km 125.000 of NH-151A (National Highways Authority of India [NHAI]) (619137),Infrastructure & Highways,Ministry of Road Transport & Highways,619137,Gujarat,2003.26,2003.26,1077.39,53.8,2024-03-01,2027-12-31,2029-12-31,2026-03-01,12,0.0,0
PAIM-619145,Four Laning of Una to Kodinar from km. 180.478 to km. 221.610 Package-V (National Highways Authority of India [NHAI]) (6,Infrastructure & Highways,Ministry of Road Transport & Highways,619145,Gujarat,3428.45,3428.45,1617.8,47.2,2022-03-01,2028-12-31,2029-12-31,2026-03-01,36,0.0,0
PAIM-619146,Kagvadar - Una Package-IV (National Highways Authority of India [NHAI]) (619146),Infrastructure & Highways,Ministry of Road Transport & Highways,619146,Gujarat,2065.5,2065.5,939.63,45.5,2022-03-01,2027-12-31,2028-12-31,2026-03-01,18,0.0,0
PAIM-619147,Pkg- III (National Highways Authority of India [NHAI]) (619147),Infrastructure & Highways,Ministry of Road Transport & Highways,619147,Gujarat,2019.17,2019.17,970.59,48.1,2024-03-01,2026-12-31,2029-12-31,2026-03-01,24,0.0,0
PAIM-619148,4L of Bhavnagar - Talaja Package-I from Km. 6.945 to Km. 54.990 of Old NH-8E (National Highways Authority of India [NHAI,Infrastructure & Highways,Ministry of Road Transport & Highways,619148,Gujarat,250.01,250.01,51.22,20.5,2023-03-01,2028-12-31,2028-12-31,2026-03-01,36,0.0,0
PAIM-619197,Delhi-Vadodara Greenfield Alignment NH-148N Pkg-27 Ch.729.700 to Ch.756.052 (National Highways Authority of India [NHAI],Infrastructure & Highways,Ministry of Road Transport & Highways,619197,Gujarat,2903.04,2903.04,1439.83,49.6,2024-03-01,2027-12-31,2029-12-31,2026-03-01,36,0.0,0
PAIM-618482,Km 0000 to Km 34000 (National Highways Authority of India [NHAI]) (618482),Infrastructure & Highways,Ministry of Road Transport & Highways,618482,Haryana,2363.53,2363.53,1525.99,64.6,2022-03-01,2028-12-31,2027-12-31,2026-03-01,36,0.0,0
PAIM-618483,near Gangana village Km 34000 to Km 60800 (National Highways Authority of India [NHAI]) (618483),Infrastructure & Highways,Ministry of Road Transport & Highways,618483,Haryana,1277.49,1277.49,476.32,37.3,2024-03-01,2028-12-31,2027-12-31,2026-03-01,6,0.0,0
PAIM-618484,Alewa village Km 60800 to Km 91400 (National Highways Authority of India [NHAI]) (618484),Infrastructure & Highways,Ministry of Road Transport & Highways,618484,Haryana,3062.9,3062.9,1428.3,46.6,2024-03-01,2027-12-31,2029-12-31,2026-03-01,36,0.0,0
PAIM-618485,Kharak Pandwa village Km 91400 to Km 120250 (National Highways Authority of India [NHAI]) (618485),Infrastructure & Highways,Ministry of Road Transport & Highways,618485,Haryana,235.29,235.29,152.7,64.9,2022-03-01,2028-12-31,2027-12-31,2026-03-01,12,0.0,0
PAIM-618506,in the State of Haryana (National Highways Authority of India [NHAI]) (618506),Infrastructure & Highways,Ministry of Road Transport & Highways,618506,Haryana,944.34,944.34,176.87,18.7,2022-03-01,2028-12-31,2028-12-31,2026-03-01,6,0.0,0
PAIM-618580,Gohana - Sonipat PKG-2 (National Highways Authority of India [NHAI]) (618580),Infrastructure & Highways,Ministry of Road Transport & Highways,618580,Haryana,1740.37,1740.37,1470.55,84.5,2024-03-01,2026-12-31,2028-12-31,2026-03-01,36,0.0,0
PAIM-618788,4L Greenfield Jalbhera  Shahbad section from km. 0.000 to km. 22.850 of NH-152G (National Highways Authority of India [N,Infrastructure & Highways,Ministry of Road Transport & Highways,618788,Haryana,3465.65,3465.65,2718.14,78.4,2024-03-01,2027-12-31,2029-12-31,2026-03-01,18,0.0,0
PAIM-618792,4L Bhiwani-Hansi road section of NH-148B (National Highways Authority of India [NHAI]) (618792),Infrastructure & Highways,Ministry of Road Transport & Highways,618792,Haryana,3538.46,3538.46,664.79,18.8,2023-03-01,2028-12-31,2028-12-31,2026-03-01,0,0.0,0
PAIM-618936,Jagadhari - Tajewala from Km -0.175 to 32.337 km of NH-344 (National Highways Authority of India [NHAI]) (618936),Infrastructure & Highways,Ministry of Road Transport & Highways,618936,Haryana,312.84,312.84,240.59,76.9,2024-03-01,2027-12-31,2027-12-31,2026-03-01,18,0.0,0
PAIM-619080,4L PS of Ambala Ring Road of New NH-44 (National Highways Authority of India [NHAI]) (619080),Infrastructure & Highways,Ministry of Road Transport & Highways,619080,Haryana,1317.47,1317.47,326.42,24.8,2023-03-01,2026-12-31,2029-12-31,2026-03-01,18,0.0,0
PAIM-619092,NHO (National Highways Authority of India [NHAI]) (619092),Infrastructure & Highways,Ministry of Road Transport & Highways,619092,Haryana,3915.15,3915.15,1454.92,37.2,2021-03-01,2026-12-31,2027-12-31,2026-03-01,12,0.0,0
PAIM-619132,4/6L of Gurgaon - Pataudi - Rewari from km. 0.00 to km.43.87 of NH-352W (National Highways Authority of India [NHAI]) (6,Infrastructure & Highways,Ministry of Road Transport & Highways,619132,Haryana,2921.92,2921.92,2193.81,75.1,2024-03-01,2026-12-31,2029-12-31,2026-03-01,24,0.0,0
PAIM-619201,Karnal ring road Lot-4/Pkg-1 (National Highways Authority of India [NHAI]) (619201),Infrastructure & Highways,Ministry of Road Transport & Highways,619201,Haryana,3516.49,3516.49,759.45,21.6,2022-03-01,2026-12-31,2029-12-31,2026-03-01,24,0.0,0
PAIM-618050,assistance of World Bank on EPC mode. (MoRTH) (618050),Infrastructure & Highways,Ministry of Road Transport & Highways,618050,Multi-State,358.89,358.89,180.31,50.2,2022-03-01,2026-12-31,2027-12-31,2026-03-01,36,0.0,0
PAIM-618215,"project Deepak, BRO (MoRTH) (618215)",Infrastructure & Highways,Ministry of Road Transport & Highways,618215,Multi-State,3097.71,3097.71,1150.92,37.2,2022-03-01,2027-12-31,2029-12-31,2026-03-01,36,0.0,0
PAIM-618216,"project Deepak, BRO (MoRTH) (618216)",Infrastructure & Highways,Ministry of Road Transport & Highways,618216,Multi-State,3021.31,3021.31,2336.43,77.3,2022-03-01,2026-12-31,2028-12-31,2026-03-01,6,0.0,0
PAIM-618217,Gramphoo road  in the state of Himachal Pradesh Package I (MoRTH) (618217),Infrastructure & Highways,Ministry of Road Transport & Highways,618217,Multi-State,1239.26,1239.26,205.24,16.6,2024-03-01,2026-12-31,2027-12-31,2026-03-01,12,0.0,0
PAIM-618230,mode.Package-3 (MoRTH) (618230),Infrastructure & Highways,Ministry of Road Transport & Highways,618230,Multi-State,944.45,944.45,489.61,51.8,2023-03-01,2028-12-31,2028-12-31,2026-03-01,0,0.0,0
PAIM-618231,mode.Package-1 (MoRTH) (618231),Infrastructure & Highways,Ministry of Road Transport & Highways,618231,Multi-State,1594.45,1594.45,203.14,12.7,2022-03-01,2026-12-31,2028-12-31,2026-03-01,36,0.0,0
PAIM-618232,EPC mode.Package-2 (MoRTH) (618232),Infrastructure & Highways,Ministry of Road Transport & Highways,618232,Multi-State,2743.74,2743.74,501.35,18.3,2023-03-01,2027-12-31,2027-12-31,2026-03-01,0,0.0,0
PAIM-618850,Nerchowk km 190.000 to Pandoh including Pandoh bypass  km221.305 (National Highways Authority of India [NHAI]) (618850),Infrastructure & Highways,Ministry of Road Transport & Highways,618850,Multi-State,1591.21,1591.21,616.37,38.7,2024-03-01,2026-12-31,2027-12-31,2026-03-01,0,0.0,0
PAIM-618851,Pandoh bypass 221.305 to Takoli 242.000 of NH-21 in the state of Himachal Pradesh (National Highways Authority of India ,Infrastructure & Highways,Ministry of Road Transport & Highways,618851,Multi-State,3112.79,3112.79,1412.94,45.4,2021-03-01,2026-12-31,2029-12-31,2026-03-01,6,0.0,0
PAIM-618852,4L  Sundar Nagar Bypass from  Km.173.900 to Km.179.600 of NH-21 (National Highways Authority of India [NHAI]) (618852),Infrastructure & Highways,Ministry of Road Transport & Highways,618852,Multi-State,2372.25,2372.25,1878.26,79.2,2024-03-01,2026-12-31,2027-12-31,2026-03-01,0,0.0,0
PAIM-618878,from Km 51.000 to Km 72.000 of NH-154 Package-IIA (National Highways Authority of India [NHAI]) (618878),Infrastructure & Highways,Ministry of Road Transport & Highways,618878,Multi-State,1682.54,1682.54,972.57,57.8,2021-03-01,2027-12-31,2028-12-31,2026-03-01,24,0.0,0
PAIM-618879,Bijni section from Km 180.000 to Km 202.815 of NH-154 Pkg-VA (National Highways Authority of India [NHAI]) (618879),Infrastructure & Highways,Ministry of Road Transport & Highways,618879,Multi-State,2588.29,2588.29,693.1,26.8,2023-03-01,2028-12-31,2029-12-31,2026-03-01,12,0.0,0
PAIM-618880,Paror section from Km 85.135 to Km 100.840 of NH-154 Pkg-IIC (National Highways Authority of India [NHAI]) (618880),Infrastructure & Highways,Ministry of Road Transport & Highways,618880,Multi-State,770.55,770.55,255.68,33.2,2021-03-01,2028-12-31,2027-12-31,2026-03-01,36,0.0,0
PAIM-618881,of Pathankot-Mandi Package-VB (National Highways Authority of India [NHAI]) (618881),Infrastructure & Highways,Ministry of Road Transport & Highways,618881,Multi-State,653.92,653.92,426.47,65.2,2024-03-01,2027-12-31,2027-12-31,2026-03-01,36,0.0,0
PAIM-618888,88 Pkg-IV (National Highways Authority of India [NHAI]) (618888),Infrastructure & Highways,Ministry of Road Transport & Highways,618888,Multi-State,2966.27,2966.27,1531.5,51.6,2023-03-01,2028-12-31,2029-12-31,2026-03-01,6,0.0,0
PAIM-618889,"303,503 up to Intersection with NH-154 from Km 175.270 to Km 193.400 Pkg-VB (National Highways Authority of India [NHAI]",Infrastructure & Highways,Ministry of Road Transport & Highways,618889,Multi-State,2217.89,2217.89,1135.33,51.2,2024-03-01,2027-12-31,2027-12-31,2026-03-01,0,0.0,0
PAIM-618890,2L PS of Hamirpur Bypass from Km 121.175 to Km.138.295 of NH-103&3 (National Highways Authority of India [NHAI]) (618890,Infrastructure & Highways,Ministry of Road Transport & Highways,618890,Multi-State,4098.72,4098.72,1503.46,36.7,2023-03-01,2026-12-31,2029-12-31,2026-03-01,0,0.0,0
PAIM-618891,58.450 (National Highways Authority of India [NHAI]) (618891),Infrastructure & Highways,Ministry of Road Transport & Highways,618891,Multi-State,4260.64,4260.64,3427.57,80.4,2021-03-01,2027-12-31,2029-12-31,2026-03-01,12,0.0,0
PAIM-618921,Bypass - Pkg I (National Highways Authority of India [NHAI]) (618921),Infrastructure & Highways,Ministry of Road Transport & Highways,618921,Multi-State,1727.38,1727.38,999.94,57.9,2023-03-01,2026-12-31,2029-12-31,2026-03-01,0,0.0,0
PAIM-618922,Bypass - Pkg II and Shimla connectivity from Km 0.000 to Km 0.725 of NH-5 (National Highways Authority of India [NHAI]) ,Infrastructure & Highways,Ministry of Road Transport & Highways,618922,Multi-State,2736.08,2736.08,1818.81,66.5,2024-03-01,2026-12-31,2028-12-31,2026-03-01,0,0.0,0
PAIM-619003,Solan - Kaithlighat Section of NH-22 Now NH-5 from Km. 106.139 to Km.129.05 (National Highways Authority of India [NHAI],Infrastructure & Highways,Ministry of Road Transport & Highways,619003,Punjab,1979.97,1979.97,359.17,18.1,2024-03-01,2026-12-31,2029-12-31,2026-03-01,0,0.0,0
PAIM-619153,Package-IA (National Highways Authority of India [NHAI]) (619153),Infrastructure & Highways,Ministry of Road Transport & Highways,619153,Punjab,2491.99,2491.99,701.64,28.2,2021-03-01,2027-12-31,2029-12-31,2026-03-01,12,0.0,0
PAIM-618038,EPC mode. (MoRTH) (618038),Infrastructure & Highways,Ministry of Road Transport & Highways,618038,Multi-State,245.28,245.28,60.47,24.7,2022-03-01,2027-12-31,2027-12-31,2026-03-01,0,0.0,0
PAIM-618201,"Kashmir under project BEACON, Border Roads Organization BRO on EPC mode. (MoRTH) (618201)",Infrastructure & Highways,Ministry of Road Transport & Highways,618201,Multi-State,2457.28,2457.28,1688.16,68.7,2022-03-01,2026-12-31,2029-12-31,2026-03-01,24,0.0,0
PAIM-618202,Kashmir under Project.Package-III (MoRTH) (618202),Infrastructure & Highways,Ministry of Road Transport & Highways,618202,Multi-State,2142.46,2142.46,1262.17,58.9,2023-03-01,2028-12-31,2027-12-31,2026-03-01,6,0.0,0
PAIM-618203,Package-II (MoRTH) (618203),Infrastructure & Highways,Ministry of Road Transport & Highways,618203,Multi-State,1230.97,1230.97,899.41,73.1,2024-03-01,2026-12-31,2029-12-31,2026-03-01,18,0.0,0
PAIM-618204,in the UT of Ladakh on EPC Mode (MoRTH) (618204),Infrastructure & Highways,Ministry of Road Transport & Highways,618204,Multi-State,765.23,765.23,389.36,50.9,2022-03-01,2028-12-31,2027-12-31,2026-03-01,6,0.0,0
PAIM-618205,Border Roads Organization BRO  Package-IJob No NH-1-J&K-2022-23-110 (MoRTH) (618205),Infrastructure & Highways,Ministry of Road Transport & Highways,618205,Multi-State,3546.72,3546.72,2143.99,60.4,2021-03-01,2028-12-31,2029-12-31,2026-03-01,0,0.0,0
PAIM-618206,under Project Beacon in the UT of Jammu & Kashmir on EPC mode Package-I. (MoRTH) (618206),Infrastructure & Highways,Ministry of Road Transport & Highways,618206,Multi-State,4375.43,4375.43,2451.42,56.0,2022-03-01,2026-12-31,2027-12-31,2026-03-01,24,0.0,0
PAIM-618220,mode Package-V Job no  NH-144A-J&K-2020-21-104 (MoRTH) (618220),Infrastructure & Highways,Ministry of Road Transport & Highways,618220,Multi-State,1790.21,1790.21,442.94,24.7,2023-03-01,2028-12-31,2028-12-31,2026-03-01,6,0.0,0
PAIM-618221,on Akhnoor-Poonch Roads on EPC mode NH-144A Package-VII (MoRTH) (618221),Infrastructure & Highways,Ministry of Road Transport & Highways,618221,Multi-State,3636.7,3636.7,1312.98,36.1,2021-03-01,2027-12-31,2029-12-31,2026-03-01,24,0.0,0
PAIM-618222,NH-144A-J&K-2022-2023-111 (MoRTH) (618222),Infrastructure & Highways,Ministry of Road Transport & Highways,618222,Multi-State,3476.35,3476.35,2056.79,59.2,2024-03-01,2028-12-31,2028-12-31,2026-03-01,12,0.0,0
PAIM-618223,Kashmir on EPC mode Package-III Job no  NH-144A-J&K-2019-20-79 (MoRTH) (618223),Infrastructure & Highways,Ministry of Road Transport & Highways,618223,Multi-State,3496.48,3496.48,2931.61,83.8,2021-03-01,2028-12-31,2029-12-31,2026-03-01,36,0.0,0
PAIM-618224,Kashmir on EPC mode Package-II Job no  NH-144A-J&K-2019-20-78 (MoRTH) (618224),Infrastructure & Highways,Ministry of Road Transport & Highways,618224,Multi-State,1114.29,1114.29,758.74,68.1,2024-03-01,2028-12-31,2029-12-31,2026-03-01,24,0.0,0
PAIM-618225,Sampark BRO on EPC mode Package-VI Job no  NH-144A-J&K-2021-22-106 (MoRTH) (618225),Infrastructure & Highways,Ministry of Road Transport & Highways,618225,Multi-State,1935.13,1935.13,265.65,13.7,2024-03-01,2026-12-31,2028-12-31,2026-03-01,12,0.0,0
PAIM-618226,the UT of Jammu & Kashmir EPC modePackage-I Job no NH-144A-J&K-2020-21-83. (MoRTH) (618226),Infrastructure & Highways,Ministry of Road Transport & Highways,618226,Multi-State,1211.64,1211.64,978.5,80.8,2024-03-01,2027-12-31,2029-12-31,2026-03-01,18,0.0,0
PAIM-618394,244  in UT of Jammu and Kashmir on EPC Mode Pkg-1 (NHIDCL) (618394),Infrastructure & Highways,Ministry of Road Transport & Highways,618394,Multi-State,2159.41,2159.41,707.13,32.7,2021-03-01,2027-12-31,2029-12-31,2026-03-01,24,0.0,0
PAIM-618395,Mode under NHO-Gen Pkg - 2 (NHIDCL) (618395),Infrastructure & Highways,Ministry of Road Transport & Highways,618395,Multi-State,3680.12,3680.12,1412.97,38.4,2023-03-01,2027-12-31,2027-12-31,2026-03-01,12,0.0,0
PAIM-618396,under NHO-Gen PKG- 1 (NHIDCL) (618396),Infrastructure & Highways,Ministry of Road Transport & Highways,618396,Multi-State,3053.93,3053.93,859.08,28.1,2024-03-01,2028-12-31,2029-12-31,2026-03-01,18,0.0,0
PAIM-618397,section of NH-244 in UT of Jammu and Kashmir to be executed on EPC basis (NHIDCL) (618397),Infrastructure & Highways,Ministry of Road Transport & Highways,618397,Multi-State,4244.41,4244.41,1340.24,31.6,2022-03-01,2027-12-31,2028-12-31,2026-03-01,12,0.0,0
PAIM-618398,Mode Package II (NHIDCL) (618398),Infrastructure & Highways,Ministry of Road Transport & Highways,618398,Multi-State,4314.11,4314.11,1380.9,32.0,2024-03-01,2026-12-31,2027-12-31,2026-03-01,18,0.0,0
PAIM-618399,of Jammu and Kashmir on EPC Mode Pkg-4 (NHIDCL) (618399),Infrastructure & Highways,Ministry of Road Transport & Highways,618399,Multi-State,717.61,717.61,177.04,24.7,2024-03-01,2026-12-31,2027-12-31,2026-03-01,12,0.0,0
PAIM-618400,in the UT of J&K on EPC Mode under NHO-Gen Pkg-3 (NHIDCL) (618400),Infrastructure & Highways,Ministry of Road Transport & Highways,618400,Multi-State,2981.01,2981.01,2429.04,81.5,2023-03-01,2028-12-31,2029-12-31,2026-03-01,24,0.0,0
PAIM-618406,Kashmir on EPC basis Pkg-3A (NHIDCL) (618406),Infrastructure & Highways,Ministry of Road Transport & Highways,618406,Multi-State,2771.0,2771.0,424.65,15.3,2022-03-01,2027-12-31,2027-12-31,2026-03-01,18,0.0,0
PAIM-618407,Jammu-Akhnoor Road Pkg-I (NHIDCL) (618407),Infrastructure & Highways,Ministry of Road Transport & Highways,618407,Delhi,983.14,983.14,671.93,68.3,2024-03-01,2027-12-31,2028-12-31,2026-03-01,0,0.0,0
PAIM-618494,village from Km 468100 to Km 503250] (National Highways Authority of India [NHAI]) (618494),Infrastructure & Highways,Ministry of Road Transport & Highways,618494,Multi-State,1113.07,1113.07,193.01,17.3,2023-03-01,2028-12-31,2027-12-31,2026-03-01,36,0.0,0
PAIM-618495,566.520 Domel to Katra Section Phase II-Package XVII (National Highways Authority of India [NHAI]) (618495),Infrastructure & Highways,Ministry of Road Transport & Highways,618495,Delhi,4430.47,4430.47,1135.39,25.6,2021-03-01,2027-12-31,2029-12-31,2026-03-01,36,0.0,0
PAIM-618496,to km 514500] (National Highways Authority of India [NHAI]) (618496),Infrastructure & Highways,Ministry of Road Transport & Highways,618496,Delhi,4471.57,4471.57,825.69,18.5,2021-03-01,2027-12-31,2029-12-31,2026-03-01,18,0.0,0
PAIM-618497,545.300 Sidhra to Domel Section of NH-44 (National Highways Authority of India [NHAI]) (618497),Infrastructure & Highways,Ministry of Road Transport & Highways,618497,Multi-State,3553.91,3553.91,1684.23,47.4,2021-03-01,2027-12-31,2028-12-31,2026-03-01,12,0.0,0
PAIM-618541,4L Ring road/bypass around Srinagar city from km 0.000 to km 42.100 Phase-I (National Highways Authority of India [NHAI],Infrastructure & Highways,Ministry of Road Transport & Highways,618541,Multi-State,1355.2,1355.2,479.42,35.4,2022-03-01,2026-12-31,2029-12-31,2026-03-01,24,0.0,0
PAIM-618543,Bound of  Ramban to Banihal Pkg-I of Old NH-1A New NH-44 (National Highways Authority of India [NHAI]) (618543),Infrastructure & Highways,Ministry of Road Transport & Highways,618543,Multi-State,3987.06,3987.06,2823.67,70.8,2024-03-01,2026-12-31,2028-12-31,2026-03-01,36,0.0,0
PAIM-618544,"T4 ,Single tube tunnel of Ramban to Banihal Pkg-II of Old NH-1A New NH-44 (National Highways Authority of India [NHAI]) ",Infrastructure & Highways,Ministry of Road Transport & Highways,618544,Multi-State,2380.07,2380.07,1207.44,50.7,2023-03-01,2026-12-31,2027-12-31,2026-03-01,24,0.0,0
PAIM-618545,Banihal Pkg-III of Old NH-1A New NH-44 (National Highways Authority of India [NHAI]) (618545),Infrastructure & Highways,Ministry of Road Transport & Highways,618545,Multi-State,3930.86,3930.86,2892.47,73.6,2023-03-01,2026-12-31,2027-12-31,2026-03-01,12,0.0,0
PAIM-618547,standard as part of Srinagar Ring Road PhaseII [Design Ch. 41.907 to Ch. 66.609] (National Highways Authority of India [,Infrastructure & Highways,Ministry of Road Transport & Highways,618547,Multi-State,1626.9,1626.9,1325.18,81.5,2022-03-01,2027-12-31,2027-12-31,2026-03-01,12,0.0,0
PAIM-618549,residual NHDP component of Bharatmala Pariyojna (National Highways Authority of India [NHAI]) (618549),Infrastructure & Highways,Ministry of Road Transport & Highways,618549,Multi-State,1498.17,1498.17,548.52,36.6,2021-03-01,2027-12-31,2027-12-31,2026-03-01,24,0.0,0
PAIM-618550,Samba section of NH-44 from Chainage Km. 16.300 to Km. 74.100 (National Highways Authority of India [NHAI]) (618550),Infrastructure & Highways,Ministry of Road Transport & Highways,618550,Multi-State,1266.0,1266.0,806.06,63.7,2024-03-01,2026-12-31,2027-12-31,2026-03-01,12,0.0,0
PAIM-618967,from Km 0.000 to Km 39.100 (National Highways Authority of India [NHAI]) (618967),Infrastructure & Highways,Ministry of Road Transport & Highways,618967,Multi-State,509.11,509.11,87.23,17.1,2022-03-01,2027-12-31,2029-12-31,2026-03-01,36,0.0,0
PAIM-619038,section on NH-244  in UT of Jammu and Kashmir on EPC Mode Pkg-5 (NHIDCL) (619038),Infrastructure & Highways,Ministry of Road Transport & Highways,619038,Multi-State,3599.27,3599.27,2944.45,81.8,2021-03-01,2027-12-31,2028-12-31,2026-03-01,36,0.0,0
PAIM-618060,from km 116.00 to km 176.355 of NH-75E in the State of Jharkhand on EPC mode. (MoRTH) (618060),Infrastructure & Highways,Ministry of Road Transport & Highways,618060,Multi-State,1399.57,1399.57,439.8,31.4,2023-03-01,2027-12-31,2027-12-31,2026-03-01,36,0.0,0
PAIM-618083,under EPC mode. (MoRTH) (618083),Infrastructure & Highways,Ministry of Road Transport & Highways,618083,Multi-State,3307.9,3307.9,2106.27,63.7,2022-03-01,2027-12-31,2028-12-31,2026-03-01,6,0.0,0
PAIM-618084,of NH-143A including re-construction of culverts and bridges. (MoRTH) (618084),Infrastructure & Highways,Ministry of Road Transport & Highways,618084,Multi-State,662.04,662.04,358.17,54.1,2022-03-01,2026-12-31,2027-12-31,2026-03-01,6,0.0,0
PAIM-618123,under EPC mode (MoRTH) (618123),Infrastructure & Highways,Ministry of Road Transport & Highways,618123,Multi-State,3226.76,3226.76,1252.44,38.8,2022-03-01,2026-12-31,2028-12-31,2026-03-01,0,0.0,0
PAIM-618127,93.050 Pakur of NH-333A in the State of Jharkhand on EPC mode (MoRTH) (618127),Infrastructure & Highways,Ministry of Road Transport & Highways,618127,Multi-State,2917.58,2917.58,719.0,24.6,2022-03-01,2028-12-31,2029-12-31,2026-03-01,6,0.0,0
PAIM-618242,65.325 of Nh-419 in the State of Jharkhand on EPC mode. (MoRTH) (618242),Infrastructure & Highways,Ministry of Road Transport & Highways,618242,Multi-State,866.2,866.2,634.62,73.3,2021-03-01,2026-12-31,2029-12-31,2026-03-01,6,0.0,0
PAIM-618535,including Panagarh Bypass in the State of Jharkhand on EPC Mode. (National Highways Authority of India [NHAI]) (618535),Infrastructure & Highways,Ministry of Road Transport & Highways,618535,Multi-State,2991.91,2991.91,1107.29,37.0,2022-03-01,2028-12-31,2027-12-31,2026-03-01,24,0.0,0
PAIM-618641,Jhrkhand (National Highways Authority of India [NHAI]) (618641),Infrastructure & Highways,Ministry of Road Transport & Highways,618641,Multi-State,2827.31,2827.31,1639.0,58.0,2021-03-01,2028-12-31,2029-12-31,2026-03-01,18,0.0,0
PAIM-618642,4L of Palma to Gumla from km. 26.00 to km. 89.170 of NH-23 (National Highways Authority of India [NHAI]) (618642),Infrastructure & Highways,Ministry of Road Transport & Highways,618642,Multi-State,2259.11,2259.11,1534.25,67.9,2023-03-01,2027-12-31,2027-12-31,2026-03-01,18,0.0,0
PAIM-618644,4L of Ormanjhi-Gola section from Km 81.450 to Km 53.600 of NH- 320BPKG-II (National Highways Authority of India [NHAI]) ,Infrastructure & Highways,Ministry of Road Transport & Highways,618644,Multi-State,1872.84,1872.84,923.63,49.3,2021-03-01,2026-12-31,2027-12-31,2026-03-01,0,0.0,0
PAIM-618645,4L of Gola-BokaroJaina More section from Km 53.600 to Km 21.110 of NH-320PKG-1 (National Highways Authority of India [NH,Infrastructure & Highways,Ministry of Road Transport & Highways,618645,Multi-State,4420.33,4420.33,1389.05,31.4,2024-03-01,2027-12-31,2028-12-31,2026-03-01,36,0.0,0
PAIM-618736,NH-33 New NH-18 from km 241940 to km 251961 Length 10.021 km (National Highways Authority of India [NHAI]) (618736),Infrastructure & Highways,Ministry of Road Transport & Highways,618736,Multi-State,1061.33,1061.33,881.28,83.0,2024-03-01,2026-12-31,2027-12-31,2026-03-01,18,0.0,0
PAIM-618737,& Km. 139.225 junction with Ranchi  Jamshedpur road on 4L Ranchi Bypass of NH-33 (National Highways Authority of India [,Infrastructure & Highways,Ministry of Road Transport & Highways,618737,Multi-State,2672.08,2672.08,706.85,26.5,2022-03-01,2028-12-31,2029-12-31,2026-03-01,6,0.0,0
PAIM-618829,4L from km 196.87 Sankha to km 219.6 Khajuri on NH-75 [Rehla / Garhwa Bypass] (National Highways Authority of India [NHA,Infrastructure & Highways,Ministry of Road Transport & Highways,618829,Multi-State,1339.28,1339.28,582.12,43.5,2022-03-01,2026-12-31,2028-12-31,2026-03-01,24,0.0,0
PAIM-618830,4L from Km 147.450 Bhogu to Km 196.870 Sankha on NH-75 Sec-III (National Highways Authority of India [NHAI]) (618830),Infrastructure & Highways,Ministry of Road Transport & Highways,618830,Multi-State,1973.85,1973.85,1013.66,51.4,2023-03-01,2028-12-31,2028-12-31,2026-03-01,24,0.0,0
PAIM-618831,4L from Km 95.400 Udaipura to Km 147.450 Bhogu on NH-75 Sec-II (National Highways Authority of India [NHAI]) (618831),Infrastructure & Highways,Ministry of Road Transport & Highways,618831,Multi-State,1397.03,1397.03,145.43,10.4,2022-03-01,2028-12-31,2029-12-31,2026-03-01,18,0.0,0
PAIM-618832,4L from Km 55.00 Kuru to Km 95.400 Udaipura on NH-75 Sec-I (National Highways Authority of India [NHAI]) (618832),Infrastructure & Highways,Ministry of Road Transport & Highways,618832,Multi-State,1076.73,1076.73,153.47,14.3,2023-03-01,2026-12-31,2029-12-31,2026-03-01,12,0.0,0
PAIM-618863,Barhi-Koderma Section of NH31 km 0.00 - km 27.5 (National Highways Authority of India [NHAI]) (618863),Infrastructure & Highways,Ministry of Road Transport & Highways,618863,Multi-State,4415.74,4415.74,3606.26,81.7,2022-03-01,2026-12-31,2028-12-31,2026-03-01,6,0.0,0
PAIM-618946,4L of Mehgama - Hansdiha from  km. 41.900 to km. 93.000 of NH -133A Pkg-II (National Highways Authority of India [NHAI]),Infrastructure & Highways,Ministry of Road Transport & Highways,618946,Multi-State,3175.23,3175.23,1007.95,31.7,2023-03-01,2027-12-31,2027-12-31,2026-03-01,36,0.0,0
PAIM-618947,4L of NH-80 from km 215.00 to km 260.00 Mirza Chauki to Farkka Pkg-I (National Highways Authority of India [NHAI]) (6189,Infrastructure & Highways,Ministry of Road Transport & Highways,618947,Multi-State,4436.95,4436.95,3765.43,84.9,2023-03-01,2027-12-31,2027-12-31,2026-03-01,12,0.0,0
PAIM-618949,4L of Basukinath- Deoghar Section of NH-114A (National Highways Authority of India [NHAI]) (618949),Infrastructure & Highways,Ministry of Road Transport & Highways,618949,Multi-State,1171.25,1171.25,246.9,21.1,2022-03-01,2027-12-31,2028-12-31,2026-03-01,6,0.0,0
PAIM-618950,Bypass from design km 0.000 to design Km 49.000 (National Highways Authority of India [NHAI]) (618950),Infrastructure & Highways,Ministry of Road Transport & Highways,618950,Multi-State,2186.32,2186.32,946.74,43.3,2022-03-01,2026-12-31,2028-12-31,2026-03-01,36,0.0,0
PAIM-619005,Jharkhand under EPC Mode (MoRTH) (619005),Infrastructure & Highways,Ministry of Road Transport & Highways,619005,Multi-State,3329.83,3329.83,1950.91,58.6,2024-03-01,2028-12-31,2029-12-31,2026-03-01,6,0.0,0
PAIM-617935,on EPC basis (MoRTH) (617935),Infrastructure & Highways,Ministry of Road Transport & Highways,617935,Karnataka,3396.58,3396.58,1485.53,43.7,2024-03-01,2028-12-31,2027-12-31,2026-03-01,12,0.0,0
PAIM-617950,22.11.2022 (MoRTH) (617950),Infrastructure & Highways,Ministry of Road Transport & Highways,617950,Karnataka,3157.86,3157.86,2277.97,72.1,2024-03-01,2027-12-31,2029-12-31,2026-03-01,24,0.0,0
PAIM-617954,Mode.-952 (MoRTH) (617954),Infrastructure & Highways,Ministry of Road Transport & Highways,617954,Karnataka,3000.52,3000.52,581.49,19.4,2023-03-01,2027-12-31,2028-12-31,2026-03-01,6,0.0,0
PAIM-617955,EPC Mode under Annual Plan 2021-22   Job No NH-73-KNT-2021-22-945 (MoRTH) (617955),Infrastructure & Highways,Ministry of Road Transport & Highways,617955,Karnataka,638.86,638.86,519.05,81.2,2021-03-01,2026-12-31,2029-12-31,2026-03-01,36,0.0,0
PAIM-617989,Jadcherla section (MoRTH) (617989),Infrastructure & Highways,Ministry of Road Transport & Highways,617989,Karnataka,2616.32,2616.32,489.18,18.7,2023-03-01,2026-12-31,2027-12-31,2026-03-01,0,0.0,0
PAIM-617998,Job No. NH-169-KNT-2021-22-949 (MoRTH) (617998),Infrastructure & Highways,Ministry of Road Transport & Highways,617998,Karnataka,4361.99,4361.99,3314.07,76.0,2021-03-01,2028-12-31,2028-12-31,2026-03-01,6,0.0,0
PAIM-617999,state of Karnataka NH-173-KNT-2022-23-980 dated 13.03.2023 (MoRTH) (617999),Infrastructure & Highways,Ministry of Road Transport & Highways,617999,Karnataka,1775.81,1775.81,629.84,35.5,2024-03-01,2028-12-31,2029-12-31,2026-03-01,24,0.0,0
PAIM-618000,EPC mode under Annual Plan 2021-22 Job no. NH-173-KNT-2021-22-946 (MoRTH) (618000),Infrastructure & Highways,Ministry of Road Transport & Highways,618000,Karnataka,3259.91,3259.91,791.84,24.3,2022-03-01,2028-12-31,2028-12-31,2026-03-01,6,0.0,0
PAIM-618027,dated 08.02.2023 (MoRTH) (618027),Infrastructure & Highways,Ministry of Road Transport & Highways,618027,Karnataka,1882.67,1882.67,584.93,31.1,2024-03-01,2026-12-31,2028-12-31,2026-03-01,12,0.0,0
PAIM-618028,under Annual Plan 2022-23. NH-367-KNT-2022-23-973 dated 08.02.2023 (MoRTH) (618028),Infrastructure & Highways,Ministry of Road Transport & Highways,618028,Karnataka,4194.38,4194.38,3214.03,76.6,2023-03-01,2027-12-31,2027-12-31,2026-03-01,0,0.0,0
PAIM-618029,mode. Job No. NH-367-KNT-2021-22-930 (MoRTH) (618029),Infrastructure & Highways,Ministry of Road Transport & Highways,618029,Karnataka,3056.15,3056.15,2271.43,74.3,2023-03-01,2028-12-31,2029-12-31,2026-03-01,36,0.0,0
PAIM-618030,2021-22-934 (MoRTH) (618030),Infrastructure & Highways,Ministry of Road Transport & Highways,618030,Karnataka,2744.25,2744.25,795.93,29.0,2022-03-01,2027-12-31,2029-12-31,2026-03-01,6,0.0,0
PAIM-618031,mode. (MoRTH) (618031),Infrastructure & Highways,Ministry of Road Transport & Highways,618031,Karnataka,3859.02,3859.02,1933.2,50.1,2023-03-01,2027-12-31,2028-12-31,2026-03-01,36,0.0,0
PAIM-618086,Plan 2022-23  NH-150A-KNT-2022-23-977 dated 08.03.2023 (MoRTH) (618086),Infrastructure & Highways,Ministry of Road Transport & Highways,618086,Karnataka,915.13,915.13,547.44,59.8,2021-03-01,2027-12-31,2027-12-31,2026-03-01,12,0.0,0
PAIM-618087,of Karnataka on EPC mode. Job No. NH-150A-KNT-2021-22-951 (MoRTH) (618087),Infrastructure & Highways,Ministry of Road Transport & Highways,618087,Karnataka,4103.92,4103.92,938.55,22.9,2022-03-01,2028-12-31,2029-12-31,2026-03-01,6,0.0,0
PAIM-618095,166E-KNT-2022-23-974 (MoRTH) (618095),Infrastructure & Highways,Ministry of Road Transport & Highways,618095,Karnataka,4231.27,4231.27,3475.21,82.1,2024-03-01,2026-12-31,2027-12-31,2026-03-01,6,0.0,0
PAIM-618109,KNT-2021-22-927 (MoRTH) (618109),Infrastructure & Highways,Ministry of Road Transport & Highways,618109,Karnataka,2218.42,2218.42,829.06,37.4,2024-03-01,2028-12-31,2028-12-31,2026-03-01,36,0.0,0
PAIM-618144,of Karnataka on EPC mode.Job No. NH-369E-KNT-2018-19-895 dated 06.03.2019. (MoRTH) (618144),Infrastructure & Highways,Ministry of Road Transport & Highways,618144,Karnataka,2094.89,2094.89,1070.73,51.1,2023-03-01,2027-12-31,2028-12-31,2026-03-01,6,0.0,0
PAIM-618147,23 (MoRTH) (618147),Infrastructure & Highways,Ministry of Road Transport & Highways,618147,Karnataka,2214.36,2214.36,938.43,42.4,2022-03-01,2026-12-31,2027-12-31,2026-03-01,12,0.0,0
PAIM-618149,of NH-548B Murrum-Maharashtra Border in the State of Karnataka (MoRTH) (618149),Infrastructure & Highways,Ministry of Road Transport & Highways,618149,Maharashtra,2714.04,2714.04,1010.78,37.2,2023-03-01,2028-12-31,2028-12-31,2026-03-01,0,0.0,0
PAIM-618184,of Karnataka NH-766C-KNT-2022-23 dated 14.10.2022 (MoRTH) (618184),Infrastructure & Highways,Ministry of Road Transport & Highways,618184,Karnataka,830.76,830.76,239.74,28.9,2021-03-01,2028-12-31,2027-12-31,2026-03-01,36,0.0,0
PAIM-618185,Plan 2022-23 NH-766C-KNT-2022-23-969 dated 30.12.2022 (MoRTH) (618185),Infrastructure & Highways,Ministry of Road Transport & Highways,618185,Karnataka,3294.51,3294.51,2061.17,62.6,2021-03-01,2027-12-31,2028-12-31,2026-03-01,0,0.0,0
PAIM-618189,Annual Plan 2023-24Job No NH-73Spur-KNT-2023-24-996 (MoRTH) (618189),Infrastructure & Highways,Ministry of Road Transport & Highways,618189,Karnataka,4006.77,4006.77,2646.47,66.0,2024-03-01,2026-12-31,2028-12-31,2026-03-01,36,0.0,0
PAIM-618517,403.80 to km. 433.20 (National Highways Authority of India [NHAI]) (618517),Infrastructure & Highways,Ministry of Road Transport & Highways,618517,Karnataka,382.78,382.78,220.61,57.6,2023-03-01,2026-12-31,2028-12-31,2026-03-01,24,0.0,0
PAIM-618518,Davanagere - Haveri of NH-48 Old NH-4 from km. 260.00 to km. 338.923 (National Highways Authority of India [NHAI]) (6185,Infrastructure & Highways,Ministry of Road Transport & Highways,618518,Karnataka,2785.8,2785.8,931.72,33.4,2023-03-01,2027-12-31,2028-12-31,2026-03-01,0,0.0,0
PAIM-618520,old NH-207] [Bangalore Ring Road Pkg 1] (National Highways Authority of India [NHAI]) (618520),Infrastructure & Highways,Ministry of Road Transport & Highways,618520,Karnataka,391.93,391.93,250.81,64.0,2024-03-01,2028-12-31,2027-12-31,2026-03-01,18,0.0,0
PAIM-618630,26.000 to Km. 97.000 in Gulbarga of NH-150C Pkg-II (National Highways Authority of India [NHAI]) (618630),Infrastructure & Highways,Ministry of Road Transport & Highways,618630,Karnataka,1378.85,1378.85,468.91,34.0,2024-03-01,2026-12-31,2027-12-31,2026-03-01,36,0.0,0
PAIM-618649,Raichur Section of NH 748 A  Package-6 (National Highways Authority of India [NHAI]) (618649),Infrastructure & Highways,Ministry of Road Transport & Highways,618649,Karnataka,3920.8,3920.8,2417.65,61.7,2022-03-01,2026-12-31,2029-12-31,2026-03-01,0,0.0,0
PAIM-618650,Raichur Section of NH-748A Package-3 (National Highways Authority of India [NHAI]) (618650),Infrastructure & Highways,Ministry of Road Transport & Highways,618650,Karnataka,2263.92,2263.92,1751.89,77.4,2023-03-01,2026-12-31,2028-12-31,2026-03-01,36,0.0,0
PAIM-618651,Raichur Section of NH-748A Package-2 (National Highways Authority of India [NHAI]) (618651),Infrastructure & Highways,Ministry of Road Transport & Highways,618651,Karnataka,4190.64,4190.64,2582.71,61.6,2021-03-01,2028-12-31,2028-12-31,2026-03-01,18,0.0,0
PAIM-618697,Village Balance work of NH 150A of Bellary  Byrapura Section (National Highways Authority of India [NHAI]) (618697),Infrastructure & Highways,Ministry of Road Transport & Highways,618697,Karnataka,498.45,498.45,91.63,18.4,2021-03-01,2027-12-31,2028-12-31,2026-03-01,18,0.0,0
PAIM-618698,Challakere to Hariyur section from km 358.500 to km 414.205 of NH-150 A (National Highways Authority of India [NHAI]) (6,Infrastructure & Highways,Ministry of Road Transport & Highways,618698,Karnataka,2180.14,2180.14,1794.2,82.3,2023-03-01,2027-12-31,2029-12-31,2026-03-01,0,0.0,0
PAIM-618702,from Km. 311.57 to Km. 313.67 of NH-75 Old NH-48 (National Highways Authority of India [NHAI]) (618702),Infrastructure & Highways,Ministry of Road Transport & Highways,618702,Karnataka,4116.34,4116.34,1804.72,43.8,2023-03-01,2028-12-31,2028-12-31,2026-03-01,36,0.0,0
PAIM-618706,Bangalore-Nidagatta Pkg. I (National Highways Authority of India [NHAI]) (618706),Infrastructure & Highways,Ministry of Road Transport & Highways,618706,Karnataka,3298.52,3298.52,1396.04,42.3,2024-03-01,2027-12-31,2027-12-31,2026-03-01,36,0.0,0
PAIM-618707,Access control with close toll from Km.17.300 to  Km.136.300 of NH-275 (National Highways Authority of India [NHAI]) (61,Infrastructure & Highways,Ministry of Road Transport & Highways,618707,Karnataka,2605.11,2605.11,896.72,34.4,2023-03-01,2027-12-31,2027-12-31,2026-03-01,12,0.0,0
PAIM-618709,Dec.Ch. to Km.375450Des.Ch. of NH-63 New-67 (National Highways Authority of India [NHAI]) (618709),Infrastructure & Highways,Ministry of Road Transport & Highways,618709,Karnataka,2370.26,2370.26,362.19,15.3,2024-03-01,2027-12-31,2028-12-31,2026-03-01,12,0.0,0
PAIM-618799,Rd. and km 4.965 - km 60.00 of SH-69 (National Highways Authority of India [NHAI]) (618799),Infrastructure & Highways,Ministry of Road Transport & Highways,618799,Karnataka,901.79,901.79,335.79,37.2,2021-03-01,2026-12-31,2027-12-31,2026-03-01,36,0.0,0
PAIM-618870,KR Nagar Jn section from Km. 144.900 to Km. 169.000 of NH-275  Pkg. III (National Highways Authority of India [NHAI]) (6,Infrastructure & Highways,Ministry of Road Transport & Highways,618870,Karnataka,2062.58,2062.58,1203.46,58.3,2024-03-01,2026-12-31,2029-12-31,2026-03-01,6,0.0,0
PAIM-618871,Pkg. II (National Highways Authority of India [NHAI]) (618871),Infrastructure & Highways,Ministry of Road Transport & Highways,618871,Karnataka,1045.85,1045.85,576.89,55.2,2023-03-01,2027-12-31,2027-12-31,2026-03-01,36,0.0,0
PAIM-618872,Yelawala Road Junction fcrom Km 169.000 to Km 195.550 of NH-275 Pkg-IV (National Highways Authority of India [NHAI]) (61,Infrastructure & Highways,Ministry of Road Transport & Highways,618872,Karnataka,2110.74,2110.74,247.26,11.7,2021-03-01,2028-12-31,2027-12-31,2026-03-01,36,0.0,0
PAIM-618873,275 Pkg-V (National Highways Authority of India [NHAI]) (618873),Infrastructure & Highways,Ministry of Road Transport & Highways,618873,Karnataka,1535.65,1535.65,747.18,48.7,2021-03-01,2026-12-31,2028-12-31,2026-03-01,12,0.0,0
PAIM-618887,Tumkur- Shivamogga Pkg-IV (National Highways Authority of India [NHAI]) (618887),Infrastructure & Highways,Ministry of Road Transport & Highways,618887,Karnataka,3650.22,3650.22,1189.41,32.6,2021-03-01,2027-12-31,2027-12-31,2026-03-01,6,0.0,0
PAIM-618896,Karkala - Mangalore Package-III (National Highways Authority of India [NHAI]) (618896),Infrastructure & Highways,Ministry of Road Transport & Highways,618896,Karnataka,524.68,524.68,313.72,59.8,2022-03-01,2027-12-31,2027-12-31,2026-03-01,6,0.0,0
PAIM-619070,Tumkur-Chitradurga (National Highways Authority of India [NHAI]) (619070),Infrastructure & Highways,Ministry of Road Transport & Highways,619070,Karnataka,2263.34,2263.34,1510.79,66.8,2023-03-01,2028-12-31,2027-12-31,2026-03-01,24,0.0,0
PAIM-619071,Tumkur - Nelamangala 6L (National Highways Authority of India [NHAI]) (619071),Infrastructure & Highways,Ministry of Road Transport & Highways,619071,Karnataka,2889.72,2889.72,573.69,19.9,2021-03-01,2028-12-31,2029-12-31,2026-03-01,18,0.0,0
PAIM-619072,Bangalore/TN border to Hoskote (National Highways Authority of India [NHAI]) (619072),Infrastructure & Highways,Ministry of Road Transport & Highways,619072,Karnataka,729.77,729.77,557.0,76.3,2021-03-01,2028-12-31,2027-12-31,2026-03-01,0,0.0,0
PAIM-619073,NH-207 [Bangalore Ring Road Pkg 2] (National Highways Authority of India [NHAI]) (619073),Infrastructure & Highways,Ministry of Road Transport & Highways,619073,Karnataka,2744.35,2744.35,1635.4,59.6,2022-03-01,2026-12-31,2028-12-31,2026-03-01,36,0.0,0
PAIM-619096,Goa / Karnataka Km.93.700 to Kundapur Km.283.30 (National Highways Authority of India [NHAI]) (619096),Infrastructure & Highways,Ministry of Road Transport & Highways,619096,Karnataka,1939.86,1939.86,1399.94,72.2,2023-03-01,2028-12-31,2028-12-31,2026-03-01,18,0.0,0
PAIM-619106,Raichur Section of NH 748 A  Package-5 (National Highways Authority of India [NHAI]) (619106),Infrastructure & Highways,Ministry of Road Transport & Highways,619106,Karnataka,865.65,865.65,656.17,75.8,2023-03-01,2026-12-31,2027-12-31,2026-03-01,18,0.0,0
PAIM-619107,Raichur Section of NH-748A Package-4 (National Highways Authority of India [NHAI]) (619107),Infrastructure & Highways,Ministry of Road Transport & Highways,619107,Karnataka,3550.05,3550.05,2203.52,62.1,2024-03-01,2026-12-31,2029-12-31,2026-03-01,18,0.0,0
PAIM-619108,Section of NH-748A Package-1 (National Highways Authority of India [NHAI]) (619108),Infrastructure & Highways,Ministry of Road Transport & Highways,619108,Karnataka,3417.49,3417.49,2534.12,74.2,2022-03-01,2026-12-31,2027-12-31,2026-03-01,6,0.0,0
PAIM-619117,Hassan km 184.912 to Maranahally km 230.060 of NH - 75 in Karnataka (National Highways Authority of India [NHAI]) (61911,Infrastructure & Highways,Ministry of Road Transport & Highways,619117,Karnataka,3737.32,3737.32,1720.8,46.0,2022-03-01,2026-12-31,2028-12-31,2026-03-01,18,0.0,0
PAIM-619120,Nidagatta-Mysore Pkg II (National Highways Authority of India [NHAI]) (619120),Infrastructure & Highways,Ministry of Road Transport & Highways,619120,Karnataka,2103.12,2103.12,1085.51,51.6,2024-03-01,2027-12-31,2028-12-31,2026-03-01,18,0.0,0
PAIM-619121,4L of Hubli - Hospet Section of NH-63 from Km 128.850 to Km 272.571 (National Highways Authority of India [NHAI]) (61912,Infrastructure & Highways,Ministry of Road Transport & Highways,619121,Karnataka,2323.24,2323.24,1967.49,84.7,2022-03-01,2027-12-31,2028-12-31,2026-03-01,24,0.0,0
PAIM-619138,Yekkambi-Haveri (National Highways Authority of India [NHAI]) (619138),Infrastructure & Highways,Ministry of Road Transport & Highways,619138,Karnataka,1684.71,1684.71,1374.91,81.6,2023-03-01,2028-12-31,2029-12-31,2026-03-01,6,0.0,0
PAIM-619144,Hospet - Chitradurga from km. 299.00 to km. 418.750 (National Highways Authority of India [NHAI]) (619144),Infrastructure & Highways,Ministry of Road Transport & Highways,619144,Karnataka,1053.84,1053.84,706.79,67.1,2022-03-01,2026-12-31,2029-12-31,2026-03-01,6,0.0,0
PAIM-619150,209 in Karnataka (National Highways Authority of India [NHAI]) (619150),Infrastructure & Highways,Ministry of Road Transport & Highways,619150,Karnataka,1549.93,1549.93,1163.8,75.1,2021-03-01,2026-12-31,2028-12-31,2026-03-01,0,0.0,0
PAIM-619164,Belgaum-Khanapur Pkg I Km 0.000-Km 30.800 of NH-4A (National Highways Authority of India [NHAI]) (619164),Infrastructure & Highways,Ministry of Road Transport & Highways,619164,Karnataka,2223.54,2223.54,1337.35,60.1,2023-03-01,2028-12-31,2027-12-31,2026-03-01,6,0.0,0
PAIM-619211,97.000 to Km. 162.500 in Yadgir of NH-150C Pkg-III (National Highways Authority of India [NHAI]) (619211),Infrastructure & Highways,Ministry of Road Transport & Highways,619211,Karnataka,4050.9,4050.9,2091.6,51.6,2021-03-01,2026-12-31,2027-12-31,2026-03-01,36,0.0,0
PAIM-619214,Hassan section (National Highways Authority of India [NHAI]) (619214),Infrastructure & Highways,Ministry of Road Transport & Highways,619214,Karnataka,1467.12,1467.12,629.99,42.9,2023-03-01,2028-12-31,2029-12-31,2026-03-01,6,0.0,0
PAIM-619218,12.300 to Km. 65.195 (National Highways Authority of India [NHAI]) (619218),Infrastructure & Highways,Ministry of Road Transport & Highways,619218,Karnataka,2945.88,2945.88,2035.42,69.1,2021-03-01,2028-12-31,2027-12-31,2026-03-01,6,0.0,0
PAIM-619219,NH-206 (National Highways Authority of India [NHAI]) (619219),Infrastructure & Highways,Ministry of Road Transport & Highways,619219,Karnataka,1377.97,1377.97,1077.12,78.2,2021-03-01,2027-12-31,2029-12-31,2026-03-01,36,0.0,0
PAIM-619220,Old NH-206 (National Highways Authority of India [NHAI]) (619220),Infrastructure & Highways,Ministry of Road Transport & Highways,619220,Karnataka,283.53,283.53,208.39,73.5,2022-03-01,2028-12-31,2027-12-31,2026-03-01,24,0.0,0
PAIM-618070,Annual Plan 2016-17 in the state of Kerala (MoRTH) (618070),Infrastructure & Highways,Ministry of Road Transport & Highways,618070,Multi-State,4017.74,4017.74,1317.36,32.8,2021-03-01,2027-12-31,2027-12-31,2026-03-01,24,0.0,0
PAIM-618595,6L of Chengala - Neeleshwaram from km. 56.200 to km. 93.468 (National Highways Authority of India [NHAI]) (618595),Infrastructure & Highways,Ministry of Road Transport & Highways,618595,Multi-State,378.23,378.23,178.53,47.2,2022-03-01,2028-12-31,2028-12-31,2026-03-01,0,0.0,0
PAIM-618596,6L of Taliparamba to Muzhappilangad from Km 134.650 to Km 170.6 of NH-66 (National Highways Authority of India [NHAI]) (,Infrastructure & Highways,Ministry of Road Transport & Highways,618596,Multi-State,1796.66,1796.66,440.19,24.5,2022-03-01,2026-12-31,2027-12-31,2026-03-01,6,0.0,0
PAIM-618597,6L of Azhiyur-Vengalam from km. 189.200 to km. 230.400 of NH-66 (National Highways Authority of India [NHAI]) (618597),Infrastructure & Highways,Ministry of Road Transport & Highways,618597,Multi-State,1698.53,1698.53,171.86,10.1,2024-03-01,2027-12-31,2027-12-31,2026-03-01,6,0.0,0
PAIM-618598,and allied works (National Highways Authority of India [NHAI]) (618598),Infrastructure & Highways,Ministry of Road Transport & Highways,618598,Multi-State,3914.16,3914.16,419.79,10.7,2023-03-01,2026-12-31,2028-12-31,2026-03-01,24,0.0,0
PAIM-618599,6L of Ramanatukkara Junction to start of Valanchery bypass section of NH-66 (National Highways Authority of India [NHAI],Infrastructure & Highways,Ministry of Road Transport & Highways,618599,Multi-State,420.27,420.27,169.76,40.4,2022-03-01,2028-12-31,2027-12-31,2026-03-01,0,0.0,0
PAIM-618600,6L of Valanchery bypass to Kappirikkad of NH  66 from km. 298500 to km 335850 (National Highways Authority of India [NHA,Infrastructure & Highways,Ministry of Road Transport & Highways,618600,Multi-State,1830.22,1830.22,376.95,20.6,2021-03-01,2028-12-31,2029-12-31,2026-03-01,12,0.0,0
PAIM-618601,NH-17 (National Highways Authority of India [NHAI]) (618601),Infrastructure & Highways,Ministry of Road Transport & Highways,618601,Multi-State,275.49,275.49,124.9,45.3,2023-03-01,2026-12-31,2028-12-31,2026-03-01,24,0.0,0
PAIM-618602,NH-17 (National Highways Authority of India [NHAI]) (618602),Infrastructure & Highways,Ministry of Road Transport & Highways,618602,Multi-State,3057.25,3057.25,1618.06,52.9,2022-03-01,2028-12-31,2027-12-31,2026-03-01,12,0.0,0
PAIM-618603,NH-17 (National Highways Authority of India [NHAI]) (618603),Infrastructure & Highways,Ministry of Road Transport & Highways,618603,Multi-State,1828.28,1828.28,1511.5,82.7,2023-03-01,2027-12-31,2027-12-31,2026-03-01,6,0.0,0
PAIM-618604,Aroor-Thuravoor Thekku (National Highways Authority of India [NHAI]) (618604),Infrastructure & Highways,Ministry of Road Transport & Highways,618604,Multi-State,2610.31,2610.31,788.47,30.2,2022-03-01,2027-12-31,2028-12-31,2026-03-01,12,0.0,0
PAIM-618605,Thuravoor Thekku-Paravoor (National Highways Authority of India [NHAI]) (618605),Infrastructure & Highways,Ministry of Road Transport & Highways,618605,Multi-State,2041.58,2041.58,1484.37,72.7,2021-03-01,2028-12-31,2028-12-31,2026-03-01,18,0.0,0
PAIM-618606,Paravoor-Kottankulangara (National Highways Authority of India [NHAI]) (618606),Infrastructure & Highways,Ministry of Road Transport & Highways,618606,Multi-State,4278.22,4278.22,2122.31,49.6,2023-03-01,2026-12-31,2029-12-31,2026-03-01,18,0.0,0
PAIM-618607,Kottankulangara- Start of Kollam Bypass (National Highways Authority of India [NHAI]) (618607),Infrastructure & Highways,Ministry of Road Transport & Highways,618607,Multi-State,4169.06,4169.06,1265.19,30.3,2021-03-01,2027-12-31,2029-12-31,2026-03-01,0,0.0,0
PAIM-618708,2L/LPS section in the state of Kerala on EPC Mode under Bharatmala Pariyojana (National Highways Authority of India [NHA,Infrastructure & Highways,Ministry of Road Transport & Highways,618708,Multi-State,3164.83,3164.83,2639.0,83.4,2023-03-01,2026-12-31,2028-12-31,2026-03-01,0,0.0,0
PAIM-619098,Kozhikode Bypass Calicut Bypass Vengalam Jn. to Ramanattukara Jn. (National Highways Authority of India [NHAI]) (619098),Infrastructure & Highways,Ministry of Road Transport & Highways,619098,Multi-State,2932.28,2932.28,1444.65,49.3,2021-03-01,2027-12-31,2028-12-31,2026-03-01,18,0.0,0
PAIM-619206,6L of Perole Nileshwar town to Taliparamba from Km 94.248 to Km 134.650 of NH-66 (National Highways Authority of India [,Infrastructure & Highways,Ministry of Road Transport & Highways,619206,Multi-State,1207.61,1207.61,774.06,64.1,2022-03-01,2026-12-31,2027-12-31,2026-03-01,36,0.0,0
PAIM-619207,Start of Kollam Bypass - Kadambattukonam (National Highways Authority of India [NHAI]) (619207),Infrastructure & Highways,Ministry of Road Transport & Highways,619207,Multi-State,2882.9,2882.9,1362.46,47.3,2021-03-01,2028-12-31,2028-12-31,2026-03-01,0,0.0,0
PAIM-619208,Kadambattukonam-Kazhakuttom (National Highways Authority of India [NHAI]) (619208),Infrastructure & Highways,Ministry of Road Transport & Highways,619208,Multi-State,3493.15,3493.15,1389.87,39.8,2023-03-01,2027-12-31,2029-12-31,2026-03-01,0,0.0,0
PAIM-618408,Kargil Zanskar Road (NHIDCL) (618408),Infrastructure & Highways,Ministry of Road Transport & Highways,618408,Multi-State,4105.8,4105.8,2611.79,63.6,2021-03-01,2028-12-31,2029-12-31,2026-03-01,6,0.0,0
PAIM-618409,30.000 Km length Pkg-lll (NHIDCL) (618409),Infrastructure & Highways,Ministry of Road Transport & Highways,618409,Multi-State,877.22,877.22,556.15,63.4,2024-03-01,2027-12-31,2027-12-31,2026-03-01,24,0.0,0
PAIM-618410,of 26.960 Km length Pkg-II (NHIDCL) (618410),Infrastructure & Highways,Ministry of Road Transport & Highways,618410,Multi-State,1242.56,1242.56,288.18,23.2,2024-03-01,2027-12-31,2029-12-31,2026-03-01,6,0.0,0
PAIM-617909,19.200 in the State of Madhya Pradesh on Hybrid Annuity Mode HAM. (MoRTH) (617909),Infrastructure & Highways,Ministry of Road Transport & Highways,617909,Madhya Pradesh,2346.34,2346.34,790.07,33.7,2023-03-01,2026-12-31,2027-12-31,2026-03-01,6,0.0,0
PAIM-617911,on EPC mode under NHDP-IVA (MoRTH) (617911),Infrastructure & Highways,Ministry of Road Transport & Highways,617911,Madhya Pradesh,4301.79,4301.79,1355.05,31.5,2024-03-01,2026-12-31,2028-12-31,2026-03-01,24,0.0,0
PAIM-617914,Pradesh on EPC mode (MoRTH) (617914),Infrastructure & Highways,Ministry of Road Transport & Highways,617914,Madhya Pradesh,3338.36,3338.36,2391.3,71.6,2022-03-01,2027-12-31,2028-12-31,2026-03-01,36,0.0,0
PAIM-617915,9.1 km in the state of Madhya Pradesh on EPC mode. (MoRTH) (617915),Infrastructure & Highways,Ministry of Road Transport & Highways,617915,Madhya Pradesh,2993.81,2993.81,2315.65,77.3,2022-03-01,2027-12-31,2027-12-31,2026-03-01,18,0.0,0
PAIM-618019,the State of Madhya Pradesh under EPC mode. (MoRTH) (618019),Infrastructure & Highways,Ministry of Road Transport & Highways,618019,Madhya Pradesh,2870.2,2870.2,1353.09,47.1,2023-03-01,2028-12-31,2027-12-31,2026-03-01,24,0.0,0
PAIM-618020,up areas in a total length of 22.615 km in the state of Madhya Pradesh on EPC mode. (MoRTH) (618020),Infrastructure & Highways,Ministry of Road Transport & Highways,618020,Madhya Pradesh,4498.69,4498.69,3781.18,84.1,2021-03-01,2026-12-31,2027-12-31,2026-03-01,6,0.0,0
PAIM-618021,two lane with paved shoulders in the state of Madhya Pradesh on EPC mode (MoRTH) (618021),Infrastructure & Highways,Ministry of Road Transport & Highways,618021,Madhya Pradesh,923.1,923.1,399.55,43.3,2024-03-01,2026-12-31,2027-12-31,2026-03-01,18,0.0,0
PAIM-618035,Pradesh on EPCmode. (MoRTH) (618035),Infrastructure & Highways,Ministry of Road Transport & Highways,618035,Madhya Pradesh,1875.94,1875.94,1129.17,60.2,2021-03-01,2028-12-31,2027-12-31,2026-03-01,18,0.0,0
PAIM-618036,Pradesh on EPCmode. (MoRTH) (618036),Infrastructure & Highways,Ministry of Road Transport & Highways,618036,Madhya Pradesh,3206.8,3206.8,2225.82,69.4,2021-03-01,2026-12-31,2029-12-31,2026-03-01,12,0.0,0
PAIM-618043,a total length of 7.23 km in the state of Madhya Pradesh on EPC mode (MoRTH) (618043),Infrastructure & Highways,Ministry of Road Transport & Highways,618043,Madhya Pradesh,3593.3,3593.3,1009.85,28.1,2024-03-01,2028-12-31,2029-12-31,2026-03-01,12,0.0,0
PAIM-618045,border section of NH 552E in the State of Madhya Pradesh on EPC mode (MoRTH) (618045),Infrastructure & Highways,Ministry of Road Transport & Highways,618045,Madhya Pradesh,2048.61,2048.61,1097.42,53.6,2023-03-01,2026-12-31,2028-12-31,2026-03-01,18,0.0,0
PAIM-618068,on NH-943 in the State of Madhya Pradesh on EPC Mode. (MoRTH) (618068),Infrastructure & Highways,Ministry of Road Transport & Highways,618068,Madhya Pradesh,1555.03,1555.03,640.8,41.2,2023-03-01,2026-12-31,2029-12-31,2026-03-01,6,0.0,0
PAIM-618085,Km 0150 to Km 50500 of NH-146B in the state of Madhya Pradesh on EPC mode. (MoRTH) (618085),Infrastructure & Highways,Ministry of Road Transport & Highways,618085,Madhya Pradesh,1626.56,1626.56,1132.68,69.6,2024-03-01,2028-12-31,2028-12-31,2026-03-01,24,0.0,0
PAIM-618129,configuration in the State of Madhya Pradesh on EPC mode. (MoRTH) (618129),Infrastructure & Highways,Ministry of Road Transport & Highways,618129,Madhya Pradesh,572.64,572.64,283.8,49.6,2022-03-01,2027-12-31,2028-12-31,2026-03-01,36,0.0,0
PAIM-618156,Madhya Pradesh on EPC mode (MoRTH) (618156),Infrastructure & Highways,Ministry of Road Transport & Highways,618156,Madhya Pradesh,4222.62,4222.62,949.58,22.5,2021-03-01,2028-12-31,2027-12-31,2026-03-01,36,0.0,0
PAIM-618157,Pradesh on EPC mode. (MoRTH) (618157),Infrastructure & Highways,Ministry of Road Transport & Highways,618157,Madhya Pradesh,310.09,310.09,180.88,58.3,2024-03-01,2026-12-31,2027-12-31,2026-03-01,18,0.0,0
PAIM-618158,Pradesh on EPC mode (MoRTH) (618158),Infrastructure & Highways,Ministry of Road Transport & Highways,618158,Madhya Pradesh,1587.19,1587.19,1256.65,79.2,2023-03-01,2027-12-31,2029-12-31,2026-03-01,18,0.0,0
PAIM-618170,10.470 km in the State of Madhya Pradesh on EPC mode. (MoRTH) (618170),Infrastructure & Highways,Ministry of Road Transport & Highways,618170,Madhya Pradesh,1669.12,1669.12,725.71,43.5,2023-03-01,2026-12-31,2028-12-31,2026-03-01,36,0.0,0
PAIM-618171,to 2LPS in the State of Madhya Pradesh under EPC mode (MoRTH) (618171),Infrastructure & Highways,Ministry of Road Transport & Highways,618171,Madhya Pradesh,2142.41,2142.41,328.46,15.3,2024-03-01,2026-12-31,2029-12-31,2026-03-01,18,0.0,0
PAIM-618619,Bypass on Western side of Gwalior City (National Highways Authority of India [NHAI]) (618619),Infrastructure & Highways,Ministry of Road Transport & Highways,618619,Madhya Pradesh,4034.39,4034.39,3184.18,78.9,2022-03-01,2027-12-31,2029-12-31,2026-03-01,36,0.0,0
PAIM-618620,Dewas section of NH-52 in the state of Madhya Pradesh on EPC Mode (National Highways Authority of India [NHAI]) (618620),Infrastructure & Highways,Ministry of Road Transport & Highways,618620,Madhya Pradesh,224.76,224.76,74.33,33.1,2022-03-01,2026-12-31,2028-12-31,2026-03-01,18,0.0,0
PAIM-618621,Indore - Edlabad Pkg-II [Tejajinagar to Balwara] (National Highways Authority of India [NHAI]) (618621),Infrastructure & Highways,Ministry of Road Transport & Highways,618621,Madhya Pradesh,4200.99,4200.99,1928.54,45.9,2023-03-01,2026-12-31,2028-12-31,2026-03-01,36,0.0,0
PAIM-618622,of NH347BG & 753L (National Highways Authority of India [NHAI]) (618622),Infrastructure & Highways,Ministry of Road Transport & Highways,618622,Madhya Pradesh,1240.38,1240.38,537.41,43.3,2021-03-01,2028-12-31,2027-12-31,2026-03-01,18,0.0,0
PAIM-618623,753L (National Highways Authority of India [NHAI]) (618623),Infrastructure & Highways,Ministry of Road Transport & Highways,618623,Gujarat,3529.55,3529.55,1934.7,54.8,2021-03-01,2026-12-31,2027-12-31,2026-03-01,6,0.0,0
PAIM-618625,Indore - Gujarat / MP Border from km. Km 9.500 to Km 171.000 of NH-59 in MP (National Highways Authority of India [NHAI],Infrastructure & Highways,Ministry of Road Transport & Highways,618625,Gujarat,372.91,372.91,269.31,72.2,2022-03-01,2026-12-31,2028-12-31,2026-03-01,12,0.0,0
PAIM-618654,4L Greenfield Rudhi to Deshgaon Pkg V of Betul-Khandwa/Deshgaon (National Highways Authority of India [NHAI]) (618654),Infrastructure & Highways,Ministry of Road Transport & Highways,618654,Madhya Pradesh,4118.47,4118.47,2272.93,55.2,2022-03-01,2028-12-31,2028-12-31,2026-03-01,24,0.0,0
PAIM-618655,114.000 KM Package  III of Betul  Khandwa (National Highways Authority of India [NHAI]) (618655),Infrastructure & Highways,Ministry of Road Transport & Highways,618655,Madhya Pradesh,3824.19,3824.19,1436.51,37.6,2024-03-01,2026-12-31,2029-12-31,2026-03-01,18,0.0,0
PAIM-618661,4L from km 0.000 to 42.040 Bhopal Ratnaigiri Tiraha to Vidisha Morikodi (National Highways Authority of India [NHAI]) (6,Infrastructure & Highways,Ministry of Road Transport & Highways,618661,Madhya Pradesh,567.87,567.87,206.29,36.3,2022-03-01,2028-12-31,2027-12-31,2026-03-01,6,0.0,0
PAIM-618663,NH-146 (National Highways Authority of India [NHAI]) (618663),Infrastructure & Highways,Ministry of Road Transport & Highways,618663,Madhya Pradesh,1285.09,1285.09,589.24,45.9,2022-03-01,2028-12-31,2029-12-31,2026-03-01,18,0.0,0
PAIM-618664,Berkhedi to Godpehra on NH-44 Sagar link road (National Highways Authority of India [NHAI]) (618664),Infrastructure & Highways,Ministry of Road Transport & Highways,618664,Madhya Pradesh,4498.12,4498.12,1606.31,35.7,2024-03-01,2027-12-31,2028-12-31,2026-03-01,0,0.0,0
PAIM-618665,4L of Sagar - Mohari from Km.8 to Km.50 Pkg-I (National Highways Authority of India [NHAI]) (618665),Infrastructure & Highways,Ministry of Road Transport & Highways,618665,Madhya Pradesh,2415.88,2415.88,1369.61,56.7,2022-03-01,2028-12-31,2028-12-31,2026-03-01,6,0.0,0
PAIM-618666,length 39.575 km Package-2 in the State of Madhya Pradesh on EPC Mode (National Highways Authority of India [NHAI]) (618,Infrastructure & Highways,Ministry of Road Transport & Highways,618666,Madhya Pradesh,679.18,679.18,409.83,60.3,2023-03-01,2028-12-31,2027-12-31,2026-03-01,24,0.0,0
PAIM-618667,145.000 Package-3 (National Highways Authority of India [NHAI]) (618667),Infrastructure & Highways,Ministry of Road Transport & Highways,618667,Madhya Pradesh,529.52,529.52,387.93,73.3,2024-03-01,2026-12-31,2029-12-31,2026-03-01,18,0.0,0
PAIM-618671,134.549 (National Highways Authority of India [NHAI]) (618671),Infrastructure & Highways,Ministry of Road Transport & Highways,618671,Madhya Pradesh,2430.98,2430.98,1951.04,80.3,2024-03-01,2028-12-31,2027-12-31,2026-03-01,6,0.0,0
PAIM-618672,124470 in the state of MP on HAM mode (National Highways Authority of India [NHAI]) (618672),Infrastructure & Highways,Ministry of Road Transport & Highways,618672,Madhya Pradesh,3081.52,3081.52,1387.22,45.0,2024-03-01,2027-12-31,2027-12-31,2026-03-01,24,0.0,0
PAIM-618684,Outer Ring Road of Jabalpur Town from Manegaon to NH-45 Pkg-2 (National Highways Authority of India [NHAI]) (618684),Infrastructure & Highways,Ministry of Road Transport & Highways,618684,Madhya Pradesh,3291.55,3291.55,1795.18,54.5,2024-03-01,2028-12-31,2027-12-31,2026-03-01,18,0.0,0
PAIM-618685,Outer Ring Road of Jabalpur Town from NH45 to Kushner Pkg-3 (National Highways Authority of India [NHAI]) (618685),Infrastructure & Highways,Ministry of Road Transport & Highways,618685,Madhya Pradesh,3385.41,3385.41,950.4,28.1,2024-03-01,2026-12-31,2028-12-31,2026-03-01,0,0.0,0
PAIM-618686,Connectivity Pkg-IV (National Highways Authority of India [NHAI]) (618686),Infrastructure & Highways,Ministry of Road Transport & Highways,618686,Madhya Pradesh,202.13,202.13,100.77,49.9,2023-03-01,2026-12-31,2029-12-31,2026-03-01,12,0.0,0
PAIM-618687,Outer Ring Road of Jabalpur Town from Barela to Manegaon Pkg-1 (National Highways Authority of India [NHAI]) (618687),Infrastructure & Highways,Ministry of Road Transport & Highways,618687,Madhya Pradesh,2593.87,2593.87,1968.11,75.9,2022-03-01,2027-12-31,2028-12-31,2026-03-01,24,0.0,0
PAIM-618688,to barela Pkg-V (National Highways Authority of India [NHAI]) (618688),Infrastructure & Highways,Ministry of Road Transport & Highways,618688,Madhya Pradesh,3297.2,3297.2,1052.98,31.9,2023-03-01,2026-12-31,2027-12-31,2026-03-01,24,0.0,0
PAIM-618694,Indore - Harda Pkg-I [Indore to Raghav Garh from km. 0.25 to km. 26.903] (National Highways Authority of India [NHAI]) (,Infrastructure & Highways,Ministry of Road Transport & Highways,618694,Madhya Pradesh,3993.23,3993.23,2937.38,73.6,2023-03-01,2026-12-31,2027-12-31,2026-03-01,24,0.0,0
PAIM-618695,Indore - Harda Pkg-III [Nanasa to Pidgaon Section from km 95.000 to km 142.445] (National Highways Authority of India [N,Infrastructure & Highways,Ministry of Road Transport & Highways,618695,Madhya Pradesh,2330.07,2330.07,582.53,25.0,2024-03-01,2027-12-31,2028-12-31,2026-03-01,18,0.0,0
PAIM-618701,Sindoor River from Km. 66.00 to 130.00  NH-12 New NH-45 (National Highways Authority of India [NHAI]) (618701),Infrastructure & Highways,Ministry of Road Transport & Highways,618701,Madhya Pradesh,4132.11,4132.11,1948.39,47.2,2021-03-01,2026-12-31,2028-12-31,2026-03-01,18,0.0,0
PAIM-618735,41.400 of  NH-148NG Pkg-I (National Highways Authority of India [NHAI]) (618735),Infrastructure & Highways,Ministry of Road Transport & Highways,618735,Madhya Pradesh,2602.86,2602.86,1620.41,62.3,2024-03-01,2028-12-31,2027-12-31,2026-03-01,18,0.0,0
PAIM-618751,Mehulwa-Talbehat Pkg-II Section of NH- 346 (National Highways Authority of India [NHAI]) (618751),Infrastructure & Highways,Ministry of Road Transport & Highways,618751,Madhya Pradesh,731.46,731.46,363.97,49.8,2024-03-01,2028-12-31,2028-12-31,2026-03-01,0,0.0,0
PAIM-618762,Itarsi Km. 63.000 to Betul Km. 137.000 of NH-69 in Madhya Pradesh (National Highways Authority of India [NHAI]) (618762),Infrastructure & Highways,Ministry of Road Transport & Highways,618762,Madhya Pradesh,1663.51,1663.51,259.23,15.6,2022-03-01,2026-12-31,2029-12-31,2026-03-01,36,0.0,0
PAIM-618784,in the State of Madhya Pradesh (NHAI) (618784),Infrastructure & Highways,Ministry of Road Transport & Highways,618784,Madhya Pradesh,1853.59,1853.59,366.84,19.8,2021-03-01,2026-12-31,2028-12-31,2026-03-01,18,0.0,0
PAIM-618932,State of Madhya Pradesh on Hybrid Annuity Mode under NHO (National Highways Authority of India [NHAI]) (618932),Infrastructure & Highways,Ministry of Road Transport & Highways,618932,Madhya Pradesh,1540.69,1540.69,634.99,41.2,2021-03-01,2028-12-31,2028-12-31,2026-03-01,18,0.0,0
PAIM-618933,the state of Madhya Pradesh on Hybrid Annuity Mode under NHO (National Highways Authority of India [NHAI]) (618933),Infrastructure & Highways,Ministry of Road Transport & Highways,618933,Madhya Pradesh,2638.9,2638.9,625.18,23.7,2022-03-01,2026-12-31,2028-12-31,2026-03-01,24,0.0,0
PAIM-618962,Km. 102.000 (National Highways Authority of India [NHAI]) (618962),Infrastructure & Highways,Ministry of Road Transport & Highways,618962,Madhya Pradesh,2270.38,2270.38,1528.89,67.3,2022-03-01,2026-12-31,2029-12-31,2026-03-01,36,0.0,0
PAIM-618963,from design km 102.000 to design km 142.357 Design length 40.357 km (National Highways Authority of India [NHAI]) (61896,Infrastructure & Highways,Ministry of Road Transport & Highways,618963,Madhya Pradesh,1384.88,1384.88,899.75,65.0,2023-03-01,2028-12-31,2027-12-31,2026-03-01,36,0.0,0
PAIM-618964,4 Laning of Sandalpur to Nasrullaganj Pkg-1 section of NH-146B Length 43.2 Km. (National Highways Authority of India [NH,Infrastructure & Highways,Ministry of Road Transport & Highways,618964,Madhya Pradesh,4211.26,4211.26,2919.61,69.3,2024-03-01,2028-12-31,2029-12-31,2026-03-01,24,0.0,0
PAIM-618966,near Ashram Tiraha on NH-46 to Km 16439 end at Ratnagiri Tiraha on Nh-146 (National Highways Authority of India [NHAI]) ,Infrastructure & Highways,Ministry of Road Transport & Highways,618966,Madhya Pradesh,3189.42,3189.42,1822.56,57.1,2022-03-01,2027-12-31,2028-12-31,2026-03-01,12,0.0,0
PAIM-619007,Madhya Pradesh on EPC mode. (MoRTH) (619007),Infrastructure & Highways,Ministry of Road Transport & Highways,619007,Madhya Pradesh,1529.58,1529.58,594.17,38.8,2022-03-01,2027-12-31,2029-12-31,2026-03-01,0,0.0,0
PAIM-619100,Dhangaon - Borgaon section km 81.000 to km 139.000 [Indore - Edlabad Pkg IV] (National Highways Authority of India [NHAI,Infrastructure & Highways,Ministry of Road Transport & Highways,619100,Madhya Pradesh,3650.44,3650.44,2336.79,64.0,2022-03-01,2028-12-31,2028-12-31,2026-03-01,12,0.0,0
PAIM-619114,Indore - Harda Pkg-II [Raghavgarh to Nanasa from km. 29.30 to km. 92.30] (National Highways Authority of India [NHAI]) (,Infrastructure & Highways,Ministry of Road Transport & Highways,619114,Madhya Pradesh,457.78,457.78,71.38,15.6,2024-03-01,2027-12-31,2027-12-31,2026-03-01,18,0.0,0
PAIM-617912,in Nagpur district in the state of Maharashtra on HAM mode. (MoRTH) (617912),Infrastructure & Highways,Ministry of Road Transport & Highways,617912,Maharashtra,2944.0,2944.0,576.9,19.6,2023-03-01,2026-12-31,2029-12-31,2026-03-01,24,0.0,0
PAIM-617917,10/300 on NH 53 in state of Maharashtra. (MoRTH) (617917),Infrastructure & Highways,Ministry of Road Transport & Highways,617917,Maharashtra,1220.23,1220.23,174.71,14.3,2022-03-01,2028-12-31,2027-12-31,2026-03-01,6,0.0,0
PAIM-617932,on EPC mode in the State of Maharashtra. (MoRTH) (617932),Infrastructure & Highways,Ministry of Road Transport & Highways,617932,Maharashtra,771.69,771.69,471.09,61.0,2023-03-01,2028-12-31,2029-12-31,2026-03-01,18,0.0,0
PAIM-617933,in the state of Maharashtra (MoRTH) (617933),Infrastructure & Highways,Ministry of Road Transport & Highways,617933,Maharashtra,875.77,875.77,272.68,31.1,2022-03-01,2027-12-31,2027-12-31,2026-03-01,0,0.0,0
PAIM-617934,Nasratpur to Barasgaon section of NH-61 2L / 4L  PS from Km.514/00 to 558/200 (MoRTH) (617934),Infrastructure & Highways,Ministry of Road Transport & Highways,617934,Maharashtra,1120.02,1120.02,320.97,28.7,2021-03-01,2026-12-31,2028-12-31,2026-03-01,6,0.0,0
PAIM-617938,EPC mode under Annual Plan 2024-25 Total length - 37.525 Km. (MoRTH) (617938),Infrastructure & Highways,Ministry of Road Transport & Highways,617938,Maharashtra,749.3,749.3,587.21,78.4,2024-03-01,2027-12-31,2028-12-31,2026-03-01,18,0.0,0
PAIM-617944,on EPC mode (MoRTH) (617944),Infrastructure & Highways,Ministry of Road Transport & Highways,617944,Maharashtra,4113.94,4113.94,2855.26,69.4,2021-03-01,2026-12-31,2027-12-31,2026-03-01,6,0.0,0
PAIM-617945,Maharashtra under NHO on EPC Mode. (MoRTH) (617945),Infrastructure & Highways,Ministry of Road Transport & Highways,617945,Maharashtra,2962.92,2962.92,1229.61,41.5,2022-03-01,2028-12-31,2028-12-31,2026-03-01,0,0.0,0
PAIM-617946,Kashedi to Parshuram Ghat section of NH-66 from Km 161/600 - Km 205/400 - 4L  PS (MoRTH) (617946),Infrastructure & Highways,Ministry of Road Transport & Highways,617946,Maharashtra,465.74,465.74,99.41,21.3,2023-03-01,2028-12-31,2028-12-31,2026-03-01,18,0.0,0
PAIM-617947,Arawali Kante section of NH-17New NH-66 4L  PS from Km.241/300 to 281/300 (MoRTH) (617947),Infrastructure & Highways,Ministry of Road Transport & Highways,617947,Maharashtra,2506.3,2506.3,1274.79,50.9,2021-03-01,2027-12-31,2028-12-31,2026-03-01,18,0.0,0
PAIM-617948,Kante - Wakad section of NH-66 4L  PS from Km.281/300 to 332/200 (MoRTH) (617948),Infrastructure & Highways,Ministry of Road Transport & Highways,617948,Maharashtra,2166.07,2166.07,1691.47,78.1,2024-03-01,2028-12-31,2029-12-31,2026-03-01,6,0.0,0
PAIM-617965,Kopargaon to Savali Vihir section (MoRTH) (617965),Infrastructure & Highways,Ministry of Road Transport & Highways,617965,Maharashtra,1018.18,1018.18,499.67,49.1,2024-03-01,2026-12-31,2027-12-31,2026-03-01,36,0.0,0
PAIM-617978,392/950 ending at Vita Village in the State of Maharashtra on EPC Mode. (MoRTH) (617978),Infrastructure & Highways,Ministry of Road Transport & Highways,617978,Maharashtra,627.01,627.01,285.91,45.6,2023-03-01,2027-12-31,2028-12-31,2026-03-01,36,0.0,0
PAIM-617979,340466km in the S (MoRTH) (617979),Infrastructure & Highways,Ministry of Road Transport & Highways,617979,Maharashtra,2019.44,2019.44,445.81,22.1,2022-03-01,2026-12-31,2027-12-31,2026-03-01,24,0.0,0
PAIM-618042,mode in the State of Maharashtra (MoRTH) (618042),Infrastructure & Highways,Ministry of Road Transport & Highways,618042,Maharashtra,427.06,427.06,138.64,32.5,2024-03-01,2026-12-31,2029-12-31,2026-03-01,36,0.0,0
PAIM-618046,EPC Mode Length20.122km. (MoRTH) (618046),Infrastructure & Highways,Ministry of Road Transport & Highways,618046,Maharashtra,3830.95,3830.95,2568.93,67.1,2022-03-01,2028-12-31,2029-12-31,2026-03-01,24,0.0,0
PAIM-618047,State of Maharashtra on EPC mode. Length  49.713 km (MoRTH) (618047),Infrastructure & Highways,Ministry of Road Transport & Highways,618047,Maharashtra,2388.44,2388.44,1742.08,72.9,2022-03-01,2026-12-31,2027-12-31,2026-03-01,0,0.0,0
PAIM-618049,Maharashtra on EPC mode. (MoRTH) (618049),Infrastructure & Highways,Ministry of Road Transport & Highways,618049,Maharashtra,833.73,833.73,683.03,81.9,2023-03-01,2028-12-31,2027-12-31,2026-03-01,36,0.0,0
PAIM-618059,Maharashtra. Total Length of the project 15.781 Km. (MoRTH) (618059),Infrastructure & Highways,Ministry of Road Transport & Highways,618059,Maharashtra,1958.77,1958.77,1579.42,80.6,2022-03-01,2028-12-31,2028-12-31,2026-03-01,6,0.0,0
PAIM-618061,Mode Length 37.970 Km (MoRTH) (618061),Infrastructure & Highways,Ministry of Road Transport & Highways,618061,Maharashtra,507.3,507.3,72.09,14.2,2023-03-01,2026-12-31,2028-12-31,2026-03-01,36,0.0,0
PAIM-618065,the (MoRTH) (618065),Infrastructure & Highways,Ministry of Road Transport & Highways,618065,Maharashtra,1707.69,1707.69,252.77,14.8,2024-03-01,2027-12-31,2029-12-31,2026-03-01,12,0.0,0
PAIM-618088,Nandurshingote to Kolhar (MoRTH) (618088),Infrastructure & Highways,Ministry of Road Transport & Highways,618088,Maharashtra,4374.92,4374.92,2015.36,46.1,2022-03-01,2026-12-31,2027-12-31,2026-03-01,12,0.0,0
PAIM-618089,Maharashtra on EPC mode. (MoRTH) (618089),Infrastructure & Highways,Ministry of Road Transport & Highways,618089,Maharashtra,1348.02,1348.02,1097.01,81.4,2024-03-01,2028-12-31,2029-12-31,2026-03-01,36,0.0,0
PAIM-618090,Sarsam - Kothari of NH-161A - 2L  PS from Km.33/00 to 90/00 (MoRTH) (618090),Infrastructure & Highways,Ministry of Road Transport & Highways,618090,Maharashtra,503.17,503.17,273.83,54.4,2021-03-01,2026-12-31,2028-12-31,2026-03-01,36,0.0,0
PAIM-618094,Pen to Khopoli 2LPS (MoRTH) (618094),Infrastructure & Highways,Ministry of Road Transport & Highways,618094,Maharashtra,3243.36,3243.36,1031.32,31.8,2022-03-01,2026-12-31,2029-12-31,2026-03-01,36,0.0,0
PAIM-618096,417 of NH-166E in the state of Maharashtra on EPC mode. (MoRTH) (618096),Infrastructure & Highways,Ministry of Road Transport & Highways,618096,Maharashtra,576.45,576.45,181.99,31.6,2024-03-01,2028-12-31,2029-12-31,2026-03-01,36,0.0,0
PAIM-618097,53/600 Sati on NH-166E (MoRTH) (618097),Infrastructure & Highways,Ministry of Road Transport & Highways,618097,Maharashtra,2868.58,2868.58,610.77,21.3,2024-03-01,2027-12-31,2027-12-31,2026-03-01,12,0.0,0
PAIM-618098,mode (MoRTH) (618098),Infrastructure & Highways,Ministry of Road Transport & Highways,618098,Maharashtra,3099.06,3099.06,2032.04,65.6,2024-03-01,2028-12-31,2029-12-31,2026-03-01,0,0.0,0
PAIM-618099,length 12.440 km in the State of Maharashtra. (MoRTH) (618099),Infrastructure & Highways,Ministry of Road Transport & Highways,618099,Maharashtra,1602.15,1602.15,1064.83,66.5,2024-03-01,2027-12-31,2028-12-31,2026-03-01,0,0.0,0
PAIM-618133,Gadchiroli Dist in the State of Maharashtra. (MoRTH) (618133),Infrastructure & Highways,Ministry of Road Transport & Highways,618133,Maharashtra,1649.01,1649.01,1367.31,82.9,2021-03-01,2027-12-31,2028-12-31,2026-03-01,12,0.0,0
PAIM-618134,District on EPC mode in the state of Maharashtra. (MoRTH) (618134),Infrastructure & Highways,Ministry of Road Transport & Highways,618134,Maharashtra,2285.76,2285.76,1537.08,67.2,2024-03-01,2026-12-31,2028-12-31,2026-03-01,12,0.0,0
PAIM-618136,EPC mode in the State of Maharashtra. (MoRTH) (618136),Infrastructure & Highways,Ministry of Road Transport & Highways,618136,Maharashtra,3916.96,3916.96,783.79,20.0,2022-03-01,2026-12-31,2028-12-31,2026-03-01,18,0.0,0
PAIM-618137,EPC mode Length  55.5 Km. (MoRTH) (618137),Infrastructure & Highways,Ministry of Road Transport & Highways,618137,Maharashtra,1968.39,1968.39,523.34,26.6,2021-03-01,2028-12-31,2027-12-31,2026-03-01,6,0.0,0
PAIM-618138,km (MoRTH) (618138),Infrastructure & Highways,Ministry of Road Transport & Highways,618138,Maharashtra,2070.86,2070.86,1280.2,61.8,2024-03-01,2026-12-31,2028-12-31,2026-03-01,24,0.0,0
PAIM-618139,of Maharashtra on EPC mode Length - 41.00 Km. (MoRTH) (618139),Infrastructure & Highways,Ministry of Road Transport & Highways,618139,Maharashtra,3820.51,3820.51,2725.56,71.3,2021-03-01,2027-12-31,2029-12-31,2026-03-01,12,0.0,0
PAIM-618150,Total project length  70.9 Km. (MoRTH) (618150),Infrastructure & Highways,Ministry of Road Transport & Highways,618150,Maharashtra,1742.83,1742.83,940.89,54.0,2022-03-01,2027-12-31,2028-12-31,2026-03-01,0,0.0,0
PAIM-618152,Mhaswad to Tembhurni section of NH-548C - 2L  PS (MoRTH) (618152),Infrastructure & Highways,Ministry of Road Transport & Highways,618152,Maharashtra,1946.13,1946.13,1628.3,83.7,2024-03-01,2027-12-31,2029-12-31,2026-03-01,0,0.0,0
PAIM-618153,Satara to Mhaswad (MoRTH) (618153),Infrastructure & Highways,Ministry of Road Transport & Highways,618153,Maharashtra,1553.5,1553.5,981.13,63.2,2024-03-01,2027-12-31,2029-12-31,2026-03-01,6,0.0,0
PAIM-618154,pavement in the state of Maharashtra on EPC mode. (MoRTH) (618154),Infrastructure & Highways,Ministry of Road Transport & Highways,618154,Maharashtra,2128.68,2128.68,944.64,44.4,2023-03-01,2026-12-31,2028-12-31,2026-03-01,12,0.0,0
PAIM-618155,State of Maharashtra. (MoRTH) (618155),Infrastructure & Highways,Ministry of Road Transport & Highways,618155,Maharashtra,1849.92,1849.92,1135.41,61.4,2024-03-01,2027-12-31,2029-12-31,2026-03-01,36,0.0,0
PAIM-618172,Paithan - Shirur section 2LPS Km 0.0 to 55.00 (MoRTH) (618172),Infrastructure & Highways,Ministry of Road Transport & Highways,618172,Maharashtra,1870.04,1870.04,595.96,31.9,2024-03-01,2027-12-31,2027-12-31,2026-03-01,0,0.0,0
PAIM-618173,Shirur-Kharda section from 55937 km to 114486 km to 2LPS/4L (MoRTH) (618173),Infrastructure & Highways,Ministry of Road Transport & Highways,618173,Maharashtra,2142.37,2142.37,451.44,21.1,2024-03-01,2027-12-31,2029-12-31,2026-03-01,24,0.0,0
PAIM-618174,state of Maharashtra on EPC Mode. Length  21.411 km. (MoRTH) (618174),Infrastructure & Highways,Ministry of Road Transport & Highways,618174,Maharashtra,3912.24,3912.24,2383.54,60.9,2021-03-01,2028-12-31,2027-12-31,2026-03-01,36,0.0,0
PAIM-618175,configuration in the state of Maharashtra on EPC mode. (MoRTH) (618175),Infrastructure & Highways,Ministry of Road Transport & Highways,618175,Maharashtra,3393.68,3393.68,897.79,26.5,2023-03-01,2028-12-31,2027-12-31,2026-03-01,18,0.0,0
PAIM-618176,on EPC mode. (MoRTH) (618176),Infrastructure & Highways,Ministry of Road Transport & Highways,618176,Maharashtra,4402.39,4402.39,1584.11,36.0,2023-03-01,2028-12-31,2029-12-31,2026-03-01,36,0.0,0
PAIM-618177,Pal Phata Phulambri - Khultabad 2LPS (MoRTH) (618177),Infrastructure & Highways,Ministry of Road Transport & Highways,618177,Maharashtra,548.75,548.75,230.38,42.0,2021-03-01,2027-12-31,2027-12-31,2026-03-01,36,0.0,0
PAIM-618178,on EPC mode in the State of Maharashtra. (MoRTH) (618178),Infrastructure & Highways,Ministry of Road Transport & Highways,618178,Maharashtra,949.05,949.05,560.39,59.0,2023-03-01,2026-12-31,2027-12-31,2026-03-01,24,0.0,0
PAIM-618179,Mode. (MoRTH) (618179),Infrastructure & Highways,Ministry of Road Transport & Highways,618179,Maharashtra,3883.74,3883.74,2562.61,66.0,2022-03-01,2026-12-31,2029-12-31,2026-03-01,12,0.0,0
PAIM-618180,Pune raigarh District Border To Mangaon    Ch 69000 to 103775    NH-753F (MoRTH) (618180),Infrastructure & Highways,Ministry of Road Transport & Highways,618180,Maharashtra,2646.43,2646.43,1518.07,57.4,2024-03-01,2026-12-31,2027-12-31,2026-03-01,24,0.0,0
PAIM-618181,753F Aurangabad-Jalgaon road on EPC Mode in the State of Maharashtra (MoRTH) (618181),Infrastructure & Highways,Ministry of Road Transport & Highways,618181,Maharashtra,3331.72,3331.72,334.59,10.0,2022-03-01,2028-12-31,2029-12-31,2026-03-01,18,0.0,0
PAIM-618188,mode in the State of Maharashtra. (MoRTH) (618188),Infrastructure & Highways,Ministry of Road Transport & Highways,618188,Maharashtra,2662.21,2662.21,2141.98,80.5,2022-03-01,2027-12-31,2028-12-31,2026-03-01,6,0.0,0
PAIM-618198,Maharashtra on EPC mode. Balance Work (MoRTH) (618198),Infrastructure & Highways,Ministry of Road Transport & Highways,618198,Maharashtra,857.66,857.66,283.42,33.0,2021-03-01,2026-12-31,2029-12-31,2026-03-01,36,0.0,0
PAIM-618199,the state of Maharashtra on EPC mode. (MoRTH) (618199),Infrastructure & Highways,Ministry of Road Transport & Highways,618199,Maharashtra,4234.32,4234.32,2882.74,68.1,2022-03-01,2027-12-31,2027-12-31,2026-03-01,24,0.0,0
PAIM-618468,- Talsari (National Highways Authority of India [NHAI]) (618468),Infrastructure & Highways,Ministry of Road Transport & Highways,618468,Maharashtra,3119.89,3119.89,857.01,27.5,2023-03-01,2026-12-31,2028-12-31,2026-03-01,12,0.0,0
PAIM-618469,Shirsad - Masvan (National Highways Authority of India [NHAI]) (618469),Infrastructure & Highways,Ministry of Road Transport & Highways,618469,Maharashtra,852.09,852.09,392.03,46.0,2021-03-01,2027-12-31,2029-12-31,2026-03-01,6,0.0,0
PAIM-618470,Shirsad - Akloli (National Highways Authority of India [NHAI]) (618470),Infrastructure & Highways,Ministry of Road Transport & Highways,618470,Maharashtra,1681.56,1681.56,761.48,45.3,2022-03-01,2028-12-31,2028-12-31,2026-03-01,6,0.0,0
PAIM-618471,Akloli - Amne (National Highways Authority of India [NHAI]) (618471),Infrastructure & Highways,Ministry of Road Transport & Highways,618471,Maharashtra,938.58,938.58,573.82,61.1,2022-03-01,2026-12-31,2028-12-31,2026-03-01,6,0.0,0
PAIM-618472,Amne - Bhoj (National Highways Authority of India [NHAI]) (618472),Infrastructure & Highways,Ministry of Road Transport & Highways,618472,Maharashtra,593.92,593.92,397.58,66.9,2024-03-01,2027-12-31,2027-12-31,2026-03-01,12,0.0,0
PAIM-618473,Spur] Bhoj - Morbe (National Highways Authority of India [NHAI]) (618473),Infrastructure & Highways,Ministry of Road Transport & Highways,618473,Maharashtra,2116.83,2116.83,1623.97,76.7,2021-03-01,2027-12-31,2028-12-31,2026-03-01,6,0.0,0
PAIM-618511,City on PuneSatara section of NH48 (National Highways Authority of India [NHAI]) (618511),Infrastructure & Highways,Ministry of Road Transport & Highways,618511,Maharashtra,4066.22,4066.22,611.55,15.0,2021-03-01,2026-12-31,2029-12-31,2026-03-01,0,0.0,0
PAIM-618512,existing Km. 782.000 (National Highways Authority of India [NHAI]) (618512),Infrastructure & Highways,Ministry of Road Transport & Highways,618512,Maharashtra,3929.34,3929.34,775.43,19.7,2022-03-01,2026-12-31,2029-12-31,2026-03-01,36,0.0,0
PAIM-618513,6L of Kagal-Satara section from Km 592.500 to Km 658.000 of NH-48 Pkg-I (National Highways Authority of India [NHAI]) (6,Infrastructure & Highways,Ministry of Road Transport & Highways,618513,Maharashtra,3523.92,3523.92,764.92,21.7,2024-03-01,2026-12-31,2028-12-31,2026-03-01,12,0.0,0
PAIM-618514,6L of Kagal-Satara section from Km 658.000 to Km 725.000 of NH-48 Pkg-II (National Highways Authority of India [NHAI]) (,Infrastructure & Highways,Ministry of Road Transport & Highways,618514,Maharashtra,2374.65,2374.65,251.99,10.6,2023-03-01,2028-12-31,2028-12-31,2026-03-01,12,0.0,0
PAIM-618555,urban link to Nagpur -Raipur road Pardi octroi Naka to Itwari (National Highways Authority of India [NHAI]) (618555),Infrastructure & Highways,Ministry of Road Transport & Highways,618555,Maharashtra,700.28,700.28,329.24,47.0,2021-03-01,2026-12-31,2029-12-31,2026-03-01,0,0.0,0
PAIM-618557,4L of Indora Chowk to Pachpaoli and Agrasen Chowk - Ashoka Chowk (National Highways Authority of India [NHAI]) (618557),Infrastructure & Highways,Ministry of Road Transport & Highways,618557,Maharashtra,3505.82,3505.82,1239.6,35.4,2021-03-01,2026-12-31,2029-12-31,2026-03-01,6,0.0,0
PAIM-618585,6L of Gonde Km. 439.038 to Pimpri Sado Km. 459.905 section of NH-848 Old NH-3 (National Highways Authority of India [NHA,Infrastructure & Highways,Ministry of Road Transport & Highways,618585,Maharashtra,262.29,262.29,180.04,68.6,2024-03-01,2027-12-31,2029-12-31,2026-03-01,0,0.0,0
PAIM-618586,thick in the State Of Maharashtra on EPC Mode (National Highways Authority of India [NHAI]) (618586),Infrastructure & Highways,Ministry of Road Transport & Highways,618586,Maharashtra,2803.55,2803.55,1004.64,35.8,2022-03-01,2027-12-31,2027-12-31,2026-03-01,0,0.0,0
PAIM-618588,NH-6 New NH-53 (National Highways Authority of India [NHAI]) (618588),Infrastructure & Highways,Ministry of Road Transport & Highways,618588,Maharashtra,3830.68,3830.68,2636.07,68.8,2023-03-01,2026-12-31,2028-12-31,2026-03-01,0,0.0,0
PAIM-618594,Panvel to km 42.300 Kasu (National Highways Authority of India [NHAI]) (618594),Infrastructure & Highways,Ministry of Road Transport & Highways,618594,Maharashtra,2163.43,2163.43,1186.5,54.8,2021-03-01,2026-12-31,2028-12-31,2026-03-01,24,0.0,0
PAIM-618626,section Pkg  VI of NH-965 (National Highways Authority of India [NHAI]) (618626),Infrastructure & Highways,Ministry of Road Transport & Highways,618626,Maharashtra,2704.37,2704.37,1640.99,60.7,2022-03-01,2026-12-31,2027-12-31,2026-03-01,0,0.0,0
PAIM-618627,various NHs (National Highways Authority of India [NHAI]) (618627),Infrastructure & Highways,Ministry of Road Transport & Highways,618627,Maharashtra,232.18,232.18,46.3,19.9,2024-03-01,2026-12-31,2029-12-31,2026-03-01,6,0.0,0
PAIM-618628,NH 965 from KM 36.230 to KM 44.230 from Chh. Shivaji Maharaj Chowk to Wakhari (National Highways Authority of India [NHA,Infrastructure & Highways,Ministry of Road Transport & Highways,618628,Maharashtra,1832.4,1832.4,475.34,25.9,2022-03-01,2026-12-31,2029-12-31,2026-03-01,24,0.0,0
PAIM-618638,Tarsod - Fagne section of NH-6 (National Highways Authority of India [NHAI]) (618638),Infrastructure & Highways,Ministry of Road Transport & Highways,618638,Maharashtra,845.66,845.66,692.93,81.9,2024-03-01,2026-12-31,2027-12-31,2026-03-01,36,0.0,0
PAIM-618652,Chakur Loha Section of NH-361 from km 114.600 to km 187.80 (National Highways Authority of India [NHAI]) (618652),Infrastructure & Highways,Ministry of Road Transport & Highways,618652,Maharashtra,3425.93,3425.93,628.72,18.4,2021-03-01,2028-12-31,2028-12-31,2026-03-01,12,0.0,0
PAIM-618653,Loha-Waranga Section of NH-361 from km 187.800 to km 244.369 (National Highways Authority of India [NHAI]) (618653),Infrastructure & Highways,Ministry of Road Transport & Highways,618653,Maharashtra,1742.74,1742.74,708.75,40.7,2023-03-01,2027-12-31,2028-12-31,2026-03-01,18,0.0,0
PAIM-618693,Bodhre - Dhule (National Highways Authority of India [NHAI]) (618693),Infrastructure & Highways,Ministry of Road Transport & Highways,618693,Maharashtra,387.83,387.83,113.34,29.2,2022-03-01,2027-12-31,2029-12-31,2026-03-01,36,0.0,0
PAIM-618754,District in the State of Maharashtra on EPC Mode under NHO- (National Highways Authority of India [NHAI]) (618754),Infrastructure & Highways,Ministry of Road Transport & Highways,618754,Maharashtra,3685.2,3685.2,2073.31,56.3,2022-03-01,2027-12-31,2027-12-31,2026-03-01,36,0.0,0
PAIM-618766,Bharatmala Pariyojana on EPC Mode (NHAI) (618766),Infrastructure & Highways,Ministry of Road Transport & Highways,618766,Maharashtra,636.7,636.7,235.27,37.0,2022-03-01,2028-12-31,2027-12-31,2026-03-01,6,0.0,0
PAIM-618836,4L of Ratnagiri - Kolhapur section from km 67.140 to km 112.340 of NH-166 Pkg  II (National Highways Authority of India ,Infrastructure & Highways,Ministry of Road Transport & Highways,618836,Maharashtra,3251.32,3251.32,1655.36,50.9,2021-03-01,2027-12-31,2029-12-31,2026-03-01,0,0.0,0
PAIM-618837,4L of Ratnagiri - Kolhapur section from km 112.340 to km 145.300 of NH-166 PkgIII (National Highways Authority of India ,Infrastructure & Highways,Ministry of Road Transport & Highways,618837,Maharashtra,1485.99,1485.99,406.44,27.4,2023-03-01,2026-12-31,2028-12-31,2026-03-01,36,0.0,0
PAIM-618937,4L of Nagpur-Katol Section from Km. 13.00 to Km. 62.900 of NH-353J (National Highways Authority of India [NHAI]) (618937,Infrastructure & Highways,Ministry of Road Transport & Highways,618937,Maharashtra,403.99,403.99,257.47,63.7,2023-03-01,2026-12-31,2027-12-31,2026-03-01,36,0.0,0
PAIM-618939,Ch.68.800 in Gadchandur Town on NH-353B (National Highways Authority of India [NHAI]) (618939),Infrastructure & Highways,Ministry of Road Transport & Highways,618939,Maharashtra,2486.06,2486.06,1432.67,57.6,2021-03-01,2026-12-31,2028-12-31,2026-03-01,0,0.0,0
PAIM-619008,Maharashtra on EPC mode. Reg- Resubmission of Annual Plan Estimate. (MoRTH) (619008),Infrastructure & Highways,Ministry of Road Transport & Highways,619008,Maharashtra,2318.48,2318.48,717.62,31.0,2021-03-01,2027-12-31,2029-12-31,2026-03-01,36,0.0,0
PAIM-619042,"Procurement and construction   EPC    Basis mode   L.1.326 Km, (MoRTH) (619042)",Infrastructure & Highways,Ministry of Road Transport & Highways,619042,Maharashtra,1323.03,1323.03,1031.02,77.9,2023-03-01,2028-12-31,2028-12-31,2026-03-01,6,0.0,0
PAIM-619069,Satara Km 725.000 to Pune Km 865.350 of NH - 4 New NH - 48 in Maharashtra (National Highways Authority of India [NHAI]) ,Infrastructure & Highways,Ministry of Road Transport & Highways,619069,Maharashtra,2831.38,2831.38,850.43,30.0,2023-03-01,2027-12-31,2027-12-31,2026-03-01,12,0.0,0
PAIM-619095,to km 84.600 Indapur (National Highways Authority of India [NHAI]) (619095),Infrastructure & Highways,Ministry of Road Transport & Highways,619095,Maharashtra,2279.46,2279.46,1681.84,73.8,2022-03-01,2026-12-31,2027-12-31,2026-03-01,18,0.0,0
PAIM-619149,31.000 to km 67.140 Pkg  I (National Highways Authority of India [NHAI]) (619149),Infrastructure & Highways,Ministry of Road Transport & Highways,619149,Maharashtra,3591.43,3591.43,1128.81,31.4,2022-03-01,2028-12-31,2027-12-31,2026-03-01,12,0.0,0
PAIM-619163,Tukaram Marg (National Highways Authority of India [NHAI]) (619163),Infrastructure & Highways,Ministry of Road Transport & Highways,619163,Maharashtra,3760.25,3760.25,1100.24,29.3,2021-03-01,2027-12-31,2029-12-31,2026-03-01,24,0.0,0
PAIM-619198,- Ganjad (National Highways Authority of India [NHAI]) (619198),Infrastructure & Highways,Ministry of Road Transport & Highways,619198,Maharashtra,297.59,297.59,36.15,12.1,2022-03-01,2028-12-31,2027-12-31,2026-03-01,12,0.0,0
PAIM-619203,Vadape to Thane from km 539.202 to km 563.000 section of NH-3 new NH-848 (National Highways Authority of India [NHAI]) (,Infrastructure & Highways,Ministry of Road Transport & Highways,619203,Maharashtra,4009.39,4009.39,2552.49,63.7,2024-03-01,2028-12-31,2027-12-31,2026-03-01,6,0.0,0
PAIM-619209,Mohol  Alandi section of NH-965 Pkg - V (National Highways Authority of India [NHAI]) (619209),Infrastructure & Highways,Ministry of Road Transport & Highways,619209,Maharashtra,2325.68,2325.68,526.21,22.6,2024-03-01,2028-12-31,2027-12-31,2026-03-01,36,0.0,0
PAIM-619210,Dharampuri-Lonand from km. 117.00 to 166.40 Pkg-IV on Mohol-Alandi Section (National Highways Authority of India [NHAI]),Infrastructure & Highways,Ministry of Road Transport & Highways,619210,Maharashtra,2560.05,2560.05,787.37,30.8,2022-03-01,2028-12-31,2029-12-31,2026-03-01,18,0.0,0
PAIM-619199,Bethamangala in the state of Karnataka to Byreddypalli (National Highways Authority of India [NHAI]) (619199),Infrastructure & Highways,Ministry of Road Transport & Highways,619199,Karnataka,666.73,666.73,224.81,33.7,2021-03-01,2026-12-31,2029-12-31,2026-03-01,24,0.0,0
PAIM-618681,1 (National Highways Authority of India [NHAI]) (618681),Infrastructure & Highways,Ministry of Road Transport & Highways,618681,Odisha,298.38,298.38,123.79,41.5,2023-03-01,2027-12-31,2029-12-31,2026-03-01,12,0.0,0
PAIM-618477,Km 156.000 to Km 180.000 (National Highways Authority of India [NHAI]) (618477),Infrastructure & Highways,Ministry of Road Transport & Highways,618477,Tamil Nadu,4124.52,4124.52,3159.3,76.6,2023-03-01,2027-12-31,2027-12-31,2026-03-01,0,0.0,0
PAIM-618634,716B Pkg-III (National Highways Authority of India [NHAI]) (618634),Infrastructure & Highways,Ministry of Road Transport & Highways,618634,Tamil Nadu,618.39,618.39,111.28,18.0,2021-03-01,2027-12-31,2027-12-31,2026-03-01,24,0.0,0
PAIM-618769,Walajahpet/Ranipet to TN/AP Border Section of from Km.106.800 to  Km.133.36 NH-4 (National Highways Authority of India [,Infrastructure & Highways,Ministry of Road Transport & Highways,618769,Tamil Nadu,2432.37,2432.37,495.47,20.4,2021-03-01,2028-12-31,2027-12-31,2026-03-01,6,0.0,0
PAIM-618771,6L of Varadharajula to Kumarajapet from km 0.000 to km 43.800 of NH-716B Pkg-I (National Highways Authority of India [NH,Infrastructure & Highways,Ministry of Road Transport & Highways,618771,Tamil Nadu,3789.35,3789.35,2394.93,63.2,2021-03-01,2026-12-31,2028-12-31,2026-03-01,0,0.0,0
PAIM-618772,716B Pkg-II (National Highways Authority of India [NHAI]) (618772),Infrastructure & Highways,Ministry of Road Transport & Highways,618772,Tamil Nadu,2305.37,2305.37,1704.96,74.0,2022-03-01,2028-12-31,2028-12-31,2026-03-01,24,0.0,0
PAIM-619077,6 laning of Balance Work of Chennai - Tada from km. 21.40 to km. 54.40 (National Highways Authority of India [NHAI]) (61,Infrastructure & Highways,Ministry of Road Transport & Highways,619077,Tamil Nadu,1059.91,1059.91,680.45,64.2,2024-03-01,2028-12-31,2029-12-31,2026-03-01,6,0.0,0
PAIM-618747,village to Recherla village Design Chainage 63117 to 105236] (National Highways Authority of India [NHAI]) (618747),Infrastructure & Highways,Ministry of Road Transport & Highways,618747,Telangana,3213.73,3213.73,664.51,20.7,2023-03-01,2028-12-31,2027-12-31,2026-03-01,18,0.0,0
PAIM-618818,at Design Ch. 309.909 Km Package-III (National Highways Authority of India [NHAI]) (618818),Infrastructure & Highways,Ministry of Road Transport & Highways,618818,Telangana,3947.86,3947.86,2151.46,54.5,2023-03-01,2026-12-31,2029-12-31,2026-03-01,24,0.0,0
PAIM-619143,village at Design Ch. 280.200 KmPackage-II (National Highways Authority of India [NHAI]) (619143),Infrastructure & Highways,Ministry of Road Transport & Highways,619143,Telangana,1894.74,1894.74,546.58,28.8,2021-03-01,2026-12-31,2027-12-31,2026-03-01,0,0.0,0
PAIM-619212,village from Km 242.200 to Km 280.400 Pkg-2 (National Highways Authority of India [NHAI]) (619212),Infrastructure & Highways,Ministry of Road Transport & Highways,619212,Telangana,1652.94,1652.94,1265.97,76.6,2022-03-01,2028-12-31,2028-12-31,2026-03-01,6,0.0,0
PAIM-618531,km. 209.827 of NH-2 PKG-01 (National Highways Authority of India [NHAI]) (618531),Infrastructure & Highways,Ministry of Road Transport & Highways,618531,Bihar,2275.34,2275.34,970.98,42.7,2022-03-01,2028-12-31,2027-12-31,2026-03-01,0,0.0,0
PAIM-618532,Km. 249.525 of NH-19 PKG-02 (National Highways Authority of India [NHAI]) (618532),Infrastructure & Highways,Ministry of Road Transport & Highways,618532,Bihar,3733.56,3733.56,1595.31,42.7,2023-03-01,2028-12-31,2028-12-31,2026-03-01,0,0.0,0
PAIM-618724,Sagrampur village From KM. 151200 to KM. 184700Package-7 (National Highways Authority of India [NHAI]) (618724),Infrastructure & Highways,Ministry of Road Transport & Highways,618724,Bihar,1744.29,1744.29,509.28,29.2,2023-03-01,2028-12-31,2027-12-31,2026-03-01,36,0.0,0
PAIM-618951,Hariharganj to Parwa Mode section from km 23.284 to km 57.049 of NH-98 (National Highways Authority of India [NHAI]) (61,Infrastructure & Highways,Ministry of Road Transport & Highways,618951,Bihar,4272.52,4272.52,852.37,20.0,2023-03-01,2027-12-31,2028-12-31,2026-03-01,12,0.0,0
PAIM-618952,4L of Sahibganj - Manihari Ganga Bridge including Manihari Bypass (National Highways Authority of India [NHAI]) (618952),Infrastructure & Highways,Ministry of Road Transport & Highways,618952,Bihar,2320.55,2320.55,367.4,15.8,2024-03-01,2028-12-31,2027-12-31,2026-03-01,6,0.0,0
PAIM-619078,249.525 to km 320.810 (National Highways Authority of India [NHAI]) (619078),Infrastructure & Highways,Ministry of Road Transport & Highways,619078,Bihar,3119.74,3119.74,420.86,13.5,2022-03-01,2027-12-31,2027-12-31,2026-03-01,0,0.0,0
PAIM-618530,Six Laning of Varanasi to Aurangabad from km. 786.00 to km. 978.40 of Old NH-2 (National Highways Authority of India [NH,Infrastructure & Highways,Ministry of Road Transport & Highways,618530,Bihar,855.98,855.98,473.96,55.4,2024-03-01,2026-12-31,2029-12-31,2026-03-01,36,0.0,0
PAIM-618728,village from Km. 0.000 to Km. 27.000 - Pkg-1 (National Highways Authority of India [NHAI]) (618728),Infrastructure & Highways,Ministry of Road Transport & Highways,618728,Bihar,3060.74,3060.74,1049.29,34.3,2022-03-01,2027-12-31,2028-12-31,2026-03-01,0,0.0,0
PAIM-618882,Annuity Mode (National Highways Authority of India [NHAI]) (618882),Infrastructure & Highways,Ministry of Road Transport & Highways,618882,Uttar Pradesh,1827.59,1827.59,678.2,37.1,2022-03-01,2027-12-31,2029-12-31,2026-03-01,6,0.0,0
PAIM-619154,Km 117.120] on EPC Mode in the state of Uttar Pradesh. (National Highways Authority of India [NHAI]) (619154),Infrastructure & Highways,Ministry of Road Transport & Highways,619154,Uttar Pradesh,1751.09,1751.09,336.32,19.2,2021-03-01,2027-12-31,2028-12-31,2026-03-01,36,0.0,0
PAIM-618584,at Start Point Length - 1.200 Km of NH-27 (National Highways Authority of India [NHAI]) (618584),Infrastructure & Highways,Ministry of Road Transport & Highways,618584,Bihar,1343.84,1343.84,798.67,59.4,2021-03-01,2027-12-31,2028-12-31,2026-03-01,24,0.0,0
PAIM-618676,Package  OD-1 (National Highways Authority of India [NHAI]) (618676),Infrastructure & Highways,Ministry of Road Transport & Highways,618676,Odisha,3507.99,3507.99,715.48,20.4,2023-03-01,2028-12-31,2029-12-31,2026-03-01,12,0.0,0
PAIM-619064,Km 128.000] (National Highways Authority of India [NHAI]) (619064),Infrastructure & Highways,Ministry of Road Transport & Highways,619064,Maharashtra,2065.18,2065.18,840.39,40.7,2022-03-01,2026-12-31,2029-12-31,2026-03-01,0,0.0,0
PAIM-618577,Dwarka Expressway Pkg-III Delhi/HR Border to Start of RoB Gurugram (National Highways Authority of India [NHAI]) (618577,Infrastructure & Highways,Ministry of Road Transport & Highways,618577,Haryana,630.47,630.47,380.26,60.3,2023-03-01,2028-12-31,2029-12-31,2026-03-01,18,0.0,0
PAIM-619122,Akshardham - DL/UP Border Pkg-01 (National Highways Authority of India [NHAI]) (619122),Infrastructure & Highways,Ministry of Road Transport & Highways,619122,Uttar Pradesh,755.97,755.97,128.46,17.0,2022-03-01,2026-12-31,2028-12-31,2026-03-01,24,0.0,0
PAIM-618942,from Km 70.800 to  km 84.120 of Khanapur- KA/GOA Border section of NH-4A (National Highways Authority of India [NHAI]) (,Infrastructure & Highways,Ministry of Road Transport & Highways,618942,Maharashtra,4105.44,4105.44,2422.21,59.0,2023-03-01,2027-12-31,2027-12-31,2026-03-01,24,0.0,0
PAIM-618637,Bal. Works of Fagne Km. 510.000 to Maharashtra/Gujarat Border Km. 650.794 (National Highways Authority of India [NHAI]) ,Infrastructure & Highways,Ministry of Road Transport & Highways,618637,Maharashtra,3707.12,3707.12,2822.77,76.1,2024-03-01,2026-12-31,2028-12-31,2026-03-01,24,0.0,0
PAIM-618486,Patran road SH-10 near Ghagga village Km 120250 to Km 157920 (National Highways Authority of India [NHAI]) (618486),Infrastructure & Highways,Ministry of Road Transport & Highways,618486,Haryana,1730.9,1730.9,806.96,46.6,2021-03-01,2026-12-31,2027-12-31,2026-03-01,6,0.0,0
PAIM-618760,Km 27.910 Pkg-02 (National Highways Authority of India [NHAI]) (618760),Infrastructure & Highways,Ministry of Road Transport & Highways,618760,Haryana,3351.0,3351.0,1975.94,59.0,2024-03-01,2027-12-31,2028-12-31,2026-03-01,12,0.0,0
PAIM-618935,4L  Ambala - Kalaamb from Km. -0.800 to Km. 33.015 of old NH-72 (National Highways Authority of India [NHAI]) (618935),Infrastructure & Highways,Ministry of Road Transport & Highways,618935,Haryana,3652.53,3652.53,1391.18,38.1,2021-03-01,2026-12-31,2028-12-31,2026-03-01,0,0.0,0
PAIM-619093,4L Ismailabad to Ambala Section of NH-152 Lot-4/Package-1 (National Highways Authority of India [NHAI]) (619093),Infrastructure & Highways,Ministry of Road Transport & Highways,619093,Haryana,232.75,232.75,26.09,11.2,2022-03-01,2027-12-31,2027-12-31,2026-03-01,12,0.0,0
PAIM-619134,Km. 11.157 (National Highways Authority of India [NHAI]) (619134),Infrastructure & Highways,Ministry of Road Transport & Highways,619134,Haryana,4209.45,4209.45,777.48,18.5,2023-03-01,2028-12-31,2027-12-31,2026-03-01,6,0.0,0
PAIM-619216,section of Shamli -Ambala Package-III Design Ch. Form km 84.400 to km 121.786 (National Highways Authority of India [NHA,Infrastructure & Highways,Ministry of Road Transport & Highways,619216,Haryana,205.88,205.88,163.01,79.2,2022-03-01,2027-12-31,2027-12-31,2026-03-01,18,0.0,0
PAIM-618505,KM 273.00 (National Highways Authority of India [NHAI]) (618505),Infrastructure & Highways,Ministry of Road Transport & Highways,618505,Rajasthan,3245.43,3245.43,841.6,25.9,2022-03-01,2026-12-31,2027-12-31,2026-03-01,18,0.0,0
PAIM-618691,of NH-334D (National Highways Authority of India [NHAI]) (618691),Infrastructure & Highways,Ministry of Road Transport & Highways,618691,Haryana,2554.64,2554.64,353.58,13.8,2024-03-01,2028-12-31,2028-12-31,2026-03-01,0,0.0,0
PAIM-618723,section of Shamli -Ambala Package-II Design Ch. Form km 45.500 to km 84.400 (National Highways Authority of India [NHAI],Infrastructure & Highways,Ministry of Road Transport & Highways,618723,Haryana,1210.45,1210.45,303.09,25.0,2023-03-01,2028-12-31,2027-12-31,2026-03-01,0,0.0,0
PAIM-619068,Faridabad-Ballabhgarh Bypass KMP Link - Spur to Delhi Mumbai Expressway (National Highways Authority of India [NHAI]) (6,Infrastructure & Highways,Ministry of Road Transport & Highways,619068,Haryana,2189.66,2189.66,1428.38,65.2,2022-03-01,2026-12-31,2027-12-31,2026-03-01,24,0.0,0
PAIM-618907,2L/4L of Hoshiarpur to Una section including Hoshiarpur Bypass of NH 503A (National Highways Authority of India [NHAI]) ,Infrastructure & Highways,Ministry of Road Transport & Highways,618907,Punjab,1785.75,1785.75,761.1,42.6,2021-03-01,2028-12-31,2028-12-31,2026-03-01,6,0.0,0
PAIM-619066,Gurha Baildaran km 423500 to km 468100 (National Highways Authority of India [NHAI]) (619066),Infrastructure & Highways,Ministry of Road Transport & Highways,619066,Punjab,4360.27,4360.27,1650.52,37.9,2022-03-01,2027-12-31,2028-12-31,2026-03-01,0,0.0,0
PAIM-618828,4L from Km 219.600 Khajuri to Km 260.483 Wyndhamganj on NH-75 Sec-V (National Highways Authority of India [NHAI]) (61882,Infrastructure & Highways,Ministry of Road Transport & Highways,618828,Punjab,2428.44,2428.44,2037.68,83.9,2022-03-01,2028-12-31,2028-12-31,2026-03-01,12,0.0,0
PAIM-618533,Barwa Adda Km. 398.240 to Panagarh Km. 521.120 (National Highways Authority of India [NHAI]) (618533),Infrastructure & Highways,Ministry of Road Transport & Highways,618533,Multi-State,3026.68,3026.68,992.71,32.8,2022-03-01,2026-12-31,2027-12-31,2026-03-01,0,0.0,0
PAIM-618734,village to Kamlapur villageJH/WB border  from km 358.500 to km 387.200 Pkg -13 (National Highways Authority of India [NH,Infrastructure & Highways,Ministry of Road Transport & Highways,618734,Multi-State,4339.11,4339.11,2535.89,58.4,2023-03-01,2027-12-31,2029-12-31,2026-03-01,12,0.0,0
PAIM-618909,Chandil Junction with NH-33 km. 153.705 of Old NH-32 (National Highways Authority of India [NHAI]) (618909),Infrastructure & Highways,Ministry of Road Transport & Highways,618909,Multi-State,3066.92,3066.92,1104.75,36.0,2024-03-01,2026-12-31,2029-12-31,2026-03-01,0,0.0,0
PAIM-618948,existing km 283.00 design km 274.133 in the state of Jharkhand  package - II (National Highways Authority of India [NHAI,Infrastructure & Highways,Ministry of Road Transport & Highways,618948,Multi-State,3838.89,3838.89,2885.22,75.2,2021-03-01,2026-12-31,2027-12-31,2026-03-01,12,0.0,0
PAIM-619104,56.889 of Old NH-32 (National Highways Authority of India [NHAI]) (619104),Infrastructure & Highways,Ministry of Road Transport & Highways,619104,Multi-State,828.9,828.9,347.62,41.9,2022-03-01,2027-12-31,2027-12-31,2026-03-01,24,0.0,0
PAIM-619205,Six Laning of KT/KL Border Thalapaddy -Chengala from Km. 17.200 to Km. 57.20 (National Highways Authority of India [NHAI,Infrastructure & Highways,Ministry of Road Transport & Highways,619205,Karnataka,338.03,338.03,127.61,37.8,2024-03-01,2028-12-31,2028-12-31,2026-03-01,24,0.0,0
PAIM-618515,Pkg-I (National Highways Authority of India [NHAI]) (618515),Infrastructure & Highways,Ministry of Road Transport & Highways,618515,Maharashtra,870.43,870.43,482.43,55.4,2022-03-01,2026-12-31,2029-12-31,2026-03-01,12,0.0,0
PAIM-618516,NH-48 Pkg-II (National Highways Authority of India [NHAI]) (618516),Infrastructure & Highways,Ministry of Road Transport & Highways,618516,Maharashtra,3235.76,3235.76,2607.68,80.6,2024-03-01,2027-12-31,2029-12-31,2026-03-01,12,0.0,0
PAIM-618636,NH-150C part of Akkalkot  KN/TS Border section Package  XIV (National Highways Authority of India [NHAI]) (618636),Infrastructure & Highways,Ministry of Road Transport & Highways,618636,Maharashtra,608.46,608.46,463.1,76.1,2022-03-01,2027-12-31,2028-12-31,2026-03-01,24,0.0,0
PAIM-618519,to TN/KNT border from km 144.480 to 179.969 (National Highways Authority of India [NHAI]) (618519),Infrastructure & Highways,Ministry of Road Transport & Highways,618519,Karnataka,494.83,494.83,141.63,28.6,2023-03-01,2028-12-31,2027-12-31,2026-03-01,12,0.0,0
PAIM-618581,Hosur to Dhamrapuri Pkg-1 [Neraluru - Thorapalli Agraharam] (National Highways Authority of India [NHAI]) (618581),Infrastructure & Highways,Ministry of Road Transport & Highways,618581,Karnataka,4362.34,4362.34,2299.7,52.7,2024-03-01,2027-12-31,2028-12-31,2026-03-01,36,0.0,0
PAIM-618631,to Km. 203.100 in Raichur of NH-150C Pkg-IV (National Highways Authority of India [NHAI]) (618631),Infrastructure & Highways,Ministry of Road Transport & Highways,618631,Karnataka,2475.97,2475.97,989.4,40.0,2021-03-01,2027-12-31,2028-12-31,2026-03-01,24,0.0,0
PAIM-618632,Km 202.900 to Km 242.200 Pkg-1 (National Highways Authority of India [NHAI]) (618632),Infrastructure & Highways,Ministry of Road Transport & Highways,618632,Karnataka,932.2,932.2,135.94,14.6,2023-03-01,2028-12-31,2029-12-31,2026-03-01,0,0.0,0
PAIM-619097,Thalassery Mahe Bypass Km 170.600 to Km 189.200 of NH-17New NH-66 in Kerala (National Highways Authority of India [NHAI],Infrastructure & Highways,Ministry of Road Transport & Highways,619097,Multi-State,3414.92,3414.92,1894.4,55.5,2024-03-01,2026-12-31,2028-12-31,2026-03-01,6,0.0,0
PAIM-619101,Boregaon Buzurg to Muktainagar (National Highways Authority of India [NHAI]) (619101),Infrastructure & Highways,Ministry of Road Transport & Highways,619101,Maharashtra,4033.86,4033.86,639.26,15.8,2023-03-01,2027-12-31,2029-12-31,2026-03-01,24,0.0,0
PAIM-618556,Lakhnadon section of NH-44 NS (National Highways Authority of India [NHAI]) (618556),Infrastructure & Highways,Ministry of Road Transport & Highways,618556,Uttar Pradesh,1507.6,1507.6,1026.44,68.1,2021-03-01,2028-12-31,2027-12-31,2026-03-01,0,0.0,0
PAIM-618668,168.630 Package-4 (National Highways Authority of India [NHAI]) (618668),Infrastructure & Highways,Ministry of Road Transport & Highways,618668,Maharashtra,3094.94,3094.94,313.88,10.1,2022-03-01,2026-12-31,2028-12-31,2026-03-01,12,0.0,0
PAIM-618624,Mangloor to Telangana Maharashtra Border (National Highways Authority of India [NHAI]) (618624),Infrastructure & Highways,Ministry of Road Transport & Highways,618624,Maharashtra,4131.71,4131.71,2405.41,58.2,2024-03-01,2027-12-31,2028-12-31,2026-03-01,36,0.0,0
PAIM-618938,of NH-353B (National Highways Authority of India [NHAI]) (618938),Infrastructure & Highways,Ministry of Road Transport & Highways,618938,Maharashtra,752.12,752.12,146.77,19.5,2022-03-01,2028-12-31,2029-12-31,2026-03-01,12,0.0,0
PAIM-618941,19.000 to km 51.985 (National Highways Authority of India [NHAI]) (618941),Infrastructure & Highways,Ministry of Road Transport & Highways,618941,Maharashtra,882.63,882.63,715.05,81.0,2021-03-01,2028-12-31,2028-12-31,2026-03-01,36,0.0,0
PAIM-618844,Viluppuram Km.0.000 to Puducherry Km.29.000 (National Highways Authority of India [NHAI]) (618844),Infrastructure & Highways,Ministry of Road Transport & Highways,618844,Multi-State,3964.95,3964.95,555.32,14.0,2022-03-01,2027-12-31,2028-12-31,2026-03-01,18,0.0,0
PAIM-618845,Puducherry Km.29.000 to Poondiyankuppam Km.67.000 (National Highways Authority of India [NHAI]) (618845),Infrastructure & Highways,Ministry of Road Transport & Highways,618845,Multi-State,3357.95,3357.95,2004.11,59.7,2023-03-01,2026-12-31,2029-12-31,2026-03-01,24,0.0,0
PAIM-618847,Sattanathapuram to Nagapattinam from Km 123.800 to Km 179.555 (National Highways Authority of India [NHAI]) (618847),Infrastructure & Highways,Ministry of Road Transport & Highways,618847,Multi-State,2856.57,2856.57,1904.76,66.7,2024-03-01,2027-12-31,2029-12-31,2026-03-01,18,0.0,0
PAIM-618755,180.200 in Prayagraj (National Highways Authority of India [NHAI]) (618755),Infrastructure & Highways,Ministry of Road Transport & Highways,618755,Rajasthan,1592.34,1592.34,381.01,23.9,2022-03-01,2027-12-31,2028-12-31,2026-03-01,6,0.0,0
PAIM-618711,Km to 41.820 Km of Delhi- Dehradun Economic Corridor package-2 (National Highways Authority of India [NHAI]) (618711),Infrastructure & Highways,Ministry of Road Transport & Highways,618711,Delhi,3073.25,3073.25,675.07,22.0,2024-03-01,2027-12-31,2029-12-31,2026-03-01,18,0.0,0
PAIM-618783,4-laning of Pilibhit - Sitarganj from Km. 32.500 to Km. 70.800 Pkg-2 of NH-30 (National Highways Authority of India [NHA,Infrastructure & Highways,Ministry of Road Transport & Highways,618783,Multi-State,2976.39,2976.39,2151.29,72.3,2021-03-01,2028-12-31,2028-12-31,2026-03-01,36,0.0,0
PAIM-618886,NH-334 from Km 143000 to Km 196000 (National Highways Authority of India [NHAI]) (618886),Infrastructure & Highways,Ministry of Road Transport & Highways,618886,Multi-State,1238.07,1238.07,898.14,72.5,2023-03-01,2027-12-31,2027-12-31,2026-03-01,12,0.0,0
PAIM-618912,Uttar Pradesh & Uttarakhand (National Highways Authority of India [NHAI]) (618912),Infrastructure & Highways,Ministry of Road Transport & Highways,618912,Uttar Pradesh,1524.79,1524.79,905.14,59.4,2024-03-01,2026-12-31,2027-12-31,2026-03-01,6,0.0,0
PAIM-618928,"14.490 Km., Starts from Ch. 38770 and ends at Ch. 53260 existing Ch. 05560 (National Highways Authority of India [NHAI])",Infrastructure & Highways,Ministry of Road Transport & Highways,618928,Multi-State,4223.71,4223.71,1651.54,39.1,2023-03-01,2026-12-31,2027-12-31,2026-03-01,6,0.0,0
PAIM-618969,4/6L of  Spur to Haridwar Greenfield from Km. 0.000 to Km. 50.70 (National Highways Authority of India [NHAI]) (618969),Infrastructure & Highways,Ministry of Road Transport & Highways,618969,Multi-State,486.48,486.48,125.7,25.8,2021-03-01,2028-12-31,2029-12-31,2026-03-01,24,0.0,0
PAIM-619217,4L of Haridwar-Nagina section from km. 0.00 to km. 71.614 of NH-74 (National Highways Authority of India [NHAI]) (619217,Infrastructure & Highways,Ministry of Road Transport & Highways,619217,Multi-State,2923.47,2923.47,816.3,27.9,2023-03-01,2028-12-31,2027-12-31,2026-03-01,6,0.0,0
PAIM-617898,Odisha (MoRTH) (617898),Infrastructure & Highways,Ministry of Road Transport & Highways,617898,Odisha,901.59,901.59,144.07,16.0,2022-03-01,2026-12-31,2028-12-31,2026-03-01,12,0.0,0
PAIM-617899,Mangalpur section of NH 20 in the state of Odisha on Annual Plan 2021-22 (MoRTH) (617899),Infrastructure & Highways,Ministry of Road Transport & Highways,617899,Odisha,2235.14,2235.14,1076.2,48.1,2021-03-01,2027-12-31,2028-12-31,2026-03-01,0,0.0,0
PAIM-617902,construction or By-pass road on NH-26 for Nabrangpur Town (MoRTH) (617902),Infrastructure & Highways,Ministry of Road Transport & Highways,617902,Odisha,1838.4,1838.4,724.95,39.4,2023-03-01,2028-12-31,2028-12-31,2026-03-01,6,0.0,0
PAIM-617904,79/800 Design km 11/670 of NH-26 in the State of Odisha. (MoRTH) (617904),Infrastructure & Highways,Ministry of Road Transport & Highways,617904,Odisha,3276.04,3276.04,1095.0,33.4,2023-03-01,2028-12-31,2029-12-31,2026-03-01,12,0.0,0
PAIM-617905,EPC mode under Annual Plan 2021-22 (MoRTH) (617905),Infrastructure & Highways,Ministry of Road Transport & Highways,617905,Odisha,675.98,675.98,90.41,13.4,2024-03-01,2026-12-31,2029-12-31,2026-03-01,0,0.0,0
PAIM-617920,Odisha. Job No. NH-55-OD-2022-23-656 (MoRTH) (617920),Infrastructure & Highways,Ministry of Road Transport & Highways,617920,Odisha,3183.24,3183.24,2006.58,63.0,2022-03-01,2026-12-31,2029-12-31,2026-03-01,12,0.0,0
PAIM-617921,277/500 to 318/970 of NH-55 in the State of Odisha under Annual Plan 2021-22. (MoRTH) (617921),Infrastructure & Highways,Ministry of Road Transport & Highways,617921,Odisha,2216.0,2216.0,242.21,10.9,2023-03-01,2027-12-31,2027-12-31,2026-03-01,18,0.0,0
PAIM-617922,Plan 2022-23 for the state of Odisha Job No.NH-49-OD-2022-23-655 (MoRTH) (617922),Infrastructure & Highways,Ministry of Road Transport & Highways,617922,Odisha,1352.31,1352.31,579.28,42.8,2022-03-01,2026-12-31,2029-12-31,2026-03-01,6,0.0,0
PAIM-617923,land acquisition in the state of Odisha on EPC mode under Annual Plan 2022-23. (MoRTH) (617923),Infrastructure & Highways,Ministry of Road Transport & Highways,617923,Odisha,1272.23,1272.23,347.29,27.3,2021-03-01,2028-12-31,2028-12-31,2026-03-01,36,0.0,0
PAIM-617924,including land acquisition in the state of Odisha. (MoRTH) (617924),Infrastructure & Highways,Ministry of Road Transport & Highways,617924,Odisha,3068.33,3068.33,449.6,14.7,2022-03-01,2028-12-31,2029-12-31,2026-03-01,36,0.0,0
PAIM-617925,including LA in the State of Odisha on EPC mode. (MoRTH) (617925),Infrastructure & Highways,Ministry of Road Transport & Highways,617925,Odisha,1443.67,1443.67,1003.4,69.5,2023-03-01,2028-12-31,2029-12-31,2026-03-01,6,0.0,0
PAIM-617930,Berhampur town including 4-lane RoB in the state of Odisha. (MoRTH) (617930),Infrastructure & Highways,Ministry of Road Transport & Highways,617930,Odisha,490.44,490.44,383.39,78.2,2024-03-01,2026-12-31,2027-12-31,2026-03-01,18,0.0,0
PAIM-618003,2033-34 (MoRTH) (618003),Infrastructure & Highways,Ministry of Road Transport & Highways,618003,Odisha,4465.19,4465.19,505.57,11.3,2022-03-01,2028-12-31,2027-12-31,2026-03-01,12,0.0,0
PAIM-618012,section of NH 326 in the State of Odisha under Annual Plan 2021.22. (MoRTH) (618012),Infrastructure & Highways,Ministry of Road Transport & Highways,618012,Odisha,4484.12,4484.12,2421.11,54.0,2021-03-01,2028-12-31,2027-12-31,2026-03-01,24,0.0,0
PAIM-618079,state of Odisha on EPC Mode under Annual plan 2022-23. (MoRTH) (618079),Infrastructure & Highways,Ministry of Road Transport & Highways,618079,Odisha,3110.46,3110.46,1664.39,53.5,2024-03-01,2028-12-31,2028-12-31,2026-03-01,18,0.0,0
PAIM-618122,Plan 2021-22. (MoRTH) (618122),Infrastructure & Highways,Ministry of Road Transport & Highways,618122,Odisha,3960.21,3960.21,1689.86,42.7,2023-03-01,2028-12-31,2029-12-31,2026-03-01,0,0.0,0
PAIM-618523,Bhadrak KM 136.500 to Baleshwar KM 199.141 (National Highways Authority of India [NHAI]) (618523),Infrastructure & Highways,Ministry of Road Transport & Highways,618523,Odisha,4076.38,4076.38,2392.0,58.7,2023-03-01,2027-12-31,2029-12-31,2026-03-01,6,0.0,0
PAIM-618591,"Earlier NH-6 in Sambalpur, on EPC mode in Odisha under NHO (National Highways Authority of India [NHAI]) (618591)",Infrastructure & Highways,Ministry of Road Transport & Highways,618591,Odisha,2798.84,2798.84,1707.01,61.0,2024-03-01,2026-12-31,2028-12-31,2026-03-01,24,0.0,0
PAIM-618592,at Km.215.270 in Baharagora-Singhara section of NH-49 (National Highways Authority of India [NHAI]) (618592),Infrastructure & Highways,Ministry of Road Transport & Highways,618592,Odisha,1783.73,1783.73,653.42,36.6,2024-03-01,2027-12-31,2028-12-31,2026-03-01,24,0.0,0
PAIM-618593,Bangriposi Ghat section in the State of Odisha on EPC Mode (National Highways Authority of India [NHAI]) (618593),Infrastructure & Highways,Ministry of Road Transport & Highways,618593,Odisha,4369.8,4369.8,3507.27,80.3,2023-03-01,2028-12-31,2027-12-31,2026-03-01,0,0.0,0
PAIM-618677,km 293000 Package  OD-5 (National Highways Authority of India [NHAI]) (618677),Infrastructure & Highways,Ministry of Road Transport & Highways,618677,Odisha,4398.52,4398.52,2768.99,63.0,2021-03-01,2026-12-31,2028-12-31,2026-03-01,12,0.0,0
PAIM-618678,km 338500 Package  OD-6 (National Highways Authority of India [NHAI]) (618678),Infrastructure & Highways,Ministry of Road Transport & Highways,618678,Odisha,775.47,775.47,263.53,34.0,2021-03-01,2027-12-31,2028-12-31,2026-03-01,18,0.0,0
PAIM-618680,365033 Package-OD-8 (National Highways Authority of India [NHAI]) (618680),Infrastructure & Highways,Ministry of Road Transport & Highways,618680,Odisha,4142.18,4142.18,1426.48,34.4,2023-03-01,2026-12-31,2027-12-31,2026-03-01,6,0.0,0
PAIM-618704,Corridor of Angul  Sambalpur Section of NH-42 New NH-55 Km.202.533 (National Highways Authority of India [NHAI]) (618704,Infrastructure & Highways,Ministry of Road Transport & Highways,618704,Odisha,429.01,429.01,260.78,60.8,2021-03-01,2028-12-31,2029-12-31,2026-03-01,0,0.0,0
PAIM-618819,Balance work of Panikoili Rimoli Section of new NH-20 from Km 0.00 to Km. 163.000 (National Highways Authority of India ,Infrastructure & Highways,Ministry of Road Transport & Highways,618819,Odisha,3539.92,3539.92,1942.99,54.9,2023-03-01,2026-12-31,2027-12-31,2026-03-01,24,0.0,0
PAIM-618820,NH-53 Old NH  5A from Km.39.000 to Km.60.00 Package-3 (National Highways Authority of India [NHAI]) (618820),Infrastructure & Highways,Ministry of Road Transport & Highways,618820,Odisha,1283.27,1283.27,949.25,74.0,2024-03-01,2027-12-31,2029-12-31,2026-03-01,24,0.0,0
PAIM-618821,Package-2 (National Highways Authority of India [NHAI]) (618821),Infrastructure & Highways,Ministry of Road Transport & Highways,618821,Odisha,2621.79,2621.79,1702.84,64.9,2023-03-01,2027-12-31,2029-12-31,2026-03-01,12,0.0,0
PAIM-618822,NH-53 Old NH  5A from Km.0.00 to Km.18.00Package-1 (National Highways Authority of India [NHAI]) (618822),Infrastructure & Highways,Ministry of Road Transport & Highways,618822,Odisha,3309.49,3309.49,670.76,20.3,2022-03-01,2026-12-31,2029-12-31,2026-03-01,6,0.0,0
PAIM-618908,NH-200 New NH -53 (National Highways Authority of India [NHAI]) (618908),Infrastructure & Highways,Ministry of Road Transport & Highways,618908,Odisha,1152.57,1152.57,286.73,24.9,2024-03-01,2026-12-31,2027-12-31,2026-03-01,12,0.0,0
PAIM-618913,4-L of Rajamunda to Barkote Section of NH-23 from km. 287.200 to km. 337.185 (National Highways Authority of India [NHAI,Infrastructure & Highways,Ministry of Road Transport & Highways,618913,Odisha,555.83,555.83,229.22,41.2,2022-03-01,2026-12-31,2029-12-31,2026-03-01,6,0.0,0
PAIM-619075,6L of Bhubaneswar - Jagatpur - Chandikhole Section of NH-16 (National Highways Authority of India [NHAI]) (619075),Infrastructure & Highways,Ministry of Road Transport & Highways,619075,Odisha,3727.3,3727.3,726.25,19.5,2021-03-01,2026-12-31,2029-12-31,2026-03-01,12,0.0,0
PAIM-619109,Package  OD-3 (National Highways Authority of India [NHAI]) (619109),Infrastructure & Highways,Ministry of Road Transport & Highways,619109,Odisha,3380.94,3380.94,1294.75,38.3,2023-03-01,2028-12-31,2028-12-31,2026-03-01,0,0.0,0
PAIM-619118,Four Laning of Angul to Sambalpur from Km.112.000 to Km.265.000 (National Highways Authority of India [NHAI]) (619118),Infrastructure & Highways,Ministry of Road Transport & Highways,619118,Odisha,768.14,768.14,543.54,70.8,2021-03-01,2027-12-31,2028-12-31,2026-03-01,36,0.0,0
PAIM-619119,State of Odisha (National Highways Authority of India [NHAI]) (619119),Infrastructure & Highways,Ministry of Road Transport & Highways,619119,Odisha,745.21,745.21,376.87,50.6,2022-03-01,2027-12-31,2027-12-31,2026-03-01,18,0.0,0
PAIM-619157,149 and km 301.875 - km 335.946 of NH-53 Pkg-I (National Highways Authority of India [NHAI]) (619157),Infrastructure & Highways,Ministry of Road Transport & Highways,619157,Odisha,2363.96,2363.96,754.49,31.9,2024-03-01,2026-12-31,2029-12-31,2026-03-01,18,0.0,0
PAIM-619158,4 Laning of Duburi Chandikhole from km 388.376 to km 428.074 Pkg-III (National Highways Authority of India [NHAI]) (6191,Infrastructure & Highways,Ministry of Road Transport & Highways,619158,Odisha,2748.83,2748.83,371.35,13.5,2023-03-01,2027-12-31,2027-12-31,2026-03-01,24,0.0,0
PAIM-619181,NH-53 Old NH  5A from Km.60.000 to Km.76.646 Package-4 (National Highways Authority of India [NHAI]) (619181),Infrastructure & Highways,Ministry of Road Transport & Highways,619181,Odisha,4124.85,4124.85,1157.44,28.1,2022-03-01,2026-12-31,2027-12-31,2026-03-01,6,0.0,0
PAIM-619213,Package  OD-2 (National Highways Authority of India [NHAI]) (619213),Infrastructure & Highways,Ministry of Road Transport & Highways,619213,Odisha,2966.33,2966.33,729.4,24.6,2024-03-01,2028-12-31,2029-12-31,2026-03-01,18,0.0,0
PAIM-619215,the State of Odisha (National Highways Authority of India [NHAI]) (619215),Infrastructure & Highways,Ministry of Road Transport & Highways,619215,Odisha,2928.12,2928.12,491.22,16.8,2023-03-01,2027-12-31,2028-12-31,2026-03-01,18,0.0,0
PAIM-618010,Punjab. Job No NH-254-PB-2022-23-565 (MoRTH) (618010),Infrastructure & Highways,Ministry of Road Transport & Highways,618010,Punjab,1571.86,1571.86,529.5,33.7,2024-03-01,2026-12-31,2029-12-31,2026-03-01,18,0.0,0
PAIM-618023,on EPC mode. Job No. NH-354-PB-2021-22-555 (MoRTH) (618023),Infrastructure & Highways,Ministry of Road Transport & Highways,618023,Punjab,2385.73,2385.73,353.61,14.8,2022-03-01,2026-12-31,2029-12-31,2026-03-01,36,0.0,0
PAIM-618024,No. NH-354-PB-2020-21-532 (MoRTH) (618024),Infrastructure & Highways,Ministry of Road Transport & Highways,618024,Punjab,2429.2,2429.2,334.49,13.8,2022-03-01,2026-12-31,2029-12-31,2026-03-01,36,0.0,0
PAIM-618487,Bhogiwal village Km 188830 to km 225770 (National Highways Authority of India [NHAI]) (618487),Infrastructure & Highways,Ministry of Road Transport & Highways,618487,Punjab,3954.28,3954.28,2050.99,51.9,2021-03-01,2026-12-31,2028-12-31,2026-03-01,12,0.0,0
PAIM-618488,near Mullanpur Dakha Km 225770 to km 260860 (National Highways Authority of India [NHAI]) (618488),Infrastructure & Highways,Ministry of Road Transport & Highways,618488,Punjab,3552.62,3552.62,924.24,26.0,2023-03-01,2027-12-31,2028-12-31,2026-03-01,12,0.0,0
PAIM-618489,Kang Sahibu village Km 260860 to km 303900 (National Highways Authority of India [NHAI]) (618489),Infrastructure & Highways,Ministry of Road Transport & Highways,618489,Punjab,3993.49,3993.49,1011.45,25.3,2021-03-01,2026-12-31,2029-12-31,2026-03-01,36,0.0,0
PAIM-618490,Sultanpur Lodhi road NH-703A km 000 to km 24000 to Amritsar connectivity (National Highways Authority of India [NHAI]) (,Infrastructure & Highways,Ministry of Road Transport & Highways,618490,Punjab,2220.19,2220.19,1348.77,60.8,2022-03-01,2027-12-31,2027-12-31,2026-03-01,36,0.0,0
PAIM-618491,362420 (National Highways Authority of India [NHAI]) (618491),Infrastructure & Highways,Ministry of Road Transport & Highways,618491,Punjab,3274.86,3274.86,2569.8,78.5,2024-03-01,2027-12-31,2027-12-31,2026-03-01,0,0.0,0
PAIM-618492,Pathankot-Gurdaspur road NH-54 near Gurdaspur Km 362420 to km 397700 (National Highways Authority of India [NHAI]) (6184,Infrastructure & Highways,Ministry of Road Transport & Highways,618492,Punjab,2282.61,2282.61,1384.78,60.7,2022-03-01,2027-12-31,2028-12-31,2026-03-01,18,0.0,0
PAIM-618493,NH-703AA near Goinwal Sahib [Km 24000 to Km 41000 of Amritsar connectivity] (National Highways Authority of India [NHAI],Infrastructure & Highways,Ministry of Road Transport & Highways,618493,Punjab,2513.22,2513.22,1602.05,63.7,2022-03-01,2026-12-31,2027-12-31,2026-03-01,6,0.0,0
PAIM-618551,Talwara village on NH-44 Pathankot by-pass (National Highways Authority of India [NHAI]) (618551),Infrastructure & Highways,Ministry of Road Transport & Highways,618551,Punjab,859.64,859.64,216.4,25.2,2022-03-01,2026-12-31,2029-12-31,2026-03-01,6,0.0,0
PAIM-618552,at Kang Sahbu NH-703  via Sarmastpur NH-44 - Madara NH-03 - Khajurla NH-44 (National Highways Authority of India [NHAI]),Infrastructure & Highways,Ministry of Road Transport & Highways,618552,Haryana,4353.25,4353.25,2244.26,51.6,2023-03-01,2027-12-31,2027-12-31,2026-03-01,12,0.0,0
PAIM-618610,NH-54 from km. 0.000 to km. 27.400 of NH-54 (National Highways Authority of India [NHAI]) (618610),Infrastructure & Highways,Ministry of Road Transport & Highways,618610,Haryana,1006.33,1006.33,132.77,13.2,2021-03-01,2026-12-31,2029-12-31,2026-03-01,36,0.0,0
PAIM-618617,Pkg-1 (National Highways Authority of India [NHAI]) (618617),Infrastructure & Highways,Ministry of Road Transport & Highways,618617,Punjab,438.99,438.99,202.83,46.2,2022-03-01,2026-12-31,2028-12-31,2026-03-01,12,0.0,0
PAIM-618618,Sangat Kalan from km 93.000 to km 154.866 of NH-754A Pkg-3 (National Highways Authority of India [NHAI]) (618618),Infrastructure & Highways,Ministry of Road Transport & Highways,618618,Punjab,2259.65,2259.65,1104.56,48.9,2022-03-01,2027-12-31,2028-12-31,2026-03-01,36,0.0,0
PAIM-618647,Road NH-703 near village Tallewal from Km 0.0 to Km 30.3 of NH-754AD Pkg-1 (National Highways Authority of India [NHAI]),Infrastructure & Highways,Ministry of Road Transport & Highways,618647,Punjab,2469.25,2469.25,466.7,18.9,2021-03-01,2027-12-31,2027-12-31,2026-03-01,18,0.0,0
PAIM-618764,Moga - Bagha Purana - Bajakhana from km. 0.00 to km. 43.32 (National Highways Authority of India [NHAI]) (618764),Infrastructure & Highways,Ministry of Road Transport & Highways,618764,Punjab,4022.32,4022.32,945.11,23.5,2021-03-01,2027-12-31,2027-12-31,2026-03-01,24,0.0,0
PAIM-618776,4L of Greenfield section from  Sirhind to Mohali (National Highways Authority of India [NHAI]) (618776),Infrastructure & Highways,Ministry of Road Transport & Highways,618776,Punjab,2702.53,2702.53,1266.67,46.9,2023-03-01,2028-12-31,2028-12-31,2026-03-01,6,0.0,0
PAIM-618785,Pkg-3 (National Highways Authority of India [NHAI]) (618785),Infrastructure & Highways,Ministry of Road Transport & Highways,618785,Punjab,3650.65,3650.65,2983.65,81.7,2021-03-01,2028-12-31,2027-12-31,2026-03-01,0,0.0,0
PAIM-618786,4L of Phagwara - Hoshiarpur (National Highways Authority of India [NHAI]) (618786),Infrastructure & Highways,Ministry of Road Transport & Highways,618786,Punjab,1304.85,1304.85,954.97,73.2,2023-03-01,2026-12-31,2027-12-31,2026-03-01,24,0.0,0
PAIM-618793,& Fazilka Bypasses (National Highways Authority of India [NHAI]) (618793),Infrastructure & Highways,Ministry of Road Transport & Highways,618793,Punjab,2091.08,2091.08,1138.45,54.4,2022-03-01,2027-12-31,2027-12-31,2026-03-01,0,0.0,0
PAIM-618794,Amritsarairport Junction - Ramdas from km. 100.835 to km. 139.813 Pkg - IV (National Highways Authority of India [NHAI]),Infrastructure & Highways,Ministry of Road Transport & Highways,618794,Punjab,1899.22,1899.22,985.92,51.9,2022-03-01,2027-12-31,2029-12-31,2026-03-01,12,0.0,0
PAIM-618795,Amritsar Bypass Pkg III from km. 71.496 to km. 105.158 (National Highways Authority of India [NHAI]) (618795),Infrastructure & Highways,Ministry of Road Transport & Highways,618795,Punjab,503.87,503.87,286.42,56.8,2021-03-01,2027-12-31,2029-12-31,2026-03-01,6,0.0,0
PAIM-618809,0.000 to Km. 31.300 Pkg-1 (National Highways Authority of India [NHAI]) (618809),Infrastructure & Highways,Ministry of Road Transport & Highways,618809,Punjab,2084.72,2084.72,590.13,28.3,2021-03-01,2028-12-31,2027-12-31,2026-03-01,24,0.0,0
PAIM-618810,Nanak  from Km. 31.300 to Km. 69.100  with Additional batala Bypass Pkg-II (National Highways Authority of India [NHAI]),Infrastructure & Highways,Ministry of Road Transport & Highways,618810,Punjab,3289.73,3289.73,690.22,21.0,2021-03-01,2027-12-31,2029-12-31,2026-03-01,36,0.0,0
PAIM-618906,503A Package-I (National Highways Authority of India [NHAI]) (618906),Infrastructure & Highways,Ministry of Road Transport & Highways,618906,Punjab,3587.5,3587.5,1037.7,28.9,2021-03-01,2026-12-31,2028-12-31,2026-03-01,6,0.0,0
PAIM-619099,from km 39.000 to km 93.000 of NH-754A Pkg-2 (National Highways Authority of India [NHAI]) (619099),Infrastructure & Highways,Ministry of Road Transport & Highways,619099,Punjab,1427.84,1427.84,1155.95,81.0,2024-03-01,2027-12-31,2027-12-31,2026-03-01,12,0.0,0
PAIM-619105,near Ludhiana village Ballowal from Km 30.300 to Km 75.543 of NH-754AD Pkg-2 (National Highways Authority of India [NHAI,Infrastructure & Highways,Ministry of Road Transport & Highways,619105,Punjab,2459.26,2459.26,537.65,21.9,2022-03-01,2026-12-31,2028-12-31,2026-03-01,0,0.0,0
PAIM-619200,354 near Amritsar Airport [Km 71000 to Km 99000 of Amritsar connectivity] (National Highways Authority of India [NHAI]) ,Infrastructure & Highways,Ministry of Road Transport & Highways,619200,Rajasthan,1922.3,1922.3,789.07,41.0,2022-03-01,2028-12-31,2028-12-31,2026-03-01,24,0.0,0
PAIM-617887,Beawer Gomti 4LPS from km 58.245 to km 108.600 Pkg-I (MoRTH) (617887),Infrastructure & Highways,Ministry of Road Transport & Highways,617887,Rajasthan,855.38,855.38,635.56,74.3,2023-03-01,2026-12-31,2029-12-31,2026-03-01,36,0.0,0
PAIM-617891,Design Km 41.625 to Km 54.689 of NH-11 on EPC Mode in the state of Rajasthan . (MoRTH) (617891),Infrastructure & Highways,Ministry of Road Transport & Highways,617891,Rajasthan,1719.39,1719.39,1147.05,66.7,2024-03-01,2028-12-31,2028-12-31,2026-03-01,18,0.0,0
PAIM-617900,Length-93.52 Km. (MoRTH) (617900),Infrastructure & Highways,Ministry of Road Transport & Highways,617900,Rajasthan,4047.07,4047.07,3108.31,76.8,2023-03-01,2027-12-31,2029-12-31,2026-03-01,0,0.0,0
PAIM-617901,on EPC mode in the state of Rajasthan. (MoRTH) (617901),Infrastructure & Highways,Ministry of Road Transport & Highways,617901,Rajasthan,1171.67,1171.67,985.04,84.1,2023-03-01,2027-12-31,2028-12-31,2026-03-01,6,0.0,0
PAIM-618011,the state of Rajasthan on EPC Mode (MoRTH) (618011),Infrastructure & Highways,Ministry of Road Transport & Highways,618011,Rajasthan,3067.97,3067.97,1572.55,51.3,2021-03-01,2028-12-31,2028-12-31,2026-03-01,6,0.0,0
PAIM-618069,74.645 of NH-54 in the State of Rajasthan on EPC mode. (MoRTH) (618069),Infrastructure & Highways,Ministry of Road Transport & Highways,618069,Rajasthan,1433.62,1433.62,846.7,59.1,2021-03-01,2027-12-31,2028-12-31,2026-03-01,0,0.0,0
PAIM-618092,NH-162E in the State of Rajasthan on EPC mode. (MoRTH) (618092),Infrastructure & Highways,Ministry of Road Transport & Highways,618092,Rajasthan,2753.1,2753.1,1131.92,41.1,2022-03-01,2027-12-31,2029-12-31,2026-03-01,6,0.0,0
PAIM-618093,55.950 of NH-162E on EPC mode. (MoRTH) (618093),Infrastructure & Highways,Ministry of Road Transport & Highways,618093,Rajasthan,3846.69,3846.69,903.06,23.5,2023-03-01,2026-12-31,2027-12-31,2026-03-01,24,0.0,0
PAIM-618117,Bara in the State of Rajasthan on EPC Mode. (MoRTH) (618117),Infrastructure & Highways,Ministry of Road Transport & Highways,618117,Rajasthan,1077.0,1077.0,433.02,40.2,2021-03-01,2027-12-31,2027-12-31,2026-03-01,0,0.0,0
PAIM-618118,mode in the State of Rajasthan. (MoRTH) (618118),Infrastructure & Highways,Ministry of Road Transport & Highways,618118,Rajasthan,3051.88,3051.88,2256.79,73.9,2021-03-01,2028-12-31,2029-12-31,2026-03-01,18,0.0,0
PAIM-618200,in the State of Rajasthan. (MoRTH) (618200),Infrastructure & Highways,Ministry of Road Transport & Highways,618200,Rajasthan,3042.48,3042.48,688.27,22.6,2023-03-01,2028-12-31,2028-12-31,2026-03-01,0,0.0,0
PAIM-618235,Green National Highway Corridor Project GNHCP. (MoRTH) (618235),Infrastructure & Highways,Ministry of Road Transport & Highways,618235,Rajasthan,3931.39,3931.39,401.07,10.2,2023-03-01,2027-12-31,2029-12-31,2026-03-01,18,0.0,0
PAIM-618456,[Junction with NH- 76 to Junction with NH-12 near village Ummedpura] (National Highways Authority of India [NHAI]) (6184,Infrastructure & Highways,Ministry of Road Transport & Highways,618456,Rajasthan,687.09,687.09,563.7,82.0,2021-03-01,2028-12-31,2029-12-31,2026-03-01,12,0.0,0
PAIM-618457,[End of Interchange on NH-166 near village Mui to Hardeoganj village near Indergarh] (National Highways Authority of Ind,Infrastructure & Highways,Ministry of Road Transport & Highways,618457,Rajasthan,3733.26,3733.26,546.72,14.6,2023-03-01,2027-12-31,2027-12-31,2026-03-01,36,0.0,0
PAIM-618458,Nayagaon Jageer village] (National Highways Authority of India [NHAI]) (618458),Infrastructure & Highways,Ministry of Road Transport & Highways,618458,Rajasthan,2861.21,2861.21,1622.3,56.7,2023-03-01,2028-12-31,2029-12-31,2026-03-01,6,0.0,0
PAIM-618611,Package-7 (National Highways Authority of India [NHAI]) (618611),Infrastructure & Highways,Ministry of Road Transport & Highways,618611,Gujarat,2996.85,2996.85,653.05,21.8,2022-03-01,2026-12-31,2027-12-31,2026-03-01,36,0.0,0
PAIM-618612,Deogarh near Dhandhaniya-Rajasthan/Gujarat Border Phase-I AJ/DRGB-Package-6 (National Highways Authority of India [NHAI],Infrastructure & Highways,Ministry of Road Transport & Highways,618612,Gujarat,4066.81,4066.81,992.67,24.4,2022-03-01,2028-12-31,2029-12-31,2026-03-01,18,0.0,0
PAIM-618613,Deogarh near Dhandhaniya-Rajasthan/Gujarat Border Phase-I AJ/DRGB-Package-7 (National Highways Authority of India [NHAI],Infrastructure & Highways,Ministry of Road Transport & Highways,618613,Gujarat,578.83,578.83,352.14,60.8,2023-03-01,2028-12-31,2029-12-31,2026-03-01,24,0.0,0
PAIM-618757,Section (National Highways Authority of India [NHAI]) (618757),Infrastructure & Highways,Ministry of Road Transport & Highways,618757,Rajasthan,786.58,786.58,285.65,36.3,2022-03-01,2027-12-31,2028-12-31,2026-03-01,36,0.0,0
PAIM-618758,Paniyala-Barodameo ICR (National Highways Authority of India [NHAI]) (618758),Infrastructure & Highways,Ministry of Road Transport & Highways,618758,Rajasthan,1008.82,1008.82,123.67,12.3,2022-03-01,2028-12-31,2029-12-31,2026-03-01,18,0.0,0
PAIM-618796,Pakisthan Border NH-968 Pkg-BM/5 (National Highways Authority of India [NHAI]) (618796),Infrastructure & Highways,Ministry of Road Transport & Highways,618796,Rajasthan,1984.56,1984.56,294.06,14.8,2022-03-01,2028-12-31,2028-12-31,2026-03-01,6,0.0,0
PAIM-618797,Sundra  Myajilar  Ambsingh ki Dhani Road part of Munabao  Tanot project NH-70 (National Highways Authority of India [NHA,Infrastructure & Highways,Ministry of Road Transport & Highways,618797,Rajasthan,1810.34,1810.34,437.96,24.2,2023-03-01,2028-12-31,2027-12-31,2026-03-01,18,0.0,0
PAIM-618838,Road Pkg-II (National Highways Authority of India [NHAI]) (618838),Infrastructure & Highways,Ministry of Road Transport & Highways,618838,Rajasthan,2732.97,2732.97,1235.93,45.2,2024-03-01,2026-12-31,2029-12-31,2026-03-01,0,0.0,0
PAIM-618853,NH-68 (National Highways Authority of India [NHAI]) (618853),Infrastructure & Highways,Ministry of Road Transport & Highways,618853,Rajasthan,817.59,817.59,364.87,44.6,2022-03-01,2027-12-31,2029-12-31,2026-03-01,0,0.0,0
PAIM-619063,Jaipur (National Highways Authority of India [NHAI]) (619063),Infrastructure & Highways,Ministry of Road Transport & Highways,619063,Rajasthan,3392.95,3392.95,1846.47,54.4,2022-03-01,2028-12-31,2028-12-31,2026-03-01,0,0.0,0
PAIM-617962,the state of Tamil Nadu job No.NH-49 Extn New NH 85 - TN-2021-22-997 (MoRTH) (617962),Infrastructure & Highways,Ministry of Road Transport & Highways,617962,Tamil Nadu,1441.61,1441.61,919.03,63.8,2023-03-01,2026-12-31,2027-12-31,2026-03-01,0,0.0,0
PAIM-618478,Km 180.000 to Km 204.500 (National Highways Authority of India [NHAI]) (618478),Infrastructure & Highways,Ministry of Road Transport & Highways,618478,Tamil Nadu,1394.64,1394.64,1119.54,80.3,2022-03-01,2027-12-31,2027-12-31,2026-03-01,0,0.0,0
PAIM-618479,from Km 204.500 to Km 230.000 (National Highways Authority of India [NHAI]) (618479),Infrastructure & Highways,Ministry of Road Transport & Highways,618479,Tamil Nadu,2126.06,2126.06,1223.57,57.6,2022-03-01,2026-12-31,2027-12-31,2026-03-01,12,0.0,0
PAIM-618480,Sriperumbudur Toll Plaza at km. 35700 (National Highways Authority of India [NHAI]) (618480),Infrastructure & Highways,Ministry of Road Transport & Highways,618480,Tamil Nadu,1032.52,1032.52,804.4,77.9,2021-03-01,2026-12-31,2027-12-31,2026-03-01,0,0.0,0
PAIM-618481,Kanchepuram to Sriperumbudur Section Phase-III/Package-IV (National Highways Authority of India [NHAI]) (618481),Infrastructure & Highways,Ministry of Road Transport & Highways,618481,Tamil Nadu,2373.32,2373.32,1260.53,53.1,2023-03-01,2026-12-31,2027-12-31,2026-03-01,6,0.0,0
PAIM-618521,Karaipettai to Walajapet from Km 71.015 to 107.091 (National Highways Authority of India [NHAI]) (618521),Infrastructure & Highways,Ministry of Road Transport & Highways,618521,Tamil Nadu,3194.76,3194.76,2083.26,65.2,2021-03-01,2028-12-31,2029-12-31,2026-03-01,12,0.0,0
PAIM-618522,EPC mode underNHDP Phase-V (National Highways Authority of India [NHAI]) (618522),Infrastructure & Highways,Ministry of Road Transport & Highways,618522,Tamil Nadu,4274.12,4274.12,2026.72,47.4,2023-03-01,2028-12-31,2027-12-31,2026-03-01,18,0.0,0
PAIM-618561,Dharmapuri - Salem Section of NH-44 (National Highways Authority of India [NHAI]) (618561),Infrastructure & Highways,Ministry of Road Transport & Highways,618561,Tamil Nadu,1130.08,1130.08,334.33,29.6,2023-03-01,2028-12-31,2029-12-31,2026-03-01,0,0.0,0
PAIM-618562,Dindigul Bypass - Samyanallore from km. 373.275 to km. 426.00 (National Highways Authority of India [NHAI]) (618562),Infrastructure & Highways,Ministry of Road Transport & Highways,618562,Tamil Nadu,839.18,839.18,139.02,16.6,2023-03-01,2026-12-31,2027-12-31,2026-03-01,6,0.0,0
PAIM-618563,4L of Madurai Ring Road Phase 1 [Vadipatti-Thamrapatti] from km 0.00 - km 29.960 (National Highways Authority of India [,Infrastructure & Highways,Ministry of Road Transport & Highways,618563,Tamil Nadu,2205.44,2205.44,1574.15,71.4,2023-03-01,2028-12-31,2027-12-31,2026-03-01,6,0.0,0
PAIM-618608,Kanyakumari Section from Km 43.0 to Km 96.174 of NH66 (National Highways Authority of India [NHAI]) (618608),Infrastructure & Highways,Ministry of Road Transport & Highways,618608,Tamil Nadu,2816.58,2816.58,2191.07,77.8,2024-03-01,2027-12-31,2029-12-31,2026-03-01,0,0.0,0
PAIM-618635,IV (National Highways Authority of India [NHAI]) (618635),Infrastructure & Highways,Ministry of Road Transport & Highways,618635,Tamil Nadu,986.99,986.99,684.7,69.4,2023-03-01,2028-12-31,2028-12-31,2026-03-01,36,0.0,0
PAIM-618743,Trichy 135.800 to Karur 218.000 section of NH-67 - Trichy Bypass (National Highways Authority of India [NHAI]) (618743),Infrastructure & Highways,Ministry of Road Transport & Highways,618743,Tamil Nadu,1928.69,1928.69,1601.95,83.1,2023-03-01,2027-12-31,2028-12-31,2026-03-01,18,0.0,0
PAIM-618744,4L of Thirumangalam to Vadugapatti section from km 0.000 to km 36.000 of NH-744 (National Highways Authority of India [N,Infrastructure & Highways,Ministry of Road Transport & Highways,618744,Tamil Nadu,2817.15,2817.15,1791.66,63.6,2024-03-01,2027-12-31,2027-12-31,2026-03-01,36,0.0,0
PAIM-618745,71.600 of NH-744 (National Highways Authority of India [NHAI]) (618745),Infrastructure & Highways,Ministry of Road Transport & Highways,618745,Tamil Nadu,705.1,705.1,522.86,74.2,2024-03-01,2028-12-31,2029-12-31,2026-03-01,36,0.0,0
PAIM-618756,Melur - Pilayarpatti - Karaikudi from km 99.920 of NH 38 to km 12.9 of NH 383 Ext. (National Highways Authority of India,Infrastructure & Highways,Ministry of Road Transport & Highways,618756,Tamil Nadu,1789.05,1789.05,1458.98,81.6,2022-03-01,2027-12-31,2029-12-31,2026-03-01,12,0.0,0
PAIM-618773,Tuticorin - Tirunelveli from km. 0.00 to km. 47.250 (National Highways Authority of India [NHAI]) (618773),Infrastructure & Highways,Ministry of Road Transport & Highways,618773,Tamil Nadu,4370.97,4370.97,2512.59,57.5,2022-03-01,2028-12-31,2027-12-31,2026-03-01,6,0.0,0
PAIM-618800,Km 4.604 to Km 9.700 (National Highways Authority of India [NHAI]) (618800),Infrastructure & Highways,Ministry of Road Transport & Highways,618800,Tamil Nadu,3749.27,3749.27,2309.03,61.6,2021-03-01,2027-12-31,2028-12-31,2026-03-01,6,0.0,0
PAIM-618801,0342 to Km 4604 (National Highways Authority of India [NHAI]) (618801),Infrastructure & Highways,Ministry of Road Transport & Highways,618801,Tamil Nadu,4147.88,4147.88,602.38,14.5,2024-03-01,2026-12-31,2028-12-31,2026-03-01,6,0.0,0
PAIM-618846,Poondiyankuppam Km.67.000 to Sattanathapuram Km.123.800 (National Highways Authority of India [NHAI]) (618846),Infrastructure & Highways,Ministry of Road Transport & Highways,618846,Tamil Nadu,1428.84,1428.84,179.77,12.6,2024-03-01,2028-12-31,2029-12-31,2026-03-01,12,0.0,0
PAIM-618874,Four Laning of Trichy - Dindigul from km. 333.00 to km. 421.273 of NH-45 (National Highways Authority of India [NHAI]) (,Infrastructure & Highways,Ministry of Road Transport & Highways,618874,Tamil Nadu,2729.11,2729.11,669.89,24.5,2022-03-01,2026-12-31,2027-12-31,2026-03-01,36,0.0,0
PAIM-618894,83 (National Highways Authority of India [NHAI]) (618894),Infrastructure & Highways,Ministry of Road Transport & Highways,618894,Tamil Nadu,3789.97,3789.97,983.77,26.0,2024-03-01,2026-12-31,2028-12-31,2026-03-01,0,0.0,0
PAIM-618895,Kamalapuram to Oddanchatram from km. 0.00 to km. 35.822 (National Highways Authority of India [NHAI]) (618895),Infrastructure & Highways,Ministry of Road Transport & Highways,618895,Tamil Nadu,1178.57,1178.57,549.19,46.6,2023-03-01,2027-12-31,2029-12-31,2026-03-01,0,0.0,0
PAIM-618897,NH45 C Pkg-II (National Highways Authority of India [NHAI]) (618897),Infrastructure & Highways,Ministry of Road Transport & Highways,618897,Tamil Nadu,1309.37,1309.37,697.76,53.3,2021-03-01,2028-12-31,2028-12-31,2026-03-01,18,0.0,0
PAIM-618898,Km 65.96 of NH-45C in Tamil Nadu under NHDP Phase-IV on EPC mode (National Highways Authority of India [NHAI]) (618898),Infrastructure & Highways,Ministry of Road Transport & Highways,618898,Tamil Nadu,2163.65,2163.65,1531.73,70.8,2022-03-01,2028-12-31,2029-12-31,2026-03-01,24,0.0,0
PAIM-618899,Kallagam km.38.700 to Meensurutti Km.98.433 of NH-227 in Tamil Nadu (National Highways Authority of India [NHAI]) (61889,Infrastructure & Highways,Ministry of Road Transport & Highways,618899,Tamil Nadu,519.32,519.32,411.32,79.2,2023-03-01,2028-12-31,2028-12-31,2026-03-01,0,0.0,0
PAIM-618943,Salem - Ulundurpet section from km 0.313 to km 136.670 of NH-68 (National Highways Authority of India [NHAI]) (618943),Infrastructure & Highways,Ministry of Road Transport & Highways,618943,Tamil Nadu,1580.95,1580.95,797.35,50.4,2022-03-01,2026-12-31,2028-12-31,2026-03-01,18,0.0,0
PAIM-619045,Km 14.185 to Km 20.593 (National Highways Authority of India [NHAI]) (619045),Infrastructure & Highways,Ministry of Road Transport & Highways,619045,Tamil Nadu,1073.82,1073.82,278.94,26.0,2022-03-01,2026-12-31,2028-12-31,2026-03-01,0,0.0,0
PAIM-619074,NHDP-V (National Highways Authority of India [NHAI]) (619074),Infrastructure & Highways,Ministry of Road Transport & Highways,619074,Tamil Nadu,1436.22,1436.22,336.58,23.4,2021-03-01,2027-12-31,2028-12-31,2026-03-01,24,0.0,0
PAIM-619083,02 (National Highways Authority of India [NHAI]) (619083),Infrastructure & Highways,Ministry of Road Transport & Highways,619083,Tamil Nadu,3203.74,3203.74,1989.23,62.1,2023-03-01,2026-12-31,2027-12-31,2026-03-01,36,0.0,0
PAIM-619084,No. NS2/BOT/TN-4 (National Highways Authority of India [NHAI]) (619084),Infrastructure & Highways,Ministry of Road Transport & Highways,619084,Tamil Nadu,1114.77,1114.77,517.66,46.4,2023-03-01,2028-12-31,2027-12-31,2026-03-01,0,0.0,0
PAIM-619086,Walayar K183.010 Package No. NS-2/BOT/TN-08 (National Highways Authority of India [NHAI]) (619086),Infrastructure & Highways,Ministry of Road Transport & Highways,619086,Tamil Nadu,3890.4,3890.4,782.27,20.1,2022-03-01,2028-12-31,2028-12-31,2026-03-01,6,0.0,0
PAIM-619094,Dhamrapuri Pkg-2] (National Highways Authority of India [NHAI]) (619094),Infrastructure & Highways,Ministry of Road Transport & Highways,619094,Tamil Nadu,3254.48,3254.48,1202.11,36.9,2023-03-01,2026-12-31,2029-12-31,2026-03-01,0,0.0,0
PAIM-619129,Mahabalipuram - Pondicherry Pkg-I [Mamallapuram to Mugaiyur] (National Highways Authority of India [NHAI]) (619129),Infrastructure & Highways,Ministry of Road Transport & Highways,619129,Tamil Nadu,2265.49,2265.49,463.4,20.5,2021-03-01,2028-12-31,2029-12-31,2026-03-01,36,0.0,0
PAIM-619130,Mahabalipuram - Pondicherry Pkg-II [Mugaiyur to Marakkanam] (National Highways Authority of India [NHAI]) (619130),Infrastructure & Highways,Ministry of Road Transport & Highways,619130,Tamil Nadu,761.71,761.71,398.42,52.3,2024-03-01,2028-12-31,2028-12-31,2026-03-01,24,0.0,0
PAIM-619131,Four Laning of Chettikulam to Natham section of NH-785 (National Highways Authority of India [NHAI]) (619131),Infrastructure & Highways,Ministry of Road Transport & Highways,619131,Tamil Nadu,3397.37,3397.37,1772.6,52.2,2023-03-01,2027-12-31,2027-12-31,2026-03-01,18,0.0,0
PAIM-619139,Km 9.700 to Km 14.185 (National Highways Authority of India [NHAI]) (619139),Infrastructure & Highways,Ministry of Road Transport & Highways,619139,Tamil Nadu,4097.87,4097.87,1791.58,43.7,2024-03-01,2028-12-31,2027-12-31,2026-03-01,6,0.0,0
PAIM-619161,Tirupati Package-1 (National Highways Authority of India [NHAI]) (619161),Infrastructure & Highways,Ministry of Road Transport & Highways,619161,Tamil Nadu,889.7,889.7,140.4,15.8,2023-03-01,2027-12-31,2027-12-31,2026-03-01,0,0.0,0
PAIM-619222,17.520 kms of Tirupathi- Tiruttani- Chennai section of NH 205 (National Highways Authority of India [NHAI]) (619222),Infrastructure & Highways,Ministry of Road Transport & Highways,619222,Tamil Nadu,2748.09,2748.09,530.27,19.3,2024-03-01,2026-12-31,2028-12-31,2026-03-01,6,0.0,0
PAIM-617913,Bangalore section of NH-44 Under NHO EPC basis in the state of Telangana (MoRTH) (617913),Infrastructure & Highways,Ministry of Road Transport & Highways,617913,Telangana,814.77,814.77,392.95,48.2,2023-03-01,2028-12-31,2029-12-31,2026-03-01,24,0.0,0
PAIM-617936,Telangana. (MoRTH) (617936),Infrastructure & Highways,Ministry of Road Transport & Highways,617936,Telangana,3906.37,3906.37,1687.43,43.2,2022-03-01,2026-12-31,2028-12-31,2026-03-01,36,0.0,0
PAIM-617939,Sangareddy X Roads to Madinaguda in the State of Telangana (MoRTH) (617939),Infrastructure & Highways,Ministry of Road Transport & Highways,617939,Telangana,3091.48,3091.48,1509.79,48.8,2021-03-01,2027-12-31,2029-12-31,2026-03-01,12,0.0,0
PAIM-617940,under NH O for the year 2020-21 in the state of Telangana on EPC Mode. (MoRTH) (617940),Infrastructure & Highways,Ministry of Road Transport & Highways,617940,Telangana,1814.6,1814.6,470.03,25.9,2023-03-01,2027-12-31,2027-12-31,2026-03-01,6,0.0,0
PAIM-617980,mode in the state of Telangana (MoRTH) (617980),Infrastructure & Highways,Ministry of Road Transport & Highways,617980,Telangana,2015.02,2015.02,1612.67,80.0,2021-03-01,2026-12-31,2027-12-31,2026-03-01,24,0.0,0
PAIM-617981,on EPC mode under NH O Annual Plan 2016-17 (MoRTH) (617981),Infrastructure & Highways,Ministry of Road Transport & Highways,617981,Telangana,205.92,205.92,58.91,28.6,2021-03-01,2026-12-31,2027-12-31,2026-03-01,12,0.0,0
PAIM-617982,159/0 to 165/4 and 186/0 to 215/0 of NH-163 on EPC mode int the state of Telangana (MoRTH) (617982),Infrastructure & Highways,Ministry of Road Transport & Highways,617982,Telangana,1112.32,1112.32,269.38,24.2,2022-03-01,2028-12-31,2029-12-31,2026-03-01,18,0.0,0
PAIM-617983,2020-21 on EPC Mode in the state of Telangana. (MoRTH) (617983),Infrastructure & Highways,Ministry of Road Transport & Highways,617983,Telangana,2353.82,2353.82,1204.41,51.2,2022-03-01,2026-12-31,2028-12-31,2026-03-01,36,0.0,0
PAIM-617992,state of Telangana (MoRTH) (617992),Infrastructure & Highways,Ministry of Road Transport & Highways,617992,Telangana,373.34,373.34,150.41,40.3,2023-03-01,2028-12-31,2027-12-31,2026-03-01,18,0.0,0
PAIM-617993,EPC mode in the state of Telangana (MoRTH) (617993),Infrastructure & Highways,Ministry of Road Transport & Highways,617993,Telangana,2401.83,2401.83,1895.37,78.9,2022-03-01,2027-12-31,2027-12-31,2026-03-01,6,0.0,0
PAIM-617994,Telangana (MoRTH) (617994),Infrastructure & Highways,Ministry of Road Transport & Highways,617994,Telangana,1346.95,1346.95,1131.18,84.0,2024-03-01,2027-12-31,2029-12-31,2026-03-01,18,0.0,0
PAIM-617995,Telangana on EPC mode under NH O Annual Plan 2016-17 (MoRTH) (617995),Infrastructure & Highways,Ministry of Road Transport & Highways,617995,Telangana,4290.55,4290.55,967.16,22.5,2024-03-01,2026-12-31,2029-12-31,2026-03-01,24,0.0,0
PAIM-617996,167 on Haggari-Jadcherla Road on EPC mode under NHO in the state of Telangana (MoRTH) (617996),Infrastructure & Highways,Ministry of Road Transport & Highways,617996,Telangana,1348.25,1348.25,1062.33,78.8,2022-03-01,2027-12-31,2028-12-31,2026-03-01,18,0.0,0
PAIM-618001,of Telangana (MoRTH) (618001),Infrastructure & Highways,Ministry of Road Transport & Highways,618001,Telangana,2912.35,2912.35,1448.39,49.7,2023-03-01,2026-12-31,2027-12-31,2026-03-01,24,0.0,0
PAIM-618025,mode (MoRTH) (618025),Infrastructure & Highways,Ministry of Road Transport & Highways,618025,Telangana,1770.46,1770.46,432.81,24.4,2024-03-01,2026-12-31,2029-12-31,2026-03-01,36,0.0,0
PAIM-618026,Telangana under EPC mode (MoRTH) (618026),Infrastructure & Highways,Ministry of Road Transport & Highways,618026,Telangana,2199.45,2199.45,273.27,12.4,2022-03-01,2026-12-31,2029-12-31,2026-03-01,24,0.0,0
PAIM-618091,2021-22 on EPC mode under NHO (MoRTH) (618091),Infrastructure & Highways,Ministry of Road Transport & Highways,618091,Telangana,719.54,719.54,221.22,30.7,2021-03-01,2026-12-31,2029-12-31,2026-03-01,0,0.0,0
PAIM-618104,plan 2021-22 on EPC mode under NHO. (MoRTH) (618104),Infrastructure & Highways,Ministry of Road Transport & Highways,618104,Telangana,1542.6,1542.6,533.14,34.6,2024-03-01,2026-12-31,2027-12-31,2026-03-01,24,0.0,0
PAIM-618105,Telangana on EPC mode. (MoRTH) (618105),Infrastructure & Highways,Ministry of Road Transport & Highways,618105,Telangana,3032.8,3032.8,379.2,12.5,2024-03-01,2027-12-31,2028-12-31,2026-03-01,18,0.0,0
PAIM-618106,2021-22-75 (MoRTH) (618106),Infrastructure & Highways,Ministry of Road Transport & Highways,618106,Telangana,4327.96,4327.96,2335.27,54.0,2023-03-01,2026-12-31,2027-12-31,2026-03-01,0,0.0,0
PAIM-618130,section of NH 353B in the State of Telangana (MoRTH) (618130),Infrastructure & Highways,Ministry of Road Transport & Highways,618130,Telangana,1414.29,1414.29,461.39,32.6,2023-03-01,2028-12-31,2027-12-31,2026-03-01,0,0.0,0
PAIM-618132,state of Telangana (MoRTH) (618132),Infrastructure & Highways,Ministry of Road Transport & Highways,618132,Telangana,2283.28,2283.28,1489.3,65.2,2022-03-01,2028-12-31,2029-12-31,2026-03-01,0,0.0,0
PAIM-618140,365A on Kodad-Khammam-Kurvi road. (MoRTH) (618140),Infrastructure & Highways,Ministry of Road Transport & Highways,618140,Telangana,721.23,721.23,352.5,48.9,2024-03-01,2027-12-31,2029-12-31,2026-03-01,36,0.0,0
PAIM-618141,Telangana on EPC Mode (MoRTH) (618141),Infrastructure & Highways,Ministry of Road Transport & Highways,618141,Telangana,1425.21,1425.21,944.68,66.3,2021-03-01,2026-12-31,2029-12-31,2026-03-01,12,0.0,0
PAIM-618142,Thirumanlagiri-- Suryapet Section of NH-365B earstwhile section of SH-16 (MoRTH) (618142),Infrastructure & Highways,Ministry of Road Transport & Highways,618142,Telangana,3605.3,3605.3,2594.26,72.0,2024-03-01,2028-12-31,2028-12-31,2026-03-01,36,0.0,0
PAIM-618143,Plan 2016-17 (MoRTH) (618143),Infrastructure & Highways,Ministry of Road Transport & Highways,618143,Telangana,1437.61,1437.61,527.36,36.7,2023-03-01,2028-12-31,2028-12-31,2026-03-01,0,0.0,0
PAIM-618182,Annual plan 2022-23 (MoRTH) (618182),Infrastructure & Highways,Ministry of Road Transport & Highways,618182,Telangana,1525.37,1525.37,926.13,60.7,2024-03-01,2028-12-31,2027-12-31,2026-03-01,0,0.0,0
PAIM-618183,mode under NHO (MoRTH) (618183),Infrastructure & Highways,Ministry of Road Transport & Highways,618183,Telangana,2451.86,2451.86,399.88,16.3,2022-03-01,2028-12-31,2028-12-31,2026-03-01,24,0.0,0
PAIM-618186,"Telangana on Engineering, Procurement and Construction EPC Basis (MoRTH) (618186)",Infrastructure & Highways,Ministry of Road Transport & Highways,618186,Telangana,1019.72,1019.72,247.83,24.3,2024-03-01,2028-12-31,2029-12-31,2026-03-01,36,0.0,0
PAIM-618190,22 on EPC Mode under NH  O. (MoRTH) (618190),Infrastructure & Highways,Ministry of Road Transport & Highways,618190,Telangana,786.18,786.18,475.11,60.4,2023-03-01,2027-12-31,2029-12-31,2026-03-01,12,0.0,0
PAIM-618196,2021-22 on EPC mode (MoRTH) (618196),Infrastructure & Highways,Ministry of Road Transport & Highways,618196,Telangana,3128.05,3128.05,944.99,30.2,2023-03-01,2026-12-31,2027-12-31,2026-03-01,0,0.0,0
PAIM-618197,EPC mode (MoRTH) (618197),Infrastructure & Highways,Ministry of Road Transport & Highways,618197,Telangana,4489.43,4489.43,2719.53,60.6,2023-03-01,2027-12-31,2028-12-31,2026-03-01,24,0.0,0
PAIM-618558,471.00 of NH-44 (National Highways Authority of India [NHAI]) (618558),Infrastructure & Highways,Ministry of Road Transport & Highways,618558,Telangana,774.03,774.03,545.09,70.4,2022-03-01,2028-12-31,2027-12-31,2026-03-01,36,0.0,0
PAIM-618559,481.331 of NH-44 (National Highways Authority of India [NHAI]) (618559),Infrastructure & Highways,Ministry of Road Transport & Highways,618559,Telangana,3311.7,3311.7,836.1,25.2,2023-03-01,2026-12-31,2029-12-31,2026-03-01,24,0.0,0
PAIM-618560,NH-44 (National Highways Authority of India [NHAI]) (618560),Infrastructure & Highways,Ministry of Road Transport & Highways,618560,Telangana,646.66,646.66,180.68,27.9,2021-03-01,2027-12-31,2028-12-31,2026-03-01,36,0.0,0
PAIM-618746,village to Somavaram village Design Chainage 0000 to 33604] (National Highways Authority of India [NHAI]) (618746),Infrastructure & Highways,Ministry of Road Transport & Highways,618746,Telangana,4308.64,4308.64,1849.49,42.9,2021-03-01,2028-12-31,2029-12-31,2026-03-01,6,0.0,0
PAIM-618765,4L of Karimnagar-Warangal section from km 49.500 to km 117.820 of NH-563 (National Highways Authority of India [NHAI]) (,Infrastructure & Highways,Ministry of Road Transport & Highways,618765,Telangana,1960.88,1960.88,1615.01,82.4,2024-03-01,2027-12-31,2027-12-31,2026-03-01,18,0.0,0
PAIM-618811,112.240 KmPackage-III (National Highways Authority of India [NHAI]) (618811),Infrastructure & Highways,Ministry of Road Transport & Highways,618811,Telangana,3415.43,3415.43,1418.45,41.5,2022-03-01,2028-12-31,2027-12-31,2026-03-01,18,0.0,0
PAIM-618812,at Design Ch. 35.300 Km to Pangidipalle village at Design Ch. 72.350 KmPackage-II (National Highways Authority of India ,Infrastructure & Highways,Ministry of Road Transport & Highways,618812,Telangana,666.65,666.65,327.03,49.1,2024-03-01,2026-12-31,2028-12-31,2026-03-01,12,0.0,0
PAIM-618813,Design Ch. 3.834 Km to Puttapaka village at Design Ch. 35.300 Km Package-I (National Highways Authority of India [NHAI]),Infrastructure & Highways,Ministry of Road Transport & Highways,618813,Telangana,3283.34,3283.34,1452.31,44.2,2023-03-01,2027-12-31,2029-12-31,2026-03-01,0,0.0,0
PAIM-618814,Venkatpur village in Warangal District at Design Ch. 150.240 KmPackage-I (National Highways Authority of India [NHAI]) (,Infrastructure & Highways,Ministry of Road Transport & Highways,618814,Telangana,1962.98,1962.98,1458.66,74.3,2022-03-01,2027-12-31,2028-12-31,2026-03-01,24,0.0,0
PAIM-618815,Thallasenkesa village in Mahabubabed District at Design Ch. 189.650 kmPackage-II (National Highways Authority of India [,Infrastructure & Highways,Ministry of Road Transport & Highways,618815,Telangana,4049.15,4049.15,2909.99,71.9,2024-03-01,2026-12-31,2029-12-31,2026-03-01,0,0.0,0
PAIM-618816,Khammam District at Design Ch. 220.480 KmPackage-III (National Highways Authority of India [NHAI]) (618816),Infrastructure & Highways,Ministry of Road Transport & Highways,618816,Telangana,2344.56,2344.56,860.94,36.7,2021-03-01,2028-12-31,2027-12-31,2026-03-01,24,0.0,0
PAIM-618817,at Design Ch. 250.400 Km Package-I. (National Highways Authority of India [NHAI]) (618817),Infrastructure & Highways,Ministry of Road Transport & Highways,618817,Telangana,2939.75,2939.75,1572.57,53.5,2024-03-01,2028-12-31,2028-12-31,2026-03-01,18,0.0,0
PAIM-618944,Hyderabad - Maneguda (National Highways Authority of India [NHAI]) (618944),Infrastructure & Highways,Ministry of Road Transport & Highways,618944,Telangana,807.32,807.32,441.89,54.7,2021-03-01,2027-12-31,2028-12-31,2026-03-01,0,0.0,0
PAIM-618945,31.800/Existing Km 29.400 of NH-365A (National Highways Authority of India [NHAI]) (618945),Infrastructure & Highways,Ministry of Road Transport & Highways,618945,Telangana,4460.17,4460.17,1287.95,28.9,2023-03-01,2028-12-31,2029-12-31,2026-03-01,0,0.0,0
PAIM-619128,village to Chintagudem village Design Chainage 33604 to 63117] (National Highways Authority of India [NHAI]) (619128),Infrastructure & Highways,Ministry of Road Transport & Highways,619128,Telangana,2971.03,2971.03,798.61,26.9,2021-03-01,2028-12-31,2029-12-31,2026-03-01,0,0.0,0
PAIM-619165,Thanamcherla-Jamandlapally 2LPS (National Highways Authority of India [NHAI]) (619165),Infrastructure & Highways,Ministry of Road Transport & Highways,619165,Telangana,3469.83,3469.83,879.9,25.4,2021-03-01,2027-12-31,2027-12-31,2026-03-01,12,0.0,0
PAIM-619193,Telangana through EPC mode (MoRTH) (619193),Infrastructure & Highways,Ministry of Road Transport & Highways,619193,Telangana,1917.77,1917.77,1516.87,79.1,2024-03-01,2026-12-31,2027-12-31,2026-03-01,12,0.0,0
PAIM-617957,of Uttar Pradesh. (MoRTH) (617957),Infrastructure & Highways,Ministry of Road Transport & Highways,617957,Uttar Pradesh,1926.64,1926.64,1561.54,81.0,2021-03-01,2028-12-31,2027-12-31,2026-03-01,0,0.0,0
PAIM-617963,92 under EPC mode in the State of Uttar Pradesh (MoRTH) (617963),Infrastructure & Highways,Ministry of Road Transport & Highways,617963,Uttar Pradesh,819.09,819.09,168.79,20.6,2023-03-01,2028-12-31,2029-12-31,2026-03-01,36,0.0,0
PAIM-617964,EPC mode in the state of Uttar Pradesh. (MoRTH) (617964),Infrastructure & Highways,Ministry of Road Transport & Highways,617964,Uttar Pradesh,4239.79,4239.79,3222.75,76.0,2022-03-01,2027-12-31,2027-12-31,2026-03-01,12,0.0,0
PAIM-618008,EPC mode (MoRTH) (618008),Infrastructure & Highways,Ministry of Road Transport & Highways,618008,Uttar Pradesh,699.06,699.06,244.24,34.9,2023-03-01,2028-12-31,2027-12-31,2026-03-01,12,0.0,0
PAIM-618009,24B Phase-1 on EPC mode. (MoRTH) (618009),Infrastructure & Highways,Ministry of Road Transport & Highways,618009,Uttar Pradesh,660.39,660.39,314.83,47.7,2024-03-01,2027-12-31,2029-12-31,2026-03-01,6,0.0,0
PAIM-618054,km.223.000 of NH-330 to km.328.300 of NH-730 under EPC mode (MoRTH) (618054),Infrastructure & Highways,Ministry of Road Transport & Highways,618054,Uttar Pradesh,1931.23,1931.23,973.58,50.4,2022-03-01,2027-12-31,2027-12-31,2026-03-01,36,0.0,0
PAIM-618055,mode in the State of Uttar Pradesh. (MoRTH) (618055),Infrastructure & Highways,Ministry of Road Transport & Highways,618055,Uttar Pradesh,3656.65,3656.65,2525.32,69.1,2023-03-01,2028-12-31,2028-12-31,2026-03-01,36,0.0,0
PAIM-618056,Uttar Pradesh EPC basis (MoRTH) (618056),Infrastructure & Highways,Ministry of Road Transport & Highways,618056,Uttar Pradesh,3902.07,3902.07,1761.01,45.1,2024-03-01,2028-12-31,2027-12-31,2026-03-01,36,0.0,0
PAIM-618057,Pradesh (MoRTH) (618057),Infrastructure & Highways,Ministry of Road Transport & Highways,618057,Uttar Pradesh,1584.07,1584.07,1228.28,77.5,2022-03-01,2028-12-31,2027-12-31,2026-03-01,24,0.0,0
PAIM-618063,km.40.00 of NH-91-A on EPC mode (MoRTH) (618063),Infrastructure & Highways,Ministry of Road Transport & Highways,618063,Uttar Pradesh,563.74,563.74,127.16,22.6,2021-03-01,2026-12-31,2027-12-31,2026-03-01,0,0.0,0
PAIM-618066,state of Uttar Pradesh (MoRTH) (618066),Infrastructure & Highways,Ministry of Road Transport & Highways,618066,Uttar Pradesh,3474.18,3474.18,1405.65,40.5,2023-03-01,2027-12-31,2027-12-31,2026-03-01,36,0.0,0
PAIM-618067,"Engineering, Procurement & Construction EpC mode in the State of Uttar Pradesh (MoRTH) (618067)",Infrastructure & Highways,Ministry of Road Transport & Highways,618067,Uttar Pradesh,4291.99,4291.99,2418.79,56.4,2024-03-01,2026-12-31,2027-12-31,2026-03-01,12,0.0,0
PAIM-618075,design km. 0.000 to km. 54.048 of NH-124D (MoRTH) (618075),Infrastructure & Highways,Ministry of Road Transport & Highways,618075,Uttar Pradesh,2445.34,2445.34,477.83,19.5,2023-03-01,2026-12-31,2028-12-31,2026-03-01,18,0.0,0
PAIM-618081,53.540 to Km.59.200 of NH-135A on EPC mode in the state of Uttar Pradesh (MoRTH) (618081),Infrastructure & Highways,Ministry of Road Transport & Highways,618081,Uttar Pradesh,864.21,864.21,429.55,49.7,2022-03-01,2026-12-31,2029-12-31,2026-03-01,36,0.0,0
PAIM-618082,km.73.134 Jaunpur of NH-135A on EPC mode (MoRTH) (618082),Infrastructure & Highways,Ministry of Road Transport & Highways,618082,Uttar Pradesh,1404.77,1404.77,847.37,60.3,2024-03-01,2028-12-31,2028-12-31,2026-03-01,18,0.0,0
PAIM-618110,to near Sikriganj in the State of UP on EPC Mode. (MoRTH) (618110),Infrastructure & Highways,Ministry of Road Transport & Highways,618110,Uttar Pradesh,206.58,206.58,102.56,49.6,2021-03-01,2026-12-31,2028-12-31,2026-03-01,6,0.0,0
PAIM-618111,Barhalganj in the State of UP on EPC Mode. (MoRTH) (618111),Infrastructure & Highways,Ministry of Road Transport & Highways,618111,Uttar Pradesh,2980.81,2980.81,680.1,22.8,2023-03-01,2027-12-31,2027-12-31,2026-03-01,6,0.0,0
PAIM-618112,in the State of Uttar Pradesh on EPC basis (MoRTH) (618112),Infrastructure & Highways,Ministry of Road Transport & Highways,618112,Uttar Pradesh,4332.38,4332.38,954.92,22.0,2023-03-01,2026-12-31,2028-12-31,2026-03-01,18,0.0,0
PAIM-618113,basis. (MoRTH) (618113),Infrastructure & Highways,Ministry of Road Transport & Highways,618113,Uttar Pradesh,1465.7,1465.7,1148.5,78.4,2024-03-01,2028-12-31,2029-12-31,2026-03-01,36,0.0,0
PAIM-618116,NH-227B 84 Kosi Parikrama Marg to 2LPS along with Parikrama Path (MoRTH) (618116),Infrastructure & Highways,Ministry of Road Transport & Highways,618116,Uttar Pradesh,3100.42,3100.42,2420.84,78.1,2022-03-01,2027-12-31,2028-12-31,2026-03-01,36,0.0,0
PAIM-618124,State of Uttar Pradesh (MoRTH) (618124),Infrastructure & Highways,Ministry of Road Transport & Highways,618124,Uttar Pradesh,1101.31,1101.31,182.04,16.5,2023-03-01,2027-12-31,2028-12-31,2026-03-01,6,0.0,0
PAIM-618162,under HAM (MoRTH) (618162),Infrastructure & Highways,Ministry of Road Transport & Highways,618162,Uttar Pradesh,2924.07,2924.07,1176.12,40.2,2021-03-01,2026-12-31,2027-12-31,2026-03-01,18,0.0,0
PAIM-618163,"on Engineering, Procurement & Construction EPC Basis. (MoRTH) (618163)",Infrastructure & Highways,Ministry of Road Transport & Highways,618163,Uttar Pradesh,1464.55,1464.55,1077.63,73.6,2022-03-01,2026-12-31,2028-12-31,2026-03-01,6,0.0,0
PAIM-618164,of NH-731A i/c Yamuna Bridge on HAM in the state of Uttar Pradesh. (MoRTH) (618164),Infrastructure & Highways,Ministry of Road Transport & Highways,618164,Uttar Pradesh,2558.52,2558.52,1761.99,68.9,2021-03-01,2026-12-31,2028-12-31,2026-03-01,6,0.0,0
PAIM-618165,NH-731A on Hybrid Annuity Mode in the state of Uttar Pradesh (MoRTH) (618165),Infrastructure & Highways,Ministry of Road Transport & Highways,618165,Uttar Pradesh,3236.52,3236.52,1153.25,35.6,2023-03-01,2028-12-31,2027-12-31,2026-03-01,6,0.0,0
PAIM-618166,731A with paved shoulders on Hybrid Annuity Mode in the state of Uttar Pradesh (MoRTH) (618166),Infrastructure & Highways,Ministry of Road Transport & Highways,618166,Uttar Pradesh,2841.4,2841.4,1754.72,61.8,2022-03-01,2028-12-31,2027-12-31,2026-03-01,12,0.0,0
PAIM-618167,paved shoulder under EPC mode (MoRTH) (618167),Infrastructure & Highways,Ministry of Road Transport & Highways,618167,Uttar Pradesh,2208.12,2208.12,1818.54,82.4,2023-03-01,2026-12-31,2029-12-31,2026-03-01,24,0.0,0
PAIM-618168,NH-731B on EPC mode in the state of Uttar Pradesh (MoRTH) (618168),Infrastructure & Highways,Ministry of Road Transport & Highways,618168,Uttar Pradesh,1382.98,1382.98,201.4,14.6,2022-03-01,2028-12-31,2027-12-31,2026-03-01,0,0.0,0
PAIM-618169,Ch.49.2OO of NH-731B on EPC Mode (MoRTH) (618169),Infrastructure & Highways,Ministry of Road Transport & Highways,618169,Uttar Pradesh,3812.98,3812.98,767.54,20.1,2023-03-01,2028-12-31,2027-12-31,2026-03-01,36,0.0,0
PAIM-618187,areas in a total length of 9.732 km in the state of Uttar Pradesh on EPC mode (MoRTH) (618187),Infrastructure & Highways,Ministry of Road Transport & Highways,618187,Uttar Pradesh,1997.15,1997.15,665.61,33.3,2021-03-01,2026-12-31,2028-12-31,2026-03-01,6,0.0,0
PAIM-618229,assistance of world Bank on EPC mode. (MoRTH) (618229),Infrastructure & Highways,Ministry of Road Transport & Highways,618229,Uttar Pradesh,3197.74,3197.74,871.86,27.3,2024-03-01,2026-12-31,2027-12-31,2026-03-01,12,0.0,0
PAIM-618233,Allahabad on EPC mode (MoRTH) (618233),Infrastructure & Highways,Ministry of Road Transport & Highways,618233,Uttar Pradesh,2385.19,2385.19,774.57,32.5,2021-03-01,2028-12-31,2028-12-31,2026-03-01,6,0.0,0
PAIM-618240,assistance of world Bank on EPC mode. (MoRTH) (618240),Infrastructure & Highways,Ministry of Road Transport & Highways,618240,Uttar Pradesh,1762.36,1762.36,697.76,39.6,2021-03-01,2028-12-31,2029-12-31,2026-03-01,0,0.0,0
PAIM-618243,state of Uttar Pradesh on HAM mode (MoRTH) (618243),Infrastructure & Highways,Ministry of Road Transport & Highways,618243,Uttar Pradesh,2089.73,2089.73,465.16,22.3,2021-03-01,2027-12-31,2028-12-31,2026-03-01,0,0.0,0
PAIM-618244,Raebareli City in the state of Uttar Pradesh on Hybrid Annuity Model HAM basis (MoRTH) (618244),Infrastructure & Highways,Ministry of Road Transport & Highways,618244,Uttar Pradesh,3260.31,3260.31,837.36,25.7,2024-03-01,2026-12-31,2027-12-31,2026-03-01,6,0.0,0
PAIM-618247,0.000 to km 15.000 of NH 135A in the State of Uttar Pradesh on HAM Mode. (MoRTH) (618247),Infrastructure & Highways,Ministry of Road Transport & Highways,618247,Uttar Pradesh,4273.76,4273.76,1722.2,40.3,2022-03-01,2027-12-31,2027-12-31,2026-03-01,18,0.0,0
PAIM-618248,Pradesh. (MoRTH) (618248),Infrastructure & Highways,Ministry of Road Transport & Highways,618248,Uttar Pradesh,2578.79,2578.79,1706.14,66.2,2022-03-01,2027-12-31,2027-12-31,2026-03-01,0,0.0,0
PAIM-618249,Akbarpur section on Hybrid Annuity Mode in the state of Uttar Pradesh (MoRTH) (618249),Infrastructure & Highways,Ministry of Road Transport & Highways,618249,Uttar Pradesh,1941.82,1941.82,1382.51,71.2,2024-03-01,2028-12-31,2027-12-31,2026-03-01,18,0.0,0
PAIM-618252,the state of Uttar Pradesh on Hybrid Annuity Model HAM basis (MoRTH) (618252),Infrastructure & Highways,Ministry of Road Transport & Highways,618252,Uttar Pradesh,359.45,359.45,117.57,32.7,2023-03-01,2028-12-31,2029-12-31,2026-03-01,12,0.0,0
PAIM-618260,Annuity Mode HAM in the State of Uttar Pradesh (MoRTH) (618260),Infrastructure & Highways,Ministry of Road Transport & Highways,618260,Uttar Pradesh,3378.74,3378.74,1802.46,53.3,2022-03-01,2026-12-31,2029-12-31,2026-03-01,24,0.0,0
PAIM-618262,shoulder configuration under Hybrid Annuity Mode HAM in the State of Uttar Pradesh (MoRTH) (618262),Infrastructure & Highways,Ministry of Road Transport & Highways,618262,Uttar Pradesh,4341.0,4341.0,2133.51,49.1,2022-03-01,2028-12-31,2029-12-31,2026-03-01,6,0.0,0
PAIM-618263,Uttar Pradesh (MoRTH) (618263),Infrastructure & Highways,Ministry of Road Transport & Highways,618263,Uttar Pradesh,2900.58,2900.58,1167.36,40.2,2024-03-01,2026-12-31,2027-12-31,2026-03-01,36,0.0,0
PAIM-618264,NH-727B near Sikanderpur under EPC mode (MoRTH) (618264),Infrastructure & Highways,Ministry of Road Transport & Highways,618264,Uttar Pradesh,2320.83,2320.83,1370.41,59.0,2023-03-01,2027-12-31,2028-12-31,2026-03-01,6,0.0,0
PAIM-618265,the loan assistance of world Bank on EPC mode. (MoRTH) (618265),Infrastructure & Highways,Ministry of Road Transport & Highways,618265,Uttar Pradesh,2038.16,2038.16,592.43,29.1,2022-03-01,2028-12-31,2027-12-31,2026-03-01,24,0.0,0
PAIM-618266,assistance of world Bank on EPC mode. (MoRTH) (618266),Infrastructure & Highways,Ministry of Road Transport & Highways,618266,Uttar Pradesh,2358.54,2358.54,946.01,40.1,2022-03-01,2027-12-31,2028-12-31,2026-03-01,36,0.0,0
PAIM-618498,6L Greenfield Kanpur - Lucknow Expressway Pkg II from km. 28.500 to km. 73.744 (National Highways Authority of India [NH,Infrastructure & Highways,Ministry of Road Transport & Highways,618498,Uttar Pradesh,4341.63,4341.63,2573.9,59.3,2023-03-01,2027-12-31,2028-12-31,2026-03-01,18,0.0,0
PAIM-618499,6L Elevated Kanpur - Lucknow Exeressway Pkg-1 from Km. 10980 to Km. 28500 (National Highways Authority of India [NHAI]) ,Infrastructure & Highways,Ministry of Road Transport & Highways,618499,Uttar Pradesh,448.14,448.14,313.32,69.9,2024-03-01,2027-12-31,2029-12-31,2026-03-01,12,0.0,0
PAIM-618500,Km 8.520 of NH-235 Pkg-5 (National Highways Authority of India [NHAI]) (618500),Infrastructure & Highways,Ministry of Road Transport & Highways,618500,Uttar Pradesh,500.83,500.83,135.12,27.0,2021-03-01,2027-12-31,2027-12-31,2026-03-01,6,0.0,0
PAIM-618529,Revasa Village km 818.80 / NH-2 (National Highways Authority of India [NHAI]) (618529),Infrastructure & Highways,Ministry of Road Transport & Highways,618529,Uttar Pradesh,384.47,384.47,155.63,40.5,2021-03-01,2027-12-31,2029-12-31,2026-03-01,6,0.0,0
PAIM-618536,Pakari Package-IV in State of Uttar Pradesh. (National Highways Authority of India [NHAI]) (618536),Infrastructure & Highways,Ministry of Road Transport & Highways,618536,Uttar Pradesh,1839.19,1839.19,808.57,44.0,2023-03-01,2027-12-31,2029-12-31,2026-03-01,24,0.0,0
PAIM-618537,Sachendi I to Maharajpur Package-I (National Highways Authority of India [NHAI]) (618537),Infrastructure & Highways,Ministry of Road Transport & Highways,618537,Uttar Pradesh,4434.9,4434.9,3398.5,76.6,2024-03-01,2026-12-31,2029-12-31,2026-03-01,18,0.0,0
PAIM-618538,Harbanch-Uchti Pkg-III (National Highways Authority of India [NHAI]) (618538),Infrastructure & Highways,Ministry of Road Transport & Highways,618538,Uttar Pradesh,3658.62,3658.62,1624.05,44.4,2024-03-01,2027-12-31,2027-12-31,2026-03-01,0,0.0,0
PAIM-618539,Sathara Package-II B (National Highways Authority of India [NHAI]) (618539),Infrastructure & Highways,Ministry of Road Transport & Highways,618539,Uttar Pradesh,3599.15,3599.15,608.65,16.9,2023-03-01,2028-12-31,2028-12-31,2026-03-01,24,0.0,0
PAIM-618540,to Transganga Package-IIA (National Highways Authority of India [NHAI]) (618540),Infrastructure & Highways,Ministry of Road Transport & Highways,618540,Uttar Pradesh,3317.05,3317.05,754.82,22.8,2024-03-01,2026-12-31,2028-12-31,2026-03-01,18,0.0,0
PAIM-618553,141.000 of Yamuna Expressways (National Highways Authority of India [NHAI]) (618553),Infrastructure & Highways,Ministry of Road Transport & Highways,618553,Uttar Pradesh,4472.82,4472.82,1400.55,31.3,2023-03-01,2027-12-31,2027-12-31,2026-03-01,36,0.0,0
PAIM-618554,NH-44 village Bad from Km. 0.000 to Km. 7.772 (National Highways Authority of India [NHAI]) (618554),Infrastructure & Highways,Ministry of Road Transport & Highways,618554,Uttar Pradesh,3643.29,3643.29,904.32,24.8,2021-03-01,2027-12-31,2028-12-31,2026-03-01,6,0.0,0
PAIM-618565,Km. 144020 of NH 28 New NH 27Pkg-3 (NHAI) (618565),Infrastructure & Highways,Ministry of Road Transport & Highways,618565,Uttar Pradesh,2955.58,2955.58,1704.94,57.7,2021-03-01,2027-12-31,2029-12-31,2026-03-01,18,0.0,0
PAIM-618566,29E Chainage 83.308 and end at NH-28 Chainage 285.100 (National Highways Authority of India [NHAI]) (618566),Infrastructure & Highways,Ministry of Road Transport & Highways,618566,Uttar Pradesh,632.03,632.03,489.94,77.5,2023-03-01,2026-12-31,2027-12-31,2026-03-01,24,0.0,0
PAIM-618567,of existing NH-27 part-1 and part-2 south of NH-27 from km 0.000 to km 5.000. (NHAI) (618567),Infrastructure & Highways,Ministry of Road Transport & Highways,618567,Uttar Pradesh,2231.27,2231.27,900.27,40.3,2022-03-01,2026-12-31,2028-12-31,2026-03-01,18,0.0,0
PAIM-618568,112.540 and ending at Km. 153.281 of NH-27 (NHAI) (618568),Infrastructure & Highways,Ministry of Road Transport & Highways,618568,Uttar Pradesh,4481.67,4481.67,598.96,13.4,2022-03-01,2026-12-31,2028-12-31,2026-03-01,12,0.0,0
PAIM-618669,EC in MP & UP on HAM (National Highways Authority of India [NHAI]) (618669),Infrastructure & Highways,Ministry of Road Transport & Highways,618669,Uttar Pradesh,4114.43,4114.43,1935.22,47.0,2023-03-01,2026-12-31,2029-12-31,2026-03-01,18,0.0,0
PAIM-618690,UP on HAM mode (National Highways Authority of India [NHAI]) (618690),Infrastructure & Highways,Ministry of Road Transport & Highways,618690,Uttar Pradesh,1446.11,1446.11,1122.55,77.6,2024-03-01,2027-12-31,2028-12-31,2026-03-01,0,0.0,0
PAIM-618692,Aligarh-Kanpur Pkg I [Aligarh-Bhadwas] (National Highways Authority of India [NHAI]) (618692),Infrastructure & Highways,Ministry of Road Transport & Highways,618692,Uttar Pradesh,1852.9,1852.9,1166.67,63.0,2022-03-01,2026-12-31,2028-12-31,2026-03-01,12,0.0,0
PAIM-618710,DL/UP Border - EPE Crossing Pkg-02 (National Highways Authority of India [NHAI]) (618710),Infrastructure & Highways,Ministry of Road Transport & Highways,618710,Uttar Pradesh,836.08,836.08,659.88,78.9,2022-03-01,2027-12-31,2029-12-31,2026-03-01,12,0.0,0
PAIM-618722,to km 45.500 (National Highways Authority of India [NHAI]) (618722),Infrastructure & Highways,Ministry of Road Transport & Highways,618722,Uttar Pradesh,1149.26,1149.26,828.2,72.1,2024-03-01,2026-12-31,2027-12-31,2026-03-01,6,0.0,0
PAIM-618761,bypassing Meerut Town of NH 709 A (National Highways Authority of India [NHAI]) (618761),Infrastructure & Highways,Ministry of Road Transport & Highways,618761,Uttar Pradesh,601.99,601.99,338.35,56.2,2021-03-01,2028-12-31,2028-12-31,2026-03-01,0,0.0,0
PAIM-618770,and NH-709A Karnal  Meerut bypassing Shamli district UP (National Highways Authority of India [NHAI]) (618770),Infrastructure & Highways,Ministry of Road Transport & Highways,618770,Uttar Pradesh,1480.35,1480.35,465.46,31.4,2021-03-01,2026-12-31,2029-12-31,2026-03-01,6,0.0,0
PAIM-618782,4L of Bareilly-Pilibhit-Sitarganj from Km. 0.000 to Km. 32.500 of NH-30 Pkg-1 (National Highways Authority of India [NHA,Infrastructure & Highways,Ministry of Road Transport & Highways,618782,Uttar Pradesh,1642.14,1642.14,1229.59,74.9,2024-03-01,2028-12-31,2029-12-31,2026-03-01,0,0.0,0
PAIM-618798,4L of Sonauli - Gorakhpur (National Highways Authority of India [NHAI]) (618798),Infrastructure & Highways,Ministry of Road Transport & Highways,618798,Uttar Pradesh,3651.86,3651.86,1305.83,35.8,2024-03-01,2027-12-31,2029-12-31,2026-03-01,18,0.0,0
PAIM-618843,Km 219/720 of NH-31 under NHO in the state of Uttar Pradesh on EPC mode (National Highways Authority of India [NHAI]) (6,Infrastructure & Highways,Ministry of Road Transport & Highways,618843,Uttar Pradesh,3659.26,3659.26,2660.61,72.7,2023-03-01,2028-12-31,2029-12-31,2026-03-01,24,0.0,0
PAIM-618848,expansion of runway of Babatpur Airport Varanasi (National Highways Authority of India [NHAI]) (618848),Infrastructure & Highways,Ministry of Road Transport & Highways,618848,Uttar Pradesh,1938.7,1938.7,483.23,24.9,2023-03-01,2027-12-31,2028-12-31,2026-03-01,0,0.0,0
PAIM-618854,2L PS of Raebareli - Jagdishpur with 4L Jagdishpur Bypass Spur (National Highways Authority of India [NHAI]) (618854),Infrastructure & Highways,Ministry of Road Transport & Highways,618854,Uttar Pradesh,4291.3,4291.3,2874.66,67.0,2021-03-01,2026-12-31,2028-12-31,2026-03-01,24,0.0,0
PAIM-618855,"88.750, start of Khutar bypass to start of Shahjahanpur bypass of NH 731Pkg-I (National Highways Authority of India [NHA",Infrastructure & Highways,Ministry of Road Transport & Highways,618855,Uttar Pradesh,491.62,491.62,215.3,43.8,2022-03-01,2027-12-31,2029-12-31,2026-03-01,36,0.0,0
PAIM-618856,"175.080, from Start of Shahabad Bypass to End of Hardoi bypass of NH 731 Pkg-2B (National Highways Authority of India [N",Infrastructure & Highways,Ministry of Road Transport & Highways,618856,Uttar Pradesh,835.28,835.28,588.6,70.5,2022-03-01,2028-12-31,2029-12-31,2026-03-01,12,0.0,0
PAIM-618858,731Pkg.-2A (National Highways Authority of India [NHAI]) (618858),Infrastructure & Highways,Ministry of Road Transport & Highways,618858,Uttar Pradesh,3777.57,3777.57,767.64,20.3,2024-03-01,2028-12-31,2029-12-31,2026-03-01,24,0.0,0
PAIM-618859,"260.800, End of Hardoi District to Lucknow Ring road of NH 731 Pkg-4 (National Highways Authority of India [NHAI]) (6188",Infrastructure & Highways,Ministry of Road Transport & Highways,618859,Uttar Pradesh,2615.31,2615.31,1830.19,70.0,2021-03-01,2028-12-31,2029-12-31,2026-03-01,24,0.0,0
PAIM-618864,32.982 of NH-530B Pkg-IB (National Highways Authority of India [NHAI]) (618864),Infrastructure & Highways,Ministry of Road Transport & Highways,618864,Uttar Pradesh,1234.21,1234.21,732.72,59.4,2022-03-01,2028-12-31,2029-12-31,2026-03-01,6,0.0,0
PAIM-618865,530B Pkg-1C. (National Highways Authority of India [NHAI]) (618865),Infrastructure & Highways,Ministry of Road Transport & Highways,618865,Uttar Pradesh,3234.96,3234.96,690.59,21.3,2023-03-01,2027-12-31,2028-12-31,2026-03-01,6,0.0,0
PAIM-618866,"218.000 Section of NH 530B, in the State of Uttar Pradesh on HAM Mode under NH0 (National Highways Authority of India [N",Infrastructure & Highways,Ministry of Road Transport & Highways,618866,Uttar Pradesh,1363.69,1363.69,554.98,40.7,2024-03-01,2026-12-31,2027-12-31,2026-03-01,12,0.0,0
PAIM-618867,4L Kasganj-Badaun Section from Km. 123.100 to Km. 179.500 Pkg-III of NH530B (National Highways Authority of India [NHAI],Infrastructure & Highways,Ministry of Road Transport & Highways,618867,Uttar Pradesh,3625.21,3625.21,2533.43,69.9,2022-03-01,2027-12-31,2029-12-31,2026-03-01,6,0.0,0
PAIM-618868,530B (National Highways Authority of India [NHAI]) (618868),Infrastructure & Highways,Ministry of Road Transport & Highways,618868,Uttar Pradesh,1677.48,1677.48,299.58,17.9,2021-03-01,2026-12-31,2027-12-31,2026-03-01,6,0.0,0
PAIM-618869,30 near Invertis University including Trumpet Interchange (National Highways Authority of India [NHAI]) (618869),Infrastructure & Highways,Ministry of Road Transport & Highways,618869,Uttar Pradesh,2081.95,2081.95,283.29,13.6,2024-03-01,2028-12-31,2028-12-31,2026-03-01,0,0.0,0
PAIM-618883,42.500] on EPC Mode in the state of Uttar Pradesh. (National Highways Authority of India [NHAI]) (618883),Infrastructure & Highways,Ministry of Road Transport & Highways,618883,Uttar Pradesh,2294.57,2294.57,1039.04,45.3,2022-03-01,2027-12-31,2028-12-31,2026-03-01,6,0.0,0
PAIM-618884,78.150] on EPC Mode in the state of Uttar Pradesh. (National Highways Authority of India [NHAI]) (618884),Infrastructure & Highways,Ministry of Road Transport & Highways,618884,Uttar Pradesh,3701.01,3701.01,454.36,12.3,2022-03-01,2026-12-31,2029-12-31,2026-03-01,18,0.0,0
PAIM-618885,EPC Mode in the state of Uttar Pradesh. (National Highways Authority of India [NHAI]) (618885),Infrastructure & Highways,Ministry of Road Transport & Highways,618885,Uttar Pradesh,3241.82,3241.82,1675.74,51.7,2022-03-01,2028-12-31,2028-12-31,2026-03-01,6,0.0,0
PAIM-618893,Gorakhpur (National Highways Authority of India [NHAI]) (618893),Infrastructure & Highways,Ministry of Road Transport & Highways,618893,Uttar Pradesh,2082.96,2082.96,945.2,45.4,2022-03-01,2026-12-31,2028-12-31,2026-03-01,0,0.0,0
PAIM-618911,13.700 connecting NH-24 to NH-87 bypassing rampur town (National Highways Authority of India [NHAI]) (618911),Infrastructure & Highways,Ministry of Road Transport & Highways,618911,Uttar Pradesh,660.55,660.55,340.39,51.5,2022-03-01,2028-12-31,2027-12-31,2026-03-01,18,0.0,0
PAIM-618923,Design Length 39.560 Km  of NH-119 Pkg-II (National Highways Authority of India [NHAI]) (618923),Infrastructure & Highways,Ministry of Road Transport & Highways,618923,Uttar Pradesh,3576.02,3576.02,2605.58,72.9,2024-03-01,2026-12-31,2027-12-31,2026-03-01,36,0.0,0
PAIM-618924,2L PS of Najibabad Kotdwar section from 112.575 to Km. 138.635 of NH 119 (National Highways Authority of India [NHAI]) (,Infrastructure & Highways,Ministry of Road Transport & Highways,618924,Uttar Pradesh,2861.44,2861.44,1061.32,37.1,2022-03-01,2027-12-31,2028-12-31,2026-03-01,18,0.0,0
PAIM-618925,Bijnor-Kotawali (National Highways Authority of India [NHAI]) (618925),Infrastructure & Highways,Ministry of Road Transport & Highways,618925,Uttar Pradesh,417.11,417.11,149.3,35.8,2024-03-01,2028-12-31,2029-12-31,2026-03-01,18,0.0,0
PAIM-618927,734 Pkg-II (National Highways Authority of India [NHAI]) (618927),Infrastructure & Highways,Ministry of Road Transport & Highways,618927,Uttar Pradesh,918.22,918.22,569.11,62.0,2023-03-01,2027-12-31,2028-12-31,2026-03-01,6,0.0,0
PAIM-618929,Km. 33.200 Pkg-I (National Highways Authority of India [NHAI]) (618929),Infrastructure & Highways,Ministry of Road Transport & Highways,618929,Uttar Pradesh,2508.39,2508.39,2103.84,83.9,2022-03-01,2026-12-31,2028-12-31,2026-03-01,24,0.0,0
PAIM-618959,NH-19 (National Highways Authority of India [NHAI]) (618959),Infrastructure & Highways,Ministry of Road Transport & Highways,618959,Uttar Pradesh,1040.77,1040.77,496.37,47.7,2023-03-01,2027-12-31,2029-12-31,2026-03-01,12,0.0,0
PAIM-618960,43.200 - 50.860 (National Highways Authority of India [NHAI]) (618960),Infrastructure & Highways,Ministry of Road Transport & Highways,618960,Uttar Pradesh,2162.24,2162.24,1120.56,51.8,2022-03-01,2028-12-31,2028-12-31,2026-03-01,36,0.0,0
PAIM-618961,34.400  43.200 (National Highways Authority of India [NHAI]) (618961),Infrastructure & Highways,Ministry of Road Transport & Highways,618961,Uttar Pradesh,2936.31,2936.31,2276.96,77.5,2021-03-01,2026-12-31,2029-12-31,2026-03-01,36,0.0,0
PAIM-618968,Bypass  from Km. 82.000 to Km. 119.790 Pkg-4 (National Highways Authority of India [NHAI]) (618968),Infrastructure & Highways,Ministry of Road Transport & Highways,618968,Uttar Pradesh,1707.37,1707.37,1363.2,79.8,2021-03-01,2027-12-31,2029-12-31,2026-03-01,36,0.0,0
PAIM-618970,Km. 27.000 to Km. 56.500 Pkg-2 (National Highways Authority of India [NHAI]) (618970),Infrastructure & Highways,Ministry of Road Transport & Highways,618970,Uttar Pradesh,233.45,233.45,127.43,54.6,2023-03-01,2027-12-31,2029-12-31,2026-03-01,18,0.0,0
PAIM-619162,74 Bypass of NH-119 (National Highways Authority of India [NHAI]) (619162),Infrastructure & Highways,Ministry of Road Transport & Highways,619162,Uttar Pradesh,3433.56,3433.56,376.65,11.0,2021-03-01,2026-12-31,2028-12-31,2026-03-01,36,0.0,0
PAIM-619168,Lohadda from Km. 0.000  to Km. 27.000 Pkg-1 (National Highways Authority of India [NHAI]) (619168),Infrastructure & Highways,Ministry of Road Transport & Highways,619168,Uttar Pradesh,2527.69,2527.69,688.86,27.3,2022-03-01,2026-12-31,2028-12-31,2026-03-01,12,0.0,0
PAIM-617888,296.925 10 location under EPC mode in the State of Uttarakhand on EPC Mode (MoRTH) (617888),Infrastructure & Highways,Ministry of Road Transport & Highways,617888,Multi-State,3023.42,3023.42,695.33,23.0,2023-03-01,2027-12-31,2027-12-31,2026-03-01,6,0.0,0
PAIM-617889,12509 in the State of Uttarakhand under EPC mode in NHO Annual Plan 2022-23 (MoRTH) (617889),Infrastructure & Highways,Ministry of Road Transport & Highways,617889,Multi-State,2977.88,2977.88,994.9,33.4,2021-03-01,2028-12-31,2028-12-31,2026-03-01,36,0.0,0
PAIM-617890,9.847 of NH-125 in District-Champawat in the state of Uttrakhand on EPC mode. (MoRTH) (617890),Infrastructure & Highways,Ministry of Road Transport & Highways,617890,Multi-State,1707.93,1707.93,424.48,24.9,2024-03-01,2028-12-31,2027-12-31,2026-03-01,6,0.0,0
PAIM-617929,Km 47.700 existing Km 33.130 to Km 41.260 of NH-109 in the State of Uttarakhand (MoRTH) (617929),Infrastructure & Highways,Ministry of Road Transport & Highways,617929,Multi-State,1346.78,1346.78,1114.32,82.7,2021-03-01,2026-12-31,2027-12-31,2026-03-01,12,0.0,0
PAIM-617967,EPC mode in the state of Uttarakhand. (MoRTH) (617967),Infrastructure & Highways,Ministry of Road Transport & Highways,617967,Multi-State,3434.73,3434.73,1801.92,52.5,2021-03-01,2026-12-31,2029-12-31,2026-03-01,0,0.0,0
PAIM-617968,to Sitapur on NH 109 in UK (MoRTH) (617968),Infrastructure & Highways,Ministry of Road Transport & Highways,617968,Multi-State,2759.16,2759.16,2235.03,81.0,2023-03-01,2026-12-31,2028-12-31,2026-03-01,24,0.0,0
PAIM-617970,92.880 of NH- (MoRTH) (617970),Infrastructure & Highways,Ministry of Road Transport & Highways,617970,Multi-State,2645.73,2645.73,770.93,29.1,2023-03-01,2026-12-31,2028-12-31,2026-03-01,24,0.0,0
PAIM-617974,Dharasu to Yamunotri Road of NH- 134 Old NH-94 (MoRTH) (617974),Infrastructure & Highways,Ministry of Road Transport & Highways,617974,Multi-State,1952.2,1952.2,1057.79,54.2,2021-03-01,2027-12-31,2028-12-31,2026-03-01,24,0.0,0
PAIM-617975,Uttarakhand (MoRTH) (617975),Infrastructure & Highways,Ministry of Road Transport & Highways,617975,Multi-State,1533.21,1533.21,1068.82,69.7,2024-03-01,2027-12-31,2029-12-31,2026-03-01,6,0.0,0
PAIM-618039,Km 53.365 to Km 78.785 on NH- 507 in the State of Uttarakhand. (MoRTH) (618039),Infrastructure & Highways,Ministry of Road Transport & Highways,618039,Multi-State,2570.18,2570.18,1803.7,70.2,2021-03-01,2027-12-31,2028-12-31,2026-03-01,18,0.0,0
PAIM-618040,534 in the State of Uttarakhand under NHO Annual Plan 2021-22 under EPC mode (MoRTH) (618040),Infrastructure & Highways,Ministry of Road Transport & Highways,618040,Multi-State,3314.93,3314.93,2135.64,64.4,2022-03-01,2027-12-31,2027-12-31,2026-03-01,36,0.0,0
PAIM-618041,2021-22. (MoRTH) (618041),Infrastructure & Highways,Ministry of Road Transport & Highways,618041,Multi-State,3986.65,3986.65,1924.83,48.3,2021-03-01,2026-12-31,2028-12-31,2026-03-01,12,0.0,0
PAIM-618119,309Ain the State of Uttarakhand Package-IV under NHO Annual Plan 2021-22 (MoRTH) (618119),Infrastructure & Highways,Ministry of Road Transport & Highways,618119,Multi-State,2861.6,2861.6,2219.18,77.6,2021-03-01,2026-12-31,2027-12-31,2026-03-01,36,0.0,0
PAIM-618207,under Annual Plan 2022-23 length 50.987 (MoRTH) (618207),Infrastructure & Highways,Ministry of Road Transport & Highways,618207,Multi-State,1296.89,1296.89,904.65,69.8,2022-03-01,2026-12-31,2027-12-31,2026-03-01,24,0.0,0
PAIM-618208,Chardham Programme in the State of Uttarakhand. (MoRTH) (618208),Infrastructure & Highways,Ministry of Road Transport & Highways,618208,Multi-State,1082.08,1082.08,576.4,53.3,2022-03-01,2028-12-31,2027-12-31,2026-03-01,18,0.0,0
PAIM-618209,Uttarakhand Length 6.35 km (MoRTH) (618209),Infrastructure & Highways,Ministry of Road Transport & Highways,618209,Multi-State,2174.35,2174.35,706.11,32.5,2021-03-01,2027-12-31,2028-12-31,2026-03-01,6,0.0,0
PAIM-618210,Length-35.605 Km CA No EPC/MORT&H/HRK/01/2021-22 (MoRTH) (618210),Infrastructure & Highways,Ministry of Road Transport & Highways,618210,Multi-State,1019.38,1019.38,814.31,79.9,2024-03-01,2027-12-31,2028-12-31,2026-03-01,12,0.0,0
PAIM-618211,Pariyojna on EPC Mode (MoRTH) (618211),Infrastructure & Highways,Ministry of Road Transport & Highways,618211,Multi-State,248.07,248.07,94.43,38.1,2024-03-01,2026-12-31,2028-12-31,2026-03-01,6,0.0,0
PAIM-618212,SLIDE - 12 NOS (MoRTH) (618212),Infrastructure & Highways,Ministry of Road Transport & Highways,618212,Multi-State,2516.68,2516.68,1679.37,66.7,2022-03-01,2028-12-31,2028-12-31,2026-03-01,0,0.0,0
PAIM-618213,Chardham in (MoRTH) (618213),Infrastructure & Highways,Ministry of Road Transport & Highways,618213,Multi-State,3299.3,3299.3,501.99,15.2,2021-03-01,2028-12-31,2028-12-31,2026-03-01,0,0.0,0
PAIM-618214,mode under improvement to NH connectivity to Chardham in the state of Uttarakhand. (MoRTH) (618214),Infrastructure & Highways,Ministry of Road Transport & Highways,618214,Multi-State,1505.98,1505.98,856.64,56.9,2024-03-01,2028-12-31,2028-12-31,2026-03-01,12,0.0,0
PAIM-618218,Pariyojna on EPC mode in the state of Uttarakhand (MoRTH) (618218),Infrastructure & Highways,Ministry of Road Transport & Highways,618218,Multi-State,3764.08,3764.08,3129.99,83.2,2024-03-01,2027-12-31,2028-12-31,2026-03-01,12,0.0,0
PAIM-618219,Malari Ch. 60.550 km road on NH- 107B under in the state of Uttarakhand. (MoRTH) (618219),Infrastructure & Highways,Ministry of Road Transport & Highways,618219,Multi-State,745.31,745.31,584.8,78.5,2022-03-01,2027-12-31,2027-12-31,2026-03-01,6,0.0,0
PAIM-618390,along NH-134 Old NH-94 on EPC mode (NHIDCL) (618390),Infrastructure & Highways,Ministry of Road Transport & Highways,618390,Multi-State,2130.61,2130.61,1368.64,64.2,2024-03-01,2026-12-31,2027-12-31,2026-03-01,6,0.0,0
PAIM-618391,01 No. Bridge from Ch. 450.00 to Ch. 468.00 18 Km. Length on NH-07 Package-III (NHIDCL) (618391),Infrastructure & Highways,Ministry of Road Transport & Highways,618391,Multi-State,2330.92,2330.92,1274.67,54.7,2024-03-01,2026-12-31,2029-12-31,2026-03-01,0,0.0,0
PAIM-618392,state of Uttarakhand Package-2 (NHIDCL) (618392),Infrastructure & Highways,Ministry of Road Transport & Highways,618392,Multi-State,3991.56,3991.56,2927.79,73.3,2022-03-01,2026-12-31,2028-12-31,2026-03-01,12,0.0,0
PAIM-618393,EPC Mode in Uttarakhand Package-1 (NHIDCL) (618393),Infrastructure & Highways,Ministry of Road Transport & Highways,618393,Multi-State,2769.84,2769.84,2337.71,84.4,2023-03-01,2026-12-31,2027-12-31,2026-03-01,12,0.0,0
PAIM-618875,to km 27.509 of EUP mitigation measures on NH74 (National Highways Authority of India [NHAI]) (618875),Infrastructure & Highways,Ministry of Road Transport & Highways,618875,Multi-State,2142.11,2142.11,1335.4,62.3,2021-03-01,2026-12-31,2029-12-31,2026-03-01,0,0.0,0
PAIM-619142,Priyojana of NH-109D on EPC mode in the State of Uttarakhand (National Highways Authority of India [NHAI]) (619142),Infrastructure & Highways,Ministry of Road Transport & Highways,619142,Multi-State,3368.8,3368.8,2636.37,78.3,2024-03-01,2027-12-31,2028-12-31,2026-03-01,18,0.0,0
PAIM-619155,15.100 Km 5.100 of NH 74 PKg-1 (National Highways Authority of India [NHAI]) (619155),Infrastructure & Highways,Ministry of Road Transport & Highways,619155,Multi-State,3530.02,3530.02,2357.85,66.8,2024-03-01,2026-12-31,2028-12-31,2026-03-01,6,0.0,0
PAIM-617893,014-W8-2023-24/527   . (MoRTH) (617893),Infrastructure & Highways,Ministry of Road Transport & Highways,617893,West Bengal,1639.03,1639.03,806.4,49.2,2023-03-01,2026-12-31,2029-12-31,2026-03-01,12,0.0,0
PAIM-617894,West Bengal in EPC Mode- reg.   Job No. 014-WB-2022-23/514 (MoRTH) (617894),Infrastructure & Highways,Ministry of Road Transport & Highways,617894,West Bengal,2072.67,2072.67,1353.88,65.3,2022-03-01,2026-12-31,2027-12-31,2026-03-01,12,0.0,0
PAIM-617931,NH-60. (MoRTH) (617931),Infrastructure & Highways,Ministry of Road Transport & Highways,617931,West Bengal,1901.87,1901.87,1484.19,78.0,2023-03-01,2028-12-31,2027-12-31,2026-03-01,0,0.0,0
PAIM-617960,Km 46.550 to Km 59.697 in the district of Malda. Job No-081-WB-2015-16/400 (MoRTH) (617960),Infrastructure & Highways,Ministry of Road Transport & Highways,617960,West Bengal,1464.22,1464.22,1130.59,77.2,2021-03-01,2026-12-31,2029-12-31,2026-03-01,0,0.0,0
PAIM-618227,Bengal on EPC Mode Job No. 010/WB/2021-22/490 (MoRTH) (618227),Infrastructure & Highways,Ministry of Road Transport & Highways,618227,West Bengal,1297.3,1297.3,812.79,62.7,2021-03-01,2028-12-31,2027-12-31,2026-03-01,6,0.0,0
PAIM-618427,NH717-A on EPC under SARDP-NE A in state of West Bengal Pkg-VA (NHIDCL) (618427),Infrastructure & Highways,Ministry of Road Transport & Highways,618427,West Bengal,1439.82,1439.82,1208.0,83.9,2022-03-01,2026-12-31,2029-12-31,2026-03-01,36,0.0,0
PAIM-618429,to Gangtok Lava More-Reshi Border  Pkg-VB (NHIDCL) (618429),Infrastructure & Highways,Ministry of Road Transport & Highways,618429,West Bengal,831.97,831.97,231.45,27.8,2023-03-01,2028-12-31,2028-12-31,2026-03-01,6,0.0,0
PAIM-618430,Mode under Phase-A of SARDP-NE in the State of West Bengal PKG- IVA (NHIDCL) (618430),Infrastructure & Highways,Ministry of Road Transport & Highways,618430,West Bengal,549.33,549.33,372.16,67.7,2022-03-01,2028-12-31,2027-12-31,2026-03-01,24,0.0,0
PAIM-618431,Mode under Phase-A of SARDP-NE in the State of West Bengal PKG- IVB (NHIDCL) (618431),Infrastructure & Highways,Ministry of Road Transport & Highways,618431,West Bengal,1329.59,1329.59,663.98,49.9,2023-03-01,2028-12-31,2027-12-31,2026-03-01,12,0.0,0
PAIM-618572,Binnaguri Bypass-Descoped portion of Ghoshpukur-Dhupguri Section of NH-31Dpkg-1 (National Highways Authority of India [N,Infrastructure & Highways,Ministry of Road Transport & Highways,618572,West Bengal,2782.61,2782.61,632.86,22.7,2022-03-01,2027-12-31,2029-12-31,2026-03-01,18,0.0,0
PAIM-618574,Ghoshpukur-Salsalabari Section (National Highways Authority of India [NHAI]) (618574),Infrastructure & Highways,Ministry of Road Transport & Highways,618574,West Bengal,3364.31,3364.31,1724.85,51.3,2023-03-01,2028-12-31,2028-12-31,2026-03-01,12,0.0,0
PAIM-618808,6L Elevated Kona Expressway from Km. 0.145 to Km. 7.337 of NH-117 (National Highways Authority of India [NHAI]) (618808),Infrastructure & Highways,Ministry of Road Transport & Highways,618808,West Bengal,1876.11,1876.11,445.67,23.8,2024-03-01,2026-12-31,2027-12-31,2026-03-01,24,0.0,0
PAIM-618823,the district of North 24 - Parganas (National Highways Authority of India [NHAI]) (618823),Infrastructure & Highways,Ministry of Road Transport & Highways,618823,West Bengal,3211.63,3211.63,834.15,26.0,2024-03-01,2026-12-31,2027-12-31,2026-03-01,12,0.0,0
PAIM-618824,"to Berhampore section of NH-34 New NH-12 , in the state of West Bengal under NHO. (National Highways Authority of India ",Infrastructure & Highways,Ministry of Road Transport & Highways,618824,West Bengal,2032.52,2032.52,1652.28,81.3,2022-03-01,2026-12-31,2029-12-31,2026-03-01,6,0.0,0
PAIM-618825,Farakka-Raiganj (National Highways Authority of India [NHAI]) (618825),Infrastructure & Highways,Ministry of Road Transport & Highways,618825,West Bengal,4243.13,4243.13,1255.65,29.6,2021-03-01,2026-12-31,2028-12-31,2026-03-01,18,0.0,0
PAIM-618910,4L of Purulia Bypass section from Km 84.030 to Km 94.345 of NH-32 (National Highways Authority of India [NHAI]) (618910),Infrastructure & Highways,Ministry of Road Transport & Highways,618910,West Bengal,3989.55,3989.55,3042.73,76.3,2024-03-01,2028-12-31,2027-12-31,2026-03-01,36,0.0,0
PAIM-619004,23/518   . (MoRTH) (619004),Infrastructure & Highways,Ministry of Road Transport & Highways,619004,West Bengal,3883.98,3883.98,1351.75,34.8,2022-03-01,2026-12-31,2029-12-31,2026-03-01,36,0.0,0
PAIM-619187,in the State of West Bengal on EPC mode (NHIDCL) (619187),Infrastructure & Highways,Ministry of Road Transport & Highways,619187,West Bengal,2743.7,2743.7,2210.57,80.6,2024-03-01,2027-12-31,2029-12-31,2026-03-01,24,0.0,0
PAIM-709859,OF COMMUNICATION FINANCE [NICF] AT GHITORNI (National Communication Academy - Finance [Erstwhile NICF]) (709859),Infrastructure & Highways,Ministry of Road Transport & Highways,709859,Delhi,1934.2,1934.2,1300.45,67.2,2024-03-01,2028-12-31,2029-12-31,2026-03-01,24,0.0,0
PAIM-617413,Upgradation (Department of Telecommunications [DoT]) (617413),Infrastructure & Highways,Ministry of Road Transport & Highways,617413,Maharashtra,2573.82,2573.82,1322.57,51.4,2023-03-01,2027-12-31,2028-12-31,2026-03-01,24,0.0,0
PAIM-701599,Mobile connectivity in Left Wing Extremism [LWE] affected areas-Phase2 (Department of Telecommunications [DoT]) (701599),Infrastructure & Highways,Ministry of Road Transport & Highways,701599,Maharashtra,890.28,890.28,712.28,80.0,2024-03-01,2026-12-31,2029-12-31,2026-03-01,36,0.0,0
PAIM-701602,Odisha (Department of Telecommunications [DoT]) (701602),Infrastructure & Highways,Ministry of Road Transport & Highways,701602,Maharashtra,3496.55,3496.55,1056.3,30.2,2022-03-01,2027-12-31,2029-12-31,2026-03-01,24,0.0,0
PAIM-704495,and Uttar Pradesh (Department of Telecommunications [DoT]) (704495),Infrastructure & Highways,Ministry of Road Transport & Highways,704495,Uttar Pradesh,3039.58,3039.58,1335.22,43.9,2024-03-01,2026-12-31,2029-12-31,2026-03-01,24,0.0,0
PAIM-400013,Saturation 4G mobile coverage of Uncovered Villages through USOF (Department of Telecommunications [DoT]) (400013),Infrastructure & Highways,Ministry of Road Transport & Highways,400013,Multi-State,3969.46,3969.46,1162.22,29.3,2023-03-01,2027-12-31,2028-12-31,2026-03-01,12,0.0,0
PAIM-701593,4G Services by BSNL (Department of Telecommunications [DoT]) (701593),Infrastructure & Highways,Ministry of Road Transport & Highways,701593,Multi-State,3014.12,3014.12,572.56,19.0,2021-03-01,2026-12-31,2027-12-31,2026-03-01,18,0.0,0
PAIM-706775,BharatNet (Department of Telecommunications [DoT]) (706775),Infrastructure & Highways,Ministry of Road Transport & Highways,706775,Multi-State,2847.48,2847.48,932.1,32.7,2024-03-01,2027-12-31,2027-12-31,2026-03-01,0,0.0,0
PAIM-709856,ALONG WITH TEST AND MEASURING EQUIPMENT (BSNL) (709856),Infrastructure & Highways,Ministry of Road Transport & Highways,709856,Multi-State,651.8,651.8,272.92,41.9,2022-03-01,2027-12-31,2029-12-31,2026-03-01,6,0.0,0
PAIM-709857,including Mumbai & Delhi LSA on turnkey basis under Phase IX.2 Project. (BSNL) (709857),Infrastructure & Highways,Ministry of Road Transport & Highways,709857,Delhi,2407.04,2407.04,1441.14,59.9,2021-03-01,2026-12-31,2029-12-31,2026-03-01,24,0.0,0
PAIM-616600,PPP mode-Namami Gange Programme (National Mission for Clean Ganga) (616600),Infrastructure & Highways,Ministry of Road Transport & Highways,616600,Bihar,1036.58,1036.58,691.91,66.7,2022-03-01,2027-12-31,2028-12-31,2026-03-01,0,0.0,0
PAIM-616611,under Hybrid annuity based PPP mode-Namami Gange Programme (National Mission for Clean Ganga) (616611),Infrastructure & Highways,Ministry of Road Transport & Highways,616611,Bihar,3886.68,3886.68,550.25,14.2,2021-03-01,2028-12-31,2028-12-31,2026-03-01,0,0.0,0
PAIM-616612,Patna under Hybrid annuity based PPP mode-Namami Gange Programme (National Mission for Clean Ganga) (616612),Infrastructure & Highways,Ministry of Road Transport & Highways,616612,Bihar,284.55,284.55,198.21,69.7,2021-03-01,2027-12-31,2028-12-31,2026-03-01,0,0.0,0
PAIM-616615,"Sewer Network,  SPS and STP at Begusarai (National Mission for Clean Ganga) (616615)",Infrastructure & Highways,Ministry of Road Transport & Highways,616615,Bihar,2283.96,2283.96,1746.75,76.5,2022-03-01,2028-12-31,2028-12-31,2026-03-01,24,0.0,0
PAIM-616616,"Sewer Networks,  SPS and STP at Hajipur (National Mission for Clean Ganga) (616616)",Infrastructure & Highways,Ministry of Road Transport & Highways,616616,Bihar,2158.02,2158.02,1076.82,49.9,2023-03-01,2027-12-31,2028-12-31,2026-03-01,36,0.0,0
PAIM-616594,annuity based PPP model-Namami Gange Programme (National Mission for Clean Ganga) (616594),Infrastructure & Highways,Ministry of Road Transport & Highways,616594,Uttar Pradesh,2390.54,2390.54,1149.6,48.1,2021-03-01,2026-12-31,2029-12-31,2026-03-01,36,0.0,0
PAIM-616605,Interception & Diversion with  STP (National Mission for Clean Ganga) (616605),Infrastructure & Highways,Ministry of Road Transport & Highways,616605,Uttar Pradesh,1256.41,1256.41,223.93,17.8,2023-03-01,2028-12-31,2029-12-31,2026-03-01,0,0.0,0
PAIM-616604,Interception & Diversion with STP (National Mission for Clean Ganga) (616604),Infrastructure & Highways,Ministry of Road Transport & Highways,616604,West Bengal,2485.16,2485.16,2057.71,82.8,2023-03-01,2028-12-31,2027-12-31,2026-03-01,18,0.0,0
PAIM-400100,Sardar Gouthu Latchanna Thotapalli Barrage Project (Water Resources-AP) (400100),Infrastructure & Highways,Ministry of Road Transport & Highways,400100,West Bengal,2130.75,2130.75,497.02,23.3,2024-03-01,2027-12-31,2029-12-31,2026-03-01,0,0.0,0
PAIM-400101,Gundlakamma project (Water Resources-AP) (400101),Infrastructure & Highways,Ministry of Road Transport & Highways,400101,Andhra Pradesh,1941.01,1941.01,783.32,40.4,2024-03-01,2026-12-31,2029-12-31,2026-03-01,0,0.0,0
PAIM-701415,Polavaram Irrigation Project (Water Resources-AP) (701415),Infrastructure & Highways,Ministry of Road Transport & Highways,701415,Andhra Pradesh,1871.35,1871.35,587.05,31.4,2024-03-01,2026-12-31,2029-12-31,2026-03-01,0,0.0,0
PAIM-400104,Punpun Barrage Project (Water Resources-BR) (400104),Infrastructure & Highways,Ministry of Road Transport & Highways,400104,Bihar,1254.82,1254.82,889.95,70.9,2022-03-01,2028-12-31,2029-12-31,2026-03-01,18,0.0,0
PAIM-400111,Kelo Irrigation Project (Water Resources-CT) (400111),Infrastructure & Highways,Ministry of Road Transport & Highways,400111,Bihar,1373.86,1373.86,554.4,40.4,2023-03-01,2026-12-31,2028-12-31,2026-03-01,18,0.0,0
PAIM-701399,"Kudali Irrigation Project (Department of Water Resources, River Development & GR) (701399)",Infrastructure & Highways,Ministry of Road Transport & Highways,701399,Multi-State,3070.83,3070.83,515.99,16.8,2022-03-01,2027-12-31,2027-12-31,2026-03-01,18,0.0,0
PAIM-400097,"Sardar Sarovar CADWM Project (Narmada and Water Resources, Water Supply and Kalpsar Department-GJ) (400097)",Infrastructure & Highways,Ministry of Road Transport & Highways,400097,Gujarat,4373.62,4373.62,1026.73,23.5,2021-03-01,2026-12-31,2029-12-31,2026-03-01,12,0.0,0
PAIM-701372,"Sardar Sarovar Project (Narmada and Water Resources, Water Supply and Kalpsar Department-GJ) (701372)",Infrastructure & Highways,Ministry of Road Transport & Highways,701372,Gujarat,1375.45,1375.45,629.1,45.7,2022-03-01,2028-12-31,2028-12-31,2026-03-01,36,0.0,0
PAIM-701376,"Subernarekha   Multipurpose Project, Jharkhand (Department of Water Resources-JH) (701376)",Infrastructure & Highways,Ministry of Road Transport & Highways,701376,Gujarat,3206.29,3206.29,864.15,27.0,2023-03-01,2027-12-31,2028-12-31,2026-03-01,18,0.0,0
PAIM-701377,Upper Tunga Irrigation Project (Water Resources-KA) (701377),Infrastructure & Highways,Ministry of Road Transport & Highways,701377,Karnataka,3068.32,3068.32,1658.06,54.0,2022-03-01,2027-12-31,2029-12-31,2026-03-01,12,0.0,0
PAIM-400096,Omkareshwar CADWM Project (Water resource-mp) (400096),Infrastructure & Highways,Ministry of Road Transport & Highways,400096,Karnataka,424.55,424.55,185.53,43.7,2023-03-01,2027-12-31,2029-12-31,2026-03-01,12,0.0,0
PAIM-400115,Bargi Diversion Project Phase - IV [km. 154 to km 197] (Water Resources-MP) (400115),Infrastructure & Highways,Ministry of Road Transport & Highways,400115,Madhya Pradesh,1603.3,1603.3,804.02,50.1,2024-03-01,2026-12-31,2028-12-31,2026-03-01,24,0.0,0
PAIM-400116,Bargi Diversion Project Phase - III [km. 104 to km 154] (Water Resources-MP) (400116),Infrastructure & Highways,Ministry of Road Transport & Highways,400116,Maharashtra,3523.19,3523.19,2408.29,68.4,2023-03-01,2026-12-31,2028-12-31,2026-03-01,12,0.0,0
PAIM-400095,Gosikhurd CADWM Project (Department of water resources-MH - II) (400095),Infrastructure & Highways,Ministry of Road Transport & Highways,400095,Maharashtra,511.9,511.9,76.18,14.9,2024-03-01,2028-12-31,2028-12-31,2026-03-01,6,0.0,0
PAIM-400105,Urmodi Irrigation Project (Department of water resources-MH - II) (400105),Infrastructure & Highways,Ministry of Road Transport & Highways,400105,Maharashtra,4366.07,4366.07,641.64,14.7,2023-03-01,2026-12-31,2027-12-31,2026-03-01,0,0.0,0
PAIM-400107,Sulwade-Jamphal-Kanoli Lift Irrigation Scheme (Department of water resources-MH - II) (400107),Infrastructure & Highways,Ministry of Road Transport & Highways,400107,Maharashtra,656.79,656.79,177.21,27.0,2024-03-01,2028-12-31,2027-12-31,2026-03-01,0,0.0,0
PAIM-400109,Purna Barrage-2 [Ner Dhamana] Medium Irrigation Project (Department of water resources-MH - II) (400109),Infrastructure & Highways,Ministry of Road Transport & Highways,400109,Maharashtra,3798.16,3798.16,3108.65,81.8,2023-03-01,2026-12-31,2027-12-31,2026-03-01,24,0.0,0
PAIM-400112,Jigaon Irrigation Project (Department of water resources-MH - II) (400112),Infrastructure & Highways,Ministry of Road Transport & Highways,400112,Maharashtra,850.74,850.74,467.6,55.0,2023-03-01,2028-12-31,2029-12-31,2026-03-01,6,0.0,0
PAIM-617422,Bodwad Parisar Sinchan Yojna (Department of Water Resources-MH) (617422),Infrastructure & Highways,Ministry of Road Transport & Highways,617422,Maharashtra,2299.06,2299.06,1189.31,51.7,2024-03-01,2027-12-31,2028-12-31,2026-03-01,6,0.0,0
PAIM-701383,Waghur Project (Department of water resources-MH - II) (701383),Infrastructure & Highways,Ministry of Road Transport & Highways,701383,Maharashtra,3569.98,3569.98,691.36,19.4,2022-03-01,2028-12-31,2029-12-31,2026-03-01,18,0.0,0
PAIM-701386,Gosikhurd Project (Department of water resources-MH - II) (701386),Infrastructure & Highways,Ministry of Road Transport & Highways,701386,Maharashtra,2993.3,2993.3,2286.64,76.4,2024-03-01,2028-12-31,2027-12-31,2026-03-01,18,0.0,0
PAIM-701391,Aruna Medium Irrigation Project (Department of water resources-MH - II) (701391),Infrastructure & Highways,Ministry of Road Transport & Highways,701391,Maharashtra,4174.68,4174.68,2607.22,62.5,2024-03-01,2028-12-31,2027-12-31,2026-03-01,6,0.0,0
PAIM-701396,Lower Pedhi Project (Department of water resources-MH - II) (701396),Infrastructure & Highways,Ministry of Road Transport & Highways,701396,Maharashtra,2537.93,2537.93,1913.4,75.4,2021-03-01,2028-12-31,2028-12-31,2026-03-01,24,0.0,0
PAIM-701398,Nardave Medium Irrigation Project (Department of water resources-MH - II) (701398),Infrastructure & Highways,Ministry of Road Transport & Highways,701398,Maharashtra,2259.33,2259.33,883.48,39.1,2022-03-01,2028-12-31,2028-12-31,2026-03-01,36,0.0,0
PAIM-701412,"North Koel Reservoir Project (Department of Water Resources, River Development & GR) (701412)",Infrastructure & Highways,Ministry of Road Transport & Highways,701412,Bihar,2186.05,2186.05,646.35,29.6,2024-03-01,2028-12-31,2029-12-31,2026-03-01,12,0.0,0
PAIM-701530,"Ken-Betwa Linking Development Project (Department of Water Resources, River Development, ) (701530)",Infrastructure & Highways,Ministry of Road Transport & Highways,701530,Odisha,1192.98,1192.98,563.45,47.2,2022-03-01,2027-12-31,2029-12-31,2026-03-01,36,0.0,0
PAIM-603945,Integrated Anandpur Barrage Project (Water Resources-OR) (603945),Infrastructure & Highways,Ministry of Road Transport & Highways,603945,Odisha,3223.55,3223.55,507.9,15.8,2023-03-01,2027-12-31,2028-12-31,2026-03-01,6,0.0,0
PAIM-701402,"Subernarekha Project, Odisha (Department of Water Resources, River Development & GR) (701402)",Infrastructure & Highways,Ministry of Road Transport & Highways,701402,Odisha,4166.1,4166.1,1084.79,26.0,2023-03-01,2027-12-31,2028-12-31,2026-03-01,0,0.0,0
PAIM-701404,Kanupur Irrigation Project (Irrigation and CAD-TG) (701404),Infrastructure & Highways,Ministry of Road Transport & Highways,701404,Odisha,4183.68,4183.68,2391.36,57.2,2024-03-01,2028-12-31,2029-12-31,2026-03-01,12,0.0,0
PAIM-701410,Relining of  Rajasthan feeder and Sirhind Feeder canal (Department of Water Resources-PB) (701410),Infrastructure & Highways,Ministry of Road Transport & Highways,701410,Odisha,3896.79,3896.79,1971.27,50.6,2024-03-01,2026-12-31,2028-12-31,2026-03-01,12,0.0,0
PAIM-701411,Shahpur Kandi Dam Project (Department of Water Resources-PB) (701411),Infrastructure & Highways,Ministry of Road Transport & Highways,701411,Telangana,2433.64,2433.64,1138.42,46.8,2022-03-01,2028-12-31,2028-12-31,2026-03-01,12,0.0,0
PAIM-400102,Sri Ram Sagar Project Stage - II (Irrigation and CAD-TG) (400102),Infrastructure & Highways,Ministry of Road Transport & Highways,400102,Telangana,230.11,230.11,193.44,84.1,2023-03-01,2027-12-31,2028-12-31,2026-03-01,0,0.0,0
PAIM-400103,Indiramma Flood Flow Canal Project (Irrigation and CAD-TG) (400103),Infrastructure & Highways,Ministry of Road Transport & Highways,400103,Telangana,1749.75,1749.75,781.2,44.6,2023-03-01,2028-12-31,2028-12-31,2026-03-01,24,0.0,0
PAIM-701405,J. Chokka Rao Devadula Lift Irrigation Scheme (Irrigation and CAD-TG) (701405),Infrastructure & Highways,Ministry of Road Transport & Highways,701405,Telangana,3291.02,3291.02,1397.64,42.5,2022-03-01,2026-12-31,2028-12-31,2026-03-01,18,0.0,0
PAIM-701406,Rajiv Bhima Lift Irrigation Scheme (Irrigation and CAD-TG) (701406),Infrastructure & Highways,Ministry of Road Transport & Highways,701406,Uttar Pradesh,299.91,299.91,79.29,26.4,2023-03-01,2028-12-31,2027-12-31,2026-03-01,18,0.0,0
PAIM-400093,Saryu Nahar CADWM Project (Irrigation & Water Resources-UP) (400093),Infrastructure & Highways,Ministry of Road Transport & Highways,400093,Uttar Pradesh,3933.81,3933.81,1600.97,40.7,2024-03-01,2026-12-31,2029-12-31,2026-03-01,12,0.0,0
PAIM-701395,"Morna [Gureghar] Irrigation Project (Department of Water Resources, River Development & GR) (701395)",Infrastructure & Highways,Ministry of Road Transport & Highways,701395,Uttar Pradesh,3743.91,3743.91,2162.15,57.8,2023-03-01,2028-12-31,2029-12-31,2026-03-01,6,0.0,0
PAIM-701408,Madhya Ganga canal Phase-II (Irrigation & Water Resources-UP) (701408),Infrastructure & Highways,Ministry of Road Transport & Highways,701408,Uttar Pradesh,2606.38,2606.38,1014.3,38.9,2021-03-01,2026-12-31,2029-12-31,2026-03-01,36,0.0,0
PAIM-613787,Jamrani Dam Multipurpose Project (Irrigation-UK) (613787),Infrastructure & Highways,Ministry of Road Transport & Highways,613787,Uttar Pradesh,2167.0,2167.0,1432.19,66.1,2024-03-01,2028-12-31,2027-12-31,2026-03-01,36,0.0,0
