project_code,project_name,sector,ministry,implementing_agency,state,original_cost,revised_cost,expenditure,physical_progress,sanction_date,original_doc,revised_doc,snapshot_date,target_final_delay_months,target_cost_overrun_pct,target_is_high_risk
PAIM-701530,"Ken-Betwa Linking Development Project (Department of Water Resources, River Development, ) (701530)",Infrastructure & Highways,Ministry of Coal,701530,Odisha,2666.17,2666.17,1616.59,60.6,2022-03-01,2026-12-31,2029-12-31,2026-02-01,12,0.0,0
PAIM-701402,"Subernarekha Project, Odisha (Department of Water Resources, River Development & GR) (701402)",Infrastructure & Highways,Ministry of Coal,701402,Odisha,2925.79,2925.79,1166.22,39.9,2024-03-01,2028-12-31,2029-12-31,2026-02-01,0,0.0,0
PAIM-619171,RPR FOR DURGAPUR OCP 10 MTY (SECL - CIL) (619171),Infrastructure & Highways,Ministry of Coal,619171,Odisha,666.57,666.57,499.54,74.9,2023-03-01,2026-12-31,2027-12-31,2026-02-01,12,0.0,0
PAIM-619172,MADANNAGAR OCP 12 MTY - MDO (SECL - CIL) (619172),Infrastructure & Highways,Ministry of Coal,619172,Multi-State,1462.61,1462.61,679.49,46.5,2023-03-01,2026-12-31,2029-12-31,2026-02-01,6,0.0,0
PAIM-619226,Provision of four bitumen tanks with capacity of 5 TMT each at Visakh Refinery (Ministry of Petroleum and Natural Gas) (,Infrastructure & Highways,Ministry of Coal,619226,Andhra Pradesh,3027.26,3027.26,2136.31,70.6,2023-03-01,2028-12-31,2028-12-31,2026-02-01,24,0.0,0
PAIM-619196,Crude oil to Product (IOCL) (619196),Infrastructure & Highways,Ministry of Coal,619196,Andhra Pradesh,4379.77,4379.77,2878.49,65.7,2021-03-01,2027-12-31,2027-12-31,2026-02-01,18,0.0,0
PAIM-619223,Mumbai Refinery (Ministry of Petroleum & Natural Gas) (619223),Infrastructure & Highways,Ministry of Coal,619223,Maharashtra,1498.24,1498.24,786.77,52.5,2023-03-01,2027-12-31,2029-12-31,2026-02-01,12,0.0,0
PAIM-619224,Augmentation of DUPL-DPPL Pipeline (Ministry of Petroleum & Natural Gas) (619224),Infrastructure & Highways,Ministry of Coal,619224,Maharashtra,4120.82,4120.82,2768.35,67.2,2024-03-01,2026-12-31,2029-12-31,2026-02-01,18,0.0,0
PAIM-619225,Installation of Compression facility at GAIL Usar (Ministry of Petroleum & Natural Gas) (619225),Infrastructure & Highways,Ministry of Coal,619225,Maharashtra,468.42,468.42,367.46,78.4,2021-03-01,2027-12-31,2027-12-31,2026-02-01,6,0.0,0
PAIM-619191,Kanpur LPG Bottling Plant (MinistryofPetroleumNaturalGas) (619191),Infrastructure & Highways,Ministry of Coal,619191,Maharashtra,1785.77,1785.77,481.53,27.0,2022-03-01,2028-12-31,2028-12-31,2026-02-01,12,0.0,0
PAIM-619184,Rangat of NH-04 in UT of A&N on EPC Package-IIIA (NHIDCL) (619184),Infrastructure & Highways,Ministry of Coal,619184,Multi-State,640.85,640.85,496.4,77.5,2021-03-01,2026-12-31,2029-12-31,2026-02-01,0,0.0,0
PAIM-619185,Package-III.B Balance work (NHIDCL) (619185),Infrastructure & Highways,Ministry of Coal,619185,Multi-State,2637.88,2637.88,1973.88,74.8,2023-03-01,2028-12-31,2028-12-31,2026-02-01,24,0.0,0
PAIM-619186,the Union Territory of Andaman & Nicobar Islands on EPC basis (NHIDCL) (619186),Infrastructure & Highways,Ministry of Coal,619186,Multi-State,2994.02,2994.02,1039.6,34.7,2021-03-01,2026-12-31,2028-12-31,2026-02-01,6,0.0,0
PAIM-618805,6L Connectivity to Port Road from Sabbavaram Sheelanagar-NH516C (National Highways Authority of India [NHAI]) (618805),Infrastructure & Highways,Ministry of Coal,618805,Andhra Pradesh,2624.02,2624.02,1846.79,70.4,2024-03-01,2027-12-31,2028-12-31,2026-02-01,0,0.0,0
PAIM-618806,connectivity road from Convent junction to Sheelanagar Junction (National Highways Authority of India [NHAI]) (618806),Infrastructure & Highways,Ministry of Coal,618806,Andhra Pradesh,2552.31,2552.31,1619.24,63.4,2021-03-01,2026-12-31,2027-12-31,2026-02-01,12,0.0,0
PAIM-618920,with Paved Shoulders from Mallavaram to Renigunta (National Highways Authority of India [NHAI]) (618920),Infrastructure & Highways,Ministry of Coal,618920,Andhra Pradesh,2571.77,2571.77,1493.05,58.1,2021-03-01,2028-12-31,2027-12-31,2026-02-01,36,0.0,0
PAIM-618013,4-laning of  Puttaparthi-Koduru Section of NH-342 (MoRTH) (618013),Infrastructure & Highways,Ministry of Coal,618013,Andhra Pradesh,2513.09,2513.09,1005.98,40.0,2022-03-01,2027-12-31,2028-12-31,2026-02-01,0,0.0,0
PAIM-618101,to 4LPS (MoRTH) (618101),Infrastructure & Highways,Ministry of Coal,618101,Andhra Pradesh,2013.64,2013.64,246.53,12.2,2022-03-01,2027-12-31,2027-12-31,2026-02-01,18,0.0,0
PAIM-618103,Shoulder in (MoRTH) (618103),Infrastructure & Highways,Ministry of Coal,618103,Andhra Pradesh,1353.15,1353.15,224.21,16.6,2021-03-01,2028-12-31,2027-12-31,2026-02-01,36,0.0,0
PAIM-618193,Under Annual Plan 2023-24 through EPC Mode (MoRTH) (618193),Infrastructure & Highways,Ministry of Coal,618193,Andhra Pradesh,3336.46,3336.46,1793.69,53.8,2022-03-01,2028-12-31,2028-12-31,2026-02-01,12,0.0,0
PAIM-618236,34/230 of NH-214 ANew Nh-216 to two lane with paved shoulder in the state of AP-NH (MoRTH) (618236),Infrastructure & Highways,Ministry of Coal,618236,Andhra Pradesh,1825.83,1825.83,1502.7,82.3,2024-03-01,2027-12-31,2029-12-31,2026-02-01,18,0.0,0
PAIM-618239,mode. (MoRTH) (618239),Infrastructure & Highways,Ministry of Coal,618239,Andhra Pradesh,2219.92,2219.92,563.84,25.4,2022-03-01,2026-12-31,2028-12-31,2026-02-01,0,0.0,0
PAIM-618524,Andhra Pradesh on EPC Mode under NHO. (National Highways Authority of India [NHAI]) (618524),Infrastructure & Highways,Ministry of Coal,618524,Andhra Pradesh,3935.9,3935.9,1503.27,38.2,2022-03-01,2027-12-31,2028-12-31,2026-02-01,12,0.0,0
PAIM-618526,New NH-16 (National Highways Authority of India [NHAI]) (618526),Infrastructure & Highways,Ministry of Coal,618526,Andhra Pradesh,3737.03,3737.03,3162.29,84.6,2023-03-01,2027-12-31,2029-12-31,2026-02-01,36,0.0,0
PAIM-618629,Nandigama Bypass and Kanchikacherla bypass (National Highways Authority of India [NHAI]) (618629),Infrastructure & Highways,Ministry of Coal,618629,Andhra Pradesh,4127.54,4127.54,1272.9,30.8,2023-03-01,2028-12-31,2029-12-31,2026-02-01,0,0.0,0
PAIM-618682,Pkg-3 (National Highways Authority of India [NHAI]) (618682),Infrastructure & Highways,Ministry of Coal,618682,Andhra Pradesh,1421.17,1421.17,467.6,32.9,2024-03-01,2026-12-31,2029-12-31,2026-02-01,24,0.0,0
PAIM-618445,from Ch.0.00 km to 18.464 km on EPC under SARDP-NE NHO-NE -Balance Work (NHIDCL) (618445),Infrastructure & Highways,Ministry of Coal,618445,Multi-State,1058.58,1058.58,566.13,53.5,2022-03-01,2027-12-31,2029-12-31,2026-02-01,24,0.0,0
PAIM-618404,China border in state of Arunachal pradesh on EPC mode (NHIDCL) (618404),Infrastructure & Highways,Ministry of Coal,618404,Multi-State,1889.03,1889.03,942.47,49.9,2023-03-01,2027-12-31,2027-12-31,2026-02-01,6,0.0,0
PAIM-618958,2L with ES of Yagyi - Kalewa section from Milepost 40/0 to Milepost 115/5 in Myanmar (National Highways Authority of Ind,Infrastructure & Highways,Ministry of Coal,618958,Assam,2305.07,2305.07,1006.56,43.7,2023-03-01,2027-12-31,2029-12-31,2026-02-01,12,0.0,0
PAIM-618954,to 15.00KM of NH527ABideshwarsthan-Bheja0.000KM to 25.915KM of NH527A. (NHAI) (618954),Infrastructure & Highways,Ministry of Coal,618954,Bihar,840.73,840.73,357.29,42.5,2023-03-01,2027-12-31,2029-12-31,2026-02-01,12,0.0,0
PAIM-618956,Approaches from Design km.16.500 to km.21.500 (NHAI) (618956),Infrastructure & Highways,Ministry of Coal,618956,Bihar,2284.4,2284.4,562.09,24.6,2022-03-01,2027-12-31,2027-12-31,2026-02-01,12,0.0,0
PAIM-618926,NH-227A (National Highways Authority of India [NHAI]) (618926),Infrastructure & Highways,Ministry of Coal,618926,Bihar,1506.74,1506.74,586.74,38.9,2024-03-01,2027-12-31,2027-12-31,2026-02-01,0,0.0,0
PAIM-618905,143.200 to Km. 159.255 Pkg-1 (National Highways Authority of India [NHAI]) (618905),Infrastructure & Highways,Ministry of Coal,618905,Bihar,4263.68,4263.68,582.87,13.7,2023-03-01,2028-12-31,2028-12-31,2026-02-01,6,0.0,0
PAIM-618914,section (National Highways Authority of India [NHAI]) (618914),Infrastructure & Highways,Ministry of Coal,618914,Bihar,2898.34,2898.34,2265.06,78.2,2022-03-01,2026-12-31,2029-12-31,2026-02-01,6,0.0,0
PAIM-618917,of Patna-Gaya-Dobhi Section of NH-83 (National Highways Authority of India [NHAI]) (618917),Infrastructure & Highways,Ministry of Coal,618917,Bihar,3518.65,3518.65,2194.25,62.4,2024-03-01,2028-12-31,2029-12-31,2026-02-01,36,0.0,0
PAIM-618862,Bakhtiyarpur-Rajauli Pkg-III from km. 101.630 to km.152.520 (National Highways Authority of India [NHAI]) (618862),Infrastructure & Highways,Ministry of Coal,618862,Bihar,1930.29,1930.29,1294.33,67.1,2023-03-01,2026-12-31,2028-12-31,2026-02-01,12,0.0,0
PAIM-618582,NH327E (National Highways Authority of India [NHAI]) (618582),Infrastructure & Highways,Ministry of Coal,618582,Bihar,339.22,339.22,261.14,77.0,2024-03-01,2026-12-31,2029-12-31,2026-02-01,24,0.0,0
PAIM-618583,327E (National Highways Authority of India [NHAI]) (618583),Infrastructure & Highways,Ministry of Coal,618583,Bihar,2318.62,2318.62,1431.77,61.8,2022-03-01,2026-12-31,2027-12-31,2026-02-01,24,0.0,0
PAIM-618126,14.359 Km to two lane with paved shoulders standard in State of Bihar. (MoRTH) (618126),Infrastructure & Highways,Ministry of Coal,618126,Bihar,4227.65,4227.65,2757.81,65.2,2024-03-01,2026-12-31,2028-12-31,2026-02-01,18,0.0,0
PAIM-618014,udner corridor scheme under EPC Mode in the of Chhattisgarh (MoRTH) (618014),Infrastructure & Highways,Ministry of Coal,618014,Multi-State,1112.48,1112.48,845.63,76.0,2024-03-01,2026-12-31,2029-12-31,2026-02-01,24,0.0,0
PAIM-618015,Corridor scheme on EPC mode in the state of Chhattisgarh. (MoRTH) (618015),Infrastructure & Highways,Ministry of Coal,618015,Multi-State,328.8,328.8,266.61,81.1,2023-03-01,2028-12-31,2028-12-31,2026-02-01,0,0.0,0
PAIM-618016,EPC mode in the state of Chhattisgarh (MoRTH) (618016),Infrastructure & Highways,Ministry of Coal,618016,Multi-State,2554.78,2554.78,409.68,16.0,2024-03-01,2028-12-31,2029-12-31,2026-02-01,24,0.0,0
PAIM-618017,Corridor scheme on EPC mode in the state of Chhattisgarh. (MoRTH) (618017),Infrastructure & Highways,Ministry of Coal,618017,Multi-State,4064.12,4064.12,2700.35,66.4,2024-03-01,2027-12-31,2028-12-31,2026-02-01,6,0.0,0
PAIM-618018,in the (MoRTH) (618018),Infrastructure & Highways,Ministry of Coal,618018,Multi-State,2092.19,2092.19,1424.24,68.1,2023-03-01,2028-12-31,2027-12-31,2026-02-01,18,0.0,0
PAIM-617972,NH-130D under EPC mode in the state of Chhattisgarh. (MoRTH) (617972),Infrastructure & Highways,Ministry of Coal,617972,Multi-State,1855.82,1855.82,262.05,14.1,2024-03-01,2027-12-31,2029-12-31,2026-02-01,0,0.0,0
PAIM-617908,Bemetara Bypass NH 30 (MoRTH) (617908),Infrastructure & Highways,Ministry of Coal,617908,Multi-State,3538.62,3538.62,1894.03,53.5,2022-03-01,2027-12-31,2027-12-31,2026-02-01,12,0.0,0
PAIM-618640,4L of Urga - Pathalgaon from Km. 70.200 to km. 157.745 of NH-130A (National Highways Authority of India [NHAI]) (618640),Infrastructure & Highways,Ministry of Coal,618640,Multi-State,2899.32,2899.32,1642.77,56.7,2024-03-01,2026-12-31,2027-12-31,2026-02-01,12,0.0,0
PAIM-618957,4 laning of Champa - Korba from km 0.00 to km 38.2 (National Highways Authority of India [NHAI]) (618957),Infrastructure & Highways,Ministry of Coal,618957,Multi-State,2123.1,2123.1,1020.63,48.1,2023-03-01,2028-12-31,2027-12-31,2026-02-01,0,0.0,0
PAIM-619183,and Nagar Haveli and Daman and Diu (MoRTH) (619183),Infrastructure & Highways,Ministry of Coal,619183,Multi-State,608.81,608.81,294.49,48.4,2024-03-01,2028-12-31,2028-12-31,2026-02-01,18,0.0,0
PAIM-619202,Dwarka Sector 21 (National Highways Authority of India [NHAI]) (619202),Infrastructure & Highways,Ministry of Coal,619202,Delhi,3707.42,3707.42,1142.42,30.8,2023-03-01,2026-12-31,2029-12-31,2026-02-01,12,0.0,0
PAIM-618609,to Km. 4.550 (National Highways Authority of India [NHAI]) (618609),Infrastructure & Highways,Ministry of Coal,618609,Multi-State,838.5,838.5,494.69,59.0,2023-03-01,2028-12-31,2029-12-31,2026-02-01,36,0.0,0
PAIM-617941,from Km 536.800 to Km 543.450 (MoRTH) (617941),Infrastructure & Highways,Ministry of Coal,617941,Gujarat,3019.11,3019.11,956.7,31.7,2024-03-01,2027-12-31,2028-12-31,2026-02-01,12,0.0,0
PAIM-617977,Development of Chiloda - Gandhinagar- Sarkhej ofNH-147 Package -II (MoRTH) (617977),Infrastructure & Highways,Ministry of Coal,617977,Gujarat,2914.21,2914.21,1662.57,57.1,2023-03-01,2028-12-31,2027-12-31,2026-02-01,18,0.0,0
PAIM-618564,NH-27 (National Highways Authority of India [NHAI]) (618564),Infrastructure & Highways,Ministry of Coal,618564,Gujarat,3464.51,3464.51,1969.29,56.8,2024-03-01,2026-12-31,2028-12-31,2026-02-01,18,0.0,0
PAIM-618464,254.430] (National Highways Authority of India [NHAI]) (618464),Infrastructure & Highways,Ministry of Coal,618464,Gujarat,1736.82,1736.82,705.37,40.6,2024-03-01,2028-12-31,2027-12-31,2026-02-01,24,0.0,0
PAIM-618466,Phase-I Package-VIII (National Highways Authority of India [NHAI]) (618466),Infrastructure & Highways,Ministry of Coal,618466,Gujarat,4145.89,4145.89,2650.21,63.9,2022-03-01,2026-12-31,2027-12-31,2026-02-01,12,0.0,0
PAIM-618467,Phase-I Package-IX (National Highways Authority of India [NHAI]) (618467),Infrastructure & Highways,Ministry of Coal,618467,Gujarat,2436.16,2436.16,1690.27,69.4,2024-03-01,2027-12-31,2029-12-31,2026-02-01,12,0.0,0
PAIM-618507,NH-48 in the state of Gujarat on single Percentage Item Rate Contract (National Highways Authority of India [NHAI]) (618,Infrastructure & Highways,Ministry of Coal,618507,Gujarat,2305.86,2305.86,725.54,31.5,2024-03-01,2028-12-31,2029-12-31,2026-02-01,24,0.0,0
PAIM-618508,of NH48 between existing Km. 108.000 to Km. 250.000 (National Highways Authority of India [NHAI]) (618508),Infrastructure & Highways,Ministry of Coal,618508,Gujarat,760.26,760.26,394.22,51.9,2021-03-01,2027-12-31,2028-12-31,2026-02-01,12,0.0,0
PAIM-619197,Delhi-Vadodara Greenfield Alignment NH-148N Pkg-27 Ch.729.700 to Ch.756.052 (National Highways Authority of India [NHAI],Infrastructure & Highways,Ministry of Coal,619197,Gujarat,4081.53,4081.53,1920.97,47.1,2022-03-01,2026-12-31,2027-12-31,2026-02-01,24,0.0,0
PAIM-618901,Km 128.940 of NH-68 (National Highways Authority of India [NHAI]) (618901),Infrastructure & Highways,Ministry of Coal,618901,Gujarat,267.34,267.34,27.19,10.2,2021-03-01,2027-12-31,2029-12-31,2026-02-01,18,0.0,0
PAIM-618699,Pipli Bhavnagar-Package 1 from km 136.025 to km 169.328 (National Highways Authority of India [NHAI]) (618699),Infrastructure & Highways,Ministry of Coal,618699,Gujarat,816.08,816.08,224.91,27.6,2022-03-01,2028-12-31,2029-12-31,2026-02-01,24,0.0,0
PAIM-619201,Karnal ring road Lot-4/Pkg-1 (National Highways Authority of India [NHAI]) (619201),Infrastructure & Highways,Ministry of Coal,619201,Gujarat,2483.31,2483.31,1879.2,75.7,2024-03-01,2026-12-31,2028-12-31,2026-02-01,36,0.0,0
PAIM-618482,Km 0000 to Km 34000 (National Highways Authority of India [NHAI]) (618482),Infrastructure & Highways,Ministry of Coal,618482,Haryana,852.8,852.8,307.74,36.1,2023-03-01,2027-12-31,2028-12-31,2026-02-01,18,0.0,0
PAIM-618483,near Gangana village Km 34000 to Km 60800 (National Highways Authority of India [NHAI]) (618483),Infrastructure & Highways,Ministry of Coal,618483,Haryana,2008.7,2008.7,495.01,24.6,2021-03-01,2028-12-31,2029-12-31,2026-02-01,24,0.0,0
PAIM-618506,in the State of Haryana (National Highways Authority of India [NHAI]) (618506),Infrastructure & Highways,Ministry of Coal,618506,Haryana,2101.04,2101.04,661.08,31.5,2023-03-01,2027-12-31,2029-12-31,2026-02-01,18,0.0,0
PAIM-618215,"project Deepak, BRO (MoRTH) (618215)",Infrastructure & Highways,Ministry of Coal,618215,Multi-State,2821.85,2821.85,2093.56,74.2,2021-03-01,2026-12-31,2029-12-31,2026-02-01,6,0.0,0
PAIM-618232,EPC mode.Package-2 (MoRTH) (618232),Infrastructure & Highways,Ministry of Coal,618232,Multi-State,2923.73,2923.73,1007.85,34.5,2021-03-01,2028-12-31,2027-12-31,2026-02-01,18,0.0,0
PAIM-618851,Pandoh bypass 221.305 to Takoli 242.000 of NH-21 in the state of Himachal Pradesh (National Highways Authority of India ,Infrastructure & Highways,Ministry of Coal,618851,Multi-State,834.57,834.57,444.07,53.2,2024-03-01,2028-12-31,2029-12-31,2026-02-01,36,0.0,0
PAIM-618922,- Pkg II and Shimla connectivity from Km 0.000 to Km 0.725 of NH-5 (National Highways Authority of India [NHAI]) (618922,Infrastructure & Highways,Ministry of Coal,618922,Multi-State,1583.61,1583.61,175.0,11.1,2022-03-01,2026-12-31,2028-12-31,2026-02-01,0,0.0,0
PAIM-618879,Bijni section from Km 180.000 to Km 202.815 of NH-154 Pkg-VA (National Highways Authority of India [NHAI]) (618879),Infrastructure & Highways,Ministry of Coal,618879,Multi-State,674.2,674.2,512.49,76.0,2023-03-01,2027-12-31,2028-12-31,2026-02-01,12,0.0,0
PAIM-618880,Paror section from Km 85.135 to Km 100.840 of NH-154 Pkg-IIC (National Highways Authority of India [NHAI]) (618880),Infrastructure & Highways,Ministry of Coal,618880,Multi-State,412.67,412.67,227.09,55.0,2021-03-01,2026-12-31,2027-12-31,2026-02-01,6,0.0,0
PAIM-618891,58.450 (National Highways Authority of India [NHAI]) (618891),Infrastructure & Highways,Ministry of Coal,618891,Multi-State,2764.17,2764.17,2108.25,76.3,2022-03-01,2027-12-31,2028-12-31,2026-02-01,6,0.0,0
PAIM-618201,"BEACON, Border Roads Organization BRO on EPC mode. (MoRTH) (618201)",Infrastructure & Highways,Ministry of Coal,618201,Multi-State,2631.65,2631.65,2107.22,80.1,2024-03-01,2026-12-31,2028-12-31,2026-02-01,36,0.0,0
PAIM-618206,under Project Beacon in the UT of Jammu & Kashmir on EPC mode Package-I. (MoRTH) (618206),Infrastructure & Highways,Ministry of Coal,618206,Multi-State,4060.72,4060.72,3316.87,81.7,2024-03-01,2028-12-31,2029-12-31,2026-02-01,24,0.0,0
PAIM-618397,section of NH-244 in UT of Jammu and Kashmir to be executed on EPC basis (NHIDCL) (618397),Infrastructure & Highways,Ministry of Coal,618397,Multi-State,3293.92,3293.92,712.63,21.6,2022-03-01,2028-12-31,2029-12-31,2026-02-01,18,0.0,0
PAIM-618641,Jhrkhand (National Highways Authority of India [NHAI]) (618641),Infrastructure & Highways,Ministry of Coal,618641,Multi-State,1825.7,1825.7,846.23,46.4,2021-03-01,2028-12-31,2029-12-31,2026-02-01,0,0.0,0
PAIM-618242,65.325 of Nh-419 in the State of Jharkhand on EPC mode. (MoRTH) (618242),Infrastructure & Highways,Ministry of Coal,618242,Multi-State,4268.84,4268.84,562.43,13.2,2024-03-01,2028-12-31,2028-12-31,2026-02-01,18,0.0,0
PAIM-618083,under EPC mode. (MoRTH) (618083),Infrastructure & Highways,Ministry of Coal,618083,Multi-State,3286.86,3286.86,1873.31,57.0,2021-03-01,2026-12-31,2029-12-31,2026-02-01,0,0.0,0
PAIM-618863,Barhi-Koderma Section of NH31 km 0.00 - km 27.5 (National Highways Authority of India [NHAI]) (618863),Infrastructure & Highways,Ministry of Coal,618863,Multi-State,4086.03,4086.03,1641.36,40.2,2023-03-01,2027-12-31,2029-12-31,2026-02-01,36,0.0,0
PAIM-618831,4L from Km 95.400 Udaipura to Km 147.450 Bhogu on NH-75 Sec-II (National Highways Authority of India [NHAI]) (618831),Infrastructure & Highways,Ministry of Coal,618831,Multi-State,2447.99,2447.99,514.77,21.0,2024-03-01,2028-12-31,2028-12-31,2026-02-01,6,0.0,0
PAIM-618832,4L from Km 55.00 Kuru to Km 95.400 Udaipura on NH-75 Sec-I (National Highways Authority of India [NHAI]) (618832),Infrastructure & Highways,Ministry of Coal,618832,Multi-State,2190.59,2190.59,588.91,26.9,2022-03-01,2026-12-31,2029-12-31,2026-02-01,24,0.0,0
PAIM-618736,NH-33 New NH-18 from km 241940 to km 251961 Length 10.021 km (National Highways Authority of India [NHAI]) (618736),Infrastructure & Highways,Ministry of Coal,618736,Karnataka,2718.74,2718.74,1039.87,38.2,2023-03-01,2027-12-31,2028-12-31,2026-02-01,36,0.0,0
PAIM-618706,Bangalore-Nidagatta Pkg. I (National Highways Authority of India [NHAI]) (618706),Infrastructure & Highways,Ministry of Coal,618706,Karnataka,1947.6,1947.6,1115.75,57.3,2023-03-01,2028-12-31,2028-12-31,2026-02-01,36,0.0,0
PAIM-618870,Nagar Jn section from Km. 144.900 to Km. 169.000 of NH-275  Pkg. III (National Highways Authority of India [NHAI]) (6188,Infrastructure & Highways,Ministry of Coal,618870,Karnataka,1992.47,1992.47,771.88,38.7,2021-03-01,2028-12-31,2027-12-31,2026-02-01,24,0.0,0
PAIM-618872,Yelawala Road Junction fcrom Km 169.000 to Km 195.550 of NH-275 Pkg-IV (National Highways Authority of India [NHAI]) (61,Infrastructure & Highways,Ministry of Coal,618872,Karnataka,634.78,634.78,271.38,42.8,2022-03-01,2027-12-31,2028-12-31,2026-02-01,0,0.0,0
PAIM-618873,275 Pkg-V (National Highways Authority of India [NHAI]) (618873),Infrastructure & Highways,Ministry of Coal,618873,Karnataka,2221.29,2221.29,990.76,44.6,2024-03-01,2026-12-31,2028-12-31,2026-02-01,0,0.0,0
PAIM-619211,to Km. 162.500 in Yadgir of NH-150C Pkg-III (National Highways Authority of India [NHAI]) (619211),Infrastructure & Highways,Ministry of Coal,619211,Karnataka,1628.82,1628.82,546.83,33.6,2024-03-01,2026-12-31,2027-12-31,2026-02-01,36,0.0,0
PAIM-619214,Hassan section (National Highways Authority of India [NHAI]) (619214),Infrastructure & Highways,Ministry of Coal,619214,Karnataka,2854.6,2854.6,2051.76,71.9,2022-03-01,2027-12-31,2028-12-31,2026-02-01,6,0.0,0
PAIM-619218,12.300 to Km. 65.195 (National Highways Authority of India [NHAI]) (619218),Infrastructure & Highways,Ministry of Coal,619218,Karnataka,1138.12,1138.12,502.68,44.2,2024-03-01,2028-12-31,2027-12-31,2026-02-01,6,0.0,0
PAIM-619219,206 (National Highways Authority of India [NHAI]) (619219),Infrastructure & Highways,Ministry of Coal,619219,Karnataka,531.59,531.59,227.68,42.8,2024-03-01,2027-12-31,2027-12-31,2026-02-01,36,0.0,0
PAIM-619220,Old NH-206 (National Highways Authority of India [NHAI]) (619220),Infrastructure & Highways,Ministry of Coal,619220,Karnataka,677.57,677.57,513.29,75.8,2021-03-01,2026-12-31,2029-12-31,2026-02-01,0,0.0,0
PAIM-618095,166E-KNT-2022-23-974 (MoRTH) (618095),Infrastructure & Highways,Ministry of Coal,618095,Karnataka,1304.44,1304.44,442.67,33.9,2023-03-01,2027-12-31,2028-12-31,2026-02-01,12,0.0,0
PAIM-618189,Annual Plan 2023-24Job No NH-73Spur-KNT-2023-24-996 (MoRTH) (618189),Infrastructure & Highways,Ministry of Coal,618189,Karnataka,1071.09,1071.09,619.12,57.8,2024-03-01,2026-12-31,2029-12-31,2026-02-01,24,0.0,0
PAIM-618147,of NH-544E in the State of Karnatakaon EPC mode under Annual plan 2022-23 (MoRTH) (618147),Infrastructure & Highways,Ministry of Coal,618147,Maharashtra,1365.42,1365.42,814.37,59.6,2023-03-01,2027-12-31,2028-12-31,2026-02-01,6,0.0,0
PAIM-618149,of NH-548B Murrum-Maharashtra Border in the State of Karnataka (MoRTH) (618149),Infrastructure & Highways,Ministry of Coal,618149,Maharashtra,1238.78,1238.78,603.58,48.7,2022-03-01,2027-12-31,2029-12-31,2026-02-01,12,0.0,0
PAIM-617999,state of Karnataka NH-173-KNT-2022-23-980 dated 13.03.2023 (MoRTH) (617999),Infrastructure & Highways,Ministry of Coal,617999,Karnataka,3803.02,3803.02,1432.0,37.7,2023-03-01,2026-12-31,2028-12-31,2026-02-01,12,0.0,0
PAIM-618027,EPC mode under Annual Plan 2022-23 NH-367-KNT-2022-23-972 dated 08.02.2023 (MoRTH) (618027),Infrastructure & Highways,Ministry of Coal,618027,Karnataka,1645.29,1645.29,172.02,10.5,2021-03-01,2028-12-31,2029-12-31,2026-02-01,6,0.0,0
PAIM-618028,under Annual Plan 2022-23. NH-367-KNT-2022-23-973 dated 08.02.2023 (MoRTH) (618028),Infrastructure & Highways,Ministry of Coal,618028,Karnataka,3916.54,3916.54,2877.57,73.5,2023-03-01,2028-12-31,2027-12-31,2026-02-01,24,0.0,0
PAIM-618518,Davanagere - Haveri of NH-48 Old NH-4 from km. 260.00 to km. 338.923 (National Highways Authority of India [NHAI]) (6185,Infrastructure & Highways,Ministry of Coal,618518,Karnataka,326.59,326.59,33.86,10.4,2021-03-01,2026-12-31,2027-12-31,2026-02-01,12,0.0,0
PAIM-618520,old NH-207] [Bangalore Ring Road Pkg 1] (National Highways Authority of India [NHAI]) (618520),Infrastructure & Highways,Ministry of Coal,618520,Karnataka,933.53,933.53,607.4,65.1,2024-03-01,2028-12-31,2027-12-31,2026-02-01,0,0.0,0
PAIM-618649,Raichur Section of NH 748 A  Package-6 (National Highways Authority of India [NHAI]) (618649),Infrastructure & Highways,Ministry of Coal,618649,Karnataka,435.08,435.08,255.95,58.8,2024-03-01,2026-12-31,2029-12-31,2026-02-01,6,0.0,0
PAIM-618650,Raichur Section of NH-748A Package-3 (National Highways Authority of India [NHAI]) (618650),Infrastructure & Highways,Ministry of Coal,618650,Karnataka,2450.36,2450.36,1532.4,62.5,2021-03-01,2026-12-31,2029-12-31,2026-02-01,18,0.0,0
PAIM-618698,Challakere to Hariyur section from km 358.500 to km 414.205 of NH-150 A (National Highways Authority of India [NHAI]) (6,Infrastructure & Highways,Ministry of Coal,618698,Karnataka,532.37,532.37,122.64,23.0,2022-03-01,2026-12-31,2027-12-31,2026-02-01,6,0.0,0
PAIM-619206,6L of Perole Nileshwar town to Taliparamba from Km 94.248 to Km 134.650 of NH-66 (National Highways Authority of India [,Infrastructure & Highways,Ministry of Coal,619206,Multi-State,2781.61,2781.61,703.06,25.3,2024-03-01,2028-12-31,2027-12-31,2026-02-01,24,0.0,0
PAIM-619207,Start of Kollam Bypass - Kadambattukonam (National Highways Authority of India [NHAI]) (619207),Infrastructure & Highways,Ministry of Coal,619207,Multi-State,3206.45,3206.45,1546.64,48.2,2022-03-01,2027-12-31,2027-12-31,2026-02-01,6,0.0,0
PAIM-619208,Kadambattukonam-Kazhakuttom (National Highways Authority of India [NHAI]) (619208),Infrastructure & Highways,Ministry of Coal,619208,Madhya Pradesh,739.04,739.04,624.48,84.5,2022-03-01,2026-12-31,2029-12-31,2026-02-01,6,0.0,0
PAIM-618933,the state of Madhya Pradesh on Hybrid Annuity Mode under NHO (National Highways Authority of India [NHAI]) (618933),Infrastructure & Highways,Ministry of Coal,618933,Madhya Pradesh,2842.63,2842.63,1060.19,37.3,2022-03-01,2027-12-31,2027-12-31,2026-02-01,36,0.0,0
PAIM-618963,from design km 102.000 to design km 142.357 Design length 40.357 km (National Highways Authority of India [NHAI]) (61896,Infrastructure & Highways,Ministry of Coal,618963,Madhya Pradesh,2171.87,2171.87,1669.22,76.9,2023-03-01,2027-12-31,2027-12-31,2026-02-01,18,0.0,0
PAIM-619007,Madhya Pradesh on EPC mode. (MoRTH) (619007),Infrastructure & Highways,Ministry of Coal,619007,Madhya Pradesh,3337.99,3337.99,2765.87,82.9,2022-03-01,2027-12-31,2028-12-31,2026-02-01,24,0.0,0
PAIM-618762,Itarsi Km. 63.000 to Betul Km. 137.000 of NH-69 in Madhya Pradesh (National Highways Authority of India [NHAI]) (618762),Infrastructure & Highways,Ministry of Coal,618762,Madhya Pradesh,2977.98,2977.98,1883.09,63.2,2024-03-01,2028-12-31,2027-12-31,2026-02-01,0,0.0,0
PAIM-618784,in the State of Madhya Pradesh (NHAI) (618784),Infrastructure & Highways,Ministry of Coal,618784,Madhya Pradesh,2228.87,2228.87,1179.76,52.9,2021-03-01,2027-12-31,2028-12-31,2026-02-01,0,0.0,0
PAIM-618655,114.000 KM Package  III of Betul  Khandwa (National Highways Authority of India [NHAI]) (618655),Infrastructure & Highways,Ministry of Coal,618655,Madhya Pradesh,1578.49,1578.49,868.42,55.0,2024-03-01,2028-12-31,2029-12-31,2026-02-01,18,0.0,0
PAIM-618666,length 39.575 km Package-2 in the State of Madhya Pradesh on EPC Mode (National Highways Authority of India [NHAI]) (618,Infrastructure & Highways,Ministry of Coal,618666,Madhya Pradesh,4228.39,4228.39,3279.69,77.6,2024-03-01,2026-12-31,2029-12-31,2026-02-01,6,0.0,0
PAIM-618684,Outer Ring Road of Jabalpur Town from Manegaon to NH-45 Pkg-2 (National Highways Authority of India [NHAI]) (618684),Infrastructure & Highways,Ministry of Coal,618684,Madhya Pradesh,2523.59,2523.59,1912.88,75.8,2021-03-01,2027-12-31,2029-12-31,2026-02-01,18,0.0,0
PAIM-618685,Outer Ring Road of Jabalpur Town from NH45 to Kushner Pkg-3 (National Highways Authority of India [NHAI]) (618685),Infrastructure & Highways,Ministry of Coal,618685,Madhya Pradesh,3246.34,3246.34,1207.89,37.2,2021-03-01,2026-12-31,2027-12-31,2026-02-01,6,0.0,0
PAIM-618686,Connectivity Pkg-IV (National Highways Authority of India [NHAI]) (618686),Infrastructure & Highways,Ministry of Coal,618686,Madhya Pradesh,4070.69,4070.69,2017.65,49.6,2023-03-01,2026-12-31,2029-12-31,2026-02-01,24,0.0,0
PAIM-618620,Dewas section of NH-52 in the state of Madhya Pradesh on EPC Mode (National Highways Authority of India [NHAI]) (618620),Infrastructure & Highways,Ministry of Coal,618620,Madhya Pradesh,1844.41,1844.41,926.21,50.2,2022-03-01,2028-12-31,2029-12-31,2026-02-01,24,0.0,0
PAIM-618623,4L Boregaon Buzurg to Shahpur Pkg I of Boregaon Buzurg to Muktainagar of NH 753L (National Highways Authority of India [,Infrastructure & Highways,Ministry of Coal,618623,Gujarat,3841.8,3841.8,2025.21,52.7,2024-03-01,2027-12-31,2028-12-31,2026-02-01,18,0.0,0
PAIM-618625,Indore - Gujarat / MP Border from km. Km 9.500 to Km 171.000 of NH-59 in MP (National Highways Authority of India [NHAI],Infrastructure & Highways,Ministry of Coal,618625,Gujarat,1248.63,1248.63,330.84,26.5,2022-03-01,2026-12-31,2029-12-31,2026-02-01,36,0.0,0
PAIM-618035,Pradesh on EPCmode. (MoRTH) (618035),Infrastructure & Highways,Ministry of Coal,618035,Madhya Pradesh,1801.16,1801.16,958.53,53.2,2023-03-01,2028-12-31,2027-12-31,2026-02-01,24,0.0,0
PAIM-618036,Pradesh on EPCmode. (MoRTH) (618036),Infrastructure & Highways,Ministry of Coal,618036,Madhya Pradesh,3925.64,3925.64,1849.22,47.1,2024-03-01,2027-12-31,2027-12-31,2026-02-01,12,0.0,0
PAIM-617909,19.200 in the State of Madhya Pradesh on Hybrid Annuity Mode HAM. (MoRTH) (617909),Infrastructure & Highways,Ministry of Coal,617909,Madhya Pradesh,2291.74,2291.74,727.22,31.7,2024-03-01,2027-12-31,2027-12-31,2026-02-01,0,0.0,0
PAIM-618129,configuration in the State of Madhya Pradesh on EPC mode. (MoRTH) (618129),Infrastructure & Highways,Ministry of Coal,618129,Madhya Pradesh,3115.09,3115.09,2152.33,69.1,2022-03-01,2026-12-31,2028-12-31,2026-02-01,0,0.0,0
PAIM-618157,Pradesh on EPC mode. (MoRTH) (618157),Infrastructure & Highways,Ministry of Coal,618157,Madhya Pradesh,3593.57,3593.57,1551.24,43.2,2022-03-01,2028-12-31,2029-12-31,2026-02-01,0,0.0,0
PAIM-618158,Pradesh on EPC mode (MoRTH) (618158),Infrastructure & Highways,Ministry of Coal,618158,Madhya Pradesh,587.67,587.67,359.63,61.2,2024-03-01,2028-12-31,2028-12-31,2026-02-01,6,0.0,0
PAIM-618170,10.470 km in the State of Madhya Pradesh on EPC mode. (MoRTH) (618170),Infrastructure & Highways,Ministry of Coal,618170,Madhya Pradesh,3025.7,3025.7,1285.29,42.5,2022-03-01,2028-12-31,2028-12-31,2026-02-01,36,0.0,0
PAIM-618171,to 2LPS in the State of Madhya Pradesh under EPC mode (MoRTH) (618171),Infrastructure & Highways,Ministry of Coal,618171,Madhya Pradesh,2618.26,2618.26,609.21,23.3,2021-03-01,2027-12-31,2028-12-31,2026-02-01,12,0.0,0
PAIM-618043,a total length of 7.23 km in the state of Madhya Pradesh on EPC mode (MoRTH) (618043),Infrastructure & Highways,Ministry of Coal,618043,Madhya Pradesh,225.3,225.3,152.87,67.9,2021-03-01,2027-12-31,2029-12-31,2026-02-01,6,0.0,0
PAIM-618047,State of Maharashtra on EPC mode. Length  49.713 km (MoRTH) (618047),Infrastructure & Highways,Ministry of Coal,618047,Maharashtra,3534.98,3534.98,685.31,19.4,2023-03-01,2026-12-31,2028-12-31,2026-02-01,24,0.0,0
PAIM-618049,Maharashtra on EPC mode. (MoRTH) (618049),Infrastructure & Highways,Ministry of Coal,618049,Maharashtra,3081.24,3081.24,1062.68,34.5,2024-03-01,2028-12-31,2027-12-31,2026-02-01,12,0.0,0
PAIM-618096,417 of NH-166E in the state of Maharashtra on EPC mode. (MoRTH) (618096),Infrastructure & Highways,Ministry of Coal,618096,Maharashtra,4403.27,4403.27,878.07,19.9,2021-03-01,2028-12-31,2029-12-31,2026-02-01,12,0.0,0
PAIM-618099,length 12.440 km in the State of Maharashtra. (MoRTH) (618099),Infrastructure & Highways,Ministry of Coal,618099,Maharashtra,4406.55,4406.55,729.2,16.5,2024-03-01,2028-12-31,2027-12-31,2026-02-01,6,0.0,0
PAIM-618088,Nandurshingote to Kolhar (MoRTH) (618088),Infrastructure & Highways,Ministry of Coal,618088,Maharashtra,356.33,356.33,171.04,48.0,2024-03-01,2027-12-31,2027-12-31,2026-02-01,24,0.0,0
PAIM-618137,EPC mode Length  55.5 Km. (MoRTH) (618137),Infrastructure & Highways,Ministry of Coal,618137,Maharashtra,4346.56,4346.56,1985.25,45.7,2023-03-01,2028-12-31,2027-12-31,2026-02-01,18,0.0,0
PAIM-618138,km (MoRTH) (618138),Infrastructure & Highways,Ministry of Coal,618138,Maharashtra,3443.53,3443.53,987.35,28.7,2024-03-01,2027-12-31,2028-12-31,2026-02-01,36,0.0,0
PAIM-618139,of Maharashtra on EPC mode Length - 41.00 Km. (MoRTH) (618139),Infrastructure & Highways,Ministry of Coal,618139,Maharashtra,4093.85,4093.85,1467.08,35.8,2022-03-01,2027-12-31,2029-12-31,2026-02-01,0,0.0,0
PAIM-618174,of Maharashtra on EPC Mode. Length  21.411 km. (MoRTH) (618174),Infrastructure & Highways,Ministry of Coal,618174,Maharashtra,628.78,628.78,458.54,72.9,2021-03-01,2028-12-31,2027-12-31,2026-02-01,12,0.0,0
PAIM-618178,EPC mode in the State of Maharashtra. (MoRTH) (618178),Infrastructure & Highways,Ministry of Coal,618178,Maharashtra,3357.86,3357.86,2648.81,78.9,2023-03-01,2028-12-31,2027-12-31,2026-02-01,18,0.0,0
PAIM-618179,Mode. (MoRTH) (618179),Infrastructure & Highways,Ministry of Coal,618179,Maharashtra,2463.19,2463.19,296.73,12.0,2022-03-01,2027-12-31,2027-12-31,2026-02-01,18,0.0,0
PAIM-618150,Total project length  70.9 Km. (MoRTH) (618150),Infrastructure & Highways,Ministry of Coal,618150,Maharashtra,1837.83,1837.83,839.69,45.7,2024-03-01,2028-12-31,2027-12-31,2026-02-01,24,0.0,0
PAIM-618155,State of Maharashtra. (MoRTH) (618155),Infrastructure & Highways,Ministry of Coal,618155,Maharashtra,1053.83,1053.83,863.14,81.9,2024-03-01,2028-12-31,2029-12-31,2026-02-01,12,0.0,0
PAIM-617978,392/950 ending at Vita Village in the State of Maharashtra on EPC Mode. (MoRTH) (617978),Infrastructure & Highways,Ministry of Coal,617978,Maharashtra,3769.14,3769.14,2384.17,63.3,2024-03-01,2026-12-31,2028-12-31,2026-02-01,24,0.0,0
PAIM-617979,the S (MoRTH) (617979),Infrastructure & Highways,Ministry of Coal,617979,Maharashtra,4386.7,4386.7,1460.04,33.3,2021-03-01,2026-12-31,2027-12-31,2026-02-01,36,0.0,0
PAIM-618626,section Pkg  VI of NH-965 (National Highways Authority of India [NHAI]) (618626),Infrastructure & Highways,Ministry of Coal,618626,Maharashtra,1120.99,1120.99,369.53,33.0,2021-03-01,2027-12-31,2028-12-31,2026-02-01,18,0.0,0
PAIM-618628,965 from KM 36.230 to KM 44.230 from Chh. Shivaji Maharaj Chowk to Wakhari (National Highways Authority of India [NHAI]),Infrastructure & Highways,Ministry of Coal,618628,Maharashtra,2208.57,2208.57,285.72,12.9,2022-03-01,2028-12-31,2027-12-31,2026-02-01,36,0.0,0
PAIM-618585,6L of Gonde Km. 439.038 to Pimpri Sado Km. 459.905 section of NH-848 Old NH-3 (National Highways Authority of India [NHA,Infrastructure & Highways,Ministry of Coal,618585,Maharashtra,2444.23,2444.23,586.07,24.0,2023-03-01,2028-12-31,2027-12-31,2026-02-01,18,0.0,0
PAIM-618586,in the State Of Maharashtra on EPC Mode (National Highways Authority of India [NHAI]) (618586),Infrastructure & Highways,Ministry of Coal,618586,Maharashtra,2870.0,2870.0,1331.25,46.4,2021-03-01,2028-12-31,2027-12-31,2026-02-01,24,0.0,0
PAIM-618652,Chakur Loha Section of NH-361 from km 114.600 to km 187.80 (National Highways Authority of India [NHAI]) (618652),Infrastructure & Highways,Ministry of Coal,618652,Maharashtra,4080.11,4080.11,2420.75,59.3,2023-03-01,2028-12-31,2028-12-31,2026-02-01,24,0.0,0
PAIM-618653,Loha-Waranga Section of NH-361 from km 187.800 to km 244.369 (National Highways Authority of India [NHAI]) (618653),Infrastructure & Highways,Ministry of Coal,618653,Maharashtra,2428.35,2428.35,1774.39,73.1,2022-03-01,2028-12-31,2028-12-31,2026-02-01,6,0.0,0
PAIM-618638,Tarsod - Fagne section of NH-6 (National Highways Authority of India [NHAI]) (618638),Infrastructure & Highways,Ministry of Coal,618638,Maharashtra,1646.65,1646.65,1148.35,69.7,2023-03-01,2026-12-31,2027-12-31,2026-02-01,36,0.0,0
PAIM-618511,City on PuneSatara section of NH48 (National Highways Authority of India [NHAI]) (618511),Infrastructure & Highways,Ministry of Coal,618511,Maharashtra,1485.93,1485.93,346.45,23.3,2021-03-01,2026-12-31,2027-12-31,2026-02-01,12,0.0,0
PAIM-618766,Bharatmala Pariyojana on EPC Mode (NHAI) (618766),Infrastructure & Highways,Ministry of Coal,618766,Maharashtra,1439.53,1439.53,947.2,65.8,2022-03-01,2028-12-31,2029-12-31,2026-02-01,18,0.0,0
PAIM-618754,State of Maharashtra on EPC Mode under NHO- (National Highways Authority of India [NHAI]) (618754),Infrastructure & Highways,Ministry of Coal,618754,Maharashtra,3684.99,3684.99,1680.61,45.6,2023-03-01,2028-12-31,2027-12-31,2026-02-01,6,0.0,0
PAIM-619008,Maharashtra on EPC mode. Reg- Resubmission of Annual Plan Estimate. (MoRTH) (619008),Infrastructure & Highways,Ministry of Coal,619008,Maharashtra,2807.83,2807.83,694.19,24.7,2024-03-01,2028-12-31,2029-12-31,2026-02-01,6,0.0,0
PAIM-619209,Mohol  Alandi section of NH-965 Pkg - V (National Highways Authority of India [NHAI]) (619209),Infrastructure & Highways,Ministry of Coal,619209,Maharashtra,3068.6,3068.6,1548.05,50.4,2023-03-01,2026-12-31,2027-12-31,2026-02-01,6,0.0,0
PAIM-619210,Dharampuri-Lonand from km. 117.00 to 166.40 Pkg-IV on Mohol-Alandi Section (National Highways Authority of India [NHAI]),Infrastructure & Highways,Ministry of Coal,619210,Maharashtra,3365.61,3365.61,444.44,13.2,2024-03-01,2027-12-31,2027-12-31,2026-02-01,0,0.0,0
PAIM-619203,Vadape to Thane from km 539.202 to km 563.000 section of NH-3 new NH-848 (National Highways Authority of India [NHAI]) (,Infrastructure & Highways,Ministry of Coal,619203,Maharashtra,1603.21,1603.21,1080.7,67.4,2024-03-01,2028-12-31,2029-12-31,2026-02-01,24,0.0,0
PAIM-619198,- Ganjad (National Highways Authority of India [NHAI]) (619198),Infrastructure & Highways,Ministry of Coal,619198,Maharashtra,1078.13,1078.13,136.39,12.7,2022-03-01,2028-12-31,2028-12-31,2026-02-01,12,0.0,0
PAIM-618299,274610 to Km 287000 in the state of Manipur on EPC mode Pkg-4B (NHIDCL) (618299),Infrastructure & Highways,Ministry of Coal,618299,Multi-State,2169.38,2169.38,1284.7,59.2,2024-03-01,2026-12-31,2029-12-31,2026-02-01,18,0.0,0
PAIM-618301,New NH-02 in state of Manipur on EPC mode Pkg-5A (NHIDCL) (618301),Infrastructure & Highways,Ministry of Coal,618301,Multi-State,747.18,747.18,560.14,75.0,2024-03-01,2026-12-31,2028-12-31,2026-02-01,0,0.0,0
PAIM-618696,Bellary to Byrapura Section km 253.600 to km 308.550 of NH-150A (National Highways Authority of India [NHAI]) (618696),Infrastructure & Highways,Ministry of Coal,618696,Karnataka,3816.15,3816.15,425.96,11.2,2021-03-01,2028-12-31,2029-12-31,2026-02-01,36,0.0,0
PAIM-619199,Bethamangala in the state of Karnataka to Byreddypalli (National Highways Authority of India [NHAI]) (619199),Infrastructure & Highways,Ministry of Coal,619199,Karnataka,1753.76,1753.76,877.65,50.0,2021-03-01,2027-12-31,2029-12-31,2026-02-01,24,0.0,0
PAIM-619212,from Km 242.200 to Km 280.400 Pkg-2 (National Highways Authority of India [NHAI]) (619212),Infrastructure & Highways,Ministry of Coal,619212,Telangana,1615.44,1615.44,238.3,14.8,2021-03-01,2027-12-31,2029-12-31,2026-02-01,36,0.0,0
PAIM-618818,at Design Ch. 309.909 Km Package-III (National Highways Authority of India [NHAI]) (618818),Infrastructure & Highways,Ministry of Coal,618818,Telangana,1671.41,1671.41,676.36,40.5,2021-03-01,2028-12-31,2028-12-31,2026-02-01,12,0.0,0
PAIM-618728,village from Km. 0.000 to Km. 27.000 - Pkg-1 (National Highways Authority of India [NHAI]) (618728),Infrastructure & Highways,Ministry of Coal,618728,Bihar,3321.27,3321.27,756.19,22.8,2024-03-01,2027-12-31,2028-12-31,2026-02-01,0,0.0,0
PAIM-618577,Dwarka Expressway Pkg-III Delhi/HR Border to Start of RoB Gurugram (National Highways Authority of India [NHAI]) (618577,Infrastructure & Highways,Ministry of Coal,618577,Bihar,3366.87,3366.87,1217.47,36.2,2021-03-01,2026-12-31,2028-12-31,2026-02-01,24,0.0,0
PAIM-619216,of Shamli -Ambala Package-III Design Ch. Form km 84.400 to km 121.786 (National Highways Authority of India [NHAI]) (619,Infrastructure & Highways,Ministry of Coal,619216,Haryana,2218.85,2218.85,472.41,21.3,2024-03-01,2028-12-31,2029-12-31,2026-02-01,0,0.0,0
PAIM-618907,2L/4L of Hoshiarpur to Una section including Hoshiarpur Bypass of NH 503A (National Highways Authority of India [NHAI]) ,Infrastructure & Highways,Ministry of Coal,618907,Punjab,2428.85,2428.85,912.21,37.6,2022-03-01,2028-12-31,2029-12-31,2026-02-01,36,0.0,0
PAIM-619205,Six Laning of KT/KL Border Thalapaddy -Chengala from Km. 17.200 to Km. 57.20 (National Highways Authority of India [NHAI,Infrastructure & Highways,Ministry of Coal,619205,Karnataka,4179.69,4179.69,2826.34,67.6,2021-03-01,2027-12-31,2028-12-31,2026-02-01,6,0.0,0
PAIM-618636,NH-150C part of Akkalkot  KN/TS Border section Package  XIV (National Highways Authority of India [NHAI]) (618636),Infrastructure & Highways,Ministry of Coal,618636,Maharashtra,371.81,371.81,45.21,12.2,2022-03-01,2027-12-31,2027-12-31,2026-02-01,0,0.0,0
PAIM-618631,to Km. 203.100 in Raichur of NH-150C Pkg-IV (National Highways Authority of India [NHAI]) (618631),Infrastructure & Highways,Ministry of Coal,618631,Karnataka,3457.45,3457.45,889.94,25.7,2023-03-01,2026-12-31,2027-12-31,2026-02-01,12,0.0,0
PAIM-618556,Lakhnadon section of NH-44 NS (National Highways Authority of India [NHAI]) (618556),Infrastructure & Highways,Ministry of Coal,618556,Maharashtra,4091.1,4091.1,1935.45,47.3,2023-03-01,2026-12-31,2027-12-31,2026-02-01,0,0.0,0
PAIM-618624,Mangloor to Telangana Maharashtra Border (National Highways Authority of India [NHAI]) (618624),Infrastructure & Highways,Ministry of Coal,618624,Maharashtra,3782.53,3782.53,556.45,14.7,2023-03-01,2028-12-31,2028-12-31,2026-02-01,24,0.0,0
PAIM-618941,to km 51.985 (National Highways Authority of India [NHAI]) (618941),Infrastructure & Highways,Ministry of Coal,618941,Maharashtra,3492.52,3492.52,2462.58,70.5,2022-03-01,2027-12-31,2029-12-31,2026-02-01,24,0.0,0
PAIM-618844,Viluppuram Km.0.000 to Puducherry Km.29.000 (National Highways Authority of India [NHAI]) (618844),Infrastructure & Highways,Ministry of Coal,618844,Maharashtra,3286.75,3286.75,1200.61,36.5,2024-03-01,2028-12-31,2028-12-31,2026-02-01,24,0.0,0
PAIM-618755,180.200 in Prayagraj (National Highways Authority of India [NHAI]) (618755),Infrastructure & Highways,Ministry of Coal,618755,Uttar Pradesh,4054.59,4054.59,1734.23,42.8,2024-03-01,2028-12-31,2029-12-31,2026-02-01,6,0.0,0
PAIM-618912,Uttar Pradesh & Uttarakhand (National Highways Authority of India [NHAI]) (618912),Infrastructure & Highways,Ministry of Coal,618912,Uttar Pradesh,3221.3,3221.3,2375.21,73.7,2023-03-01,2028-12-31,2027-12-31,2026-02-01,18,0.0,0
PAIM-618783,4-laning of Pilibhit - Sitarganj from Km. 32.500 to Km. 70.800 Pkg-2 of NH-30 (National Highways Authority of India [NHA,Infrastructure & Highways,Ministry of Coal,618783,Uttar Pradesh,1382.75,1382.75,480.11,34.7,2022-03-01,2026-12-31,2028-12-31,2026-02-01,18,0.0,0
PAIM-618876,4L of Nagina-Kashipur section from km. 73.00 to km. 175.00 of NH-74 (National Highways Authority of India [NHAI]) (61887,Infrastructure & Highways,Ministry of Coal,618876,Uttar Pradesh,3074.33,3074.33,429.28,14.0,2023-03-01,2026-12-31,2029-12-31,2026-02-01,6,0.0,0
PAIM-619217,4L of Haridwar-Nagina section from km. 0.00 to km. 71.614 of NH-74 (National Highways Authority of India [NHAI]) (619217,Infrastructure & Highways,Ministry of Coal,619217,Uttar Pradesh,2735.11,2735.11,375.48,13.7,2022-03-01,2028-12-31,2029-12-31,2026-02-01,24,0.0,0
PAIM-619213,Package  OD-2 (National Highways Authority of India [NHAI]) (619213),Infrastructure & Highways,Ministry of Coal,619213,Odisha,2299.92,2299.92,917.42,39.9,2021-03-01,2027-12-31,2028-12-31,2026-02-01,6,0.0,0
PAIM-619215,the State of Odisha (National Highways Authority of India [NHAI]) (619215),Infrastructure & Highways,Ministry of Coal,619215,Odisha,1722.35,1722.35,417.74,24.3,2021-03-01,2028-12-31,2028-12-31,2026-02-01,36,0.0,0
PAIM-619181,NH-53 Old NH  5A from Km.60.000 to Km.76.646 Package-4 (National Highways Authority of India [NHAI]) (619181),Infrastructure & Highways,Ministry of Coal,619181,Odisha,1974.18,1974.18,1436.4,72.8,2022-03-01,2028-12-31,2027-12-31,2026-02-01,18,0.0,0
PAIM-618704,Corridor of Angul  Sambalpur Section of NH-42 New NH-55 Km.202.533 (National Highways Authority of India [NHAI]) (618704,Infrastructure & Highways,Ministry of Coal,618704,Odisha,3738.2,3738.2,1541.49,41.2,2021-03-01,2026-12-31,2028-12-31,2026-02-01,36,0.0,0
PAIM-618822,NH-53 Old NH  5A from Km.0.00 to Km.18.00Package-1 (National Highways Authority of India [NHAI]) (618822),Infrastructure & Highways,Ministry of Coal,618822,Odisha,3021.39,3021.39,754.8,25.0,2024-03-01,2028-12-31,2027-12-31,2026-02-01,36,0.0,0
PAIM-618591,"Earlier NH-6 in Sambalpur, on EPC mode in Odisha under NHO (National Highways Authority of India [NHAI]) (618591)",Infrastructure & Highways,Ministry of Coal,618591,Odisha,4497.72,4497.72,3584.69,79.7,2022-03-01,2027-12-31,2029-12-31,2026-02-01,18,0.0,0
PAIM-618593,Ghat section in the State of Odisha on EPC Mode (National Highways Authority of India [NHAI]) (618593),Infrastructure & Highways,Ministry of Coal,618593,Odisha,1996.71,1996.71,968.7,48.5,2023-03-01,2028-12-31,2027-12-31,2026-02-01,18,0.0,0
PAIM-617920,Odisha. Job No. NH-55-OD-2022-23-656 (MoRTH) (617920),Infrastructure & Highways,Ministry of Coal,617920,Odisha,1848.83,1848.83,1393.91,75.4,2022-03-01,2028-12-31,2027-12-31,2026-02-01,18,0.0,0
PAIM-617922,Plan 2022-23 for the state of Odisha Job No.NH-49-OD-2022-23-655 (MoRTH) (617922),Infrastructure & Highways,Ministry of Coal,617922,Odisha,3710.0,3710.0,1453.57,39.2,2022-03-01,2026-12-31,2028-12-31,2026-02-01,18,0.0,0
PAIM-617898,Badabanta section of NH-20 under NHO in Annual Plan 2022-23 in the State of Odisha (MoRTH) (617898),Infrastructure & Highways,Ministry of Coal,617898,Odisha,4358.83,4358.83,3299.5,75.7,2023-03-01,2028-12-31,2027-12-31,2026-02-01,24,0.0,0
PAIM-617902,construction or By-pass road on NH-26 for Nabrangpur Town (MoRTH) (617902),Infrastructure & Highways,Ministry of Coal,617902,Odisha,2266.64,2266.64,1448.29,63.9,2024-03-01,2026-12-31,2029-12-31,2026-02-01,24,0.0,0
PAIM-618122,Plan 2021-22. (MoRTH) (618122),Infrastructure & Highways,Ministry of Coal,618122,Odisha,2418.27,2418.27,385.22,15.9,2023-03-01,2028-12-31,2027-12-31,2026-02-01,36,0.0,0
PAIM-618079,of Odisha on EPC Mode under Annual plan 2022-23. (MoRTH) (618079),Infrastructure & Highways,Ministry of Coal,618079,Odisha,2827.07,2827.07,2158.96,76.4,2021-03-01,2028-12-31,2027-12-31,2026-02-01,18,0.0,0
PAIM-618010,No NH-254-PB-2022-23-565 (MoRTH) (618010),Infrastructure & Highways,Ministry of Coal,618010,Punjab,1664.67,1664.67,394.43,23.7,2023-03-01,2027-12-31,2027-12-31,2026-02-01,6,0.0,0
PAIM-618786,4L of Phagwara - Hoshiarpur (National Highways Authority of India [NHAI]) (618786),Infrastructure & Highways,Ministry of Coal,618786,Punjab,2712.75,2712.75,2168.04,79.9,2024-03-01,2026-12-31,2028-12-31,2026-02-01,12,0.0,0
PAIM-618793,Fazilka Bypasses (National Highways Authority of India [NHAI]) (618793),Infrastructure & Highways,Ministry of Coal,618793,Punjab,1481.23,1481.23,168.15,11.4,2023-03-01,2028-12-31,2028-12-31,2026-02-01,36,0.0,0
PAIM-618776,4L of Greenfield section from  Sirhind to Mohali (National Highways Authority of India [NHAI]) (618776),Infrastructure & Highways,Ministry of Coal,618776,Punjab,677.19,677.19,279.89,41.3,2022-03-01,2026-12-31,2029-12-31,2026-02-01,24,0.0,0
PAIM-619200,354 near Amritsar Airport [Km 71000 to Km 99000 of Amritsar connectivity] (National Highways Authority of India [NHAI]) ,Infrastructure & Highways,Ministry of Coal,619200,Punjab,765.93,765.93,324.28,42.3,2021-03-01,2027-12-31,2029-12-31,2026-02-01,24,0.0,0
PAIM-618757,Section (National Highways Authority of India [NHAI]) (618757),Infrastructure & Highways,Ministry of Coal,618757,Rajasthan,429.73,429.73,324.56,75.5,2021-03-01,2027-12-31,2028-12-31,2026-02-01,0,0.0,0
PAIM-618758,Paniyala-Barodameo ICR (National Highways Authority of India [NHAI]) (618758),Infrastructure & Highways,Ministry of Coal,618758,Rajasthan,4283.71,4283.71,1036.79,24.2,2021-03-01,2027-12-31,2029-12-31,2026-02-01,36,0.0,0
PAIM-618853,NH-68 (National Highways Authority of India [NHAI]) (618853),Infrastructure & Highways,Ministry of Coal,618853,Rajasthan,3529.36,3529.36,1997.59,56.6,2022-03-01,2028-12-31,2029-12-31,2026-02-01,0,0.0,0
PAIM-618117,Bara in the State of Rajasthan on EPC Mode. (MoRTH) (618117),Infrastructure & Highways,Ministry of Coal,618117,Rajasthan,2031.62,2031.62,872.18,42.9,2024-03-01,2028-12-31,2027-12-31,2026-02-01,24,0.0,0
PAIM-618611,Package-7 (National Highways Authority of India [NHAI]) (618611),Infrastructure & Highways,Ministry of Coal,618611,Rajasthan,3840.77,3840.77,2900.79,75.5,2023-03-01,2026-12-31,2028-12-31,2026-02-01,6,0.0,0
PAIM-618235,Green National Highway Corridor Project GNHCP. (MoRTH) (618235),Infrastructure & Highways,Ministry of Coal,618235,Rajasthan,1148.69,1148.69,145.59,12.7,2022-03-01,2028-12-31,2029-12-31,2026-02-01,0,0.0,0
PAIM-618426,16.167 of NH-717-A on EPC basis under SARDP-NE Phase A in the State of Sikkim (NHIDCL) (618426),Infrastructure & Highways,Ministry of Coal,618426,Multi-State,2556.79,2556.79,788.99,30.9,2021-03-01,2028-12-31,2027-12-31,2026-02-01,36,0.0,0
PAIM-618428,the State of Sikkim on EPC Mode-COS work (NHIDCL) (618428),Infrastructure & Highways,Ministry of Coal,618428,Multi-State,1330.51,1330.51,389.76,29.3,2021-03-01,2026-12-31,2028-12-31,2026-02-01,36,0.0,0
PAIM-618480,Sriperumbudur Toll Plaza at km. 35700 (National Highways Authority of India [NHAI]) (618480),Infrastructure & Highways,Ministry of Coal,618480,Tamil Nadu,4134.76,4134.76,687.71,16.6,2022-03-01,2026-12-31,2029-12-31,2026-02-01,36,0.0,0
PAIM-618522,EPC mode underNHDP Phase-V (National Highways Authority of India [NHAI]) (618522),Infrastructure & Highways,Ministry of Coal,618522,Tamil Nadu,926.61,926.61,753.8,81.4,2021-03-01,2026-12-31,2028-12-31,2026-02-01,24,0.0,0
PAIM-618561,Dharmapuri - Salem Section of NH-44 (National Highways Authority of India [NHAI]) (618561),Infrastructure & Highways,Ministry of Coal,618561,Tamil Nadu,3936.76,3936.76,836.13,21.2,2023-03-01,2026-12-31,2027-12-31,2026-02-01,12,0.0,0
PAIM-618562,Dindigul Bypass - Samyanallore from km. 373.275 to km. 426.00 (National Highways Authority of India [NHAI]) (618562),Infrastructure & Highways,Ministry of Coal,618562,Tamil Nadu,3792.47,3792.47,803.5,21.2,2024-03-01,2027-12-31,2029-12-31,2026-02-01,6,0.0,0
PAIM-618846,Poondiyankuppam Km.67.000 to Sattanathapuram Km.123.800 (National Highways Authority of India [NHAI]) (618846),Infrastructure & Highways,Ministry of Coal,618846,Tamil Nadu,4018.81,4018.81,1797.74,44.7,2021-03-01,2026-12-31,2028-12-31,2026-02-01,0,0.0,0
PAIM-618773,Tuticorin - Tirunelveli from km. 0.00 to km. 47.250 (National Highways Authority of India [NHAI]) (618773),Infrastructure & Highways,Ministry of Coal,618773,Tamil Nadu,695.63,695.63,488.19,70.2,2022-03-01,2028-12-31,2027-12-31,2026-02-01,36,0.0,0
PAIM-618743,Trichy 135.800 to Karur 218.000 section of NH-67 - Trichy Bypass (National Highways Authority of India [NHAI]) (618743),Infrastructure & Highways,Ministry of Coal,618743,Tamil Nadu,1950.02,1950.02,1078.09,55.3,2022-03-01,2028-12-31,2027-12-31,2026-02-01,6,0.0,0
PAIM-619045,Km 14.185 to Km 20.593 (National Highways Authority of India [NHAI]) (619045),Infrastructure & Highways,Ministry of Coal,619045,Tamil Nadu,1648.71,1648.71,1237.63,75.1,2022-03-01,2027-12-31,2027-12-31,2026-02-01,18,0.0,0
PAIM-618898,Km 65.96 of NH-45C in Tamil Nadu under NHDP Phase-IV on EPC mode (National Highways Authority of India [NHAI]) (618898),Infrastructure & Highways,Ministry of Coal,618898,Tamil Nadu,2559.25,2559.25,985.34,38.5,2022-03-01,2026-12-31,2027-12-31,2026-02-01,24,0.0,0
PAIM-618899,Kallagam km.38.700 to Meensurutti Km.98.433 of NH-227 in Tamil Nadu (National Highways Authority of India [NHAI]) (61889,Infrastructure & Highways,Ministry of Coal,618899,Tamil Nadu,410.89,410.89,271.1,66.0,2023-03-01,2027-12-31,2027-12-31,2026-02-01,18,0.0,0
PAIM-618874,Four Laning of Trichy - Dindigul from km. 333.00 to km. 421.273 of NH-45 (National Highways Authority of India [NHAI]) (,Infrastructure & Highways,Ministry of Coal,618874,Tamil Nadu,2324.55,2324.55,847.39,36.5,2024-03-01,2027-12-31,2027-12-31,2026-02-01,18,0.0,0
PAIM-619222,17.520 kms of Tirupathi- Tiruttani- Chennai section of NH 205 (National Highways Authority of India [NHAI]) (619222),Infrastructure & Highways,Ministry of Coal,619222,Tamil Nadu,2431.77,2431.77,748.36,30.8,2021-03-01,2028-12-31,2028-12-31,2026-02-01,24,0.0,0
PAIM-619193,Telangana through EPC mode (MoRTH) (619193),Infrastructure & Highways,Ministry of Coal,619193,Telangana,4346.54,4346.54,3427.64,78.9,2022-03-01,2026-12-31,2029-12-31,2026-02-01,36,0.0,0
PAIM-618944,Hyderabad - Maneguda (National Highways Authority of India [NHAI]) (618944),Infrastructure & Highways,Ministry of Coal,618944,Telangana,1555.84,1555.84,925.15,59.5,2022-03-01,2027-12-31,2029-12-31,2026-02-01,6,0.0,0
PAIM-618812,at Design Ch. 35.300 Km to Pangidipalle village at Design Ch. 72.350 KmPackage-II (National Highways Authority of India ,Infrastructure & Highways,Ministry of Coal,618812,Telangana,2322.04,2322.04,1671.46,72.0,2023-03-01,2027-12-31,2029-12-31,2026-02-01,0,0.0,0
PAIM-618813,Design Ch. 3.834 Km to Puttapaka village at Design Ch. 35.300 Km Package-I (National Highways Authority of India [NHAI]),Infrastructure & Highways,Ministry of Coal,618813,Telangana,1023.36,1023.36,634.09,62.0,2021-03-01,2026-12-31,2027-12-31,2026-02-01,6,0.0,0
PAIM-618815,Thallasenkesa village in Mahabubabed District at Design Ch. 189.650 kmPackage-II (National Highways Authority of India [,Infrastructure & Highways,Ministry of Coal,618815,Telangana,965.91,965.91,114.23,11.8,2021-03-01,2028-12-31,2028-12-31,2026-02-01,24,0.0,0
PAIM-618140,365A on Kodad-Khammam-Kurvi road. (MoRTH) (618140),Infrastructure & Highways,Ministry of Coal,618140,Telangana,3065.42,3065.42,1290.26,42.1,2021-03-01,2026-12-31,2029-12-31,2026-02-01,6,0.0,0
PAIM-618091,2021-22 on EPC mode under NHO (MoRTH) (618091),Infrastructure & Highways,Ministry of Coal,618091,Telangana,3754.34,3754.34,2027.45,54.0,2024-03-01,2027-12-31,2028-12-31,2026-02-01,18,0.0,0
PAIM-618130,of NH 353B in the State of Telangana (MoRTH) (618130),Infrastructure & Highways,Ministry of Coal,618130,Telangana,696.5,696.5,430.85,61.9,2024-03-01,2026-12-31,2029-12-31,2026-02-01,12,0.0,0
PAIM-618182,Annual plan 2022-23 (MoRTH) (618182),Infrastructure & Highways,Ministry of Coal,618182,Telangana,949.61,949.61,579.42,61.0,2023-03-01,2028-12-31,2029-12-31,2026-02-01,24,0.0,0
PAIM-618183,mode under NHO (MoRTH) (618183),Infrastructure & Highways,Ministry of Coal,618183,Telangana,2801.44,2801.44,1113.87,39.8,2024-03-01,2028-12-31,2029-12-31,2026-02-01,0,0.0,0
PAIM-617981,mode under NH O Annual Plan 2016-17 (MoRTH) (617981),Infrastructure & Highways,Ministry of Coal,617981,Telangana,4409.24,4409.24,1245.53,28.2,2023-03-01,2026-12-31,2027-12-31,2026-02-01,36,0.0,0
PAIM-617993,EPC mode in the state of Telangana (MoRTH) (617993),Infrastructure & Highways,Ministry of Coal,617993,Telangana,1146.49,1146.49,708.64,61.8,2021-03-01,2028-12-31,2027-12-31,2026-02-01,6,0.0,0
PAIM-617939,Sangareddy X Roads to Madinaguda in the State of Telangana (MoRTH) (617939),Infrastructure & Highways,Ministry of Coal,617939,Telangana,3079.22,3079.22,1233.67,40.1,2021-03-01,2026-12-31,2027-12-31,2026-02-01,12,0.0,0
PAIM-618568,112.540 and ending at Km. 153.281 of NH-27 (NHAI) (618568),Infrastructure & Highways,Ministry of Coal,618568,Uttar Pradesh,3421.53,3421.53,833.53,24.4,2024-03-01,2026-12-31,2027-12-31,2026-02-01,18,0.0,0
PAIM-618669,in MP & UP on HAM (National Highways Authority of India [NHAI]) (618669),Infrastructure & Highways,Ministry of Coal,618669,Uttar Pradesh,2405.01,2405.01,1890.9,78.6,2023-03-01,2027-12-31,2027-12-31,2026-02-01,36,0.0,0
PAIM-618690,UP on HAM mode (National Highways Authority of India [NHAI]) (618690),Infrastructure & Highways,Ministry of Coal,618690,Uttar Pradesh,2468.83,2468.83,2009.23,81.4,2022-03-01,2028-12-31,2028-12-31,2026-02-01,6,0.0,0
PAIM-618692,Aligarh-Kanpur Pkg I [Aligarh-Bhadwas] (National Highways Authority of India [NHAI]) (618692),Infrastructure & Highways,Ministry of Coal,618692,Uttar Pradesh,1497.75,1497.75,1081.85,72.2,2023-03-01,2027-12-31,2028-12-31,2026-02-01,36,0.0,0
PAIM-618538,Harbanch-Uchti Pkg-III (National Highways Authority of India [NHAI]) (618538),Infrastructure & Highways,Ministry of Coal,618538,Uttar Pradesh,4407.59,4407.59,2674.26,60.7,2023-03-01,2027-12-31,2029-12-31,2026-02-01,24,0.0,0
PAIM-618539,Sathara Package-II B (National Highways Authority of India [NHAI]) (618539),Infrastructure & Highways,Ministry of Coal,618539,Uttar Pradesh,680.77,680.77,511.86,75.2,2021-03-01,2027-12-31,2028-12-31,2026-02-01,12,0.0,0
PAIM-618858,from Start of Shahjahanpur Bypass to start of Shahabad bypass of NH 731Pkg.-2A (National Highways Authority of India [NH,Infrastructure & Highways,Ministry of Coal,618858,Uttar Pradesh,1125.27,1125.27,519.72,46.2,2021-03-01,2026-12-31,2028-12-31,2026-02-01,36,0.0,0
PAIM-618868,530B (National Highways Authority of India [NHAI]) (618868),Infrastructure & Highways,Ministry of Coal,618868,Uttar Pradesh,3968.16,3968.16,1206.39,30.4,2021-03-01,2028-12-31,2028-12-31,2026-02-01,18,0.0,0
PAIM-618782,4L of Bareilly-Pilibhit-Sitarganj from Km. 0.000 to Km. 32.500 of NH-30 Pkg-1 (National Highways Authority of India [NHA,Infrastructure & Highways,Ministry of Coal,618782,Uttar Pradesh,4420.26,4420.26,2933.19,66.4,2024-03-01,2028-12-31,2028-12-31,2026-02-01,0,0.0,0
PAIM-618927,734 Pkg-II (National Highways Authority of India [NHAI]) (618927),Infrastructure & Highways,Ministry of Coal,618927,Uttar Pradesh,565.16,565.16,326.01,57.7,2022-03-01,2026-12-31,2028-12-31,2026-02-01,12,0.0,0
PAIM-618929,Km. 33.200 Pkg-I (National Highways Authority of India [NHAI]) (618929),Infrastructure & Highways,Ministry of Coal,618929,Uttar Pradesh,934.0,934.0,329.49,35.3,2023-03-01,2027-12-31,2027-12-31,2026-02-01,12,0.0,0
PAIM-618923,Design Length 39.560 Km  of NH-119 Pkg-II (National Highways Authority of India [NHAI]) (618923),Infrastructure & Highways,Ministry of Coal,618923,Uttar Pradesh,2134.19,2134.19,1004.05,47.0,2021-03-01,2026-12-31,2028-12-31,2026-02-01,18,0.0,0
PAIM-618924,2L PS of Najibabad Kotdwar section from 112.575 to Km. 138.635 of NH 119 (National Highways Authority of India [NHAI]) (,Infrastructure & Highways,Ministry of Coal,618924,Uttar Pradesh,902.64,902.64,111.64,12.4,2021-03-01,2028-12-31,2027-12-31,2026-02-01,0,0.0,0
PAIM-618893,Gorakhpur (National Highways Authority of India [NHAI]) (618893),Infrastructure & Highways,Ministry of Coal,618893,Uttar Pradesh,4180.6,4180.6,1571.92,37.6,2024-03-01,2028-12-31,2027-12-31,2026-02-01,36,0.0,0
PAIM-618875,to km 27.509 of EUP mitigation measures on NH74 (National Highways Authority of India [NHAI]) (618875),Infrastructure & Highways,Ministry of Coal,618875,Multi-State,2276.11,2276.11,1819.11,79.9,2023-03-01,2027-12-31,2029-12-31,2026-02-01,18,0.0,0
PAIM-618218,Pariyojna on EPC mode in the state of Uttarakhand (MoRTH) (618218),Infrastructure & Highways,Ministry of Coal,618218,Multi-State,3966.96,3966.96,1515.32,38.2,2022-03-01,2028-12-31,2028-12-31,2026-02-01,18,0.0,0
PAIM-618219,Malari Ch. 60.550 km road on NH- 107B under in the state of Uttarakhand. (MoRTH) (618219),Infrastructure & Highways,Ministry of Coal,618219,Multi-State,4368.47,4368.47,1998.14,45.7,2024-03-01,2028-12-31,2029-12-31,2026-02-01,6,0.0,0
PAIM-618207,under Annual Plan 2022-23 length 50.987 (MoRTH) (618207),Infrastructure & Highways,Ministry of Coal,618207,Multi-State,3011.81,3011.81,2545.37,84.5,2024-03-01,2028-12-31,2029-12-31,2026-02-01,18,0.0,0
PAIM-618208,Chardham Programme in the State of Uttarakhand. (MoRTH) (618208),Infrastructure & Highways,Ministry of Coal,618208,Multi-State,3161.02,3161.02,2446.85,77.4,2023-03-01,2027-12-31,2028-12-31,2026-02-01,18,0.0,0
PAIM-618209,Uttarakhand Length 6.35 km (MoRTH) (618209),Infrastructure & Highways,Ministry of Coal,618209,Multi-State,2543.61,2543.61,842.2,33.1,2023-03-01,2028-12-31,2027-12-31,2026-02-01,12,0.0,0
PAIM-618210,Length-35.605 Km CA No EPC/MORT&H/HRK/01/2021-22 (MoRTH) (618210),Infrastructure & Highways,Ministry of Coal,618210,Multi-State,2478.72,2478.72,746.59,30.1,2021-03-01,2026-12-31,2029-12-31,2026-02-01,6,0.0,0
PAIM-618211,Pariyojna on EPC Mode (MoRTH) (618211),Infrastructure & Highways,Ministry of Coal,618211,Multi-State,916.8,916.8,736.52,80.3,2023-03-01,2027-12-31,2027-12-31,2026-02-01,36,0.0,0
PAIM-618213,Chardham in (MoRTH) (618213),Infrastructure & Highways,Ministry of Coal,618213,Multi-State,3417.53,3417.53,662.61,19.4,2021-03-01,2028-12-31,2028-12-31,2026-02-01,0,0.0,0
PAIM-618214,mode under improvement to NH connectivity to Chardham in the state of Uttarakhand. (MoRTH) (618214),Infrastructure & Highways,Ministry of Coal,618214,Multi-State,525.96,525.96,401.96,76.4,2022-03-01,2026-12-31,2028-12-31,2026-02-01,12,0.0,0
PAIM-617888,296.925 10 location under EPC mode in the State of Uttarakhand on EPC Mode (MoRTH) (617888),Infrastructure & Highways,Ministry of Coal,617888,Multi-State,1983.31,1983.31,1415.65,71.4,2024-03-01,2028-12-31,2027-12-31,2026-02-01,36,0.0,0
PAIM-617889,12509 in the State of Uttarakhand under EPC mode in NHO Annual Plan 2022-23 (MoRTH) (617889),Infrastructure & Highways,Ministry of Coal,617889,Multi-State,859.86,859.86,467.35,54.4,2024-03-01,2028-12-31,2027-12-31,2026-02-01,0,0.0,0
PAIM-617967,EPC mode in the state of Uttarakhand. (MoRTH) (617967),Infrastructure & Highways,Ministry of Coal,617967,Multi-State,1761.24,1761.24,1002.93,56.9,2023-03-01,2026-12-31,2027-12-31,2026-02-01,6,0.0,0
PAIM-618040,534 in the State of Uttarakhand under NHO Annual Plan 2021-22 under EPC mode (MoRTH) (618040),Infrastructure & Highways,Ministry of Coal,618040,Multi-State,2651.36,2651.36,1476.44,55.7,2022-03-01,2026-12-31,2028-12-31,2026-02-01,36,0.0,0
PAIM-618119,309Ain the State of Uttarakhand Package-IV under NHO Annual Plan 2021-22 (MoRTH) (618119),Infrastructure & Highways,Ministry of Coal,618119,Multi-State,3859.68,3859.68,2048.99,53.1,2024-03-01,2026-12-31,2029-12-31,2026-02-01,0,0.0,0
PAIM-617894,Bengal in EPC Mode- reg. Job No. 014-WB-2022-23/514 (MoRTH) (617894),Infrastructure & Highways,Ministry of Coal,617894,West Bengal,3055.5,3055.5,2536.63,83.0,2024-03-01,2027-12-31,2029-12-31,2026-02-01,24,0.0,0
PAIM-617931,NH-60. (MoRTH) (617931),Infrastructure & Highways,Ministry of Coal,617931,West Bengal,1534.85,1534.85,556.5,36.3,2021-03-01,2027-12-31,2029-12-31,2026-02-01,12,0.0,0
PAIM-618574,Ghoshpukur-Salsalabari Section (National Highways Authority of India [NHAI]) (618574),Infrastructure & Highways,Ministry of Coal,618574,West Bengal,2688.51,2688.51,624.71,23.2,2024-03-01,2027-12-31,2027-12-31,2026-02-01,24,0.0,0
PAIM-618808,6L Elevated Kona Expressway from Km. 0.145 to Km. 7.337 of NH-117 (National Highways Authority of India [NHAI]) (618808),Infrastructure & Highways,Ministry of Coal,618808,West Bengal,2851.2,2851.2,2338.59,82.0,2023-03-01,2028-12-31,2028-12-31,2026-02-01,18,0.0,0
PAIM-618823,district of North 24 - Parganas (National Highways Authority of India [NHAI]) (618823),Infrastructure & Highways,Ministry of Coal,618823,West Bengal,3264.31,3264.31,1321.97,40.5,2023-03-01,2028-12-31,2028-12-31,2026-02-01,0,0.0,0
PAIM-618824,"to Berhampore section of NH-34 New NH-12 , in the state of West Bengal under NHO. (National Highways Authority of India ",Infrastructure & Highways,Ministry of Coal,618824,West Bengal,1531.67,1531.67,612.76,40.0,2022-03-01,2028-12-31,2028-12-31,2026-02-01,36,0.0,0
PAIM-619187,in the State of West Bengal on EPC mode (NHIDCL) (619187),Infrastructure & Highways,Ministry of Coal,619187,West Bengal,1507.25,1507.25,1139.21,75.6,2022-03-01,2027-12-31,2029-12-31,2026-02-01,36,0.0,0
PAIM-706724,Guwahati Airport New Integrated Terminal Building Construction Project (Adani Airport Holdings Limited) (706724),Infrastructure & Highways,Ministry of Civil Aviation,706724,Assam,3837.28,3837.28,747.48,19.5,2021-03-01,2028-12-31,2027-12-31,2026-02-01,18,0.0,0
PAIM-706718,C/o NITB Imphal Airport (Airport Authority of India [AAI]) (706718),Infrastructure & Highways,Ministry of Civil Aviation,706718,Assam,2094.45,2094.45,455.06,21.7,2021-03-01,2026-12-31,2029-12-31,2026-02-01,12,0.0,0
PAIM-612793,with integrated 10 years maintenance. (Airport Authority of India [AAI]) (612793),Infrastructure & Highways,Ministry of Civil Aviation,612793,Assam,2824.43,2824.43,760.42,26.9,2021-03-01,2028-12-31,2028-12-31,2026-02-01,24,0.0,0
PAIM-615820,TIKAK EXTENSION OCP (MIS MoCoal Integration Logins) (615820),Infrastructure & Highways,Ministry of Civil Aviation,615820,Assam,2882.94,2882.94,2383.76,82.7,2023-03-01,2026-12-31,2029-12-31,2026-02-01,12,0.0,0
PAIM-615821,TIRAP OCP (MIS MoCoal Integration Logins) (615821),Infrastructure & Highways,Ministry of Civil Aviation,615821,Assam,1771.87,1771.87,557.49,31.5,2022-03-01,2026-12-31,2029-12-31,2026-02-01,18,0.0,0
PAIM-612898,"Pradesh (National Institute of Technology, Arunachal Pradesh) (612898)",Infrastructure & Highways,Ministry of Civil Aviation,612898,Assam,1423.42,1423.42,662.68,46.6,2023-03-01,2026-12-31,2029-12-31,2026-02-01,0,0.0,0
PAIM-606112,Tezpur University Projects (Tezpur University) (606112),Infrastructure & Highways,Ministry of Civil Aviation,606112,Assam,828.67,828.67,540.11,65.2,2022-03-01,2026-12-31,2028-12-31,2026-02-01,6,0.0,0
PAIM-612876,"Construction of Permanent Campus for NIT Mizoram at Lengpui, Aizawl (NIT Mizoram) (612876)",Infrastructure & Highways,Ministry of Civil Aviation,612876,Assam,502.17,502.17,322.67,64.3,2023-03-01,2027-12-31,2029-12-31,2026-02-01,36,0.0,0
PAIM-613013,Establishment of NIT Nagaland (NIT Nagaland) (613013),Infrastructure & Highways,Ministry of Civil Aviation,613013,Multi-State,3909.01,3909.01,517.84,13.2,2023-03-01,2027-12-31,2027-12-31,2026-02-01,6,0.0,0
PAIM-609736,Sikkim (Sikkim University) (609736),Infrastructure & Highways,Ministry of Civil Aviation,609736,Multi-State,3382.59,3382.59,2402.35,71.0,2024-03-01,2028-12-31,2028-12-31,2026-02-01,6,0.0,0
PAIM-612883,District (NIT Sikkim) (612883),Infrastructure & Highways,Ministry of Civil Aviation,612883,Multi-State,3941.69,3941.69,2621.46,66.5,2024-03-01,2026-12-31,2028-12-31,2026-02-01,18,0.0,0
PAIM-400081,"National Sports University [NSU], Imphal [Manipur] (Department of Sports & Youth Affairs) (400081)",Infrastructure & Highways,Ministry of Civil Aviation,400081,Multi-State,837.79,837.79,94.39,11.3,2022-03-01,2027-12-31,2027-12-31,2026-02-01,12,0.0,0
PAIM-602182,Dibang Multipurpose Project (National Hydroelectric Power Corporation Limited [NHPC]) (602182),Infrastructure & Highways,Ministry of Civil Aviation,602182,Multi-State,789.12,789.12,81.6,10.3,2023-03-01,2026-12-31,2029-12-31,2026-02-01,0,0.0,0
PAIM-611698,240MW Heo HE Project (North Eastern Electric Power Corporation Limited) (611698),Infrastructure & Highways,Ministry of Civil Aviation,611698,Multi-State,4153.99,4153.99,3449.45,83.0,2022-03-01,2028-12-31,2028-12-31,2026-02-01,24,0.0,0
PAIM-611699,186 MW Tato-I H E Project (North Eastern Electric Power Corporation Limited) (611699),Infrastructure & Highways,Ministry of Civil Aviation,611699,Multi-State,3197.92,3197.92,2613.28,81.7,2024-03-01,2026-12-31,2029-12-31,2026-02-01,12,0.0,0
PAIM-602096,Subansiri Lower HE Project [2000 MW] (National Hydroelectric Power Corporation Limited [NHPC]) (602096),Infrastructure & Highways,Ministry of Civil Aviation,602096,Assam,1423.61,1423.61,959.38,67.4,2022-03-01,2027-12-31,2027-12-31,2026-02-01,6,0.0,0
PAIM-602181,through NCLT] (National Hydroelectric Power Corporation Limited [NHPC]) (602181),Infrastructure & Highways,Ministry of Civil Aviation,602181,Multi-State,1230.27,1230.27,274.0,22.3,2024-03-01,2026-12-31,2027-12-31,2026-02-01,6,0.0,0
PAIM-605156,A wholly owned subsidiary of NHPC Ltd. acquired through NCLT (National Hydroelectric Power Corporation Limited [NHPC]) (,Infrastructure & Highways,Ministry of Civil Aviation,605156,Multi-State,4385.98,4385.98,584.05,13.3,2024-03-01,2028-12-31,2029-12-31,2026-02-01,36,0.0,0
PAIM-617375,North Eastern Region Expansion Scheme-XXIII [NERES-XXIII] (Power Grid Corporation of India Limited [POWERGRID]) (617375),Infrastructure & Highways,Ministry of Civil Aviation,617375,Multi-State,2096.08,2096.08,1587.92,75.8,2023-03-01,2028-12-31,2027-12-31,2026-02-01,18,0.0,0
PAIM-602223,[T&D] Systems [CSST&DS] in Arunachal Pradesh and Sikkim (Power Grid Corporation of India Limited [POWERGRID]) (602223),Infrastructure & Highways,Ministry of Civil Aviation,602223,Multi-State,1958.15,1958.15,520.68,26.6,2024-03-01,2026-12-31,2029-12-31,2026-02-01,36,0.0,0
PAIM-607709,[NERPSIP] (Power Grid Corporation of India Limited [POWERGRID]) (607709),Infrastructure & Highways,Ministry of Petroleum & Natural Gas,607709,Assam,2296.52,2296.52,1097.29,47.8,2023-03-01,2027-12-31,2028-12-31,2026-02-01,12,0.0,0
PAIM-709755,"Setting up of new rail fed POL facility at Kamardanga, Assam (Hindustan Petroleum Corporation Limited [HPCL]) (709755)",Infrastructure & Highways,Ministry of Petroleum & Natural Gas,709755,Assam,2063.8,2063.8,641.68,31.1,2022-03-01,2026-12-31,2027-12-31,2026-02-01,6,0.0,0
PAIM-709754,"Construction of LPG Facilities at Kamardanga, Assam (Hindustan Petroleum Corporation Limited) (709754)",Infrastructure & Highways,Ministry of Petroleum & Natural Gas,709754,Assam,793.38,793.38,510.43,64.3,2023-03-01,2026-12-31,2029-12-31,2026-02-01,18,0.0,0
PAIM-701349,[COIT] at Paradip (Ministry of Petroleum & Natural Gas) (701349),Infrastructure & Highways,Ministry of Petroleum & Natural Gas,701349,Assam,1673.03,1673.03,194.38,11.6,2024-03-01,2027-12-31,2028-12-31,2026-02-01,6,0.0,0
PAIM-617829,LPG Bottling Plant at Mualkhang (Ministry of Petroleum & Natural Gas) (617829),Infrastructure & Highways,Ministry of Petroleum & Natural Gas,617829,Assam,1983.84,1983.84,864.9,43.6,2022-03-01,2027-12-31,2028-12-31,2026-02-01,18,0.0,0
PAIM-400035,Dharmanagar Depot (Indian Oil Corporation Limited [IOCL]) (400035),Infrastructure & Highways,Ministry of Petroleum & Natural Gas,400035,Multi-State,433.45,433.45,353.03,81.4,2023-03-01,2026-12-31,2027-12-31,2026-02-01,6,0.0,0
PAIM-709865,Scheme (NRL) (709865),Infrastructure & Highways,Ministry of Petroleum & Natural Gas,709865,Assam,934.88,934.88,339.23,36.3,2023-03-01,2027-12-31,2027-12-31,2026-02-01,36,0.0,0
PAIM-709864,DCU Revamp Project (NRL) (709864),Infrastructure & Highways,Ministry of Petroleum & Natural Gas,709864,Assam,915.72,915.72,372.22,40.6,2022-03-01,2028-12-31,2027-12-31,2026-02-01,0,0.0,0
PAIM-709850,Borholla GGS Life Extension Project [BLEP] (Ministry of Petroleum & Natural Gas) (709850),Infrastructure & Highways,Ministry of Petroleum & Natural Gas,709850,Assam,2574.7,2574.7,285.59,11.1,2023-03-01,2028-12-31,2027-12-31,2026-02-01,18,0.0,0
PAIM-709847,Pipeline Network Project Rudrasagar (Ministry of Petroleum & Natural Gas) (709847),Infrastructure & Highways,Ministry of Petroleum & Natural Gas,709847,Assam,2830.27,2830.27,987.9,34.9,2024-03-01,2027-12-31,2029-12-31,2026-02-01,12,0.0,0
PAIM-604791,Numaligarh Refinery Expansion Project (Ministry of Petroleum & Natural Gas) (604791),Infrastructure & Highways,Ministry of Petroleum & Natural Gas,604791,Assam,1401.62,1401.62,899.13,64.1,2021-03-01,2026-12-31,2029-12-31,2026-02-01,36,0.0,0
PAIM-604863,Natural Gas from Nadua and East Khagorija (Ministry of Petroleum & Natural Gas) (604863),Infrastructure & Highways,Ministry of Petroleum & Natural Gas,604863,Assam,2145.99,2145.99,318.24,14.8,2024-03-01,2028-12-31,2027-12-31,2026-02-01,0,0.0,0
PAIM-709779,Capacity Expansion of Digboi Refinery from 0.65 to 1.0 MMTPA (MinistryofPetroleumNaturalGas) (709779),Infrastructure & Highways,Ministry of Petroleum & Natural Gas,709779,Assam,375.37,375.37,176.34,47.0,2021-03-01,2026-12-31,2027-12-31,2026-02-01,6,0.0,0
PAIM-607701,Guwahati Refinery (Ministry of Petroleum & Natural Gas) (607701),Infrastructure & Highways,Ministry of Petroleum & Natural Gas,607701,Assam,1214.08,1214.08,364.41,30.0,2021-03-01,2028-12-31,2029-12-31,2026-02-01,0,0.0,0
PAIM-709776,Augmentation/Revamping of Facilities at existing Guwahati Terminal at Betkuchi (MinistryofPetroleumNaturalGas) (709776),Infrastructure & Highways,Ministry of Petroleum & Natural Gas,709776,Assam,1296.44,1296.44,398.35,30.7,2022-03-01,2026-12-31,2029-12-31,2026-02-01,12,0.0,0
PAIM-616858,processing & transportation of natural Gas to be produced from Baghjan Field (Ministry of Petroleum & Natural Gas) (6168,Infrastructure & Highways,Ministry of Petroleum & Natural Gas,616858,Assam,2287.96,2287.96,882.08,38.6,2022-03-01,2026-12-31,2027-12-31,2026-02-01,12,0.0,0
PAIM-617827,"Pipeline Rehabilitation Project, Phase-II (Ministry of Petroleum & Natural Gas) (617827)",Infrastructure & Highways,Ministry of Petroleum & Natural Gas,617827,Assam,2248.06,2248.06,1548.17,68.9,2022-03-01,2027-12-31,2027-12-31,2026-02-01,24,0.0,0
PAIM-617836,Coke Drum Structure Package (Ministry of Petroleum & Natural Gas) (617836),Infrastructure & Highways,Ministry of Petroleum & Natural Gas,617836,Assam,323.58,323.58,255.21,78.9,2024-03-01,2027-12-31,2029-12-31,2026-02-01,0,0.0,0
PAIM-701350,transportation of additional products from existing 1.72 MMTPA to 5.5 MMTPA (Ministry of Petroleum & Natural Gas) (70135,Infrastructure & Highways,Ministry of Petroleum & Natural Gas,701350,Assam,1720.79,1720.79,304.92,17.7,2024-03-01,2026-12-31,2028-12-31,2026-02-01,12,0.0,0
PAIM-701346,North East Gas Grid (Ministry of Petroleum & Natural Gas) (701346),Infrastructure & Highways,Ministry of Petroleum & Natural Gas,701346,Assam,2385.7,2385.7,1215.74,51.0,2022-03-01,2026-12-31,2027-12-31,2026-02-01,0,0.0,0
PAIM-709786,"Augmentation/ Revamping of Dimapur Depot, Dimapur (MinistryofPetroleumNaturalGas) (709786)",Infrastructure & Highways,Ministry of Petroleum & Natural Gas,709786,Multi-State,889.64,889.64,572.34,64.3,2024-03-01,2027-12-31,2028-12-31,2026-02-01,12,0.0,0
PAIM-709837,"Creation of Gas Dehydration  Facilities, Tripura Asset (Oil and Natural Gas Corporation Limited [ONGC]) (709837)",Infrastructure & Highways,Ministry of Petroleum & Natural Gas,709837,Multi-State,1375.82,1375.82,450.33,32.7,2023-03-01,2027-12-31,2027-12-31,2026-02-01,36,0.0,0
PAIM-707039,"Establishment of new GMC Gangtok (Medical Education, Ministry of Health and Family Welfare) (707039)",Infrastructure & Highways,Ministry of Petroleum & Natural Gas,707039,Multi-State,3517.14,3517.14,2905.96,82.6,2024-03-01,2026-12-31,2027-12-31,2026-02-01,12,0.0,0
PAIM-612201,"Construction of 200 bedded ESIC Hospital with 62 Nos Staff quarters , Beltola (Employee's State Insurance Company [ESIC]",Infrastructure & Highways,Ministry of Labour and Employment,612201,Assam,424.02,424.02,115.89,27.3,2021-03-01,2027-12-31,2028-12-31,2026-02-01,12,0.0,0
PAIM-618986,Furkating-New Tinsukia[194 Km] (Northeast Frontier Railway [NFR]) (618986),Infrastructure & Highways,Ministry of Labour and Employment,618986,Assam,3396.45,3396.45,2359.29,69.5,2024-03-01,2028-12-31,2029-12-31,2026-02-01,12,0.0,0
PAIM-705572,Doubling of New Bonggigaon to Kamakhya via Goalpara - 176 km (Northeast Frontier Railway [NFR]) (705572),Infrastructure & Highways,Ministry of Labour and Employment,705572,Assam,2805.04,2805.04,1819.23,64.9,2021-03-01,2028-12-31,2027-12-31,2026-02-01,24,0.0,0
PAIM-706942,Harmuty-Murkongselek Branch Line Electrification Project (GM/C/ NFR) (706942),Infrastructure & Highways,Ministry of Labour and Employment,706942,Assam,4302.79,4302.79,1368.12,31.8,2023-03-01,2027-12-31,2027-12-31,2026-02-01,36,0.0,0
PAIM-706940,"Mariani-Jorhat, Tinsukia-Dangri and Makum -TirapTrack Electrification Project (GM/C/ NFR) (706940)",Infrastructure & Highways,Ministry of Labour and Employment,706940,Assam,3001.92,3001.92,529.42,17.6,2021-03-01,2028-12-31,2027-12-31,2026-02-01,18,0.0,0
PAIM-706922,Guwahati-Dibrugarh via Tinsukia & Simaluguri-Dibrugarh (Central Organisation for Railway Electrification [CORE]) (706922,Infrastructure & Highways,Ministry of Labour and Employment,706922,Assam,295.67,295.67,139.38,47.1,2022-03-01,2027-12-31,2027-12-31,2026-02-01,18,0.0,0
PAIM-705391,Jiribam-Imphal new line project (Northeast Frontier Railway [NFR]) (705391),Infrastructure & Highways,Ministry of Labour and Employment,705391,Assam,3576.59,3576.59,1327.81,37.1,2024-03-01,2026-12-31,2029-12-31,2026-02-01,6,0.0,0
PAIM-705401,Murkongselek-Pasighat (Northeast Frontier Railway [NFR] - II) (705401),Infrastructure & Highways,Ministry of Labour and Employment,705401,Assam,4496.5,4496.5,794.11,17.7,2023-03-01,2027-12-31,2028-12-31,2026-02-01,36,0.0,0
PAIM-616701,Lumding Furkating Doubling Project 140 km (Northeast Frontier Railway [NFR]) (616701),Infrastructure & Highways,Ministry of Labour and Employment,616701,Assam,1044.81,1044.81,363.05,34.7,2021-03-01,2028-12-31,2029-12-31,2026-02-01,0,0.0,0
PAIM-705392,Dimapur [Dhansiri]-Sukhobi Kohima [Zubza] NL [82.5 Km] (Northeast Frontier Railway [NFR] - II) (705392),Infrastructure & Highways,Ministry of Labour and Employment,705392,Assam,2350.7,2350.7,1306.9,55.6,2022-03-01,2028-12-31,2028-12-31,2026-02-01,24,0.0,0
PAIM-705432,Sivok-Rangpo New Rail Line (Indian Railway Construction International Limited [IRCON]) (705432),Infrastructure & Highways,Ministry of Labour and Employment,705432,Assam,3593.52,3593.52,1202.01,33.4,2021-03-01,2027-12-31,2029-12-31,2026-02-01,12,0.0,0
PAIM-618033,415/Ar. P/2020-21/031 (MoRTH) (618033),Infrastructure & Highways,Ministry of Labour and Employment,618033,Multi-State,2543.96,2543.96,1936.2,76.1,2023-03-01,2028-12-31,2029-12-31,2026-02-01,36,0.0,0
PAIM-617892,SARDP-NE/P-P/Pkg-A/NH-13/Ar.Pr./PWD/2018-19/116] (MoRTH) (617892),Infrastructure & Highways,Ministry of Labour and Employment,617892,Multi-State,1254.56,1254.56,1026.09,81.8,2021-03-01,2027-12-31,2028-12-31,2026-02-01,24,0.0,0
PAIM-618434,Roing-Hunli Road Greenfield Alignment Project (NHIDCL) (618434),Infrastructure & Highways,Ministry of Labour and Employment,618434,Multi-State,3700.18,3700.18,2846.62,76.9,2022-03-01,2027-12-31,2029-12-31,2026-02-01,36,0.0,0
PAIM-618433,Arunachal Pradesh on EPC Mode under SARDP-NE Pkg-7 (NHIDCL) (618433),Infrastructure & Highways,Ministry of Labour and Employment,618433,Multi-State,2397.03,2397.03,1031.74,43.0,2023-03-01,2026-12-31,2029-12-31,2026-02-01,18,0.0,0
PAIM-618432,Km 70.000 in the state of Arunachal Pradesh under SARDP-NE Pkg-3 (NHIDCL) (618432),Infrastructure & Highways,Ministry of Labour and Employment,618432,Multi-State,2344.7,2344.7,562.08,24.0,2021-03-01,2026-12-31,2027-12-31,2026-02-01,12,0.0,0
PAIM-618405,the State of Arunachal Pradesh on EPC mode Pkg-1 (NHIDCL) (618405),Infrastructure & Highways,Ministry of Labour and Employment,618405,Multi-State,2076.4,2076.4,1678.94,80.9,2024-03-01,2026-12-31,2027-12-31,2026-02-01,12,0.0,0
PAIM-618403,NHO-NE (NHIDCL) (618403),Infrastructure & Highways,Ministry of Labour and Employment,618403,Multi-State,2901.97,2901.97,1975.17,68.1,2021-03-01,2026-12-31,2027-12-31,2026-02-01,0,0.0,0
PAIM-618402,Package-I (NHIDCL) (618402),Infrastructure & Highways,Ministry of Labour and Employment,618402,Multi-State,3687.28,3687.28,1731.6,47.0,2023-03-01,2026-12-31,2027-12-31,2026-02-01,36,0.0,0
PAIM-618401,on EPC Mode Pkg-3 (NHIDCL) (618401),Infrastructure & Highways,Ministry of Labour and Employment,618401,Multi-State,3501.38,3501.38,2215.11,63.3,2024-03-01,2026-12-31,2027-12-31,2026-02-01,0,0.0,0
PAIM-618435,NH-37 on EPC basis under SARDP-NE in state of Assam (NHIDCL) (618435),Infrastructure & Highways,Ministry of Labour and Employment,618435,Assam,2327.01,2327.01,946.64,40.7,2021-03-01,2028-12-31,2027-12-31,2026-02-01,0,0.0,0
PAIM-618436,to Km 208.000 of NH-52 on EPC mode in state of Assam under SARDP-NE (NHIDCL) (618436),Infrastructure & Highways,Ministry of Labour and Employment,618436,Assam,4237.03,4237.03,1702.04,40.2,2024-03-01,2027-12-31,2029-12-31,2026-02-01,18,0.0,0
PAIM-618437,works & Toll Plaza (NHIDCL) (618437),Infrastructure & Highways,Ministry of Labour and Employment,618437,Assam,546.18,546.18,185.38,33.9,2021-03-01,2027-12-31,2027-12-31,2026-02-01,0,0.0,0
PAIM-618354,km 116.550 near Hangrum Package-7 on EPC mode Package7 (NHIDCL) (618354),Infrastructure & Highways,Ministry of Labour and Employment,618354,Assam,4044.63,4044.63,2528.17,62.5,2022-03-01,2027-12-31,2027-12-31,2026-02-01,36,0.0,0
PAIM-618352,9 (NHIDCL) (618352),Infrastructure & Highways,Ministry of Labour and Employment,618352,Assam,3977.0,3977.0,932.4,23.4,2023-03-01,2028-12-31,2027-12-31,2026-02-01,12,0.0,0
PAIM-618351,Package-10 (NHIDCL) (618351),Infrastructure & Highways,Ministry of Labour and Employment,618351,Assam,1819.46,1819.46,274.63,15.1,2023-03-01,2026-12-31,2027-12-31,2026-02-01,24,0.0,0
PAIM-618438,"SARDP-NE, Phase 'A' in the State of Assam on EPC mode (NHIDCL) (618438)",Infrastructure & Highways,Ministry of Labour and Employment,618438,Assam,1986.83,1986.83,1246.58,62.7,2024-03-01,2028-12-31,2028-12-31,2026-02-01,0,0.0,0
PAIM-618439,EPC Mode in the state of Assam Pkg-I Road Works (NHIDCL) (618439),Infrastructure & Highways,Ministry of Labour and Employment,618439,Assam,1255.22,1255.22,464.48,37.0,2024-03-01,2026-12-31,2029-12-31,2026-02-01,18,0.0,0
PAIM-618440,the state of Assam Pkg- IV Structures & Toll Plaza (NHIDCL) (618440),Infrastructure & Highways,Ministry of Labour and Employment,618440,Assam,3554.39,3554.39,2329.86,65.5,2024-03-01,2026-12-31,2027-12-31,2026-02-01,18,0.0,0
PAIM-618371,Km under JICA ODA Loan assistance Phase-V -Balance work (NHIDCL) (618371),Infrastructure & Highways,Ministry of Labour and Employment,618371,Assam,1602.06,1602.06,1071.18,66.9,2023-03-01,2028-12-31,2027-12-31,2026-02-01,6,0.0,0
PAIM-618441,under EPC Mode in the state of Assam Pkg-I Road Works (NHIDCL) (618441),Infrastructure & Highways,Ministry of Labour and Employment,618441,Assam,473.42,473.42,254.35,53.7,2023-03-01,2026-12-31,2027-12-31,2026-02-01,12,0.0,0
PAIM-618442,under EPC Mode in the state of Assam Pkg-III Road Works (NHIDCL) (618442),Infrastructure & Highways,Ministry of Labour and Employment,618442,Assam,3106.26,3106.26,1338.38,43.1,2021-03-01,2028-12-31,2029-12-31,2026-02-01,24,0.0,0
PAIM-618443,under EPC Mode in the state of Assam Pkg-II Road Works (NHIDCL) (618443),Infrastructure & Highways,Ministry of Labour and Employment,618443,Assam,1070.63,1070.63,734.88,68.6,2023-03-01,2026-12-31,2027-12-31,2026-02-01,24,0.0,0
PAIM-618444,Mode in the state of Assam  Pkg-IV Structures & Toll Plaza (NHIDCL) (618444),Infrastructure & Highways,Ministry of Labour and Employment,618444,Assam,664.74,664.74,346.34,52.1,2021-03-01,2028-12-31,2027-12-31,2026-02-01,12,0.0,0
PAIM-618372,Pkg-2] (NHIDCL) (618372),Infrastructure & Highways,Ministry of Labour and Employment,618372,Assam,539.18,539.18,247.23,45.9,2024-03-01,2026-12-31,2027-12-31,2026-02-01,24,0.0,0
PAIM-618340,EPCMode under NHO-NE Package-3 (NHIDCL) (618340),Infrastructure & Highways,Ministry of Labour and Employment,618340,Assam,1231.76,1231.76,143.56,11.7,2021-03-01,2028-12-31,2027-12-31,2026-02-01,6,0.0,0
PAIM-618339,NH-38 in Tinsukia District under NHO- NE Package-4 (NHIDCL) (618339),Infrastructure & Highways,Ministry of Labour and Employment,618339,Assam,1285.44,1285.44,494.22,38.4,2023-03-01,2026-12-31,2027-12-31,2026-02-01,0,0.0,0
PAIM-618454,from Jogighopa Railway Station to MMLP (NHIDCL) (618454),Infrastructure & Highways,Ministry of Labour and Employment,618454,Assam,2223.16,2223.16,707.32,31.8,2024-03-01,2027-12-31,2027-12-31,2026-02-01,36,0.0,0
PAIM-618373,NH-127B under JICA ODA Loan assistance Phase-III (NHIDCL) (618373),Infrastructure & Highways,Ministry of Labour and Employment,618373,Assam,1066.07,1066.07,175.07,16.4,2022-03-01,2028-12-31,2027-12-31,2026-02-01,0,0.0,0
PAIM-618455,Mode Package-I Road and Utility Works (NHIDCL) (618455),Infrastructure & Highways,Ministry of Labour and Employment,618455,Assam,270.6,270.6,187.19,69.2,2024-03-01,2026-12-31,2028-12-31,2026-02-01,36,0.0,0
PAIM-618575,and Baihata Bypass Junctions on stretches of NH-31 and NH-27 (National Highways Authority of India [NHAI]) (618575),Infrastructure & Highways,Ministry of Labour and Employment,618575,Assam,3341.8,3341.8,1592.64,47.7,2024-03-01,2027-12-31,2029-12-31,2026-02-01,12,0.0,0
PAIM-618576,at Jagiroad on stretches of NH 36 and NH 27 (National Highways Authority of India [NHAI]) (618576),Infrastructure & Highways,Ministry of Labour and Employment,618576,Assam,3444.85,3444.85,1334.46,38.7,2021-03-01,2028-12-31,2028-12-31,2026-02-01,36,0.0,0
PAIM-618934,Guwahati Ring Road in the State of Assam (National Highways Authority of India [NHAI]) (618934),Infrastructure & Highways,Ministry of Labour and Employment,618934,Assam,4242.89,4242.89,1473.75,34.7,2022-03-01,2026-12-31,2027-12-31,2026-02-01,36,0.0,0
PAIM-618331,Package Silchar-Jiribam Pkg-1 in the state of Assam on HAM Mode (NHIDCL) (618331),Infrastructure & Highways,Ministry of Labour and Employment,618331,Assam,2985.13,2985.13,1749.72,58.6,2023-03-01,2027-12-31,2028-12-31,2026-02-01,12,0.0,0
PAIM-618330,'Phase-A' on EPC mode Assam Portion (NHIDCL) (618330),Infrastructure & Highways,Ministry of Labour and Employment,618330,Assam,1121.35,1121.35,588.39,52.5,2021-03-01,2027-12-31,2029-12-31,2026-02-01,6,0.0,0
PAIM-619013,under EPC Mode in the state of Assam Pkg-II Road Works (NHIDCL) (619013),Infrastructure & Highways,Ministry of Labour and Employment,619013,Assam,1974.92,1974.92,876.51,44.4,2023-03-01,2026-12-31,2028-12-31,2026-02-01,0,0.0,0
PAIM-618327,Section in Assam on EPC Package-6 (NHIDCL) (618327),Infrastructure & Highways,Ministry of Labour and Employment,618327,Assam,789.89,789.89,240.15,30.4,2023-03-01,2027-12-31,2027-12-31,2026-02-01,12,0.0,0
PAIM-618326,Daboka-Parokhaowa of NH 29 on EPC under NHO-NE Package-1 (NHIDCL) (618326),Infrastructure & Highways,Ministry of Labour and Employment,618326,Assam,483.48,483.48,158.06,32.7,2023-03-01,2026-12-31,2029-12-31,2026-02-01,24,0.0,0
PAIM-618325,Dillai to Lahorijan Package-7 (NHIDCL) (618325),Infrastructure & Highways,Ministry of Labour and Employment,618325,Assam,3590.13,3590.13,1837.06,51.2,2023-03-01,2028-12-31,2029-12-31,2026-02-01,0,0.0,0
PAIM-619057,Pariyojana in Economic Corridors Silchar- Churaibari Pkg-3 (NHIDCL) (619057),Infrastructure & Highways,Ministry of Labour and Employment,619057,Assam,3197.46,3197.46,623.77,19.5,2024-03-01,2028-12-31,2029-12-31,2026-02-01,24,0.0,0
PAIM-619060,under EPC Mode in the state of Assam Pkg-III Road Works (NHIDCL) (619060),Infrastructure & Highways,Ministry of Labour and Employment,619060,Assam,2809.93,2809.93,740.73,26.4,2022-03-01,2026-12-31,2028-12-31,2026-02-01,18,0.0,0
PAIM-619089,Km 0.000 to Km 49.230 of NH-27 (NHAI) (619089),Infrastructure & Highways,Ministry of Labour and Employment,619089,Assam,3986.32,3986.32,893.75,22.4,2024-03-01,2026-12-31,2027-12-31,2026-02-01,0,0.0,0
PAIM-618034,No.427/AS/2022-23/245 (MoRTH) (618034),Infrastructure & Highways,Ministry of Labour and Employment,618034,Assam,711.01,711.01,239.22,33.6,2024-03-01,2026-12-31,2029-12-31,2026-02-01,12,0.0,0
PAIM-617896,31/AS/ 2023-24/265 (MoRTH) (617896),Infrastructure & Highways,Ministry of Labour and Employment,617896,Assam,562.8,562.8,174.44,31.0,2022-03-01,2028-12-31,2029-12-31,2026-02-01,0,0.0,0
PAIM-617895,15/AS/2021-22/234 (MoRTH) (617895),Infrastructure & Highways,Ministry of Labour and Employment,617895,Assam,3940.91,3940.91,3231.78,82.0,2023-03-01,2028-12-31,2029-12-31,2026-02-01,6,0.0,0
PAIM-618315,EPC mode Package-1 (NHIDCL) (618315),Infrastructure & Highways,Ministry of Labour and Employment,618315,Assam,689.09,689.09,403.98,58.6,2022-03-01,2028-12-31,2027-12-31,2026-02-01,36,0.0,0
PAIM-618314,Pariyojna on EPC mode. Project Length 29.360 km under NHO-NE Package-2 (NHIDCL) (618314),Infrastructure & Highways,Ministry of Labour and Employment,618314,Assam,1507.99,1507.99,407.56,27.0,2023-03-01,2027-12-31,2027-12-31,2026-02-01,6,0.0,0
PAIM-618313,Kalinagar Pt I on NH-37 in Assam on HAM Mode Pkg-1 (NHIDCL) (618313),Infrastructure & Highways,Ministry of Labour and Employment,618313,Assam,4325.21,4325.21,1878.93,43.4,2022-03-01,2027-12-31,2029-12-31,2026-02-01,36,0.0,0
PAIM-618312,NH-8 on Silchar-Churaibari in the state of Assam on HAM Mode Package-5 (NHIDCL) (618312),Infrastructure & Highways,Ministry of Labour and Employment,618312,Assam,3378.36,3378.36,2848.45,84.3,2022-03-01,2027-12-31,2027-12-31,2026-02-01,6,0.0,0
PAIM-618311,border in the state of Assam on HAM Mode Package-6 (NHIDCL) (618311),Infrastructure & Highways,Ministry of Labour and Employment,618311,Assam,1822.67,1822.67,836.42,45.9,2024-03-01,2026-12-31,2028-12-31,2026-02-01,36,0.0,0
PAIM-618310,Border on Silchar-Churaibari  in the State of Assam on HAM Mode Package-7 (NHIDCL) (618310),Infrastructure & Highways,Ministry of Labour and Employment,618310,Assam,533.27,533.27,126.4,23.7,2022-03-01,2028-12-31,2028-12-31,2026-02-01,18,0.0,0
PAIM-618309,Mode Package-4 (NHIDCL) (618309),Infrastructure & Highways,Ministry of Labour and Employment,618309,Assam,1487.32,1487.32,416.45,28.0,2022-03-01,2027-12-31,2027-12-31,2026-02-01,24,0.0,0
PAIM-618308,Pariyojana in Economic Corridors Silchar- Churaibari Package-2 (NHIDCL) (618308),Infrastructure & Highways,Ministry of Labour and Employment,618308,Assam,728.59,728.59,99.77,13.7,2024-03-01,2028-12-31,2029-12-31,2026-02-01,12,0.0,0
PAIM-618289,and Design Km 0.000 to km 14.660 under BMP on EPC mode (NHIDCL) (618289),Infrastructure & Highways,Ministry of Labour and Employment,618289,Assam,1457.98,1457.98,287.35,19.7,2021-03-01,2028-12-31,2027-12-31,2026-02-01,12,0.0,0
PAIM-618288,"Mowatari, before Chapar Bypass  in the state ol Assam on HAM mode Package-1 (NHIDCL) (618288)",Infrastructure & Highways,Ministry of Labour and Employment,618288,Assam,3044.51,3044.51,862.94,28.3,2024-03-01,2027-12-31,2028-12-31,2026-02-01,24,0.0,0
PAIM-618287,NE Package-2 (NHIDCL) (618287),Infrastructure & Highways,Ministry of Labour and Employment,618287,Assam,566.92,566.92,284.84,50.2,2024-03-01,2026-12-31,2029-12-31,2026-02-01,12,0.0,0
PAIM-618286,4385 across River Brahmaputra on NH-17 at Jogighopa in Assam on EPC mode (NHIDCL) (618286),Infrastructure & Highways,Ministry of Labour and Employment,618286,Assam,891.08,891.08,89.67,10.1,2024-03-01,2026-12-31,2027-12-31,2026-02-01,12,0.0,0
PAIM-618285,on EPC Package-7 (NHIDCL) (618285),Infrastructure & Highways,Ministry of Labour and Employment,618285,Assam,849.54,849.54,602.36,70.9,2024-03-01,2026-12-31,2028-12-31,2026-02-01,12,0.0,0
PAIM-618284,NHO-NE Package-8 (NHIDCL) (618284),Infrastructure & Highways,Ministry of Labour and Employment,618284,Assam,1580.0,1580.0,258.4,16.4,2024-03-01,2027-12-31,2028-12-31,2026-02-01,24,0.0,0
PAIM-618283,4-L Bilasipara-Guwahati Package-9 (NHIDCL) (618283),Infrastructure & Highways,Ministry of Labour and Employment,618283,Assam,3712.82,3712.82,1000.15,26.9,2023-03-01,2028-12-31,2028-12-31,2026-02-01,24,0.0,0
PAIM-618282,4-L Bilasipara-Guwahati Package-10 (NHIDCL) (618282),Infrastructure & Highways,Ministry of Labour and Employment,618282,Assam,666.52,666.52,299.54,44.9,2021-03-01,2027-12-31,2027-12-31,2026-02-01,18,0.0,0
PAIM-618160,Job no. 715/AS/2020-21/213 (MoRTH) (618160),Infrastructure & Highways,Ministry of Labour and Employment,618160,Assam,3744.89,3744.89,2298.36,61.4,2024-03-01,2026-12-31,2027-12-31,2026-02-01,36,0.0,0
PAIM-618159,20.479 km in the State of Assam Job No. 715K/AS/2023-24/256 (MoRTH) (618159),Infrastructure & Highways,Ministry of Labour and Employment,618159,Assam,2295.14,2295.14,888.07,38.7,2021-03-01,2028-12-31,2029-12-31,2026-02-01,12,0.0,0
PAIM-618416,22.340 km on NH-129A in the State of Manipur on EPC mode (NHIDCL) (618416),Infrastructure & Highways,Ministry of Labour and Employment,618416,Multi-State,307.4,307.4,64.37,20.9,2024-03-01,2027-12-31,2027-12-31,2026-02-01,24,0.0,0
PAIM-618415,40.000 km on NH-129A in the State of Manipur on EPC mode (NHIDCL) (618415),Infrastructure & Highways,Ministry of Labour and Employment,618415,Multi-State,2354.74,2354.74,1793.7,76.2,2024-03-01,2027-12-31,2028-12-31,2026-02-01,36,0.0,0
PAIM-618389,of Manipur on EPC mode under NHO-TSP Package -4 (NHIDCL) (618389),Infrastructure & Highways,Ministry of Labour and Employment,618389,Multi-State,489.85,489.85,103.14,21.1,2022-03-01,2026-12-31,2028-12-31,2026-02-01,36,0.0,0
PAIM-618388,of Manipur on EPC mode under NHO-TSP Package -3 (NHIDCL) (618388),Infrastructure & Highways,Ministry of Labour and Employment,618388,Multi-State,1653.88,1653.88,299.6,18.1,2024-03-01,2026-12-31,2027-12-31,2026-02-01,24,0.0,0
PAIM-618387,EPC mode under NHO-NE Package-2 (NHIDCL) (618387),Infrastructure & Highways,Ministry of Labour and Employment,618387,Multi-State,2908.16,2908.16,1240.58,42.7,2023-03-01,2028-12-31,2029-12-31,2026-02-01,24,0.0,0
PAIM-618298,Pkg-5B (NHIDCL) (618298),Infrastructure & Highways,Ministry of Labour and Employment,618298,Multi-State,1486.45,1486.45,645.41,43.4,2023-03-01,2027-12-31,2028-12-31,2026-02-01,36,0.0,0
PAIM-618300,from Km 262175 to Km 274610 in the state of Manipur on EPC mode Pkg-4A (NHIDCL) (618300),Infrastructure & Highways,Ministry of Labour and Employment,618300,Multi-State,3815.8,3815.8,1692.37,44.4,2024-03-01,2026-12-31,2027-12-31,2026-02-01,36,0.0,0
PAIM-618302,state of Manipur on EPC mode Package-2 (NHIDCL) (618302),Infrastructure & Highways,Ministry of Labour and Employment,618302,Multi-State,2382.37,2382.37,374.54,15.7,2023-03-01,2026-12-31,2028-12-31,2026-02-01,12,0.0,0
PAIM-618303,state of Manipur on EPC mode Package-1 (NHIDCL) (618303),Infrastructure & Highways,Ministry of Labour and Employment,618303,Multi-State,2205.69,2205.69,951.33,43.1,2021-03-01,2026-12-31,2029-12-31,2026-02-01,36,0.0,0
PAIM-618304,"Bharatmala Pariyojana, under NHO-NE Package-7 (NHIDCL) (618304)",Infrastructure & Highways,Ministry of Labour and Employment,618304,Multi-State,3952.46,3952.46,3183.93,80.6,2023-03-01,2027-12-31,2029-12-31,2026-02-01,36,0.0,0
PAIM-618305,mode under Bharatmala Pariyojana under NHO-NE  Package-6 (NHIDCL) (618305),Infrastructure & Highways,Ministry of Labour and Employment,618305,Multi-State,3478.68,3478.68,876.21,25.2,2022-03-01,2027-12-31,2028-12-31,2026-02-01,6,0.0,0
PAIM-618306,"under Bharatmala Pariyojana, under NHO-NE  Package-5 (NHIDCL) (618306)",Infrastructure & Highways,Ministry of Labour and Employment,618306,Multi-State,241.18,241.18,165.2,68.5,2023-03-01,2026-12-31,2027-12-31,2026-02-01,6,0.0,0
PAIM-618333,PKG-7 (NHIDCL) (618333),Infrastructure & Highways,Ministry of Labour and Employment,618333,Multi-State,3352.03,3352.03,1593.13,47.5,2022-03-01,2028-12-31,2027-12-31,2026-02-01,0,0.0,0
PAIM-618334,NHO-TSP PKG-6 (NHIDCL) (618334),Infrastructure & Highways,Ministry of Labour and Employment,618334,Multi-State,4220.21,4220.21,3286.01,77.9,2024-03-01,2027-12-31,2027-12-31,2026-02-01,36,0.0,0
PAIM-618335,Puilon Kambiron Village on EPC Mode in Manipur PKG-5 (NHIDCL) (618335),Infrastructure & Highways,Ministry of Labour and Employment,618335,Multi-State,3579.89,3579.89,3021.38,84.4,2021-03-01,2027-12-31,2027-12-31,2026-02-01,6,0.0,0
PAIM-618336,km 103.557 on EPC Mode in Manipur PKG-4 (NHIDCL) (618336),Infrastructure & Highways,Ministry of Labour and Employment,618336,Multi-State,3574.18,3574.18,2000.26,56.0,2024-03-01,2026-12-31,2029-12-31,2026-02-01,36,0.0,0
PAIM-618337,33.395 to km 67.496 on EPC Mode in Manipur PKG-3 (NHIDCL) (618337),Infrastructure & Highways,Ministry of Labour and Employment,618337,Multi-State,3605.42,3605.42,2537.22,70.4,2021-03-01,2026-12-31,2028-12-31,2026-02-01,12,0.0,0
PAIM-618338,Balance Works & Rectification works (NHIDCL) (618338),Infrastructure & Highways,Ministry of Labour and Employment,618338,Multi-State,1957.77,1957.77,334.96,17.1,2021-03-01,2028-12-31,2028-12-31,2026-02-01,12,0.0,0
PAIM-618346,NHO Package-2A (NHIDCL) (618346),Infrastructure & Highways,Ministry of Labour and Employment,618346,Multi-State,3028.99,3028.99,2520.65,83.2,2021-03-01,2026-12-31,2029-12-31,2026-02-01,36,0.0,0
PAIM-618347,NHO Package-1B (NHIDCL) (618347),Infrastructure & Highways,Ministry of Labour and Employment,618347,Multi-State,429.87,429.87,244.49,56.9,2023-03-01,2026-12-31,2028-12-31,2026-02-01,0,0.0,0
PAIM-618348,State of Manipur on EPC Mode (NHIDCL) (618348),Infrastructure & Highways,Ministry of Labour and Employment,618348,Multi-State,2765.23,2765.23,1145.75,41.4,2021-03-01,2028-12-31,2029-12-31,2026-02-01,36,0.0,0
PAIM-618349,Package-4A in the State of Manipur on EPC Mode (NHIDCL) (618349),Infrastructure & Highways,Ministry of Labour and Employment,618349,Multi-State,385.69,385.69,200.97,52.1,2023-03-01,2027-12-31,2028-12-31,2026-02-01,18,0.0,0
PAIM-618355,Package-2 (NHIDCL) (618355),Infrastructure & Highways,Ministry of Labour and Employment,618355,Multi-State,2050.76,2050.76,645.1,31.5,2021-03-01,2027-12-31,2027-12-31,2026-02-01,24,0.0,0
PAIM-618356,near Phelong on EPC Mode Package-3 (NHIDCL) (618356),Infrastructure & Highways,Ministry of Labour and Employment,618356,Multi-State,2401.56,2401.56,397.49,16.6,2021-03-01,2026-12-31,2028-12-31,2026-02-01,0,0.0,0
PAIM-618357,Mandeu on EPC Mode Package 5 (NHIDCL) (618357),Infrastructure & Highways,Ministry of Labour and Employment,618357,Multi-State,2366.64,2366.64,1460.26,61.7,2022-03-01,2027-12-31,2028-12-31,2026-02-01,18,0.0,0
PAIM-618358,EPC Mode Package-6 (NHIDCL) (618358),Infrastructure & Highways,Ministry of Labour and Employment,618358,Multi-State,3259.77,3259.77,977.05,30.0,2023-03-01,2026-12-31,2029-12-31,2026-02-01,18,0.0,0
PAIM-618076,31.500 Goeragre to km 63.224 Package-II in state of Meghalaya (MoRTH) (618076),Infrastructure & Highways,Ministry of Labour and Employment,618076,Multi-State,1337.31,1337.31,748.11,55.9,2021-03-01,2028-12-31,2027-12-31,2026-02-01,12,0.0,0
PAIM-618294,of NH-1278 under Bharatmala Pariyojana Lot-1 Pkg-1B Meghalaya portion (NHIDCL) (618294),Infrastructure & Highways,Ministry of Labour and Employment,618294,Multi-State,3143.7,3143.7,1979.62,63.0,2024-03-01,2028-12-31,2027-12-31,2026-02-01,6,0.0,0
PAIM-618295,Km 8600 to Km 53000 of Old NH-62 under BMP Lot-1 Pkg-1B Meghalaya portion (NHIDCL) (618295),Infrastructure & Highways,Ministry of Labour and Employment,618295,Multi-State,3994.95,3994.95,1556.54,39.0,2022-03-01,2026-12-31,2028-12-31,2026-02-01,12,0.0,0
PAIM-617885,NE/Nong-Don-Maw/MG/2020-21/294 (MoRTH) (617885),Infrastructure & Highways,Ministry of Labour and Employment,617885,Multi-State,1150.51,1150.51,180.66,15.7,2023-03-01,2027-12-31,2029-12-31,2026-02-01,0,0.0,0
PAIM-618421,Meghalaya on EPC Mode Greenfield alignment (NHIDCL) (618421),Infrastructure & Highways,Ministry of Labour and Employment,618421,Multi-State,3646.6,3646.6,2876.72,78.9,2021-03-01,2028-12-31,2029-12-31,2026-02-01,24,0.0,0
PAIM-618376,ODA Loan assistance Phase-II -Balance Work-Pkg-2 (NHIDCL) (618376),Infrastructure & Highways,Ministry of Labour and Employment,618376,Multi-State,1036.29,1036.29,848.9,81.9,2024-03-01,2026-12-31,2028-12-31,2026-02-01,36,0.0,0
PAIM-618420,of Meghalaya on EPC Mode (NHIDCL) (618420),Infrastructure & Highways,Ministry of Labour and Employment,618420,Multi-State,2465.88,2465.88,1545.65,62.7,2023-03-01,2027-12-31,2029-12-31,2026-02-01,36,0.0,0
PAIM-618419,state of Meghalaya on EPC Mode Greenfield alignment (NHIDCL) (618419),Infrastructure & Highways,Ministry of Labour and Employment,618419,Assam,1877.34,1877.34,516.74,27.5,2024-03-01,2027-12-31,2027-12-31,2026-02-01,18,0.0,0
PAIM-618418,NE in the State of Meghalaya  Package-1 (NHIDCL) (618418),Infrastructure & Highways,Ministry of Labour and Employment,618418,Assam,1636.93,1636.93,333.14,20.4,2022-03-01,2026-12-31,2029-12-31,2026-02-01,24,0.0,0
PAIM-618377,under JICA ODA Loan assistance Phase-II -Balance Work Pkg-1 (NHIDCL) (618377),Infrastructure & Highways,Ministry of Labour and Employment,618377,Multi-State,4124.87,4124.87,2440.05,59.2,2023-03-01,2028-12-31,2028-12-31,2026-02-01,12,0.0,0
PAIM-618375,Balance work Pkg-4 (NHIDCL) (618375),Infrastructure & Highways,Ministry of Labour and Employment,618375,Multi-State,3953.88,3953.88,1159.26,29.3,2024-03-01,2028-12-31,2028-12-31,2026-02-01,6,0.0,0
PAIM-618374,assistance Phase-II Pkg-5 -Balance work (NHIDCL) (618374),Infrastructure & Highways,Ministry of Labour and Employment,618374,Multi-State,1813.93,1813.93,200.23,11.0,2022-03-01,2027-12-31,2028-12-31,2026-02-01,0,0.0,0
PAIM-618362,A (NHIDCL) (618362),Infrastructure & Highways,Ministry of Labour and Employment,618362,Multi-State,2908.95,2908.95,1085.41,37.3,2023-03-01,2027-12-31,2029-12-31,2026-02-01,0,0.0,0
PAIM-618363,under Bharatmala Pariyojana on EPC mode [Pkg-B] (NHIDCL) (618363),Infrastructure & Highways,Ministry of Labour and Employment,618363,Multi-State,2935.57,2935.57,363.27,12.4,2022-03-01,2027-12-31,2028-12-31,2026-02-01,0,0.0,0
PAIM-618379,Tuipang Section of NH-54 in the State of Mizoram Package-5 (NHIDCL) (618379),Infrastructure & Highways,Ministry of Labour and Employment,618379,Multi-State,3330.63,3330.63,1299.1,39.0,2023-03-01,2026-12-31,2027-12-31,2026-02-01,18,0.0,0
PAIM-618343,Mizoram under Bharatmala Pariyojna on EPC Mode Seling-Dulte - III (NHIDCL) (618343),Infrastructure & Highways,Ministry of Labour and Employment,618343,Multi-State,1939.17,1939.17,481.2,24.8,2022-03-01,2026-12-31,2028-12-31,2026-02-01,36,0.0,0
PAIM-618342,state  of Mizoram under Bharatmala Pariyojana on EPC mode (NHIDCL) (618342),Infrastructure & Highways,Ministry of Labour and Employment,618342,Multi-State,3661.45,3661.45,2758.85,75.3,2022-03-01,2026-12-31,2029-12-31,2026-02-01,24,0.0,0
PAIM-618341,Tuivai Pkg-2 (NHIDCL) (618341),Infrastructure & Highways,Ministry of Labour and Employment,618341,Multi-State,3513.17,3513.17,2572.57,73.2,2024-03-01,2026-12-31,2028-12-31,2026-02-01,36,0.0,0
PAIM-618380,Tuipang Section of NH-54 in the State of Mizoram Package-3 (NHIDCL) (618380),Infrastructure & Highways,Ministry of Labour and Employment,618380,Multi-State,4273.99,4273.99,3113.06,72.8,2021-03-01,2027-12-31,2029-12-31,2026-02-01,36,0.0,0
PAIM-618381,Tuipang section under JICA ODA Loan assistance Phase-I Package-6 (NHIDCL) (618381),Infrastructure & Highways,Ministry of Labour and Employment,618381,Multi-State,2009.39,2009.39,360.87,18.0,2022-03-01,2027-12-31,2028-12-31,2026-02-01,12,0.0,0
PAIM-618382,section under JICA ODA Loan assistance Phase-I Package-7 (NHIDCL) (618382),Infrastructure & Highways,Ministry of Labour and Employment,618382,Multi-State,2206.96,2206.96,597.61,27.1,2021-03-01,2026-12-31,2029-12-31,2026-02-01,6,0.0,0
PAIM-618383,section under JICA ODA Loan assistance Phase-I Package-8 (NHIDCL) (618383),Infrastructure & Highways,Ministry of Labour and Employment,618383,Multi-State,3135.0,3135.0,1406.58,44.9,2022-03-01,2026-12-31,2027-12-31,2026-02-01,36,0.0,0
PAIM-618452,"in the State of Mizoram on EPC mode under NHO-NE, stretch of IMBR (NHIDCL) (618452)",Infrastructure & Highways,Ministry of Labour and Employment,618452,Multi-State,482.43,482.43,95.02,19.7,2022-03-01,2026-12-31,2029-12-31,2026-02-01,36,0.0,0
PAIM-618384,Tuipang Section of NH-54 in the State of Mizoram Package-4 (NHIDCL) (618384),Infrastructure & Highways,Ministry of Labour and Employment,618384,Multi-State,683.64,683.64,361.05,52.8,2023-03-01,2028-12-31,2029-12-31,2026-02-01,12,0.0,0
PAIM-618316,Pariyojna under NHO-NE. Package-1&2 in Assam state (NHIDCL) (618316),Infrastructure & Highways,Ministry of Labour and Employment,618316,Assam,1966.49,1966.49,830.82,42.2,2021-03-01,2027-12-31,2029-12-31,2026-02-01,12,0.0,0
PAIM-618317,Pariyojna on EPC mode Vairengte - Sairang Pkg-4 (NHIDCL) (618317),Infrastructure & Highways,Ministry of Labour and Employment,618317,Multi-State,876.44,876.44,709.59,81.0,2023-03-01,2026-12-31,2029-12-31,2026-02-01,18,0.0,0
PAIM-618318,under NHO-NE Vairengte - Sairang Pkg-5 (NHIDCL) (618318),Infrastructure & Highways,Ministry of Labour and Employment,618318,Multi-State,253.02,253.02,87.83,34.7,2021-03-01,2026-12-31,2028-12-31,2026-02-01,18,0.0,0
PAIM-619010,NHO-NE Package-3  Keifang- Tuivai Pkg-3 (NHIDCL) (619010),Infrastructure & Highways,Ministry of Labour and Employment,619010,Multi-State,3232.6,3232.6,2670.36,82.6,2024-03-01,2027-12-31,2028-12-31,2026-02-01,36,0.0,0
PAIM-618324,Pariyojna on EPC Mode under NHO-NE (NHIDCL) (618324),Infrastructure & Highways,Ministry of Labour and Employment,618324,Multi-State,2910.71,2910.71,421.6,14.5,2022-03-01,2026-12-31,2028-12-31,2026-02-01,12,0.0,0
PAIM-618319,"on Silchar-Vairengte- Sairang road, Vairengte - Sairang Pkg-6 (NHIDCL) (618319)",Infrastructure & Highways,Ministry of Labour and Employment,618319,Multi-State,3265.14,3265.14,836.63,25.6,2024-03-01,2026-12-31,2029-12-31,2026-02-01,12,0.0,0
PAIM-618323,2 (NHIDCL) (618323),Infrastructure & Highways,Ministry of Labour and Employment,618323,Multi-State,1502.92,1502.92,483.93,32.2,2022-03-01,2026-12-31,2029-12-31,2026-02-01,36,0.0,0
PAIM-618321,Pariyojna on EPC mode under NHO-NE Package-8 (NHIDCL) (618321),Infrastructure & Highways,Ministry of Labour and Employment,618321,Multi-State,569.36,569.36,144.23,25.3,2021-03-01,2026-12-31,2029-12-31,2026-02-01,12,0.0,0
PAIM-618320,Sairang road in the State of Mizoram on EPC mode (NHIDCL) (618320),Infrastructure & Highways,Ministry of Labour and Employment,618320,Assam,4175.81,4175.81,3519.16,84.3,2022-03-01,2026-12-31,2029-12-31,2026-02-01,6,0.0,0
PAIM-618359,EPC mode under Bharatmala Pariyojna of Length 27.514 Km Package-3 (NHIDCL) (618359),Infrastructure & Highways,Ministry of Labour and Employment,618359,Assam,3299.53,3299.53,2486.76,75.4,2021-03-01,2026-12-31,2027-12-31,2026-02-01,24,0.0,0
PAIM-618072,Km 220.00 of NH-61 New NH-02 in the state of Nagaland. (MoRTH) (618072),Infrastructure & Highways,Ministry of Labour and Employment,618072,Multi-State,1966.54,1966.54,382.88,19.5,2024-03-01,2026-12-31,2027-12-31,2026-02-01,24,0.0,0
PAIM-618290,State of Nagaland under SARDP-NE on EPC Mode Package-IV (NHIDCL) (618290),Infrastructure & Highways,Ministry of Labour and Employment,618290,Multi-State,1889.23,1889.23,1035.73,54.8,2022-03-01,2027-12-31,2029-12-31,2026-02-01,18,0.0,0
PAIM-618291,state of Nagaland Under SARDP-NE on EPC Mode Package- 3 (NHIDCL) (618291),Infrastructure & Highways,Ministry of Labour and Employment,618291,Multi-State,1030.05,1030.05,441.41,42.9,2024-03-01,2028-12-31,2029-12-31,2026-02-01,18,0.0,0
PAIM-618292,state of Nagaland Under SARDP-NE on EPC Mode Package-2 (NHIDCL) (618292),Infrastructure & Highways,Ministry of Labour and Employment,618292,Multi-State,2144.59,2144.59,875.11,40.8,2021-03-01,2028-12-31,2029-12-31,2026-02-01,6,0.0,0
PAIM-618293,on EPC Mode Package-1 -Balance work (NHIDCL) (618293),Infrastructure & Highways,Ministry of Labour and Employment,618293,Multi-State,758.73,758.73,575.52,75.9,2023-03-01,2027-12-31,2028-12-31,2026-02-01,18,0.0,0
PAIM-618296,on EPC Mode Package-V under NHO (NHIDCL) (618296),Infrastructure & Highways,Ministry of Labour and Employment,618296,Multi-State,3878.76,3878.76,1629.25,42.0,2022-03-01,2027-12-31,2028-12-31,2026-02-01,6,0.0,0
PAIM-618297,Mode under NHO Package-II -Balance work (NHIDCL) (618297),Infrastructure & Highways,Ministry of Labour and Employment,618297,Multi-State,3635.85,3635.85,913.38,25.1,2023-03-01,2027-12-31,2029-12-31,2026-02-01,6,0.0,0
PAIM-617886,to Km 125 of NH 61 (MoRTH) (617886),Infrastructure & Highways,Ministry of Labour and Employment,617886,Multi-State,4281.51,4281.51,1173.62,27.4,2022-03-01,2026-12-31,2027-12-31,2026-02-01,6,0.0,0
PAIM-618002,Chare via Dikhu in the state of Nagaland on EPC mode (MoRTH) (618002),Infrastructure & Highways,Ministry of Labour and Employment,618002,Multi-State,2755.27,2755.27,2224.9,80.8,2022-03-01,2028-12-31,2027-12-31,2026-02-01,36,0.0,0
PAIM-619059,SARDP-NE  PKG-IV Balance work (NHIDCL) (619059),Infrastructure & Highways,Ministry of Labour and Employment,619059,Multi-State,2903.86,2903.86,745.57,25.7,2021-03-01,2027-12-31,2027-12-31,2026-02-01,24,0.0,0
PAIM-618328,Bypass under SARDP-NE Package-III (NHIDCL) (618328),Infrastructure & Highways,Ministry of Labour and Employment,618328,Multi-State,3752.68,3752.68,1853.71,49.4,2023-03-01,2026-12-31,2028-12-31,2026-02-01,6,0.0,0
PAIM-618329,SARDP-NE (NHIDCL) (618329),Infrastructure & Highways,Ministry of Labour and Employment,618329,Multi-State,1357.64,1357.64,235.12,17.3,2023-03-01,2028-12-31,2027-12-31,2026-02-01,12,0.0,0
PAIM-618366,on EPC mode under NHO-NE (NHIDCL) (618366),Infrastructure & Highways,Ministry of Labour and Employment,618366,Multi-State,3443.39,3443.39,1960.8,56.9,2022-03-01,2026-12-31,2027-12-31,2026-02-01,18,0.0,0
PAIM-618365,Nagaland on EPC mode under NHO-NE (NHIDCL) (618365),Infrastructure & Highways,Ministry of Labour and Employment,618365,Multi-State,243.54,243.54,157.59,64.7,2022-03-01,2028-12-31,2027-12-31,2026-02-01,6,0.0,0
PAIM-618413,Nagaland on EPC mode under NHO-TSP Package-III (NHIDCL) (618413),Infrastructure & Highways,Ministry of Labour and Employment,618413,Multi-State,1729.89,1729.89,1339.73,77.4,2023-03-01,2026-12-31,2027-12-31,2026-02-01,6,0.0,0
PAIM-618414,in the state of Nagaland on EPC mode under NHO-TSP Package-II (NHIDCL) (618414),Infrastructure & Highways,Ministry of Labour and Employment,618414,Multi-State,1985.66,1985.66,1328.96,66.9,2022-03-01,2027-12-31,2028-12-31,2026-02-01,12,0.0,0
PAIM-618364,on EPC mode under NH O-NE (NHIDCL) (618364),Infrastructure & Highways,Ministry of Labour and Employment,618364,Multi-State,4253.05,4253.05,1806.63,42.5,2024-03-01,2027-12-31,2028-12-31,2026-02-01,0,0.0,0
PAIM-618423,Balance work (NHIDCL) (618423),Infrastructure & Highways,Ministry of Labour and Employment,618423,Multi-State,1329.94,1329.94,816.74,61.4,2021-03-01,2026-12-31,2028-12-31,2026-02-01,24,0.0,0
PAIM-618422,SARDP-NE package-V  Balance work (NHIDCL) (618422),Infrastructure & Highways,Ministry of Labour and Employment,618422,Multi-State,2191.02,2191.02,349.23,15.9,2023-03-01,2028-12-31,2028-12-31,2026-02-01,6,0.0,0
PAIM-618450,km58.840 under SARDP-NE Phase A  Pkg- IV (NHIDCL) (618450),Infrastructure & Highways,Ministry of Labour and Employment,618450,Multi-State,3115.27,3115.27,1574.03,50.5,2024-03-01,2026-12-31,2027-12-31,2026-02-01,0,0.0,0
PAIM-618449,spur NH-717B on EPC Mode under SARDP-NE Phase-A in Sikkim Pkg-II B (NHIDCL) (618449),Infrastructure & Highways,Ministry of Labour and Employment,618449,Multi-State,4295.02,4295.02,936.1,21.8,2022-03-01,2028-12-31,2027-12-31,2026-02-01,24,0.0,0
PAIM-618448,the State of Sikkim. (NHIDCL) (618448),Infrastructure & Highways,Ministry of Labour and Employment,618448,Multi-State,3270.69,3270.69,1543.26,47.2,2021-03-01,2027-12-31,2029-12-31,2026-02-01,36,0.0,0
PAIM-618447,Sikkim. (NHIDCL) (618447),Infrastructure & Highways,Ministry of Labour and Employment,618447,Multi-State,3430.72,3430.72,2482.34,72.4,2021-03-01,2028-12-31,2029-12-31,2026-02-01,12,0.0,0
PAIM-618446,Rongli to Chochenpheri of NH 717B Pkg-II C (NHIDCL) (618446),Infrastructure & Highways,Ministry of Labour and Employment,618446,Multi-State,2557.68,2557.68,1038.03,40.6,2024-03-01,2028-12-31,2029-12-31,2026-02-01,18,0.0,0
PAIM-618071,Ranipool to Burtuk Ch 0.00 Km to 23.316 L23.316 Km in the State of Sikkim (MoRTH) (618071),Infrastructure & Highways,Ministry of Labour and Employment,618071,Multi-State,2001.61,2001.61,661.44,33.0,2024-03-01,2027-12-31,2027-12-31,2026-02-01,0,0.0,0
PAIM-618369,the state of Tripura on EPC mode under JICA ODA Loan Phase VI Package-2 (NHIDCL) (618369),Infrastructure & Highways,Ministry of Labour and Employment,618369,Multi-State,677.91,677.91,160.79,23.7,2024-03-01,2026-12-31,2028-12-31,2026-02-01,18,0.0,0
PAIM-618368,under JICA ODA Loan Phase VI Package-3 (NHIDCL) (618368),Infrastructure & Highways,Ministry of Labour and Employment,618368,Multi-State,3872.68,3872.68,2869.17,74.1,2022-03-01,2027-12-31,2028-12-31,2026-02-01,6,0.0,0
PAIM-618367,JICA ODA Loan Phase VI Package-4 (NHIDCL) (618367),Infrastructure & Highways,Ministry of Labour and Employment,618367,Multi-State,338.37,338.37,48.79,14.4,2024-03-01,2028-12-31,2027-12-31,2026-02-01,6,0.0,0
PAIM-618370,JICA ODA Loan Phase VI Package-1 (NHIDCL) (618370),Infrastructure & Highways,Ministry of Labour and Employment,618370,Multi-State,505.26,505.26,401.69,79.5,2024-03-01,2028-12-31,2029-12-31,2026-02-01,36,0.0,0
PAIM-618386,shoulder on EPC bais under NHO (NHIDCL) (618386),Infrastructure & Highways,Ministry of Labour and Employment,618386,Multi-State,3106.19,3106.19,2398.41,77.2,2021-03-01,2026-12-31,2028-12-31,2026-02-01,0,0.0,0
PAIM-618385,with paved shoulder on EPC basis under NHO Package-III- Balance Work (NHIDCL) (618385),Infrastructure & Highways,Ministry of Labour and Employment,618385,Multi-State,1386.27,1386.27,811.85,58.6,2023-03-01,2028-12-31,2029-12-31,2026-02-01,6,0.0,0
PAIM-618411,and overlay from Km 20.30 to Km 22.00 1.7 Km Total Length  13.2 Km (NHIDCL) (618411),Infrastructure & Highways,Ministry of Labour and Employment,618411,Multi-State,1123.81,1123.81,562.78,50.1,2023-03-01,2027-12-31,2027-12-31,2026-02-01,12,0.0,0
PAIM-618350,state of Tripura on EPC basis under NHO-NE (NHIDCL) (618350),Infrastructure & Highways,Ministry of Labour and Employment,618350,Multi-State,1397.04,1397.04,637.43,45.6,2024-03-01,2028-12-31,2028-12-31,2026-02-01,0,0.0,0
PAIM-618417,state of Tripura on EPC basis under NHO-NE (NHIDCL) (618417),Infrastructure & Highways,Ministry of Labour and Employment,618417,Multi-State,3494.26,3494.26,2865.0,82.0,2024-03-01,2027-12-31,2027-12-31,2026-02-01,0,0.0,0
PAIM-701598,Highways of Meghalaya (Department of Telecommunications) (701598),Infrastructure & Highways,Ministry of Labour and Employment,701598,Assam,1508.8,1508.8,1046.64,69.4,2024-03-01,2026-12-31,2029-12-31,2026-02-01,36,0.0,0
PAIM-701597,2 Districts of Assam (Department of Telecommunications) (701597),Infrastructure & Highways,Ministry of Labour and Employment,701597,Assam,3496.65,3496.65,1152.39,33.0,2022-03-01,2026-12-31,2027-12-31,2026-02-01,0,0.0,0
PAIM-701370,"Borolia Irrigation Project (Department of Water Resources, River Development & GR) (701370)",Infrastructure & Highways,Ministry of Labour and Employment,701370,Assam,4351.01,4351.01,3384.88,77.8,2022-03-01,2026-12-31,2028-12-31,2026-02-01,18,0.0,0
PAIM-701400,Thoubal Multipurpose Project (Water Resources Department-MN) (701400),Infrastructure & Highways,Ministry of Labour and Employment,701400,Assam,1230.42,1230.42,485.01,39.4,2021-03-01,2028-12-31,2028-12-31,2026-02-01,36,0.0,0
PAIM-612786,"including maintenance, operations and AICMC at Kadapa Airport (Airport Authority of India [AAI]) (612786)",Infrastructure & Highways,Ministry of Civil Aviation,612786,Andhra Pradesh,3178.58,3178.58,1608.05,50.6,2022-03-01,2027-12-31,2028-12-31,2026-02-01,18,0.0,0
PAIM-701107,Airport. (Airport Authority of India [AAI]) (701107),Infrastructure & Highways,Ministry of Civil Aviation,701107,Andhra Pradesh,3497.77,3497.77,921.98,26.4,2023-03-01,2028-12-31,2027-12-31,2026-02-01,36,0.0,0
PAIM-701121,Construction of New  Domestic Terminal Building  at Rajahmundry Airport. (Airport Authority of India [AAI]) (701121),Infrastructure & Highways,Ministry of Civil Aviation,701121,Andhra Pradesh,3422.98,3422.98,1981.75,57.9,2023-03-01,2028-12-31,2029-12-31,2026-02-01,18,0.0,0
PAIM-612183,Development of New Civil Enclave at Bihta (Airport Authority of India [AAI]) (612183),Infrastructure & Highways,Ministry of Civil Aviation,612183,Bihar,1396.7,1396.7,880.38,63.0,2023-03-01,2027-12-31,2027-12-31,2026-02-01,24,0.0,0
PAIM-612194,Development of New Civil Enclave and associated works at Darbhanga Airport (Airport Authority of India [AAI]) (612194),Infrastructure & Highways,Ministry of Civil Aviation,612194,Bihar,620.05,620.05,241.7,39.0,2022-03-01,2026-12-31,2028-12-31,2026-02-01,0,0.0,0
PAIM-701101,"structures at JPNI Airport, Patna (Airport Authority of India [AAI]) (701101)",Infrastructure & Highways,Ministry of Civil Aviation,701101,Bihar,2308.92,2308.92,1003.75,43.5,2023-03-01,2027-12-31,2027-12-31,2026-02-01,0,0.0,0
PAIM-701105,Goa Airport Terminal Building Extension Project (Airport Authority of India [AAI]) (701105),Infrastructure & Highways,Ministry of Civil Aviation,701105,Gujarat,2326.49,2326.49,1394.56,59.9,2024-03-01,2027-12-31,2027-12-31,2026-02-01,18,0.0,0
PAIM-619054,Development of Keshod Airport. (Airport Authority of India [AAI]) (619054),Infrastructure & Highways,Ministry of Civil Aviation,619054,Gujarat,3187.92,3187.92,657.96,20.6,2023-03-01,2027-12-31,2027-12-31,2026-02-01,0,0.0,0
PAIM-701126,"Development of Dholera International Greenfield Airport , Gujarat (Airport Authority of India [AAI]) (701126)",Infrastructure & Highways,Ministry of Civil Aviation,701126,Gujarat,3828.57,3828.57,3001.68,78.4,2024-03-01,2028-12-31,2027-12-31,2026-02-01,36,0.0,0
PAIM-611047,works and electrical & mechanical installations towards Tawi River side at CA Jammu. (Airport Authority of India [AAI]) ,Infrastructure & Highways,Ministry of Civil Aviation,611047,Multi-State,3904.45,3904.45,1414.23,36.2,2022-03-01,2028-12-31,2027-12-31,2026-02-01,24,0.0,0
PAIM-612787,Airport (Airport Authority of India [AAI]) (612787),Infrastructure & Highways,Ministry of Civil Aviation,612787,Karnataka,1855.18,1855.18,689.76,37.2,2023-03-01,2027-12-31,2028-12-31,2026-02-01,12,0.0,0
PAIM-612788,Belagavi Airport. (Airport Authority of India [AAI]) (612788),Infrastructure & Highways,Ministry of Civil Aviation,612788,Karnataka,3789.7,3789.7,3163.77,83.5,2024-03-01,2026-12-31,2028-12-31,2026-02-01,18,0.0,0
PAIM-612789,works for additional RESA on either end on Runway 10-28 (Airport Authority of India [AAI]) (612789),Infrastructure & Highways,Ministry of Civil Aviation,612789,Multi-State,215.46,215.46,105.48,49.0,2024-03-01,2026-12-31,2029-12-31,2026-02-01,6,0.0,0
PAIM-400010,"Construction of Terminal Building & Associated works at Leh Airport, Ladakh (Airport Authority of India [AAI]) (400010)",Infrastructure & Highways,Ministry of Civil Aviation,400010,Multi-State,4140.38,4140.38,1400.23,33.8,2021-03-01,2028-12-31,2027-12-31,2026-02-01,36,0.0,0
PAIM-611570,"Navi Mumbai, Jewar [earlier MOPA, without ASMGCS], HIAL & BIAL (Airport Authority of India [AAI]) (611570)",Infrastructure & Highways,Ministry of Civil Aviation,611570,Maharashtra,3220.37,3220.37,1091.28,33.9,2024-03-01,2027-12-31,2029-12-31,2026-02-01,36,0.0,0
PAIM-618977,"Development of New Greenfield Airport at Bundi, Kota Rajasthan. (Airport Authority of India [AAI]) (618977)",Infrastructure & Highways,Ministry of Civil Aviation,618977,Rajasthan,1373.97,1373.97,239.72,17.4,2022-03-01,2026-12-31,2027-12-31,2026-02-01,0,0.0,0
PAIM-701127,Airport. (Airport Authority of India [AAI]) (701127),Infrastructure & Highways,Ministry of Civil Aviation,701127,Rajasthan,2451.63,2451.63,377.36,15.4,2021-03-01,2028-12-31,2028-12-31,2026-02-01,24,0.0,0
PAIM-701128,Construction of New Integrated Passenger Terminal Building at Udaipur Airport (Airport Authority of India [AAI]) (701128,Infrastructure & Highways,Ministry of Civil Aviation,701128,Rajasthan,238.13,238.13,31.92,13.4,2021-03-01,2027-12-31,2027-12-31,2026-02-01,6,0.0,0
PAIM-611602,"Modernization of Chennai Airport, Phase II, Part 2 (Airport Authority of India [AAI]) (611602)",Infrastructure & Highways,Ministry of Coal,611602,Tamil Nadu,4362.46,4362.46,1128.58,25.9,2023-03-01,2028-12-31,2028-12-31,2026-02-01,0,0.0,0
PAIM-701113,"Terminal Building, Apron Extension, Runway Extension, PTT and allied works. (Airport Authority of India [AAI]) (701113)",Infrastructure & Highways,Ministry of Coal,701113,Uttar Pradesh,1201.5,1201.5,563.3,46.9,2023-03-01,2027-12-31,2029-12-31,2026-02-01,18,0.0,0
PAIM-701122,Development of New Integrated Civil Enclave at Agra Airport (Airport Authority of India [AAI]) (701122),Infrastructure & Highways,Ministry of Coal,701122,Uttar Pradesh,208.61,208.61,132.0,63.3,2024-03-01,2026-12-31,2027-12-31,2026-02-01,36,0.0,0
PAIM-611495,Development of New Civil Enclave at Bagdogra Airport (Airport Authority of India [AAI]) (611495),Infrastructure & Highways,Ministry of Coal,611495,Uttar Pradesh,2446.36,2446.36,1264.89,51.7,2022-03-01,2026-12-31,2027-12-31,2026-02-01,12,0.0,0
PAIM-612791,Strengthening of C Taxiway at NSCBI Airport Kolkata. (Airport Authority of India [AAI]) (612791),Infrastructure & Highways,Ministry of Coal,612791,West Bengal,1164.48,1164.48,927.91,79.7,2022-03-01,2026-12-31,2028-12-31,2026-02-01,18,0.0,0
PAIM-400144,PORDA CHIMTAPANI OCP [10 MTY] (South Eastern Coalfields Limited [SECL]) (400144),Infrastructure & Highways,Ministry of Coal,400144,Assam,4086.18,4086.18,1809.54,44.3,2021-03-01,2027-12-31,2027-12-31,2026-02-01,12,0.0,0
PAIM-400149,BAROUD OC EXPANSION [3.0-10.0M (South Eastern Coalfields Limited [SECL]) (400149),Infrastructure & Highways,Ministry of Coal,400149,Multi-State,1428.42,1428.42,402.28,28.2,2022-03-01,2027-12-31,2027-12-31,2026-02-01,36,0.0,0
PAIM-400354,DIPKA EXPANSION OCP [40 MTY] (South Eastern Coalfields Limited [SECL]) (400354),Infrastructure & Highways,Ministry of Coal,400354,Multi-State,825.99,825.99,380.19,46.0,2024-03-01,2028-12-31,2028-12-31,2026-02-01,24,0.0,0
PAIM-400424,GEVRA OC [70 MTY] (South Eastern Coalfields Limited [SECL]) (400424),Infrastructure & Highways,Ministry of Coal,400424,Multi-State,1325.01,1325.01,676.21,51.0,2023-03-01,2028-12-31,2029-12-31,2026-02-01,18,0.0,0
PAIM-613798,AMERA OC RCE [1.0 MTY] (South Eastern Coalfields Limited [SECL]) (613798),Infrastructure & Highways,Ministry of Coal,613798,Multi-State,3535.82,3535.82,974.71,27.6,2022-03-01,2026-12-31,2028-12-31,2026-02-01,0,0.0,0
PAIM-613799,AMGAON OC RCE [1.0 MTY] (South Eastern Coalfields Limited [SECL]) (613799),Infrastructure & Highways,Ministry of Coal,613799,Multi-State,3814.67,3814.67,1283.05,33.6,2022-03-01,2026-12-31,2029-12-31,2026-02-01,12,0.0,0
PAIM-613800,JAGANNATHPUR OC RCE PROJECT (South Eastern Coalfields Limited [SECL]) (613800),Infrastructure & Highways,Ministry of Coal,613800,Multi-State,853.57,853.57,543.93,63.7,2021-03-01,2027-12-31,2029-12-31,2026-02-01,24,0.0,0
PAIM-613801,MAHAMAYA OCP [1.50 MTY] (South Eastern Coalfields Limited [SECL]) (613801),Infrastructure & Highways,Ministry of Coal,613801,Multi-State,3957.94,3957.94,2231.96,56.4,2024-03-01,2026-12-31,2027-12-31,2026-02-01,6,0.0,0
PAIM-615191,KATKONA RO UG MINE (South Eastern Coalfields Limited [SECL]) (615191),Infrastructure & Highways,Ministry of Coal,615191,Multi-State,1999.0,1999.0,478.79,24.0,2024-03-01,2028-12-31,2029-12-31,2026-02-01,18,0.0,0
PAIM-616234,PELMA OC MDO (South Eastern Coalfields Limited [SECL]) (616234),Infrastructure & Highways,Ministry of Coal,616234,Multi-State,1951.66,1951.66,867.61,44.5,2021-03-01,2028-12-31,2027-12-31,2026-02-01,0,0.0,0
PAIM-617287,KUSMUNDA OC EXPANSION PROJECT (SECL - CIL) (617287),Infrastructure & Highways,Ministry of Coal,617287,Multi-State,3643.26,3643.26,934.94,25.7,2023-03-01,2027-12-31,2029-12-31,2026-02-01,18,0.0,0
PAIM-617288,MANIKPUR OC EXPANSION PROJECT (South Eastern Coalfields Limited [SECL]) (617288),Infrastructure & Highways,Ministry of Coal,617288,Multi-State,3289.17,3289.17,2339.72,71.1,2023-03-01,2026-12-31,2029-12-31,2026-02-01,0,0.0,0
PAIM-400018,HURA C OCP (ECL - CIL) (400018),Infrastructure & Highways,Ministry of Coal,400018,Multi-State,2251.21,2251.21,1810.89,80.4,2022-03-01,2027-12-31,2027-12-31,2026-02-01,24,0.0,0
PAIM-400073,KONAR EXPANSION OCP (Ministry of Coal) (400073),Infrastructure & Highways,Ministry of Coal,400073,Multi-State,1383.85,1383.85,784.91,56.7,2021-03-01,2026-12-31,2027-12-31,2026-02-01,6,0.0,0
PAIM-400074,KARO EXPANSION OCP (Ministry of Coal) (400074),Infrastructure & Highways,Ministry of Coal,400074,Multi-State,4481.26,4481.26,2627.43,58.6,2021-03-01,2026-12-31,2027-12-31,2026-02-01,18,0.0,0
PAIM-400136,SANGHMITRA OC (Ministry of Coal) (400136),Infrastructure & Highways,Ministry of Coal,400136,Multi-State,3992.52,3992.52,2821.94,70.7,2024-03-01,2028-12-31,2027-12-31,2026-02-01,6,0.0,0
PAIM-400138,CHANDRAGUPT OCP (Ministry of Coal) (400138),Infrastructure & Highways,Ministry of Coal,400138,Multi-State,4395.41,4395.41,1237.79,28.2,2023-03-01,2026-12-31,2028-12-31,2026-02-01,24,0.0,0
PAIM-400139,KOTRE BASANTPUR PACHMO OCP (Ministry of Coal) (400139),Infrastructure & Highways,Ministry of Coal,400139,Multi-State,1428.57,1428.57,329.75,23.1,2021-03-01,2026-12-31,2028-12-31,2026-02-01,18,0.0,0
PAIM-400142,Pachwara South Coal Block (NLC India Limited [NLCIL]) (400142),Infrastructure & Highways,Ministry of Coal,400142,Multi-State,3696.3,3696.3,2096.13,56.7,2022-03-01,2028-12-31,2028-12-31,2026-02-01,0,0.0,0
PAIM-400150,RPR MAGADH EXP OCP (Ministry of Coal) (400150),Infrastructure & Highways,Ministry of Coal,400150,Multi-State,1129.84,1129.84,858.59,76.0,2022-03-01,2027-12-31,2028-12-31,2026-02-01,36,0.0,0
PAIM-400151,NORTH URIMARI EXPANSION OCP (Ministry of Coal) (400151),Infrastructure & Highways,Ministry of Coal,400151,Multi-State,4458.34,4458.34,637.86,14.3,2021-03-01,2027-12-31,2027-12-31,2026-02-01,12,0.0,0
PAIM-400153,EPR ROHINI - KARKETTA OCP (Ministry of Coal) (400153),Infrastructure & Highways,Ministry of Coal,400153,Multi-State,257.61,257.61,143.39,55.7,2021-03-01,2027-12-31,2027-12-31,2026-02-01,18,0.0,0
PAIM-400154,EPR PUNDI OCP (Ministry of Coal) (400154),Infrastructure & Highways,Ministry of Coal,400154,Multi-State,3883.33,3883.33,1887.35,48.6,2021-03-01,2026-12-31,2029-12-31,2026-02-01,6,0.0,0
PAIM-400155,EPR ASHOK OC (Ministry of Coal) (400155),Infrastructure & Highways,Ministry of Coal,400155,Multi-State,2966.11,2966.11,2142.09,72.2,2023-03-01,2026-12-31,2029-12-31,2026-02-01,18,0.0,0
PAIM-400156,EPR AMRAPALI OCP (Ministry of Coal) (400156),Infrastructure & Highways,Ministry of Coal,400156,Multi-State,4242.11,4242.11,1624.13,38.3,2023-03-01,2026-12-31,2029-12-31,2026-02-01,12,0.0,0
PAIM-400160,RAJRAPPA RCE OCP (Ministry of Coal) (400160),Infrastructure & Highways,Ministry of Coal,400160,Multi-State,2741.34,2741.34,1350.47,49.3,2021-03-01,2027-12-31,2028-12-31,2026-02-01,12,0.0,0
PAIM-400172,CHITRA EAST OC (Eastern Coal Fields Limited [ECL]) (400172),Infrastructure & Highways,Ministry of Coal,400172,Multi-State,595.66,595.66,248.38,41.7,2021-03-01,2026-12-31,2029-12-31,2026-02-01,36,0.0,0
PAIM-400352,JHARKHAND-LAIYO OCP (Ministry of Coal) (400352),Infrastructure & Highways,Ministry of Coal,400352,Multi-State,3970.39,3970.39,1516.1,38.2,2024-03-01,2028-12-31,2028-12-31,2026-02-01,36,0.0,0
PAIM-400425,MOONIDIH XV SEAM UG (Ministry of Coal) (400425),Infrastructure & Highways,Ministry of Coal,400425,Multi-State,3459.07,3459.07,2219.03,64.2,2024-03-01,2028-12-31,2028-12-31,2026-02-01,18,0.0,0
PAIM-611017,2.5 MTPA PATHERDIH NLW WASHERY (Ministry of Coal) (611017),Infrastructure & Highways,Ministry of Coal,611017,Multi-State,2334.86,2334.86,1692.94,72.5,2024-03-01,2028-12-31,2027-12-31,2026-02-01,0,0.0,0
PAIM-611864,AMALAGAMATED NTST KUJAMA OCP 8.5MTY (Ministry of Coal) (611864),Infrastructure & Highways,Ministry of Coal,611864,Multi-State,1697.75,1697.75,718.7,42.3,2021-03-01,2026-12-31,2029-12-31,2026-02-01,6,0.0,0
PAIM-613808,MURAIDIH UG PROJECT (Ministry of Coal) (613808),Infrastructure & Highways,Ministry of Coal,613808,Multi-State,1591.02,1591.02,459.84,28.9,2022-03-01,2028-12-31,2027-12-31,2026-02-01,18,0.0,0
PAIM-615349,TAPIN SOUTH EXPN (Ministry of Coal) (615349),Infrastructure & Highways,Ministry of Coal,615349,Multi-State,2841.18,2841.18,1799.02,63.3,2023-03-01,2028-12-31,2028-12-31,2026-02-01,0,0.0,0
PAIM-615822,SIRKA OC (Ministry of Coal) (615822),Infrastructure & Highways,Ministry of Coal,615822,Multi-State,823.45,823.45,476.32,57.8,2023-03-01,2026-12-31,2027-12-31,2026-02-01,36,0.0,0
PAIM-615843,TETARIAKHAR OC (Ministry of Coal) (615843),Infrastructure & Highways,Ministry of Coal,615843,Multi-State,1765.54,1765.54,520.48,29.5,2024-03-01,2026-12-31,2029-12-31,2026-02-01,18,0.0,0
PAIM-616225,CHUPERBHITA SIMLONG OCP MDO 6 (Eastern Coal Fields Limited [ECL]) (616225),Infrastructure & Highways,Ministry of Coal,616225,Multi-State,3609.45,3609.45,467.34,12.9,2023-03-01,2027-12-31,2028-12-31,2026-02-01,36,0.0,0
PAIM-616236,JARANGDIH EXPN. OCP 1.5 MTY (CCL - CIL) (616236),Infrastructure & Highways,Ministry of Coal,616236,Multi-State,1403.55,1403.55,553.36,39.4,2022-03-01,2027-12-31,2029-12-31,2026-02-01,36,0.0,0
PAIM-616253,BLOCK E OCP (Ministry of Coal) (616253),Infrastructure & Highways,Ministry of Coal,616253,Multi-State,233.26,233.26,187.51,80.4,2023-03-01,2026-12-31,2029-12-31,2026-02-01,12,0.0,0
PAIM-617416,affected families in Jharia Coalfield- Reg. (Bharat Coking Coal Limited [BCCL]) (617416),Infrastructure & Highways,Ministry of Coal,617416,Madhya Pradesh,1703.1,1703.1,447.7,26.3,2021-03-01,2027-12-31,2027-12-31,2026-02-01,6,0.0,0
PAIM-400148,AMADAND OCP[4.0MTY] (Ministry of Coal) (400148),Infrastructure & Highways,Ministry of Coal,400148,Madhya Pradesh,1526.11,1526.11,619.71,40.6,2023-03-01,2028-12-31,2029-12-31,2026-02-01,24,0.0,0
PAIM-400152,RAMPUR BATURA OCP [4.0MTY] (South Eastern Coalfields Limited [SECL]) (400152),Infrastructure & Highways,Ministry of Coal,400152,Madhya Pradesh,1881.31,1881.31,1324.34,70.4,2021-03-01,2026-12-31,2029-12-31,2026-02-01,12,0.0,0
PAIM-400162,BLOCK B EXPANSION  [3.5 TO 8.0 (Northern Coalfields Limited [NCL]) (400162),Infrastructure & Highways,Ministry of Coal,400162,Madhya Pradesh,2354.1,2354.1,1474.77,62.6,2021-03-01,2026-12-31,2027-12-31,2026-02-01,36,0.0,0
PAIM-400321,NIGAHI EXPANSION [15 TO 25 MTP (Northern Coalfields Limited [NCL]) (400321),Infrastructure & Highways,Ministry of Coal,400321,Madhya Pradesh,2360.93,2360.93,642.66,27.2,2021-03-01,2026-12-31,2029-12-31,2026-02-01,6,0.0,0
PAIM-613802,KANCHAN OC EXP (South Eastern Coalfields Limited [SECL]) (613802),Infrastructure & Highways,Ministry of Coal,613802,Madhya Pradesh,1444.49,1444.49,971.7,67.3,2024-03-01,2026-12-31,2029-12-31,2026-02-01,0,0.0,0
PAIM-613803,JHIRIA WEST OCP [1.5 MTY] (South Eastern Coalfields Limited [SECL]) (613803),Infrastructure & Highways,Ministry of Coal,613803,Madhya Pradesh,3360.76,3360.76,1833.66,54.6,2021-03-01,2027-12-31,2029-12-31,2026-02-01,24,0.0,0
PAIM-613804,RPR TAWA-III UG 0.84 MTY (Western Coalfields Limited [WCL]) (613804),Infrastructure & Highways,Ministry of Coal,613804,Madhya Pradesh,2648.33,2648.33,618.88,23.4,2022-03-01,2027-12-31,2029-12-31,2026-02-01,12,0.0,0
PAIM-615185,AMALGAMATED DHANKASA & JAMUNIA (Western Coalfields Limited [WCL]) (615185),Infrastructure & Highways,Ministry of Coal,615185,Madhya Pradesh,4365.19,4365.19,458.92,10.5,2024-03-01,2028-12-31,2028-12-31,2026-02-01,24,0.0,0
PAIM-615187,RPR OF VISHNUPURI UG TO OC (Western Coalfields Limited [WCL]) (615187),Infrastructure & Highways,Ministry of Coal,615187,Madhya Pradesh,1864.14,1864.14,1338.37,71.8,2023-03-01,2028-12-31,2028-12-31,2026-02-01,0,0.0,0
PAIM-615194,URDHAN EXPANSION OC COST PLUS (Western Coalfields Limited [WCL]) (615194),Infrastructure & Highways,Ministry of Coal,615194,Madhya Pradesh,982.86,982.86,529.24,53.8,2023-03-01,2028-12-31,2027-12-31,2026-02-01,36,0.0,0
PAIM-615195,SHARDA UG MINE (Western Coalfields Limited [WCL]) (615195),Infrastructure & Highways,Ministry of Coal,615195,Madhya Pradesh,4014.45,4014.45,532.24,13.3,2023-03-01,2028-12-31,2028-12-31,2026-02-01,18,0.0,0
PAIM-615206,GANDHIGRAM UG MINE (Western Coalfields Limited [WCL]) (615206),Infrastructure & Highways,Ministry of Coal,615206,Madhya Pradesh,702.49,702.49,529.83,75.4,2024-03-01,2026-12-31,2028-12-31,2026-02-01,24,0.0,0
PAIM-619032,JAYANT EXPN. [20 TO 38 MTPA] (Northern Coalfields Limited [NCL]) (619032),Infrastructure & Highways,Ministry of Coal,619032,Madhya Pradesh,4108.81,4108.81,2592.37,63.1,2022-03-01,2027-12-31,2028-12-31,2026-02-01,18,0.0,0
PAIM-619053,RPR FOR RAMPUR BATURA OCP (SECL - CIL) (619053),Infrastructure & Highways,Ministry of Coal,619053,Maharashtra,3729.78,3729.78,2206.73,59.2,2021-03-01,2026-12-31,2027-12-31,2026-02-01,18,0.0,0
PAIM-400033,BHATADI EXPANSION OC (Western Coalfields Limited [WCL]) (400033),Infrastructure & Highways,Ministry of Coal,400033,Maharashtra,4111.04,4111.04,2479.38,60.3,2021-03-01,2026-12-31,2028-12-31,2026-02-01,24,0.0,0
PAIM-400177,AMALGAMATED YEKONA I & YEKONA (Western Coalfields Limited [WCL]) (400177),Infrastructure & Highways,Ministry of Coal,400177,Maharashtra,1987.07,1987.07,331.67,16.7,2024-03-01,2027-12-31,2028-12-31,2026-02-01,18,0.0,0
PAIM-400178,DINESH[MAKARDHOKRA-III] OC (Western Coalfields Limited [WCL]) (400178),Infrastructure & Highways,Ministry of Coal,400178,Maharashtra,1241.74,1241.74,761.3,61.3,2022-03-01,2028-12-31,2029-12-31,2026-02-01,0,0.0,0
PAIM-400353,DHUPTALA OC [SASTI UG TO OC ] (Western Coalfields Limited [WCL]) (400353),Infrastructure & Highways,Ministry of Coal,400353,Maharashtra,1165.64,1165.64,481.97,41.3,2021-03-01,2027-12-31,2027-12-31,2026-02-01,12,0.0,0
PAIM-615184,SAONER UG MINE -1 EXPANSION 1. (Western Coalfields Limited [WCL]) (615184),Infrastructure & Highways,Ministry of Coal,615184,Maharashtra,4108.27,4108.27,1237.38,30.1,2021-03-01,2027-12-31,2028-12-31,2026-02-01,36,0.0,0
PAIM-615186,SASTI  EXPANSION OPENCAST (Western Coalfields Limited [WCL]) (615186),Infrastructure & Highways,Ministry of Coal,615186,Maharashtra,1166.9,1166.9,499.61,42.8,2023-03-01,2027-12-31,2029-12-31,2026-02-01,24,0.0,0
PAIM-615188,NEW MAJRI UG TO OC 3 MTY COST (Western Coalfields Limited [WCL]) (615188),Infrastructure & Highways,Ministry of Coal,615188,Maharashtra,3203.28,3203.28,1112.36,34.7,2024-03-01,2026-12-31,2027-12-31,2026-02-01,6,0.0,0
PAIM-615189,MAKARDHOKRA EXPN OC 4.9 MTY (Western Coalfields Limited [WCL]) (615189),Infrastructure & Highways,Ministry of Coal,615189,Maharashtra,925.2,925.2,288.32,31.2,2021-03-01,2026-12-31,2027-12-31,2026-02-01,6,0.0,0
PAIM-615190,SINGHORI DEEP OC MIN 2.0 MTY (Western Coalfields Limited [WCL]) (615190),Infrastructure & Highways,Ministry of Coal,615190,Maharashtra,3559.92,3559.92,561.5,15.8,2022-03-01,2026-12-31,2029-12-31,2026-02-01,0,0.0,0
PAIM-615192,GOKUL EXTENSION OC MINE (Western Coalfields Limited [WCL]) (615192),Infrastructure & Highways,Ministry of Coal,615192,Maharashtra,3341.7,3341.7,1800.86,53.9,2021-03-01,2028-12-31,2028-12-31,2026-02-01,36,0.0,0
PAIM-615199,KOLGAON EXPANSION DEEP OC MINE (Western Coalfields Limited [WCL]) (615199),Infrastructure & Highways,Ministry of Coal,615199,Maharashtra,2336.17,2336.17,520.3,22.3,2021-03-01,2026-12-31,2027-12-31,2026-02-01,6,0.0,0
PAIM-615330,BALLARPUR NORTH WEST OC MINE (Western Coalfields Limited [WCL]) (615330),Infrastructure & Highways,Ministry of Coal,615330,Maharashtra,2476.35,2476.35,1279.77,51.7,2023-03-01,2027-12-31,2029-12-31,2026-02-01,36,0.0,0
PAIM-615331,GADEGAON OC 3 MTY (Western Coalfields Limited [WCL]) (615331),Infrastructure & Highways,Ministry of Coal,615331,Maharashtra,1706.21,1706.21,455.87,26.7,2021-03-01,2028-12-31,2028-12-31,2026-02-01,12,0.0,0
PAIM-615914,GHONSA EXPANSION DEEP OC MINE (Western Coalfields Limited [WCL]) (615914),Infrastructure & Highways,Ministry of Coal,615914,Maharashtra,3367.78,3367.78,1810.36,53.8,2023-03-01,2028-12-31,2027-12-31,2026-02-01,6,0.0,0
PAIM-615916,AMLG GAURI PAUNI EXPANSION OC (Western Coalfields Limited [WCL]) (615916),Infrastructure & Highways,Ministry of Coal,615916,Maharashtra,2885.27,2885.27,2356.9,81.7,2023-03-01,2027-12-31,2029-12-31,2026-02-01,18,0.0,0
PAIM-615917,GAURIDEEP/GAURI CENTRAL OCP 7. (Western Coalfields Limited [WCL]) (615917),Infrastructure & Highways,Ministry of Coal,615917,Maharashtra,1948.99,1948.99,462.14,23.7,2022-03-01,2027-12-31,2028-12-31,2026-02-01,6,0.0,0
PAIM-615918,RPR OF BHANEGAON OC (Western Coalfields Limited [WCL]) (615918),Infrastructure & Highways,Ministry of Coal,615918,Maharashtra,974.72,974.72,575.72,59.1,2023-03-01,2026-12-31,2028-12-31,2026-02-01,12,0.0,0
PAIM-615919,N. EXTN. MUNGOLI NIRGUDA D OCP (Western Coalfields Limited [WCL]) (615919),Infrastructure & Highways,Ministry of Coal,615919,Maharashtra,2532.86,2532.86,1460.87,57.7,2024-03-01,2026-12-31,2029-12-31,2026-02-01,18,0.0,0
PAIM-615982,NILJAI EXPANSION DEEP  OCP (Western Coalfields Limited [WCL]) (615982),Infrastructure & Highways,Ministry of Coal,615982,Maharashtra,1772.56,1772.56,573.54,32.4,2022-03-01,2028-12-31,2028-12-31,2026-02-01,36,0.0,0
PAIM-616044,UKNI DEEP OC MINE -COST PLUS (Western Coalfields Limited [WCL]) (616044),Infrastructure & Highways,Ministry of Coal,616044,Maharashtra,2304.07,2304.07,575.15,25.0,2023-03-01,2028-12-31,2029-12-31,2026-02-01,6,0.0,0
PAIM-616050,AMALGAMATED INDER-KAMPTEE DEEP (Western Coalfields Limited [WCL]) (616050),Infrastructure & Highways,Ministry of Coal,616050,Maharashtra,3350.88,3350.88,943.86,28.2,2024-03-01,2026-12-31,2028-12-31,2026-02-01,18,0.0,0
PAIM-616223,ADASA UG TO OC MINE (Western Coalfields Limited [WCL]) (616223),Infrastructure & Highways,Ministry of Coal,616223,Maharashtra,3426.27,3426.27,1306.1,38.1,2023-03-01,2026-12-31,2028-12-31,2026-02-01,24,0.0,0
PAIM-616229,AMAL GONDEGAON GHATROHANA EXPN (Western Coalfields Limited [WCL]) (616229),Infrastructure & Highways,Ministry of Coal,616229,Maharashtra,1128.89,1128.89,730.65,64.7,2023-03-01,2026-12-31,2029-12-31,2026-02-01,12,0.0,0
PAIM-617233,WAGHODA UG MINE [1.02 MTY] (Western Coalfields Limited [WCL]) (617233),Infrastructure & Highways,Ministry of Coal,617233,Maharashtra,3302.43,3302.43,2522.17,76.4,2022-03-01,2027-12-31,2028-12-31,2026-02-01,18,0.0,0
PAIM-617278,KOLARPIMPRI EXPANSION OC [2.5 (Western Coalfields Limited [WCL]) (617278),Infrastructure & Highways,Ministry of Coal,617278,Maharashtra,838.37,838.37,477.43,56.9,2022-03-01,2027-12-31,2028-12-31,2026-02-01,18,0.0,0
PAIM-619055,SAONER-III EXPN UG MINE 1.54 (Western Coalfields Limited [WCL]) (619055),Infrastructure & Highways,Ministry of Coal,619055,Maharashtra,3405.6,3405.6,1710.86,50.2,2022-03-01,2028-12-31,2028-12-31,2026-02-01,6,0.0,0
PAIM-400313,Master Plan for Jharia and Raniganj Coalfields (Bharat Coking Coal Limited [BCCL]) (400313),Infrastructure & Highways,Ministry of Coal,400313,Maharashtra,3780.5,3780.5,1483.76,39.2,2022-03-01,2028-12-31,2028-12-31,2026-02-01,12,0.0,0
PAIM-400369,BINA KAKRI AMALGAMATION EXPANS (Northern Coalfields Limited [NCL]) (400369),Infrastructure & Highways,Ministry of Coal,400369,Uttar Pradesh,3421.96,3421.96,900.62,26.3,2023-03-01,2027-12-31,2028-12-31,2026-02-01,18,0.0,0
PAIM-615183,KHADIA EXPANSION [10 TO 16 MTP (Northern Coalfields Limited [NCL]) (615183),Infrastructure & Highways,Ministry of Coal,615183,Uttar Pradesh,3349.48,3349.48,2073.9,61.9,2024-03-01,2027-12-31,2029-12-31,2026-02-01,18,0.0,0
PAIM-400165,SUBHADRA OCP (Mahanadi Coalfields Limited [MCL]) (400165),Infrastructure & Highways,Ministry of Coal,400165,Odisha,2035.11,2035.11,731.0,35.9,2024-03-01,2028-12-31,2029-12-31,2026-02-01,0,0.0,0
PAIM-400166,SIARMAL OCP (Mahanadi Coalfields Limited [MCL]) (400166),Infrastructure & Highways,Ministry of Coal,400166,Odisha,273.61,273.61,152.74,55.8,2023-03-01,2027-12-31,2027-12-31,2026-02-01,12,0.0,0
PAIM-400183,BALARAM EXPANSION OCP (Mahanadi Coalfields Limited [MCL]) (400183),Infrastructure & Highways,Ministry of Coal,400183,Odisha,2079.95,2079.95,545.47,26.2,2024-03-01,2026-12-31,2027-12-31,2026-02-01,6,0.0,0
PAIM-400185,GOPALJI KANIHA OCP [10 TO 30 M (MCL - CIL) (400185),Infrastructure & Highways,Ministry of Coal,400185,Odisha,4461.52,4461.52,1352.61,30.3,2022-03-01,2028-12-31,2027-12-31,2026-02-01,36,0.0,0
PAIM-400187,INTEGRATED LAKHANPUR-BELPAHAR- (Mahanadi Coalfields Limited [MCL]) (400187),Infrastructure & Highways,Ministry of Coal,400187,Odisha,3036.28,3036.28,1983.67,65.3,2024-03-01,2028-12-31,2027-12-31,2026-02-01,18,0.0,0
PAIM-400392,BHARATPUR RE-ORGANIZATION OCP (Mahanadi Coalfields Limited [MCL]) (400392),Infrastructure & Highways,Ministry of Coal,400392,Odisha,3699.78,3699.78,2474.19,66.9,2022-03-01,2028-12-31,2029-12-31,2026-02-01,6,0.0,0
PAIM-615193,BASUNDHARA WEST EXTENSION OPEN (MCL - CIL) (615193),Infrastructure & Highways,Ministry of Coal,615193,Odisha,222.52,222.52,33.59,15.1,2023-03-01,2028-12-31,2027-12-31,2026-02-01,18,0.0,0
PAIM-615857,Naini Coal Mine (Singareni Collieries Company Limited [SCCL]) (615857),Infrastructure & Highways,Ministry of Coal,615857,Odisha,1582.71,1582.71,752.95,47.6,2022-03-01,2027-12-31,2029-12-31,2026-02-01,6,0.0,0
PAIM-616226,INTEGRATED KULDA GARJANBAHAL O (Mahanadi Coalfields Limited [MCL]) (616226),Infrastructure & Highways,Ministry of Coal,616226,Odisha,1742.36,1742.36,1026.54,58.9,2024-03-01,2028-12-31,2028-12-31,2026-02-01,0,0.0,0
PAIM-616231,BHUBANESWARI EXPN OCP 50 MTY (MCL - CIL) (616231),Infrastructure & Highways,Ministry of Coal,616231,Odisha,4319.34,4319.34,2268.1,52.5,2023-03-01,2026-12-31,2029-12-31,2026-02-01,12,0.0,0
PAIM-616232,HINGULA II OC EXPN PH III 15 M (MCL - CIL) (616232),Infrastructure & Highways,Ministry of Coal,616232,Odisha,1991.79,1991.79,1470.32,73.8,2024-03-01,2028-12-31,2028-12-31,2026-02-01,0,0.0,0
PAIM-616233,BALABHADRA OCP (MCL - CIL) (616233),Infrastructure & Highways,Ministry of Coal,616233,Odisha,3923.43,3923.43,2778.2,70.8,2022-03-01,2026-12-31,2029-12-31,2026-02-01,12,0.0,0
PAIM-618982,Talabira II & III OCP - FMC (NLC India Limited [NLCIL]) (618982),Infrastructure & Highways,Ministry of Coal,618982,Odisha,476.69,476.69,318.95,66.9,2022-03-01,2027-12-31,2027-12-31,2026-02-01,18,0.0,0
PAIM-615818,Jawahar Khani Open Cast Mine (Singareni Collieries Company Limited [SCCL]) (615818),Infrastructure & Highways,Ministry of Coal,615818,Odisha,794.11,794.11,247.04,31.1,2022-03-01,2026-12-31,2027-12-31,2026-02-01,0,0.0,0
PAIM-615858,Kalyanikhani Opencast Project (Singareni Collieries Company Limited [SCCL]) (615858),Infrastructure & Highways,Ministry of Coal,615858,Telangana,4033.27,4033.27,1635.27,40.5,2021-03-01,2026-12-31,2028-12-31,2026-02-01,36,0.0,0
PAIM-615860,Godavarikhani Coal Mine - 5 (Singareni Collieries Company Limited [SCCL]) (615860),Infrastructure & Highways,Ministry of Coal,615860,Telangana,4448.03,4448.03,2598.95,58.4,2022-03-01,2028-12-31,2028-12-31,2026-02-01,12,0.0,0
PAIM-615861,Indaram Opencast Project (Singareni Collieries Company Limited [SCCL]) (615861),Infrastructure & Highways,Ministry of Coal,615861,Telangana,3729.28,3729.28,3076.49,82.5,2021-03-01,2027-12-31,2029-12-31,2026-02-01,18,0.0,0
PAIM-615862,Goleti Opencast Mine (Singareni Collieries Company Limited [SCCL]) (615862),Infrastructure & Highways,Ministry of Coal,615862,Telangana,2013.25,2013.25,756.24,37.6,2021-03-01,2028-12-31,2028-12-31,2026-02-01,12,0.0,0
PAIM-615863,Venkatesh Khani Coal Mine (Singareni Collieries Company Limited [SCCL]) (615863),Infrastructure & Highways,Ministry of Coal,615863,Telangana,2820.89,2820.89,1766.31,62.6,2021-03-01,2026-12-31,2028-12-31,2026-02-01,12,0.0,0
PAIM-615865,Kakatiyakhani OC - 2 Project (Singareni Collieries Company Limited [SCCL]) (615865),Infrastructure & Highways,Ministry of Coal,615865,Telangana,261.3,261.3,152.22,58.3,2021-03-01,2027-12-31,2028-12-31,2026-02-01,36,0.0,0
PAIM-400173,MOHANPUR EXPANSION OC -PHASE I (Eastern Coal Fields Limited [ECL]) (400173),Infrastructure & Highways,Ministry of Coal,400173,West Bengal,3430.07,3430.07,370.27,10.8,2021-03-01,2027-12-31,2028-12-31,2026-02-01,36,0.0,0
PAIM-400180,BONJEMEHARI EXPANSION OCP (Eastern Coal Fields Limited [ECL]) (400180),Infrastructure & Highways,Ministry of Coal,400180,West Bengal,4422.95,4422.95,3171.84,71.7,2023-03-01,2026-12-31,2027-12-31,2026-02-01,36,0.0,0
PAIM-400181,NAKRAKONDA KUMARDIH- B OCP (Eastern Coal Fields Limited [ECL]) (400181),Infrastructure & Highways,Ministry of Coal,400181,West Bengal,870.46,870.46,181.24,20.8,2021-03-01,2027-12-31,2027-12-31,2026-02-01,6,0.0,0
PAIM-400182,SIDULI [OC & UG] (ECL - CIL) (400182),Infrastructure & Highways,Ministry of Coal,400182,West Bengal,3038.05,3038.05,1773.15,58.4,2022-03-01,2027-12-31,2028-12-31,2026-02-01,24,0.0,0
PAIM-400186,TILABONI UG (Eastern Coal Fields Limited [ECL]) (400186),Infrastructure & Highways,Ministry of Coal,400186,West Bengal,3758.38,3758.38,2263.38,60.2,2021-03-01,2027-12-31,2027-12-31,2026-02-01,24,0.0,0
PAIM-400312,JHANJRA EXPANSION UG (Eastern Coal Fields Limited [ECL]) (400312),Infrastructure & Highways,Ministry of Coal,400312,West Bengal,4318.61,4318.61,3189.91,73.9,2023-03-01,2028-12-31,2029-12-31,2026-02-01,6,0.0,0
PAIM-400315,SONEPUR BAZARI EXPANSION OCP [ (Eastern Coal Fields Limited [ECL]) (400315),Infrastructure & Highways,Ministry of Coal,400315,West Bengal,397.96,397.96,293.08,73.6,2021-03-01,2027-12-31,2027-12-31,2026-02-01,36,0.0,0
PAIM-611016,2.0 MTPA BHOJUDIH NLW WASHERY (Ministry of Coal) (611016),Infrastructure & Highways,Ministry of Coal,611016,West Bengal,3976.42,3976.42,1347.51,33.9,2024-03-01,2026-12-31,2027-12-31,2026-02-01,0,0.0,0
PAIM-612816,ITAPARA OCP (Eastern Coal Fields Limited [ECL]) (612816),Infrastructure & Highways,Ministry of Coal,612816,West Bengal,4489.21,4489.21,3369.88,75.1,2021-03-01,2028-12-31,2027-12-31,2026-02-01,24,0.0,0
PAIM-613793,SHYAMSUNDARPUR UG INCLUDING SA (Eastern Coal Fields Limited [ECL]) (613793),Infrastructure & Highways,Ministry of Coal,613793,West Bengal,477.78,477.78,356.74,74.7,2024-03-01,2026-12-31,2028-12-31,2026-02-01,18,0.0,0
PAIM-613794,PARASEA-BELBAID UG PROJECT (Eastern Coal Fields Limited [ECL]) (613794),Infrastructure & Highways,Ministry of Coal,613794,West Bengal,394.67,394.67,168.54,42.7,2023-03-01,2027-12-31,2029-12-31,2026-02-01,6,0.0,0
PAIM-616230,PARASCOLE JAMBAD OCP (Eastern Coal Fields Limited [ECL]) (616230),Infrastructure & Highways,Ministry of Coal,616230,West Bengal,3118.79,3118.79,1221.05,39.2,2021-03-01,2026-12-31,2028-12-31,2026-02-01,0,0.0,0
PAIM-617299,50 MW Wind Power Project (NLC India Limited [NLCIL]) (617299),Infrastructure & Highways,Ministry of Coal,617299,Gujarat,1314.94,1314.94,526.83,40.1,2024-03-01,2026-12-31,2027-12-31,2026-02-01,36,0.0,0
PAIM-617730,600 MW Khavda Solar Power Project (NLC India Limited [NLCIL]) (617730),Infrastructure & Highways,Ministry of Coal,617730,Gujarat,3621.87,3621.87,692.93,19.1,2023-03-01,2028-12-31,2029-12-31,2026-02-01,0,0.0,0
PAIM-618991,200 MW SPP part of 510 MW CPSU scheme (NLC India Limited [NLCIL]) (618991),Infrastructure & Highways,Ministry of Coal,618991,Gujarat,4118.1,4118.1,3102.41,75.3,2024-03-01,2028-12-31,2028-12-31,2026-02-01,24,0.0,0
PAIM-618992,100 MW SPP part of SECI 150 MW Hybrid (NLC India Limited [NLCIL]) (618992),Infrastructure & Highways,Ministry of Coal,618992,Odisha,2090.7,2090.7,491.16,23.5,2021-03-01,2026-12-31,2028-12-31,2026-02-01,18,0.0,0
PAIM-400231,NLC Talabira Thermal Power Project (NLC India Limited [NLCIL]) (400231),Infrastructure & Highways,Ministry of Coal,400231,Odisha,416.97,416.97,197.81,47.4,2022-03-01,2027-12-31,2027-12-31,2026-02-01,24,0.0,0
PAIM-612819,300 MW SPP part of 510 MW CPSU scheme (NLC India Limited [NLCIL]) (612819),Infrastructure & Highways,Ministry of Coal,612819,Odisha,697.89,697.89,447.89,64.2,2024-03-01,2028-12-31,2029-12-31,2026-02-01,12,0.0,0
PAIM-615327,50 MW Solar PP Minedout Area (NLC India Limited [NLCIL]) (615327),Infrastructure & Highways,Ministry of Coal,615327,Tamil Nadu,418.08,418.08,226.33,54.1,2021-03-01,2028-12-31,2027-12-31,2026-02-01,6,0.0,0
PAIM-400259,Ghatampur Thermal Power Plant 3 X 660 MW (NLC India Limited [NLCIL]) (400259),Infrastructure & Highways,Ministry of Coal,400259,Tamil Nadu,3139.61,3139.61,1341.02,42.7,2021-03-01,2026-12-31,2029-12-31,2026-02-01,0,0.0,0
PAIM-400203,Dharamjaigarh-Korba (Railway) (400203),Infrastructure & Highways,Ministry of Coal,400203,Uttar Pradesh,1727.08,1727.08,387.26,22.4,2024-03-01,2026-12-31,2029-12-31,2026-02-01,12,0.0,0
PAIM-400416,line] (Ministry of Coal) (400416),Infrastructure & Highways,Ministry of Coal,400416,Multi-State,1409.14,1409.14,642.32,45.6,2022-03-01,2028-12-31,2028-12-31,2026-02-01,36,0.0,0
PAIM-400192,Tubed Coal Mine (Damodar Valley Corporation) (400192),Infrastructure & Highways,Ministry of Coal,400192,Multi-State,1223.17,1223.17,502.35,41.1,2024-03-01,2027-12-31,2029-12-31,2026-02-01,12,0.0,0
PAIM-603293,Badam Coal Mining project of NTPC (National Thermal Power Corporation [NTPC]) (603293),Infrastructure & Highways,Ministry of Coal,603293,Multi-State,2923.63,2923.63,2155.1,73.7,2024-03-01,2027-12-31,2028-12-31,2026-02-01,12,0.0,0
PAIM-602579,Buxar Thermal Power Project [1320 MW] (Satluj Jal Vidyut Nigam [SJVN] Thermal Limited) (602579),Infrastructure & Highways,Ministry of Coal,602579,Bihar,1247.24,1247.24,155.6,12.5,2021-03-01,2028-12-31,2027-12-31,2026-02-01,0,0.0,0
PAIM-619051,"Nabinagar Super Thermal Power Project, Stage-II [3x800 MW] (National Thermal Power Corporation [NTPC]) (619051)",Infrastructure & Highways,Ministry of Coal,619051,Bihar,971.29,971.29,678.43,69.8,2023-03-01,2026-12-31,2027-12-31,2026-02-01,24,0.0,0
PAIM-611930,Lara Super Thermal Power Project Stage-II [2 x 800 MW] (National Thermal Power Corporation [NTPC]) (611930),Infrastructure & Highways,Ministry of Coal,611930,Bihar,4368.18,4368.18,1997.68,45.7,2022-03-01,2026-12-31,2028-12-31,2026-02-01,18,0.0,0
PAIM-617188,"Sipat Super Thermal Power Project, Stage-III [1x800 MW] (National Thermal Power Corporation [NTPC]) (617188)",Infrastructure & Highways,Ministry of Coal,617188,Gujarat,1075.99,1075.99,746.65,69.4,2024-03-01,2026-12-31,2029-12-31,2026-02-01,6,0.0,0
PAIM-709747,Bagodara Solar Power Project (Satluj Jal Vidyut Nigam [SJVN] Thermal Limited) (709747),Infrastructure & Highways,Ministry of Coal,709747,Gujarat,2969.99,2969.99,1800.24,60.6,2024-03-01,2028-12-31,2029-12-31,2026-02-01,6,0.0,0
PAIM-602582,Dhaulasidh Hydro Electric Project [66 MW] (Satluj Jal Vidyut Nigam [SJVN] Thermal Limited) (602582),Infrastructure & Highways,Ministry of Coal,602582,Gujarat,4188.27,4188.27,2988.42,71.4,2021-03-01,2026-12-31,2027-12-31,2026-02-01,18,0.0,0
PAIM-602593,Luhri Stage-I Hydro Electric Project [210 MW] (Satluj Jal Vidyut Nigam [SJVN] Thermal Limited) (602593),Infrastructure & Highways,Ministry of Coal,602593,Multi-State,460.74,460.74,164.94,35.8,2024-03-01,2028-12-31,2028-12-31,2026-02-01,0,0.0,0
PAIM-602633,382 MW Sunni Dam HEP (Satluj Jal Vidyut Nigam [SJVN] Thermal Limited) (602633),Infrastructure & Highways,Ministry of Coal,602633,Multi-State,1271.84,1271.84,439.75,34.6,2023-03-01,2028-12-31,2027-12-31,2026-02-01,24,0.0,0
PAIM-611586,Sunni Dam Hydro Electric Project [382 MW] (Satluj Jal Vidyut Nigam [SJVN] Thermal Limited) (611586),Infrastructure & Highways,Ministry of Coal,611586,Multi-State,3616.81,3616.81,1000.31,27.7,2024-03-01,2027-12-31,2029-12-31,2026-02-01,12,0.0,0
PAIM-602525,"Pakal Dul [Drangdhuran] Hydroelectric Project, 1000 MW (National Hydroelectric Power Corporation Limited [NHPC]) (602525",Infrastructure & Highways,Ministry of Coal,602525,Multi-State,3773.75,3773.75,1734.27,46.0,2022-03-01,2028-12-31,2027-12-31,2026-02-01,24,0.0,0
PAIM-602532,Kiru HE Project (National Hydroelectric Power Corporation Limited [NHPC]) (602532),Infrastructure & Highways,Ministry of Coal,602532,Multi-State,1269.28,1269.28,825.59,65.0,2024-03-01,2028-12-31,2027-12-31,2026-02-01,6,0.0,0
PAIM-602535,"Ratle HE Project - 850 MW, Ratle Hydroelectric Power Corporation Limited. (National Hydroelectric Power Corporation Limi",Infrastructure & Highways,Ministry of Coal,602535,Multi-State,4465.72,4465.72,1014.68,22.7,2023-03-01,2027-12-31,2027-12-31,2026-02-01,18,0.0,0
PAIM-605155,Kwar HE Project (National Hydroelectric Power Corporation Limited [NHPC]) (605155),Infrastructure & Highways,Ministry of Coal,605155,Multi-State,964.41,964.41,786.63,81.6,2022-03-01,2027-12-31,2027-12-31,2026-02-01,36,0.0,0
PAIM-400261,Patratu Thermal Power Station Expansion Project Phase-I [3x800 MW] (National Thermal Power Corporation [NTPC]) (400261),Infrastructure & Highways,Ministry of Coal,400261,Multi-State,3290.66,3290.66,499.3,15.2,2021-03-01,2028-12-31,2027-12-31,2026-02-01,24,0.0,0
PAIM-611509,"Koderma Thermal Power Station Phase II [2X800 MW] At Koderma, Jharkhand (Damodar Valley Corporation) (611509)",Infrastructure & Highways,Ministry of Coal,611509,Multi-State,3989.19,3989.19,1602.57,40.2,2021-03-01,2027-12-31,2027-12-31,2026-02-01,0,0.0,0
PAIM-618976,"Gadarwara Super Thermal Power Project, Stage-II [2x800 MW] (National Thermal Power Corporation [NTPC]) (618976)",Infrastructure & Highways,Ministry of Coal,618976,Madhya Pradesh,956.85,956.85,378.65,39.6,2024-03-01,2026-12-31,2028-12-31,2026-02-01,24,0.0,0
PAIM-602961,Talcher Thermal Power Station Stage III [2 x 660 MW] Expansion (National Thermal Power Corporation [NTPC]) (602961),Infrastructure & Highways,Ministry of Coal,602961,Odisha,1849.46,1849.46,361.73,19.6,2024-03-01,2028-12-31,2027-12-31,2026-02-01,24,0.0,0
PAIM-612142,"Singrauli Super Thermal Power Project, Stage-III [2x800 MW] (National Thermal Power Corporation [NTPC]) (612142)",Infrastructure & Highways,Ministry of Coal,612142,Uttar Pradesh,4355.67,4355.67,1881.16,43.2,2023-03-01,2027-12-31,2029-12-31,2026-02-01,18,0.0,0
PAIM-602185,Tapovan-Vishnugad HEP [4x130 MW] (National Thermal Power Corporation [NTPC]) (602185),Infrastructure & Highways,Ministry of Coal,602185,Uttar Pradesh,1624.37,1624.37,381.58,23.5,2023-03-01,2027-12-31,2029-12-31,2026-02-01,36,0.0,0
PAIM-602193,Tehri Pumped Storage Plant Project [4x250 MW] (THDC India Limited) (602193),Infrastructure & Highways,Ministry of Coal,602193,Multi-State,423.74,423.74,272.75,64.4,2023-03-01,2027-12-31,2029-12-31,2026-02-01,18,0.0,0
PAIM-602195,Vishnugad Pipalkoti Hydro Electric Project [444 MW] (THDC India Limited) (602195),Infrastructure & Highways,Ministry of Coal,602195,West Bengal,3586.83,3586.83,1941.97,54.1,2022-03-01,2027-12-31,2029-12-31,2026-02-01,0,0.0,0
PAIM-400062,West Bengal (Damodar Valley Corporation) (400062),Infrastructure & Highways,Ministry of Coal,400062,West Bengal,854.88,854.88,559.52,65.5,2021-03-01,2026-12-31,2028-12-31,2026-02-01,24,0.0,0
PAIM-602184,Rammam-III HEPP [3x40 MW] (National Thermal Power Corporation [NTPC]) (602184),Infrastructure & Highways,Ministry of Coal,602184,West Bengal,633.71,633.71,298.4,47.1,2021-03-01,2026-12-31,2027-12-31,2026-02-01,36,0.0,0
PAIM-602538,Installation of FGD for 4x210 & 2x250 MW MTPS U 1-6 (Damodar Valley Corporation) (602538),Infrastructure & Highways,Ministry of Coal,602538,West Bengal,446.15,446.15,205.86,46.1,2024-03-01,2026-12-31,2029-12-31,2026-02-01,12,0.0,0
PAIM-611967,1000MW (Power Grid Corporation of India Limited [POWERGRID]) (611967),Infrastructure & Highways,Ministry of Coal,611967,Andhra Pradesh,3994.31,3994.31,597.61,15.0,2024-03-01,2027-12-31,2029-12-31,2026-02-01,36,0.0,0
PAIM-612856,New Substation (Power Grid Corporation of India Limited [POWERGRID]) (612856),Infrastructure & Highways,Ministry of Coal,612856,Andhra Pradesh,1054.04,1054.04,690.48,65.5,2023-03-01,2027-12-31,2029-12-31,2026-02-01,36,0.0,0
PAIM-617183,generation projects [POWERGRID Kurnool III PS RE Transmission Limited] (Power Grid Corporation of India Limited [POWERGR,Infrastructure & Highways,Ministry of Coal,617183,Andhra Pradesh,4378.11,4378.11,2527.8,57.7,2023-03-01,2027-12-31,2029-12-31,2026-02-01,36,0.0,0
PAIM-612139,park under Phase-III Part B [Vataman Transmission Limited] (Power Grid Corporation of India Limited [POWERGRID]) (612139,Infrastructure & Highways,Ministry of Coal,612139,Gujarat,2904.76,2904.76,1853.03,63.8,2024-03-01,2027-12-31,2028-12-31,2026-02-01,12,0.0,0
PAIM-612151,in Khavda Area of Gujarat under Phase IV [7 GW] Part E3 (Power Grid Corporation of India Limited [POWERGRID]) (612151),Infrastructure & Highways,Ministry of Coal,612151,Gujarat,3779.97,3779.97,1687.69,44.6,2023-03-01,2027-12-31,2027-12-31,2026-02-01,12,0.0,0
PAIM-612855,in Khavda Area of Gujarat under Ph-IV [7GW] Part E2 (Power Grid Corporation of India Limited [POWERGRID]) (612855),Infrastructure & Highways,Ministry of Coal,612855,Gujarat,528.34,528.34,386.37,73.1,2022-03-01,2027-12-31,2029-12-31,2026-02-01,36,0.0,0
PAIM-615342,POWERGRID Jam Khambhaliya Transmission Limited] (Power Grid Corporation of India Limited [POWERGRID]) (615342),Infrastructure & Highways,Ministry of Coal,615342,Gujarat,341.43,341.43,181.61,53.2,2023-03-01,2026-12-31,2028-12-31,2026-02-01,6,0.0,0
PAIM-615343,Khavda Pooling station 3 [KPS3] (Power Grid Corporation of India Limited [POWERGRID]) (615343),Infrastructure & Highways,Ministry of Coal,615343,Gujarat,2612.54,2612.54,473.6,18.1,2024-03-01,2028-12-31,2029-12-31,2026-02-01,6,0.0,0
PAIM-615345,South Olpad Transmission Limited] (Power Grid Corporation of India Limited [POWERGRID]) (615345),Infrastructure & Highways,Ministry of Coal,615345,Gujarat,3294.33,3294.33,1470.37,44.6,2022-03-01,2027-12-31,2028-12-31,2026-02-01,0,0.0,0
PAIM-617069,Transmission Limited] (Power Grid Corporation of India Limited [POWERGRID]) (617069),Infrastructure & Highways,Ministry of Coal,617069,Gujarat,1992.32,1992.32,473.15,23.7,2023-03-01,2026-12-31,2027-12-31,2026-02-01,0,0.0,0
PAIM-617182,Transco Limited] (Power Grid Corporation of India Limited [POWERGRID]) (617182),Infrastructure & Highways,Ministry of Coal,617182,Gujarat,3522.37,3522.37,2702.52,76.7,2022-03-01,2028-12-31,2028-12-31,2026-02-01,0,0.0,0
PAIM-617391,Augmentation of Transformation Capacity at Bhuj-II PS [GIS] (Power Grid Corporation of India Limited [POWERGRID]) (61739,Infrastructure & Highways,Ministry of Coal,617391,Gujarat,1003.21,1003.21,388.45,38.7,2021-03-01,2026-12-31,2027-12-31,2026-02-01,6,0.0,0
PAIM-617405,Jamnagar Transmission Limited (Adani Transmission Limited) (617405),Infrastructure & Highways,Ministry of Coal,617405,Gujarat,3222.65,3222.65,529.11,16.4,2023-03-01,2027-12-31,2027-12-31,2026-02-01,24,0.0,0
PAIM-617801,Provision of ICT Augmentation & Bus Reactor at Bhuj-II PS (Power Grid Corporation of India Limited [POWERGRID]) (617801),Infrastructure & Highways,Ministry of Coal,617801,Gujarat,2292.22,2292.22,1602.47,69.9,2021-03-01,2027-12-31,2029-12-31,2026-02-01,0,0.0,0
PAIM-619026,KPSIII HVDC Transmission Limited (Adani Transmission Limited) (619026),Infrastructure & Highways,Ministry of Coal,619026,Gujarat,1280.04,1280.04,716.43,56.0,2021-03-01,2028-12-31,2027-12-31,2026-02-01,36,0.0,0
PAIM-619029,Transmission System for Reliable Power Supply to Dholera (Power Grid Corporation of India Limited [POWERGRID]) (619029),Infrastructure & Highways,Ministry of Coal,619029,Gujarat,1774.53,1774.53,316.02,17.8,2023-03-01,2026-12-31,2029-12-31,2026-02-01,0,0.0,0
PAIM-619049,Khavda IVA Power Transmission Limited (Adani Transmission Limited) (619049),Infrastructure & Highways,Ministry of Coal,619049,Gujarat,2920.08,2920.08,1737.95,59.5,2021-03-01,2028-12-31,2027-12-31,2026-02-01,18,0.0,0
PAIM-617272,Hindalco Switchyard (Power Grid Corporation of India Limited [POWERGRID]) (617272),Infrastructure & Highways,Ministry of Coal,617272,Haryana,1207.09,1207.09,306.33,25.4,2023-03-01,2026-12-31,2028-12-31,2026-02-01,36,0.0,0
PAIM-617179,MW] Part B (Power Grid Corporation of India Limited [POWERGRID]) (617179),Infrastructure & Highways,Ministry of Coal,617179,Multi-State,1990.78,1990.78,847.72,42.6,2021-03-01,2028-12-31,2029-12-31,2026-02-01,12,0.0,0
PAIM-617326,Project (Power Grid Corporation of India Limited [POWERGRID]) (617326),Infrastructure & Highways,Ministry of Coal,617326,Multi-State,532.84,532.84,421.58,79.1,2023-03-01,2027-12-31,2028-12-31,2026-02-01,24,0.0,0
PAIM-612140,TRANSMISSION LIMITED] (Power Grid Corporation of India Limited [POWERGRID]) (612140),Infrastructure & Highways,Ministry of Coal,612140,Karnataka,2582.96,2582.96,584.73,22.6,2023-03-01,2027-12-31,2028-12-31,2026-02-01,18,0.0,0
PAIM-616672,Limited] (Power Grid Corporation of India Limited [POWERGRID]) (616672),Infrastructure & Highways,Ministry of Coal,616672,Karnataka,2405.52,2405.52,1125.54,46.8,2024-03-01,2026-12-31,2028-12-31,2026-02-01,18,0.0,0
PAIM-617068,Augmentation Transmission Limited] (Power Grid Corporation of India Limited [POWERGRID]) (617068),Infrastructure & Highways,Ministry of Coal,617068,Karnataka,2822.65,2822.65,1395.86,49.5,2022-03-01,2028-12-31,2027-12-31,2026-02-01,36,0.0,0
PAIM-617184,Karnataka  [POWERGRID Chitradurga Bellary REZ Transmission Limited] (Power Grid Corporation of India Limited [POWERGRID],Infrastructure & Highways,Ministry of Coal,617184,Karnataka,3082.66,3082.66,768.79,24.9,2022-03-01,2028-12-31,2028-12-31,2026-02-01,36,0.0,0
PAIM-617803,[SPV Name - POWERGRID Davanagere Power Transmission Limited] (Power Grid Corporation of India Limited [POWERGRID]) (6178,Infrastructure & Highways,Ministry of Coal,617803,Karnataka,4056.89,4056.89,1673.28,41.2,2021-03-01,2028-12-31,2029-12-31,2026-02-01,24,0.0,0
PAIM-619028,Kerala (Power Grid Corporation of India Limited [POWERGRID]) (619028),Infrastructure & Highways,Ministry of Coal,619028,Rajasthan,755.8,755.8,305.96,40.5,2022-03-01,2027-12-31,2028-12-31,2026-02-01,12,0.0,0
PAIM-615344,TRANSMISSION LIMITED] (Power Grid Corporation of India Limited [POWERGRID]) (615344),Infrastructure & Highways,Ministry of Coal,615344,Rajasthan,312.06,312.06,236.28,75.7,2022-03-01,2028-12-31,2027-12-31,2026-02-01,12,0.0,0
PAIM-615346,Transmission Limited] (Power Grid Corporation of India Limited [POWERGRID]) (615346),Infrastructure & Highways,Ministry of Coal,615346,Rajasthan,3951.27,3951.27,1812.67,45.9,2022-03-01,2026-12-31,2029-12-31,2026-02-01,18,0.0,0
PAIM-617279,Transmission Limited] (Power Grid Corporation of India Limited [POWERGRID]) (617279),Infrastructure & Highways,Ministry of Coal,617279,Madhya Pradesh,2905.89,2905.89,2171.06,74.7,2022-03-01,2027-12-31,2027-12-31,2026-02-01,18,0.0,0
PAIM-617802,Transmission Limited] (Power Grid Corporation of India Limited [POWERGRID]) (617802),Infrastructure & Highways,Ministry of Coal,617802,Madhya Pradesh,2546.47,2546.47,633.77,24.9,2023-03-01,2028-12-31,2029-12-31,2026-02-01,18,0.0,0
PAIM-619024,Mahan Transmission Limited (Adani Transmission Limited) (619024),Infrastructure & Highways,Ministry of Coal,619024,Madhya Pradesh,2964.25,2964.25,1953.63,65.9,2023-03-01,2028-12-31,2028-12-31,2026-02-01,0,0.0,0
PAIM-611966,of Gujarat under phase IV 7GW-Part E4 (Power Grid Corporation of India Limited [POWERGRID]) (611966),Infrastructure & Highways,Ministry of Coal,611966,Maharashtra,2210.47,2210.47,1036.55,46.9,2022-03-01,2028-12-31,2029-12-31,2026-02-01,12,0.0,0
PAIM-619027,WRNES Talegaon Power Transmission Limited (Adani Transmission Limited) (619027),Infrastructure & Highways,Ministry of Coal,619027,Maharashtra,1562.87,1562.87,626.32,40.1,2023-03-01,2026-12-31,2029-12-31,2026-02-01,24,0.0,0
PAIM-617185,[POWERGRID Kurnool-IV Transmission Limited] (Power Grid Corporation of India Limited [POWERGRID]) (617185),Infrastructure & Highways,Ministry of Coal,617185,Karnataka,2031.52,2031.52,1641.93,80.8,2021-03-01,2027-12-31,2028-12-31,2026-02-01,18,0.0,0
PAIM-617806,Name Anantapuram 2 REZ Transmission Ltd (Sterlite Power) (617806),Infrastructure & Highways,Ministry of Coal,617806,Karnataka,2655.08,2655.08,2150.98,81.0,2024-03-01,2026-12-31,2028-12-31,2026-02-01,18,0.0,0
PAIM-619030,Inter-Regional Strengthening between SR Grid and ER Grid (Power Grid Corporation of India Limited [POWERGRID]) (619030),Infrastructure & Highways,Ministry of Coal,619030,Odisha,1653.67,1653.67,389.05,23.5,2021-03-01,2026-12-31,2029-12-31,2026-02-01,18,0.0,0
PAIM-900808,Part-B (Power Grid Corporation of India Limited [POWERGRID]) (900808),Infrastructure & Highways,Ministry of Coal,900808,Telangana,1876.55,1876.55,1139.12,60.7,2021-03-01,2028-12-31,2029-12-31,2026-02-01,6,0.0,0
PAIM-617271,Eastern Region  Expansion Scheme-43 [ERES-43] (Power Grid Corporation of India Limited [POWERGRID]) (617271),Infrastructure & Highways,Ministry of Coal,617271,Odisha,4493.57,4493.57,3216.12,71.6,2021-03-01,2026-12-31,2028-12-31,2026-02-01,0,0.0,0
PAIM-617807,765 kV Vindhyachal-Varanasi D/c line (Power Grid Corporation of India Limited [POWERGRID]) (617807),Infrastructure & Highways,Ministry of Coal,617807,Bihar,2073.26,2073.26,1687.43,81.4,2023-03-01,2028-12-31,2027-12-31,2026-02-01,18,0.0,0
PAIM-617270,Eastern Region  Expansion Scheme-44 [ERES-44] (Power Grid Corporation of India Limited [POWERGRID]) (617270),Infrastructure & Highways,Ministry of Coal,617270,Gujarat,2077.68,2077.68,274.09,13.2,2022-03-01,2028-12-31,2027-12-31,2026-02-01,18,0.0,0
PAIM-400005,Transmission Network Expansion in Gujarat to increase its ATC from ISTS Part B (Power Grid Corporation of India Limited ,Infrastructure & Highways,Ministry of Coal,400005,Maharashtra,2778.2,2778.2,738.79,26.6,2024-03-01,2028-12-31,2028-12-31,2026-02-01,18,0.0,0
PAIM-611735,Phase-III Part J (Power Grid Corporation of India Limited [POWERGRID]) (611735),Infrastructure & Highways,Ministry of Coal,611735,Rajasthan,3001.82,3001.82,2189.08,72.9,2021-03-01,2026-12-31,2027-12-31,2026-02-01,36,0.0,0
PAIM-612132,Phase-III Part D Phase I [Sikar Khetri Transmission Ltd] (Power Grid Corporation of India Limited [POWERGRID]) (612132),Infrastructure & Highways,Ministry of Coal,612132,Rajasthan,898.25,898.25,695.35,77.4,2021-03-01,2026-12-31,2029-12-31,2026-02-01,12,0.0,0
PAIM-615347,[8 GW] PART A   [SPV Name POWERGRID West Central Transmission Limited] (Power Grid Corporation of India Limited [POWERGR,Infrastructure & Highways,Ministry of Coal,615347,Maharashtra,1228.77,1228.77,612.0,49.8,2024-03-01,2028-12-31,2027-12-31,2026-02-01,36,0.0,0
PAIM-615339,Limited] (Power Grid Corporation of India Limited [POWERGRID]) (615339),Infrastructure & Highways,Ministry of Coal,615339,Rajasthan,4068.25,4068.25,3203.13,78.7,2024-03-01,2028-12-31,2028-12-31,2026-02-01,24,0.0,0
PAIM-615340,POWERGRID Siwani Transmission Limited] (Power Grid Corporation of India Limited [POWERGRID]) (615340),Infrastructure & Highways,Ministry of Coal,615340,Rajasthan,1524.97,1524.97,292.27,19.2,2023-03-01,2026-12-31,2027-12-31,2026-02-01,24,0.0,0
PAIM-617808,Inter-Regional Strengthening between SR Grid and WR Grid (Power Grid Corporation of India Limited [POWERGRID]) (617808),Infrastructure & Highways,Ministry of Coal,617808,Maharashtra,396.95,396.95,85.1,21.4,2024-03-01,2028-12-31,2027-12-31,2026-02-01,12,0.0,0
PAIM-612138,Transmission Ltd] (Power Grid Corporation of India Limited [POWERGRID]) (612138),Infrastructure & Highways,Ministry of Coal,612138,Karnataka,3297.4,3297.4,2630.63,79.8,2021-03-01,2028-12-31,2029-12-31,2026-02-01,6,0.0,0
PAIM-615333,Mandsaur Transmission Limited] (Power Grid Corporation of India Limited [POWERGRID]) (615333),Infrastructure & Highways,Ministry of Coal,615333,Rajasthan,964.02,964.02,141.07,14.6,2022-03-01,2028-12-31,2029-12-31,2026-02-01,0,0.0,0
PAIM-615334,Transmission Limited] (Power Grid Corporation of India Limited [POWERGRID]) (615334),Infrastructure & Highways,Ministry of Coal,615334,Rajasthan,3404.89,3404.89,2138.82,62.8,2021-03-01,2028-12-31,2028-12-31,2026-02-01,12,0.0,0
PAIM-617186,Transmission Limited] (Power Grid Corporation of India Limited [POWERGRID]) (617186),Infrastructure & Highways,Ministry of Coal,617186,Rajasthan,2529.78,2529.78,461.24,18.2,2021-03-01,2027-12-31,2027-12-31,2026-02-01,24,0.0,0
PAIM-619025,RAJASTHAN PART I POWER TRANSMISSION LIMITED (Adani Transmission Limited) (619025),Infrastructure & Highways,Ministry of Coal,619025,Rajasthan,3295.1,3295.1,2177.55,66.1,2021-03-01,2028-12-31,2028-12-31,2026-02-01,24,0.0,0
PAIM-612133,[Bikaner Complex] Part D [Neemrana Bareilly Transmission Ltd] (Power Grid Corporation of India Limited [POWERGRID]) (612,Infrastructure & Highways,Ministry of Coal,612133,Rajasthan,2291.03,2291.03,899.03,39.2,2021-03-01,2027-12-31,2028-12-31,2026-02-01,18,0.0,0
PAIM-616670,GW] Part A  [SPV name POWERGRID Ghiror Transmission Limited] (Power Grid Corporation of India Limited [POWERGRID]) (6166,Infrastructure & Highways,Ministry of Coal,616670,Rajasthan,427.78,427.78,307.72,71.9,2023-03-01,2028-12-31,2029-12-31,2026-02-01,0,0.0,0
PAIM-611947,Phase III- Part E2 (Power Grid Corporation of India Limited [POWERGRID]) (611947),Infrastructure & Highways,Ministry of Coal,611947,Rajasthan,2187.78,2187.78,1333.73,61.0,2024-03-01,2026-12-31,2029-12-31,2026-02-01,12,0.0,0
PAIM-611948,Phase-III part H (Power Grid Corporation of India Limited [POWERGRID]) (611948),Infrastructure & Highways,Ministry of Coal,611948,Rajasthan,1827.35,1827.35,1471.76,80.5,2024-03-01,2026-12-31,2029-12-31,2026-02-01,24,0.0,0
PAIM-611949,Phase-III part C1 (Power Grid Corporation of India Limited [POWERGRID]) (611949),Infrastructure & Highways,Ministry of Coal,611949,Rajasthan,2734.03,2734.03,2227.56,81.5,2023-03-01,2027-12-31,2027-12-31,2026-02-01,0,0.0,0
PAIM-611951,Phase-III Part E1 (Power Grid Corporation of India Limited [POWERGRID]) (611951),Infrastructure & Highways,Ministry of Coal,611951,Rajasthan,367.39,367.39,176.59,48.1,2023-03-01,2028-12-31,2027-12-31,2026-02-01,18,0.0,0
PAIM-612134,[Bikaner Complex] Part A [Bikaner Neemrana  Transmission Ltd] (Power Grid Corporation of India Limited [POWERGRID]) (612,Infrastructure & Highways,Ministry of Coal,612134,Rajasthan,1243.81,1243.81,583.33,46.9,2024-03-01,2026-12-31,2029-12-31,2026-02-01,24,0.0,0
PAIM-615332,Transmission Limited] (Power Grid Corporation of India Limited [POWERGRID]) (615332),Infrastructure & Highways,Ministry of Coal,615332,Rajasthan,2180.5,2180.5,747.83,34.3,2023-03-01,2027-12-31,2028-12-31,2026-02-01,36,0.0,0
PAIM-615335,Complex [SPV Name POWERGRID BHADLA BIKANER TRANSMISSION LIMITED] (Power Grid Corporation of India Limited [POWERGRID]) (,Infrastructure & Highways,Ministry of Coal,615335,Rajasthan,2206.4,2206.4,974.61,44.2,2024-03-01,2027-12-31,2027-12-31,2026-02-01,0,0.0,0
PAIM-615337,Power Transmission Limited] (Power Grid Corporation of India Limited [POWERGRID]) (615337),Infrastructure & Highways,Ministry of Coal,615337,Rajasthan,4476.69,4476.69,1698.98,38.0,2023-03-01,2027-12-31,2029-12-31,2026-02-01,24,0.0,0
PAIM-615338,Name POWERGRID BARMER I TRANSMISSION LIMITED] (Power Grid Corporation of India Limited [POWERGRID]) (615338),Infrastructure & Highways,Ministry of Coal,615338,Rajasthan,3277.53,3277.53,872.25,26.6,2021-03-01,2027-12-31,2027-12-31,2026-02-01,24,0.0,0
PAIM-617181,[POWERGRID Fatehgarh Barmer Augmentation Transmission Limited] (Power Grid Corporation of India Limited [POWERGRID]) (61,Infrastructure & Highways,Ministry of Coal,617181,Rajasthan,252.4,252.4,180.31,71.4,2022-03-01,2026-12-31,2027-12-31,2026-02-01,24,0.0,0
PAIM-616671,[2x1000 MW]  [SPV Name POWERGRID Kudankulam Tarnsmission Limited] (Power Grid Corporation of India Limited [POWERGRID]) ,Infrastructure & Highways,Ministry of Coal,616671,Tamil Nadu,3147.2,3147.2,504.06,16.0,2023-03-01,2027-12-31,2029-12-31,2026-02-01,0,0.0,0
PAIM-617269,Bhadla/Bikaner Complex (Power Grid Corporation of India Limited [POWERGRID]) (617269),Infrastructure & Highways,Ministry of Coal,617269,Uttar Pradesh,2364.33,2364.33,644.2,27.2,2021-03-01,2027-12-31,2028-12-31,2026-02-01,18,0.0,0
PAIM-617412,"Commissionerates of Central Tax at Khajaguda, Serilingampally, Hyderabad. (Central Public Works Department - CPWD) (6174",Infrastructure & Highways,Ministry of Housing & Urban Affairs,617412,Telangana,3951.7,3951.7,3201.34,81.0,2021-03-01,2026-12-31,2029-12-31,2026-02-01,24,0.0,0
PAIM-707229,"Port, Ship Service, Smart Solid Waste Management, Smart Public Transport System (ministry of housing and urban affairs) ",Infrastructure & Highways,Ministry of Housing & Urban Affairs,707229,Delhi,2098.7,2098.7,1101.28,52.5,2022-03-01,2026-12-31,2029-12-31,2026-02-01,36,0.0,0
PAIM-400188,in Delhi (National Buildings Construction Corporation [NBCC]) (400188),Infrastructure & Highways,Ministry of Housing & Urban Affairs,400188,Delhi,1899.95,1899.95,1394.4,73.4,2022-03-01,2028-12-31,2027-12-31,2026-02-01,12,0.0,0
PAIM-701719,Rehablitation in Junavadaj Area Smart City Project (ministry of housing and urban affairs) (701719),Infrastructure & Highways,Ministry of Housing & Urban Affairs,701719,Gujarat,3860.24,3860.24,2794.04,72.4,2022-03-01,2028-12-31,2029-12-31,2026-02-01,24,0.0,0
PAIM-701766,Green Building Development Project (ministry of housing and urban affairs) (701766),Infrastructure & Highways,Ministry of Housing & Urban Affairs,701766,Gujarat,2344.92,2344.92,1179.21,50.3,2024-03-01,2028-12-31,2028-12-31,2026-02-01,18,0.0,0
PAIM-702627,Patna Metro Rail Project (Patna Metro Rail Corporation Ltd. [PMRCL]) (702627),Infrastructure & Highways,Ministry of Housing & Urban Affairs,702627,Bihar,1198.36,1198.36,657.42,54.9,2023-03-01,2028-12-31,2028-12-31,2026-02-01,18,0.0,0
PAIM-617207,Delhi Metro Rail Phase-IV [2 Corridors] (Delhi Metro Rail Corporation Limited [DMRC]) (617207),Infrastructure & Highways,Ministry of Housing & Urban Affairs,617207,Bihar,380.57,380.57,296.11,77.8,2021-03-01,2026-12-31,2027-12-31,2026-02-01,12,0.0,0
PAIM-619031,Delhi Metro Rail Phase V A (Delhi Metro Rail Corporation Limited [DMRC]) (619031),Infrastructure & Highways,Ministry of Housing & Urban Affairs,619031,Delhi,3470.98,3470.98,2316.93,66.8,2022-03-01,2027-12-31,2029-12-31,2026-02-01,6,0.0,0
PAIM-702632,DMRTS Phase - IV [3 Priority Corridors] (Delhi Metro Rail Corporation Limited [DMRC]) (702632),Infrastructure & Highways,Ministry of Housing & Urban Affairs,702632,Gujarat,3383.24,3383.24,1570.72,46.4,2021-03-01,2028-12-31,2028-12-31,2026-02-01,6,0.0,0
PAIM-702630,Surat Metro Rail Project (Gujarat Metro Rail Corporation Limited [GMRCL]) (702630),Infrastructure & Highways,Ministry of Housing & Urban Affairs,702630,Gujarat,3019.26,3019.26,1992.01,66.0,2023-03-01,2028-12-31,2027-12-31,2026-02-01,24,0.0,0
PAIM-702631,"Ahmedabad Metro Rail Project, Phase-II (Gujarat Metro Rail Corporation Limited [GMRCL]) (702631)",Infrastructure & Highways,Ministry of Housing & Urban Affairs,702631,Gujarat,1263.69,1263.69,999.08,79.1,2021-03-01,2027-12-31,2028-12-31,2026-02-01,12,0.0,0
PAIM-702639,Ahmedabad Metro Rail Project [Phase-I] (Gujarat Metro Rail Corporation Limited [GMRCL]) (702639),Infrastructure & Highways,Ministry of Housing & Urban Affairs,702639,Gujarat,1283.26,1283.26,594.77,46.3,2021-03-01,2028-12-31,2027-12-31,2026-02-01,24,0.0,0
PAIM-619022,"Expressway, Gurugram. (Gurugram Metro Rail Limited [GMRL]) (619022)",Infrastructure & Highways,Ministry of Housing & Urban Affairs,619022,Karnataka,520.74,520.74,58.41,11.2,2022-03-01,2028-12-31,2027-12-31,2026-02-01,36,0.0,0
PAIM-702635,Construction of Bangalore Metro Rail Project Phase 2. (Bengaluru Metro Rail) (702635),Infrastructure & Highways,Ministry of Housing & Urban Affairs,702635,Karnataka,954.53,954.53,776.42,81.3,2022-03-01,2027-12-31,2029-12-31,2026-02-01,36,0.0,0
PAIM-702665,Construction Bangalore Metro Rail Project Phase-2A & 2B (Bengaluru Metro Rail) (702665),Infrastructure & Highways,Ministry of Housing & Urban Affairs,702665,Karnataka,3741.01,3741.01,1713.63,45.8,2024-03-01,2028-12-31,2028-12-31,2026-02-01,12,0.0,0
PAIM-702664,Kochi Metro Rail Phase 2 Development  Project (CSPCC Projects) (702664),Infrastructure & Highways,Ministry of Housing & Urban Affairs,702664,Karnataka,3328.19,3328.19,1127.5,33.9,2024-03-01,2026-12-31,2027-12-31,2026-02-01,18,0.0,0
PAIM-702625,Bhopal Metro Rail Project (Madhya Pradesh Metro Rail Co Limited [MPMRCL]) (702625),Infrastructure & Highways,Ministry of Housing & Urban Affairs,702625,Madhya Pradesh,2738.54,2738.54,474.3,17.3,2023-03-01,2026-12-31,2029-12-31,2026-02-01,0,0.0,0
PAIM-702626,Indore Metro Rail Project (Madhya Pradesh Metro Rail Co Limited [MPMRCL]) (702626),Infrastructure & Highways,Ministry of Housing & Urban Affairs,702626,Maharashtra,1068.94,1068.94,655.53,61.3,2023-03-01,2026-12-31,2028-12-31,2026-02-01,24,0.0,0
PAIM-617225,PCMC To Nigdi- Extension Of North South Corridor Of Phase-1 (Maharashtra Metro Rail Corporation Limited [MMRCL]) (617225,Infrastructure & Highways,Ministry of Housing & Urban Affairs,617225,Maharashtra,4110.49,4110.49,2194.35,53.4,2023-03-01,2026-12-31,2027-12-31,2026-02-01,36,0.0,0
PAIM-617226,Pune Metro Phase-1 Extension line towards south from Swargate to Katraj (Maharashtra Metro Rail Corporation Limited [MMR,Infrastructure & Highways,Ministry of Housing & Urban Affairs,617226,Maharashtra,4104.7,4104.7,1218.57,29.7,2023-03-01,2026-12-31,2027-12-31,2026-02-01,24,0.0,0
PAIM-617327,Thane Integral Ring Metro Rail Project (Maharashtra Metro Rail Corporation Limited [MMRCL]) (617327),Infrastructure & Highways,Ministry of Housing & Urban Affairs,617327,Maharashtra,513.88,513.88,422.52,82.2,2024-03-01,2026-12-31,2027-12-31,2026-02-01,18,0.0,0
PAIM-618971,2B Ramwadi to Wagholi/Vitthalwadi (Maharashtra Metro Rail Corporation Limited [MMRCL]) (618971),Infrastructure & Highways,Ministry of Housing & Urban Affairs,618971,Maharashtra,2784.07,2784.07,482.7,17.3,2022-03-01,2026-12-31,2027-12-31,2026-02-01,36,0.0,0
PAIM-618985,Nal Stop - Warje - Manikbaug (Maharashtra Metro Rail Corporation Limited [MMRCL]) (618985),Infrastructure & Highways,Ministry of Housing & Urban Affairs,618985,Maharashtra,1328.42,1328.42,312.59,23.5,2024-03-01,2028-12-31,2027-12-31,2026-02-01,18,0.0,0
PAIM-701745,New Suburba Station Development Project (ministry of housing and urban affairs) (701745),Infrastructure & Highways,Ministry of Housing & Urban Affairs,701745,Maharashtra,2945.86,2945.86,1922.93,65.3,2021-03-01,2028-12-31,2029-12-31,2026-02-01,12,0.0,0
PAIM-701991,Kalyan Station Precinct Imporvement Project (ministry of housing and urban affairs) (701991),Infrastructure & Highways,Ministry of Housing & Urban Affairs,701991,Maharashtra,1162.41,1162.41,505.12,43.5,2024-03-01,2026-12-31,2027-12-31,2026-02-01,18,0.0,0
PAIM-702637,Mumbai Metro Line 3 (Mumbai Metro Rail Corporation Limited [MMRC]) (702637),Infrastructure & Highways,Ministry of Housing & Urban Affairs,702637,Maharashtra,2685.96,2685.96,924.15,34.4,2023-03-01,2027-12-31,2029-12-31,2026-02-01,0,0.0,0
PAIM-702658,Nagpur Metro Rail Phase II Development Project (Maharashtra Metro Rail Corporation Limited [MMRCL]) (702658),Infrastructure & Highways,Ministry of Housing & Urban Affairs,702658,Maharashtra,4354.48,4354.48,773.65,17.8,2022-03-01,2026-12-31,2029-12-31,2026-02-01,12,0.0,0
PAIM-617206,Delhi Metro Rail Phase-IV [Rithala - Kundli Corridor] (Delhi Metro Rail Corporation Limited [DMRC]) (617206),Infrastructure & Highways,Ministry of Housing & Urban Affairs,617206,Maharashtra,4243.36,4243.36,974.59,23.0,2023-03-01,2026-12-31,2028-12-31,2026-02-01,18,0.0,0
PAIM-702633,Delhi-Ghaziabad-Meerut Regional Rapid Transit System [RRTS] corridor (National Capital Region Transport Corporation [NCR,Infrastructure & Highways,Ministry of Housing & Urban Affairs,702633,Uttar Pradesh,969.68,969.68,475.27,49.0,2021-03-01,2027-12-31,2029-12-31,2026-02-01,6,0.0,0
PAIM-702668,Chennai Metro Rail Phase-II Development Project (Chennai Metro Rail Limited [CMRL]) (702668),Infrastructure & Highways,Ministry of Housing & Urban Affairs,702668,Tamil Nadu,3957.84,3957.84,594.09,15.0,2021-03-01,2028-12-31,2028-12-31,2026-02-01,0,0.0,0
PAIM-619052,LUCKNOW METRO RAIL PROJECT PHASE-1B EAST WEST CORRIDOR (Uttar Pradesh metro rail corporation [UPMRC]) (619052),Infrastructure & Highways,Ministry of Housing & Urban Affairs,619052,Tamil Nadu,3609.54,3609.54,907.38,25.1,2024-03-01,2028-12-31,2027-12-31,2026-02-01,0,0.0,0
PAIM-702628,Kanpur Metro Rail Project (Uttar Pradesh metro rail corporation [UPMRC]) (702628),Infrastructure & Highways,Ministry of Housing & Urban Affairs,702628,Uttar Pradesh,525.48,525.48,206.81,39.4,2022-03-01,2027-12-31,2028-12-31,2026-02-01,12,0.0,0
PAIM-702629,Agra Metro Rail Project (Uttar Pradesh metro rail corporation [UPMRC]) (702629),Infrastructure & Highways,Ministry of Housing & Urban Affairs,702629,Uttar Pradesh,659.35,659.35,138.42,21.0,2021-03-01,2026-12-31,2027-12-31,2026-02-01,24,0.0,0
PAIM-702674,"nos. upgrading of feeder mains, pumping station etc. - Phase II (Ministry of Housing & Urban Affairs) (702674)",Infrastructure & Highways,Ministry of Housing & Urban Affairs,702674,Andhra Pradesh,2410.21,2410.21,1621.45,67.3,2024-03-01,2028-12-31,2029-12-31,2026-02-01,12,0.0,0
PAIM-702699,Muzaffarpur Storm Water Drainage Phase-I Project (Ministry of Housing & Urban Affairs) (702699),Infrastructure & Highways,Ministry of Housing & Urban Affairs,702699,Bihar,3889.29,3889.29,2672.59,68.7,2022-03-01,2026-12-31,2029-12-31,2026-02-01,24,0.0,0
PAIM-702355,Storm water drainag Development Project (ministry of housing and urban affairs) (702355),Infrastructure & Highways,Ministry of Housing & Urban Affairs,702355,Bihar,556.06,556.06,177.67,32.0,2023-03-01,2026-12-31,2027-12-31,2026-02-01,18,0.0,0
PAIM-707267,Upgradation of Sewerage system in Gandhinagar City (ministry of housing and urban affairs) (707267),Infrastructure & Highways,Ministry of Housing & Urban Affairs,707267,Gujarat,2651.63,2651.63,2171.6,81.9,2021-03-01,2026-12-31,2028-12-31,2026-02-01,18,0.0,0
PAIM-702734,Sewerage Management Scheme Part-3 Implementation (Ministry of Housing & Urban Affairs) (702734),Infrastructure & Highways,Ministry of Housing & Urban Affairs,702734,Gujarat,2545.86,2545.86,1070.13,42.0,2024-03-01,2028-12-31,2028-12-31,2026-02-01,6,0.0,0
PAIM-702735,Sewerage Management Scheme Part-3 Implementation (Ministry of Housing & Urban Affairs) (702735),Infrastructure & Highways,Ministry of Housing & Urban Affairs,702735,Haryana,2498.72,2498.72,676.67,27.1,2022-03-01,2027-12-31,2028-12-31,2026-02-01,24,0.0,0
PAIM-702741,Dhanbad Water Supply Infrastructure Project (Ministry of Housing & Urban Affairs) (702741),Infrastructure & Highways,Ministry of Housing & Urban Affairs,702741,Haryana,1471.38,1471.38,306.85,20.9,2023-03-01,2026-12-31,2027-12-31,2026-02-01,18,0.0,0
PAIM-702742,SAAP-3 Water Supply Infrastructure SAAP-3 Project (Ministry of Housing & Urban Affairs) (702742),Infrastructure & Highways,Ministry of Housing & Urban Affairs,702742,Multi-State,3777.59,3777.59,2302.82,61.0,2023-03-01,2027-12-31,2029-12-31,2026-02-01,18,0.0,0
PAIM-702746,Augmentation and Strenghthning of Urban Water Supply Phase 1 - SAAP 3 (Ministry of Housing & Urban Affairs) (702746),Infrastructure & Highways,Ministry of Housing & Urban Affairs,702746,Multi-State,569.07,569.07,305.26,53.6,2024-03-01,2028-12-31,2029-12-31,2026-02-01,0,0.0,0
PAIM-702760,Belgavi Improvement in Sewerage System Project (Ministry of Housing & Urban Affairs) (702760),Infrastructure & Highways,Ministry of Housing & Urban Affairs,702760,Karnataka,882.76,882.76,704.28,79.8,2024-03-01,2028-12-31,2029-12-31,2026-02-01,36,0.0,0
PAIM-702764,24/7 water supply under AMRUT for Davanagere (Ministry of Housing & Urban Affairs) (702764),Infrastructure & Highways,Ministry of Housing & Urban Affairs,702764,Karnataka,2046.3,2046.3,1364.38,66.7,2021-03-01,2026-12-31,2027-12-31,2026-02-01,24,0.0,0
PAIM-702793,Indore Water Supply Infrastructure Project (Ministry of Housing & Urban Affairs) (702793),Infrastructure & Highways,Ministry of Housing & Urban Affairs,702793,Karnataka,787.32,787.32,508.27,64.6,2021-03-01,2027-12-31,2028-12-31,2026-02-01,24,0.0,0
PAIM-702798,Jabalpur Sewerage Management and Treatment Infrastructure Project (Ministry of Housing & Urban Affairs) (702798),Infrastructure & Highways,Ministry of Housing & Urban Affairs,702798,Madhya Pradesh,3011.19,3011.19,372.07,12.4,2023-03-01,2027-12-31,2027-12-31,2026-02-01,24,0.0,0
PAIM-702808,Satna Sewerage Management and Treatment Infrastructure Project (Ministry of Housing & Urban Affairs) (702808),Infrastructure & Highways,Ministry of Housing & Urban Affairs,702808,Madhya Pradesh,2384.73,2384.73,1833.73,76.9,2024-03-01,2026-12-31,2028-12-31,2026-02-01,0,0.0,0
PAIM-702810,Singrauli Sewerage Management and Treatment Infrastructure Project (Ministry of Housing & Urban Affairs) (702810),Infrastructure & Highways,Ministry of Housing & Urban Affairs,702810,Madhya Pradesh,367.55,367.55,173.6,47.2,2021-03-01,2026-12-31,2027-12-31,2026-02-01,6,0.0,0
PAIM-702833,Kalyan-Dombivali Water Supply Infrastructure Project (Ministry of Housing & Urban Affairs) (702833),Infrastructure & Highways,Ministry of Housing & Urban Affairs,702833,Maharashtra,1711.64,1711.64,279.32,16.3,2023-03-01,2027-12-31,2028-12-31,2026-02-01,12,0.0,0
PAIM-702840,Mira-Bhayandar Water Supply Infrastructure Project (Ministry of Housing & Urban Affairs) (702840),Infrastructure & Highways,Ministry of Housing & Urban Affairs,702840,Maharashtra,3176.27,3176.27,903.5,28.4,2023-03-01,2027-12-31,2029-12-31,2026-02-01,24,0.0,0
PAIM-702851,Pune Water Supply Infrastructure Project (Ministry of Housing & Urban Affairs) (702851),Infrastructure & Highways,Ministry of Housing & Urban Affairs,702851,Maharashtra,3100.29,3100.29,1068.37,34.5,2021-03-01,2026-12-31,2027-12-31,2026-02-01,18,0.0,0
PAIM-702854,Solapur Sewerage Management Infrastructure Project (Ministry of Housing & Urban Affairs) (702854),Infrastructure & Highways,Ministry of Housing & Urban Affairs,702854,Maharashtra,1828.76,1828.76,1483.85,81.1,2021-03-01,2027-12-31,2028-12-31,2026-02-01,6,0.0,0
PAIM-703021,Jalandhar Water Supply Infrastructure Project (Ministry of Housing & Urban Affairs) (703021),Infrastructure & Highways,Ministry of Housing & Urban Affairs,703021,Maharashtra,1781.82,1781.82,862.34,48.4,2022-03-01,2027-12-31,2027-12-31,2026-02-01,18,0.0,0
PAIM-703057,Patiala Water Supply Infrastructure Part-2 Project (Ministry of Housing & Urban Affairs) (703057),Infrastructure & Highways,Ministry of Housing & Urban Affairs,703057,Punjab,4270.5,4270.5,2025.27,47.4,2021-03-01,2028-12-31,2027-12-31,2026-02-01,18,0.0,0
PAIM-702949,Jhansi Water Supply Infrastructure Phase-II Project (Ministry of Housing & Urban Affairs) (702949),Infrastructure & Highways,Ministry of Housing & Urban Affairs,702949,Uttar Pradesh,3972.85,3972.85,3150.48,79.3,2021-03-01,2028-12-31,2027-12-31,2026-02-01,18,0.0,0
PAIM-617280,"Director General, GSI Building at plot No.GN-40, Sector-V, Salt Lake, Kolkata (Central Public Works Department [CPWD]) (",Infrastructure & Highways,Ministry of Housing & Urban Affairs,617280,West Bengal,2443.77,2443.77,1143.88,46.8,2021-03-01,2027-12-31,2028-12-31,2026-02-01,6,0.0,0
PAIM-400426,Expansion of Malanjkhand Copper Project (Hindustan Copper Limited [HCL]) (400426),Infrastructure & Highways,Ministry of Housing & Urban Affairs,400426,West Bengal,4311.28,4311.28,1201.03,27.9,2022-03-01,2027-12-31,2029-12-31,2026-02-01,36,0.0,0
PAIM-400141,enhancement of 1.0 Million Tonee Per Annum (National Aluminium Company Limited [NALCO]) (400141),Infrastructure & Highways,Ministry of Housing & Urban Affairs,400141,Odisha,4158.04,4158.04,1876.47,45.1,2022-03-01,2027-12-31,2029-12-31,2026-02-01,24,0.0,0
PAIM-400299,Pottangi Bauxite Mines Project (National Aluminium Company Limited [NALCO]) (400299),Infrastructure & Highways,Ministry of Housing & Urban Affairs,400299,Odisha,894.45,894.45,527.16,58.9,2021-03-01,2028-12-31,2028-12-31,2026-02-01,18,0.0,0
PAIM-709830,TRAIN OF HRDS AND DCWS IN STREAMS 1 AND (Ministry of Mines) (709830),Infrastructure & Highways,Ministry of Housing & Urban Affairs,709830,Odisha,813.02,813.02,235.12,28.9,2023-03-01,2028-12-31,2027-12-31,2026-02-01,0,0.0,0
PAIM-709831,REFINERY FROM SOUTH BLOCK MINING LEASE OF PANCHPATMAILI MINES (National Aluminium Company Limited [NALCO]) (709831),Infrastructure & Highways,Ministry of Housing & Urban Affairs,709831,Odisha,1243.77,1243.77,650.71,52.3,2022-03-01,2026-12-31,2027-12-31,2026-02-01,24,0.0,0
PAIM-709832,25.5 MW WIND POWER PROJECT AT KAYATHAR IN TAMILNADU (National Aluminium Company Limited [NALCO]) (709832),Infrastructure & Highways,Ministry of Housing & Urban Affairs,709832,Odisha,2062.59,2062.59,761.54,36.9,2022-03-01,2028-12-31,2027-12-31,2026-02-01,18,0.0,0
PAIM-612885,"Permanent Campus at Sohra (National Institute of Technology, Meghalaya) (612885)",Infrastructure & Highways,Ministry of Housing & Urban Affairs,612885,Andhra Pradesh,3612.21,3612.21,2745.33,76.0,2022-03-01,2028-12-31,2029-12-31,2026-02-01,24,0.0,0
PAIM-613008,Phase-1 (Central Tribal University of Andhra Pradesh) (613008),Infrastructure & Highways,Ministry of Housing & Urban Affairs,613008,Andhra Pradesh,2636.13,2636.13,2026.54,76.9,2023-03-01,2026-12-31,2028-12-31,2026-02-01,24,0.0,0
PAIM-606013,Additional Campus  of NITPatna (NIT Patna) (606013),Infrastructure & Highways,Ministry of Housing & Urban Affairs,606013,Bihar,864.76,864.76,718.9,83.1,2023-03-01,2027-12-31,2029-12-31,2026-02-01,6,0.0,0
PAIM-617877,"Phase B of Construction of Permanent Campus of IIT Bhilai (Indian Institute of Technology, Bhilai) (617877)",Infrastructure & Highways,Ministry of Housing & Urban Affairs,617877,Bihar,1748.25,1748.25,183.22,10.5,2021-03-01,2027-12-31,2029-12-31,2026-02-01,6,0.0,0
PAIM-612851,"Campus on Engineering, Procurement and Construction basis (National Institute of Technology Delhi) (612851)",Infrastructure & Highways,Ministry of Housing & Urban Affairs,612851,Delhi,2773.36,2773.36,1501.66,54.1,2024-03-01,2028-12-31,2029-12-31,2026-02-01,6,0.0,0
PAIM-616886,Delhi University Eastern Campus at Surajmal Vihar (Delhi University) (616886),Infrastructure & Highways,Ministry of Housing & Urban Affairs,616886,Gujarat,4478.51,4478.51,1636.33,36.5,2024-03-01,2028-12-31,2028-12-31,2026-02-01,6,0.0,0
PAIM-612916,"kundhela, Dist. Vadodara, Gujarat. (Central University of Gujarat) (612916)",Infrastructure & Highways,Ministry of Housing & Urban Affairs,612916,Gujarat,2857.86,2857.86,331.68,11.6,2022-03-01,2028-12-31,2027-12-31,2026-02-01,36,0.0,0
PAIM-602099,"Establishment of Permanent campus Phase 1 of IIM Sirmaur (Indian Institute of Management, Sirmaur) (602099)",Infrastructure & Highways,Ministry of Housing & Urban Affairs,602099,Gujarat,4027.21,4027.21,2997.61,74.4,2022-03-01,2027-12-31,2028-12-31,2026-02-01,0,0.0,0
PAIM-612128,"Hostel blocks & dining hall block (Indian Institute of Technology, Mandi) (612128)",Infrastructure & Highways,Ministry of Housing & Urban Affairs,612128,Multi-State,448.25,448.25,56.34,12.6,2022-03-01,2026-12-31,2028-12-31,2026-02-01,12,0.0,0
PAIM-612894,"Mode 1] Basis. (Central University, Himachal Pradesh) (612894)",Infrastructure & Highways,Ministry of Housing & Urban Affairs,612894,Multi-State,2200.12,2200.12,383.4,17.4,2023-03-01,2027-12-31,2028-12-31,2026-02-01,6,0.0,0
PAIM-602098,"Jammu, J&K (Indian Institute of Management, Jammu) (602098)",Infrastructure & Highways,Ministry of Housing & Urban Affairs,602098,Multi-State,2511.81,2511.81,1837.82,73.2,2021-03-01,2028-12-31,2028-12-31,2026-02-01,36,0.0,0
PAIM-606431,1A (INDIAN INSTITUTE OF TECHNOLOGY PALAKKAD) (606431),Infrastructure & Highways,Ministry of Housing & Urban Affairs,606431,Multi-State,1183.18,1183.18,303.09,25.6,2024-03-01,2027-12-31,2027-12-31,2026-02-01,24,0.0,0
PAIM-617878,Phase B of Construction of Permanent Campus of IIT Palakkad (INDIAN INSTITUTE OF TECHNOLOGY PALAKKAD) (617878),Infrastructure & Highways,Ministry of Housing & Urban Affairs,617878,Multi-State,4368.37,4368.37,448.79,10.3,2022-03-01,2027-12-31,2027-12-31,2026-02-01,0,0.0,0
PAIM-611957,"excellence] (Indian Institute of Technology, Indore) (611957)",Infrastructure & Highways,Ministry of Housing & Urban Affairs,611957,Madhya Pradesh,818.82,818.82,389.62,47.6,2024-03-01,2027-12-31,2028-12-31,2026-02-01,24,0.0,0
PAIM-610315,"IISER BERHAMPUR (Indian Institutes of Science Education and Research, Behrampur) (610315)",Infrastructure & Highways,Ministry of Housing & Urban Affairs,610315,Odisha,1261.57,1261.57,255.79,20.3,2024-03-01,2028-12-31,2028-12-31,2026-02-01,36,0.0,0
PAIM-619033,and Faculty Residence - 72 nos. Flats (NIT Rourkela) (619033),Infrastructure & Highways,Ministry of Housing & Urban Affairs,619033,Odisha,3572.78,3572.78,2191.45,61.3,2021-03-01,2027-12-31,2029-12-31,2026-02-01,18,0.0,0
PAIM-612877,"Establishment of NIT Puducherry Permanent Campus [Phase-I and Phase-II] (National Institute of Technology, Puducherry) (",Infrastructure & Highways,Ministry of Petroleum & Natural Gas,612877,Punjab,3554.93,3554.93,1738.05,48.9,2021-03-01,2026-12-31,2027-12-31,2026-02-01,0,0.0,0
PAIM-605292,"Punjab, Phase-I (Indian intitue of Management, Amritsar) (605292)",Infrastructure & Highways,Ministry of Petroleum & Natural Gas,605292,Punjab,2676.21,2676.21,1566.17,58.5,2021-03-01,2026-12-31,2028-12-31,2026-02-01,36,0.0,0
PAIM-617221,"International Hostel 100 seater, VC Residence and Purchase of Equipment (Central University of Punjab) (617221)",Infrastructure & Highways,Ministry of Petroleum & Natural Gas,617221,Punjab,1847.53,1847.53,729.39,39.5,2023-03-01,2026-12-31,2028-12-31,2026-02-01,12,0.0,0
PAIM-609996,"Construction of Precast housing and hostels at IIT Hyderabad (Indian Institute of Technology, Hyderabad) (609996)",Infrastructure & Highways,Ministry of Petroleum & Natural Gas,609996,Telangana,2466.03,2466.03,1214.11,49.2,2024-03-01,2026-12-31,2027-12-31,2026-02-01,6,0.0,0
PAIM-606479,Banaras Hindu University [ Kayakalp of Institute of Medical Sciences] (Banaras Hindu University) (606479),Infrastructure & Highways,Ministry of Petroleum & Natural Gas,606479,Uttar Pradesh,3690.02,3690.02,2549.7,69.1,2022-03-01,2028-12-31,2027-12-31,2026-02-01,18,0.0,0
PAIM-611963,"Uttarakhand at Sumari, Pauri Garhwal (National Institute of Technology Uttarakhand) (611963)",Infrastructure & Highways,Ministry of Petroleum & Natural Gas,611963,Multi-State,473.89,473.89,227.31,48.0,2021-03-01,2027-12-31,2027-12-31,2026-02-01,0,0.0,0
PAIM-609019,"buildings, class room complex and other campus facilities in IIT Kharagpur (Indian Institute of Technology, Kharagpur) (",Infrastructure & Highways,Ministry of Petroleum & Natural Gas,609019,West Bengal,4403.28,4403.28,2006.15,45.6,2022-03-01,2027-12-31,2028-12-31,2026-02-01,18,0.0,0
PAIM-616235,Construction of Aviation Fuel farm Facilities at Bhogapuram Airport (Ministry of Petroleum & Natural Gas) (616235),Infrastructure & Highways,Ministry of Petroleum & Natural Gas,616235,Assam,218.28,218.28,37.95,17.4,2024-03-01,2026-12-31,2028-12-31,2026-02-01,36,0.0,0
PAIM-617839,MMTPA (Ministry of Petroleum & Natural Gas) (617839),Infrastructure & Highways,Ministry of Petroleum & Natural Gas,617839,Maharashtra,4415.56,4415.56,1671.28,37.8,2022-03-01,2027-12-31,2028-12-31,2026-02-01,0,0.0,0
PAIM-604833,"Andheri Residential Towers, Mumbai (Ministry of Petroleum & Natural Gas) (604833)",Infrastructure & Highways,Ministry of Petroleum & Natural Gas,604833,Maharashtra,3285.2,3285.2,1334.57,40.6,2022-03-01,2028-12-31,2027-12-31,2026-02-01,0,0.0,0
PAIM-701343,Srikakulam Angul Gas Pipeline Project (Ministry of Petroleum & Natural Gas) (701343),Infrastructure & Highways,Ministry of Petroleum & Natural Gas,701343,Odisha,2956.38,2956.38,1249.05,42.2,2024-03-01,2027-12-31,2029-12-31,2026-02-01,12,0.0,0
PAIM-400078,New Mundra Panipat Crude Oil Pipeline (Ministry of Petroleum & Natural Gas) (400078),Infrastructure & Highways,Ministry of Petroleum & Natural Gas,400078,Odisha,2820.69,2820.69,2188.94,77.6,2023-03-01,2026-12-31,2028-12-31,2026-02-01,12,0.0,0
PAIM-400012,Kandla Gorakhpur LPG Pipeline (Ministry of Petroleum & Natural Gas) (400012),Infrastructure & Highways,Ministry of Petroleum & Natural Gas,400012,Gujarat,1084.56,1084.56,658.47,60.7,2021-03-01,2028-12-31,2028-12-31,2026-02-01,12,0.0,0
PAIM-400301,"Multi Product Pipeline from Irugur to Devangonthi (Department of Water Resources, River Development & GR) (400301)",Infrastructure & Highways,Ministry of Petroleum & Natural Gas,400301,Karnataka,4079.0,4079.0,2948.64,72.3,2021-03-01,2026-12-31,2029-12-31,2026-02-01,12,0.0,0
PAIM-701263,Rajasthan Refinery Project (MinistryofPetroleumNaturalGas) (701263),Infrastructure & Highways,Ministry of Petroleum & Natural Gas,701263,Karnataka,2656.71,2656.71,417.13,15.7,2023-03-01,2027-12-31,2028-12-31,2026-02-01,12,0.0,0
PAIM-709759,"Petrochemical evacuation marketing terminal at Barmer, Rajasthan (Hindustan Petroleum Corporation Limited [HPCL]) (70975",Infrastructure & Highways,Ministry of Petroleum & Natural Gas,709759,Rajasthan,2012.17,2012.17,377.15,18.7,2024-03-01,2027-12-31,2027-12-31,2026-02-01,24,0.0,0
PAIM-400043,Vallur [Chennai] (Ministry of Petroleum & Natural Gas) (400043),Infrastructure & Highways,Ministry of Petroleum & Natural Gas,400043,Tamil Nadu,4084.71,4084.71,1069.73,26.2,2023-03-01,2027-12-31,2029-12-31,2026-02-01,0,0.0,0
PAIM-400077,"Grass root POL Terminal at Vallur, Chennai (Indian Oil Corporation Limited [IOCL]) (400077)",Infrastructure & Highways,Ministry of Petroleum & Natural Gas,400077,Tamil Nadu,2791.35,2791.35,2258.67,80.9,2023-03-01,2026-12-31,2027-12-31,2026-02-01,0,0.0,0
PAIM-604852,"Grass-root Terminal at Mirzapur, Uttar Pradesh (Ministry of Petroleum & Natural Gas) (604852)",Infrastructure & Highways,Ministry of Petroleum & Natural Gas,604852,Uttar Pradesh,3944.24,3944.24,2166.72,54.9,2024-03-01,2028-12-31,2027-12-31,2026-02-01,12,0.0,0
PAIM-400120,KG-DWN-98/2 Cluster - II Development Project - NELP Block (Oil and Natural Gas Corporation Limited [ONGC]) (400120),Infrastructure & Highways,Ministry of Petroleum & Natural Gas,400120,Andhra Pradesh,2336.58,2336.58,1055.47,45.2,2021-03-01,2027-12-31,2027-12-31,2026-02-01,24,0.0,0
PAIM-709752,HP-COAT [Crude to Olefins and Aromatics Technology] demo unit at Visakh Refinery (Hindustan Petroleum Corporation Limite,Infrastructure & Highways,Ministry of Petroleum & Natural Gas,709752,Andhra Pradesh,4096.13,4096.13,1667.74,40.7,2022-03-01,2027-12-31,2029-12-31,2026-02-01,18,0.0,0
PAIM-709766,"City Gas Distribution Project at Kurnool, Guntur & Prakasam Districts (MinistryofPetroleumNaturalGas) (709766)",Infrastructure & Highways,Ministry of Petroleum & Natural Gas,709766,Andhra Pradesh,2524.76,2524.76,897.23,35.5,2024-03-01,2028-12-31,2027-12-31,2026-02-01,6,0.0,0
PAIM-617304,"Setting up of LPG Plant with Rail Unloading Facility at Hathua, Dist. Gopalganj, Bihar (MinistryofPetroleumNaturalGas) (",Infrastructure & Highways,Ministry of Petroleum & Natural Gas,617304,Bihar,4031.83,4031.83,575.21,14.3,2021-03-01,2027-12-31,2027-12-31,2026-02-01,24,0.0,0
PAIM-701324,Barauni Refinery Capacity Expansion from 6.0 to 9.0 MMTPA (Ministry of Petroleum & Natural Gas) (701324),Infrastructure & Highways,Ministry of Petroleum & Natural Gas,701324,Bihar,1476.58,1476.58,839.89,56.9,2023-03-01,2028-12-31,2027-12-31,2026-02-01,0,0.0,0
PAIM-709777,Refinery (MinistryofPetroleumNaturalGas) (709777),Infrastructure & Highways,Ministry of Petroleum & Natural Gas,709777,Bihar,298.42,298.42,55.46,18.6,2024-03-01,2028-12-31,2029-12-31,2026-02-01,24,0.0,0
PAIM-709792,Sheohar districts (Bharat Petroleum Corporation Limited [BPCL]) (709792),Infrastructure & Highways,Ministry of Petroleum & Natural Gas,709792,Bihar,3498.45,3498.45,1118.88,32.0,2024-03-01,2028-12-31,2027-12-31,2026-02-01,0,0.0,0
PAIM-709793,Champaran and Deoria districts (Bharat Petroleum Corporation Limited [BPCL]) (709793),Infrastructure & Highways,Ministry of Petroleum & Natural Gas,709793,Bihar,2053.35,2053.35,1541.06,75.1,2021-03-01,2028-12-31,2027-12-31,2026-02-01,6,0.0,0
PAIM-617819,Bijapur & Dantewada GA (Ministry of Petroleum & Natural Gas) (617819),Infrastructure & Highways,Ministry of Petroleum & Natural Gas,617819,Multi-State,2622.5,2622.5,616.74,23.5,2021-03-01,2027-12-31,2027-12-31,2026-02-01,12,0.0,0
PAIM-400087,Redevelopment of Sobhasan Complex (Oil and Natural Gas Corporation Limited [ONGC]) (400087),Infrastructure & Highways,Ministry of Petroleum & Natural Gas,400087,Gujarat,4180.54,4180.54,1131.04,27.1,2023-03-01,2028-12-31,2029-12-31,2026-02-01,24,0.0,0
PAIM-400167,Redevelopment of Santhal Field [Onshore-Mehsana Asset] (Oil and Natural Gas Corporation Limited [ONGC]) (400167),Infrastructure & Highways,Ministry of Petroleum & Natural Gas,400167,Gujarat,2081.43,2081.43,1217.52,58.5,2022-03-01,2027-12-31,2029-12-31,2026-02-01,0,0.0,0
PAIM-400169,Redevelopment of Linch Field (Oil and Natural Gas Corporation Limited [ONGC]) (400169),Infrastructure & Highways,Ministry of Petroleum & Natural Gas,400169,Gujarat,3541.11,3541.11,1563.48,44.2,2023-03-01,2028-12-31,2029-12-31,2026-02-01,6,0.0,0
PAIM-701329,Petrochemical and Lube Integration Project at Gujarat Refinery (Ministry of Petroleum & Natural Gas) (701329),Infrastructure & Highways,Ministry of Petroleum & Natural Gas,701329,Gujarat,305.62,305.62,254.68,83.3,2022-03-01,2027-12-31,2029-12-31,2026-02-01,18,0.0,0
PAIM-709778,Installation of new Biturox Unit along with allied facilities at Gujarat Refinery (MinistryofPetroleumNaturalGas) (70977,Infrastructure & Highways,Ministry of Petroleum & Natural Gas,709778,Gujarat,4102.51,4102.51,3045.1,74.2,2023-03-01,2027-12-31,2027-12-31,2026-02-01,12,0.0,0
PAIM-709838,Commercial Polymer Flooding Project in Bechraji field (Oil and Natural Gas Corporation Limited [ONGC]) (709838),Infrastructure & Highways,Ministry of Petroleum & Natural Gas,709838,Gujarat,4315.15,4315.15,690.19,16.0,2022-03-01,2028-12-31,2027-12-31,2026-02-01,36,0.0,0
PAIM-709840,"Restoration of Gas Terminal, Phase-I [Part-A], Hazira (Oil and Natural Gas Corporation Limited [ONGC]) (709840)",Infrastructure & Highways,Ministry of Petroleum & Natural Gas,709840,Gujarat,4081.97,4081.97,3057.19,74.9,2022-03-01,2027-12-31,2028-12-31,2026-02-01,6,0.0,0
PAIM-709841,Old Pipe Line Replacement [OPRP] Group-A (Oil and Natural Gas Corporation Limited [ONGC]) (709841),Infrastructure & Highways,Ministry of Petroleum & Natural Gas,709841,Gujarat,2719.36,2719.36,526.16,19.3,2022-03-01,2026-12-31,2027-12-31,2026-02-01,24,0.0,0
PAIM-709842,"Kalol Redevelopment Project, Ahmedabad Asset (Oil and Natural Gas Corporation Limited [ONGC]) (709842)",Infrastructure & Highways,Ministry of Petroleum & Natural Gas,709842,Gujarat,2013.27,2013.27,943.43,46.9,2022-03-01,2028-12-31,2027-12-31,2026-02-01,12,0.0,0
PAIM-709845,"Revamping of SV Stations, Gas Terminal & Kribhco Terminal (Oil and Natural Gas Corporation Limited [ONGC]) (709845)",Infrastructure & Highways,Ministry of Petroleum & Natural Gas,709845,Gujarat,2019.34,2019.34,1427.82,70.7,2023-03-01,2027-12-31,2028-12-31,2026-02-01,24,0.0,0
PAIM-604853,Faridabad (Ministry of Petroleum & Natural Gas) (604853),Infrastructure & Highways,Ministry of Petroleum & Natural Gas,604853,Haryana,1729.41,1729.41,989.98,57.2,2022-03-01,2028-12-31,2027-12-31,2026-02-01,18,0.0,0
PAIM-611917,Poly Butadiene Rubber plant at Panipat (Indian Oil Corporation Limited [IOCL]) (611917),Infrastructure & Highways,Ministry of Petroleum & Natural Gas,611917,Haryana,2145.73,2145.73,699.02,32.6,2024-03-01,2026-12-31,2028-12-31,2026-02-01,24,0.0,0
PAIM-701289,Capacity Expansion of Panipat Refinery from 15 to 25 MMTPA (Ministry of Petroleum & Natural Gas) (701289),Infrastructure & Highways,Ministry of Petroleum & Natural Gas,701289,Haryana,798.59,798.59,144.68,18.1,2021-03-01,2028-12-31,2027-12-31,2026-02-01,24,0.0,0
PAIM-709783,and Petrochemical Complex. (MinistryofPetroleumNaturalGas) (709783),Infrastructure & Highways,Ministry of Petroleum & Natural Gas,709783,Haryana,2088.15,2088.15,1341.28,64.2,2024-03-01,2027-12-31,2028-12-31,2026-02-01,6,0.0,0
PAIM-709773,Districts (MinistryofPetroleumNaturalGas) (709773),Infrastructure & Highways,Ministry of Petroleum & Natural Gas,709773,Haryana,2218.17,2218.17,414.99,18.7,2024-03-01,2027-12-31,2028-12-31,2026-02-01,18,0.0,0
PAIM-610984,Development of Jharia CBM Block [Phase-1] (Oil and Natural Gas Corporation Limited [ONGC]) (610984),Infrastructure & Highways,Ministry of Petroleum & Natural Gas,610984,Multi-State,3279.45,3279.45,2326.68,70.9,2022-03-01,2026-12-31,2029-12-31,2026-02-01,18,0.0,0
PAIM-709785,Laying of Natural Gas Pipeline from Hazaribagh to Ranchi [HRPL] (MinistryofPetroleumNaturalGas) (709785),Infrastructure & Highways,Ministry of Petroleum & Natural Gas,709785,Multi-State,1656.21,1656.21,299.57,18.1,2023-03-01,2028-12-31,2029-12-31,2026-02-01,24,0.0,0
PAIM-612790,Power System Upgradation Project (Mangalore Refinary and Petrochemicals Limited) (612790),Infrastructure & Highways,Ministry of Petroleum & Natural Gas,612790,Karnataka,2955.26,2955.26,772.43,26.1,2024-03-01,2028-12-31,2027-12-31,2026-02-01,12,0.0,0
PAIM-616879,Demo Bio-ATF Project (Ministry of Petroleum & Natural Gas) (616879),Infrastructure & Highways,Ministry of Petroleum & Natural Gas,616879,Karnataka,621.8,621.8,466.91,75.1,2024-03-01,2026-12-31,2027-12-31,2026-02-01,12,0.0,0
PAIM-709774,Revamping/ Augmentation of facilities at existing port terminal at Mangalore (Ministry of Petroleum & Natural Gas) (7097,Infrastructure & Highways,Ministry of Petroleum & Natural Gas,709774,Karnataka,1951.7,1951.7,1058.05,54.2,2021-03-01,2026-12-31,2027-12-31,2026-02-01,36,0.0,0
PAIM-617838,Palakkad TOP (Ministry of Petroleum & Natural Gas) (617838),Infrastructure & Highways,Ministry of Petroleum & Natural Gas,617838,Multi-State,4120.45,4120.45,2801.66,68.0,2023-03-01,2026-12-31,2028-12-31,2026-02-01,0,0.0,0
PAIM-709799,Setting up Polypropylene Unit at Kochi Refinery (MinistryofPetroleumNaturalGas) (709799),Infrastructure & Highways,Ministry of Petroleum & Natural Gas,709799,Madhya Pradesh,3797.34,3797.34,1087.06,28.6,2023-03-01,2028-12-31,2027-12-31,2026-02-01,18,0.0,0
PAIM-617830,C2/C3 Vijaipur Pata Pipeline (Ministry of Petroleum & Natural Gas) (617830),Infrastructure & Highways,Ministry of Petroleum & Natural Gas,617830,Madhya Pradesh,2975.19,2975.19,2513.14,84.5,2021-03-01,2028-12-31,2027-12-31,2026-02-01,36,0.0,0
PAIM-709798,and expansion of Refinery (MinistryofPetroleumNaturalGas) (709798),Infrastructure & Highways,Ministry of Petroleum & Natural Gas,709798,Madhya Pradesh,491.82,491.82,275.71,56.1,2023-03-01,2026-12-31,2028-12-31,2026-02-01,36,0.0,0
PAIM-400168,"500 KTA PDHPP Project, Usar (Ministry of Petroleum & Natural Gas) (400168)",Infrastructure & Highways,Ministry of Petroleum & Natural Gas,400168,Maharashtra,669.2,669.2,279.62,41.8,2023-03-01,2026-12-31,2029-12-31,2026-02-01,18,0.0,0
PAIM-616933,Lube Modernization & Bottom Upgradation Project at Mumbai Refinery (Ministry of Petroleum and Natural Gas) (616933),Infrastructure & Highways,Ministry of Petroleum & Natural Gas,616933,Maharashtra,2920.4,2920.4,2091.83,71.6,2024-03-01,2027-12-31,2028-12-31,2026-02-01,0,0.0,0
PAIM-709760,HP TDAE Unit in Mumbai Refinery (Hindustan Petroleum Corporation Limited) (709760),Infrastructure & Highways,Ministry of Petroleum & Natural Gas,709760,Maharashtra,4086.96,4086.96,855.59,20.9,2024-03-01,2026-12-31,2028-12-31,2026-02-01,18,0.0,0
PAIM-709771,"City Gas Distribution Project at Beed, Jalgaon and Jalna Districts (MinistryofPetroleumNaturalGas) (709771)",Infrastructure & Highways,Ministry of Petroleum & Natural Gas,709771,Maharashtra,1771.16,1771.16,1473.85,83.2,2024-03-01,2027-12-31,2027-12-31,2026-02-01,24,0.0,0
PAIM-709780,Construction of Additional Tankages and Allied Facilities at JNPT Terminal (MinistryofPetroleumNaturalGas) (709780),Infrastructure & Highways,Ministry of Petroleum & Natural Gas,709780,Maharashtra,2342.81,2342.81,1372.4,58.6,2024-03-01,2026-12-31,2027-12-31,2026-02-01,6,0.0,0
PAIM-709782,ATF Pipeline from Jawaharlal Nehru Port Trust to Navi Mumbai International Airport (Indian Oil Corporation Limited [IOCL,Infrastructure & Highways,Ministry of Petroleum & Natural Gas,709782,Maharashtra,1099.74,1099.74,196.32,17.9,2024-03-01,2027-12-31,2028-12-31,2026-02-01,36,0.0,0
PAIM-709797,POL & LOBS Installations with Receipt Pipelines at Rasayani (Bharat Petroleum Corporation Limited [BPCL]) (709797),Infrastructure & Highways,Ministry of Petroleum & Natural Gas,709797,Maharashtra,206.16,206.16,110.57,53.6,2021-03-01,2027-12-31,2027-12-31,2026-02-01,6,0.0,0
PAIM-709846,Part Replacement Pipeline Project  [PRPP] (Oil and Natural Gas Corporation Limited [ONGC]) (709846),Infrastructure & Highways,Ministry of Petroleum & Natural Gas,709846,Maharashtra,3605.53,3605.53,2829.26,78.5,2024-03-01,2026-12-31,2028-12-31,2026-02-01,0,0.0,0
PAIM-616254,Visakh Raipur Pipeline Project (Ministry of Petroleum and Natural Gas) (616254),Infrastructure & Highways,Ministry of Petroleum & Natural Gas,616254,Maharashtra,3165.58,3165.58,1635.17,51.7,2023-03-01,2026-12-31,2027-12-31,2026-02-01,18,0.0,0
PAIM-709757,"CGD Project in Banka, Dumka, Godda, Jamtara, Pakur, Sahibganj GA ID 11A.02 (Hindustan Petroleum Corporation Limited) (70",Infrastructure & Highways,Ministry of Petroleum & Natural Gas,709757,Bihar,2129.36,2129.36,919.81,43.2,2024-03-01,2026-12-31,2028-12-31,2026-02-01,6,0.0,0
PAIM-701354,Mumbai Nagpur Jharsuguda Pipeline Project (Ministry of Petroleum & Natural Gas) (701354),Infrastructure & Highways,Ministry of Petroleum & Natural Gas,701354,Maharashtra,3124.47,3124.47,920.68,29.5,2023-03-01,2026-12-31,2029-12-31,2026-02-01,18,0.0,0
PAIM-701330,Mehsana-Bhatinda & Bhatinda-Jammu Natural Gas Pipeline (Ministry of Petroleum & Natural Gas) (701330),Infrastructure & Highways,Ministry of Petroleum & Natural Gas,701330,Maharashtra,3649.21,3649.21,2016.95,55.3,2024-03-01,2026-12-31,2028-12-31,2026-02-01,6,0.0,0
PAIM-612853,Gurdaspur Jammu Pipeline (Gas Authority of India Limited [GAIL]) (612853),Infrastructure & Highways,Ministry of Petroleum & Natural Gas,612853,Gujarat,2617.28,2617.28,331.39,12.7,2023-03-01,2027-12-31,2029-12-31,2026-02-01,36,0.0,0
PAIM-701228,Kochi - Koottanad - Bangalore - Mangalore Pipeline Phase-II (Ministry of Petroleum & Natural Gas) (701228),Infrastructure & Highways,Ministry of Petroleum & Natural Gas,701228,Maharashtra,2604.87,2604.87,1148.98,44.1,2021-03-01,2027-12-31,2027-12-31,2026-02-01,12,0.0,0
PAIM-701338,City Gas Distribution Maharashtra Natural Gas Limited (Ministry of Petroleum & Natural Gas) (701338),Infrastructure & Highways,Ministry of Petroleum & Natural Gas,701338,Maharashtra,2818.45,2818.45,1750.32,62.1,2022-03-01,2028-12-31,2028-12-31,2026-02-01,36,0.0,0
PAIM-701344,Dhamra Haldia Pipeline Project (Ministry of Petroleum & Natural Gas) (701344),Infrastructure & Highways,Ministry of Petroleum & Natural Gas,701344,Maharashtra,1657.71,1657.71,513.22,31.0,2021-03-01,2026-12-31,2028-12-31,2026-02-01,12,0.0,0
PAIM-709794,and Hanumangarh districts (Bharat Petroleum Corporation Limited [BPCL]) (709794),Infrastructure & Highways,Ministry of Petroleum & Natural Gas,709794,Rajasthan,659.25,659.25,520.76,79.0,2022-03-01,2027-12-31,2027-12-31,2026-02-01,0,0.0,0
PAIM-604859,Refinery (Ministry of Petroleum & Natural Gas) (604859),Infrastructure & Highways,Ministry of Petroleum & Natural Gas,604859,Odisha,2330.44,2330.44,354.13,15.2,2021-03-01,2028-12-31,2029-12-31,2026-02-01,24,0.0,0
PAIM-617818,"City Gas Distribution [CGD] Project in Gajapati, Kandhamal, Boudh, & Sonepur GA (Ministry of Petroleum & Natural Gas) (6",Infrastructure & Highways,Ministry of Petroleum & Natural Gas,617818,Odisha,4141.45,4141.45,627.79,15.2,2021-03-01,2026-12-31,2027-12-31,2026-02-01,0,0.0,0
PAIM-709800,"CUF POL Depot at Sadashibpur [Meramundali], Odisha (MinistryofPetroleumNaturalGas) (709800)",Infrastructure & Highways,Ministry of Petroleum & Natural Gas,709800,Odisha,2843.71,2843.71,2387.9,84.0,2024-03-01,2026-12-31,2028-12-31,2026-02-01,12,0.0,0
PAIM-400119,Life Extension of 48 well platforms of Mumbai High & Heera Fields (Oil and Natural Gas Corporation Limited [ONGC]) (4001,Infrastructure & Highways,Ministry of Petroleum & Natural Gas,400119,Odisha,1778.47,1778.47,1176.16,66.1,2021-03-01,2026-12-31,2029-12-31,2026-02-01,36,0.0,0
PAIM-616950,PRP-VIII [Group-A] (Ministry of Petroleum & Natural Gas) (616950),Infrastructure & Highways,Ministry of Petroleum & Natural Gas,616950,Multi-State,3538.12,3538.12,543.97,15.4,2024-03-01,2026-12-31,2027-12-31,2026-02-01,0,0.0,0
PAIM-709839,Daman Upside Development Project (Oil and Natural Gas Corporation Limited [ONGC]) (709839),Infrastructure & Highways,Ministry of Petroleum & Natural Gas,709839,Multi-State,3050.99,3050.99,878.46,28.8,2024-03-01,2026-12-31,2027-12-31,2026-02-01,36,0.0,0
PAIM-709848,MHN TCPP PGC BGC Project [MTPBP] (Ministry of Petroleum & Natural Gas) (709848),Infrastructure & Highways,Ministry of Petroleum & Natural Gas,709848,Multi-State,1089.52,1089.52,820.82,75.3,2023-03-01,2027-12-31,2027-12-31,2026-02-01,36,0.0,0
PAIM-709849,PRP-VIII Group B [NH & BS Asset] (Ministry of Petroleum & Natural Gas) (709849),Infrastructure & Highways,Ministry of Petroleum & Natural Gas,709849,Multi-State,889.08,889.08,590.65,66.4,2021-03-01,2028-12-31,2027-12-31,2026-02-01,24,0.0,0
PAIM-709851,Integrated Development of 4 Contract Areas under DSF-II (Ministry of Petroleum & Natural Gas) (709851),Infrastructure & Highways,Ministry of Petroleum & Natural Gas,709851,Multi-State,472.23,472.23,57.52,12.2,2023-03-01,2028-12-31,2029-12-31,2026-02-01,0,0.0,0
PAIM-400171,2G Ethanol Biorefinery at Bathinda (Hindustan Petroleum Corporation Limited [HPCL]) (400171),Infrastructure & Highways,Ministry of Petroleum & Natural Gas,400171,Punjab,4163.86,4163.86,2712.42,65.1,2023-03-01,2026-12-31,2028-12-31,2026-02-01,0,0.0,0
PAIM-709770,City Gas Distribution Project at Pathankot District (MinistryofPetroleumNaturalGas) (709770),Infrastructure & Highways,Ministry of Petroleum & Natural Gas,709770,Tamil Nadu,3308.16,3308.16,963.49,29.1,2023-03-01,2026-12-31,2029-12-31,2026-02-01,12,0.0,0
PAIM-604795,CBR 9 MMTPA Project (Chennai Petroleum Corporation Limited [CPCL]) (604795),Infrastructure & Highways,Ministry of Petroleum & Natural Gas,604795,Tamil Nadu,2672.59,2672.59,1170.82,43.8,2023-03-01,2026-12-31,2028-12-31,2026-02-01,24,0.0,0
PAIM-709750,between CPCL Manali Refinery and CPCL Desalination plant at Ennore (Chennai Petroleum Corporation Limited [CPCL]) (70975,Infrastructure & Highways,Ministry of Petroleum & Natural Gas,709750,Tamil Nadu,3532.98,3532.98,2695.13,76.3,2024-03-01,2028-12-31,2029-12-31,2026-02-01,36,0.0,0
PAIM-709796,City Gas Distribution Projects at the Nilgiris and Erode districts (Bharat Petroleum Corporation Limited [BPCL]) (709796,Infrastructure & Highways,Ministry of Petroleum & Natural Gas,709796,Tamil Nadu,1996.42,1996.42,1287.57,64.5,2022-03-01,2028-12-31,2028-12-31,2026-02-01,6,0.0,0
PAIM-617822,airport (MinistryofPetroleumNaturalGas) (617822),Infrastructure & Highways,Ministry of Petroleum & Natural Gas,617822,Tamil Nadu,1503.99,1503.99,238.92,15.9,2024-03-01,2027-12-31,2027-12-31,2026-02-01,24,0.0,0
PAIM-709781,Revamping / Augmentation of Facilities at Mathura Bitumen Plant (MinistryofPetroleumNaturalGas) (709781),Infrastructure & Highways,Ministry of Petroleum & Natural Gas,709781,Uttar Pradesh,1836.65,1836.65,312.12,17.0,2024-03-01,2028-12-31,2027-12-31,2026-02-01,6,0.0,0
PAIM-709795,"Shravasti,Balrampur, Siddharth Nagar & Maharajganj districts (Bharat Petroleum Corporation Limited [BPCL]) (709795)",Infrastructure & Highways,Ministry of Petroleum & Natural Gas,709795,Uttar Pradesh,2269.86,2269.86,1047.73,46.2,2024-03-01,2027-12-31,2027-12-31,2026-02-01,12,0.0,0
PAIM-617302,Durgapur - Haldia Pipeline [Section-3B of JHBDPL Project] (Ministry of Petroleum & Natural Gas) (617302),Infrastructure & Highways,Ministry of Petroleum & Natural Gas,617302,Uttar Pradesh,3673.28,3673.28,2300.58,62.6,2023-03-01,2027-12-31,2028-12-31,2026-02-01,12,0.0,0
PAIM-617828,Siliguri-Jhapa Pipeline Project (Indian Oil Corporation Limited [IOCL]) (617828),Infrastructure & Highways,Ministry of Petroleum & Natural Gas,617828,West Bengal,936.86,936.86,519.45,55.4,2023-03-01,2028-12-31,2029-12-31,2026-02-01,6,0.0,0
PAIM-617837,Siliguri Marketing Terminal [SMT] Capacity Augmentation Project (Ministry of Petroleum & Natural Gas) (617837),Infrastructure & Highways,Ministry of Petroleum & Natural Gas,617837,West Bengal,873.39,873.39,396.01,45.3,2022-03-01,2028-12-31,2027-12-31,2026-02-01,12,0.0,0
PAIM-709753,Haldia Panagarh Pipeline Project (Hindustan Petroleum Corporation Limited) (709753),Infrastructure & Highways,Ministry of Petroleum & Natural Gas,709753,West Bengal,1150.27,1150.27,733.21,63.7,2022-03-01,2026-12-31,2029-12-31,2026-02-01,36,0.0,0
PAIM-709758,"CGD Project in Malda, Birbhum, Murshidabad, Dakshin Dinajpur GA ID 11A.03 (Hindustan Petroleum Corporation Limited) (709",Infrastructure & Highways,Ministry of Petroleum & Natural Gas,709758,West Bengal,1921.54,1921.54,1311.76,68.3,2024-03-01,2028-12-31,2029-12-31,2026-02-01,6,0.0,0
PAIM-709772,"City Gas Distribution Project at East Mednipore, West Mednipore & Jhargram Districts (MinistryofPetroleumNaturalGas) (70",Infrastructure & Highways,Ministry of Petroleum & Natural Gas,709772,West Bengal,979.03,979.03,264.87,27.1,2021-03-01,2027-12-31,2027-12-31,2026-02-01,6,0.0,0
PAIM-709791,City Gas Distribution Projects at Alipurduar and Cooch Behar (Bharat Petroleum Corporation Limited [BPCL]) (709791),Infrastructure & Highways,Ministry of Petroleum & Natural Gas,709791,West Bengal,1436.5,1436.5,507.15,35.3,2022-03-01,2027-12-31,2028-12-31,2026-02-01,18,0.0,0
PAIM-701172,AIIMS Darbhanga (PMSSY AND Institute of NATIONAL Importance) (701172),Infrastructure & Highways,Ministry of Petroleum & Natural Gas,701172,Bihar,3683.74,3683.74,3121.72,84.7,2022-03-01,2028-12-31,2029-12-31,2026-02-01,6,0.0,0
PAIM-707020,"Establishment of new GMC Jamui (Medical Education, Ministry of Health and Family Welfare) (707020)",Infrastructure & Highways,Ministry of Petroleum & Natural Gas,707020,Bihar,4047.26,4047.26,2796.51,69.1,2024-03-01,2028-12-31,2029-12-31,2026-02-01,12,0.0,0
PAIM-707044,"Establishment of new GMC Korba (Medical Education, Ministry of Health and Family Welfare) (707044)",Infrastructure & Highways,Ministry of Petroleum & Natural Gas,707044,Bihar,484.89,484.89,308.15,63.6,2023-03-01,2026-12-31,2028-12-31,2026-02-01,6,0.0,0
PAIM-707045,"Establishment of new GMC Mahasamund (Medical Education, Ministry of Health and Family Welfare) (707045)",Infrastructure & Highways,Ministry of Petroleum & Natural Gas,707045,Multi-State,295.11,295.11,125.72,42.6,2022-03-01,2027-12-31,2029-12-31,2026-02-01,12,0.0,0
PAIM-707046,"Establishment of new GMC Kanker (Medical Education, Ministry of Health and Family Welfare) (707046)",Infrastructure & Highways,Ministry of Petroleum & Natural Gas,707046,Delhi,808.68,808.68,178.78,22.1,2023-03-01,2027-12-31,2028-12-31,2026-02-01,36,0.0,0
PAIM-617882,Delhi (PMSSY AND Institute of NATIONAL Importance) (617882),Infrastructure & Highways,Ministry of Petroleum & Natural Gas,617882,Delhi,1178.72,1178.72,992.11,84.2,2023-03-01,2027-12-31,2028-12-31,2026-02-01,36,0.0,0
PAIM-617883,"campuses of AIIMS, New Delhi (PMSSY AND Institute of NATIONAL Importance) (617883)",Infrastructure & Highways,Ministry of Petroleum & Natural Gas,617883,Delhi,489.35,489.35,128.74,26.3,2022-03-01,2028-12-31,2029-12-31,2026-02-01,36,0.0,0
PAIM-701170,AIIMS Rajkot (PMSSY AND Institute of NATIONAL Importance) (701170),Infrastructure & Highways,Ministry of Health and Family Welfare,701170,Gujarat,2002.32,2002.32,1049.66,52.4,2024-03-01,2027-12-31,2027-12-31,2026-02-01,18,0.0,0
PAIM-707049,"Establishment of new GMC Panchmahal (Medical Education, Ministry of Health and Family Welfare) (707049)",Infrastructure & Highways,Ministry of Health and Family Welfare,707049,Gujarat,593.91,593.91,308.98,52.0,2022-03-01,2027-12-31,2027-12-31,2026-02-01,24,0.0,0
PAIM-707050,"Establishment of new GMC Porbandar (Medical Education, Ministry of Health and Family Welfare) (707050)",Infrastructure & Highways,Ministry of Health and Family Welfare,707050,Gujarat,4107.96,4107.96,2484.1,60.5,2023-03-01,2026-12-31,2029-12-31,2026-02-01,24,0.0,0
PAIM-701173,AIIMS Majra Rewari Haryana (PMSSY AND Institute of NATIONAL Importance) (701173),Infrastructure & Highways,Ministry of Health and Family Welfare,701173,Gujarat,2596.52,2596.52,1035.8,39.9,2023-03-01,2028-12-31,2029-12-31,2026-02-01,18,0.0,0
PAIM-701167,AIIMS Kashmir at Awantipora Jammu & Kashmir (PMSSY AND Institute of NATIONAL Importance) (701167),Infrastructure & Highways,Ministry of Health and Family Welfare,701167,Haryana,3168.73,3168.73,2652.21,83.7,2024-03-01,2027-12-31,2027-12-31,2026-02-01,0,0.0,0
PAIM-707021,"Establishment of new GMC Koderma (Medical Education, Ministry of Health and Family Welfare) (707021)",Infrastructure & Highways,Ministry of Health and Family Welfare,707021,Multi-State,439.19,439.19,199.37,45.4,2021-03-01,2028-12-31,2027-12-31,2026-02-01,6,0.0,0
PAIM-707022,"Establishment of new GMC Chaibasa [Singhbhum] (Medical Education, Ministry of Health and Family Welfare) (707022)",Infrastructure & Highways,Ministry of Health and Family Welfare,707022,Madhya Pradesh,377.43,377.43,279.73,74.1,2023-03-01,2028-12-31,2028-12-31,2026-02-01,12,0.0,0
PAIM-707058,"Establishment of new GMC Rajgarh (Medical Education, Ministry of Health and Family Welfare) (707058)",Infrastructure & Highways,Ministry of Health and Family Welfare,707058,Madhya Pradesh,1190.86,1190.86,598.54,50.3,2021-03-01,2027-12-31,2029-12-31,2026-02-01,18,0.0,0
PAIM-707059,"Establishment of new GMC Mandla (Medical Education, Ministry of Health and Family Welfare) (707059)",Infrastructure & Highways,Ministry of Health and Family Welfare,707059,Madhya Pradesh,3152.29,3152.29,2484.19,78.8,2024-03-01,2027-12-31,2027-12-31,2026-02-01,36,0.0,0
PAIM-707069,"Establishment of new GMC Kapurthala (Medical Education, Ministry of Health and Family Welfare) (707069)",Infrastructure & Highways,Ministry of Health and Family Welfare,707069,Madhya Pradesh,3892.31,3892.31,3114.35,80.0,2024-03-01,2028-12-31,2027-12-31,2026-02-01,12,0.0,0
PAIM-707070,"Establishment of new GMC Hoshiarpur (Medical Education, Ministry of Health and Family Welfare) (707070)",Infrastructure & Highways,Ministry of Health and Family Welfare,707070,Punjab,249.89,249.89,108.23,43.3,2021-03-01,2027-12-31,2028-12-31,2026-02-01,36,0.0,0
PAIM-701168,ALL India Institute of Medical Sciences-AIIMS  Madurai (PMSSY AND Institute of NATIONAL Importance) (701168),Infrastructure & Highways,Ministry of Health and Family Welfare,701168,Tamil Nadu,611.55,611.55,122.97,20.1,2021-03-01,2027-12-31,2028-12-31,2026-02-01,12,0.0,0
PAIM-701171,AIIMS Bibinagar (PMSSY AND Institute of NATIONAL Importance) (701171),Infrastructure & Highways,Ministry of Health and Family Welfare,701171,Tamil Nadu,1147.35,1147.35,598.34,52.1,2022-03-01,2028-12-31,2028-12-31,2026-02-01,0,0.0,0
PAIM-707086,"Establishment of new GMC Rudrapur (Medical Education, Ministry of Health and Family Welfare) (707086)",Infrastructure & Highways,Ministry of Health and Family Welfare,707086,Telangana,2284.77,2284.77,1497.93,65.6,2022-03-01,2028-12-31,2027-12-31,2026-02-01,12,0.0,0
PAIM-707087,"Establishment of new GMC Pithoragarh (Medical Education, Ministry of Health and Family Welfare) (707087)",Infrastructure & Highways,Ministry of Health and Family Welfare,707087,Multi-State,822.23,822.23,610.0,74.2,2022-03-01,2026-12-31,2029-12-31,2026-02-01,18,0.0,0
PAIM-612167,"Visakhapatnam, Andhra Pradesh (Employee's State Insurance Company [ESIC]) (612167)",Infrastructure & Highways,Ministry of Health and Family Welfare,612167,Andhra Pradesh,725.74,725.74,180.02,24.8,2021-03-01,2026-12-31,2027-12-31,2026-02-01,24,0.0,0
PAIM-612185,Gujarat. (Employee's State Insurance Company [ESIC]) (612185),Infrastructure & Highways,Ministry of Health and Family Welfare,612185,Gujarat,2513.13,2513.13,866.32,34.5,2024-03-01,2026-12-31,2028-12-31,2026-02-01,18,0.0,0
PAIM-612186,350 Bedded [Upgradable to 500 beds] ESI Hospital at Sanand (Employee's State Insurance Company [ESIC]) (612186),Infrastructure & Highways,Ministry of Health and Family Welfare,612186,Gujarat,2359.52,2359.52,1295.6,54.9,2022-03-01,2027-12-31,2027-12-31,2026-02-01,18,0.0,0
PAIM-612211,to 150 beds. (Employee's State Insurance Company [ESIC]) (612211),Infrastructure & Highways,Ministry of Health and Family Welfare,612211,Gujarat,2521.61,2521.61,1677.81,66.5,2021-03-01,2027-12-31,2029-12-31,2026-02-01,18,0.0,0
PAIM-612745,"Construction of 200 bed ESI Hospital at Bommasandra, Karnataka (Employee's State Insurance Company [ESIC]) (612745)",Infrastructure & Highways,Ministry of Health and Family Welfare,612745,Gujarat,211.48,211.48,95.96,45.4,2021-03-01,2028-12-31,2029-12-31,2026-02-01,36,0.0,0
PAIM-612748,Karnataka (Employee's State Insurance Company [ESIC]) (612748),Infrastructure & Highways,Ministry of Ports,612748,Karnataka,1924.45,1924.45,386.51,20.1,2021-03-01,2026-12-31,2029-12-31,2026-02-01,36,0.0,0
PAIM-612188,"ESIC Hospital at Bibewadi, Pune (Employee's State Insurance Company [ESIC]) (612188)",Infrastructure & Highways,Ministry of Ports,612188,Maharashtra,458.44,458.44,361.07,78.8,2021-03-01,2028-12-31,2028-12-31,2026-02-01,24,0.0,0
PAIM-612213,"Construction of 200 Bedded ESIC Hospital at Butibori, Nagpur, Maharashtra. (Employee's State Insurance Company [ESIC]) (",Infrastructure & Highways,Ministry of Ports,612213,Maharashtra,439.05,439.05,150.94,34.4,2022-03-01,2026-12-31,2027-12-31,2026-02-01,12,0.0,0
PAIM-616691,"Housing for ESIC Hospital at Andheri, Mumbai (Employee's State Insurance Company [ESIC]) (616691)",Infrastructure & Highways,Ministry of Ports,616691,Maharashtra,1595.18,1595.18,393.43,24.7,2023-03-01,2027-12-31,2028-12-31,2026-02-01,18,0.0,0
PAIM-612513,"Construction of 100 Bedded ESI Hospital at Duburi, Odisha. (Employee's State Insurance Company [ESIC]) (612513)",Infrastructure & Highways,Ministry of Ports,612513,Maharashtra,2310.36,2310.36,338.16,14.6,2021-03-01,2027-12-31,2029-12-31,2026-02-01,0,0.0,0
PAIM-612178,"at Vallam Vadangal, SIPCOT, Sriperumbudur (Employee's State Insurance Company [ESIC]) (612178)",Infrastructure & Highways,Ministry of Ports,612178,Tamil Nadu,3301.32,3301.32,436.16,13.2,2023-03-01,2026-12-31,2027-12-31,2026-02-01,0,0.0,0
PAIM-612259,CONSTRUCTION OF 300 BEDDED HOSPITAL AT HARIDWAR (Employee's State Insurance Company [ESIC]) (612259),Infrastructure & Highways,Ministry of Ports,612259,Tamil Nadu,994.35,994.35,842.64,84.7,2021-03-01,2027-12-31,2028-12-31,2026-02-01,0,0.0,0
PAIM-708662,Medical college and further expansion on PPP basis. (Mumbai Port Trust [MPT]) (708662),Infrastructure & Highways,Ministry of Ports,708662,Maharashtra,1716.37,1716.37,983.12,57.3,2022-03-01,2026-12-31,2028-12-31,2026-02-01,18,0.0,0
PAIM-701565,Jal Marg Vikas Project (Inland Waterways Authority of India [IWAI]) (701565),Infrastructure & Highways,Ministry of Ports,701565,Maharashtra,3984.6,3984.6,1088.44,27.3,2022-03-01,2028-12-31,2027-12-31,2026-02-01,6,0.0,0
PAIM-611142,Fairway Development in West Bengal Farakka - Kahelgaon (Inland Waterways Authority of India [IWAI]) (611142),Infrastructure & Highways,Ministry of Ports,611142,West Bengal,1386.55,1386.55,261.1,18.8,2023-03-01,2028-12-31,2029-12-31,2026-02-01,24,0.0,0
PAIM-609424,Under PPP Mode (Deendayal Port Trust) (609424),Infrastructure & Highways,Ministry of Ports,609424,Gujarat,2795.23,2795.23,1539.57,55.1,2021-03-01,2026-12-31,2028-12-31,2026-02-01,6,0.0,0
PAIM-701568,Construction of oil jetty No.8 at old kandla through internal resources (Deendayal Port Trust [DPT]) (701568),Infrastructure & Highways,Ministry of Ports,701568,Gujarat,4064.37,4064.37,2660.33,65.5,2023-03-01,2027-12-31,2029-12-31,2026-02-01,0,0.0,0
PAIM-701570,"Replacement and revamping of pipeline projects in oil jetty area, Kandla (Deendayal Port Trust [DPT]) (701570)",Infrastructure & Highways,Ministry of Ports,701570,Gujarat,1353.3,1353.3,777.75,57.5,2023-03-01,2028-12-31,2027-12-31,2026-02-01,0,0.0,0
PAIM-617804,basis - Phase II (New Mangalore Port Authority) (617804),Infrastructure & Highways,Ministry of Ports,617804,Maharashtra,334.31,334.31,175.14,52.4,2023-03-01,2028-12-31,2028-12-31,2026-02-01,36,0.0,0
PAIM-400382,Rewas Port Project (Reliance Industries Ltd) (400382),Infrastructure & Highways,Ministry of Ports,400382,Maharashtra,2477.15,2477.15,294.81,11.9,2021-03-01,2026-12-31,2029-12-31,2026-02-01,0,0.0,0
PAIM-701586,Setting up of a Floating Storage and Regasification Unit [FSRU] - Mumbai (Mumbai Port Trust [MPT]) (701586),Infrastructure & Highways,Ministry of Ports,701586,Maharashtra,4078.54,4078.54,3404.54,83.5,2021-03-01,2028-12-31,2028-12-31,2026-02-01,6,0.0,0
PAIM-701574,Western Dock on BOT basis to handle Cape size vessels (Paradip Port Trust [PPT]) (701574),Infrastructure & Highways,Ministry of Ports,701574,Odisha,1894.02,1894.02,1408.9,74.4,2022-03-01,2027-12-31,2029-12-31,2026-02-01,6,0.0,0
PAIM-701576,"Berth No. 2 [previously Berth 3] of HDC Mechanization Project (Haldia Dock Complex, Syama Prasad Mookerjee Port Authorit",Infrastructure & Highways,Ministry of Ports,701576,West Bengal,2094.33,2094.33,1436.09,68.6,2023-03-01,2027-12-31,2028-12-31,2026-02-01,6,0.0,0
PAIM-701577,"Shalukkhali Liquid Cargo Handling Facility Development Project (Haldia Dock Complex, Syama Prasad Mookerjee Port Authori",Infrastructure & Highways,Ministry of Ports,701577,West Bengal,781.06,781.06,239.28,30.6,2024-03-01,2027-12-31,2028-12-31,2026-02-01,36,0.0,0
PAIM-707215,National Maritime Heritage Complex [NMHC] Phase-I (Indian Port Rail & Ropeway Corporation Ltd. [IPRCL]) (707215),Infrastructure & Highways,Ministry of Steel,707215,Gujarat,1686.24,1686.24,383.03,22.7,2024-03-01,2026-12-31,2028-12-31,2026-02-01,12,0.0,0
PAIM-707410,Infrastructure Development Phase 1 (National Highways & Infrastructure Development Corporation Ltd. [NHIDCL]) (707410),Infrastructure & Highways,Ministry of Steel,707410,Haryana,2055.19,2055.19,1691.08,82.3,2021-03-01,2026-12-31,2027-12-31,2026-02-01,18,0.0,0
PAIM-701658,Krishnapatnam Node - Phase 1 - Roads and Services Development (National Industrial Corridor Development Corporation) (70,Infrastructure & Highways,Ministry of Steel,701658,Andhra Pradesh,2678.67,2678.67,1259.57,47.0,2024-03-01,2027-12-31,2029-12-31,2026-02-01,6,0.0,0
PAIM-701657,Tumakuru Node - Phase 1 - Roads and Services Development (National Highways & Infrastructure Development Corporation Ltd,Infrastructure & Highways,Ministry of Steel,701657,Karnataka,772.03,772.03,452.85,58.7,2021-03-01,2026-12-31,2027-12-31,2026-02-01,12,0.0,0
PAIM-615202,Capacity expansion of Deposit-14 and 14 NMZ at Kirandul (National Mineral Development Corporation Limited [NMDC]) (61520,Infrastructure & Highways,Ministry of Steel,615202,Multi-State,3938.11,3938.11,2481.16,63.0,2023-03-01,2026-12-31,2027-12-31,2026-02-01,24,0.0,0
PAIM-617243,Replacement of Hot Leveller No.1 of Plate Mill at Bhilai Steel Plant (Steel Authority of India Limited [SAIL]) (617243),Infrastructure & Highways,Ministry of Steel,617243,Multi-State,3734.24,3734.24,2564.54,68.7,2023-03-01,2026-12-31,2027-12-31,2026-02-01,36,0.0,0
PAIM-617255,Secondary Emission at Bhilai Steel Plant (Steel Authority of India Limited [SAIL]) (617255),Infrastructure & Highways,Ministry of Steel,617255,Multi-State,1699.74,1699.74,417.12,24.5,2022-03-01,2026-12-31,2027-12-31,2026-02-01,18,0.0,0
PAIM-617256,Rebuilding of Coke Oven Battery No.7 & 8 at Bhilai Steel Plant (Steel Authority of India Limited [SAIL]) (617256),Infrastructure & Highways,Ministry of Steel,617256,Multi-State,2134.04,2134.04,1055.5,49.5,2023-03-01,2026-12-31,2028-12-31,2026-02-01,18,0.0,0
PAIM-706811,NMDC Slurry Pipeline Project Phase-1 (National Mineral Development Corporation Limited [NMDC]) (706811),Infrastructure & Highways,Ministry of Steel,706811,Multi-State,1175.85,1175.85,264.68,22.5,2022-03-01,2026-12-31,2029-12-31,2026-02-01,12,0.0,0
PAIM-709826,SCREENING PLANT-III AT KIRANDUL (National Mineral Development Corporation Limited [NMDC]) (709826),Infrastructure & Highways,Ministry of Steel,709826,Multi-State,2946.1,2946.1,454.18,15.4,2023-03-01,2027-12-31,2029-12-31,2026-02-01,36,0.0,0
PAIM-709827,CONSTRUCTION OF RESIDENTIAL TOWERS AT BIOM KIRANDUL COMPLEX (National Mineral Development Corporation Limited [NMDC]) (7,Infrastructure & Highways,Ministry of Steel,709827,Multi-State,2323.26,2323.26,1233.3,53.1,2023-03-01,2028-12-31,2028-12-31,2026-02-01,0,0.0,0
PAIM-400174,"New Sinter Plant at BSL, SAIL (Steel Authority of India Limited [SAIL]) (400174)",Infrastructure & Highways,Ministry of Steel,400174,Multi-State,4434.77,4434.77,2447.7,55.2,2023-03-01,2026-12-31,2027-12-31,2026-02-01,12,0.0,0
PAIM-617249,Replacement of existing Grinders in CRM-I & II at Bokaro Steel Plant (Steel Authority of India Limited [SAIL]) (617249),Infrastructure & Highways,Ministry of Steel,617249,Multi-State,3097.61,3097.61,2257.02,72.9,2024-03-01,2026-12-31,2027-12-31,2026-02-01,18,0.0,0
PAIM-617250,Secondary Emission Control in Converters of SMS-II at Bokaro Steel Plant (Steel Authority of India Limited [SAIL]) (6172,Infrastructure & Highways,Ministry of Steel,617250,Multi-State,1959.71,1959.71,285.4,14.6,2022-03-01,2026-12-31,2027-12-31,2026-02-01,24,0.0,0
PAIM-617253,Revamping of old sub-systems of Blast Furnace 3 at Bokaro Steel Plant (Steel Authority of India Limited [SAIL]) (617253),Infrastructure & Highways,Ministry of Steel,617253,Multi-State,3618.12,3618.12,996.97,27.6,2021-03-01,2027-12-31,2028-12-31,2026-02-01,36,0.0,0
PAIM-617254,Plant-1 at Bokaro Steel Plant (Steel Authority of India Limited [SAIL]) (617254),Infrastructure & Highways,Ministry of Steel,617254,Multi-State,2087.47,2087.47,1341.42,64.3,2024-03-01,2027-12-31,2028-12-31,2026-02-01,18,0.0,0
PAIM-617257,Rebuilding of Coke Oven Battery No.6 at Bokaro Steel Plant (Steel Authority of India Limited [SAIL]) (617257),Infrastructure & Highways,Ministry of Steel,617257,Multi-State,3606.95,3606.95,2681.77,74.4,2024-03-01,2027-12-31,2029-12-31,2026-02-01,12,0.0,0
PAIM-400121,"Complex of NMDC Limited at Ballari Dt, Karnataka. (National Mineral Development Corporation Limited [NMDC]) (400121)",Infrastructure & Highways,Ministry of Steel,400121,Karnataka,1878.07,1878.07,377.86,20.1,2022-03-01,2028-12-31,2027-12-31,2026-02-01,12,0.0,0
PAIM-612781,Rebuilding of COB 4 at Durgapur Steel Plant (Steel Authority of India Limited [SAIL]) (612781),Infrastructure & Highways,Ministry of Railways,612781,West Bengal,3741.07,3741.07,1814.2,48.5,2022-03-01,2028-12-31,2028-12-31,2026-02-01,18,0.0,0
PAIM-617242,Installation of New Bar Mill at Durgapur Steel Plant (Steel Authority of India Limited [SAIL]) (617242),Infrastructure & Highways,Ministry of Railways,617242,West Bengal,2115.75,2115.75,1765.99,83.5,2021-03-01,2027-12-31,2028-12-31,2026-02-01,12,0.0,0
PAIM-617246,Up-gradation of Blast Furnace No. 3 at Durgapur Steel Plant (Steel Authority of India Limited [SAIL]) (617246),Infrastructure & Highways,Ministry of Railways,617246,West Bengal,3749.86,3749.86,1640.6,43.8,2024-03-01,2028-12-31,2027-12-31,2026-02-01,0,0.0,0
PAIM-617248,Third Ladle Furnace in Secondary Refinery Unit at IISCO Steel Plant (Steel Authority of India Limited [SAIL]) (617248),Infrastructure & Highways,Ministry of Railways,617248,West Bengal,3956.04,3956.04,898.82,22.7,2022-03-01,2028-12-31,2028-12-31,2026-02-01,0,0.0,0
PAIM-617251,Revamping of Air Pollution Control Systems of SP-1 at Durgapur Steel Plant (Steel Authority of India Limited [SAIL]) (61,Infrastructure & Highways,Ministry of Railways,617251,West Bengal,1632.66,1632.66,498.29,30.5,2021-03-01,2028-12-31,2028-12-31,2026-02-01,18,0.0,0
PAIM-617338,Stamp Charge Battery No.12 Battery Proper at IISCO Steel Plant (Steel Authority of India Limited [SAIL]) (617338),Infrastructure & Highways,Ministry of Railways,617338,West Bengal,2844.91,2844.91,378.62,13.3,2021-03-01,2028-12-31,2029-12-31,2026-02-01,0,0.0,0
PAIM-400298,Nadikudi - Srikalahasti New Line (South Central Railway [SCR] - II) (400298),Infrastructure & Highways,Ministry of Railways,400298,Andhra Pradesh,923.26,923.26,773.85,83.8,2024-03-01,2027-12-31,2028-12-31,2026-02-01,0,0.0,0
PAIM-611752,GOOTY-PENDEKALLU DOUBLING  29.225 Km (South Central Railway [SCR] - II) (611752),Infrastructure & Highways,Ministry of Railways,611752,Andhra Pradesh,4340.36,4340.36,1822.25,42.0,2024-03-01,2026-12-31,2029-12-31,2026-02-01,36,0.0,0
PAIM-611754,GUNTAKAL WEST-MALLAPPA GATE RAIL OVER RAIL - ROR TRACK (South Central Railway [SCR] - II) (611754),Infrastructure & Highways,Ministry of Railways,611754,Andhra Pradesh,3077.28,3077.28,401.93,13.1,2021-03-01,2028-12-31,2029-12-31,2026-02-01,0,0.0,0
PAIM-611927,Kurnool - Setting up facilities for coach midlife rehabilitation workshop (WPO/Patna) (611927),Infrastructure & Highways,Ministry of Railways,611927,Andhra Pradesh,3088.25,3088.25,980.46,31.7,2023-03-01,2026-12-31,2028-12-31,2026-02-01,24,0.0,0
PAIM-612827,Simhachalam  7.135 km    PB 73 of 2023  24 NR (East Coast Railway [ECoR] - II) (612827),Infrastructure & Highways,Ministry of Railways,612827,Andhra Pradesh,3441.4,3441.4,1373.79,39.9,2021-03-01,2028-12-31,2027-12-31,2026-02-01,36,0.0,0
PAIM-616697,to Gangavaram port (East Coast Railway [ECoR] - II) (616697),Infrastructure & Highways,Ministry of Railways,616697,Andhra Pradesh,848.05,848.05,109.9,13.0,2021-03-01,2028-12-31,2027-12-31,2026-02-01,12,0.0,0
PAIM-617210,Tiupati Katpadi 104.39 kms (South Central Railway [SCR] - II) (617210),Infrastructure & Highways,Ministry of Railways,617210,Andhra Pradesh,3243.16,3243.16,1340.44,41.3,2022-03-01,2028-12-31,2028-12-31,2026-02-01,0,0.0,0
PAIM-617216,3rd Line between Gudur Renigunta 83.17 Km (South Central Railway [SCR] - II) (617216),Infrastructure & Highways,Ministry of Railways,617216,Andhra Pradesh,4436.84,4436.84,1067.95,24.1,2023-03-01,2027-12-31,2028-12-31,2026-02-01,6,0.0,0
PAIM-705253,Kurnool Coach Midlife Rehabilitation Project (WPO/Patna) (705253),Infrastructure & Highways,Ministry of Railways,705253,Andhra Pradesh,1297.4,1297.4,199.86,15.4,2021-03-01,2027-12-31,2029-12-31,2026-02-01,36,0.0,0
PAIM-705436,Kotapalli - Narasapur New Line (South Central Railway [SCR] - II) (705436),Infrastructure & Highways,Ministry of Railways,705436,Andhra Pradesh,376.85,376.85,302.34,80.2,2021-03-01,2028-12-31,2028-12-31,2026-02-01,12,0.0,0
PAIM-705633,Guntur-Guntakal Doubling Project (South Central Railway [SCR] - II) (705633),Infrastructure & Highways,Ministry of Railways,705633,Andhra Pradesh,1068.81,1068.81,708.79,66.3,2024-03-01,2028-12-31,2027-12-31,2026-02-01,12,0.0,0
PAIM-705648,Vijaywada-Gudur 3rd Line (RVNL - II) (705648),Infrastructure & Highways,Ministry of Railways,705648,Assam,4138.89,4138.89,3175.92,76.7,2022-03-01,2028-12-31,2027-12-31,2026-02-01,18,0.0,0
PAIM-400254,Sakri -Hasanpur [via Harnagar - Kusheshwar Asthan] New Railway line (East Central Railway [ECR] - I) (400254),Infrastructure & Highways,Ministry of Railways,400254,Bihar,1745.82,1745.82,1153.41,66.1,2024-03-01,2026-12-31,2027-12-31,2026-02-01,6,0.0,0
PAIM-617231,Construction of Bulb line at Nabinagar  Ankorah of East Central Railway (East Central Railway [ECR] - I) (617231),Infrastructure & Highways,Ministry of Railways,617231,Bihar,4239.34,4239.34,2435.97,57.5,2024-03-01,2028-12-31,2027-12-31,2026-02-01,6,0.0,0
PAIM-705364,Khagaria-Kusheshwar Asthan [42Km] new line project (East Central Railway [ECR] - I) (705364),Infrastructure & Highways,Ministry of Railways,705364,Bihar,4224.84,4224.84,2895.22,68.5,2022-03-01,2026-12-31,2029-12-31,2026-02-01,24,0.0,0
PAIM-705366,Hajipur-Sagauli New line (East Central Railway [ECR] - I) (705366),Infrastructure & Highways,Ministry of Railways,705366,Bihar,2744.1,2744.1,845.5,30.8,2024-03-01,2027-12-31,2028-12-31,2026-02-01,12,0.0,0
PAIM-705368,Araria Supaul New BG Line (East Central Railway [ECR] - I) (705368),Infrastructure & Highways,Ministry of Railways,705368,Bihar,3089.15,3089.15,468.57,15.2,2023-03-01,2027-12-31,2028-12-31,2026-02-01,36,0.0,0
PAIM-705373,"Biharsharif, Biharsharif to Barbigha , Barbigha to Shekhpura (East Central Railway [ECR] - I) (705373)",Infrastructure & Highways,Ministry of Railways,705373,Bihar,2093.76,2093.76,758.15,36.2,2021-03-01,2026-12-31,2028-12-31,2026-02-01,0,0.0,0
PAIM-705450,Jogbani-Biratnagar New Rail Line project (Indian Railway Construction International Limited [IRCON]) (705450),Infrastructure & Highways,Ministry of Railways,705450,Bihar,959.54,959.54,112.07,11.7,2024-03-01,2028-12-31,2028-12-31,2026-02-01,36,0.0,0
PAIM-705526,Samastipur-Darbhanga Doubling Railway Project (East Central Railway [ECR] - I) (705526),Infrastructure & Highways,Ministry of Railways,705526,Bihar,1076.22,1076.22,748.81,69.6,2024-03-01,2028-12-31,2029-12-31,2026-02-01,12,0.0,0
PAIM-705527,Sagauli-Valmiknagar (East Central Railway [ECR] - I) (705527),Infrastructure & Highways,Ministry of Railways,705527,Bihar,2896.34,2896.34,2076.57,71.7,2024-03-01,2027-12-31,2028-12-31,2026-02-01,0,0.0,0
PAIM-705528,Muzaffarpur-Sugauli (East Central Railway [ECR] - I) (705528),Infrastructure & Highways,Ministry of Railways,705528,Bihar,997.73,997.73,553.45,55.5,2023-03-01,2028-12-31,2027-12-31,2026-02-01,36,0.0,0
PAIM-706759,Rampur Dumra-Tal-Rajendrapul Additional Bridge and Railway Line Doubling (Indian Railway Construction International Limi,Infrastructure & Highways,Ministry of Railways,706759,Bihar,3456.76,3456.76,1919.77,55.5,2022-03-01,2026-12-31,2029-12-31,2026-02-01,6,0.0,0
PAIM-706860,Barauni-Bachwara [16 km] - 3rd & 4th line incl. Barauni yard remodelling [32 km] (East Central Railway [ECR] - I) (70686,Infrastructure & Highways,Ministry of Railways,706860,Bihar,1191.68,1191.68,583.02,48.9,2024-03-01,2026-12-31,2029-12-31,2026-02-01,12,0.0,0
PAIM-900874,JHAJHA - BATIA (East Central Railway [ECR] - I) (900874),Infrastructure & Highways,Ministry of Railways,900874,Bihar,1496.71,1496.71,729.98,48.8,2024-03-01,2026-12-31,2029-12-31,2026-02-01,18,0.0,0
PAIM-400220,Kharsia-Dharamjaygarh with Spur line [East Corridor-Phase 1] (Indian Railway Construction International Limited [IRCON]),Infrastructure & Highways,Ministry of Railways,400220,Bihar,3785.06,3785.06,674.83,17.8,2021-03-01,2026-12-31,2027-12-31,2026-02-01,24,0.0,0
PAIM-400291,Doubling of Kirandul-Jagdalpur Line [150 km] (East Coast Railway [ECoR] - II) (400291),Infrastructure & Highways,Ministry of Railways,400291,Multi-State,215.28,215.28,134.89,62.7,2024-03-01,2028-12-31,2029-12-31,2026-02-01,24,0.0,0
PAIM-602792,Kms - 2nd Material Modification to Raipur Titlagarh doubling. (SECR) (602792),Infrastructure & Highways,Ministry of Railways,602792,Multi-State,3898.48,3898.48,1865.69,47.9,2024-03-01,2028-12-31,2027-12-31,2026-02-01,24,0.0,0
PAIM-612815,4th line between Nipania Bhatapara 14.4 Km (South East Central Railway [SECR] - II) (612815),Infrastructure & Highways,Ministry of Railways,612815,Multi-State,4196.59,4196.59,1048.68,25.0,2021-03-01,2026-12-31,2027-12-31,2026-02-01,18,0.0,0
PAIM-617200,KHARSIA- NAYA RAIPUR-PARMALKASA 5th and 6th Line [278KM] (CAO/C/SECR) (617200),Infrastructure & Highways,Ministry of Railways,617200,Multi-State,2414.59,2414.59,818.2,33.9,2022-03-01,2026-12-31,2027-12-31,2026-02-01,0,0.0,0
PAIM-617374,"Dallirajhara - Rowghat New Rail Line Project, Phase-I (Rail Vikas Nigam Limited) (617374)",Infrastructure & Highways,Ministry of Railways,617374,Multi-State,2753.57,2753.57,1262.37,45.8,2021-03-01,2028-12-31,2027-12-31,2026-02-01,12,0.0,0
PAIM-705433,Dallirajhra- Rowghat New Railway Line - Phase I [95 km] (Rail Vikas Nigam Limited) (705433),Infrastructure & Highways,Ministry of Railways,705433,Multi-State,2462.67,2462.67,2029.18,82.4,2022-03-01,2027-12-31,2027-12-31,2026-02-01,0,0.0,0
PAIM-705444,Gevra Road-Pendra Road New Railway Line [135 km] (Indian Railway Construction International Limited [IRCON]) (705444),Infrastructure & Highways,Ministry of Railways,705444,Multi-State,3681.0,3681.0,474.08,12.9,2024-03-01,2027-12-31,2027-12-31,2026-02-01,0,0.0,0
PAIM-706854,Boridand - Ambikapur Doubling Line Project (South East Central Railway [SECR] - II) (706854),Infrastructure & Highways,Ministry of Railways,706854,Multi-State,2269.21,2269.21,998.94,44.0,2024-03-01,2027-12-31,2029-12-31,2026-02-01,6,0.0,0
PAIM-709815,4TH LINE - BHATAPARA-HATHBAND [8.8 KM] [PB-72/NR/2022-23] (SECR) (709815),Infrastructure & Highways,Ministry of Railways,709815,Multi-State,2973.44,2973.44,591.12,19.9,2022-03-01,2026-12-31,2027-12-31,2026-02-01,12,0.0,0
PAIM-709816,4TH LINE - BHILAI-BHILAI NAGAR [8.8 KM] [PB-72/NR/2022-23] (SECR) (709816),Infrastructure & Highways,Ministry of Railways,709816,Multi-State,1509.55,1509.55,309.23,20.5,2024-03-01,2028-12-31,2027-12-31,2026-02-01,0,0.0,0
PAIM-709817,4TH LINE - DADHAPARA-BELHA [9.2 KM] [PB-72/NR/2022-23] (SECR) (709817),Infrastructure & Highways,Ministry of Railways,709817,Multi-State,2067.97,2067.97,1721.94,83.3,2023-03-01,2026-12-31,2028-12-31,2026-02-01,36,0.0,0
PAIM-709818,4TH LINE RAJNANDGAON-DONGARHGARH [31.2 KM] [PB-72/NR/2022-23] (SECR) (709818),Infrastructure & Highways,Ministry of Railways,709818,Multi-State,4086.61,4086.61,2362.85,57.8,2024-03-01,2026-12-31,2029-12-31,2026-02-01,0,0.0,0
PAIM-709819,3RD AND 4TH LINE - SARAGBUNDIA AND MADWARANI (SECR) (709819),Infrastructure & Highways,Ministry of Railways,709819,Delhi,2526.4,2526.4,1195.56,47.3,2024-03-01,2027-12-31,2029-12-31,2026-02-01,24,0.0,0
PAIM-613785,infrastructure (Rail Land Development Authority) (613785),Infrastructure & Highways,Ministry of Railways,613785,Delhi,301.98,301.98,56.94,18.9,2021-03-01,2026-12-31,2028-12-31,2026-02-01,36,0.0,0
PAIM-617379,Development of New Bijwasan Railway Terminal (Northern Railways) (617379),Infrastructure & Highways,Ministry of Railways,617379,Delhi,1961.97,1961.97,982.17,50.1,2021-03-01,2028-12-31,2028-12-31,2026-02-01,6,0.0,0
PAIM-705583,Anand Vihar-Tilak Bridge 3rd & 4th line (CAO/C/NR) (705583),Infrastructure & Highways,Ministry of Railways,705583,Gujarat,666.05,666.05,154.54,23.2,2023-03-01,2027-12-31,2029-12-31,2026-02-01,18,0.0,0
PAIM-611918,Kosamba Umarpada 70 Km (PCE/WR) (611918),Infrastructure & Highways,Ministry of Railways,611918,Gujarat,3825.92,3825.92,1617.55,42.3,2023-03-01,2028-12-31,2029-12-31,2026-02-01,18,0.0,0
PAIM-611943,New Broad Gauge line between Naliya to Jakhau Port (Western Railway [WR] - II) (611943),Infrastructure & Highways,Ministry of Railways,611943,Gujarat,3331.33,3331.33,2670.06,80.1,2023-03-01,2028-12-31,2029-12-31,2026-02-01,18,0.0,0
PAIM-611945,Petlad Bhadran 23 Kms (Western Railway) (611945),Infrastructure & Highways,Ministry of Railways,611945,Gujarat,1767.77,1767.77,548.19,31.0,2024-03-01,2027-12-31,2028-12-31,2026-02-01,0,0.0,0
PAIM-611970,Samlaya Timba Road 54 km (PCE/WR) (611970),Infrastructure & Highways,Ministry of Railways,611970,Gujarat,3443.18,3443.18,2011.41,58.4,2022-03-01,2026-12-31,2028-12-31,2026-02-01,0,0.0,0
PAIM-611971,Samni Jambusar 24 km (PCE/WR) (611971),Infrastructure & Highways,Ministry of Railways,611971,Gujarat,3734.53,3734.53,1652.37,44.2,2024-03-01,2026-12-31,2029-12-31,2026-02-01,24,0.0,0
PAIM-611974,Western Railway Samakhiali Gandhidham Quadrupiling 53 Kms (Western Railway [WR] - II) (611974),Infrastructure & Highways,Ministry of Railways,611974,Gujarat,4457.71,4457.71,3684.92,82.7,2021-03-01,2026-12-31,2029-12-31,2026-02-01,0,0.0,0
PAIM-611977,Manufacturing  at (PCE/WR) (611977),Infrastructure & Highways,Ministry of Railways,611977,Gujarat,1020.94,1020.94,130.16,12.7,2023-03-01,2027-12-31,2029-12-31,2026-02-01,6,0.0,0
PAIM-611978,Dahod Rolling Stock Workshop Provision of Infrastructure for CBS at (PCE/WR) (611978),Infrastructure & Highways,Ministry of Railways,611978,Gujarat,2158.95,2158.95,1054.36,48.8,2021-03-01,2028-12-31,2028-12-31,2026-02-01,6,0.0,0
PAIM-611979,Sabarmati  Setting up of Maintenance Facilities for Train Sets Phase ii (Western Railway [WR] - II) (611979),Infrastructure & Highways,Ministry of Railways,611979,Gujarat,1041.58,1041.58,815.44,78.3,2021-03-01,2028-12-31,2027-12-31,2026-02-01,36,0.0,0
PAIM-612072,4th LINE BETWEEN BAREJADI NANDEJ-SANAND-AHMEDABAD BYPASS (Western Railway WR - II) (612072),Infrastructure & Highways,Ministry of Railways,612072,Gujarat,1923.03,1923.03,766.28,39.8,2021-03-01,2026-12-31,2028-12-31,2026-02-01,6,0.0,0
PAIM-613786,"engineering, procurement and construction mode (Rail Land Development Authority) (613786)",Infrastructure & Highways,Ministry of Railways,613786,Gujarat,1595.23,1595.23,283.74,17.8,2022-03-01,2028-12-31,2027-12-31,2026-02-01,6,0.0,0
PAIM-618972,Devbhumi Dwarka [Okha] - Kanalus Doubling (Western Railway [WR] - II) (618972),Infrastructure & Highways,Ministry of Railways,618972,Gujarat,4065.48,4065.48,835.61,20.6,2023-03-01,2028-12-31,2027-12-31,2026-02-01,0,0.0,0
PAIM-705458,Miyagam-Karjan-Dabhoi-Samlaya [GC] (Western Railway [WR] - II) (705458),Infrastructure & Highways,Ministry of Railways,705458,Gujarat,2460.19,2460.19,331.9,13.5,2024-03-01,2028-12-31,2028-12-31,2026-02-01,24,0.0,0
PAIM-706757,Modasa-Shamlaji Road Railway Line Project (Western Railway WR - II) (706757),Infrastructure & Highways,Ministry of Railways,706757,Gujarat,3464.32,3464.32,971.21,28.0,2024-03-01,2026-12-31,2028-12-31,2026-02-01,24,0.0,0
PAIM-706763,Rajkot - Kanalus Doubling Project [111.2 Kms] (Western Railway WR - II) (706763),Infrastructure & Highways,Ministry of Railways,706763,Gujarat,3932.16,3932.16,601.81,15.3,2023-03-01,2028-12-31,2029-12-31,2026-02-01,6,0.0,0
PAIM-709812,NADIAD-PETLAD [37.26 KM] (Railway) (709812),Infrastructure & Highways,Ministry of Railways,709812,Gujarat,1777.52,1777.52,784.43,44.1,2023-03-01,2026-12-31,2028-12-31,2026-02-01,0,0.0,0
PAIM-709813,BOTAD-AHMEDABAD [16.51 KM] (Western Railway [WR] - II) (709813),Infrastructure & Highways,Ministry of Railways,709813,Gujarat,4037.16,4037.16,2807.75,69.5,2024-03-01,2026-12-31,2028-12-31,2026-02-01,36,0.0,0
PAIM-611884,Bhiwani - Dobh Bahali Doubling Project [42.30 Km] (North Western Railway [NWR]) (611884),Infrastructure & Highways,Ministry of Railways,611884,Gujarat,3033.09,3033.09,2495.54,82.3,2021-03-01,2026-12-31,2029-12-31,2026-02-01,18,0.0,0
PAIM-617372,Doubling between Pradhankunta-Patherih-Bhojudih of East Central Railway (East Central Railway [ECR] - I) (617372),Infrastructure & Highways,Ministry of Railways,617372,Haryana,3439.55,3439.55,779.08,22.7,2024-03-01,2027-12-31,2027-12-31,2026-02-01,0,0.0,0
PAIM-617832,Koderma-Arigada Doubling 133.38 Km of East Central Railway (East Central Railway [ECR] - I) (617832),Infrastructure & Highways,Ministry of Railways,617832,Multi-State,4238.6,4238.6,956.76,22.6,2024-03-01,2026-12-31,2029-12-31,2026-02-01,0,0.0,0
PAIM-705765,Gomoh - Flyover for DN trains (East Central Railway [ECR] - I) (705765),Infrastructure & Highways,Ministry of Railways,705765,Multi-State,1914.29,1914.29,263.07,13.7,2021-03-01,2028-12-31,2028-12-31,2026-02-01,12,0.0,0
PAIM-705785,Lodhma - Piska - Link Line bypassing Hatia/Ranchi with Y connection (South Eastern Railway [SER] - I) (705785),Infrastructure & Highways,Ministry of Railways,705785,Multi-State,708.73,708.73,406.48,57.4,2021-03-01,2027-12-31,2027-12-31,2026-02-01,6,0.0,0
PAIM-706837,Pradhan Kuntha Jn Line Doubling Project (East Central Railway [ECR] - I) (706837),Infrastructure & Highways,Ministry of Railways,706837,Multi-State,2748.42,2748.42,1524.22,55.5,2024-03-01,2027-12-31,2028-12-31,2026-02-01,0,0.0,0
PAIM-400023,Construction of New BG line between Hassan to Belur [27 Km] (South Western Railway [SWR] - II) (400023),Infrastructure & Highways,Ministry of Railways,400023,Karnataka,478.05,478.05,298.11,62.4,2023-03-01,2028-12-31,2027-12-31,2026-02-01,12,0.0,0
PAIM-703585,Yeshvanthpur - Channasandra Doubling Project [21.70 Km] (Karnataka Rail Infrastructure Development Company Limited [K-RI,Infrastructure & Highways,Ministry of Railways,703585,Karnataka,3965.46,3965.46,1634.4,41.2,2023-03-01,2028-12-31,2029-12-31,2026-02-01,12,0.0,0
PAIM-705434,New Railway Line between Ginigera and Raichur [165.57 km] (South Western Railway [SWR] - II) (705434),Infrastructure & Highways,Ministry of Railways,705434,Karnataka,2244.75,2244.75,1586.14,70.7,2021-03-01,2027-12-31,2027-12-31,2026-02-01,6,0.0,0
PAIM-705490,Gadag-Wadi New Railway Line [257 km] (South Western Railway [SWR] - II) (705490),Infrastructure & Highways,Ministry of Railways,705490,Karnataka,514.65,514.65,286.93,55.8,2022-03-01,2026-12-31,2027-12-31,2026-02-01,12,0.0,0
PAIM-705492,Kadur - Chickamagalur - Sakleshpur [93km] (South Western Railway [SWR] - II) (705492),Infrastructure & Highways,Ministry of Railways,705492,Karnataka,3180.31,3180.31,2190.09,68.9,2021-03-01,2027-12-31,2027-12-31,2026-02-01,0,0.0,0
PAIM-705495,Bagalkot-Kudachi New Railway Line [142 km] (South Western Railway [SWR] - II) (705495),Infrastructure & Highways,Ministry of Railways,705495,Karnataka,435.94,435.94,164.41,37.7,2022-03-01,2027-12-31,2027-12-31,2026-02-01,12,0.0,0
PAIM-705496,Tumkur-Chitradurga-Davangere New Rail Line Project [191 km] (South Western Railway [SWR] - II) (705496),Infrastructure & Highways,Ministry of Railways,705496,Karnataka,3519.82,3519.82,1752.66,49.8,2023-03-01,2027-12-31,2029-12-31,2026-02-01,6,0.0,0
PAIM-705663,Bangalore-Whitefield-Bangalore City-Krishnarajapuram [23.08 km] - Quadrupling (South Western Railway [SWR] - II) (705663,Infrastructure & Highways,Ministry of Railways,705663,Karnataka,2292.01,2292.01,956.42,41.7,2023-03-01,2027-12-31,2028-12-31,2026-02-01,12,0.0,0
PAIM-705761,SHIMOGA - SHIKARIPURA - RANEBENNUR [96 Km] (South Western Railway [SWR] - II) (705761),Infrastructure & Highways,Ministry of Railways,705761,Karnataka,838.52,838.52,195.92,23.4,2024-03-01,2026-12-31,2029-12-31,2026-02-01,6,0.0,0
PAIM-705941,Bangalore Suburban Railway Project (Karnataka Rail Infrastructure Development Company Limited [K-RIDE]) (705941),Infrastructure & Highways,Ministry of Railways,705941,Karnataka,4463.81,4463.81,2621.98,58.7,2023-03-01,2026-12-31,2029-12-31,2026-02-01,18,0.0,0
PAIM-706835,Belgaum-Dharwad via Kittur [73.10Km] (South Western Railway [SWR] - II) (706835),Infrastructure & Highways,Ministry of Railways,706835,Karnataka,1028.34,1028.34,426.34,41.5,2024-03-01,2026-12-31,2028-12-31,2026-02-01,6,0.0,0
PAIM-705638,Kumbalam-Turavur doubling project [15.59 Km] (Ministry of Railways) (705638),Infrastructure & Highways,Ministry of Railways,705638,Karnataka,301.17,301.17,173.21,57.5,2021-03-01,2028-12-31,2029-12-31,2026-02-01,12,0.0,0
PAIM-705639,Ernakulam-Kumbalam doubling project [7.71 Km] (SR-ERS) (705639),Infrastructure & Highways,Ministry of Railways,705639,Multi-State,2281.72,2281.72,543.09,23.8,2021-03-01,2027-12-31,2028-12-31,2026-02-01,24,0.0,0
PAIM-705480,"Lalitpur-Satna, Rewa-Singrauli & Mahoba-Khajuraho (North Central Railway) (705480)",Infrastructure & Highways,Ministry of Railways,705480,Madhya Pradesh,1922.43,1922.43,1014.11,52.8,2021-03-01,2027-12-31,2028-12-31,2026-02-01,24,0.0,0
PAIM-705651,Katni - Bina Third Railway Line [279 km] (West Central Railway WCR I) (705651),Infrastructure & Highways,Ministry of Railways,705651,Madhya Pradesh,1305.38,1305.38,648.86,49.7,2024-03-01,2028-12-31,2028-12-31,2026-02-01,36,0.0,0
PAIM-705659,Satna-Rewa Railway Line Doubling Project (West Central Railway [WCR] - II) (705659),Infrastructure & Highways,Ministry of Railways,705659,Madhya Pradesh,4413.34,4413.34,928.77,21.0,2021-03-01,2028-12-31,2029-12-31,2026-02-01,18,0.0,0
PAIM-705660,Doubling of Katni - Singrauli Railway Line [261 km] (Indian Railway Construction International Limited [IRCON]) (705660),Infrastructure & Highways,Ministry of Railways,705660,Madhya Pradesh,3387.81,3387.81,1866.84,55.1,2022-03-01,2027-12-31,2029-12-31,2026-02-01,6,0.0,0
PAIM-705661,Katni Grade Separator/Bye Pass (Indian Railway Construction International Limited [IRCON]) (705661),Infrastructure & Highways,Ministry of Railways,705661,Madhya Pradesh,1946.14,1946.14,1564.39,80.4,2023-03-01,2026-12-31,2027-12-31,2026-02-01,24,0.0,0
PAIM-705763,Indore - Budni New Railway Line [198 kms] (RVNL - II) (705763),Infrastructure & Highways,Ministry of Railways,705763,Madhya Pradesh,414.91,414.91,69.82,16.8,2023-03-01,2027-12-31,2029-12-31,2026-02-01,24,0.0,0
PAIM-705933,Nimach-Ratlam Doubling [133 Km] (Western Railway [WR] - II) (705933),Infrastructure & Highways,Ministry of Railways,705933,Madhya Pradesh,3802.05,3802.05,3078.86,81.0,2023-03-01,2028-12-31,2027-12-31,2026-02-01,36,0.0,0
PAIM-400019,DHULE [BORVIHIR] - NARDANA NEW LINE [50.60 KMS] (Central Railway) (400019),Infrastructure & Highways,Ministry of Railways,400019,Maharashtra,2771.13,2771.13,1591.85,57.4,2024-03-01,2026-12-31,2028-12-31,2026-02-01,24,0.0,0
PAIM-400271,Wardha-Nanded Via Yavatmal New BG Line (Central Railway [CR] - II) (400271),Infrastructure & Highways,Ministry of Railways,400271,Maharashtra,2784.36,2784.36,1712.37,61.5,2021-03-01,2028-12-31,2028-12-31,2026-02-01,0,0.0,0
PAIM-611751,AURANGABAD-ANKAI - DOUBLING PROJECT 98.25 Km (South Central Railway [SCR] - II) (611751),Infrastructure & Highways,Ministry of Railways,611751,Maharashtra,3134.59,3134.59,327.01,10.4,2021-03-01,2028-12-31,2027-12-31,2026-02-01,6,0.0,0
PAIM-613015,associated infrastructure (Rail Land Development Authority) (613015),Infrastructure & Highways,Ministry of Railways,613015,Maharashtra,3175.44,3175.44,413.18,13.0,2023-03-01,2026-12-31,2028-12-31,2026-02-01,6,0.0,0
PAIM-617201,Gondia-Balharshah [Chanda Fort] Doubling [240 Km] (South East Central Railway) (617201),Infrastructure & Highways,Ministry of Railways,617201,Maharashtra,3923.56,3923.56,733.83,18.7,2021-03-01,2028-12-31,2029-12-31,2026-02-01,24,0.0,0
PAIM-617215,Doubling between Parbhani  Parli Vaijanath stations  64.71 Km (South Central Railway [SCR] - II) (617215),Infrastructure & Highways,Ministry of Railways,617215,Maharashtra,602.32,602.32,83.56,13.9,2021-03-01,2027-12-31,2029-12-31,2026-02-01,18,0.0,0
PAIM-617361,Babupeth - Sasti New Rail Line [13.114 KMs] (CentralRailway) (617361),Infrastructure & Highways,Ministry of Railways,617361,Maharashtra,3473.76,3473.76,2849.57,82.0,2021-03-01,2026-12-31,2028-12-31,2026-02-01,18,0.0,0
PAIM-617364,Double Chord line Between Nilaje-Kopar (CentralRailway) (617364),Infrastructure & Highways,Ministry of Railways,617364,Maharashtra,4307.86,4307.86,3359.01,78.0,2022-03-01,2028-12-31,2027-12-31,2026-02-01,0,0.0,0
PAIM-705356,km] (Central Railway [CR] - II) (705356),Infrastructure & Highways,Ministry of Railways,705356,Maharashtra,4019.42,4019.42,1225.02,30.5,2023-03-01,2028-12-31,2027-12-31,2026-02-01,36,0.0,0
PAIM-705357,Baramati Lonand New Line Project (Central Railway) (705357),Infrastructure & Highways,Ministry of Railways,705357,Maharashtra,1113.25,1113.25,120.28,10.8,2023-03-01,2028-12-31,2028-12-31,2026-02-01,0,0.0,0
PAIM-705479,Wadsa-Gadchiroli (South East Central Railway) (705479),Infrastructure & Highways,Ministry of Railways,705479,Maharashtra,1790.96,1790.96,1406.04,78.5,2024-03-01,2027-12-31,2029-12-31,2026-02-01,36,0.0,0
PAIM-705498,3rd Line Kalyan - Kasara [67.35 Kilometres] (Central Railway) (705498),Infrastructure & Highways,Ministry of Railways,705498,Maharashtra,2596.34,2596.34,1939.92,74.7,2021-03-01,2026-12-31,2027-12-31,2026-02-01,24,0.0,0
PAIM-705500,3rd Line Wardha - Sewagram - Nagpur (Central Railway [CR] - II) (705500),Infrastructure & Highways,Ministry of Railways,705500,Maharashtra,2268.91,2268.91,289.15,12.7,2024-03-01,2028-12-31,2028-12-31,2026-02-01,36,0.0,0
PAIM-705502,3rd Line Wardha - Ballarshah [132 Kilometres] (Central Railway [CR] - II) (705502),Infrastructure & Highways,Ministry of Railways,705502,Maharashtra,2526.87,2526.87,1205.78,47.7,2023-03-01,2027-12-31,2027-12-31,2026-02-01,36,0.0,0
PAIM-705503,Pune - Miraj-Londa  [467 Kilometres] (Central Railway) (705503),Infrastructure & Highways,Ministry of Railways,705503,Maharashtra,3770.33,3770.33,571.12,15.1,2023-03-01,2028-12-31,2029-12-31,2026-02-01,0,0.0,0
PAIM-705504,Doubling of Daund Manmad Line [247.6 km] (Central Railway) (705504),Infrastructure & Highways,Ministry of Railways,705504,Maharashtra,4461.22,4461.22,3667.63,82.2,2023-03-01,2028-12-31,2028-12-31,2026-02-01,6,0.0,0
PAIM-705505,4th Line Wardha - Nagpur [78.7 Kilometres] (Central Railway [CR] - II) (705505),Infrastructure & Highways,Ministry of Railways,705505,Maharashtra,4254.57,4254.57,553.73,13.0,2024-03-01,2028-12-31,2027-12-31,2026-02-01,0,0.0,0
PAIM-705506,3rd Line Manmad - Jalgaon [160 Kilometres] (Central Railway [CR] - II) (705506),Infrastructure & Highways,Ministry of Railways,705506,Maharashtra,3761.54,3761.54,2452.52,65.2,2024-03-01,2026-12-31,2029-12-31,2026-02-01,36,0.0,0
PAIM-705735,Solapur-tuljapur-Osmanabad (Central Railway) (705735),Infrastructure & Highways,Ministry of Railways,705735,Maharashtra,564.44,564.44,413.49,73.3,2024-03-01,2026-12-31,2028-12-31,2026-02-01,12,0.0,0
PAIM-705799,Nagpur- Nagbhir Railway Line Gauge Conversion Project (MRIDC) (705799),Infrastructure & Highways,Ministry of Railways,705799,Maharashtra,3924.25,3924.25,3134.41,79.9,2021-03-01,2026-12-31,2029-12-31,2026-02-01,6,0.0,0
PAIM-706779,Mumbai Urban Transport Project [MUTP] - PHASE II (Mumbai Rail Vikas Corporation Ltd.[MRVC]) (706779),Infrastructure & Highways,Ministry of Railways,706779,Maharashtra,3975.99,3975.99,1787.26,45.0,2023-03-01,2026-12-31,2028-12-31,2026-02-01,0,0.0,0
PAIM-706780,Mumbai Urban Transport Project [MUTP]  Phase-IIIA (Mumbai Rail Vikas Corporation Ltd.[MRVC]) (706780),Infrastructure & Highways,Ministry of Railways,706780,Maharashtra,742.85,742.85,516.6,69.5,2021-03-01,2026-12-31,2029-12-31,2026-02-01,6,0.0,0
PAIM-706781,Mumbai Urban Transport Project Phase-III (Mumbai Rail Vikas Corporation Ltd.[MRVC]) (706781),Infrastructure & Highways,Ministry of Railways,706781,Maharashtra,4040.34,4040.34,1171.43,29.0,2021-03-01,2027-12-31,2029-12-31,2026-02-01,12,0.0,0
PAIM-705491,Marikuppam - Kuppam New Line Project [23.70 Km] (South Western Railway [SWR] - II) (705491),Infrastructure & Highways,Ministry of Railways,705491,Karnataka,1123.63,1123.63,429.35,38.2,2024-03-01,2027-12-31,2028-12-31,2026-02-01,0,0.0,0
PAIM-705494,Rayadurg-Tumkur via Kalyandurg New Line [207 km] (South Western Railway [SWR] - II) (705494),Infrastructure & Highways,Ministry of Railways,705494,Karnataka,3306.69,3306.69,649.78,19.7,2022-03-01,2028-12-31,2028-12-31,2026-02-01,24,0.0,0
PAIM-705610,"Renigunta, Wadi & Gooty Bypass Railway Project (South Central Railway [SCR] - II) (705610)",Infrastructure & Highways,Ministry of Railways,705610,Karnataka,885.99,885.99,628.29,70.9,2024-03-01,2028-12-31,2028-12-31,2026-02-01,18,0.0,0
PAIM-617212,Doubling between Mudkhed  Medchal & Mahbubnagar  Dhone section 417.88 Km (South Central Railway [SCR] - II) (617212),Infrastructure & Highways,Ministry of Railways,617212,Maharashtra,1715.65,1715.65,1085.6,63.3,2023-03-01,2027-12-31,2027-12-31,2026-02-01,6,0.0,0
PAIM-400253,Vizianagaram - Titlagarh 3rd line  [272 Km including By - pass line of 7.68 KM] (RVNL - II) (400253),Infrastructure & Highways,Ministry of Railways,400253,Maharashtra,642.45,642.45,82.53,12.8,2023-03-01,2028-12-31,2027-12-31,2026-02-01,6,0.0,0
PAIM-705512,Doubling of Kottavalasa-Koraput Rail Line [189 KM] (East Coast Railway [ECoR] - II) (705512),Infrastructure & Highways,Ministry of Railways,705512,Odisha,1305.19,1305.19,279.51,21.4,2021-03-01,2028-12-31,2029-12-31,2026-02-01,36,0.0,0
PAIM-400275,Tindivanam-Nagari New Line Project [184.5 km] (Ministry of Railways) (400275),Infrastructure & Highways,Ministry of Railways,400275,Odisha,1882.01,1882.01,1474.24,78.3,2024-03-01,2026-12-31,2028-12-31,2026-02-01,36,0.0,0
PAIM-616857,Motumari - 10.877 Km (South Central Railway [SCR] - II) (616857),Infrastructure & Highways,Ministry of Railways,616857,Telangana,1303.25,1303.25,720.34,55.3,2023-03-01,2027-12-31,2029-12-31,2026-02-01,36,0.0,0
PAIM-617211,Doubling of Guntur Bibinagar 239 Km (South Central Railway [SCR] - II) (617211),Infrastructure & Highways,Ministry of Railways,617211,Telangana,3327.67,3327.67,2353.74,70.7,2021-03-01,2028-12-31,2028-12-31,2026-02-01,24,0.0,0
PAIM-617214,Rail Connectivity to Errupalem Amravati Namburu 57 Km (South Central Railway [SCR] - II) (617214),Infrastructure & Highways,Ministry of Railways,617214,Telangana,3688.95,3688.95,2196.0,59.5,2024-03-01,2027-12-31,2029-12-31,2026-02-01,18,0.0,0
PAIM-705612,Kazipet-Vijayawada 3rd line with electrification [220 km] (South Central Railway [SCR] - II) (705612),Infrastructure & Highways,Ministry of Railways,705612,Telangana,1893.48,1893.48,1499.42,79.2,2021-03-01,2028-12-31,2028-12-31,2026-02-01,12,0.0,0
PAIM-705632,Vijayawada - Kazipet Byepass line (South Central Railway [SCR] - II) (705632),Infrastructure & Highways,Ministry of Railways,705632,Telangana,2234.67,2234.67,1644.74,73.6,2021-03-01,2028-12-31,2027-12-31,2026-02-01,0,0.0,0
PAIM-705794,New Delhi- Howrah Speed Booster[160Kmph] Project (PCE/NCR) (705794),Infrastructure & Highways,Ministry of Railways,705794,Bihar,738.17,738.17,460.48,62.4,2021-03-01,2026-12-31,2029-12-31,2026-02-01,24,0.0,0
PAIM-616699,Multi tracking of Son Nagar-Andal 374.53 rkm & 814.38 tkm (East Central Railway [ECR] - I) (616699),Infrastructure & Highways,Ministry of Railways,616699,Bihar,3210.69,3210.69,678.32,21.1,2023-03-01,2027-12-31,2029-12-31,2026-02-01,36,0.0,0
PAIM-705375,Koderma-Tilaiya New Line (East Central Railway [ECR] - I) (705375),Infrastructure & Highways,Ministry of Railways,705375,Bihar,3131.54,3131.54,767.85,24.5,2024-03-01,2027-12-31,2028-12-31,2026-02-01,12,0.0,0
PAIM-705385,Pirpainti - Jasidih [100.52 Km] New BG line (Eastern Railway [ER] - I) (705385),Infrastructure & Highways,Ministry of Railways,705385,Bihar,2949.93,2949.93,1389.68,47.1,2021-03-01,2026-12-31,2029-12-31,2026-02-01,12,0.0,0
PAIM-611669,Gramin & Burhwal Jn [Excl]  Sitapur Jn section of high density routes (North Eastern Railway [NER]) (611669),Infrastructure & Highways,Ministry of Railways,611669,Bihar,1809.48,1809.48,1517.22,83.8,2024-03-01,2027-12-31,2027-12-31,2026-02-01,12,0.0,0
PAIM-617224,Gorakhpur-Valmikinagar Doubling project (NER) (617224),Infrastructure & Highways,Ministry of Railways,617224,Bihar,516.83,516.83,320.15,61.9,2023-03-01,2026-12-31,2029-12-31,2026-02-01,18,0.0,0
PAIM-705562,Chhapra-Ballia Patch Doubling (North Eastern Railway [NER]) (705562),Infrastructure & Highways,Ministry of Railways,705562,Bihar,2673.89,2673.89,1734.74,64.9,2021-03-01,2027-12-31,2029-12-31,2026-02-01,36,0.0,0
PAIM-617245,Katihar Kumedpur & Katihar Mukuria BG Doubling Project (Northeast Frontier Railway [NFR]) (617245),Infrastructure & Highways,Ministry of Railways,617245,Bihar,2645.7,2645.7,1899.25,71.8,2022-03-01,2027-12-31,2028-12-31,2026-02-01,0,0.0,0
PAIM-618978,Gondia - Dongargarh 4th line [84 Km] (South Eastern Central Railway) (618978),Infrastructure & Highways,Ministry of Railways,618978,Maharashtra,455.41,455.41,354.45,77.8,2022-03-01,2026-12-31,2028-12-31,2026-02-01,18,0.0,0
PAIM-705617,Rajnandgaon - Nagpur [Kalumna] Third Railway Line [228.30 km] (South East Central Railway [SECR] - II) (705617),Infrastructure & Highways,Ministry of Railways,705617,Maharashtra,1914.89,1914.89,1226.38,64.0,2022-03-01,2026-12-31,2028-12-31,2026-02-01,18,0.0,0
PAIM-617390,Sardega -Bhalumuda New Double line [37.24 Km] (SECR) (617390),Infrastructure & Highways,Ministry of Railways,617390,Maharashtra,3079.03,3079.03,1354.31,44.0,2024-03-01,2026-12-31,2028-12-31,2026-02-01,24,0.0,0
PAIM-705511,Jagdalpur-Koraput (East Coast Railway [ECoR] - II) (705511),Infrastructure & Highways,Ministry of Railways,705511,Odisha,2572.44,2572.44,1455.8,56.6,2023-03-01,2028-12-31,2029-12-31,2026-02-01,18,0.0,0
PAIM-705616,Jharsuguda-Bilaspur Fourth Railway Line [206 km] (SECR) (705616),Infrastructure & Highways,Ministry of Railways,705616,Odisha,223.15,223.15,98.18,44.0,2022-03-01,2026-12-31,2029-12-31,2026-02-01,24,0.0,0
PAIM-705728,Mumbai-Ahmedabad High Speed Rail Project- 508 km (National High Speed Rail Corporation [NHSRC]) (705728),Infrastructure & Highways,Ministry of Railways,705728,Maharashtra,1977.78,1977.78,1404.46,71.0,2022-03-01,2028-12-31,2029-12-31,2026-02-01,12,0.0,0
PAIM-705793,Vadodara-Ahmedabad (PCE/WR) (705793),Infrastructure & Highways,Ministry of Railways,705793,Maharashtra,1270.46,1270.46,416.68,32.8,2023-03-01,2026-12-31,2027-12-31,2026-02-01,6,0.0,0
PAIM-705650,Hospet - Tinaighat - Vasco Rail Doubling Project (RVNL - II) (705650),Infrastructure & Highways,Ministry of Railways,705650,Maharashtra,2803.4,2803.4,1141.18,40.7,2024-03-01,2026-12-31,2028-12-31,2026-02-01,24,0.0,0
PAIM-706950,Hospet-Hubli-Vasco da Gama Line Electrification Project (RVNL) (706950),Infrastructure & Highways,Ministry of Railways,706950,Karnataka,4412.43,4412.43,3455.2,78.3,2024-03-01,2028-12-31,2028-12-31,2026-02-01,24,0.0,0
PAIM-705237,Western Dedicated Freight Corridor (DFCCIL) (705237),Infrastructure & Highways,Ministry of Railways,705237,Maharashtra,2868.42,2868.42,335.26,11.7,2022-03-01,2028-12-31,2029-12-31,2026-02-01,12,0.0,0
PAIM-705453,"New line Dahod-Indore via Sardarpur, Jabuwa and Dhar (Western Railway [WR] - II) (705453)",Infrastructure & Highways,Ministry of Railways,705453,Maharashtra,2938.42,2938.42,346.82,11.8,2024-03-01,2027-12-31,2027-12-31,2026-02-01,12,0.0,0
PAIM-705454,Chhota Udaipur - Dhar New Line Project [157 km] (Western Railway [WR] - II) (705454),Infrastructure & Highways,Ministry of Railways,705454,Gujarat,4398.04,4398.04,1470.35,33.4,2021-03-01,2027-12-31,2028-12-31,2026-02-01,24,0.0,0
PAIM-611452,SYSTEM 500 RKM (Western Railway) (611452),Infrastructure & Highways,Ministry of Railways,611452,Maharashtra,2139.23,2139.23,345.85,16.2,2023-03-01,2028-12-31,2027-12-31,2026-02-01,18,0.0,0
PAIM-400022,Taranga Hill-Abu Road via Ambaji (North Western Railway [NWR]) (400022),Infrastructure & Highways,Ministry of Railways,400022,Maharashtra,994.55,994.55,495.39,49.8,2022-03-01,2027-12-31,2028-12-31,2026-02-01,6,0.0,0
PAIM-616842,LUNI- SAMDARI- BHILDI DOUBLING (North Western Railway [NWR]) (616842),Infrastructure & Highways,Ministry of Railways,616842,Gujarat,443.1,443.1,117.12,26.4,2023-03-01,2027-12-31,2028-12-31,2026-02-01,0,0.0,0
PAIM-705424,Chandigarh-Baddi New Rail Line- 36 km (Northen Railway [NR]) (705424),Infrastructure & Highways,Ministry of Railways,705424,Gujarat,2841.33,2841.33,1494.37,52.6,2023-03-01,2026-12-31,2028-12-31,2026-02-01,6,0.0,0
PAIM-611861,Rewari - Kathuwas Doubling Project [27.72 Km] (North Western Railway [NWR]) (611861),Infrastructure & Highways,Ministry of Railways,611861,Rajasthan,3956.54,3956.54,1694.97,42.8,2022-03-01,2027-12-31,2028-12-31,2026-02-01,24,0.0,0
PAIM-705428,Bhanupalli-Bilaspur-Beri New Railway Line Project (RVNL - II) (705428),Infrastructure & Highways,Ministry of Railways,705428,Punjab,1083.68,1083.68,150.2,13.9,2022-03-01,2027-12-31,2029-12-31,2026-02-01,24,0.0,0
PAIM-705628,Doubling of Hatia [Ranchi]-Bondamunda Rail Line - 159 km (South Eastern Railway - JH) (705628),Infrastructure & Highways,Ministry of Railways,705628,Odisha,675.38,675.38,277.19,41.0,2024-03-01,2028-12-31,2027-12-31,2026-02-01,24,0.0,0
PAIM-616588,Buramara-Chakulia new line [59.96 km] (South Eastern Railway [SER] - I) (616588),Infrastructure & Highways,Ministry of Railways,616588,Odisha,3215.0,3215.0,374.95,11.7,2021-03-01,2028-12-31,2027-12-31,2026-02-01,36,0.0,0
PAIM-616227,Chandil - Anara - Damodar - 3rd line [121.26 km] (CAO/C/SER) (616227),Infrastructure & Highways,Ministry of Railways,616227,Odisha,1787.45,1787.45,902.9,50.5,2021-03-01,2026-12-31,2028-12-31,2026-02-01,18,0.0,0
PAIM-705668,KHARAGPUR-ADITYAPUR THIRD RAIL LINE- 132 KM (RVNL - I) (705668),Infrastructure & Highways,Ministry of Railways,705668,Multi-State,424.88,424.88,220.32,51.9,2023-03-01,2026-12-31,2029-12-31,2026-02-01,36,0.0,0
PAIM-705662,Hotgi-Kudgi-Gadag Doubling Project (South Western Railway [SWR] - II) (705662),Infrastructure & Highways,Ministry of Railways,705662,Maharashtra,2823.41,2823.41,1810.94,64.1,2023-03-01,2028-12-31,2027-12-31,2026-02-01,36,0.0,0
PAIM-703586,Baiyyappanahalli - Hosur Doubling Project [48 km] (Karnataka Rail Infrastructure Development Company Limited [K-RIDE]) (,Infrastructure & Highways,Ministry of Railways,703586,Karnataka,424.7,424.7,319.86,75.3,2024-03-01,2027-12-31,2029-12-31,2026-02-01,36,0.0,0
PAIM-705457,Ratlam-Mhow-Khandwa-Akola Gauge Conversion (Western Railway [WR] - II) (705457),Infrastructure & Highways,Ministry of Railways,705457,Maharashtra,3410.85,3410.85,1704.63,50.0,2023-03-01,2026-12-31,2028-12-31,2026-02-01,6,0.0,0
PAIM-705507,Itarsi - Nagpur Third Railway Line [280 km] (Central Railway [CR] - II) (705507),Infrastructure & Highways,Ministry of Railways,705507,Maharashtra,2845.62,2845.62,723.65,25.4,2022-03-01,2028-12-31,2027-12-31,2026-02-01,12,0.0,0
PAIM-617406,RATLAM- DUNGARPUR VIA BANSWARA NEW LINE PROJECT (North Western Railway [NWR]) (617406),Infrastructure & Highways,Ministry of Railways,617406,Maharashtra,1036.11,1036.11,526.43,50.8,2023-03-01,2026-12-31,2029-12-31,2026-02-01,12,0.0,0
PAIM-705419,Gwalior - Seopurkala with extension to Kota [Gauge Conversion] (North Central Railway) (705419),Infrastructure & Highways,Ministry of Railways,705419,Rajasthan,1529.73,1529.73,1219.88,79.7,2023-03-01,2028-12-31,2027-12-31,2026-02-01,36,0.0,0
PAIM-705481,Ramganjmandi-Bhopal New Line Project [276.50 km] (West Central Railway [WCR] - II) (705481),Infrastructure & Highways,Ministry of Railways,705481,Rajasthan,3419.72,3419.72,2685.08,78.5,2024-03-01,2026-12-31,2029-12-31,2026-02-01,24,0.0,0
PAIM-705764,Nimach-Badi Sadri  New Rail Line Project (Western Railway [WR] - II) (705764),Infrastructure & Highways,Ministry of Railways,705764,Rajasthan,4072.83,4072.83,2887.38,70.9,2023-03-01,2027-12-31,2027-12-31,2026-02-01,24,0.0,0
PAIM-705667,Mathura-Jhansi Third Railway Line [274 Km] (RVNL - II) (705667),Infrastructure & Highways,Ministry of Railways,705667,Rajasthan,4452.11,4452.11,959.11,21.5,2022-03-01,2026-12-31,2027-12-31,2026-02-01,6,0.0,0
PAIM-705598,Jhansi - Bina Third Railway Line [153 Km] (CAO/C/NCR) (705598),Infrastructure & Highways,Ministry of Railways,705598,Uttar Pradesh,2758.86,2758.86,2289.05,83.0,2021-03-01,2026-12-31,2028-12-31,2026-02-01,36,0.0,0
PAIM-705608,Jhansi-Khairar-Manikpur & Khirar-Bhimsen (North Central Railway) (705608),Infrastructure & Highways,Ministry of Railways,705608,Uttar Pradesh,3242.4,3242.4,1576.85,48.6,2021-03-01,2028-12-31,2028-12-31,2026-02-01,24,0.0,0
PAIM-705613,Third Line [new] between Kazipet - Balharshah  with electrification [201.04 Km] (South Central Railway [SCR] - II) (7056,Infrastructure & Highways,Ministry of Railways,705613,Maharashtra,1846.01,1846.01,1556.08,84.3,2024-03-01,2026-12-31,2027-12-31,2026-02-01,24,0.0,0
PAIM-705629,Narayangarh-Bhadrak 3rd line (South Eastern Railway [SER] - I) (705629),Infrastructure & Highways,Ministry of Railways,705629,Maharashtra,1829.78,1829.78,1234.25,67.5,2024-03-01,2028-12-31,2028-12-31,2026-02-01,12,0.0,0
PAIM-400223,Nagapattinam-Tiruturaipundi and Karaikal-Peralam New Line (Ministry of Railways) (400223),Infrastructure & Highways,Ministry of Railways,400223,Odisha,4034.75,4034.75,1775.2,44.0,2024-03-01,2028-12-31,2027-12-31,2026-02-01,24,0.0,0
PAIM-602797,"Sainthia, Sitarampur, Mughalsarai, Allahabad & Etawah - Bypass Line Project (Eastern Railway [ER] - I) (602797)",Infrastructure & Highways,Ministry of Railways,602797,Multi-State,555.95,555.95,289.67,52.1,2023-03-01,2028-12-31,2028-12-31,2026-02-01,18,0.0,0
PAIM-400006,Barpali. (South Eastern Railway [SER] - I) (400006),Infrastructure & Highways,Ministry of Railways,400006,Odisha,608.91,608.91,199.48,32.8,2023-03-01,2027-12-31,2028-12-31,2026-02-01,12,0.0,0
PAIM-400045,Under Deposit Scheme. (East Coast Railway [ECoR] - II) (400045),Infrastructure & Highways,Ministry of Railways,400045,Odisha,4081.12,4081.12,3444.68,84.4,2023-03-01,2026-12-31,2028-12-31,2026-02-01,18,0.0,0
PAIM-400047,exchange yard and NTPC Block Cabin. (East Coast Railway [ECoR] - II) (400047),Infrastructure & Highways,Ministry of Railways,400047,Odisha,2203.66,2203.66,597.9,27.1,2024-03-01,2028-12-31,2027-12-31,2026-02-01,18,0.0,0
PAIM-400048,Doubling of lines connecting the loading spurs in Talcher Yard. (East Coast Railway [ECoR] - II) (400048),Infrastructure & Highways,Ministry of Railways,400048,Odisha,2238.36,2238.36,1056.74,47.2,2024-03-01,2026-12-31,2029-12-31,2026-02-01,0,0.0,0
PAIM-400232,Brundamal-Jharsuguda- flyover connection for joining downline (East Coast Railway [ECoR] - II) (400232),Infrastructure & Highways,Ministry of Railways,400232,Odisha,4374.88,4374.88,2842.15,65.0,2023-03-01,2028-12-31,2029-12-31,2026-02-01,6,0.0,0
PAIM-612834,3rd & 4th line between Sarla - Sason [8 km] [PB 73/2023-24/NR] (East Coast Railway [ECoR] - II) (612834),Infrastructure & Highways,Ministry of Railways,612834,Odisha,2591.77,2591.77,1588.4,61.3,2023-03-01,2027-12-31,2028-12-31,2026-02-01,0,0.0,0
PAIM-616586,Bangriposi-Gorumahisani new line [ 85.60 km ] (CAO/C/SER) (616586),Infrastructure & Highways,Ministry of Railways,616586,Odisha,4449.9,4449.9,1781.77,40.0,2023-03-01,2026-12-31,2027-12-31,2026-02-01,18,0.0,0
PAIM-616587,Badampahar-Kendujhargarh new line [82.06 km] (CAO/C/SER) (616587),Infrastructure & Highways,Ministry of Railways,616587,Odisha,434.23,434.23,64.82,14.9,2024-03-01,2027-12-31,2028-12-31,2026-02-01,18,0.0,0
PAIM-616694,Flyover between Siju and Paradeep coaching Yard to avoid Surface crossing of trains (East Coast Railway [ECoR] - II) (61,Infrastructure & Highways,Ministry of Railways,616694,Odisha,4011.05,4011.05,2618.76,65.3,2021-03-01,2028-12-31,2028-12-31,2026-02-01,24,0.0,0
PAIM-616695,Paradeep - Badabandha 3rd & 4th Line / 18.51kms (East Coast Railway [ECoR] - II) (616695),Infrastructure & Highways,Ministry of Railways,616695,Odisha,1533.67,1533.67,585.42,38.2,2024-03-01,2028-12-31,2027-12-31,2026-02-01,36,0.0,0
PAIM-618995,New Line between Junagarh - Nabarangpur [116.21 Km] (Indian Railway) (618995),Infrastructure & Highways,Ministry of Railways,618995,Odisha,675.06,675.06,72.15,10.7,2023-03-01,2027-12-31,2027-12-31,2026-02-01,6,0.0,0
PAIM-705358,Khurda-Bolangir New Broad Gauge Rail Link [301km] (East Coast Railway [ECoR] - II) (705358),Infrastructure & Highways,Ministry of Railways,705358,Odisha,3539.16,3539.16,2474.71,69.9,2022-03-01,2026-12-31,2029-12-31,2026-02-01,6,0.0,0
PAIM-705359,Talcher-Bimlagarh New Railway Line (East Coast Railway [ECoR] - II) (705359),Infrastructure & Highways,Ministry of Railways,705359,Odisha,4091.31,4091.31,2105.53,51.5,2021-03-01,2028-12-31,2028-12-31,2026-02-01,0,0.0,0
PAIM-705510,Bhadrak-Nergundi Third Line (East Coast Railway [ECoR] - II) (705510),Infrastructure & Highways,Ministry of Railways,705510,Odisha,3381.79,3381.79,1735.6,51.3,2024-03-01,2027-12-31,2028-12-31,2026-02-01,12,0.0,0
PAIM-705513,Koraput - Singapur Railway Doubling (East Coast Railway [ECoR] - II) (705513),Infrastructure & Highways,Ministry of Railways,705513,Odisha,4356.56,4356.56,3095.08,71.0,2023-03-01,2028-12-31,2029-12-31,2026-02-01,0,0.0,0
PAIM-705514,Jarapada- Budhapank with flyover at Talcher road 3rd and 4th Line (East Coast Railway [ECoR] - II) (705514),Infrastructure & Highways,Ministry of Railways,705514,Odisha,729.75,729.75,569.84,78.1,2021-03-01,2028-12-31,2027-12-31,2026-02-01,0,0.0,0
PAIM-705515,3rd & 4th Railway Line Project from Salegaon to Budhapank via Rajathgarh. (East Coast Railway [ECoR] - II) (705515),Infrastructure & Highways,Ministry of Railways,705515,Odisha,2374.26,2374.26,406.21,17.1,2024-03-01,2026-12-31,2027-12-31,2026-02-01,18,0.0,0
PAIM-705741,Jeypore-Navarangpur New  Rail Line Project (East Coast Railway [ECoR] - II) (705741),Infrastructure & Highways,Ministry of Railways,705741,Odisha,1704.79,1704.79,1288.26,75.6,2023-03-01,2028-12-31,2029-12-31,2026-02-01,36,0.0,0
PAIM-705742,Jeypore-Malkanagiri New Railway Line Project (East Coast Railway [ECoR] - II) (705742),Infrastructure & Highways,Ministry of Railways,705742,Odisha,3823.74,3823.74,589.4,15.4,2021-03-01,2027-12-31,2029-12-31,2026-02-01,6,0.0,0
PAIM-706898,Khurda Road - Balangir Electrification of Railway Track Project (Ministry of Railways) (706898),Infrastructure & Highways,Ministry of Railways,706898,Odisha,1447.32,1447.32,959.4,66.3,2022-03-01,2027-12-31,2028-12-31,2026-02-01,0,0.0,0
PAIM-709811,GANDHAMARDAN IRON ORE MINES TO GOALDIH STATION/12.76kms (East Coast Railway [ECoR] - II) (709811),Infrastructure & Highways,Ministry of Railways,709811,Odisha,975.34,975.34,147.93,15.2,2022-03-01,2026-12-31,2029-12-31,2026-02-01,12,0.0,0
PAIM-705362,"Jaynagar-Bijalpura, incl. extn. Bet, Bijalpura-Bardibas [Nepal] (East Central Railway [ECR] - I) (705362)",Infrastructure & Highways,Ministry of Railways,705362,Odisha,3706.5,3706.5,933.1,25.2,2023-03-01,2026-12-31,2029-12-31,2026-02-01,24,0.0,0
PAIM-705298,North Region Video Surveillance Project (RCIL) (705298),Infrastructure & Highways,Ministry of Railways,705298,Punjab,670.75,670.75,164.61,24.5,2022-03-01,2028-12-31,2027-12-31,2026-02-01,36,0.0,0
PAIM-705783,Ludhiana- Killa Raipur Railway  Doubling Project (Railway) (705783),Infrastructure & Highways,Ministry of Railways,705783,Punjab,2499.58,2499.58,1266.1,50.7,2021-03-01,2028-12-31,2027-12-31,2026-02-01,24,0.0,0
PAIM-611849,Gauge Conversion [152 Km] (North Western Railway [NWR]) (611849),Infrastructure & Highways,Ministry of Railways,611849,Rajasthan,1675.13,1675.13,805.98,48.1,2021-03-01,2026-12-31,2028-12-31,2026-02-01,0,0.0,0
PAIM-611855,Gauge Conversion [152 Km] (North Western Railway [NWR]) (611855),Infrastructure & Highways,Ministry of Railways,611855,Rajasthan,626.49,626.49,84.99,13.6,2021-03-01,2028-12-31,2029-12-31,2026-02-01,24,0.0,0
PAIM-611929,under WTA 527 (WPO/Patna) (611929),Infrastructure & Highways,Ministry of Railways,611929,Rajasthan,1813.95,1813.95,1529.76,84.3,2024-03-01,2026-12-31,2027-12-31,2026-02-01,24,0.0,0
PAIM-616841,PUSHKAR- MERTA CITY NEW LINE (North Western Railway [NWR]) (616841),Infrastructure & Highways,Ministry of Railways,616841,Rajasthan,3315.9,3315.9,958.79,28.9,2024-03-01,2028-12-31,2028-12-31,2026-02-01,18,0.0,0
PAIM-616843,AJMER- CHANDERIYA DOUBLING (North Western Railway [NWR]) (616843),Infrastructure & Highways,Ministry of Railways,616843,Rajasthan,729.6,729.6,537.36,73.7,2021-03-01,2028-12-31,2029-12-31,2026-02-01,36,0.0,0
PAIM-617403,SADULPUR - CHURU  DOUBLING PROJECT (North Western Railway [NWR]) (617403),Infrastructure & Highways,Ministry of Railways,617403,Rajasthan,2359.83,2359.83,1081.79,45.8,2022-03-01,2027-12-31,2027-12-31,2026-02-01,36,0.0,0
PAIM-617404,POKHRAN - RAMDEVRA New Line (North Western Railway [NWR]) (617404),Infrastructure & Highways,Ministry of Railways,617404,Rajasthan,4015.34,4015.34,1643.71,40.9,2022-03-01,2028-12-31,2029-12-31,2026-02-01,24,0.0,0
PAIM-617408,NATHDWARA- NATHDWARA TOWN NL (North Western Railway [NWR]) (617408),Infrastructure & Highways,Ministry of Railways,617408,Rajasthan,1609.49,1609.49,1289.58,80.1,2021-03-01,2026-12-31,2028-12-31,2026-02-01,12,0.0,0
PAIM-705482,Dholpur - Sirmuttra Gauge Conversion (North Central Railway) (705482),Infrastructure & Highways,Ministry of Railways,705482,Rajasthan,2606.53,2606.53,1920.41,73.7,2023-03-01,2027-12-31,2029-12-31,2026-02-01,12,0.0,0
PAIM-705752,Gudha-Thatha Mithri Construction of Railway Track Project (North Western Railway [NWR]) (705752),Infrastructure & Highways,Ministry of Railways,705752,Rajasthan,899.49,899.49,356.38,39.6,2023-03-01,2026-12-31,2029-12-31,2026-02-01,24,0.0,0
PAIM-705912,Sawai Madhopur-Jaipur Railway Line Project (North Western Railway [NWR]) (705912),Infrastructure & Highways,Ministry of Railways,705912,Rajasthan,2296.74,2296.74,1259.2,54.8,2022-03-01,2026-12-31,2027-12-31,2026-02-01,18,0.0,0
PAIM-705919,Agra Fort-Bandikui Doubling Line Project (CAO/C/NCR) (705919),Infrastructure & Highways,Ministry of Railways,705919,Rajasthan,3853.36,3853.36,2562.13,66.5,2023-03-01,2028-12-31,2028-12-31,2026-02-01,6,0.0,0
PAIM-706866,Sawaimadhopur Bye Pass Line Project (North Western Railway [NWR]) (706866),Infrastructure & Highways,Ministry of Railways,706866,Rajasthan,680.51,680.51,241.42,35.5,2022-03-01,2026-12-31,2027-12-31,2026-02-01,18,0.0,0
PAIM-400280,Phase II extension of MRTS from Velachery to St Thomas Mount (Ministry of Railways) (400280),Infrastructure & Highways,Ministry of Railways,400280,Tamil Nadu,821.56,821.56,425.25,51.8,2023-03-01,2028-12-31,2028-12-31,2026-02-01,36,0.0,0
PAIM-613002,Redevelopment of Chennai Egmore Station (Ministry of Railways) (613002),Infrastructure & Highways,Ministry of Railways,613002,Tamil Nadu,3814.36,3814.36,1762.25,46.2,2022-03-01,2026-12-31,2027-12-31,2026-02-01,24,0.0,0
PAIM-705244,Coach Production Factory Upgradation Project (CPM/ICF) (705244),Infrastructure & Highways,Ministry of Railways,705244,Tamil Nadu,2374.21,2374.21,483.26,20.4,2024-03-01,2026-12-31,2029-12-31,2026-02-01,6,0.0,0
PAIM-616856,Doubling between Bhadrachalam Road and Dornakal (South Central Railway [SCR] - II) (616856),Infrastructure & Highways,Ministry of Railways,616856,Tamil Nadu,3853.78,3853.78,811.34,21.1,2023-03-01,2028-12-31,2027-12-31,2026-02-01,12,0.0,0
PAIM-617409,Railway Manufacturing Unit (RVNL - II) (617409),Infrastructure & Highways,Ministry of Railways,617409,Telangana,3345.85,3345.85,2467.82,73.8,2021-03-01,2027-12-31,2027-12-31,2026-02-01,36,0.0,0
PAIM-705252,Kazipet Wagon Overhauling Project (RVNL) (705252),Infrastructure & Highways,Ministry of Railways,705252,Telangana,3879.69,3879.69,3134.16,80.8,2024-03-01,2028-12-31,2029-12-31,2026-02-01,24,0.0,0
PAIM-705437,Manoharabad-Kothapalli New Rail Line [151 km] (South Central Railway [SCR] - II) (705437),Infrastructure & Highways,Ministry of Railways,705437,Telangana,261.65,261.65,67.71,25.9,2024-03-01,2028-12-31,2029-12-31,2026-02-01,24,0.0,0
PAIM-400204,Bahraich-Shravasti-Balrampur-Siddharthnagar -Santkabir nagar (North Eastern Railway [NER]) (400204),Infrastructure & Highways,Ministry of Railways,400204,Uttar Pradesh,1862.93,1862.93,349.94,18.8,2022-03-01,2028-12-31,2028-12-31,2026-02-01,6,0.0,0
PAIM-400205,Sahjanwa-Dohrighat (North Eastern Railway [NER]) (400205),Infrastructure & Highways,Ministry of Railways,400205,Uttar Pradesh,4405.81,4405.81,2599.88,59.0,2022-03-01,2028-12-31,2029-12-31,2026-02-01,0,0.0,0
PAIM-617213,Rail-cum-Road Bridge across Ganga River. (Northern Railways) (617213),Infrastructure & Highways,Ministry of Railways,617213,Uttar Pradesh,2532.7,2532.7,1341.85,53.0,2024-03-01,2027-12-31,2027-12-31,2026-02-01,12,0.0,0
PAIM-617252,Anandnagar - Ghugli via Maharajganj New line 52.7 km (Construction NER) (617252),Infrastructure & Highways,Ministry of Railways,617252,Uttar Pradesh,3101.66,3101.66,1395.77,45.0,2023-03-01,2028-12-31,2027-12-31,2026-02-01,24,0.0,0
PAIM-617284,Chunar-Chopan doubling project (North Central Railway) (617284),Infrastructure & Highways,Ministry of Railways,617284,Uttar Pradesh,2377.76,2377.76,610.33,25.7,2022-03-01,2028-12-31,2029-12-31,2026-02-01,24,0.0,0
PAIM-617333,Surface triangle line bet. Bhadura stn and new crossing stn Karma (East Central Railway [ECR] - I) (617333),Infrastructure & Highways,Ministry of Railways,617333,Uttar Pradesh,897.35,897.35,522.66,58.2,2022-03-01,2027-12-31,2027-12-31,2026-02-01,18,0.0,0
PAIM-617370,Doubling between Jaunpur Jn - Zaffarabad 6.28 km (M/S SRC company Infra Private Limited) (617370),Infrastructure & Highways,Ministry of Railways,617370,Uttar Pradesh,3726.24,3726.24,1670.32,44.8,2023-03-01,2028-12-31,2027-12-31,2026-02-01,0,0.0,0
PAIM-705567,Burhwal Gonda 3rd line (North Eastern Railway [NER]) (705567),Infrastructure & Highways,Ministry of Railways,705567,Uttar Pradesh,3314.51,3314.51,2517.77,76.0,2021-03-01,2026-12-31,2028-12-31,2026-02-01,24,0.0,0
PAIM-705588,Janghai-Pratapgarh- Amethi (CAO/C/II/NR) (705588),Infrastructure & Highways,Ministry of Railways,705588,Uttar Pradesh,1444.92,1444.92,1144.6,79.2,2023-03-01,2026-12-31,2028-12-31,2026-02-01,0,0.0,0
PAIM-705766,Lalitpur-Birari with flyover at Lalitpur- 16 Km (North Central Railway) (705766),Infrastructure & Highways,Ministry of Railways,705766,Uttar Pradesh,1355.56,1355.56,433.01,31.9,2021-03-01,2027-12-31,2028-12-31,2026-02-01,36,0.0,0
PAIM-705771,Allahabad-Bamhrauli Flyover Construction & 4th Railway Line Project (North Central Railway) (705771),Infrastructure & Highways,Ministry of Railways,705771,Uttar Pradesh,2183.7,2183.7,1014.98,46.5,2024-03-01,2026-12-31,2028-12-31,2026-02-01,36,0.0,0
PAIM-705772,"Mughalsarai-Allahabad, 3rd line (North Central Railway) (705772)",Infrastructure & Highways,Ministry of Railways,705772,Uttar Pradesh,3673.93,3673.93,2608.02,71.0,2021-03-01,2027-12-31,2029-12-31,2026-02-01,12,0.0,0
PAIM-705774,Aligarh -Daud Khan Flyover Construction & 3rd Railway Line Project (CAO/C/NCR) (705774),Infrastructure & Highways,Ministry of Railways,705774,Uttar Pradesh,3650.08,3650.08,2575.02,70.5,2023-03-01,2027-12-31,2029-12-31,2026-02-01,0,0.0,0
PAIM-705777,Bhandai - Flyover for Etawah bound down train- 10 Km (North Central Railway [NCR] - II) (705777),Infrastructure & Highways,Ministry of Railways,705777,Uttar Pradesh,3733.69,3733.69,2962.07,79.3,2024-03-01,2028-12-31,2027-12-31,2026-02-01,36,0.0,0
PAIM-705780,Bhatni-Aurnihar with electrification excluding Indara-Mau (RVNL - I) (705780),Infrastructure & Highways,Ministry of Railways,705780,Uttar Pradesh,2730.62,2730.62,1947.74,71.3,2024-03-01,2028-12-31,2027-12-31,2026-02-01,12,0.0,0
PAIM-705782,Barabanki-Malhaur 3rd & 4th Railway Line Project (Ministry of Railways) (705782),Infrastructure & Highways,Ministry of Railways,705782,Uttar Pradesh,482.88,482.88,402.5,83.4,2021-03-01,2026-12-31,2029-12-31,2026-02-01,6,0.0,0
PAIM-705918,Allahabad division - Aligarh - Harduaganj Flyover (North Central Railway) (705918),Infrastructure & Highways,Ministry of Railways,705918,Uttar Pradesh,4136.47,4136.47,547.33,13.2,2021-03-01,2028-12-31,2028-12-31,2026-02-01,6,0.0,0
PAIM-705429,Rishikesh-Karnaprayag New Rail Line- 125 km (RVNL - II) (705429),Infrastructure & Highways,Ministry of Railways,705429,Uttar Pradesh,3397.66,3397.66,2650.58,78.0,2024-03-01,2027-12-31,2027-12-31,2026-02-01,12,0.0,0
PAIM-400247,And Naihati-Ranaghat 3rd Line. (Eastern Railway [ER] - I) (400247),Infrastructure & Highways,Ministry of Railways,400247,West Bengal,905.49,905.49,153.0,16.9,2021-03-01,2027-12-31,2029-12-31,2026-02-01,12,0.0,0
PAIM-400273,Tarakeshwar-Bishnupur New Line [82.47 km] (Eastern Railway [ER] - I) (400273),Infrastructure & Highways,Ministry of Railways,400273,West Bengal,2360.86,2360.86,1923.83,81.5,2022-03-01,2026-12-31,2028-12-31,2026-02-01,36,0.0,0
PAIM-400277,Dum Dum Airport-New Garia via Rajarhat-Construction of Metro Railway (RVNL - II) (400277),Infrastructure & Highways,Ministry of Railways,400277,West Bengal,2795.59,2795.59,2156.75,77.1,2023-03-01,2028-12-31,2027-12-31,2026-02-01,12,0.0,0
PAIM-612096,Construction of Balurghat-Hilli new BG Line (Northeast Frontier Railway [NFR]) (612096),Infrastructure & Highways,Ministry of Railways,612096,West Bengal,1532.61,1532.61,1088.78,71.0,2022-03-01,2026-12-31,2028-12-31,2026-02-01,18,0.0,0
PAIM-617345,Car maintenance cum workshop depot. (South Eastern Railway - JH) (617345),Infrastructure & Highways,Ministry of Railways,617345,West Bengal,2253.16,2253.16,293.25,13.0,2024-03-01,2028-12-31,2028-12-31,2026-02-01,6,0.0,0
PAIM-705730,Joka-BBD Bag new metro project (RVNL - II) (705730),Infrastructure & Highways,Ministry of Railways,705730,West Bengal,2231.28,2231.28,808.47,36.2,2023-03-01,2028-12-31,2028-12-31,2026-02-01,18,0.0,0
PAIM-706776,"Noapara-Barasat via Bimanbandar - Construction of Metro railway [18 km] (Metro Railway, Kolkata) (706776)",Infrastructure & Highways,Ministry of Railways,706776,West Bengal,4059.6,4059.6,2264.04,55.8,2024-03-01,2026-12-31,2029-12-31,2026-02-01,12,0.0,0
PAIM-706777,Baranagar-Barrackpore and Dakshineshwar- Construction of Metro Railway (RVNL - II) (706777),Infrastructure & Highways,Ministry of Railways,706777,West Bengal,4153.56,4153.56,1557.77,37.5,2023-03-01,2026-12-31,2029-12-31,2026-02-01,18,0.0,0
PAIM-617907,mode. (MoRTH) (617907),Infrastructure & Highways,Ministry of Road Transport & Highways,617907,Andhra Pradesh,721.61,721.61,188.79,26.2,2023-03-01,2027-12-31,2028-12-31,2026-02-01,6,0.0,0
PAIM-617949,of AP state under NHO on EPC Mode under Annual Plan 2022-23 (MoRTH) (617949),Infrastructure & Highways,Ministry of Road Transport & Highways,617949,Andhra Pradesh,2299.34,2299.34,994.27,43.2,2021-03-01,2028-12-31,2028-12-31,2026-02-01,24,0.0,0
PAIM-617984,"Gudivada Town 2 RoB, and Road improvement NH-165 (MoRTH) (617984)",Infrastructure & Highways,Ministry of Road Transport & Highways,617984,Andhra Pradesh,4004.93,4004.93,790.0,19.7,2021-03-01,2026-12-31,2029-12-31,2026-02-01,12,0.0,0
PAIM-617985,Akiveedu (MoRTH) (617985),Infrastructure & Highways,Ministry of Road Transport & Highways,617985,Andhra Pradesh,2282.83,2282.83,1438.47,63.0,2022-03-01,2026-12-31,2028-12-31,2026-02-01,0,0.0,0
PAIM-617986,248010 to km 269900 to 2 (MoRTH) (617986),Infrastructure & Highways,Ministry of Road Transport & Highways,617986,Andhra Pradesh,3646.84,3646.84,3021.24,82.8,2023-03-01,2028-12-31,2028-12-31,2026-02-01,18,0.0,0
PAIM-617987,250/000Design Ch.186000 to 248010 to 2LPS (MoRTH) (617987),Infrastructure & Highways,Ministry of Road Transport & Highways,617987,Andhra Pradesh,4230.94,4230.94,1700.19,40.2,2023-03-01,2026-12-31,2029-12-31,2026-02-01,6,0.0,0
PAIM-617988,section   including Nandyal Bypass      from Km 143/6 to 185/9       NH-167K (MoRTH) (617988),Infrastructure & Highways,Ministry of Road Transport & Highways,617988,Andhra Pradesh,1247.89,1247.89,1002.26,80.3,2024-03-01,2026-12-31,2028-12-31,2026-02-01,0,0.0,0
PAIM-617990,road from km.62/700 to 71/400 in Kurnool District in the State of Andhra Pradesh. (MoRTH) (617990),Infrastructure & Highways,Ministry of Road Transport & Highways,617990,Andhra Pradesh,2177.67,2177.67,1468.7,67.4,2022-03-01,2028-12-31,2028-12-31,2026-02-01,36,0.0,0
PAIM-617991,"State of Andhra Pradesh under Corridor Approach through Engineering, Procurement (MoRTH) (617991)",Infrastructure & Highways,Ministry of Road Transport & Highways,617991,Andhra Pradesh,3477.58,3477.58,2072.23,59.6,2021-03-01,2026-12-31,2027-12-31,2026-02-01,18,0.0,0
PAIM-618037,section of NH-440 in the State of Andhra Pradesh on EPC mode. (MoRTH) (618037),Infrastructure & Highways,Ministry of Road Transport & Highways,618037,Andhra Pradesh,489.0,489.0,240.75,49.2,2021-03-01,2028-12-31,2028-12-31,2026-02-01,36,0.0,0
PAIM-618052,Andhra Pradesh (MoRTH) (618052),Infrastructure & Highways,Ministry of Road Transport & Highways,618052,Andhra Pradesh,2299.73,2299.73,894.28,38.9,2021-03-01,2026-12-31,2028-12-31,2026-02-01,36,0.0,0
PAIM-618053,Km    in the State of Andhra Pradesh on EPC mode Job no. 741 (MoRTH) (618053),Infrastructure & Highways,Ministry of Road Transport & Highways,618053,Andhra Pradesh,961.59,961.59,281.84,29.3,2021-03-01,2028-12-31,2028-12-31,2026-02-01,18,0.0,0
PAIM-618062,NH-765 Package-2 (MoRTH) (618062),Infrastructure & Highways,Ministry of Road Transport & Highways,618062,Andhra Pradesh,3708.01,3708.01,2426.71,65.4,2024-03-01,2028-12-31,2029-12-31,2026-02-01,12,0.0,0
PAIM-618125,paved Shoulders in the State of Andhra Pradesh under NHO on EPC Mode (MoRTH) (618125),Infrastructure & Highways,Ministry of Road Transport & Highways,618125,Odisha,3109.91,3109.91,634.98,20.4,2022-03-01,2026-12-31,2028-12-31,2026-02-01,18,0.0,0
PAIM-618145,mode Job No. 737 (MoRTH) (618145),Infrastructure & Highways,Ministry of Road Transport & Highways,618145,Andhra Pradesh,1033.6,1033.6,761.87,73.7,2021-03-01,2026-12-31,2029-12-31,2026-02-01,24,0.0,0
PAIM-618161,no. 742 (MoRTH) (618161),Infrastructure & Highways,Ministry of Road Transport & Highways,618161,Andhra Pradesh,4194.97,4194.97,2206.79,52.6,2023-03-01,2028-12-31,2029-12-31,2026-02-01,24,0.0,0
PAIM-618191,shoulders in the state of Andhra Pradesh job-729 (MoRTH) (618191),Infrastructure & Highways,Ministry of Road Transport & Highways,618191,Andhra Pradesh,904.95,904.95,708.37,78.3,2024-03-01,2027-12-31,2028-12-31,2026-02-01,24,0.0,0
PAIM-618192,from in the State of Andhra Pradesh on EPC mode (MoRTH) (618192),Infrastructure & Highways,Ministry of Road Transport & Highways,618192,Andhra Pradesh,1266.78,1266.78,330.93,26.1,2024-03-01,2026-12-31,2027-12-31,2026-02-01,24,0.0,0
PAIM-618194,to 102/20 of Kalyandrg - Molakalmuru Section (MoRTH) (618194),Infrastructure & Highways,Ministry of Road Transport & Highways,618194,Andhra Pradesh,525.57,525.57,350.64,66.7,2021-03-01,2027-12-31,2029-12-31,2026-02-01,24,0.0,0
PAIM-618237,Andhra Pradesh under NHDP-IV (MoRTH) (618237),Infrastructure & Highways,Ministry of Road Transport & Highways,618237,Andhra Pradesh,2860.44,2860.44,859.38,30.0,2022-03-01,2026-12-31,2028-12-31,2026-02-01,36,0.0,0
PAIM-618238,the state of Andhra Pradesh under NHDP-IV (MoRTH) (618238),Infrastructure & Highways,Ministry of Road Transport & Highways,618238,Andhra Pradesh,4122.29,4122.29,1063.95,25.8,2021-03-01,2027-12-31,2027-12-31,2026-02-01,0,0.0,0
PAIM-618254,on NH-516E (MoRTH) (618254),Infrastructure & Highways,Ministry of Road Transport & Highways,618254,Andhra Pradesh,3142.81,3142.81,2481.25,79.0,2024-03-01,2026-12-31,2028-12-31,2026-02-01,6,0.0,0
PAIM-618255,Two laning with paved shoulders of Lambasingi to Paderusection  of NH 516E (MoRTH) (618255),Infrastructure & Highways,Ministry of Road Transport & Highways,618255,Andhra Pradesh,235.0,235.0,174.18,74.1,2023-03-01,2026-12-31,2029-12-31,2026-02-01,24,0.0,0
PAIM-618256,with the loan assistance of World Bank on EPC mode (MoRTH) (618256),Infrastructure & Highways,Ministry of Road Transport & Highways,618256,Andhra Pradesh,2774.61,2774.61,1880.77,67.8,2022-03-01,2026-12-31,2028-12-31,2026-02-01,6,0.0,0
PAIM-618257,with the loan assistance of World Bank on EPC mode (MoRTH) (618257),Infrastructure & Highways,Ministry of Road Transport & Highways,618257,Andhra Pradesh,584.37,584.37,483.35,82.7,2021-03-01,2027-12-31,2029-12-31,2026-02-01,18,0.0,0
PAIM-618258,516E (MoRTH) (618258),Infrastructure & Highways,Ministry of Road Transport & Highways,618258,Andhra Pradesh,3026.68,3026.68,1137.48,37.6,2022-03-01,2026-12-31,2027-12-31,2026-02-01,18,0.0,0
PAIM-618259,Two laning with paved shoulders of Paderu to GundigudaSection  of NH 516E (MoRTH) (618259),Infrastructure & Highways,Ministry of Road Transport & Highways,618259,Andhra Pradesh,3928.0,3928.0,637.44,16.2,2023-03-01,2028-12-31,2028-12-31,2026-02-01,24,0.0,0
PAIM-618475,Baireddypalle to Bangarupalem section (National Highways Authority of India [NHAI]) (618475),Infrastructure & Highways,Ministry of Road Transport & Highways,618475,Andhra Pradesh,539.83,539.83,267.92,49.6,2022-03-01,2027-12-31,2029-12-31,2026-02-01,6,0.0,0
PAIM-618476,Bangarupalem to Gudipala section (National Highways Authority of India [NHAI]) (618476),Infrastructure & Highways,Ministry of Road Transport & Highways,618476,Andhra Pradesh,4150.28,4150.28,2790.88,67.2,2021-03-01,2028-12-31,2027-12-31,2026-02-01,18,0.0,0
PAIM-618525,on EPC mode under NHO (National Highways Authority of India [NHAI]) (618525),Infrastructure & Highways,Ministry of Road Transport & Highways,618525,Andhra Pradesh,1692.42,1692.42,658.86,38.9,2022-03-01,2026-12-31,2028-12-31,2026-02-01,36,0.0,0
PAIM-618527,Gundugolanu Section from km. 30.00 to km. 47.881 Pkg-IV (National Highways Authority of India [NHAI]) (618527),Infrastructure & Highways,Ministry of Road Transport & Highways,618527,Andhra Pradesh,3562.6,3562.6,1423.34,40.0,2024-03-01,2027-12-31,2029-12-31,2026-02-01,18,0.0,0
PAIM-618579,NH-16 (National Highways Authority of India [NHAI]) (618579),Infrastructure & Highways,Ministry of Road Transport & Highways,618579,Andhra Pradesh,578.99,578.99,430.8,74.4,2024-03-01,2028-12-31,2029-12-31,2026-02-01,24,0.0,0
PAIM-618700,Renigunta - Poyya - Naidupeta km 124.60 to km 183.4 of NH 71 (National Highways Authority of India [NHAI]) (618700),Infrastructure & Highways,Ministry of Road Transport & Highways,618700,Andhra Pradesh,2648.07,2648.07,1351.21,51.0,2021-03-01,2026-12-31,2028-12-31,2026-02-01,18,0.0,0
PAIM-618712,24300 of [NH-544G]  Package-1 (National Highways Authority of India [NHAI]) (618712),Infrastructure & Highways,Ministry of Road Transport & Highways,618712,Andhra Pradesh,3319.66,3319.66,999.92,30.1,2021-03-01,2026-12-31,2027-12-31,2026-02-01,18,0.0,0
PAIM-618713,Audireddipalle Ch. 160000 of [NH  544G]  Package-6 (National Highways Authority of India [NHAI]) (618713),Infrastructure & Highways,Ministry of Road Transport & Highways,618713,Andhra Pradesh,3660.27,3660.27,1352.03,36.9,2022-03-01,2026-12-31,2029-12-31,2026-02-01,6,0.0,0
PAIM-618714,Yerragudipadu Ch. 129000 of [NH-544G]  Package-5 (National Highways Authority of India [NHAI]) (618714),Infrastructure & Highways,Ministry of Road Transport & Highways,618714,Andhra Pradesh,2369.98,2369.98,510.75,21.6,2023-03-01,2028-12-31,2027-12-31,2026-02-01,0,0.0,0
PAIM-618715,palli Ch. 96300 of [NH-544G]Package-4 (National Highways Authority of India [NHAI]) (618715),Infrastructure & Highways,Ministry of Road Transport & Highways,618715,Andhra Pradesh,3952.34,3952.34,3069.04,77.7,2021-03-01,2028-12-31,2029-12-31,2026-02-01,36,0.0,0
PAIM-618716,Ch. 72000 of [NH-544G]Package-3 (National Highways Authority of India [NHAI]) (618716),Infrastructure & Highways,Ministry of Road Transport & Highways,618716,Andhra Pradesh,3265.3,3265.3,770.76,23.6,2024-03-01,2028-12-31,2028-12-31,2026-02-01,36,0.0,0
PAIM-618717,Ch. 45700 of [NH-544G]  Package-2 (National Highways Authority of India [NHAI]) (618717),Infrastructure & Highways,Ministry of Road Transport & Highways,618717,Andhra Pradesh,1684.28,1684.28,950.71,56.4,2023-03-01,2026-12-31,2027-12-31,2026-02-01,12,0.0,0
PAIM-618718,Narayanmpet Ch. 203500Package-09 (National Highways Authority of India [NHAI]) (618718),Infrastructure & Highways,Ministry of Road Transport & Highways,618718,Andhra Pradesh,421.27,421.27,141.81,33.7,2022-03-01,2027-12-31,2029-12-31,2026-02-01,6,0.0,0
PAIM-618719,Kavulakuntla Ch. 196000 Package-08 (National Highways Authority of India [NHAI]) (618719),Infrastructure & Highways,Ministry of Road Transport & Highways,618719,Andhra Pradesh,2203.03,2203.03,232.68,10.6,2024-03-01,2028-12-31,2027-12-31,2026-02-01,12,0.0,0
PAIM-618720,Mallapalle Ch. 176000Package-07 (National Highways Authority of India [NHAI]) (618720),Infrastructure & Highways,Ministry of Road Transport & Highways,618720,Andhra Pradesh,1107.1,1107.1,893.5,80.7,2024-03-01,2027-12-31,2029-12-31,2026-02-01,6,0.0,0
PAIM-618721,Polavaram Ch. 260000of [NH-544G] Package-11 (National Highways Authority of India [NHAI]) (618721),Infrastructure & Highways,Ministry of Road Transport & Highways,618721,Andhra Pradesh,787.89,787.89,654.07,83.0,2021-03-01,2027-12-31,2027-12-31,2026-02-01,24,0.0,0
PAIM-618748,to Gurvaygudem village Design Chainage 105236 to 132664] (National Highways Authority of India [NHAI]) (618748),Infrastructure & Highways,Ministry of Road Transport & Highways,618748,Andhra Pradesh,898.5,898.5,481.97,53.6,2021-03-01,2027-12-31,2029-12-31,2026-02-01,12,0.0,0
PAIM-618749,village to Devarapalle village Design Chainage 132664 to 162126 (National Highways Authority of India [NHAI]) (618749),Infrastructure & Highways,Ministry of Road Transport & Highways,618749,Andhra Pradesh,1225.36,1225.36,841.88,68.7,2022-03-01,2027-12-31,2027-12-31,2026-02-01,6,0.0,0
PAIM-618759,4L PS Mydukur - Badvel from Km 585.820 to Km 630.960 of NH-67 (National Highways Authority of India [NHAI]) (618759),Infrastructure & Highways,Ministry of Road Transport & Highways,618759,Andhra Pradesh,2312.64,2312.64,997.61,43.1,2022-03-01,2028-12-31,2028-12-31,2026-02-01,18,0.0,0
PAIM-618777,95.717 of NH-71Package-II (National Highways Authority of India [NHAI]) (618777),Infrastructure & Highways,Ministry of Road Transport & Highways,618777,Andhra Pradesh,3565.4,3565.4,2574.27,72.2,2022-03-01,2027-12-31,2028-12-31,2026-02-01,12,0.0,0
PAIM-618778,4L of Madanapalle to Pileru Section from Km 0.000 to Km 55.900 of NH-71Package-I (National Highways Authority of India [,Infrastructure & Highways,Ministry of Road Transport & Highways,618778,Andhra Pradesh,1259.41,1259.41,681.25,54.1,2022-03-01,2027-12-31,2028-12-31,2026-02-01,6,0.0,0
PAIM-618803,Kakinada Port Connectivity to NH-16 Rajanagaram Junction in East Godavari District (National Highways Authority of India,Infrastructure & Highways,Ministry of Road Transport & Highways,618803,Andhra Pradesh,1760.92,1760.92,633.49,36.0,2023-03-01,2028-12-31,2028-12-31,2026-02-01,36,0.0,0
PAIM-618804,Dedicated Port road to Krishnapatnam Port Package-I from Km. 0.000 to Km. 18.000 (National Highways Authority of India [,Infrastructure & Highways,Ministry of Road Transport & Highways,618804,Andhra Pradesh,546.75,546.75,266.97,48.8,2023-03-01,2026-12-31,2029-12-31,2026-02-01,18,0.0,0
PAIM-618807,"Part I & 6L  extension of dedicated port road of NH-67 Km 18.0 to Km 19.3, Part II (National Highways Authority of India",Infrastructure & Highways,Ministry of Road Transport & Highways,618807,Andhra Pradesh,1986.13,1986.13,605.12,30.5,2022-03-01,2028-12-31,2029-12-31,2026-02-01,36,0.0,0
PAIM-618826,Pkg-1 (National Highways Authority of India [NHAI]) (618826),Infrastructure & Highways,Ministry of Road Transport & Highways,618826,Andhra Pradesh,771.2,771.2,284.66,36.9,2022-03-01,2028-12-31,2028-12-31,2026-02-01,0,0.0,0
PAIM-618827,Pkg-2 (National Highways Authority of India [NHAI]) (618827),Infrastructure & Highways,Ministry of Road Transport & Highways,618827,Andhra Pradesh,3872.35,3872.35,3257.2,84.1,2021-03-01,2028-12-31,2029-12-31,2026-02-01,0,0.0,0
PAIM-618919,Km.73.000/Design Km 66.115 of NH340C  Package2 (National Highways Authority of India [NHAI]) (618919),Infrastructure & Highways,Ministry of Road Transport & Highways,618919,Andhra Pradesh,2547.43,2547.43,1599.76,62.8,2021-03-01,2027-12-31,2029-12-31,2026-02-01,6,0.0,0
PAIM-619076,Gundugolanu Section from km. 0.00 to km. 30.00 Pkg-III (National Highways Authority of India [NHAI]) (619076),Infrastructure & Highways,Ministry of Road Transport & Highways,619076,Andhra Pradesh,2827.94,2827.94,472.01,16.7,2024-03-01,2028-12-31,2028-12-31,2026-02-01,6,0.0,0
PAIM-619111,2 (National Highways Authority of India [NHAI]) (619111),Infrastructure & Highways,Ministry of Road Transport & Highways,619111,Andhra Pradesh,905.86,905.86,564.12,62.3,2024-03-01,2026-12-31,2027-12-31,2026-02-01,18,0.0,0
PAIM-619112,464.662 Pkg-4 (National Highways Authority of India [NHAI]) (619112),Infrastructure & Highways,Ministry of Road Transport & Highways,619112,Andhra Pradesh,644.08,644.08,520.68,80.8,2023-03-01,2026-12-31,2028-12-31,2026-02-01,0,0.0,0
PAIM-619123,Chandrasekharpuram Ch. 228000Package-10 (National Highways Authority of India [NHAI]) (619123),Infrastructure & Highways,Ministry of Road Transport & Highways,619123,Andhra Pradesh,2460.34,2460.34,2063.61,83.9,2023-03-01,2027-12-31,2029-12-31,2026-02-01,24,0.0,0
PAIM-619124,Ch. 285500 of [NH-544G]Package-12 (National Highways Authority of India [NHAI]) (619124),Infrastructure & Highways,Ministry of Road Transport & Highways,619124,Andhra Pradesh,456.23,456.23,171.56,37.6,2023-03-01,2027-12-31,2029-12-31,2026-02-01,18,0.0,0
PAIM-619125,Muppavaram Ch.343240 of [NH-544G] Package-14 (National Highways Authority of India [NHAI]) (619125),Infrastructure & Highways,Ministry of Road Transport & Highways,619125,Andhra Pradesh,3733.45,3733.45,543.93,14.6,2022-03-01,2026-12-31,2028-12-31,2026-02-01,12,0.0,0
PAIM-619126,Somavarappadu Ch. 314600 of [NH-544G] Package-13 (National Highways Authority of India [NHAI]) (619126),Infrastructure & Highways,Ministry of Road Transport & Highways,619126,Andhra Pradesh,2993.11,2993.11,682.25,22.8,2023-03-01,2027-12-31,2029-12-31,2026-02-01,18,0.0,0
PAIM-619140,6L of Naidupeta Junction - Turpukanupur Section from km 57.046 to km 91.927 (National Highways Authority of India [NHAI],Infrastructure & Highways,Ministry of Road Transport & Highways,619140,Andhra Pradesh,2932.12,2932.12,699.59,23.9,2024-03-01,2026-12-31,2028-12-31,2026-02-01,18,0.0,0
PAIM-619141,on HAM Mode under Bharatmala Pariyojana Phase I (National Highways Authority of India [NHAI]) (619141),Infrastructure & Highways,Ministry of Road Transport & Highways,619141,Andhra Pradesh,3234.61,3234.61,404.02,12.5,2024-03-01,2026-12-31,2028-12-31,2026-02-01,12,0.0,0
PAIM-619160,Balance works in AP Portion and punch list items in TN & AP portion of NH-205 (National Highways Authority of India [NHA,Infrastructure & Highways,Ministry of Road Transport & Highways,619160,Andhra Pradesh,2844.73,2844.73,1891.36,66.5,2022-03-01,2028-12-31,2029-12-31,2026-02-01,6,0.0,0
PAIM-617897,EPC mode connecting NH 19 to 85 origin (MoRTH) (617897),Infrastructure & Highways,Ministry of Road Transport & Highways,617897,Bihar,2872.56,2872.56,1204.4,41.9,2021-03-01,2028-12-31,2029-12-31,2026-02-01,6,0.0,0
PAIM-617958,Widening & Strenthening from km132.895 to km 190.15 NH-80 (MoRTH) (617958),Infrastructure & Highways,Ministry of Road Transport & Highways,617958,Bihar,901.28,901.28,559.2,62.0,2021-03-01,2026-12-31,2027-12-31,2026-02-01,6,0.0,0
PAIM-617959,on EPC Mode in the State of Bihar. (MoRTH) (617959),Infrastructure & Highways,Ministry of Road Transport & Highways,617959,Bihar,1137.63,1137.63,189.28,16.6,2021-03-01,2026-12-31,2028-12-31,2026-02-01,12,0.0,0
PAIM-617961,Gaya-Hisua-Rajgir-Nalanda-Biharsharif section km0.00 to 92.935 NH-82 (MoRTH) (617961),Infrastructure & Highways,Ministry of Road Transport & Highways,617961,Bihar,4463.28,4463.28,2077.13,46.5,2023-03-01,2026-12-31,2028-12-31,2026-02-01,0,0.0,0
PAIM-617966,NHIIP-BR-106-7 [NHIIP-BR-106-7] (MoRTH) (617966),Infrastructure & Highways,Ministry of Road Transport & Highways,617966,Bihar,3195.52,3195.52,857.96,26.8,2024-03-01,2027-12-31,2027-12-31,2026-02-01,6,0.0,0
PAIM-617969,Islampur IPR section in the state of Bihar on EPC mode. (MoRTH) (617969),Infrastructure & Highways,Ministry of Road Transport & Highways,617969,Bihar,2452.01,2452.01,1701.45,69.4,2021-03-01,2027-12-31,2027-12-31,2026-02-01,0,0.0,0
PAIM-618004,16.150 Kmunder EPC mode in the state of Bihar (MoRTH) (618004),Infrastructure & Highways,Ministry of Road Transport & Highways,618004,Bihar,2242.21,2242.21,1089.74,48.6,2021-03-01,2027-12-31,2029-12-31,2026-02-01,6,0.0,0
PAIM-618005,Sheohar-Sitamarhi Section km 40.000 to 79.400 km Lot-I (MoRTH) (618005),Infrastructure & Highways,Ministry of Road Transport & Highways,618005,Bihar,1686.69,1686.69,946.92,56.1,2023-03-01,2028-12-31,2028-12-31,2026-02-01,0,0.0,0
PAIM-618006,Sitamarhi-Jaynagar Section km 79.400 to km 156.500 Lot-II (MoRTH) (618006),Infrastructure & Highways,Ministry of Road Transport & Highways,618006,Bihar,2472.46,2472.46,843.56,34.1,2021-03-01,2027-12-31,2029-12-31,2026-02-01,18,0.0,0
PAIM-618007,Jaynagar-Narahia Section km 156.500 to km 219.945 Lot-III (MoRTH) (618007),Infrastructure & Highways,Ministry of Road Transport & Highways,618007,Bihar,4222.72,4222.72,3490.25,82.7,2024-03-01,2026-12-31,2028-12-31,2026-02-01,6,0.0,0
PAIM-618073,Km 29.730 of NH 122 B in the State of Bihar. (MoRTH) (618073),Infrastructure & Highways,Ministry of Road Transport & Highways,618073,Bihar,349.84,349.84,161.69,46.2,2024-03-01,2028-12-31,2027-12-31,2026-02-01,18,0.0,0
PAIM-618074,under EPC mode (MoRTH) (618074),Infrastructure & Highways,Ministry of Road Transport & Highways,618074,Bihar,2785.02,2785.02,1034.64,37.2,2021-03-01,2027-12-31,2029-12-31,2026-02-01,36,0.0,0
PAIM-618080,under EPC mode in the state of Bihar (MoRTH) (618080),Infrastructure & Highways,Ministry of Road Transport & Highways,618080,Bihar,2482.24,2482.24,1481.61,59.7,2024-03-01,2027-12-31,2029-12-31,2026-02-01,18,0.0,0
PAIM-618120,Package - 2 in the State of Bihar on EPC Mode. (MoRTH) (618120),Infrastructure & Highways,Ministry of Road Transport & Highways,618120,Bihar,508.0,508.0,211.76,41.7,2023-03-01,2026-12-31,2027-12-31,2026-02-01,6,0.0,0
PAIM-618121,state of Bihar under EPC mode (MoRTH) (618121),Infrastructure & Highways,Ministry of Road Transport & Highways,618121,Bihar,4426.47,4426.47,3479.41,78.6,2021-03-01,2028-12-31,2029-12-31,2026-02-01,36,0.0,0
PAIM-618146,from km 3.500 to 43.000 of NH 527 E on EPC mode in State of Bihar (MoRTH) (618146),Infrastructure & Highways,Ministry of Road Transport & Highways,618146,Bihar,672.82,672.82,199.32,29.6,2024-03-01,2028-12-31,2028-12-31,2026-02-01,18,0.0,0
PAIM-618228,0.00 to km 14.500 across river Ganga on NH-19 at Patna in the state of Bihar. (MoRTH) (618228),Infrastructure & Highways,Ministry of Road Transport & Highways,618228,Bihar,1738.41,1738.41,1008.7,58.0,2024-03-01,2026-12-31,2028-12-31,2026-02-01,24,0.0,0
PAIM-618234,EPC mode (MoRTH) (618234),Infrastructure & Highways,Ministry of Road Transport & Highways,618234,Bihar,718.42,718.42,210.67,29.3,2021-03-01,2028-12-31,2027-12-31,2026-02-01,0,0.0,0
PAIM-618246,Bihar (MoRTH) (618246),Infrastructure & Highways,Ministry of Road Transport & Highways,618246,Bihar,1438.0,1438.0,1157.97,80.5,2021-03-01,2026-12-31,2027-12-31,2026-02-01,6,0.0,0
PAIM-618250,Bihar (MoRTH) (618250),Infrastructure & Highways,Ministry of Road Transport & Highways,618250,Bihar,2681.93,2681.93,2113.95,78.8,2022-03-01,2028-12-31,2028-12-31,2026-02-01,6,0.0,0
PAIM-618251,Annuity Model HAM basis (MoRTH) (618251),Infrastructure & Highways,Ministry of Road Transport & Highways,618251,Bihar,579.44,579.44,471.91,81.4,2022-03-01,2027-12-31,2028-12-31,2026-02-01,24,0.0,0
PAIM-618569,Balance work - WB-10 Gandak Bridge Km 402.00 to Km 440.00 Devanpur - Kotwa (National Highways Authority of India [NHAI]),Infrastructure & Highways,Ministry of Road Transport & Highways,618569,Bihar,2016.14,2016.14,1187.27,58.9,2024-03-01,2028-12-31,2027-12-31,2026-02-01,18,0.0,0
PAIM-618570,384.000 to Km. 386.750 on NH-27 (National Highways Authority of India [NHAI]) (618570),Infrastructure & Highways,Ministry of Road Transport & Highways,618570,Bihar,3530.42,3530.42,628.39,17.8,2024-03-01,2027-12-31,2028-12-31,2026-02-01,6,0.0,0
PAIM-618571,km.520.000 Total length 80.00Km (National Highways Authority of India [NHAI]) (618571),Infrastructure & Highways,Ministry of Road Transport & Highways,618571,Bihar,2804.19,2804.19,546.39,19.5,2024-03-01,2026-12-31,2029-12-31,2026-02-01,0,0.0,0
PAIM-618725,Anarbansalea village From KM. 116000 to KM. 151200 Package-6 (National Highways Authority of India [NHAI]) (618725),Infrastructure & Highways,Ministry of Road Transport & Highways,618725,Bihar,3901.47,3901.47,509.58,13.1,2024-03-01,2026-12-31,2029-12-31,2026-02-01,36,0.0,0
PAIM-618726,village from Km. 27.000 to Km. 54.000 Pkg-2 (National Highways Authority of India [NHAI]) (618726),Infrastructure & Highways,Ministry of Road Transport & Highways,618726,Bihar,2335.39,2335.39,1205.43,51.6,2024-03-01,2028-12-31,2029-12-31,2026-02-01,12,0.0,0
PAIM-618727,road in Bhairopur village to Konki village From KM. 54.000 to KM. 90.000Pkg-3 (National Highways Authority of India [NHA,Infrastructure & Highways,Ministry of Road Transport & Highways,618727,Bihar,3226.28,3226.28,651.51,20.2,2023-03-01,2028-12-31,2027-12-31,2026-02-01,36,0.0,0
PAIM-618738,131G starting from Km 8.480 near Sherpur to Km 23.000 near Dighwara (National Highways Authority of India [NHAI]) (61873,Infrastructure & Highways,Ministry of Road Transport & Highways,618738,Bihar,4029.58,4029.58,1173.37,29.1,2022-03-01,2027-12-31,2027-12-31,2026-02-01,6,0.0,0
PAIM-618739,119 D Pkg-I (National Highways Authority of India [NHAI]) (618739),Infrastructure & Highways,Ministry of Road Transport & Highways,618739,Bihar,4089.41,4089.41,1039.9,25.4,2022-03-01,2026-12-31,2027-12-31,2026-02-01,36,0.0,0
PAIM-618740,109.300 of NH 119 D Pkg-II (National Highways Authority of India [NHAI]) (618740),Infrastructure & Highways,Ministry of Road Transport & Highways,618740,Bihar,3471.83,3471.83,1651.9,47.6,2024-03-01,2028-12-31,2028-12-31,2026-02-01,18,0.0,0
PAIM-618741,4L  Greenfield Alignment from Kalyanapur to Tal Dashraha of NH-119D Pkg-III (NHAI) (618741),Infrastructure & Highways,Ministry of Road Transport & Highways,618741,Bihar,1012.24,1012.24,807.73,79.8,2021-03-01,2026-12-31,2027-12-31,2026-02-01,6,0.0,0
PAIM-618774,Ara - Mohania Pkg-II (National Highways Authority of India [NHAI]) (618774),Infrastructure & Highways,Ministry of Road Transport & Highways,618774,Bihar,2497.91,2497.91,2094.13,83.8,2021-03-01,2027-12-31,2029-12-31,2026-02-01,18,0.0,0
PAIM-618775,Ara Bypass (National Highways Authority of India [NHAI]) (618775),Infrastructure & Highways,Ministry of Road Transport & Highways,618775,Bihar,210.05,210.05,163.26,77.7,2022-03-01,2026-12-31,2028-12-31,2026-02-01,18,0.0,0
PAIM-618779,4L of Aurangabad-Paithan (NHAI) (618779),Infrastructure & Highways,Ministry of Road Transport & Highways,618779,Bihar,3371.93,3371.93,660.15,19.6,2023-03-01,2027-12-31,2029-12-31,2026-02-01,6,0.0,0
PAIM-618791,4L PS under NH configuration of Manikpur-Sahebganj of NH-139W (National Highways Authority of India [NHAI]) (618791),Infrastructure & Highways,Ministry of Road Transport & Highways,618791,Bihar,2698.31,2698.31,950.88,35.2,2022-03-01,2026-12-31,2029-12-31,2026-02-01,18,0.0,0
PAIM-618839,Aunta - Simaria including Ganga Bridge (National Highways Authority of India [NHAI]) (618839),Infrastructure & Highways,Ministry of Road Transport & Highways,618839,Bihar,2634.54,2634.54,1826.27,69.3,2021-03-01,2028-12-31,2029-12-31,2026-02-01,0,0.0,0
PAIM-618840,Simaria Km. 206.050 to Khagaria Km. 266.282 (National Highways Authority of India [NHAI]) (618840),Infrastructure & Highways,Ministry of Road Transport & Highways,618840,Bihar,2998.2,2998.2,1346.4,44.9,2024-03-01,2027-12-31,2028-12-31,2026-02-01,6,0.0,0
PAIM-618841,section  from Km. 221.047 to Km. 225.302 of NH-31 (National Highways Authority of India [NHAI]) (618841),Infrastructure & Highways,Ministry of Road Transport & Highways,618841,Bihar,1445.47,1445.47,421.59,29.2,2021-03-01,2027-12-31,2029-12-31,2026-02-01,18,0.0,0
PAIM-618861,Bakhtiyarpur-Rajauli Pkg-II from km. 54.405 to km.101.630 (National Highways Authority of India [NHAI]) (618861),Infrastructure & Highways,Ministry of Road Transport & Highways,618861,Bihar,1821.34,1821.34,1223.26,67.2,2021-03-01,2027-12-31,2027-12-31,2026-02-01,6,0.0,0
PAIM-618902,Maheshkunt-Saharsa-Purnea Pkg I km 0.00 to km. 90.00 of NH-107 (National Highways Authority of India [NHAI]) (618902),Infrastructure & Highways,Ministry of Road Transport & Highways,618902,Bihar,2836.92,2836.92,671.12,23.7,2024-03-01,2027-12-31,2027-12-31,2026-02-01,6,0.0,0
PAIM-618903,Maheshkunt -Saharsa-Purnea Pkg II (National Highways Authority of India [NHAI]) (618903),Infrastructure & Highways,Ministry of Road Transport & Highways,618903,Bihar,1710.1,1710.1,388.95,22.7,2024-03-01,2028-12-31,2028-12-31,2026-02-01,0,0.0,0
PAIM-618904,Chhapra - Hajipur from km. 143.200 to km. 209.200 (National Highways Authority of India [NHAI]) (618904),Infrastructure & Highways,Ministry of Road Transport & Highways,618904,Bihar,2372.53,2372.53,885.91,37.3,2022-03-01,2026-12-31,2027-12-31,2026-02-01,18,0.0,0
PAIM-618915,83 (National Highways Authority of India [NHAI]) (618915),Infrastructure & Highways,Ministry of Road Transport & Highways,618915,Bihar,2927.35,2927.35,1726.66,59.0,2021-03-01,2026-12-31,2027-12-31,2026-02-01,18,0.0,0
PAIM-618916,NH-83 (National Highways Authority of India [NHAI]) (618916),Infrastructure & Highways,Ministry of Road Transport & Highways,618916,Bihar,3519.53,3519.53,2142.0,60.9,2023-03-01,2027-12-31,2029-12-31,2026-02-01,36,0.0,0
PAIM-618953,Umagaon-Saharsa Package-IV Koshi Bridge & approach Road - Bheja-Bakaur (NHAI) (618953),Infrastructure & Highways,Ministry of Road Transport & Highways,618953,Bihar,402.79,402.79,256.22,63.6,2023-03-01,2028-12-31,2028-12-31,2026-02-01,0,0.0,0
PAIM-618955,2L PS of Majhauli to Charout section from km. 0.00 to km. 63.655 (NHAI) (618955),Infrastructure & Highways,Ministry of Road Transport & Highways,618955,Bihar,3349.7,3349.7,467.99,14.0,2021-03-01,2026-12-31,2029-12-31,2026-02-01,24,0.0,0
PAIM-619127,Nawda Section  of NH-119D (NHAI) (619127),Infrastructure & Highways,Ministry of Road Transport & Highways,619127,Bihar,2670.03,2670.03,1416.6,53.1,2024-03-01,2027-12-31,2029-12-31,2026-02-01,0,0.0,0
PAIM-619136,No 227F to 2 lane with paved shoulders from Design Ch.0.000 to Ch. 34.566 (National Highways Authority of India [NHAI]) ,Infrastructure & Highways,Ministry of Road Transport & Highways,619136,Bihar,2361.23,2361.23,415.63,17.6,2024-03-01,2027-12-31,2028-12-31,2026-02-01,18,0.0,0
PAIM-619152,Bakhtiyarpur Km 153.300 to Mokama Km 197.900 (National Highways Authority of India [NHAI]) (619152),Infrastructure & Highways,Ministry of Road Transport & Highways,619152,Bihar,3470.83,3470.83,1223.75,35.3,2023-03-01,2028-12-31,2027-12-31,2026-02-01,36,0.0,0
PAIM-619166,Umagaon-Saharsa Package-V Bakaur-Parsarma-Bangaon-Bariyahi & Spur to Mahishi (NHAI) (619166),Infrastructure & Highways,Ministry of Road Transport & Highways,619166,Bihar,2016.42,2016.42,1254.56,62.2,2021-03-01,2028-12-31,2029-12-31,2026-02-01,6,0.0,0
PAIM-617919,2017-18-56 (MoRTH) (617919),Infrastructure & Highways,Ministry of Road Transport & Highways,617919,Multi-State,4427.62,4427.62,1037.22,23.4,2022-03-01,2026-12-31,2029-12-31,2026-02-01,12,0.0,0
PAIM-617971,retained    on NH-130D under EPC mode in the State Chhattisgarh. (MoRTH) (617971),Infrastructure & Highways,Ministry of Road Transport & Highways,617971,Multi-State,2540.39,2540.39,852.42,33.6,2021-03-01,2027-12-31,2027-12-31,2026-02-01,24,0.0,0
PAIM-617973,chhattisgarh.job No. 130-CG-2017-18-348 (MoRTH) (617973),Infrastructure & Highways,Ministry of Road Transport & Highways,617973,Multi-State,1034.59,1034.59,229.57,22.2,2023-03-01,2026-12-31,2029-12-31,2026-02-01,24,0.0,0
PAIM-618064,Chhattisgarh under EPC mode (MoRTH) (618064),Infrastructure & Highways,Ministry of Road Transport & Highways,618064,Multi-State,2541.03,2541.03,953.89,37.5,2023-03-01,2027-12-31,2029-12-31,2026-02-01,12,0.0,0
PAIM-618078,lane with paved shoulders in the State of Chhattisgarh on EPC mode. (MoRTH) (618078),Infrastructure & Highways,Ministry of Road Transport & Highways,618078,Multi-State,4429.44,4429.44,1773.84,40.0,2022-03-01,2026-12-31,2027-12-31,2026-02-01,12,0.0,0
PAIM-618589,to near Khatti Village (National Highways Authority of India [NHAI]) (618589),Infrastructure & Highways,Ministry of Road Transport & Highways,618589,Multi-State,1887.39,1887.39,365.68,19.4,2024-03-01,2028-12-31,2029-12-31,2026-02-01,24,0.0,0
PAIM-618590,near Aurang (National Highways Authority of India [NHAI]) (618590),Infrastructure & Highways,Ministry of Road Transport & Highways,618590,Multi-State,3071.67,3071.67,1366.1,44.5,2023-03-01,2027-12-31,2027-12-31,2026-02-01,18,0.0,0
PAIM-618639,4L of Bilaspur to Urga km 0.00 to 70.2 of NH-130A (National Highways Authority of India [NHAI]) (618639),Infrastructure & Highways,Ministry of Road Transport & Highways,618639,Multi-State,597.46,597.46,253.63,42.5,2024-03-01,2026-12-31,2028-12-31,2026-02-01,6,0.0,0
PAIM-618673,130CD Pkg-CG-1 (National Highways Authority of India [NHAI]) (618673),Infrastructure & Highways,Ministry of Road Transport & Highways,618673,Multi-State,3231.09,3231.09,1515.65,46.9,2022-03-01,2027-12-31,2027-12-31,2026-02-01,24,0.0,0
PAIM-618674,130CD Pkg-CG-2 (National Highways Authority of India [NHAI]) (618674),Infrastructure & Highways,Ministry of Road Transport & Highways,618674,Multi-State,3322.84,3322.84,2027.68,61.0,2022-03-01,2027-12-31,2028-12-31,2026-02-01,36,0.0,0
PAIM-618675,of NH-130-CD (National Highways Authority of India [NHAI]) (618675),Infrastructure & Highways,Ministry of Road Transport & Highways,618675,Multi-State,320.5,320.5,170.1,53.1,2024-03-01,2028-12-31,2029-12-31,2026-02-01,36,0.0,0
PAIM-618849,the tunnel from Km 12.732 to Km 14.568 of Kiratpur to Nerchowk Section of NH-21 (National Highways Authority of India [N,Infrastructure & Highways,Ministry of Road Transport & Highways,618849,Multi-State,3569.78,3569.78,1247.97,35.0,2021-03-01,2026-12-31,2029-12-31,2026-02-01,18,0.0,0
PAIM-619103,4/6 Laning of Raipur-Simga Pkg-I from km. 0.00 to km. 48.58 (National Highways Authority of India [NHAI]) (619103),Infrastructure & Highways,Ministry of Road Transport & Highways,619103,Multi-State,3447.01,3447.01,1072.63,31.1,2021-03-01,2026-12-31,2029-12-31,2026-02-01,36,0.0,0
PAIM-619167,Kathghora (National Highways Authority of India [NHAI]) (619167),Infrastructure & Highways,Ministry of Road Transport & Highways,619167,Multi-State,2978.13,2978.13,572.28,19.2,2023-03-01,2026-12-31,2027-12-31,2026-02-01,18,0.0,0
PAIM-618509,from km. 0.70 to km.15.00 (National Highways Authority of India [NHAI]) (618509),Infrastructure & Highways,Ministry of Road Transport & Highways,618509,Delhi,1815.23,1815.23,954.98,52.6,2022-03-01,2028-12-31,2029-12-31,2026-02-01,0,0.0,0
PAIM-618578,Road of NH-148NA from km. 0.00 to km. 9.00 in NCR (National Highways Authority of India [NHAI]) (618578),Infrastructure & Highways,Ministry of Road Transport & Highways,618578,Delhi,4474.15,4474.15,2958.2,66.1,2022-03-01,2028-12-31,2028-12-31,2026-02-01,12,0.0,0
PAIM-619090,5.300 Km.to 9.500 Km. of NH-248BB (National Highways Authority of India [NHAI]) (619090),Infrastructure & Highways,Ministry of Road Transport & Highways,619090,Delhi,1284.44,1284.44,178.31,13.9,2023-03-01,2028-12-31,2028-12-31,2026-02-01,12,0.0,0
PAIM-617942,approaches on NH-66 (MoRTH) (617942),Infrastructure & Highways,Ministry of Road Transport & Highways,617942,Multi-State,1946.76,1946.76,1469.12,75.5,2022-03-01,2027-12-31,2029-12-31,2026-02-01,18,0.0,0
PAIM-617906,Gujarat on EPC (MoRTH) (617906),Infrastructure & Highways,Ministry of Road Transport & Highways,617906,Gujarat,2283.23,2283.23,685.15,30.0,2021-03-01,2027-12-31,2028-12-31,2026-02-01,0,0.0,0
PAIM-617916,47 in the State of Gujarat on HAM mode (MoRTH) (617916),Infrastructure & Highways,Ministry of Road Transport & Highways,617916,Gujarat,2073.98,2073.98,1516.46,73.1,2023-03-01,2026-12-31,2028-12-31,2026-02-01,18,0.0,0
PAIM-617926,on Hybrid Annuity Mode HAM (MoRTH) (617926),Infrastructure & Highways,Ministry of Road Transport & Highways,617926,Gujarat,2451.44,2451.44,2009.26,82.0,2022-03-01,2028-12-31,2027-12-31,2026-02-01,24,0.0,0
PAIM-617927,Antrasuba Mathasur road  of NH 58 in the State of Gujarat (MoRTH) (617927),Infrastructure & Highways,Ministry of Road Transport & Highways,617927,Gujarat,795.63,795.63,552.49,69.4,2024-03-01,2026-12-31,2029-12-31,2026-02-01,12,0.0,0
PAIM-617928,"Vrundavan Chokdi, Kheralu on NH-58 in the State of Gujarat. (MoRTH) (617928)",Infrastructure & Highways,Ministry of Road Transport & Highways,617928,Gujarat,1492.16,1492.16,284.89,19.1,2024-03-01,2026-12-31,2027-12-31,2026-02-01,18,0.0,0
PAIM-617976,sate of Gujarat (MoRTH) (617976),Infrastructure & Highways,Ministry of Road Transport & Highways,617976,Gujarat,1164.76,1164.76,515.69,44.3,2021-03-01,2027-12-31,2028-12-31,2026-02-01,0,0.0,0
PAIM-618022,NH 351  Mahuva to Badhada section in the State of Gujarat (MoRTH) (618022),Infrastructure & Highways,Ministry of Road Transport & Highways,618022,Gujarat,3185.24,3185.24,2430.36,76.3,2024-03-01,2027-12-31,2027-12-31,2026-02-01,12,0.0,0
PAIM-618107,Hybrid Annuity Mode HAM (MoRTH) (618107),Infrastructure & Highways,Ministry of Road Transport & Highways,618107,Gujarat,1082.86,1082.86,313.01,28.9,2024-03-01,2027-12-31,2027-12-31,2026-02-01,0,0.0,0
PAIM-618108,168G Idar-Bhiloda-Samlaji in the state of Gujarat Length  34.275 km (MoRTH) (618108),Infrastructure & Highways,Ministry of Road Transport & Highways,618108,Gujarat,1279.68,1279.68,740.7,57.9,2022-03-01,2028-12-31,2027-12-31,2026-02-01,18,0.0,0
PAIM-618459,Delhi-Vadodara Greenfield Alignment NH-148N Pkg-26 Ch.696890 to Ch.726390 (National Highways Authority of India [NHAI]) ,Infrastructure & Highways,Ministry of Road Transport & Highways,618459,Gujarat,1374.08,1374.08,602.85,43.9,2024-03-01,2028-12-31,2027-12-31,2026-02-01,6,0.0,0
PAIM-618460,Delhi-Vadodara Greenfield Alignment NH-148N Pkg-28 Ch.756052 to Ch.781282 (National Highways Authority of India [NHAI]) ,Infrastructure & Highways,Ministry of Road Transport & Highways,618460,Gujarat,2655.38,2655.38,655.33,24.7,2023-03-01,2027-12-31,2027-12-31,2026-02-01,24,0.0,0
PAIM-618461,[Baletiya Village - Junction near Pratap Nagar Village] (National Highways Authority of India [NHAI]) (618461),Infrastructure & Highways,Ministry of Road Transport & Highways,618461,Gujarat,1557.71,1557.71,1170.57,75.1,2023-03-01,2027-12-31,2028-12-31,2026-02-01,18,0.0,0
PAIM-618462,[Junction near Pratap nagar Village - Junction near Dodka Village] (National Highways Authority of India [NHAI]) (618462,Infrastructure & Highways,Ministry of Road Transport & Highways,618462,Gujarat,2857.52,2857.52,827.89,29.0,2022-03-01,2026-12-31,2028-12-31,2026-02-01,12,0.0,0
PAIM-618463,Vadodara Mumbai Expressway Kim to Ankleshwar Phase IA - Pkg V (National Highways Authority of India [NHAI]) (618463),Infrastructure & Highways,Ministry of Road Transport & Highways,618463,Gujarat,1715.58,1715.58,1357.73,79.1,2023-03-01,2026-12-31,2029-12-31,2026-02-01,0,0.0,0
PAIM-618465,217.500] (National Highways Authority of India [NHAI]) (618465),Infrastructure & Highways,Ministry of Road Transport & Highways,618465,Gujarat,755.58,755.58,267.94,35.5,2024-03-01,2027-12-31,2028-12-31,2026-02-01,24,0.0,0
PAIM-618501,Sindhrej Village] (National Highways Authority of India [NHAI]) (618501),Infrastructure & Highways,Ministry of Road Transport & Highways,618501,Gujarat,3961.69,3961.69,2619.75,66.1,2023-03-01,2026-12-31,2027-12-31,2026-02-01,36,0.0,0
PAIM-618502,Village] (National Highways Authority of India [NHAI]) (618502),Infrastructure & Highways,Ministry of Road Transport & Highways,618502,Gujarat,3127.03,3127.03,1053.42,33.7,2022-03-01,2026-12-31,2029-12-31,2026-02-01,12,0.0,0
PAIM-618503,DSIR zone] (National Highways Authority of India [NHAI]) (618503),Infrastructure & Highways,Ministry of Road Transport & Highways,618503,Gujarat,2726.24,2726.24,2153.07,79.0,2022-03-01,2027-12-31,2028-12-31,2026-02-01,24,0.0,0
PAIM-618504,Adhelai Village] (National Highways Authority of India [NHAI]) (618504),Infrastructure & Highways,Ministry of Road Transport & Highways,618504,Gujarat,819.2,819.2,183.14,22.4,2023-03-01,2028-12-31,2029-12-31,2026-02-01,12,0.0,0
PAIM-618614,Sanchore - Santalpur from km 67.000 - km 99.000 of NH-754K AJ-RGBS-Package-3 (National Highways Authority of India [NHAI,Infrastructure & Highways,Ministry of Road Transport & Highways,618614,Gujarat,2070.24,2070.24,1735.7,83.8,2023-03-01,2026-12-31,2027-12-31,2026-02-01,12,0.0,0
PAIM-618615,Sanchore - Santalpur from km 99.000 - km 130.073 of NH-754K AJ-RGBS-Package-4 (National Highways Authority of India [NHA,Infrastructure & Highways,Ministry of Road Transport & Highways,618615,Gujarat,2741.06,2741.06,1073.28,39.2,2021-03-01,2027-12-31,2028-12-31,2026-02-01,36,0.0,0
PAIM-618616,existing Ch. 42000 to 48500 of ongoing Dhrol-Bhadra-Pipaliya section of NH-151A (National Highways Authority of India [N,Infrastructure & Highways,Ministry of Road Transport & Highways,618616,Gujarat,548.22,548.22,404.3,73.7,2023-03-01,2027-12-31,2029-12-31,2026-02-01,6,0.0,0
PAIM-618787,Junction from Km 0.000 to Km 65.478 of NH-341 (National Highways Authority of India [NHAI]) (618787),Infrastructure & Highways,Ministry of Road Transport & Highways,618787,Gujarat,1439.44,1439.44,1204.84,83.7,2023-03-01,2026-12-31,2028-12-31,2026-02-01,18,0.0,0
PAIM-618833,120.900 to km. 121.150 of NH-8D (National Highways Authority of India [NHAI]) (618833),Infrastructure & Highways,Ministry of Road Transport & Highways,618833,Gujarat,3434.67,3434.67,2574.55,75.0,2022-03-01,2026-12-31,2028-12-31,2026-02-01,12,0.0,0
PAIM-618834,NH-8E NH 51 new (National Highways Authority of India [NHAI]) (618834),Infrastructure & Highways,Ministry of Road Transport & Highways,618834,Gujarat,4021.41,4021.41,1604.68,39.9,2023-03-01,2027-12-31,2027-12-31,2026-02-01,6,0.0,0
PAIM-618835,Package-II (National Highways Authority of India [NHAI]) (618835),Infrastructure & Highways,Ministry of Road Transport & Highways,618835,Gujarat,4454.14,4454.14,1346.17,30.2,2024-03-01,2027-12-31,2029-12-31,2026-02-01,12,0.0,0
PAIM-618931,NH-56 Pkg-V (National Highways Authority of India [NHAI]) (618931),Infrastructure & Highways,Ministry of Road Transport & Highways,618931,Gujarat,2046.19,2046.19,849.64,41.5,2022-03-01,2028-12-31,2029-12-31,2026-02-01,12,0.0,0
PAIM-619067,6L of Chiloda-Naroda section from Km. 540.595 to  Km. 555.595 of NH-8Package-VII (National Highways Authority of India [,Infrastructure & Highways,Ministry of Road Transport & Highways,619067,Gujarat,943.87,943.87,248.09,26.3,2023-03-01,2026-12-31,2027-12-31,2026-02-01,18,0.0,0
PAIM-619087,Km. 185.00 on NH-27 (National Highways Authority of India [NHAI]) (619087),Infrastructure & Highways,Ministry of Road Transport & Highways,619087,Gujarat,2776.41,2776.41,1859.53,67.0,2022-03-01,2026-12-31,2029-12-31,2026-02-01,0,0.0,0
PAIM-619137,km 171.800 to km 125.000 of NH-151A (National Highways Authority of India [NHAI]) (619137),Infrastructure & Highways,Ministry of Road Transport & Highways,619137,Gujarat,1539.27,1539.27,548.28,35.6,2022-03-01,2027-12-31,2027-12-31,2026-02-01,12,0.0,0
PAIM-619145,Four Laning of Una to Kodinar from km. 180.478 to km. 221.610 Package-V (National Highways Authority of India [NHAI]) (6,Infrastructure & Highways,Ministry of Road Transport & Highways,619145,Gujarat,2054.15,2054.15,320.26,15.6,2022-03-01,2028-12-31,2029-12-31,2026-02-01,18,0.0,0
PAIM-619146,Kagvadar - Una Package-IV (National Highways Authority of India [NHAI]) (619146),Infrastructure & Highways,Ministry of Road Transport & Highways,619146,Gujarat,906.53,906.53,148.53,16.4,2021-03-01,2028-12-31,2028-12-31,2026-02-01,24,0.0,0
PAIM-619147,Pkg- III (National Highways Authority of India [NHAI]) (619147),Infrastructure & Highways,Ministry of Road Transport & Highways,619147,Gujarat,4241.47,4241.47,1912.21,45.1,2022-03-01,2027-12-31,2027-12-31,2026-02-01,12,0.0,0
PAIM-619148,4L of Bhavnagar - Talaja Package-I from Km. 6.945 to Km. 54.990 of Old NH-8E (National Highways Authority of India [NHAI,Infrastructure & Highways,Ministry of Road Transport & Highways,619148,Gujarat,671.17,671.17,437.84,65.2,2024-03-01,2026-12-31,2029-12-31,2026-02-01,36,0.0,0
PAIM-618484,Alewa village Km 60800 to Km 91400 (National Highways Authority of India [NHAI]) (618484),Infrastructure & Highways,Ministry of Road Transport & Highways,618484,Haryana,254.96,254.96,201.83,79.2,2024-03-01,2028-12-31,2029-12-31,2026-02-01,12,0.0,0
PAIM-618485,Kharak Pandwa village Km 91400 to Km 120250 (National Highways Authority of India [NHAI]) (618485),Infrastructure & Highways,Ministry of Road Transport & Highways,618485,Haryana,1728.09,1728.09,521.6,30.2,2021-03-01,2028-12-31,2028-12-31,2026-02-01,12,0.0,0
PAIM-618580,Gohana - Sonipat PKG-2 (National Highways Authority of India [NHAI]) (618580),Infrastructure & Highways,Ministry of Road Transport & Highways,618580,Haryana,1380.21,1380.21,482.96,35.0,2024-03-01,2028-12-31,2029-12-31,2026-02-01,12,0.0,0
PAIM-618788,4L Greenfield Jalbhera  Shahbad section from km. 0.000 to km. 22.850 of NH-152G (National Highways Authority of India [N,Infrastructure & Highways,Ministry of Road Transport & Highways,618788,Haryana,2559.27,2559.27,1743.42,68.1,2021-03-01,2027-12-31,2028-12-31,2026-02-01,6,0.0,0
PAIM-618792,4L Bhiwani-Hansi road section of NH-148B (National Highways Authority of India [NHAI]) (618792),Infrastructure & Highways,Ministry of Road Transport & Highways,618792,Haryana,4133.25,4133.25,563.15,13.6,2024-03-01,2027-12-31,2029-12-31,2026-02-01,36,0.0,0
PAIM-618936,Jagadhari - Tajewala from Km -0.175 to 32.337 km of NH-344 (National Highways Authority of India [NHAI]) (618936),Infrastructure & Highways,Ministry of Road Transport & Highways,618936,Haryana,2884.94,2884.94,475.25,16.5,2021-03-01,2026-12-31,2027-12-31,2026-02-01,18,0.0,0
PAIM-619080,4L PS of Ambala Ring Road of New NH-44 (National Highways Authority of India [NHAI]) (619080),Infrastructure & Highways,Ministry of Road Transport & Highways,619080,Haryana,1364.2,1364.2,960.29,70.4,2024-03-01,2028-12-31,2028-12-31,2026-02-01,0,0.0,0
PAIM-619092,NHO (National Highways Authority of India [NHAI]) (619092),Infrastructure & Highways,Ministry of Road Transport & Highways,619092,Haryana,1327.68,1327.68,491.95,37.1,2024-03-01,2028-12-31,2027-12-31,2026-02-01,18,0.0,0
PAIM-619132,4/6L of Gurgaon - Pataudi - Rewari from km. 0.00 to km.43.87 of NH-352W (National Highways Authority of India [NHAI]) (6,Infrastructure & Highways,Ministry of Road Transport & Highways,619132,Haryana,2988.61,2988.61,2155.61,72.1,2021-03-01,2028-12-31,2029-12-31,2026-02-01,18,0.0,0
PAIM-618050,assistance of World Bank on EPC mode. (MoRTH) (618050),Infrastructure & Highways,Ministry of Road Transport & Highways,618050,Multi-State,1648.56,1648.56,1235.71,75.0,2022-03-01,2026-12-31,2029-12-31,2026-02-01,24,0.0,0
PAIM-618216,"project Deepak, BRO (MoRTH) (618216)",Infrastructure & Highways,Ministry of Road Transport & Highways,618216,Multi-State,2286.69,2286.69,1086.49,47.5,2021-03-01,2028-12-31,2029-12-31,2026-02-01,6,0.0,0
PAIM-618217,Gramphoo road  in the state of Himachal Pradesh Package I (MoRTH) (618217),Infrastructure & Highways,Ministry of Road Transport & Highways,618217,Multi-State,1935.51,1935.51,1321.1,68.3,2023-03-01,2026-12-31,2027-12-31,2026-02-01,6,0.0,0
PAIM-618230,mode.Package-3 (MoRTH) (618230),Infrastructure & Highways,Ministry of Road Transport & Highways,618230,Multi-State,1973.35,1973.35,1382.13,70.0,2024-03-01,2027-12-31,2029-12-31,2026-02-01,36,0.0,0
PAIM-618231,mode.Package-1 (MoRTH) (618231),Infrastructure & Highways,Ministry of Road Transport & Highways,618231,Multi-State,1186.16,1186.16,308.33,26.0,2024-03-01,2027-12-31,2028-12-31,2026-02-01,12,0.0,0
PAIM-618850,Nerchowk km 190.000 to Pandoh including Pandoh bypass  km221.305 (National Highways Authority of India [NHAI]) (618850),Infrastructure & Highways,Ministry of Road Transport & Highways,618850,Multi-State,1810.22,1810.22,1461.68,80.7,2024-03-01,2026-12-31,2027-12-31,2026-02-01,12,0.0,0
PAIM-618852,4L  Sundar Nagar Bypass from  Km.173.900 to Km.179.600 of NH-21 (National Highways Authority of India [NHAI]) (618852),Infrastructure & Highways,Ministry of Road Transport & Highways,618852,Multi-State,612.08,612.08,311.31,50.9,2021-03-01,2028-12-31,2029-12-31,2026-02-01,18,0.0,0
PAIM-618878,from Km 51.000 to Km 72.000 of NH-154 Package-IIA (National Highways Authority of India [NHAI]) (618878),Infrastructure & Highways,Ministry of Road Transport & Highways,618878,Multi-State,1174.54,1174.54,213.42,18.2,2021-03-01,2026-12-31,2029-12-31,2026-02-01,6,0.0,0
PAIM-618881,of Pathankot-Mandi Package-VB (National Highways Authority of India [NHAI]) (618881),Infrastructure & Highways,Ministry of Road Transport & Highways,618881,Multi-State,1588.77,1588.77,322.53,20.3,2024-03-01,2028-12-31,2027-12-31,2026-02-01,0,0.0,0
PAIM-618888,88 Pkg-IV (National Highways Authority of India [NHAI]) (618888),Infrastructure & Highways,Ministry of Road Transport & Highways,618888,Multi-State,366.25,366.25,92.9,25.4,2022-03-01,2026-12-31,2028-12-31,2026-02-01,6,0.0,0
PAIM-618889,"303,503 up to Intersection with NH-154 from Km 175.270 to Km 193.400 Pkg-VB (National Highways Authority of India [NHAI]",Infrastructure & Highways,Ministry of Road Transport & Highways,618889,Multi-State,3617.15,3617.15,925.03,25.6,2024-03-01,2028-12-31,2029-12-31,2026-02-01,12,0.0,0
PAIM-618890,2L PS of Hamirpur Bypass from Km 121.175 to Km.138.295 of NH-103&3 (National Highways Authority of India [NHAI]) (618890,Infrastructure & Highways,Ministry of Road Transport & Highways,618890,Multi-State,2191.3,2191.3,1825.88,83.3,2021-03-01,2026-12-31,2027-12-31,2026-02-01,6,0.0,0
PAIM-618921,Bypass - Pkg I (National Highways Authority of India [NHAI]) (618921),Infrastructure & Highways,Ministry of Road Transport & Highways,618921,Multi-State,2802.74,2802.74,2006.68,71.6,2021-03-01,2027-12-31,2029-12-31,2026-02-01,6,0.0,0
PAIM-619003,Solan - Kaithlighat Section of NH-22 Now NH-5 from Km. 106.139 to Km.129.05 (National Highways Authority of India [NHAI],Infrastructure & Highways,Ministry of Road Transport & Highways,619003,Punjab,3720.97,3720.97,2101.16,56.5,2024-03-01,2027-12-31,2029-12-31,2026-02-01,36,0.0,0
PAIM-619153,Package-IA (National Highways Authority of India [NHAI]) (619153),Infrastructure & Highways,Ministry of Road Transport & Highways,619153,Punjab,3469.59,3469.59,2726.65,78.6,2024-03-01,2028-12-31,2028-12-31,2026-02-01,0,0.0,0
PAIM-618038,EPC mode. (MoRTH) (618038),Infrastructure & Highways,Ministry of Road Transport & Highways,618038,Multi-State,2502.82,2502.82,1087.69,43.5,2021-03-01,2027-12-31,2027-12-31,2026-02-01,6,0.0,0
PAIM-618202,Kashmir under Project.Package-III (MoRTH) (618202),Infrastructure & Highways,Ministry of Road Transport & Highways,618202,Multi-State,2300.29,2300.29,294.87,12.8,2023-03-01,2027-12-31,2029-12-31,2026-02-01,0,0.0,0
PAIM-618203,Package-II (MoRTH) (618203),Infrastructure & Highways,Ministry of Road Transport & Highways,618203,Multi-State,2745.97,2745.97,1517.09,55.2,2021-03-01,2026-12-31,2027-12-31,2026-02-01,36,0.0,0
PAIM-618204,in the UT of Ladakh on EPC Mode (MoRTH) (618204),Infrastructure & Highways,Ministry of Road Transport & Highways,618204,Multi-State,3804.63,3804.63,2825.95,74.3,2021-03-01,2026-12-31,2029-12-31,2026-02-01,18,0.0,0
PAIM-618205,Border Roads Organization BRO  Package-IJob No NH-1-J&K-2022-23-110 (MoRTH) (618205),Infrastructure & Highways,Ministry of Road Transport & Highways,618205,Multi-State,2765.7,2765.7,1557.62,56.3,2023-03-01,2027-12-31,2027-12-31,2026-02-01,18,0.0,0
PAIM-618220,mode Package-V Job no  NH-144A-J&K-2020-21-104 (MoRTH) (618220),Infrastructure & Highways,Ministry of Road Transport & Highways,618220,Multi-State,718.53,718.53,523.63,72.9,2022-03-01,2027-12-31,2028-12-31,2026-02-01,24,0.0,0
PAIM-618221,on Akhnoor-Poonch Roads on EPC mode NH-144A Package-VII (MoRTH) (618221),Infrastructure & Highways,Ministry of Road Transport & Highways,618221,Multi-State,3842.1,3842.1,2226.14,57.9,2021-03-01,2028-12-31,2029-12-31,2026-02-01,24,0.0,0
PAIM-618222,NH-144A-J&K-2022-2023-111 (MoRTH) (618222),Infrastructure & Highways,Ministry of Road Transport & Highways,618222,Multi-State,4482.35,4482.35,1994.62,44.5,2024-03-01,2027-12-31,2027-12-31,2026-02-01,6,0.0,0
PAIM-618223,Kashmir on EPC mode Package-III Job no  NH-144A-J&K-2019-20-79 (MoRTH) (618223),Infrastructure & Highways,Ministry of Road Transport & Highways,618223,Multi-State,874.88,874.88,414.32,47.4,2022-03-01,2028-12-31,2029-12-31,2026-02-01,18,0.0,0
PAIM-618224,Kashmir on EPC mode Package-II Job no  NH-144A-J&K-2019-20-78 (MoRTH) (618224),Infrastructure & Highways,Ministry of Road Transport & Highways,618224,Multi-State,2799.68,2799.68,978.1,34.9,2021-03-01,2026-12-31,2028-12-31,2026-02-01,12,0.0,0
PAIM-618225,Sampark BRO on EPC mode Package-VI Job no  NH-144A-J&K-2021-22-106 (MoRTH) (618225),Infrastructure & Highways,Ministry of Road Transport & Highways,618225,Multi-State,686.65,686.65,341.0,49.7,2023-03-01,2026-12-31,2028-12-31,2026-02-01,18,0.0,0
PAIM-618226,the UT of Jammu & Kashmir EPC modePackage-I Job no NH-144A-J&K-2020-21-83. (MoRTH) (618226),Infrastructure & Highways,Ministry of Road Transport & Highways,618226,Multi-State,776.02,776.02,656.66,84.6,2021-03-01,2028-12-31,2028-12-31,2026-02-01,36,0.0,0
PAIM-618394,244  in UT of Jammu and Kashmir on EPC Mode Pkg-1 (NHIDCL) (618394),Infrastructure & Highways,Ministry of Road Transport & Highways,618394,Multi-State,1274.3,1274.3,522.53,41.0,2021-03-01,2027-12-31,2028-12-31,2026-02-01,6,0.0,0
PAIM-618395,Mode under NHO-Gen Pkg - 2 (NHIDCL) (618395),Infrastructure & Highways,Ministry of Road Transport & Highways,618395,Multi-State,3983.51,3983.51,1541.62,38.7,2021-03-01,2026-12-31,2029-12-31,2026-02-01,6,0.0,0
PAIM-618396,under NHO-Gen PKG- 1 (NHIDCL) (618396),Infrastructure & Highways,Ministry of Road Transport & Highways,618396,Multi-State,2492.82,2492.82,1162.2,46.6,2023-03-01,2028-12-31,2029-12-31,2026-02-01,24,0.0,0
PAIM-618398,Mode Package II (NHIDCL) (618398),Infrastructure & Highways,Ministry of Road Transport & Highways,618398,Multi-State,2213.07,2213.07,1723.93,77.9,2022-03-01,2026-12-31,2027-12-31,2026-02-01,12,0.0,0
PAIM-618399,of Jammu and Kashmir on EPC Mode Pkg-4 (NHIDCL) (618399),Infrastructure & Highways,Ministry of Road Transport & Highways,618399,Multi-State,2335.31,2335.31,967.42,41.4,2022-03-01,2026-12-31,2028-12-31,2026-02-01,0,0.0,0
PAIM-618400,in the UT of J&K on EPC Mode under NHO-Gen Pkg-3 (NHIDCL) (618400),Infrastructure & Highways,Ministry of Road Transport & Highways,618400,Multi-State,4278.66,4278.66,2062.81,48.2,2022-03-01,2026-12-31,2028-12-31,2026-02-01,0,0.0,0
PAIM-618406,Kashmir on EPC basis Pkg-3A (NHIDCL) (618406),Infrastructure & Highways,Ministry of Road Transport & Highways,618406,Delhi,4092.59,4092.59,1317.02,32.2,2021-03-01,2028-12-31,2028-12-31,2026-02-01,6,0.0,0
PAIM-618494,village from Km 468100 to Km 503250] (National Highways Authority of India [NHAI]) (618494),Infrastructure & Highways,Ministry of Road Transport & Highways,618494,Multi-State,2788.43,2788.43,520.9,18.7,2024-03-01,2027-12-31,2029-12-31,2026-02-01,36,0.0,0
PAIM-618495,566.520 Domel to Katra Section Phase II-Package XVII (National Highways Authority of India [NHAI]) (618495),Infrastructure & Highways,Ministry of Road Transport & Highways,618495,Delhi,3191.59,3191.59,1114.23,34.9,2021-03-01,2028-12-31,2027-12-31,2026-02-01,12,0.0,0
PAIM-618496,to km 514500] (National Highways Authority of India [NHAI]) (618496),Infrastructure & Highways,Ministry of Road Transport & Highways,618496,Delhi,525.5,525.5,305.08,58.1,2024-03-01,2028-12-31,2029-12-31,2026-02-01,0,0.0,0
PAIM-618497,545.300 Sidhra to Domel Section of NH-44 (National Highways Authority of India [NHAI]) (618497),Infrastructure & Highways,Ministry of Road Transport & Highways,618497,Multi-State,1300.16,1300.16,935.88,72.0,2022-03-01,2028-12-31,2029-12-31,2026-02-01,6,0.0,0
PAIM-618541,4L Ring road/bypass around Srinagar city from km 0.000 to km 42.100 Phase-I (National Highways Authority of India [NHAI],Infrastructure & Highways,Ministry of Road Transport & Highways,618541,Multi-State,4406.44,4406.44,1375.81,31.2,2021-03-01,2028-12-31,2029-12-31,2026-02-01,36,0.0,0
PAIM-618543,Bound of  Ramban to Banihal Pkg-I of Old NH-1A New NH-44 (National Highways Authority of India [NHAI]) (618543),Infrastructure & Highways,Ministry of Road Transport & Highways,618543,Multi-State,305.09,305.09,186.2,61.0,2023-03-01,2028-12-31,2027-12-31,2026-02-01,6,0.0,0
PAIM-618544,"T4 ,Single tube tunnel of Ramban to Banihal Pkg-II of Old NH-1A New NH-44 (National Highways Authority of India [NHAI]) ",Infrastructure & Highways,Ministry of Road Transport & Highways,618544,Multi-State,4025.63,4025.63,537.58,13.4,2023-03-01,2026-12-31,2029-12-31,2026-02-01,12,0.0,0
PAIM-618545,Banihal Pkg-III of Old NH-1A New NH-44 (National Highways Authority of India [NHAI]) (618545),Infrastructure & Highways,Ministry of Road Transport & Highways,618545,Multi-State,1414.15,1414.15,759.64,53.7,2024-03-01,2026-12-31,2028-12-31,2026-02-01,18,0.0,0
PAIM-618546,NH-44 (National Highways Authority of India [NHAI]) (618546),Infrastructure & Highways,Ministry of Road Transport & Highways,618546,Multi-State,321.21,321.21,77.43,24.1,2022-03-01,2026-12-31,2029-12-31,2026-02-01,6,0.0,0
PAIM-618547,standard as part of Srinagar Ring Road PhaseII [Design Ch. 41.907 to Ch. 66.609] (National Highways Authority of India [,Infrastructure & Highways,Ministry of Road Transport & Highways,618547,Multi-State,4239.24,4239.24,3543.6,83.6,2024-03-01,2026-12-31,2029-12-31,2026-02-01,36,0.0,0
PAIM-618548,Jagti km. 57.568 (National Highways Authority of India [NHAI]) (618548),Infrastructure & Highways,Ministry of Road Transport & Highways,618548,Multi-State,1648.45,1648.45,751.29,45.6,2023-03-01,2027-12-31,2028-12-31,2026-02-01,0,0.0,0
PAIM-618549,residual NHDP component of Bharatmala Pariyojna (National Highways Authority of India [NHAI]) (618549),Infrastructure & Highways,Ministry of Road Transport & Highways,618549,Multi-State,2889.25,2889.25,1664.94,57.6,2023-03-01,2026-12-31,2029-12-31,2026-02-01,0,0.0,0
PAIM-618550,Samba section of NH-44 from Chainage Km. 16.300 to Km. 74.100 (National Highways Authority of India [NHAI]) (618550),Infrastructure & Highways,Ministry of Road Transport & Highways,618550,Multi-State,1298.1,1298.1,863.21,66.5,2021-03-01,2027-12-31,2029-12-31,2026-02-01,0,0.0,0
PAIM-618967,from Km 0.000 to Km 39.100 (National Highways Authority of India [NHAI]) (618967),Infrastructure & Highways,Ministry of Road Transport & Highways,618967,Multi-State,236.21,236.21,96.39,40.8,2021-03-01,2026-12-31,2029-12-31,2026-02-01,6,0.0,0
PAIM-619038,section on NH-244  in UT of Jammu and Kashmir on EPC Mode Pkg-5 (NHIDCL) (619038),Infrastructure & Highways,Ministry of Road Transport & Highways,619038,Multi-State,3452.7,3452.7,1850.4,53.6,2024-03-01,2027-12-31,2029-12-31,2026-02-01,24,0.0,0
PAIM-618060,from km 116.00 to km 176.355 of NH-75E in the State of Jharkhand on EPC mode. (MoRTH) (618060),Infrastructure & Highways,Ministry of Road Transport & Highways,618060,Multi-State,1324.55,1324.55,729.67,55.1,2021-03-01,2027-12-31,2028-12-31,2026-02-01,36,0.0,0
PAIM-618084,of NH-143A including re-construction of culverts and bridges. (MoRTH) (618084),Infrastructure & Highways,Ministry of Road Transport & Highways,618084,Multi-State,645.65,645.65,395.76,61.3,2022-03-01,2026-12-31,2028-12-31,2026-02-01,12,0.0,0
PAIM-618123,under EPC mode (MoRTH) (618123),Infrastructure & Highways,Ministry of Road Transport & Highways,618123,Multi-State,3108.89,3108.89,1784.94,57.4,2021-03-01,2028-12-31,2027-12-31,2026-02-01,24,0.0,0
PAIM-618127,93.050 Pakur of NH-333A in the State of Jharkhand on EPC mode (MoRTH) (618127),Infrastructure & Highways,Ministry of Road Transport & Highways,618127,Multi-State,3249.26,3249.26,1653.8,50.9,2024-03-01,2026-12-31,2029-12-31,2026-02-01,6,0.0,0
PAIM-618535,including Panagarh Bypass in the State of Jharkhand on EPC Mode. (National Highways Authority of India [NHAI]) (618535),Infrastructure & Highways,Ministry of Road Transport & Highways,618535,Multi-State,1395.94,1395.94,439.56,31.5,2021-03-01,2026-12-31,2027-12-31,2026-02-01,18,0.0,0
PAIM-618642,4L of Palma to Gumla from km. 26.00 to km. 89.170 of NH-23 (National Highways Authority of India [NHAI]) (618642),Infrastructure & Highways,Ministry of Road Transport & Highways,618642,Multi-State,2775.73,2775.73,1220.53,44.0,2021-03-01,2028-12-31,2028-12-31,2026-02-01,36,0.0,0
PAIM-618644,4L of Ormanjhi-Gola section from Km 81.450 to Km 53.600 of NH- 320BPKG-II (National Highways Authority of India [NHAI]) ,Infrastructure & Highways,Ministry of Road Transport & Highways,618644,Multi-State,3186.43,3186.43,2495.65,78.3,2022-03-01,2028-12-31,2027-12-31,2026-02-01,36,0.0,0
PAIM-618645,4L of Gola-BokaroJaina More section from Km 53.600 to Km 21.110 of NH-320PKG-1 (National Highways Authority of India [NH,Infrastructure & Highways,Ministry of Road Transport & Highways,618645,Multi-State,1531.44,1531.44,620.25,40.5,2023-03-01,2026-12-31,2027-12-31,2026-02-01,6,0.0,0
PAIM-618737,& Km. 139.225 junction with Ranchi  Jamshedpur road on 4L Ranchi Bypass of NH-33 (National Highways Authority of India [,Infrastructure & Highways,Ministry of Road Transport & Highways,618737,Multi-State,2564.89,2564.89,391.0,15.2,2022-03-01,2026-12-31,2028-12-31,2026-02-01,18,0.0,0
PAIM-618829,4L from km 196.87 Sankha to km 219.6 Khajuri on NH-75 [Rehla / Garhwa Bypass] (National Highways Authority of India [NHA,Infrastructure & Highways,Ministry of Road Transport & Highways,618829,Multi-State,355.48,355.48,260.98,73.4,2023-03-01,2027-12-31,2029-12-31,2026-02-01,12,0.0,0
PAIM-618830,4L from Km 147.450 Bhogu to Km 196.870 Sankha on NH-75 Sec-III (National Highways Authority of India [NHAI]) (618830),Infrastructure & Highways,Ministry of Road Transport & Highways,618830,Multi-State,1284.58,1284.58,931.84,72.5,2021-03-01,2028-12-31,2027-12-31,2026-02-01,6,0.0,0
PAIM-618946,4L of Mehgama - Hansdiha from  km. 41.900 to km. 93.000 of NH -133A Pkg-II (National Highways Authority of India [NHAI]),Infrastructure & Highways,Ministry of Road Transport & Highways,618946,Multi-State,878.47,878.47,554.49,63.1,2023-03-01,2026-12-31,2027-12-31,2026-02-01,12,0.0,0
PAIM-618947,4L of NH-80 from km 215.00 to km 260.00 Mirza Chauki to Farkka Pkg-I (National Highways Authority of India [NHAI]) (6189,Infrastructure & Highways,Ministry of Road Transport & Highways,618947,Multi-State,630.76,630.76,289.62,45.9,2022-03-01,2026-12-31,2029-12-31,2026-02-01,24,0.0,0
PAIM-618949,4L of Basukinath- Deoghar Section of NH-114A (National Highways Authority of India [NHAI]) (618949),Infrastructure & Highways,Ministry of Road Transport & Highways,618949,Multi-State,4403.59,4403.59,2120.43,48.2,2024-03-01,2027-12-31,2029-12-31,2026-02-01,0,0.0,0
PAIM-618950,Bypass from design km 0.000 to design Km 49.000 (National Highways Authority of India [NHAI]) (618950),Infrastructure & Highways,Ministry of Road Transport & Highways,618950,Multi-State,779.64,779.64,509.8,65.4,2023-03-01,2028-12-31,2027-12-31,2026-02-01,0,0.0,0
PAIM-619005,Jharkhand under EPC Mode (MoRTH) (619005),Infrastructure & Highways,Ministry of Road Transport & Highways,619005,Multi-State,3351.62,3351.62,1202.37,35.9,2024-03-01,2026-12-31,2029-12-31,2026-02-01,36,0.0,0
PAIM-617935,on EPC basis (MoRTH) (617935),Infrastructure & Highways,Ministry of Road Transport & Highways,617935,Karnataka,1661.3,1661.3,1037.01,62.4,2021-03-01,2028-12-31,2029-12-31,2026-02-01,6,0.0,0
PAIM-617950,22.11.2022 (MoRTH) (617950),Infrastructure & Highways,Ministry of Road Transport & Highways,617950,Karnataka,1811.95,1811.95,592.85,32.7,2024-03-01,2028-12-31,2029-12-31,2026-02-01,24,0.0,0
PAIM-617954,Mode.-952 (MoRTH) (617954),Infrastructure & Highways,Ministry of Road Transport & Highways,617954,Karnataka,2832.63,2832.63,1307.18,46.1,2022-03-01,2028-12-31,2029-12-31,2026-02-01,36,0.0,0
PAIM-617955,EPC Mode under Annual Plan 2021-22   Job No NH-73-KNT-2021-22-945 (MoRTH) (617955),Infrastructure & Highways,Ministry of Road Transport & Highways,617955,Karnataka,3258.96,3258.96,1500.7,46.0,2022-03-01,2026-12-31,2029-12-31,2026-02-01,12,0.0,0
PAIM-617989,Jadcherla section (MoRTH) (617989),Infrastructure & Highways,Ministry of Road Transport & Highways,617989,Karnataka,1399.2,1399.2,578.71,41.4,2023-03-01,2028-12-31,2027-12-31,2026-02-01,24,0.0,0
PAIM-617998,Job No. NH-169-KNT-2021-22-949 (MoRTH) (617998),Infrastructure & Highways,Ministry of Road Transport & Highways,617998,Karnataka,4276.96,4276.96,1499.88,35.1,2023-03-01,2026-12-31,2027-12-31,2026-02-01,6,0.0,0
PAIM-618000,EPC mode under Annual Plan 2021-22 Job no. NH-173-KNT-2021-22-946 (MoRTH) (618000),Infrastructure & Highways,Ministry of Road Transport & Highways,618000,Karnataka,2813.19,2813.19,1765.78,62.8,2023-03-01,2028-12-31,2029-12-31,2026-02-01,24,0.0,0
PAIM-618029,mode. Job No. NH-367-KNT-2021-22-930 (MoRTH) (618029),Infrastructure & Highways,Ministry of Road Transport & Highways,618029,Karnataka,4062.17,4062.17,2599.11,64.0,2021-03-01,2027-12-31,2028-12-31,2026-02-01,12,0.0,0
PAIM-618030,2021-22-934 (MoRTH) (618030),Infrastructure & Highways,Ministry of Road Transport & Highways,618030,Karnataka,372.03,372.03,250.9,67.4,2022-03-01,2028-12-31,2027-12-31,2026-02-01,18,0.0,0
PAIM-618031,mode. (MoRTH) (618031),Infrastructure & Highways,Ministry of Road Transport & Highways,618031,Karnataka,2017.02,2017.02,726.32,36.0,2022-03-01,2027-12-31,2028-12-31,2026-02-01,0,0.0,0
PAIM-618086,Plan 2022-23  NH-150A-KNT-2022-23-977 dated 08.03.2023 (MoRTH) (618086),Infrastructure & Highways,Ministry of Road Transport & Highways,618086,Karnataka,1236.19,1236.19,981.69,79.4,2021-03-01,2028-12-31,2027-12-31,2026-02-01,12,0.0,0
PAIM-618087,of Karnataka on EPC mode. Job No. NH-150A-KNT-2021-22-951 (MoRTH) (618087),Infrastructure & Highways,Ministry of Road Transport & Highways,618087,Karnataka,3551.59,3551.59,2998.3,84.4,2024-03-01,2028-12-31,2028-12-31,2026-02-01,12,0.0,0
PAIM-618109,KNT-2021-22-927 (MoRTH) (618109),Infrastructure & Highways,Ministry of Road Transport & Highways,618109,Karnataka,1260.69,1260.69,238.92,19.0,2022-03-01,2026-12-31,2027-12-31,2026-02-01,36,0.0,0
PAIM-618144,of Karnataka on EPC mode.Job No. NH-369E-KNT-2018-19-895 dated 06.03.2019. (MoRTH) (618144),Infrastructure & Highways,Ministry of Road Transport & Highways,618144,Karnataka,1021.38,1021.38,728.05,71.3,2023-03-01,2026-12-31,2029-12-31,2026-02-01,36,0.0,0
PAIM-618184,of Karnataka NH-766C-KNT-2022-23 dated 14.10.2022 (MoRTH) (618184),Infrastructure & Highways,Ministry of Road Transport & Highways,618184,Karnataka,3297.91,3297.91,563.15,17.1,2024-03-01,2027-12-31,2028-12-31,2026-02-01,12,0.0,0
PAIM-618185,Plan 2022-23 NH-766C-KNT-2022-23-969 dated 30.12.2022 (MoRTH) (618185),Infrastructure & Highways,Ministry of Road Transport & Highways,618185,Karnataka,275.39,275.39,80.57,29.3,2024-03-01,2026-12-31,2029-12-31,2026-02-01,36,0.0,0
PAIM-618517,403.80 to km. 433.20 (National Highways Authority of India [NHAI]) (618517),Infrastructure & Highways,Ministry of Road Transport & Highways,618517,Karnataka,2103.73,2103.73,1045.26,49.7,2024-03-01,2027-12-31,2028-12-31,2026-02-01,24,0.0,0
PAIM-618630,26.000 to Km. 97.000 in Gulbarga of NH-150C Pkg-II (National Highways Authority of India [NHAI]) (618630),Infrastructure & Highways,Ministry of Road Transport & Highways,618630,Karnataka,2875.56,2875.56,484.27,16.8,2023-03-01,2028-12-31,2029-12-31,2026-02-01,12,0.0,0
PAIM-618651,Raichur Section of NH-748A Package-2 (National Highways Authority of India [NHAI]) (618651),Infrastructure & Highways,Ministry of Road Transport & Highways,618651,Karnataka,4167.6,4167.6,530.49,12.7,2021-03-01,2027-12-31,2028-12-31,2026-02-01,24,0.0,0
PAIM-618697,Village Balance work of NH 150A of Bellary  Byrapura Section (National Highways Authority of India [NHAI]) (618697),Infrastructure & Highways,Ministry of Road Transport & Highways,618697,Karnataka,3860.39,3860.39,994.92,25.8,2021-03-01,2028-12-31,2029-12-31,2026-02-01,12,0.0,0
PAIM-618702,from Km. 311.57 to Km. 313.67 of NH-75 Old NH-48 (National Highways Authority of India [NHAI]) (618702),Infrastructure & Highways,Ministry of Road Transport & Highways,618702,Karnataka,2441.63,2441.63,1214.63,49.7,2023-03-01,2026-12-31,2028-12-31,2026-02-01,6,0.0,0
PAIM-618707,Access control with close toll from Km.17.300 to  Km.136.300 of NH-275 (National Highways Authority of India [NHAI]) (61,Infrastructure & Highways,Ministry of Road Transport & Highways,618707,Karnataka,3459.23,3459.23,726.54,21.0,2022-03-01,2026-12-31,2027-12-31,2026-02-01,0,0.0,0
PAIM-618709,Dec.Ch. to Km.375450Des.Ch. of NH-63 New-67 (National Highways Authority of India [NHAI]) (618709),Infrastructure & Highways,Ministry of Road Transport & Highways,618709,Karnataka,3021.65,3021.65,1098.36,36.3,2022-03-01,2028-12-31,2029-12-31,2026-02-01,36,0.0,0
PAIM-618799,Rd. and km 4.965 - km 60.00 of SH-69 (National Highways Authority of India [NHAI]) (618799),Infrastructure & Highways,Ministry of Road Transport & Highways,618799,Karnataka,2015.15,2015.15,263.23,13.1,2021-03-01,2026-12-31,2028-12-31,2026-02-01,24,0.0,0
PAIM-618871,Pkg. II (National Highways Authority of India [NHAI]) (618871),Infrastructure & Highways,Ministry of Road Transport & Highways,618871,Karnataka,3221.07,3221.07,933.58,29.0,2024-03-01,2028-12-31,2027-12-31,2026-02-01,6,0.0,0
PAIM-618887,Tumkur- Shivamogga Pkg-IV (National Highways Authority of India [NHAI]) (618887),Infrastructure & Highways,Ministry of Road Transport & Highways,618887,Karnataka,2650.96,2650.96,1084.63,40.9,2023-03-01,2026-12-31,2028-12-31,2026-02-01,0,0.0,0
PAIM-618896,Karkala - Mangalore Package-III (National Highways Authority of India [NHAI]) (618896),Infrastructure & Highways,Ministry of Road Transport & Highways,618896,Karnataka,4487.82,4487.82,3674.22,81.9,2022-03-01,2027-12-31,2029-12-31,2026-02-01,36,0.0,0
PAIM-619070,Tumkur-Chitradurga (National Highways Authority of India [NHAI]) (619070),Infrastructure & Highways,Ministry of Road Transport & Highways,619070,Karnataka,2226.52,2226.52,1084.88,48.7,2023-03-01,2027-12-31,2027-12-31,2026-02-01,0,0.0,0
PAIM-619071,Tumkur - Nelamangala 6L (National Highways Authority of India [NHAI]) (619071),Infrastructure & Highways,Ministry of Road Transport & Highways,619071,Karnataka,4109.88,4109.88,2377.81,57.9,2021-03-01,2027-12-31,2027-12-31,2026-02-01,6,0.0,0
PAIM-619072,Bangalore/TN border to Hoskote (National Highways Authority of India [NHAI]) (619072),Infrastructure & Highways,Ministry of Road Transport & Highways,619072,Karnataka,3067.17,3067.17,1750.33,57.1,2022-03-01,2027-12-31,2028-12-31,2026-02-01,36,0.0,0
PAIM-619073,NH-207 [Bangalore Ring Road Pkg 2] (National Highways Authority of India [NHAI]) (619073),Infrastructure & Highways,Ministry of Road Transport & Highways,619073,Karnataka,614.1,614.1,419.62,68.3,2024-03-01,2026-12-31,2029-12-31,2026-02-01,36,0.0,0
PAIM-619096,Goa / Karnataka Km.93.700 to Kundapur Km.283.30 (National Highways Authority of India [NHAI]) (619096),Infrastructure & Highways,Ministry of Road Transport & Highways,619096,Karnataka,259.63,259.63,73.41,28.3,2022-03-01,2026-12-31,2029-12-31,2026-02-01,12,0.0,0
PAIM-619106,Raichur Section of NH 748 A  Package-5 (National Highways Authority of India [NHAI]) (619106),Infrastructure & Highways,Ministry of Road Transport & Highways,619106,Karnataka,1707.42,1707.42,1437.8,84.2,2022-03-01,2027-12-31,2029-12-31,2026-02-01,6,0.0,0
PAIM-619107,Raichur Section of NH-748A Package-4 (National Highways Authority of India [NHAI]) (619107),Infrastructure & Highways,Ministry of Road Transport & Highways,619107,Karnataka,4478.42,4478.42,3795.49,84.8,2024-03-01,2026-12-31,2028-12-31,2026-02-01,36,0.0,0
PAIM-619108,Section of NH-748A Package-1 (National Highways Authority of India [NHAI]) (619108),Infrastructure & Highways,Ministry of Road Transport & Highways,619108,Karnataka,3493.29,3493.29,2687.21,76.9,2024-03-01,2026-12-31,2027-12-31,2026-02-01,18,0.0,0
PAIM-619115,4L of Byrapura to Challakere Section from km 308.550 to km 358.500 of NH-150 A (National Highways Authority of India [NH,Infrastructure & Highways,Ministry of Road Transport & Highways,619115,Karnataka,2364.65,2364.65,604.35,25.6,2024-03-01,2027-12-31,2028-12-31,2026-02-01,36,0.0,0
PAIM-619117,Hassan km 184.912 to Maranahally km 230.060 of NH - 75 in Karnataka (National Highways Authority of India [NHAI]) (61911,Infrastructure & Highways,Ministry of Road Transport & Highways,619117,Karnataka,3169.36,3169.36,2090.23,66.0,2024-03-01,2027-12-31,2028-12-31,2026-02-01,6,0.0,0
PAIM-619120,Nidagatta-Mysore Pkg II (National Highways Authority of India [NHAI]) (619120),Infrastructure & Highways,Ministry of Road Transport & Highways,619120,Karnataka,1633.06,1633.06,364.47,22.3,2022-03-01,2027-12-31,2029-12-31,2026-02-01,12,0.0,0
PAIM-619121,4L of Hubli - Hospet Section of NH-63 from Km 128.850 to Km 272.571 (National Highways Authority of India [NHAI]) (61912,Infrastructure & Highways,Ministry of Road Transport & Highways,619121,Karnataka,254.0,254.0,28.26,11.1,2024-03-01,2026-12-31,2027-12-31,2026-02-01,36,0.0,0
PAIM-619138,Yekkambi-Haveri (National Highways Authority of India [NHAI]) (619138),Infrastructure & Highways,Ministry of Road Transport & Highways,619138,Karnataka,2967.0,2967.0,1326.96,44.7,2021-03-01,2026-12-31,2027-12-31,2026-02-01,6,0.0,0
PAIM-619144,Hospet - Chitradurga from km. 299.00 to km. 418.750 (National Highways Authority of India [NHAI]) (619144),Infrastructure & Highways,Ministry of Road Transport & Highways,619144,Karnataka,1638.27,1638.27,1101.69,67.2,2024-03-01,2026-12-31,2029-12-31,2026-02-01,24,0.0,0
PAIM-619150,209 in Karnataka (National Highways Authority of India [NHAI]) (619150),Infrastructure & Highways,Ministry of Road Transport & Highways,619150,Karnataka,4337.91,4337.91,2814.64,64.9,2024-03-01,2028-12-31,2029-12-31,2026-02-01,18,0.0,0
PAIM-619164,Belgaum-Khanapur Pkg I Km 0.000-Km 30.800 of NH-4A (National Highways Authority of India [NHAI]) (619164),Infrastructure & Highways,Ministry of Road Transport & Highways,619164,Karnataka,2459.73,2459.73,898.17,36.5,2024-03-01,2026-12-31,2028-12-31,2026-02-01,12,0.0,0
PAIM-618070,Annual Plan 2016-17 in the state of Kerala (MoRTH) (618070),Infrastructure & Highways,Ministry of Road Transport & Highways,618070,Multi-State,4128.59,4128.59,3040.73,73.7,2024-03-01,2028-12-31,2029-12-31,2026-02-01,6,0.0,0
PAIM-618595,6L of Chengala - Neeleshwaram from km. 56.200 to km. 93.468 (National Highways Authority of India [NHAI]) (618595),Infrastructure & Highways,Ministry of Road Transport & Highways,618595,Multi-State,4474.16,4474.16,2234.67,49.9,2022-03-01,2027-12-31,2028-12-31,2026-02-01,6,0.0,0
PAIM-618596,6L of Taliparamba to Muzhappilangad from Km 134.650 to Km 170.6 of NH-66 (National Highways Authority of India [NHAI]) (,Infrastructure & Highways,Ministry of Road Transport & Highways,618596,Multi-State,4468.26,4468.26,1614.83,36.1,2022-03-01,2027-12-31,2029-12-31,2026-02-01,18,0.0,0
PAIM-618597,6L of Azhiyur-Vengalam from km. 189.200 to km. 230.400 of NH-66 (National Highways Authority of India [NHAI]) (618597),Infrastructure & Highways,Ministry of Road Transport & Highways,618597,Multi-State,1279.97,1279.97,360.47,28.2,2024-03-01,2027-12-31,2027-12-31,2026-02-01,24,0.0,0
PAIM-618598,and allied works (National Highways Authority of India [NHAI]) (618598),Infrastructure & Highways,Ministry of Road Transport & Highways,618598,Multi-State,417.62,417.62,274.93,65.8,2021-03-01,2027-12-31,2029-12-31,2026-02-01,12,0.0,0
PAIM-618599,6L of Ramanatukkara Junction to start of Valanchery bypass section of NH-66 (National Highways Authority of India [NHAI],Infrastructure & Highways,Ministry of Road Transport & Highways,618599,Multi-State,4228.16,4228.16,1791.24,42.4,2023-03-01,2028-12-31,2029-12-31,2026-02-01,12,0.0,0
PAIM-618600,6L of Valanchery bypass to Kappirikkad of NH  66 from km. 298500 to km 335850 (National Highways Authority of India [NHA,Infrastructure & Highways,Ministry of Road Transport & Highways,618600,Multi-State,3382.83,3382.83,2029.0,60.0,2023-03-01,2028-12-31,2029-12-31,2026-02-01,6,0.0,0
PAIM-618601,NH-17 (National Highways Authority of India [NHAI]) (618601),Infrastructure & Highways,Ministry of Road Transport & Highways,618601,Multi-State,2809.43,2809.43,2171.32,77.3,2021-03-01,2027-12-31,2027-12-31,2026-02-01,0,0.0,0
PAIM-618602,NH-17 (National Highways Authority of India [NHAI]) (618602),Infrastructure & Highways,Ministry of Road Transport & Highways,618602,Multi-State,2034.83,2034.83,850.04,41.8,2023-03-01,2026-12-31,2028-12-31,2026-02-01,18,0.0,0
PAIM-618603,NH-17 (National Highways Authority of India [NHAI]) (618603),Infrastructure & Highways,Ministry of Road Transport & Highways,618603,Multi-State,637.54,637.54,228.95,35.9,2023-03-01,2027-12-31,2028-12-31,2026-02-01,12,0.0,0
PAIM-618604,Aroor-Thuravoor Thekku (National Highways Authority of India [NHAI]) (618604),Infrastructure & Highways,Ministry of Road Transport & Highways,618604,Multi-State,3591.11,3591.11,2780.85,77.4,2024-03-01,2028-12-31,2029-12-31,2026-02-01,0,0.0,0
PAIM-618605,Thuravoor Thekku-Paravoor (National Highways Authority of India [NHAI]) (618605),Infrastructure & Highways,Ministry of Road Transport & Highways,618605,Multi-State,3689.06,3689.06,2106.33,57.1,2024-03-01,2026-12-31,2029-12-31,2026-02-01,6,0.0,0
PAIM-618606,Paravoor-Kottankulangara (National Highways Authority of India [NHAI]) (618606),Infrastructure & Highways,Ministry of Road Transport & Highways,618606,Multi-State,4460.62,4460.62,1232.24,27.6,2021-03-01,2028-12-31,2029-12-31,2026-02-01,0,0.0,0
PAIM-618607,Kottankulangara- Start of Kollam Bypass (National Highways Authority of India [NHAI]) (618607),Infrastructure & Highways,Ministry of Road Transport & Highways,618607,Multi-State,1406.15,1406.15,493.68,35.1,2024-03-01,2027-12-31,2028-12-31,2026-02-01,18,0.0,0
PAIM-618708,2L/LPS section in the state of Kerala on EPC Mode under Bharatmala Pariyojana (National Highways Authority of India [NHA,Infrastructure & Highways,Ministry of Road Transport & Highways,618708,Multi-State,701.71,701.71,578.88,82.5,2022-03-01,2028-12-31,2029-12-31,2026-02-01,18,0.0,0
PAIM-619098,Kozhikode Bypass Calicut Bypass Vengalam Jn. to Ramanattukara Jn. (National Highways Authority of India [NHAI]) (619098),Infrastructure & Highways,Ministry of Road Transport & Highways,619098,Multi-State,3658.77,3658.77,1490.09,40.7,2023-03-01,2027-12-31,2028-12-31,2026-02-01,36,0.0,0
PAIM-618409,30.000 Km length Pkg-lll (NHIDCL) (618409),Infrastructure & Highways,Ministry of Road Transport & Highways,618409,Multi-State,3593.65,3593.65,2917.0,81.2,2022-03-01,2027-12-31,2027-12-31,2026-02-01,12,0.0,0
PAIM-618410,of 26.960 Km length Pkg-II (NHIDCL) (618410),Infrastructure & Highways,Ministry of Road Transport & Highways,618410,Multi-State,1325.87,1325.87,220.36,16.6,2024-03-01,2027-12-31,2029-12-31,2026-02-01,6,0.0,0
PAIM-617911,on EPC mode under NHDP-IVA (MoRTH) (617911),Infrastructure & Highways,Ministry of Road Transport & Highways,617911,Madhya Pradesh,1078.52,1078.52,766.24,71.0,2022-03-01,2028-12-31,2027-12-31,2026-02-01,12,0.0,0
PAIM-617914,Pradesh on EPC mode (MoRTH) (617914),Infrastructure & Highways,Ministry of Road Transport & Highways,617914,Madhya Pradesh,3604.61,3604.61,2630.01,73.0,2024-03-01,2027-12-31,2029-12-31,2026-02-01,6,0.0,0
PAIM-617915,9.1 km in the state of Madhya Pradesh on EPC mode. (MoRTH) (617915),Infrastructure & Highways,Ministry of Road Transport & Highways,617915,Madhya Pradesh,2151.02,2151.02,1327.0,61.7,2022-03-01,2028-12-31,2028-12-31,2026-02-01,6,0.0,0
PAIM-618019,the State of Madhya Pradesh under EPC mode. (MoRTH) (618019),Infrastructure & Highways,Ministry of Road Transport & Highways,618019,Madhya Pradesh,937.94,937.94,588.47,62.7,2023-03-01,2026-12-31,2029-12-31,2026-02-01,12,0.0,0
PAIM-618020,up areas in a total length of 22.615 km in the state of Madhya Pradesh on EPC mode. (MoRTH) (618020),Infrastructure & Highways,Ministry of Road Transport & Highways,618020,Madhya Pradesh,3563.79,3563.79,717.62,20.1,2021-03-01,2028-12-31,2027-12-31,2026-02-01,12,0.0,0
PAIM-618021,two lane with paved shoulders in the state of Madhya Pradesh on EPC mode (MoRTH) (618021),Infrastructure & Highways,Ministry of Road Transport & Highways,618021,Madhya Pradesh,823.28,823.28,470.81,57.2,2021-03-01,2028-12-31,2027-12-31,2026-02-01,24,0.0,0
PAIM-618045,border section of NH 552E in the State of Madhya Pradesh on EPC mode (MoRTH) (618045),Infrastructure & Highways,Ministry of Road Transport & Highways,618045,Madhya Pradesh,3669.85,3669.85,1983.78,54.1,2024-03-01,2027-12-31,2027-12-31,2026-02-01,6,0.0,0
PAIM-618068,on NH-943 in the State of Madhya Pradesh on EPC Mode. (MoRTH) (618068),Infrastructure & Highways,Ministry of Road Transport & Highways,618068,Madhya Pradesh,2351.83,2351.83,917.43,39.0,2024-03-01,2028-12-31,2027-12-31,2026-02-01,18,0.0,0
PAIM-618085,Km 0150 to Km 50500 of NH-146B in the state of Madhya Pradesh on EPC mode. (MoRTH) (618085),Infrastructure & Highways,Ministry of Road Transport & Highways,618085,Madhya Pradesh,729.55,729.55,460.35,63.1,2021-03-01,2026-12-31,2028-12-31,2026-02-01,6,0.0,0
PAIM-618156,Madhya Pradesh on EPC mode (MoRTH) (618156),Infrastructure & Highways,Ministry of Road Transport & Highways,618156,Madhya Pradesh,329.52,329.52,227.58,69.1,2021-03-01,2027-12-31,2028-12-31,2026-02-01,18,0.0,0
PAIM-618619,Bypass on Western side of Gwalior City (National Highways Authority of India [NHAI]) (618619),Infrastructure & Highways,Ministry of Road Transport & Highways,618619,Madhya Pradesh,2118.27,2118.27,1756.61,82.9,2023-03-01,2027-12-31,2029-12-31,2026-02-01,18,0.0,0
PAIM-618621,Indore - Edlabad Pkg-II [Tejajinagar to Balwara] (National Highways Authority of India [NHAI]) (618621),Infrastructure & Highways,Ministry of Road Transport & Highways,618621,Madhya Pradesh,928.95,928.95,321.98,34.7,2022-03-01,2026-12-31,2027-12-31,2026-02-01,6,0.0,0
PAIM-618622,of NH347BG & 753L (National Highways Authority of India [NHAI]) (618622),Infrastructure & Highways,Ministry of Road Transport & Highways,618622,Madhya Pradesh,1643.65,1643.65,878.03,53.4,2024-03-01,2027-12-31,2029-12-31,2026-02-01,18,0.0,0
PAIM-618654,4L Greenfield Rudhi to Deshgaon Pkg V of Betul-Khandwa/Deshgaon (National Highways Authority of India [NHAI]) (618654),Infrastructure & Highways,Ministry of Road Transport & Highways,618654,Madhya Pradesh,4193.85,4193.85,2371.65,56.6,2024-03-01,2028-12-31,2029-12-31,2026-02-01,24,0.0,0
PAIM-618661,4L from km 0.000 to 42.040 Bhopal Ratnaigiri Tiraha to Vidisha Morikodi (National Highways Authority of India [NHAI]) (6,Infrastructure & Highways,Ministry of Road Transport & Highways,618661,Madhya Pradesh,4348.47,4348.47,971.69,22.3,2021-03-01,2028-12-31,2027-12-31,2026-02-01,18,0.0,0
PAIM-618663,NH-146 (National Highways Authority of India [NHAI]) (618663),Infrastructure & Highways,Ministry of Road Transport & Highways,618663,Madhya Pradesh,394.87,394.87,42.52,10.8,2023-03-01,2027-12-31,2029-12-31,2026-02-01,24,0.0,0
PAIM-618664,Berkhedi to Godpehra on NH-44 Sagar link road (National Highways Authority of India [NHAI]) (618664),Infrastructure & Highways,Ministry of Road Transport & Highways,618664,Madhya Pradesh,3861.57,3861.57,1821.57,47.2,2022-03-01,2026-12-31,2027-12-31,2026-02-01,18,0.0,0
PAIM-618665,4L of Sagar - Mohari from Km.8 to Km.50 Pkg-I (National Highways Authority of India [NHAI]) (618665),Infrastructure & Highways,Ministry of Road Transport & Highways,618665,Madhya Pradesh,424.17,424.17,142.66,33.6,2023-03-01,2026-12-31,2028-12-31,2026-02-01,18,0.0,0
PAIM-618667,145.000 Package-3 (National Highways Authority of India [NHAI]) (618667),Infrastructure & Highways,Ministry of Road Transport & Highways,618667,Madhya Pradesh,3978.46,3978.46,2187.1,55.0,2024-03-01,2028-12-31,2028-12-31,2026-02-01,12,0.0,0
PAIM-618671,134.549 (National Highways Authority of India [NHAI]) (618671),Infrastructure & Highways,Ministry of Road Transport & Highways,618671,Madhya Pradesh,2824.07,2824.07,696.69,24.7,2023-03-01,2026-12-31,2027-12-31,2026-02-01,24,0.0,0
PAIM-618672,124470 in the state of MP on HAM mode (National Highways Authority of India [NHAI]) (618672),Infrastructure & Highways,Ministry of Road Transport & Highways,618672,Madhya Pradesh,558.8,558.8,82.2,14.7,2023-03-01,2026-12-31,2028-12-31,2026-02-01,24,0.0,0
PAIM-618687,Outer Ring Road of Jabalpur Town from Barela to Manegaon Pkg-1 (National Highways Authority of India [NHAI]) (618687),Infrastructure & Highways,Ministry of Road Transport & Highways,618687,Madhya Pradesh,2800.6,2800.6,1663.44,59.4,2022-03-01,2028-12-31,2029-12-31,2026-02-01,12,0.0,0
PAIM-618688,to barela Pkg-V (National Highways Authority of India [NHAI]) (618688),Infrastructure & Highways,Ministry of Road Transport & Highways,618688,Madhya Pradesh,792.31,792.31,102.13,12.9,2024-03-01,2028-12-31,2029-12-31,2026-02-01,0,0.0,0
PAIM-618694,Indore - Harda Pkg-I [Indore to Raghav Garh from km. 0.25 to km. 26.903] (National Highways Authority of India [NHAI]) (,Infrastructure & Highways,Ministry of Road Transport & Highways,618694,Madhya Pradesh,2466.97,2466.97,264.51,10.7,2021-03-01,2026-12-31,2028-12-31,2026-02-01,0,0.0,0
PAIM-618695,Indore - Harda Pkg-III [Nanasa to Pidgaon Section from km 95.000 to km 142.445] (National Highways Authority of India [N,Infrastructure & Highways,Ministry of Road Transport & Highways,618695,Madhya Pradesh,4016.97,4016.97,1583.31,39.4,2024-03-01,2026-12-31,2028-12-31,2026-02-01,12,0.0,0
PAIM-618701,Sindoor River from Km. 66.00 to 130.00  NH-12 New NH-45 (National Highways Authority of India [NHAI]) (618701),Infrastructure & Highways,Ministry of Road Transport & Highways,618701,Madhya Pradesh,1960.44,1960.44,1470.65,75.0,2023-03-01,2028-12-31,2028-12-31,2026-02-01,12,0.0,0
PAIM-618735,41.400 of  NH-148NG Pkg-I (National Highways Authority of India [NHAI]) (618735),Infrastructure & Highways,Ministry of Road Transport & Highways,618735,Madhya Pradesh,2966.42,2966.42,1803.26,60.8,2022-03-01,2026-12-31,2028-12-31,2026-02-01,36,0.0,0
PAIM-618751,Mehulwa-Talbehat Pkg-II Section of NH- 346 (National Highways Authority of India [NHAI]) (618751),Infrastructure & Highways,Ministry of Road Transport & Highways,618751,Madhya Pradesh,3840.52,3840.52,2643.73,68.8,2024-03-01,2026-12-31,2028-12-31,2026-02-01,18,0.0,0
PAIM-618932,State of Madhya Pradesh on Hybrid Annuity Mode under NHO (National Highways Authority of India [NHAI]) (618932),Infrastructure & Highways,Ministry of Road Transport & Highways,618932,Madhya Pradesh,2553.02,2553.02,666.23,26.1,2024-03-01,2027-12-31,2029-12-31,2026-02-01,36,0.0,0
PAIM-618962,Km. 102.000 (National Highways Authority of India [NHAI]) (618962),Infrastructure & Highways,Ministry of Road Transport & Highways,618962,Madhya Pradesh,2610.22,2610.22,591.27,22.7,2024-03-01,2026-12-31,2029-12-31,2026-02-01,0,0.0,0
PAIM-618964,4 Laning of Sandalpur to Nasrullaganj Pkg-1 section of NH-146B Length 43.2 Km. (National Highways Authority of India [NH,Infrastructure & Highways,Ministry of Road Transport & Highways,618964,Madhya Pradesh,3021.04,3021.04,2260.92,74.8,2021-03-01,2028-12-31,2029-12-31,2026-02-01,24,0.0,0
PAIM-618966,near Ashram Tiraha on NH-46 to Km 16439 end at Ratnagiri Tiraha on Nh-146 (National Highways Authority of India [NHAI]) ,Infrastructure & Highways,Ministry of Road Transport & Highways,618966,Madhya Pradesh,2459.9,2459.9,2042.51,83.0,2023-03-01,2028-12-31,2028-12-31,2026-02-01,36,0.0,0
PAIM-619100,Dhangaon - Borgaon section km 81.000 to km 139.000 [Indore - Edlabad Pkg IV] (National Highways Authority of India [NHAI,Infrastructure & Highways,Ministry of Road Transport & Highways,619100,Madhya Pradesh,1057.1,1057.1,526.75,49.8,2021-03-01,2028-12-31,2029-12-31,2026-02-01,36,0.0,0
PAIM-619114,Indore - Harda Pkg-II [Raghavgarh to Nanasa from km. 29.30 to km. 92.30] (National Highways Authority of India [NHAI]) (,Infrastructure & Highways,Ministry of Road Transport & Highways,619114,Madhya Pradesh,1108.26,1108.26,760.53,68.6,2023-03-01,2028-12-31,2027-12-31,2026-02-01,18,0.0,0
PAIM-617912,in Nagpur district in the state of Maharashtra on HAM mode. (MoRTH) (617912),Infrastructure & Highways,Ministry of Road Transport & Highways,617912,Maharashtra,3020.9,3020.9,1758.26,58.2,2021-03-01,2027-12-31,2027-12-31,2026-02-01,18,0.0,0
PAIM-617917,10/300 on NH 53 in state of Maharashtra. (MoRTH) (617917),Infrastructure & Highways,Ministry of Road Transport & Highways,617917,Maharashtra,1126.33,1126.33,894.08,79.4,2022-03-01,2026-12-31,2028-12-31,2026-02-01,24,0.0,0
PAIM-617932,on EPC mode in the State of Maharashtra. (MoRTH) (617932),Infrastructure & Highways,Ministry of Road Transport & Highways,617932,Maharashtra,1356.46,1356.46,903.33,66.6,2021-03-01,2027-12-31,2029-12-31,2026-02-01,24,0.0,0
PAIM-617933,in the state of Maharashtra (MoRTH) (617933),Infrastructure & Highways,Ministry of Road Transport & Highways,617933,Maharashtra,2507.49,2507.49,1911.09,76.2,2023-03-01,2028-12-31,2027-12-31,2026-02-01,0,0.0,0
PAIM-617934,Nasratpur to Barasgaon section of NH-61 2L / 4L  PS from Km.514/00 to 558/200 (MoRTH) (617934),Infrastructure & Highways,Ministry of Road Transport & Highways,617934,Maharashtra,1285.16,1285.16,780.76,60.8,2023-03-01,2027-12-31,2029-12-31,2026-02-01,0,0.0,0
PAIM-617938,EPC mode under Annual Plan 2024-25 Total length - 37.525 Km. (MoRTH) (617938),Infrastructure & Highways,Ministry of Road Transport & Highways,617938,Maharashtra,2579.69,2579.69,1454.68,56.4,2024-03-01,2028-12-31,2028-12-31,2026-02-01,12,0.0,0
PAIM-617944,on EPC mode (MoRTH) (617944),Infrastructure & Highways,Ministry of Road Transport & Highways,617944,Maharashtra,2303.87,2303.87,863.51,37.5,2021-03-01,2026-12-31,2028-12-31,2026-02-01,12,0.0,0
PAIM-617945,Maharashtra under NHO on EPC Mode. (MoRTH) (617945),Infrastructure & Highways,Ministry of Road Transport & Highways,617945,Maharashtra,3999.78,3999.78,854.26,21.4,2022-03-01,2026-12-31,2028-12-31,2026-02-01,0,0.0,0
PAIM-617946,Kashedi to Parshuram Ghat section of NH-66 from Km 161/600 - Km 205/400 - 4L  PS (MoRTH) (617946),Infrastructure & Highways,Ministry of Road Transport & Highways,617946,Maharashtra,3306.93,3306.93,416.56,12.6,2022-03-01,2028-12-31,2027-12-31,2026-02-01,12,0.0,0
PAIM-617947,Arawali Kante section of NH-17New NH-66 4L  PS from Km.241/300 to 281/300 (MoRTH) (617947),Infrastructure & Highways,Ministry of Road Transport & Highways,617947,Maharashtra,2480.1,2480.1,1233.13,49.7,2021-03-01,2026-12-31,2028-12-31,2026-02-01,24,0.0,0
PAIM-617948,Kante - Wakad section of NH-66 4L  PS from Km.281/300 to 332/200 (MoRTH) (617948),Infrastructure & Highways,Ministry of Road Transport & Highways,617948,Maharashtra,4393.9,4393.9,1173.69,26.7,2024-03-01,2027-12-31,2029-12-31,2026-02-01,6,0.0,0
PAIM-617965,Kopargaon to Savali Vihir section (MoRTH) (617965),Infrastructure & Highways,Ministry of Road Transport & Highways,617965,Maharashtra,4040.95,4040.95,1567.57,38.8,2024-03-01,2028-12-31,2029-12-31,2026-02-01,6,0.0,0
PAIM-618042,mode in the State of Maharashtra (MoRTH) (618042),Infrastructure & Highways,Ministry of Road Transport & Highways,618042,Maharashtra,2437.73,2437.73,2034.35,83.5,2024-03-01,2027-12-31,2029-12-31,2026-02-01,24,0.0,0
PAIM-618046,EPC Mode Length20.122km. (MoRTH) (618046),Infrastructure & Highways,Ministry of Road Transport & Highways,618046,Maharashtra,4401.29,4401.29,600.37,13.6,2024-03-01,2028-12-31,2029-12-31,2026-02-01,18,0.0,0
PAIM-618059,Maharashtra. Total Length of the project 15.781 Km. (MoRTH) (618059),Infrastructure & Highways,Ministry of Road Transport & Highways,618059,Maharashtra,688.14,688.14,189.95,27.6,2024-03-01,2028-12-31,2027-12-31,2026-02-01,12,0.0,0
PAIM-618061,Mode Length 37.970 Km (MoRTH) (618061),Infrastructure & Highways,Ministry of Road Transport & Highways,618061,Maharashtra,1412.27,1412.27,567.29,40.2,2024-03-01,2028-12-31,2028-12-31,2026-02-01,18,0.0,0
PAIM-618065,the (MoRTH) (618065),Infrastructure & Highways,Ministry of Road Transport & Highways,618065,Maharashtra,4454.78,4454.78,796.45,17.9,2023-03-01,2028-12-31,2029-12-31,2026-02-01,24,0.0,0
PAIM-618089,Maharashtra on EPC mode. (MoRTH) (618089),Infrastructure & Highways,Ministry of Road Transport & Highways,618089,Maharashtra,1043.53,1043.53,348.08,33.4,2022-03-01,2027-12-31,2028-12-31,2026-02-01,24,0.0,0
PAIM-618090,Sarsam - Kothari of NH-161A - 2L  PS from Km.33/00 to 90/00 (MoRTH) (618090),Infrastructure & Highways,Ministry of Road Transport & Highways,618090,Maharashtra,867.36,867.36,589.75,68.0,2022-03-01,2027-12-31,2027-12-31,2026-02-01,36,0.0,0
PAIM-618094,Pen to Khopoli 2LPS (MoRTH) (618094),Infrastructure & Highways,Ministry of Road Transport & Highways,618094,Maharashtra,4249.64,4249.64,801.95,18.9,2024-03-01,2028-12-31,2027-12-31,2026-02-01,36,0.0,0
PAIM-618097,53/600 Sati on NH-166E (MoRTH) (618097),Infrastructure & Highways,Ministry of Road Transport & Highways,618097,Maharashtra,2948.2,2948.2,2499.81,84.8,2021-03-01,2027-12-31,2029-12-31,2026-02-01,36,0.0,0
PAIM-618098,mode (MoRTH) (618098),Infrastructure & Highways,Ministry of Road Transport & Highways,618098,Maharashtra,1705.38,1705.38,1399.36,82.1,2023-03-01,2026-12-31,2028-12-31,2026-02-01,6,0.0,0
PAIM-618133,Gadchiroli Dist in the State of Maharashtra. (MoRTH) (618133),Infrastructure & Highways,Ministry of Road Transport & Highways,618133,Maharashtra,2250.02,2250.02,1553.46,69.0,2023-03-01,2027-12-31,2029-12-31,2026-02-01,36,0.0,0
PAIM-618134,District on EPC mode in the state of Maharashtra. (MoRTH) (618134),Infrastructure & Highways,Ministry of Road Transport & Highways,618134,Maharashtra,300.78,300.78,91.63,30.5,2022-03-01,2026-12-31,2027-12-31,2026-02-01,18,0.0,0
PAIM-618136,EPC mode in the State of Maharashtra. (MoRTH) (618136),Infrastructure & Highways,Ministry of Road Transport & Highways,618136,Maharashtra,1184.83,1184.83,644.44,54.4,2021-03-01,2026-12-31,2028-12-31,2026-02-01,0,0.0,0
PAIM-618152,Mhaswad to Tembhurni section of NH-548C - 2L  PS (MoRTH) (618152),Infrastructure & Highways,Ministry of Road Transport & Highways,618152,Maharashtra,3530.62,3530.62,2655.79,75.2,2024-03-01,2027-12-31,2029-12-31,2026-02-01,24,0.0,0
PAIM-618153,Satara to Mhaswad (MoRTH) (618153),Infrastructure & Highways,Ministry of Road Transport & Highways,618153,Maharashtra,1960.97,1960.97,1106.88,56.4,2021-03-01,2027-12-31,2029-12-31,2026-02-01,12,0.0,0
PAIM-618154,pavement in the state of Maharashtra on EPC mode. (MoRTH) (618154),Infrastructure & Highways,Ministry of Road Transport & Highways,618154,Maharashtra,3662.2,3662.2,1901.87,51.9,2021-03-01,2026-12-31,2027-12-31,2026-02-01,6,0.0,0
PAIM-618172,Paithan - Shirur section 2LPS Km 0.0 to 55.00 (MoRTH) (618172),Infrastructure & Highways,Ministry of Road Transport & Highways,618172,Maharashtra,1783.25,1783.25,1057.61,59.3,2023-03-01,2027-12-31,2028-12-31,2026-02-01,0,0.0,0
PAIM-618173,Shirur-Kharda section from 55937 km to 114486 km to 2LPS/4L (MoRTH) (618173),Infrastructure & Highways,Ministry of Road Transport & Highways,618173,Maharashtra,3959.67,3959.67,2767.59,69.9,2024-03-01,2027-12-31,2029-12-31,2026-02-01,36,0.0,0
PAIM-618175,configuration in the state of Maharashtra on EPC mode. (MoRTH) (618175),Infrastructure & Highways,Ministry of Road Transport & Highways,618175,Maharashtra,2299.24,2299.24,883.75,38.4,2024-03-01,2027-12-31,2029-12-31,2026-02-01,18,0.0,0
PAIM-618176,on EPC mode. (MoRTH) (618176),Infrastructure & Highways,Ministry of Road Transport & Highways,618176,Maharashtra,2607.69,2607.69,404.49,15.5,2023-03-01,2027-12-31,2029-12-31,2026-02-01,0,0.0,0
PAIM-618177,Pal Phata Phulambri - Khultabad 2LPS (MoRTH) (618177),Infrastructure & Highways,Ministry of Road Transport & Highways,618177,Maharashtra,213.28,213.28,93.81,44.0,2022-03-01,2028-12-31,2029-12-31,2026-02-01,0,0.0,0
PAIM-618180,Pune raigarh District Border To Mangaon    Ch 69000 to 103775    NH-753F (MoRTH) (618180),Infrastructure & Highways,Ministry of Road Transport & Highways,618180,Maharashtra,2793.35,2793.35,469.0,16.8,2022-03-01,2027-12-31,2027-12-31,2026-02-01,24,0.0,0
PAIM-618181,753F Aurangabad-Jalgaon road on EPC Mode in the State of Maharashtra (MoRTH) (618181),Infrastructure & Highways,Ministry of Road Transport & Highways,618181,Maharashtra,3882.26,3882.26,1099.01,28.3,2021-03-01,2026-12-31,2028-12-31,2026-02-01,18,0.0,0
PAIM-618188,mode in the State of Maharashtra. (MoRTH) (618188),Infrastructure & Highways,Ministry of Road Transport & Highways,618188,Maharashtra,2134.42,2134.42,1704.32,79.8,2024-03-01,2026-12-31,2027-12-31,2026-02-01,18,0.0,0
PAIM-618198,Maharashtra on EPC mode. Balance Work (MoRTH) (618198),Infrastructure & Highways,Ministry of Road Transport & Highways,618198,Maharashtra,2207.51,2207.51,1246.99,56.5,2022-03-01,2026-12-31,2029-12-31,2026-02-01,0,0.0,0
PAIM-618199,the state of Maharashtra on EPC mode. (MoRTH) (618199),Infrastructure & Highways,Ministry of Road Transport & Highways,618199,Maharashtra,3352.22,3352.22,1783.98,53.2,2022-03-01,2028-12-31,2029-12-31,2026-02-01,6,0.0,0
PAIM-618468,- Talsari (National Highways Authority of India [NHAI]) (618468),Infrastructure & Highways,Ministry of Road Transport & Highways,618468,Maharashtra,3529.67,3529.67,2279.73,64.6,2021-03-01,2028-12-31,2027-12-31,2026-02-01,36,0.0,0
PAIM-618469,Shirsad - Masvan (National Highways Authority of India [NHAI]) (618469),Infrastructure & Highways,Ministry of Road Transport & Highways,618469,Maharashtra,3017.1,3017.1,2351.9,78.0,2024-03-01,2027-12-31,2028-12-31,2026-02-01,0,0.0,0
PAIM-618470,Shirsad - Akloli (National Highways Authority of India [NHAI]) (618470),Infrastructure & Highways,Ministry of Road Transport & Highways,618470,Maharashtra,1167.67,1167.67,866.63,74.2,2024-03-01,2026-12-31,2029-12-31,2026-02-01,24,0.0,0
PAIM-618471,Akloli - Amne (National Highways Authority of India [NHAI]) (618471),Infrastructure & Highways,Ministry of Road Transport & Highways,618471,Maharashtra,200.06,200.06,33.81,16.9,2021-03-01,2027-12-31,2028-12-31,2026-02-01,12,0.0,0
PAIM-618472,Amne - Bhoj (National Highways Authority of India [NHAI]) (618472),Infrastructure & Highways,Ministry of Road Transport & Highways,618472,Maharashtra,3358.86,3358.86,2233.84,66.5,2021-03-01,2026-12-31,2029-12-31,2026-02-01,18,0.0,0
PAIM-618473,Spur] Bhoj - Morbe (National Highways Authority of India [NHAI]) (618473),Infrastructure & Highways,Ministry of Road Transport & Highways,618473,Maharashtra,499.55,499.55,80.18,16.1,2023-03-01,2028-12-31,2028-12-31,2026-02-01,6,0.0,0
PAIM-618512,existing Km. 782.000 (National Highways Authority of India [NHAI]) (618512),Infrastructure & Highways,Ministry of Road Transport & Highways,618512,Maharashtra,3418.29,3418.29,2009.44,58.8,2023-03-01,2026-12-31,2027-12-31,2026-02-01,0,0.0,0
PAIM-618513,6L of Kagal-Satara section from Km 592.500 to Km 658.000 of NH-48 Pkg-I (National Highways Authority of India [NHAI]) (6,Infrastructure & Highways,Ministry of Road Transport & Highways,618513,Maharashtra,4337.15,4337.15,1785.85,41.2,2023-03-01,2027-12-31,2028-12-31,2026-02-01,18,0.0,0
PAIM-618514,6L of Kagal-Satara section from Km 658.000 to Km 725.000 of NH-48 Pkg-II (National Highways Authority of India [NHAI]) (,Infrastructure & Highways,Ministry of Road Transport & Highways,618514,Maharashtra,250.7,250.7,176.05,70.2,2023-03-01,2026-12-31,2029-12-31,2026-02-01,6,0.0,0
PAIM-618555,urban link to Nagpur -Raipur road Pardi octroi Naka to Itwari (National Highways Authority of India [NHAI]) (618555),Infrastructure & Highways,Ministry of Road Transport & Highways,618555,Maharashtra,286.86,286.86,66.59,23.2,2021-03-01,2028-12-31,2028-12-31,2026-02-01,18,0.0,0
PAIM-618557,4L of Indora Chowk to Pachpaoli and Agrasen Chowk - Ashoka Chowk (National Highways Authority of India [NHAI]) (618557),Infrastructure & Highways,Ministry of Road Transport & Highways,618557,Maharashtra,3199.57,3199.57,1507.42,47.1,2024-03-01,2026-12-31,2029-12-31,2026-02-01,24,0.0,0
PAIM-618588,NH-6 New NH-53 (National Highways Authority of India [NHAI]) (618588),Infrastructure & Highways,Ministry of Road Transport & Highways,618588,Maharashtra,566.72,566.72,397.16,70.1,2021-03-01,2026-12-31,2029-12-31,2026-02-01,18,0.0,0
PAIM-618594,Panvel to km 42.300 Kasu (National Highways Authority of India [NHAI]) (618594),Infrastructure & Highways,Ministry of Road Transport & Highways,618594,Maharashtra,2170.27,2170.27,1724.28,79.5,2023-03-01,2027-12-31,2029-12-31,2026-02-01,18,0.0,0
PAIM-618627,various NHs (National Highways Authority of India [NHAI]) (618627),Infrastructure & Highways,Ministry of Road Transport & Highways,618627,Maharashtra,4100.5,4100.5,2596.23,63.3,2023-03-01,2027-12-31,2027-12-31,2026-02-01,36,0.0,0
PAIM-618693,Bodhre - Dhule (National Highways Authority of India [NHAI]) (618693),Infrastructure & Highways,Ministry of Road Transport & Highways,618693,Maharashtra,2334.86,2334.86,767.43,32.9,2024-03-01,2028-12-31,2027-12-31,2026-02-01,0,0.0,0
PAIM-618836,4L of Ratnagiri - Kolhapur section from km 67.140 to km 112.340 of NH-166 Pkg  II (National Highways Authority of India ,Infrastructure & Highways,Ministry of Road Transport & Highways,618836,Maharashtra,2755.05,2755.05,1710.76,62.1,2022-03-01,2026-12-31,2027-12-31,2026-02-01,6,0.0,0
PAIM-618837,4L of Ratnagiri - Kolhapur section from km 112.340 to km 145.300 of NH-166 PkgIII (National Highways Authority of India ,Infrastructure & Highways,Ministry of Road Transport & Highways,618837,Maharashtra,338.05,338.05,44.25,13.1,2022-03-01,2028-12-31,2027-12-31,2026-02-01,24,0.0,0
PAIM-618937,4L of Nagpur-Katol Section from Km. 13.00 to Km. 62.900 of NH-353J (National Highways Authority of India [NHAI]) (618937,Infrastructure & Highways,Ministry of Road Transport & Highways,618937,Maharashtra,2032.26,2032.26,1661.32,81.7,2023-03-01,2026-12-31,2027-12-31,2026-02-01,36,0.0,0
PAIM-618939,Ch.68.800 in Gadchandur Town on NH-353B (National Highways Authority of India [NHAI]) (618939),Infrastructure & Highways,Ministry of Road Transport & Highways,618939,Maharashtra,3527.55,3527.55,1807.37,51.2,2023-03-01,2027-12-31,2029-12-31,2026-02-01,6,0.0,0
PAIM-619042,"Procurement and construction   EPC    Basis mode   L.1.326 Km, (MoRTH) (619042)",Infrastructure & Highways,Ministry of Road Transport & Highways,619042,Maharashtra,226.61,226.61,127.46,56.2,2024-03-01,2027-12-31,2027-12-31,2026-02-01,12,0.0,0
PAIM-619069,Satara Km 725.000 to Pune Km 865.350 of NH - 4 New NH - 48 in Maharashtra (National Highways Authority of India [NHAI]) ,Infrastructure & Highways,Ministry of Road Transport & Highways,619069,Maharashtra,992.12,992.12,369.57,37.3,2024-03-01,2027-12-31,2029-12-31,2026-02-01,0,0.0,0
PAIM-619095,to km 84.600 Indapur (National Highways Authority of India [NHAI]) (619095),Infrastructure & Highways,Ministry of Road Transport & Highways,619095,Maharashtra,961.82,961.82,399.16,41.5,2024-03-01,2027-12-31,2028-12-31,2026-02-01,18,0.0,0
PAIM-619149,31.000 to km 67.140 Pkg  I (National Highways Authority of India [NHAI]) (619149),Infrastructure & Highways,Ministry of Road Transport & Highways,619149,Maharashtra,1966.09,1966.09,970.13,49.3,2021-03-01,2028-12-31,2028-12-31,2026-02-01,6,0.0,0
PAIM-619163,Tukaram Marg (National Highways Authority of India [NHAI]) (619163),Infrastructure & Highways,Ministry of Road Transport & Highways,619163,Maharashtra,285.51,285.51,118.96,41.7,2021-03-01,2028-12-31,2029-12-31,2026-02-01,18,0.0,0
PAIM-618681,1 (National Highways Authority of India [NHAI]) (618681),Infrastructure & Highways,Ministry of Road Transport & Highways,618681,Odisha,700.07,700.07,249.49,35.6,2022-03-01,2026-12-31,2029-12-31,2026-02-01,12,0.0,0
PAIM-618477,Km 156.000 to Km 180.000 (National Highways Authority of India [NHAI]) (618477),Infrastructure & Highways,Ministry of Road Transport & Highways,618477,Tamil Nadu,566.74,566.74,219.54,38.7,2022-03-01,2027-12-31,2029-12-31,2026-02-01,18,0.0,0
PAIM-618634,716B Pkg-III (National Highways Authority of India [NHAI]) (618634),Infrastructure & Highways,Ministry of Road Transport & Highways,618634,Tamil Nadu,3788.51,3788.51,3170.29,83.7,2021-03-01,2026-12-31,2028-12-31,2026-02-01,12,0.0,0
PAIM-618769,Walajahpet/Ranipet to TN/AP Border Section of from Km.106.800 to  Km.133.36 NH-4 (National Highways Authority of India [,Infrastructure & Highways,Ministry of Road Transport & Highways,618769,Tamil Nadu,379.6,379.6,50.52,13.3,2023-03-01,2026-12-31,2027-12-31,2026-02-01,12,0.0,0
PAIM-618771,6L of Varadharajula to Kumarajapet from km 0.000 to km 43.800 of NH-716B Pkg-I (National Highways Authority of India [NH,Infrastructure & Highways,Ministry of Road Transport & Highways,618771,Tamil Nadu,3347.27,3347.27,2807.52,83.9,2024-03-01,2027-12-31,2028-12-31,2026-02-01,0,0.0,0
PAIM-618772,716B Pkg-II (National Highways Authority of India [NHAI]) (618772),Infrastructure & Highways,Ministry of Road Transport & Highways,618772,Tamil Nadu,3253.4,3253.4,2338.65,71.9,2022-03-01,2028-12-31,2028-12-31,2026-02-01,24,0.0,0
PAIM-619077,6 laning of Balance Work of Chennai - Tada from km. 21.40 to km. 54.40 (National Highways Authority of India [NHAI]) (61,Infrastructure & Highways,Ministry of Road Transport & Highways,619077,Tamil Nadu,2261.11,2261.11,1867.92,82.6,2023-03-01,2028-12-31,2027-12-31,2026-02-01,6,0.0,0
PAIM-618747,village to Recherla village Design Chainage 63117 to 105236] (National Highways Authority of India [NHAI]) (618747),Infrastructure & Highways,Ministry of Road Transport & Highways,618747,Telangana,2143.15,2143.15,1453.73,67.8,2023-03-01,2026-12-31,2027-12-31,2026-02-01,18,0.0,0
PAIM-619143,village at Design Ch. 280.200 KmPackage-II (National Highways Authority of India [NHAI]) (619143),Infrastructure & Highways,Ministry of Road Transport & Highways,619143,Telangana,1622.95,1622.95,552.19,34.0,2021-03-01,2027-12-31,2027-12-31,2026-02-01,0,0.0,0
PAIM-618531,km. 209.827 of NH-2 PKG-01 (National Highways Authority of India [NHAI]) (618531),Infrastructure & Highways,Ministry of Road Transport & Highways,618531,Bihar,2814.99,2814.99,2126.82,75.6,2021-03-01,2027-12-31,2028-12-31,2026-02-01,12,0.0,0
PAIM-618532,Km. 249.525 of NH-19 PKG-02 (National Highways Authority of India [NHAI]) (618532),Infrastructure & Highways,Ministry of Road Transport & Highways,618532,Bihar,1200.13,1200.13,448.06,37.3,2023-03-01,2028-12-31,2027-12-31,2026-02-01,0,0.0,0
PAIM-618724,Sagrampur village From KM. 151200 to KM. 184700Package-7 (National Highways Authority of India [NHAI]) (618724),Infrastructure & Highways,Ministry of Road Transport & Highways,618724,Bihar,1449.5,1449.5,605.46,41.8,2021-03-01,2028-12-31,2029-12-31,2026-02-01,24,0.0,0
PAIM-618951,Hariharganj to Parwa Mode section from km 23.284 to km 57.049 of NH-98 (National Highways Authority of India [NHAI]) (61,Infrastructure & Highways,Ministry of Road Transport & Highways,618951,Bihar,1895.28,1895.28,1132.16,59.7,2023-03-01,2026-12-31,2027-12-31,2026-02-01,24,0.0,0
PAIM-618952,4L of Sahibganj - Manihari Ganga Bridge including Manihari Bypass (National Highways Authority of India [NHAI]) (618952),Infrastructure & Highways,Ministry of Road Transport & Highways,618952,Bihar,2778.77,2778.77,1168.69,42.1,2021-03-01,2027-12-31,2029-12-31,2026-02-01,12,0.0,0
PAIM-619078,249.525 to km 320.810 (National Highways Authority of India [NHAI]) (619078),Infrastructure & Highways,Ministry of Road Transport & Highways,619078,Bihar,3638.07,3638.07,2033.78,55.9,2021-03-01,2026-12-31,2028-12-31,2026-02-01,18,0.0,0
PAIM-618530,Six Laning of Varanasi to Aurangabad from km. 786.00 to km. 978.40 of Old NH-2 (National Highways Authority of India [NH,Infrastructure & Highways,Ministry of Road Transport & Highways,618530,Bihar,4139.94,4139.94,3272.99,79.1,2021-03-01,2026-12-31,2029-12-31,2026-02-01,24,0.0,0
PAIM-618882,Annuity Mode (National Highways Authority of India [NHAI]) (618882),Infrastructure & Highways,Ministry of Road Transport & Highways,618882,Uttar Pradesh,3554.18,3554.18,1446.75,40.7,2022-03-01,2028-12-31,2029-12-31,2026-02-01,12,0.0,0
PAIM-619154,Km 117.120] on EPC Mode in the state of Uttar Pradesh. (National Highways Authority of India [NHAI]) (619154),Infrastructure & Highways,Ministry of Road Transport & Highways,619154,Uttar Pradesh,2782.92,2782.92,746.8,26.8,2023-03-01,2026-12-31,2027-12-31,2026-02-01,12,0.0,0
PAIM-618584,at Start Point Length - 1.200 Km of NH-27 (National Highways Authority of India [NHAI]) (618584),Infrastructure & Highways,Ministry of Road Transport & Highways,618584,Bihar,1476.91,1476.91,714.79,48.4,2024-03-01,2028-12-31,2027-12-31,2026-02-01,12,0.0,0
PAIM-618676,Package  OD-1 (National Highways Authority of India [NHAI]) (618676),Infrastructure & Highways,Ministry of Road Transport & Highways,618676,Odisha,3753.26,3753.26,2477.84,66.0,2023-03-01,2028-12-31,2027-12-31,2026-02-01,6,0.0,0
PAIM-619064,Km 128.000] (National Highways Authority of India [NHAI]) (619064),Infrastructure & Highways,Ministry of Road Transport & Highways,619064,Maharashtra,4236.22,4236.22,1184.66,28.0,2024-03-01,2027-12-31,2029-12-31,2026-02-01,12,0.0,0
PAIM-619122,Akshardham - DL/UP Border Pkg-01 (National Highways Authority of India [NHAI]) (619122),Infrastructure & Highways,Ministry of Road Transport & Highways,619122,Uttar Pradesh,3200.96,3200.96,1703.39,53.2,2022-03-01,2027-12-31,2027-12-31,2026-02-01,18,0.0,0
PAIM-618942,from Km 70.800 to  km 84.120 of Khanapur- KA/GOA Border section of NH-4A (National Highways Authority of India [NHAI]) (,Infrastructure & Highways,Ministry of Road Transport & Highways,618942,Maharashtra,3790.78,3790.78,2316.75,61.1,2024-03-01,2028-12-31,2028-12-31,2026-02-01,0,0.0,0
PAIM-618637,Bal. Works of Fagne Km. 510.000 to Maharashtra/Gujarat Border Km. 650.794 (National Highways Authority of India [NHAI]) ,Infrastructure & Highways,Ministry of Road Transport & Highways,618637,Maharashtra,981.92,981.92,417.04,42.5,2024-03-01,2026-12-31,2028-12-31,2026-02-01,18,0.0,0
PAIM-618486,Patran road SH-10 near Ghagga village Km 120250 to Km 157920 (National Highways Authority of India [NHAI]) (618486),Infrastructure & Highways,Ministry of Road Transport & Highways,618486,Haryana,1581.0,1581.0,304.61,19.3,2023-03-01,2027-12-31,2029-12-31,2026-02-01,6,0.0,0
PAIM-618760,Km 27.910 Pkg-02 (National Highways Authority of India [NHAI]) (618760),Infrastructure & Highways,Ministry of Road Transport & Highways,618760,Haryana,919.35,919.35,507.01,55.1,2024-03-01,2028-12-31,2029-12-31,2026-02-01,0,0.0,0
PAIM-618935,4L  Ambala - Kalaamb from Km. -0.800 to Km. 33.015 of old NH-72 (National Highways Authority of India [NHAI]) (618935),Infrastructure & Highways,Ministry of Road Transport & Highways,618935,Haryana,3805.27,3805.27,2556.04,67.2,2021-03-01,2026-12-31,2029-12-31,2026-02-01,12,0.0,0
PAIM-619093,4L Ismailabad to Ambala Section of NH-152 Lot-4/Package-1 (National Highways Authority of India [NHAI]) (619093),Infrastructure & Highways,Ministry of Road Transport & Highways,619093,Haryana,3143.62,3143.62,1747.03,55.6,2022-03-01,2027-12-31,2029-12-31,2026-02-01,0,0.0,0
PAIM-619134,Km. 11.157 (National Highways Authority of India [NHAI]) (619134),Infrastructure & Highways,Ministry of Road Transport & Highways,619134,Haryana,3450.18,3450.18,2780.57,80.6,2024-03-01,2027-12-31,2028-12-31,2026-02-01,12,0.0,0
PAIM-618505,KM 273.00 (National Highways Authority of India [NHAI]) (618505),Infrastructure & Highways,Ministry of Road Transport & Highways,618505,Rajasthan,1240.74,1240.74,628.69,50.7,2023-03-01,2027-12-31,2028-12-31,2026-02-01,12,0.0,0
PAIM-618691,of NH-334D (National Highways Authority of India [NHAI]) (618691),Infrastructure & Highways,Ministry of Road Transport & Highways,618691,Haryana,1575.58,1575.58,886.44,56.3,2023-03-01,2027-12-31,2029-12-31,2026-02-01,6,0.0,0
PAIM-618723,section of Shamli -Ambala Package-II Design Ch. Form km 45.500 to km 84.400 (National Highways Authority of India [NHAI],Infrastructure & Highways,Ministry of Road Transport & Highways,618723,Haryana,4179.98,4179.98,811.47,19.4,2021-03-01,2026-12-31,2028-12-31,2026-02-01,0,0.0,0
PAIM-619068,Faridabad-Ballabhgarh Bypass KMP Link - Spur to Delhi Mumbai Expressway (National Highways Authority of India [NHAI]) (6,Infrastructure & Highways,Ministry of Road Transport & Highways,619068,Haryana,1048.3,1048.3,237.48,22.7,2023-03-01,2028-12-31,2029-12-31,2026-02-01,18,0.0,0
PAIM-619066,Gurha Baildaran km 423500 to km 468100 (National Highways Authority of India [NHAI]) (619066),Infrastructure & Highways,Ministry of Road Transport & Highways,619066,Punjab,3157.91,3157.91,2438.34,77.2,2024-03-01,2028-12-31,2027-12-31,2026-02-01,24,0.0,0
PAIM-618828,4L from Km 219.600 Khajuri to Km 260.483 Wyndhamganj on NH-75 Sec-V (National Highways Authority of India [NHAI]) (61882,Infrastructure & Highways,Ministry of Road Transport & Highways,618828,Punjab,3775.05,3775.05,922.02,24.4,2023-03-01,2027-12-31,2029-12-31,2026-02-01,24,0.0,0
PAIM-618533,Barwa Adda Km. 398.240 to Panagarh Km. 521.120 (National Highways Authority of India [NHAI]) (618533),Infrastructure & Highways,Ministry of Road Transport & Highways,618533,Multi-State,3984.57,3984.57,3209.11,80.5,2023-03-01,2028-12-31,2029-12-31,2026-02-01,24,0.0,0
PAIM-618734,village to Kamlapur villageJH/WB border  from km 358.500 to km 387.200 Pkg -13 (National Highways Authority of India [NH,Infrastructure & Highways,Ministry of Road Transport & Highways,618734,Multi-State,4424.63,4424.63,470.45,10.6,2024-03-01,2027-12-31,2029-12-31,2026-02-01,24,0.0,0
PAIM-618909,Chandil Junction with NH-33 km. 153.705 of Old NH-32 (National Highways Authority of India [NHAI]) (618909),Infrastructure & Highways,Ministry of Road Transport & Highways,618909,Multi-State,4259.81,4259.81,3335.75,78.3,2024-03-01,2028-12-31,2029-12-31,2026-02-01,0,0.0,0
PAIM-618948,existing km 283.00 design km 274.133 in the state of Jharkhand  package - II (National Highways Authority of India [NHAI,Infrastructure & Highways,Ministry of Road Transport & Highways,618948,Multi-State,1674.55,1674.55,1126.75,67.3,2024-03-01,2028-12-31,2027-12-31,2026-02-01,0,0.0,0
PAIM-619104,56.889 of Old NH-32 (National Highways Authority of India [NHAI]) (619104),Infrastructure & Highways,Ministry of Road Transport & Highways,619104,Multi-State,2957.5,2957.5,2324.92,78.6,2021-03-01,2027-12-31,2027-12-31,2026-02-01,6,0.0,0
PAIM-618515,Pkg-I (National Highways Authority of India [NHAI]) (618515),Infrastructure & Highways,Ministry of Road Transport & Highways,618515,Maharashtra,2507.06,2507.06,1527.84,60.9,2024-03-01,2028-12-31,2028-12-31,2026-02-01,12,0.0,0
PAIM-618516,NH-48 Pkg-II (National Highways Authority of India [NHAI]) (618516),Infrastructure & Highways,Ministry of Road Transport & Highways,618516,Maharashtra,457.71,457.71,142.63,31.2,2024-03-01,2026-12-31,2027-12-31,2026-02-01,0,0.0,0
PAIM-618519,to TN/KNT border from km 144.480 to 179.969 (National Highways Authority of India [NHAI]) (618519),Infrastructure & Highways,Ministry of Road Transport & Highways,618519,Karnataka,761.18,761.18,628.76,82.6,2023-03-01,2027-12-31,2028-12-31,2026-02-01,36,0.0,0
PAIM-618581,Hosur to Dhamrapuri Pkg-1 [Neraluru - Thorapalli Agraharam] (National Highways Authority of India [NHAI]) (618581),Infrastructure & Highways,Ministry of Road Transport & Highways,618581,Karnataka,3148.82,3148.82,1241.34,39.4,2022-03-01,2027-12-31,2028-12-31,2026-02-01,12,0.0,0
PAIM-618632,Km 202.900 to Km 242.200 Pkg-1 (National Highways Authority of India [NHAI]) (618632),Infrastructure & Highways,Ministry of Road Transport & Highways,618632,Karnataka,2733.27,2733.27,2294.43,83.9,2023-03-01,2028-12-31,2027-12-31,2026-02-01,12,0.0,0
PAIM-619097,Thalassery Mahe Bypass Km 170.600 to Km 189.200 of NH-17New NH-66 in Kerala (National Highways Authority of India [NHAI],Infrastructure & Highways,Ministry of Road Transport & Highways,619097,Multi-State,3531.88,3531.88,1910.08,54.1,2024-03-01,2027-12-31,2028-12-31,2026-02-01,12,0.0,0
PAIM-619101,Boregaon Buzurg to Muktainagar (National Highways Authority of India [NHAI]) (619101),Infrastructure & Highways,Ministry of Road Transport & Highways,619101,Maharashtra,1303.29,1303.29,728.95,55.9,2024-03-01,2027-12-31,2027-12-31,2026-02-01,18,0.0,0
PAIM-618668,168.630 Package-4 (National Highways Authority of India [NHAI]) (618668),Infrastructure & Highways,Ministry of Road Transport & Highways,618668,Maharashtra,2864.41,2864.41,545.27,19.0,2021-03-01,2028-12-31,2029-12-31,2026-02-01,24,0.0,0
PAIM-618938,of NH-353B (National Highways Authority of India [NHAI]) (618938),Infrastructure & Highways,Ministry of Road Transport & Highways,618938,Maharashtra,4358.94,4358.94,1462.62,33.6,2022-03-01,2028-12-31,2029-12-31,2026-02-01,24,0.0,0
PAIM-618845,Puducherry Km.29.000 to Poondiyankuppam Km.67.000 (National Highways Authority of India [NHAI]) (618845),Infrastructure & Highways,Ministry of Road Transport & Highways,618845,Multi-State,3853.04,3853.04,1327.37,34.4,2021-03-01,2026-12-31,2027-12-31,2026-02-01,12,0.0,0
PAIM-618847,Sattanathapuram to Nagapattinam from Km 123.800 to Km 179.555 (National Highways Authority of India [NHAI]) (618847),Infrastructure & Highways,Ministry of Road Transport & Highways,618847,Multi-State,842.55,842.55,427.68,50.8,2023-03-01,2028-12-31,2027-12-31,2026-02-01,6,0.0,0
PAIM-618711,Km to 41.820 Km of Delhi- Dehradun Economic Corridor package-2 (National Highways Authority of India [NHAI]) (618711),Infrastructure & Highways,Ministry of Road Transport & Highways,618711,Delhi,3510.21,3510.21,1932.26,55.0,2021-03-01,2027-12-31,2028-12-31,2026-02-01,12,0.0,0
PAIM-618886,NH-334 from Km 143000 to Km 196000 (National Highways Authority of India [NHAI]) (618886),Infrastructure & Highways,Ministry of Road Transport & Highways,618886,Multi-State,1211.6,1211.6,264.16,21.8,2021-03-01,2026-12-31,2028-12-31,2026-02-01,12,0.0,0
PAIM-618928,"14.490 Km., Starts from Ch. 38770 and ends at Ch. 53260 existing Ch. 05560 (National Highways Authority of India [NHAI])",Infrastructure & Highways,Ministry of Road Transport & Highways,618928,Multi-State,346.07,346.07,253.31,73.2,2022-03-01,2027-12-31,2029-12-31,2026-02-01,12,0.0,0
PAIM-618969,4/6L of  Spur to Haridwar Greenfield from Km. 0.000 to Km. 50.70 (National Highways Authority of India [NHAI]) (618969),Infrastructure & Highways,Ministry of Road Transport & Highways,618969,Multi-State,1545.41,1545.41,975.88,63.1,2023-03-01,2028-12-31,2027-12-31,2026-02-01,18,0.0,0
PAIM-617899,Mangalpur section of NH 20 in the state of Odisha on Annual Plan 2021-22 (MoRTH) (617899),Infrastructure & Highways,Ministry of Road Transport & Highways,617899,Odisha,1249.77,1249.77,828.47,66.3,2023-03-01,2028-12-31,2029-12-31,2026-02-01,0,0.0,0
PAIM-617904,79/800 Design km 11/670 of NH-26 in the State of Odisha. (MoRTH) (617904),Infrastructure & Highways,Ministry of Road Transport & Highways,617904,Odisha,3108.99,3108.99,1891.56,60.8,2024-03-01,2026-12-31,2027-12-31,2026-02-01,36,0.0,0
PAIM-617905,EPC mode under Annual Plan 2021-22 (MoRTH) (617905),Infrastructure & Highways,Ministry of Road Transport & Highways,617905,Odisha,704.82,704.82,333.61,47.3,2021-03-01,2027-12-31,2027-12-31,2026-02-01,18,0.0,0
PAIM-617921,277/500 to 318/970 of NH-55 in the State of Odisha under Annual Plan 2021-22. (MoRTH) (617921),Infrastructure & Highways,Ministry of Road Transport & Highways,617921,Odisha,1205.67,1205.67,603.27,50.0,2024-03-01,2026-12-31,2027-12-31,2026-02-01,24,0.0,0
PAIM-617923,land acquisition in the state of Odisha on EPC mode under Annual Plan 2022-23. (MoRTH) (617923),Infrastructure & Highways,Ministry of Road Transport & Highways,617923,Odisha,2875.71,2875.71,774.54,26.9,2024-03-01,2028-12-31,2029-12-31,2026-02-01,0,0.0,0
PAIM-617925,including LA in the State of Odisha on EPC mode. (MoRTH) (617925),Infrastructure & Highways,Ministry of Road Transport & Highways,617925,Odisha,4495.8,4495.8,615.62,13.7,2023-03-01,2026-12-31,2029-12-31,2026-02-01,0,0.0,0
PAIM-617930,Berhampur town including 4-lane RoB in the state of Odisha. (MoRTH) (617930),Infrastructure & Highways,Ministry of Road Transport & Highways,617930,Odisha,1419.68,1419.68,337.03,23.7,2022-03-01,2028-12-31,2028-12-31,2026-02-01,0,0.0,0
PAIM-618003,2033-34 (MoRTH) (618003),Infrastructure & Highways,Ministry of Road Transport & Highways,618003,Odisha,4023.79,4023.79,2106.13,52.3,2024-03-01,2027-12-31,2029-12-31,2026-02-01,24,0.0,0
PAIM-618012,section of NH 326 in the State of Odisha under Annual Plan 2021.22. (MoRTH) (618012),Infrastructure & Highways,Ministry of Road Transport & Highways,618012,Odisha,3773.36,3773.36,1609.46,42.7,2021-03-01,2026-12-31,2029-12-31,2026-02-01,36,0.0,0
PAIM-618523,Bhadrak KM 136.500 to Baleshwar KM 199.141 (National Highways Authority of India [NHAI]) (618523),Infrastructure & Highways,Ministry of Road Transport & Highways,618523,Odisha,3786.9,3786.9,1261.99,33.3,2021-03-01,2028-12-31,2028-12-31,2026-02-01,18,0.0,0
PAIM-618592,at Km.215.270 in Baharagora-Singhara section of NH-49 (National Highways Authority of India [NHAI]) (618592),Infrastructure & Highways,Ministry of Road Transport & Highways,618592,Odisha,3500.12,3500.12,2624.91,75.0,2024-03-01,2027-12-31,2028-12-31,2026-02-01,18,0.0,0
PAIM-618677,km 293000 Package  OD-5 (National Highways Authority of India [NHAI]) (618677),Infrastructure & Highways,Ministry of Road Transport & Highways,618677,Odisha,1969.36,1969.36,1145.86,58.2,2023-03-01,2027-12-31,2028-12-31,2026-02-01,24,0.0,0
PAIM-618678,km 338500 Package  OD-6 (National Highways Authority of India [NHAI]) (618678),Infrastructure & Highways,Ministry of Road Transport & Highways,618678,Odisha,1020.3,1020.3,205.85,20.2,2022-03-01,2028-12-31,2027-12-31,2026-02-01,6,0.0,0
PAIM-618680,365033 Package-OD-8 (National Highways Authority of India [NHAI]) (618680),Infrastructure & Highways,Ministry of Road Transport & Highways,618680,Odisha,303.39,303.39,198.19,65.3,2024-03-01,2026-12-31,2027-12-31,2026-02-01,18,0.0,0
PAIM-618819,Balance work of Panikoili Rimoli Section of new NH-20 from Km 0.00 to Km. 163.000 (National Highways Authority of India ,Infrastructure & Highways,Ministry of Road Transport & Highways,618819,Odisha,2051.02,2051.02,1494.61,72.9,2022-03-01,2028-12-31,2029-12-31,2026-02-01,36,0.0,0
PAIM-618820,NH-53 Old NH  5A from Km.39.000 to Km.60.00 Package-3 (National Highways Authority of India [NHAI]) (618820),Infrastructure & Highways,Ministry of Road Transport & Highways,618820,Odisha,692.22,692.22,100.96,14.6,2024-03-01,2026-12-31,2029-12-31,2026-02-01,12,0.0,0
PAIM-618821,Package-2 (National Highways Authority of India [NHAI]) (618821),Infrastructure & Highways,Ministry of Road Transport & Highways,618821,Odisha,430.11,430.11,306.18,71.2,2023-03-01,2028-12-31,2029-12-31,2026-02-01,0,0.0,0
PAIM-618908,NH-200 New NH -53 (National Highways Authority of India [NHAI]) (618908),Infrastructure & Highways,Ministry of Road Transport & Highways,618908,Odisha,383.74,383.74,79.34,20.7,2021-03-01,2027-12-31,2029-12-31,2026-02-01,0,0.0,0
PAIM-618913,4-L of Rajamunda to Barkote Section of NH-23 from km. 287.200 to km. 337.185 (National Highways Authority of India [NHAI,Infrastructure & Highways,Ministry of Road Transport & Highways,618913,Odisha,253.28,253.28,126.62,50.0,2024-03-01,2026-12-31,2029-12-31,2026-02-01,24,0.0,0
PAIM-619075,6L of Bhubaneswar - Jagatpur - Chandikhole Section of NH-16 (National Highways Authority of India [NHAI]) (619075),Infrastructure & Highways,Ministry of Road Transport & Highways,619075,Odisha,1553.9,1553.9,1227.74,79.0,2023-03-01,2026-12-31,2029-12-31,2026-02-01,6,0.0,0
PAIM-619109,Package  OD-3 (National Highways Authority of India [NHAI]) (619109),Infrastructure & Highways,Ministry of Road Transport & Highways,619109,Odisha,227.45,227.45,140.77,61.9,2023-03-01,2026-12-31,2028-12-31,2026-02-01,36,0.0,0
PAIM-619118,Four Laning of Angul to Sambalpur from Km.112.000 to Km.265.000 (National Highways Authority of India [NHAI]) (619118),Infrastructure & Highways,Ministry of Road Transport & Highways,619118,Odisha,328.91,328.91,182.52,55.5,2023-03-01,2027-12-31,2028-12-31,2026-02-01,0,0.0,0
PAIM-619119,State of Odisha (National Highways Authority of India [NHAI]) (619119),Infrastructure & Highways,Ministry of Road Transport & Highways,619119,Odisha,2352.23,2352.23,1192.54,50.7,2022-03-01,2028-12-31,2027-12-31,2026-02-01,18,0.0,0
PAIM-619157,149 and km 301.875 - km 335.946 of NH-53 Pkg-I (National Highways Authority of India [NHAI]) (619157),Infrastructure & Highways,Ministry of Road Transport & Highways,619157,Odisha,2973.55,2973.55,1185.3,39.9,2022-03-01,2026-12-31,2027-12-31,2026-02-01,24,0.0,0
PAIM-619158,4 Laning of Duburi Chandikhole from km 388.376 to km 428.074 Pkg-III (National Highways Authority of India [NHAI]) (6191,Infrastructure & Highways,Ministry of Road Transport & Highways,619158,Odisha,1486.4,1486.4,553.05,37.2,2022-03-01,2028-12-31,2027-12-31,2026-02-01,0,0.0,0
PAIM-618023,on EPC mode. Job No. NH-354-PB-2021-22-555 (MoRTH) (618023),Infrastructure & Highways,Ministry of Road Transport & Highways,618023,Punjab,1016.98,1016.98,811.45,79.8,2024-03-01,2028-12-31,2027-12-31,2026-02-01,12,0.0,0
PAIM-618024,No. NH-354-PB-2020-21-532 (MoRTH) (618024),Infrastructure & Highways,Ministry of Road Transport & Highways,618024,Punjab,3782.62,3782.62,1825.41,48.3,2023-03-01,2026-12-31,2027-12-31,2026-02-01,12,0.0,0
PAIM-618487,Bhogiwal village Km 188830 to km 225770 (National Highways Authority of India [NHAI]) (618487),Infrastructure & Highways,Ministry of Road Transport & Highways,618487,Punjab,2766.48,2766.48,894.06,32.3,2023-03-01,2026-12-31,2028-12-31,2026-02-01,36,0.0,0
PAIM-618488,near Mullanpur Dakha Km 225770 to km 260860 (National Highways Authority of India [NHAI]) (618488),Infrastructure & Highways,Ministry of Road Transport & Highways,618488,Punjab,566.74,566.74,112.16,19.8,2024-03-01,2028-12-31,2029-12-31,2026-02-01,6,0.0,0
PAIM-618489,Kang Sahibu village Km 260860 to km 303900 (National Highways Authority of India [NHAI]) (618489),Infrastructure & Highways,Ministry of Road Transport & Highways,618489,Punjab,1995.41,1995.41,1316.47,66.0,2021-03-01,2026-12-31,2028-12-31,2026-02-01,36,0.0,0
PAIM-618490,Sultanpur Lodhi road NH-703A km 000 to km 24000 to Amritsar connectivity (National Highways Authority of India [NHAI]) (,Infrastructure & Highways,Ministry of Road Transport & Highways,618490,Punjab,1737.35,1737.35,1003.74,57.8,2024-03-01,2026-12-31,2028-12-31,2026-02-01,12,0.0,0
PAIM-618491,362420 (National Highways Authority of India [NHAI]) (618491),Infrastructure & Highways,Ministry of Road Transport & Highways,618491,Punjab,2568.38,2568.38,1781.65,69.4,2024-03-01,2027-12-31,2029-12-31,2026-02-01,18,0.0,0
PAIM-618492,Pathankot-Gurdaspur road NH-54 near Gurdaspur Km 362420 to km 397700 (National Highways Authority of India [NHAI]) (6184,Infrastructure & Highways,Ministry of Road Transport & Highways,618492,Punjab,2360.5,2360.5,1255.9,53.2,2023-03-01,2027-12-31,2028-12-31,2026-02-01,36,0.0,0
PAIM-618493,NH-703AA near Goinwal Sahib [Km 24000 to Km 41000 of Amritsar connectivity] (National Highways Authority of India [NHAI],Infrastructure & Highways,Ministry of Road Transport & Highways,618493,Punjab,1920.48,1920.48,1240.34,64.6,2023-03-01,2027-12-31,2028-12-31,2026-02-01,0,0.0,0
PAIM-618551,Talwara village on NH-44 Pathankot by-pass (National Highways Authority of India [NHAI]) (618551),Infrastructure & Highways,Ministry of Road Transport & Highways,618551,Punjab,727.53,727.53,214.21,29.4,2024-03-01,2026-12-31,2027-12-31,2026-02-01,0,0.0,0
PAIM-618552,at Kang Sahbu NH-703  via Sarmastpur NH-44 - Madara NH-03 - Khajurla NH-44 (National Highways Authority of India [NHAI]),Infrastructure & Highways,Ministry of Road Transport & Highways,618552,Haryana,741.81,741.81,383.86,51.7,2024-03-01,2028-12-31,2027-12-31,2026-02-01,36,0.0,0
PAIM-618610,NH-54 from km. 0.000 to km. 27.400 of NH-54 (National Highways Authority of India [NHAI]) (618610),Infrastructure & Highways,Ministry of Road Transport & Highways,618610,Haryana,236.74,236.74,100.6,42.5,2023-03-01,2026-12-31,2027-12-31,2026-02-01,0,0.0,0
PAIM-618617,Pkg-1 (National Highways Authority of India [NHAI]) (618617),Infrastructure & Highways,Ministry of Road Transport & Highways,618617,Punjab,3442.9,3442.9,788.98,22.9,2024-03-01,2028-12-31,2028-12-31,2026-02-01,24,0.0,0
PAIM-618618,Sangat Kalan from km 93.000 to km 154.866 of NH-754A Pkg-3 (National Highways Authority of India [NHAI]) (618618),Infrastructure & Highways,Ministry of Road Transport & Highways,618618,Punjab,3466.67,3466.67,395.65,11.4,2021-03-01,2026-12-31,2029-12-31,2026-02-01,0,0.0,0
PAIM-618647,Road NH-703 near village Tallewal from Km 0.0 to Km 30.3 of NH-754AD Pkg-1 (National Highways Authority of India [NHAI]),Infrastructure & Highways,Ministry of Road Transport & Highways,618647,Punjab,4430.31,4430.31,3302.57,74.5,2022-03-01,2026-12-31,2027-12-31,2026-02-01,12,0.0,0
PAIM-618764,Moga - Bagha Purana - Bajakhana from km. 0.00 to km. 43.32 (National Highways Authority of India [NHAI]) (618764),Infrastructure & Highways,Ministry of Road Transport & Highways,618764,Punjab,3620.43,3620.43,1440.26,39.8,2021-03-01,2027-12-31,2027-12-31,2026-02-01,12,0.0,0
PAIM-618785,Pkg-3 (National Highways Authority of India [NHAI]) (618785),Infrastructure & Highways,Ministry of Road Transport & Highways,618785,Punjab,3804.59,3804.59,1977.08,52.0,2024-03-01,2026-12-31,2027-12-31,2026-02-01,18,0.0,0
PAIM-618789,6L of IT City Chowk to Kurali Chandigarh Road (National Highways Authority of India [NHAI]) (618789),Infrastructure & Highways,Ministry of Road Transport & Highways,618789,Punjab,3332.9,3332.9,1154.5,34.6,2023-03-01,2027-12-31,2027-12-31,2026-02-01,18,0.0,0
PAIM-618794,Amritsarairport Junction - Ramdas from km. 100.835 to km. 139.813 Pkg - IV (National Highways Authority of India [NHAI]),Infrastructure & Highways,Ministry of Road Transport & Highways,618794,Punjab,4267.6,4267.6,1001.57,23.5,2022-03-01,2027-12-31,2028-12-31,2026-02-01,0,0.0,0
PAIM-618795,Amritsar Bypass Pkg III from km. 71.496 to km. 105.158 (National Highways Authority of India [NHAI]) (618795),Infrastructure & Highways,Ministry of Road Transport & Highways,618795,Punjab,3276.3,3276.3,2509.68,76.6,2024-03-01,2026-12-31,2029-12-31,2026-02-01,0,0.0,0
PAIM-618809,0.000 to Km. 31.300 Pkg-1 (National Highways Authority of India [NHAI]) (618809),Infrastructure & Highways,Ministry of Road Transport & Highways,618809,Punjab,3779.92,3779.92,997.04,26.4,2021-03-01,2028-12-31,2028-12-31,2026-02-01,18,0.0,0
PAIM-618810,Nanak  from Km. 31.300 to Km. 69.100  with Additional batala Bypass Pkg-II (National Highways Authority of India [NHAI]),Infrastructure & Highways,Ministry of Road Transport & Highways,618810,Punjab,1659.77,1659.77,551.14,33.2,2021-03-01,2028-12-31,2027-12-31,2026-02-01,0,0.0,0
PAIM-618906,503A Package-I (National Highways Authority of India [NHAI]) (618906),Infrastructure & Highways,Ministry of Road Transport & Highways,618906,Punjab,4086.61,4086.61,3330.74,81.5,2021-03-01,2026-12-31,2027-12-31,2026-02-01,24,0.0,0
PAIM-619099,from km 39.000 to km 93.000 of NH-754A Pkg-2 (National Highways Authority of India [NHAI]) (619099),Infrastructure & Highways,Ministry of Road Transport & Highways,619099,Punjab,3095.2,3095.2,1624.42,52.5,2023-03-01,2028-12-31,2029-12-31,2026-02-01,12,0.0,0
PAIM-619105,near Ludhiana village Ballowal from Km 30.300 to Km 75.543 of NH-754AD Pkg-2 (National Highways Authority of India [NHAI,Infrastructure & Highways,Ministry of Road Transport & Highways,619105,Punjab,3043.32,3043.32,1043.97,34.3,2023-03-01,2028-12-31,2028-12-31,2026-02-01,6,0.0,0
PAIM-617887,Beawer Gomti 4LPS from km 58.245 to km 108.600 Pkg-I (MoRTH) (617887),Infrastructure & Highways,Ministry of Road Transport & Highways,617887,Rajasthan,2036.95,2036.95,1660.02,81.5,2021-03-01,2028-12-31,2029-12-31,2026-02-01,12,0.0,0
PAIM-617891,Design Km 41.625 to Km 54.689 of NH-11 on EPC Mode in the state of Rajasthan . (MoRTH) (617891),Infrastructure & Highways,Ministry of Road Transport & Highways,617891,Rajasthan,4143.1,4143.1,2408.84,58.1,2024-03-01,2028-12-31,2027-12-31,2026-02-01,24,0.0,0
PAIM-617900,Length-93.52 Km. (MoRTH) (617900),Infrastructure & Highways,Ministry of Road Transport & Highways,617900,Rajasthan,3220.32,3220.32,1579.17,49.0,2023-03-01,2027-12-31,2027-12-31,2026-02-01,12,0.0,0
PAIM-617901,on EPC mode in the state of Rajasthan. (MoRTH) (617901),Infrastructure & Highways,Ministry of Road Transport & Highways,617901,Rajasthan,4391.4,4391.4,3232.22,73.6,2022-03-01,2027-12-31,2027-12-31,2026-02-01,36,0.0,0
PAIM-618011,the state of Rajasthan on EPC Mode (MoRTH) (618011),Infrastructure & Highways,Ministry of Road Transport & Highways,618011,Rajasthan,1562.97,1562.97,991.79,63.5,2022-03-01,2028-12-31,2027-12-31,2026-02-01,36,0.0,0
PAIM-618069,74.645 of NH-54 in the State of Rajasthan on EPC mode. (MoRTH) (618069),Infrastructure & Highways,Ministry of Road Transport & Highways,618069,Rajasthan,2069.31,2069.31,593.35,28.7,2022-03-01,2026-12-31,2027-12-31,2026-02-01,36,0.0,0
PAIM-618092,NH-162E in the State of Rajasthan on EPC mode. (MoRTH) (618092),Infrastructure & Highways,Ministry of Road Transport & Highways,618092,Rajasthan,2169.53,2169.53,1064.56,49.1,2024-03-01,2027-12-31,2029-12-31,2026-02-01,6,0.0,0
PAIM-618093,55.950 of NH-162E on EPC mode. (MoRTH) (618093),Infrastructure & Highways,Ministry of Road Transport & Highways,618093,Rajasthan,2388.38,2388.38,251.02,10.5,2021-03-01,2027-12-31,2027-12-31,2026-02-01,18,0.0,0
PAIM-618118,mode in the State of Rajasthan. (MoRTH) (618118),Infrastructure & Highways,Ministry of Road Transport & Highways,618118,Rajasthan,1565.66,1565.66,323.13,20.6,2022-03-01,2028-12-31,2029-12-31,2026-02-01,0,0.0,0
PAIM-618200,in the State of Rajasthan. (MoRTH) (618200),Infrastructure & Highways,Ministry of Road Transport & Highways,618200,Rajasthan,3078.47,3078.47,1129.15,36.7,2021-03-01,2026-12-31,2028-12-31,2026-02-01,24,0.0,0
PAIM-618456,[Junction with NH- 76 to Junction with NH-12 near village Ummedpura] (National Highways Authority of India [NHAI]) (6184,Infrastructure & Highways,Ministry of Road Transport & Highways,618456,Rajasthan,3324.88,3324.88,2266.76,68.2,2021-03-01,2027-12-31,2028-12-31,2026-02-01,6,0.0,0
PAIM-618457,[End of Interchange on NH-166 near village Mui to Hardeoganj village near Indergarh] (National Highways Authority of Ind,Infrastructure & Highways,Ministry of Road Transport & Highways,618457,Rajasthan,1596.9,1596.9,392.56,24.6,2022-03-01,2026-12-31,2027-12-31,2026-02-01,0,0.0,0
PAIM-618458,Nayagaon Jageer village] (National Highways Authority of India [NHAI]) (618458),Infrastructure & Highways,Ministry of Road Transport & Highways,618458,Rajasthan,2844.32,2844.32,2173.25,76.4,2021-03-01,2026-12-31,2027-12-31,2026-02-01,0,0.0,0
PAIM-618612,Deogarh near Dhandhaniya-Rajasthan/Gujarat Border Phase-I AJ/DRGB-Package-6 (National Highways Authority of India [NHAI],Infrastructure & Highways,Ministry of Road Transport & Highways,618612,Gujarat,239.99,239.99,144.17,60.1,2024-03-01,2026-12-31,2028-12-31,2026-02-01,12,0.0,0
PAIM-618613,Deogarh near Dhandhaniya-Rajasthan/Gujarat Border Phase-I AJ/DRGB-Package-7 (National Highways Authority of India [NHAI],Infrastructure & Highways,Ministry of Road Transport & Highways,618613,Gujarat,4236.09,4236.09,2022.62,47.7,2024-03-01,2027-12-31,2028-12-31,2026-02-01,12,0.0,0
PAIM-618796,Pakisthan Border NH-968 Pkg-BM/5 (National Highways Authority of India [NHAI]) (618796),Infrastructure & Highways,Ministry of Road Transport & Highways,618796,Rajasthan,3757.24,3757.24,2053.97,54.7,2024-03-01,2027-12-31,2028-12-31,2026-02-01,18,0.0,0
PAIM-618797,Sundra  Myajilar  Ambsingh ki Dhani Road part of Munabao  Tanot project NH-70 (National Highways Authority of India [NHA,Infrastructure & Highways,Ministry of Road Transport & Highways,618797,Rajasthan,3985.14,3985.14,2129.63,53.4,2021-03-01,2027-12-31,2027-12-31,2026-02-01,0,0.0,0
PAIM-618838,Road Pkg-II (National Highways Authority of India [NHAI]) (618838),Infrastructure & Highways,Ministry of Road Transport & Highways,618838,Rajasthan,3377.68,3377.68,2617.08,77.5,2024-03-01,2026-12-31,2027-12-31,2026-02-01,24,0.0,0
PAIM-619063,Jaipur (National Highways Authority of India [NHAI]) (619063),Infrastructure & Highways,Ministry of Road Transport & Highways,619063,Rajasthan,3954.32,3954.32,1757.3,44.4,2022-03-01,2026-12-31,2028-12-31,2026-02-01,0,0.0,0
PAIM-617962,the state of Tamil Nadu job No.NH-49 Extn New NH 85 - TN-2021-22-997 (MoRTH) (617962),Infrastructure & Highways,Ministry of Road Transport & Highways,617962,Tamil Nadu,336.88,336.88,259.76,77.1,2023-03-01,2027-12-31,2029-12-31,2026-02-01,36,0.0,0
PAIM-618478,Km 180.000 to Km 204.500 (National Highways Authority of India [NHAI]) (618478),Infrastructure & Highways,Ministry of Road Transport & Highways,618478,Tamil Nadu,730.12,730.12,592.04,81.1,2022-03-01,2027-12-31,2028-12-31,2026-02-01,12,0.0,0
PAIM-618479,from Km 204.500 to Km 230.000 (National Highways Authority of India [NHAI]) (618479),Infrastructure & Highways,Ministry of Road Transport & Highways,618479,Tamil Nadu,2041.07,2041.07,1693.07,83.0,2022-03-01,2026-12-31,2027-12-31,2026-02-01,36,0.0,0
PAIM-618481,Kanchepuram to Sriperumbudur Section Phase-III/Package-IV (National Highways Authority of India [NHAI]) (618481),Infrastructure & Highways,Ministry of Road Transport & Highways,618481,Tamil Nadu,2838.13,2838.13,1156.57,40.8,2022-03-01,2027-12-31,2029-12-31,2026-02-01,12,0.0,0
PAIM-618521,Karaipettai to Walajapet from Km 71.015 to 107.091 (National Highways Authority of India [NHAI]) (618521),Infrastructure & Highways,Ministry of Road Transport & Highways,618521,Tamil Nadu,3081.61,3081.61,603.67,19.6,2023-03-01,2028-12-31,2029-12-31,2026-02-01,0,0.0,0
PAIM-618563,4L of Madurai Ring Road Phase 1 [Vadipatti-Thamrapatti] from km 0.00 - km 29.960 (National Highways Authority of India [,Infrastructure & Highways,Ministry of Road Transport & Highways,618563,Tamil Nadu,579.51,579.51,283.14,48.9,2022-03-01,2027-12-31,2029-12-31,2026-02-01,36,0.0,0
PAIM-618608,Kanyakumari Section from Km 43.0 to Km 96.174 of NH66 (National Highways Authority of India [NHAI]) (618608),Infrastructure & Highways,Ministry of Road Transport & Highways,618608,Tamil Nadu,814.72,814.72,392.69,48.2,2022-03-01,2027-12-31,2028-12-31,2026-02-01,24,0.0,0
PAIM-618635,IV (National Highways Authority of India [NHAI]) (618635),Infrastructure & Highways,Ministry of Road Transport & Highways,618635,Tamil Nadu,4404.14,4404.14,719.7,16.3,2022-03-01,2026-12-31,2029-12-31,2026-02-01,18,0.0,0
PAIM-618744,4L of Thirumangalam to Vadugapatti section from km 0.000 to km 36.000 of NH-744 (National Highways Authority of India [N,Infrastructure & Highways,Ministry of Road Transport & Highways,618744,Tamil Nadu,2486.41,2486.41,1743.6,70.1,2021-03-01,2026-12-31,2028-12-31,2026-02-01,36,0.0,0
PAIM-618745,71.600 of NH-744 (National Highways Authority of India [NHAI]) (618745),Infrastructure & Highways,Ministry of Road Transport & Highways,618745,Tamil Nadu,2235.56,2235.56,961.35,43.0,2024-03-01,2027-12-31,2029-12-31,2026-02-01,18,0.0,0
PAIM-618756,Melur - Pilayarpatti - Karaikudi from km 99.920 of NH 38 to km 12.9 of NH 383 Ext. (National Highways Authority of India,Infrastructure & Highways,Ministry of Road Transport & Highways,618756,Tamil Nadu,390.71,390.71,267.01,68.3,2022-03-01,2027-12-31,2027-12-31,2026-02-01,12,0.0,0
PAIM-618800,Km 4.604 to Km 9.700 (National Highways Authority of India [NHAI]) (618800),Infrastructure & Highways,Ministry of Road Transport & Highways,618800,Tamil Nadu,2604.0,2604.0,1479.65,56.8,2021-03-01,2026-12-31,2027-12-31,2026-02-01,12,0.0,0
PAIM-618801,0342 to Km 4604 (National Highways Authority of India [NHAI]) (618801),Infrastructure & Highways,Ministry of Road Transport & Highways,618801,Tamil Nadu,3983.38,3983.38,3020.11,75.8,2021-03-01,2026-12-31,2027-12-31,2026-02-01,6,0.0,0
PAIM-618894,83 (National Highways Authority of India [NHAI]) (618894),Infrastructure & Highways,Ministry of Road Transport & Highways,618894,Tamil Nadu,2305.21,2305.21,1847.96,80.2,2022-03-01,2028-12-31,2029-12-31,2026-02-01,12,0.0,0
PAIM-618895,Kamalapuram to Oddanchatram from km. 0.00 to km. 35.822 (National Highways Authority of India [NHAI]) (618895),Infrastructure & Highways,Ministry of Road Transport & Highways,618895,Tamil Nadu,3455.99,3455.99,1693.61,49.0,2023-03-01,2026-12-31,2027-12-31,2026-02-01,36,0.0,0
PAIM-618897,NH45 C Pkg-II (National Highways Authority of India [NHAI]) (618897),Infrastructure & Highways,Ministry of Road Transport & Highways,618897,Tamil Nadu,4323.36,4323.36,2148.82,49.7,2022-03-01,2026-12-31,2028-12-31,2026-02-01,0,0.0,0
PAIM-618943,Salem - Ulundurpet section from km 0.313 to km 136.670 of NH-68 (National Highways Authority of India [NHAI]) (618943),Infrastructure & Highways,Ministry of Road Transport & Highways,618943,Tamil Nadu,3290.02,3290.02,1407.98,42.8,2021-03-01,2028-12-31,2028-12-31,2026-02-01,6,0.0,0
PAIM-619074,NHDP-V (National Highways Authority of India [NHAI]) (619074),Infrastructure & Highways,Ministry of Road Transport & Highways,619074,Tamil Nadu,3239.15,3239.15,2577.52,79.6,2022-03-01,2028-12-31,2029-12-31,2026-02-01,36,0.0,0
PAIM-619083,02 (National Highways Authority of India [NHAI]) (619083),Infrastructure & Highways,Ministry of Road Transport & Highways,619083,Tamil Nadu,4402.27,4402.27,3464.36,78.7,2024-03-01,2027-12-31,2029-12-31,2026-02-01,24,0.0,0
PAIM-619084,No. NS2/BOT/TN-4 (National Highways Authority of India [NHAI]) (619084),Infrastructure & Highways,Ministry of Road Transport & Highways,619084,Tamil Nadu,3084.54,3084.54,308.63,10.0,2024-03-01,2028-12-31,2027-12-31,2026-02-01,24,0.0,0
PAIM-619086,Walayar K183.010 Package No. NS-2/BOT/TN-08 (National Highways Authority of India [NHAI]) (619086),Infrastructure & Highways,Ministry of Road Transport & Highways,619086,Tamil Nadu,2273.92,2273.92,904.47,39.8,2021-03-01,2028-12-31,2028-12-31,2026-02-01,18,0.0,0
PAIM-619094,Dhamrapuri Pkg-2] (National Highways Authority of India [NHAI]) (619094),Infrastructure & Highways,Ministry of Road Transport & Highways,619094,Tamil Nadu,3224.36,3224.36,2740.55,85.0,2024-03-01,2027-12-31,2027-12-31,2026-02-01,12,0.0,0
PAIM-619129,Mahabalipuram - Pondicherry Pkg-I [Mamallapuram to Mugaiyur] (National Highways Authority of India [NHAI]) (619129),Infrastructure & Highways,Ministry of Road Transport & Highways,619129,Tamil Nadu,1015.54,1015.54,463.04,45.6,2024-03-01,2026-12-31,2029-12-31,2026-02-01,24,0.0,0
PAIM-619130,Mahabalipuram - Pondicherry Pkg-II [Mugaiyur to Marakkanam] (National Highways Authority of India [NHAI]) (619130),Infrastructure & Highways,Ministry of Road Transport & Highways,619130,Tamil Nadu,2766.1,2766.1,999.95,36.2,2021-03-01,2027-12-31,2029-12-31,2026-02-01,36,0.0,0
PAIM-619131,Four Laning of Chettikulam to Natham section of NH-785 (National Highways Authority of India [NHAI]) (619131),Infrastructure & Highways,Ministry of Road Transport & Highways,619131,Tamil Nadu,259.69,259.69,216.19,83.2,2023-03-01,2026-12-31,2027-12-31,2026-02-01,0,0.0,0
PAIM-619139,Km 9.700 to Km 14.185 (National Highways Authority of India [NHAI]) (619139),Infrastructure & Highways,Ministry of Road Transport & Highways,619139,Tamil Nadu,701.42,701.42,170.97,24.4,2023-03-01,2026-12-31,2029-12-31,2026-02-01,18,0.0,0
PAIM-619161,Tirupati Package-1 (National Highways Authority of India [NHAI]) (619161),Infrastructure & Highways,Ministry of Road Transport & Highways,619161,Tamil Nadu,1217.83,1217.83,141.92,11.7,2022-03-01,2028-12-31,2027-12-31,2026-02-01,36,0.0,0
PAIM-617913,Bangalore section of NH-44 Under NHO EPC basis in the state of Telangana (MoRTH) (617913),Infrastructure & Highways,Ministry of Road Transport & Highways,617913,Telangana,1240.43,1240.43,1025.42,82.7,2024-03-01,2027-12-31,2027-12-31,2026-02-01,18,0.0,0
PAIM-617936,Telangana. (MoRTH) (617936),Infrastructure & Highways,Ministry of Road Transport & Highways,617936,Telangana,3216.55,3216.55,1776.03,55.2,2023-03-01,2028-12-31,2029-12-31,2026-02-01,36,0.0,0
PAIM-617980,mode in the state of Telangana (MoRTH) (617980),Infrastructure & Highways,Ministry of Road Transport & Highways,617980,Telangana,3645.84,3645.84,844.36,23.2,2023-03-01,2027-12-31,2028-12-31,2026-02-01,6,0.0,0
PAIM-617982,159/0 to 165/4 and 186/0 to 215/0 of NH-163 on EPC mode int the state of Telangana (MoRTH) (617982),Infrastructure & Highways,Ministry of Road Transport & Highways,617982,Telangana,1010.18,1010.18,204.95,20.3,2022-03-01,2028-12-31,2027-12-31,2026-02-01,12,0.0,0
PAIM-617983,2020-21 on EPC Mode in the state of Telangana. (MoRTH) (617983),Infrastructure & Highways,Ministry of Road Transport & Highways,617983,Telangana,3974.82,3974.82,3131.92,78.8,2022-03-01,2026-12-31,2028-12-31,2026-02-01,36,0.0,0
PAIM-617992,state of Telangana (MoRTH) (617992),Infrastructure & Highways,Ministry of Road Transport & Highways,617992,Telangana,2573.24,2573.24,620.98,24.1,2022-03-01,2028-12-31,2028-12-31,2026-02-01,6,0.0,0
PAIM-617995,Telangana on EPC mode under NH O Annual Plan 2016-17 (MoRTH) (617995),Infrastructure & Highways,Ministry of Road Transport & Highways,617995,Telangana,2397.85,2397.85,1064.95,44.4,2023-03-01,2027-12-31,2027-12-31,2026-02-01,6,0.0,0
PAIM-617996,167 on Haggari-Jadcherla Road on EPC mode under NHO in the state of Telangana (MoRTH) (617996),Infrastructure & Highways,Ministry of Road Transport & Highways,617996,Telangana,1358.92,1358.92,671.11,49.4,2022-03-01,2028-12-31,2028-12-31,2026-02-01,18,0.0,0
PAIM-618001,of Telangana (MoRTH) (618001),Infrastructure & Highways,Ministry of Road Transport & Highways,618001,Telangana,3891.87,3891.87,3183.58,81.8,2022-03-01,2027-12-31,2028-12-31,2026-02-01,18,0.0,0
PAIM-618025,mode (MoRTH) (618025),Infrastructure & Highways,Ministry of Road Transport & Highways,618025,Telangana,731.28,731.28,226.85,31.0,2021-03-01,2027-12-31,2029-12-31,2026-02-01,6,0.0,0
PAIM-618026,Telangana under EPC mode (MoRTH) (618026),Infrastructure & Highways,Ministry of Road Transport & Highways,618026,Telangana,2308.46,2308.46,564.93,24.5,2024-03-01,2027-12-31,2029-12-31,2026-02-01,36,0.0,0
PAIM-618104,plan 2021-22 on EPC mode under NHO. (MoRTH) (618104),Infrastructure & Highways,Ministry of Road Transport & Highways,618104,Telangana,1525.56,1525.56,530.47,34.8,2024-03-01,2028-12-31,2027-12-31,2026-02-01,18,0.0,0
PAIM-618105,Telangana on EPC mode. (MoRTH) (618105),Infrastructure & Highways,Ministry of Road Transport & Highways,618105,Telangana,2456.25,2456.25,572.18,23.3,2021-03-01,2026-12-31,2027-12-31,2026-02-01,12,0.0,0
PAIM-618106,2021-22-75 (MoRTH) (618106),Infrastructure & Highways,Ministry of Road Transport & Highways,618106,Telangana,1988.22,1988.22,820.1,41.2,2023-03-01,2027-12-31,2027-12-31,2026-02-01,18,0.0,0
PAIM-618132,state of Telangana (MoRTH) (618132),Infrastructure & Highways,Ministry of Road Transport & Highways,618132,Telangana,2382.96,2382.96,1476.52,62.0,2021-03-01,2028-12-31,2029-12-31,2026-02-01,24,0.0,0
PAIM-618141,Telangana on EPC Mode (MoRTH) (618141),Infrastructure & Highways,Ministry of Road Transport & Highways,618141,Telangana,4194.16,4194.16,2766.34,66.0,2021-03-01,2026-12-31,2028-12-31,2026-02-01,18,0.0,0
PAIM-618142,Thirumanlagiri-- Suryapet Section of NH-365B earstwhile section of SH-16 (MoRTH) (618142),Infrastructure & Highways,Ministry of Road Transport & Highways,618142,Telangana,2907.37,2907.37,1703.35,58.6,2023-03-01,2026-12-31,2027-12-31,2026-02-01,36,0.0,0
PAIM-618143,Plan 2016-17 (MoRTH) (618143),Infrastructure & Highways,Ministry of Road Transport & Highways,618143,Telangana,3083.91,3083.91,719.5,23.3,2023-03-01,2026-12-31,2027-12-31,2026-02-01,6,0.0,0
PAIM-618186,"Telangana on Engineering, Procurement and Construction EPC Basis (MoRTH) (618186)",Infrastructure & Highways,Ministry of Road Transport & Highways,618186,Telangana,2880.19,2880.19,515.53,17.9,2021-03-01,2028-12-31,2027-12-31,2026-02-01,18,0.0,0
PAIM-618190,22 on EPC Mode under NH  O. (MoRTH) (618190),Infrastructure & Highways,Ministry of Road Transport & Highways,618190,Telangana,1815.57,1815.57,998.58,55.0,2023-03-01,2028-12-31,2029-12-31,2026-02-01,18,0.0,0
PAIM-618196,2021-22 on EPC mode (MoRTH) (618196),Infrastructure & Highways,Ministry of Road Transport & Highways,618196,Telangana,3112.47,3112.47,1088.46,35.0,2023-03-01,2027-12-31,2029-12-31,2026-02-01,24,0.0,0
PAIM-618197,EPC mode (MoRTH) (618197),Infrastructure & Highways,Ministry of Road Transport & Highways,618197,Telangana,208.16,208.16,84.18,40.4,2021-03-01,2026-12-31,2028-12-31,2026-02-01,0,0.0,0
PAIM-618558,471.00 of NH-44 (National Highways Authority of India [NHAI]) (618558),Infrastructure & Highways,Ministry of Road Transport & Highways,618558,Telangana,760.81,760.81,337.8,44.4,2024-03-01,2026-12-31,2029-12-31,2026-02-01,24,0.0,0
PAIM-618559,481.331 of NH-44 (National Highways Authority of India [NHAI]) (618559),Infrastructure & Highways,Ministry of Road Transport & Highways,618559,Telangana,2010.5,2010.5,376.41,18.7,2024-03-01,2027-12-31,2028-12-31,2026-02-01,6,0.0,0
PAIM-618560,NH-44 (National Highways Authority of India [NHAI]) (618560),Infrastructure & Highways,Ministry of Road Transport & Highways,618560,Telangana,1580.65,1580.65,372.11,23.5,2024-03-01,2027-12-31,2028-12-31,2026-02-01,36,0.0,0
PAIM-618746,village to Somavaram village Design Chainage 0000 to 33604] (National Highways Authority of India [NHAI]) (618746),Infrastructure & Highways,Ministry of Road Transport & Highways,618746,Telangana,3039.64,3039.64,1331.75,43.8,2024-03-01,2026-12-31,2027-12-31,2026-02-01,24,0.0,0
PAIM-618765,4L of Karimnagar-Warangal section from km 49.500 to km 117.820 of NH-563 (National Highways Authority of India [NHAI]) (,Infrastructure & Highways,Ministry of Road Transport & Highways,618765,Telangana,1635.85,1635.85,672.93,41.1,2024-03-01,2028-12-31,2029-12-31,2026-02-01,6,0.0,0
PAIM-618811,112.240 KmPackage-III (National Highways Authority of India [NHAI]) (618811),Infrastructure & Highways,Ministry of Road Transport & Highways,618811,Telangana,1936.02,1936.02,1292.55,66.8,2024-03-01,2026-12-31,2028-12-31,2026-02-01,0,0.0,0
PAIM-618814,Venkatpur village in Warangal District at Design Ch. 150.240 KmPackage-I (National Highways Authority of India [NHAI]) (,Infrastructure & Highways,Ministry of Road Transport & Highways,618814,Telangana,3551.05,3551.05,557.97,15.7,2022-03-01,2028-12-31,2029-12-31,2026-02-01,6,0.0,0
PAIM-618816,Khammam District at Design Ch. 220.480 KmPackage-III (National Highways Authority of India [NHAI]) (618816),Infrastructure & Highways,Ministry of Road Transport & Highways,618816,Telangana,2032.83,2032.83,757.73,37.3,2021-03-01,2026-12-31,2028-12-31,2026-02-01,36,0.0,0
PAIM-618817,at Design Ch. 250.400 Km Package-I. (National Highways Authority of India [NHAI]) (618817),Infrastructure & Highways,Ministry of Road Transport & Highways,618817,Telangana,1190.96,1190.96,422.59,35.5,2023-03-01,2026-12-31,2029-12-31,2026-02-01,36,0.0,0
PAIM-618945,31.800/Existing Km 29.400 of NH-365A (National Highways Authority of India [NHAI]) (618945),Infrastructure & Highways,Ministry of Road Transport & Highways,618945,Telangana,371.45,371.45,119.13,32.1,2024-03-01,2027-12-31,2029-12-31,2026-02-01,12,0.0,0
PAIM-619128,village to Chintagudem village Design Chainage 33604 to 63117] (National Highways Authority of India [NHAI]) (619128),Infrastructure & Highways,Ministry of Road Transport & Highways,619128,Telangana,1575.2,1575.2,1149.73,73.0,2024-03-01,2028-12-31,2029-12-31,2026-02-01,0,0.0,0
PAIM-619165,Thanamcherla-Jamandlapally 2LPS (National Highways Authority of India [NHAI]) (619165),Infrastructure & Highways,Ministry of Road Transport & Highways,619165,Telangana,294.34,294.34,60.84,20.7,2021-03-01,2028-12-31,2028-12-31,2026-02-01,18,0.0,0
PAIM-617957,of Uttar Pradesh. (MoRTH) (617957),Infrastructure & Highways,Ministry of Road Transport & Highways,617957,Uttar Pradesh,302.61,302.61,249.34,82.4,2024-03-01,2026-12-31,2029-12-31,2026-02-01,18,0.0,0
PAIM-617963,92 under EPC mode in the State of Uttar Pradesh (MoRTH) (617963),Infrastructure & Highways,Ministry of Road Transport & Highways,617963,Uttar Pradesh,863.78,863.78,624.0,72.2,2021-03-01,2026-12-31,2028-12-31,2026-02-01,0,0.0,0
PAIM-617964,EPC mode in the state of Uttar Pradesh. (MoRTH) (617964),Infrastructure & Highways,Ministry of Road Transport & Highways,617964,Uttar Pradesh,2585.33,2585.33,1361.18,52.7,2024-03-01,2028-12-31,2027-12-31,2026-02-01,36,0.0,0
PAIM-618008,EPC mode (MoRTH) (618008),Infrastructure & Highways,Ministry of Road Transport & Highways,618008,Uttar Pradesh,668.44,668.44,97.62,14.6,2022-03-01,2026-12-31,2028-12-31,2026-02-01,0,0.0,0
PAIM-618009,24B Phase-1 on EPC mode. (MoRTH) (618009),Infrastructure & Highways,Ministry of Road Transport & Highways,618009,Uttar Pradesh,2066.7,2066.7,1536.83,74.4,2022-03-01,2026-12-31,2027-12-31,2026-02-01,36,0.0,0
PAIM-618054,km.223.000 of NH-330 to km.328.300 of NH-730 under EPC mode (MoRTH) (618054),Infrastructure & Highways,Ministry of Road Transport & Highways,618054,Uttar Pradesh,2211.72,2211.72,1227.74,55.5,2023-03-01,2026-12-31,2028-12-31,2026-02-01,18,0.0,0
PAIM-618055,mode in the State of Uttar Pradesh. (MoRTH) (618055),Infrastructure & Highways,Ministry of Road Transport & Highways,618055,Uttar Pradesh,2339.66,2339.66,1818.28,77.7,2022-03-01,2028-12-31,2027-12-31,2026-02-01,0,0.0,0
PAIM-618056,Uttar Pradesh EPC basis (MoRTH) (618056),Infrastructure & Highways,Ministry of Road Transport & Highways,618056,Uttar Pradesh,972.61,972.61,503.66,51.8,2024-03-01,2027-12-31,2027-12-31,2026-02-01,36,0.0,0
PAIM-618057,Pradesh (MoRTH) (618057),Infrastructure & Highways,Ministry of Road Transport & Highways,618057,Uttar Pradesh,223.49,223.49,174.8,78.2,2024-03-01,2028-12-31,2029-12-31,2026-02-01,6,0.0,0
PAIM-618063,km.40.00 of NH-91-A on EPC mode (MoRTH) (618063),Infrastructure & Highways,Ministry of Road Transport & Highways,618063,Uttar Pradesh,3399.2,3399.2,1556.31,45.8,2024-03-01,2026-12-31,2027-12-31,2026-02-01,6,0.0,0
PAIM-618066,state of Uttar Pradesh (MoRTH) (618066),Infrastructure & Highways,Ministry of Road Transport & Highways,618066,Uttar Pradesh,3553.25,3553.25,2065.55,58.1,2021-03-01,2026-12-31,2028-12-31,2026-02-01,36,0.0,0
PAIM-618067,"Engineering, Procurement & Construction EpC mode in the State of Uttar Pradesh (MoRTH) (618067)",Infrastructure & Highways,Ministry of Road Transport & Highways,618067,Uttar Pradesh,4204.65,4204.65,478.28,11.4,2023-03-01,2028-12-31,2028-12-31,2026-02-01,0,0.0,0
PAIM-618075,design km. 0.000 to km. 54.048 of NH-124D (MoRTH) (618075),Infrastructure & Highways,Ministry of Road Transport & Highways,618075,Uttar Pradesh,2980.22,2980.22,1989.03,66.7,2024-03-01,2028-12-31,2028-12-31,2026-02-01,36,0.0,0
PAIM-618081,53.540 to Km.59.200 of NH-135A on EPC mode in the state of Uttar Pradesh (MoRTH) (618081),Infrastructure & Highways,Ministry of Road Transport & Highways,618081,Uttar Pradesh,4007.65,4007.65,761.95,19.0,2021-03-01,2028-12-31,2029-12-31,2026-02-01,6,0.0,0
PAIM-618082,km.73.134 Jaunpur of NH-135A on EPC mode (MoRTH) (618082),Infrastructure & Highways,Ministry of Road Transport & Highways,618082,Uttar Pradesh,1476.64,1476.64,1044.88,70.8,2021-03-01,2027-12-31,2029-12-31,2026-02-01,0,0.0,0
PAIM-618110,to near Sikriganj in the State of UP on EPC Mode. (MoRTH) (618110),Infrastructure & Highways,Ministry of Road Transport & Highways,618110,Uttar Pradesh,1118.1,1118.1,479.23,42.9,2023-03-01,2027-12-31,2028-12-31,2026-02-01,36,0.0,0
PAIM-618111,Barhalganj in the State of UP on EPC Mode. (MoRTH) (618111),Infrastructure & Highways,Ministry of Road Transport & Highways,618111,Uttar Pradesh,2480.08,2480.08,250.21,10.1,2022-03-01,2028-12-31,2029-12-31,2026-02-01,0,0.0,0
PAIM-618112,in the State of Uttar Pradesh on EPC basis (MoRTH) (618112),Infrastructure & Highways,Ministry of Road Transport & Highways,618112,Uttar Pradesh,2954.15,2954.15,2043.71,69.2,2023-03-01,2028-12-31,2028-12-31,2026-02-01,18,0.0,0
PAIM-618113,basis. (MoRTH) (618113),Infrastructure & Highways,Ministry of Road Transport & Highways,618113,Uttar Pradesh,1854.8,1854.8,259.93,14.0,2021-03-01,2026-12-31,2029-12-31,2026-02-01,12,0.0,0
PAIM-618116,NH-227B 84 Kosi Parikrama Marg to 2LPS along with Parikrama Path (MoRTH) (618116),Infrastructure & Highways,Ministry of Road Transport & Highways,618116,Uttar Pradesh,1141.41,1141.41,425.66,37.3,2023-03-01,2027-12-31,2029-12-31,2026-02-01,24,0.0,0
PAIM-618124,State of Uttar Pradesh (MoRTH) (618124),Infrastructure & Highways,Ministry of Road Transport & Highways,618124,Uttar Pradesh,3450.73,3450.73,680.23,19.7,2023-03-01,2028-12-31,2029-12-31,2026-02-01,12,0.0,0
PAIM-618162,under HAM (MoRTH) (618162),Infrastructure & Highways,Ministry of Road Transport & Highways,618162,Uttar Pradesh,3021.68,3021.68,674.68,22.3,2021-03-01,2027-12-31,2028-12-31,2026-02-01,0,0.0,0
PAIM-618163,"on Engineering, Procurement & Construction EPC Basis. (MoRTH) (618163)",Infrastructure & Highways,Ministry of Road Transport & Highways,618163,Uttar Pradesh,2258.66,2258.66,1824.58,80.8,2024-03-01,2027-12-31,2028-12-31,2026-02-01,6,0.0,0
PAIM-618164,of NH-731A i/c Yamuna Bridge on HAM in the state of Uttar Pradesh. (MoRTH) (618164),Infrastructure & Highways,Ministry of Road Transport & Highways,618164,Uttar Pradesh,2194.71,2194.71,1384.26,63.1,2022-03-01,2028-12-31,2027-12-31,2026-02-01,18,0.0,0
PAIM-618165,NH-731A on Hybrid Annuity Mode in the state of Uttar Pradesh (MoRTH) (618165),Infrastructure & Highways,Ministry of Road Transport & Highways,618165,Uttar Pradesh,895.36,895.36,435.27,48.6,2021-03-01,2026-12-31,2029-12-31,2026-02-01,6,0.0,0
PAIM-618166,731A with paved shoulders on Hybrid Annuity Mode in the state of Uttar Pradesh (MoRTH) (618166),Infrastructure & Highways,Ministry of Road Transport & Highways,618166,Uttar Pradesh,2876.06,2876.06,1870.2,65.0,2023-03-01,2027-12-31,2029-12-31,2026-02-01,18,0.0,0
PAIM-618167,paved shoulder under EPC mode (MoRTH) (618167),Infrastructure & Highways,Ministry of Road Transport & Highways,618167,Uttar Pradesh,556.34,556.34,391.76,70.4,2024-03-01,2028-12-31,2027-12-31,2026-02-01,12,0.0,0
PAIM-618168,NH-731B on EPC mode in the state of Uttar Pradesh (MoRTH) (618168),Infrastructure & Highways,Ministry of Road Transport & Highways,618168,Uttar Pradesh,3301.55,3301.55,1173.31,35.5,2022-03-01,2027-12-31,2029-12-31,2026-02-01,0,0.0,0
PAIM-618169,Ch.49.2OO of NH-731B on EPC Mode (MoRTH) (618169),Infrastructure & Highways,Ministry of Road Transport & Highways,618169,Uttar Pradesh,4212.42,4212.42,2776.46,65.9,2022-03-01,2026-12-31,2027-12-31,2026-02-01,24,0.0,0
PAIM-618187,areas in a total length of 9.732 km in the state of Uttar Pradesh on EPC mode (MoRTH) (618187),Infrastructure & Highways,Ministry of Road Transport & Highways,618187,Uttar Pradesh,1513.93,1513.93,666.21,44.0,2022-03-01,2028-12-31,2028-12-31,2026-02-01,0,0.0,0
PAIM-618229,assistance of world Bank on EPC mode. (MoRTH) (618229),Infrastructure & Highways,Ministry of Road Transport & Highways,618229,Uttar Pradesh,1577.36,1577.36,381.92,24.2,2021-03-01,2027-12-31,2029-12-31,2026-02-01,6,0.0,0
PAIM-618233,Allahabad on EPC mode (MoRTH) (618233),Infrastructure & Highways,Ministry of Road Transport & Highways,618233,Uttar Pradesh,1055.19,1055.19,873.6,82.8,2021-03-01,2028-12-31,2029-12-31,2026-02-01,6,0.0,0
PAIM-618240,assistance of world Bank on EPC mode. (MoRTH) (618240),Infrastructure & Highways,Ministry of Road Transport & Highways,618240,Uttar Pradesh,2441.41,2441.41,1952.69,80.0,2022-03-01,2028-12-31,2027-12-31,2026-02-01,36,0.0,0
PAIM-618243,state of Uttar Pradesh on HAM mode (MoRTH) (618243),Infrastructure & Highways,Ministry of Road Transport & Highways,618243,Uttar Pradesh,2235.26,2235.26,1492.46,66.8,2024-03-01,2027-12-31,2027-12-31,2026-02-01,0,0.0,0
PAIM-618244,Raebareli City in the state of Uttar Pradesh on Hybrid Annuity Model HAM basis (MoRTH) (618244),Infrastructure & Highways,Ministry of Road Transport & Highways,618244,Uttar Pradesh,4380.2,4380.2,566.33,12.9,2023-03-01,2028-12-31,2029-12-31,2026-02-01,24,0.0,0
PAIM-618247,0.000 to km 15.000 of NH 135A in the State of Uttar Pradesh on HAM Mode. (MoRTH) (618247),Infrastructure & Highways,Ministry of Road Transport & Highways,618247,Uttar Pradesh,1976.7,1976.7,1547.95,78.3,2023-03-01,2027-12-31,2028-12-31,2026-02-01,6,0.0,0
PAIM-618248,Pradesh. (MoRTH) (618248),Infrastructure & Highways,Ministry of Road Transport & Highways,618248,Uttar Pradesh,4013.22,4013.22,2624.71,65.4,2021-03-01,2028-12-31,2027-12-31,2026-02-01,0,0.0,0
PAIM-618249,Akbarpur section on Hybrid Annuity Mode in the state of Uttar Pradesh (MoRTH) (618249),Infrastructure & Highways,Ministry of Road Transport & Highways,618249,Uttar Pradesh,4302.3,4302.3,1218.44,28.3,2021-03-01,2027-12-31,2028-12-31,2026-02-01,6,0.0,0
PAIM-618252,the state of Uttar Pradesh on Hybrid Annuity Model HAM basis (MoRTH) (618252),Infrastructure & Highways,Ministry of Road Transport & Highways,618252,Uttar Pradesh,1151.01,1151.01,131.88,11.5,2023-03-01,2026-12-31,2028-12-31,2026-02-01,12,0.0,0
PAIM-618260,Annuity Mode HAM in the State of Uttar Pradesh (MoRTH) (618260),Infrastructure & Highways,Ministry of Road Transport & Highways,618260,Uttar Pradesh,4444.61,4444.61,2501.32,56.3,2024-03-01,2027-12-31,2029-12-31,2026-02-01,6,0.0,0
PAIM-618262,shoulder configuration under Hybrid Annuity Mode HAM in the State of Uttar Pradesh (MoRTH) (618262),Infrastructure & Highways,Ministry of Road Transport & Highways,618262,Uttar Pradesh,2794.51,2794.51,2120.55,75.9,2024-03-01,2026-12-31,2029-12-31,2026-02-01,36,0.0,0
PAIM-618263,Uttar Pradesh (MoRTH) (618263),Infrastructure & Highways,Ministry of Road Transport & Highways,618263,Uttar Pradesh,2428.29,2428.29,1839.58,75.8,2021-03-01,2027-12-31,2027-12-31,2026-02-01,18,0.0,0
PAIM-618264,NH-727B near Sikanderpur under EPC mode (MoRTH) (618264),Infrastructure & Highways,Ministry of Road Transport & Highways,618264,Uttar Pradesh,2436.0,2436.0,460.19,18.9,2022-03-01,2026-12-31,2029-12-31,2026-02-01,18,0.0,0
PAIM-618265,the loan assistance of world Bank on EPC mode. (MoRTH) (618265),Infrastructure & Highways,Ministry of Road Transport & Highways,618265,Uttar Pradesh,304.7,304.7,194.59,63.9,2021-03-01,2026-12-31,2028-12-31,2026-02-01,0,0.0,0
PAIM-618266,assistance of world Bank on EPC mode. (MoRTH) (618266),Infrastructure & Highways,Ministry of Road Transport & Highways,618266,Uttar Pradesh,1496.76,1496.76,681.11,45.5,2021-03-01,2027-12-31,2028-12-31,2026-02-01,6,0.0,0
PAIM-618498,6L Greenfield Kanpur - Lucknow Expressway Pkg II from km. 28.500 to km. 73.744 (National Highways Authority of India [NH,Infrastructure & Highways,Ministry of Road Transport & Highways,618498,Uttar Pradesh,2454.9,2454.9,1319.22,53.7,2023-03-01,2026-12-31,2029-12-31,2026-02-01,18,0.0,0
PAIM-618499,6L Elevated Kanpur - Lucknow Exeressway Pkg-1 from Km. 10980 to Km. 28500 (National Highways Authority of India [NHAI]) ,Infrastructure & Highways,Ministry of Road Transport & Highways,618499,Uttar Pradesh,1662.9,1662.9,766.85,46.1,2022-03-01,2027-12-31,2028-12-31,2026-02-01,12,0.0,0
PAIM-618500,Km 8.520 of NH-235 Pkg-5 (National Highways Authority of India [NHAI]) (618500),Infrastructure & Highways,Ministry of Road Transport & Highways,618500,Uttar Pradesh,670.25,670.25,325.04,48.5,2022-03-01,2026-12-31,2027-12-31,2026-02-01,18,0.0,0
PAIM-618529,Revasa Village km 818.80 / NH-2 (National Highways Authority of India [NHAI]) (618529),Infrastructure & Highways,Ministry of Road Transport & Highways,618529,Uttar Pradesh,3161.5,3161.5,2343.9,74.1,2022-03-01,2027-12-31,2029-12-31,2026-02-01,12,0.0,0
PAIM-618536,Pakari Package-IV in State of Uttar Pradesh. (National Highways Authority of India [NHAI]) (618536),Infrastructure & Highways,Ministry of Road Transport & Highways,618536,Uttar Pradesh,871.84,871.84,488.87,56.1,2022-03-01,2026-12-31,2029-12-31,2026-02-01,18,0.0,0
PAIM-618537,Sachendi I to Maharajpur Package-I (National Highways Authority of India [NHAI]) (618537),Infrastructure & Highways,Ministry of Road Transport & Highways,618537,Uttar Pradesh,546.11,546.11,399.08,73.1,2021-03-01,2027-12-31,2027-12-31,2026-02-01,36,0.0,0
PAIM-618540,to Transganga Package-IIA (National Highways Authority of India [NHAI]) (618540),Infrastructure & Highways,Ministry of Road Transport & Highways,618540,Uttar Pradesh,2617.08,2617.08,990.85,37.9,2023-03-01,2026-12-31,2029-12-31,2026-02-01,0,0.0,0
PAIM-618553,141.000 of Yamuna Expressways (National Highways Authority of India [NHAI]) (618553),Infrastructure & Highways,Ministry of Road Transport & Highways,618553,Uttar Pradesh,1440.26,1440.26,696.02,48.3,2023-03-01,2028-12-31,2029-12-31,2026-02-01,0,0.0,0
PAIM-618554,NH-44 village Bad from Km. 0.000 to Km. 7.772 (National Highways Authority of India [NHAI]) (618554),Infrastructure & Highways,Ministry of Road Transport & Highways,618554,Uttar Pradesh,3064.42,3064.42,2041.67,66.6,2024-03-01,2027-12-31,2028-12-31,2026-02-01,0,0.0,0
PAIM-618565,Km. 144020 of NH 28 New NH 27Pkg-3 (NHAI) (618565),Infrastructure & Highways,Ministry of Road Transport & Highways,618565,Uttar Pradesh,3302.65,3302.65,2123.49,64.3,2024-03-01,2028-12-31,2027-12-31,2026-02-01,0,0.0,0
PAIM-618566,29E Chainage 83.308 and end at NH-28 Chainage 285.100 (National Highways Authority of India [NHAI]) (618566),Infrastructure & Highways,Ministry of Road Transport & Highways,618566,Uttar Pradesh,1216.62,1216.62,127.73,10.5,2021-03-01,2027-12-31,2029-12-31,2026-02-01,36,0.0,0
PAIM-618567,of existing NH-27 part-1 and part-2 south of NH-27 from km 0.000 to km 5.000. (NHAI) (618567),Infrastructure & Highways,Ministry of Road Transport & Highways,618567,Uttar Pradesh,4065.03,4065.03,3010.98,74.1,2021-03-01,2026-12-31,2029-12-31,2026-02-01,6,0.0,0
PAIM-618689,4L Rampur Bypass from Km. 181.000 to Km. 189.500 (National Highways Authority of India [NHAI]) (618689),Infrastructure & Highways,Ministry of Road Transport & Highways,618689,Uttar Pradesh,3578.34,3578.34,759.74,21.2,2024-03-01,2028-12-31,2027-12-31,2026-02-01,36,0.0,0
PAIM-618710,DL/UP Border - EPE Crossing Pkg-02 (National Highways Authority of India [NHAI]) (618710),Infrastructure & Highways,Ministry of Road Transport & Highways,618710,Uttar Pradesh,2514.27,2514.27,1320.92,52.5,2022-03-01,2027-12-31,2027-12-31,2026-02-01,6,0.0,0
PAIM-618722,to km 45.500 (National Highways Authority of India [NHAI]) (618722),Infrastructure & Highways,Ministry of Road Transport & Highways,618722,Uttar Pradesh,2243.28,2243.28,848.11,37.8,2022-03-01,2027-12-31,2027-12-31,2026-02-01,0,0.0,0
PAIM-618761,bypassing Meerut Town of NH 709 A (National Highways Authority of India [NHAI]) (618761),Infrastructure & Highways,Ministry of Road Transport & Highways,618761,Uttar Pradesh,1102.74,1102.74,543.58,49.3,2022-03-01,2026-12-31,2029-12-31,2026-02-01,18,0.0,0
PAIM-618770,and NH-709A Karnal  Meerut bypassing Shamli district UP (National Highways Authority of India [NHAI]) (618770),Infrastructure & Highways,Ministry of Road Transport & Highways,618770,Uttar Pradesh,3797.08,3797.08,1882.8,49.6,2023-03-01,2027-12-31,2027-12-31,2026-02-01,36,0.0,0
PAIM-618798,4L of Sonauli - Gorakhpur (National Highways Authority of India [NHAI]) (618798),Infrastructure & Highways,Ministry of Road Transport & Highways,618798,Uttar Pradesh,4287.57,4287.57,1618.34,37.7,2023-03-01,2026-12-31,2028-12-31,2026-02-01,12,0.0,0
PAIM-618843,Km 219/720 of NH-31 under NHO in the state of Uttar Pradesh on EPC mode (National Highways Authority of India [NHAI]) (6,Infrastructure & Highways,Ministry of Road Transport & Highways,618843,Uttar Pradesh,1312.49,1312.49,594.88,45.3,2023-03-01,2028-12-31,2027-12-31,2026-02-01,36,0.0,0
PAIM-618848,expansion of runway of Babatpur Airport Varanasi (National Highways Authority of India [NHAI]) (618848),Infrastructure & Highways,Ministry of Road Transport & Highways,618848,Uttar Pradesh,4388.87,4388.87,1171.89,26.7,2022-03-01,2027-12-31,2027-12-31,2026-02-01,12,0.0,0
PAIM-618854,2L PS of Raebareli - Jagdishpur with 4L Jagdishpur Bypass Spur (National Highways Authority of India [NHAI]) (618854),Infrastructure & Highways,Ministry of Road Transport & Highways,618854,Uttar Pradesh,3285.93,3285.93,1762.14,53.6,2024-03-01,2026-12-31,2027-12-31,2026-02-01,18,0.0,0
PAIM-618855,"88.750, start of Khutar bypass to start of Shahjahanpur bypass of NH 731Pkg-I (National Highways Authority of India [NHA",Infrastructure & Highways,Ministry of Road Transport & Highways,618855,Uttar Pradesh,3791.67,3791.67,2373.33,62.6,2024-03-01,2028-12-31,2029-12-31,2026-02-01,0,0.0,0
PAIM-618856,"175.080, from Start of Shahabad Bypass to End of Hardoi bypass of NH 731 Pkg-2B (National Highways Authority of India [N",Infrastructure & Highways,Ministry of Road Transport & Highways,618856,Uttar Pradesh,3373.17,3373.17,2252.95,66.8,2024-03-01,2027-12-31,2028-12-31,2026-02-01,36,0.0,0
PAIM-618859,"260.800, End of Hardoi District to Lucknow Ring road of NH 731 Pkg-4 (National Highways Authority of India [NHAI]) (6188",Infrastructure & Highways,Ministry of Road Transport & Highways,618859,Uttar Pradesh,1046.1,1046.1,248.76,23.8,2021-03-01,2026-12-31,2028-12-31,2026-02-01,6,0.0,0
PAIM-618864,32.982 of NH-530B Pkg-IB (National Highways Authority of India [NHAI]) (618864),Infrastructure & Highways,Ministry of Road Transport & Highways,618864,Uttar Pradesh,4153.58,4153.58,1358.54,32.7,2022-03-01,2026-12-31,2028-12-31,2026-02-01,6,0.0,0
PAIM-618865,530B Pkg-1C. (National Highways Authority of India [NHAI]) (618865),Infrastructure & Highways,Ministry of Road Transport & Highways,618865,Uttar Pradesh,4027.21,4027.21,1436.59,35.7,2022-03-01,2026-12-31,2029-12-31,2026-02-01,12,0.0,0
PAIM-618866,"218.000 Section of NH 530B, in the State of Uttar Pradesh on HAM Mode under NH0 (National Highways Authority of India [N",Infrastructure & Highways,Ministry of Road Transport & Highways,618866,Uttar Pradesh,1139.28,1139.28,749.2,65.8,2022-03-01,2027-12-31,2027-12-31,2026-02-01,18,0.0,0
PAIM-618867,4L Kasganj-Badaun Section from Km. 123.100 to Km. 179.500 Pkg-III of NH530B (National Highways Authority of India [NHAI],Infrastructure & Highways,Ministry of Road Transport & Highways,618867,Uttar Pradesh,3501.87,3501.87,2189.0,62.5,2024-03-01,2027-12-31,2028-12-31,2026-02-01,0,0.0,0
PAIM-618869,30 near Invertis University including Trumpet Interchange (National Highways Authority of India [NHAI]) (618869),Infrastructure & Highways,Ministry of Road Transport & Highways,618869,Uttar Pradesh,1236.89,1236.89,842.72,68.1,2024-03-01,2028-12-31,2028-12-31,2026-02-01,0,0.0,0
PAIM-618883,42.500] on EPC Mode in the state of Uttar Pradesh. (National Highways Authority of India [NHAI]) (618883),Infrastructure & Highways,Ministry of Road Transport & Highways,618883,Uttar Pradesh,558.67,558.67,155.55,27.8,2023-03-01,2026-12-31,2027-12-31,2026-02-01,24,0.0,0
PAIM-618884,78.150] on EPC Mode in the state of Uttar Pradesh. (National Highways Authority of India [NHAI]) (618884),Infrastructure & Highways,Ministry of Road Transport & Highways,618884,Uttar Pradesh,1338.28,1338.28,460.71,34.4,2024-03-01,2026-12-31,2028-12-31,2026-02-01,18,0.0,0
PAIM-618885,EPC Mode in the state of Uttar Pradesh. (National Highways Authority of India [NHAI]) (618885),Infrastructure & Highways,Ministry of Road Transport & Highways,618885,Uttar Pradesh,2158.67,2158.67,811.44,37.6,2024-03-01,2027-12-31,2027-12-31,2026-02-01,0,0.0,0
PAIM-618911,13.700 connecting NH-24 to NH-87 bypassing rampur town (National Highways Authority of India [NHAI]) (618911),Infrastructure & Highways,Ministry of Road Transport & Highways,618911,Uttar Pradesh,795.15,795.15,95.64,12.0,2023-03-01,2027-12-31,2028-12-31,2026-02-01,24,0.0,0
PAIM-618925,Bijnor-Kotawali (National Highways Authority of India [NHAI]) (618925),Infrastructure & Highways,Ministry of Road Transport & Highways,618925,Uttar Pradesh,3095.54,3095.54,1124.65,36.3,2021-03-01,2028-12-31,2029-12-31,2026-02-01,18,0.0,0
PAIM-618959,NH-19 (National Highways Authority of India [NHAI]) (618959),Infrastructure & Highways,Ministry of Road Transport & Highways,618959,Uttar Pradesh,3915.19,3915.19,2396.43,61.2,2024-03-01,2027-12-31,2028-12-31,2026-02-01,0,0.0,0
PAIM-618960,43.200 - 50.860 (National Highways Authority of India [NHAI]) (618960),Infrastructure & Highways,Ministry of Road Transport & Highways,618960,Uttar Pradesh,4003.02,4003.02,3364.7,84.1,2022-03-01,2027-12-31,2029-12-31,2026-02-01,24,0.0,0
PAIM-618961,34.400  43.200 (National Highways Authority of India [NHAI]) (618961),Infrastructure & Highways,Ministry of Road Transport & Highways,618961,Uttar Pradesh,1996.64,1996.64,833.24,41.7,2023-03-01,2027-12-31,2029-12-31,2026-02-01,18,0.0,0
PAIM-618968,Bypass  from Km. 82.000 to Km. 119.790 Pkg-4 (National Highways Authority of India [NHAI]) (618968),Infrastructure & Highways,Ministry of Road Transport & Highways,618968,Uttar Pradesh,2804.23,2804.23,1019.73,36.4,2023-03-01,2027-12-31,2027-12-31,2026-02-01,18,0.0,0
PAIM-618970,Km. 27.000 to Km. 56.500 Pkg-2 (National Highways Authority of India [NHAI]) (618970),Infrastructure & Highways,Ministry of Road Transport & Highways,618970,Uttar Pradesh,443.82,443.82,170.19,38.3,2024-03-01,2027-12-31,2029-12-31,2026-02-01,36,0.0,0
PAIM-619162,74 Bypass of NH-119 (National Highways Authority of India [NHAI]) (619162),Infrastructure & Highways,Ministry of Road Transport & Highways,619162,Uttar Pradesh,486.09,486.09,57.43,11.8,2022-03-01,2026-12-31,2029-12-31,2026-02-01,24,0.0,0
PAIM-619168,Lohadda from Km. 0.000  to Km. 27.000 Pkg-1 (National Highways Authority of India [NHAI]) (619168),Infrastructure & Highways,Ministry of Road Transport & Highways,619168,Uttar Pradesh,1668.93,1668.93,269.22,16.1,2024-03-01,2026-12-31,2027-12-31,2026-02-01,36,0.0,0
PAIM-617890,9.847 of NH-125 in District-Champawat in the state of Uttrakhand on EPC mode. (MoRTH) (617890),Infrastructure & Highways,Ministry of Road Transport & Highways,617890,Multi-State,4411.16,4411.16,746.56,16.9,2021-03-01,2026-12-31,2028-12-31,2026-02-01,18,0.0,0
PAIM-617929,Km 47.700 existing Km 33.130 to Km 41.260 of NH-109 in the State of Uttarakhand (MoRTH) (617929),Infrastructure & Highways,Ministry of Road Transport & Highways,617929,Multi-State,1794.69,1794.69,222.62,12.4,2024-03-01,2027-12-31,2027-12-31,2026-02-01,6,0.0,0
PAIM-617968,to Sitapur on NH 109 in UK (MoRTH) (617968),Infrastructure & Highways,Ministry of Road Transport & Highways,617968,Multi-State,2604.41,2604.41,390.68,15.0,2022-03-01,2027-12-31,2029-12-31,2026-02-01,24,0.0,0
PAIM-617970,92.880 of NH- (MoRTH) (617970),Infrastructure & Highways,Ministry of Road Transport & Highways,617970,Multi-State,625.82,625.82,140.44,22.4,2024-03-01,2026-12-31,2027-12-31,2026-02-01,18,0.0,0
PAIM-617974,Dharasu to Yamunotri Road of NH- 134 Old NH-94 (MoRTH) (617974),Infrastructure & Highways,Ministry of Road Transport & Highways,617974,Multi-State,1011.32,1011.32,667.11,66.0,2023-03-01,2026-12-31,2028-12-31,2026-02-01,18,0.0,0
PAIM-617975,Uttarakhand (MoRTH) (617975),Infrastructure & Highways,Ministry of Road Transport & Highways,617975,Multi-State,1078.98,1078.98,677.27,62.8,2023-03-01,2028-12-31,2028-12-31,2026-02-01,18,0.0,0
PAIM-618039,Km 53.365 to Km 78.785 on NH- 507 in the State of Uttarakhand. (MoRTH) (618039),Infrastructure & Highways,Ministry of Road Transport & Highways,618039,Multi-State,3226.38,3226.38,2311.31,71.6,2022-03-01,2028-12-31,2027-12-31,2026-02-01,6,0.0,0
PAIM-618041,2021-22. (MoRTH) (618041),Infrastructure & Highways,Ministry of Road Transport & Highways,618041,Multi-State,3841.17,3841.17,655.84,17.1,2023-03-01,2026-12-31,2028-12-31,2026-02-01,12,0.0,0
PAIM-618212,SLIDE - 12 NOS (MoRTH) (618212),Infrastructure & Highways,Ministry of Road Transport & Highways,618212,Multi-State,3172.97,3172.97,1140.02,35.9,2023-03-01,2027-12-31,2027-12-31,2026-02-01,12,0.0,0
PAIM-618390,along NH-134 Old NH-94 on EPC mode (NHIDCL) (618390),Infrastructure & Highways,Ministry of Road Transport & Highways,618390,Multi-State,3105.88,3105.88,1761.58,56.7,2021-03-01,2026-12-31,2029-12-31,2026-02-01,18,0.0,0
PAIM-618391,01 No. Bridge from Ch. 450.00 to Ch. 468.00 18 Km. Length on NH-07 Package-III (NHIDCL) (618391),Infrastructure & Highways,Ministry of Road Transport & Highways,618391,Multi-State,2740.57,2740.57,297.39,10.9,2022-03-01,2027-12-31,2029-12-31,2026-02-01,0,0.0,0
PAIM-618392,state of Uttarakhand Package-2 (NHIDCL) (618392),Infrastructure & Highways,Ministry of Road Transport & Highways,618392,Multi-State,1290.05,1290.05,357.44,27.7,2024-03-01,2028-12-31,2029-12-31,2026-02-01,12,0.0,0
PAIM-618393,EPC Mode in Uttarakhand Package-1 (NHIDCL) (618393),Infrastructure & Highways,Ministry of Road Transport & Highways,618393,Multi-State,4130.94,4130.94,902.77,21.9,2022-03-01,2026-12-31,2029-12-31,2026-02-01,18,0.0,0
PAIM-619142,Priyojana of NH-109D on EPC mode in the State of Uttarakhand (National Highways Authority of India [NHAI]) (619142),Infrastructure & Highways,Ministry of Road Transport & Highways,619142,Multi-State,2777.06,2777.06,946.79,34.1,2021-03-01,2027-12-31,2028-12-31,2026-02-01,12,0.0,0
PAIM-619155,15.100 Km 5.100 of NH 74 PKg-1 (National Highways Authority of India [NHAI]) (619155),Infrastructure & Highways,Ministry of Road Transport & Highways,619155,Multi-State,4052.21,4052.21,2579.57,63.7,2022-03-01,2027-12-31,2028-12-31,2026-02-01,36,0.0,0
PAIM-617893,24/527. (MoRTH) (617893),Infrastructure & Highways,Ministry of Road Transport & Highways,617893,West Bengal,3964.44,3964.44,2324.13,58.6,2023-03-01,2027-12-31,2029-12-31,2026-02-01,0,0.0,0
PAIM-617960,Km 46.550 to Km 59.697 in the district of Malda. (MoRTH) (617960),Infrastructure & Highways,Ministry of Road Transport & Highways,617960,West Bengal,566.46,566.46,171.2,30.2,2023-03-01,2028-12-31,2029-12-31,2026-02-01,18,0.0,0
PAIM-618227,EPC mode-reg. (MoRTH) (618227),Infrastructure & Highways,Ministry of Road Transport & Highways,618227,West Bengal,3904.66,3904.66,867.05,22.2,2022-03-01,2026-12-31,2029-12-31,2026-02-01,6,0.0,0
PAIM-618427,NH717-A on EPC under SARDP-NE A in state of West Bengal Pkg-VA (NHIDCL) (618427),Infrastructure & Highways,Ministry of Road Transport & Highways,618427,West Bengal,1254.84,1254.84,483.65,38.5,2024-03-01,2028-12-31,2028-12-31,2026-02-01,0,0.0,0
PAIM-618429,to Gangtok Lava More-Reshi Border  Pkg-VB (NHIDCL) (618429),Infrastructure & Highways,Ministry of Road Transport & Highways,618429,West Bengal,1375.05,1375.05,921.44,67.0,2022-03-01,2027-12-31,2028-12-31,2026-02-01,36,0.0,0
PAIM-618430,Mode under Phase-A of SARDP-NE in the State of West Bengal PKG- IVA (NHIDCL) (618430),Infrastructure & Highways,Ministry of Road Transport & Highways,618430,West Bengal,380.58,380.58,145.94,38.3,2021-03-01,2028-12-31,2027-12-31,2026-02-01,0,0.0,0
PAIM-618431,Mode under Phase-A of SARDP-NE in the State of West Bengal PKG- IVB (NHIDCL) (618431),Infrastructure & Highways,Ministry of Road Transport & Highways,618431,West Bengal,3708.55,3708.55,1738.74,46.9,2022-03-01,2026-12-31,2027-12-31,2026-02-01,6,0.0,0
PAIM-618572,Binnaguri Bypass-Descoped portion of Ghoshpukur-Dhupguri Section of NH-31Dpkg-1 (National Highways Authority of India [N,Infrastructure & Highways,Ministry of Road Transport & Highways,618572,West Bengal,2620.04,2620.04,1776.2,67.8,2021-03-01,2027-12-31,2029-12-31,2026-02-01,24,0.0,0
PAIM-618825,Farakka-Raiganj (National Highways Authority of India [NHAI]) (618825),Infrastructure & Highways,Ministry of Road Transport & Highways,618825,West Bengal,227.53,227.53,111.39,49.0,2022-03-01,2028-12-31,2027-12-31,2026-02-01,12,0.0,0
PAIM-618910,4L of Purulia Bypass section from Km 84.030 to Km 94.345 of NH-32 (National Highways Authority of India [NHAI]) (618910),Infrastructure & Highways,Ministry of Road Transport & Highways,618910,West Bengal,3453.73,3453.73,941.09,27.2,2024-03-01,2028-12-31,2029-12-31,2026-02-01,6,0.0,0
PAIM-619004,under Annual Plan 2022-23 in EPC Mode- reg.  Job. No. 014-WB-2022-23/518. (MoRTH) (619004),Infrastructure & Highways,Ministry of Road Transport & Highways,619004,West Bengal,2546.45,2546.45,1337.3,52.5,2022-03-01,2027-12-31,2027-12-31,2026-02-01,18,0.0,0
PAIM-709859,OF COMMUNICATION FINANCE [NICF] AT GHITORNI (National Communication Academy - Finance [Erstwhile NICF]) (709859),Infrastructure & Highways,Ministry of Road Transport & Highways,709859,Delhi,2013.84,2013.84,302.44,15.0,2021-03-01,2027-12-31,2027-12-31,2026-02-01,24,0.0,0
PAIM-617413,Upgradation (Department of Telecommunications [DoT]) (617413),Infrastructure & Highways,Ministry of Road Transport & Highways,617413,Maharashtra,1275.61,1275.61,941.77,73.8,2021-03-01,2028-12-31,2028-12-31,2026-02-01,0,0.0,0
PAIM-701599,Mobile connectivity in Left Wing Extremism [LWE] affected areas-Phase2 (Department of Telecommunications [DoT]) (701599),Infrastructure & Highways,Ministry of Road Transport & Highways,701599,Maharashtra,602.79,602.79,343.57,57.0,2023-03-01,2027-12-31,2028-12-31,2026-02-01,36,0.0,0
PAIM-701602,Odisha (Department of Telecommunications [DoT]) (701602),Infrastructure & Highways,Ministry of Road Transport & Highways,701602,Maharashtra,2346.84,2346.84,257.38,11.0,2021-03-01,2026-12-31,2029-12-31,2026-02-01,12,0.0,0
PAIM-701600,354 Uncovered Villages Scheme (Department of Telecommunications [DoT]) (701600),Infrastructure & Highways,Ministry of Road Transport & Highways,701600,Gujarat,3272.17,3272.17,1904.22,58.2,2023-03-01,2028-12-31,2027-12-31,2026-02-01,18,0.0,0
PAIM-704495,and Uttar Pradesh (Department of Telecommunications [DoT]) (704495),Infrastructure & Highways,Ministry of Road Transport & Highways,704495,Uttar Pradesh,415.18,415.18,243.3,58.6,2023-03-01,2027-12-31,2027-12-31,2026-02-01,6,0.0,0
PAIM-709749,DATA CENTERS WITH STATE OF THE ART (BSNL) (709749),Infrastructure & Highways,Ministry of Road Transport & Highways,709749,Maharashtra,3048.94,3048.94,855.66,28.1,2021-03-01,2028-12-31,2027-12-31,2026-02-01,18,0.0,0
PAIM-400013,Saturation 4G mobile coverage of Uncovered Villages through USOF (Department of Telecommunications [DoT]) (400013),Infrastructure & Highways,Ministry of Road Transport & Highways,400013,Telangana,863.79,863.79,241.45,28.0,2021-03-01,2026-12-31,2029-12-31,2026-02-01,18,0.0,0
PAIM-701593,4G Services by BSNL (Department of Telecommunications [DoT]) (701593),Infrastructure & Highways,Ministry of Road Transport & Highways,701593,Multi-State,836.28,836.28,543.07,64.9,2024-03-01,2028-12-31,2027-12-31,2026-02-01,6,0.0,0
PAIM-706775,BharatNet (Department of Telecommunications [DoT]) (706775),Infrastructure & Highways,Ministry of Road Transport & Highways,706775,Multi-State,2724.59,2724.59,856.41,31.4,2024-03-01,2028-12-31,2029-12-31,2026-02-01,36,0.0,0
PAIM-709856,ALONG WITH TEST AND MEASURING EQUIPMENT (BSNL) (709856),Infrastructure & Highways,Ministry of Road Transport & Highways,709856,Multi-State,1284.93,1284.93,939.33,73.1,2022-03-01,2026-12-31,2029-12-31,2026-02-01,18,0.0,0
PAIM-709857,including Mumbai & Delhi LSA on turnkey basis under Phase IX.2 Project. (BSNL) (709857),Infrastructure & Highways,Ministry of Road Transport & Highways,709857,Delhi,3698.14,3698.14,2121.18,57.4,2023-03-01,2026-12-31,2028-12-31,2026-02-01,6,0.0,0
PAIM-616600,PPP mode-Namami Gange Programme (National Mission for Clean Ganga) (616600),Infrastructure & Highways,Ministry of Road Transport & Highways,616600,Bihar,2149.28,2149.28,661.87,30.8,2021-03-01,2027-12-31,2027-12-31,2026-02-01,18,0.0,0
PAIM-616611,under Hybrid annuity based PPP mode-Namami Gange Programme (National Mission for Clean Ganga) (616611),Infrastructure & Highways,Ministry of Road Transport & Highways,616611,Bihar,3078.2,3078.2,2229.2,72.4,2021-03-01,2028-12-31,2027-12-31,2026-02-01,6,0.0,0
PAIM-616612,Patna under Hybrid annuity based PPP mode-Namami Gange Programme (National Mission for Clean Ganga) (616612),Infrastructure & Highways,Ministry of Road Transport & Highways,616612,Bihar,3617.04,3617.04,3038.67,84.0,2021-03-01,2027-12-31,2027-12-31,2026-02-01,18,0.0,0
PAIM-616615,"Sewer Network,  SPS and STP at Begusarai (National Mission for Clean Ganga) (616615)",Infrastructure & Highways,Ministry of Road Transport & Highways,616615,Bihar,2906.29,2906.29,1217.21,41.9,2024-03-01,2026-12-31,2029-12-31,2026-02-01,36,0.0,0
PAIM-616616,"Sewer Networks,  SPS and STP at Hajipur (National Mission for Clean Ganga) (616616)",Infrastructure & Highways,Ministry of Road Transport & Highways,616616,Bihar,2625.0,2625.0,1026.72,39.1,2024-03-01,2026-12-31,2027-12-31,2026-02-01,18,0.0,0
PAIM-616594,annuity based PPP model-Namami Gange Programme (National Mission for Clean Ganga) (616594),Infrastructure & Highways,Ministry of Road Transport & Highways,616594,Uttar Pradesh,3289.95,3289.95,2758.16,83.8,2021-03-01,2028-12-31,2027-12-31,2026-02-01,0,0.0,0
PAIM-616605,Interception & Diversion with  STP (National Mission for Clean Ganga) (616605),Infrastructure & Highways,Ministry of Road Transport & Highways,616605,Uttar Pradesh,1462.59,1462.59,613.2,41.9,2024-03-01,2028-12-31,2027-12-31,2026-02-01,24,0.0,0
PAIM-616604,Interception & Diversion with STP (National Mission for Clean Ganga) (616604),Infrastructure & Highways,Ministry of Road Transport & Highways,616604,West Bengal,2625.21,2625.21,730.17,27.8,2022-03-01,2028-12-31,2029-12-31,2026-02-01,24,0.0,0
PAIM-400100,Sardar Gouthu Latchanna Thotapalli Barrage Project (Water Resources-AP) (400100),Infrastructure & Highways,Ministry of Road Transport & Highways,400100,West Bengal,276.38,276.38,93.66,33.9,2021-03-01,2026-12-31,2029-12-31,2026-02-01,18,0.0,0
PAIM-400101,Gundlakamma project (Water Resources-AP) (400101),Infrastructure & Highways,Ministry of Road Transport & Highways,400101,Andhra Pradesh,2482.8,2482.8,1731.62,69.7,2024-03-01,2027-12-31,2029-12-31,2026-02-01,12,0.0,0
PAIM-701415,Polavaram Irrigation Project (Water Resources-AP) (701415),Infrastructure & Highways,Ministry of Road Transport & Highways,701415,Andhra Pradesh,1086.47,1086.47,626.79,57.7,2021-03-01,2026-12-31,2028-12-31,2026-02-01,24,0.0,0
PAIM-400104,Punpun Barrage Project (Water Resources-BR) (400104),Infrastructure & Highways,Ministry of Road Transport & Highways,400104,Bihar,651.74,651.74,504.19,77.4,2022-03-01,2028-12-31,2028-12-31,2026-02-01,18,0.0,0
PAIM-400111,Kelo Irrigation Project (Water Resources-CT) (400111),Infrastructure & Highways,Ministry of Road Transport & Highways,400111,Bihar,2477.21,2477.21,643.55,26.0,2024-03-01,2026-12-31,2027-12-31,2026-02-01,0,0.0,0
PAIM-701399,"Kudali Irrigation Project (Department of Water Resources, River Development & GR) (701399)",Infrastructure & Highways,Ministry of Road Transport & Highways,701399,Multi-State,1035.49,1035.49,737.56,71.2,2024-03-01,2028-12-31,2028-12-31,2026-02-01,24,0.0,0
PAIM-400097,"Sardar Sarovar CADWM Project (Narmada and Water Resources, Water Supply and Kalpsar Department-GJ) (400097)",Infrastructure & Highways,Ministry of Road Transport & Highways,400097,Gujarat,1291.2,1291.2,953.03,73.8,2023-03-01,2026-12-31,2029-12-31,2026-02-01,36,0.0,0
PAIM-701372,"Sardar Sarovar Project (Narmada and Water Resources, Water Supply and Kalpsar Department-GJ) (701372)",Infrastructure & Highways,Ministry of Road Transport & Highways,701372,Gujarat,2142.02,2142.02,254.49,11.9,2022-03-01,2027-12-31,2028-12-31,2026-02-01,36,0.0,0
PAIM-701376,"Subernarekha   Multipurpose Project, Jharkhand (Department of Water Resources-JH) (701376)",Infrastructure & Highways,Ministry of Road Transport & Highways,701376,Gujarat,1909.52,1909.52,331.17,17.3,2021-03-01,2027-12-31,2029-12-31,2026-02-01,0,0.0,0
PAIM-701377,Upper Tunga Irrigation Project (Water Resources-KA) (701377),Infrastructure & Highways,Ministry of Road Transport & Highways,701377,Karnataka,1555.13,1555.13,296.42,19.1,2022-03-01,2026-12-31,2028-12-31,2026-02-01,36,0.0,0
PAIM-400096,Omkareshwar CADWM Project (Water resource-mp) (400096),Infrastructure & Highways,Ministry of Road Transport & Highways,400096,Karnataka,3525.37,3525.37,2778.97,78.8,2022-03-01,2027-12-31,2029-12-31,2026-02-01,24,0.0,0
PAIM-400115,Bargi Diversion Project Phase - IV [km. 154 to km 197] (Water Resources-MP) (400115),Infrastructure & Highways,Ministry of Road Transport & Highways,400115,Madhya Pradesh,3961.15,3961.15,3250.99,82.1,2022-03-01,2027-12-31,2029-12-31,2026-02-01,24,0.0,0
PAIM-400116,Bargi Diversion Project Phase - III [km. 104 to km 154] (Water Resources-MP) (400116),Infrastructure & Highways,Ministry of Road Transport & Highways,400116,Maharashtra,585.4,585.4,359.11,61.3,2023-03-01,2027-12-31,2029-12-31,2026-02-01,6,0.0,0
PAIM-400095,Gosikhurd CADWM Project (Department of water resources-MH - II) (400095),Infrastructure & Highways,Ministry of Road Transport & Highways,400095,Maharashtra,2896.34,2896.34,376.44,13.0,2024-03-01,2026-12-31,2027-12-31,2026-02-01,24,0.0,0
PAIM-400105,Urmodi Irrigation Project (Department of water resources-MH - II) (400105),Infrastructure & Highways,Ministry of Road Transport & Highways,400105,Maharashtra,3302.28,3302.28,2687.54,81.4,2021-03-01,2026-12-31,2028-12-31,2026-02-01,36,0.0,0
PAIM-400107,Sulwade-Jamphal-Kanoli Lift Irrigation Scheme (Department of water resources-MH - II) (400107),Infrastructure & Highways,Ministry of Road Transport & Highways,400107,Maharashtra,1895.02,1895.02,1212.89,64.0,2022-03-01,2026-12-31,2029-12-31,2026-02-01,12,0.0,0
PAIM-400109,Purna Barrage-2 [Ner Dhamana] Medium Irrigation Project (Department of water resources-MH - II) (400109),Infrastructure & Highways,Ministry of Road Transport & Highways,400109,Maharashtra,4132.01,4132.01,612.62,14.8,2023-03-01,2028-12-31,2029-12-31,2026-02-01,6,0.0,0
PAIM-400112,Jigaon Irrigation Project (Department of water resources-MH - II) (400112),Infrastructure & Highways,Ministry of Road Transport & Highways,400112,Maharashtra,1691.29,1691.29,1225.44,72.5,2021-03-01,2026-12-31,2029-12-31,2026-02-01,12,0.0,0
PAIM-617422,Bodwad Parisar Sinchan Yojna (Department of Water Resources-MH) (617422),Infrastructure & Highways,Ministry of Road Transport & Highways,617422,Maharashtra,1911.52,1911.52,1197.69,62.7,2024-03-01,2027-12-31,2027-12-31,2026-02-01,36,0.0,0
PAIM-701383,Waghur Project (Department of water resources-MH - II) (701383),Infrastructure & Highways,Ministry of Road Transport & Highways,701383,Maharashtra,4385.4,4385.4,3446.36,78.6,2023-03-01,2027-12-31,2029-12-31,2026-02-01,0,0.0,0
PAIM-701386,Gosikhurd Project (Department of water resources-MH - II) (701386),Infrastructure & Highways,Ministry of Road Transport & Highways,701386,Maharashtra,778.98,778.98,367.26,47.1,2023-03-01,2028-12-31,2028-12-31,2026-02-01,24,0.0,0
PAIM-701391,Aruna Medium Irrigation Project (Department of water resources-MH - II) (701391),Infrastructure & Highways,Ministry of Road Transport & Highways,701391,Maharashtra,3963.2,3963.2,2449.55,61.8,2024-03-01,2027-12-31,2028-12-31,2026-02-01,6,0.0,0
PAIM-701396,Lower Pedhi Project (Department of water resources-MH - II) (701396),Infrastructure & Highways,Ministry of Road Transport & Highways,701396,Maharashtra,2295.62,2295.62,579.35,25.2,2023-03-01,2027-12-31,2027-12-31,2026-02-01,12,0.0,0
PAIM-701398,Nardave Medium Irrigation Project (Department of water resources-MH - II) (701398),Infrastructure & Highways,Ministry of Road Transport & Highways,701398,Maharashtra,2362.87,2362.87,821.82,34.8,2024-03-01,2027-12-31,2029-12-31,2026-02-01,0,0.0,0
PAIM-701412,"North Koel Reservoir Project (Department of Water Resources, River Development & GR) (701412)",Infrastructure & Highways,Ministry of Road Transport & Highways,701412,Bihar,1710.51,1710.51,735.34,43.0,2022-03-01,2028-12-31,2028-12-31,2026-02-01,0,0.0,0
PAIM-603945,Integrated Anandpur Barrage Project (Water Resources-OR) (603945),Infrastructure & Highways,Ministry of Road Transport & Highways,603945,Odisha,1554.99,1554.99,1090.04,70.1,2022-03-01,2027-12-31,2028-12-31,2026-02-01,24,0.0,0
PAIM-701404,Kanupur Irrigation Project (Irrigation and CAD-TG) (701404),Infrastructure & Highways,Ministry of Road Transport & Highways,701404,Odisha,3158.33,3158.33,797.88,25.3,2022-03-01,2026-12-31,2029-12-31,2026-02-01,0,0.0,0
PAIM-701410,Relining of  Rajasthan feeder and Sirhind Feeder canal (Department of Water Resources-PB) (701410),Infrastructure & Highways,Ministry of Road Transport & Highways,701410,Odisha,3453.42,3453.42,2709.66,78.5,2022-03-01,2026-12-31,2028-12-31,2026-02-01,6,0.0,0
PAIM-701411,Shahpur Kandi Dam Project (Department of Water Resources-PB) (701411),Infrastructure & Highways,Ministry of Road Transport & Highways,701411,Telangana,2949.33,2949.33,703.89,23.9,2023-03-01,2027-12-31,2029-12-31,2026-02-01,12,0.0,0
PAIM-400102,Sri Ram Sagar Project Stage - II (Irrigation and CAD-TG) (400102),Infrastructure & Highways,Ministry of Road Transport & Highways,400102,Telangana,1187.71,1187.71,512.38,43.1,2023-03-01,2026-12-31,2029-12-31,2026-02-01,36,0.0,0
PAIM-400103,Indiramma Flood Flow Canal Project (Irrigation and CAD-TG) (400103),Infrastructure & Highways,Ministry of Road Transport & Highways,400103,Telangana,504.1,504.1,198.34,39.3,2023-03-01,2027-12-31,2027-12-31,2026-02-01,0,0.0,0
PAIM-701405,J. Chokka Rao Devadula Lift Irrigation Scheme (Irrigation and CAD-TG) (701405),Infrastructure & Highways,Ministry of Road Transport & Highways,701405,Telangana,2469.91,2469.91,1378.35,55.8,2024-03-01,2027-12-31,2029-12-31,2026-02-01,12,0.0,0
PAIM-701406,Rajiv Bhima Lift Irrigation Scheme (Irrigation and CAD-TG) (701406),Infrastructure & Highways,Ministry of Road Transport & Highways,701406,Uttar Pradesh,1282.62,1282.62,566.44,44.2,2024-03-01,2026-12-31,2027-12-31,2026-02-01,24,0.0,0
PAIM-400093,Saryu Nahar CADWM Project (Irrigation & Water Resources-UP) (400093),Infrastructure & Highways,Ministry of Road Transport & Highways,400093,Uttar Pradesh,2149.23,2149.23,1029.94,47.9,2024-03-01,2026-12-31,2027-12-31,2026-02-01,18,0.0,0
PAIM-701395,"Morna [Gureghar] Irrigation Project (Department of Water Resources, River Development & GR) (701395)",Infrastructure & Highways,Ministry of Road Transport & Highways,701395,Uttar Pradesh,1161.9,1161.9,710.57,61.2,2024-03-01,2026-12-31,2027-12-31,2026-02-01,6,0.0,0
PAIM-701408,Madhya Ganga canal Phase-II (Irrigation & Water Resources-UP) (701408),Infrastructure & Highways,Ministry of Road Transport & Highways,701408,Uttar Pradesh,2584.73,2584.73,1821.96,70.5,2022-03-01,2028-12-31,2027-12-31,2026-02-01,12,0.0,0
PAIM-613787,Jamrani Dam Multipurpose Project (Irrigation-UK) (613787),Infrastructure & Highways,Ministry of Road Transport & Highways,613787,Uttar Pradesh,2490.6,2490.6,1996.84,80.2,2024-03-01,2027-12-31,2029-12-31,2026-02-01,24,0.0,0
