project_code,project_name,sector,ministry,implementing_agency,state,original_cost,revised_cost,expenditure,physical_progress,sanction_date,original_doc,revised_doc,snapshot_date,target_final_delay_months,target_cost_overrun_pct,target_is_high_risk
PAIM-707420,Gaya Integrated Manufacturing Cluster IMC in Bihar (National Industrial Corridor Development Corporation) (707420),Infrastructure & Highways,Ministry of Housing & Urban Affairs,707420,Bihar,1864.75,1864.75,1041.61,55.9,2021-03-01,2026-12-31,2028-12-31,2026-07-01,0,0.0,0
PAIM-701662,IMC Rajpura - Patiala Development Project (National Industrial Corridor Development Corporation) (701662),Infrastructure & Highways,Ministry of Housing & Urban Affairs,701662,Bihar,2511.48,2511.48,1246.08,49.6,2024-03-01,2027-12-31,2028-12-31,2026-07-01,24,0.0,0
PAIM-701661,Development of IMC Khurpia Farms under AKIC Project (National Industrial Corridor Development Corporation) (701661),Infrastructure & Highways,Ministry of Housing & Urban Affairs,701661,Punjab,1499.32,1499.32,920.72,61.4,2024-03-01,2028-12-31,2028-12-31,2026-07-01,12,0.0,0
PAIM-437130,"Amended BharatNet Program - J&K, LAD (Department of Telecommunications) (437130)",Infrastructure & Highways,Ministry of Housing & Urban Affairs,437130,Multi-State,3205.79,3205.79,1558.69,48.6,2023-03-01,2026-12-31,2028-12-31,2026-07-01,12,0.0,0
PAIM-462136,"Amended BharatNet Program - MGH, MZM, TRP (Department of Telecommunications) (462136)",Infrastructure & Highways,Ministry of Housing & Urban Affairs,462136,Multi-State,873.0,873.0,349.34,40.0,2021-03-01,2026-12-31,2027-12-31,2026-07-01,6,0.0,0
PAIM-476006,Amended BharatNet Program - HP (Department of Telecommunications) (476006),Infrastructure & Highways,Ministry of Housing & Urban Affairs,476006,Multi-State,544.38,544.38,82.92,15.2,2021-03-01,2027-12-31,2027-12-31,2026-07-01,18,0.0,0
PAIM-660056,Amended BharatNet Program - KL (Department of Telecommunications) (660056),Infrastructure & Highways,Ministry of Housing & Urban Affairs,660056,Multi-State,3756.75,3756.75,1658.96,44.2,2021-03-01,2028-12-31,2028-12-31,2026-07-01,18,0.0,0
PAIM-665021,Amended BharatNet Program - UKD (Department of Telecommunications) (665021),Infrastructure & Highways,Ministry of Housing & Urban Affairs,665021,Multi-State,2628.35,2628.35,1195.55,45.5,2024-03-01,2028-12-31,2027-12-31,2026-07-01,6,0.0,0
PAIM-914467,Amended BharatNet Program - BR (Department of Telecommunications) (914467),Infrastructure & Highways,Ministry of Housing & Urban Affairs,914467,Multi-State,513.13,513.13,215.07,41.9,2024-03-01,2026-12-31,2028-12-31,2026-07-01,24,0.0,0
PAIM-938832,Amended BharatNet Program - RJ (Department of Telecommunications) (938832),Infrastructure & Highways,Ministry of Housing & Urban Affairs,938832,Multi-State,2229.61,2229.61,1389.03,62.3,2023-03-01,2027-12-31,2027-12-31,2026-07-01,12,0.0,0
PAIM-946208,Amended BharatNet Program - SKM (Department of Telecommunications) (946208),Infrastructure & Highways,Ministry of Housing & Urban Affairs,946208,Multi-State,930.29,930.29,170.34,18.3,2023-03-01,2028-12-31,2028-12-31,2026-07-01,36,0.0,0
PAIM-976009,"Amended BharatNet Program - ARP, NGL, MNP (Department of Telecommunications) (976009)",Infrastructure & Highways,Ministry of Housing & Urban Affairs,976009,Multi-State,1094.05,1094.05,796.29,72.8,2023-03-01,2026-12-31,2028-12-31,2026-07-01,6,0.0,0
PAIM-317725,Amended BharatNet Program - OD (Department of Telecommunications) (317725),Infrastructure & Highways,Ministry of Housing & Urban Affairs,317725,Multi-State,4262.26,4262.26,3386.66,79.5,2022-03-01,2028-12-31,2029-12-31,2026-07-01,18,0.0,0
PAIM-124199,Amended BharatNet Program - HR (Department of Telecommunications) (124199),Infrastructure & Highways,Ministry of Housing & Urban Affairs,124199,Multi-State,3862.4,3862.4,3150.27,81.6,2021-03-01,2028-12-31,2029-12-31,2026-07-01,36,0.0,0
PAIM-171218,Amended BharatNet Program - PB (Department of Telecommunications) (171218),Infrastructure & Highways,Ministry of Housing & Urban Affairs,171218,Multi-State,815.34,815.34,306.46,37.6,2024-03-01,2027-12-31,2027-12-31,2026-07-01,12,0.0,0
PAIM-175860,"Amended BharatNet Program - MP, DD and DNH (Department of Telecommunications) (175860)",Infrastructure & Highways,Ministry of Housing & Urban Affairs,175860,Multi-State,2531.15,2531.15,879.75,34.8,2021-03-01,2028-12-31,2029-12-31,2026-07-01,0,0.0,0
PAIM-210914,Amended BharatNet Program - WB & ANI (Department of Telecommunications) (210914),Infrastructure & Highways,Ministry of Housing & Urban Affairs,210914,Multi-State,870.19,870.19,612.15,70.3,2021-03-01,2027-12-31,2028-12-31,2026-07-01,6,0.0,0
PAIM-240484,Amended BharatNet Program - AS (Department of Telecommunications) (240484),Infrastructure & Highways,Ministry of Housing & Urban Affairs,240484,Multi-State,878.13,878.13,295.02,33.6,2022-03-01,2028-12-31,2029-12-31,2026-07-01,36,0.0,0
PAIM-547243,BharatNet Phase-II (Department of Telecommunications) (547243),Infrastructure & Highways,Ministry of Housing & Urban Affairs,547243,Multi-State,1234.06,1234.06,658.75,53.4,2023-03-01,2026-12-31,2027-12-31,2026-07-01,24,0.0,0
PAIM-245986,Jaipur Metro Rail Project Phase 2 (Prahladpura to Todi Mod) (Jaipur Metro Rail Corporation) (245986),Infrastructure & Highways,Ministry of Housing & Urban Affairs,245986,Rajasthan,1654.73,1654.73,770.32,46.6,2021-03-01,2026-12-31,2029-12-31,2026-07-01,12,0.0,0
PAIM-298178,"Meja Thermal Power Project, Stage-II , (3x800 MW) (National Thermal Power Corporation [NTPC]) (298178)",Infrastructure & Highways,Ministry of Housing & Urban Affairs,298178,Uttar Pradesh,2253.31,2253.31,649.42,28.8,2022-03-01,2028-12-31,2029-12-31,2026-07-01,0,0.0,0
PAIM-619297,Km Section of NH-56 in the State of Gujarat on EPC Mode (NHAI) (619297),Infrastructure & Highways,Ministry of Housing & Urban Affairs,619297,Gujarat,2231.52,2231.52,480.98,21.6,2023-03-01,2027-12-31,2028-12-31,2026-07-01,18,0.0,0
PAIM-618731,100 in Deoria village from km 222.000 to km 253.000 Pkg -9 (NHAI) (618731),Infrastructure & Highways,Ministry of Housing & Urban Affairs,618731,Multi-State,811.08,811.08,504.87,62.2,2023-03-01,2028-12-31,2029-12-31,2026-07-01,0,0.0,0
PAIM-619043,Km. 310.415 (NHAI) (619043),Infrastructure & Highways,Ministry of Steel,619043,Maharashtra,3513.93,3513.93,2065.7,58.8,2024-03-01,2026-12-31,2027-12-31,2026-07-01,18,0.0,0
PAIM-617918,in Annual Plan 2022-23 for the State of Odisha. (MoRTH) (617918),Infrastructure & Highways,Ministry of Steel,617918,Odisha,917.05,917.05,747.5,81.5,2023-03-01,2026-12-31,2027-12-31,2026-07-01,36,0.0,0
PAIM-619265,Telangana on EPC mode under Annual Plan 2022-2023 (MoRTH) (619265),Infrastructure & Highways,Ministry of Steel,619265,Telangana,4104.24,4104.24,1770.71,43.1,2021-03-01,2026-12-31,2028-12-31,2026-07-01,12,0.0,0
PAIM-619221,Uttarakhand. (NHAI) (619221),Infrastructure & Highways,Ministry of Steel,619221,Multi-State,2786.26,2786.26,1394.27,50.0,2021-03-01,2028-12-31,2027-12-31,2026-07-01,6,0.0,0
PAIM-944288,Mill at BSP (Steel Authority of India Limited (SAIL)) (944288),Infrastructure & Highways,Ministry of Steel,944288,Multi-State,1515.51,1515.51,419.72,27.7,2024-03-01,2027-12-31,2029-12-31,2026-07-01,6,0.0,0
PAIM-505491,Installation of 140 TPH Walking Beam type Reheating Furnace in Plate Mill at BSP (Steel Authority of India Limited (SAIL,Infrastructure & Highways,Ministry of Steel,505491,Odisha,3862.02,3862.02,3077.37,79.7,2021-03-01,2028-12-31,2028-12-31,2026-07-01,36,0.0,0
PAIM-738679,Stamp Charge Battery No.7 Battery Proper at RSP (Steel Authority of India Limited (SAIL)) (738679),Infrastructure & Highways,Ministry of Steel,738679,Odisha,2660.47,2660.47,1455.32,54.7,2023-03-01,2027-12-31,2029-12-31,2026-07-01,36,0.0,0
PAIM-834015,Stamp Charge Battery No.12 By-product Plant at RSP (Steel Authority of India Limited (SAIL)) (834015),Infrastructure & Highways,Ministry of Steel,834015,Odisha,941.8,941.8,223.55,23.7,2021-03-01,2026-12-31,2027-12-31,2026-07-01,18,0.0,0
PAIM-478482,Stamp Charge Battery No.7 Coke Dry Cooling Plant at RSP (Steel Authority of India Limited (SAIL)) (478482),Infrastructure & Highways,Ministry of Steel,478482,Odisha,2718.49,2718.49,598.32,22.0,2022-03-01,2026-12-31,2028-12-31,2026-07-01,12,0.0,0
PAIM-635651,"New Product Testing Laboratory for NPM, SPP & NHSM at RSP (Steel Authority of India Limited (SAIL)) (635651)",Infrastructure & Highways,Ministry of Steel,635651,Odisha,3267.28,3267.28,2414.12,73.9,2021-03-01,2026-12-31,2029-12-31,2026-07-01,0,0.0,0
PAIM-589703,Implementation of Treatment System-2  Under ZLD at RSP (Steel Authority of India Limited (SAIL)) (589703),Infrastructure & Highways,Ministry of Steel,589703,Odisha,1583.18,1583.18,1038.47,65.6,2022-03-01,2027-12-31,2028-12-31,2026-07-01,24,0.0,0
PAIM-364934,Stamp Charge Battery No.12 By-product Plant at IISCO Steel Plant (Steel Authority of India Limited (SAIL)) (364934),Infrastructure & Highways,Ministry of Steel,364934,Odisha,2089.45,2089.45,1215.61,58.2,2021-03-01,2028-12-31,2029-12-31,2026-07-01,36,0.0,0
PAIM-425828,Stamp Charge Battery No.12  Coke Dry Cooling Plant at IISCO Steel Plant (Steel Authority of India Limited (SAIL)) (42582,Infrastructure & Highways,Ministry of Steel,425828,West Bengal,759.63,759.63,235.21,31.0,2022-03-01,2026-12-31,2029-12-31,2026-07-01,36,0.0,0
PAIM-706724,Guwahati Airport New Integrated Terminal Building Construction Project (Adani Airport Holdings Limited) (706724),Infrastructure & Highways,Ministry of Civil Aviation,706724,Assam,4489.88,4489.88,543.84,12.1,2022-03-01,2027-12-31,2029-12-31,2026-07-01,0,0.0,0
PAIM-706718,C/o NITB Imphal Airport (Airport Authority of India [AAI]) (706718),Infrastructure & Highways,Ministry of Civil Aviation,706718,Assam,4120.12,4120.12,2126.98,51.6,2022-03-01,2026-12-31,2028-12-31,2026-07-01,36,0.0,0
PAIM-612793,with integrated 10 years maintenance. (Airport Authority of India [AAI]) (612793),Infrastructure & Highways,Ministry of Civil Aviation,612793,Assam,2730.2,2730.2,1232.15,45.1,2022-03-01,2026-12-31,2027-12-31,2026-07-01,18,0.0,0
PAIM-615820,TIKAK EXTENSION OCP (INVALID CO.) (615820),Infrastructure & Highways,Ministry of Civil Aviation,615820,Assam,206.61,206.61,27.85,13.5,2022-03-01,2026-12-31,2027-12-31,2026-07-01,18,0.0,0
PAIM-615821,TIRAP OCP (INVALID CO.) (615821),Infrastructure & Highways,Ministry of Civil Aviation,615821,Assam,2863.84,2863.84,826.3,28.9,2023-03-01,2027-12-31,2027-12-31,2026-07-01,0,0.0,0
PAIM-612898,"Pradesh (National Institute of Technology, Arunachal Pradesh) (612898)",Infrastructure & Highways,Ministry of Civil Aviation,612898,Assam,1122.08,1122.08,276.38,24.6,2022-03-01,2028-12-31,2029-12-31,2026-07-01,12,0.0,0
PAIM-606112,Tezpur University Projects (Tezpur University) (606112),Infrastructure & Highways,Ministry of Civil Aviation,606112,Assam,1568.83,1568.83,876.35,55.9,2023-03-01,2026-12-31,2028-12-31,2026-07-01,24,0.0,0
PAIM-612885,"Permanent Campus at Sohra (National Institute of Technology, Meghalaya) (612885)",Infrastructure & Highways,Ministry of Civil Aviation,612885,Multi-State,463.51,463.51,334.02,72.1,2021-03-01,2026-12-31,2027-12-31,2026-07-01,0,0.0,0
PAIM-612876,"Construction of Permanent Campus for NIT Mizoram at Lengpui, Aizawl (NIT Mizoram) (612876)",Infrastructure & Highways,Ministry of Civil Aviation,612876,Multi-State,1214.14,1214.14,797.33,65.7,2022-03-01,2028-12-31,2027-12-31,2026-07-01,0,0.0,0
PAIM-613013,Establishment of NIT Nagaland (NIT Nagaland) (613013),Infrastructure & Highways,Ministry of Civil Aviation,613013,Multi-State,1664.11,1664.11,1374.53,82.6,2024-03-01,2027-12-31,2027-12-31,2026-07-01,6,0.0,0
PAIM-612883,District (NIT Sikkim) (612883),Infrastructure & Highways,Ministry of Civil Aviation,612883,Multi-State,1206.81,1206.81,962.03,79.7,2024-03-01,2027-12-31,2028-12-31,2026-07-01,18,0.0,0
PAIM-609736,Sikkim (Sikkim University) (609736),Infrastructure & Highways,Ministry of Civil Aviation,609736,Multi-State,2207.18,2207.18,825.03,37.4,2023-03-01,2026-12-31,2029-12-31,2026-07-01,6,0.0,0
PAIM-400081,"National Sports University [NSU], Imphal [Manipur] (Department of Sports & Youth Affairs) (400081)",Infrastructure & Highways,Ministry of Civil Aviation,400081,Multi-State,1280.88,1280.88,824.98,64.4,2021-03-01,2028-12-31,2028-12-31,2026-07-01,18,0.0,0
PAIM-619311,Kalai-II Hydro Electric Project [1200 MW] (THDC India Limited) (619311),Infrastructure & Highways,Ministry of Civil Aviation,619311,Multi-State,3707.3,3707.3,1710.26,46.1,2021-03-01,2027-12-31,2027-12-31,2026-07-01,24,0.0,0
PAIM-611716,700 MW Tato-II HE Project (North Eastern Electric Power Corporation Limited) (611716),Infrastructure & Highways,Ministry of Civil Aviation,611716,Multi-State,1788.58,1788.58,278.02,15.5,2022-03-01,2028-12-31,2029-12-31,2026-07-01,18,0.0,0
PAIM-611699,186 MW Tato-I H E Project (North Eastern Electric Power Corporation Limited) (611699),Infrastructure & Highways,Ministry of Civil Aviation,611699,Multi-State,3375.78,3375.78,756.88,22.4,2021-03-01,2028-12-31,2029-12-31,2026-07-01,12,0.0,0
PAIM-611698,240MW Heo HE Project (North Eastern Electric Power Corporation Limited) (611698),Infrastructure & Highways,Ministry of Civil Aviation,611698,Multi-State,3406.88,3406.88,1314.47,38.6,2022-03-01,2027-12-31,2028-12-31,2026-07-01,12,0.0,0
PAIM-602182,Dibang Multipurpose Project (National Hydroelectric Power Corporation Limited [NHPC]) (602182),Infrastructure & Highways,Ministry of Civil Aviation,602182,Multi-State,1181.53,1181.53,706.78,59.8,2022-03-01,2027-12-31,2027-12-31,2026-07-01,24,0.0,0
PAIM-602096,Subansiri Lower HE Project [2000 MW] (National Hydroelectric Power Corporation Limited [NHPC]) (602096),Infrastructure & Highways,Ministry of Civil Aviation,602096,Assam,658.99,658.99,194.17,29.5,2021-03-01,2028-12-31,2029-12-31,2026-07-01,12,0.0,0
PAIM-605156,A wholly owned subsidiary of NHPC Ltd. acquired through NCLT (National Hydroelectric Power Corporation Limited [NHPC]) (,Infrastructure & Highways,Ministry of Civil Aviation,605156,Multi-State,631.46,631.46,426.29,67.5,2022-03-01,2026-12-31,2027-12-31,2026-07-01,6,0.0,0
PAIM-602181,through NCLT] (National Hydroelectric Power Corporation Limited [NHPC]) (602181),Infrastructure & Highways,Ministry of Civil Aviation,602181,Multi-State,2510.81,2510.81,1217.72,48.5,2022-03-01,2028-12-31,2028-12-31,2026-07-01,18,0.0,0
PAIM-617375,North Eastern Region Expansion Scheme-XXIII [NERES-XXIII] (Power Grid Corporation of India Limited [POWERGRID]) (617375),Infrastructure & Highways,Ministry of Petroleum & Natural Gas,617375,Multi-State,1261.08,1261.08,1057.5,83.9,2023-03-01,2027-12-31,2027-12-31,2026-07-01,6,0.0,0
PAIM-607709,[NERPSIP] (Power Grid Corporation of India Limited [POWERGRID]) (607709),Infrastructure & Highways,Ministry of Petroleum & Natural Gas,607709,Assam,4314.04,4314.04,1364.45,31.6,2023-03-01,2026-12-31,2029-12-31,2026-07-01,24,0.0,0
PAIM-602223,[T&D] Systems [CSST&DS] in Arunachal Pradesh and Sikkim (Power Grid Corporation of India Limited [POWERGRID]) (602223),Infrastructure & Highways,Ministry of Petroleum & Natural Gas,602223,Multi-State,3039.58,3039.58,2059.89,67.8,2022-03-01,2026-12-31,2028-12-31,2026-07-01,0,0.0,0
PAIM-709754,"Construction of LPG Facilities at Kamardanga, Assam (Hindustan Petroleum Corporation Limited) (709754)",Infrastructure & Highways,Ministry of Petroleum & Natural Gas,709754,Assam,2260.31,2260.31,801.4,35.5,2022-03-01,2028-12-31,2029-12-31,2026-07-01,36,0.0,0
PAIM-709755,"Setting up of new rail fed POL facility at Kamardanga, Assam (Hindustan Petroleum Corporation Limited) (709755)",Infrastructure & Highways,Ministry of Petroleum & Natural Gas,709755,Assam,4467.68,4467.68,1682.7,37.7,2024-03-01,2026-12-31,2029-12-31,2026-07-01,36,0.0,0
PAIM-617829,LPG Bottling Plant at Mualkhang (Indian Oil Corporation Limited [IOCL]) (617829),Infrastructure & Highways,Ministry of Petroleum & Natural Gas,617829,Assam,3707.76,3707.76,2976.25,80.3,2021-03-01,2027-12-31,2028-12-31,2026-07-01,18,0.0,0
PAIM-709865,Scheme (Numaligarh Refinery Limited) (709865),Infrastructure & Highways,Ministry of Petroleum & Natural Gas,709865,Assam,2475.5,2475.5,1226.7,49.6,2023-03-01,2028-12-31,2027-12-31,2026-07-01,12,0.0,0
PAIM-709864,DCU Revamp Project (Numaligarh Refinery Limited) (709864),Infrastructure & Highways,Ministry of Petroleum & Natural Gas,709864,Assam,2380.75,2380.75,547.08,23.0,2022-03-01,2027-12-31,2029-12-31,2026-07-01,36,0.0,0
PAIM-709850,Borholla GGS Life Extension Project [BLEP] (Oil and Natural Gas Corporation Limited [ONGC]) (709850),Infrastructure & Highways,Ministry of Petroleum & Natural Gas,709850,Assam,1901.41,1901.41,975.27,51.3,2023-03-01,2028-12-31,2027-12-31,2026-07-01,24,0.0,0
PAIM-709847,Pipeline Network Project Rudrasagar (Oil and Natural Gas Corporation Limited [ONGC]) (709847),Infrastructure & Highways,Ministry of Petroleum & Natural Gas,709847,Assam,2346.67,2346.67,1462.1,62.3,2021-03-01,2026-12-31,2029-12-31,2026-07-01,24,0.0,0
PAIM-709779,Capacity Expansion of Digboi Refinery from 0.65 to 1.0 MMTPA (Indian Oil Corporation Limited [IOCL]) (709779),Infrastructure & Highways,Ministry of Petroleum & Natural Gas,709779,Assam,1439.58,1439.58,163.38,11.3,2023-03-01,2027-12-31,2029-12-31,2026-07-01,18,0.0,0
PAIM-709776,Augmentation/Revamping of Facilities at existing Guwahati Terminal at Betkuchi (Indian Oil Corporation Limited [IOCL]) (,Infrastructure & Highways,Ministry of Petroleum & Natural Gas,709776,Assam,2863.88,2863.88,474.74,16.6,2022-03-01,2027-12-31,2029-12-31,2026-07-01,0,0.0,0
PAIM-619316,"Group Gathering Station, Lakwagaon (Oil India Limited) (619316)",Infrastructure & Highways,Ministry of Petroleum & Natural Gas,619316,Assam,1200.22,1200.22,601.14,50.1,2024-03-01,2026-12-31,2028-12-31,2026-07-01,36,0.0,0
PAIM-617836,Coke Drum Structure Package (Numaligarh Refinery Limited) (617836),Infrastructure & Highways,Ministry of Petroleum & Natural Gas,617836,Assam,3660.07,3660.07,2853.6,78.0,2021-03-01,2027-12-31,2027-12-31,2026-07-01,12,0.0,0
PAIM-617827,"Pipeline Rehabilitation Project, Phase-II (Oil India Limited) (617827)",Infrastructure & Highways,Ministry of Petroleum & Natural Gas,617827,Assam,539.35,539.35,359.88,66.7,2022-03-01,2027-12-31,2029-12-31,2026-07-01,36,0.0,0
PAIM-616858,processing & transportation of natural Gas to be produced from Baghjan Field (Oil India Limited) (616858),Infrastructure & Highways,Ministry of Petroleum & Natural Gas,616858,Assam,488.63,488.63,344.43,70.5,2024-03-01,2027-12-31,2029-12-31,2026-07-01,12,0.0,0
PAIM-604863,Natural Gas from Nadua and East Khagorija (Oil India Limited) (604863),Infrastructure & Highways,Ministry of Petroleum & Natural Gas,604863,Assam,1604.4,1604.4,167.27,10.4,2022-03-01,2026-12-31,2028-12-31,2026-07-01,18,0.0,0
PAIM-604791,Numaligarh Refinery Expansion Project (Numaligarh Refinery Limited) (604791),Infrastructure & Highways,Ministry of Petroleum & Natural Gas,604791,Assam,2099.02,2099.02,1454.32,69.3,2023-03-01,2028-12-31,2029-12-31,2026-07-01,24,0.0,0
PAIM-709786,"Augmentation/ Revamping of Dimapur Depot, Dimapur (Indian Oil Corporation Limited [IOCL]) (709786)",Infrastructure & Highways,Ministry of Petroleum & Natural Gas,709786,Assam,1614.73,1614.73,834.63,51.7,2022-03-01,2028-12-31,2029-12-31,2026-07-01,18,0.0,0
PAIM-709837,"Creation of Gas Dehydration  Facilities, Tripura Asset (Oil and Natural Gas Corporation Limited [ONGC]) (709837)",Infrastructure & Highways,Ministry of Petroleum & Natural Gas,709837,Multi-State,3936.49,3936.49,1772.63,45.0,2022-03-01,2028-12-31,2028-12-31,2026-07-01,24,0.0,0
PAIM-701346,North East Gas Grid (Indradhanush Gas Grid Limited) (701346),Infrastructure & Highways,Ministry of Petroleum & Natural Gas,701346,Multi-State,908.01,908.01,742.12,81.7,2024-03-01,2027-12-31,2029-12-31,2026-07-01,36,0.0,0
PAIM-706989,"Establishment of new GMC West Garo Hills [Tura] (Medical Education, Ministry of Health and Family Welfare) (706989)",Infrastructure & Highways,Ministry of Petroleum & Natural Gas,706989,Multi-State,1714.14,1714.14,277.17,16.2,2021-03-01,2027-12-31,2027-12-31,2026-07-01,24,0.0,0
PAIM-707067,"Establishment of new GMC Mon (Medical Education, Ministry of Health and Family Welfare) (707067)",Infrastructure & Highways,Ministry of Petroleum & Natural Gas,707067,Multi-State,3431.67,3431.67,1077.34,31.4,2022-03-01,2026-12-31,2029-12-31,2026-07-01,6,0.0,0
PAIM-707039,"Establishment of new GMC Gangtok (Medical Education, Ministry of Health and Family Welfare) (707039)",Infrastructure & Highways,Ministry of Petroleum & Natural Gas,707039,Multi-State,998.28,998.28,486.28,48.7,2024-03-01,2026-12-31,2029-12-31,2026-07-01,0,0.0,0
PAIM-616701,Lumding-Furkating section  140 km Umbrella work PB57/2019-20/NR (CAO/C-1/NFR NFR mor) (616701),Infrastructure & Highways,Ministry of Railways,616701,Assam,1655.73,1655.73,1032.99,62.4,2024-03-01,2028-12-31,2027-12-31,2026-07-01,12,0.0,0
PAIM-705572,New Bongaigaon - Goalpara - Guwahati Kamakhya 176 km (CAO/C-III/NFR NFR mor) (705572),Infrastructure & Highways,Ministry of Railways,705572,Assam,1639.73,1639.73,265.52,16.2,2024-03-01,2028-12-31,2029-12-31,2026-07-01,12,0.0,0
PAIM-705391,Jiribam-Imphal 110 km (CAO/C-III/NFR NFR mor) (705391),Infrastructure & Highways,Ministry of Railways,705391,Assam,4322.47,4322.47,3601.6,83.3,2021-03-01,2028-12-31,2029-12-31,2026-07-01,0,0.0,0
PAIM-705401,Murkongselek-Pasighat 26.15 km (CAO/C-II/NFR NFR mor) (705401),Infrastructure & Highways,Ministry of Railways,705401,Assam,4293.7,4293.7,2424.16,56.5,2022-03-01,2028-12-31,2027-12-31,2026-07-01,6,0.0,0
PAIM-705392,Dimapur-Kohima 88 km (CAO/C-1/NFR NFR mor) (705392),Infrastructure & Highways,Ministry of Railways,705392,Assam,676.94,676.94,395.43,58.4,2022-03-01,2027-12-31,2028-12-31,2026-07-01,0,0.0,0
PAIM-705394,Teteliya-Byrnihat 21.5 km (CAO/C-II/NFR NFR mor) (705394),Infrastructure & Highways,Ministry of Railways,705394,Assam,1367.54,1367.54,1046.63,76.5,2022-03-01,2028-12-31,2029-12-31,2026-07-01,6,0.0,0
PAIM-705432,Sivok-Rangpo New Rail Line (Indian Railway Construction International Limited [IRCON]) (705432),Infrastructure & Highways,Ministry of Railways,705432,Assam,1039.78,1039.78,114.14,11.0,2022-03-01,2028-12-31,2027-12-31,2026-07-01,18,0.0,0
PAIM-617892,SARDP-NE/P-P/Pkg-A/NH-13/Ar.Pr./PWD/2018-19/116] (MoRTH) (617892),Infrastructure & Highways,Ministry of Railways,617892,Multi-State,1037.13,1037.13,706.78,68.1,2021-03-01,2028-12-31,2027-12-31,2026-07-01,36,0.0,0
PAIM-619248,Pkg-1 (NHIDCL) (619248),Infrastructure & Highways,Ministry of Railways,619248,Multi-State,3936.7,3936.7,2254.39,57.3,2022-03-01,2028-12-31,2028-12-31,2026-07-01,12,0.0,0
PAIM-619014,Length-35.066 Km in the state of Arunachal Pradesh on EPC mode Pkg-2 (NHIDCL) (619014),Infrastructure & Highways,Ministry of Railways,619014,Multi-State,2024.88,2024.88,1070.41,52.9,2021-03-01,2028-12-31,2029-12-31,2026-07-01,24,0.0,0
PAIM-618445,Balance Work (NHIDCL) (618445),Infrastructure & Highways,Ministry of Railways,618445,Multi-State,565.5,565.5,224.17,39.6,2021-03-01,2027-12-31,2029-12-31,2026-07-01,6,0.0,0
PAIM-618434,Roing-Hunli Road Greenfield Alignment Project (NHIDCL) (618434),Infrastructure & Highways,Ministry of Railways,618434,Multi-State,4076.57,4076.57,1146.51,28.1,2021-03-01,2026-12-31,2027-12-31,2026-07-01,24,0.0,0
PAIM-618433,Arunachal Pradesh on EPC Mode under SARDP-NE Pkg-7 (NHIDCL) (618433),Infrastructure & Highways,Ministry of Railways,618433,Multi-State,786.98,786.98,186.05,23.6,2021-03-01,2026-12-31,2029-12-31,2026-07-01,18,0.0,0
PAIM-618405,the State of Arunachal Pradesh on EPC mode Pkg-1 (NHIDCL) (618405),Infrastructure & Highways,Ministry of Railways,618405,Multi-State,4315.54,4315.54,1237.31,28.7,2024-03-01,2026-12-31,2029-12-31,2026-07-01,24,0.0,0
PAIM-618404,Vijaynagar along China border in state of Arunachal pradesh on EPC mode (NHIDCL) (618404),Infrastructure & Highways,Ministry of Railways,618404,Multi-State,1077.97,1077.97,807.16,74.9,2021-03-01,2026-12-31,2028-12-31,2026-07-01,6,0.0,0
PAIM-618403,NHO-NE (NHIDCL) (618403),Infrastructure & Highways,Ministry of Railways,618403,Multi-State,484.37,484.37,133.06,27.5,2023-03-01,2028-12-31,2029-12-31,2026-07-01,6,0.0,0
PAIM-618402,Package-I (NHIDCL) (618402),Infrastructure & Highways,Ministry of Railways,618402,Multi-State,792.95,792.95,395.47,49.9,2023-03-01,2027-12-31,2028-12-31,2026-07-01,36,0.0,0
PAIM-618401,on EPC Mode Pkg-3 (NHIDCL) (618401),Infrastructure & Highways,Ministry of Railways,618401,Multi-State,3056.98,3056.98,519.21,17.0,2023-03-01,2028-12-31,2028-12-31,2026-07-01,36,0.0,0
PAIM-619089,Km 0.000 to Km 49.230 of NH-27 (NHAI) (619089),Infrastructure & Highways,Ministry of Railways,619089,Assam,3145.9,3145.9,1015.03,32.3,2022-03-01,2027-12-31,2029-12-31,2026-07-01,12,0.0,0
PAIM-619060,under EPC Mode in the state of Assam Pkg-III Road Works (NHIDCL) (619060),Infrastructure & Highways,Ministry of Railways,619060,Assam,440.07,440.07,188.34,42.8,2021-03-01,2026-12-31,2029-12-31,2026-07-01,24,0.0,0
PAIM-619057,Pariyojana in Economic Corridors Silchar- Churaibari Pkg-3 (NHIDCL) (619057),Infrastructure & Highways,Ministry of Railways,619057,Assam,541.09,541.09,122.69,22.7,2024-03-01,2027-12-31,2029-12-31,2026-07-01,36,0.0,0
PAIM-619013,under EPC Mode in the state of Assam Pkg-II Road Works (NHIDCL) (619013),Infrastructure & Highways,Ministry of Railways,619013,Assam,250.78,250.78,106.45,42.4,2023-03-01,2026-12-31,2028-12-31,2026-07-01,6,0.0,0
PAIM-618958,Myanmar (NHAI) (618958),Infrastructure & Highways,Ministry of Railways,618958,Assam,2484.79,2484.79,1894.08,76.2,2023-03-01,2027-12-31,2029-12-31,2026-07-01,18,0.0,0
PAIM-618934,Guwahati Ring Road in the State of Assam (NHAI) (618934),Infrastructure & Highways,Ministry of Railways,618934,Assam,968.03,968.03,309.06,31.9,2023-03-01,2027-12-31,2029-12-31,2026-07-01,18,0.0,0
PAIM-618455,Mode Package-I Road and Utility Works (NHIDCL) (618455),Infrastructure & Highways,Ministry of Railways,618455,Assam,1964.75,1964.75,246.33,12.5,2024-03-01,2028-12-31,2029-12-31,2026-07-01,0,0.0,0
PAIM-618454,from Jogighopa Railway Station to MMLP (NHIDCL) (618454),Infrastructure & Highways,Ministry of Railways,618454,Assam,2560.74,2560.74,614.95,24.0,2021-03-01,2026-12-31,2027-12-31,2026-07-01,0,0.0,0
PAIM-618442,under EPC Mode in the state of Assam Pkg-III Road Works (NHIDCL) (618442),Infrastructure & Highways,Ministry of Railways,618442,Assam,3692.79,3692.79,1017.15,27.5,2023-03-01,2027-12-31,2029-12-31,2026-07-01,24,0.0,0
PAIM-618441,under EPC Mode in the state of Assam Pkg-I Road Works (NHIDCL) (618441),Infrastructure & Highways,Ministry of Railways,618441,Assam,3393.78,3393.78,780.65,23.0,2023-03-01,2026-12-31,2027-12-31,2026-07-01,24,0.0,0
PAIM-618440,the state of Assam Pkg- IV Structures & Toll Plaza (NHIDCL) (618440),Infrastructure & Highways,Ministry of Railways,618440,Assam,1646.47,1646.47,519.68,31.6,2023-03-01,2027-12-31,2028-12-31,2026-07-01,12,0.0,0
PAIM-618438,"SARDP-NE, Phase 'A' in the State of Assam on EPC mode (NHIDCL) (618438)",Infrastructure & Highways,Ministry of Railways,618438,Assam,4118.77,4118.77,2789.72,67.7,2024-03-01,2027-12-31,2029-12-31,2026-07-01,24,0.0,0
PAIM-618437,works & Toll Plaza (NHIDCL) (618437),Infrastructure & Highways,Ministry of Railways,618437,Assam,4126.22,4126.22,3405.91,82.5,2024-03-01,2028-12-31,2027-12-31,2026-07-01,24,0.0,0
PAIM-618436,to Km 208.000 of NH-52 on EPC mode in state of Assam under SARDP-NE (NHIDCL) (618436),Infrastructure & Highways,Ministry of Railways,618436,Assam,2840.1,2840.1,733.86,25.8,2022-03-01,2028-12-31,2027-12-31,2026-07-01,36,0.0,0
PAIM-618373,NH-127B under JICA ODA Loan assistance Phase-III (NHIDCL) (618373),Infrastructure & Highways,Ministry of Railways,618373,Assam,2482.88,2482.88,433.3,17.5,2024-03-01,2026-12-31,2029-12-31,2026-07-01,36,0.0,0
PAIM-618371,Km under JICA ODA Loan assistance Phase-V -Balance work (NHIDCL) (618371),Infrastructure & Highways,Ministry of Railways,618371,Assam,1752.02,1752.02,949.05,54.2,2024-03-01,2028-12-31,2027-12-31,2026-07-01,24,0.0,0
PAIM-618354,km 116.550 near Hangrum Package-7 on EPC mode Package7 (NHIDCL) (618354),Infrastructure & Highways,Ministry of Railways,618354,Assam,3214.92,3214.92,1562.06,48.6,2023-03-01,2026-12-31,2029-12-31,2026-07-01,12,0.0,0
PAIM-618353,Package 8 (NHIDCL) (618353),Infrastructure & Highways,Ministry of Railways,618353,Assam,2008.2,2008.2,1535.57,76.5,2021-03-01,2026-12-31,2029-12-31,2026-07-01,24,0.0,0
PAIM-618352,9 (NHIDCL) (618352),Infrastructure & Highways,Ministry of Railways,618352,Assam,981.84,981.84,787.84,80.2,2022-03-01,2028-12-31,2029-12-31,2026-07-01,24,0.0,0
PAIM-618351,Package-10 (NHIDCL) (618351),Infrastructure & Highways,Ministry of Railways,618351,Assam,2797.54,2797.54,2252.51,80.5,2021-03-01,2028-12-31,2028-12-31,2026-07-01,24,0.0,0
PAIM-618340,EPCMode under NHO-NE Package-3 (NHIDCL) (618340),Infrastructure & Highways,Ministry of Railways,618340,Assam,2669.21,2669.21,2054.75,77.0,2023-03-01,2028-12-31,2027-12-31,2026-07-01,36,0.0,0
PAIM-618331,Package Silchar-Jiribam Pkg-1 in the state of Assam on HAM Mode (NHIDCL) (618331),Infrastructure & Highways,Ministry of Railways,618331,Assam,3753.51,3753.51,2098.74,55.9,2023-03-01,2028-12-31,2029-12-31,2026-07-01,12,0.0,0
PAIM-618326,Daboka-Parokhaowa of NH 29 on EPC under NHO-NE Package-1 (NHIDCL) (618326),Infrastructure & Highways,Ministry of Railways,618326,Assam,1096.68,1096.68,306.04,27.9,2024-03-01,2028-12-31,2027-12-31,2026-07-01,0,0.0,0
PAIM-618308,Pariyojana in Economic Corridors Silchar- Churaibari Package-2 (NHIDCL) (618308),Infrastructure & Highways,Ministry of Railways,618308,Assam,1888.64,1888.64,1322.07,70.0,2023-03-01,2027-12-31,2029-12-31,2026-07-01,24,0.0,0
PAIM-617895,15/AS/2021-22/234 (MoRTH) (617895),Infrastructure & Highways,Ministry of Railways,617895,Assam,301.01,301.01,160.7,53.4,2022-03-01,2028-12-31,2027-12-31,2026-07-01,18,0.0,0
PAIM-617896,31/AS/ 2023-24/265 (MoRTH) (617896),Infrastructure & Highways,Ministry of Railways,617896,Assam,4358.15,4358.15,1294.16,29.7,2024-03-01,2026-12-31,2028-12-31,2026-07-01,18,0.0,0
PAIM-618034,No.427/AS/2022-23/245 (MoRTH) (618034),Infrastructure & Highways,Ministry of Railways,618034,Assam,4382.56,4382.56,3371.67,76.9,2023-03-01,2026-12-31,2027-12-31,2026-07-01,6,0.0,0
PAIM-618309,Mode Package-4 (NHIDCL) (618309),Infrastructure & Highways,Ministry of Railways,618309,Assam,1037.14,1037.14,813.68,78.5,2023-03-01,2028-12-31,2027-12-31,2026-07-01,24,0.0,0
PAIM-618310,Border on Silchar-Churaibari  in the State of Assam on HAM Mode Package-7 (NHIDCL) (618310),Infrastructure & Highways,Ministry of Railways,618310,Assam,1075.21,1075.21,784.71,73.0,2022-03-01,2028-12-31,2027-12-31,2026-07-01,36,0.0,0
PAIM-618311,border in the state of Assam on HAM Mode Package-6 (NHIDCL) (618311),Infrastructure & Highways,Ministry of Railways,618311,Assam,3507.02,3507.02,388.64,11.1,2024-03-01,2027-12-31,2028-12-31,2026-07-01,0,0.0,0
PAIM-618312,NH-8 on Silchar-Churaibari in the state of Assam on HAM Mode Package-5 (NHIDCL) (618312),Infrastructure & Highways,Ministry of Railways,618312,Assam,1083.59,1083.59,147.19,13.6,2022-03-01,2028-12-31,2029-12-31,2026-07-01,24,0.0,0
PAIM-618313,Kalinagar Pt I on NH-37 in Assam on HAM Mode Pkg-1 (NHIDCL) (618313),Infrastructure & Highways,Ministry of Railways,618313,Assam,2389.14,2389.14,1399.67,58.6,2024-03-01,2028-12-31,2028-12-31,2026-07-01,12,0.0,0
PAIM-618159,20.479 km in the State of Assam Job No. 715K/AS/2023-24/256 (MoRTH) (618159),Infrastructure & Highways,Ministry of Railways,618159,Assam,1663.53,1663.53,1261.27,75.8,2022-03-01,2027-12-31,2029-12-31,2026-07-01,12,0.0,0
PAIM-618160,Job no. 715/AS/2020-21/213 (MoRTH) (618160),Infrastructure & Highways,Ministry of Railways,618160,Assam,2512.63,2512.63,922.36,36.7,2023-03-01,2027-12-31,2028-12-31,2026-07-01,18,0.0,0
PAIM-618282,4-L Bilasipara-Guwahati Package-10 (NHIDCL) (618282),Infrastructure & Highways,Ministry of Railways,618282,Assam,2652.22,2652.22,478.09,18.0,2023-03-01,2027-12-31,2029-12-31,2026-07-01,18,0.0,0
PAIM-618283,4-L Bilasipara-Guwahati Package-9 (NHIDCL) (618283),Infrastructure & Highways,Ministry of Railways,618283,Assam,4206.91,4206.91,1816.97,43.2,2024-03-01,2026-12-31,2027-12-31,2026-07-01,36,0.0,0
PAIM-618284,NHO-NE Package-8 (NHIDCL) (618284),Infrastructure & Highways,Ministry of Railways,618284,Assam,4212.18,4212.18,770.07,18.3,2023-03-01,2026-12-31,2027-12-31,2026-07-01,0,0.0,0
PAIM-618286,4385 across River Brahmaputra on NH-17 at Jogighopa in Assam on EPC mode (NHIDCL) (618286),Infrastructure & Highways,Ministry of Railways,618286,Assam,503.56,503.56,154.0,30.6,2021-03-01,2028-12-31,2027-12-31,2026-07-01,18,0.0,0
PAIM-618287,NE Package-2 (NHIDCL) (618287),Infrastructure & Highways,Ministry of Railways,618287,Assam,578.65,578.65,97.44,16.8,2021-03-01,2027-12-31,2029-12-31,2026-07-01,0,0.0,0
PAIM-618288,"Mowatari, before Chapar Bypass  in the state ol Assam on HAM mode Package-1 (NHIDCL) (618288)",Infrastructure & Highways,Ministry of Railways,618288,Assam,3326.18,3326.18,1906.25,57.3,2021-03-01,2027-12-31,2029-12-31,2026-07-01,0,0.0,0
PAIM-618289,and Design Km 0.000 to km 14.660 under BMP on EPC mode (NHIDCL) (618289),Infrastructure & Highways,Ministry of Railways,618289,Assam,4353.42,4353.42,2915.29,67.0,2024-03-01,2026-12-31,2027-12-31,2026-07-01,24,0.0,0
PAIM-618314,Pariyojna on EPC mode. Project Length 29.360 km under NHO-NE Package-2 (NHIDCL) (618314),Infrastructure & Highways,Ministry of Railways,618314,Assam,3619.74,3619.74,871.05,24.1,2022-03-01,2027-12-31,2028-12-31,2026-07-01,24,0.0,0
PAIM-618315,EPC mode Package-1 (NHIDCL) (618315),Infrastructure & Highways,Ministry of Railways,618315,Assam,3231.04,3231.04,2219.89,68.7,2021-03-01,2026-12-31,2029-12-31,2026-07-01,12,0.0,0
PAIM-618306,"under Bharatmala Pariyojana, under NHO-NE  Package-5 (NHIDCL) (618306)",Infrastructure & Highways,Ministry of Railways,618306,Multi-State,4494.06,4494.06,1001.13,22.3,2022-03-01,2028-12-31,2027-12-31,2026-07-01,24,0.0,0
PAIM-618416,22.340 km on NH-129A in the State of Manipur on EPC mode (NHIDCL) (618416),Infrastructure & Highways,Ministry of Railways,618416,Multi-State,390.65,390.65,299.81,76.7,2023-03-01,2026-12-31,2029-12-31,2026-07-01,6,0.0,0
PAIM-618415,40.000 km on NH-129A in the State of Manipur on EPC mode (NHIDCL) (618415),Infrastructure & Highways,Ministry of Railways,618415,Multi-State,855.79,855.79,702.65,82.1,2021-03-01,2028-12-31,2029-12-31,2026-07-01,24,0.0,0
PAIM-618305,mode under Bharatmala Pariyojana under NHO-NE  Package-6 (NHIDCL) (618305),Infrastructure & Highways,Ministry of Railways,618305,Multi-State,1977.53,1977.53,1146.62,58.0,2021-03-01,2028-12-31,2027-12-31,2026-07-01,6,0.0,0
PAIM-618304,"Bharatmala Pariyojana, under NHO-NE Package-7 (NHIDCL) (618304)",Infrastructure & Highways,Ministry of Railways,618304,Multi-State,1619.27,1619.27,1008.16,62.3,2021-03-01,2028-12-31,2028-12-31,2026-07-01,24,0.0,0
PAIM-618303,state of Manipur on EPC mode Package-1 (NHIDCL) (618303),Infrastructure & Highways,Ministry of Railways,618303,Multi-State,1452.67,1452.67,456.36,31.4,2021-03-01,2028-12-31,2028-12-31,2026-07-01,36,0.0,0
PAIM-618389,of Manipur on EPC mode under NHO-TSP Package -4 (NHIDCL) (618389),Infrastructure & Highways,Ministry of Railways,618389,Multi-State,1684.33,1684.33,210.95,12.5,2024-03-01,2026-12-31,2027-12-31,2026-07-01,0,0.0,0
PAIM-618388,of Manipur on EPC mode under NHO-TSP Package -3 (NHIDCL) (618388),Infrastructure & Highways,Ministry of Railways,618388,Multi-State,3063.27,3063.27,1231.39,40.2,2022-03-01,2028-12-31,2029-12-31,2026-07-01,6,0.0,0
PAIM-618387,EPC mode under NHO-NE Package-2 (NHIDCL) (618387),Infrastructure & Highways,Ministry of Railways,618387,Multi-State,2634.42,2634.42,317.28,12.0,2024-03-01,2027-12-31,2027-12-31,2026-07-01,6,0.0,0
PAIM-618302,state of Manipur on EPC mode Package-2 (NHIDCL) (618302),Infrastructure & Highways,Ministry of Railways,618302,Multi-State,3068.52,3068.52,1097.15,35.8,2022-03-01,2028-12-31,2027-12-31,2026-07-01,12,0.0,0
PAIM-618301,297.700 of NH-39 New NH-02 in state of Manipur on EPC mode Pkg-5A (NHIDCL) (618301),Infrastructure & Highways,Ministry of Railways,618301,Multi-State,2755.93,2755.93,653.27,23.7,2024-03-01,2028-12-31,2029-12-31,2026-07-01,18,0.0,0
PAIM-618300,from Km 262175 to Km 274610 in the state of Manipur on EPC mode Pkg-4A (NHIDCL) (618300),Infrastructure & Highways,Ministry of Railways,618300,Multi-State,1532.32,1532.32,208.31,13.6,2023-03-01,2027-12-31,2028-12-31,2026-07-01,6,0.0,0
PAIM-618299,from Km 274610 to Km 287000 in the state of Manipur on EPC mode Pkg-4B (NHIDCL) (618299),Infrastructure & Highways,Ministry of Railways,618299,Multi-State,1999.13,1999.13,1030.59,51.6,2022-03-01,2026-12-31,2028-12-31,2026-07-01,18,0.0,0
PAIM-618298,Pkg-5B (NHIDCL) (618298),Infrastructure & Highways,Ministry of Railways,618298,Multi-State,3321.7,3321.7,756.77,22.8,2023-03-01,2027-12-31,2029-12-31,2026-07-01,36,0.0,0
PAIM-618358,EPC Mode Package-6 (NHIDCL) (618358),Infrastructure & Highways,Ministry of Railways,618358,Multi-State,1710.82,1710.82,1173.97,68.6,2024-03-01,2026-12-31,2027-12-31,2026-07-01,0,0.0,0
PAIM-618357,Mandeu on EPC Mode Package 5 (NHIDCL) (618357),Infrastructure & Highways,Ministry of Railways,618357,Multi-State,2585.14,2585.14,1870.85,72.4,2023-03-01,2028-12-31,2027-12-31,2026-07-01,0,0.0,0
PAIM-618356,near Phelong on EPC Mode Package-3 (NHIDCL) (618356),Infrastructure & Highways,Ministry of Railways,618356,Multi-State,4323.41,4323.41,1143.76,26.5,2021-03-01,2028-12-31,2027-12-31,2026-07-01,24,0.0,0
PAIM-618355,Package-2 (NHIDCL) (618355),Infrastructure & Highways,Ministry of Railways,618355,Multi-State,3123.66,3123.66,2621.92,83.9,2021-03-01,2027-12-31,2027-12-31,2026-07-01,0,0.0,0
PAIM-618349,Package-4A in the State of Manipur on EPC Mode (NHIDCL) (618349),Infrastructure & Highways,Ministry of Railways,618349,Multi-State,3709.44,3709.44,549.62,14.8,2023-03-01,2027-12-31,2027-12-31,2026-07-01,12,0.0,0
PAIM-618348,State of Manipur on EPC Mode (NHIDCL) (618348),Infrastructure & Highways,Ministry of Railways,618348,Multi-State,1354.92,1354.92,147.3,10.9,2024-03-01,2027-12-31,2027-12-31,2026-07-01,18,0.0,0
PAIM-618347,NHO Package-1B (NHIDCL) (618347),Infrastructure & Highways,Ministry of Railways,618347,Multi-State,342.69,342.69,195.63,57.1,2022-03-01,2026-12-31,2028-12-31,2026-07-01,12,0.0,0
PAIM-618346,NHO Package-2A (NHIDCL) (618346),Infrastructure & Highways,Ministry of Railways,618346,Multi-State,1411.68,1411.68,931.63,66.0,2021-03-01,2026-12-31,2027-12-31,2026-07-01,6,0.0,0
PAIM-618345,Package-2B (NHIDCL) (618345),Infrastructure & Highways,Ministry of Railways,618345,Multi-State,2366.88,2366.88,380.53,16.1,2021-03-01,2027-12-31,2029-12-31,2026-07-01,0,0.0,0
PAIM-618344,on EPC mode Package-3 (NHIDCL) (618344),Infrastructure & Highways,Ministry of Railways,618344,Multi-State,3344.74,3344.74,1826.12,54.6,2023-03-01,2027-12-31,2027-12-31,2026-07-01,24,0.0,0
PAIM-618338,Balance Works & Rectification works (NHIDCL) (618338),Infrastructure & Highways,Ministry of Railways,618338,Multi-State,2521.75,2521.75,360.31,14.3,2022-03-01,2026-12-31,2028-12-31,2026-07-01,18,0.0,0
PAIM-618337,33.395 to km 67.496 on EPC Mode in Manipur PKG-3 (NHIDCL) (618337),Infrastructure & Highways,Ministry of Railways,618337,Multi-State,3650.94,3650.94,637.59,17.5,2022-03-01,2026-12-31,2028-12-31,2026-07-01,36,0.0,0
PAIM-618336,km 103.557 on EPC Mode in Manipur PKG-4 (NHIDCL) (618336),Infrastructure & Highways,Ministry of Railways,618336,Multi-State,949.83,949.83,785.43,82.7,2022-03-01,2026-12-31,2028-12-31,2026-07-01,6,0.0,0
PAIM-618335,Puilon Kambiron Village on EPC Mode in Manipur PKG-5 (NHIDCL) (618335),Infrastructure & Highways,Ministry of Railways,618335,Multi-State,4315.95,4315.95,2768.54,64.1,2024-03-01,2026-12-31,2027-12-31,2026-07-01,24,0.0,0
PAIM-618334,NHO-TSP PKG-6 (NHIDCL) (618334),Infrastructure & Highways,Ministry of Railways,618334,Multi-State,1204.81,1204.81,218.39,18.1,2023-03-01,2028-12-31,2029-12-31,2026-07-01,24,0.0,0
PAIM-618333,PKG-7 (NHIDCL) (618333),Infrastructure & Highways,Ministry of Railways,618333,Multi-State,2431.92,2431.92,324.71,13.4,2021-03-01,2026-12-31,2027-12-31,2026-07-01,18,0.0,0
PAIM-618295,Km 8600 to Km 53000 of Old NH-62 under BMP Lot-1 Pkg-1B Meghalaya portion (NHIDCL) (618295),Infrastructure & Highways,Ministry of Railways,618295,Multi-State,2510.35,2510.35,303.12,12.1,2022-03-01,2026-12-31,2029-12-31,2026-07-01,12,0.0,0
PAIM-618294,of NH-1278 under Bharatmala Pariyojana Lot-1 Pkg-1B Meghalaya portion (NHIDCL) (618294),Infrastructure & Highways,Ministry of Railways,618294,Multi-State,1291.87,1291.87,512.48,39.7,2024-03-01,2026-12-31,2027-12-31,2026-07-01,24,0.0,0
PAIM-618374,assistance Phase-II Pkg-5 -Balance work (NHIDCL) (618374),Infrastructure & Highways,Ministry of Railways,618374,Multi-State,3344.54,3344.54,2481.83,74.2,2023-03-01,2027-12-31,2028-12-31,2026-07-01,18,0.0,0
PAIM-618375,Balance work Pkg-4 (NHIDCL) (618375),Infrastructure & Highways,Ministry of Railways,618375,Multi-State,1722.76,1722.76,1386.2,80.5,2021-03-01,2026-12-31,2029-12-31,2026-07-01,36,0.0,0
PAIM-618376,ODA Loan assistance Phase-II -Balance Work-Pkg-2 (NHIDCL) (618376),Infrastructure & Highways,Ministry of Railways,618376,Multi-State,3545.14,3545.14,933.63,26.3,2021-03-01,2027-12-31,2028-12-31,2026-07-01,24,0.0,0
PAIM-618377,under JICA ODA Loan assistance Phase-II -Balance Work Pkg-1 (NHIDCL) (618377),Infrastructure & Highways,Ministry of Railways,618377,Multi-State,4260.91,4260.91,3073.55,72.1,2021-03-01,2027-12-31,2028-12-31,2026-07-01,12,0.0,0
PAIM-618076,31.500 Goeragre to km 63.224 Package-II in state of Meghalaya (MoRTH) (618076),Infrastructure & Highways,Ministry of Railways,618076,Assam,4337.28,4337.28,1133.25,26.1,2022-03-01,2027-12-31,2028-12-31,2026-07-01,0,0.0,0
PAIM-618418,NE in the State of Meghalaya  Package-1 (NHIDCL) (618418),Infrastructure & Highways,Ministry of Railways,618418,Assam,3435.99,3435.99,1467.32,42.7,2023-03-01,2026-12-31,2027-12-31,2026-07-01,36,0.0,0
PAIM-618419,state of Meghalaya on EPC Mode Greenfield alignment (NHIDCL) (618419),Infrastructure & Highways,Ministry of Railways,618419,Multi-State,4418.08,4418.08,866.12,19.6,2021-03-01,2027-12-31,2027-12-31,2026-07-01,36,0.0,0
PAIM-618420,of Meghalaya on EPC Mode (NHIDCL) (618420),Infrastructure & Highways,Ministry of Railways,618420,Multi-State,3732.7,3732.7,816.23,21.9,2024-03-01,2026-12-31,2027-12-31,2026-07-01,12,0.0,0
PAIM-618421,Meghalaya on EPC Mode Greenfield alignment (NHIDCL) (618421),Infrastructure & Highways,Ministry of Railways,618421,Multi-State,707.58,707.58,562.96,79.6,2023-03-01,2026-12-31,2029-12-31,2026-07-01,0,0.0,0
PAIM-617885,NE  ong-Don-Maw/MG/2020-21/294 (MoRTH) (617885),Infrastructure & Highways,Ministry of Railways,617885,Multi-State,2953.48,2953.48,1931.6,65.4,2024-03-01,2027-12-31,2028-12-31,2026-07-01,36,0.0,0
PAIM-619010,NHO-NE Package-3  Keifang- Tuivai Pkg-3 (NHIDCL) (619010),Infrastructure & Highways,Ministry of Railways,619010,Multi-State,3701.4,3701.4,3138.07,84.8,2021-03-01,2027-12-31,2028-12-31,2026-07-01,0,0.0,0
PAIM-619321,Mizoram. (MoRTH) (619321),Infrastructure & Highways,Ministry of Railways,619321,Multi-State,4190.96,4190.96,2412.08,57.6,2022-03-01,2026-12-31,2028-12-31,2026-07-01,36,0.0,0
PAIM-618452,"in the State of Mizoram on EPC mode under NHO-NE, stretch of IMBR (NHIDCL) (618452)",Infrastructure & Highways,Ministry of Railways,618452,Multi-State,728.77,728.77,380.75,52.2,2024-03-01,2026-12-31,2027-12-31,2026-07-01,18,0.0,0
PAIM-618324,Pariyojna on EPC Mode under NHO-NE (NHIDCL) (618324),Infrastructure & Highways,Ministry of Railways,618324,Multi-State,394.84,394.84,175.01,44.3,2023-03-01,2026-12-31,2028-12-31,2026-07-01,24,0.0,0
PAIM-618323,2 (NHIDCL) (618323),Infrastructure & Highways,Ministry of Railways,618323,Multi-State,806.54,806.54,469.91,58.3,2021-03-01,2028-12-31,2029-12-31,2026-07-01,36,0.0,0
PAIM-618321,Pariyojna on EPC mode under NHO-NE Package-8 (NHIDCL) (618321),Infrastructure & Highways,Ministry of Railways,618321,Multi-State,1171.06,1171.06,135.3,11.6,2024-03-01,2026-12-31,2028-12-31,2026-07-01,0,0.0,0
PAIM-618320,Sairang road in the State of Mizoram on EPC mode (NHIDCL) (618320),Infrastructure & Highways,Ministry of Railways,618320,Multi-State,4010.88,4010.88,696.25,17.4,2023-03-01,2028-12-31,2027-12-31,2026-07-01,24,0.0,0
PAIM-618319,"on Silchar-Vairengte- Sairang road, Vairengte - Sairang Pkg-6 (NHIDCL) (618319)",Infrastructure & Highways,Ministry of Railways,618319,Multi-State,309.11,309.11,111.54,36.1,2024-03-01,2026-12-31,2028-12-31,2026-07-01,36,0.0,0
PAIM-618318,under NHO-NE Vairengte - Sairang Pkg-5 (NHIDCL) (618318),Infrastructure & Highways,Ministry of Railways,618318,Multi-State,2687.75,2687.75,521.03,19.4,2023-03-01,2026-12-31,2027-12-31,2026-07-01,36,0.0,0
PAIM-618317,Pariyojna on EPC mode Vairengte - Sairang Pkg-4 (NHIDCL) (618317),Infrastructure & Highways,Ministry of Railways,618317,Multi-State,2483.36,2483.36,1440.86,58.0,2021-03-01,2027-12-31,2028-12-31,2026-07-01,0,0.0,0
PAIM-618383,section under JICA ODA Loan assistance Phase-I Package-8 (NHIDCL) (618383),Infrastructure & Highways,Ministry of Railways,618383,Multi-State,3365.38,3365.38,2851.1,84.7,2021-03-01,2028-12-31,2029-12-31,2026-07-01,36,0.0,0
PAIM-618380,Tuipang Section of NH-54 in the State of Mizoram Package-3 (NHIDCL) (618380),Infrastructure & Highways,Ministry of Railways,618380,Multi-State,4278.5,4278.5,3531.4,82.5,2024-03-01,2028-12-31,2027-12-31,2026-07-01,24,0.0,0
PAIM-618316,Pariyojna under NHO-NE. Package-1&2 in Assam state (NHIDCL) (618316),Infrastructure & Highways,Ministry of Railways,618316,Assam,3556.73,3556.73,2533.18,71.2,2023-03-01,2026-12-31,2029-12-31,2026-07-01,36,0.0,0
PAIM-618362,A (NHIDCL) (618362),Infrastructure & Highways,Ministry of Railways,618362,Multi-State,589.77,589.77,120.35,20.4,2021-03-01,2027-12-31,2027-12-31,2026-07-01,12,0.0,0
PAIM-618363,under Bharatmala Pariyojana on EPC mode [Pkg-B] (NHIDCL) (618363),Infrastructure & Highways,Ministry of Railways,618363,Multi-State,987.74,987.74,765.14,77.5,2024-03-01,2027-12-31,2027-12-31,2026-07-01,12,0.0,0
PAIM-618379,Tuipang Section of NH-54 in the State of Mizoram Package-5 (NHIDCL) (618379),Infrastructure & Highways,Ministry of Railways,618379,Multi-State,3342.78,3342.78,492.41,14.7,2024-03-01,2027-12-31,2028-12-31,2026-07-01,12,0.0,0
PAIM-618359,EPC mode under Bharatmala Pariyojna of Length 27.514 Km Package-3 (NHIDCL) (618359),Infrastructure & Highways,Ministry of Railways,618359,Assam,760.22,760.22,433.52,57.0,2021-03-01,2027-12-31,2027-12-31,2026-07-01,18,0.0,0
PAIM-617886,to Km 125 of NH 61 (MoRTH) (617886),Infrastructure & Highways,Ministry of Railways,617886,Assam,3825.15,3825.15,3134.56,81.9,2021-03-01,2027-12-31,2028-12-31,2026-07-01,12,0.0,0
PAIM-618328,Bypass under SARDP-NE Package-III (NHIDCL) (618328),Infrastructure & Highways,Ministry of Railways,618328,Multi-State,2252.62,2252.62,501.32,22.3,2021-03-01,2027-12-31,2029-12-31,2026-07-01,12,0.0,0
PAIM-618072,Km 220.00 of NH-61 New NH-02 in the state of Nagaland. (MoRTH) (618072),Infrastructure & Highways,Ministry of Railways,618072,Multi-State,2983.79,2983.79,1289.81,43.2,2024-03-01,2028-12-31,2028-12-31,2026-07-01,0,0.0,0
PAIM-618364,on EPC mode under NH O-NE (NHIDCL) (618364),Infrastructure & Highways,Ministry of Railways,618364,Multi-State,457.27,457.27,279.98,61.2,2021-03-01,2027-12-31,2027-12-31,2026-07-01,0,0.0,0
PAIM-618365,Nagaland on EPC mode under NHO-NE (NHIDCL) (618365),Infrastructure & Highways,Ministry of Railways,618365,Multi-State,3655.54,3655.54,1907.07,52.2,2022-03-01,2027-12-31,2027-12-31,2026-07-01,36,0.0,0
PAIM-618290,State of Nagaland under SARDP-NE on EPC Mode Package-IV (NHIDCL) (618290),Infrastructure & Highways,Ministry of Railways,618290,Multi-State,1125.48,1125.48,462.96,41.1,2022-03-01,2028-12-31,2028-12-31,2026-07-01,36,0.0,0
PAIM-618291,state of Nagaland Under SARDP-NE on EPC Mode Package- 3 (NHIDCL) (618291),Infrastructure & Highways,Ministry of Railways,618291,Multi-State,4376.58,4376.58,1382.83,31.6,2022-03-01,2027-12-31,2028-12-31,2026-07-01,18,0.0,0
PAIM-618292,state of Nagaland Under SARDP-NE on EPC Mode Package-2 (NHIDCL) (618292),Infrastructure & Highways,Ministry of Railways,618292,Multi-State,4481.39,4481.39,3292.42,73.5,2024-03-01,2028-12-31,2028-12-31,2026-07-01,12,0.0,0
PAIM-619059,SARDP-NE  PKG-IV Balance work (NHIDCL) (619059),Infrastructure & Highways,Ministry of Railways,619059,Multi-State,276.2,276.2,145.77,52.8,2023-03-01,2027-12-31,2027-12-31,2026-07-01,18,0.0,0
PAIM-618293,on EPC Mode Package-1 -Balance work (NHIDCL) (618293),Infrastructure & Highways,Ministry of Railways,618293,Multi-State,884.93,884.93,263.93,29.8,2021-03-01,2027-12-31,2028-12-31,2026-07-01,12,0.0,0
PAIM-618366,on EPC mode under NHO-NE (NHIDCL) (618366),Infrastructure & Highways,Ministry of Railways,618366,Multi-State,3157.14,3157.14,985.21,31.2,2022-03-01,2027-12-31,2028-12-31,2026-07-01,18,0.0,0
PAIM-618296,on EPC Mode Package-V under NHO (NHIDCL) (618296),Infrastructure & Highways,Ministry of Railways,618296,Multi-State,3263.26,3263.26,2655.05,81.4,2023-03-01,2028-12-31,2027-12-31,2026-07-01,6,0.0,0
PAIM-618297,Mode under NHO Package-II -Balance work (NHIDCL) (618297),Infrastructure & Highways,Ministry of Railways,618297,Multi-State,211.08,211.08,160.49,76.0,2024-03-01,2028-12-31,2027-12-31,2026-07-01,6,0.0,0
PAIM-618413,Nagaland on EPC mode under NHO-TSP Package-III (NHIDCL) (618413),Infrastructure & Highways,Ministry of Railways,618413,Multi-State,2441.26,2441.26,1081.29,44.3,2023-03-01,2028-12-31,2027-12-31,2026-07-01,6,0.0,0
PAIM-618414,in the state of Nagaland on EPC mode under NHO-TSP Package-II (NHIDCL) (618414),Infrastructure & Highways,Ministry of Railways,618414,Multi-State,3019.06,3019.06,2481.81,82.2,2023-03-01,2026-12-31,2028-12-31,2026-07-01,18,0.0,0
PAIM-618422,SARDP-NE package-V  Balance work (NHIDCL) (618422),Infrastructure & Highways,Ministry of Railways,618422,Multi-State,1219.7,1219.7,559.5,45.9,2022-03-01,2028-12-31,2027-12-31,2026-07-01,36,0.0,0
PAIM-618423,Balance work (NHIDCL) (618423),Infrastructure & Highways,Ministry of Railways,618423,Multi-State,3656.74,3656.74,1345.98,36.8,2023-03-01,2026-12-31,2029-12-31,2026-07-01,6,0.0,0
PAIM-618450,km58.840 under SARDP-NE Phase A  Pkg- IV (NHIDCL) (618450),Infrastructure & Highways,Ministry of Railways,618450,Multi-State,3949.39,3949.39,3230.56,81.8,2024-03-01,2028-12-31,2028-12-31,2026-07-01,12,0.0,0
PAIM-618449,spur NH-717B on EPC Mode under SARDP-NE Phase-A in Sikkim Pkg-II B (NHIDCL) (618449),Infrastructure & Highways,Ministry of Railways,618449,Multi-State,1240.46,1240.46,548.68,44.2,2021-03-01,2028-12-31,2028-12-31,2026-07-01,0,0.0,0
PAIM-618448,the State of Sikkim. (NHIDCL) (618448),Infrastructure & Highways,Ministry of Railways,618448,Multi-State,903.46,903.46,247.73,27.4,2021-03-01,2026-12-31,2029-12-31,2026-07-01,0,0.0,0
PAIM-618447,Sikkim. (NHIDCL) (618447),Infrastructure & Highways,Ministry of Railways,618447,Multi-State,4200.88,4200.88,1023.32,24.4,2021-03-01,2026-12-31,2027-12-31,2026-07-01,24,0.0,0
PAIM-618446,Rongli to Chochenpheri of NH 717B Pkg-II C (NHIDCL) (618446),Infrastructure & Highways,Ministry of Railways,618446,Multi-State,4486.09,4486.09,1065.1,23.7,2021-03-01,2027-12-31,2029-12-31,2026-07-01,12,0.0,0
PAIM-618071,Ranipool to Burtuk Ch 0.00 Km to 23.316 L23.316 Km in the State of Sikkim (MoRTH) (618071),Infrastructure & Highways,Ministry of Railways,618071,Multi-State,438.62,438.62,290.45,66.2,2023-03-01,2027-12-31,2029-12-31,2026-07-01,6,0.0,0
PAIM-618428,Bridge of 680 m in the State of Sikkim on EPC Mode-COS work (NHIDCL) (618428),Infrastructure & Highways,Ministry of Railways,618428,Multi-State,832.52,832.52,527.05,63.3,2021-03-01,2028-12-31,2027-12-31,2026-07-01,36,0.0,0
PAIM-618426,State of Sikkim (NHIDCL) (618426),Infrastructure & Highways,Ministry of Railways,618426,Multi-State,3857.04,3857.04,2161.01,56.0,2021-03-01,2027-12-31,2029-12-31,2026-07-01,18,0.0,0
PAIM-618367,JICA ODA Loan Phase VI Package-4 (NHIDCL) (618367),Infrastructure & Highways,Ministry of Railways,618367,Multi-State,2992.41,2992.41,1016.47,34.0,2024-03-01,2027-12-31,2028-12-31,2026-07-01,36,0.0,0
PAIM-618368,under JICA ODA Loan Phase VI Package-3 (NHIDCL) (618368),Infrastructure & Highways,Ministry of Railways,618368,Multi-State,613.23,613.23,514.8,83.9,2022-03-01,2026-12-31,2029-12-31,2026-07-01,0,0.0,0
PAIM-618369,the state of Tripura on EPC mode under JICA ODA Loan Phase VI Package-2 (NHIDCL) (618369),Infrastructure & Highways,Ministry of Railways,618369,Multi-State,3718.07,3718.07,2288.73,61.6,2021-03-01,2028-12-31,2029-12-31,2026-07-01,0,0.0,0
PAIM-618370,JICA ODA Loan Phase VI Package-1 (NHIDCL) (618370),Infrastructure & Highways,Ministry of Railways,618370,Multi-State,3555.79,3555.79,2878.83,81.0,2022-03-01,2026-12-31,2029-12-31,2026-07-01,18,0.0,0
PAIM-618385,with paved shoulder on EPC basis under NHO Package-III- Balance Work (NHIDCL) (618385),Infrastructure & Highways,Ministry of Railways,618385,Multi-State,3560.22,3560.22,1746.57,49.1,2022-03-01,2026-12-31,2028-12-31,2026-07-01,12,0.0,0
PAIM-618411,and overlay from Km 20.30 to Km 22.00 1.7 Km Total Length  13.2 Km (NHIDCL) (618411),Infrastructure & Highways,Ministry of Railways,618411,Multi-State,2265.88,2265.88,984.62,43.5,2023-03-01,2027-12-31,2029-12-31,2026-07-01,0,0.0,0
PAIM-618350,state of Tripura on EPC basis under NHO-NE (NHIDCL) (618350),Infrastructure & Highways,Ministry of Railways,618350,Multi-State,3177.14,3177.14,1892.93,59.6,2023-03-01,2027-12-31,2029-12-31,2026-07-01,0,0.0,0
PAIM-618417,state of Tripura on EPC basis under NHO-NE (NHIDCL) (618417),Infrastructure & Highways,Ministry of Railways,618417,Multi-State,2941.7,2941.7,2153.52,73.2,2021-03-01,2026-12-31,2028-12-31,2026-07-01,12,0.0,0
PAIM-618307,Pariyojana Manu-Simlung -2 (NHIDCL) (618307),Infrastructure & Highways,Ministry of Railways,618307,Multi-State,2173.11,2173.11,1244.38,57.3,2021-03-01,2027-12-31,2027-12-31,2026-07-01,18,0.0,0
PAIM-701598,Highways of Meghalaya (Department of Telecommunications) (701598),Infrastructure & Highways,Ministry of Railways,701598,Assam,1338.67,1338.67,778.3,58.1,2022-03-01,2026-12-31,2027-12-31,2026-07-01,12,0.0,0
PAIM-701597,2 Districts of Assam (Department of Telecommunications) (701597),Infrastructure & Highways,Ministry of Railways,701597,Assam,2863.43,2863.43,2227.13,77.8,2024-03-01,2027-12-31,2028-12-31,2026-07-01,12,0.0,0
PAIM-400013,Saturation 4G mobile coverage of Uncovered Villages through USOF (Department of Telecommunications [DoT]) (400013),Infrastructure & Highways,Ministry of Railways,400013,Assam,1377.14,1377.14,937.72,68.1,2022-03-01,2026-12-31,2028-12-31,2026-07-01,18,0.0,0
PAIM-709856,ALONG WITH TEST AND MEASURING EQUIPMENT (BSNL) (709856),Infrastructure & Highways,Ministry of Railways,709856,Assam,1043.04,1043.04,696.48,66.8,2021-03-01,2026-12-31,2027-12-31,2026-07-01,0,0.0,0
PAIM-706775,BharatNet (Department of Telecommunications [DoT]) (706775),Infrastructure & Highways,Ministry of Railways,706775,Assam,3391.47,3391.47,525.91,15.5,2022-03-01,2028-12-31,2028-12-31,2026-07-01,24,0.0,0
PAIM-701370,"Borolia Irrigation Project (Department of Water Resources, River Development & GR) (701370)",Infrastructure & Highways,Ministry of Railways,701370,Assam,4019.74,4019.74,2334.92,58.1,2021-03-01,2026-12-31,2029-12-31,2026-07-01,18,0.0,0
PAIM-701400,Thoubal Multipurpose Project (Water Resources Department-MN) (701400),Infrastructure & Highways,Ministry of Railways,701400,Assam,750.19,750.19,578.25,77.1,2024-03-01,2027-12-31,2028-12-31,2026-07-01,0,0.0,0
PAIM-612786,"including maintenance, operations and AICMC at Kadapa Airport (Airport Authority of India [AAI]) (612786)",Infrastructure & Highways,Ministry of Civil Aviation,612786,Andhra Pradesh,4290.65,4290.65,679.14,15.8,2022-03-01,2028-12-31,2027-12-31,2026-07-01,0,0.0,0
PAIM-701107,Airport. (Airport Authority of India [AAI]) (701107),Infrastructure & Highways,Ministry of Civil Aviation,701107,Andhra Pradesh,1687.48,1687.48,728.1,43.1,2021-03-01,2028-12-31,2028-12-31,2026-07-01,0,0.0,0
PAIM-701121,Construction of New  Domestic Terminal Building  at Rajahmundry Airport. (Airport Authority of India [AAI]) (701121),Infrastructure & Highways,Ministry of Civil Aviation,701121,Andhra Pradesh,1317.93,1317.93,710.35,53.9,2022-03-01,2028-12-31,2028-12-31,2026-07-01,12,0.0,0
PAIM-612183,Development of New Civil Enclave at Bihta (Airport Authority of India [AAI]) (612183),Infrastructure & Highways,Ministry of Civil Aviation,612183,Bihar,308.15,308.15,209.75,68.1,2023-03-01,2028-12-31,2027-12-31,2026-07-01,18,0.0,0
PAIM-612194,Development of New Civil Enclave and associated works at Darbhanga Airport (Airport Authority of India [AAI]) (612194),Infrastructure & Highways,Ministry of Civil Aviation,612194,Bihar,3035.55,3035.55,712.02,23.5,2024-03-01,2026-12-31,2028-12-31,2026-07-01,24,0.0,0
PAIM-701101,"structures at JPNI Airport, Patna (Airport Authority of India [AAI]) (701101)",Infrastructure & Highways,Ministry of Civil Aviation,701101,Gujarat,3368.72,3368.72,1439.34,42.7,2022-03-01,2028-12-31,2029-12-31,2026-07-01,0,0.0,0
PAIM-619054,Development of Keshod Airport. (Airport Authority of India [AAI]) (619054),Infrastructure & Highways,Ministry of Civil Aviation,619054,Gujarat,4046.76,4046.76,1597.12,39.5,2022-03-01,2026-12-31,2028-12-31,2026-07-01,24,0.0,0
PAIM-701126,"Development of Dholera International Greenfield Airport , Gujarat (Airport Authority of India [AAI]) (701126)",Infrastructure & Highways,Ministry of Civil Aviation,701126,Gujarat,952.78,952.78,549.0,57.6,2022-03-01,2028-12-31,2027-12-31,2026-07-01,18,0.0,0
PAIM-611047,works and electrical & mechanical installations towards Tawi River side at CA Jammu. (Airport Authority of India [AAI]) ,Infrastructure & Highways,Ministry of Civil Aviation,611047,Multi-State,967.14,967.14,691.47,71.5,2024-03-01,2028-12-31,2028-12-31,2026-07-01,12,0.0,0
PAIM-612787,Airport (Airport Authority of India [AAI]) (612787),Infrastructure & Highways,Ministry of Civil Aviation,612787,Karnataka,626.31,626.31,477.95,76.3,2021-03-01,2026-12-31,2027-12-31,2026-07-01,18,0.0,0
PAIM-612788,Belagavi Airport. (Airport Authority of India [AAI]) (612788),Infrastructure & Highways,Ministry of Civil Aviation,612788,Karnataka,1073.78,1073.78,548.63,51.1,2023-03-01,2028-12-31,2028-12-31,2026-07-01,6,0.0,0
PAIM-612789,works for additional RESA on either end on Runway 10-28 (Airport Authority of India [AAI]) (612789),Infrastructure & Highways,Ministry of Civil Aviation,612789,Multi-State,2726.6,2726.6,297.79,10.9,2024-03-01,2028-12-31,2027-12-31,2026-07-01,6,0.0,0
PAIM-400010,"Construction of Terminal Building & Associated works at Leh Airport, Ladakh (Airport Authority of India [AAI]) (400010)",Infrastructure & Highways,Ministry of Civil Aviation,400010,Multi-State,613.4,613.4,163.08,26.6,2022-03-01,2027-12-31,2027-12-31,2026-07-01,36,0.0,0
PAIM-611570,"Navi Mumbai, Jewar [earlier MOPA, without ASMGCS], HIAL & BIAL (Airport Authority of India [AAI]) (611570)",Infrastructure & Highways,Ministry of Civil Aviation,611570,Maharashtra,3248.09,3248.09,1123.66,34.6,2022-03-01,2026-12-31,2027-12-31,2026-07-01,24,0.0,0
PAIM-618977,"Development of New Greenfield Airport at Bundi, Kota Rajasthan. (Airport Authority of India [AAI]) (618977)",Infrastructure & Highways,Ministry of Civil Aviation,618977,Rajasthan,3058.2,3058.2,596.56,19.5,2021-03-01,2026-12-31,2027-12-31,2026-07-01,18,0.0,0
PAIM-701127,Airport. (Airport Authority of India [AAI]) (701127),Infrastructure & Highways,Ministry of Civil Aviation,701127,Rajasthan,3784.93,3784.93,906.11,23.9,2023-03-01,2027-12-31,2028-12-31,2026-07-01,6,0.0,0
PAIM-701128,Construction of New Integrated Passenger Terminal Building at Udaipur Airport (Airport Authority of India [AAI]) (701128,Infrastructure & Highways,Ministry of Civil Aviation,701128,Rajasthan,3569.39,3569.39,2573.29,72.1,2024-03-01,2026-12-31,2027-12-31,2026-07-01,6,0.0,0
PAIM-611602,"Modernization of Chennai Airport, Phase II, Part 2 (Airport Authority of India [AAI]) (611602)",Infrastructure & Highways,Ministry of Coal,611602,Tamil Nadu,3116.39,3116.39,1979.45,63.5,2021-03-01,2027-12-31,2027-12-31,2026-07-01,0,0.0,0
PAIM-701113,"Terminal Building, Apron Extension, Runway Extension, PTT and allied works. (Airport Authority of India [AAI]) (701113)",Infrastructure & Highways,Ministry of Coal,701113,Uttar Pradesh,3027.58,3027.58,801.48,26.5,2024-03-01,2027-12-31,2027-12-31,2026-07-01,18,0.0,0
PAIM-701122,Development of New Integrated Civil Enclave at Agra Airport (Airport Authority of India [AAI]) (701122),Infrastructure & Highways,Ministry of Coal,701122,Uttar Pradesh,873.43,873.43,286.66,32.8,2024-03-01,2027-12-31,2027-12-31,2026-07-01,0,0.0,0
PAIM-611495,Development of New Civil Enclave at Bagdogra Airport (Airport Authority of India [AAI]) (611495),Infrastructure & Highways,Ministry of Coal,611495,Uttar Pradesh,3780.58,3780.58,668.78,17.7,2022-03-01,2028-12-31,2027-12-31,2026-07-01,36,0.0,0
PAIM-612791,Strengthening of C Taxiway at NSCBI Airport Kolkata. (Airport Authority of India [AAI]) (612791),Infrastructure & Highways,Ministry of Coal,612791,West Bengal,1034.05,1034.05,724.49,70.1,2023-03-01,2027-12-31,2028-12-31,2026-07-01,24,0.0,0
PAIM-400144,PORDA CHIMTAPANI OCP [10 MTY] (SECL - CIL) (400144),Infrastructure & Highways,Ministry of Coal,400144,Assam,2891.33,2891.33,2215.78,76.6,2023-03-01,2027-12-31,2028-12-31,2026-07-01,12,0.0,0
PAIM-400149,BAROUD OC EXPANSION [3.0-10.0M (SECL - CIL) (400149),Infrastructure & Highways,Ministry of Coal,400149,Multi-State,605.87,605.87,334.06,55.1,2024-03-01,2028-12-31,2029-12-31,2026-07-01,36,0.0,0
PAIM-400354,DIPKA EXPANSION OCP [40 MTY] (SECL - CIL) (400354),Infrastructure & Highways,Ministry of Coal,400354,Multi-State,1124.49,1124.49,899.54,80.0,2021-03-01,2027-12-31,2027-12-31,2026-07-01,6,0.0,0
PAIM-400424,GEVRA OC [70 MTY] (SECL - CIL) (400424),Infrastructure & Highways,Ministry of Coal,400424,Multi-State,3789.78,3789.78,3151.91,83.2,2024-03-01,2027-12-31,2028-12-31,2026-07-01,6,0.0,0
PAIM-613798,AMERA OC RCE [1.0 MTY] (SECL - CIL) (613798),Infrastructure & Highways,Ministry of Coal,613798,Multi-State,2970.9,2970.9,329.08,11.1,2023-03-01,2027-12-31,2028-12-31,2026-07-01,18,0.0,0
PAIM-613799,AMGAON OC RCE [1.0 MTY] (SECL - CIL) (613799),Infrastructure & Highways,Ministry of Coal,613799,Multi-State,3918.38,3918.38,1417.19,36.2,2022-03-01,2027-12-31,2029-12-31,2026-07-01,18,0.0,0
PAIM-613800,JAGANNATHPUR OC RCE PROJECT (SECL - CIL) (613800),Infrastructure & Highways,Ministry of Coal,613800,Multi-State,4003.76,4003.76,3394.54,84.8,2024-03-01,2028-12-31,2028-12-31,2026-07-01,6,0.0,0
PAIM-613801,MAHAMAYA OCP [1.50 MTY] (SECL - CIL) (613801),Infrastructure & Highways,Ministry of Coal,613801,Multi-State,3615.3,3615.3,864.28,23.9,2022-03-01,2028-12-31,2029-12-31,2026-07-01,36,0.0,0
PAIM-615191,KATKONA RO UG MINE (SECL - CIL) (615191),Infrastructure & Highways,Ministry of Coal,615191,Multi-State,3220.4,3220.4,1038.29,32.2,2022-03-01,2028-12-31,2027-12-31,2026-07-01,24,0.0,0
PAIM-616234,PELMA OC MDO (SECL - CIL) (616234),Infrastructure & Highways,Ministry of Coal,616234,Multi-State,2008.08,2008.08,1315.66,65.5,2022-03-01,2027-12-31,2029-12-31,2026-07-01,36,0.0,0
PAIM-617287,KUSMUNDA OC EXPANSION PROJECT (SECL - CIL) (617287),Infrastructure & Highways,Ministry of Coal,617287,Multi-State,761.14,761.14,495.06,65.0,2022-03-01,2028-12-31,2028-12-31,2026-07-01,18,0.0,0
PAIM-617288,MANIKPUR OC EXPANSION PROJECT (SECL - CIL) (617288),Infrastructure & Highways,Ministry of Coal,617288,Multi-State,2466.18,2466.18,1664.53,67.5,2022-03-01,2026-12-31,2028-12-31,2026-07-01,24,0.0,0
PAIM-619171,RPR FOR DURGAPUR OCP 10 MTY (SECL - CIL) (619171),Infrastructure & Highways,Ministry of Coal,619171,Multi-State,3062.73,3062.73,493.26,16.1,2023-03-01,2028-12-31,2028-12-31,2026-07-01,24,0.0,0
PAIM-619172,MADANNAGAR OCP 12 MTY - MDO (SECL - CIL) (619172),Infrastructure & Highways,Ministry of Coal,619172,Multi-State,2035.42,2035.42,1273.63,62.6,2022-03-01,2027-12-31,2027-12-31,2026-07-01,12,0.0,0
PAIM-400018,HURA C OCP (Eastern Coal Fields Limited [ECL]) (400018),Infrastructure & Highways,Ministry of Coal,400018,Multi-State,2594.12,2594.12,717.51,27.7,2024-03-01,2027-12-31,2027-12-31,2026-07-01,0,0.0,0
PAIM-400073,KONAR EXPANSION OCP (CCL - CIL) (400073),Infrastructure & Highways,Ministry of Coal,400073,Multi-State,294.72,294.72,57.98,19.7,2023-03-01,2026-12-31,2028-12-31,2026-07-01,24,0.0,0
PAIM-400074,KARO EXPANSION OCP (CCL - CIL) (400074),Infrastructure & Highways,Ministry of Coal,400074,Multi-State,4453.69,4453.69,2781.72,62.5,2024-03-01,2028-12-31,2028-12-31,2026-07-01,0,0.0,0
PAIM-400136,SANGHMITRA OC (CCL - CIL) (400136),Infrastructure & Highways,Ministry of Coal,400136,Multi-State,3083.6,3083.6,629.08,20.4,2021-03-01,2027-12-31,2029-12-31,2026-07-01,18,0.0,0
PAIM-400138,CHANDRAGUPT OCP (CCL - CIL) (400138),Infrastructure & Highways,Ministry of Coal,400138,Multi-State,2368.29,2368.29,324.75,13.7,2022-03-01,2028-12-31,2029-12-31,2026-07-01,6,0.0,0
PAIM-400139,KOTRE BASANTPUR PACHMO OCP (Ministry of Coal) (400139),Infrastructure & Highways,Ministry of Coal,400139,Multi-State,1035.88,1035.88,188.41,18.2,2022-03-01,2027-12-31,2029-12-31,2026-07-01,6,0.0,0
PAIM-400142,Pachwara South Coal Block (NLC India Limited) (400142),Infrastructure & Highways,Ministry of Coal,400142,Multi-State,3569.0,3569.0,1094.09,30.7,2023-03-01,2026-12-31,2029-12-31,2026-07-01,0,0.0,0
PAIM-400150,RPR MAGADH EXP OCP (Ministry of Coal) (400150),Infrastructure & Highways,Ministry of Coal,400150,Multi-State,536.57,536.57,155.54,29.0,2021-03-01,2028-12-31,2029-12-31,2026-07-01,18,0.0,0
PAIM-400151,NORTH URIMARI EXPANSION OCP (Ministry of Coal) (400151),Infrastructure & Highways,Ministry of Coal,400151,Multi-State,3889.38,3889.38,3057.11,78.6,2024-03-01,2026-12-31,2027-12-31,2026-07-01,0,0.0,0
PAIM-400153,EPR ROHINI - KARKETTA OCP (Ministry of Coal) (400153),Infrastructure & Highways,Ministry of Coal,400153,Multi-State,2634.93,2634.93,1029.35,39.1,2023-03-01,2028-12-31,2027-12-31,2026-07-01,24,0.0,0
PAIM-400154,EPR PUNDI OCP (Ministry of Coal) (400154),Infrastructure & Highways,Ministry of Coal,400154,Multi-State,1144.9,1144.9,877.66,76.7,2022-03-01,2027-12-31,2027-12-31,2026-07-01,36,0.0,0
PAIM-400155,EPR ASHOK OC (Ministry of Coal) (400155),Infrastructure & Highways,Ministry of Coal,400155,Multi-State,3819.8,3819.8,2548.62,66.7,2021-03-01,2027-12-31,2028-12-31,2026-07-01,36,0.0,0
PAIM-400156,EPR AMRAPALI OCP (CCL - CIL) (400156),Infrastructure & Highways,Ministry of Coal,400156,Multi-State,634.46,634.46,66.39,10.5,2022-03-01,2028-12-31,2027-12-31,2026-07-01,18,0.0,0
PAIM-400160,RAJRAPPA RCE OCP (CCL - CIL) (400160),Infrastructure & Highways,Ministry of Coal,400160,Multi-State,2721.81,2721.81,1218.88,44.8,2023-03-01,2028-12-31,2028-12-31,2026-07-01,12,0.0,0
PAIM-400172,CHITRA EAST OC (ECL - CIL) (400172),Infrastructure & Highways,Ministry of Coal,400172,Multi-State,834.29,834.29,622.15,74.6,2023-03-01,2027-12-31,2028-12-31,2026-07-01,36,0.0,0
PAIM-400352,JHARKHAND-LAIYO OCP (Ministry of Coal) (400352),Infrastructure & Highways,Ministry of Coal,400352,Multi-State,2170.69,2170.69,1582.43,72.9,2024-03-01,2026-12-31,2028-12-31,2026-07-01,6,0.0,0
PAIM-400425,MOONIDIH XV SEAM UG (BCCL - CIL) (400425),Infrastructure & Highways,Ministry of Coal,400425,Multi-State,992.21,992.21,833.42,84.0,2021-03-01,2026-12-31,2028-12-31,2026-07-01,24,0.0,0
PAIM-611864,AMALAGAMATED NTST KUJAMA OCP 8.5MTY (Bharat Coking Coal Limited (BCCL)) (611864),Infrastructure & Highways,Ministry of Coal,611864,Multi-State,4196.5,4196.5,832.33,19.8,2023-03-01,2026-12-31,2027-12-31,2026-07-01,0,0.0,0
PAIM-613808,MURAIDIH UG PROJECT (BCCL - CIL) (613808),Infrastructure & Highways,Ministry of Coal,613808,Multi-State,1704.75,1704.75,482.07,28.3,2021-03-01,2028-12-31,2028-12-31,2026-07-01,6,0.0,0
PAIM-615349,TAPIN SOUTH EXPN (CCL - CIL) (615349),Infrastructure & Highways,Ministry of Coal,615349,Multi-State,4397.24,4397.24,3640.42,82.8,2022-03-01,2026-12-31,2029-12-31,2026-07-01,36,0.0,0
PAIM-615822,SIRKA OC (CCL - CIL) (615822),Infrastructure & Highways,Ministry of Coal,615822,Multi-State,972.02,972.02,351.74,36.2,2023-03-01,2028-12-31,2027-12-31,2026-07-01,18,0.0,0
PAIM-615843,TETARIAKHAR OC (CCL - CIL) (615843),Infrastructure & Highways,Ministry of Coal,615843,Multi-State,3159.74,3159.74,948.01,30.0,2023-03-01,2027-12-31,2029-12-31,2026-07-01,24,0.0,0
PAIM-616225,CHUPERBHITA SIMLONG OCP MDO 6 (ECL - CIL) (616225),Infrastructure & Highways,Ministry of Coal,616225,Multi-State,1963.45,1963.45,887.76,45.2,2021-03-01,2026-12-31,2029-12-31,2026-07-01,6,0.0,0
PAIM-616236,JARANGDIH EXPN. OCP 1.5 MTY (CCL - CIL) (616236),Infrastructure & Highways,Ministry of Coal,616236,Multi-State,733.76,733.76,176.96,24.1,2024-03-01,2028-12-31,2028-12-31,2026-07-01,0,0.0,0
PAIM-616253,BLOCK E OCP (BCCL - CIL) (616253),Infrastructure & Highways,Ministry of Coal,616253,Multi-State,741.96,741.96,412.6,55.6,2021-03-01,2027-12-31,2029-12-31,2026-07-01,36,0.0,0
PAIM-617416,affected families in Jharia Coalfield- Reg. (Bharat Coking Coal Limited [BCCL]) (617416),Infrastructure & Highways,Ministry of Coal,617416,Multi-State,1332.17,1332.17,162.62,12.2,2022-03-01,2026-12-31,2029-12-31,2026-07-01,24,0.0,0
PAIM-617764,North Dhadu Western Part OCP (NLC India Limited [NLCIL]) (617764),Infrastructure & Highways,Ministry of Coal,617764,Madhya Pradesh,3684.74,3684.74,550.56,14.9,2023-03-01,2028-12-31,2029-12-31,2026-07-01,12,0.0,0
PAIM-400148,AMADAND OCP[4.0MTY] (SECL - CIL) (400148),Infrastructure & Highways,Ministry of Coal,400148,Madhya Pradesh,466.8,466.8,205.98,44.1,2024-03-01,2026-12-31,2029-12-31,2026-07-01,18,0.0,0
PAIM-400162,BLOCK B EXPANSION  [3.5 TO 8.0 (NCL - CIL) (400162),Infrastructure & Highways,Ministry of Coal,400162,Madhya Pradesh,3349.13,3349.13,759.48,22.7,2024-03-01,2027-12-31,2028-12-31,2026-07-01,0,0.0,0
PAIM-400321,NIGAHI EXPANSION [15 TO 25 MTP (NCL - CIL) (400321),Infrastructure & Highways,Ministry of Coal,400321,Madhya Pradesh,3171.72,3171.72,378.25,11.9,2023-03-01,2027-12-31,2027-12-31,2026-07-01,36,0.0,0
PAIM-613802,KANCHAN OC EXP (SECL - CIL) (613802),Infrastructure & Highways,Ministry of Coal,613802,Madhya Pradesh,4305.36,4305.36,1956.32,45.4,2023-03-01,2026-12-31,2027-12-31,2026-07-01,18,0.0,0
PAIM-613803,JHIRIA WEST OCP [1.5 MTY] (SECL - CIL) (613803),Infrastructure & Highways,Ministry of Coal,613803,Madhya Pradesh,3418.28,3418.28,1217.42,35.6,2023-03-01,2028-12-31,2027-12-31,2026-07-01,6,0.0,0
PAIM-613804,RPR TAWA-III UG 0.84 MTY (WCL - CIL) (613804),Infrastructure & Highways,Ministry of Coal,613804,Madhya Pradesh,3350.61,3350.61,2011.61,60.0,2024-03-01,2026-12-31,2028-12-31,2026-07-01,18,0.0,0
PAIM-615185,AMALGAMATED DHANKASA & JAMUNIA (WCL - CIL) (615185),Infrastructure & Highways,Ministry of Coal,615185,Madhya Pradesh,1671.95,1671.95,465.49,27.8,2022-03-01,2027-12-31,2028-12-31,2026-07-01,18,0.0,0
PAIM-615187,RPR OF VISHNUPURI UG TO OC (WCL - CIL) (615187),Infrastructure & Highways,Ministry of Coal,615187,Madhya Pradesh,1488.7,1488.7,1015.0,68.2,2024-03-01,2028-12-31,2029-12-31,2026-07-01,24,0.0,0
PAIM-615194,URDHAN EXPANSION OC COST PLUS (WCL - CIL) (615194),Infrastructure & Highways,Ministry of Coal,615194,Madhya Pradesh,3967.34,3967.34,2502.49,63.1,2022-03-01,2028-12-31,2027-12-31,2026-07-01,24,0.0,0
PAIM-615195,SHARDA UG MINE (WCL - CIL) (615195),Infrastructure & Highways,Ministry of Coal,615195,Madhya Pradesh,3230.92,3230.92,1571.14,48.6,2023-03-01,2026-12-31,2027-12-31,2026-07-01,0,0.0,0
PAIM-615206,GANDHIGRAM UG MINE (WCL - CIL) (615206),Infrastructure & Highways,Ministry of Coal,615206,Madhya Pradesh,1015.62,1015.62,790.32,77.8,2024-03-01,2027-12-31,2027-12-31,2026-07-01,24,0.0,0
PAIM-619032,JAYANT EXPN. [20 TO 38 MTPA] (NCL - CIL) (619032),Infrastructure & Highways,Ministry of Coal,619032,Madhya Pradesh,1607.74,1607.74,440.86,27.4,2024-03-01,2026-12-31,2027-12-31,2026-07-01,12,0.0,0
PAIM-619053,RPR FOR RAMPUR BATURA OCP (SECL - CIL) (619053),Infrastructure & Highways,Ministry of Coal,619053,Maharashtra,3062.88,3062.88,1509.2,49.3,2022-03-01,2028-12-31,2027-12-31,2026-07-01,12,0.0,0
PAIM-400033,BHATADI EXPANSION OC (WCL - CIL) (400033),Infrastructure & Highways,Ministry of Coal,400033,Maharashtra,306.21,306.21,56.27,18.4,2023-03-01,2028-12-31,2029-12-31,2026-07-01,0,0.0,0
PAIM-400177,AMALGAMATED YEKONA I & YEKONA (WCL - CIL) (400177),Infrastructure & Highways,Ministry of Coal,400177,Maharashtra,2794.44,2794.44,294.51,10.5,2021-03-01,2026-12-31,2027-12-31,2026-07-01,6,0.0,0
PAIM-400178,DINESH[MAKARDHOKRA-III] OC (WCL - CIL) (400178),Infrastructure & Highways,Ministry of Coal,400178,Maharashtra,4345.58,4345.58,3515.76,80.9,2021-03-01,2027-12-31,2027-12-31,2026-07-01,6,0.0,0
PAIM-400353,DHUPTALA OC [SASTI UG TO OC ] (WCL - CIL) (400353),Infrastructure & Highways,Ministry of Coal,400353,Maharashtra,2000.31,2000.31,732.3,36.6,2024-03-01,2026-12-31,2027-12-31,2026-07-01,36,0.0,0
PAIM-615184,SAONER UG MINE -1 EXPANSION 1. (WCL - CIL) (615184),Infrastructure & Highways,Ministry of Coal,615184,Maharashtra,1742.49,1742.49,498.27,28.6,2021-03-01,2026-12-31,2028-12-31,2026-07-01,0,0.0,0
PAIM-615186,SASTI  EXPANSION OPENCAST (WCL - CIL) (615186),Infrastructure & Highways,Ministry of Coal,615186,Maharashtra,3795.54,3795.54,2947.29,77.7,2021-03-01,2027-12-31,2028-12-31,2026-07-01,36,0.0,0
PAIM-615188,NEW MAJRI UG TO OC 3 MTY COST (WCL - CIL) (615188),Infrastructure & Highways,Ministry of Coal,615188,Maharashtra,1376.08,1376.08,991.27,72.0,2021-03-01,2028-12-31,2028-12-31,2026-07-01,12,0.0,0
PAIM-615189,MAKARDHOKRA EXPN OC 4.9 MTY (WCL - CIL) (615189),Infrastructure & Highways,Ministry of Coal,615189,Maharashtra,3218.93,3218.93,387.2,12.0,2022-03-01,2028-12-31,2028-12-31,2026-07-01,0,0.0,0
PAIM-615190,SINGHORI DEEP OC MIN 2.0 MTY (WCL - CIL) (615190),Infrastructure & Highways,Ministry of Coal,615190,Maharashtra,842.59,842.59,479.65,56.9,2022-03-01,2028-12-31,2028-12-31,2026-07-01,24,0.0,0
PAIM-615192,GOKUL EXTENSION OC MINE (WCL - CIL) (615192),Infrastructure & Highways,Ministry of Coal,615192,Maharashtra,951.67,951.67,333.22,35.0,2021-03-01,2027-12-31,2029-12-31,2026-07-01,6,0.0,0
PAIM-615199,KOLGAON EXPANSION DEEP OC MINE (WCL - CIL) (615199),Infrastructure & Highways,Ministry of Coal,615199,Maharashtra,2422.73,2422.73,1700.47,70.2,2022-03-01,2026-12-31,2029-12-31,2026-07-01,12,0.0,0
PAIM-615330,BALLARPUR NORTH WEST OC MINE (WCL - CIL) (615330),Infrastructure & Highways,Ministry of Coal,615330,Maharashtra,1374.52,1374.52,971.52,70.7,2023-03-01,2027-12-31,2027-12-31,2026-07-01,0,0.0,0
PAIM-615331,GADEGAON OC 3 MTY (WCL - CIL) (615331),Infrastructure & Highways,Ministry of Coal,615331,Maharashtra,3135.04,3135.04,2348.76,74.9,2021-03-01,2028-12-31,2029-12-31,2026-07-01,0,0.0,0
PAIM-615914,GHONSA EXPANSION DEEP OC MINE (WCL - CIL) (615914),Infrastructure & Highways,Ministry of Coal,615914,Maharashtra,3872.7,3872.7,538.89,13.9,2023-03-01,2027-12-31,2027-12-31,2026-07-01,12,0.0,0
PAIM-615916,AMLG GAURI PAUNI EXPANSION OC (WCL - CIL) (615916),Infrastructure & Highways,Ministry of Coal,615916,Maharashtra,4491.55,4491.55,2210.48,49.2,2023-03-01,2027-12-31,2027-12-31,2026-07-01,0,0.0,0
PAIM-615917,GAURIDEEP/GAURI CENTRAL OCP 7. (WCL - CIL) (615917),Infrastructure & Highways,Ministry of Coal,615917,Maharashtra,3911.51,3911.51,2869.7,73.4,2022-03-01,2027-12-31,2029-12-31,2026-07-01,24,0.0,0
PAIM-615918,RPR OF BHANEGAON OC (WCL - CIL) (615918),Infrastructure & Highways,Ministry of Coal,615918,Maharashtra,1319.38,1319.38,384.76,29.2,2022-03-01,2028-12-31,2027-12-31,2026-07-01,18,0.0,0
PAIM-615919,N. EXTN. MUNGOLI NIRGUDA D OCP (WCL - CIL) (615919),Infrastructure & Highways,Ministry of Coal,615919,Maharashtra,4323.12,4323.12,3591.63,83.1,2021-03-01,2027-12-31,2029-12-31,2026-07-01,6,0.0,0
PAIM-615982,NILJAI EXPANSION DEEP  OCP (WCL - CIL) (615982),Infrastructure & Highways,Ministry of Coal,615982,Maharashtra,3306.2,3306.2,1467.47,44.4,2024-03-01,2027-12-31,2029-12-31,2026-07-01,24,0.0,0
PAIM-616044,UKNI DEEP OC MINE -COST PLUS (WCL - CIL) (616044),Infrastructure & Highways,Ministry of Coal,616044,Maharashtra,3381.85,3381.85,2504.48,74.1,2021-03-01,2027-12-31,2028-12-31,2026-07-01,6,0.0,0
PAIM-616050,AMALGAMATED INDER-KAMPTEE DEEP (WCL - CIL) (616050),Infrastructure & Highways,Ministry of Coal,616050,Maharashtra,4133.56,4133.56,966.48,23.4,2021-03-01,2026-12-31,2028-12-31,2026-07-01,24,0.0,0
PAIM-616223,ADASA UG TO OC MINE (WCL - CIL) (616223),Infrastructure & Highways,Ministry of Coal,616223,Maharashtra,2382.29,2382.29,332.03,13.9,2022-03-01,2027-12-31,2029-12-31,2026-07-01,12,0.0,0
PAIM-616229,AMAL GONDEGAON GHATROHANA EXPN (WCL - CIL) (616229),Infrastructure & Highways,Ministry of Coal,616229,Maharashtra,676.74,676.74,441.98,65.3,2021-03-01,2027-12-31,2028-12-31,2026-07-01,36,0.0,0
PAIM-617233,WAGHODA UG MINE [1.02 MTY] (WCL - CIL) (617233),Infrastructure & Highways,Ministry of Coal,617233,Maharashtra,1258.7,1258.7,965.2,76.7,2022-03-01,2027-12-31,2028-12-31,2026-07-01,24,0.0,0
PAIM-617278,KOLARPIMPRI EXPANSION OC [2.5 (WCL - CIL) (617278),Infrastructure & Highways,Ministry of Coal,617278,Maharashtra,4011.05,4011.05,2478.35,61.8,2024-03-01,2027-12-31,2027-12-31,2026-07-01,0,0.0,0
PAIM-619055,SAONER-III EXPN UG MINE 1.54 (WCL - CIL) (619055),Infrastructure & Highways,Ministry of Coal,619055,Maharashtra,1494.78,1494.78,790.9,52.9,2024-03-01,2028-12-31,2028-12-31,2026-07-01,36,0.0,0
PAIM-400369,BINA KAKRI AMALGAMATION EXPANS (NCL - CIL) (400369),Infrastructure & Highways,Ministry of Coal,400369,Maharashtra,4039.64,4039.64,2504.04,62.0,2024-03-01,2026-12-31,2027-12-31,2026-07-01,24,0.0,0
PAIM-615183,KHADIA EXPANSION [10 TO 16 MTP (NCL - CIL) (615183),Infrastructure & Highways,Ministry of Coal,615183,Odisha,1118.43,1118.43,508.22,45.4,2023-03-01,2027-12-31,2029-12-31,2026-07-01,6,0.0,0
PAIM-400165,SUBHADRA OCP (MCL - CIL) (400165),Infrastructure & Highways,Ministry of Coal,400165,Odisha,274.23,274.23,156.17,56.9,2023-03-01,2026-12-31,2027-12-31,2026-07-01,0,0.0,0
PAIM-400166,SIARMAL OCP (Mahanadi Coalfields Limited [MCL]) (400166),Infrastructure & Highways,Ministry of Coal,400166,Odisha,941.61,941.61,356.29,37.8,2024-03-01,2026-12-31,2027-12-31,2026-07-01,12,0.0,0
PAIM-400183,BALARAM EXPANSION OCP (Mahanadi Coalfields Limited [MCL]) (400183),Infrastructure & Highways,Ministry of Coal,400183,Odisha,3207.28,3207.28,2277.58,71.0,2023-03-01,2028-12-31,2027-12-31,2026-07-01,6,0.0,0
PAIM-400185,GOPALJI KANIHA OCP [10 TO 30 M (MCL - CIL) (400185),Infrastructure & Highways,Ministry of Coal,400185,Odisha,2282.05,2282.05,911.68,40.0,2021-03-01,2026-12-31,2027-12-31,2026-07-01,12,0.0,0
PAIM-400187,INTEGRATED LAKHANPUR-BELPAHAR- (MCL - CIL) (400187),Infrastructure & Highways,Ministry of Coal,400187,Odisha,3567.66,3567.66,2102.08,58.9,2022-03-01,2026-12-31,2028-12-31,2026-07-01,0,0.0,0
PAIM-400392,BHARATPUR RE-ORGANIZATION OCP (MCL - CIL) (400392),Infrastructure & Highways,Ministry of Coal,400392,Odisha,4159.47,4159.47,2061.06,49.6,2023-03-01,2026-12-31,2027-12-31,2026-07-01,18,0.0,0
PAIM-615857,Naini Coal Mine (Singareni Collieries Company Limited [SCCL]) (615857),Infrastructure & Highways,Ministry of Coal,615857,Odisha,987.27,987.27,134.17,13.6,2023-03-01,2028-12-31,2027-12-31,2026-07-01,18,0.0,0
PAIM-616226,INTEGRATED KULDA GARJANBAHAL O (MCL - CIL) (616226),Infrastructure & Highways,Ministry of Coal,616226,Odisha,1827.28,1827.28,1492.1,81.7,2021-03-01,2027-12-31,2029-12-31,2026-07-01,24,0.0,0
PAIM-616231,BHUBANESWARI EXPN OCP 50 MTY (MCL - CIL) (616231),Infrastructure & Highways,Ministry of Coal,616231,Odisha,1522.88,1522.88,1176.09,77.2,2021-03-01,2026-12-31,2029-12-31,2026-07-01,24,0.0,0
PAIM-616232,HINGULA II OC EXPN PH III 15 M (MCL - CIL) (616232),Infrastructure & Highways,Ministry of Coal,616232,Odisha,1289.8,1289.8,1035.59,80.3,2021-03-01,2026-12-31,2028-12-31,2026-07-01,18,0.0,0
PAIM-616233,BALABHADRA OCP (MCL - CIL) (616233),Infrastructure & Highways,Ministry of Coal,616233,Odisha,715.14,715.14,522.35,73.0,2024-03-01,2027-12-31,2029-12-31,2026-07-01,36,0.0,0
PAIM-618982,Talabira II & III OCP - FMC (NLC India Limited [NLCIL]) (618982),Infrastructure & Highways,Ministry of Coal,618982,Odisha,3355.27,3355.27,2240.83,66.8,2023-03-01,2027-12-31,2028-12-31,2026-07-01,0,0.0,0
PAIM-615818,Jawahar Khani Open Cast Mine (Singareni Collieries Company Limited [SCCL]) (615818),Infrastructure & Highways,Ministry of Coal,615818,Odisha,572.9,572.9,60.56,10.6,2022-03-01,2026-12-31,2029-12-31,2026-07-01,24,0.0,0
PAIM-615858,Kalyanikhani Opencast Project (Singareni Collieries Company Limited [SCCL]) (615858),Infrastructure & Highways,Ministry of Coal,615858,Telangana,3701.15,3701.15,1201.17,32.5,2022-03-01,2028-12-31,2029-12-31,2026-07-01,24,0.0,0
PAIM-615860,Godavarikhani Coal Mine - 5 (Singareni Collieries Company Limited [SCCL]) (615860),Infrastructure & Highways,Ministry of Coal,615860,Telangana,3996.26,3996.26,3189.37,79.8,2023-03-01,2027-12-31,2028-12-31,2026-07-01,0,0.0,0
PAIM-615861,Indaram Opencast Project (Singareni Collieries Company Limited [SCCL]) (615861),Infrastructure & Highways,Ministry of Coal,615861,Telangana,3736.05,3736.05,831.06,22.2,2024-03-01,2027-12-31,2027-12-31,2026-07-01,6,0.0,0
PAIM-615862,Goleti Opencast Mine (Singareni Collieries Company Limited [SCCL]) (615862),Infrastructure & Highways,Ministry of Coal,615862,Telangana,1646.28,1646.28,799.8,48.6,2021-03-01,2026-12-31,2028-12-31,2026-07-01,36,0.0,0
PAIM-615863,Venkatesh Khani Coal Mine (Singareni Collieries Company Limited [SCCL]) (615863),Infrastructure & Highways,Ministry of Coal,615863,Telangana,1370.86,1370.86,1051.75,76.7,2023-03-01,2027-12-31,2027-12-31,2026-07-01,12,0.0,0
PAIM-615865,Kakatiyakhani OC - 2 Project (Singareni Collieries Company Limited [SCCL]) (615865),Infrastructure & Highways,Ministry of Coal,615865,West Bengal,2697.91,2697.91,927.07,34.4,2023-03-01,2026-12-31,2028-12-31,2026-07-01,12,0.0,0
PAIM-400173,MOHANPUR EXPANSION OC -PHASE I (Eastern Coal Fields Limited [ECL]) (400173),Infrastructure & Highways,Ministry of Coal,400173,West Bengal,2332.7,2332.7,810.98,34.8,2022-03-01,2026-12-31,2027-12-31,2026-07-01,12,0.0,0
PAIM-400180,BONJEMEHARI EXPANSION OCP (Eastern Coal Fields Limited [ECL]) (400180),Infrastructure & Highways,Ministry of Coal,400180,West Bengal,1566.1,1566.1,1141.11,72.9,2023-03-01,2028-12-31,2028-12-31,2026-07-01,0,0.0,0
PAIM-400181,NAKRAKONDA KUMARDIH- B OCP (ECL - CIL) (400181),Infrastructure & Highways,Ministry of Coal,400181,West Bengal,2082.33,2082.33,782.1,37.6,2023-03-01,2027-12-31,2029-12-31,2026-07-01,6,0.0,0
PAIM-400186,TILABONI UG (ECL - CIL) (400186),Infrastructure & Highways,Ministry of Coal,400186,West Bengal,646.38,646.38,95.48,14.8,2021-03-01,2028-12-31,2027-12-31,2026-07-01,24,0.0,0
PAIM-400312,JHANJRA EXPANSION UG (Eastern Coal Fields Limited [ECL]) (400312),Infrastructure & Highways,Ministry of Coal,400312,West Bengal,701.79,701.79,259.11,36.9,2024-03-01,2026-12-31,2028-12-31,2026-07-01,36,0.0,0
PAIM-400315,SONEPUR BAZARI EXPANSION OCP [ (Eastern Coal Fields Limited [ECL]) (400315),Infrastructure & Highways,Ministry of Coal,400315,West Bengal,2604.29,2604.29,1866.82,71.7,2021-03-01,2028-12-31,2029-12-31,2026-07-01,6,0.0,0
PAIM-612816,ITAPARA OCP (Eastern Coal Fields Limited [ECL]) (612816),Infrastructure & Highways,Ministry of Coal,612816,West Bengal,3924.61,3924.61,1853.88,47.2,2024-03-01,2026-12-31,2029-12-31,2026-07-01,0,0.0,0
PAIM-613793,SHYAMSUNDARPUR UG INCLUDING SA (ECL - CIL) (613793),Infrastructure & Highways,Ministry of Coal,613793,West Bengal,4396.7,4396.7,2066.75,47.0,2023-03-01,2027-12-31,2029-12-31,2026-07-01,36,0.0,0
PAIM-613794,PARASEA-BELBAID UG PROJECT (ECL - CIL) (613794),Infrastructure & Highways,Ministry of Coal,613794,West Bengal,1155.22,1155.22,659.1,57.1,2024-03-01,2027-12-31,2029-12-31,2026-07-01,18,0.0,0
PAIM-616230,PARASCOLE JAMBAD OCP (ECL - CIL) (616230),Infrastructure & Highways,Ministry of Coal,616230,West Bengal,3865.21,3865.21,3203.66,82.9,2021-03-01,2028-12-31,2028-12-31,2026-07-01,18,0.0,0
PAIM-617299,50 MW Wind Power Project (NLC India Limited) (617299),Infrastructure & Highways,Ministry of Coal,617299,Gujarat,2111.82,2111.82,1237.51,58.6,2021-03-01,2027-12-31,2027-12-31,2026-07-01,18,0.0,0
PAIM-617730,600 MW Khavda Solar Power Project (NLC India Limited [NLCIL]) (617730),Infrastructure & Highways,Ministry of Coal,617730,Gujarat,1907.25,1907.25,1250.37,65.6,2022-03-01,2027-12-31,2028-12-31,2026-07-01,6,0.0,0
PAIM-618991,200 MW SPP part of 510 MW CPSU scheme (NLC India Limited [NLCIL]) (618991),Infrastructure & Highways,Ministry of Coal,618991,Gujarat,1156.77,1156.77,530.21,45.8,2022-03-01,2026-12-31,2028-12-31,2026-07-01,12,0.0,0
PAIM-618992,100 MW SPP part of SECI 150 MW Hybrid (NLC India Limited [NLCIL]) (618992),Infrastructure & Highways,Ministry of Coal,618992,Odisha,1851.01,1851.01,846.43,45.7,2021-03-01,2026-12-31,2027-12-31,2026-07-01,12,0.0,0
PAIM-400231,NLC Talabira Thermal Power Project (NLC India Limited) (400231),Infrastructure & Highways,Ministry of Coal,400231,Odisha,2800.59,2800.59,512.78,18.3,2022-03-01,2028-12-31,2027-12-31,2026-07-01,12,0.0,0
PAIM-618981,810 MW Solar Power Project - Rajasthan (NLC India Limited [NLCIL]) (618981),Infrastructure & Highways,Ministry of Coal,618981,Odisha,2173.79,2173.79,493.84,22.7,2023-03-01,2026-12-31,2028-12-31,2026-07-01,6,0.0,0
PAIM-400203,Dharamjaigarh-Korba (Railway) (400203),Infrastructure & Highways,Ministry of Coal,400203,Rajasthan,4297.57,4297.57,898.12,20.9,2022-03-01,2028-12-31,2029-12-31,2026-07-01,12,0.0,0
PAIM-400416,line] (Ministry of Coal) (400416),Infrastructure & Highways,Ministry of Coal,400416,Multi-State,1330.72,1330.72,462.55,34.8,2023-03-01,2028-12-31,2028-12-31,2026-07-01,6,0.0,0
PAIM-400192,Tubed Coal Mine (Damodar Valley Corporation) (400192),Infrastructure & Highways,Ministry of Coal,400192,Multi-State,529.17,529.17,377.92,71.4,2022-03-01,2026-12-31,2027-12-31,2026-07-01,12,0.0,0
PAIM-603293,Badam Coal Mining project of NTPC (National Thermal Power Corporation [NTPC]) (603293),Infrastructure & Highways,Ministry of Coal,603293,Multi-State,577.78,577.78,145.74,25.2,2024-03-01,2027-12-31,2028-12-31,2026-07-01,18,0.0,0
PAIM-602579,Buxar Thermal Power Project [1320 MW] (Satluj Jal Vidyut Nigam [SJVN] Thermal Limited) (602579),Infrastructure & Highways,Ministry of Coal,602579,Bihar,2977.1,2977.1,1498.97,50.4,2024-03-01,2028-12-31,2028-12-31,2026-07-01,12,0.0,0
PAIM-619051,"Nabinagar Super Thermal Power Project, Stage-II [3x800 MW] (National Thermal Power Corporation [NTPC]) (619051)",Infrastructure & Highways,Ministry of Coal,619051,Bihar,1532.08,1532.08,647.76,42.3,2024-03-01,2026-12-31,2029-12-31,2026-07-01,6,0.0,0
PAIM-611930,Lara Super Thermal Power Project Stage-II [2 x 800 MW] (National Thermal Power Corporation [NTPC]) (611930),Infrastructure & Highways,Ministry of Coal,611930,Bihar,2866.71,2866.71,530.93,18.5,2021-03-01,2028-12-31,2028-12-31,2026-07-01,6,0.0,0
PAIM-617188,"Sipat Super Thermal Power Project, Stage-III [1x800 MW] (National Thermal Power Corporation [NTPC]) (617188)",Infrastructure & Highways,Ministry of Coal,617188,Multi-State,4289.53,4289.53,3033.68,70.7,2022-03-01,2027-12-31,2027-12-31,2026-07-01,6,0.0,0
PAIM-709747,Bagodara Solar Power Project (Satluj Jal Vidyut Nigam [SJVN] Thermal Limited) (709747),Infrastructure & Highways,Ministry of Coal,709747,Gujarat,3597.27,3597.27,480.45,13.4,2021-03-01,2028-12-31,2029-12-31,2026-07-01,12,0.0,0
PAIM-602582,Dhaulasidh Hydro Electric Project [66 MW] (Satluj Jal Vidyut Nigam [SJVN] Thermal Limited) (602582),Infrastructure & Highways,Ministry of Coal,602582,Gujarat,3575.23,3575.23,1966.2,55.0,2022-03-01,2028-12-31,2029-12-31,2026-07-01,18,0.0,0
PAIM-602593,Luhri Stage-I Hydro Electric Project [210 MW] (Satluj Jal Vidyut Nigam [SJVN] Thermal Limited) (602593),Infrastructure & Highways,Ministry of Coal,602593,Multi-State,602.56,602.56,251.73,41.8,2024-03-01,2026-12-31,2027-12-31,2026-07-01,6,0.0,0
PAIM-611586,Sunni Dam Hydro Electric Project [382 MW] (Satluj Jal Vidyut Nigam [SJVN] Thermal Limited) (611586),Infrastructure & Highways,Ministry of Coal,611586,Multi-State,2942.61,2942.61,1666.58,56.6,2024-03-01,2026-12-31,2029-12-31,2026-07-01,24,0.0,0
PAIM-602525,"Pakal Dul [Drangdhuran] Hydroelectric Project, 1000 MW (National Hydroelectric Power Corporation Limited [NHPC]) (602525",Infrastructure & Highways,Ministry of Coal,602525,Multi-State,3918.81,3918.81,627.66,16.0,2021-03-01,2028-12-31,2027-12-31,2026-07-01,0,0.0,0
PAIM-602532,Kiru HE Project (National Hydroelectric Power Corporation Limited [NHPC]) (602532),Infrastructure & Highways,Ministry of Coal,602532,Multi-State,4072.6,4072.6,3267.83,80.2,2021-03-01,2028-12-31,2028-12-31,2026-07-01,36,0.0,0
PAIM-602535,"Ratle HE Project - 850 MW, Ratle Hydroelectric Power Corporation Limited. (National Hydroelectric Power Corporation Limi",Infrastructure & Highways,Ministry of Coal,602535,Multi-State,1230.42,1230.42,279.69,22.7,2022-03-01,2028-12-31,2029-12-31,2026-07-01,6,0.0,0
PAIM-605155,Kwar HE Project (National Hydroelectric Power Corporation Limited [NHPC]) (605155),Infrastructure & Highways,Ministry of Coal,605155,Multi-State,4055.03,4055.03,2670.63,65.9,2021-03-01,2028-12-31,2029-12-31,2026-07-01,12,0.0,0
PAIM-400261,Patratu Thermal Power Station Expansion Project Phase-I [3x800 MW] (National Thermal Power Corporation [NTPC]) (400261),Infrastructure & Highways,Ministry of Coal,400261,Multi-State,878.81,878.81,326.0,37.1,2021-03-01,2026-12-31,2027-12-31,2026-07-01,24,0.0,0
PAIM-611509,"Koderma Thermal Power Station Phase II [2X800 MW] At Koderma, Jharkhand (Damodar Valley Corporation) (611509)",Infrastructure & Highways,Ministry of Coal,611509,Multi-State,484.94,484.94,379.09,78.2,2023-03-01,2027-12-31,2027-12-31,2026-07-01,0,0.0,0
PAIM-618976,"Gadarwara Super Thermal Power Project, Stage-II [2x800 MW] (National Thermal Power Corporation [NTPC]) (618976)",Infrastructure & Highways,Ministry of Coal,618976,Madhya Pradesh,3144.1,3144.1,1245.56,39.6,2021-03-01,2027-12-31,2028-12-31,2026-07-01,36,0.0,0
PAIM-602961,Talcher Thermal Power Station Stage III [2 x 660 MW] Expansion (National Thermal Power Corporation [NTPC]) (602961),Infrastructure & Highways,Ministry of Coal,602961,Odisha,3644.47,3644.47,1518.1,41.7,2023-03-01,2028-12-31,2027-12-31,2026-07-01,0,0.0,0
PAIM-619056,"Darlipali Super Thermal Power Project, Stage-II [1x800 MW] (National Thermal Power Corporation [NTPC]) (619056)",Infrastructure & Highways,Ministry of Coal,619056,Odisha,4326.22,4326.22,3433.84,79.4,2022-03-01,2027-12-31,2028-12-31,2026-07-01,6,0.0,0
PAIM-619341,"Telangana Super Thermal Power Project , Stage-II [3 x 800 MW] (National Thermal Power Corporation [NTPC]) (619341)",Infrastructure & Highways,Ministry of Coal,619341,Telangana,729.15,729.15,416.57,57.1,2022-03-01,2026-12-31,2027-12-31,2026-07-01,36,0.0,0
PAIM-612142,"Singrauli Super Thermal Power Project, Stage-III [2x800 MW] (National Thermal Power Corporation [NTPC]) (612142)",Infrastructure & Highways,Ministry of Coal,612142,Uttar Pradesh,3493.9,3493.9,2870.67,82.2,2023-03-01,2026-12-31,2028-12-31,2026-07-01,12,0.0,0
PAIM-602185,Tapovan-Vishnugad HEP [4x130 MW] (National Thermal Power Corporation [NTPC]) (602185),Infrastructure & Highways,Ministry of Coal,602185,Uttar Pradesh,1651.32,1651.32,293.44,17.8,2023-03-01,2027-12-31,2028-12-31,2026-07-01,0,0.0,0
PAIM-602195,Vishnugad Pipalkoti Hydro Electric Project [444 MW] (THDC India Limited) (602195),Infrastructure & Highways,Ministry of Coal,602195,Multi-State,4052.64,4052.64,1749.23,43.2,2024-03-01,2027-12-31,2029-12-31,2026-07-01,6,0.0,0
PAIM-400062,West Bengal (Damodar Valley Corporation) (400062),Infrastructure & Highways,Ministry of Coal,400062,West Bengal,1712.7,1712.7,335.26,19.6,2021-03-01,2026-12-31,2028-12-31,2026-07-01,36,0.0,0
PAIM-602184,Rammam-III HEPP [3x40 MW] (National Thermal Power Corporation [NTPC]) (602184),Infrastructure & Highways,Ministry of Coal,602184,West Bengal,1636.13,1636.13,1297.12,79.3,2021-03-01,2027-12-31,2027-12-31,2026-07-01,36,0.0,0
PAIM-602538,Installation of FGD for 4x210 & 2x250 MW MTPS U 1-6 (Damodar Valley Corporation) (602538),Infrastructure & Highways,Ministry of Coal,602538,West Bengal,1885.5,1885.5,1380.3,73.2,2024-03-01,2028-12-31,2027-12-31,2026-07-01,0,0.0,0
PAIM-617183,generation projects [POWERGRID Kurnool III PS RE Transmission Limited] (Power Grid Corporation of India Limited [POWERGR,Infrastructure & Highways,Ministry of Coal,617183,Andhra Pradesh,3114.98,3114.98,2331.55,74.8,2024-03-01,2028-12-31,2027-12-31,2026-07-01,24,0.0,0
PAIM-615336,phase-III Part-D Phase-II (Power Grid Corporation of India Limited [POWERGRID]) (615336),Infrastructure & Highways,Ministry of Coal,615336,Rajasthan,3515.8,3515.8,465.39,13.2,2021-03-01,2028-12-31,2029-12-31,2026-07-01,36,0.0,0
PAIM-612139,park under Phase-III Part B [Vataman Transmission Limited] (Power Grid Corporation of India Limited [POWERGRID]) (612139,Infrastructure & Highways,Ministry of Coal,612139,Gujarat,4295.99,4295.99,1605.16,37.4,2024-03-01,2026-12-31,2029-12-31,2026-07-01,6,0.0,0
PAIM-612855,in Khavda Area of Gujarat under Ph-IV [7GW] Part E2 (Power Grid Corporation of India Limited [POWERGRID]) (612855),Infrastructure & Highways,Ministry of Coal,612855,Gujarat,2147.59,2147.59,357.06,16.6,2024-03-01,2027-12-31,2027-12-31,2026-07-01,12,0.0,0
PAIM-615342,POWERGRID Jam Khambhaliya Transmission Limited] (Power Grid Corporation of India Limited [POWERGRID]) (615342),Infrastructure & Highways,Ministry of Coal,615342,Gujarat,1138.26,1138.26,758.16,66.6,2024-03-01,2028-12-31,2028-12-31,2026-07-01,18,0.0,0
PAIM-615343,Khavda Pooling station 3 [KPS3] (Power Grid Corporation of India Limited [POWERGRID]) (615343),Infrastructure & Highways,Ministry of Coal,615343,Gujarat,4186.23,4186.23,961.79,23.0,2023-03-01,2027-12-31,2027-12-31,2026-07-01,0,0.0,0
PAIM-615345,South Olpad Transmission Limited] (Power Grid Corporation of India Limited [POWERGRID]) (615345),Infrastructure & Highways,Ministry of Coal,615345,Gujarat,961.08,961.08,113.74,11.8,2022-03-01,2027-12-31,2029-12-31,2026-07-01,12,0.0,0
PAIM-617069,Transmission Limited] (Power Grid Corporation of India Limited [POWERGRID]) (617069),Infrastructure & Highways,Ministry of Coal,617069,Gujarat,1912.27,1912.27,480.57,25.1,2024-03-01,2027-12-31,2029-12-31,2026-07-01,6,0.0,0
PAIM-617182,Transco Limited] (Power Grid Corporation of India Limited [POWERGRID]) (617182),Infrastructure & Highways,Ministry of Coal,617182,Gujarat,2809.75,2809.75,712.75,25.4,2022-03-01,2026-12-31,2028-12-31,2026-07-01,0,0.0,0
PAIM-617391,Augmentation of Transformation Capacity at Bhuj-II PS [GIS] (Power Grid Corporation of India Limited [POWERGRID]) (61739,Infrastructure & Highways,Ministry of Coal,617391,Gujarat,3347.54,3347.54,2280.78,68.1,2024-03-01,2026-12-31,2027-12-31,2026-07-01,24,0.0,0
PAIM-617405,Jamnagar Transmission Limited (Adani Transmission Limited) (617405),Infrastructure & Highways,Ministry of Coal,617405,Gujarat,3405.43,3405.43,1870.22,54.9,2022-03-01,2027-12-31,2028-12-31,2026-07-01,36,0.0,0
PAIM-617801,Provision of ICT Augmentation & Bus Reactor at Bhuj-II PS (Power Grid Corporation of India Limited [POWERGRID]) (617801),Infrastructure & Highways,Ministry of Coal,617801,Gujarat,2786.07,2786.07,798.16,28.6,2021-03-01,2028-12-31,2028-12-31,2026-07-01,24,0.0,0
PAIM-619026,KPSIII HVDC Transmission Limited (Adani Transmission Limited) (619026),Infrastructure & Highways,Ministry of Coal,619026,Gujarat,1767.84,1767.84,240.66,13.6,2024-03-01,2028-12-31,2028-12-31,2026-07-01,12,0.0,0
PAIM-619029,Transmission System for Reliable Power Supply to Dholera (Power Grid Corporation of India Limited [POWERGRID]) (619029),Infrastructure & Highways,Ministry of Coal,619029,Gujarat,1866.73,1866.73,204.28,10.9,2021-03-01,2026-12-31,2029-12-31,2026-07-01,18,0.0,0
PAIM-619049,Khavda IVA Power Transmission Limited (Adani Transmission Limited) (619049),Infrastructure & Highways,Ministry of Coal,619049,Gujarat,1295.06,1295.06,619.93,47.9,2022-03-01,2027-12-31,2028-12-31,2026-07-01,12,0.0,0
PAIM-617179,MW] Part B (Power Grid Corporation of India Limited [POWERGRID]) (617179),Infrastructure & Highways,Ministry of Coal,617179,Multi-State,1189.27,1189.27,332.36,27.9,2022-03-01,2026-12-31,2027-12-31,2026-07-01,0,0.0,0
PAIM-617326,Project (Power Grid Corporation of India Limited [POWERGRID]) (617326),Infrastructure & Highways,Ministry of Coal,617326,Multi-State,2117.03,2117.03,1378.1,65.1,2021-03-01,2028-12-31,2029-12-31,2026-07-01,6,0.0,0
PAIM-612140,TRANSMISSION LIMITED] (Power Grid Corporation of India Limited [POWERGRID]) (612140),Infrastructure & Highways,Ministry of Coal,612140,Karnataka,3664.94,3664.94,2357.73,64.3,2021-03-01,2026-12-31,2027-12-31,2026-07-01,12,0.0,0
PAIM-616672,Limited] (Power Grid Corporation of India Limited [POWERGRID]) (616672),Infrastructure & Highways,Ministry of Coal,616672,Karnataka,2167.5,2167.5,1666.09,76.9,2023-03-01,2026-12-31,2028-12-31,2026-07-01,18,0.0,0
PAIM-617068,Augmentation Transmission Limited] (Power Grid Corporation of India Limited [POWERGRID]) (617068),Infrastructure & Highways,Ministry of Coal,617068,Karnataka,1477.63,1477.63,473.11,32.0,2023-03-01,2027-12-31,2029-12-31,2026-07-01,18,0.0,0
PAIM-617184,Karnataka  [POWERGRID Chitradurga Bellary REZ Transmission Limited] (Power Grid Corporation of India Limited [POWERGRID],Infrastructure & Highways,Ministry of Coal,617184,Karnataka,1138.59,1138.59,745.24,65.5,2021-03-01,2026-12-31,2027-12-31,2026-07-01,24,0.0,0
PAIM-617803,[SPV Name - POWERGRID Davanagere Power Transmission Limited] (Power Grid Corporation of India Limited [POWERGRID]) (6178,Infrastructure & Highways,Ministry of Coal,617803,Karnataka,4005.06,4005.06,3102.59,77.5,2024-03-01,2026-12-31,2029-12-31,2026-07-01,12,0.0,0
PAIM-619228,Davanagere [0.25 GW] and Bellary [2.75 GW] (Power Grid Corporation of India Limited [POWERGRID]) (619228),Infrastructure & Highways,Ministry of Coal,619228,Karnataka,2883.66,2883.66,2357.37,81.7,2023-03-01,2027-12-31,2028-12-31,2026-07-01,6,0.0,0
PAIM-619028,Kerala (Power Grid Corporation of India Limited [POWERGRID]) (619028),Infrastructure & Highways,Ministry of Coal,619028,Rajasthan,2302.78,2302.78,992.5,43.1,2024-03-01,2028-12-31,2029-12-31,2026-07-01,18,0.0,0
PAIM-615344,TRANSMISSION LIMITED] (Power Grid Corporation of India Limited [POWERGRID]) (615344),Infrastructure & Highways,Ministry of Coal,615344,Rajasthan,4153.87,4153.87,1350.0,32.5,2023-03-01,2028-12-31,2028-12-31,2026-07-01,6,0.0,0
PAIM-615346,Transmission Limited] (Power Grid Corporation of India Limited [POWERGRID]) (615346),Infrastructure & Highways,Ministry of Coal,615346,Rajasthan,1791.31,1791.31,1370.61,76.5,2021-03-01,2028-12-31,2028-12-31,2026-07-01,12,0.0,0
PAIM-617272,Hindalco Switchyard (Power Grid Corporation of India Limited [POWERGRID]) (617272),Infrastructure & Highways,Ministry of Coal,617272,Madhya Pradesh,2100.18,2100.18,862.33,41.1,2021-03-01,2026-12-31,2027-12-31,2026-07-01,24,0.0,0
PAIM-617279,Transmission Limited] (Power Grid Corporation of India Limited [POWERGRID]) (617279),Infrastructure & Highways,Ministry of Coal,617279,Madhya Pradesh,2963.63,2963.63,1015.15,34.3,2022-03-01,2027-12-31,2027-12-31,2026-07-01,0,0.0,0
PAIM-617802,Transmission Limited] (Power Grid Corporation of India Limited [POWERGRID]) (617802),Infrastructure & Highways,Ministry of Coal,617802,Madhya Pradesh,3329.28,3329.28,2799.41,84.1,2023-03-01,2026-12-31,2029-12-31,2026-07-01,6,0.0,0
PAIM-619024,Mahan Transmission Limited (Adani Transmission Limited) (619024),Infrastructure & Highways,Ministry of Coal,619024,Madhya Pradesh,3233.85,3233.85,1247.76,38.6,2024-03-01,2027-12-31,2028-12-31,2026-07-01,12,0.0,0
PAIM-619027,WRNES Talegaon Power Transmission Limited (Adani Transmission Limited) (619027),Infrastructure & Highways,Ministry of Coal,619027,Maharashtra,2687.69,2687.69,1327.02,49.4,2024-03-01,2026-12-31,2027-12-31,2026-07-01,12,0.0,0
PAIM-619227,Pune Region-I [765/400kV AIS Pune East] (Power Grid Corporation of India Limited [POWERGRID]) (619227),Infrastructure & Highways,Ministry of Coal,619227,Maharashtra,709.8,709.8,287.32,40.5,2022-03-01,2026-12-31,2027-12-31,2026-07-01,18,0.0,0
PAIM-617185,[POWERGRID Kurnool-IV Transmission Limited] (Power Grid Corporation of India Limited [POWERGRID]) (617185),Infrastructure & Highways,Ministry of Coal,617185,Karnataka,3120.04,3120.04,2031.98,65.1,2022-03-01,2027-12-31,2029-12-31,2026-07-01,36,0.0,0
PAIM-617806,Name Anantapuram 2 REZ Transmission Ltd (Sterlite Power) (617806),Infrastructure & Highways,Ministry of Coal,617806,Karnataka,996.59,996.59,502.95,50.5,2024-03-01,2026-12-31,2029-12-31,2026-07-01,12,0.0,0
PAIM-619030,Inter-Regional Strengthening between SR Grid and ER Grid (Power Grid Corporation of India Limited [POWERGRID]) (619030),Infrastructure & Highways,Ministry of Coal,619030,Odisha,4138.96,4138.96,2930.91,70.8,2021-03-01,2026-12-31,2027-12-31,2026-07-01,24,0.0,0
PAIM-617271,Eastern Region  Expansion Scheme-43 [ERES-43] (Power Grid Corporation of India Limited [POWERGRID]) (617271),Infrastructure & Highways,Ministry of Coal,617271,Odisha,3658.91,3658.91,2621.02,71.6,2023-03-01,2028-12-31,2029-12-31,2026-07-01,18,0.0,0
PAIM-617807,765 kV Vindhyachal-Varanasi D/c line (Power Grid Corporation of India Limited [POWERGRID]) (617807),Infrastructure & Highways,Ministry of Coal,617807,Bihar,1027.24,1027.24,446.64,43.5,2022-03-01,2028-12-31,2027-12-31,2026-07-01,24,0.0,0
PAIM-617270,Eastern Region  Expansion Scheme-44 [ERES-44] (Power Grid Corporation of India Limited [POWERGRID]) (617270),Infrastructure & Highways,Ministry of Coal,617270,Rajasthan,3751.28,3751.28,1287.71,34.3,2024-03-01,2027-12-31,2028-12-31,2026-07-01,12,0.0,0
PAIM-612132,Phase-III Part D Phase I [Sikar Khetri Transmission Ltd] (Power Grid Corporation of India Limited [POWERGRID]) (612132),Infrastructure & Highways,Ministry of Coal,612132,Rajasthan,674.09,674.09,448.7,66.6,2024-03-01,2027-12-31,2028-12-31,2026-07-01,18,0.0,0
PAIM-611735,Phase-III Part J (Power Grid Corporation of India Limited [POWERGRID]) (611735),Infrastructure & Highways,Ministry of Coal,611735,Rajasthan,1235.39,1235.39,215.38,17.4,2023-03-01,2028-12-31,2028-12-31,2026-07-01,12,0.0,0
PAIM-615347,[8 GW] PART A   [SPV Name POWERGRID West Central Transmission Limited] (Power Grid Corporation of India Limited [POWERGR,Infrastructure & Highways,Ministry of Coal,615347,Maharashtra,2519.77,2519.77,730.45,29.0,2023-03-01,2028-12-31,2029-12-31,2026-07-01,6,0.0,0
PAIM-615339,Limited] (Power Grid Corporation of India Limited [POWERGRID]) (615339),Infrastructure & Highways,Ministry of Coal,615339,Rajasthan,3209.57,3209.57,355.65,11.1,2021-03-01,2027-12-31,2029-12-31,2026-07-01,0,0.0,0
PAIM-615340,POWERGRID Siwani Transmission Limited] (Power Grid Corporation of India Limited [POWERGRID]) (615340),Infrastructure & Highways,Ministry of Coal,615340,Rajasthan,4461.17,4461.17,3388.1,75.9,2023-03-01,2027-12-31,2029-12-31,2026-07-01,18,0.0,0
PAIM-617808,Inter-Regional Strengthening between SR Grid and WR Grid (Power Grid Corporation of India Limited [POWERGRID]) (617808),Infrastructure & Highways,Ministry of Coal,617808,Maharashtra,970.99,970.99,160.82,16.6,2024-03-01,2028-12-31,2029-12-31,2026-07-01,0,0.0,0
PAIM-612138,Transmission Ltd] (Power Grid Corporation of India Limited [POWERGRID]) (612138),Infrastructure & Highways,Ministry of Coal,612138,Karnataka,1664.95,1664.95,547.66,32.9,2023-03-01,2028-12-31,2029-12-31,2026-07-01,24,0.0,0
PAIM-615333,Mandsaur Transmission Limited] (Power Grid Corporation of India Limited [POWERGRID]) (615333),Infrastructure & Highways,Ministry of Coal,615333,Rajasthan,579.42,579.42,272.72,47.1,2022-03-01,2026-12-31,2028-12-31,2026-07-01,36,0.0,0
PAIM-615334,Transmission Limited] (Power Grid Corporation of India Limited [POWERGRID]) (615334),Infrastructure & Highways,Ministry of Coal,615334,Rajasthan,4262.67,4262.67,1176.26,27.6,2024-03-01,2026-12-31,2027-12-31,2026-07-01,12,0.0,0
PAIM-617186,Transmission Limited] (Power Grid Corporation of India Limited [POWERGRID]) (617186),Infrastructure & Highways,Ministry of Coal,617186,Rajasthan,3998.89,3998.89,429.83,10.7,2024-03-01,2026-12-31,2027-12-31,2026-07-01,18,0.0,0
PAIM-619025,RAJASTHAN PART I POWER TRANSMISSION LIMITED (Adani Transmission Limited) (619025),Infrastructure & Highways,Ministry of Coal,619025,Rajasthan,2956.63,2956.63,469.41,15.9,2021-03-01,2027-12-31,2029-12-31,2026-07-01,24,0.0,0
PAIM-612133,[Bikaner Complex] Part D [Neemrana Bareilly Transmission Ltd] (Power Grid Corporation of India Limited [POWERGRID]) (612,Infrastructure & Highways,Ministry of Coal,612133,Rajasthan,3301.08,3301.08,474.41,14.4,2024-03-01,2028-12-31,2027-12-31,2026-07-01,6,0.0,0
PAIM-616670,GW] Part A  [SPV name POWERGRID Ghiror Transmission Limited] (Power Grid Corporation of India Limited [POWERGRID]) (6166,Infrastructure & Highways,Ministry of Coal,616670,Rajasthan,874.6,874.6,428.26,49.0,2022-03-01,2027-12-31,2029-12-31,2026-07-01,24,0.0,0
PAIM-611949,Phase-III part C1 (Power Grid Corporation of India Limited [POWERGRID]) (611949),Infrastructure & Highways,Ministry of Coal,611949,Rajasthan,342.33,342.33,166.3,48.6,2022-03-01,2026-12-31,2028-12-31,2026-07-01,18,0.0,0
PAIM-612134,[Bikaner Complex] Part A [Bikaner Neemrana  Transmission Ltd] (Power Grid Corporation of India Limited [POWERGRID]) (612,Infrastructure & Highways,Ministry of Coal,612134,Rajasthan,3210.4,3210.4,754.04,23.5,2021-03-01,2028-12-31,2028-12-31,2026-07-01,12,0.0,0
PAIM-615332,Transmission Limited] (Power Grid Corporation of India Limited [POWERGRID]) (615332),Infrastructure & Highways,Ministry of Coal,615332,Rajasthan,1897.14,1897.14,819.53,43.2,2023-03-01,2026-12-31,2029-12-31,2026-07-01,18,0.0,0
PAIM-615335,Complex [SPV Name POWERGRID BHADLA BIKANER TRANSMISSION LIMITED] (Power Grid Corporation of India Limited [POWERGRID]) (,Infrastructure & Highways,Ministry of Coal,615335,Rajasthan,3157.81,3157.81,1246.11,39.5,2024-03-01,2028-12-31,2029-12-31,2026-07-01,6,0.0,0
PAIM-615337,Power Transmission Limited] (Power Grid Corporation of India Limited [POWERGRID]) (615337),Infrastructure & Highways,Ministry of Coal,615337,Rajasthan,2988.39,2988.39,928.75,31.1,2021-03-01,2026-12-31,2028-12-31,2026-07-01,6,0.0,0
PAIM-615338,Name POWERGRID BARMER I TRANSMISSION LIMITED] (Power Grid Corporation of India Limited [POWERGRID]) (615338),Infrastructure & Highways,Ministry of Coal,615338,Rajasthan,3963.62,3963.62,3274.05,82.6,2023-03-01,2028-12-31,2029-12-31,2026-07-01,0,0.0,0
PAIM-617181,[POWERGRID Fatehgarh Barmer Augmentation Transmission Limited] (Power Grid Corporation of India Limited [POWERGRID]) (61,Infrastructure & Highways,Ministry of Coal,617181,Rajasthan,1974.06,1974.06,1035.42,52.5,2024-03-01,2026-12-31,2028-12-31,2026-07-01,6,0.0,0
PAIM-616671,[2x1000 MW]  [SPV Name POWERGRID Kudankulam Tarnsmission Limited] (Power Grid Corporation of India Limited [POWERGRID]) ,Infrastructure & Highways,Ministry of Coal,616671,Tamil Nadu,1334.81,1334.81,947.23,71.0,2024-03-01,2028-12-31,2028-12-31,2026-07-01,12,0.0,0
PAIM-617269,Bhadla/Bikaner Complex (Power Grid Corporation of India Limited [POWERGRID]) (617269),Infrastructure & Highways,Ministry of Coal,617269,Uttar Pradesh,1915.71,1915.71,689.09,36.0,2024-03-01,2026-12-31,2027-12-31,2026-07-01,0,0.0,0
PAIM-617412,"Commissionerates of Central Tax at Khajaguda, Serilingampally, Hyderabad. (Central Public Works Department - CPWD) (6174",Infrastructure & Highways,Ministry of Housing & Urban Affairs,617412,Telangana,1439.59,1439.59,739.98,51.4,2023-03-01,2028-12-31,2029-12-31,2026-07-01,18,0.0,0
PAIM-707229,"Port, Ship Service, Smart Solid Waste Management, Smart Public Transport System (ministry of housing and urban affairs) ",Infrastructure & Highways,Ministry of Housing & Urban Affairs,707229,Delhi,3463.25,3463.25,1528.26,44.1,2023-03-01,2026-12-31,2029-12-31,2026-07-01,24,0.0,0
PAIM-400188,in Delhi (National Buildings Construction Corporation [NBCC]) (400188),Infrastructure & Highways,Ministry of Housing & Urban Affairs,400188,Delhi,4201.0,4201.0,2432.72,57.9,2022-03-01,2027-12-31,2029-12-31,2026-07-01,24,0.0,0
PAIM-701719,Rehablitation in Junavadaj Area Smart City Project (ministry of housing and urban affairs) (701719),Infrastructure & Highways,Ministry of Housing & Urban Affairs,701719,Gujarat,1369.71,1369.71,1026.52,74.9,2024-03-01,2028-12-31,2027-12-31,2026-07-01,12,0.0,0
PAIM-701766,Green Building Development Project (ministry of housing and urban affairs) (701766),Infrastructure & Highways,Ministry of Housing & Urban Affairs,701766,Gujarat,2500.87,2500.87,1227.5,49.1,2024-03-01,2028-12-31,2029-12-31,2026-07-01,12,0.0,0
PAIM-702627,Patna Metro Rail Project (Patna Metro Rail Corporation Ltd. [PMRCL]) (702627),Infrastructure & Highways,Ministry of Housing & Urban Affairs,702627,Bihar,871.19,871.19,694.0,79.7,2023-03-01,2026-12-31,2027-12-31,2026-07-01,0,0.0,0
PAIM-617207,Delhi Metro Rail Phase-IV [2 Corridors] (Delhi Metro Rail Corporation Limited [DMRC]) (617207),Infrastructure & Highways,Ministry of Housing & Urban Affairs,617207,Bihar,2441.4,2441.4,1847.35,75.7,2023-03-01,2026-12-31,2027-12-31,2026-07-01,18,0.0,0
PAIM-619031,Delhi Metro Rail Phase V A (Delhi Metro Rail Corporation Limited [DMRC]) (619031),Infrastructure & Highways,Ministry of Housing & Urban Affairs,619031,Delhi,3483.37,3483.37,2925.68,84.0,2021-03-01,2027-12-31,2027-12-31,2026-07-01,0,0.0,0
PAIM-702632,DMRTS Phase - IV [3 Priority Corridors] (Delhi Metro Rail Corporation Limited [DMRC]) (702632),Infrastructure & Highways,Ministry of Housing & Urban Affairs,702632,Gujarat,1595.93,1595.93,1354.46,84.9,2022-03-01,2028-12-31,2029-12-31,2026-07-01,0,0.0,0
PAIM-702630,Surat Metro Rail Project (Gujarat Metro Rail Corporation Limited [GMRCL]) (702630),Infrastructure & Highways,Ministry of Housing & Urban Affairs,702630,Gujarat,3382.28,3382.28,1072.86,31.7,2022-03-01,2028-12-31,2027-12-31,2026-07-01,24,0.0,0
PAIM-619022,"Expressway, Gurugram. (Gurugram Metro Rail Limited [GMRL]) (619022)",Infrastructure & Highways,Ministry of Housing & Urban Affairs,619022,Karnataka,1588.21,1588.21,1058.17,66.6,2021-03-01,2028-12-31,2028-12-31,2026-07-01,6,0.0,0
PAIM-612878,Bangalore Metro Rail Project - PHASE-3 (Bengaluru Metro Rail) (612878),Infrastructure & Highways,Ministry of Housing & Urban Affairs,612878,Karnataka,1751.37,1751.37,590.62,33.7,2022-03-01,2028-12-31,2029-12-31,2026-07-01,24,0.0,0
PAIM-702635,Construction of Bangalore Metro Rail Project Phase 2. (Bengaluru Metro Rail) (702635),Infrastructure & Highways,Ministry of Housing & Urban Affairs,702635,Karnataka,2871.72,2871.72,619.88,21.6,2024-03-01,2026-12-31,2029-12-31,2026-07-01,0,0.0,0
PAIM-702665,Construction Bangalore Metro Rail Project Phase-2A & 2B (Bengaluru Metro Rail) (702665),Infrastructure & Highways,Ministry of Housing & Urban Affairs,702665,Karnataka,3809.4,3809.4,1355.73,35.6,2021-03-01,2027-12-31,2029-12-31,2026-07-01,6,0.0,0
PAIM-702664,Kochi Metro Rail Phase 2 Development  Project (CSPCC Projects) (702664),Infrastructure & Highways,Ministry of Housing & Urban Affairs,702664,Karnataka,2472.22,2472.22,1204.23,48.7,2023-03-01,2026-12-31,2029-12-31,2026-07-01,36,0.0,0
PAIM-702625,Bhopal Metro Rail Project (Madhya Pradesh Metro Rail Co Limited [MPMRCL]) (702625),Infrastructure & Highways,Ministry of Housing & Urban Affairs,702625,Madhya Pradesh,2077.03,2077.03,465.09,22.4,2022-03-01,2027-12-31,2028-12-31,2026-07-01,24,0.0,0
PAIM-702626,Indore Metro Rail Project (Madhya Pradesh Metro Rail Co Limited [MPMRCL]) (702626),Infrastructure & Highways,Ministry of Housing & Urban Affairs,702626,Maharashtra,3306.45,3306.45,824.68,24.9,2023-03-01,2028-12-31,2028-12-31,2026-07-01,0,0.0,0
PAIM-617225,PCMC To Nigdi- Extension Of North South Corridor Of Phase-1 (Maharashtra Metro Rail Corporation Limited [MMRCL]) (617225,Infrastructure & Highways,Ministry of Housing & Urban Affairs,617225,Maharashtra,2847.14,2847.14,572.51,20.1,2021-03-01,2027-12-31,2027-12-31,2026-07-01,0,0.0,0
PAIM-617226,Pune Metro Phase-1 Extension line towards south from Swargate to Katraj (Maharashtra Metro Rail Corporation Limited [MMR,Infrastructure & Highways,Ministry of Housing & Urban Affairs,617226,Maharashtra,257.82,257.82,87.15,33.8,2024-03-01,2028-12-31,2028-12-31,2026-07-01,18,0.0,0
PAIM-617327,Thane Integral Ring Metro Rail Project (Maharashtra Metro Rail Corporation Limited [MMRCL]) (617327),Infrastructure & Highways,Ministry of Housing & Urban Affairs,617327,Maharashtra,2886.3,2886.3,2124.75,73.6,2022-03-01,2028-12-31,2028-12-31,2026-07-01,36,0.0,0
PAIM-618971,2B Ramwadi to Wagholi/Vitthalwadi (Maharashtra Metro Rail Corporation Limited [MMRCL]) (618971),Infrastructure & Highways,Ministry of Housing & Urban Affairs,618971,Maharashtra,3325.36,3325.36,1393.92,41.9,2021-03-01,2027-12-31,2028-12-31,2026-07-01,6,0.0,0
PAIM-618985,Nal Stop - Warje - Manikbaug (Maharashtra Metro Rail Corporation Limited [MMRCL]) (618985),Infrastructure & Highways,Ministry of Housing & Urban Affairs,618985,Maharashtra,1097.01,1097.01,909.99,83.0,2024-03-01,2026-12-31,2027-12-31,2026-07-01,12,0.0,0
PAIM-701745,New Suburba Station Development Project (ministry of housing and urban affairs) (701745),Infrastructure & Highways,Ministry of Housing & Urban Affairs,701745,Maharashtra,832.59,832.59,494.71,59.4,2022-03-01,2027-12-31,2028-12-31,2026-07-01,36,0.0,0
PAIM-701991,Kalyan Station Precinct Imporvement Project (ministry of housing and urban affairs) (701991),Infrastructure & Highways,Ministry of Housing & Urban Affairs,701991,Maharashtra,3314.03,3314.03,2344.05,70.7,2022-03-01,2027-12-31,2028-12-31,2026-07-01,12,0.0,0
PAIM-702637,Mumbai Metro Line 3 (Mumbai Metro Rail Corporation Limited [MMRC]) (702637),Infrastructure & Highways,Ministry of Housing & Urban Affairs,702637,Maharashtra,826.85,826.85,643.85,77.9,2023-03-01,2027-12-31,2029-12-31,2026-07-01,36,0.0,0
PAIM-702658,Nagpur Metro Rail Phase II Development Project (Maharashtra Metro Rail Corporation Limited [MMRCL]) (702658),Infrastructure & Highways,Ministry of Housing & Urban Affairs,702658,Maharashtra,3023.23,3023.23,1110.94,36.7,2021-03-01,2028-12-31,2027-12-31,2026-07-01,0,0.0,0
PAIM-617206,Delhi Metro Rail Phase-IV [Rithala - Kundli Corridor] (Delhi Metro Rail Corporation Limited [DMRC]) (617206),Infrastructure & Highways,Ministry of Housing & Urban Affairs,617206,Maharashtra,3431.99,3431.99,664.42,19.4,2021-03-01,2026-12-31,2027-12-31,2026-07-01,18,0.0,0
PAIM-612066,Galta Gate (Jaipur Metro Rail Corporation) (612066),Infrastructure & Highways,Ministry of Housing & Urban Affairs,612066,Rajasthan,890.93,890.93,620.52,69.6,2021-03-01,2027-12-31,2029-12-31,2026-07-01,18,0.0,0
PAIM-612068,Jaipur Metro Phase 1D Project from Mansarovar to Ajmer Road Chauraha (Jaipur Metro Rail Corporation) (612068),Infrastructure & Highways,Ministry of Housing & Urban Affairs,612068,Rajasthan,1496.03,1496.03,1083.74,72.4,2022-03-01,2026-12-31,2028-12-31,2026-07-01,6,0.0,0
PAIM-702668,Chennai Metro Rail Phase-II Development Project (Chennai Metro Rail Limited [CMRL]) (702668),Infrastructure & Highways,Ministry of Housing & Urban Affairs,702668,Tamil Nadu,4482.92,4482.92,728.15,16.2,2023-03-01,2027-12-31,2028-12-31,2026-07-01,18,0.0,0
PAIM-616221,"Garden, Noida of Noida Metro Rail Corporation (Noida Metro Rail Corporation Ltd. [NMRCL]) (616221)",Infrastructure & Highways,Ministry of Housing & Urban Affairs,616221,Uttar Pradesh,1943.28,1943.28,1022.7,52.6,2023-03-01,2028-12-31,2029-12-31,2026-07-01,0,0.0,0
PAIM-619052,LUCKNOW METRO RAIL PROJECT PHASE-1B EAST WEST CORRIDOR (Uttar Pradesh metro rail corporation [UPMRC]) (619052),Infrastructure & Highways,Ministry of Housing & Urban Affairs,619052,Uttar Pradesh,1602.6,1602.6,923.86,57.6,2021-03-01,2028-12-31,2028-12-31,2026-07-01,0,0.0,0
PAIM-702628,Kanpur Metro Rail Project (Uttar Pradesh metro rail corporation [UPMRC]) (702628),Infrastructure & Highways,Ministry of Housing & Urban Affairs,702628,Uttar Pradesh,3920.28,3920.28,2249.7,57.4,2022-03-01,2028-12-31,2027-12-31,2026-07-01,6,0.0,0
PAIM-702629,Agra Metro Rail Project (Uttar Pradesh metro rail corporation [UPMRC]) (702629),Infrastructure & Highways,Ministry of Housing & Urban Affairs,702629,Uttar Pradesh,2047.23,2047.23,1208.03,59.0,2023-03-01,2027-12-31,2028-12-31,2026-07-01,18,0.0,0
PAIM-702674,"nos. upgrading of feeder mains, pumping station etc. - Phase II (Ministry of Housing & Urban Affairs) (702674)",Infrastructure & Highways,Ministry of Housing & Urban Affairs,702674,Andhra Pradesh,723.04,723.04,255.14,35.3,2023-03-01,2027-12-31,2029-12-31,2026-07-01,12,0.0,0
PAIM-702699,Muzaffarpur Storm Water Drainage Phase-I Project (Ministry of Housing & Urban Affairs) (702699),Infrastructure & Highways,Ministry of Housing & Urban Affairs,702699,Bihar,782.23,782.23,421.79,53.9,2024-03-01,2026-12-31,2027-12-31,2026-07-01,36,0.0,0
PAIM-702734,Sewerage Management Scheme Part-3 Implementation (Ministry of Housing & Urban Affairs) (702734),Infrastructure & Highways,Ministry of Housing & Urban Affairs,702734,Bihar,2186.96,2186.96,1461.92,66.8,2023-03-01,2027-12-31,2027-12-31,2026-07-01,36,0.0,0
PAIM-702741,Dhanbad Water Supply Infrastructure Project (Ministry of Housing & Urban Affairs) (702741),Infrastructure & Highways,Ministry of Housing & Urban Affairs,702741,Haryana,2917.72,2917.72,2478.21,84.9,2023-03-01,2028-12-31,2027-12-31,2026-07-01,18,0.0,0
PAIM-702742,SAAP-3 Water Supply Infrastructure SAAP-3 Project (Ministry of Housing & Urban Affairs) (702742),Infrastructure & Highways,Ministry of Housing & Urban Affairs,702742,Multi-State,4061.38,4061.38,524.31,12.9,2021-03-01,2027-12-31,2028-12-31,2026-07-01,0,0.0,0
PAIM-702746,Augmentation and Strenghthning of Urban Water Supply Phase 1 - SAAP 3 (Ministry of Housing & Urban Affairs) (702746),Infrastructure & Highways,Ministry of Housing & Urban Affairs,702746,Multi-State,4224.29,4224.29,2773.3,65.7,2022-03-01,2028-12-31,2028-12-31,2026-07-01,0,0.0,0
PAIM-702760,Belgavi Improvement in Sewerage System Project (Ministry of Housing & Urban Affairs) (702760),Infrastructure & Highways,Ministry of Housing & Urban Affairs,702760,Karnataka,1521.36,1521.36,159.9,10.5,2024-03-01,2028-12-31,2027-12-31,2026-07-01,12,0.0,0
PAIM-702793,Indore Water Supply Infrastructure Project (Ministry of Housing & Urban Affairs) (702793),Infrastructure & Highways,Ministry of Housing & Urban Affairs,702793,Karnataka,515.04,515.04,249.28,48.4,2021-03-01,2027-12-31,2028-12-31,2026-07-01,36,0.0,0
PAIM-702808,Satna Sewerage Management and Treatment Infrastructure Project (Ministry of Housing & Urban Affairs) (702808),Infrastructure & Highways,Ministry of Housing & Urban Affairs,702808,Madhya Pradesh,3404.47,3404.47,555.56,16.3,2023-03-01,2026-12-31,2027-12-31,2026-07-01,24,0.0,0
PAIM-702810,Singrauli Sewerage Management and Treatment Infrastructure Project (Ministry of Housing & Urban Affairs) (702810),Infrastructure & Highways,Ministry of Housing & Urban Affairs,702810,Madhya Pradesh,3757.39,3757.39,925.69,24.6,2023-03-01,2028-12-31,2029-12-31,2026-07-01,18,0.0,0
PAIM-702833,Kalyan-Dombivali Water Supply Infrastructure Project (Ministry of Housing & Urban Affairs) (702833),Infrastructure & Highways,Ministry of Housing & Urban Affairs,702833,Maharashtra,4434.83,4434.83,2989.41,67.4,2021-03-01,2028-12-31,2029-12-31,2026-07-01,0,0.0,0
PAIM-703021,Jalandhar Water Supply Infrastructure Project (Ministry of Housing & Urban Affairs) (703021),Infrastructure & Highways,Ministry of Housing & Urban Affairs,703021,Maharashtra,3349.83,3349.83,2663.84,79.5,2023-03-01,2028-12-31,2028-12-31,2026-07-01,0,0.0,0
PAIM-703057,Patiala Water Supply Infrastructure Part-2 Project (Ministry of Housing & Urban Affairs) (703057),Infrastructure & Highways,Ministry of Housing & Urban Affairs,703057,Punjab,835.79,835.79,498.2,59.6,2024-03-01,2028-12-31,2029-12-31,2026-07-01,6,0.0,0
PAIM-702949,Jhansi Water Supply Infrastructure Phase-II Project (Ministry of Housing & Urban Affairs) (702949),Infrastructure & Highways,Ministry of Housing & Urban Affairs,702949,Uttar Pradesh,2061.76,2061.76,1678.65,81.4,2024-03-01,2028-12-31,2028-12-31,2026-07-01,12,0.0,0
PAIM-702958,Lucknow Sewerage Management Infrastructure Project (Ministry of Housing & Urban Affairs) (702958),Infrastructure & Highways,Ministry of Housing & Urban Affairs,702958,Uttar Pradesh,1549.2,1549.2,1101.02,71.1,2021-03-01,2026-12-31,2028-12-31,2026-07-01,12,0.0,0
PAIM-617280,"Director General, GSI Building at plot No.GN-40, Sector-V, Salt Lake, Kolkata (Central Public Works Department [CPWD]) (",Infrastructure & Highways,Ministry of Housing & Urban Affairs,617280,West Bengal,1386.64,1386.64,531.51,38.3,2021-03-01,2027-12-31,2029-12-31,2026-07-01,36,0.0,0
PAIM-400426,Expansion of Malanjkhand Copper Project (Hindustan Copper Limited [HCL]) (400426),Infrastructure & Highways,Ministry of Housing & Urban Affairs,400426,West Bengal,720.66,720.66,106.02,14.7,2022-03-01,2026-12-31,2028-12-31,2026-07-01,24,0.0,0
PAIM-400141,enhancement of 1.0 Million Tonee Per Annum (National Aluminium Company Limited [NALCO]) (400141),Infrastructure & Highways,Ministry of Housing & Urban Affairs,400141,Odisha,1137.6,1137.6,266.0,23.4,2021-03-01,2026-12-31,2028-12-31,2026-07-01,24,0.0,0
PAIM-400299,Pottangi Bauxite Mines Project (National Aluminium Company Limited [NALCO]) (400299),Infrastructure & Highways,Ministry of Housing & Urban Affairs,400299,Odisha,2585.53,2585.53,1885.62,72.9,2023-03-01,2026-12-31,2027-12-31,2026-07-01,18,0.0,0
PAIM-709831,REFINERY FROM SOUTH BLOCK MINING LEASE OF PANCHPATMAILI MINES (National Aluminium Company Limited [NALCO]) (709831),Infrastructure & Highways,Ministry of Housing & Urban Affairs,709831,Odisha,3340.56,3340.56,677.02,20.3,2023-03-01,2027-12-31,2027-12-31,2026-07-01,18,0.0,0
PAIM-709832,25.5 MW WIND POWER PROJECT AT KAYATHAR IN TAMILNADU (National Aluminium Company Limited [NALCO]) (709832),Infrastructure & Highways,Ministry of Housing & Urban Affairs,709832,Odisha,914.2,914.2,160.4,17.5,2024-03-01,2028-12-31,2027-12-31,2026-07-01,0,0.0,0
PAIM-613008,Phase-1 (Central Tribal University of Andhra Pradesh) (613008),Infrastructure & Highways,Ministry of Housing & Urban Affairs,613008,Andhra Pradesh,3482.93,3482.93,407.0,11.7,2022-03-01,2027-12-31,2029-12-31,2026-07-01,18,0.0,0
PAIM-606013,Additional Campus  of NITPatna (NIT Patna) (606013),Infrastructure & Highways,Ministry of Housing & Urban Affairs,606013,Bihar,781.83,781.83,484.11,61.9,2023-03-01,2026-12-31,2027-12-31,2026-07-01,36,0.0,0
PAIM-617877,"Phase B Construction of Permanent Campus of IIT Bhilai (Indian Institute of Technology, Bhilai) (617877)",Infrastructure & Highways,Ministry of Housing & Urban Affairs,617877,Bihar,1161.55,1161.55,225.74,19.4,2021-03-01,2026-12-31,2027-12-31,2026-07-01,18,0.0,0
PAIM-612851,"Campus on Engineering, Procurement and Construction basis (National Institute of Technology Delhi) (612851)",Infrastructure & Highways,Ministry of Housing & Urban Affairs,612851,Delhi,608.17,608.17,177.7,29.2,2022-03-01,2026-12-31,2027-12-31,2026-07-01,24,0.0,0
PAIM-616886,Delhi University Eastern Campus at Surajmal Vihar (Delhi University) (616886),Infrastructure & Highways,Ministry of Housing & Urban Affairs,616886,Gujarat,483.66,483.66,365.26,75.5,2021-03-01,2028-12-31,2028-12-31,2026-07-01,12,0.0,0
PAIM-612916,"kundhela, Dist. Vadodara, Gujarat. (Central University of Gujarat) (612916)",Infrastructure & Highways,Ministry of Housing & Urban Affairs,612916,Gujarat,3575.76,3575.76,1757.39,49.1,2024-03-01,2027-12-31,2027-12-31,2026-07-01,18,0.0,0
PAIM-602099,"Establishment of Permanent campus Phase 1 of IIM Sirmaur (Indian Institute of Management, Sirmaur) (602099)",Infrastructure & Highways,Ministry of Housing & Urban Affairs,602099,Gujarat,4391.43,4391.43,819.02,18.7,2022-03-01,2026-12-31,2028-12-31,2026-07-01,6,0.0,0
PAIM-612128,"Hostel blocks & dining hall block (Indian Institute of Technology, Mandi) (612128)",Infrastructure & Highways,Ministry of Housing & Urban Affairs,612128,Multi-State,4266.72,4266.72,1399.51,32.8,2023-03-01,2028-12-31,2029-12-31,2026-07-01,6,0.0,0
PAIM-612894,"Mode 1] Basis. (Central University, Himachal Pradesh) (612894)",Infrastructure & Highways,Ministry of Housing & Urban Affairs,612894,Multi-State,3289.5,3289.5,1376.65,41.8,2024-03-01,2028-12-31,2027-12-31,2026-07-01,0,0.0,0
PAIM-602098,"Jammu, J&K (Indian Institute of Management, Jammu) (602098)",Infrastructure & Highways,Ministry of Housing & Urban Affairs,602098,Multi-State,2180.29,2180.29,1514.46,69.5,2024-03-01,2028-12-31,2028-12-31,2026-07-01,18,0.0,0
PAIM-606431,1A (INDIAN INSTITUTE OF TECHNOLOGY PALAKKAD) (606431),Infrastructure & Highways,Ministry of Housing & Urban Affairs,606431,Multi-State,1555.51,1555.51,264.73,17.0,2024-03-01,2028-12-31,2029-12-31,2026-07-01,18,0.0,0
PAIM-617878,Phase B of Construction of Permanent Campus of IIT Palakkad (INDIAN INSTITUTE OF TECHNOLOGY PALAKKAD) (617878),Infrastructure & Highways,Ministry of Housing & Urban Affairs,617878,Multi-State,1926.3,1926.3,1255.13,65.2,2023-03-01,2028-12-31,2029-12-31,2026-07-01,36,0.0,0
PAIM-611957,"excellence] (Indian Institute of Technology, Indore) (611957)",Infrastructure & Highways,Ministry of Housing & Urban Affairs,611957,Madhya Pradesh,2223.4,2223.4,248.44,11.2,2023-03-01,2026-12-31,2027-12-31,2026-07-01,0,0.0,0
PAIM-610315,"IISER BERHAMPUR (Indian Institutes of Science Education and Research, Behrampur) (610315)",Infrastructure & Highways,Ministry of Housing & Urban Affairs,610315,Odisha,3632.06,3632.06,709.7,19.5,2023-03-01,2028-12-31,2028-12-31,2026-07-01,24,0.0,0
PAIM-611961,"Construction of IIT Bhubaneswar -Phase III (Indian Institute of Technology, Bhubaneshwar) (611961)",Infrastructure & Highways,Ministry of Housing & Urban Affairs,611961,Odisha,415.5,415.5,320.84,77.2,2023-03-01,2028-12-31,2028-12-31,2026-07-01,0,0.0,0
PAIM-619033,and Faculty Residence - 72 nos. Flats (NIT Rourkela) (619033),Infrastructure & Highways,Ministry of Housing & Urban Affairs,619033,Odisha,2526.85,2526.85,1223.18,48.4,2024-03-01,2027-12-31,2029-12-31,2026-07-01,36,0.0,0
PAIM-612877,"Establishment of NIT Puducherry Permanent Campus [Phase-I and Phase-II] (National Institute of Technology, Puducherry) (",Infrastructure & Highways,Ministry of Housing & Urban Affairs,612877,Odisha,558.53,558.53,114.39,20.5,2022-03-01,2026-12-31,2027-12-31,2026-07-01,0,0.0,0
PAIM-605292,"Punjab, Phase-I (Indian intitue of Management, Amritsar) (605292)",Infrastructure & Highways,Ministry of Housing & Urban Affairs,605292,Punjab,2806.44,2806.44,810.57,28.9,2021-03-01,2028-12-31,2029-12-31,2026-07-01,18,0.0,0
PAIM-617221,"International Hostel 100 seater, VC Residence and Purchase of Equipment (Central University of Punjab) (617221)",Infrastructure & Highways,Ministry of Petroleum & Natural Gas,617221,Punjab,3024.35,3024.35,1568.64,51.9,2021-03-01,2027-12-31,2029-12-31,2026-07-01,36,0.0,0
PAIM-609996,"Construction of Precast housing and hostels at IIT Hyderabad (Indian Institute of Technology, Hyderabad) (609996)",Infrastructure & Highways,Ministry of Petroleum & Natural Gas,609996,Telangana,474.42,474.42,48.07,10.1,2024-03-01,2026-12-31,2027-12-31,2026-07-01,24,0.0,0
PAIM-606479,Banaras Hindu University [ Kayakalp of Institute of Medical Sciences] (Banaras Hindu University) (606479),Infrastructure & Highways,Ministry of Petroleum & Natural Gas,606479,Uttar Pradesh,3155.26,3155.26,2330.13,73.8,2023-03-01,2028-12-31,2029-12-31,2026-07-01,24,0.0,0
PAIM-611963,"Uttarakhand at Sumari, Pauri Garhwal (National Institute of Technology Uttarakhand) (611963)",Infrastructure & Highways,Ministry of Petroleum & Natural Gas,611963,Multi-State,3152.51,3152.51,2065.42,65.5,2023-03-01,2026-12-31,2028-12-31,2026-07-01,12,0.0,0
PAIM-609019,"buildings, class room complex and other campus facilities in IIT Kharagpur (Indian Institute of Technology, Kharagpur) (",Infrastructure & Highways,Ministry of Petroleum & Natural Gas,609019,West Bengal,3450.01,3450.01,1946.63,56.4,2022-03-01,2026-12-31,2029-12-31,2026-07-01,6,0.0,0
PAIM-617839,MMTPA (Indian Oil Corporation Limited [IOCL]) (617839),Infrastructure & Highways,Ministry of Petroleum & Natural Gas,617839,Maharashtra,2507.01,2507.01,1408.22,56.2,2024-03-01,2027-12-31,2028-12-31,2026-07-01,0,0.0,0
PAIM-604833,"Andheri Residential Towers, Mumbai (Indian Oil Corporation Limited [IOCL]) (604833)",Infrastructure & Highways,Ministry of Petroleum & Natural Gas,604833,Maharashtra,426.89,426.89,232.45,54.5,2022-03-01,2026-12-31,2029-12-31,2026-07-01,24,0.0,0
PAIM-619313,Consumption at MR (Bharat Petroleum Corporation Limited [BPCL]) (619313),Infrastructure & Highways,Ministry of Petroleum & Natural Gas,619313,Maharashtra,3430.19,3430.19,2618.93,76.3,2023-03-01,2027-12-31,2027-12-31,2026-07-01,36,0.0,0
PAIM-709759,"Petrochemical evacuation marketing terminal at Barmer, Rajasthan (Hindustan Petroleum Corporation Limited) (709759)",Infrastructure & Highways,Ministry of Petroleum & Natural Gas,709759,Rajasthan,2866.63,2866.63,1761.2,61.4,2023-03-01,2027-12-31,2029-12-31,2026-07-01,12,0.0,0
PAIM-400043,Vallur [Chennai] (MinistryofPetroleumNaturalGas) (400043),Infrastructure & Highways,Ministry of Petroleum & Natural Gas,400043,Tamil Nadu,1802.17,1802.17,528.72,29.3,2023-03-01,2027-12-31,2029-12-31,2026-07-01,18,0.0,0
PAIM-400301,Multi Product Pipeline from Irugur to Devangonthi (MinistryofPetroleumNaturalGas) (400301),Infrastructure & Highways,Ministry of Petroleum & Natural Gas,400301,Tamil Nadu,4023.32,4023.32,1062.38,26.4,2023-03-01,2026-12-31,2028-12-31,2026-07-01,6,0.0,0
PAIM-400012,Kandla Gorakhpur LPG Pipeline (Indian Oil Corporation Limited [IOCL]) (400012),Infrastructure & Highways,Ministry of Petroleum & Natural Gas,400012,Tamil Nadu,751.8,751.8,211.62,28.1,2021-03-01,2028-12-31,2027-12-31,2026-07-01,18,0.0,0
PAIM-604852,"Grass-root Terminal at Mirzapur, Uttar Pradesh (Indian Oil Corporation Limited [IOCL]) (604852)",Infrastructure & Highways,Ministry of Petroleum & Natural Gas,604852,Uttar Pradesh,225.81,225.81,169.17,74.9,2021-03-01,2028-12-31,2027-12-31,2026-07-01,24,0.0,0
PAIM-701349,at Paradip (Numaligarh Refinery Limited) (701349),Infrastructure & Highways,Ministry of Petroleum & Natural Gas,701349,West Bengal,2855.07,2855.07,1203.95,42.2,2023-03-01,2026-12-31,2028-12-31,2026-07-01,6,0.0,0
PAIM-400120,KG-DWN-98/2 Cluster - II Development Project - NELP Block (Oil and Natural Gas Corporation Limited [ONGC]) (400120),Infrastructure & Highways,Ministry of Petroleum & Natural Gas,400120,Andhra Pradesh,2465.88,2465.88,1255.35,50.9,2021-03-01,2028-12-31,2027-12-31,2026-07-01,18,0.0,0
PAIM-619226,Provision of four bitumen tanks with capacity of 5 TMT each at Visakh Refinery (Hindustan Petroleum Corporation Limited),Infrastructure & Highways,Ministry of Petroleum & Natural Gas,619226,Andhra Pradesh,4110.08,4110.08,2001.09,48.7,2023-03-01,2026-12-31,2029-12-31,2026-07-01,6,0.0,0
PAIM-709752,HP-COAT [Crude to Olefins and Aromatics Technology] demo unit at Visakh Refinery (Hindustan Petroleum Corporation Limite,Infrastructure & Highways,Ministry of Petroleum & Natural Gas,709752,Assam,1104.46,1104.46,259.6,23.5,2024-03-01,2026-12-31,2027-12-31,2026-07-01,18,0.0,0
PAIM-617304,"Setting up of LPG Plant with Rail Unloading Facility at Hathua, Dist. Gopalganj, Bihar (Bharat Petroleum Corporation Lim",Infrastructure & Highways,Ministry of Petroleum & Natural Gas,617304,Bihar,1838.5,1838.5,1049.57,57.1,2023-03-01,2028-12-31,2029-12-31,2026-07-01,24,0.0,0
PAIM-701324,Barauni Refinery Capacity Expansion from 6.0 to 9.0 MMTPA (Indian Oil Corporation Limited [IOCL]) (701324),Infrastructure & Highways,Ministry of Petroleum & Natural Gas,701324,Bihar,275.26,275.26,197.4,71.7,2021-03-01,2027-12-31,2028-12-31,2026-07-01,24,0.0,0
PAIM-709777,Refinery (Indian Oil Corporation Limited [IOCL]) (709777),Infrastructure & Highways,Ministry of Petroleum & Natural Gas,709777,Bihar,1535.37,1535.37,894.3,58.2,2024-03-01,2026-12-31,2027-12-31,2026-07-01,0,0.0,0
PAIM-709792,Sheohar districts (Bharat Petroleum Corporation Limited [BPCL]) (709792),Infrastructure & Highways,Ministry of Petroleum & Natural Gas,709792,Bihar,2616.51,2616.51,955.68,36.5,2021-03-01,2028-12-31,2029-12-31,2026-07-01,12,0.0,0
PAIM-709793,Champaran and Deoria districts (Bharat Petroleum Corporation Limited [BPCL]) (709793),Infrastructure & Highways,Ministry of Petroleum & Natural Gas,709793,Bihar,3454.67,3454.67,2057.2,59.5,2023-03-01,2027-12-31,2027-12-31,2026-07-01,24,0.0,0
PAIM-617819,Bijapur & Dantewada GA (GAIL Gas) (617819),Infrastructure & Highways,Ministry of Petroleum & Natural Gas,617819,Bihar,2054.28,2054.28,1543.79,75.1,2022-03-01,2027-12-31,2028-12-31,2026-07-01,24,0.0,0
PAIM-400087,Redevelopment of Sobhasan Complex (Oil and Natural Gas Corporation Limited [ONGC]) (400087),Infrastructure & Highways,Ministry of Petroleum & Natural Gas,400087,Gujarat,3765.56,3765.56,2470.26,65.6,2024-03-01,2027-12-31,2027-12-31,2026-07-01,6,0.0,0
PAIM-400167,Redevelopment of Santhal Field [Onshore-Mehsana Asset] (Oil and Natural Gas Corporation Limited [ONGC]) (400167),Infrastructure & Highways,Ministry of Petroleum & Natural Gas,400167,Gujarat,415.15,415.15,110.92,26.7,2023-03-01,2026-12-31,2029-12-31,2026-07-01,18,0.0,0
PAIM-400169,Redevelopment of Linch Field (Oil and Natural Gas Corporation Limited [ONGC]) (400169),Infrastructure & Highways,Ministry of Petroleum & Natural Gas,400169,Gujarat,3952.97,3952.97,2346.97,59.4,2023-03-01,2026-12-31,2028-12-31,2026-07-01,24,0.0,0
PAIM-701329,Petrochemical and Lube Integration Project at Gujarat Refinery (Indian Oil Corporation Limited [IOCL]) (701329),Infrastructure & Highways,Ministry of Petroleum & Natural Gas,701329,Gujarat,1514.48,1514.48,552.17,36.5,2023-03-01,2028-12-31,2029-12-31,2026-07-01,36,0.0,0
PAIM-709778,Installation of new Biturox Unit along with allied facilities at Gujarat Refinery (Indian Oil Corporation Limited [IOCL],Infrastructure & Highways,Ministry of Petroleum & Natural Gas,709778,Gujarat,747.24,747.24,257.16,34.4,2024-03-01,2028-12-31,2029-12-31,2026-07-01,18,0.0,0
PAIM-709838,Commercial Polymer Flooding Project in Bechraji field (Oil and Natural Gas Corporation Limited [ONGC]) (709838),Infrastructure & Highways,Ministry of Petroleum & Natural Gas,709838,Gujarat,1703.12,1703.12,413.44,24.3,2022-03-01,2028-12-31,2028-12-31,2026-07-01,36,0.0,0
PAIM-709840,"Restoration of Gas Terminal, Phase-I [Part-A], Hazira (Oil and Natural Gas Corporation Limited [ONGC]) (709840)",Infrastructure & Highways,Ministry of Petroleum & Natural Gas,709840,Gujarat,1743.76,1743.76,790.68,45.3,2022-03-01,2026-12-31,2027-12-31,2026-07-01,18,0.0,0
PAIM-709841,Old Pipe Line Replacement [OPRP] Group-A (Oil and Natural Gas Corporation Limited [ONGC]) (709841),Infrastructure & Highways,Ministry of Petroleum & Natural Gas,709841,Gujarat,2952.22,2952.22,609.78,20.7,2021-03-01,2026-12-31,2028-12-31,2026-07-01,18,0.0,0
PAIM-709842,"Kalol Redevelopment Project, Ahmedabad Asset (Oil and Natural Gas Corporation Limited [ONGC]) (709842)",Infrastructure & Highways,Ministry of Petroleum & Natural Gas,709842,Gujarat,3010.49,3010.49,1485.05,49.3,2022-03-01,2027-12-31,2029-12-31,2026-07-01,36,0.0,0
PAIM-709845,"Revamping of SV Stations, Gas Terminal & Kribhco Terminal (Oil and Natural Gas Corporation Limited [ONGC]) (709845)",Infrastructure & Highways,Ministry of Petroleum & Natural Gas,709845,Gujarat,3031.67,3031.67,1218.82,40.2,2022-03-01,2028-12-31,2028-12-31,2026-07-01,18,0.0,0
PAIM-604853,Faridabad (Indian Oil Corporation Limited [IOCL]) (604853),Infrastructure & Highways,Ministry of Petroleum & Natural Gas,604853,Gujarat,2829.46,2829.46,2359.79,83.4,2023-03-01,2027-12-31,2027-12-31,2026-07-01,6,0.0,0
PAIM-611917,Poly Butadiene Rubber plant at Panipat (Indian Oil Corporation Limited [IOCL]) (611917),Infrastructure & Highways,Ministry of Petroleum & Natural Gas,611917,Haryana,2558.22,2558.22,424.67,16.6,2021-03-01,2028-12-31,2029-12-31,2026-07-01,24,0.0,0
PAIM-701289,Capacity Expansion of Panipat Refinery from 15 to 25 MMTPA (Indian Oil Corporation Limited [IOCL]) (701289),Infrastructure & Highways,Ministry of Petroleum & Natural Gas,701289,Haryana,412.55,412.55,218.83,53.0,2022-03-01,2027-12-31,2029-12-31,2026-07-01,12,0.0,0
PAIM-709783,and Petrochemical Complex. (Indian Oil Corporation Limited [IOCL]) (709783),Infrastructure & Highways,Ministry of Petroleum & Natural Gas,709783,Haryana,724.67,724.67,464.53,64.1,2023-03-01,2026-12-31,2029-12-31,2026-07-01,12,0.0,0
PAIM-709773,Districts (Indian Oil Corporation Limited [IOCL]) (709773),Infrastructure & Highways,Ministry of Petroleum & Natural Gas,709773,Multi-State,3099.2,3099.2,2584.22,83.4,2021-03-01,2027-12-31,2027-12-31,2026-07-01,36,0.0,0
PAIM-610984,Development of Jharia CBM Block [Phase-1] (Oil and Natural Gas Corporation Limited [ONGC]) (610984),Infrastructure & Highways,Ministry of Petroleum & Natural Gas,610984,Multi-State,790.92,790.92,140.05,17.7,2024-03-01,2026-12-31,2029-12-31,2026-07-01,6,0.0,0
PAIM-709785,Laying of Natural Gas Pipeline from Hazaribagh to Ranchi [HRPL] (Indian Oil Corporation Limited [IOCL]) (709785),Infrastructure & Highways,Ministry of Petroleum & Natural Gas,709785,Multi-State,2822.17,2822.17,2341.71,83.0,2021-03-01,2028-12-31,2028-12-31,2026-07-01,36,0.0,0
PAIM-612790,Power System Upgradation Project (Mangalore Refinery and Petrochemicals Limited) (612790),Infrastructure & Highways,Ministry of Petroleum & Natural Gas,612790,Karnataka,3966.51,3966.51,2383.06,60.1,2021-03-01,2028-12-31,2028-12-31,2026-07-01,24,0.0,0
PAIM-616879,Demo Bio-ATF Project (Mangalore Refinery and Petrochemicals Limited) (616879),Infrastructure & Highways,Ministry of Petroleum & Natural Gas,616879,Maharashtra,1280.92,1280.92,616.66,48.1,2021-03-01,2028-12-31,2027-12-31,2026-07-01,18,0.0,0
PAIM-701338,City Gas Distribution Maharashtra Natural Gas Limited (Gas Authority of India Limited [GAIL]) (701338),Infrastructure & Highways,Ministry of Petroleum & Natural Gas,701338,Maharashtra,4262.62,4262.62,3231.26,75.8,2024-03-01,2028-12-31,2029-12-31,2026-07-01,0,0.0,0
PAIM-709774,Revamping/ Augmentation of facilities at existing port terminal at Mangalore (Indian Oil Corporation Limited [IOCL]) (70,Infrastructure & Highways,Ministry of Petroleum & Natural Gas,709774,Karnataka,4076.73,4076.73,2710.54,66.5,2021-03-01,2028-12-31,2027-12-31,2026-07-01,24,0.0,0
PAIM-617838,Palakkad TOP (Bharat Petroleum Corporation Limited [BPCL]) (617838),Infrastructure & Highways,Ministry of Petroleum & Natural Gas,617838,Multi-State,312.26,312.26,224.63,71.9,2022-03-01,2026-12-31,2028-12-31,2026-07-01,12,0.0,0
PAIM-709799,Setting up Polypropylene Unit at Kochi Refinery (Bharat Petroleum Corporation Limited [BPCL]) (709799),Infrastructure & Highways,Ministry of Petroleum & Natural Gas,709799,Madhya Pradesh,3648.93,3648.93,1157.21,31.7,2022-03-01,2028-12-31,2028-12-31,2026-07-01,24,0.0,0
PAIM-617830,C2/C3 Vijaipur Pata Pipeline (Gas Authority of India Limited [GAIL]) (617830),Infrastructure & Highways,Ministry of Petroleum & Natural Gas,617830,Madhya Pradesh,2962.77,2962.77,2453.97,82.8,2023-03-01,2027-12-31,2027-12-31,2026-07-01,0,0.0,0
PAIM-709798,and expansion of Refinery (Bharat Petroleum Corporation Limited [BPCL]) (709798),Infrastructure & Highways,Ministry of Petroleum & Natural Gas,709798,Maharashtra,1295.2,1295.2,856.68,66.1,2022-03-01,2027-12-31,2028-12-31,2026-07-01,12,0.0,0
PAIM-400168,"500 KTA PDHPP Project, Usar (Gas Authority of India Limited [GAIL]) (400168)",Infrastructure & Highways,Ministry of Petroleum & Natural Gas,400168,Maharashtra,4336.24,4336.24,1295.91,29.9,2022-03-01,2028-12-31,2028-12-31,2026-07-01,18,0.0,0
PAIM-616933,Lube Modernization & Bottom Upgradation Project at Mumbai Refinery (Hindustan Petroleum Corporation Limited) (616933),Infrastructure & Highways,Ministry of Petroleum & Natural Gas,616933,Maharashtra,4423.23,4423.23,1841.83,41.6,2021-03-01,2027-12-31,2028-12-31,2026-07-01,6,0.0,0
PAIM-619223,Mumbai Refinery (Bharat Petroleum Corporation Limited [BPCL]) (619223),Infrastructure & Highways,Ministry of Petroleum & Natural Gas,619223,Maharashtra,3776.65,3776.65,1746.61,46.2,2021-03-01,2027-12-31,2029-12-31,2026-07-01,18,0.0,0
PAIM-619224,Augmentation of DUPL-DPPL Pipeline (Gas Authority of India Limited [GAIL]) (619224),Infrastructure & Highways,Ministry of Petroleum & Natural Gas,619224,Maharashtra,574.05,574.05,175.52,30.6,2021-03-01,2028-12-31,2027-12-31,2026-07-01,18,0.0,0
PAIM-619225,Installation of Compression facility at GAIL Usar (Gas Authority of India Limited [GAIL]) (619225),Infrastructure & Highways,Ministry of Petroleum & Natural Gas,619225,Maharashtra,1671.25,1671.25,1400.91,83.8,2024-03-01,2026-12-31,2027-12-31,2026-07-01,6,0.0,0
PAIM-619328,ONGC-BP Redevelopment Phase-1 Scheme of Mumbai High Field (Oil and Natural Gas Corporation Limited [ONGC]) (619328),Infrastructure & Highways,Ministry of Petroleum & Natural Gas,619328,Maharashtra,3078.97,3078.97,684.42,22.2,2022-03-01,2026-12-31,2028-12-31,2026-07-01,6,0.0,0
PAIM-709771,"City Gas Distribution Project at Beed, Jalgaon and Jalna Districts (Indian Oil Corporation Limited [IOCL]) (709771)",Infrastructure & Highways,Ministry of Petroleum & Natural Gas,709771,Maharashtra,1847.43,1847.43,1447.13,78.3,2024-03-01,2027-12-31,2028-12-31,2026-07-01,36,0.0,0
PAIM-709780,Construction of Additional Tankages and Allied Facilities at JNPT Terminal (Indian Oil Corporation Limited [IOCL]) (7097,Infrastructure & Highways,Ministry of Petroleum & Natural Gas,709780,Maharashtra,2664.21,2664.21,1910.42,71.7,2022-03-01,2026-12-31,2029-12-31,2026-07-01,12,0.0,0
PAIM-709797,POL & LOBS Installations with Receipt Pipelines at Rasayani (Bharat Petroleum Corporation Limited [BPCL]) (709797),Infrastructure & Highways,Ministry of Petroleum & Natural Gas,709797,Maharashtra,2043.0,2043.0,1249.35,61.2,2021-03-01,2026-12-31,2029-12-31,2026-07-01,24,0.0,0
PAIM-616254,Visakh Raipur Pipeline Project (Hindustan Petroleum Corporation Limited) (616254),Infrastructure & Highways,Ministry of Petroleum & Natural Gas,616254,Maharashtra,1654.4,1654.4,976.97,59.1,2021-03-01,2027-12-31,2027-12-31,2026-07-01,36,0.0,0
PAIM-619196,from Crude oil to Product (Indian Oil Corporation Limited [IOCL]) (619196),Infrastructure & Highways,Ministry of Petroleum & Natural Gas,619196,Gujarat,2385.97,2385.97,1318.64,55.3,2021-03-01,2027-12-31,2029-12-31,2026-07-01,24,0.0,0
PAIM-604859,Refinery (Indian Oil Corporation Limited [IOCL]) (604859),Infrastructure & Highways,Ministry of Petroleum & Natural Gas,604859,Odisha,4200.26,4200.26,2995.16,71.3,2021-03-01,2028-12-31,2028-12-31,2026-07-01,6,0.0,0
PAIM-617818,"City Gas Distribution [CGD] Project in Gajapati, Kandhamal, Boudh, & Sonepur GA (GAIL Gas) (617818)",Infrastructure & Highways,Ministry of Petroleum & Natural Gas,617818,Odisha,1802.59,1802.59,276.38,15.3,2023-03-01,2026-12-31,2028-12-31,2026-07-01,18,0.0,0
PAIM-709800,"CUF POL Depot at Sadashibpur [Meramundali], Odisha (Bharat Petroleum Corporation Limited [BPCL]) (709800)",Infrastructure & Highways,Ministry of Petroleum & Natural Gas,709800,Odisha,2061.78,2061.78,957.83,46.5,2021-03-01,2027-12-31,2028-12-31,2026-07-01,24,0.0,0
PAIM-400119,Life Extension of 48 well platforms of Mumbai High & Heera Fields (Oil and Natural Gas Corporation Limited [ONGC]) (4001,Infrastructure & Highways,Ministry of Petroleum & Natural Gas,400119,Odisha,1261.99,1261.99,1060.9,84.1,2021-03-01,2026-12-31,2028-12-31,2026-07-01,0,0.0,0
PAIM-616950,PRP-VIII [Group-A] (Oil and Natural Gas Corporation Limited [ONGC]) (616950),Infrastructure & Highways,Ministry of Petroleum & Natural Gas,616950,Multi-State,2993.56,2993.56,2450.49,81.9,2024-03-01,2028-12-31,2027-12-31,2026-07-01,18,0.0,0
PAIM-619314,Pipeline Replacement Project- PRP-IX (Oil and Natural Gas Corporation Limited [ONGC]) (619314),Infrastructure & Highways,Ministry of Petroleum & Natural Gas,619314,Multi-State,1210.21,1210.21,751.43,62.1,2021-03-01,2026-12-31,2028-12-31,2026-07-01,12,0.0,0
PAIM-709839,Daman Upside Development Project (Oil and Natural Gas Corporation Limited [ONGC]) (709839),Infrastructure & Highways,Ministry of Petroleum & Natural Gas,709839,Multi-State,4347.89,4347.89,1771.3,40.7,2022-03-01,2026-12-31,2028-12-31,2026-07-01,6,0.0,0
PAIM-709848,MHN TCPP PGC BGC Project [MTPBP] (Oil and Natural Gas Corporation Limited [ONGC]) (709848),Infrastructure & Highways,Ministry of Petroleum & Natural Gas,709848,Multi-State,3213.35,3213.35,2605.89,81.1,2023-03-01,2028-12-31,2027-12-31,2026-07-01,0,0.0,0
PAIM-709849,PRP-VIII Group B [NH & BS Asset] (Oil and Natural Gas Corporation Limited [ONGC]) (709849),Infrastructure & Highways,Ministry of Petroleum & Natural Gas,709849,Multi-State,1500.06,1500.06,522.76,34.8,2023-03-01,2028-12-31,2029-12-31,2026-07-01,18,0.0,0
PAIM-709851,Integrated Development of 4 Contract Areas under DSF-II (Oil and Natural Gas Corporation Limited [ONGC]) (709851),Infrastructure & Highways,Ministry of Petroleum & Natural Gas,709851,Punjab,1078.66,1078.66,683.49,63.4,2023-03-01,2027-12-31,2029-12-31,2026-07-01,24,0.0,0
PAIM-400171,2G Ethanol Biorefinery at Bathinda (Hindustan Petroleum Corporation Limited) (400171),Infrastructure & Highways,Ministry of Petroleum & Natural Gas,400171,Punjab,347.82,347.82,95.7,27.5,2023-03-01,2028-12-31,2029-12-31,2026-07-01,36,0.0,0
PAIM-612853,Gurdaspur Jammu Pipeline (Gas Authority of India Limited [GAIL]) (612853),Infrastructure & Highways,Ministry of Petroleum & Natural Gas,612853,Punjab,2243.3,2243.3,1647.3,73.4,2023-03-01,2028-12-31,2027-12-31,2026-07-01,6,0.0,0
PAIM-709770,City Gas Distribution Project at Pathankot District (Indian Oil Corporation Limited [IOCL]) (709770),Infrastructure & Highways,Ministry of Petroleum & Natural Gas,709770,Punjab,4412.55,4412.55,928.96,21.1,2023-03-01,2028-12-31,2027-12-31,2026-07-01,6,0.0,0
PAIM-701330,Mehsana-Bhatinda & Bhatinda-Jammu Natural Gas Pipeline (Indian Oil Corporation Limited [IOCL]) (701330),Infrastructure & Highways,Ministry of Petroleum & Natural Gas,701330,Rajasthan,2442.9,2442.9,1834.33,75.1,2023-03-01,2027-12-31,2029-12-31,2026-07-01,24,0.0,0
PAIM-709794,and Hanumangarh districts (Bharat Petroleum Corporation Limited [BPCL]) (709794),Infrastructure & Highways,Ministry of Petroleum & Natural Gas,709794,Tamil Nadu,3478.0,3478.0,1376.86,39.6,2022-03-01,2028-12-31,2027-12-31,2026-07-01,24,0.0,0
PAIM-604795,CBR 9 MMTPA Project (Chennai Petroleum Corporation Limited [CPCL]) (604795),Infrastructure & Highways,Ministry of Petroleum & Natural Gas,604795,Tamil Nadu,4150.6,4150.6,851.73,20.5,2021-03-01,2028-12-31,2029-12-31,2026-07-01,18,0.0,0
PAIM-701228,Kochi - Koottanad - Bangalore - Mangalore Pipeline Phase-II (Gas Authority of India Limited [GAIL]) (701228),Infrastructure & Highways,Ministry of Petroleum & Natural Gas,701228,Tamil Nadu,440.1,440.1,158.39,36.0,2023-03-01,2028-12-31,2027-12-31,2026-07-01,12,0.0,0
PAIM-709750,between CPCL Manali Refinery and CPCL Desalination plant at Ennore (Chennai Petroleum Corporation Limited [CPCL]) (70975,Infrastructure & Highways,Ministry of Petroleum & Natural Gas,709750,Tamil Nadu,729.32,729.32,495.94,68.0,2023-03-01,2028-12-31,2028-12-31,2026-07-01,6,0.0,0
PAIM-709796,City Gas Distribution Projects at the Nilgiris and Erode districts (Bharat Petroleum Corporation Limited [BPCL]) (709796,Infrastructure & Highways,Ministry of Petroleum & Natural Gas,709796,Tamil Nadu,680.58,680.58,370.17,54.4,2023-03-01,2027-12-31,2027-12-31,2026-07-01,6,0.0,0
PAIM-617822,airport (Bharat Petroleum Corporation Limited [BPCL]) (617822),Infrastructure & Highways,Ministry of Petroleum & Natural Gas,617822,Telangana,3301.23,3301.23,1356.74,41.1,2022-03-01,2028-12-31,2027-12-31,2026-07-01,24,0.0,0
PAIM-619191,Kanpur LPG Bottling Plant (Bharat Petroleum Corporation Limited [BPCL]) (619191),Infrastructure & Highways,Ministry of Petroleum & Natural Gas,619191,Uttar Pradesh,1144.26,1144.26,581.46,50.8,2022-03-01,2026-12-31,2029-12-31,2026-07-01,12,0.0,0
PAIM-619312,Bulk Loading Hub- Kanpur (Bharat Petroleum Corporation Limited [BPCL]) (619312),Infrastructure & Highways,Ministry of Petroleum & Natural Gas,619312,Uttar Pradesh,3546.77,3546.77,2392.4,67.5,2021-03-01,2028-12-31,2027-12-31,2026-07-01,6,0.0,0
PAIM-709781,Revamping / Augmentation of Facilities at Mathura Bitumen Plant (Indian Oil Corporation Limited [IOCL]) (709781),Infrastructure & Highways,Ministry of Petroleum & Natural Gas,709781,Uttar Pradesh,4002.77,4002.77,1994.46,49.8,2024-03-01,2028-12-31,2027-12-31,2026-07-01,12,0.0,0
PAIM-709795,"Shravasti,Balrampur, Siddharth Nagar & Maharajganj districts (Bharat Petroleum Corporation Limited [BPCL]) (709795)",Infrastructure & Highways,Ministry of Petroleum & Natural Gas,709795,Uttar Pradesh,3033.28,3033.28,2457.6,81.0,2021-03-01,2028-12-31,2027-12-31,2026-07-01,12,0.0,0
PAIM-617302,Durgapur - Haldia Pipeline [Section-3B of JHBDPL Project] (Gas Authority of India Limited [GAIL]) (617302),Infrastructure & Highways,Ministry of Petroleum & Natural Gas,617302,Uttar Pradesh,3740.03,3740.03,1634.09,43.7,2023-03-01,2028-12-31,2029-12-31,2026-07-01,18,0.0,0
PAIM-617828,Siliguri-Jhapa Pipeline Project (Indian Oil Corporation Limited [IOCL]) (617828),Infrastructure & Highways,Ministry of Health & Family Welfare,617828,West Bengal,2004.86,2004.86,1592.65,79.4,2021-03-01,2027-12-31,2028-12-31,2026-07-01,0,0.0,0
PAIM-617837,Siliguri Marketing Terminal [SMT] Capacity Augmentation Project (Numaligarh Refinery Limited) (617837),Infrastructure & Highways,Ministry of Health & Family Welfare,617837,West Bengal,1682.62,1682.62,747.42,44.4,2021-03-01,2027-12-31,2027-12-31,2026-07-01,36,0.0,0
PAIM-701344,Dhamra Haldia Pipeline Project (Gas Authority of India Limited [GAIL]) (701344),Infrastructure & Highways,Ministry of Health & Family Welfare,701344,West Bengal,2985.34,2985.34,2199.8,73.7,2024-03-01,2026-12-31,2028-12-31,2026-07-01,12,0.0,0
PAIM-709753,Haldia Panagarh Pipeline Project (Hindustan Petroleum Corporation Limited) (709753),Infrastructure & Highways,Ministry of Health & Family Welfare,709753,West Bengal,1248.43,1248.43,302.19,24.2,2021-03-01,2026-12-31,2028-12-31,2026-07-01,12,0.0,0
PAIM-709772,"City Gas Distribution Project at East Mednipore, West Mednipore & Jhargram Districts (Indian Oil Corporation Limited [IO",Infrastructure & Highways,Ministry of Health & Family Welfare,709772,West Bengal,1542.06,1542.06,294.65,19.1,2023-03-01,2028-12-31,2028-12-31,2026-07-01,6,0.0,0
PAIM-709791,City Gas Distribution Projects at Alipurduar and Cooch Behar (Bharat Petroleum Corporation Limited [BPCL]) (709791),Infrastructure & Highways,Ministry of Health & Family Welfare,709791,West Bengal,3781.93,3781.93,2840.04,75.1,2021-03-01,2028-12-31,2027-12-31,2026-07-01,18,0.0,0
PAIM-701172,AIIMS Darbhanga (PMSSY AND Institute of NATIONAL Importance) (701172),Infrastructure & Highways,Ministry of Health & Family Welfare,701172,Bihar,1538.13,1538.13,801.82,52.1,2021-03-01,2027-12-31,2027-12-31,2026-07-01,12,0.0,0
PAIM-706965,"Establishment of new GMC Saran [Chhapara] (Medical Education, Ministry of Health and Family Welfare) (706965)",Infrastructure & Highways,Ministry of Health & Family Welfare,706965,Bihar,1461.69,1461.69,937.1,64.1,2022-03-01,2026-12-31,2027-12-31,2026-07-01,18,0.0,0
PAIM-706966,"Establishment of new GMC Samastipur (Medical Education, Ministry of Health and Family Welfare) (706966)",Infrastructure & Highways,Ministry of Health & Family Welfare,706966,Bihar,1977.94,1977.94,451.15,22.8,2023-03-01,2028-12-31,2028-12-31,2026-07-01,18,0.0,0
PAIM-707016,"Establishment of new GMC Sitamarhi (Medical Education, Ministry of Health and Family Welfare) (707016)",Infrastructure & Highways,Ministry of Health & Family Welfare,707016,Bihar,1772.68,1772.68,591.72,33.4,2021-03-01,2028-12-31,2027-12-31,2026-07-01,12,0.0,0
PAIM-707017,"Establishment of new GMC Jhanjharpur (Medical Education, Ministry of Health and Family Welfare) (707017)",Infrastructure & Highways,Ministry of Health & Family Welfare,707017,Bihar,565.73,565.73,346.45,61.2,2024-03-01,2026-12-31,2027-12-31,2026-07-01,24,0.0,0
PAIM-707018,"Establishment of new GMC Siwan (Medical Education, Ministry of Health and Family Welfare) (707018)",Infrastructure & Highways,Ministry of Health & Family Welfare,707018,Bihar,1471.62,1471.62,813.35,55.3,2023-03-01,2027-12-31,2027-12-31,2026-07-01,12,0.0,0
PAIM-707019,"Establishment of new GMC Buxar (Medical Education, Ministry of Health and Family Welfare) (707019)",Infrastructure & Highways,Ministry of Health & Family Welfare,707019,Bihar,3965.26,3965.26,3128.94,78.9,2023-03-01,2026-12-31,2028-12-31,2026-07-01,24,0.0,0
PAIM-707020,"Establishment of new GMC Jamui (Medical Education, Ministry of Health and Family Welfare) (707020)",Infrastructure & Highways,Ministry of Health & Family Welfare,707020,Bihar,3557.79,3557.79,1900.97,53.4,2024-03-01,2027-12-31,2029-12-31,2026-07-01,18,0.0,0
PAIM-707044,"Establishment of new GMC Korba (Medical Education, Ministry of Health and Family Welfare) (707044)",Infrastructure & Highways,Ministry of Health & Family Welfare,707044,Bihar,4171.02,4171.02,606.08,14.5,2022-03-01,2026-12-31,2027-12-31,2026-07-01,12,0.0,0
PAIM-707045,"Establishment of new GMC Mahasamund (Medical Education, Ministry of Health and Family Welfare) (707045)",Infrastructure & Highways,Ministry of Health & Family Welfare,707045,Multi-State,3380.23,3380.23,2776.52,82.1,2021-03-01,2027-12-31,2029-12-31,2026-07-01,12,0.0,0
PAIM-707046,"Establishment of new GMC Kanker (Medical Education, Ministry of Health and Family Welfare) (707046)",Infrastructure & Highways,Ministry of Health & Family Welfare,707046,Delhi,3943.33,3943.33,3211.27,81.4,2024-03-01,2027-12-31,2029-12-31,2026-07-01,12,0.0,0
PAIM-617882,Delhi (PMSSY AND Institute of NATIONAL Importance) (617882),Infrastructure & Highways,Ministry of Health & Family Welfare,617882,Delhi,2966.42,2966.42,2362.29,79.6,2021-03-01,2028-12-31,2027-12-31,2026-07-01,12,0.0,0
PAIM-617883,"campuses of AIIMS, New Delhi (PMSSY AND Institute of NATIONAL Importance) (617883)",Infrastructure & Highways,Ministry of Health & Family Welfare,617883,Gujarat,341.45,341.45,289.55,84.8,2022-03-01,2027-12-31,2027-12-31,2026-07-01,12,0.0,0
PAIM-701170,AIIMS Rajkot (PMSSY AND Institute of NATIONAL Importance) (701170),Infrastructure & Highways,Ministry of Health & Family Welfare,701170,Gujarat,855.4,855.4,404.34,47.3,2024-03-01,2028-12-31,2028-12-31,2026-07-01,24,0.0,0
PAIM-707049,"Establishment of new GMC Panchmahal (Medical Education, Ministry of Health and Family Welfare) (707049)",Infrastructure & Highways,Ministry of Health & Family Welfare,707049,Gujarat,3487.06,3487.06,1018.69,29.2,2021-03-01,2026-12-31,2029-12-31,2026-07-01,24,0.0,0
PAIM-707050,"Establishment of new GMC Porbandar (Medical Education, Ministry of Health and Family Welfare) (707050)",Infrastructure & Highways,Ministry of Health and Family Welfare,707050,Gujarat,3270.81,3270.81,1883.95,57.6,2022-03-01,2026-12-31,2029-12-31,2026-07-01,24,0.0,0
PAIM-701173,AIIMS Majra Rewari Haryana (Ministry of Health and Family Welfare) (701173),Infrastructure & Highways,Ministry of Health and Family Welfare,701173,Gujarat,362.49,362.49,71.15,19.6,2022-03-01,2027-12-31,2028-12-31,2026-07-01,0,0.0,0
PAIM-701167,AIIMS Kashmir at Awantipora Jammu & Kashmir (PMSSY AND Institute of NATIONAL Importance) (701167),Infrastructure & Highways,Ministry of Health and Family Welfare,701167,Haryana,4470.73,4470.73,1628.59,36.4,2021-03-01,2026-12-31,2029-12-31,2026-07-01,24,0.0,0
PAIM-707051,"Establishment of new GMc Udhampur (Medical Education, Ministry of Health and Family Welfare) (707051)",Infrastructure & Highways,Ministry of Health and Family Welfare,707051,Multi-State,2938.98,2938.98,1152.01,39.2,2021-03-01,2028-12-31,2029-12-31,2026-07-01,18,0.0,0
PAIM-707052,"Establishment of new GMC Handwara [Distt. Kupwara] (Medical Education, Ministry of Health and Family Welfare) (707052)",Infrastructure & Highways,Ministry of Health and Family Welfare,707052,Multi-State,3469.03,3469.03,1449.81,41.8,2022-03-01,2027-12-31,2027-12-31,2026-07-01,36,0.0,0
PAIM-707021,"Establishment of new GMC Koderma (Medical Education, Ministry of Health and Family Welfare) (707021)",Infrastructure & Highways,Ministry of Health and Family Welfare,707021,Multi-State,2714.39,2714.39,1964.48,72.4,2022-03-01,2028-12-31,2027-12-31,2026-07-01,6,0.0,0
PAIM-707022,"Establishment of new GMC Chaibasa [Singhbhum] (Medical Education, Ministry of Health and Family Welfare) (707022)",Infrastructure & Highways,Ministry of Health and Family Welfare,707022,Multi-State,2840.05,2840.05,1593.26,56.1,2022-03-01,2028-12-31,2027-12-31,2026-07-01,12,0.0,0
PAIM-707057,"Establishment of new GMC Leh (Medical Education, Ministry of Health and Family Welfare) (707057)",Infrastructure & Highways,Ministry of Health and Family Welfare,707057,Multi-State,1333.02,1333.02,987.44,74.1,2024-03-01,2027-12-31,2029-12-31,2026-07-01,12,0.0,0
PAIM-707058,"Establishment of new GMC Rajgarh (Medical Education, Ministry of Health and Family Welfare) (707058)",Infrastructure & Highways,Ministry of Health and Family Welfare,707058,Madhya Pradesh,2406.62,2406.62,760.88,31.6,2024-03-01,2028-12-31,2029-12-31,2026-07-01,18,0.0,0
PAIM-707059,"Establishment of new GMC Mandla (Medical Education, Ministry of Health and Family Welfare) (707059)",Infrastructure & Highways,Ministry of Health and Family Welfare,707059,Madhya Pradesh,773.36,773.36,434.02,56.1,2023-03-01,2026-12-31,2029-12-31,2026-07-01,0,0.0,0
PAIM-706988,"Establishment of new GMC Gondia (Medical Education, Ministry of Health and Family Welfare) (706988)",Infrastructure & Highways,Ministry of Health and Family Welfare,706988,Maharashtra,1620.77,1620.77,993.15,61.3,2022-03-01,2028-12-31,2027-12-31,2026-07-01,24,0.0,0
PAIM-707069,"Establishment of new GMC Kapurthala (Medical Education, Ministry of Health and Family Welfare) (707069)",Infrastructure & Highways,Ministry of Health and Family Welfare,707069,Punjab,1567.2,1567.2,283.87,18.1,2021-03-01,2026-12-31,2027-12-31,2026-07-01,12,0.0,0
PAIM-707070,"Establishment of new GMC Hoshiarpur (Medical Education, Ministry of Health and Family Welfare) (707070)",Infrastructure & Highways,Ministry of Health and Family Welfare,707070,Punjab,2012.44,2012.44,969.18,48.2,2024-03-01,2027-12-31,2029-12-31,2026-07-01,18,0.0,0
PAIM-701168,ALL India Institute of Medical Sciences-AIIMS  Madurai (PMSSY AND Institute of NATIONAL Importance) (701168),Infrastructure & Highways,Ministry of Health and Family Welfare,701168,Tamil Nadu,413.23,413.23,235.22,56.9,2023-03-01,2027-12-31,2027-12-31,2026-07-01,6,0.0,0
PAIM-701171,AIIMS Bibinagar (PMSSY AND Institute of NATIONAL Importance) (701171),Infrastructure & Highways,Ministry of Health and Family Welfare,701171,Tamil Nadu,2417.91,2417.91,1490.18,61.6,2024-03-01,2026-12-31,2028-12-31,2026-07-01,6,0.0,0
PAIM-707086,"Establishment of new GMC Rudrapur (Medical Education, Ministry of Health and Family Welfare) (707086)",Infrastructure & Highways,Ministry of Health and Family Welfare,707086,Telangana,2327.43,2327.43,1400.09,60.2,2024-03-01,2026-12-31,2029-12-31,2026-07-01,6,0.0,0
PAIM-707087,"Establishment of new GMC Pithoragarh (Medical Education, Ministry of Health and Family Welfare) (707087)",Infrastructure & Highways,Ministry of Health and Family Welfare,707087,Multi-State,524.12,524.12,365.13,69.7,2023-03-01,2026-12-31,2027-12-31,2026-07-01,6,0.0,0
PAIM-612167,"Visakhapatnam, Andhra Pradesh (Employee's State Insurance Company [ESIC]) (612167)",Infrastructure & Highways,Ministry of Health and Family Welfare,612167,Andhra Pradesh,1193.88,1193.88,425.13,35.6,2024-03-01,2028-12-31,2029-12-31,2026-07-01,0,0.0,0
PAIM-612186,350 Bedded [Upgradable to 500 beds] ESI Hospital at Sanand (Employee's State Insurance Company [ESIC]) (612186),Infrastructure & Highways,Ministry of Ports,612186,Gujarat,3202.12,3202.12,328.67,10.3,2024-03-01,2028-12-31,2027-12-31,2026-07-01,24,0.0,0
PAIM-612211,to 150 beds. (Employee's State Insurance Company [ESIC]) (612211),Infrastructure & Highways,Ministry of Ports,612211,Gujarat,802.11,802.11,438.0,54.6,2024-03-01,2028-12-31,2029-12-31,2026-07-01,12,0.0,0
PAIM-612745,"Construction of 200 bed ESI Hospital at Bommasandra, Karnataka (Employee's State Insurance Company [ESIC]) (612745)",Infrastructure & Highways,Ministry of Ports,612745,Gujarat,2802.47,2802.47,2163.03,77.2,2022-03-01,2028-12-31,2027-12-31,2026-07-01,12,0.0,0
PAIM-612748,Karnataka (Employee's State Insurance Company [ESIC]) (612748),Infrastructure & Highways,Ministry of Ports,612748,Maharashtra,3699.35,3699.35,3071.8,83.0,2024-03-01,2027-12-31,2029-12-31,2026-07-01,24,0.0,0
PAIM-612213,"Construction of 200 Bedded ESIC Hospital at Butibori, Nagpur, Maharashtra. (Employee's State Insurance Company [ESIC]) (",Infrastructure & Highways,Ministry of Ports,612213,Maharashtra,1273.61,1273.61,364.33,28.6,2023-03-01,2026-12-31,2028-12-31,2026-07-01,6,0.0,0
PAIM-616691,"Housing for ESIC Hospital at Andheri, Mumbai (Employee's State Insurance Company [ESIC]) (616691)",Infrastructure & Highways,Ministry of Ports,616691,Maharashtra,4300.71,4300.71,2620.82,60.9,2022-03-01,2027-12-31,2029-12-31,2026-07-01,0,0.0,0
PAIM-612513,"Construction of 100 Bedded ESI Hospital at Duburi, Odisha. (Employee's State Insurance Company [ESIC]) (612513)",Infrastructure & Highways,Ministry of Ports,612513,Maharashtra,1700.66,1700.66,280.44,16.5,2024-03-01,2027-12-31,2029-12-31,2026-07-01,12,0.0,0
PAIM-612259,CONSTRUCTION OF 300 BEDDED HOSPITAL AT HARIDWAR (Employee's State Insurance Company [ESIC]) (612259),Infrastructure & Highways,Ministry of Ports,612259,Odisha,4091.81,4091.81,2391.82,58.5,2021-03-01,2026-12-31,2027-12-31,2026-07-01,36,0.0,0
PAIM-701565,Jal Marg Vikas Project (Inland Waterways Authority of India [IWAI]) (701565),Infrastructure & Highways,Ministry of Ports,701565,Uttar Pradesh,389.43,389.43,59.76,15.3,2023-03-01,2027-12-31,2028-12-31,2026-07-01,6,0.0,0
PAIM-609424,Under PPP Mode (Deendayal Port Trust) (609424),Infrastructure & Highways,Ministry of Ports,609424,Gujarat,4134.34,4134.34,2682.92,64.9,2021-03-01,2028-12-31,2028-12-31,2026-07-01,36,0.0,0
PAIM-701570,"Replacement and revamping of pipeline projects in oil jetty area, Kandla (Deendayal Port Trust [DPT]) (701570)",Infrastructure & Highways,Ministry of Ports,701570,Gujarat,2849.91,2849.91,1628.4,57.1,2022-03-01,2026-12-31,2028-12-31,2026-07-01,24,0.0,0
PAIM-617804,basis - Phase II (New Mangalore Port Authority) (617804),Infrastructure & Highways,Ministry of Ports,617804,Karnataka,4319.68,4319.68,1655.48,38.3,2021-03-01,2027-12-31,2029-12-31,2026-07-01,6,0.0,0
PAIM-701574,Western Dock on BOT basis to handle Cape size vessels (Paradip Port Trust [PPT]) (701574),Infrastructure & Highways,Ministry of Ports,701574,Odisha,1590.92,1590.92,321.83,20.2,2024-03-01,2027-12-31,2027-12-31,2026-07-01,18,0.0,0
PAIM-707215,National Maritime Heritage Complex [NMHC] Phase-I (Indian Port Rail & Ropeway Corporation Ltd. [IPRCL]) (707215),Infrastructure & Highways,Ministry of Ports,707215,Gujarat,1552.47,1552.47,1098.33,70.7,2024-03-01,2028-12-31,2028-12-31,2026-07-01,0,0.0,0
PAIM-707410,Infrastructure Development Phase 1 (NICDC) (707410),Infrastructure & Highways,Ministry of Ports,707410,Andhra Pradesh,1186.02,1186.02,695.66,58.7,2024-03-01,2026-12-31,2029-12-31,2026-07-01,18,0.0,0
PAIM-617727,Orvakal Industrial Area (NICDC) (617727),Infrastructure & Highways,Ministry of Ports,617727,Andhra Pradesh,2054.36,2054.36,901.79,43.9,2021-03-01,2028-12-31,2029-12-31,2026-07-01,18,0.0,0
PAIM-617729,Kopparthy Industrial Area (NICDC) (617729),Infrastructure & Highways,Ministry of Ports,617729,Andhra Pradesh,737.45,737.45,388.96,52.7,2023-03-01,2026-12-31,2028-12-31,2026-07-01,12,0.0,0
PAIM-701658,Krishnapatnam Node - Phase 1 - Roads and Services Development (National Industrial Corridor Development Corporation) (70,Infrastructure & Highways,Ministry of Steel,701658,Bihar,713.02,713.02,366.31,51.4,2023-03-01,2028-12-31,2028-12-31,2026-07-01,36,0.0,0
PAIM-701657,Tumakuru Node - Phase 1 - Roads and Services Development (NICDC) (701657),Infrastructure & Highways,Ministry of Steel,701657,Karnataka,2980.48,2980.48,320.85,10.8,2021-03-01,2026-12-31,2029-12-31,2026-07-01,36,0.0,0
PAIM-701668,Development of Palakkad Node under extension of CBIC to Kochi (National Industrial Corridor Development Corporation) (70,Infrastructure & Highways,Ministry of Steel,701668,Multi-State,3701.92,3701.92,1963.57,53.0,2023-03-01,2027-12-31,2029-12-31,2026-07-01,6,0.0,0
PAIM-603210,Development of Jodhpur Pali Marwar Industrial Area JPMIA in Rajasthan (National Industrial Corridor Development Corporat,Infrastructure & Highways,Ministry of Steel,603210,Rajasthan,2166.38,2166.38,658.27,30.4,2022-03-01,2028-12-31,2029-12-31,2026-07-01,24,0.0,0
PAIM-601812,Development of Zaheerabad Node under Hyderabad Nagpur Industrial Corridor (National Industrial Corridor Development Corp,Infrastructure & Highways,Ministry of Steel,601812,Uttar Pradesh,2634.31,2634.31,1097.63,41.7,2022-03-01,2027-12-31,2027-12-31,2026-07-01,12,0.0,0
PAIM-707419,IMC at Prayagraj (National Industrial Corridor Development Corporation) (707419),Infrastructure & Highways,Ministry of Steel,707419,Uttar Pradesh,2321.29,2321.29,270.07,11.6,2022-03-01,2026-12-31,2029-12-31,2026-07-01,0,0.0,0
PAIM-615202,Capacity expansion of Deposit-14 and 14 NMZ at Kirandul (National Mineral Development Corporation Limited [NMDC]) (61520,Infrastructure & Highways,Ministry of Steel,615202,Multi-State,2156.57,2156.57,1144.27,53.1,2023-03-01,2028-12-31,2027-12-31,2026-07-01,24,0.0,0
PAIM-617243,Replacement of Hot Leveller No.1 of Plate Mill at Bhilai Steel Plant (Steel Authority of India Limited [SAIL]) (617243),Infrastructure & Highways,Ministry of Steel,617243,Multi-State,2957.52,2957.52,1663.66,56.3,2024-03-01,2026-12-31,2028-12-31,2026-07-01,6,0.0,0
PAIM-617255,Secondary Emission at Bhilai Steel Plant (Steel Authority of India Limited [SAIL]) (617255),Infrastructure & Highways,Ministry of Steel,617255,Multi-State,2451.65,2451.65,787.04,32.1,2023-03-01,2027-12-31,2027-12-31,2026-07-01,24,0.0,0
PAIM-617256,Rebuilding of Coke Oven Battery No.7 & 8 at Bhilai Steel Plant (Steel Authority of India Limited [SAIL]) (617256),Infrastructure & Highways,Ministry of Steel,617256,Multi-State,686.52,686.52,144.04,21.0,2021-03-01,2028-12-31,2029-12-31,2026-07-01,24,0.0,0
PAIM-706811,NMDC Slurry Pipeline Project Phase-1 (National Mineral Development Corporation Limited [NMDC]) (706811),Infrastructure & Highways,Ministry of Steel,706811,Multi-State,4214.95,4214.95,2743.73,65.1,2024-03-01,2026-12-31,2028-12-31,2026-07-01,12,0.0,0
PAIM-709826,SCREENING PLANT-III AT KIRANDUL (National Mineral Development Corporation Limited [NMDC]) (709826),Infrastructure & Highways,Ministry of Steel,709826,Multi-State,3723.04,3723.04,2655.88,71.3,2022-03-01,2028-12-31,2027-12-31,2026-07-01,6,0.0,0
PAIM-400174,"New Sinter Plant at BSL, SAIL (Steel Authority of India Limited [SAIL]) (400174)",Infrastructure & Highways,Ministry of Steel,400174,Multi-State,3798.72,3798.72,986.54,26.0,2023-03-01,2026-12-31,2028-12-31,2026-07-01,6,0.0,0
PAIM-617249,Replacement of existing Grinders in CRM-I & II at Bokaro Steel Plant (Steel Authority of India Limited [SAIL]) (617249),Infrastructure & Highways,Ministry of Steel,617249,Multi-State,3838.23,3838.23,541.11,14.1,2024-03-01,2028-12-31,2028-12-31,2026-07-01,0,0.0,0
PAIM-617250,Secondary Emission Control in Converters of SMS-II at Bokaro Steel Plant (Steel Authority of India Limited [SAIL]) (6172,Infrastructure & Highways,Ministry of Steel,617250,Multi-State,3918.05,3918.05,1299.02,33.2,2022-03-01,2028-12-31,2029-12-31,2026-07-01,24,0.0,0
PAIM-617254,Plant-1 at Bokaro Steel Plant (Steel Authority of India Limited [SAIL]) (617254),Infrastructure & Highways,Ministry of Railways,617254,Multi-State,1818.25,1818.25,284.07,15.6,2023-03-01,2028-12-31,2029-12-31,2026-07-01,36,0.0,0
PAIM-617257,Rebuilding of Coke Oven Battery No.6 at Bokaro Steel Plant (Steel Authority of India Limited [SAIL]) (617257),Infrastructure & Highways,Ministry of Railways,617257,Multi-State,4214.32,4214.32,1448.04,34.4,2022-03-01,2027-12-31,2027-12-31,2026-07-01,6,0.0,0
PAIM-400121,"Complex of NMDC Limited at Ballari Dt, Karnataka. (National Mineral Development Corporation Limited [NMDC]) (400121)",Infrastructure & Highways,Ministry of Railways,400121,Karnataka,2554.16,2554.16,1608.65,63.0,2023-03-01,2027-12-31,2029-12-31,2026-07-01,36,0.0,0
PAIM-612781,Rebuilding of COB 4 at Durgapur Steel Plant (Steel Authority of India Limited [SAIL]) (612781),Infrastructure & Highways,Ministry of Railways,612781,West Bengal,4243.98,4243.98,608.75,14.3,2023-03-01,2027-12-31,2029-12-31,2026-07-01,18,0.0,0
PAIM-617242,Installation of New Bar Mill at Durgapur Steel Plant (Steel Authority of India Limited [SAIL]) (617242),Infrastructure & Highways,Ministry of Railways,617242,West Bengal,3877.31,3877.31,2845.66,73.4,2022-03-01,2026-12-31,2029-12-31,2026-07-01,36,0.0,0
PAIM-617246,Up-gradation of Blast Furnace No. 3 at Durgapur Steel Plant (Steel Authority of India Limited [SAIL]) (617246),Infrastructure & Highways,Ministry of Railways,617246,West Bengal,2605.7,2605.7,2120.52,81.4,2021-03-01,2027-12-31,2029-12-31,2026-07-01,0,0.0,0
PAIM-617248,Third Ladle Furnace in Secondary Refinery Unit at IISCO Steel Plant (Steel Authority of India Limited [SAIL]) (617248),Infrastructure & Highways,Ministry of Railways,617248,West Bengal,2102.36,2102.36,671.81,32.0,2022-03-01,2027-12-31,2028-12-31,2026-07-01,0,0.0,0
PAIM-617251,Revamping of Air Pollution Control Systems of SP-1 at Durgapur Steel Plant (Steel Authority of India Limited [SAIL]) (61,Infrastructure & Highways,Ministry of Railways,617251,West Bengal,3827.49,3827.49,1216.76,31.8,2021-03-01,2028-12-31,2028-12-31,2026-07-01,12,0.0,0
PAIM-617338,Stamp Charge Battery No.12 Battery Proper at IISCO Steel Plant (Steel Authority of India Limited [SAIL]) (617338),Infrastructure & Highways,Ministry of Railways,617338,West Bengal,262.33,262.33,41.86,16.0,2021-03-01,2026-12-31,2029-12-31,2026-07-01,36,0.0,0
PAIM-400298,Nadikude-Srikalahasti 308.7 km (CAO/C/SCoR SCoR mor) (400298),Infrastructure & Highways,Ministry of Railways,400298,West Bengal,4323.12,4323.12,1605.04,37.1,2022-03-01,2026-12-31,2029-12-31,2026-07-01,0,0.0,0
PAIM-611752,Doubling between Gooty-Pendakallu 29.225 km PB73/2023-24/NR (CAO/C/SCoR SCoR mor) (611752),Infrastructure & Highways,Ministry of Railways,611752,Andhra Pradesh,3297.15,3297.15,2183.4,66.2,2022-03-01,2026-12-31,2029-12-31,2026-07-01,36,0.0,0
PAIM-611754,Gate 9.64 km PB34/CR/2023-24 (CAO/C/SCoR SCoR mor) (611754),Infrastructure & Highways,Ministry of Railways,611754,Andhra Pradesh,1491.34,1491.34,1045.45,70.1,2024-03-01,2028-12-31,2028-12-31,2026-07-01,12,0.0,0
PAIM-611927,Kurnool - Setting up facilities for coach midlife rehabilitation workshop (WPO/Patna) (611927),Infrastructure & Highways,Ministry of Railways,611927,Andhra Pradesh,994.76,994.76,145.5,14.6,2023-03-01,2027-12-31,2027-12-31,2026-07-01,36,0.0,0
PAIM-612827,Simhachalam 7.135 km PB73/2023-24/NR (CAO/C/SCoR SCoR mor) (612827),Infrastructure & Highways,Ministry of Railways,612827,Andhra Pradesh,2417.01,2417.01,337.34,14.0,2023-03-01,2026-12-31,2027-12-31,2026-07-01,0,0.0,0
PAIM-616697,Visakhapatnam Steel Plant12.04 km PB73/2023-24/NR (CAO/C/SCoR SCoR mor) (616697),Infrastructure & Highways,Ministry of Railways,616697,Andhra Pradesh,1385.55,1385.55,586.03,42.3,2024-03-01,2028-12-31,2028-12-31,2026-07-01,18,0.0,0
PAIM-617216,PB34/CR/2023-24 (CAO/C/SCoR SCoR mor) (617216),Infrastructure & Highways,Ministry of Railways,617216,Andhra Pradesh,930.32,930.32,665.44,71.5,2021-03-01,2028-12-31,2028-12-31,2026-07-01,12,0.0,0
PAIM-705253,Kurnool Coach Midlife Rehabilitation Project (South Central Railway [SCR] - II) (705253),Infrastructure & Highways,Ministry of Railways,705253,Andhra Pradesh,2854.38,2854.38,2008.39,70.4,2021-03-01,2027-12-31,2027-12-31,2026-07-01,36,0.0,0
PAIM-400254,Sakri-Hasanpur 79 km (CAO/Con/North/MHX ECR mor) (400254),Infrastructure & Highways,Ministry of Railways,400254,Bihar,4325.23,4325.23,3341.01,77.2,2024-03-01,2028-12-31,2028-12-31,2026-07-01,18,0.0,0
PAIM-617231,PB45/ECoR/2024-25. (CAO/Con/South/MHX ECR mor) (617231),Infrastructure & Highways,Ministry of Railways,617231,Bihar,1635.28,1635.28,706.3,43.2,2023-03-01,2026-12-31,2027-12-31,2026-07-01,12,0.0,0
PAIM-617239,256 km Umbrella work PB57/2019-20/NR (CAO/Con/North/MHX ECR mor) (617239),Infrastructure & Highways,Ministry of Railways,617239,Bihar,3771.4,3771.4,2045.32,54.2,2023-03-01,2028-12-31,2028-12-31,2026-07-01,18,0.0,0
PAIM-705366,Hajipur-Sagauli via Vaishali 148.3 km (CAO/Con/North/MHX ECR mor) (705366),Infrastructure & Highways,Ministry of Railways,705366,Bihar,578.43,578.43,160.52,27.8,2022-03-01,2027-12-31,2028-12-31,2026-07-01,0,0.0,0
PAIM-705368,Araria-Supaul 92 km (CAO/Con/North/MHX ECR mor) (705368),Infrastructure & Highways,Ministry of Railways,705368,Bihar,3868.12,3868.12,2340.13,60.5,2024-03-01,2028-12-31,2029-12-31,2026-07-01,18,0.0,0
PAIM-705373,Daniawan Daniawan to Biharsharif Biharsharif to Barbigha Barbigha to Sheikhpura (CAO/Con/South/MHX ECR mor) (705373),Infrastructure & Highways,Ministry of Railways,705373,Bihar,324.54,324.54,103.68,31.9,2022-03-01,2028-12-31,2027-12-31,2026-07-01,24,0.0,0
PAIM-705450,Jogbani-Biratnagar New Rail Line project (Indian Railway Construction International Limited [IRCON]) (705450),Infrastructure & Highways,Ministry of Railways,705450,Bihar,1243.42,1243.42,186.14,15.0,2021-03-01,2028-12-31,2028-12-31,2026-07-01,36,0.0,0
PAIM-705526,Samastipur-Darbhanga 38 km (CAO/Con/North/MHX ECR mor) (705526),Infrastructure & Highways,Ministry of Railways,705526,Bihar,1370.34,1370.34,1137.41,83.0,2023-03-01,2026-12-31,2027-12-31,2026-07-01,24,0.0,0
PAIM-705527,Sagauli - Valmikinagar 109.7 km (CAO/Con/North/MHX ECR mor) (705527),Infrastructure & Highways,Ministry of Railways,705527,Bihar,3607.66,3607.66,628.4,17.4,2024-03-01,2026-12-31,2028-12-31,2026-07-01,6,0.0,0
PAIM-705528,Muzaffarpur - Sagauli 100.6 km (CAO/Con/North/MHX ECR mor) (705528),Infrastructure & Highways,Ministry of Railways,705528,Bihar,2497.81,2497.81,1567.44,62.8,2024-03-01,2026-12-31,2028-12-31,2026-07-01,18,0.0,0
PAIM-706759,Rampur Dumra-Tal-Rajendrapul - Addl bridge and doubling 14 km (CGM/CIVIL ECR mor) (706759),Infrastructure & Highways,Ministry of Railways,706759,Bihar,3801.68,3801.68,425.3,11.2,2022-03-01,2028-12-31,2029-12-31,2026-07-01,24,0.0,0
PAIM-706860,Umbrella work PB57/2019-20/NR (CAO/Con/North/MHX ECR mor) (706860),Infrastructure & Highways,Ministry of Railways,706860,Bihar,2252.24,2252.24,1236.29,54.9,2023-03-01,2028-12-31,2028-12-31,2026-07-01,12,0.0,0
PAIM-900874,Jhajha - Batia 20 km Umbrella work PB23/2018-19/NR (CAO/Con/South/MHX ECR mor) (900874),Infrastructure & Highways,Ministry of Railways,900874,Bihar,4123.99,4123.99,1954.7,47.4,2021-03-01,2028-12-31,2028-12-31,2026-07-01,12,0.0,0
PAIM-400220,Kharsia-Dharamjaygarh with Spur line [East Corridor-Phase 1] (Indian Railway Construction International Limited [IRCON]),Infrastructure & Highways,Ministry of Railways,400220,Bihar,2997.17,2997.17,1221.57,40.8,2021-03-01,2026-12-31,2028-12-31,2026-07-01,36,0.0,0
PAIM-400291,Kirandul-Jagdalpur 150 km (CAO/C/ECOR ECoR mor) (400291),Infrastructure & Highways,Ministry of Railways,400291,Multi-State,3196.52,3196.52,977.07,30.6,2024-03-01,2028-12-31,2027-12-31,2026-07-01,12,0.0,0
PAIM-602792,Kms - 2nd Material Modification to Raipur Titlagarh doubling. (SECR) (602792),Infrastructure & Highways,Ministry of Railways,602792,Multi-State,751.11,751.11,497.24,66.2,2023-03-01,2026-12-31,2028-12-31,2026-07-01,6,0.0,0
PAIM-612815,Nipania-Bhatapra 14.4 km 4th line PB72/NR/2022-23 (CAOC/SECR SECR mor) (612815),Infrastructure & Highways,Ministry of Railways,612815,Multi-State,498.17,498.17,371.73,74.6,2022-03-01,2028-12-31,2027-12-31,2026-07-01,18,0.0,0
PAIM-705433,Dallirajhra- Rowghat New Railway Line - Phase I [95 km] (Rail Vikas Nigam Limited) (705433),Infrastructure & Highways,Ministry of Railways,705433,Multi-State,4382.18,4382.18,3580.75,81.7,2024-03-01,2026-12-31,2027-12-31,2026-07-01,6,0.0,0
PAIM-705444,Gevra Road-Pendra Road New Railway Line [135 km] (Indian Railway Construction International Limited [IRCON]) (705444),Infrastructure & Highways,Ministry of Railways,705444,Multi-State,3541.26,3541.26,2418.93,68.3,2021-03-01,2027-12-31,2027-12-31,2026-07-01,36,0.0,0
PAIM-706854,Boridand-Ambikapur 118.81 km Umbrella work PB57/2019-20/NR (CAOC/SECR SECR mor) (706854),Infrastructure & Highways,Ministry of Railways,706854,Multi-State,2139.47,2139.47,1786.96,83.5,2024-03-01,2027-12-31,2027-12-31,2026-07-01,6,0.0,0
PAIM-709818,4th line - Rajnandgaon-Dongarhgarh 31.2 km PB72/NR/2022-23 (CAOC/SECR SECR mor) (709818),Infrastructure & Highways,Ministry of Railways,709818,Multi-State,3784.66,3784.66,1628.82,43.0,2024-03-01,2026-12-31,2027-12-31,2026-07-01,6,0.0,0
PAIM-709819,3rd & 4th line - Saragbundia & Madwarani 12.2 km PB72/NR/2022-23 (CAOC/SECR SECR mor) (709819),Infrastructure & Highways,Ministry of Railways,709819,Delhi,777.3,777.3,463.73,59.7,2021-03-01,2028-12-31,2028-12-31,2026-07-01,36,0.0,0
PAIM-705583,Anand Vihar-Tilak Bridge - 3rd & 4th line 9.77 km (CAOC/NR NR mor) (705583),Infrastructure & Highways,Ministry of Railways,705583,Delhi,2543.0,2543.0,766.46,30.1,2022-03-01,2027-12-31,2029-12-31,2026-07-01,36,0.0,0
PAIM-706865,Chandorgaon-Cansaulim rail flyover 16 km Umbrella work PB57/2019-20/NR (CAOC/SWR SWR mor) (706865),Infrastructure & Highways,Ministry of Railways,706865,Gujarat,4185.71,4185.71,2722.68,65.0,2021-03-01,2028-12-31,2028-12-31,2026-07-01,12,0.0,0
PAIM-611918,Kosamba- Umarpada 69.70 Km PB32/WR/2023-24 (CAOCWR WR mor) (611918),Infrastructure & Highways,Ministry of Railways,611918,Gujarat,1019.87,1019.87,687.55,67.4,2021-03-01,2026-12-31,2028-12-31,2026-07-01,36,0.0,0
PAIM-611943,New BG line between Naliya - Jakhau Port 24.88 Km (CAOCWR WR mor) (611943),Infrastructure & Highways,Ministry of Railways,611943,Gujarat,2069.66,2069.66,1470.08,71.0,2023-03-01,2027-12-31,2028-12-31,2026-07-01,6,0.0,0
PAIM-611945,Petlad-Bhadran 22.5 km (CAOCWR WR mor) (611945),Infrastructure & Highways,Ministry of Railways,611945,Gujarat,2900.11,2900.11,522.82,18.0,2024-03-01,2026-12-31,2027-12-31,2026-07-01,12,0.0,0
PAIM-611970,Samlaya-Timba Road 53.53 km (CAOCWR WR mor) (611970),Infrastructure & Highways,Ministry of Railways,611970,Gujarat,1928.67,1928.67,845.95,43.9,2021-03-01,2028-12-31,2027-12-31,2026-07-01,12,0.0,0
PAIM-611971,Samni-Jambusar 24.08 km (CAOCWR WR mor) (611971),Infrastructure & Highways,Ministry of Railways,611971,Gujarat,1620.88,1620.88,920.76,56.8,2023-03-01,2026-12-31,2029-12-31,2026-07-01,6,0.0,0
PAIM-611974,Western Railway- Samakhiali-Gandhidham Quadrupiling 53 km PB34/CR/2023-24 (CAOCWR WR mor) (611974),Infrastructure & Highways,Ministry of Railways,611974,Gujarat,3249.38,3249.38,946.05,29.1,2021-03-01,2026-12-31,2028-12-31,2026-07-01,12,0.0,0
PAIM-612072,Barejadi Nandej Geratpur - Sanand - 4th line 38.20 km (CAOCWR WR mor) (612072),Infrastructure & Highways,Ministry of Railways,612072,Gujarat,3647.96,3647.96,1291.38,35.4,2024-03-01,2026-12-31,2028-12-31,2026-07-01,18,0.0,0
PAIM-616983,Kosamba Umarpada GC PROJECT (Ministry of Railways-) (616983),Infrastructure & Highways,Ministry of Railways,616983,Gujarat,1195.22,1195.22,874.35,73.2,2024-03-01,2026-12-31,2029-12-31,2026-07-01,12,0.0,0
PAIM-705458,Miyagam-Karjan-Dabhoi-Samlaya 96.46 km- Gauge conversion with electrification (CAOCWR WR mor) (705458),Infrastructure & Highways,Ministry of Railways,705458,Gujarat,905.55,905.55,563.61,62.2,2024-03-01,2026-12-31,2029-12-31,2026-07-01,6,0.0,0
PAIM-706763,Rajkot-Kanalus 111.20 km (CAOCWR WR mor) (706763),Infrastructure & Highways,Ministry of Railways,706763,Gujarat,3508.63,3508.63,707.61,20.2,2022-03-01,2026-12-31,2028-12-31,2026-07-01,0,0.0,0
PAIM-709812,Nadiad-Petlad 37.26 km (CAOCWR WR mor) (709812),Infrastructure & Highways,Ministry of Railways,709812,Gujarat,1411.8,1411.8,795.09,56.3,2021-03-01,2027-12-31,2029-12-31,2026-07-01,0,0.0,0
PAIM-709813,km  PB29/NR/2022-23 (CAOCWR WR mor) (709813),Infrastructure & Highways,Ministry of Railways,709813,Gujarat,3415.25,3415.25,614.41,18.0,2022-03-01,2028-12-31,2027-12-31,2026-07-01,0,0.0,0
PAIM-611884,Doubling between Bhiwani - Dobh Bahali PB73/2023-24/NR (CAOC/NWR NWR mor) (611884),Infrastructure & Highways,Ministry of Railways,611884,Gujarat,530.35,530.35,110.46,20.8,2023-03-01,2027-12-31,2028-12-31,2026-07-01,36,0.0,0
PAIM-617372,20/NR (CAO/Con/South/MHX ECR mor) (617372),Infrastructure & Highways,Ministry of Railways,617372,Haryana,4471.61,4471.61,3447.97,77.1,2021-03-01,2027-12-31,2028-12-31,2026-07-01,18,0.0,0
PAIM-617832,Koderma-Barkakana Arigada 133 Km (CAO/Con/South/MHX ECR mor) (617832),Infrastructure & Highways,Ministry of Railways,617832,Multi-State,3247.07,3247.07,1943.58,59.9,2022-03-01,2026-12-31,2027-12-31,2026-07-01,12,0.0,0
PAIM-705765,Gomoh - Flyover for down trains 20 km (CAO/Con/South/MHX ECR mor) (705765),Infrastructure & Highways,Ministry of Railways,705765,Multi-State,3964.38,3964.38,806.3,20.3,2023-03-01,2028-12-31,2027-12-31,2026-07-01,0,0.0,0
PAIM-705785,Lodhma-Piska - Link line bypassing Hatia / Ranchi with Y connection 17.2 km (CAO/C/SER SER mor) (705785),Infrastructure & Highways,Ministry of Railways,705785,Multi-State,3133.0,3133.0,2626.44,83.8,2022-03-01,2028-12-31,2027-12-31,2026-07-01,24,0.0,0
PAIM-706837,Pradhan Kuntha Jn Line Doubling Project (East Central Railway [ECR] - I) (706837),Infrastructure & Highways,Ministry of Railways,706837,Multi-State,1054.01,1054.01,584.82,55.5,2023-03-01,2027-12-31,2027-12-31,2026-07-01,12,0.0,0
PAIM-400023,Construction of New BG line between Hassan to Belur [27 Km] (South Western Railway [SWR] - II) (400023),Infrastructure & Highways,Ministry of Railways,400023,Karnataka,3235.81,3235.81,1472.98,45.5,2021-03-01,2028-12-31,2027-12-31,2026-07-01,0,0.0,0
PAIM-705490,Gadag - Wadi 252 km (CAOC/SWR SWR mor) (705490),Infrastructure & Highways,Ministry of Railways,705490,Karnataka,267.25,267.25,180.2,67.4,2024-03-01,2027-12-31,2028-12-31,2026-07-01,0,0.0,0
PAIM-705492,Kadur-Chickmagalur-Sakleshpur 93 km (CAOC/SWR SWR mor) (705492),Infrastructure & Highways,Ministry of Railways,705492,Karnataka,1526.23,1526.23,737.66,48.3,2021-03-01,2028-12-31,2027-12-31,2026-07-01,36,0.0,0
PAIM-705493,Hubli-Ankola 167 km (CAOC/SWR SWR mor) (705493),Infrastructure & Highways,Ministry of Railways,705493,Karnataka,3329.61,3329.61,1600.01,48.1,2021-03-01,2027-12-31,2028-12-31,2026-07-01,24,0.0,0
PAIM-705495,Bagalkot-Kudachi 142 km (CAOC/SWR SWR mor) (705495),Infrastructure & Highways,Ministry of Railways,705495,Karnataka,1291.84,1291.84,537.15,41.6,2024-03-01,2027-12-31,2028-12-31,2026-07-01,24,0.0,0
PAIM-705496,Tumkur-Chitradurg-Davangere 199.7 km (CAOC/SWR SWR mor) (705496),Infrastructure & Highways,Ministry of Railways,705496,Karnataka,568.21,568.21,473.87,83.4,2024-03-01,2026-12-31,2028-12-31,2026-07-01,24,0.0,0
PAIM-705663,Bangalore-Whitefield-Bangalore City-Krishnarajapuram 23.08 km - Quadrupling (CPM/GS/SBC SWR mor) (705663),Infrastructure & Highways,Ministry of Railways,705663,Karnataka,1358.75,1358.75,1025.78,75.5,2023-03-01,2026-12-31,2028-12-31,2026-07-01,12,0.0,0
PAIM-705761,Shimoga-Shikaripura-Ranebennur 103 km umbrella work PB23/2018-19/NR (CAOC/SWR SWR mor) (705761),Infrastructure & Highways,Ministry of Railways,705761,Karnataka,3867.17,3867.17,2379.02,61.5,2023-03-01,2027-12-31,2027-12-31,2026-07-01,36,0.0,0
PAIM-705941,Bangalore Suburban Railway Project (Karnataka Rail Infrastructure Development Company Limited [K-RIDE]) (705941),Infrastructure & Highways,Ministry of Railways,705941,Karnataka,1512.84,1512.84,377.48,25.0,2022-03-01,2027-12-31,2028-12-31,2026-07-01,0,0.0,0
PAIM-705638,Kumbalam-Turavur - Patch doubling 15.59 km (CAO/CN/ERS SR mor) (705638),Infrastructure & Highways,Ministry of Railways,705638,Karnataka,512.21,512.21,426.14,83.2,2023-03-01,2027-12-31,2029-12-31,2026-07-01,18,0.0,0
PAIM-705639,Ernakulam-Kumbalam - Patch doubling 7.71 km (CAO/CN/ERS SR mor) (705639),Infrastructure & Highways,Ministry of Railways,705639,Multi-State,257.7,257.7,46.5,18.0,2023-03-01,2027-12-31,2028-12-31,2026-07-01,0,0.0,0
PAIM-705419,Gwalior-Sheorpurkalan with extension to Kota 284 km (CAO/C/NCR NCR mor) (705419),Infrastructure & Highways,Ministry of Railways,705419,Madhya Pradesh,3901.71,3901.71,3253.17,83.4,2021-03-01,2027-12-31,2027-12-31,2026-07-01,12,0.0,0
PAIM-705659,Satna - Rewa 50 km (CE/C-4/WCR WCR mor) (705659),Infrastructure & Highways,Ministry of Railways,705659,Madhya Pradesh,1773.65,1773.65,1082.84,61.1,2021-03-01,2027-12-31,2028-12-31,2026-07-01,18,0.0,0
PAIM-705661,Katni - Grade separator / bypass 21.50 km (GM IRCON KATNI WCR mor) (705661),Infrastructure & Highways,Ministry of Railways,705661,Madhya Pradesh,1777.15,1777.15,1201.25,67.6,2021-03-01,2027-12-31,2028-12-31,2026-07-01,12,0.0,0
PAIM-705933,Nimach-Ratlam 133 km (CAOCWR WR mor) (705933),Infrastructure & Highways,Ministry of Railways,705933,Maharashtra,4466.44,4466.44,2272.67,50.9,2022-03-01,2027-12-31,2027-12-31,2026-07-01,24,0.0,0
PAIM-611751,Aurangabad-Ankai 98.25 km (CAOCON/SCR SCR mor) (611751),Infrastructure & Highways,Ministry of Railways,611751,Maharashtra,1371.44,1371.44,894.62,65.2,2024-03-01,2027-12-31,2027-12-31,2026-07-01,0,0.0,0
PAIM-612845,Pachora-Jamner with extension upto Malkapur-Narrow gauge to broad gauge 84 km (CAOC/CR CR mor) (612845),Infrastructure & Highways,Ministry of Railways,612845,Maharashtra,432.59,432.59,114.6,26.5,2021-03-01,2026-12-31,2029-12-31,2026-07-01,36,0.0,0
PAIM-613015,associated infrastructure (Rail Land Development Authority) (613015),Infrastructure & Highways,Ministry of Railways,613015,Maharashtra,2152.94,2152.94,1204.63,56.0,2024-03-01,2028-12-31,2029-12-31,2026-07-01,0,0.0,0
PAIM-617215,Doubling between Parbhani-Parli Vaijnath stations 64.71 km PB34/CR/2023-24 (CAOCON/SCR SCR mor) (617215),Infrastructure & Highways,Ministry of Railways,617215,Maharashtra,4194.65,4194.65,3425.62,81.7,2024-03-01,2027-12-31,2028-12-31,2026-07-01,36,0.0,0
PAIM-617364,PB34/CR/2023-24 (CAOC/CR CR mor) (617364),Infrastructure & Highways,Ministry of Railways,617364,Maharashtra,3727.42,3727.42,837.51,22.5,2024-03-01,2028-12-31,2028-12-31,2026-07-01,12,0.0,0
PAIM-705356,km] (CAOC/CR CR mor) (705356),Infrastructure & Highways,Ministry of Railways,705356,Maharashtra,2234.38,2234.38,618.89,27.7,2023-03-01,2027-12-31,2029-12-31,2026-07-01,36,0.0,0
PAIM-705357,Baramati - Lonand 54 km (CAOC/CR CR mor) (705357),Infrastructure & Highways,Ministry of Railways,705357,Maharashtra,397.8,397.8,77.17,19.4,2022-03-01,2026-12-31,2028-12-31,2026-07-01,12,0.0,0
PAIM-705479,Wadsa-Gadchiroli 49.5 km (CAOC/SECR SECR mor) (705479),Infrastructure & Highways,Ministry of Railways,705479,Maharashtra,3596.2,3596.2,724.09,20.1,2024-03-01,2028-12-31,2028-12-31,2026-07-01,36,0.0,0
PAIM-705497,Wardha - Yavatmal Nanded Railway Line Project (Central Railways) (705497),Infrastructure & Highways,Ministry of Railways,705497,Maharashtra,4179.58,4179.58,2885.73,69.0,2023-03-01,2028-12-31,2029-12-31,2026-07-01,36,0.0,0
PAIM-705498,Kalyan-Kasara - 3rd line 67.62 km (CAOC/CR CR mor) (705498),Infrastructure & Highways,Ministry of Railways,705498,Maharashtra,2552.41,2552.41,1034.48,40.5,2022-03-01,2027-12-31,2027-12-31,2026-07-01,0,0.0,0
PAIM-705500,Wardha Sevagram-Nagpur - 3rd line 76.3 km (CAOC/CR CR mor) (705500),Infrastructure & Highways,Ministry of Railways,705500,Maharashtra,4096.81,4096.81,1854.67,45.3,2023-03-01,2027-12-31,2029-12-31,2026-07-01,18,0.0,0
PAIM-705502,Wardha-Balharshah - 3rd line 132 km (CAOC/CR CR mor) (705502),Infrastructure & Highways,Ministry of Railways,705502,Maharashtra,669.54,669.54,385.0,57.5,2024-03-01,2027-12-31,2027-12-31,2026-07-01,24,0.0,0
PAIM-705504,Daund - Manmad 247.50 km (CAOC/CR CR mor) (705504),Infrastructure & Highways,Ministry of Railways,705504,Maharashtra,3612.89,3612.89,2854.49,79.0,2023-03-01,2028-12-31,2029-12-31,2026-07-01,0,0.0,0
PAIM-705505,Wardha-Nagpur - 4th line 78.70 km (CAOC/CR CR mor) (705505),Infrastructure & Highways,Ministry of Railways,705505,Maharashtra,2222.1,2222.1,1588.7,71.5,2022-03-01,2027-12-31,2028-12-31,2026-07-01,24,0.0,0
PAIM-705506,3rd Line Manmad - Jalgaon [160 Kilometres] (Central Railway [CR] - II) (705506),Infrastructure & Highways,Ministry of Railways,705506,Maharashtra,1150.99,1150.99,548.71,47.7,2024-03-01,2027-12-31,2028-12-31,2026-07-01,18,0.0,0
PAIM-705735,19/NR (CAOC/CR CR mor) (705735),Infrastructure & Highways,Ministry of Railways,705735,Maharashtra,1512.05,1512.05,851.01,56.3,2024-03-01,2026-12-31,2027-12-31,2026-07-01,18,0.0,0
PAIM-705491,Marikuppam-Kuppam 23.7 km (CAOC/SWR SWR mor) (705491),Infrastructure & Highways,Ministry of Railways,705491,Karnataka,290.9,290.9,104.85,36.0,2024-03-01,2027-12-31,2027-12-31,2026-07-01,24,0.0,0
PAIM-705494,Rayadurg-Tumkur via Kalyandurg 213 km (CAOC/SWR SWR mor) (705494),Infrastructure & Highways,Ministry of Railways,705494,Karnataka,1695.41,1695.41,632.9,37.3,2024-03-01,2028-12-31,2028-12-31,2026-07-01,24,0.0,0
PAIM-705512,Kottavalasa-Koraput 189.278 km (CAO/C/ECOR ECoR mor) (705512),Infrastructure & Highways,Ministry of Railways,705512,Odisha,3710.92,3710.92,795.72,21.4,2024-03-01,2026-12-31,2027-12-31,2026-07-01,0,0.0,0
PAIM-400275,Tindivanam-Nagari 179.2 km (CAOC/SR SR mor) (400275),Infrastructure & Highways,Ministry of Railways,400275,Odisha,3403.14,3403.14,2500.16,73.5,2022-03-01,2027-12-31,2029-12-31,2026-07-01,0,0.0,0
PAIM-617210,Tirupati-Pakala-Katpadi Doubling 104.39 Km Item83/NR/2024-25 (CAO/C/SCoR SCoR mor) (617210),Infrastructure & Highways,Ministry of Railways,617210,Tamil Nadu,2341.06,2341.06,1843.18,78.7,2022-03-01,2027-12-31,2029-12-31,2026-07-01,18,0.0,0
PAIM-705610,"Renigunta 9.60 km, Wadi 7.60 km & Gooty 3.8 km - Bypass (CAO/C/SCoR SCoR mor) (705610)",Infrastructure & Highways,Ministry of Railways,705610,Tamil Nadu,334.97,334.97,259.53,77.5,2022-03-01,2027-12-31,2027-12-31,2026-07-01,6,0.0,0
PAIM-616857,Motumari  10.877 Km (CAO/C/SCoR SCoR mor) (616857),Infrastructure & Highways,Ministry of Railways,616857,Telangana,3913.47,3913.47,3017.08,77.1,2024-03-01,2027-12-31,2029-12-31,2026-07-01,24,0.0,0
PAIM-617214,Errupalem- Amaravati- Namburu New line 57 km PB7/WR/2023-24 (CAO/C/SCoR SCoR mor) (617214),Infrastructure & Highways,Ministry of Railways,617214,Telangana,3880.09,3880.09,1260.57,32.5,2023-03-01,2027-12-31,2027-12-31,2026-07-01,18,0.0,0
PAIM-705632,Vijayawada19.50 km & Kazipet10.65 km -Byepass line (CAO/C/SCoR SCoR mor) (705632),Infrastructure & Highways,Ministry of Railways,705632,Telangana,547.38,547.38,226.49,41.4,2024-03-01,2028-12-31,2028-12-31,2026-07-01,12,0.0,0
PAIM-705375,Koderma-Tilaiya 68 km (CAO/Con/South/MHX ECR mor) (705375),Infrastructure & Highways,Ministry of Railways,705375,Bihar,1392.73,1392.73,499.05,35.8,2022-03-01,2026-12-31,2029-12-31,2026-07-01,18,0.0,0
PAIM-705385,Pirpainti - Jasidih 97 km (CAOC/ER ER mor) (705385),Infrastructure & Highways,Ministry of Railways,705385,Bihar,4190.06,4190.06,1920.93,45.8,2021-03-01,2026-12-31,2029-12-31,2026-07-01,18,0.0,0
PAIM-616699,Multi tracking of Son Nagar-Andal 374.53 rkm & 814.38 tkm PB34/ECOR/2023-24 (CAO/Con/South/MHX ECR mor) (616699),Infrastructure & Highways,Ministry of Railways,616699,Uttar Pradesh,1395.31,1395.31,1138.07,81.6,2023-03-01,2028-12-31,2027-12-31,2026-07-01,24,0.0,0
PAIM-611669,Gramin & Burhwal Jn [Excl]  Sitapur Jn section of high density routes (North Eastern Railway [NER]) (611669),Infrastructure & Highways,Ministry of Railways,611669,Bihar,600.23,600.23,271.57,45.2,2021-03-01,2027-12-31,2027-12-31,2026-07-01,24,0.0,0
PAIM-617224,Gorakhpur-Valmikinagar Doubling project (NER) (617224),Infrastructure & Highways,Ministry of Railways,617224,Bihar,2796.69,2796.69,314.64,11.3,2022-03-01,2028-12-31,2027-12-31,2026-07-01,36,0.0,0
PAIM-617333,Dildarnagar-Taraghat line  11.1 km PB72/NR/2022-23 (CAO/Con/South/MHX ECR mor) (617333),Infrastructure & Highways,Ministry of Railways,617333,Bihar,2551.37,2551.37,2098.73,82.3,2022-03-01,2026-12-31,2029-12-31,2026-07-01,24,0.0,0
PAIM-705562,Chhapra-Ballia - Patch doubling 65 km (CAOC/NER NER mor) (705562),Infrastructure & Highways,Ministry of Railways,705562,Bihar,1537.62,1537.62,1120.88,72.9,2022-03-01,2026-12-31,2028-12-31,2026-07-01,36,0.0,0
PAIM-617245,Katihar-Kumedpur & Katihar-Mukuria 64.5 km Umbrella work PB57/2019-20/NR (CAO/C-II/NFR NFR mor) (617245),Infrastructure & Highways,Ministry of Railways,617245,Bihar,1209.65,1209.65,516.44,42.7,2023-03-01,2026-12-31,2028-12-31,2026-07-01,12,0.0,0
PAIM-705617,Rajnandgaon-Nagpur - 3rd line 228 km (CAOC/SECR SECR mor) (705617),Infrastructure & Highways,Ministry of Railways,705617,Maharashtra,2527.25,2527.25,1740.57,68.9,2021-03-01,2026-12-31,2029-12-31,2026-07-01,0,0.0,0
PAIM-709815,4th line - Bhatapara-Hathband 8.8 km PB72/NR/2022-23 (CAOC/SECR SECR mor) (709815),Infrastructure & Highways,Ministry of Railways,709815,Maharashtra,3111.8,3111.8,2223.38,71.4,2024-03-01,2027-12-31,2028-12-31,2026-07-01,36,0.0,0
PAIM-709816,4th line - Bhilai-Bhilai nagar 8.8 km PB72/NR/2022-23 (CAOC/SECR SECR mor) (709816),Infrastructure & Highways,Ministry of Railways,709816,Maharashtra,4124.9,4124.9,3278.12,79.5,2023-03-01,2027-12-31,2027-12-31,2026-07-01,36,0.0,0
PAIM-709817,4th line - Dadhapara-Belha 9.2 km PB72/NR/2022-23 (CAOC/SECR SECR mor) (709817),Infrastructure & Highways,Ministry of Railways,709817,Maharashtra,708.29,708.29,360.76,50.9,2024-03-01,2028-12-31,2029-12-31,2026-07-01,24,0.0,0
PAIM-705511,Jagdalpur-Koraput 110.22 km (CAO/C/ECOR ECoR mor) (705511),Infrastructure & Highways,Ministry of Railways,705511,Maharashtra,240.86,240.86,117.17,48.6,2024-03-01,2027-12-31,2029-12-31,2026-07-01,12,0.0,0
PAIM-705616,Jharsuguda - Bilaspur - 4th line 206 km (CAOC/SECR SECR mor) (705616),Infrastructure & Highways,Ministry of Railways,705616,Odisha,3820.95,3820.95,3040.47,79.6,2024-03-01,2028-12-31,2028-12-31,2026-07-01,0,0.0,0
PAIM-705728,Mumbai-Ahmedabad High Speed Rail Project- 508 km (National High Speed Rail Corporation [NHSRC]) (705728),Infrastructure & Highways,Ministry of Railways,705728,Maharashtra,2463.12,2463.12,793.92,32.2,2024-03-01,2027-12-31,2027-12-31,2026-07-01,6,0.0,0
PAIM-705793,Vadodara-Ahmedabad (PCE/WR) (705793),Infrastructure & Highways,Ministry of Railways,705793,Maharashtra,4251.17,4251.17,2280.56,53.6,2024-03-01,2027-12-31,2028-12-31,2026-07-01,18,0.0,0
PAIM-705237,Western Dedicated Freight Corridor (DFCCIL) (705237),Infrastructure & Highways,Ministry of Railways,705237,Maharashtra,2206.35,2206.35,322.49,14.6,2023-03-01,2028-12-31,2029-12-31,2026-07-01,12,0.0,0
PAIM-705453,change in alignment via Amjhera 4.82 km (CAOCWR WR mor) (705453),Infrastructure & Highways,Ministry of Railways,705453,Gujarat,1409.19,1409.19,812.56,57.7,2021-03-01,2026-12-31,2027-12-31,2026-07-01,12,0.0,0
PAIM-705454,Chhota Udepur-Dhar 157 km (CAOCWR WR mor) (705454),Infrastructure & Highways,Ministry of Railways,705454,Gujarat,2360.87,2360.87,1866.81,79.1,2021-03-01,2026-12-31,2028-12-31,2026-07-01,24,0.0,0
PAIM-400022,Taranga Hill-Abu Road via Ambaji 116.65 km (CAOC/NWR NWR mor) (400022),Infrastructure & Highways,Ministry of Railways,400022,Gujarat,4403.75,4403.75,2430.99,55.2,2024-03-01,2026-12-31,2029-12-31,2026-07-01,18,0.0,0
PAIM-616842,LUNI- SAMDARI- BHILDI DOUBLING (North Western Railway [NWR]) (616842),Infrastructure & Highways,Ministry of Railways,616842,Gujarat,718.6,718.6,502.09,69.9,2023-03-01,2027-12-31,2029-12-31,2026-07-01,0,0.0,0
PAIM-705424,Chandigarh-Baddi 33.23 km (CAOC/NR NR mor) (705424),Infrastructure & Highways,Ministry of Railways,705424,Gujarat,3649.4,3649.4,2958.65,81.1,2024-03-01,2027-12-31,2028-12-31,2026-07-01,12,0.0,0
PAIM-705410,Talwara 29.16 km (CAOC/NR NR mor) (705410),Infrastructure & Highways,Ministry of Railways,705410,Punjab,2948.76,2948.76,1019.87,34.6,2022-03-01,2027-12-31,2027-12-31,2026-07-01,18,0.0,0
PAIM-705628,Bondamunda - Ranchi 158.50 km (CAO/C/SER SER mor) (705628),Infrastructure & Highways,Ministry of Railways,705628,Odisha,743.04,743.04,218.82,29.4,2024-03-01,2028-12-31,2027-12-31,2026-07-01,0,0.0,0
PAIM-616588,Buramara - Chakulia 59.96 km PB9/SECR/2023-24 (CAO/C/SER SER mor) (616588),Infrastructure & Highways,Ministry of Railways,616588,Odisha,3944.1,3944.1,1907.7,48.4,2024-03-01,2027-12-31,2028-12-31,2026-07-01,6,0.0,0
PAIM-616227,3rd line between Chandil - Anara- Damodar section 121.26 km (CAO/C/SER SER mor) (616227),Infrastructure & Highways,Ministry of Railways,616227,Odisha,2840.39,2840.39,743.98,26.2,2024-03-01,2028-12-31,2027-12-31,2026-07-01,12,0.0,0
PAIM-705668,Kharagpur-Adityapur - 3rd line 132 km (CMD / RVNL RVNL mor) (705668),Infrastructure & Highways,Ministry of Railways,705668,Multi-State,4008.73,4008.73,1355.97,33.8,2021-03-01,2028-12-31,2027-12-31,2026-07-01,18,0.0,0
PAIM-703586,Baiyyappanahalli-Hosur 48 km (M.D/KRIDE SWR mor) (703586),Infrastructure & Highways,Ministry of Railways,703586,Karnataka,3022.18,3022.18,1541.16,51.0,2021-03-01,2028-12-31,2028-12-31,2026-07-01,0,0.0,0
PAIM-705635,Trivandrum- Kanyakumari (CAO/CN/ERS SR mor) (705635),Infrastructure & Highways,Ministry of Railways,705635,Karnataka,3144.55,3144.55,580.1,18.4,2024-03-01,2026-12-31,2029-12-31,2026-07-01,36,0.0,0
PAIM-705457,Fatehabad-Chandrawati Ganj-Ujjain 22.96 km and Rau-DADN doubling 9.40 km (CAOCWR WR mor) (705457),Infrastructure & Highways,Ministry of Railways,705457,Maharashtra,1686.93,1686.93,792.75,47.0,2021-03-01,2028-12-31,2027-12-31,2026-07-01,12,0.0,0
PAIM-705507,Itarsi-Nagpur bal. 280 km (CAOC/CR CR mor) (705507),Infrastructure & Highways,Ministry of Railways,705507,Maharashtra,3257.68,3257.68,2649.61,81.3,2022-03-01,2026-12-31,2029-12-31,2026-07-01,6,0.0,0
PAIM-705481,Ramganj Mandi-Bhopal 262 km (CPM/Kota WCR mor) (705481),Infrastructure & Highways,Ministry of Railways,705481,Maharashtra,1048.57,1048.57,649.77,62.0,2022-03-01,2028-12-31,2028-12-31,2026-07-01,12,0.0,0
PAIM-705764,Nimach-Badi Sadri NL Project 48 km (CAOC/NWR NWR mor) (705764),Infrastructure & Highways,Ministry of Railways,705764,Rajasthan,2770.72,2770.72,1308.97,47.2,2022-03-01,2028-12-31,2028-12-31,2026-07-01,12,0.0,0
PAIM-705667,Mathura-Jhansi - 3rd line 273.80 km (CMD / RVNL RVNL mor) (705667),Infrastructure & Highways,Ministry of Railways,705667,Rajasthan,3751.41,3751.41,2098.87,55.9,2023-03-01,2027-12-31,2028-12-31,2026-07-01,0,0.0,0
PAIM-705480,"Lalitpur-Satna, Rewa-Singrauli & Mahoba-Khajuraho 541 km (CE/C-4/WCR WCR mor) (705480)",Infrastructure & Highways,Ministry of Railways,705480,Uttar Pradesh,1975.86,1975.86,1003.91,50.8,2022-03-01,2027-12-31,2027-12-31,2026-07-01,18,0.0,0
PAIM-705598,Jhansi-Bina - 3rd line 152.57 km (CAO/C/NCR NCR mor) (705598),Infrastructure & Highways,Ministry of Railways,705598,Uttar Pradesh,2996.36,2996.36,1431.84,47.8,2023-03-01,2026-12-31,2027-12-31,2026-07-01,18,0.0,0
PAIM-705608,Jhansi-Khairar-Manikpur & Khirar-Bhimsen (North Central Railway) (705608),Infrastructure & Highways,Ministry of Railways,705608,Uttar Pradesh,353.11,353.11,123.12,34.9,2022-03-01,2027-12-31,2028-12-31,2026-07-01,12,0.0,0
PAIM-616586,Bangriposi - Gorumahisani 85.60 km PB9/SECR/2023-24 (CAO/C/SER SER mor) (616586),Infrastructure & Highways,Ministry of Railways,616586,Odisha,3671.29,3671.29,1124.11,30.6,2022-03-01,2026-12-31,2029-12-31,2026-07-01,36,0.0,0
PAIM-705629,Narayangarh - Bhadrak - 3rd line 155 km (CAO/C/SER SER mor) (705629),Infrastructure & Highways,Ministry of Railways,705629,Odisha,3038.63,3038.63,1293.93,42.6,2023-03-01,2028-12-31,2028-12-31,2026-07-01,18,0.0,0
PAIM-400223,Tiruthiraipundi incl. new material modification of Karaikal - Peralam 23 km new line (CAOC/SR SR mor) (400223),Infrastructure & Highways,Ministry of Railways,400223,Multi-State,2116.63,2116.63,545.29,25.8,2023-03-01,2027-12-31,2027-12-31,2026-07-01,24,0.0,0
PAIM-602797,"Sainthia, Sitarampur, Mughalsarai, Allahabad & Etawah - Bypass 35 km (CAOC/ER ER mor) (602797)",Infrastructure & Highways,Ministry of Railways,602797,Multi-State,3642.33,3642.33,2484.74,68.2,2023-03-01,2026-12-31,2028-12-31,2026-07-01,0,0.0,0
PAIM-400006,Barpali. (South Eastern Railway [SER] - I) (400006),Infrastructure & Highways,Ministry of Railways,400006,Odisha,3799.49,3799.49,2248.85,59.2,2024-03-01,2028-12-31,2027-12-31,2026-07-01,18,0.0,0
PAIM-400045,Under Deposit Scheme. (East Coast Railway [ECoR] - II) (400045),Infrastructure & Highways,Ministry of Railways,400045,Odisha,977.25,977.25,464.66,47.5,2021-03-01,2027-12-31,2028-12-31,2026-07-01,36,0.0,0
PAIM-400047,exchange yard and NTPC Block Cabin. (East Coast Railway [ECoR] - II) (400047),Infrastructure & Highways,Ministry of Railways,400047,Odisha,2310.52,2310.52,438.56,19.0,2022-03-01,2026-12-31,2028-12-31,2026-07-01,12,0.0,0
PAIM-400048,Doubling of lines connecting the loading spurs in Talcher Yard. (East Coast Railway [ECoR] - II) (400048),Infrastructure & Highways,Ministry of Railways,400048,Odisha,2126.24,2126.24,1090.86,51.3,2022-03-01,2026-12-31,2029-12-31,2026-07-01,6,0.0,0
PAIM-400232,Brundamal - Jharsuguda - Fly-over connection for joining down line 6.6 km (CAO/C/ECOR ECoR mor) (400232),Infrastructure & Highways,Ministry of Railways,400232,Odisha,3356.11,3356.11,2735.62,81.5,2021-03-01,2026-12-31,2028-12-31,2026-07-01,18,0.0,0
PAIM-612834,3rd & 4th line between Sarla - Sason 8 km PB73/2023-24/NR (CAO/C/ECOR ECoR mor) (612834),Infrastructure & Highways,Ministry of Railways,612834,Odisha,2497.04,2497.04,1899.71,76.1,2023-03-01,2027-12-31,2028-12-31,2026-07-01,12,0.0,0
PAIM-615915,Rourkela-Bondamunda A-Cabin 5th line 10 km Umbrella work PB57/2019-20/NR (CAO/C/SER SER mor) (615915),Infrastructure & Highways,Ministry of Railways,615915,Odisha,216.08,216.08,113.28,52.4,2021-03-01,2027-12-31,2029-12-31,2026-07-01,6,0.0,0
PAIM-616694,Flyover between Siju & Paradeep coaching yard 7 km PB73/2023-24/NR (CAO/C/ECOR ECoR mor) (616694),Infrastructure & Highways,Ministry of Railways,616694,Odisha,2157.49,2157.49,1390.32,64.4,2023-03-01,2026-12-31,2029-12-31,2026-07-01,18,0.0,0
PAIM-616695,Construction of Paradeep- Badabandha 3rd & 4th line 18.51 km PB34/ECOR/2023-24 (CAO/C/ECOR ECoR mor) (616695),Infrastructure & Highways,Ministry of Railways,616695,Odisha,835.29,835.29,301.24,36.1,2023-03-01,2028-12-31,2028-12-31,2026-07-01,18,0.0,0
PAIM-616839,Gunupur - Therubali new line 73.62 km (CAO/C/ECOR ECoR mor) (616839),Infrastructure & Highways,Ministry of Railways,616839,Odisha,3367.03,3367.03,1929.55,57.3,2024-03-01,2027-12-31,2029-12-31,2026-07-01,24,0.0,0
PAIM-705358,Khurda Road-Bolangir 301 km (CAO/C/ECOR ECoR mor) (705358),Infrastructure & Highways,Ministry of Railways,705358,Odisha,3305.28,3305.28,2449.05,74.1,2021-03-01,2028-12-31,2028-12-31,2026-07-01,36,0.0,0
PAIM-705359,Talcher-Bimlagarh 154 km (CAO/C/ECOR ECoR mor) (705359),Infrastructure & Highways,Ministry of Railways,705359,Odisha,317.61,317.61,137.24,43.2,2022-03-01,2028-12-31,2029-12-31,2026-07-01,0,0.0,0
PAIM-705510,Bhadrak-Nergundi - 3rd line 80 km (CAO/C/ECOR ECoR mor) (705510),Infrastructure & Highways,Ministry of Railways,705510,Odisha,4257.62,4257.62,2206.51,51.8,2024-03-01,2027-12-31,2029-12-31,2026-07-01,18,0.0,0
PAIM-705513,Koraput-Singapur Road 164.56 km (CAO/C/ECOR ECoR mor) (705513),Infrastructure & Highways,Ministry of Railways,705513,Odisha,4296.39,4296.39,2240.23,52.1,2021-03-01,2028-12-31,2029-12-31,2026-07-01,36,0.0,0
PAIM-705514,Jarapaada-Budhapank with flyover at Talcher Road - 3rd & 4th line 47 44 km (CAO/C/ECOR ECoR mor) (705514),Infrastructure & Highways,Ministry of Railways,705514,Odisha,1663.1,1663.1,846.31,50.9,2021-03-01,2028-12-31,2027-12-31,2026-07-01,12,0.0,0
PAIM-705515,Budhapank-Salegaon via Rajatgarh - 3rd & 4th line 85 85 km (CAO/C/ECOR ECoR mor) (705515),Infrastructure & Highways,Ministry of Railways,705515,Odisha,1455.69,1455.69,555.14,38.1,2023-03-01,2028-12-31,2027-12-31,2026-07-01,0,0.0,0
PAIM-705741,Jeypore - Navarangpur 38 km (CAO/C/ECOR ECoR mor) (705741),Infrastructure & Highways,Ministry of Railways,705741,Odisha,1245.88,1245.88,1019.61,81.8,2024-03-01,2028-12-31,2027-12-31,2026-07-01,36,0.0,0
PAIM-705742,Jeypore - Malkangiri 130 km (CAO/C/ECOR ECoR mor) (705742),Infrastructure & Highways,Ministry of Railways,705742,Odisha,851.08,851.08,310.79,36.5,2021-03-01,2026-12-31,2028-12-31,2026-07-01,24,0.0,0
PAIM-705298,North Region Video Surveillance Project (RCIL) (705298),Infrastructure & Highways,Ministry of Railways,705298,Odisha,1111.37,1111.37,575.81,51.8,2024-03-01,2028-12-31,2028-12-31,2026-07-01,18,0.0,0
PAIM-607653,Ludhiana Mullanpur 21Km Doubling Railway project (CAO/C/NR) (607653),Infrastructure & Highways,Ministry of Railways,607653,Punjab,1660.32,1660.32,558.45,33.6,2021-03-01,2026-12-31,2029-12-31,2026-07-01,12,0.0,0
PAIM-705783,Ludhiana-Kila Raipur 19 km with freight line at Gill station (CAOC/NR NR mor) (705783),Infrastructure & Highways,Ministry of Railways,705783,Rajasthan,4435.79,4435.79,2152.51,48.5,2021-03-01,2028-12-31,2027-12-31,2026-07-01,6,0.0,0
PAIM-611855,Nathdwara Mavli - Devgarh Madariya 82.542 km (CAOC/NWR NWR mor) (611855),Infrastructure & Highways,Ministry of Railways,611855,Rajasthan,4033.83,4033.83,1784.44,44.2,2021-03-01,2028-12-31,2028-12-31,2026-07-01,36,0.0,0
PAIM-611929,under WTA 527 (WPO/Patna) (611929),Infrastructure & Highways,Ministry of Railways,611929,Rajasthan,3358.65,3358.65,370.9,11.0,2024-03-01,2028-12-31,2027-12-31,2026-07-01,18,0.0,0
PAIM-616841,Pushkar - Merta Katyasani  51.346 km (CAOC/NWR NWR mor) (616841),Infrastructure & Highways,Ministry of Railways,616841,Rajasthan,2640.03,2640.03,587.8,22.3,2022-03-01,2027-12-31,2028-12-31,2026-07-01,18,0.0,0
PAIM-616843,Ajmer-Chanderiya section 178.28 km Umbrella work PB57/2019-20/NR (CAOC/NWR NWR mor) (616843),Infrastructure & Highways,Ministry of Railways,616843,Rajasthan,4408.61,4408.61,2924.89,66.3,2023-03-01,2026-12-31,2027-12-31,2026-07-01,24,0.0,0
PAIM-617403,SADULPUR - CHURU  DOUBLING PROJECT (North Western Railway [NWR]) (617403),Infrastructure & Highways,Ministry of Railways,617403,Rajasthan,3279.76,3279.76,1402.74,42.8,2024-03-01,2026-12-31,2028-12-31,2026-07-01,6,0.0,0
PAIM-617404,- Kailash Tekri 13.38 Km PB30/NR/2025-26 (CAOC/NWR NWR mor) (617404),Infrastructure & Highways,Ministry of Railways,617404,Rajasthan,2623.82,2623.82,2011.63,76.7,2022-03-01,2028-12-31,2027-12-31,2026-07-01,18,0.0,0
PAIM-705752,rolling stocks and infrastructure components umbrella work PB23/2018-19/NR (CAOC/NWR NWR mor) (705752),Infrastructure & Highways,Ministry of Railways,705752,Rajasthan,3170.0,3170.0,1673.89,52.8,2021-03-01,2026-12-31,2029-12-31,2026-07-01,6,0.0,0
PAIM-705919,Agra Fort-Bandikui Doubling Line Project (CAO/C/NCR) (705919),Infrastructure & Highways,Ministry of Railways,705919,Rajasthan,1228.61,1228.61,589.79,48.0,2023-03-01,2027-12-31,2028-12-31,2026-07-01,36,0.0,0
PAIM-706836,Dedicatedtest track for RDSO Phase-2 34 km Umbrella work PB22/2019-20/NR (CAOC/NWR NWR mor) (706836),Infrastructure & Highways,Ministry of Railways,706836,Rajasthan,374.81,374.81,107.05,28.6,2022-03-01,2026-12-31,2027-12-31,2026-07-01,18,0.0,0
PAIM-706866,Sawaimadhopur - Bypass line 6.98 km Umbrella work PB57/2019-20/NR (CAOC/NWR NWR mor) (706866),Infrastructure & Highways,Ministry of Railways,706866,Rajasthan,3916.91,3916.91,1492.62,38.1,2022-03-01,2028-12-31,2028-12-31,2026-07-01,36,0.0,0
PAIM-400280,Phase II extension of MRTS from Velachery to St Thomas Mount (Ministry of Railways) (400280),Infrastructure & Highways,Ministry of Railways,400280,Tamil Nadu,823.62,823.62,662.13,80.4,2022-03-01,2026-12-31,2029-12-31,2026-07-01,24,0.0,0
PAIM-613002,Redevelopment of Chennai Egmore Station (Ministry of Railways) (613002),Infrastructure & Highways,Ministry of Railways,613002,Tamil Nadu,2626.43,2626.43,1876.74,71.5,2023-03-01,2027-12-31,2029-12-31,2026-07-01,12,0.0,0
PAIM-705244,Coach Production Factory Upgradation Project (CPM/ICF) (705244),Infrastructure & Highways,Ministry of Railways,705244,Tamil Nadu,864.79,864.79,484.36,56.0,2022-03-01,2028-12-31,2029-12-31,2026-07-01,18,0.0,0
PAIM-705489,Madurai-Tuticorin via Aruppukkottai 143.5 km (CAOC/SR SR mor) (705489),Infrastructure & Highways,Ministry of Railways,705489,Tamil Nadu,204.56,204.56,144.92,70.8,2021-03-01,2028-12-31,2027-12-31,2026-07-01,6,0.0,0
PAIM-617409,Railway Manufacturing Unit (RVNL - II) (617409),Infrastructure & Highways,Ministry of Railways,617409,Tamil Nadu,1313.27,1313.27,962.31,73.3,2021-03-01,2028-12-31,2028-12-31,2026-07-01,0,0.0,0
PAIM-400204,"Mehdawal, Bansi 240.26 km (CAOC/NER NER mor) (400204)",Infrastructure & Highways,Ministry of Railways,400204,Uttar Pradesh,1765.34,1765.34,1284.72,72.8,2021-03-01,2028-12-31,2028-12-31,2026-07-01,18,0.0,0
PAIM-400205,Sahjanwa - Dohrighat 81.17 km (CAOC/NER NER mor) (400205),Infrastructure & Highways,Ministry of Railways,400205,Uttar Pradesh,434.27,434.27,353.29,81.4,2023-03-01,2027-12-31,2027-12-31,2026-07-01,18,0.0,0
PAIM-617213,new Rail- cum- Road Bridge across Ganga River (CAO/C-II/NR NR mor) (617213),Infrastructure & Highways,Ministry of Railways,617213,Uttar Pradesh,710.46,710.46,251.95,35.5,2024-03-01,2027-12-31,2027-12-31,2026-07-01,18,0.0,0
PAIM-617252,Anand Nagar - Ghughuli via Maharajganj 53.37 km (CAOC/NER NER mor) (617252),Infrastructure & Highways,Ministry of Railways,617252,Uttar Pradesh,3898.57,3898.57,1499.85,38.5,2022-03-01,2026-12-31,2027-12-31,2026-07-01,6,0.0,0
PAIM-617370,Doubling between Jaunpur Jn - Zaffarabad 6.28 km PB73/2023-24/NR (CAOC/NR NR mor) (617370),Infrastructure & Highways,Ministry of Railways,617370,Uttar Pradesh,2355.54,2355.54,1735.29,73.7,2021-03-01,2026-12-31,2028-12-31,2026-07-01,12,0.0,0
PAIM-705567,Burhwal - Gonda - 3rd line 61.72 km (CAOC/NER NER mor) (705567),Infrastructure & Highways,Ministry of Road Transport & Highways,705567,Uttar Pradesh,2416.83,2416.83,456.6,18.9,2021-03-01,2026-12-31,2029-12-31,2026-07-01,18,0.0,0
PAIM-705588,Janghai - Pratapgarh - Amethi 87 km (CAO/C-II/NR NR mor) (705588),Infrastructure & Highways,Ministry of Road Transport & Highways,705588,Uttar Pradesh,2167.58,2167.58,1596.69,73.7,2022-03-01,2027-12-31,2028-12-31,2026-07-01,12,0.0,0
PAIM-705766,Lalitpur - Birari with flyover at Lalitpur 15.80 km (CAO/C/NCR NCR mor) (705766),Infrastructure & Highways,Ministry of Road Transport & Highways,705766,Uttar Pradesh,3742.96,3742.96,1985.05,53.0,2023-03-01,2027-12-31,2028-12-31,2026-07-01,36,0.0,0
PAIM-705772,Mughalsarai - Allahabad - 3rd line 150 km (CAO/C/NCR NCR mor) (705772),Infrastructure & Highways,Ministry of Road Transport & Highways,705772,Uttar Pradesh,3853.7,3853.7,2883.21,74.8,2024-03-01,2028-12-31,2027-12-31,2026-07-01,24,0.0,0
PAIM-705774,Aligarh-Daud Khan - 3rd line 6.9 km & construction of flyover at Daud Khan (CAO/C/NCR NCR mor) (705774),Infrastructure & Highways,Ministry of Road Transport & Highways,705774,Uttar Pradesh,983.08,983.08,208.7,21.2,2024-03-01,2028-12-31,2029-12-31,2026-07-01,24,0.0,0
PAIM-705777,Bhandai - Flyover for Etawah bound down trains 10 km (CAO/C/NCR NCR mor) (705777),Infrastructure & Highways,Ministry of Road Transport & Highways,705777,Uttar Pradesh,969.38,969.38,610.02,62.9,2022-03-01,2027-12-31,2027-12-31,2026-07-01,6,0.0,0
PAIM-705780,Bhatni - Aunrihar with electrification 125 km excl Indara - Mau 116.95 km (CMD / RVNL RVNL mor) (705780),Infrastructure & Highways,Ministry of Road Transport & Highways,705780,Uttar Pradesh,2758.38,2758.38,1281.85,46.5,2024-03-01,2026-12-31,2028-12-31,2026-07-01,36,0.0,0
PAIM-705782,Barabanki-Malhaur - 3rd & 4th Line 32.84 km (CAO/C-II/NR NR mor) (705782),Infrastructure & Highways,Ministry of Road Transport & Highways,705782,Uttar Pradesh,3011.53,3011.53,1319.36,43.8,2021-03-01,2028-12-31,2029-12-31,2026-07-01,36,0.0,0
PAIM-400247,strengthening bridge No.2 (CAOC/ER ER mor) (400247),Infrastructure & Highways,Ministry of Road Transport & Highways,400247,West Bengal,3446.5,3446.5,1582.46,45.9,2024-03-01,2027-12-31,2029-12-31,2026-07-01,24,0.0,0
PAIM-400273,new material modification for Mynapur-Kamarpukur via Birsha 19 km (CAOC/ER ER mor) (400273),Infrastructure & Highways,Ministry of Road Transport & Highways,400273,West Bengal,4480.51,4480.51,2163.18,48.3,2023-03-01,2027-12-31,2027-12-31,2026-07-01,12,0.0,0
PAIM-612096,Construction of Balurghat-Hilli new BG Line (Northeast Frontier Railway [NFR]) (612096),Infrastructure & Highways,Ministry of Road Transport & Highways,612096,West Bengal,606.93,606.93,384.77,63.4,2022-03-01,2026-12-31,2028-12-31,2026-07-01,36,0.0,0
PAIM-619184,IIIA (NHIDCL) (619184),Infrastructure & Highways,Ministry of Road Transport & Highways,619184,Multi-State,741.95,741.95,357.66,48.2,2021-03-01,2026-12-31,2027-12-31,2026-07-01,6,0.0,0
PAIM-619185,Package-III.B Balance work (NHIDCL) (619185),Infrastructure & Highways,Ministry of Road Transport & Highways,619185,Multi-State,3912.44,3912.44,1480.0,37.8,2024-03-01,2028-12-31,2028-12-31,2026-07-01,0,0.0,0
PAIM-619186,the Union Territory of Andaman & Nicobar Islands on EPC basis (NHIDCL) (619186),Infrastructure & Highways,Ministry of Road Transport & Highways,619186,Multi-State,3841.7,3841.7,2764.64,72.0,2024-03-01,2028-12-31,2028-12-31,2026-07-01,36,0.0,0
PAIM-617984,"Gudivada Town 2 RoB, and Road improvement NH-165 (MoRTH) (617984)",Infrastructure & Highways,Ministry of Road Transport & Highways,617984,Andhra Pradesh,4165.69,4165.69,3395.29,81.5,2022-03-01,2027-12-31,2029-12-31,2026-07-01,36,0.0,0
PAIM-617985,Akiveedu (MoRTH) (617985),Infrastructure & Highways,Ministry of Road Transport & Highways,617985,Andhra Pradesh,2352.0,2352.0,1696.24,72.1,2021-03-01,2026-12-31,2028-12-31,2026-07-01,0,0.0,0
PAIM-617986,248010 to km 269900 to 2 (MoRTH) (617986),Infrastructure & Highways,Ministry of Road Transport & Highways,617986,Andhra Pradesh,1149.83,1149.83,288.73,25.1,2022-03-01,2027-12-31,2027-12-31,2026-07-01,6,0.0,0
PAIM-617987,250/000Design Ch.186000 to 248010 to 2LPS (MoRTH) (617987),Infrastructure & Highways,Ministry of Road Transport & Highways,617987,Andhra Pradesh,2278.56,2278.56,1145.1,50.3,2021-03-01,2027-12-31,2029-12-31,2026-07-01,24,0.0,0
PAIM-617988,section   including Nandyal Bypass      from Km 143/6 to 185/9       NH-167K (MoRTH) (617988),Infrastructure & Highways,Ministry of Road Transport & Highways,617988,Andhra Pradesh,457.95,457.95,162.09,35.4,2024-03-01,2027-12-31,2029-12-31,2026-07-01,12,0.0,0
PAIM-617991,"State of Andhra Pradesh under Corridor Approach through Engineering, Procurement (MoRTH) (617991)",Infrastructure & Highways,Ministry of Road Transport & Highways,617991,Andhra Pradesh,1827.62,1827.62,806.95,44.2,2021-03-01,2026-12-31,2028-12-31,2026-07-01,6,0.0,0
PAIM-618013,4-laning of  Puttaparthi-Koduru Section of NH-342 (MoRTH) (618013),Infrastructure & Highways,Ministry of Road Transport & Highways,618013,Andhra Pradesh,3600.06,3600.06,1465.91,40.7,2022-03-01,2026-12-31,2028-12-31,2026-07-01,18,0.0,0
PAIM-618037,section of NH-440 in the State of Andhra Pradesh on EPC mode. (MoRTH) (618037),Infrastructure & Highways,Ministry of Road Transport & Highways,618037,Andhra Pradesh,1887.04,1887.04,1232.24,65.3,2024-03-01,2026-12-31,2028-12-31,2026-07-01,24,0.0,0
PAIM-618052,Andhra Pradesh (MoRTH) (618052),Infrastructure & Highways,Ministry of Road Transport & Highways,618052,Andhra Pradesh,2463.19,2463.19,1198.54,48.7,2021-03-01,2027-12-31,2028-12-31,2026-07-01,24,0.0,0
PAIM-618053,Km    in the State of Andhra Pradesh on EPC mode Job no. 741 (MoRTH) (618053),Infrastructure & Highways,Ministry of Road Transport & Highways,618053,Andhra Pradesh,3228.81,3228.81,437.6,13.6,2022-03-01,2028-12-31,2027-12-31,2026-07-01,18,0.0,0
PAIM-618101,to 4LPS (MoRTH) (618101),Infrastructure & Highways,Ministry of Road Transport & Highways,618101,Andhra Pradesh,3848.53,3848.53,2806.75,72.9,2022-03-01,2028-12-31,2028-12-31,2026-07-01,36,0.0,0
PAIM-618103,Shoulder in (MoRTH) (618103),Infrastructure & Highways,Ministry of Road Transport & Highways,618103,Andhra Pradesh,2070.23,2070.23,680.31,32.9,2023-03-01,2028-12-31,2028-12-31,2026-07-01,0,0.0,0
PAIM-618125,paved Shoulders in the State of Andhra Pradesh under NHO on EPC Mode (MoRTH) (618125),Infrastructure & Highways,Ministry of Road Transport & Highways,618125,Odisha,2388.7,2388.7,1434.65,60.1,2024-03-01,2026-12-31,2029-12-31,2026-07-01,0,0.0,0
PAIM-618193,Under Annual Plan 2023-24 through EPC Mode (MoRTH) (618193),Infrastructure & Highways,Ministry of Road Transport & Highways,618193,Andhra Pradesh,495.41,495.41,53.47,10.8,2023-03-01,2028-12-31,2027-12-31,2026-07-01,6,0.0,0
PAIM-618194,to 102/20 of Kalyandrg - Molakalmuru Section (MoRTH) (618194),Infrastructure & Highways,Ministry of Road Transport & Highways,618194,Andhra Pradesh,443.23,443.23,185.55,41.9,2023-03-01,2028-12-31,2027-12-31,2026-07-01,18,0.0,0
PAIM-618236,AP-NH (MoRTH) (618236),Infrastructure & Highways,Ministry of Road Transport & Highways,618236,Andhra Pradesh,2652.11,2652.11,752.74,28.4,2022-03-01,2027-12-31,2029-12-31,2026-07-01,12,0.0,0
PAIM-618238,the state of Andhra Pradesh under NHDP-IV (MoRTH) (618238),Infrastructure & Highways,Ministry of Road Transport & Highways,618238,Andhra Pradesh,1732.06,1732.06,1174.71,67.8,2022-03-01,2026-12-31,2027-12-31,2026-07-01,24,0.0,0
PAIM-618239,EPC    mode. (MoRTH) (618239),Infrastructure & Highways,Ministry of Road Transport & Highways,618239,Andhra Pradesh,3113.14,3113.14,1647.79,52.9,2024-03-01,2026-12-31,2028-12-31,2026-07-01,6,0.0,0
PAIM-618254,on NH-516E (MoRTH) (618254),Infrastructure & Highways,Ministry of Road Transport & Highways,618254,Andhra Pradesh,3140.65,3140.65,1454.41,46.3,2022-03-01,2028-12-31,2029-12-31,2026-07-01,18,0.0,0
PAIM-618255,Two laning with paved shoulders of Lambasingi to Paderusection  of NH 516E (MoRTH) (618255),Infrastructure & Highways,Ministry of Road Transport & Highways,618255,Andhra Pradesh,1262.3,1262.3,327.12,25.9,2023-03-01,2028-12-31,2029-12-31,2026-07-01,12,0.0,0
PAIM-618256,with the loan assistance of World Bank on EPC mode (MoRTH) (618256),Infrastructure & Highways,Ministry of Road Transport & Highways,618256,Andhra Pradesh,839.13,839.13,518.73,61.8,2023-03-01,2026-12-31,2027-12-31,2026-07-01,18,0.0,0
PAIM-618257,with the loan assistance of World Bank on EPC mode (MoRTH) (618257),Infrastructure & Highways,Ministry of Road Transport & Highways,618257,Andhra Pradesh,3266.04,3266.04,1523.17,46.6,2021-03-01,2027-12-31,2029-12-31,2026-07-01,6,0.0,0
PAIM-618412,PMDP (NHIDCL) (618412),Infrastructure & Highways,Ministry of Road Transport & Highways,618412,Andhra Pradesh,3279.95,3279.95,429.16,13.1,2023-03-01,2028-12-31,2028-12-31,2026-07-01,6,0.0,0
PAIM-618475,Baireddypalle to Bangarupalem section (NHAI) (618475),Infrastructure & Highways,Ministry of Road Transport & Highways,618475,Andhra Pradesh,2019.53,2019.53,1630.22,80.7,2021-03-01,2027-12-31,2029-12-31,2026-07-01,24,0.0,0
PAIM-618476,Bangarupalem to Gudipala section (NHAI) (618476),Infrastructure & Highways,Ministry of Road Transport & Highways,618476,Andhra Pradesh,685.56,685.56,372.23,54.3,2024-03-01,2027-12-31,2027-12-31,2026-07-01,24,0.0,0
PAIM-618524,Andhra Pradesh on EPC Mode under NHO. (NHAI) (618524),Infrastructure & Highways,Ministry of Road Transport & Highways,618524,Andhra Pradesh,508.62,508.62,246.21,48.4,2024-03-01,2028-12-31,2027-12-31,2026-07-01,0,0.0,0
PAIM-618525,on EPC mode under NHO (NHAI) (618525),Infrastructure & Highways,Ministry of Road Transport & Highways,618525,Andhra Pradesh,1130.43,1130.43,696.66,61.6,2022-03-01,2026-12-31,2029-12-31,2026-07-01,0,0.0,0
PAIM-618526,New NH-16 (NHAI) (618526),Infrastructure & Highways,Ministry of Road Transport & Highways,618526,Andhra Pradesh,905.65,905.65,457.3,50.5,2022-03-01,2027-12-31,2029-12-31,2026-07-01,18,0.0,0
PAIM-618579,NH-16 (NHAI) (618579),Infrastructure & Highways,Ministry of Road Transport & Highways,618579,Andhra Pradesh,3477.63,3477.63,1028.13,29.6,2023-03-01,2027-12-31,2028-12-31,2026-07-01,36,0.0,0
PAIM-618629,Nandigama Bypass and Kanchikacherla bypass (NHAI) (618629),Infrastructure & Highways,Ministry of Road Transport & Highways,618629,Andhra Pradesh,3393.96,3393.96,2783.85,82.0,2023-03-01,2026-12-31,2029-12-31,2026-07-01,0,0.0,0
PAIM-618633,section (NHAI) (618633),Infrastructure & Highways,Ministry of Road Transport & Highways,618633,Andhra Pradesh,278.63,278.63,157.68,56.6,2021-03-01,2028-12-31,2028-12-31,2026-07-01,0,0.0,0
PAIM-618682,Pkg-3 (NHAI) (618682),Infrastructure & Highways,Ministry of Road Transport & Highways,618682,Andhra Pradesh,3646.42,3646.42,415.36,11.4,2024-03-01,2026-12-31,2029-12-31,2026-07-01,18,0.0,0
PAIM-618700,Renigunta - Poyya - Naidupeta km 124.60 to km 183.4 of NH 71 (NHAI) (618700),Infrastructure & Highways,Ministry of Road Transport & Highways,618700,Andhra Pradesh,3047.22,3047.22,1612.95,52.9,2022-03-01,2028-12-31,2029-12-31,2026-07-01,18,0.0,0
PAIM-618712,24300 of [NH-544G]  Package-1 (NHAI) (618712),Infrastructure & Highways,Ministry of Road Transport & Highways,618712,Andhra Pradesh,708.13,708.13,368.47,52.0,2021-03-01,2027-12-31,2027-12-31,2026-07-01,12,0.0,0
PAIM-618713,Audireddipalle Ch. 160000 of [NH  544G]  Package-6 (NHAI) (618713),Infrastructure & Highways,Ministry of Road Transport & Highways,618713,Andhra Pradesh,4442.7,4442.7,2186.31,49.2,2023-03-01,2027-12-31,2027-12-31,2026-07-01,36,0.0,0
PAIM-618714,Yerragudipadu Ch. 129000 of [NH-544G]  Package-5 (NHAI) (618714),Infrastructure & Highways,Ministry of Road Transport & Highways,618714,Andhra Pradesh,2842.2,2842.2,1862.31,65.5,2022-03-01,2026-12-31,2029-12-31,2026-07-01,12,0.0,0
PAIM-618715,palli Ch. 96300 of [NH-544G]Package-4 (NHAI) (618715),Infrastructure & Highways,Ministry of Road Transport & Highways,618715,Andhra Pradesh,411.89,411.89,226.06,54.9,2024-03-01,2026-12-31,2027-12-31,2026-07-01,18,0.0,0
PAIM-618716,Ch. 72000 of [NH-544G]Package-3 (NHAI) (618716),Infrastructure & Highways,Ministry of Road Transport & Highways,618716,Andhra Pradesh,632.59,632.59,70.58,11.2,2022-03-01,2028-12-31,2028-12-31,2026-07-01,18,0.0,0
PAIM-618717,Ch. 45700 of [NH-544G]  Package-2 (NHAI) (618717),Infrastructure & Highways,Ministry of Road Transport & Highways,618717,Andhra Pradesh,290.03,290.03,164.77,56.8,2024-03-01,2028-12-31,2027-12-31,2026-07-01,18,0.0,0
PAIM-618718,Narayanmpet Ch. 203500Package-09 (NHAI) (618718),Infrastructure & Highways,Ministry of Road Transport & Highways,618718,Andhra Pradesh,1855.86,1855.86,1148.27,61.9,2024-03-01,2027-12-31,2028-12-31,2026-07-01,36,0.0,0
PAIM-618719,Kavulakuntla Ch. 196000 Package-08 (NHAI) (618719),Infrastructure & Highways,Ministry of Road Transport & Highways,618719,Andhra Pradesh,524.55,524.55,97.26,18.5,2024-03-01,2026-12-31,2029-12-31,2026-07-01,18,0.0,0
PAIM-618720,Mallapalle Ch. 176000Package-07 (NHAI) (618720),Infrastructure & Highways,Ministry of Road Transport & Highways,618720,Andhra Pradesh,944.98,944.98,316.88,33.5,2023-03-01,2028-12-31,2027-12-31,2026-07-01,12,0.0,0
PAIM-618721,Polavaram Ch. 260000of [NH-544G] Package-11 (NHAI) (618721),Infrastructure & Highways,Ministry of Road Transport & Highways,618721,Andhra Pradesh,3648.09,3648.09,1214.64,33.3,2024-03-01,2027-12-31,2027-12-31,2026-07-01,0,0.0,0
PAIM-618759,4L PS Mydukur - Badvel from Km 585.820 to Km 630.960 of NH-67 (NHAI) (618759),Infrastructure & Highways,Ministry of Road Transport & Highways,618759,Andhra Pradesh,2336.2,2336.2,1110.0,47.5,2023-03-01,2027-12-31,2027-12-31,2026-07-01,6,0.0,0
PAIM-618777,95.717 of NH-71Package-II (NHAI) (618777),Infrastructure & Highways,Ministry of Road Transport & Highways,618777,Andhra Pradesh,2921.57,2921.57,2159.16,73.9,2021-03-01,2026-12-31,2027-12-31,2026-07-01,18,0.0,0
PAIM-618778,4L of Madanapalle to Pileru Section from Km 0.000 to Km 55.900 of NH-71Package-I (NHAI) (618778),Infrastructure & Highways,Ministry of Road Transport & Highways,618778,Andhra Pradesh,4144.65,4144.65,2213.54,53.4,2021-03-01,2027-12-31,2028-12-31,2026-07-01,0,0.0,0
PAIM-618803,Kakinada Port Connectivity to NH-16 Rajanagaram Junction in East Godavari District (NHAI) (618803),Infrastructure & Highways,Ministry of Road Transport & Highways,618803,Andhra Pradesh,609.11,609.11,103.18,16.9,2023-03-01,2026-12-31,2027-12-31,2026-07-01,24,0.0,0
PAIM-618804,Dedicated Port road to Krishnapatnam Port Package-I from Km. 0.000 to Km. 18.000 (NHAI) (618804),Infrastructure & Highways,Ministry of Road Transport & Highways,618804,Andhra Pradesh,2369.89,2369.89,655.01,27.6,2024-03-01,2026-12-31,2029-12-31,2026-07-01,36,0.0,0
PAIM-618805,6L Connectivity to Port Road from Sabbavaram Sheelanagar-NH516C (NHAI) (618805),Infrastructure & Highways,Ministry of Road Transport & Highways,618805,Andhra Pradesh,501.78,501.78,235.61,47.0,2021-03-01,2027-12-31,2029-12-31,2026-07-01,0,0.0,0
PAIM-618806,connectivity road from Convent junction to Sheelanagar Junction (NHAI) (618806),Infrastructure & Highways,Ministry of Road Transport & Highways,618806,Andhra Pradesh,3988.71,3988.71,2191.53,54.9,2023-03-01,2028-12-31,2027-12-31,2026-07-01,12,0.0,0
PAIM-618807,"Part I & 6L  extension of dedicated port road of NH-67 Km 18.0 to Km 19.3, Part II (NHAI) (618807)",Infrastructure & Highways,Ministry of Road Transport & Highways,618807,Andhra Pradesh,481.37,481.37,331.7,68.9,2024-03-01,2028-12-31,2029-12-31,2026-07-01,0,0.0,0
PAIM-618826,Pkg-1 (NHAI) (618826),Infrastructure & Highways,Ministry of Road Transport & Highways,618826,Andhra Pradesh,2814.92,2814.92,558.66,19.8,2021-03-01,2028-12-31,2028-12-31,2026-07-01,0,0.0,0
PAIM-618827,Pkg-2 (NHAI) (618827),Infrastructure & Highways,Ministry of Road Transport & Highways,618827,Andhra Pradesh,2794.46,2794.46,1339.58,47.9,2024-03-01,2026-12-31,2028-12-31,2026-07-01,12,0.0,0
PAIM-618920,with Paved Shoulders from Mallavaram to Renigunta (NHAI) (618920),Infrastructure & Highways,Ministry of Road Transport & Highways,618920,Andhra Pradesh,3230.21,3230.21,1973.35,61.1,2022-03-01,2028-12-31,2029-12-31,2026-07-01,24,0.0,0
PAIM-619076,Gundugolanu Section from km. 0.00 to km. 30.00 Pkg-III (NHAI) (619076),Infrastructure & Highways,Ministry of Road Transport & Highways,619076,Andhra Pradesh,1866.87,1866.87,211.98,11.4,2023-03-01,2027-12-31,2028-12-31,2026-07-01,0,0.0,0
PAIM-619102,Renigunta section (NHAI) (619102),Infrastructure & Highways,Ministry of Road Transport & Highways,619102,Andhra Pradesh,256.84,256.84,123.93,48.3,2023-03-01,2027-12-31,2029-12-31,2026-07-01,36,0.0,0
PAIM-619111,2 (NHAI) (619111),Infrastructure & Highways,Ministry of Road Transport & Highways,619111,Andhra Pradesh,4432.41,4432.41,2626.41,59.3,2024-03-01,2027-12-31,2028-12-31,2026-07-01,0,0.0,0
PAIM-619112,464.662 Pkg-4 (NHAI) (619112),Infrastructure & Highways,Ministry of Road Transport & Highways,619112,Andhra Pradesh,3870.86,3870.86,854.3,22.1,2024-03-01,2026-12-31,2028-12-31,2026-07-01,12,0.0,0
PAIM-619123,Chandrasekharpuram Ch. 228000Package-10 (NHAI) (619123),Infrastructure & Highways,Ministry of Road Transport & Highways,619123,Andhra Pradesh,2023.44,2023.44,323.52,16.0,2022-03-01,2026-12-31,2027-12-31,2026-07-01,24,0.0,0
PAIM-619124,Ch. 285500 of [NH-544G]Package-12 (NHAI) (619124),Infrastructure & Highways,Ministry of Road Transport & Highways,619124,Andhra Pradesh,513.15,513.15,377.39,73.5,2021-03-01,2028-12-31,2029-12-31,2026-07-01,0,0.0,0
PAIM-619125,Muppavaram Ch.343240 of [NH-544G] Package-14 (NHAI) (619125),Infrastructure & Highways,Ministry of Road Transport & Highways,619125,Andhra Pradesh,754.16,754.16,477.94,63.4,2023-03-01,2027-12-31,2028-12-31,2026-07-01,36,0.0,0
PAIM-619126,Somavarappadu Ch. 314600 of [NH-544G] Package-13 (NHAI) (619126),Infrastructure & Highways,Ministry of Road Transport & Highways,619126,Andhra Pradesh,3354.28,3354.28,2345.43,69.9,2022-03-01,2026-12-31,2029-12-31,2026-07-01,12,0.0,0
PAIM-619140,6L of Naidupeta Junction - Turpukanupur Section from km 57.046 to km 91.927 (NHAI) (619140),Infrastructure & Highways,Ministry of Road Transport & Highways,619140,Andhra Pradesh,3380.12,3380.12,395.16,11.7,2022-03-01,2026-12-31,2027-12-31,2026-07-01,24,0.0,0
PAIM-619141,Pradesh on HAM Mode under Bharatmala Pariyojana Phase I (NHAI) (619141),Infrastructure & Highways,Ministry of Road Transport & Highways,619141,Andhra Pradesh,1559.15,1559.15,482.4,30.9,2024-03-01,2028-12-31,2029-12-31,2026-07-01,24,0.0,0
PAIM-619160,Balance works in AP Portion and punch list items in TN & AP portion of NH-205 (NHAI) (619160),Infrastructure & Highways,Ministry of Road Transport & Highways,619160,Andhra Pradesh,3641.43,3641.43,1341.73,36.8,2023-03-01,2028-12-31,2027-12-31,2026-07-01,0,0.0,0
PAIM-617897,EPC mode connecting NH 19 to 85 origin (MoRTH) (617897),Infrastructure & Highways,Ministry of Road Transport & Highways,617897,Bihar,2416.04,2416.04,846.19,35.0,2023-03-01,2026-12-31,2028-12-31,2026-07-01,6,0.0,0
PAIM-617958,Widening & Strenthening from km132.895 to km 190.15 NH-80 (MoRTH) (617958),Infrastructure & Highways,Ministry of Road Transport & Highways,617958,Bihar,2308.2,2308.2,1787.46,77.4,2022-03-01,2027-12-31,2029-12-31,2026-07-01,6,0.0,0
PAIM-617961,Gaya-Hisua-Rajgir-Nalanda-Biharsharif section km0.00 to 92.935 NH-82 (MoRTH) (617961),Infrastructure & Highways,Ministry of Road Transport & Highways,617961,Bihar,4334.46,4334.46,2938.9,67.8,2021-03-01,2028-12-31,2029-12-31,2026-07-01,36,0.0,0
PAIM-617966,NHIIP-BR-106-7 [NHIIP-BR-106-7] (MoRTH) (617966),Infrastructure & Highways,Ministry of Road Transport & Highways,617966,Bihar,1836.07,1836.07,372.53,20.3,2023-03-01,2027-12-31,2028-12-31,2026-07-01,24,0.0,0
PAIM-617969,Islampur IPR section in the state of Bihar on EPC mode. (MoRTH) (617969),Infrastructure & Highways,Ministry of Road Transport & Highways,617969,Bihar,2830.23,2830.23,1080.59,38.2,2022-03-01,2028-12-31,2029-12-31,2026-07-01,12,0.0,0
PAIM-618004,16.150 Kmunder EPC mode in the state of Bihar (MoRTH) (618004),Infrastructure & Highways,Ministry of Road Transport & Highways,618004,Bihar,4339.81,4339.81,926.47,21.3,2022-03-01,2028-12-31,2029-12-31,2026-07-01,12,0.0,0
PAIM-618073,Km 29.730 of NH 122 B in the State of Bihar. (MoRTH) (618073),Infrastructure & Highways,Ministry of Road Transport & Highways,618073,Bihar,2196.18,2196.18,1512.42,68.9,2023-03-01,2027-12-31,2028-12-31,2026-07-01,6,0.0,0
PAIM-618074,under EPC mode (MoRTH) (618074),Infrastructure & Highways,Ministry of Road Transport & Highways,618074,Bihar,698.22,698.22,92.5,13.2,2024-03-01,2027-12-31,2029-12-31,2026-07-01,18,0.0,0
PAIM-618080,under EPC mode in the state of Bihar (MoRTH) (618080),Infrastructure & Highways,Ministry of Road Transport & Highways,618080,Bihar,1335.75,1335.75,491.36,36.8,2022-03-01,2026-12-31,2028-12-31,2026-07-01,18,0.0,0
PAIM-618120,Package - 2 in the State of Bihar on EPC Mode. (MoRTH) (618120),Infrastructure & Highways,Ministry of Road Transport & Highways,618120,Bihar,1817.38,1817.38,512.46,28.2,2021-03-01,2028-12-31,2027-12-31,2026-07-01,24,0.0,0
PAIM-618121,state of Bihar under EPC mode (MoRTH) (618121),Infrastructure & Highways,Ministry of Road Transport & Highways,618121,Bihar,1057.62,1057.62,541.16,51.2,2024-03-01,2027-12-31,2028-12-31,2026-07-01,36,0.0,0
PAIM-618126,length-14.359 Km to two lane with paved shoulders standard in State of Bihar. (MoRTH) (618126),Infrastructure & Highways,Ministry of Road Transport & Highways,618126,Bihar,3536.6,3536.6,1754.48,49.6,2024-03-01,2026-12-31,2028-12-31,2026-07-01,6,0.0,0
PAIM-618146,from km 3.500 to 43.000 of NH 527 E on EPC mode in State of Bihar (MoRTH) (618146),Infrastructure & Highways,Ministry of Road Transport & Highways,618146,Bihar,578.85,578.85,314.03,54.3,2021-03-01,2026-12-31,2027-12-31,2026-07-01,0,0.0,0
PAIM-618228,0.00 to km 14.500 across river Ganga on NH-19 at Patna in the state of Bihar. (MoRTH) (618228),Infrastructure & Highways,Ministry of Road Transport & Highways,618228,Bihar,3687.28,3687.28,2664.67,72.3,2023-03-01,2026-12-31,2027-12-31,2026-07-01,18,0.0,0
PAIM-618234,EPC mode (MoRTH) (618234),Infrastructure & Highways,Ministry of Road Transport & Highways,618234,Bihar,872.82,872.82,651.07,74.6,2021-03-01,2028-12-31,2027-12-31,2026-07-01,24,0.0,0
PAIM-618246,Bihar (MoRTH) (618246),Infrastructure & Highways,Ministry of Road Transport & Highways,618246,Bihar,4314.94,4314.94,1199.97,27.8,2022-03-01,2026-12-31,2028-12-31,2026-07-01,18,0.0,0
PAIM-618250,Bihar (MoRTH) (618250),Infrastructure & Highways,Ministry of Road Transport & Highways,618250,Bihar,1194.9,1194.9,367.32,30.7,2021-03-01,2028-12-31,2029-12-31,2026-07-01,36,0.0,0
PAIM-618251,Annuity Model HAM basis (MoRTH) (618251),Infrastructure & Highways,Ministry of Road Transport & Highways,618251,Bihar,2160.95,2160.95,1688.17,78.1,2023-03-01,2028-12-31,2027-12-31,2026-07-01,12,0.0,0
PAIM-618571,km.520.000 Total length 80.00Km (NHAI) (618571),Infrastructure & Highways,Ministry of Road Transport & Highways,618571,Bihar,555.38,555.38,314.98,56.7,2021-03-01,2026-12-31,2029-12-31,2026-07-01,24,0.0,0
PAIM-618725,Anarbansalea village From KM. 116000 to KM. 151200 Package-6 (NHAI) (618725),Infrastructure & Highways,Ministry of Road Transport & Highways,618725,Bihar,4194.36,4194.36,2344.89,55.9,2023-03-01,2028-12-31,2029-12-31,2026-07-01,0,0.0,0
PAIM-618726,village from Km. 27.000 to Km. 54.000 Pkg-2 (NHAI) (618726),Infrastructure & Highways,Ministry of Road Transport & Highways,618726,Bihar,1210.53,1210.53,332.48,27.5,2024-03-01,2026-12-31,2029-12-31,2026-07-01,12,0.0,0
PAIM-618727,road in Bhairopur village to Konki village From KM. 54.000 to KM. 90.000Pkg-3 (NHAI) (618727),Infrastructure & Highways,Ministry of Road Transport & Highways,618727,Bihar,2658.38,2658.38,400.43,15.1,2023-03-01,2028-12-31,2028-12-31,2026-07-01,0,0.0,0
PAIM-618738,131G starting from Km 8.480 near Sherpur to Km 23.000 near Dighwara (NHAI) (618738),Infrastructure & Highways,Ministry of Road Transport & Highways,618738,Bihar,2779.78,2779.78,551.2,19.8,2023-03-01,2026-12-31,2029-12-31,2026-07-01,12,0.0,0
PAIM-618739,119 D Pkg-I (NHAI) (618739),Infrastructure & Highways,Ministry of Road Transport & Highways,618739,Bihar,1749.62,1749.62,309.78,17.7,2024-03-01,2027-12-31,2028-12-31,2026-07-01,18,0.0,0
PAIM-618740,109.300 of NH 119 D Pkg-II (NHAI) (618740),Infrastructure & Highways,Ministry of Road Transport & Highways,618740,Bihar,255.76,255.76,78.97,30.9,2024-03-01,2027-12-31,2028-12-31,2026-07-01,12,0.0,0
PAIM-618741,4L  Greenfield Alignment from Kalyanapur to Tal Dashraha of NH-119D Pkg-III (NHAI) (618741),Infrastructure & Highways,Ministry of Road Transport & Highways,618741,Bihar,1681.99,1681.99,1334.12,79.3,2021-03-01,2026-12-31,2029-12-31,2026-07-01,6,0.0,0
PAIM-618742,"196700 to Km 198600, as part of the Amas-Darbhanga. (NHAI) (618742)",Infrastructure & Highways,Ministry of Road Transport & Highways,618742,Bihar,1484.38,1484.38,268.55,18.1,2023-03-01,2026-12-31,2028-12-31,2026-07-01,18,0.0,0
PAIM-618775,Ara Bypass (NHAI) (618775),Infrastructure & Highways,Ministry of Road Transport & Highways,618775,Bihar,3912.12,3912.12,771.84,19.7,2021-03-01,2027-12-31,2027-12-31,2026-07-01,18,0.0,0
PAIM-618790,under Bharatmalapariyona (NHAI) (618790),Infrastructure & Highways,Ministry of Road Transport & Highways,618790,Bihar,1946.28,1946.28,734.82,37.8,2022-03-01,2027-12-31,2028-12-31,2026-07-01,12,0.0,0
PAIM-618791,4L PS under NH configuration of Manikpur-Sahebganj of NH-139W (NHAI) (618791),Infrastructure & Highways,Ministry of Road Transport & Highways,618791,Bihar,654.15,654.15,98.14,15.0,2021-03-01,2027-12-31,2028-12-31,2026-07-01,18,0.0,0
PAIM-618840,Simaria Km. 206.050 to Khagaria Km. 266.282 (NHAI) (618840),Infrastructure & Highways,Ministry of Road Transport & Highways,618840,Bihar,2750.45,2750.45,1704.4,62.0,2022-03-01,2027-12-31,2027-12-31,2026-07-01,36,0.0,0
PAIM-618841,section  from Km. 221.047 to Km. 225.302 of NH-31 (NHAI) (618841),Infrastructure & Highways,Ministry of Road Transport & Highways,618841,Bihar,1042.7,1042.7,527.5,50.6,2022-03-01,2027-12-31,2027-12-31,2026-07-01,6,0.0,0
PAIM-618861,Bakhtiyarpur-Rajauli Pkg-II from km. 54.405 to km.101.630 (NHAI) (618861),Infrastructure & Highways,Ministry of Road Transport & Highways,618861,Bihar,835.54,835.54,435.88,52.2,2024-03-01,2026-12-31,2028-12-31,2026-07-01,12,0.0,0
PAIM-618862,Bakhtiyarpur-Rajauli Pkg-III from km. 101.630 to km.152.520 (NHAI) (618862),Infrastructure & Highways,Ministry of Road Transport & Highways,618862,Bihar,1202.35,1202.35,752.93,62.6,2024-03-01,2027-12-31,2029-12-31,2026-07-01,12,0.0,0
PAIM-618902,Maheshkunt-Saharsa-Purnea Pkg I km 0.00 to km. 90.00 of NH-107 (NHAI) (618902),Infrastructure & Highways,Ministry of Road Transport & Highways,618902,Bihar,2689.31,2689.31,1860.2,69.2,2022-03-01,2026-12-31,2027-12-31,2026-07-01,24,0.0,0
PAIM-618903,Maheshkunt -Saharsa-Purnea Pkg II (NHAI) (618903),Infrastructure & Highways,Ministry of Road Transport & Highways,618903,Bihar,679.66,679.66,381.94,56.2,2023-03-01,2026-12-31,2028-12-31,2026-07-01,18,0.0,0
PAIM-618905,143.200 to Km. 159.255 Pkg-1 (NHAI) (618905),Infrastructure & Highways,Ministry of Road Transport & Highways,618905,Bihar,2535.81,2535.81,2120.87,83.6,2023-03-01,2027-12-31,2028-12-31,2026-07-01,0,0.0,0
PAIM-618914,section (NHAI) (618914),Infrastructure & Highways,Ministry of Road Transport & Highways,618914,Bihar,3372.22,3372.22,2391.74,70.9,2022-03-01,2026-12-31,2027-12-31,2026-07-01,36,0.0,0
PAIM-618917,point of Patna-Gaya-Dobhi Section of NH-83 (NHAI) (618917),Infrastructure & Highways,Ministry of Road Transport & Highways,618917,Bihar,809.84,809.84,162.74,20.1,2024-03-01,2026-12-31,2029-12-31,2026-07-01,36,0.0,0
PAIM-618926,NH-227A (NHAI) (618926),Infrastructure & Highways,Ministry of Road Transport & Highways,618926,Bihar,353.7,353.7,134.93,38.1,2022-03-01,2027-12-31,2027-12-31,2026-07-01,18,0.0,0
PAIM-618953,Umagaon-Saharsa Package-IV Koshi Bridge & approach Road - Bheja-Bakaur (NHAI) (618953),Infrastructure & Highways,Ministry of Road Transport & Highways,618953,Bihar,3331.86,3331.86,1031.37,31.0,2023-03-01,2028-12-31,2027-12-31,2026-07-01,6,0.0,0
PAIM-618954,KM to 15.00KM of NH527ABideshwarsthan-Bheja0.000KM to 25.915KM of NH527A. (NHAI) (618954),Infrastructure & Highways,Ministry of Road Transport & Highways,618954,Bihar,546.2,546.2,435.36,79.7,2022-03-01,2026-12-31,2029-12-31,2026-07-01,36,0.0,0
PAIM-618955,2L PS of Majhauli to Charout section from km. 0.00 to km. 63.655 (NHAI) (618955),Infrastructure & Highways,Ministry of Road Transport & Highways,618955,Bihar,1591.5,1591.5,1016.13,63.8,2023-03-01,2028-12-31,2028-12-31,2026-07-01,24,0.0,0
PAIM-618956,Approaches from Design km.16.500 to km.21.500 (NHAI) (618956),Infrastructure & Highways,Ministry of Road Transport & Highways,618956,Bihar,4168.51,4168.51,1948.46,46.7,2022-03-01,2026-12-31,2028-12-31,2026-07-01,12,0.0,0
PAIM-619127,Nawda Section  of NH-119D (NHAI) (619127),Infrastructure & Highways,Ministry of Road Transport & Highways,619127,Bihar,4216.3,4216.3,1695.7,40.2,2021-03-01,2028-12-31,2028-12-31,2026-07-01,36,0.0,0
PAIM-619136,No 227F to 2 lane with paved shoulders from Design Ch.0.000 to Ch. 34.566 (NHAI) (619136),Infrastructure & Highways,Ministry of Road Transport & Highways,619136,Bihar,2744.95,2744.95,1762.01,64.2,2021-03-01,2027-12-31,2029-12-31,2026-07-01,24,0.0,0
PAIM-619152,Bakhtiyarpur Km 153.300 to Mokama Km 197.900 (NHAI) (619152),Infrastructure & Highways,Ministry of Road Transport & Highways,619152,Bihar,369.67,369.67,222.94,60.3,2023-03-01,2028-12-31,2029-12-31,2026-07-01,36,0.0,0
PAIM-619166,Umagaon-Saharsa Package-V Bakaur-Parsarma-Bangaon-Bariyahi & Spur to Mahishi (NHAI) (619166),Infrastructure & Highways,Ministry of Road Transport & Highways,619166,Bihar,4359.27,4359.27,3466.34,79.5,2022-03-01,2026-12-31,2028-12-31,2026-07-01,24,0.0,0
PAIM-619289,69520 to Km 95580 Pkg-1 (NHAI) (619289),Infrastructure & Highways,Ministry of Road Transport & Highways,619289,Bihar,703.61,703.61,473.02,67.2,2021-03-01,2026-12-31,2029-12-31,2026-07-01,0,0.0,0
PAIM-619301,Munger Ghat  NH-333 B (NHAI) (619301),Infrastructure & Highways,Ministry of Road Transport & Highways,619301,Bihar,3283.15,3283.15,1057.29,32.2,2021-03-01,2026-12-31,2029-12-31,2026-07-01,12,0.0,0
PAIM-619305,from Km 125000 to Km 157350 Pkg-3 (NHAI) (619305),Infrastructure & Highways,Ministry of Road Transport & Highways,619305,Bihar,1657.53,1657.53,726.57,43.8,2022-03-01,2028-12-31,2028-12-31,2026-07-01,24,0.0,0
PAIM-619306,4L of Munger  Mirzachauki section from Km 95580 to Km 125000 Pkg-2 (NHAI) (619306),Infrastructure & Highways,Ministry of Road Transport & Highways,619306,Bihar,845.82,845.82,171.43,20.3,2022-03-01,2028-12-31,2027-12-31,2026-07-01,6,0.0,0
PAIM-619317,E-W Corridor at Km. 515045 (NHAI) (619317),Infrastructure & Highways,Ministry of Road Transport & Highways,619317,Bihar,4022.93,4022.93,2189.9,54.4,2024-03-01,2028-12-31,2027-12-31,2026-07-01,24,0.0,0
PAIM-617908,Bemetara Bypass NH 30 (MoRTH) (617908),Infrastructure & Highways,Ministry of Road Transport & Highways,617908,Bihar,2645.55,2645.55,990.18,37.4,2021-03-01,2026-12-31,2028-12-31,2026-07-01,36,0.0,0
PAIM-617919,2017-18-56 (MoRTH) (617919),Infrastructure & Highways,Ministry of Road Transport & Highways,617919,Multi-State,721.83,721.83,250.99,34.8,2023-03-01,2026-12-31,2029-12-31,2026-07-01,12,0.0,0
PAIM-617971,retained    on NH-130D under EPC mode in the State Chhattisgarh. (MoRTH) (617971),Infrastructure & Highways,Ministry of Road Transport & Highways,617971,Multi-State,323.26,323.26,101.26,31.3,2021-03-01,2027-12-31,2027-12-31,2026-07-01,36,0.0,0
PAIM-617972,NH-130D under EPC mode in the state of Chhattisgarh. (MoRTH) (617972),Infrastructure & Highways,Ministry of Road Transport & Highways,617972,Multi-State,2829.27,2829.27,1619.75,57.2,2022-03-01,2028-12-31,2029-12-31,2026-07-01,12,0.0,0
PAIM-618014,udner corridor scheme under EPC Mode in the of Chhattisgarh (MoRTH) (618014),Infrastructure & Highways,Ministry of Road Transport & Highways,618014,Multi-State,250.71,250.71,84.6,33.7,2023-03-01,2028-12-31,2028-12-31,2026-07-01,6,0.0,0
PAIM-618015,under Corridor scheme on EPC mode in the state of Chhattisgarh. (MoRTH) (618015),Infrastructure & Highways,Ministry of Road Transport & Highways,618015,Multi-State,1874.4,1874.4,1368.75,73.0,2022-03-01,2028-12-31,2029-12-31,2026-07-01,6,0.0,0
PAIM-618016,shoulders under EPC mode in the state of Chhattisgarh (MoRTH) (618016),Infrastructure & Highways,Ministry of Road Transport & Highways,618016,Multi-State,1927.57,1927.57,332.83,17.3,2024-03-01,2028-12-31,2027-12-31,2026-07-01,12,0.0,0
PAIM-618017,Corridor scheme on EPC mode in the state of Chhattisgarh. (MoRTH) (618017),Infrastructure & Highways,Ministry of Road Transport & Highways,618017,Multi-State,3416.33,3416.33,1399.31,41.0,2021-03-01,2027-12-31,2027-12-31,2026-07-01,6,0.0,0
PAIM-618018,in the (MoRTH) (618018),Infrastructure & Highways,Ministry of Road Transport & Highways,618018,Multi-State,4479.51,4479.51,962.29,21.5,2021-03-01,2028-12-31,2028-12-31,2026-07-01,12,0.0,0
PAIM-618589,to near Khatti Village (NHAI) (618589),Infrastructure & Highways,Ministry of Road Transport & Highways,618589,Multi-State,1162.58,1162.58,211.25,18.2,2023-03-01,2028-12-31,2028-12-31,2026-07-01,18,0.0,0
PAIM-618590,near Aurang (NHAI) (618590),Infrastructure & Highways,Ministry of Road Transport & Highways,618590,Multi-State,4110.31,4110.31,885.62,21.5,2023-03-01,2027-12-31,2029-12-31,2026-07-01,6,0.0,0
PAIM-618639,4L of Bilaspur to Urga km 0.00 to 70.2 of NH-130A (NHAI) (618639),Infrastructure & Highways,Ministry of Road Transport & Highways,618639,Multi-State,4438.31,4438.31,605.57,13.6,2022-03-01,2027-12-31,2029-12-31,2026-07-01,6,0.0,0
PAIM-618640,4L of Urga - Pathalgaon from Km. 70.200 to km. 157.745 of NH-130A (NHAI) (618640),Infrastructure & Highways,Ministry of Road Transport & Highways,618640,Multi-State,4424.46,4424.46,677.99,15.3,2024-03-01,2027-12-31,2029-12-31,2026-07-01,0,0.0,0
PAIM-618646,Km.104.250 (NHAI) (618646),Infrastructure & Highways,Ministry of Road Transport & Highways,618646,Multi-State,3900.18,3900.18,2346.94,60.2,2021-03-01,2028-12-31,2028-12-31,2026-07-01,6,0.0,0
PAIM-618673,130CD Pkg-CG-1 (NHAI) (618673),Infrastructure & Highways,Ministry of Road Transport & Highways,618673,Multi-State,1480.92,1480.92,455.22,30.7,2023-03-01,2028-12-31,2028-12-31,2026-07-01,36,0.0,0
PAIM-618674,130CD Pkg-CG-2 (NHAI) (618674),Infrastructure & Highways,Ministry of Road Transport & Highways,618674,Multi-State,3295.69,3295.69,2315.54,70.3,2024-03-01,2026-12-31,2027-12-31,2026-07-01,12,0.0,0
PAIM-618675,of NH-130-CD (NHAI) (618675),Infrastructure & Highways,Ministry of Road Transport & Highways,618675,Multi-State,546.03,546.03,183.89,33.7,2023-03-01,2027-12-31,2028-12-31,2026-07-01,6,0.0,0
PAIM-618957,4 laning of Champa - Korba from km 0.00 to km 38.2 (NHAI) (618957),Infrastructure & Highways,Ministry of Road Transport & Highways,618957,Multi-State,601.24,601.24,63.58,10.6,2021-03-01,2026-12-31,2028-12-31,2026-07-01,36,0.0,0
PAIM-619039,Procurement & Construction EPC Basis (MoRTH) (619039),Infrastructure & Highways,Ministry of Road Transport & Highways,619039,Multi-State,1651.04,1651.04,1191.43,72.2,2022-03-01,2028-12-31,2027-12-31,2026-07-01,6,0.0,0
PAIM-619103,4/6 Laning of Raipur-Simga Pkg-I from km. 0.00 to km. 48.58 (NHAI) (619103),Infrastructure & Highways,Ministry of Road Transport & Highways,619103,Multi-State,3738.91,3738.91,2420.85,64.7,2024-03-01,2028-12-31,2028-12-31,2026-07-01,24,0.0,0
PAIM-619167,Kathghora (NHAI) (619167),Infrastructure & Highways,Ministry of Road Transport & Highways,619167,Multi-State,3170.5,3170.5,1291.0,40.7,2023-03-01,2027-12-31,2029-12-31,2026-07-01,24,0.0,0
PAIM-619347,2025-26 (MoRTH) (619347),Infrastructure & Highways,Ministry of Road Transport & Highways,619347,Multi-State,3106.06,3106.06,1162.35,37.4,2023-03-01,2026-12-31,2027-12-31,2026-07-01,24,0.0,0
PAIM-619183,and Nagar Haveli and Daman and Diu (MoRTH) (619183),Infrastructure & Highways,Ministry of Road Transport & Highways,619183,Multi-State,2686.49,2686.49,1321.21,49.2,2022-03-01,2027-12-31,2029-12-31,2026-07-01,12,0.0,0
PAIM-618509,from km. 0.70 to km.15.00 (NHAI) (618509),Infrastructure & Highways,Ministry of Road Transport & Highways,618509,Delhi,863.0,863.0,89.38,10.4,2022-03-01,2027-12-31,2027-12-31,2026-07-01,24,0.0,0
PAIM-619090,5.300 Km.to 9.500 Km. of NH-248BB (NHAI) (619090),Infrastructure & Highways,Ministry of Road Transport & Highways,619090,Delhi,1568.72,1568.72,710.04,45.3,2021-03-01,2028-12-31,2027-12-31,2026-07-01,18,0.0,0
PAIM-619202,Dwarka Sector 21 (NHAI) (619202),Infrastructure & Highways,Ministry of Road Transport & Highways,619202,Delhi,1058.22,1058.22,341.88,32.3,2022-03-01,2026-12-31,2028-12-31,2026-07-01,24,0.0,0
PAIM-617941,from Km 536.800 to Km 543.450 (MoRTH) (617941),Infrastructure & Highways,Ministry of Road Transport & Highways,617941,Multi-State,2887.22,2887.22,494.02,17.1,2021-03-01,2028-12-31,2027-12-31,2026-07-01,6,0.0,0
PAIM-617942,approaches on NH-66 (MoRTH) (617942),Infrastructure & Highways,Ministry of Road Transport & Highways,617942,Multi-State,2499.9,2499.9,1168.82,46.8,2023-03-01,2027-12-31,2027-12-31,2026-07-01,36,0.0,0
PAIM-617943,HAM Mode (MoRTH) (617943),Infrastructure & Highways,Ministry of Road Transport & Highways,617943,Multi-State,4267.22,4267.22,664.78,15.6,2023-03-01,2028-12-31,2027-12-31,2026-07-01,18,0.0,0
PAIM-618609,3.330 to Km. 4.550 (NHAI) (618609),Infrastructure & Highways,Ministry of Road Transport & Highways,618609,Multi-State,3350.75,3350.75,2740.53,81.8,2021-03-01,2027-12-31,2028-12-31,2026-07-01,6,0.0,0
PAIM-617906,Gujarat on EPC (MoRTH) (617906),Infrastructure & Highways,Ministry of Road Transport & Highways,617906,Gujarat,3562.26,3562.26,2865.38,80.4,2023-03-01,2027-12-31,2027-12-31,2026-07-01,36,0.0,0
PAIM-617916,47 in the State of Gujarat on HAM mode (MoRTH) (617916),Infrastructure & Highways,Ministry of Road Transport & Highways,617916,Gujarat,2970.92,2970.92,793.08,26.7,2022-03-01,2026-12-31,2027-12-31,2026-07-01,6,0.0,0
PAIM-617926,on Hybrid Annuity Mode HAM (MoRTH) (617926),Infrastructure & Highways,Ministry of Road Transport & Highways,617926,Gujarat,1838.94,1838.94,1285.51,69.9,2023-03-01,2027-12-31,2029-12-31,2026-07-01,24,0.0,0
PAIM-617927,Antrasuba Mathasur road  of NH 58 in the State of Gujarat (MoRTH) (617927),Infrastructure & Highways,Ministry of Road Transport & Highways,617927,Gujarat,4217.75,4217.75,3491.2,82.8,2021-03-01,2027-12-31,2028-12-31,2026-07-01,36,0.0,0
PAIM-617928,"Vrundavan Chokdi, Kheralu on NH-58 in the State of Gujarat. (MoRTH) (617928)",Infrastructure & Highways,Ministry of Road Transport & Highways,617928,Gujarat,3332.46,3332.46,1615.33,48.5,2024-03-01,2028-12-31,2029-12-31,2026-07-01,18,0.0,0
PAIM-617976,sate of Gujarat (MoRTH) (617976),Infrastructure & Highways,Ministry of Road Transport & Highways,617976,Gujarat,2920.63,2920.63,1004.28,34.4,2022-03-01,2028-12-31,2029-12-31,2026-07-01,18,0.0,0
PAIM-618022,of NH 351    Mahuva  to Badhada section    in the State of Gujarat (MoRTH) (618022),Infrastructure & Highways,Ministry of Road Transport & Highways,618022,Gujarat,2345.88,2345.88,729.04,31.1,2021-03-01,2027-12-31,2028-12-31,2026-07-01,0,0.0,0
PAIM-618107,Hybrid Annuity Mode HAM (MoRTH) (618107),Infrastructure & Highways,Ministry of Road Transport & Highways,618107,Gujarat,1790.48,1790.48,581.77,32.5,2024-03-01,2027-12-31,2028-12-31,2026-07-01,24,0.0,0
PAIM-618108,168G Idar-Bhiloda-Samlaji in the state of Gujarat Length  34.275 km (MoRTH) (618108),Infrastructure & Highways,Ministry of Road Transport & Highways,618108,Gujarat,1642.11,1642.11,1393.86,84.9,2024-03-01,2026-12-31,2029-12-31,2026-07-01,0,0.0,0
PAIM-618459,Delhi-Vadodara Greenfield Alignment NH-148N Pkg-26 Ch.696890 to Ch.726390 (NHAI) (618459),Infrastructure & Highways,Ministry of Road Transport & Highways,618459,Gujarat,999.63,999.63,570.67,57.1,2024-03-01,2028-12-31,2029-12-31,2026-07-01,12,0.0,0
PAIM-618462,[Junction near Pratap nagar Village - Junction near Dodka Village] (NHAI) (618462),Infrastructure & Highways,Ministry of Road Transport & Highways,618462,Gujarat,2544.32,2544.32,1763.31,69.3,2022-03-01,2027-12-31,2028-12-31,2026-07-01,0,0.0,0
PAIM-618463,Vadodara Mumbai Expressway Kim to Ankleshwar Phase IA - Pkg V (NHAI) (618463),Infrastructure & Highways,Ministry of Road Transport & Highways,618463,Gujarat,1717.99,1717.99,1217.13,70.8,2024-03-01,2028-12-31,2027-12-31,2026-07-01,12,0.0,0
PAIM-618467,Phase-I Package-IX (NHAI) (618467),Infrastructure & Highways,Ministry of Road Transport & Highways,618467,Gujarat,1425.67,1425.67,707.12,49.6,2024-03-01,2026-12-31,2028-12-31,2026-07-01,12,0.0,0
PAIM-618503,DSIR zone] (NHAI) (618503),Infrastructure & Highways,Ministry of Road Transport & Highways,618503,Gujarat,2269.99,2269.99,544.48,24.0,2024-03-01,2026-12-31,2028-12-31,2026-07-01,24,0.0,0
PAIM-618504,Adhelai Village] (NHAI) (618504),Infrastructure & Highways,Ministry of Road Transport & Highways,618504,Gujarat,820.92,820.92,457.3,55.7,2024-03-01,2027-12-31,2029-12-31,2026-07-01,12,0.0,0
PAIM-618507,NH-48 in the state of Gujarat on single Percentage Item Rate Contract (NHAI) (618507),Infrastructure & Highways,Ministry of Road Transport & Highways,618507,Gujarat,4345.96,4345.96,3318.7,76.4,2024-03-01,2028-12-31,2027-12-31,2026-07-01,0,0.0,0
PAIM-618508,of NH48 between existing Km. 108.000 to Km. 250.000 (NHAI) (618508),Infrastructure & Highways,Ministry of Road Transport & Highways,618508,Gujarat,1005.65,1005.65,341.87,34.0,2024-03-01,2026-12-31,2028-12-31,2026-07-01,18,0.0,0
PAIM-618564,NH-27 (NHAI) (618564),Infrastructure & Highways,Ministry of Road Transport & Highways,618564,Gujarat,622.39,622.39,79.31,12.7,2022-03-01,2027-12-31,2029-12-31,2026-07-01,36,0.0,0
PAIM-618615,Sanchore - Santalpur from km 99.000 - km 130.073 of NH-754K AJ-RGBS-Package-4 (NHAI) (618615),Infrastructure & Highways,Ministry of Road Transport & Highways,618615,Gujarat,3937.69,3937.69,2113.08,53.7,2021-03-01,2028-12-31,2029-12-31,2026-07-01,12,0.0,0
PAIM-618616,existing Ch. 42000 to 48500 of ongoing Dhrol-Bhadra-Pipaliya section of NH-151A (NHAI) (618616),Infrastructure & Highways,Ministry of Road Transport & Highways,618616,Gujarat,1986.08,1986.08,1554.78,78.3,2023-03-01,2027-12-31,2028-12-31,2026-07-01,18,0.0,0
PAIM-618787,Junction from Km 0.000 to Km 65.478 of NH-341 (NHAI) (618787),Infrastructure & Highways,Ministry of Road Transport & Highways,618787,Gujarat,4175.41,4175.41,1341.87,32.1,2021-03-01,2027-12-31,2028-12-31,2026-07-01,24,0.0,0
PAIM-618901,Km 128.940 of NH-68 (NHAI) (618901),Infrastructure & Highways,Ministry of Road Transport & Highways,618901,Gujarat,936.83,936.83,256.62,27.4,2023-03-01,2026-12-31,2029-12-31,2026-07-01,24,0.0,0
PAIM-618930,NH-56 Pkg-III (NHAI) (618930),Infrastructure & Highways,Ministry of Road Transport & Highways,618930,Gujarat,2915.83,2915.83,520.86,17.9,2023-03-01,2028-12-31,2029-12-31,2026-07-01,18,0.0,0
PAIM-618931,NH-56 Pkg-V (NHAI) (618931),Infrastructure & Highways,Ministry of Road Transport & Highways,618931,Gujarat,2869.11,2869.11,1794.17,62.5,2022-03-01,2027-12-31,2028-12-31,2026-07-01,12,0.0,0
PAIM-619061,km 95/500 of NH 168G in the State of Gujarat (MoRTH) (619061),Infrastructure & Highways,Ministry of Road Transport & Highways,619061,Gujarat,1046.55,1046.55,309.02,29.5,2023-03-01,2027-12-31,2027-12-31,2026-07-01,24,0.0,0
PAIM-619087,Km. 185.00 on NH-27 (NHAI) (619087),Infrastructure & Highways,Ministry of Road Transport & Highways,619087,Gujarat,989.05,989.05,597.22,60.4,2023-03-01,2026-12-31,2027-12-31,2026-07-01,24,0.0,0
PAIM-619145,Four Laning of Una to Kodinar from km. 180.478 to km. 221.610 Package-V (NHAI) (619145),Infrastructure & Highways,Ministry of Road Transport & Highways,619145,Gujarat,2472.82,2472.82,841.43,34.0,2024-03-01,2028-12-31,2028-12-31,2026-07-01,0,0.0,0
PAIM-619197,Delhi-Vadodara Greenfield Alignment NH-148N Pkg-27 Ch.729.700 to Ch.756.052 (NHAI) (619197),Infrastructure & Highways,Ministry of Road Transport & Highways,619197,Gujarat,436.42,436.42,276.04,63.3,2022-03-01,2026-12-31,2028-12-31,2026-07-01,0,0.0,0
PAIM-618482,Km 0000 to Km 34000 (NHAI) (618482),Infrastructure & Highways,Ministry of Road Transport & Highways,618482,Haryana,3037.76,3037.76,2188.19,72.0,2022-03-01,2027-12-31,2029-12-31,2026-07-01,36,0.0,0
PAIM-618483,near Gangana village Km 34000 to Km 60800 (NHAI) (618483),Infrastructure & Highways,Ministry of Road Transport & Highways,618483,Haryana,948.2,948.2,301.88,31.8,2023-03-01,2027-12-31,2028-12-31,2026-07-01,0,0.0,0
PAIM-618506,in the State of Haryana (NHAI) (618506),Infrastructure & Highways,Ministry of Road Transport & Highways,618506,Haryana,1871.25,1871.25,1063.53,56.8,2023-03-01,2026-12-31,2028-12-31,2026-07-01,12,0.0,0
PAIM-618580,Gohana - Sonipat PKG-2 (NHAI) (618580),Infrastructure & Highways,Ministry of Road Transport & Highways,618580,Haryana,4024.5,4024.5,1065.46,26.5,2022-03-01,2028-12-31,2029-12-31,2026-07-01,12,0.0,0
PAIM-618788,4L Greenfield Jalbhera  Shahbad section from km. 0.000 to km. 22.850 of NH-152G (NHAI) (618788),Infrastructure & Highways,Ministry of Road Transport & Highways,618788,Haryana,3415.72,3415.72,2607.47,76.3,2022-03-01,2028-12-31,2029-12-31,2026-07-01,6,0.0,0
PAIM-618792,4L Bhiwani-Hansi road section of NH-148B (NHAI) (618792),Infrastructure & Highways,Ministry of Road Transport & Highways,618792,Haryana,259.12,259.12,162.56,62.7,2021-03-01,2027-12-31,2028-12-31,2026-07-01,12,0.0,0
PAIM-618936,Jagadhari - Tajewala from Km -0.175 to 32.337 km of NH-344 (NHAI) (618936),Infrastructure & Highways,Ministry of Road Transport & Highways,618936,Haryana,974.52,974.52,308.54,31.7,2022-03-01,2026-12-31,2027-12-31,2026-07-01,36,0.0,0
PAIM-619080,4L PS of Ambala Ring Road of New NH-44 (NHAI) (619080),Infrastructure & Highways,Ministry of Road Transport & Highways,619080,Haryana,4424.57,4424.57,1067.92,24.1,2021-03-01,2027-12-31,2028-12-31,2026-07-01,0,0.0,0
PAIM-619092,NHO (NHAI) (619092),Infrastructure & Highways,Ministry of Road Transport & Highways,619092,Haryana,1278.42,1278.42,766.82,60.0,2021-03-01,2028-12-31,2028-12-31,2026-07-01,36,0.0,0
PAIM-619132,4/6L of Gurgaon - Pataudi - Rewari from km. 0.00 to km.43.87 of NH-352W (NHAI) (619132),Infrastructure & Highways,Ministry of Road Transport & Highways,619132,Haryana,2779.6,2779.6,1119.86,40.3,2021-03-01,2028-12-31,2029-12-31,2026-07-01,6,0.0,0
PAIM-619201,Karnal ring road Lot-4/Pkg-1 (NHAI) (619201),Infrastructure & Highways,Ministry of Road Transport & Highways,619201,Haryana,1123.78,1123.78,561.85,50.0,2021-03-01,2028-12-31,2028-12-31,2026-07-01,18,0.0,0
PAIM-618215,"under project Deepak, BRO (MoRTH) (618215)",Infrastructure & Highways,Ministry of Road Transport & Highways,618215,Multi-State,993.48,993.48,376.44,37.9,2023-03-01,2028-12-31,2029-12-31,2026-07-01,24,0.0,0
PAIM-618216,"project Deepak, BRO (MoRTH) (618216)",Infrastructure & Highways,Ministry of Road Transport & Highways,618216,Multi-State,2840.85,2840.85,2299.35,80.9,2022-03-01,2027-12-31,2029-12-31,2026-07-01,18,0.0,0
PAIM-618217,Gramphoo road  in the state of Himachal Pradesh Package I (MoRTH) (618217),Infrastructure & Highways,Ministry of Road Transport & Highways,618217,Multi-State,2040.31,2040.31,1082.97,53.1,2024-03-01,2027-12-31,2029-12-31,2026-07-01,18,0.0,0
PAIM-618230,mode.Package-3 (MoRTH) (618230),Infrastructure & Highways,Ministry of Road Transport & Highways,618230,Multi-State,2403.26,2403.26,814.16,33.9,2022-03-01,2028-12-31,2028-12-31,2026-07-01,18,0.0,0
PAIM-618231,mode.Package-1 (MoRTH) (618231),Infrastructure & Highways,Ministry of Road Transport & Highways,618231,Multi-State,3337.55,3337.55,2657.24,79.6,2021-03-01,2027-12-31,2029-12-31,2026-07-01,18,0.0,0
PAIM-618232,EPC mode.Package-2 (MoRTH) (618232),Infrastructure & Highways,Ministry of Road Transport & Highways,618232,Multi-State,1417.89,1417.89,557.87,39.3,2023-03-01,2026-12-31,2028-12-31,2026-07-01,6,0.0,0
PAIM-618253,Bridge on back water of Govindsagar and its approaches in Himachal Pradesh. (MoRTH) (618253),Infrastructure & Highways,Ministry of Road Transport & Highways,618253,Multi-State,3297.47,3297.47,1562.08,47.4,2023-03-01,2028-12-31,2028-12-31,2026-07-01,0,0.0,0
PAIM-618850,Nerchowk km 190.000 to Pandoh including Pandoh bypass  km221.305 (NHAI) (618850),Infrastructure & Highways,Ministry of Road Transport & Highways,618850,Multi-State,2712.8,2712.8,1944.56,71.7,2024-03-01,2027-12-31,2027-12-31,2026-07-01,36,0.0,0
PAIM-618851,Pandoh bypass 221.305 to Takoli 242.000 of NH-21 in the state of Himachal Pradesh (NHAI) (618851),Infrastructure & Highways,Ministry of Road Transport & Highways,618851,Multi-State,2687.73,2687.73,433.6,16.1,2024-03-01,2026-12-31,2028-12-31,2026-07-01,36,0.0,0
PAIM-618852,4L  Sundar Nagar Bypass from  Km.173.900 to Km.179.600 of NH-21 (NHAI) (618852),Infrastructure & Highways,Ministry of Road Transport & Highways,618852,Multi-State,1099.58,1099.58,372.18,33.8,2024-03-01,2028-12-31,2028-12-31,2026-07-01,6,0.0,0
PAIM-618878,from Km 51.000 to Km 72.000 of NH-154 Package-IIA (NHAI) (618878),Infrastructure & Highways,Ministry of Road Transport & Highways,618878,Multi-State,2440.4,2440.4,973.45,39.9,2021-03-01,2027-12-31,2029-12-31,2026-07-01,18,0.0,0
PAIM-618879,Bijni section from Km 180.000 to Km 202.815 of NH-154 Pkg-VA (NHAI) (618879),Infrastructure & Highways,Ministry of Road Transport & Highways,618879,Multi-State,2319.46,2319.46,1835.8,79.1,2023-03-01,2028-12-31,2027-12-31,2026-07-01,0,0.0,0
PAIM-618880,Paror section from Km 85.135 to Km 100.840 of NH-154 Pkg-IIC (NHAI) (618880),Infrastructure & Highways,Ministry of Road Transport & Highways,618880,Multi-State,4050.04,4050.04,811.44,20.0,2021-03-01,2027-12-31,2027-12-31,2026-07-01,6,0.0,0
PAIM-618881,of Pathankot-Mandi Package-VB (NHAI) (618881),Infrastructure & Highways,Ministry of Road Transport & Highways,618881,Multi-State,534.03,534.03,298.47,55.9,2022-03-01,2028-12-31,2029-12-31,2026-07-01,24,0.0,0
PAIM-618888,88 Pkg-IV (NHAI) (618888),Infrastructure & Highways,Ministry of Road Transport & Highways,618888,Multi-State,4243.87,4243.87,724.62,17.1,2024-03-01,2027-12-31,2027-12-31,2026-07-01,24,0.0,0
PAIM-618889,"303,503 up to Intersection with NH-154 from Km 175.270 to Km 193.400 Pkg-VB (NHAI) (618889)",Infrastructure & Highways,Ministry of Road Transport & Highways,618889,Multi-State,3046.49,3046.49,1296.76,42.6,2023-03-01,2028-12-31,2027-12-31,2026-07-01,36,0.0,0
PAIM-618890,2L PS of Hamirpur Bypass from Km 121.175 to Km.138.295 of NH-103&3 (NHAI) (618890),Infrastructure & Highways,Ministry of Road Transport & Highways,618890,Multi-State,2302.28,2302.28,759.63,33.0,2024-03-01,2027-12-31,2027-12-31,2026-07-01,24,0.0,0
PAIM-618891,58.450 (NHAI) (618891),Infrastructure & Highways,Ministry of Road Transport & Highways,618891,Multi-State,2152.58,2152.58,760.41,35.3,2023-03-01,2026-12-31,2029-12-31,2026-07-01,0,0.0,0
PAIM-618892,"Chainage -Km 33185 to Km 41000, Design Length-7.815 Km Package-IIB (NHAI) (618892)",Infrastructure & Highways,Ministry of Road Transport & Highways,618892,Multi-State,1880.71,1880.71,1357.52,72.2,2022-03-01,2026-12-31,2028-12-31,2026-07-01,6,0.0,0
PAIM-618921,Bypass - Pkg I (NHAI) (618921),Infrastructure & Highways,Ministry of Road Transport & Highways,618921,Multi-State,530.74,530.74,341.02,64.3,2024-03-01,2026-12-31,2029-12-31,2026-07-01,24,0.0,0
PAIM-618922,Bypass - Pkg II and Shimla connectivity from Km 0.000 to Km 0.725 of NH-5 (NHAI) (618922),Infrastructure & Highways,Ministry of Road Transport & Highways,618922,Multi-State,902.68,902.68,596.97,66.1,2023-03-01,2026-12-31,2029-12-31,2026-07-01,18,0.0,0
PAIM-619003,Solan - Kaithlighat Section of NH-22 Now NH-5 from Km. 106.139 to Km.129.05 (NHAI) (619003),Infrastructure & Highways,Ministry of Road Transport & Highways,619003,Punjab,2258.21,2258.21,1847.36,81.8,2023-03-01,2028-12-31,2029-12-31,2026-07-01,24,0.0,0
PAIM-619153,Package-IA (NHAI) (619153),Infrastructure & Highways,Ministry of Road Transport & Highways,619153,Punjab,1160.05,1160.05,803.44,69.3,2024-03-01,2028-12-31,2027-12-31,2026-07-01,18,0.0,0
PAIM-618038,EPC mode. (MoRTH) (618038),Infrastructure & Highways,Ministry of Road Transport & Highways,618038,Multi-State,3984.37,3984.37,2508.68,63.0,2023-03-01,2027-12-31,2027-12-31,2026-07-01,12,0.0,0
PAIM-618201,"Kashmir under project BEACON, Border Roads Organization BRO on EPC mode. (MoRTH) (618201)",Infrastructure & Highways,Ministry of Road Transport & Highways,618201,Multi-State,3921.18,3921.18,3311.87,84.5,2022-03-01,2027-12-31,2029-12-31,2026-07-01,12,0.0,0
PAIM-618202,Kashmir under Project.Package-III (MoRTH) (618202),Infrastructure & Highways,Ministry of Road Transport & Highways,618202,Multi-State,1458.37,1458.37,232.5,15.9,2024-03-01,2027-12-31,2027-12-31,2026-07-01,12,0.0,0
PAIM-618203,Package-II (MoRTH) (618203),Infrastructure & Highways,Ministry of Road Transport & Highways,618203,Multi-State,1551.19,1551.19,1097.28,70.7,2024-03-01,2027-12-31,2028-12-31,2026-07-01,0,0.0,0
PAIM-618204,Vijayak   BRO    in the UT of Ladakh on EPC Mode (MoRTH) (618204),Infrastructure & Highways,Ministry of Road Transport & Highways,618204,Multi-State,1076.66,1076.66,819.94,76.2,2023-03-01,2026-12-31,2029-12-31,2026-07-01,18,0.0,0
PAIM-618205,Border Roads Organization BRO  Package-IJob No NH-1-J&K-2022-23-110 (MoRTH) (618205),Infrastructure & Highways,Ministry of Road Transport & Highways,618205,Multi-State,2088.69,2088.69,759.59,36.4,2021-03-01,2028-12-31,2028-12-31,2026-07-01,0,0.0,0
PAIM-618206,under Project Beacon in the UT of Jammu & Kashmir on EPC mode Package-I. (MoRTH) (618206),Infrastructure & Highways,Ministry of Road Transport & Highways,618206,Multi-State,3498.84,3498.84,2453.29,70.1,2021-03-01,2027-12-31,2027-12-31,2026-07-01,6,0.0,0
PAIM-618221,on Akhnoor-Poonch Roads on EPC mode NH-144A Package-VII (MoRTH) (618221),Infrastructure & Highways,Ministry of Road Transport & Highways,618221,Multi-State,1273.14,1273.14,315.79,24.8,2021-03-01,2028-12-31,2028-12-31,2026-07-01,0,0.0,0
PAIM-618222,NH-144A-J&K-2022-2023-111 (MoRTH) (618222),Infrastructure & Highways,Ministry of Road Transport & Highways,618222,Multi-State,3924.56,3924.56,1324.23,33.7,2023-03-01,2028-12-31,2027-12-31,2026-07-01,24,0.0,0
PAIM-618223,Kashmir on EPC mode Package-III Job no  NH-144A-J&K-2019-20-79 (MoRTH) (618223),Infrastructure & Highways,Ministry of Road Transport & Highways,618223,Multi-State,379.71,379.71,67.06,17.7,2021-03-01,2026-12-31,2028-12-31,2026-07-01,24,0.0,0
PAIM-618224,Kashmir on EPC mode Package-II Job no  NH-144A-J&K-2019-20-78 (MoRTH) (618224),Infrastructure & Highways,Ministry of Road Transport & Highways,618224,Multi-State,558.61,558.61,395.13,70.7,2021-03-01,2028-12-31,2029-12-31,2026-07-01,36,0.0,0
PAIM-618225,Sampark BRO on EPC mode Package-VI Job no  NH-144A-J&K-2021-22-106 (MoRTH) (618225),Infrastructure & Highways,Ministry of Road Transport & Highways,618225,Multi-State,1967.66,1967.66,744.17,37.8,2021-03-01,2026-12-31,2029-12-31,2026-07-01,6,0.0,0
PAIM-618226,the UT of Jammu & Kashmir EPC modePackage-I Job no NH-144A-J&K-2020-21-83. (MoRTH) (618226),Infrastructure & Highways,Ministry of Road Transport & Highways,618226,Multi-State,2981.72,2981.72,1541.92,51.7,2024-03-01,2026-12-31,2029-12-31,2026-07-01,12,0.0,0
PAIM-618394,244  in UT of Jammu and Kashmir on EPC Mode Pkg-1 (NHIDCL) (618394),Infrastructure & Highways,Ministry of Road Transport & Highways,618394,Multi-State,2948.04,2948.04,1417.14,48.1,2023-03-01,2027-12-31,2028-12-31,2026-07-01,0,0.0,0
PAIM-618395,Mode under NHO-Gen Pkg - 2 (NHIDCL) (618395),Infrastructure & Highways,Ministry of Road Transport & Highways,618395,Multi-State,2584.89,2584.89,554.79,21.5,2023-03-01,2027-12-31,2027-12-31,2026-07-01,0,0.0,0
PAIM-618397,section of NH-244 in UT of Jammu and Kashmir to be executed on EPC basis (NHIDCL) (618397),Infrastructure & Highways,Ministry of Road Transport & Highways,618397,Multi-State,1487.94,1487.94,380.42,25.6,2021-03-01,2028-12-31,2028-12-31,2026-07-01,0,0.0,0
PAIM-618398,Mode Package II (NHIDCL) (618398),Infrastructure & Highways,Ministry of Road Transport & Highways,618398,Multi-State,4239.87,4239.87,3034.81,71.6,2021-03-01,2028-12-31,2028-12-31,2026-07-01,6,0.0,0
PAIM-618399,of Jammu and Kashmir on EPC Mode Pkg-4 (NHIDCL) (618399),Infrastructure & Highways,Ministry of Road Transport & Highways,618399,Multi-State,3976.59,3976.59,1008.87,25.4,2023-03-01,2028-12-31,2029-12-31,2026-07-01,36,0.0,0
PAIM-618400,in the UT of J&K on EPC Mode under NHO-Gen Pkg-3 (NHIDCL) (618400),Infrastructure & Highways,Ministry of Road Transport & Highways,618400,Multi-State,261.8,261.8,55.14,21.1,2022-03-01,2026-12-31,2027-12-31,2026-07-01,24,0.0,0
PAIM-618406,Kashmir on EPC basis Pkg-3A (NHIDCL) (618406),Infrastructure & Highways,Ministry of Road Transport & Highways,618406,Multi-State,4038.78,4038.78,1494.99,37.0,2023-03-01,2026-12-31,2029-12-31,2026-07-01,24,0.0,0
PAIM-618407,Jammu-Akhnoor Road Pkg-I (NHIDCL) (618407),Infrastructure & Highways,Ministry of Road Transport & Highways,618407,Delhi,993.01,993.01,339.73,34.2,2023-03-01,2026-12-31,2029-12-31,2026-07-01,36,0.0,0
PAIM-618494,village from Km 468100 to Km 503250] (NHAI) (618494),Infrastructure & Highways,Ministry of Road Transport & Highways,618494,Multi-State,711.05,711.05,535.38,75.3,2021-03-01,2028-12-31,2029-12-31,2026-07-01,36,0.0,0
PAIM-618495,566.520 Domel to Katra Section Phase II-Package XVII (NHAI) (618495),Infrastructure & Highways,Ministry of Road Transport & Highways,618495,Delhi,3511.34,3511.34,744.73,21.2,2021-03-01,2026-12-31,2027-12-31,2026-07-01,6,0.0,0
PAIM-618496,to km 514500] (NHAI) (618496),Infrastructure & Highways,Ministry of Road Transport & Highways,618496,Delhi,3935.91,3935.91,893.11,22.7,2022-03-01,2026-12-31,2027-12-31,2026-07-01,36,0.0,0
PAIM-618497,545.300 Sidhra to Domel Section of NH-44 (NHAI) (618497),Infrastructure & Highways,Ministry of Road Transport & Highways,618497,Multi-State,3671.25,3671.25,2921.68,79.6,2024-03-01,2028-12-31,2028-12-31,2026-07-01,36,0.0,0
PAIM-618541,4L Ring road/bypass around Srinagar city from km 0.000 to km 42.100 Phase-I (NHAI) (618541),Infrastructure & Highways,Ministry of Road Transport & Highways,618541,Multi-State,422.19,422.19,102.63,24.3,2021-03-01,2026-12-31,2028-12-31,2026-07-01,36,0.0,0
PAIM-618542,Srinagar Ring Road Phase  IIA (NHAI) (618542),Infrastructure & Highways,Ministry of Road Transport & Highways,618542,Multi-State,1176.65,1176.65,961.75,81.7,2021-03-01,2026-12-31,2029-12-31,2026-07-01,36,0.0,0
PAIM-618543,Bound of  Ramban to Banihal Pkg-I of Old NH-1A New NH-44 (NHAI) (618543),Infrastructure & Highways,Ministry of Road Transport & Highways,618543,Multi-State,2028.17,2028.17,1439.47,71.0,2023-03-01,2027-12-31,2027-12-31,2026-07-01,24,0.0,0
PAIM-618544,"T4 ,Single tube tunnel of Ramban to Banihal Pkg-II of Old NH-1A New NH-44 (NHAI) (618544)",Infrastructure & Highways,Ministry of Road Transport & Highways,618544,Multi-State,2466.97,2466.97,1339.49,54.3,2024-03-01,2026-12-31,2029-12-31,2026-07-01,6,0.0,0
PAIM-618545,Banihal Pkg-III of Old NH-1A New NH-44 (NHAI) (618545),Infrastructure & Highways,Ministry of Road Transport & Highways,618545,Multi-State,1258.06,1258.06,145.77,11.6,2021-03-01,2026-12-31,2028-12-31,2026-07-01,36,0.0,0
PAIM-618547,standard as part of Srinagar Ring Road PhaseII [Design Ch. 41.907 to Ch. 66.609] (NHAI) (618547),Infrastructure & Highways,Ministry of Road Transport & Highways,618547,Multi-State,968.18,968.18,549.45,56.8,2022-03-01,2028-12-31,2027-12-31,2026-07-01,24,0.0,0
PAIM-618549,residual NHDP component of Bharatmala Pariyojna (NHAI) (618549),Infrastructure & Highways,Ministry of Road Transport & Highways,618549,Multi-State,3955.8,3955.8,1065.63,26.9,2023-03-01,2026-12-31,2028-12-31,2026-07-01,0,0.0,0
PAIM-618550,Samba section of NH-44 from Chainage Km. 16.300 to Km. 74.100 (NHAI) (618550),Infrastructure & Highways,Ministry of Road Transport & Highways,618550,Multi-State,1885.07,1885.07,574.63,30.5,2022-03-01,2028-12-31,2029-12-31,2026-07-01,18,0.0,0
PAIM-618967,from Km 0.000 to Km 39.100 (NHAI) (618967),Infrastructure & Highways,Ministry of Road Transport & Highways,618967,Multi-State,1139.14,1139.14,885.99,77.8,2022-03-01,2026-12-31,2027-12-31,2026-07-01,6,0.0,0
PAIM-619038,section on NH-244  in UT of Jammu and Kashmir on EPC Mode Pkg-5 (NHIDCL) (619038),Infrastructure & Highways,Ministry of Road Transport & Highways,619038,Multi-State,4194.05,4194.05,2433.79,58.0,2021-03-01,2026-12-31,2028-12-31,2026-07-01,36,0.0,0
PAIM-618060,from km 116.00 to km 176.355 of NH-75E in the State of Jharkhand on EPC mode. (MoRTH) (618060),Infrastructure & Highways,Ministry of Road Transport & Highways,618060,Multi-State,3081.33,3081.33,482.69,15.7,2024-03-01,2028-12-31,2029-12-31,2026-07-01,36,0.0,0
PAIM-618083,under EPC mode. (MoRTH) (618083),Infrastructure & Highways,Ministry of Road Transport & Highways,618083,Multi-State,1475.64,1475.64,753.42,51.1,2021-03-01,2027-12-31,2027-12-31,2026-07-01,24,0.0,0
PAIM-618084,of NH-143A including re-construction of culverts and bridges. (MoRTH) (618084),Infrastructure & Highways,Ministry of Road Transport & Highways,618084,Multi-State,896.37,896.37,606.32,67.6,2022-03-01,2027-12-31,2029-12-31,2026-07-01,18,0.0,0
PAIM-618127,93.050 Pakur of NH-333A in the State of Jharkhand on EPC mode (MoRTH) (618127),Infrastructure & Highways,Ministry of Road Transport & Highways,618127,Multi-State,2043.86,2043.86,1545.61,75.6,2021-03-01,2027-12-31,2028-12-31,2026-07-01,36,0.0,0
PAIM-618242,65.325 of Nh-419 in the State of Jharkhand on EPC mode. (MoRTH) (618242),Infrastructure & Highways,Ministry of Road Transport & Highways,618242,Multi-State,263.58,263.58,151.71,57.6,2024-03-01,2028-12-31,2027-12-31,2026-07-01,0,0.0,0
PAIM-618534,Panagarh Bypass in the State of Jharkhand on EPC Mode. (NHAI) (618534),Infrastructure & Highways,Ministry of Road Transport & Highways,618534,Multi-State,3337.67,3337.67,1846.54,55.3,2023-03-01,2027-12-31,2029-12-31,2026-07-01,6,0.0,0
PAIM-618535,including Panagarh Bypass in the State of Jharkhand on EPC Mode. (NHAI) (618535),Infrastructure & Highways,Ministry of Road Transport & Highways,618535,Multi-State,855.05,855.05,704.17,82.4,2022-03-01,2026-12-31,2027-12-31,2026-07-01,0,0.0,0
PAIM-618641,Jhrkhand (NHAI) (618641),Infrastructure & Highways,Ministry of Road Transport & Highways,618641,Multi-State,322.43,322.43,229.03,71.0,2022-03-01,2026-12-31,2027-12-31,2026-07-01,12,0.0,0
PAIM-618642,4L of Palma to Gumla from km. 26.00 to km. 89.170 of NH-23 (NHAI) (618642),Infrastructure & Highways,Ministry of Road Transport & Highways,618642,Multi-State,3233.37,3233.37,1025.25,31.7,2021-03-01,2026-12-31,2029-12-31,2026-07-01,12,0.0,0
PAIM-618644,4L of Ormanjhi-Gola section from Km 81.450 to Km 53.600 of NH- 320BPKG-II (NHAI) (618644),Infrastructure & Highways,Ministry of Road Transport & Highways,618644,Multi-State,1931.94,1931.94,1131.41,58.6,2024-03-01,2026-12-31,2027-12-31,2026-07-01,0,0.0,0
PAIM-618645,4L of Gola-BokaroJaina More section from Km 53.600 to Km 21.110 of NH-320PKG-1 (NHAI) (618645),Infrastructure & Highways,Ministry of Road Transport & Highways,618645,Multi-State,3674.47,3674.47,1079.62,29.4,2023-03-01,2028-12-31,2028-12-31,2026-07-01,24,0.0,0
PAIM-618729,junction with  NH-20 in Bongabar village from km 288.600 to km 325.500 Pkg -11 (NHAI) (618729),Infrastructure & Highways,Ministry of Road Transport & Highways,618729,Multi-State,3555.87,3555.87,1226.68,34.5,2024-03-01,2028-12-31,2029-12-31,2026-07-01,18,0.0,0
PAIM-618730,Donoreshan village from km 253.000 to km 288.600  Pkg -10 (NHAI) (618730),Infrastructure & Highways,Ministry of Road Transport & Highways,618730,Multi-State,2642.42,2642.42,1029.35,39.0,2024-03-01,2026-12-31,2028-12-31,2026-07-01,18,0.0,0
PAIM-618733,358.500  Pkg -12 (NHAI) (618733),Infrastructure & Highways,Ministry of Road Transport & Highways,618733,Multi-State,2685.11,2685.11,1020.07,38.0,2024-03-01,2026-12-31,2027-12-31,2026-07-01,0,0.0,0
PAIM-618736,NH-33 New NH-18 from km 241940 to km 251961 Length 10.021 km (NHAI) (618736),Infrastructure & Highways,Ministry of Road Transport & Highways,618736,Multi-State,655.64,655.64,224.69,34.3,2022-03-01,2027-12-31,2028-12-31,2026-07-01,12,0.0,0
PAIM-618737,& Km. 139.225 junction with Ranchi  Jamshedpur road on 4L Ranchi Bypass of NH-33 (NHAI) (618737),Infrastructure & Highways,Ministry of Road Transport & Highways,618737,Multi-State,1195.17,1195.17,475.49,39.8,2022-03-01,2027-12-31,2027-12-31,2026-07-01,0,0.0,0
PAIM-618830,4L from Km 147.450 Bhogu to Km 196.870 Sankha on NH-75 Sec-III (NHAI) (618830),Infrastructure & Highways,Ministry of Road Transport & Highways,618830,Multi-State,1754.64,1754.64,1084.2,61.8,2022-03-01,2026-12-31,2027-12-31,2026-07-01,24,0.0,0
PAIM-618831,4L from Km 95.400 Udaipura to Km 147.450 Bhogu on NH-75 Sec-II (NHAI) (618831),Infrastructure & Highways,Ministry of Road Transport & Highways,618831,Multi-State,2778.48,2778.48,2218.49,79.8,2021-03-01,2026-12-31,2029-12-31,2026-07-01,36,0.0,0
PAIM-618832,4L from Km 55.00 Kuru to Km 95.400 Udaipura on NH-75 Sec-I (NHAI) (618832),Infrastructure & Highways,Ministry of Road Transport & Highways,618832,Multi-State,3788.61,3788.61,1960.13,51.7,2022-03-01,2026-12-31,2029-12-31,2026-07-01,12,0.0,0
PAIM-618863,Barhi-Koderma Section of NH31 km 0.00 - km 27.5 (NHAI) (618863),Infrastructure & Highways,Ministry of Road Transport & Highways,618863,Multi-State,1369.99,1369.99,248.38,18.1,2022-03-01,2027-12-31,2027-12-31,2026-07-01,36,0.0,0
PAIM-618947,4L of NH-80 from km 215.00 to km 260.00 Mirza Chauki to Farkka Pkg-I (NHAI) (618947),Infrastructure & Highways,Ministry of Road Transport & Highways,618947,Multi-State,3307.05,3307.05,1556.19,47.1,2022-03-01,2026-12-31,2028-12-31,2026-07-01,36,0.0,0
PAIM-618949,4L of Basukinath- Deoghar Section of NH-114A (NHAI) (618949),Infrastructure & Highways,Ministry of Road Transport & Highways,618949,Multi-State,2066.72,2066.72,1715.32,83.0,2024-03-01,2027-12-31,2028-12-31,2026-07-01,6,0.0,0
PAIM-618950,Bypass from design km 0.000 to design Km 49.000 (NHAI) (618950),Infrastructure & Highways,Ministry of Road Transport & Highways,618950,Multi-State,2293.31,2293.31,1257.89,54.9,2021-03-01,2027-12-31,2028-12-31,2026-07-01,12,0.0,0
PAIM-619005,Jharkhand under EPC Mode (MoRTH) (619005),Infrastructure & Highways,Ministry of Road Transport & Highways,619005,Multi-State,3095.93,3095.93,748.29,24.2,2024-03-01,2027-12-31,2029-12-31,2026-07-01,12,0.0,0
PAIM-617935,on EPC basis (MoRTH) (617935),Infrastructure & Highways,Ministry of Road Transport & Highways,617935,Karnataka,3840.27,3840.27,2901.85,75.6,2023-03-01,2026-12-31,2028-12-31,2026-07-01,0,0.0,0
PAIM-617950,dated 22.11.2022 (MoRTH) (617950),Infrastructure & Highways,Ministry of Road Transport & Highways,617950,Karnataka,444.54,444.54,358.36,80.6,2023-03-01,2026-12-31,2027-12-31,2026-07-01,18,0.0,0
PAIM-617951,Mode under NHO Annual Plan 2022-23. NH-69-KNT-2022-23-989 dated 24.03.2023 (MoRTH) (617951),Infrastructure & Highways,Ministry of Road Transport & Highways,617951,Karnataka,650.12,650.12,402.73,61.9,2022-03-01,2028-12-31,2029-12-31,2026-07-01,18,0.0,0
PAIM-617955,EPC Mode under Annual Plan 2021-22   Job No NH-73-KNT-2021-22-945 (MoRTH) (617955),Infrastructure & Highways,Ministry of Road Transport & Highways,617955,Karnataka,640.68,640.68,201.14,31.4,2023-03-01,2027-12-31,2027-12-31,2026-07-01,0,0.0,0
PAIM-617989,Jadcherla section (MoRTH) (617989),Infrastructure & Highways,Ministry of Road Transport & Highways,617989,Karnataka,3684.94,3684.94,861.74,23.4,2021-03-01,2028-12-31,2028-12-31,2026-07-01,24,0.0,0
PAIM-617997,Annual plan 2022-23 NH-169-KNT-2022-23-978 dated 08.03.2023 (MoRTH) (617997),Infrastructure & Highways,Ministry of Road Transport & Highways,617997,Karnataka,534.03,534.03,392.94,73.6,2023-03-01,2026-12-31,2027-12-31,2026-07-01,36,0.0,0
PAIM-617998,Job No. NH-169-KNT-2021-22-949 (MoRTH) (617998),Infrastructure & Highways,Ministry of Road Transport & Highways,617998,Karnataka,377.29,377.29,211.68,56.1,2021-03-01,2027-12-31,2027-12-31,2026-07-01,0,0.0,0
PAIM-617999,state of Karnataka NH-173-KNT-2022-23-980 dated 13.03.2023 (MoRTH) (617999),Infrastructure & Highways,Ministry of Road Transport & Highways,617999,Karnataka,485.37,485.37,267.91,55.2,2024-03-01,2026-12-31,2027-12-31,2026-07-01,0,0.0,0
PAIM-618000,EPC mode under Annual Plan 2021-22 Job no. NH-173-KNT-2021-22-946 (MoRTH) (618000),Infrastructure & Highways,Ministry of Road Transport & Highways,618000,Karnataka,2073.4,2073.4,1271.94,61.3,2021-03-01,2028-12-31,2028-12-31,2026-07-01,24,0.0,0
PAIM-618027,dated 08.02.2023 (MoRTH) (618027),Infrastructure & Highways,Ministry of Road Transport & Highways,618027,Karnataka,3315.2,3315.2,1441.58,43.5,2024-03-01,2027-12-31,2029-12-31,2026-07-01,36,0.0,0
PAIM-618028,under Annual Plan 2022-23. NH-367-KNT-2022-23-973 dated 08.02.2023 (MoRTH) (618028),Infrastructure & Highways,Ministry of Road Transport & Highways,618028,Karnataka,745.61,745.61,232.37,31.2,2023-03-01,2028-12-31,2029-12-31,2026-07-01,6,0.0,0
PAIM-618029,mode. Job No. NH-367-KNT-2021-22-930 (MoRTH) (618029),Infrastructure & Highways,Ministry of Road Transport & Highways,618029,Karnataka,375.1,375.1,270.78,72.2,2021-03-01,2027-12-31,2029-12-31,2026-07-01,12,0.0,0
PAIM-618031,mode. (MoRTH) (618031),Infrastructure & Highways,Ministry of Road Transport & Highways,618031,Karnataka,2111.43,2111.43,424.6,20.1,2021-03-01,2028-12-31,2028-12-31,2026-07-01,6,0.0,0
PAIM-618086,Plan 2022-23  NH-150A-KNT-2022-23-977 dated 08.03.2023 (MoRTH) (618086),Infrastructure & Highways,Ministry of Road Transport & Highways,618086,Karnataka,753.24,753.24,238.17,31.6,2021-03-01,2026-12-31,2029-12-31,2026-07-01,36,0.0,0
PAIM-618087,of Karnataka on EPC mode. Job No. NH-150A-KNT-2021-22-951 (MoRTH) (618087),Infrastructure & Highways,Ministry of Road Transport & Highways,618087,Karnataka,254.11,254.11,111.22,43.8,2021-03-01,2026-12-31,2029-12-31,2026-07-01,0,0.0,0
PAIM-618095,166E-KNT-2022-23-974 (MoRTH) (618095),Infrastructure & Highways,Ministry of Road Transport & Highways,618095,Karnataka,3516.93,3516.93,2745.02,78.1,2024-03-01,2027-12-31,2028-12-31,2026-07-01,36,0.0,0
PAIM-618109,KNT-2021-22-927 (MoRTH) (618109),Infrastructure & Highways,Ministry of Road Transport & Highways,618109,Karnataka,2785.56,2785.56,1051.35,37.7,2024-03-01,2028-12-31,2028-12-31,2026-07-01,18,0.0,0
PAIM-618147,23 (MoRTH) (618147),Infrastructure & Highways,Ministry of Road Transport & Highways,618147,Karnataka,679.29,679.29,555.15,81.7,2022-03-01,2027-12-31,2028-12-31,2026-07-01,6,0.0,0
PAIM-618148,2022-23-979 dated 09.03.2023 (MoRTH) (618148),Infrastructure & Highways,Ministry of Road Transport & Highways,618148,Karnataka,1405.51,1405.51,861.9,61.3,2023-03-01,2026-12-31,2029-12-31,2026-07-01,6,0.0,0
PAIM-618149,of NH-548B Murrum-Maharashtra Border in the State of Karnataka (MoRTH) (618149),Infrastructure & Highways,Ministry of Road Transport & Highways,618149,Maharashtra,711.71,711.71,229.44,32.2,2023-03-01,2028-12-31,2027-12-31,2026-07-01,24,0.0,0
PAIM-618151,23 NH-548B-KNT-2022-23-982 (MoRTH) (618151),Infrastructure & Highways,Ministry of Road Transport & Highways,618151,Karnataka,2902.54,2902.54,1264.08,43.6,2024-03-01,2028-12-31,2029-12-31,2026-07-01,24,0.0,0
PAIM-618184,of Karnataka NH-766C-KNT-2022-23 dated 14.10.2022 (MoRTH) (618184),Infrastructure & Highways,Ministry of Road Transport & Highways,618184,Karnataka,1694.57,1694.57,852.7,50.3,2024-03-01,2028-12-31,2028-12-31,2026-07-01,24,0.0,0
PAIM-618185,Plan 2022-23 NH-766C-KNT-2022-23-969 dated 30.12.2022 (MoRTH) (618185),Infrastructure & Highways,Ministry of Road Transport & Highways,618185,Karnataka,2411.46,2411.46,551.07,22.9,2023-03-01,2026-12-31,2027-12-31,2026-07-01,12,0.0,0
PAIM-618189,Job No. NH-73Spur-KNT-2023-24-996 (MoRTH) (618189),Infrastructure & Highways,Ministry of Road Transport & Highways,618189,Karnataka,3069.12,3069.12,2127.42,69.3,2022-03-01,2027-12-31,2028-12-31,2026-07-01,6,0.0,0
PAIM-618517,403.80 to km. 433.20 (NHAI) (618517),Infrastructure & Highways,Ministry of Road Transport & Highways,618517,Karnataka,2477.75,2477.75,498.18,20.1,2024-03-01,2027-12-31,2028-12-31,2026-07-01,18,0.0,0
PAIM-618518,Davanagere - Haveri of NH-48 Old NH-4 from km. 260.00 to km. 338.923 (NHAI) (618518),Infrastructure & Highways,Ministry of Road Transport & Highways,618518,Karnataka,3126.02,3126.02,333.11,10.7,2023-03-01,2028-12-31,2027-12-31,2026-07-01,12,0.0,0
PAIM-618520,old NH-207] [Bangalore Ring Road Pkg 1] (NHAI) (618520),Infrastructure & Highways,Ministry of Road Transport & Highways,618520,Karnataka,916.61,916.61,315.84,34.5,2023-03-01,2027-12-31,2027-12-31,2026-07-01,36,0.0,0
PAIM-618630,26.000 to Km. 97.000 in Gulbarga of NH-150C Pkg-II (NHAI) (618630),Infrastructure & Highways,Ministry of Road Transport & Highways,618630,Karnataka,347.17,347.17,52.61,15.2,2024-03-01,2026-12-31,2028-12-31,2026-07-01,24,0.0,0
PAIM-618649,Raichur Section of NH 748 A  Package-6 (NHAI) (618649),Infrastructure & Highways,Ministry of Road Transport & Highways,618649,Karnataka,1536.56,1536.56,242.72,15.8,2023-03-01,2027-12-31,2027-12-31,2026-07-01,18,0.0,0
PAIM-618650,Raichur Section of NH-748A Package-3 (NHAI) (618650),Infrastructure & Highways,Ministry of Road Transport & Highways,618650,Karnataka,2605.36,2605.36,1198.44,46.0,2022-03-01,2026-12-31,2027-12-31,2026-07-01,12,0.0,0
PAIM-618651,Raichur Section of NH-748A Package-2 (NHAI) (618651),Infrastructure & Highways,Ministry of Road Transport & Highways,618651,Karnataka,1727.82,1727.82,974.64,56.4,2024-03-01,2027-12-31,2027-12-31,2026-07-01,18,0.0,0
PAIM-618697,Village Balance work of NH 150A of Bellary  Byrapura Section (NHAI) (618697),Infrastructure & Highways,Ministry of Road Transport & Highways,618697,Karnataka,3981.11,3981.11,1910.9,48.0,2021-03-01,2026-12-31,2029-12-31,2026-07-01,12,0.0,0
PAIM-618702,from Km. 311.57 to Km. 313.67 of NH-75 Old NH-48 (NHAI) (618702),Infrastructure & Highways,Ministry of Road Transport & Highways,618702,Karnataka,1739.64,1739.64,770.21,44.3,2023-03-01,2026-12-31,2027-12-31,2026-07-01,0,0.0,0
PAIM-618706,Bangalore-Nidagatta Pkg. I (NHAI) (618706),Infrastructure & Highways,Ministry of Road Transport & Highways,618706,Karnataka,2822.42,2822.42,631.77,22.4,2021-03-01,2027-12-31,2029-12-31,2026-07-01,6,0.0,0
PAIM-618707,Access control with close toll from Km.17.300 to  Km.136.300 of NH-275 (NHAI) (618707),Infrastructure & Highways,Ministry of Road Transport & Highways,618707,Karnataka,736.83,736.83,331.5,45.0,2023-03-01,2027-12-31,2027-12-31,2026-07-01,36,0.0,0
PAIM-618709,Dec.Ch. to Km.375450Des.Ch. of NH-63 New-67 (NHAI) (618709),Infrastructure & Highways,Ministry of Road Transport & Highways,618709,Karnataka,3426.96,3426.96,2536.95,74.0,2022-03-01,2027-12-31,2029-12-31,2026-07-01,24,0.0,0
PAIM-618799,Rd. and km 4.965 - km 60.00 of SH-69 (NHAI) (618799),Infrastructure & Highways,Ministry of Road Transport & Highways,618799,Karnataka,4265.9,4265.9,1167.29,27.4,2023-03-01,2027-12-31,2028-12-31,2026-07-01,6,0.0,0
PAIM-618870,KR Nagar Jn section from Km. 144.900 to Km. 169.000 of NH-275  Pkg. III (NHAI) (618870),Infrastructure & Highways,Ministry of Road Transport & Highways,618870,Karnataka,298.97,298.97,190.51,63.7,2022-03-01,2028-12-31,2027-12-31,2026-07-01,12,0.0,0
PAIM-618871,Pkg. II (NHAI) (618871),Infrastructure & Highways,Ministry of Road Transport & Highways,618871,Karnataka,2951.87,2951.87,2167.2,73.4,2023-03-01,2028-12-31,2028-12-31,2026-07-01,24,0.0,0
PAIM-618872,Yelawala Road Junction fcrom Km 169.000 to Km 195.550 of NH-275 Pkg-IV (NHAI) (618872),Infrastructure & Highways,Ministry of Road Transport & Highways,618872,Karnataka,3924.83,3924.83,449.23,11.4,2021-03-01,2028-12-31,2029-12-31,2026-07-01,36,0.0,0
PAIM-618873,275 Pkg-V (NHAI) (618873),Infrastructure & Highways,Ministry of Road Transport & Highways,618873,Karnataka,2581.82,2581.82,622.61,24.1,2023-03-01,2028-12-31,2028-12-31,2026-07-01,12,0.0,0
PAIM-618887,Tumkur- Shivamogga Pkg-IV (NHAI) (618887),Infrastructure & Highways,Ministry of Road Transport & Highways,618887,Karnataka,1208.65,1208.65,857.24,70.9,2021-03-01,2028-12-31,2029-12-31,2026-07-01,24,0.0,0
PAIM-618896,Karkala - Mangalore Package-III (NHAI) (618896),Infrastructure & Highways,Ministry of Road Transport & Highways,618896,Karnataka,2875.84,2875.84,1824.15,63.4,2024-03-01,2028-12-31,2029-12-31,2026-07-01,12,0.0,0
PAIM-619065,Bangalore-Chennai Expressway Phase-I Package-II (NHAI) (619065),Infrastructure & Highways,Ministry of Road Transport & Highways,619065,Karnataka,914.73,914.73,481.83,52.7,2023-03-01,2027-12-31,2029-12-31,2026-07-01,24,0.0,0
PAIM-619071,Tumkur - Nelamangala 6L (NHAI) (619071),Infrastructure & Highways,Ministry of Road Transport & Highways,619071,Karnataka,2510.1,2510.1,939.43,37.4,2023-03-01,2028-12-31,2029-12-31,2026-07-01,0,0.0,0
PAIM-619072,Bangalore/TN border to Hoskote (NHAI) (619072),Infrastructure & Highways,Ministry of Road Transport & Highways,619072,Karnataka,2492.56,2492.56,448.57,18.0,2022-03-01,2027-12-31,2029-12-31,2026-07-01,12,0.0,0
PAIM-619073,NH-207 [Bangalore Ring Road Pkg 2] (NHAI) (619073),Infrastructure & Highways,Ministry of Road Transport & Highways,619073,Karnataka,717.68,717.68,600.67,83.7,2023-03-01,2027-12-31,2028-12-31,2026-07-01,0,0.0,0
PAIM-619096,Goa / Karnataka Km.93.700 to Kundapur Km.283.30 (NHAI) (619096),Infrastructure & Highways,Ministry of Road Transport & Highways,619096,Karnataka,1378.02,1378.02,516.67,37.5,2023-03-01,2027-12-31,2029-12-31,2026-07-01,36,0.0,0
PAIM-619106,Raichur Section of NH 748 A  Package-5 (NHAI) (619106),Infrastructure & Highways,Ministry of Road Transport & Highways,619106,Karnataka,3966.81,3966.81,1008.64,25.4,2023-03-01,2028-12-31,2027-12-31,2026-07-01,24,0.0,0
PAIM-619107,Raichur Section of NH-748A Package-4 (NHAI) (619107),Infrastructure & Highways,Ministry of Road Transport & Highways,619107,Karnataka,4302.96,4302.96,718.36,16.7,2024-03-01,2026-12-31,2028-12-31,2026-07-01,18,0.0,0
PAIM-619108,Section of NH-748A Package-1 (NHAI) (619108),Infrastructure & Highways,Ministry of Road Transport & Highways,619108,Karnataka,2373.01,2373.01,1624.37,68.5,2021-03-01,2027-12-31,2029-12-31,2026-07-01,18,0.0,0
PAIM-619117,Hassan km 184.912 to Maranahally km 230.060 of NH - 75 in Karnataka (NHAI) (619117),Infrastructure & Highways,Ministry of Road Transport & Highways,619117,Karnataka,3230.88,3230.88,2352.45,72.8,2022-03-01,2027-12-31,2029-12-31,2026-07-01,6,0.0,0
PAIM-619120,Nidagatta-Mysore Pkg II (NHAI) (619120),Infrastructure & Highways,Ministry of Road Transport & Highways,619120,Karnataka,554.98,554.98,120.37,21.7,2021-03-01,2028-12-31,2027-12-31,2026-07-01,0,0.0,0
PAIM-619138,Yekkambi-Haveri (NHAI) (619138),Infrastructure & Highways,Ministry of Road Transport & Highways,619138,Karnataka,2846.77,2846.77,396.28,13.9,2021-03-01,2028-12-31,2029-12-31,2026-07-01,6,0.0,0
PAIM-619150,209 in Karnataka (NHAI) (619150),Infrastructure & Highways,Ministry of Road Transport & Highways,619150,Karnataka,839.87,839.87,189.66,22.6,2024-03-01,2028-12-31,2028-12-31,2026-07-01,24,0.0,0
PAIM-619164,Belgaum-Khanapur Pkg I Km 0.000-Km 30.800 of NH-4A (NHAI) (619164),Infrastructure & Highways,Ministry of Road Transport & Highways,619164,Karnataka,2875.52,2875.52,480.85,16.7,2022-03-01,2028-12-31,2027-12-31,2026-07-01,24,0.0,0
PAIM-619211,97.000 to Km. 162.500 in Yadgir of NH-150C Pkg-III (NHAI) (619211),Infrastructure & Highways,Ministry of Road Transport & Highways,619211,Karnataka,1408.17,1408.17,180.41,12.8,2023-03-01,2026-12-31,2028-12-31,2026-07-01,24,0.0,0
PAIM-619214,Hassan section (NHAI) (619214),Infrastructure & Highways,Ministry of Road Transport & Highways,619214,Karnataka,771.71,771.71,588.81,76.3,2021-03-01,2026-12-31,2027-12-31,2026-07-01,36,0.0,0
PAIM-619218,12.300 to Km. 65.195 (NHAI) (619218),Infrastructure & Highways,Ministry of Road Transport & Highways,619218,Karnataka,672.55,672.55,384.31,57.1,2024-03-01,2026-12-31,2027-12-31,2026-07-01,12,0.0,0
PAIM-619219,NH-206 (NHAI) (619219),Infrastructure & Highways,Ministry of Road Transport & Highways,619219,Karnataka,4318.73,4318.73,2201.82,51.0,2024-03-01,2027-12-31,2028-12-31,2026-07-01,6,0.0,0
PAIM-619220,Old NH-206 (NHAI) (619220),Infrastructure & Highways,Ministry of Road Transport & Highways,619220,Karnataka,3037.74,3037.74,1515.09,49.9,2022-03-01,2028-12-31,2028-12-31,2026-07-01,6,0.0,0
PAIM-618070,Annual Plan 2016-17 in the state of Kerala (MoRTH) (618070),Infrastructure & Highways,Ministry of Road Transport & Highways,618070,Multi-State,3730.47,3730.47,1159.66,31.1,2023-03-01,2027-12-31,2028-12-31,2026-07-01,36,0.0,0
PAIM-618595,6L of Chengala - Neeleshwaram from km. 56.200 to km. 93.468 (NHAI) (618595),Infrastructure & Highways,Ministry of Road Transport & Highways,618595,Multi-State,3654.6,3654.6,2710.88,74.2,2021-03-01,2028-12-31,2027-12-31,2026-07-01,36,0.0,0
PAIM-618596,6L of Taliparamba to Muzhappilangad from Km 134.650 to Km 170.6 of NH-66 (NHAI) (618596),Infrastructure & Highways,Ministry of Road Transport & Highways,618596,Multi-State,818.99,818.99,439.01,53.6,2024-03-01,2026-12-31,2028-12-31,2026-07-01,36,0.0,0
PAIM-618597,6L of Azhiyur-Vengalam from km. 189.200 to km. 230.400 of NH-66 (NHAI) (618597),Infrastructure & Highways,Ministry of Road Transport & Highways,618597,Multi-State,3847.19,3847.19,858.22,22.3,2022-03-01,2027-12-31,2028-12-31,2026-07-01,12,0.0,0
PAIM-618598,and allied works (NHAI) (618598),Infrastructure & Highways,Ministry of Road Transport & Highways,618598,Multi-State,3907.24,3907.24,1595.7,40.8,2024-03-01,2027-12-31,2028-12-31,2026-07-01,6,0.0,0
PAIM-618599,6L of Ramanatukkara Junction to start of Valanchery bypass section of NH-66 (NHAI) (618599),Infrastructure & Highways,Ministry of Road Transport & Highways,618599,Multi-State,2244.56,2244.56,1241.81,55.3,2022-03-01,2028-12-31,2028-12-31,2026-07-01,18,0.0,0
PAIM-618600,6L of Valanchery bypass to Kappirikkad of NH  66 from km. 298500 to km 335850 (NHAI) (618600),Infrastructure & Highways,Ministry of Road Transport & Highways,618600,Multi-State,2209.2,2209.2,540.36,24.5,2022-03-01,2027-12-31,2028-12-31,2026-07-01,6,0.0,0
PAIM-618601,NH-17 (NHAI) (618601),Infrastructure & Highways,Ministry of Road Transport & Highways,618601,Multi-State,1839.85,1839.85,1365.91,74.2,2022-03-01,2027-12-31,2029-12-31,2026-07-01,24,0.0,0
PAIM-618602,NH-17 (NHAI) (618602),Infrastructure & Highways,Ministry of Road Transport & Highways,618602,Multi-State,935.41,935.41,541.88,57.9,2024-03-01,2028-12-31,2028-12-31,2026-07-01,18,0.0,0
PAIM-618603,NH-17 (NHAI) (618603),Infrastructure & Highways,Ministry of Road Transport & Highways,618603,Multi-State,3200.07,3200.07,476.75,14.9,2023-03-01,2027-12-31,2028-12-31,2026-07-01,0,0.0,0
PAIM-618604,Aroor-Thuravoor Thekku (NHAI) (618604),Infrastructure & Highways,Ministry of Road Transport & Highways,618604,Multi-State,230.25,230.25,146.18,63.5,2023-03-01,2028-12-31,2029-12-31,2026-07-01,12,0.0,0
PAIM-618605,Thuravoor Thekku-Paravoor (NHAI) (618605),Infrastructure & Highways,Ministry of Road Transport & Highways,618605,Multi-State,3800.23,3800.23,731.15,19.2,2021-03-01,2026-12-31,2029-12-31,2026-07-01,6,0.0,0
PAIM-618606,Paravoor-Kottankulangara (NHAI) (618606),Infrastructure & Highways,Ministry of Road Transport & Highways,618606,Multi-State,2235.52,2235.52,317.9,14.2,2021-03-01,2026-12-31,2029-12-31,2026-07-01,6,0.0,0
PAIM-618607,Kottankulangara- Start of Kollam Bypass (NHAI) (618607),Infrastructure & Highways,Ministry of Road Transport & Highways,618607,Multi-State,1577.98,1577.98,512.56,32.5,2022-03-01,2027-12-31,2027-12-31,2026-07-01,0,0.0,0
PAIM-618708,2L/LPS section in the state of Kerala on EPC Mode under Bharatmala Pariyojana (NHAI) (618708),Infrastructure & Highways,Ministry of Road Transport & Highways,618708,Multi-State,3301.49,3301.49,1492.22,45.2,2021-03-01,2026-12-31,2027-12-31,2026-07-01,18,0.0,0
PAIM-619098,Kozhikode Bypass Calicut Bypass Vengalam Jn. to Ramanattukara Jn. (NHAI) (619098),Infrastructure & Highways,Ministry of Road Transport & Highways,619098,Multi-State,1958.62,1958.62,1475.13,75.3,2021-03-01,2027-12-31,2027-12-31,2026-07-01,12,0.0,0
PAIM-619206,6L of Perole Nileshwar town to Taliparamba from Km 94.248 to Km 134.650 of NH-66 (NHAI) (619206),Infrastructure & Highways,Ministry of Road Transport & Highways,619206,Multi-State,3561.06,3561.06,2745.98,77.1,2022-03-01,2028-12-31,2028-12-31,2026-07-01,24,0.0,0
PAIM-619207,Start of Kollam Bypass - Kadambattukonam (NHAI) (619207),Infrastructure & Highways,Ministry of Road Transport & Highways,619207,Multi-State,4085.32,4085.32,1894.27,46.4,2021-03-01,2028-12-31,2027-12-31,2026-07-01,6,0.0,0
PAIM-619208,Kadambattukonam-Kazhakuttom (NHAI) (619208),Infrastructure & Highways,Ministry of Road Transport & Highways,619208,Multi-State,1928.18,1928.18,336.39,17.4,2021-03-01,2028-12-31,2028-12-31,2026-07-01,18,0.0,0
PAIM-618408,Kargil Zanskar Road (NHIDCL) (618408),Infrastructure & Highways,Ministry of Road Transport & Highways,618408,Multi-State,3729.97,3729.97,396.33,10.6,2022-03-01,2026-12-31,2028-12-31,2026-07-01,24,0.0,0
PAIM-618409,30.000 Km length Pkg-lll (NHIDCL) (618409),Infrastructure & Highways,Ministry of Road Transport & Highways,618409,Multi-State,4096.84,4096.84,1703.68,41.6,2021-03-01,2026-12-31,2028-12-31,2026-07-01,18,0.0,0
PAIM-618410,of 26.960 Km length Pkg-II (NHIDCL) (618410),Infrastructure & Highways,Ministry of Road Transport & Highways,618410,Multi-State,1183.36,1183.36,515.71,43.6,2022-03-01,2026-12-31,2028-12-31,2026-07-01,24,0.0,0
PAIM-617909,19.200 in the State of Madhya Pradesh on Hybrid Annuity Mode HAM. (MoRTH) (617909),Infrastructure & Highways,Ministry of Road Transport & Highways,617909,Madhya Pradesh,1562.86,1562.86,212.99,13.6,2021-03-01,2027-12-31,2029-12-31,2026-07-01,6,0.0,0
PAIM-617911,on EPC mode under NHDP-IVA (MoRTH) (617911),Infrastructure & Highways,Ministry of Road Transport & Highways,617911,Madhya Pradesh,3923.89,3923.89,2706.92,69.0,2024-03-01,2028-12-31,2028-12-31,2026-07-01,0,0.0,0
PAIM-617914,Pradesh on EPC mode (MoRTH) (617914),Infrastructure & Highways,Ministry of Road Transport & Highways,617914,Madhya Pradesh,2717.99,2717.99,2009.83,73.9,2022-03-01,2026-12-31,2029-12-31,2026-07-01,0,0.0,0
PAIM-618019,the State of Madhya Pradesh under EPC mode. (MoRTH) (618019),Infrastructure & Highways,Ministry of Road Transport & Highways,618019,Madhya Pradesh,2304.23,2304.23,1295.98,56.2,2021-03-01,2026-12-31,2027-12-31,2026-07-01,6,0.0,0
PAIM-618020,up areas in a total length of 22.615 km in the state of Madhya Pradesh on EPC mode. (MoRTH) (618020),Infrastructure & Highways,Ministry of Road Transport & Highways,618020,Madhya Pradesh,2310.28,2310.28,487.8,21.1,2021-03-01,2027-12-31,2028-12-31,2026-07-01,24,0.0,0
PAIM-618021,two lane with paved shoulders in the state of Madhya Pradesh on EPC mode (MoRTH) (618021),Infrastructure & Highways,Ministry of Road Transport & Highways,618021,Madhya Pradesh,4421.3,4421.3,2089.28,47.3,2021-03-01,2027-12-31,2029-12-31,2026-07-01,0,0.0,0
PAIM-618035,Pradesh on EPCmode. (MoRTH) (618035),Infrastructure & Highways,Ministry of Road Transport & Highways,618035,Madhya Pradesh,576.11,576.11,219.16,38.0,2024-03-01,2026-12-31,2028-12-31,2026-07-01,36,0.0,0
PAIM-618036,Pradesh on EPCmode. (MoRTH) (618036),Infrastructure & Highways,Ministry of Road Transport & Highways,618036,Madhya Pradesh,2684.42,2684.42,605.28,22.5,2022-03-01,2026-12-31,2027-12-31,2026-07-01,36,0.0,0
PAIM-618043,a total length of 7.23 km in the state of Madhya Pradesh on EPC mode (MoRTH) (618043),Infrastructure & Highways,Ministry of Road Transport & Highways,618043,Madhya Pradesh,1907.72,1907.72,470.2,24.6,2023-03-01,2027-12-31,2029-12-31,2026-07-01,12,0.0,0
PAIM-618044,Pradesh (MoRTH) (618044),Infrastructure & Highways,Ministry of Road Transport & Highways,618044,Madhya Pradesh,1671.32,1671.32,1399.4,83.7,2023-03-01,2027-12-31,2029-12-31,2026-07-01,36,0.0,0
PAIM-618068,pavement on NH-943 in the State of Madhya Pradesh on EPC Mode. (MoRTH) (618068),Infrastructure & Highways,Ministry of Road Transport & Highways,618068,Madhya Pradesh,3353.91,3353.91,1580.04,47.1,2021-03-01,2026-12-31,2028-12-31,2026-07-01,0,0.0,0
PAIM-618085,Km 0150 to Km 50500 of NH-146B in the state of Madhya Pradesh on EPC mode. (MoRTH) (618085),Infrastructure & Highways,Ministry of Road Transport & Highways,618085,Madhya Pradesh,2564.97,2564.97,1320.63,51.5,2024-03-01,2028-12-31,2027-12-31,2026-07-01,6,0.0,0
PAIM-618129,configuration in the State of Madhya Pradesh on EPC mode. (MoRTH) (618129),Infrastructure & Highways,Ministry of Road Transport & Highways,618129,Madhya Pradesh,3274.97,3274.97,1214.79,37.1,2021-03-01,2028-12-31,2028-12-31,2026-07-01,6,0.0,0
PAIM-618156,Madhya Pradesh on EPC mode (MoRTH) (618156),Infrastructure & Highways,Ministry of Road Transport & Highways,618156,Madhya Pradesh,2068.77,2068.77,1685.62,81.5,2023-03-01,2027-12-31,2027-12-31,2026-07-01,6,0.0,0
PAIM-618157,Pradesh on EPC mode. (MoRTH) (618157),Infrastructure & Highways,Ministry of Road Transport & Highways,618157,Madhya Pradesh,555.85,555.85,376.24,67.7,2021-03-01,2027-12-31,2029-12-31,2026-07-01,36,0.0,0
PAIM-618158,Pradesh on EPC mode (MoRTH) (618158),Infrastructure & Highways,Ministry of Road Transport & Highways,618158,Madhya Pradesh,974.14,974.14,362.97,37.3,2022-03-01,2027-12-31,2028-12-31,2026-07-01,6,0.0,0
PAIM-618170,10.470 km in the State of Madhya Pradesh on EPC mode. (MoRTH) (618170),Infrastructure & Highways,Ministry of Road Transport & Highways,618170,Madhya Pradesh,3615.79,3615.79,1337.12,37.0,2022-03-01,2028-12-31,2027-12-31,2026-07-01,36,0.0,0
PAIM-618171,to 2LPS in the State of Madhya Pradesh under EPC mode (MoRTH) (618171),Infrastructure & Highways,Ministry of Road Transport & Highways,618171,Madhya Pradesh,4316.45,4316.45,2331.15,54.0,2022-03-01,2027-12-31,2027-12-31,2026-07-01,12,0.0,0
PAIM-618619,Bypass on Western side of Gwalior City (NHAI) (618619),Infrastructure & Highways,Ministry of Road Transport & Highways,618619,Madhya Pradesh,1304.01,1304.01,283.59,21.7,2023-03-01,2026-12-31,2028-12-31,2026-07-01,6,0.0,0
PAIM-618620,Dewas section of NH-52 in the state of Madhya Pradesh on EPC Mode (NHAI) (618620),Infrastructure & Highways,Ministry of Road Transport & Highways,618620,Madhya Pradesh,1847.17,1847.17,1522.1,82.4,2024-03-01,2026-12-31,2028-12-31,2026-07-01,18,0.0,0
PAIM-618621,Indore - Edlabad Pkg-II [Tejajinagar to Balwara] (NHAI) (618621),Infrastructure & Highways,Ministry of Road Transport & Highways,618621,Madhya Pradesh,239.7,239.7,65.48,27.3,2021-03-01,2027-12-31,2028-12-31,2026-07-01,12,0.0,0
PAIM-618622,of NH347BG & 753L (NHAI) (618622),Infrastructure & Highways,Ministry of Road Transport & Highways,618622,Madhya Pradesh,1830.91,1830.91,1125.61,61.5,2021-03-01,2026-12-31,2028-12-31,2026-07-01,0,0.0,0
PAIM-618623,753L (NHAI) (618623),Infrastructure & Highways,Ministry of Road Transport & Highways,618623,Madhya Pradesh,1314.44,1314.44,480.31,36.5,2022-03-01,2027-12-31,2028-12-31,2026-07-01,12,0.0,0
PAIM-618654,4L Greenfield Rudhi to Deshgaon Pkg V of Betul-Khandwa/Deshgaon (NHAI) (618654),Infrastructure & Highways,Ministry of Road Transport & Highways,618654,Madhya Pradesh,353.37,353.37,282.34,79.9,2023-03-01,2026-12-31,2027-12-31,2026-07-01,12,0.0,0
PAIM-618655,114.000 KM Package  III of Betul  Khandwa (NHAI) (618655),Infrastructure & Highways,Ministry of Road Transport & Highways,618655,Madhya Pradesh,246.69,246.69,110.32,44.7,2024-03-01,2028-12-31,2027-12-31,2026-07-01,0,0.0,0
PAIM-618661,4L from km 0.000 to 42.040 Bhopal Ratnaigiri Tiraha to Vidisha Morikodi (NHAI) (618661),Infrastructure & Highways,Ministry of Road Transport & Highways,618661,Madhya Pradesh,2728.2,2728.2,1955.69,71.7,2022-03-01,2027-12-31,2029-12-31,2026-07-01,0,0.0,0
PAIM-618662,chainage km 81240  to Design Chainage km 88361 existing chainage km 110.315 (NHAI) (618662),Infrastructure & Highways,Ministry of Road Transport & Highways,618662,Madhya Pradesh,1647.99,1647.99,858.27,52.1,2024-03-01,2026-12-31,2028-12-31,2026-07-01,12,0.0,0
PAIM-618663,NH-146 (NHAI) (618663),Infrastructure & Highways,Ministry of Road Transport & Highways,618663,Madhya Pradesh,2598.58,2598.58,1118.51,43.0,2023-03-01,2026-12-31,2027-12-31,2026-07-01,0,0.0,0
PAIM-618664,Berkhedi to Godpehra on NH-44 Sagar link road (NHAI) (618664),Infrastructure & Highways,Ministry of Road Transport & Highways,618664,Madhya Pradesh,662.02,662.02,328.24,49.6,2021-03-01,2028-12-31,2029-12-31,2026-07-01,12,0.0,0
PAIM-618666,length 39.575 km Package-2 in the State of Madhya Pradesh on EPC Mode (NHAI) (618666),Infrastructure & Highways,Ministry of Road Transport & Highways,618666,Madhya Pradesh,1706.05,1706.05,766.76,44.9,2023-03-01,2028-12-31,2029-12-31,2026-07-01,24,0.0,0
PAIM-618667,145.000 Package-3 (NHAI) (618667),Infrastructure & Highways,Ministry of Road Transport & Highways,618667,Madhya Pradesh,3408.69,3408.69,1973.69,57.9,2023-03-01,2026-12-31,2028-12-31,2026-07-01,6,0.0,0
PAIM-618671,134.549 (NHAI) (618671),Infrastructure & Highways,Ministry of Road Transport & Highways,618671,Madhya Pradesh,3466.53,3466.53,406.89,11.7,2021-03-01,2027-12-31,2029-12-31,2026-07-01,36,0.0,0
PAIM-618672,124470 in the state of MP on HAM mode (NHAI) (618672),Infrastructure & Highways,Ministry of Road Transport & Highways,618672,Madhya Pradesh,405.13,405.13,280.74,69.3,2024-03-01,2026-12-31,2029-12-31,2026-07-01,18,0.0,0
PAIM-618684,Outer Ring Road of Jabalpur Town from Manegaon to NH-45 Pkg-2 (NHAI) (618684),Infrastructure & Highways,Ministry of Road Transport & Highways,618684,Madhya Pradesh,661.28,661.28,409.85,62.0,2022-03-01,2026-12-31,2028-12-31,2026-07-01,18,0.0,0
PAIM-618685,Outer Ring Road of Jabalpur Town from NH45 to Kushner Pkg-3 (NHAI) (618685),Infrastructure & Highways,Ministry of Road Transport & Highways,618685,Madhya Pradesh,1196.38,1196.38,719.01,60.1,2023-03-01,2027-12-31,2027-12-31,2026-07-01,24,0.0,0
PAIM-618686,Connectivity Pkg-IV (NHAI) (618686),Infrastructure & Highways,Ministry of Road Transport & Highways,618686,Madhya Pradesh,2953.14,2953.14,2492.84,84.4,2021-03-01,2026-12-31,2028-12-31,2026-07-01,0,0.0,0
PAIM-618687,Outer Ring Road of Jabalpur Town from Barela to Manegaon Pkg-1 (NHAI) (618687),Infrastructure & Highways,Ministry of Road Transport & Highways,618687,Madhya Pradesh,3148.73,3148.73,444.79,14.1,2024-03-01,2028-12-31,2028-12-31,2026-07-01,6,0.0,0
PAIM-618688,to barela Pkg-V (NHAI) (618688),Infrastructure & Highways,Ministry of Road Transport & Highways,618688,Madhya Pradesh,2054.53,2054.53,1193.03,58.1,2024-03-01,2026-12-31,2027-12-31,2026-07-01,36,0.0,0
PAIM-618694,Indore - Harda Pkg-I [Indore to Raghav Garh from km. 0.25 to km. 26.903] (NHAI) (618694),Infrastructure & Highways,Ministry of Road Transport & Highways,618694,Madhya Pradesh,3851.21,3851.21,1191.56,30.9,2023-03-01,2027-12-31,2029-12-31,2026-07-01,0,0.0,0
PAIM-618735,41.400 of  NH-148NG Pkg-I (NHAI) (618735),Infrastructure & Highways,Ministry of Road Transport & Highways,618735,Madhya Pradesh,2912.61,2912.61,1743.2,59.9,2023-03-01,2027-12-31,2028-12-31,2026-07-01,6,0.0,0
PAIM-618751,Mehulwa-Talbehat Pkg-II Section of NH- 346 (NHAI) (618751),Infrastructure & Highways,Ministry of Road Transport & Highways,618751,Madhya Pradesh,326.16,326.16,238.76,73.2,2021-03-01,2027-12-31,2027-12-31,2026-07-01,36,0.0,0
PAIM-618762,Itarsi Km. 63.000 to Betul Km. 137.000 of NH-69 in Madhya Pradesh (NHAI) (618762),Infrastructure & Highways,Ministry of Road Transport & Highways,618762,Madhya Pradesh,2446.56,2446.56,961.68,39.3,2024-03-01,2028-12-31,2027-12-31,2026-07-01,36,0.0,0
PAIM-618784,in the State of Madhya Pradesh (NHAI) (618784),Infrastructure & Highways,Ministry of Road Transport & Highways,618784,Madhya Pradesh,1173.66,1173.66,557.97,47.5,2021-03-01,2027-12-31,2027-12-31,2026-07-01,0,0.0,0
PAIM-618932,State of Madhya Pradesh on Hybrid Annuity Mode under NHO (NHAI) (618932),Infrastructure & Highways,Ministry of Road Transport & Highways,618932,Madhya Pradesh,2957.05,2957.05,1697.76,57.4,2023-03-01,2026-12-31,2027-12-31,2026-07-01,0,0.0,0
PAIM-618933,the state of Madhya Pradesh on Hybrid Annuity Mode under NHO (NHAI) (618933),Infrastructure & Highways,Ministry of Road Transport & Highways,618933,Madhya Pradesh,780.05,780.05,461.66,59.2,2023-03-01,2027-12-31,2029-12-31,2026-07-01,6,0.0,0
PAIM-618962,Km. 102.000 (NHAI) (618962),Infrastructure & Highways,Ministry of Road Transport & Highways,618962,Madhya Pradesh,2685.52,2685.52,1628.58,60.6,2022-03-01,2028-12-31,2027-12-31,2026-07-01,12,0.0,0
PAIM-618963,from design km 102.000 to design km 142.357 Design length 40.357 km (NHAI) (618963),Infrastructure & Highways,Ministry of Road Transport & Highways,618963,Madhya Pradesh,2524.03,2524.03,341.75,13.5,2024-03-01,2027-12-31,2027-12-31,2026-07-01,18,0.0,0
PAIM-618964,4 Laning of Sandalpur to Nasrullaganj Pkg-1 section of NH-146B Length 43.2 Km. (NHAI) (618964),Infrastructure & Highways,Ministry of Road Transport & Highways,618964,Madhya Pradesh,1050.0,1050.0,800.98,76.3,2024-03-01,2026-12-31,2029-12-31,2026-07-01,36,0.0,0
PAIM-618966,near Ashram Tiraha on NH-46 to Km 16439 end at Ratnagiri Tiraha on Nh-146 (NHAI) (618966),Infrastructure & Highways,Ministry of Road Transport & Highways,618966,Madhya Pradesh,3095.48,3095.48,2551.47,82.4,2021-03-01,2027-12-31,2027-12-31,2026-07-01,0,0.0,0
PAIM-619007,Madhya Pradesh on EPC mode. (MoRTH) (619007),Infrastructure & Highways,Ministry of Road Transport & Highways,619007,Madhya Pradesh,241.84,241.84,185.39,76.7,2022-03-01,2026-12-31,2027-12-31,2026-07-01,24,0.0,0
PAIM-619100,Dhangaon - Borgaon section km 81.000 to km 139.000 [Indore - Edlabad Pkg IV] (NHAI) (619100),Infrastructure & Highways,Ministry of Road Transport & Highways,619100,Madhya Pradesh,4339.11,4339.11,1805.57,41.6,2021-03-01,2027-12-31,2028-12-31,2026-07-01,24,0.0,0
PAIM-619114,Indore - Harda Pkg-II [Raghavgarh to Nanasa from km. 29.30 to km. 92.30] (NHAI) (619114),Infrastructure & Highways,Ministry of Road Transport & Highways,619114,Madhya Pradesh,1020.18,1020.18,717.25,70.3,2021-03-01,2027-12-31,2028-12-31,2026-07-01,36,0.0,0
PAIM-617912,in Nagpur district in the state of Maharashtra on HAM mode. (MoRTH) (617912),Infrastructure & Highways,Ministry of Road Transport & Highways,617912,Maharashtra,3908.77,3908.77,1174.55,30.0,2022-03-01,2027-12-31,2028-12-31,2026-07-01,0,0.0,0
PAIM-617932,on EPC mode in the State of Maharashtra. (MoRTH) (617932),Infrastructure & Highways,Ministry of Road Transport & Highways,617932,Maharashtra,565.93,565.93,418.31,73.9,2024-03-01,2027-12-31,2029-12-31,2026-07-01,36,0.0,0
PAIM-617934,Nasratpur to Barasgaon section of NH-61 2L / 4L  PS from Km.514/00 to 558/200 (MoRTH) (617934),Infrastructure & Highways,Ministry of Road Transport & Highways,617934,Maharashtra,4447.35,4447.35,1133.42,25.5,2022-03-01,2027-12-31,2028-12-31,2026-07-01,0,0.0,0
PAIM-617937,Udgir Raavi Degloor Aadampur phata to Sagroli fata (MoRTH) (617937),Infrastructure & Highways,Ministry of Road Transport & Highways,617937,Maharashtra,4227.07,4227.07,553.01,13.1,2022-03-01,2027-12-31,2028-12-31,2026-07-01,6,0.0,0
PAIM-617938,EPC mode under Annual Plan 2024-25 Total length - 37.525 Km. (MoRTH) (617938),Infrastructure & Highways,Ministry of Road Transport & Highways,617938,Maharashtra,2968.06,2968.06,2290.31,77.2,2021-03-01,2026-12-31,2027-12-31,2026-07-01,36,0.0,0
PAIM-617945,Maharashtra under NHO on EPC Mode. (MoRTH) (617945),Infrastructure & Highways,Ministry of Road Transport & Highways,617945,Maharashtra,2928.72,2928.72,1016.64,34.7,2024-03-01,2026-12-31,2028-12-31,2026-07-01,24,0.0,0
PAIM-617946,Kashedi to Parshuram Ghat section of NH-66 from Km 161/600 - Km 205/400 - 4L  PS (MoRTH) (617946),Infrastructure & Highways,Ministry of Road Transport & Highways,617946,Maharashtra,4301.94,4301.94,2498.62,58.1,2024-03-01,2027-12-31,2027-12-31,2026-07-01,36,0.0,0
PAIM-617947,Arawali Kante section of NH-17New NH-66 4L  PS from Km.241/300 to 281/300 (MoRTH) (617947),Infrastructure & Highways,Ministry of Road Transport & Highways,617947,Maharashtra,327.89,327.89,235.96,72.0,2021-03-01,2026-12-31,2029-12-31,2026-07-01,6,0.0,0
PAIM-617948,Kante - Wakad section of NH-66 4L  PS from Km.281/300 to 332/200 (MoRTH) (617948),Infrastructure & Highways,Ministry of Road Transport & Highways,617948,Maharashtra,2618.91,2618.91,1511.57,57.7,2023-03-01,2028-12-31,2028-12-31,2026-07-01,24,0.0,0
PAIM-617965,Kopargaon to Savali Vihir section (MoRTH) (617965),Infrastructure & Highways,Ministry of Road Transport & Highways,617965,Maharashtra,326.04,326.04,71.16,21.8,2024-03-01,2026-12-31,2027-12-31,2026-07-01,18,0.0,0
PAIM-617978,392/950 ending at Vita Village in the State of Maharashtra on EPC Mode. (MoRTH) (617978),Infrastructure & Highways,Ministry of Road Transport & Highways,617978,Maharashtra,3039.32,3039.32,1318.29,43.4,2021-03-01,2028-12-31,2029-12-31,2026-07-01,18,0.0,0
PAIM-617979,340466km in the S (MoRTH) (617979),Infrastructure & Highways,Ministry of Road Transport & Highways,617979,Maharashtra,923.72,923.72,127.63,13.8,2022-03-01,2026-12-31,2028-12-31,2026-07-01,0,0.0,0
PAIM-618042,mode in the State of Maharashtra (MoRTH) (618042),Infrastructure & Highways,Ministry of Road Transport & Highways,618042,Maharashtra,1523.86,1523.86,189.92,12.5,2021-03-01,2026-12-31,2028-12-31,2026-07-01,18,0.0,0
PAIM-618047,State of Maharashtra on EPC mode. Length  49.713 km (MoRTH) (618047),Infrastructure & Highways,Ministry of Road Transport & Highways,618047,Maharashtra,2954.37,2954.37,1007.85,34.1,2021-03-01,2026-12-31,2027-12-31,2026-07-01,36,0.0,0
PAIM-618049,Maharashtra on EPC mode. (MoRTH) (618049),Infrastructure & Highways,Ministry of Road Transport & Highways,618049,Maharashtra,1294.14,1294.14,137.98,10.7,2022-03-01,2028-12-31,2027-12-31,2026-07-01,24,0.0,0
PAIM-618059,Maharashtra. Total Length of the project 15.781 Km. (MoRTH) (618059),Infrastructure & Highways,Ministry of Road Transport & Highways,618059,Maharashtra,3249.82,3249.82,2127.91,65.5,2021-03-01,2028-12-31,2029-12-31,2026-07-01,0,0.0,0
PAIM-618061,Mode Length 37.970 Km (MoRTH) (618061),Infrastructure & Highways,Ministry of Road Transport & Highways,618061,Maharashtra,2544.84,2544.84,1111.13,43.7,2024-03-01,2028-12-31,2027-12-31,2026-07-01,36,0.0,0
PAIM-618065,the (MoRTH) (618065),Infrastructure & Highways,Ministry of Road Transport & Highways,618065,Maharashtra,1727.75,1727.75,1072.06,62.0,2022-03-01,2027-12-31,2028-12-31,2026-07-01,6,0.0,0
PAIM-618088,Nandurshingote to Kolhar (MoRTH) (618088),Infrastructure & Highways,Ministry of Road Transport & Highways,618088,Maharashtra,799.71,799.71,147.0,18.4,2023-03-01,2027-12-31,2028-12-31,2026-07-01,12,0.0,0
PAIM-618089,Maharashtra on EPC mode. (MoRTH) (618089),Infrastructure & Highways,Ministry of Road Transport & Highways,618089,Maharashtra,3359.6,3359.6,1244.16,37.0,2022-03-01,2026-12-31,2028-12-31,2026-07-01,36,0.0,0
PAIM-618094,Pen to Khopoli 2LPS (MoRTH) (618094),Infrastructure & Highways,Ministry of Road Transport & Highways,618094,Maharashtra,956.67,956.67,787.45,82.3,2023-03-01,2027-12-31,2029-12-31,2026-07-01,6,0.0,0
PAIM-618096,417 of NH-166E in the state of Maharashtra on EPC mode. (MoRTH) (618096),Infrastructure & Highways,Ministry of Road Transport & Highways,618096,Maharashtra,597.28,597.28,503.37,84.3,2022-03-01,2027-12-31,2027-12-31,2026-07-01,18,0.0,0
PAIM-618097,53/600 Sati on NH-166E (MoRTH) (618097),Infrastructure & Highways,Ministry of Road Transport & Highways,618097,Maharashtra,1396.49,1396.49,1163.24,83.3,2024-03-01,2028-12-31,2029-12-31,2026-07-01,18,0.0,0
PAIM-618098,mode (MoRTH) (618098),Infrastructure & Highways,Ministry of Road Transport & Highways,618098,Maharashtra,1494.87,1494.87,630.04,42.1,2023-03-01,2026-12-31,2027-12-31,2026-07-01,24,0.0,0
PAIM-618133,Gadchiroli Dist in the State of Maharashtra. (MoRTH) (618133),Infrastructure & Highways,Ministry of Road Transport & Highways,618133,Maharashtra,229.33,229.33,105.2,45.9,2022-03-01,2026-12-31,2029-12-31,2026-07-01,6,0.0,0
PAIM-618134,District on EPC mode in the state of Maharashtra. (MoRTH) (618134),Infrastructure & Highways,Ministry of Road Transport & Highways,618134,Maharashtra,3595.06,3595.06,2807.83,78.1,2024-03-01,2028-12-31,2027-12-31,2026-07-01,12,0.0,0
PAIM-618137,EPC mode Length  55.5 Km. (MoRTH) (618137),Infrastructure & Highways,Ministry of Road Transport & Highways,618137,Maharashtra,2181.25,2181.25,1677.9,76.9,2024-03-01,2026-12-31,2029-12-31,2026-07-01,12,0.0,0
PAIM-618138,km (MoRTH) (618138),Infrastructure & Highways,Ministry of Road Transport & Highways,618138,Maharashtra,3307.06,3307.06,1278.28,38.7,2024-03-01,2026-12-31,2027-12-31,2026-07-01,6,0.0,0
PAIM-618139,of Maharashtra on EPC mode Length - 41.00 Km. (MoRTH) (618139),Infrastructure & Highways,Ministry of Road Transport & Highways,618139,Maharashtra,340.69,340.69,271.93,79.8,2022-03-01,2027-12-31,2028-12-31,2026-07-01,24,0.0,0
PAIM-618150,Total project length  70.9 Km. (MoRTH) (618150),Infrastructure & Highways,Ministry of Road Transport & Highways,618150,Maharashtra,969.41,969.41,290.9,30.0,2021-03-01,2028-12-31,2028-12-31,2026-07-01,6,0.0,0
PAIM-618152,Mhaswad to Tembhurni section of NH-548C - 2L  PS (MoRTH) (618152),Infrastructure & Highways,Ministry of Road Transport & Highways,618152,Maharashtra,592.45,592.45,169.05,28.5,2023-03-01,2027-12-31,2028-12-31,2026-07-01,24,0.0,0
PAIM-618153,Satara to Mhaswad (MoRTH) (618153),Infrastructure & Highways,Ministry of Road Transport & Highways,618153,Maharashtra,2975.94,2975.94,1213.04,40.8,2021-03-01,2026-12-31,2028-12-31,2026-07-01,12,0.0,0
PAIM-618154,pavement in the state of Maharashtra on EPC mode. (MoRTH) (618154),Infrastructure & Highways,Ministry of Road Transport & Highways,618154,Maharashtra,3427.87,3427.87,489.9,14.3,2024-03-01,2027-12-31,2028-12-31,2026-07-01,24,0.0,0
PAIM-618155,State of Maharashtra. (MoRTH) (618155),Infrastructure & Highways,Ministry of Road Transport & Highways,618155,Maharashtra,472.91,472.91,361.75,76.5,2022-03-01,2026-12-31,2028-12-31,2026-07-01,24,0.0,0
PAIM-618172,Paithan - Shirur section 2LPS Km 0.0 to 55.00 (MoRTH) (618172),Infrastructure & Highways,Ministry of Road Transport & Highways,618172,Maharashtra,3900.54,3900.54,2652.85,68.0,2021-03-01,2028-12-31,2027-12-31,2026-07-01,36,0.0,0
PAIM-618173,Shirur-Kharda section from 55937 km to 114486 km to 2LPS/4L (MoRTH) (618173),Infrastructure & Highways,Ministry of Road Transport & Highways,618173,Maharashtra,276.4,276.4,76.7,27.7,2024-03-01,2028-12-31,2027-12-31,2026-07-01,12,0.0,0
PAIM-618174,state of Maharashtra on EPC Mode. Length  21.411 km. (MoRTH) (618174),Infrastructure & Highways,Ministry of Road Transport & Highways,618174,Maharashtra,4235.66,4235.66,2804.32,66.2,2022-03-01,2026-12-31,2028-12-31,2026-07-01,24,0.0,0
PAIM-618176,on EPC mode. (MoRTH) (618176),Infrastructure & Highways,Ministry of Road Transport & Highways,618176,Maharashtra,4442.62,4442.62,1401.69,31.6,2022-03-01,2027-12-31,2029-12-31,2026-07-01,0,0.0,0
PAIM-618177,Pal Phata Phulambri - Khultabad 2LPS (MoRTH) (618177),Infrastructure & Highways,Ministry of Road Transport & Highways,618177,Maharashtra,3999.85,3999.85,2561.24,64.0,2021-03-01,2028-12-31,2027-12-31,2026-07-01,6,0.0,0
PAIM-618178,on EPC mode in the State of Maharashtra. (MoRTH) (618178),Infrastructure & Highways,Ministry of Road Transport & Highways,618178,Maharashtra,1687.94,1687.94,962.15,57.0,2024-03-01,2028-12-31,2027-12-31,2026-07-01,6,0.0,0
PAIM-618180,Pune raigarh District Border To Mangaon    Ch 69000 to 103775    NH-753F (MoRTH) (618180),Infrastructure & Highways,Ministry of Road Transport & Highways,618180,Maharashtra,4270.31,4270.31,1211.37,28.4,2023-03-01,2027-12-31,2027-12-31,2026-07-01,36,0.0,0
PAIM-618188,mode in the State of Maharashtra. (MoRTH) (618188),Infrastructure & Highways,Ministry of Road Transport & Highways,618188,Maharashtra,2866.97,2866.97,1887.72,65.8,2021-03-01,2027-12-31,2027-12-31,2026-07-01,18,0.0,0
PAIM-618198,Maharashtra on EPC mode. Balance Work (MoRTH) (618198),Infrastructure & Highways,Ministry of Road Transport & Highways,618198,Maharashtra,2566.63,2566.63,1276.12,49.7,2024-03-01,2026-12-31,2028-12-31,2026-07-01,6,0.0,0
PAIM-618199,the state of Maharashtra on EPC mode. (MoRTH) (618199),Infrastructure & Highways,Ministry of Road Transport & Highways,618199,Maharashtra,2405.12,2405.12,1042.33,43.3,2023-03-01,2028-12-31,2029-12-31,2026-07-01,12,0.0,0
PAIM-618469,Shirsad - Masvan (NHAI) (618469),Infrastructure & Highways,Ministry of Road Transport & Highways,618469,Maharashtra,3853.3,3853.3,2186.25,56.7,2023-03-01,2027-12-31,2027-12-31,2026-07-01,18,0.0,0
PAIM-618470,Shirsad - Akloli (NHAI) (618470),Infrastructure & Highways,Ministry of Road Transport & Highways,618470,Maharashtra,2042.27,2042.27,1575.86,77.2,2022-03-01,2027-12-31,2028-12-31,2026-07-01,36,0.0,0
PAIM-618471,Akloli - Amne (NHAI) (618471),Infrastructure & Highways,Ministry of Road Transport & Highways,618471,Maharashtra,1744.16,1744.16,1404.57,80.5,2024-03-01,2028-12-31,2029-12-31,2026-07-01,0,0.0,0
PAIM-618472,Amne - Bhoj (NHAI) (618472),Infrastructure & Highways,Ministry of Road Transport & Highways,618472,Maharashtra,1447.75,1447.75,938.81,64.8,2021-03-01,2026-12-31,2029-12-31,2026-07-01,0,0.0,0
PAIM-618473,Spur] Bhoj - Morbe (NHAI) (618473),Infrastructure & Highways,Ministry of Road Transport & Highways,618473,Maharashtra,3135.4,3135.4,1992.88,63.6,2024-03-01,2028-12-31,2029-12-31,2026-07-01,6,0.0,0
PAIM-618511,City on PuneSatara section of NH48 (NHAI) (618511),Infrastructure & Highways,Ministry of Road Transport & Highways,618511,Maharashtra,644.62,644.62,215.61,33.4,2022-03-01,2026-12-31,2029-12-31,2026-07-01,0,0.0,0
PAIM-618512,existing Km. 782.000 (NHAI) (618512),Infrastructure & Highways,Ministry of Road Transport & Highways,618512,Maharashtra,677.0,677.0,175.78,26.0,2024-03-01,2027-12-31,2029-12-31,2026-07-01,36,0.0,0
PAIM-618513,6L of Kagal-Satara section from Km 592.500 to Km 658.000 of NH-48 Pkg-I (NHAI) (618513),Infrastructure & Highways,Ministry of Road Transport & Highways,618513,Maharashtra,201.43,201.43,94.92,47.1,2024-03-01,2028-12-31,2028-12-31,2026-07-01,36,0.0,0
PAIM-618514,6L of Kagal-Satara section from Km 658.000 to Km 725.000 of NH-48 Pkg-II (NHAI) (618514),Infrastructure & Highways,Ministry of Road Transport & Highways,618514,Maharashtra,355.06,355.06,90.08,25.4,2024-03-01,2028-12-31,2029-12-31,2026-07-01,0,0.0,0
PAIM-618557,4L of Indora Chowk to Pachpaoli and Agrasen Chowk - Ashoka Chowk (NHAI) (618557),Infrastructure & Highways,Ministry of Road Transport & Highways,618557,Maharashtra,1155.12,1155.12,837.22,72.5,2023-03-01,2028-12-31,2028-12-31,2026-07-01,6,0.0,0
PAIM-618585,6L of Gonde Km. 439.038 to Pimpri Sado Km. 459.905 section of NH-848 Old NH-3 (NHAI) (618585),Infrastructure & Highways,Ministry of Road Transport & Highways,618585,Maharashtra,3935.15,3935.15,964.85,24.5,2021-03-01,2027-12-31,2027-12-31,2026-07-01,24,0.0,0
PAIM-618586,thick in the State Of Maharashtra on EPC Mode (NHAI) (618586),Infrastructure & Highways,Ministry of Road Transport & Highways,618586,Maharashtra,1884.07,1884.07,785.99,41.7,2021-03-01,2028-12-31,2029-12-31,2026-07-01,24,0.0,0
PAIM-618588,NH-6 New NH-53 (NHAI) (618588),Infrastructure & Highways,Ministry of Road Transport & Highways,618588,Maharashtra,672.13,672.13,128.96,19.2,2022-03-01,2026-12-31,2027-12-31,2026-07-01,18,0.0,0
PAIM-618594,Panvel to km 42.300 Kasu (NHAI) (618594),Infrastructure & Highways,Ministry of Road Transport & Highways,618594,Maharashtra,1215.8,1215.8,320.54,26.4,2021-03-01,2027-12-31,2027-12-31,2026-07-01,24,0.0,0
PAIM-618626,section Pkg  VI of NH-965 (NHAI) (618626),Infrastructure & Highways,Ministry of Road Transport & Highways,618626,Maharashtra,1752.52,1752.52,1425.68,81.4,2022-03-01,2027-12-31,2029-12-31,2026-07-01,0,0.0,0
PAIM-618627,various NHs (NHAI) (618627),Infrastructure & Highways,Ministry of Road Transport & Highways,618627,Maharashtra,3692.1,3692.1,2976.41,80.6,2021-03-01,2027-12-31,2028-12-31,2026-07-01,12,0.0,0
PAIM-618628,NH 965 from KM 36.230 to KM 44.230 from Chh. Shivaji Maharaj Chowk to Wakhari (NHAI) (618628),Infrastructure & Highways,Ministry of Road Transport & Highways,618628,Maharashtra,2373.94,2373.94,1622.6,68.4,2023-03-01,2026-12-31,2028-12-31,2026-07-01,24,0.0,0
PAIM-618653,Loha-Waranga Section of NH-361 from km 187.800 to km 244.369 (NHAI) (618653),Infrastructure & Highways,Ministry of Road Transport & Highways,618653,Maharashtra,958.25,958.25,569.99,59.5,2024-03-01,2028-12-31,2027-12-31,2026-07-01,0,0.0,0
PAIM-618693,Bodhre - Dhule (NHAI) (618693),Infrastructure & Highways,Ministry of Road Transport & Highways,618693,Maharashtra,3536.18,3536.18,741.71,21.0,2022-03-01,2027-12-31,2028-12-31,2026-07-01,12,0.0,0
PAIM-618754,District in the State of Maharashtra on EPC Mode under NHO- (NHAI) (618754),Infrastructure & Highways,Ministry of Road Transport & Highways,618754,Maharashtra,2515.06,2515.06,1722.04,68.5,2023-03-01,2028-12-31,2028-12-31,2026-07-01,18,0.0,0
PAIM-618766,Bharatmala Pariyojana on EPC Mode (NHAI) (618766),Infrastructure & Highways,Ministry of Road Transport & Highways,618766,Maharashtra,2801.52,2801.52,1293.14,46.2,2024-03-01,2028-12-31,2028-12-31,2026-07-01,18,0.0,0
PAIM-618836,4L of Ratnagiri - Kolhapur section from km 67.140 to km 112.340 of NH-166 Pkg  II (NHAI) (618836),Infrastructure & Highways,Ministry of Road Transport & Highways,618836,Maharashtra,3777.06,3777.06,1017.13,26.9,2022-03-01,2028-12-31,2028-12-31,2026-07-01,36,0.0,0
PAIM-618837,4L of Ratnagiri - Kolhapur section from km 112.340 to km 145.300 of NH-166 PkgIII (NHAI) (618837),Infrastructure & Highways,Ministry of Road Transport & Highways,618837,Maharashtra,810.98,810.98,546.88,67.4,2023-03-01,2028-12-31,2027-12-31,2026-07-01,18,0.0,0
PAIM-618937,4L of Nagpur-Katol Section from Km. 13.00 to Km. 62.900 of NH-353J (NHAI) (618937),Infrastructure & Highways,Ministry of Road Transport & Highways,618937,Maharashtra,1623.95,1623.95,203.29,12.5,2023-03-01,2028-12-31,2029-12-31,2026-07-01,6,0.0,0
PAIM-618939,Ch.68.800 in Gadchandur Town on NH-353B (NHAI) (618939),Infrastructure & Highways,Ministry of Road Transport & Highways,618939,Maharashtra,350.95,350.95,39.03,11.1,2024-03-01,2027-12-31,2029-12-31,2026-07-01,36,0.0,0
PAIM-619008,Maharashtra on EPC mode. Reg- Resubmission of Annual Plan Estimate. (MoRTH) (619008),Infrastructure & Highways,Ministry of Road Transport & Highways,619008,Maharashtra,3316.13,3316.13,2090.89,63.1,2022-03-01,2026-12-31,2029-12-31,2026-07-01,36,0.0,0
PAIM-619042,"Procurement and construction   EPC    Basis mode   L.1.326 Km, (MoRTH) (619042)",Infrastructure & Highways,Ministry of Road Transport & Highways,619042,Maharashtra,959.79,959.79,561.74,58.5,2021-03-01,2026-12-31,2029-12-31,2026-07-01,0,0.0,0
PAIM-619069,Satara Km 725.000 to Pune Km 865.350 of NH - 4 New NH - 48 in Maharashtra (NHAI) (619069),Infrastructure & Highways,Ministry of Road Transport & Highways,619069,Maharashtra,296.89,296.89,229.2,77.2,2023-03-01,2027-12-31,2029-12-31,2026-07-01,36,0.0,0
PAIM-619095,to km 84.600 Indapur (NHAI) (619095),Infrastructure & Highways,Ministry of Road Transport & Highways,619095,Maharashtra,386.1,386.1,325.73,84.4,2024-03-01,2028-12-31,2027-12-31,2026-07-01,18,0.0,0
PAIM-619149,31.000 to km 67.140 Pkg  I (NHAI) (619149),Infrastructure & Highways,Ministry of Road Transport & Highways,619149,Maharashtra,2357.59,2357.59,746.41,31.7,2021-03-01,2027-12-31,2028-12-31,2026-07-01,6,0.0,0
PAIM-619163,Tukaram Marg (NHAI) (619163),Infrastructure & Highways,Ministry of Road Transport & Highways,619163,Maharashtra,2940.29,2940.29,1313.42,44.7,2023-03-01,2026-12-31,2029-12-31,2026-07-01,6,0.0,0
PAIM-619198,- Ganjad (NHAI) (619198),Infrastructure & Highways,Ministry of Road Transport & Highways,619198,Maharashtra,2547.76,2547.76,1608.47,63.1,2022-03-01,2026-12-31,2027-12-31,2026-07-01,6,0.0,0
PAIM-619203,Vadape to Thane from km 539.202 to km 563.000 section of NH-3 new NH-848 (NHAI) (619203),Infrastructure & Highways,Ministry of Road Transport & Highways,619203,Maharashtra,2414.0,2414.0,2044.52,84.7,2023-03-01,2028-12-31,2029-12-31,2026-07-01,24,0.0,0
PAIM-619204,528550 & LVUP 1 x 15m at Sherekarpada Km. 528800 (NHAI) (619204),Infrastructure & Highways,Ministry of Road Transport & Highways,619204,Maharashtra,2625.5,2625.5,1537.68,58.6,2022-03-01,2027-12-31,2027-12-31,2026-07-01,18,0.0,0
PAIM-619210,Dharampuri-Lonand from km. 117.00 to 166.40 Pkg-IV on Mohol-Alandi Section (NHAI) (619210),Infrastructure & Highways,Ministry of Road Transport & Highways,619210,Maharashtra,2027.43,2027.43,372.79,18.4,2024-03-01,2026-12-31,2029-12-31,2026-07-01,6,0.0,0
PAIM-619298,on EPC mode under NHO (NHAI) (619298),Infrastructure & Highways,Ministry of Road Transport & Highways,619298,Maharashtra,1334.48,1334.48,339.54,25.4,2021-03-01,2027-12-31,2029-12-31,2026-07-01,24,0.0,0
PAIM-619299,EPC Mode. (NHAI) (619299),Infrastructure & Highways,Ministry of Road Transport & Highways,619299,Maharashtra,2730.01,2730.01,1062.41,38.9,2023-03-01,2027-12-31,2029-12-31,2026-07-01,24,0.0,0
PAIM-619300,EPC Mode (NHAI) (619300),Infrastructure & Highways,Ministry of Road Transport & Highways,619300,Maharashtra,3124.05,3124.05,2551.36,81.7,2021-03-01,2028-12-31,2028-12-31,2026-07-01,36,0.0,0
PAIM-619199,Bethamangala in the state of Karnataka to Byreddypalli (NHAI) (619199),Infrastructure & Highways,Ministry of Road Transport & Highways,619199,Karnataka,2917.25,2917.25,1413.38,48.4,2023-03-01,2028-12-31,2028-12-31,2026-07-01,6,0.0,0
PAIM-618681,1 (NHAI) (618681),Infrastructure & Highways,Ministry of Road Transport & Highways,618681,Odisha,1614.85,1614.85,666.98,41.3,2023-03-01,2026-12-31,2029-12-31,2026-07-01,0,0.0,0
PAIM-618477,Km 156.000 to Km 180.000 (NHAI) (618477),Infrastructure & Highways,Ministry of Road Transport & Highways,618477,Odisha,4083.82,4083.82,756.51,18.5,2023-03-01,2027-12-31,2028-12-31,2026-07-01,0,0.0,0
PAIM-618634,716B Pkg-III (NHAI) (618634),Infrastructure & Highways,Ministry of Road Transport & Highways,618634,Tamil Nadu,2247.65,2247.65,1810.03,80.5,2023-03-01,2028-12-31,2029-12-31,2026-07-01,12,0.0,0
PAIM-618769,Walajahpet/Ranipet to TN/AP Border Section of from Km.106.800 to  Km.133.36 NH-4 (NHAI) (618769),Infrastructure & Highways,Ministry of Road Transport & Highways,618769,Tamil Nadu,1978.27,1978.27,1546.66,78.2,2023-03-01,2028-12-31,2029-12-31,2026-07-01,0,0.0,0
PAIM-618772,716B Pkg-II (NHAI) (618772),Infrastructure & Highways,Ministry of Road Transport & Highways,618772,Tamil Nadu,543.01,543.01,106.05,19.5,2021-03-01,2026-12-31,2027-12-31,2026-07-01,36,0.0,0
PAIM-619077,6 laning of Balance Work of Chennai - Tada from km. 21.40 to km. 54.40 (NHAI) (619077),Infrastructure & Highways,Ministry of Road Transport & Highways,619077,Tamil Nadu,1969.75,1969.75,573.84,29.1,2024-03-01,2028-12-31,2027-12-31,2026-07-01,24,0.0,0
PAIM-618747,village to Recherla village Design Chainage 63117 to 105236] (NHAI) (618747),Infrastructure & Highways,Ministry of Road Transport & Highways,618747,Telangana,3681.46,3681.46,2302.85,62.6,2024-03-01,2026-12-31,2028-12-31,2026-07-01,0,0.0,0
PAIM-618818,at Design Ch. 309.909 Km Package-III (NHAI) (618818),Infrastructure & Highways,Ministry of Road Transport & Highways,618818,Telangana,3751.55,3751.55,998.88,26.6,2023-03-01,2028-12-31,2028-12-31,2026-07-01,24,0.0,0
PAIM-619143,village at Design Ch. 280.200 KmPackage-II (NHAI) (619143),Infrastructure & Highways,Ministry of Road Transport & Highways,619143,Telangana,1068.08,1068.08,419.18,39.2,2022-03-01,2027-12-31,2028-12-31,2026-07-01,12,0.0,0
PAIM-619212,village from Km 242.200 to Km 280.400 Pkg-2 (NHAI) (619212),Infrastructure & Highways,Ministry of Road Transport & Highways,619212,Telangana,2242.15,2242.15,1679.04,74.9,2024-03-01,2028-12-31,2027-12-31,2026-07-01,0,0.0,0
PAIM-618531,km. 209.827 of NH-2 PKG-01 (NHAI) (618531),Infrastructure & Highways,Ministry of Road Transport & Highways,618531,Bihar,1395.06,1395.06,931.45,66.8,2022-03-01,2028-12-31,2027-12-31,2026-07-01,18,0.0,0
PAIM-618724,Sagrampur village From KM. 151200 to KM. 184700Package-7 (NHAI) (618724),Infrastructure & Highways,Ministry of Road Transport & Highways,618724,Bihar,3611.83,3611.83,1744.53,48.3,2021-03-01,2028-12-31,2028-12-31,2026-07-01,0,0.0,0
PAIM-618732,8 (NHAI) (618732),Infrastructure & Highways,Ministry of Road Transport & Highways,618732,Bihar,300.84,300.84,156.64,52.1,2023-03-01,2026-12-31,2029-12-31,2026-07-01,0,0.0,0
PAIM-618951,Hariharganj to Parwa Mode section from km 23.284 to km 57.049 of NH-98 (NHAI) (618951),Infrastructure & Highways,Ministry of Road Transport & Highways,618951,Bihar,3215.63,3215.63,981.72,30.5,2021-03-01,2026-12-31,2029-12-31,2026-07-01,6,0.0,0
PAIM-618952,4L of Sahibganj - Manihari Ganga Bridge including Manihari Bypass (NHAI) (618952),Infrastructure & Highways,Ministry of Road Transport & Highways,618952,Bihar,932.94,932.94,438.28,47.0,2022-03-01,2026-12-31,2027-12-31,2026-07-01,6,0.0,0
PAIM-619078,249.525 to km 320.810 (NHAI) (619078),Infrastructure & Highways,Ministry of Road Transport & Highways,619078,Bihar,2660.49,2660.49,1262.93,47.5,2023-03-01,2026-12-31,2027-12-31,2026-07-01,24,0.0,0
PAIM-619307,4L of Munger  Mirzachauki section from Km 157350 to Km 193931 Pkg-4 (NHAI) (619307),Infrastructure & Highways,Ministry of Road Transport & Highways,619307,Bihar,264.49,264.49,210.66,79.6,2024-03-01,2028-12-31,2029-12-31,2026-07-01,18,0.0,0
PAIM-618530,Six Laning of Varanasi to Aurangabad from km. 786.00 to km. 978.40 of Old NH-2 (NHAI) (618530),Infrastructure & Highways,Ministry of Road Transport & Highways,618530,Bihar,1188.48,1188.48,683.44,57.5,2021-03-01,2027-12-31,2029-12-31,2026-07-01,0,0.0,0
PAIM-618728,village from Km. 0.000 to Km. 27.000 - Pkg-1 (NHAI) (618728),Infrastructure & Highways,Ministry of Road Transport & Highways,618728,Bihar,3884.91,3884.91,2848.16,73.3,2022-03-01,2026-12-31,2027-12-31,2026-07-01,18,0.0,0
PAIM-618882,Annuity Mode (NHAI) (618882),Infrastructure & Highways,Ministry of Road Transport & Highways,618882,Uttar Pradesh,2200.67,2200.67,1618.9,73.6,2023-03-01,2028-12-31,2027-12-31,2026-07-01,0,0.0,0
PAIM-619154,Km 117.120] on EPC Mode in the state of Uttar Pradesh. (NHAI) (619154),Infrastructure & Highways,Ministry of Road Transport & Highways,619154,Uttar Pradesh,1328.96,1328.96,706.06,53.1,2021-03-01,2026-12-31,2027-12-31,2026-07-01,36,0.0,0
PAIM-618584,at Start Point Length - 1.200 Km of NH-27 (NHAI) (618584),Infrastructure & Highways,Ministry of Road Transport & Highways,618584,Bihar,2236.49,2236.49,1831.52,81.9,2024-03-01,2028-12-31,2027-12-31,2026-07-01,6,0.0,0
PAIM-619064,Km 128.000] (NHAI) (619064),Infrastructure & Highways,Ministry of Road Transport & Highways,619064,Maharashtra,3637.94,3637.94,2732.13,75.1,2023-03-01,2028-12-31,2029-12-31,2026-07-01,18,0.0,0
PAIM-618942,from Km 70.800 to  km 84.120 of Khanapur- KA/GOA Border section of NH-4A (NHAI) (618942),Infrastructure & Highways,Ministry of Road Transport & Highways,618942,Maharashtra,2755.29,2755.29,576.1,20.9,2021-03-01,2028-12-31,2029-12-31,2026-07-01,24,0.0,0
PAIM-618637,Bal. Works of Fagne Km. 510.000 to Maharashtra/Gujarat Border Km. 650.794 (NHAI) (618637),Infrastructure & Highways,Ministry of Road Transport & Highways,618637,Maharashtra,541.99,541.99,310.34,57.3,2022-03-01,2027-12-31,2027-12-31,2026-07-01,36,0.0,0
PAIM-618486,Patran road SH-10 near Ghagga village Km 120250 to Km 157920 (NHAI) (618486),Infrastructure & Highways,Ministry of Road Transport & Highways,618486,Haryana,4088.22,4088.22,2568.46,62.8,2024-03-01,2026-12-31,2028-12-31,2026-07-01,12,0.0,0
PAIM-619093,4L Ismailabad to Ambala Section of NH-152 Lot-4/Package-1 (NHAI) (619093),Infrastructure & Highways,Ministry of Road Transport & Highways,619093,Haryana,1700.31,1700.31,677.51,39.8,2022-03-01,2028-12-31,2028-12-31,2026-07-01,36,0.0,0
PAIM-619134,Km. 11.157 (NHAI) (619134),Infrastructure & Highways,Ministry of Road Transport & Highways,619134,Haryana,3765.57,3765.57,698.86,18.6,2023-03-01,2027-12-31,2027-12-31,2026-07-01,12,0.0,0
PAIM-619216,section of Shamli -Ambala Package-III Design Ch. Form km 84.400 to km 121.786 (NHAI) (619216),Infrastructure & Highways,Ministry of Road Transport & Highways,619216,Haryana,4138.22,4138.22,674.81,16.3,2023-03-01,2028-12-31,2029-12-31,2026-07-01,0,0.0,0
PAIM-618505,KM 273.00 (NHAI) (618505),Infrastructure & Highways,Ministry of Road Transport & Highways,618505,Rajasthan,1222.62,1222.62,587.97,48.1,2021-03-01,2028-12-31,2029-12-31,2026-07-01,24,0.0,0
PAIM-618691,of NH-334D (NHAI) (618691),Infrastructure & Highways,Ministry of Road Transport & Highways,618691,Haryana,710.81,710.81,187.61,26.4,2023-03-01,2026-12-31,2029-12-31,2026-07-01,24,0.0,0
PAIM-618723,section of Shamli -Ambala Package-II Design Ch. Form km 45.500 to km 84.400 (NHAI) (618723),Infrastructure & Highways,Ministry of Road Transport & Highways,618723,Haryana,2863.21,2863.21,993.59,34.7,2021-03-01,2026-12-31,2028-12-31,2026-07-01,18,0.0,0
PAIM-619068,Faridabad-Ballabhgarh Bypass KMP Link - Spur to Delhi Mumbai Expressway (NHAI) (619068),Infrastructure & Highways,Ministry of Road Transport & Highways,619068,Haryana,4353.32,4353.32,709.84,16.3,2024-03-01,2028-12-31,2029-12-31,2026-07-01,36,0.0,0
PAIM-618907,2L/4L of Hoshiarpur to Una section including Hoshiarpur Bypass of NH 503A (NHAI) (618907),Infrastructure & Highways,Ministry of Road Transport & Highways,618907,Haryana,3234.27,3234.27,2070.41,64.0,2022-03-01,2026-12-31,2028-12-31,2026-07-01,0,0.0,0
PAIM-619066,Gurha Baildaran km 423500 to km 468100 (NHAI) (619066),Infrastructure & Highways,Ministry of Road Transport & Highways,619066,Punjab,1381.37,1381.37,353.11,25.6,2023-03-01,2028-12-31,2027-12-31,2026-07-01,36,0.0,0
PAIM-618533,Barwa Adda Km. 398.240 to Panagarh Km. 521.120 (NHAI) (618533),Infrastructure & Highways,Ministry of Road Transport & Highways,618533,Punjab,1354.42,1354.42,1060.32,78.3,2023-03-01,2026-12-31,2028-12-31,2026-07-01,0,0.0,0
PAIM-618734,village to Kamlapur villageJH/WB border  from km 358.500 to km 387.200 Pkg -13 (NHAI) (618734),Infrastructure & Highways,Ministry of Road Transport & Highways,618734,Multi-State,1655.12,1655.12,1097.38,66.3,2021-03-01,2026-12-31,2027-12-31,2026-07-01,12,0.0,0
PAIM-618909,Chandil Junction with NH-33 km. 153.705 of Old NH-32 (NHAI) (618909),Infrastructure & Highways,Ministry of Road Transport & Highways,618909,Multi-State,3378.37,3378.37,2664.68,78.9,2023-03-01,2028-12-31,2028-12-31,2026-07-01,36,0.0,0
PAIM-618948,existing km 283.00 design km 274.133 in the state of Jharkhand  package - II (NHAI) (618948),Infrastructure & Highways,Ministry of Road Transport & Highways,618948,Multi-State,2896.07,2896.07,2438.83,84.2,2022-03-01,2027-12-31,2029-12-31,2026-07-01,0,0.0,0
PAIM-619205,Six Laning of KT/KL Border Thalapaddy -Chengala from Km. 17.200 to Km. 57.20 (NHAI) (619205),Infrastructure & Highways,Ministry of Road Transport & Highways,619205,Karnataka,600.88,600.88,407.06,67.7,2022-03-01,2026-12-31,2028-12-31,2026-07-01,18,0.0,0
PAIM-618516,NH-48 Pkg-II (NHAI) (618516),Infrastructure & Highways,Ministry of Road Transport & Highways,618516,Maharashtra,925.27,925.27,209.07,22.6,2022-03-01,2027-12-31,2029-12-31,2026-07-01,24,0.0,0
PAIM-618636,NH-150C part of Akkalkot  KN/TS Border section Package  XIV (NHAI) (618636),Infrastructure & Highways,Ministry of Road Transport & Highways,618636,Maharashtra,1320.3,1320.3,1013.41,76.8,2023-03-01,2027-12-31,2027-12-31,2026-07-01,24,0.0,0
PAIM-618519,to TN/KNT border from km 144.480 to 179.969 (NHAI) (618519),Infrastructure & Highways,Ministry of Road Transport & Highways,618519,Karnataka,394.32,394.32,203.21,51.5,2024-03-01,2026-12-31,2029-12-31,2026-07-01,18,0.0,0
PAIM-618581,Hosur to Dhamrapuri Pkg-1 [Neraluru - Thorapalli Agraharam] (NHAI) (618581),Infrastructure & Highways,Ministry of Road Transport & Highways,618581,Karnataka,3999.35,3999.35,1665.24,41.6,2023-03-01,2027-12-31,2029-12-31,2026-07-01,24,0.0,0
PAIM-618631,to Km. 203.100 in Raichur of NH-150C Pkg-IV (NHAI) (618631),Infrastructure & Highways,Ministry of Road Transport & Highways,618631,Karnataka,1949.69,1949.69,420.63,21.6,2021-03-01,2028-12-31,2028-12-31,2026-07-01,24,0.0,0
PAIM-618632,Km 202.900 to Km 242.200 Pkg-1 (NHAI) (618632),Infrastructure & Highways,Ministry of Road Transport & Highways,618632,Karnataka,1927.58,1927.58,1247.94,64.7,2023-03-01,2028-12-31,2028-12-31,2026-07-01,0,0.0,0
PAIM-619097,Thalassery Mahe Bypass Km 170.600 to Km 189.200 of NH-17New NH-66 in Kerala (NHAI) (619097),Infrastructure & Highways,Ministry of Road Transport & Highways,619097,Karnataka,855.61,855.61,531.78,62.2,2024-03-01,2026-12-31,2029-12-31,2026-07-01,0,0.0,0
PAIM-619101,Boregaon Buzurg to Muktainagar (NHAI) (619101),Infrastructure & Highways,Ministry of Road Transport & Highways,619101,Maharashtra,4475.07,4475.07,1266.17,28.3,2022-03-01,2028-12-31,2029-12-31,2026-07-01,12,0.0,0
PAIM-618556,Lakhnadon section of NH-44 NS (NHAI) (618556),Infrastructure & Highways,Ministry of Road Transport & Highways,618556,Maharashtra,2305.93,2305.93,363.53,15.8,2023-03-01,2027-12-31,2028-12-31,2026-07-01,0,0.0,0
PAIM-618668,168.630 Package-4 (NHAI) (618668),Infrastructure & Highways,Ministry of Road Transport & Highways,618668,Uttar Pradesh,2502.86,2502.86,918.29,36.7,2023-03-01,2028-12-31,2028-12-31,2026-07-01,0,0.0,0
PAIM-618941,19.000 to km 51.985 (NHAI) (618941),Infrastructure & Highways,Ministry of Road Transport & Highways,618941,Maharashtra,3351.74,3351.74,2416.73,72.1,2024-03-01,2026-12-31,2028-12-31,2026-07-01,18,0.0,0
PAIM-618844,Viluppuram Km.0.000 to Puducherry Km.29.000 (NHAI) (618844),Infrastructure & Highways,Ministry of Road Transport & Highways,618844,Maharashtra,3441.38,3441.38,2485.54,72.2,2022-03-01,2026-12-31,2028-12-31,2026-07-01,6,0.0,0
PAIM-618845,Puducherry Km.29.000 to Poondiyankuppam Km.67.000 (NHAI) (618845),Infrastructure & Highways,Ministry of Road Transport & Highways,618845,Multi-State,2871.92,2871.92,1755.88,61.1,2021-03-01,2026-12-31,2029-12-31,2026-07-01,12,0.0,0
PAIM-618847,Sattanathapuram to Nagapattinam from Km 123.800 to Km 179.555 (NHAI) (618847),Infrastructure & Highways,Ministry of Road Transport & Highways,618847,Multi-State,2729.25,2729.25,494.07,18.1,2021-03-01,2028-12-31,2028-12-31,2026-07-01,18,0.0,0
PAIM-618711,Km to 41.820 Km of Delhi- Dehradun Economic Corridor package-2 (NHAI) (618711),Infrastructure & Highways,Ministry of Road Transport & Highways,618711,Delhi,654.02,654.02,181.41,27.7,2022-03-01,2026-12-31,2027-12-31,2026-07-01,24,0.0,0
PAIM-618783,4-laning of Pilibhit - Sitarganj from Km. 32.500 to Km. 70.800 Pkg-2 of NH-30 (NHAI) (618783),Infrastructure & Highways,Ministry of Road Transport & Highways,618783,Multi-State,910.03,910.03,116.42,12.8,2024-03-01,2026-12-31,2028-12-31,2026-07-01,18,0.0,0
PAIM-618886,NH-334 from Km 143000 to Km 196000 (NHAI) (618886),Infrastructure & Highways,Ministry of Road Transport & Highways,618886,Multi-State,4430.73,4430.73,2707.1,61.1,2021-03-01,2026-12-31,2027-12-31,2026-07-01,0,0.0,0
PAIM-618928,"14.490 Km., Starts from Ch. 38770 and ends at Ch. 53260 existing Ch. 05560 (NHAI) (618928)",Infrastructure & Highways,Ministry of Road Transport & Highways,618928,Multi-State,2453.32,2453.32,332.93,13.6,2022-03-01,2027-12-31,2029-12-31,2026-07-01,18,0.0,0
PAIM-618969,4/6L of  Spur to Haridwar Greenfield from Km. 0.000 to Km. 50.70 (NHAI) (618969),Infrastructure & Highways,Ministry of Road Transport & Highways,618969,Multi-State,3262.57,3262.57,2596.1,79.6,2024-03-01,2027-12-31,2027-12-31,2026-07-01,0,0.0,0
PAIM-619217,4L of Haridwar-Nagina section from km. 0.00 to km. 71.614 of NH-74 (NHAI) (619217),Infrastructure & Highways,Ministry of Road Transport & Highways,619217,Multi-State,2673.98,2673.98,2225.97,83.2,2024-03-01,2028-12-31,2028-12-31,2026-07-01,12,0.0,0
PAIM-617898,Odisha (MoRTH) (617898),Infrastructure & Highways,Ministry of Road Transport & Highways,617898,Odisha,3032.94,3032.94,472.74,15.6,2024-03-01,2027-12-31,2028-12-31,2026-07-01,6,0.0,0
PAIM-617899,Mangalpur section of NH 20 in the state of Odisha on Annual Plan 2021-22 (MoRTH) (617899),Infrastructure & Highways,Ministry of Road Transport & Highways,617899,Odisha,4078.62,4078.62,2159.77,53.0,2024-03-01,2026-12-31,2027-12-31,2026-07-01,6,0.0,0
PAIM-617902,construction or By-pass road on NH-26 for Nabrangpur Town (MoRTH) (617902),Infrastructure & Highways,Ministry of Road Transport & Highways,617902,Odisha,1683.93,1683.93,254.19,15.1,2021-03-01,2026-12-31,2027-12-31,2026-07-01,0,0.0,0
PAIM-617904,79/800 Design km 11/670 of NH-26 in the State of Odisha. (MoRTH) (617904),Infrastructure & Highways,Ministry of Road Transport & Highways,617904,Odisha,511.39,511.39,342.4,67.0,2024-03-01,2027-12-31,2029-12-31,2026-07-01,36,0.0,0
PAIM-617905,EPC mode under Annual Plan 2021-22 (MoRTH) (617905),Infrastructure & Highways,Ministry of Road Transport & Highways,617905,Odisha,3264.14,3264.14,412.14,12.6,2023-03-01,2028-12-31,2029-12-31,2026-07-01,18,0.0,0
PAIM-617920,Odisha. Job No. NH-55-OD-2022-23-656 (MoRTH) (617920),Infrastructure & Highways,Ministry of Road Transport & Highways,617920,Odisha,2237.56,2237.56,554.15,24.8,2024-03-01,2028-12-31,2027-12-31,2026-07-01,36,0.0,0
PAIM-617921,277/500 to 318/970 of NH-55 in the State of Odisha under Annual Plan 2021-22. (MoRTH) (617921),Infrastructure & Highways,Ministry of Road Transport & Highways,617921,Odisha,2274.71,2274.71,1319.95,58.0,2021-03-01,2026-12-31,2027-12-31,2026-07-01,36,0.0,0
PAIM-617922,Plan 2022-23 for the state of Odisha Job No.NH-49-OD-2022-23-655 (MoRTH) (617922),Infrastructure & Highways,Ministry of Road Transport & Highways,617922,Odisha,4124.02,4124.02,970.16,23.5,2023-03-01,2028-12-31,2029-12-31,2026-07-01,0,0.0,0
PAIM-617923,land acquisition in the state of Odisha on EPC mode under Annual Plan 2022-23. (MoRTH) (617923),Infrastructure & Highways,Ministry of Road Transport & Highways,617923,Odisha,4463.77,4463.77,2568.79,57.5,2023-03-01,2028-12-31,2028-12-31,2026-07-01,36,0.0,0
PAIM-617925,including LA in the State of Odisha on EPC mode. (MoRTH) (617925),Infrastructure & Highways,Ministry of Road Transport & Highways,617925,Odisha,1893.53,1893.53,1406.92,74.3,2023-03-01,2026-12-31,2029-12-31,2026-07-01,0,0.0,0
PAIM-617930,Berhampur town including 4-lane RoB in the state of Odisha. (MoRTH) (617930),Infrastructure & Highways,Ministry of Road Transport & Highways,617930,Odisha,1264.58,1264.58,349.46,27.6,2022-03-01,2026-12-31,2027-12-31,2026-07-01,0,0.0,0
PAIM-618003,2033-34 (MoRTH) (618003),Infrastructure & Highways,Ministry of Road Transport & Highways,618003,Odisha,2337.01,2337.01,390.88,16.7,2021-03-01,2026-12-31,2029-12-31,2026-07-01,0,0.0,0
PAIM-618012,section of NH 326 in the State of Odisha under Annual Plan 2021.22. (MoRTH) (618012),Infrastructure & Highways,Ministry of Road Transport & Highways,618012,Odisha,3843.11,3843.11,1253.5,32.6,2024-03-01,2028-12-31,2029-12-31,2026-07-01,36,0.0,0
PAIM-618079,state of Odisha on EPC Mode under Annual plan 2022-23. (MoRTH) (618079),Infrastructure & Highways,Ministry of Road Transport & Highways,618079,Odisha,247.77,247.77,85.26,34.4,2023-03-01,2026-12-31,2029-12-31,2026-07-01,18,0.0,0
PAIM-618122,Plan 2021-22. (MoRTH) (618122),Infrastructure & Highways,Ministry of Road Transport & Highways,618122,Odisha,3785.27,3785.27,2245.44,59.3,2022-03-01,2026-12-31,2027-12-31,2026-07-01,6,0.0,0
PAIM-618523,Bhadrak KM 136.500 to Baleshwar KM 199.141 (NHAI) (618523),Infrastructure & Highways,Ministry of Road Transport & Highways,618523,Odisha,3474.64,3474.64,404.49,11.6,2022-03-01,2028-12-31,2028-12-31,2026-07-01,12,0.0,0
PAIM-618591,"Earlier NH-6 in Sambalpur, on EPC mode in Odisha under NHO (NHAI) (618591)",Infrastructure & Highways,Ministry of Road Transport & Highways,618591,Odisha,2175.58,2175.58,1464.52,67.3,2022-03-01,2027-12-31,2028-12-31,2026-07-01,12,0.0,0
PAIM-618592,at Km.215.270 in Baharagora-Singhara section of NH-49 (NHAI) (618592),Infrastructure & Highways,Ministry of Road Transport & Highways,618592,Odisha,3683.23,3683.23,464.22,12.6,2024-03-01,2027-12-31,2028-12-31,2026-07-01,0,0.0,0
PAIM-618593,Bangriposi Ghat section in the State of Odisha on EPC Mode (NHAI) (618593),Infrastructure & Highways,Ministry of Road Transport & Highways,618593,Odisha,3432.42,3432.42,1512.82,44.1,2022-03-01,2027-12-31,2027-12-31,2026-07-01,12,0.0,0
PAIM-618677,km 293000 Package  OD-5 (NHAI) (618677),Infrastructure & Highways,Ministry of Road Transport & Highways,618677,Odisha,1649.94,1649.94,730.4,44.3,2021-03-01,2027-12-31,2027-12-31,2026-07-01,12,0.0,0
PAIM-618678,km 338500 Package  OD-6 (NHAI) (618678),Infrastructure & Highways,Ministry of Road Transport & Highways,618678,Odisha,3995.29,3995.29,2452.26,61.4,2023-03-01,2028-12-31,2029-12-31,2026-07-01,6,0.0,0
PAIM-618680,365033 Package-OD-8 (NHAI) (618680),Infrastructure & Highways,Ministry of Road Transport & Highways,618680,Odisha,865.13,865.13,550.19,63.6,2023-03-01,2027-12-31,2028-12-31,2026-07-01,12,0.0,0
PAIM-618704,Corridor of Angul  Sambalpur Section of NH-42 New NH-55 Km.202.533 (NHAI) (618704),Infrastructure & Highways,Ministry of Road Transport & Highways,618704,Odisha,3787.15,3787.15,429.84,11.3,2022-03-01,2028-12-31,2027-12-31,2026-07-01,6,0.0,0
PAIM-618705,NH149 & at Km.84.000 to Km.86.100 of NH55 (NHAI) (618705),Infrastructure & Highways,Ministry of Road Transport & Highways,618705,Odisha,1588.29,1588.29,1111.54,70.0,2022-03-01,2026-12-31,2028-12-31,2026-07-01,12,0.0,0
PAIM-618820,NH-53 Old NH  5A from Km.39.000 to Km.60.00 Package-3 (NHAI) (618820),Infrastructure & Highways,Ministry of Road Transport & Highways,618820,Odisha,600.21,600.21,403.62,67.2,2022-03-01,2028-12-31,2027-12-31,2026-07-01,12,0.0,0
PAIM-618821,Package-2 (NHAI) (618821),Infrastructure & Highways,Ministry of Road Transport & Highways,618821,Odisha,2403.53,2403.53,379.42,15.8,2021-03-01,2028-12-31,2029-12-31,2026-07-01,24,0.0,0
PAIM-618822,NH-53 Old NH  5A from Km.0.00 to Km.18.00Package-1 (NHAI) (618822),Infrastructure & Highways,Ministry of Road Transport & Highways,618822,Odisha,1359.58,1359.58,873.24,64.2,2022-03-01,2026-12-31,2028-12-31,2026-07-01,12,0.0,0
PAIM-618908,NH-200 New NH -53 (NHAI) (618908),Infrastructure & Highways,Ministry of Road Transport & Highways,618908,Odisha,3671.88,3671.88,1347.65,36.7,2021-03-01,2028-12-31,2027-12-31,2026-07-01,6,0.0,0
PAIM-619109,Package  OD-3 (NHAI) (619109),Infrastructure & Highways,Ministry of Road Transport & Highways,619109,Odisha,1507.49,1507.49,381.28,25.3,2024-03-01,2027-12-31,2028-12-31,2026-07-01,0,0.0,0
PAIM-619118,Four Laning of Angul to Sambalpur from Km.112.000 to Km.265.000 (NHAI) (619118),Infrastructure & Highways,Ministry of Road Transport & Highways,619118,Odisha,4040.59,4040.59,2677.49,66.3,2021-03-01,2027-12-31,2028-12-31,2026-07-01,6,0.0,0
PAIM-619119,State of Odisha (NHAI) (619119),Infrastructure & Highways,Ministry of Road Transport & Highways,619119,Odisha,1612.87,1612.87,960.24,59.5,2022-03-01,2027-12-31,2027-12-31,2026-07-01,6,0.0,0
PAIM-619157,149 and km 301.875 - km 335.946 of NH-53 Pkg-I (NHAI) (619157),Infrastructure & Highways,Ministry of Road Transport & Highways,619157,Odisha,4264.53,4264.53,951.07,22.3,2021-03-01,2027-12-31,2029-12-31,2026-07-01,36,0.0,0
PAIM-619158,4 Laning of Duburi Chandikhole from km 388.376 to km 428.074 Pkg-III (NHAI) (619158),Infrastructure & Highways,Ministry of Road Transport & Highways,619158,Odisha,2203.9,2203.9,1396.95,63.4,2024-03-01,2026-12-31,2027-12-31,2026-07-01,24,0.0,0
PAIM-619181,NH-53 Old NH  5A from Km.60.000 to Km.76.646 Package-4 (NHAI) (619181),Infrastructure & Highways,Ministry of Road Transport & Highways,619181,Odisha,2220.08,2220.08,752.11,33.9,2022-03-01,2026-12-31,2029-12-31,2026-07-01,12,0.0,0
PAIM-619213,Package  OD-2 (NHAI) (619213),Infrastructure & Highways,Ministry of Road Transport & Highways,619213,Odisha,362.81,362.81,165.4,45.6,2021-03-01,2027-12-31,2029-12-31,2026-07-01,0,0.0,0
PAIM-619215,the State of Odisha (NHAI) (619215),Infrastructure & Highways,Ministry of Road Transport & Highways,619215,Odisha,3390.17,3390.17,2826.93,83.4,2024-03-01,2026-12-31,2027-12-31,2026-07-01,36,0.0,0
PAIM-618010,Punjab. Job No NH-254-PB-2022-23-565 (MoRTH) (618010),Infrastructure & Highways,Ministry of Road Transport & Highways,618010,Punjab,2660.83,2660.83,1865.66,70.1,2022-03-01,2028-12-31,2027-12-31,2026-07-01,12,0.0,0
PAIM-618024,No. NH-354-PB-2020-21-532 (MoRTH) (618024),Infrastructure & Highways,Ministry of Road Transport & Highways,618024,Punjab,2056.11,2056.11,293.55,14.3,2022-03-01,2027-12-31,2029-12-31,2026-07-01,36,0.0,0
PAIM-618489,Kang Sahibu village Km 260860 to km 303900 (NHAI) (618489),Infrastructure & Highways,Ministry of Road Transport & Highways,618489,Punjab,2136.37,2136.37,782.05,36.6,2023-03-01,2028-12-31,2028-12-31,2026-07-01,24,0.0,0
PAIM-618492,Pathankot-Gurdaspur road NH-54 near Gurdaspur Km 362420 to km 397700 (NHAI) (618492),Infrastructure & Highways,Ministry of Road Transport & Highways,618492,Punjab,2984.85,2984.85,1599.76,53.6,2024-03-01,2027-12-31,2028-12-31,2026-07-01,0,0.0,0
PAIM-618493,NH-703AA near Goinwal Sahib [Km 24000 to Km 41000 of Amritsar connectivity] (NHAI) (618493),Infrastructure & Highways,Ministry of Road Transport & Highways,618493,Punjab,519.43,519.43,424.43,81.7,2022-03-01,2026-12-31,2027-12-31,2026-07-01,12,0.0,0
PAIM-618551,Talwara village on NH-44 Pathankot by-pass (NHAI) (618551),Infrastructure & Highways,Ministry of Road Transport & Highways,618551,Punjab,3660.42,3660.42,1605.28,43.9,2023-03-01,2026-12-31,2027-12-31,2026-07-01,18,0.0,0
PAIM-618552,at Kang Sahbu NH-703  via Sarmastpur NH-44 - Madara NH-03 - Khajurla NH-44 (NHAI) (618552),Infrastructure & Highways,Ministry of Road Transport & Highways,618552,Haryana,337.98,337.98,158.34,46.8,2024-03-01,2026-12-31,2029-12-31,2026-07-01,6,0.0,0
PAIM-618610,NH-54 from km. 0.000 to km. 27.400 of NH-54 (NHAI) (618610),Infrastructure & Highways,Ministry of Road Transport & Highways,618610,Haryana,740.73,740.73,377.84,51.0,2021-03-01,2027-12-31,2027-12-31,2026-07-01,6,0.0,0
PAIM-618617,Pkg-1 (NHAI) (618617),Infrastructure & Highways,Ministry of Road Transport & Highways,618617,Punjab,1016.48,1016.48,650.01,63.9,2021-03-01,2028-12-31,2028-12-31,2026-07-01,0,0.0,0
PAIM-618618,Sangat Kalan from km 93.000 to km 154.866 of NH-754A Pkg-3 (NHAI) (618618),Infrastructure & Highways,Ministry of Road Transport & Highways,618618,Punjab,3271.63,3271.63,1631.38,49.9,2023-03-01,2027-12-31,2027-12-31,2026-07-01,12,0.0,0
PAIM-618647,Road NH-703 near village Tallewal from Km 0.0 to Km 30.3 of NH-754AD Pkg-1 (NHAI) (618647),Infrastructure & Highways,Ministry of Road Transport & Highways,618647,Punjab,874.49,874.49,330.71,37.8,2023-03-01,2027-12-31,2027-12-31,2026-07-01,18,0.0,0
PAIM-618648,"Village Ballowal, km 0000 to km 25240 (NHAI) (618648)",Infrastructure & Highways,Ministry of Road Transport & Highways,618648,Punjab,4281.47,4281.47,3164.19,73.9,2021-03-01,2028-12-31,2028-12-31,2026-07-01,6,0.0,0
PAIM-618764,Moga - Bagha Purana - Bajakhana from km. 0.00 to km. 43.32 (NHAI) (618764),Infrastructure & Highways,Ministry of Road Transport & Highways,618764,Punjab,2494.41,2494.41,854.76,34.3,2021-03-01,2028-12-31,2027-12-31,2026-07-01,18,0.0,0
PAIM-618776,4L of Greenfield section from  Sirhind to Mohali (NHAI) (618776),Infrastructure & Highways,Ministry of Road Transport & Highways,618776,Punjab,1424.83,1424.83,538.85,37.8,2021-03-01,2027-12-31,2027-12-31,2026-07-01,24,0.0,0
PAIM-618785,Pkg-3 (NHAI) (618785),Infrastructure & Highways,Ministry of Road Transport & Highways,618785,Punjab,4049.86,4049.86,549.77,13.6,2023-03-01,2027-12-31,2029-12-31,2026-07-01,18,0.0,0
PAIM-618786,4L of Phagwara - Hoshiarpur (NHAI) (618786),Infrastructure & Highways,Ministry of Road Transport & Highways,618786,Punjab,2623.14,2623.14,594.97,22.7,2021-03-01,2027-12-31,2028-12-31,2026-07-01,24,0.0,0
PAIM-618793,& Fazilka Bypasses (NHAI) (618793),Infrastructure & Highways,Ministry of Road Transport & Highways,618793,Punjab,3363.13,3363.13,2455.69,73.0,2023-03-01,2028-12-31,2029-12-31,2026-07-01,12,0.0,0
PAIM-618794,Amritsarairport Junction - Ramdas from km. 100.835 to km. 139.813 Pkg - IV (NHAI) (618794),Infrastructure & Highways,Ministry of Road Transport & Highways,618794,Punjab,706.55,706.55,252.82,35.8,2022-03-01,2028-12-31,2027-12-31,2026-07-01,24,0.0,0
PAIM-618795,Amritsar Bypass Pkg III from km. 71.496 to km. 105.158 (NHAI) (618795),Infrastructure & Highways,Ministry of Road Transport & Highways,618795,Punjab,1337.85,1337.85,314.91,23.5,2022-03-01,2027-12-31,2029-12-31,2026-07-01,6,0.0,0
PAIM-618809,0.000 to Km. 31.300 Pkg-1 (NHAI) (618809),Infrastructure & Highways,Ministry of Road Transport & Highways,618809,Punjab,274.57,274.57,175.98,64.1,2021-03-01,2028-12-31,2029-12-31,2026-07-01,24,0.0,0
PAIM-618810,Nanak  from Km. 31.300 to Km. 69.100  with Additional batala Bypass Pkg-II (NHAI) (618810),Infrastructure & Highways,Ministry of Road Transport & Highways,618810,Punjab,643.77,643.77,448.53,69.7,2024-03-01,2028-12-31,2028-12-31,2026-07-01,0,0.0,0
PAIM-618906,503A Package-I (NHAI) (618906),Infrastructure & Highways,Ministry of Road Transport & Highways,618906,Punjab,1171.08,1171.08,422.26,36.1,2024-03-01,2027-12-31,2028-12-31,2026-07-01,18,0.0,0
PAIM-619099,from km 39.000 to km 93.000 of NH-754A Pkg-2 (NHAI) (619099),Infrastructure & Highways,Ministry of Road Transport & Highways,619099,Punjab,4305.81,4305.81,3003.98,69.8,2021-03-01,2028-12-31,2029-12-31,2026-07-01,36,0.0,0
PAIM-619105,near Ludhiana village Ballowal from Km 30.300 to Km 75.543 of NH-754AD Pkg-2 (NHAI) (619105),Infrastructure & Highways,Ministry of Road Transport & Highways,619105,Punjab,1934.12,1934.12,516.6,26.7,2024-03-01,2028-12-31,2028-12-31,2026-07-01,12,0.0,0
PAIM-619200,354 near Amritsar Airport [Km 71000 to Km 99000 of Amritsar connectivity] (NHAI) (619200),Infrastructure & Highways,Ministry of Road Transport & Highways,619200,Punjab,2871.94,2871.94,2353.2,81.9,2023-03-01,2027-12-31,2027-12-31,2026-07-01,6,0.0,0
PAIM-619318,Km. 37.7 including spur to Kharar with Ludhiana bypass of NH-205K Pkg-1 (NHAI) (619318),Infrastructure & Highways,Ministry of Road Transport & Highways,619318,Punjab,2323.52,2323.52,860.96,37.1,2024-03-01,2027-12-31,2027-12-31,2026-07-01,18,0.0,0
PAIM-617901,on EPC mode in the state of Rajasthan. (MoRTH) (617901),Infrastructure & Highways,Ministry of Road Transport & Highways,617901,Rajasthan,1645.56,1645.56,1065.3,64.7,2022-03-01,2028-12-31,2027-12-31,2026-07-01,24,0.0,0
PAIM-618011,the state of Rajasthan on EPC Mode (MoRTH) (618011),Infrastructure & Highways,Ministry of Road Transport & Highways,618011,Rajasthan,790.02,790.02,328.89,41.6,2023-03-01,2026-12-31,2028-12-31,2026-07-01,36,0.0,0
PAIM-618069,74.645 of NH-54 in the State of Rajasthan on EPC mode. (MoRTH) (618069),Infrastructure & Highways,Ministry of Road Transport & Highways,618069,Rajasthan,2851.94,2851.94,449.0,15.7,2022-03-01,2027-12-31,2028-12-31,2026-07-01,0,0.0,0
PAIM-618092,NH-162E in the State of Rajasthan on EPC mode. (MoRTH) (618092),Infrastructure & Highways,Ministry of Road Transport & Highways,618092,Rajasthan,2530.04,2530.04,1389.8,54.9,2022-03-01,2028-12-31,2028-12-31,2026-07-01,0,0.0,0
PAIM-618117,Bara in the State of Rajasthan on EPC Mode. (MoRTH) (618117),Infrastructure & Highways,Ministry of Road Transport & Highways,618117,Rajasthan,3974.65,3974.65,1080.86,27.2,2023-03-01,2028-12-31,2027-12-31,2026-07-01,12,0.0,0
PAIM-618200,in the State of Rajasthan. (MoRTH) (618200),Infrastructure & Highways,Ministry of Road Transport & Highways,618200,Rajasthan,4335.33,4335.33,713.97,16.5,2021-03-01,2027-12-31,2029-12-31,2026-07-01,18,0.0,0
PAIM-618235,Green National Highway Corridor Project GNHCP. (MoRTH) (618235),Infrastructure & Highways,Ministry of Road Transport & Highways,618235,Rajasthan,996.25,996.25,817.85,82.1,2022-03-01,2028-12-31,2029-12-31,2026-07-01,24,0.0,0
PAIM-618457,[End of Interchange on NH-166 near village Mui to Hardeoganj village near Indergarh] (NHAI) (618457),Infrastructure & Highways,Ministry of Road Transport & Highways,618457,Rajasthan,3214.42,3214.42,1003.68,31.2,2023-03-01,2027-12-31,2029-12-31,2026-07-01,6,0.0,0
PAIM-618458,Nayagaon Jageer village] (NHAI) (618458),Infrastructure & Highways,Ministry of Road Transport & Highways,618458,Rajasthan,4430.17,4430.17,3282.88,74.1,2022-03-01,2027-12-31,2028-12-31,2026-07-01,6,0.0,0
PAIM-618611,Package-7 (NHAI) (618611),Infrastructure & Highways,Ministry of Road Transport & Highways,618611,Gujarat,3811.69,3811.69,2611.81,68.5,2022-03-01,2027-12-31,2027-12-31,2026-07-01,12,0.0,0
PAIM-618612,Deogarh near Dhandhaniya-Rajasthan/Gujarat Border Phase-I AJ/DRGB-Package-6 (NHAI) (618612),Infrastructure & Highways,Ministry of Road Transport & Highways,618612,Gujarat,724.1,724.1,450.5,62.2,2023-03-01,2027-12-31,2029-12-31,2026-07-01,36,0.0,0
PAIM-618613,Deogarh near Dhandhaniya-Rajasthan/Gujarat Border Phase-I AJ/DRGB-Package-7 (NHAI) (618613),Infrastructure & Highways,Ministry of Road Transport & Highways,618613,Gujarat,378.71,378.71,273.34,72.2,2024-03-01,2026-12-31,2029-12-31,2026-07-01,12,0.0,0
PAIM-618757,Section (NHAI) (618757),Infrastructure & Highways,Ministry of Road Transport & Highways,618757,Rajasthan,1419.0,1419.0,225.73,15.9,2022-03-01,2028-12-31,2028-12-31,2026-07-01,0,0.0,0
PAIM-618758,Paniyala-Barodameo ICR (NHAI) (618758),Infrastructure & Highways,Ministry of Road Transport & Highways,618758,Rajasthan,1489.87,1489.87,426.42,28.6,2021-03-01,2028-12-31,2028-12-31,2026-07-01,24,0.0,0
PAIM-618796,Pakisthan Border NH-968 Pkg-BM/5 (NHAI) (618796),Infrastructure & Highways,Ministry of Road Transport & Highways,618796,Rajasthan,3742.32,3742.32,2672.27,71.4,2023-03-01,2028-12-31,2027-12-31,2026-07-01,36,0.0,0
PAIM-618797,Mode (NHAI) (618797),Infrastructure & Highways,Ministry of Road Transport & Highways,618797,Rajasthan,3046.13,3046.13,1361.83,44.7,2023-03-01,2028-12-31,2029-12-31,2026-07-01,6,0.0,0
PAIM-618838,Road Pkg-II (NHAI) (618838),Infrastructure & Highways,Ministry of Road Transport & Highways,618838,Rajasthan,1233.57,1233.57,196.09,15.9,2021-03-01,2026-12-31,2029-12-31,2026-07-01,6,0.0,0
PAIM-618853,NH-68 (NHAI) (618853),Infrastructure & Highways,Ministry of Road Transport & Highways,618853,Rajasthan,1587.57,1587.57,284.26,17.9,2021-03-01,2028-12-31,2028-12-31,2026-07-01,24,0.0,0
PAIM-619251,km 140.950 of NH-56 old NH No. 113 on EPC mode in the State of Rajasthan. (MoRTH) (619251),Infrastructure & Highways,Ministry of Road Transport & Highways,619251,Rajasthan,3036.85,3036.85,1025.5,33.8,2024-03-01,2027-12-31,2027-12-31,2026-07-01,0,0.0,0
PAIM-619270,"Engineering, Procurement & Construction EPC Mode (NHAI) (619270)",Infrastructure & Highways,Ministry of Road Transport & Highways,619270,Rajasthan,1657.31,1657.31,333.58,20.1,2023-03-01,2027-12-31,2027-12-31,2026-07-01,24,0.0,0
PAIM-619271,Section of NH-48 in Udaipur District in the State of Rajasthan on EPC mode (NHAI) (619271),Infrastructure & Highways,Ministry of Road Transport & Highways,619271,Rajasthan,3481.08,3481.08,2802.59,80.5,2021-03-01,2027-12-31,2027-12-31,2026-07-01,12,0.0,0
PAIM-617962,the state of Tamil Nadu job No.NH-49 Extn New NH 85 - TN-2021-22-997 (MoRTH) (617962),Infrastructure & Highways,Ministry of Road Transport & Highways,617962,Tamil Nadu,3834.11,3834.11,874.24,22.8,2022-03-01,2027-12-31,2027-12-31,2026-07-01,36,0.0,0
PAIM-618478,Km 180.000 to Km 204.500 (NHAI) (618478),Infrastructure & Highways,Ministry of Road Transport & Highways,618478,Tamil Nadu,1174.01,1174.01,391.86,33.4,2022-03-01,2026-12-31,2029-12-31,2026-07-01,18,0.0,0
PAIM-618479,from Km 204.500 to Km 230.000 (NHAI) (618479),Infrastructure & Highways,Ministry of Road Transport & Highways,618479,Tamil Nadu,3483.56,3483.56,748.86,21.5,2024-03-01,2026-12-31,2028-12-31,2026-07-01,18,0.0,0
PAIM-618480,Sriperumbudur Toll Plaza at km. 35700 (NHAI) (618480),Infrastructure & Highways,Ministry of Road Transport & Highways,618480,Tamil Nadu,454.96,454.96,74.23,16.3,2023-03-01,2027-12-31,2027-12-31,2026-07-01,12,0.0,0
PAIM-618481,Kanchepuram to Sriperumbudur Section Phase-III/Package-IV (NHAI) (618481),Infrastructure & Highways,Ministry of Road Transport & Highways,618481,Tamil Nadu,4469.51,4469.51,866.11,19.4,2024-03-01,2028-12-31,2028-12-31,2026-07-01,18,0.0,0
PAIM-618521,Karaipettai to Walajapet from Km 71.015 to 107.091 (NHAI) (618521),Infrastructure & Highways,Ministry of Road Transport & Highways,618521,Tamil Nadu,2000.85,2000.85,704.58,35.2,2022-03-01,2028-12-31,2027-12-31,2026-07-01,36,0.0,0
PAIM-618522,EPC mode underNHDP Phase-V (NHAI) (618522),Infrastructure & Highways,Ministry of Road Transport & Highways,618522,Tamil Nadu,2368.7,2368.7,314.24,13.3,2022-03-01,2026-12-31,2028-12-31,2026-07-01,0,0.0,0
PAIM-618561,Dharmapuri - Salem Section of NH-44 (NHAI) (618561),Infrastructure & Highways,Ministry of Road Transport & Highways,618561,Tamil Nadu,586.61,586.61,255.42,43.5,2024-03-01,2028-12-31,2029-12-31,2026-07-01,18,0.0,0
PAIM-618563,4L of Madurai Ring Road Phase 1 [Vadipatti-Thamrapatti] from km 0.00 - km 29.960 (NHAI) (618563),Infrastructure & Highways,Ministry of Road Transport & Highways,618563,Tamil Nadu,2070.93,2070.93,742.84,35.9,2023-03-01,2026-12-31,2028-12-31,2026-07-01,0,0.0,0
PAIM-618608,Kanyakumari Section from Km 43.0 to Km 96.174 of NH66 (NHAI) (618608),Infrastructure & Highways,Ministry of Road Transport & Highways,618608,Tamil Nadu,1332.34,1332.34,507.76,38.1,2022-03-01,2027-12-31,2027-12-31,2026-07-01,18,0.0,0
PAIM-618635,IV (NHAI) (618635),Infrastructure & Highways,Ministry of Road Transport & Highways,618635,Tamil Nadu,1242.14,1242.14,855.48,68.9,2022-03-01,2027-12-31,2029-12-31,2026-07-01,36,0.0,0
PAIM-618744,4L of Thirumangalam to Vadugapatti section from km 0.000 to km 36.000 of NH-744 (NHAI) (618744),Infrastructure & Highways,Ministry of Road Transport & Highways,618744,Tamil Nadu,4192.09,4192.09,2296.43,54.8,2022-03-01,2026-12-31,2029-12-31,2026-07-01,36,0.0,0
PAIM-618756,Melur - Pilayarpatti - Karaikudi from km 99.920 of NH 38 to km 12.9 of NH 383 Ext. (NHAI) (618756),Infrastructure & Highways,Ministry of Road Transport & Highways,618756,Tamil Nadu,274.23,274.23,99.17,36.2,2023-03-01,2027-12-31,2027-12-31,2026-07-01,36,0.0,0
PAIM-618800,Km 4.604 to Km 9.700 (NHAI) (618800),Infrastructure & Highways,Ministry of Road Transport & Highways,618800,Tamil Nadu,3554.48,3554.48,3020.86,85.0,2023-03-01,2028-12-31,2029-12-31,2026-07-01,18,0.0,0
PAIM-618801,0342 to Km 4604 (NHAI) (618801),Infrastructure & Highways,Ministry of Road Transport & Highways,618801,Tamil Nadu,1631.73,1631.73,1116.78,68.4,2021-03-01,2028-12-31,2029-12-31,2026-07-01,36,0.0,0
PAIM-618846,Poondiyankuppam Km.67.000 to Sattanathapuram Km.123.800 (NHAI) (618846),Infrastructure & Highways,Ministry of Road Transport & Highways,618846,Tamil Nadu,1531.43,1531.43,360.71,23.6,2024-03-01,2026-12-31,2027-12-31,2026-07-01,0,0.0,0
PAIM-618894,83 (NHAI) (618894),Infrastructure & Highways,Ministry of Road Transport & Highways,618894,Tamil Nadu,1518.18,1518.18,524.56,34.6,2024-03-01,2027-12-31,2027-12-31,2026-07-01,6,0.0,0
PAIM-618895,Kamalapuram to Oddanchatram from km. 0.00 to km. 35.822 (NHAI) (618895),Infrastructure & Highways,Ministry of Road Transport & Highways,618895,Tamil Nadu,3370.41,3370.41,1855.3,55.0,2023-03-01,2026-12-31,2028-12-31,2026-07-01,12,0.0,0
PAIM-618898,Km 65.96 of NH-45C in Tamil Nadu under NHDP Phase-IV on EPC mode (NHAI) (618898),Infrastructure & Highways,Ministry of Road Transport & Highways,618898,Tamil Nadu,1219.2,1219.2,974.84,80.0,2021-03-01,2026-12-31,2027-12-31,2026-07-01,6,0.0,0
PAIM-618899,Kallagam km.38.700 to Meensurutti Km.98.433 of NH-227 in Tamil Nadu (NHAI) (618899),Infrastructure & Highways,Ministry of Road Transport & Highways,618899,Tamil Nadu,2194.56,2194.56,783.01,35.7,2021-03-01,2027-12-31,2028-12-31,2026-07-01,0,0.0,0
PAIM-619045,Km 14.185 to Km 20.593 (NHAI) (619045),Infrastructure & Highways,Ministry of Road Transport & Highways,619045,Tamil Nadu,1840.06,1840.06,252.23,13.7,2021-03-01,2027-12-31,2028-12-31,2026-07-01,6,0.0,0
PAIM-619074,NHDP-V (NHAI) (619074),Infrastructure & Highways,Ministry of Road Transport & Highways,619074,Tamil Nadu,2030.06,2030.06,1154.59,56.9,2022-03-01,2027-12-31,2028-12-31,2026-07-01,0,0.0,0
PAIM-619086,Walayar K183.010 Package No. NS-2/BOT/TN-08 (NHAI) (619086),Infrastructure & Highways,Ministry of Road Transport & Highways,619086,Tamil Nadu,642.88,642.88,218.29,34.0,2023-03-01,2026-12-31,2028-12-31,2026-07-01,18,0.0,0
PAIM-619094,Dhamrapuri Pkg-2] (NHAI) (619094),Infrastructure & Highways,Ministry of Road Transport & Highways,619094,Tamil Nadu,3553.76,3553.76,1331.38,37.5,2021-03-01,2028-12-31,2029-12-31,2026-07-01,24,0.0,0
PAIM-619129,Mahabalipuram - Pondicherry Pkg-I [Mamallapuram to Mugaiyur] (NHAI) (619129),Infrastructure & Highways,Ministry of Road Transport & Highways,619129,Tamil Nadu,2199.77,2199.77,807.11,36.7,2024-03-01,2026-12-31,2029-12-31,2026-07-01,18,0.0,0
PAIM-619130,Mahabalipuram - Pondicherry Pkg-II [Mugaiyur to Marakkanam] (NHAI) (619130),Infrastructure & Highways,Ministry of Road Transport & Highways,619130,Tamil Nadu,1989.44,1989.44,902.5,45.4,2021-03-01,2028-12-31,2027-12-31,2026-07-01,18,0.0,0
PAIM-619131,Four Laning of Chettikulam to Natham section of NH-785 (NHAI) (619131),Infrastructure & Highways,Ministry of Road Transport & Highways,619131,Tamil Nadu,3921.92,3921.92,2767.78,70.6,2022-03-01,2028-12-31,2027-12-31,2026-07-01,12,0.0,0
PAIM-619139,Km 9.700 to Km 14.185 (NHAI) (619139),Infrastructure & Highways,Ministry of Road Transport & Highways,619139,Tamil Nadu,4472.44,4472.44,1417.65,31.7,2023-03-01,2027-12-31,2028-12-31,2026-07-01,18,0.0,0
PAIM-619156,4 Laning of Paramakudi to Ramanathapuram Section of NH-87 Old NH-49 (NHAI) (619156),Infrastructure & Highways,Ministry of Road Transport & Highways,619156,Tamil Nadu,991.59,991.59,681.33,68.7,2023-03-01,2026-12-31,2028-12-31,2026-07-01,6,0.0,0
PAIM-619161,Tirupati Package-1 (NHAI) (619161),Infrastructure & Highways,Ministry of Road Transport & Highways,619161,Tamil Nadu,3203.59,3203.59,982.16,30.7,2022-03-01,2028-12-31,2028-12-31,2026-07-01,18,0.0,0
PAIM-619222,17.520 kms of Tirupathi- Tiruttani- Chennai section of NH 205 (NHAI) (619222),Infrastructure & Highways,Ministry of Road Transport & Highways,619222,Tamil Nadu,2346.61,2346.61,1328.7,56.6,2024-03-01,2026-12-31,2027-12-31,2026-07-01,0,0.0,0
PAIM-617913,Bangalore section of NH-44 Under NHO EPC basis in the state of Telangana (MoRTH) (617913),Infrastructure & Highways,Ministry of Road Transport & Highways,617913,Telangana,1559.31,1559.31,203.37,13.0,2022-03-01,2027-12-31,2028-12-31,2026-07-01,18,0.0,0
PAIM-617936,Telangana. (MoRTH) (617936),Infrastructure & Highways,Ministry of Road Transport & Highways,617936,Telangana,1372.51,1372.51,559.38,40.8,2021-03-01,2028-12-31,2029-12-31,2026-07-01,12,0.0,0
PAIM-617939,Sangareddy X Roads to Madinaguda in the State of Telangana (MoRTH) (617939),Infrastructure & Highways,Ministry of Road Transport & Highways,617939,Telangana,3197.62,3197.62,1397.12,43.7,2022-03-01,2026-12-31,2027-12-31,2026-07-01,6,0.0,0
PAIM-617940,under NH O for the year 2020-21 in the state of Telangana on EPC Mode. (MoRTH) (617940),Infrastructure & Highways,Ministry of Road Transport & Highways,617940,Telangana,629.16,629.16,298.17,47.4,2023-03-01,2028-12-31,2028-12-31,2026-07-01,6,0.0,0
PAIM-617980,mode in the state of Telangana (MoRTH) (617980),Infrastructure & Highways,Ministry of Road Transport & Highways,617980,Telangana,2583.49,2583.49,261.42,10.1,2021-03-01,2028-12-31,2029-12-31,2026-07-01,18,0.0,0
PAIM-617983,2020-21 on EPC Mode in the state of Telangana. (MoRTH) (617983),Infrastructure & Highways,Ministry of Road Transport & Highways,617983,Telangana,3249.29,3249.29,1049.3,32.3,2022-03-01,2026-12-31,2028-12-31,2026-07-01,0,0.0,0
PAIM-617994,Telangana (MoRTH) (617994),Infrastructure & Highways,Ministry of Road Transport & Highways,617994,Telangana,650.33,650.33,517.8,79.6,2023-03-01,2027-12-31,2029-12-31,2026-07-01,18,0.0,0
PAIM-617995,Telangana on EPC mode under NH O Annual Plan 2016-17 (MoRTH) (617995),Infrastructure & Highways,Ministry of Road Transport & Highways,617995,Telangana,4045.61,4045.61,1035.46,25.6,2023-03-01,2026-12-31,2029-12-31,2026-07-01,6,0.0,0
PAIM-618001,of Telangana (MoRTH) (618001),Infrastructure & Highways,Ministry of Road Transport & Highways,618001,Telangana,2400.73,2400.73,1221.54,50.9,2021-03-01,2026-12-31,2028-12-31,2026-07-01,12,0.0,0
PAIM-618025,mode (MoRTH) (618025),Infrastructure & Highways,Ministry of Road Transport & Highways,618025,Telangana,2436.81,2436.81,1144.5,47.0,2021-03-01,2026-12-31,2027-12-31,2026-07-01,12,0.0,0
PAIM-618091,2021-22 on EPC mode under NHO (MoRTH) (618091),Infrastructure & Highways,Ministry of Road Transport & Highways,618091,Telangana,2181.34,2181.34,1787.16,81.9,2022-03-01,2028-12-31,2029-12-31,2026-07-01,24,0.0,0
PAIM-618104,plan 2021-22 on EPC mode under NHO. (MoRTH) (618104),Infrastructure & Highways,Ministry of Road Transport & Highways,618104,Telangana,4452.92,4452.92,1679.84,37.7,2023-03-01,2027-12-31,2027-12-31,2026-07-01,12,0.0,0
PAIM-618105,Telangana on EPC mode. (MoRTH) (618105),Infrastructure & Highways,Ministry of Road Transport & Highways,618105,Telangana,3304.33,3304.33,1839.54,55.7,2024-03-01,2027-12-31,2029-12-31,2026-07-01,18,0.0,0
PAIM-618106,2021-22-75 (MoRTH) (618106),Infrastructure & Highways,Ministry of Road Transport & Highways,618106,Telangana,438.72,438.72,295.58,67.4,2023-03-01,2026-12-31,2028-12-31,2026-07-01,0,0.0,0
PAIM-618130,section of NH 353B in the State of Telangana (MoRTH) (618130),Infrastructure & Highways,Ministry of Road Transport & Highways,618130,Telangana,287.3,287.3,222.6,77.5,2022-03-01,2027-12-31,2028-12-31,2026-07-01,6,0.0,0
PAIM-618140,365A on Kodad-Khammam-Kurvi road. (MoRTH) (618140),Infrastructure & Highways,Ministry of Road Transport & Highways,618140,Telangana,3961.76,3961.76,2011.13,50.8,2023-03-01,2027-12-31,2028-12-31,2026-07-01,12,0.0,0
PAIM-618141,Telangana on EPC Mode (MoRTH) (618141),Infrastructure & Highways,Ministry of Road Transport & Highways,618141,Telangana,3143.16,3143.16,1404.66,44.7,2023-03-01,2027-12-31,2029-12-31,2026-07-01,0,0.0,0
PAIM-618182,Annual plan 2022-23 (MoRTH) (618182),Infrastructure & Highways,Ministry of Road Transport & Highways,618182,Telangana,4175.27,4175.27,1430.44,34.3,2022-03-01,2028-12-31,2028-12-31,2026-07-01,18,0.0,0
PAIM-618183,mode under NHO (MoRTH) (618183),Infrastructure & Highways,Ministry of Road Transport & Highways,618183,Telangana,1601.46,1601.46,1222.98,76.4,2021-03-01,2026-12-31,2029-12-31,2026-07-01,6,0.0,0
PAIM-618186,"Telangana on Engineering, Procurement and Construction EPC Basis (MoRTH) (618186)",Infrastructure & Highways,Ministry of Road Transport & Highways,618186,Telangana,1231.61,1231.61,982.81,79.8,2022-03-01,2026-12-31,2027-12-31,2026-07-01,36,0.0,0
PAIM-618190,22 on EPC Mode under NH  O. (MoRTH) (618190),Infrastructure & Highways,Ministry of Road Transport & Highways,618190,Telangana,2053.71,2053.71,1172.49,57.1,2022-03-01,2026-12-31,2027-12-31,2026-07-01,12,0.0,0
PAIM-618196,2021-22 on EPC mode (MoRTH) (618196),Infrastructure & Highways,Ministry of Road Transport & Highways,618196,Telangana,580.36,580.36,71.66,12.3,2023-03-01,2028-12-31,2028-12-31,2026-07-01,0,0.0,0
PAIM-618197,EPC mode (MoRTH) (618197),Infrastructure & Highways,Ministry of Road Transport & Highways,618197,Telangana,1364.61,1364.61,665.22,48.7,2023-03-01,2026-12-31,2028-12-31,2026-07-01,18,0.0,0
PAIM-618746,village to Somavaram village Design Chainage 0000 to 33604] (NHAI) (618746),Infrastructure & Highways,Ministry of Road Transport & Highways,618746,Telangana,1430.03,1430.03,990.67,69.3,2022-03-01,2027-12-31,2029-12-31,2026-07-01,24,0.0,0
PAIM-618765,4L of Karimnagar-Warangal section from km 49.500 to km 117.820 of NH-563 (NHAI) (618765),Infrastructure & Highways,Ministry of Road Transport & Highways,618765,Telangana,3674.34,3674.34,1068.26,29.1,2023-03-01,2026-12-31,2029-12-31,2026-07-01,6,0.0,0
PAIM-618811,112.240 KmPackage-III (NHAI) (618811),Infrastructure & Highways,Ministry of Road Transport & Highways,618811,Telangana,546.26,546.26,70.16,12.8,2024-03-01,2028-12-31,2028-12-31,2026-07-01,12,0.0,0
PAIM-618812,at Design Ch. 35.300 Km to Pangidipalle village at Design Ch. 72.350 KmPackage-II (NHAI) (618812),Infrastructure & Highways,Ministry of Road Transport & Highways,618812,Telangana,749.46,749.46,110.61,14.8,2024-03-01,2028-12-31,2029-12-31,2026-07-01,36,0.0,0
PAIM-618813,Design Ch. 3.834 Km to Puttapaka village at Design Ch. 35.300 Km Package-I (NHAI) (618813),Infrastructure & Highways,Ministry of Road Transport & Highways,618813,Telangana,4122.11,4122.11,772.77,18.7,2023-03-01,2028-12-31,2027-12-31,2026-07-01,36,0.0,0
PAIM-618814,Venkatpur village in Warangal District at Design Ch. 150.240 KmPackage-I (NHAI) (618814),Infrastructure & Highways,Ministry of Road Transport & Highways,618814,Telangana,3921.36,3921.36,1891.24,48.2,2024-03-01,2028-12-31,2028-12-31,2026-07-01,18,0.0,0
PAIM-618815,Thallasenkesa village in Mahabubabed District at Design Ch. 189.650 kmPackage-II (NHAI) (618815),Infrastructure & Highways,Ministry of Road Transport & Highways,618815,Telangana,2734.49,2734.49,706.64,25.8,2022-03-01,2026-12-31,2027-12-31,2026-07-01,6,0.0,0
PAIM-618816,Khammam District at Design Ch. 220.480 KmPackage-III (NHAI) (618816),Infrastructure & Highways,Ministry of Road Transport & Highways,618816,Telangana,3801.37,3801.37,1477.36,38.9,2021-03-01,2027-12-31,2029-12-31,2026-07-01,24,0.0,0
PAIM-618817,at Design Ch. 250.400 Km Package-I. (NHAI) (618817),Infrastructure & Highways,Ministry of Road Transport & Highways,618817,Telangana,264.32,264.32,145.24,54.9,2024-03-01,2026-12-31,2028-12-31,2026-07-01,0,0.0,0
PAIM-618944,Hyderabad - Maneguda (NHAI) (618944),Infrastructure & Highways,Ministry of Road Transport & Highways,618944,Telangana,4049.5,4049.5,859.2,21.2,2023-03-01,2026-12-31,2028-12-31,2026-07-01,12,0.0,0
PAIM-618945,31.800/Existing Km 29.400 of NH-365A (NHAI) (618945),Infrastructure & Highways,Ministry of Road Transport & Highways,618945,Telangana,3897.08,3897.08,526.94,13.5,2023-03-01,2026-12-31,2028-12-31,2026-07-01,6,0.0,0
PAIM-619009,Telangana on EPC Mode under Annual Plan 2022-23 (MoRTH) (619009),Infrastructure & Highways,Ministry of Road Transport & Highways,619009,Telangana,1694.84,1694.84,1323.03,78.1,2024-03-01,2028-12-31,2029-12-31,2026-07-01,36,0.0,0
PAIM-619128,village to Chintagudem village Design Chainage 33604 to 63117] (NHAI) (619128),Infrastructure & Highways,Ministry of Road Transport & Highways,619128,Telangana,2973.72,2973.72,1835.3,61.7,2023-03-01,2026-12-31,2029-12-31,2026-07-01,18,0.0,0
PAIM-619165,Thanamcherla-Jamandlapally 2LPS (NHAI) (619165),Infrastructure & Highways,Ministry of Road Transport & Highways,619165,Telangana,3088.48,3088.48,1113.14,36.0,2023-03-01,2028-12-31,2029-12-31,2026-07-01,24,0.0,0
PAIM-619193,Telangana through EPC mode (MoRTH) (619193),Infrastructure & Highways,Ministry of Road Transport & Highways,619193,Telangana,815.64,815.64,565.73,69.4,2024-03-01,2026-12-31,2027-12-31,2026-07-01,36,0.0,0
PAIM-619253,State of Telangara on EPC under Annual Plan 2024 -25 (MoRTH) (619253),Infrastructure & Highways,Ministry of Road Transport & Highways,619253,Telangana,2293.28,2293.28,1688.94,73.6,2022-03-01,2028-12-31,2027-12-31,2026-07-01,12,0.0,0
PAIM-617963,92 under EPC mode in the State of Uttar Pradesh (MoRTH) (617963),Infrastructure & Highways,Ministry of Road Transport & Highways,617963,Uttar Pradesh,3706.0,3706.0,1396.78,37.7,2021-03-01,2028-12-31,2029-12-31,2026-07-01,24,0.0,0
PAIM-617964,EPC mode in the state of Uttar Pradesh. (MoRTH) (617964),Infrastructure & Highways,Ministry of Road Transport & Highways,617964,Uttar Pradesh,479.11,479.11,216.93,45.3,2024-03-01,2027-12-31,2027-12-31,2026-07-01,18,0.0,0
PAIM-618009,24B Phase-1 on EPC mode. (MoRTH) (618009),Infrastructure & Highways,Ministry of Road Transport & Highways,618009,Uttar Pradesh,4446.17,4446.17,508.86,11.4,2023-03-01,2028-12-31,2028-12-31,2026-07-01,24,0.0,0
PAIM-618054,km.223.000 of NH-330 to km.328.300 of NH-730 under EPC mode (MoRTH) (618054),Infrastructure & Highways,Ministry of Road Transport & Highways,618054,Uttar Pradesh,1864.29,1864.29,911.93,48.9,2023-03-01,2028-12-31,2029-12-31,2026-07-01,24,0.0,0
PAIM-618055,mode in the State of Uttar Pradesh. (MoRTH) (618055),Infrastructure & Highways,Ministry of Road Transport & Highways,618055,Uttar Pradesh,4337.06,4337.06,2707.67,62.4,2022-03-01,2028-12-31,2027-12-31,2026-07-01,24,0.0,0
PAIM-618056,Uttar Pradesh EPC basis (MoRTH) (618056),Infrastructure & Highways,Ministry of Road Transport & Highways,618056,Uttar Pradesh,3748.02,3748.02,3026.47,80.7,2021-03-01,2027-12-31,2029-12-31,2026-07-01,36,0.0,0
PAIM-618057,Pradesh (MoRTH) (618057),Infrastructure & Highways,Ministry of Road Transport & Highways,618057,Uttar Pradesh,2560.12,2560.12,351.85,13.7,2021-03-01,2026-12-31,2027-12-31,2026-07-01,12,0.0,0
PAIM-618063,km.40.00 of NH-91-A on EPC mode (MoRTH) (618063),Infrastructure & Highways,Ministry of Road Transport & Highways,618063,Uttar Pradesh,1953.26,1953.26,1380.2,70.7,2021-03-01,2026-12-31,2027-12-31,2026-07-01,6,0.0,0
PAIM-618066,state of Uttar Pradesh (MoRTH) (618066),Infrastructure & Highways,Ministry of Road Transport & Highways,618066,Uttar Pradesh,1432.49,1432.49,201.06,14.0,2021-03-01,2027-12-31,2028-12-31,2026-07-01,18,0.0,0
PAIM-618067,"Engineering, Procurement & Construction EpC mode in the State of Uttar Pradesh (MoRTH) (618067)",Infrastructure & Highways,Ministry of Road Transport & Highways,618067,Uttar Pradesh,1627.32,1627.32,555.02,34.1,2022-03-01,2026-12-31,2028-12-31,2026-07-01,0,0.0,0
PAIM-618075,design km. 0.000 to km. 54.048 of NH-124D (MoRTH) (618075),Infrastructure & Highways,Ministry of Road Transport & Highways,618075,Uttar Pradesh,2600.44,2600.44,1197.7,46.1,2022-03-01,2027-12-31,2029-12-31,2026-07-01,18,0.0,0
PAIM-618081,53.540 to Km.59.200 of NH-135A on EPC mode in the state of Uttar Pradesh (MoRTH) (618081),Infrastructure & Highways,Ministry of Road Transport & Highways,618081,Uttar Pradesh,2707.65,2707.65,1076.22,39.7,2023-03-01,2026-12-31,2028-12-31,2026-07-01,36,0.0,0
PAIM-618082,km.73.134 Jaunpur of NH-135A on EPC mode (MoRTH) (618082),Infrastructure & Highways,Ministry of Road Transport & Highways,618082,Uttar Pradesh,952.66,952.66,713.47,74.9,2023-03-01,2028-12-31,2029-12-31,2026-07-01,24,0.0,0
PAIM-618111,Barhalganj in the State of UP on EPC Mode. (MoRTH) (618111),Infrastructure & Highways,Ministry of Road Transport & Highways,618111,Uttar Pradesh,3652.38,3652.38,2833.68,77.6,2021-03-01,2027-12-31,2028-12-31,2026-07-01,24,0.0,0
PAIM-618112,in the State of Uttar Pradesh on EPC basis (MoRTH) (618112),Infrastructure & Highways,Ministry of Road Transport & Highways,618112,Uttar Pradesh,2650.28,2650.28,1863.7,70.3,2023-03-01,2028-12-31,2029-12-31,2026-07-01,18,0.0,0
PAIM-618113,basis. (MoRTH) (618113),Infrastructure & Highways,Ministry of Road Transport & Highways,618113,Uttar Pradesh,3286.5,3286.5,2099.99,63.9,2023-03-01,2028-12-31,2029-12-31,2026-07-01,18,0.0,0
PAIM-618114,the State of Uttar Pradesh (MoRTH) (618114),Infrastructure & Highways,Ministry of Road Transport & Highways,618114,Uttar Pradesh,2904.03,2904.03,1852.79,63.8,2023-03-01,2028-12-31,2029-12-31,2026-07-01,6,0.0,0
PAIM-618116,NH-227B 84 Kosi Parikrama Marg to 2LPS along with Parikrama Path (MoRTH) (618116),Infrastructure & Highways,Ministry of Road Transport & Highways,618116,Uttar Pradesh,2235.28,2235.28,800.89,35.8,2023-03-01,2026-12-31,2028-12-31,2026-07-01,36,0.0,0
PAIM-618124,State of Uttar Pradesh (MoRTH) (618124),Infrastructure & Highways,Ministry of Road Transport & Highways,618124,Uttar Pradesh,3155.6,3155.6,2097.98,66.5,2021-03-01,2026-12-31,2028-12-31,2026-07-01,6,0.0,0
PAIM-618162,under HAM (MoRTH) (618162),Infrastructure & Highways,Ministry of Road Transport & Highways,618162,Uttar Pradesh,454.47,454.47,151.7,33.4,2024-03-01,2026-12-31,2027-12-31,2026-07-01,6,0.0,0
PAIM-618163,"on Engineering, Procurement & Construction EPC Basis. (MoRTH) (618163)",Infrastructure & Highways,Ministry of Road Transport & Highways,618163,Uttar Pradesh,1621.72,1621.72,951.95,58.7,2022-03-01,2028-12-31,2027-12-31,2026-07-01,0,0.0,0
PAIM-618164,of NH-731A i/c Yamuna Bridge on HAM in the state of Uttar Pradesh. (MoRTH) (618164),Infrastructure & Highways,Ministry of Road Transport & Highways,618164,Uttar Pradesh,2818.93,2818.93,1866.29,66.2,2024-03-01,2028-12-31,2027-12-31,2026-07-01,12,0.0,0
PAIM-618166,731A with paved shoulders on Hybrid Annuity Mode in the state of Uttar Pradesh (MoRTH) (618166),Infrastructure & Highways,Ministry of Road Transport & Highways,618166,Uttar Pradesh,3511.53,3511.53,506.8,14.4,2021-03-01,2028-12-31,2028-12-31,2026-07-01,18,0.0,0
PAIM-618168,NH-731B on EPC mode in the state of Uttar Pradesh (MoRTH) (618168),Infrastructure & Highways,Ministry of Road Transport & Highways,618168,Uttar Pradesh,4204.75,4204.75,1389.34,33.0,2023-03-01,2028-12-31,2029-12-31,2026-07-01,0,0.0,0
PAIM-618169,Ch.49.2OO of NH-731B on EPC Mode (MoRTH) (618169),Infrastructure & Highways,Ministry of Road Transport & Highways,618169,Uttar Pradesh,4249.5,4249.5,2513.67,59.2,2023-03-01,2028-12-31,2027-12-31,2026-07-01,24,0.0,0
PAIM-618187,areas in a total length of 9.732 km in the state of Uttar Pradesh on EPC mode (MoRTH) (618187),Infrastructure & Highways,Ministry of Road Transport & Highways,618187,Uttar Pradesh,2810.71,2810.71,1291.6,46.0,2023-03-01,2026-12-31,2029-12-31,2026-07-01,18,0.0,0
PAIM-618233,Allahabad on EPC mode (MoRTH) (618233),Infrastructure & Highways,Ministry of Road Transport & Highways,618233,Uttar Pradesh,2586.73,2586.73,1872.16,72.4,2022-03-01,2027-12-31,2028-12-31,2026-07-01,0,0.0,0
PAIM-618240,assistance of world Bank on EPC mode. (MoRTH) (618240),Infrastructure & Highways,Ministry of Road Transport & Highways,618240,Uttar Pradesh,534.78,534.78,330.27,61.8,2024-03-01,2028-12-31,2028-12-31,2026-07-01,36,0.0,0
PAIM-618243,state of Uttar Pradesh on HAM mode (MoRTH) (618243),Infrastructure & Highways,Ministry of Road Transport & Highways,618243,Uttar Pradesh,3160.54,3160.54,1938.62,61.3,2023-03-01,2028-12-31,2029-12-31,2026-07-01,24,0.0,0
PAIM-618244,Raebareli City in the state of Uttar Pradesh on Hybrid Annuity Model HAM basis (MoRTH) (618244),Infrastructure & Highways,Ministry of Road Transport & Highways,618244,Uttar Pradesh,4015.79,4015.79,559.3,13.9,2021-03-01,2027-12-31,2029-12-31,2026-07-01,12,0.0,0
PAIM-618247,0.000 to km 15.000 of NH 135A in the State of Uttar Pradesh on HAM Mode. (MoRTH) (618247),Infrastructure & Highways,Ministry of Road Transport & Highways,618247,Uttar Pradesh,668.11,668.11,240.91,36.1,2021-03-01,2027-12-31,2029-12-31,2026-07-01,0,0.0,0
PAIM-618248,Pradesh. (MoRTH) (618248),Infrastructure & Highways,Ministry of Road Transport & Highways,618248,Uttar Pradesh,3899.32,3899.32,1702.7,43.7,2021-03-01,2028-12-31,2027-12-31,2026-07-01,6,0.0,0
PAIM-618249,Akbarpur section on Hybrid Annuity Mode in the state of Uttar Pradesh (MoRTH) (618249),Infrastructure & Highways,Ministry of Road Transport & Highways,618249,Uttar Pradesh,2470.52,2470.52,361.83,14.6,2022-03-01,2027-12-31,2029-12-31,2026-07-01,0,0.0,0
PAIM-618252,the state of Uttar Pradesh on Hybrid Annuity Model HAM basis (MoRTH) (618252),Infrastructure & Highways,Ministry of Road Transport & Highways,618252,Uttar Pradesh,2280.64,2280.64,280.3,12.3,2022-03-01,2027-12-31,2027-12-31,2026-07-01,36,0.0,0
PAIM-618260,Annuity Mode HAM in the State of Uttar Pradesh (MoRTH) (618260),Infrastructure & Highways,Ministry of Road Transport & Highways,618260,Uttar Pradesh,1218.54,1218.54,647.7,53.2,2021-03-01,2026-12-31,2029-12-31,2026-07-01,24,0.0,0
PAIM-618262,shoulder configuration under Hybrid Annuity Mode HAM in the State of Uttar Pradesh (MoRTH) (618262),Infrastructure & Highways,Ministry of Road Transport & Highways,618262,Uttar Pradesh,2856.67,2856.67,1542.27,54.0,2023-03-01,2027-12-31,2029-12-31,2026-07-01,24,0.0,0
PAIM-618263,Uttar Pradesh (MoRTH) (618263),Infrastructure & Highways,Ministry of Road Transport & Highways,618263,Uttar Pradesh,3099.12,3099.12,506.49,16.3,2023-03-01,2027-12-31,2028-12-31,2026-07-01,12,0.0,0
PAIM-618264,NH-727B near Sikanderpur under EPC mode (MoRTH) (618264),Infrastructure & Highways,Ministry of Road Transport & Highways,618264,Uttar Pradesh,628.29,628.29,197.3,31.4,2024-03-01,2026-12-31,2029-12-31,2026-07-01,12,0.0,0
PAIM-618265,the loan assistance of world Bank on EPC mode. (MoRTH) (618265),Infrastructure & Highways,Ministry of Road Transport & Highways,618265,Uttar Pradesh,2908.47,2908.47,1781.01,61.2,2021-03-01,2027-12-31,2029-12-31,2026-07-01,18,0.0,0
PAIM-618266,assistance of world Bank on EPC mode. (MoRTH) (618266),Infrastructure & Highways,Ministry of Road Transport & Highways,618266,Uttar Pradesh,2656.99,2656.99,926.96,34.9,2024-03-01,2027-12-31,2028-12-31,2026-07-01,0,0.0,0
PAIM-618267,Pradesh. (MoRTH) (618267),Infrastructure & Highways,Ministry of Road Transport & Highways,618267,Uttar Pradesh,413.36,413.36,53.38,12.9,2022-03-01,2028-12-31,2028-12-31,2026-07-01,24,0.0,0
PAIM-618499,6L Elevated Kanpur - Lucknow Exeressway Pkg-1 from Km. 10980 to Km. 28500 (NHAI) (618499),Infrastructure & Highways,Ministry of Road Transport & Highways,618499,Uttar Pradesh,2498.11,2498.11,1703.82,68.2,2022-03-01,2027-12-31,2028-12-31,2026-07-01,24,0.0,0
PAIM-618500,Km 8.520 of NH-235 Pkg-5 (NHAI) (618500),Infrastructure & Highways,Ministry of Road Transport & Highways,618500,Uttar Pradesh,4083.57,4083.57,1446.14,35.4,2022-03-01,2026-12-31,2028-12-31,2026-07-01,0,0.0,0
PAIM-618529,Revasa Village km 818.80 / NH-2 (NHAI) (618529),Infrastructure & Highways,Ministry of Road Transport & Highways,618529,Uttar Pradesh,2999.0,2999.0,379.94,12.7,2022-03-01,2026-12-31,2027-12-31,2026-07-01,0,0.0,0
PAIM-618536,Pakari Package-IV in State of Uttar Pradesh. (NHAI) (618536),Infrastructure & Highways,Ministry of Road Transport & Highways,618536,Uttar Pradesh,4318.83,4318.83,851.43,19.7,2022-03-01,2027-12-31,2029-12-31,2026-07-01,36,0.0,0
PAIM-618537,Sachendi I to Maharajpur Package-I (NHAI) (618537),Infrastructure & Highways,Ministry of Road Transport & Highways,618537,Uttar Pradesh,371.69,371.69,288.66,77.7,2022-03-01,2028-12-31,2027-12-31,2026-07-01,36,0.0,0
PAIM-618538,Harbanch-Uchti Pkg-III (NHAI) (618538),Infrastructure & Highways,Ministry of Road Transport & Highways,618538,Uttar Pradesh,4185.07,4185.07,2170.9,51.9,2022-03-01,2028-12-31,2028-12-31,2026-07-01,36,0.0,0
PAIM-618539,Sathara Package-II B (NHAI) (618539),Infrastructure & Highways,Ministry of Road Transport & Highways,618539,Uttar Pradesh,1365.03,1365.03,366.28,26.8,2022-03-01,2027-12-31,2027-12-31,2026-07-01,36,0.0,0
PAIM-618540,to Transganga Package-IIA (NHAI) (618540),Infrastructure & Highways,Ministry of Road Transport & Highways,618540,Uttar Pradesh,1524.51,1524.51,288.34,18.9,2023-03-01,2028-12-31,2029-12-31,2026-07-01,18,0.0,0
PAIM-618554,NH-44 village Bad from Km. 0.000 to Km. 7.772 (NHAI) (618554),Infrastructure & Highways,Ministry of Road Transport & Highways,618554,Uttar Pradesh,2050.66,2050.66,1240.62,60.5,2021-03-01,2026-12-31,2028-12-31,2026-07-01,12,0.0,0
PAIM-618566,29E Chainage 83.308 and end at NH-28 Chainage 285.100 (NHAI) (618566),Infrastructure & Highways,Ministry of Road Transport & Highways,618566,Uttar Pradesh,3691.73,3691.73,707.8,19.2,2023-03-01,2026-12-31,2029-12-31,2026-07-01,6,0.0,0
PAIM-618567,of existing NH-27 part-1 and part-2 south of NH-27 from km 0.000 to km 5.000. (NHAI) (618567),Infrastructure & Highways,Ministry of Road Transport & Highways,618567,Uttar Pradesh,1301.48,1301.48,674.71,51.8,2022-03-01,2026-12-31,2028-12-31,2026-07-01,12,0.0,0
PAIM-618568,112.540 and ending at Km. 153.281 of NH-27 (NHAI) (618568),Infrastructure & Highways,Ministry of Road Transport & Highways,618568,Uttar Pradesh,3871.26,3871.26,3069.37,79.3,2022-03-01,2028-12-31,2027-12-31,2026-07-01,6,0.0,0
PAIM-618669,EC in MP & UP on HAM (NHAI) (618669),Infrastructure & Highways,Ministry of Road Transport & Highways,618669,Uttar Pradesh,883.78,883.78,749.96,84.9,2021-03-01,2026-12-31,2027-12-31,2026-07-01,6,0.0,0
PAIM-618690,UP on HAM mode (NHAI) (618690),Infrastructure & Highways,Ministry of Road Transport & Highways,618690,Uttar Pradesh,1170.11,1170.11,698.2,59.7,2022-03-01,2027-12-31,2029-12-31,2026-07-01,24,0.0,0
PAIM-618710,DL/UP Border - EPE Crossing Pkg-02 (NHAI) (618710),Infrastructure & Highways,Ministry of Road Transport & Highways,618710,Uttar Pradesh,2732.09,2732.09,461.24,16.9,2024-03-01,2026-12-31,2027-12-31,2026-07-01,36,0.0,0
PAIM-618722,to km 45.500 (NHAI) (618722),Infrastructure & Highways,Ministry of Road Transport & Highways,618722,Uttar Pradesh,758.68,758.68,282.8,37.3,2023-03-01,2026-12-31,2027-12-31,2026-07-01,36,0.0,0
PAIM-618761,bypassing Meerut Town of NH 709 A (NHAI) (618761),Infrastructure & Highways,Ministry of Road Transport & Highways,618761,Uttar Pradesh,3789.88,3789.88,3043.66,80.3,2022-03-01,2026-12-31,2029-12-31,2026-07-01,6,0.0,0
PAIM-618768,144.60 to Km. 28.000 near Asroi village in Hathras of NH-509 Package-I (NHAI) (618768),Infrastructure & Highways,Ministry of Road Transport & Highways,618768,Uttar Pradesh,2355.55,2355.55,1425.39,60.5,2023-03-01,2027-12-31,2027-12-31,2026-07-01,36,0.0,0
PAIM-618782,4L of Bareilly-Pilibhit-Sitarganj from Km. 0.000 to Km. 32.500 of NH-30 Pkg-1 (NHAI) (618782),Infrastructure & Highways,Ministry of Road Transport & Highways,618782,Uttar Pradesh,1444.32,1444.32,1079.8,74.8,2022-03-01,2026-12-31,2027-12-31,2026-07-01,0,0.0,0
PAIM-618798,4L of Sonauli - Gorakhpur (NHAI) (618798),Infrastructure & Highways,Ministry of Road Transport & Highways,618798,Uttar Pradesh,1539.36,1539.36,223.78,14.5,2023-03-01,2028-12-31,2028-12-31,2026-07-01,24,0.0,0
PAIM-618842,Jaunpur Section  Design km 0.00 to Km 53177 of NH-31 (NHAI) (618842),Infrastructure & Highways,Ministry of Road Transport & Highways,618842,Uttar Pradesh,1918.18,1918.18,884.98,46.1,2022-03-01,2027-12-31,2027-12-31,2026-07-01,0,0.0,0
PAIM-618843,Km 219/720 of NH-31 under NHO in the state of Uttar Pradesh on EPC mode (NHAI) (618843),Infrastructure & Highways,Ministry of Road Transport & Highways,618843,Uttar Pradesh,1679.63,1679.63,831.43,49.5,2023-03-01,2027-12-31,2028-12-31,2026-07-01,12,0.0,0
PAIM-618848,expansion of runway of Babatpur Airport Varanasi (NHAI) (618848),Infrastructure & Highways,Ministry of Road Transport & Highways,618848,Uttar Pradesh,1870.94,1870.94,1268.42,67.8,2024-03-01,2028-12-31,2028-12-31,2026-07-01,12,0.0,0
PAIM-618856,"175.080, from Start of Shahabad Bypass to End of Hardoi bypass of NH 731 Pkg-2B (NHAI) (618856)",Infrastructure & Highways,Ministry of Road Transport & Highways,618856,Uttar Pradesh,2375.01,2375.01,1254.4,52.8,2021-03-01,2027-12-31,2029-12-31,2026-07-01,36,0.0,0
PAIM-618858,731Pkg.-2A (NHAI) (618858),Infrastructure & Highways,Ministry of Road Transport & Highways,618858,Uttar Pradesh,4017.6,4017.6,2226.75,55.4,2023-03-01,2028-12-31,2028-12-31,2026-07-01,0,0.0,0
PAIM-618859,"260.800, End of Hardoi District to Lucknow Ring road of NH 731 Pkg-4 (NHAI) (618859)",Infrastructure & Highways,Ministry of Road Transport & Highways,618859,Uttar Pradesh,1311.13,1311.13,161.05,12.3,2024-03-01,2027-12-31,2029-12-31,2026-07-01,0,0.0,0
PAIM-618866,"218.000 Section of NH 530B, in the State of Uttar Pradesh on HAM Mode under NH0 (NHAI) (618866)",Infrastructure & Highways,Ministry of Road Transport & Highways,618866,Uttar Pradesh,4297.52,4297.52,2524.04,58.7,2023-03-01,2026-12-31,2027-12-31,2026-07-01,12,0.0,0
PAIM-618867,4L Kasganj-Badaun Section from Km. 123.100 to Km. 179.500 Pkg-III of NH530B (NHAI) (618867),Infrastructure & Highways,Ministry of Road Transport & Highways,618867,Uttar Pradesh,2200.35,2200.35,1739.92,79.1,2022-03-01,2027-12-31,2027-12-31,2026-07-01,12,0.0,0
PAIM-618868,530B (NHAI) (618868),Infrastructure & Highways,Ministry of Road Transport & Highways,618868,Uttar Pradesh,3464.96,3464.96,441.22,12.7,2022-03-01,2026-12-31,2028-12-31,2026-07-01,6,0.0,0
PAIM-618869,30 near Invertis University including Trumpet Interchange (NHAI) (618869),Infrastructure & Highways,Ministry of Road Transport & Highways,618869,Uttar Pradesh,629.53,629.53,393.36,62.5,2024-03-01,2028-12-31,2029-12-31,2026-07-01,18,0.0,0
PAIM-618883,42.500] on EPC Mode in the state of Uttar Pradesh. (NHAI) (618883),Infrastructure & Highways,Ministry of Road Transport & Highways,618883,Uttar Pradesh,4317.82,4317.82,820.02,19.0,2024-03-01,2028-12-31,2029-12-31,2026-07-01,36,0.0,0
PAIM-618884,78.150] on EPC Mode in the state of Uttar Pradesh. (NHAI) (618884),Infrastructure & Highways,Ministry of Road Transport & Highways,618884,Uttar Pradesh,4227.44,4227.44,610.3,14.4,2022-03-01,2027-12-31,2029-12-31,2026-07-01,6,0.0,0
PAIM-618885,EPC Mode in the state of Uttar Pradesh. (NHAI) (618885),Infrastructure & Highways,Ministry of Road Transport & Highways,618885,Uttar Pradesh,2073.23,2073.23,1632.26,78.7,2024-03-01,2028-12-31,2028-12-31,2026-07-01,12,0.0,0
PAIM-618893,Gorakhpur (NHAI) (618893),Infrastructure & Highways,Ministry of Road Transport & Highways,618893,Uttar Pradesh,1632.92,1632.92,437.75,26.8,2021-03-01,2026-12-31,2029-12-31,2026-07-01,36,0.0,0
PAIM-618911,13.700 connecting NH-24 to NH-87 bypassing rampur town (NHAI) (618911),Infrastructure & Highways,Ministry of Road Transport & Highways,618911,Uttar Pradesh,804.12,804.12,297.72,37.0,2021-03-01,2028-12-31,2029-12-31,2026-07-01,12,0.0,0
PAIM-618923,Design Length 39.560 Km  of NH-119 Pkg-II (NHAI) (618923),Infrastructure & Highways,Ministry of Road Transport & Highways,618923,Uttar Pradesh,284.15,284.15,61.47,21.6,2022-03-01,2026-12-31,2029-12-31,2026-07-01,18,0.0,0
PAIM-618924,2L PS of Najibabad Kotdwar section from 112.575 to Km. 138.635 of NH 119 (NHAI) (618924),Infrastructure & Highways,Ministry of Road Transport & Highways,618924,Uttar Pradesh,3388.81,3388.81,1664.31,49.1,2024-03-01,2026-12-31,2028-12-31,2026-07-01,12,0.0,0
PAIM-618925,Bijnor-Kotawali (NHAI) (618925),Infrastructure & Highways,Ministry of Road Transport & Highways,618925,Uttar Pradesh,1939.99,1939.99,1177.35,60.7,2024-03-01,2027-12-31,2029-12-31,2026-07-01,18,0.0,0
PAIM-618927,734 Pkg-II (NHAI) (618927),Infrastructure & Highways,Ministry of Road Transport & Highways,618927,Uttar Pradesh,249.13,249.13,191.5,76.9,2022-03-01,2026-12-31,2028-12-31,2026-07-01,18,0.0,0
PAIM-618929,Km. 33.200 Pkg-I (NHAI) (618929),Infrastructure & Highways,Ministry of Road Transport & Highways,618929,Uttar Pradesh,4396.23,4396.23,1646.19,37.4,2022-03-01,2028-12-31,2027-12-31,2026-07-01,36,0.0,0
PAIM-618960,43.200 - 50.860 (NHAI) (618960),Infrastructure & Highways,Ministry of Road Transport & Highways,618960,Uttar Pradesh,2695.34,2695.34,1283.62,47.6,2022-03-01,2027-12-31,2028-12-31,2026-07-01,12,0.0,0
PAIM-618961,34.400  43.200 (NHAI) (618961),Infrastructure & Highways,Ministry of Road Transport & Highways,618961,Uttar Pradesh,513.71,513.71,397.61,77.4,2021-03-01,2026-12-31,2028-12-31,2026-07-01,24,0.0,0
PAIM-618968,Bypass  from Km. 82.000 to Km. 119.790 Pkg-4 (NHAI) (618968),Infrastructure & Highways,Ministry of Road Transport & Highways,618968,Uttar Pradesh,3796.1,3796.1,2839.88,74.8,2021-03-01,2028-12-31,2029-12-31,2026-07-01,18,0.0,0
PAIM-618970,Km. 27.000 to Km. 56.500 Pkg-2 (NHAI) (618970),Infrastructure & Highways,Ministry of Road Transport & Highways,618970,Uttar Pradesh,1273.36,1273.36,982.58,77.2,2021-03-01,2027-12-31,2028-12-31,2026-07-01,12,0.0,0
PAIM-619162,74 Bypass of NH-119 (NHAI) (619162),Infrastructure & Highways,Ministry of Road Transport & Highways,619162,Uttar Pradesh,1910.94,1910.94,1251.75,65.5,2023-03-01,2026-12-31,2028-12-31,2026-07-01,36,0.0,0
PAIM-619168,Lohadda from Km. 0.000  to Km. 27.000 Pkg-1 (NHAI) (619168),Infrastructure & Highways,Ministry of Road Transport & Highways,619168,Uttar Pradesh,3531.84,3531.84,1436.84,40.7,2023-03-01,2027-12-31,2029-12-31,2026-07-01,18,0.0,0
PAIM-619194,State of Uttar Pradesh. (MoRTH) (619194),Infrastructure & Highways,Ministry of Road Transport & Highways,619194,Uttar Pradesh,2210.17,2210.17,1043.18,47.2,2023-03-01,2027-12-31,2027-12-31,2026-07-01,24,0.0,0
PAIM-619308,Dehradun  section  from Km.0 to Km.8.3 of NH-72A  Package-1 (NHAI) (619308),Infrastructure & Highways,Ministry of Road Transport & Highways,619308,Uttar Pradesh,906.0,906.0,683.18,75.4,2024-03-01,2026-12-31,2028-12-31,2026-07-01,36,0.0,0
PAIM-617888,296.925 10 location under EPC mode in the State of Uttarakhand on EPC Mode (MoRTH) (617888),Infrastructure & Highways,Ministry of Road Transport & Highways,617888,Multi-State,1651.07,1651.07,719.29,43.6,2023-03-01,2026-12-31,2028-12-31,2026-07-01,6,0.0,0
PAIM-617889,12509 in the State of Uttarakhand under EPC mode in NHO Annual Plan 2022-23 (MoRTH) (617889),Infrastructure & Highways,Ministry of Road Transport & Highways,617889,Multi-State,3813.35,3813.35,3166.1,83.0,2021-03-01,2026-12-31,2029-12-31,2026-07-01,12,0.0,0
PAIM-617890,9.847 of NH-125 in District-Champawat in the state of Uttrakhand on EPC mode. (MoRTH) (617890),Infrastructure & Highways,Ministry of Road Transport & Highways,617890,Multi-State,1991.47,1991.47,800.9,40.2,2022-03-01,2028-12-31,2029-12-31,2026-07-01,0,0.0,0
PAIM-617929,Km 47.700 existing Km 33.130 to Km 41.260 of NH-109 in the State of Uttarakhand (MoRTH) (617929),Infrastructure & Highways,Ministry of Road Transport & Highways,617929,Multi-State,2244.84,2244.84,1600.96,71.3,2023-03-01,2027-12-31,2028-12-31,2026-07-01,6,0.0,0
PAIM-617967,EPC mode in the state of Uttarakhand. (MoRTH) (617967),Infrastructure & Highways,Ministry of Road Transport & Highways,617967,Multi-State,4052.76,4052.76,2678.47,66.1,2021-03-01,2027-12-31,2029-12-31,2026-07-01,36,0.0,0
PAIM-617968,to Sitapur on NH 109 in UK (MoRTH) (617968),Infrastructure & Highways,Ministry of Road Transport & Highways,617968,Multi-State,3923.68,3923.68,1717.57,43.8,2021-03-01,2027-12-31,2027-12-31,2026-07-01,24,0.0,0
PAIM-617974,Dharasu to Yamunotri Road of NH- 134 Old NH-94 (MoRTH) (617974),Infrastructure & Highways,Ministry of Road Transport & Highways,617974,Multi-State,2028.87,2028.87,1584.77,78.1,2021-03-01,2027-12-31,2027-12-31,2026-07-01,12,0.0,0
PAIM-618039,Km 53.365 to Km 78.785 on NH- 507 in the State of Uttarakhand. (MoRTH) (618039),Infrastructure & Highways,Ministry of Road Transport & Highways,618039,Multi-State,1837.4,1837.4,929.66,50.6,2021-03-01,2028-12-31,2028-12-31,2026-07-01,36,0.0,0
PAIM-618040,534 in the State of Uttarakhand under NHO Annual Plan 2021-22 under EPC mode (MoRTH) (618040),Infrastructure & Highways,Ministry of Road Transport & Highways,618040,Multi-State,3794.49,3794.49,3220.93,84.9,2023-03-01,2026-12-31,2027-12-31,2026-07-01,24,0.0,0
PAIM-618041,2021-22. (MoRTH) (618041),Infrastructure & Highways,Ministry of Road Transport & Highways,618041,Multi-State,3466.32,3466.32,2869.83,82.8,2024-03-01,2026-12-31,2029-12-31,2026-07-01,18,0.0,0
PAIM-618119,309Ain the State of Uttarakhand Package-IV under NHO Annual Plan 2021-22 (MoRTH) (618119),Infrastructure & Highways,Ministry of Road Transport & Highways,618119,Multi-State,2949.16,2949.16,2412.55,81.8,2023-03-01,2027-12-31,2027-12-31,2026-07-01,36,0.0,0
PAIM-618207,under Annual Plan 2022-23 length 50.987 (MoRTH) (618207),Infrastructure & Highways,Ministry of Road Transport & Highways,618207,Multi-State,276.43,276.43,97.08,35.1,2023-03-01,2026-12-31,2027-12-31,2026-07-01,18,0.0,0
PAIM-618209,Uttarakhand Length 6.35 km (MoRTH) (618209),Infrastructure & Highways,Ministry of Road Transport & Highways,618209,Multi-State,3798.01,3798.01,922.74,24.3,2024-03-01,2027-12-31,2029-12-31,2026-07-01,6,0.0,0
PAIM-618210,Length-35.605 Km CA No EPC/MORT&H/HRK/01/2021-22 (MoRTH) (618210),Infrastructure & Highways,Ministry of Road Transport & Highways,618210,Multi-State,226.3,226.3,107.39,47.5,2022-03-01,2028-12-31,2029-12-31,2026-07-01,6,0.0,0
PAIM-618211,Pariyojna on EPC Mode (MoRTH) (618211),Infrastructure & Highways,Ministry of Road Transport & Highways,618211,Multi-State,3252.31,3252.31,818.75,25.2,2024-03-01,2026-12-31,2029-12-31,2026-07-01,0,0.0,0
PAIM-618212,SLIDE - 12 NOS (MoRTH) (618212),Infrastructure & Highways,Ministry of Road Transport & Highways,618212,Multi-State,3811.49,3811.49,2038.63,53.5,2024-03-01,2028-12-31,2029-12-31,2026-07-01,0,0.0,0
PAIM-618213,Chardham in (MoRTH) (618213),Infrastructure & Highways,Ministry of Road Transport & Highways,618213,Multi-State,685.56,685.56,515.96,75.3,2022-03-01,2028-12-31,2027-12-31,2026-07-01,18,0.0,0
PAIM-618214,mode under improvement to NH connectivity to Chardham in the state of Uttarakhand. (MoRTH) (618214),Infrastructure & Highways,Ministry of Road Transport & Highways,618214,Multi-State,4298.07,4298.07,3234.5,75.3,2023-03-01,2026-12-31,2027-12-31,2026-07-01,0,0.0,0
PAIM-618218,Pariyojna on EPC mode in the state of Uttarakhand (MoRTH) (618218),Infrastructure & Highways,Ministry of Road Transport & Highways,618218,Multi-State,2716.02,2716.02,1760.45,64.8,2022-03-01,2027-12-31,2028-12-31,2026-07-01,36,0.0,0
PAIM-618219,Malari Ch. 60.550 km road on NH- 107B under in the state of Uttarakhand. (MoRTH) (618219),Infrastructure & Highways,Ministry of Road Transport & Highways,618219,Multi-State,3079.66,3079.66,1405.32,45.6,2024-03-01,2027-12-31,2029-12-31,2026-07-01,36,0.0,0
PAIM-618390,along NH-134 Old NH-94 on EPC mode (NHIDCL) (618390),Infrastructure & Highways,Ministry of Road Transport & Highways,618390,Multi-State,4492.53,4492.53,937.67,20.9,2022-03-01,2028-12-31,2028-12-31,2026-07-01,12,0.0,0
PAIM-618391,01 No. Bridge from Ch. 450.00 to Ch. 468.00 18 Km. Length on NH-07 Package-III (NHIDCL) (618391),Infrastructure & Highways,Ministry of Road Transport & Highways,618391,Multi-State,2841.13,2841.13,2104.51,74.1,2023-03-01,2028-12-31,2027-12-31,2026-07-01,6,0.0,0
PAIM-618392,state of Uttarakhand Package-2 (NHIDCL) (618392),Infrastructure & Highways,Ministry of Road Transport & Highways,618392,Multi-State,4357.72,4357.72,1661.86,38.1,2021-03-01,2027-12-31,2029-12-31,2026-07-01,36,0.0,0
PAIM-618393,EPC Mode in Uttarakhand Package-1 (NHIDCL) (618393),Infrastructure & Highways,Ministry of Road Transport & Highways,618393,Multi-State,883.95,883.95,748.05,84.6,2021-03-01,2027-12-31,2028-12-31,2026-07-01,12,0.0,0
PAIM-618875,to km 27.509 of EUP mitigation measures on NH74 (NHAI) (618875),Infrastructure & Highways,Ministry of Road Transport & Highways,618875,Multi-State,3393.15,3393.15,863.74,25.5,2023-03-01,2028-12-31,2028-12-31,2026-07-01,0,0.0,0
PAIM-619142,Priyojana of NH-109D on EPC mode in the State of Uttarakhand (NHAI) (619142),Infrastructure & Highways,Ministry of Road Transport & Highways,619142,Multi-State,3240.16,3240.16,910.33,28.1,2023-03-01,2026-12-31,2028-12-31,2026-07-01,36,0.0,0
PAIM-619155,15.100 Km 5.100 of NH 74 PKg-1 (NHAI) (619155),Infrastructure & Highways,Ministry of Road Transport & Highways,619155,Multi-State,2440.59,2440.59,459.66,18.8,2021-03-01,2026-12-31,2028-12-31,2026-07-01,0,0.0,0
PAIM-619292,4L Medinipur to Ballupur from Km. 458.65 to Km. 487.65 of NH-07Pkg-2 (NHAI) (619292),Infrastructure & Highways,Ministry of Road Transport & Highways,619292,Multi-State,1476.68,1476.68,185.3,12.5,2021-03-01,2028-12-31,2029-12-31,2026-07-01,0,0.0,0
PAIM-619293,on EPC Mode in the State of Uttarakhand under NHO (NHAI) (619293),Infrastructure & Highways,Ministry of Road Transport & Highways,619293,Multi-State,2464.84,2464.84,617.24,25.0,2022-03-01,2028-12-31,2027-12-31,2026-07-01,24,0.0,0
PAIM-619294,under NHO. (NHAI) (619294),Infrastructure & Highways,Ministry of Road Transport & Highways,619294,Multi-State,2181.15,2181.15,513.08,23.5,2021-03-01,2027-12-31,2028-12-31,2026-07-01,0,0.0,0
PAIM-619295,0.000 to Km 19.780 (NHAI) (619295),Infrastructure & Highways,Ministry of Road Transport & Highways,619295,Multi-State,1730.42,1730.42,958.45,55.4,2022-03-01,2027-12-31,2029-12-31,2026-07-01,6,0.0,0
PAIM-617893,014-W8-2023-24/527   . (MoRTH) (617893),Infrastructure & Highways,Ministry of Road Transport & Highways,617893,West Bengal,4189.19,4189.19,1012.74,24.2,2022-03-01,2027-12-31,2027-12-31,2026-07-01,18,0.0,0
PAIM-617894,West Bengal in EPC Mode- reg.   Job No. 014-WB-2022-23/514 (MoRTH) (617894),Infrastructure & Highways,Ministry of Road Transport & Highways,617894,West Bengal,2797.91,2797.91,2313.46,82.7,2024-03-01,2026-12-31,2027-12-31,2026-07-01,24,0.0,0
PAIM-617931,NH-60. (MoRTH) (617931),Infrastructure & Highways,Ministry of Road Transport & Highways,617931,West Bengal,2578.31,2578.31,1788.95,69.4,2023-03-01,2026-12-31,2027-12-31,2026-07-01,0,0.0,0
PAIM-617960,Km 46.550 to Km 59.697 in the district of Malda. Job No-081-WB-2015-16/400 (MoRTH) (617960),Infrastructure & Highways,Ministry of Road Transport & Highways,617960,West Bengal,4183.47,4183.47,3523.46,84.2,2024-03-01,2027-12-31,2029-12-31,2026-07-01,36,0.0,0
PAIM-618227,Bengal on EPC Mode Job No. 010/WB/2021-22/490 (MoRTH) (618227),Infrastructure & Highways,Ministry of Road Transport & Highways,618227,West Bengal,3098.55,3098.55,639.33,20.6,2022-03-01,2028-12-31,2029-12-31,2026-07-01,24,0.0,0
PAIM-618427,NH717-A on EPC under SARDP-NE A in state of West Bengal Pkg-VA (NHIDCL) (618427),Infrastructure & Highways,Ministry of Road Transport & Highways,618427,West Bengal,923.93,923.93,193.95,21.0,2023-03-01,2027-12-31,2028-12-31,2026-07-01,36,0.0,0
PAIM-618429,to Gangtok Lava More-Reshi Border  Pkg-VB (NHIDCL) (618429),Infrastructure & Highways,Ministry of Road Transport & Highways,618429,West Bengal,4026.15,4026.15,2222.42,55.2,2024-03-01,2026-12-31,2029-12-31,2026-07-01,36,0.0,0
PAIM-618430,Mode under Phase-A of SARDP-NE in the State of West Bengal PKG- IVA (NHIDCL) (618430),Infrastructure & Highways,Ministry of Road Transport & Highways,618430,West Bengal,1859.15,1859.15,868.35,46.7,2022-03-01,2027-12-31,2029-12-31,2026-07-01,6,0.0,0
PAIM-618431,Mode under Phase-A of SARDP-NE in the State of West Bengal PKG- IVB (NHIDCL) (618431),Infrastructure & Highways,Ministry of Road Transport & Highways,618431,West Bengal,4199.7,4199.7,1422.02,33.9,2024-03-01,2027-12-31,2029-12-31,2026-07-01,12,0.0,0
PAIM-618572,Binnaguri Bypass-Descoped portion of Ghoshpukur-Dhupguri Section of NH-31Dpkg-1 (NHAI) (618572),Infrastructure & Highways,Ministry of Road Transport & Highways,618572,West Bengal,1589.37,1589.37,1179.0,74.2,2021-03-01,2027-12-31,2027-12-31,2026-07-01,12,0.0,0
PAIM-618574,Ghoshpukur-Salsalabari Section (NHAI) (618574),Infrastructure & Highways,Ministry of Road Transport & Highways,618574,West Bengal,263.54,263.54,165.11,62.7,2023-03-01,2027-12-31,2027-12-31,2026-07-01,36,0.0,0
PAIM-618808,6L Elevated Kona Expressway from Km. 0.145 to Km. 7.337 of NH-117 (NHAI) (618808),Infrastructure & Highways,Ministry of Road Transport & Highways,618808,West Bengal,1081.25,1081.25,795.22,73.5,2024-03-01,2028-12-31,2028-12-31,2026-07-01,6,0.0,0
PAIM-618823,the district of North 24 - Parganas (NHAI) (618823),Infrastructure & Highways,Ministry of Road Transport & Highways,618823,West Bengal,1920.62,1920.62,853.92,44.5,2021-03-01,2026-12-31,2027-12-31,2026-07-01,0,0.0,0
PAIM-618824,"to Berhampore section of NH-34 New NH-12 , in the state of West Bengal under NHO. (NHAI) (618824)",Infrastructure & Highways,Ministry of Road Transport & Highways,618824,West Bengal,3833.74,3833.74,2556.21,66.7,2024-03-01,2026-12-31,2029-12-31,2026-07-01,24,0.0,0
PAIM-618825,Farakka-Raiganj (NHAI) (618825),Infrastructure & Highways,Ministry of Road Transport & Highways,618825,West Bengal,506.11,506.11,247.37,48.9,2022-03-01,2027-12-31,2029-12-31,2026-07-01,24,0.0,0
PAIM-619004,23/518   . (MoRTH) (619004),Infrastructure & Highways,Ministry of Road Transport & Highways,619004,West Bengal,3272.67,3272.67,1801.33,55.0,2024-03-01,2026-12-31,2027-12-31,2026-07-01,36,0.0,0
PAIM-619187,in the State of West Bengal on EPC mode (NHIDCL) (619187),Infrastructure & Highways,Ministry of Road Transport & Highways,619187,West Bengal,3631.69,3631.69,2139.08,58.9,2022-03-01,2028-12-31,2029-12-31,2026-07-01,18,0.0,0
PAIM-709859,OF COMMUNICATION FINANCE [NICF] AT GHITORNI (National Communication Academy - Finance [Erstwhile NICF]) (709859),Infrastructure & Highways,Ministry of Road Transport & Highways,709859,Delhi,200.51,200.51,165.05,82.3,2023-03-01,2027-12-31,2028-12-31,2026-07-01,24,0.0,0
PAIM-617413,Upgradation (Department of Telecommunications [DoT]) (617413),Infrastructure & Highways,Ministry of Road Transport & Highways,617413,Maharashtra,4249.34,4249.34,1926.92,45.3,2024-03-01,2028-12-31,2028-12-31,2026-07-01,24,0.0,0
PAIM-701599,Mobile connectivity in Left Wing Extremism [LWE] affected areas-Phase2 (Department of Telecommunications [DoT]) (701599),Infrastructure & Highways,Ministry of Road Transport & Highways,701599,Maharashtra,981.02,981.02,497.31,50.7,2024-03-01,2026-12-31,2027-12-31,2026-07-01,18,0.0,0
PAIM-701602,Odisha (Department of Telecommunications [DoT]) (701602),Infrastructure & Highways,Ministry of Road Transport & Highways,701602,Maharashtra,3838.76,3838.76,2852.11,74.3,2023-03-01,2027-12-31,2028-12-31,2026-07-01,12,0.0,0
PAIM-704495,and Uttar Pradesh (Department of Telecommunications [DoT]) (704495),Infrastructure & Highways,Ministry of Road Transport & Highways,704495,Uttar Pradesh,1198.99,1198.99,811.59,67.7,2022-03-01,2026-12-31,2028-12-31,2026-07-01,0,0.0,0
PAIM-108841,"Amended BharatNet Program - KTK, GOA, PY (Department of Telecommunications) (108841)",Infrastructure & Highways,Ministry of Road Transport & Highways,108841,Rajasthan,1581.44,1581.44,269.33,17.0,2024-03-01,2026-12-31,2028-12-31,2026-07-01,0,0.0,0
PAIM-701593,4G Services by BSNL (Department of Telecommunications [DoT]) (701593),Infrastructure & Highways,Ministry of Road Transport & Highways,701593,Multi-State,3081.68,3081.68,2586.08,83.9,2022-03-01,2028-12-31,2027-12-31,2026-07-01,12,0.0,0
PAIM-709857,including Mumbai & Delhi LSA on turnkey basis under Phase IX.2 Project. (BSNL) (709857),Infrastructure & Highways,Ministry of Road Transport & Highways,709857,Delhi,388.06,388.06,42.56,11.0,2022-03-01,2026-12-31,2027-12-31,2026-07-01,6,0.0,0
PAIM-222253,Amended BharatNet Program - UP (East) (Department of Telecommunications) (222253),Infrastructure & Highways,Ministry of Road Transport & Highways,222253,Uttar Pradesh,698.43,698.43,140.51,20.1,2022-03-01,2026-12-31,2027-12-31,2026-07-01,36,0.0,0
PAIM-708687,Amended BharatNet Program - UP (West) (Department of Telecommunications) (708687),Infrastructure & Highways,Ministry of Road Transport & Highways,708687,Uttar Pradesh,973.09,973.09,755.0,77.6,2021-03-01,2026-12-31,2028-12-31,2026-07-01,24,0.0,0
PAIM-616600,PPP mode-Namami Gange Programme (National Mission for Clean Ganga) (616600),Infrastructure & Highways,Ministry of Road Transport & Highways,616600,Bihar,4440.3,4440.3,2670.45,60.1,2021-03-01,2027-12-31,2028-12-31,2026-07-01,0,0.0,0
PAIM-616611,under Hybrid annuity based PPP mode-Namami Gange Programme (National Mission for Clean Ganga) (616611),Infrastructure & Highways,Ministry of Road Transport & Highways,616611,Bihar,881.61,881.61,743.15,84.3,2022-03-01,2028-12-31,2027-12-31,2026-07-01,24,0.0,0
PAIM-616612,Patna under Hybrid annuity based PPP mode Namami Gange Programme (NMCG1) (616612),Infrastructure & Highways,Ministry of Road Transport & Highways,616612,Bihar,2303.26,2303.26,751.87,32.6,2023-03-01,2026-12-31,2027-12-31,2026-07-01,6,0.0,0
PAIM-616615,"Sewer Network,  SPS and STP at Begusarai (National Mission for Clean Ganga) (616615)",Infrastructure & Highways,Ministry of Road Transport & Highways,616615,Bihar,1892.71,1892.71,1244.44,65.7,2021-03-01,2026-12-31,2029-12-31,2026-07-01,0,0.0,0
PAIM-616616,"Sewer Networks,  SPS and STP at Hajipur (National Mission for Clean Ganga) (616616)",Infrastructure & Highways,Ministry of Road Transport & Highways,616616,Bihar,3487.1,3487.1,2128.48,61.0,2023-03-01,2027-12-31,2028-12-31,2026-07-01,18,0.0,0
PAIM-616594,annuity based PPP model-Namami Gange Programme (National Mission for Clean Ganga) (616594),Infrastructure & Highways,Ministry of Road Transport & Highways,616594,Uttar Pradesh,3276.21,3276.21,2108.13,64.3,2022-03-01,2027-12-31,2029-12-31,2026-07-01,24,0.0,0
PAIM-616605,Interception & Diversion with  STP (National Mission for Clean Ganga) (616605),Infrastructure & Highways,Ministry of Road Transport & Highways,616605,Uttar Pradesh,3091.51,3091.51,2241.33,72.5,2022-03-01,2027-12-31,2028-12-31,2026-07-01,6,0.0,0
PAIM-616604,Interception & Diversion with STP (National Mission for Clean Ganga) (616604),Infrastructure & Highways,Ministry of Road Transport & Highways,616604,West Bengal,3030.83,3030.83,2113.8,69.7,2021-03-01,2027-12-31,2027-12-31,2026-07-01,12,0.0,0
PAIM-400100,Sardar Gouthu Latchanna Thotapalli Barrage Project (Water Resources-AP) (400100),Infrastructure & Highways,Ministry of Road Transport & Highways,400100,West Bengal,893.99,893.99,167.01,18.7,2021-03-01,2026-12-31,2028-12-31,2026-07-01,24,0.0,0
PAIM-400101,Gundlakamma project (Water Resources-AP) (400101),Infrastructure & Highways,Ministry of Road Transport & Highways,400101,Andhra Pradesh,2905.2,2905.2,1390.27,47.9,2024-03-01,2027-12-31,2028-12-31,2026-07-01,0,0.0,0
PAIM-701415,Polavaram Irrigation Project (Water Resources-AP) (701415),Infrastructure & Highways,Ministry of Road Transport & Highways,701415,Andhra Pradesh,1928.39,1928.39,535.07,27.7,2023-03-01,2026-12-31,2027-12-31,2026-07-01,0,0.0,0
PAIM-400111,Kelo Irrigation Project (Water Resources-CT) (400111),Infrastructure & Highways,Ministry of Road Transport & Highways,400111,Assam,3606.84,3606.84,2066.27,57.3,2022-03-01,2026-12-31,2027-12-31,2026-07-01,6,0.0,0
PAIM-701399,"Kudali Irrigation Project (Department of Water Resources, River Development & GR) (701399)",Infrastructure & Highways,Ministry of Road Transport & Highways,701399,Multi-State,2988.18,2988.18,792.16,26.5,2024-03-01,2026-12-31,2028-12-31,2026-07-01,6,0.0,0
PAIM-701372,"Sardar Sarovar Project (Narmada and Water Resources, Water Supply and Kalpsar Department-GJ) (701372)",Infrastructure & Highways,Ministry of Road Transport & Highways,701372,Gujarat,619.78,619.78,204.72,33.0,2024-03-01,2026-12-31,2028-12-31,2026-07-01,12,0.0,0
PAIM-701376,"Subernarekha   Multipurpose Project, Jharkhand (Department of Water Resources-JH) (701376)",Infrastructure & Highways,Ministry of Road Transport & Highways,701376,Gujarat,789.29,789.29,431.19,54.6,2022-03-01,2027-12-31,2027-12-31,2026-07-01,18,0.0,0
PAIM-701377,Upper Tunga Irrigation Project (Water Resources-KA) (701377),Infrastructure & Highways,Ministry of Road Transport & Highways,701377,Karnataka,2969.79,2969.79,2171.17,73.1,2022-03-01,2027-12-31,2027-12-31,2026-07-01,18,0.0,0
PAIM-400115,Bargi Diversion Project Phase - IV [km. 154 to km 197] (Water Resources-MP) (400115),Infrastructure & Highways,Ministry of Road Transport & Highways,400115,Karnataka,3052.94,3052.94,308.6,10.1,2024-03-01,2027-12-31,2029-12-31,2026-07-01,18,0.0,0
PAIM-400116,Bargi Diversion Project Phase - III [km. 104 to km 154] (Water Resources-MP) (400116),Infrastructure & Highways,Ministry of Road Transport & Highways,400116,Madhya Pradesh,771.94,771.94,649.09,84.1,2022-03-01,2027-12-31,2028-12-31,2026-07-01,18,0.0,0
PAIM-617422,Bodwad Parisar Sinchan Yojna (Department of Water Resources-MH) (617422),Infrastructure & Highways,Ministry of Road Transport & Highways,617422,Maharashtra,4423.96,4423.96,608.81,13.8,2022-03-01,2026-12-31,2027-12-31,2026-07-01,18,0.0,0
PAIM-701383,Waghur Project (Department of water resources-MH - II) (701383),Infrastructure & Highways,Ministry of Road Transport & Highways,701383,Maharashtra,318.36,318.36,264.36,83.0,2024-03-01,2026-12-31,2028-12-31,2026-07-01,18,0.0,0
PAIM-701386,Gosikhurd Project (Department of water resources-MH - II) (701386),Infrastructure & Highways,Ministry of Road Transport & Highways,701386,Maharashtra,1807.98,1807.98,751.43,41.6,2021-03-01,2026-12-31,2027-12-31,2026-07-01,36,0.0,0
PAIM-701391,Aruna Medium Irrigation Project (Department of water resources-MH - II) (701391),Infrastructure & Highways,Ministry of Road Transport & Highways,701391,Maharashtra,991.04,991.04,204.48,20.6,2024-03-01,2027-12-31,2029-12-31,2026-07-01,18,0.0,0
PAIM-701396,Lower Pedhi Project (Department of water resources-MH - II) (701396),Infrastructure & Highways,Ministry of Road Transport & Highways,701396,Maharashtra,4484.09,4484.09,807.08,18.0,2021-03-01,2027-12-31,2029-12-31,2026-07-01,12,0.0,0
PAIM-701398,Nardave Medium Irrigation Project (Department of water resources-MH - II) (701398),Infrastructure & Highways,Ministry of Road Transport & Highways,701398,Maharashtra,1333.03,1333.03,636.71,47.8,2021-03-01,2027-12-31,2027-12-31,2026-07-01,0,0.0,0
PAIM-701412,"North Koel Reservoir Project (Department of Water Resources, River Development & GR) (701412)",Infrastructure & Highways,Ministry of Road Transport & Highways,701412,Bihar,596.52,596.52,100.06,16.8,2021-03-01,2028-12-31,2029-12-31,2026-07-01,24,0.0,0
PAIM-701530,"Ken-Betwa Linking Development Project (Department of Water Resources, River Development,) (701530)",Infrastructure & Highways,Ministry of Road Transport & Highways,701530,Uttar Pradesh,2830.71,2830.71,500.89,17.7,2022-03-01,2027-12-31,2029-12-31,2026-07-01,0,0.0,0
PAIM-603945,Integrated Anandpur Barrage Project (Water Resources-OR) (603945),Infrastructure & Highways,Ministry of Road Transport & Highways,603945,Odisha,4225.95,4225.95,1009.37,23.9,2022-03-01,2028-12-31,2029-12-31,2026-07-01,6,0.0,0
PAIM-701402,"Subernarekha Project, Odisha (Department of Water Resources, River Development & GR) (701402)",Infrastructure & Highways,Ministry of Road Transport & Highways,701402,Odisha,350.22,350.22,176.23,50.3,2023-03-01,2028-12-31,2027-12-31,2026-07-01,6,0.0,0
PAIM-701404,Kanupur Irrigation Project (Irrigation and CAD-TG) (701404),Infrastructure & Highways,Ministry of Road Transport & Highways,701404,Odisha,3015.71,3015.71,356.14,11.8,2023-03-01,2026-12-31,2027-12-31,2026-07-01,36,0.0,0
PAIM-701410,Relining of  Rajasthan feeder and Sirhind Feeder canal (Department of Water Resources-PB) (701410),Infrastructure & Highways,Ministry of Road Transport & Highways,701410,Odisha,594.48,594.48,102.99,17.3,2023-03-01,2027-12-31,2027-12-31,2026-07-01,18,0.0,0
PAIM-701411,Shahpur Kandi Dam Project (Department of Water Resources-PB) (701411),Infrastructure & Highways,Ministry of Road Transport & Highways,701411,Telangana,3884.76,3884.76,2636.01,67.9,2023-03-01,2026-12-31,2028-12-31,2026-07-01,12,0.0,0
PAIM-400102,Sri Ram Sagar Project Stage - II (Irrigation and CAD-TG) (400102),Infrastructure & Highways,Ministry of Road Transport & Highways,400102,Telangana,1552.41,1552.41,665.39,42.9,2021-03-01,2027-12-31,2029-12-31,2026-07-01,24,0.0,0
PAIM-400103,Indiramma Flood Flow Canal Project (Irrigation and CAD-TG) (400103),Infrastructure & Highways,Ministry of Road Transport & Highways,400103,Telangana,1019.95,1019.95,700.87,68.7,2023-03-01,2027-12-31,2029-12-31,2026-07-01,24,0.0,0
PAIM-701405,J. Chokka Rao Devadula Lift Irrigation Scheme (Irrigation and CAD-TG) (701405),Infrastructure & Highways,Ministry of Road Transport & Highways,701405,Telangana,2405.57,2405.57,882.03,36.7,2021-03-01,2027-12-31,2028-12-31,2026-07-01,36,0.0,0
PAIM-701408,Madhya Ganga canal Phase-II (Irrigation & Water Resources-UP) (701408),Infrastructure & Highways,Ministry of Road Transport & Highways,701408,Uttar Pradesh,1957.85,1957.85,760.37,38.8,2022-03-01,2027-12-31,2027-12-31,2026-07-01,36,0.0,0
PAIM-613787,Jamrani Dam Multipurpose Project (Irrigation-UK) (613787),Infrastructure & Highways,Ministry of Road Transport & Highways,613787,Uttar Pradesh,694.5,694.5,217.24,31.3,2024-03-01,2028-12-31,2029-12-31,2026-07-01,12,0.0,0
